log,direction,interval,q,shape_mm
12866,CW,2,0.0,0.0
12866,CW,2,0.001,0.00266566815627929
12866,CW,2,0.002,0.005343473495763073
12866,CW,2,0.003,0.008029768569740126
12866,CW,2,0.004,0.010742014680726393
12866,CW,2,0.005,0.013480564737010883
12866,CW,2,0.006,0.01613025994173883
12866,CW,2,0.007,0.018919275665976485
12866,CW,2,0.008,0.022109728372432344
12866,CW,2,0.009000000000000001,0.025705537593129914
12866,CW,2,0.01,0.030022021084655612
12866,CW,2,0.011,0.03496074185095645
12866,CW,2,0.012,0.04048703507159198
12866,CW,2,0.013000000000000001,0.04585367110178147
12866,CW,2,0.014,0.0506134308284441
12866,CW,2,0.015,0.05571418944643817
12866,CW,2,0.016,0.06078068040946455
12866,CW,2,0.017,0.06556281179148571
12866,CW,2,0.018000000000000002,0.07022198112488665
12866,CW,2,0.019,0.0746711946073327
12866,CW,2,0.02,0.07994921449826593
12866,CW,2,0.021,0.08524016355847343
12866,CW,2,0.022,0.09136094244213845
12866,CW,2,0.023,0.09785124843186556
12866,CW,2,0.024,0.10444640428484123
12866,CW,2,0.025,0.11044883301276386
12866,CW,2,0.026000000000000002,0.11684897266863467
12866,CW,2,0.027,0.12335210507215032
12866,CW,2,0.028,0.13043322299294693
12866,CW,2,0.029,0.13758607619422636
12866,CW,2,0.03,0.1442397972662006
12866,CW,2,0.031,0.15064822212333248
12866,CW,2,0.032,0.15578462757718275
12866,CW,2,0.033,0.16063899978441737
12866,CW,2,0.034,0.16555957436091118
12866,CW,2,0.035,0.17084066285311794
12866,CW,2,0.036000000000000004,0.1769115325411761
12866,CW,2,0.037,0.18343977994392432
12866,CW,2,0.038,0.19065757583323342
12866,CW,2,0.039,0.19821232589492413
12866,CW,2,0.04,0.20594186959690094
12866,CW,2,0.041,0.21342189331717892
12866,CW,2,0.042,0.2210414848183339
12866,CW,2,0.043000000000000003,0.22894980027331677
12866,CW,2,0.044,0.2370890108638048
12866,CW,2,0.045,0.24498130542734445
12866,CW,2,0.046,0.25200539953911655
12866,CW,2,0.047,0.25883907965158
12866,CW,2,0.048,0.2650453298635641
12866,CW,2,0.049,0.27060039333567293
12866,CW,2,0.05,0.2763206577953169
12866,CW,2,0.051000000000000004,0.28210802694682463
12866,CW,2,0.052000000000000005,0.28804521406966593
12866,CW,2,0.053,0.29457201563422547
12866,CW,2,0.054,0.30184335614302565
12866,CW,2,0.055,0.30964590022123534
12866,CW,2,0.056,0.31749851871299334
12866,CW,2,0.057,0.3250148661727339
12866,CW,2,0.058,0.3325515065250916
12866,CW,2,0.059000000000000004,0.3394853855532403
12866,CW,2,0.06,0.3454892861347373
12866,CW,2,0.061,0.35089466193946256
12866,CW,2,0.062,0.35602767315780015
12866,CW,2,0.063,0.36149940244329615
12866,CW,2,0.064,0.3663872283640928
12866,CW,2,0.065,0.3719155550589219
12866,CW,2,0.066,0.37815324724827715
12866,CW,2,0.067,0.3850837076888785
12866,CW,2,0.068,0.3933369507129863
12866,CW,2,0.069,0.4022958075603253
12866,CW,2,0.07,0.4110323995472775
12866,CW,2,0.07100000000000001,0.4191877055275703
12866,CW,2,0.07200000000000001,0.42672654937025817
12866,CW,2,0.073,0.4341692565480942
12866,CW,2,0.074,0.442194440092667
12866,CW,2,0.075,0.45108891992868727
12866,CW,2,0.076,0.4596461474965959
12866,CW,2,0.077,0.46755995430698744
12866,CW,2,0.078,0.4751006717915582
12866,CW,2,0.079,0.48230170100705433
12866,CW,2,0.08,0.48965783490497417
12866,CW,2,0.081,0.49632613169908685
12866,CW,2,0.082,0.5029504951640047
12866,CW,2,0.083,0.51024057612869
12866,CW,2,0.084,0.5180558017779731
12866,CW,2,0.085,0.5263848982150658
12866,CW,2,0.08600000000000001,0.5347859108861658
12866,CW,2,0.08700000000000001,0.5431174019634373
12866,CW,2,0.088,0.5516931778835653
12866,CW,2,0.089,0.5600494674214734
12866,CW,2,0.09,0.5685687774370629
12866,CW,2,0.091,0.5779320321007528
12866,CW,2,0.092,0.5876807669198081
12866,CW,2,0.093,0.5954000126038915
12866,CW,2,0.094,0.6023456292551265
12866,CW,2,0.095,0.6090008137150312
12866,CW,2,0.096,0.6128093880223173
12866,CW,2,0.097,0.6181464456639062
12866,CW,2,0.098,0.6233236777324251
12866,CW,2,0.099,0.6308677976822915
12866,CW,2,0.1,0.6403219458862607
12866,CW,2,0.101,0.6499984440593984
12866,CW,2,0.10200000000000001,0.6598487175656662
12866,CW,2,0.10300000000000001,0.6695693799744022
12866,CW,2,0.10400000000000001,0.6790699084271674
12866,CW,2,0.105,0.6851551442899397
12866,CW,2,0.106,0.6911653322642126
12866,CW,2,0.107,0.6969032797276237
12866,CW,2,0.108,0.7044731554960855
12866,CW,2,0.109,0.7113360475069811
12866,CW,2,0.11,0.7201435797317078
12866,CW,2,0.111,0.7240683477017446
12866,CW,2,0.112,0.7289651045113389
12866,CW,2,0.113,0.7311705775060826
12866,CW,2,0.114,0.7377844015882096
12866,CW,2,0.115,0.7426147320883363
12866,CW,2,0.116,0.7477391875341325
12866,CW,2,0.117,0.748811598305468
12866,CW,2,0.11800000000000001,0.7538388944021941
12866,CW,2,0.11900000000000001,0.7600270318159548
12866,CW,2,0.12,0.7631133147393576
12866,CW,2,0.121,0.7718869831669677
12866,CW,2,0.122,0.7728436779228371
12866,CW,2,0.123,0.7746584581973723
12866,CW,2,0.124,0.7853828033222974
12866,CW,2,0.125,0.7874188309762105
12866,CW,2,0.126,0.7948799005104521
12866,CW,2,0.127,0.8035590481003323
12866,CW,2,0.128,0.8052905110556333
12866,CW,2,0.129,0.813302551170172
12866,CW,2,0.13,0.8221351690767611
12866,CW,2,0.131,0.8270577251853986
12866,CW,2,0.132,0.8328540920648283
12866,CW,2,0.133,0.844324409419743
12866,CW,2,0.134,0.8491255636379704
12866,CW,2,0.135,0.855955435491203
12866,CW,2,0.136,0.860004534570938
12866,CW,2,0.137,0.8603854808523389
12866,CW,2,0.138,0.8594751325980134
12866,CW,2,0.139,0.8552041678885118
12866,CW,2,0.14,0.8548526808134282
12866,CW,2,0.14100000000000001,0.8578384314588013
12866,CW,2,0.14200000000000002,0.861857486413178
12866,CW,2,0.14300000000000002,0.8674605040274769
12866,CW,2,0.14400000000000002,0.8748741692889511
12866,CW,2,0.145,0.8821320550699151
12866,CW,2,0.146,0.8887353161659367
12866,CW,2,0.147,0.8948156382695481
12866,CW,2,0.148,0.9014675279464271
12866,CW,2,0.149,0.9077928395494381
12866,CW,2,0.15,0.913498962794396
12866,CW,2,0.151,0.9185714654948477
12866,CW,2,0.152,0.9231672556603258
12866,CW,2,0.153,0.926652436779243
12866,CW,2,0.154,0.9297869861530161
12866,CW,2,0.155,0.9349404406373355
12866,CW,2,0.156,0.9379009925214079
12866,CW,2,0.157,0.9411962348175493
12866,CW,2,0.158,0.945104729920957
12866,CW,2,0.159,0.9485901695946763
12866,CW,2,0.16,0.9517266656742022
12866,CW,2,0.161,0.954625516566926
12866,CW,2,0.162,0.9577139209021778
12866,CW,2,0.163,0.9602941790118678
12866,CW,2,0.164,0.9630341823041858
12866,CW,2,0.165,0.9658107536351666
12866,CW,2,0.166,0.9686060526839749
12866,CW,2,0.167,0.9716186529778386
12866,CW,2,0.168,0.9745458903102391
12866,CW,2,0.169,0.9774314786358428
12866,CW,2,0.17,0.9802799737224712
12866,CW,2,0.171,0.9829803576985039
12866,CW,2,0.17200000000000001,0.98567489185903
12866,CW,2,0.17300000000000001,0.988412072418921
12866,CW,2,0.17400000000000002,0.9911197893012442
12866,CW,2,0.17500000000000002,0.9938210028044464
12866,CW,2,0.176,0.9964895538895041
12866,CW,2,0.177,0.9991585821125842
12866,CW,2,0.178,1.0018210411108386
12866,CW,2,0.179,1.004476081776852
12866,CW,2,0.18,1.007131061784046
12866,CW,2,0.181,1.0097711136749707
12866,CW,2,0.182,1.0124379609763132
12866,CW,2,0.183,1.015037715336537
12866,CW,2,0.184,1.0176234269359101
12866,CW,2,0.185,1.020200783593617
12866,CW,2,0.186,1.0228276857796341
12866,CW,2,0.187,1.025491915180065
12866,CW,2,0.188,1.0282529083057963
12866,CW,2,0.189,1.0309537682647654
12866,CW,2,0.19,1.0337672505051183
12866,CW,2,0.191,1.036295110813392
12866,CW,2,0.192,1.0389121802672276
12866,CW,2,0.193,1.0416147674302494
12866,CW,2,0.194,1.0441095776242193
12866,CW,2,0.195,1.0468515353525816
12866,CW,2,0.196,1.0495407039535043
12866,CW,2,0.197,1.0517057214867864
12866,CW,2,0.198,1.054126024123537
12866,CW,2,0.199,1.056498388121723
12866,CW,2,0.2,1.0583577943821596
12866,CW,2,0.201,1.0607244625720134
12866,CW,2,0.202,1.0629879097686903
12866,CW,2,0.203,1.0652150392685835
12866,CW,2,0.20400000000000001,1.0678924588376009
12866,CW,2,0.20500000000000002,1.0701875081073067
12866,CW,2,0.20600000000000002,1.0727701002797208
12866,CW,2,0.20700000000000002,1.0745260995941437
12866,CW,2,0.20800000000000002,1.0764998451398111
12866,CW,2,0.209,1.0784883675599617
12866,CW,2,0.21,1.0793499648273455
12866,CW,2,0.211,1.0808747865961978
12866,CW,2,0.212,1.0823739820094422
12866,CW,2,0.213,1.0840893707690544
12866,CW,2,0.214,1.0862381824216791
12866,CW,2,0.215,1.086948151399287
12866,CW,2,0.216,1.0889265235826469
12866,CW,2,0.217,1.0899684222330337
12866,CW,2,0.218,1.0903739873483826
12866,CW,2,0.219,1.0907727187395087
12866,CW,2,0.22,1.091850109332485
12866,CW,2,0.221,1.0927398630610505
12866,CW,2,0.222,1.0938367842111008
12866,CW,2,0.223,1.0943132666891435
12866,CW,2,0.224,1.0938535777079093
12866,CW,2,0.225,1.0930672947234845
12866,CW,2,0.226,1.092130014677577
12866,CW,2,0.227,1.0903089397889767
12866,CW,2,0.228,1.0904678423331056
12866,CW,2,0.229,1.0896318178252877
12866,CW,2,0.23,1.0899940682840068
12866,CW,2,0.231,1.0911187024155236
12866,CW,2,0.232,1.0929818682368388
12866,CW,2,0.233,1.0954200158788323
12866,CW,2,0.234,1.0981133854880607
12866,CW,2,0.23500000000000001,1.10086678629242
12866,CW,2,0.23600000000000002,1.1038600821677478
12866,CW,2,0.23700000000000002,1.1062286580597247
12866,CW,2,0.23800000000000002,1.1077352123549031
12866,CW,2,0.23900000000000002,1.109160353192654
12866,CW,2,0.24,1.106828062487021
12866,CW,2,0.241,1.104979276981187
12866,CW,2,0.242,1.1027941450215255
12866,CW,2,0.243,1.100535518940748
12866,CW,2,0.244,1.0994543166808015
12866,CW,2,0.245,1.0967069831630223
12866,CW,2,0.246,1.0945782884175679
12866,CW,2,0.247,1.0948033146653942
12866,CW,2,0.248,1.0946938571083267
12866,CW,2,0.249,1.0948975391606655
12866,CW,2,0.25,1.093150387051792
12866,CW,2,0.251,1.0924478873820398
12866,CW,2,0.252,1.0910051932688087
12866,CW,2,0.253,1.0915390893743073
12866,CW,2,0.254,1.0908044866734985
12866,CW,2,0.255,1.0896489071895301
12866,CW,2,0.256,1.0899094385862866
12866,CW,2,0.257,1.0867018848740642
12866,CW,2,0.258,1.0842286941511283
12866,CW,2,0.259,1.0818828320343574
12866,CW,2,0.26,1.0799308936653154
12866,CW,2,0.261,1.078153538537289
12866,CW,2,0.262,1.076085320615935
12866,CW,2,0.263,1.072978208700703
12866,CW,2,0.264,1.0696605667419279
12866,CW,2,0.265,1.065811145420035
12866,CW,2,0.266,1.0615671397216628
12866,CW,2,0.267,1.0572312679189002
12866,CW,2,0.268,1.051614226198678
12866,CW,2,0.269,1.0475612881401566
12866,CW,2,0.27,1.0448135525858575
12866,CW,2,0.271,1.042790634958407
12866,CW,2,0.272,1.0417410710647415
12866,CW,2,0.273,1.0403808890605206
12866,CW,2,0.274,1.0380196604887575
12866,CW,2,0.275,1.0353037764262738
12866,CW,2,0.276,1.0302108850192853
12866,CW,2,0.277,1.0221626521533331
12866,CW,2,0.278,1.0118168906118252
12866,CW,2,0.279,0.9999589846664845
12866,CW,2,0.28,0.9875599350920151
12866,CW,2,0.281,0.9755869842321467
12866,CW,2,0.28200000000000003,0.9636504320959614
12866,CW,2,0.28300000000000003,0.9533404590863102
12866,CW,2,0.28400000000000003,0.9447114946709144
12866,CW,2,0.28500000000000003,0.9394741098245324
12866,CW,2,0.28600000000000003,0.9377504434172469
12866,CW,2,0.28700000000000003,0.9367957056882013
12866,CW,2,0.28800000000000003,0.9352475843193647
12866,CW,2,0.289,0.9321309530015384
12866,CW,2,0.29,0.9288167463289299
12866,CW,2,0.291,0.9258515205413484
12866,CW,2,0.292,0.922579473099077
12866,CW,2,0.293,0.9196694439051704
12866,CW,2,0.294,0.9137983486271255
12866,CW,2,0.295,0.907371301799103
12866,CW,2,0.296,0.9030658547129116
12866,CW,2,0.297,0.8989462438892318
12866,CW,2,0.298,0.8965230193483902
12866,CW,2,0.299,0.8934143319564353
12866,CW,2,0.3,0.8917286772175106
12866,CW,2,0.301,0.8922546055034998
12866,CW,2,0.302,0.8928863504639026
12866,CW,2,0.303,0.8940017284503649
12866,CW,2,0.304,0.8931547592340112
12866,CW,2,0.305,0.8931536127422876
12866,CW,2,0.306,0.8913724044374164
12866,CW,2,0.307,0.8906847790914258
12866,CW,2,0.308,0.8887967988176726
12866,CW,2,0.309,0.8889699658958714
12866,CW,2,0.31,0.889106878261436
12866,CW,2,0.311,0.8878398329220154
12866,CW,2,0.312,0.8865706582848691
12866,CW,2,0.313,0.8870205630536856
12866,CW,2,0.314,0.8866171701210359
12866,CW,2,0.315,0.8867946111438002
12866,CW,2,0.316,0.8877418854072984
12866,CW,2,0.317,0.8870379753541818
12866,CW,2,0.318,0.8866816167106378
12866,CW,2,0.319,0.8872031805238585
12866,CW,2,0.32,0.8875653573914907
12866,CW,2,0.321,0.8871998694730181
12866,CW,2,0.322,0.8871662926774144
12866,CW,2,0.323,0.8875016854211717
12866,CW,2,0.324,0.8877525080726654
12866,CW,2,0.325,0.8886195410503922
12866,CW,2,0.326,0.8894638894462262
12866,CW,2,0.327,0.8906917356041684
12866,CW,2,0.328,0.8924466827813429
12866,CW,2,0.329,0.8941432730105695
12866,CW,2,0.33,0.8955604173969571
12866,CW,2,0.331,0.89683820966292
12866,CW,2,0.332,0.8978425474468323
12866,CW,2,0.333,0.8988118703796693
12866,CW,2,0.334,0.8998569733150917
12866,CW,2,0.335,0.9006690867283023
12866,CW,2,0.336,0.9011324095605828
12866,CW,2,0.337,0.9019700387204573
12866,CW,2,0.338,0.902599462521102
12866,CW,2,0.339,0.9036643015753802
12866,CW,2,0.34,0.9053404137009005
12866,CW,2,0.341,0.9074536063026306
12866,CW,2,0.342,0.909473659862038
12866,CW,2,0.343,0.9115219366133613
12866,CW,2,0.34400000000000003,0.9139521309538879
12866,CW,2,0.34500000000000003,0.9164089534666356
12866,CW,2,0.34600000000000003,0.9182815117699877
12866,CW,2,0.34700000000000003,0.9197872013935625
12866,CW,2,0.34800000000000003,0.9214815009082636
12866,CW,2,0.34900000000000003,0.9232236407414417
12866,CW,2,0.35000000000000003,0.9249936749641015
12866,CW,2,0.35100000000000003,0.9259543521685576
12866,CW,2,0.352,0.9267965208515446
12866,CW,2,0.353,0.9276846207046643
12866,CW,2,0.354,0.9289439426450689
12866,CW,2,0.355,0.9305291170682427
12866,CW,2,0.356,0.9319588275554824
12866,CW,2,0.357,0.9337619559854412
12866,CW,2,0.358,0.9360654059211518
12866,CW,2,0.359,0.9388993603430446
12866,CW,2,0.36,0.9420412996616652
12866,CW,2,0.361,0.9449560442771229
12866,CW,2,0.362,0.9473912480223428
12866,CW,2,0.363,0.949696461940276
12866,CW,2,0.364,0.9519959357523301
12866,CW,2,0.365,0.9539787944451016
12866,CW,2,0.366,0.9554558396329527
12866,CW,2,0.367,0.9566420090284006
12866,CW,2,0.368,0.9579008649818878
12866,CW,2,0.369,0.959442789461443
12866,CW,2,0.37,0.9611477355312217
12866,CW,2,0.371,0.9627101733195631
12866,CW,2,0.372,0.9641363336219616
12866,CW,2,0.373,0.9656150353055454
12866,CW,2,0.374,0.9671096629281113
12866,CW,2,0.375,0.9686356838579913
12866,CW,2,0.376,0.9705591794890436
12866,CW,2,0.377,0.9726739541997266
12866,CW,2,0.378,0.9745553285380777
12866,CW,2,0.379,0.9763510089255468
12866,CW,2,0.38,0.9777012986190075
12866,CW,2,0.381,0.978967565334232
12866,CW,2,0.382,0.980290630974896
12866,CW,2,0.383,0.9814905859365438
12866,CW,2,0.384,0.9828168546047859
12866,CW,2,0.385,0.9842640584051593
12866,CW,2,0.386,0.9860245866630852
12866,CW,2,0.387,0.9878299946905157
12866,CW,2,0.388,0.9897432325790136
12866,CW,2,0.389,0.9920294162666997
12866,CW,2,0.39,0.9946851199126372
12866,CW,2,0.391,0.9975681258331835
12866,CW,2,0.392,1.000578798587488
12866,CW,2,0.393,1.0033722941722834
12866,CW,2,0.394,1.0059867297624554
12866,CW,2,0.395,1.008462809470942
12866,CW,2,0.396,1.0107767817856208
12866,CW,2,0.397,1.0130066042622903
12866,CW,2,0.398,1.0146918050094331
12866,CW,2,0.399,1.0159056228019077
12866,CW,2,0.4,1.0173860732460867
12866,CW,2,0.401,1.0196192366764174
12866,CW,2,0.402,1.0224499004646939
12866,CW,2,0.403,1.0252830546051641
12866,CW,2,0.404,1.0280260548400164
12866,CW,2,0.405,1.0307928848961803
12866,CW,2,0.406,1.0336415273978867
12866,CW,2,0.40700000000000003,1.0363985020724031
12866,CW,2,0.40800000000000003,1.0391630521887771
12866,CW,2,0.40900000000000003,1.0418375732018241
12866,CW,2,0.41000000000000003,1.0444725933821084
12866,CW,2,0.41100000000000003,1.0472670212811004
12866,CW,2,0.41200000000000003,1.049984711256457
12866,CW,2,0.41300000000000003,1.0524610950162132
12866,CW,2,0.41400000000000003,1.0545704310020578
12866,CW,2,0.41500000000000004,1.0565319198278165
12866,CW,2,0.41600000000000004,1.0587953580777765
12866,CW,2,0.417,1.0614770764622221
12866,CW,2,0.418,1.0643686666131087
12866,CW,2,0.419,1.0673839118993345
12866,CW,2,0.42,1.070372811830555
12866,CW,2,0.421,1.0730175931768058
12866,CW,2,0.422,1.0755724230783117
12866,CW,2,0.423,1.078127814360116
12866,CW,2,0.424,1.0808703036498337
12866,CW,2,0.425,1.0839373621711705
12866,CW,2,0.426,1.0871444812211875
12866,CW,2,0.427,1.0901173381295803
12866,CW,2,0.428,1.0928191855125877
12866,CW,2,0.429,1.0954029084603087
12866,CW,2,0.43,1.0978495354067008
12866,CW,2,0.431,1.100103223674842
12866,CW,2,0.432,1.102110059203518
12866,CW,2,0.433,1.104323031734415
12866,CW,2,0.434,1.1070778658287117
12866,CW,2,0.435,1.1097964098353006
12866,CW,2,0.436,1.1122570541686725
12866,CW,2,0.437,1.11490107722182
12866,CW,2,0.438,1.117829855889478
12866,CW,2,0.439,1.1209755723981356
12866,CW,2,0.44,1.123972342900338
12866,CW,2,0.441,1.126969022553389
12866,CW,2,0.442,1.130190116872502
12866,CW,2,0.443,1.133463723301429
12866,CW,2,0.444,1.1366199589410957
12866,CW,2,0.445,1.1395809620838542
12866,CW,2,0.446,1.142308748028445
12866,CW,2,0.447,1.1446806731340848
12866,CW,2,0.448,1.146725925259059
12866,CW,2,0.449,1.1486627492386061
12866,CW,2,0.45,1.1509128158029014
12866,CW,2,0.451,1.153466548819803
12866,CW,2,0.452,1.1561358291601564
12866,CW,2,0.453,1.1591807344437552
12866,CW,2,0.454,1.1623670999759905
12866,CW,2,0.455,1.1657428284432987
12866,CW,2,0.456,1.1688969178838042
12866,CW,2,0.457,1.1716713430925638
12866,CW,2,0.458,1.1742805844520383
12866,CW,2,0.459,1.176721049320948
12866,CW,2,0.46,1.1789023514186683
12866,CW,2,0.461,1.1808685517782884
12866,CW,2,0.462,1.1828213779726655
12866,CW,2,0.463,1.1849952539467632
12866,CW,2,0.464,1.187577696006992
12866,CW,2,0.465,1.1903855919245327
12866,CW,2,0.466,1.192948170381117
12866,CW,2,0.467,1.1956648735580107
12866,CW,2,0.468,1.1984331443825842
12866,CW,2,0.46900000000000003,1.2011366470138924
12866,CW,2,0.47000000000000003,1.2040481876249838
12866,CW,2,0.47100000000000003,1.207084148413871
12866,CW,2,0.47200000000000003,1.2098750525585793
12866,CW,2,0.47300000000000003,1.2124377941847595
12866,CW,2,0.47400000000000003,1.2150374833205126
12866,CW,2,0.47500000000000003,1.217840369853304
12866,CW,2,0.47600000000000003,1.220681040729922
12866,CW,2,0.47700000000000004,1.2232207323049697
12866,CW,2,0.47800000000000004,1.2253025605317502
12866,CW,2,0.47900000000000004,1.2270275162704454
12866,CW,2,0.48,1.2289715239756775
12866,CW,2,0.481,1.2313266020919116
12866,CW,2,0.482,1.2339396934272029
12866,CW,2,0.483,1.2365383383927315
12866,CW,2,0.484,1.2391558299939054
12866,CW,2,0.485,1.241591466973036
12866,CW,2,0.486,1.2440098123149232
12866,CW,2,0.487,1.2466743047274051
12866,CW,2,0.488,1.2494738348596897
12866,CW,2,0.489,1.2522967405114962
12866,CW,2,0.49,1.255352187594225
12866,CW,2,0.491,1.258601604556036
12866,CW,2,0.492,1.2617774212884838
12866,CW,2,0.493,1.2645810913677038
12866,CW,2,0.494,1.2665031716455677
12866,CW,2,0.495,1.2677924554238453
12866,CW,2,0.496,1.2690611346842744
12866,CW,2,0.497,1.2709269656768363
12866,CW,2,0.498,1.2728093925448267
12866,CW,2,0.499,1.274557229296297
12866,CW,2,0.5,1.2768173794068554
12866,CW,2,0.501,1.2792943685671285
12866,CW,2,0.502,1.2823613220870917
12866,CW,2,0.503,1.285734211124732
12866,CW,2,0.504,1.2891709480357194
12866,CW,2,0.505,1.292859819017288
12866,CW,2,0.506,1.296619871601368
12866,CW,2,0.507,1.3005390516947217
12866,CW,2,0.508,1.3041970493467572
12866,CW,2,0.509,1.307294931338861
12866,CW,2,0.51,1.309968687915314
12866,CW,2,0.511,1.3120755827714528
12866,CW,2,0.512,1.3140534682629939
12866,CW,2,0.513,1.3161370115720377
12866,CW,2,0.514,1.3182511057163466
12866,CW,2,0.515,1.320375331362758
12866,CW,2,0.516,1.3225528912934803
12866,CW,2,0.517,1.3248070144745454
12866,CW,2,0.518,1.327028331342311
12866,CW,2,0.519,1.3291357248006421
12866,CW,2,0.52,1.3314850457665461
12866,CW,2,0.521,1.33364940973183
12866,CW,2,0.522,1.3360303139539915
12866,CW,2,0.523,1.3389142767212905
12866,CW,2,0.524,1.3421232753995103
12866,CW,2,0.525,1.3454305192790985
12866,CW,2,0.526,1.3482882466767927
12866,CW,2,0.527,1.3510316467768981
12866,CW,2,0.528,1.353669472665504
12866,CW,2,0.529,1.3564148438958639
12866,CW,2,0.53,1.3589862196771036
12866,CW,2,0.531,1.3612217965040139
12866,CW,2,0.532,1.3637371382171424
12866,CW,2,0.533,1.3665276103340367
12866,CW,2,0.534,1.3693297042176424
12866,CW,2,0.535,1.373151134610931
12866,CW,2,0.536,1.3770841050132943
12866,CW,2,0.537,1.3808609722366105
12866,CW,2,0.538,1.3838397834499392
12866,CW,2,0.539,1.386369415006195
12866,CW,2,0.54,1.3888730423682247
12866,CW,2,0.541,1.3910885835796702
12866,CW,2,0.542,1.3930170649589555
12866,CW,2,0.543,1.3947533811514998
12866,CW,2,0.544,1.396486291897201
12866,CW,2,0.545,1.3981007889591457
12866,CW,2,0.546,1.3993904084034157
12866,CW,2,0.547,1.399924126046448
12866,CW,2,0.548,1.4006360586691635
12866,CW,2,0.549,1.4006706190115317
12866,CW,2,0.55,1.400310751173912
12866,CW,2,0.551,1.400068143516598
12866,CW,2,0.552,1.3997054707816279
12866,CW,2,0.553,1.3985626648713936
12866,CW,2,0.554,1.3966712456718093
12866,CW,2,0.555,1.3924337407395593
12866,CW,2,0.556,1.3865105662745354
12866,CW,2,0.557,1.3791252427446719
12866,CW,2,0.558,1.3700946525823887
12866,CW,2,0.559,1.359314816149012
12866,CW,2,0.56,1.3467215305167712
12866,CW,2,0.561,1.3315348921499968
12866,CW,2,0.562,1.3137158855254534
12866,CW,2,0.5630000000000001,1.2946890271302445
12866,CW,2,0.5640000000000001,1.2777912419057091
12866,CW,2,0.5650000000000001,1.2645245239774492
12866,CW,2,0.5660000000000001,1.2522556607336475
12866,CW,2,0.5670000000000001,1.2459088214229848
12866,CW,2,0.5680000000000001,1.2335239237678257
12866,CW,2,0.5690000000000001,1.2272152962857412
12866,CW,2,0.5700000000000001,1.2147472473959509
12866,CW,2,0.5710000000000001,1.1924984209159917
12866,CW,2,0.5720000000000001,1.1599912442551634
12866,CW,2,0.5730000000000001,1.1328817638851343
12866,CW,2,0.5740000000000001,1.0920971944508728
12866,CW,2,0.5750000000000001,1.0485542599444757
12866,CW,2,0.5760000000000001,1.0165406556078314
12866,CW,2,0.577,0.9763754858261512
12866,CW,2,0.578,0.942469462075822
12866,CW,2,0.579,0.9153311750929446
12866,CW,2,0.58,0.89260773074694
12866,CW,2,0.581,0.8754915175861797
12866,CW,2,0.582,0.8598025712488595
12866,CW,2,0.583,0.8454068621474792
12866,CW,2,0.584,0.8306812380242754
12866,CW,2,0.585,0.819339399022893
12866,CW,2,0.586,0.8108482097436772
12866,CW,2,0.587,0.80457492490002
12866,CW,2,0.588,0.8008289446430704
12866,CW,2,0.589,0.8000332416257186
12866,CW,2,0.59,0.8020652512242132
12866,CW,2,0.591,0.8061169411558027
12866,CW,2,0.592,0.8117829723381718
12866,CW,2,0.593,0.8191475512517558
12866,CW,2,0.594,0.8281534977030337
12866,CW,2,0.595,0.8384689040186313
12866,CW,2,0.596,0.8503674937885
12866,CW,2,0.597,0.8616125384267432
12866,CW,2,0.598,0.873953138431027
12866,CW,2,0.599,0.8871805246007264
12866,CW,2,0.6,0.9008268607462763
12866,CW,2,0.601,0.9153347461439036
12866,CW,2,0.602,0.9318402035305773
12866,CW,2,0.603,0.9500510613383382
12866,CW,2,0.604,0.9688106295837742
12866,CW,2,0.605,0.9903178494138197
12866,CW,2,0.606,1.0121140141712508
12866,CW,2,0.607,1.0344101838871698
12866,CW,2,0.608,1.0562844462858172
12866,CW,2,0.609,1.0786330531080561
12866,CW,2,0.61,1.1006649032530775
12866,CW,2,0.611,1.1218578103395904
12866,CW,2,0.612,1.14250488752227
12866,CW,2,0.613,1.1623808845054757
12866,CW,2,0.614,1.1823756185864343
12866,CW,2,0.615,1.2006942134043335
12866,CW,2,0.616,1.2206876578913977
12866,CW,2,0.617,1.2397328441414905
12866,CW,2,0.618,1.2608833014235046
12866,CW,2,0.619,1.2813592983965116
12866,CW,2,0.62,1.303723140062669
12866,CW,2,0.621,1.3260217355488972
12866,CW,2,0.622,1.3479362076853316
12866,CW,2,0.623,1.3689762997267154
12866,CW,2,0.624,1.3909931174343748
12866,CW,2,0.625,1.4119616743370642
12866,CW,2,0.626,1.4324425147233888
12866,CW,2,0.627,1.452469646436848
12866,CW,2,0.628,1.4724950469615667
12866,CW,2,0.629,1.492860958827855
12866,CW,2,0.63,1.513289931447473
12866,CW,2,0.631,1.533093729972869
12866,CW,2,0.632,1.553897443956238
12866,CW,2,0.633,1.574233134492727
12866,CW,2,0.634,1.5955626571199792
12866,CW,2,0.635,1.616584701330885
12866,CW,2,0.636,1.6387393971313973
12866,CW,2,0.637,1.6610168713386402
12866,CW,2,0.638,1.6842036905357074
12866,CW,2,0.639,1.7069312560984746
12866,CW,2,0.64,1.7305329856740173
12866,CW,2,0.641,1.7534769618940966
12866,CW,2,0.642,1.7763649586434094
12866,CW,2,0.643,1.798527523336599
12866,CW,2,0.644,1.8199781167467908
12866,CW,2,0.645,1.8417124174361479
12866,CW,2,0.646,1.862582659979245
12866,CW,2,0.647,1.8830149414762902
12866,CW,2,0.648,1.9033347755160763
12866,CW,2,0.649,1.9239188679575663
12866,CW,2,0.65,1.9449547531201232
12866,CW,2,0.651,1.9663879988455721
12866,CW,2,0.652,1.9884733402905264
12866,CW,2,0.653,2.0109778396268454
12866,CW,2,0.654,2.033542494197138
12866,CW,2,0.655,2.056061027856778
12866,CW,2,0.656,2.0783205217939744
12866,CW,2,0.657,2.100457890030506
12866,CW,2,0.658,2.1218091766535494
12866,CW,2,0.659,2.1427778049749064
12866,CW,2,0.66,2.163739049233781
12866,CW,2,0.661,2.1840190387787914
12866,CW,2,0.662,2.2038303542661315
12866,CW,2,0.663,2.223838205356901
12866,CW,2,0.664,2.244637691601692
12866,CW,2,0.665,2.2662535793574237
12866,CW,2,0.666,2.2883447248761093
12866,CW,2,0.667,2.310989102140261
12866,CW,2,0.668,2.3343249413569036
12866,CW,2,0.669,2.3581407832073396
12866,CW,2,0.67,2.381605144093808
12866,CW,2,0.671,2.4044899879859507
12866,CW,2,0.672,2.4273295175115743
12866,CW,2,0.673,2.4497719723699474
12866,CW,2,0.674,2.471436083180944
12866,CW,2,0.675,2.4907245278878882
12866,CW,2,0.676,2.5095331529388853
12866,CW,2,0.677,2.5316813963142115
12866,CW,2,0.678,2.5566654654338032
12866,CW,2,0.679,2.5842399108631446
12866,CW,2,0.68,2.613998356871041
12866,CW,2,0.681,2.642436408719485
12866,CW,2,0.682,2.671239476286044
12866,CW,2,0.683,2.705197104304988
12866,CW,2,0.684,2.7415281347337523
12866,CW,2,0.685,2.779616968352162
12866,CW,2,0.686,2.8188990345019507
12866,CW,2,0.687,2.860406043255906
12866,CW,2,0.6880000000000001,2.9078410738514666
12866,CW,2,0.6890000000000001,2.9563265068432063
12866,CW,2,0.6900000000000001,3.0060357576914476
12866,CW,2,0.6910000000000001,3.0553387424216334
12866,CW,2,0.6920000000000001,3.107311062484642
12866,CW,2,0.6930000000000001,3.16751779384916
12866,CW,2,0.6940000000000001,3.2199516775737753
12866,CW,2,0.6950000000000001,3.277069725873575
12866,CW,2,0.6960000000000001,3.3261143363607792
12866,CW,2,0.6970000000000001,3.3750791464293615
12866,CW,2,0.6980000000000001,3.425040282725403
12866,CW,2,0.6990000000000001,3.479716300003857
12866,CW,2,0.7000000000000001,3.525560212244885
12866,CW,2,0.7010000000000001,3.571377051992626
12866,CW,2,0.7020000000000001,3.624339775290059
12866,CW,2,0.7030000000000001,3.669904049940435
12866,CW,2,0.704,3.712245534164895
12866,CW,2,0.705,3.7701981011818817
12866,CW,2,0.706,3.8127447975785165
12866,CW,2,0.707,3.8703357319968403
12866,CW,2,0.708,3.915283416839613
12866,CW,2,0.709,3.9736870222637237
12866,CW,2,0.71,4.013017629493749
12866,CW,2,0.711,4.060719806496569
12866,CW,2,0.712,4.096442057332596
12866,CW,2,0.713,4.131453017607117
12866,CW,2,0.714,4.163412326577112
12866,CW,2,0.715,4.191304641395609
12866,CW,2,0.716,4.21616305838183
12866,CW,2,0.717,4.239218445715907
12866,CW,2,0.718,4.261591429775817
12866,CW,2,0.719,4.280565061067071
12866,CW,2,0.72,4.2960499464147945
12866,CW,2,0.721,4.309601319243723
12866,CW,2,0.722,4.317954783271133
12866,CW,2,0.723,4.321502302649199
12866,CW,2,0.724,4.319991080776709
12866,CW,2,0.725,4.31367657328976
12866,CW,2,0.726,4.297839301423854
12866,CW,2,0.727,4.28006738655048
12866,CW,2,0.728,4.254510887124854
12866,CW,2,0.729,4.2239416937139325
12866,CW,2,0.73,4.195446833447191
12866,CW,2,0.731,4.162706385327283
12866,CW,2,0.732,4.127028277941107
12866,CW,2,0.733,4.098174062623104
12866,CW,2,0.734,4.062129956237051
12866,CW,2,0.735,4.0227466219599535
12866,CW,2,0.736,3.9801137970211116
12866,CW,2,0.737,3.926372355523605
12866,CW,2,0.738,3.8720951289357846
12866,CW,2,0.739,3.8112799159478135
12866,CW,2,0.74,3.758969771948811
12866,CW,2,0.741,3.701896138999172
12866,CW,2,0.742,3.658179726588508
12866,CW,2,0.743,3.6135586211649247
12866,CW,2,0.744,3.5799004564203654
12866,CW,2,0.745,3.546694945726156
12866,CW,2,0.746,3.5170578442071467
12866,CW,2,0.747,3.4864770089516304
12866,CW,2,0.748,3.452983290157647
12866,CW,2,0.749,3.4147191560468326
12866,CW,2,0.75,3.3756729744179936
12866,CW,2,0.751,3.336283798931267
12866,CW,2,0.752,3.2964411979135013
12866,CW,2,0.753,3.258088958714249
12866,CW,2,0.754,3.216817522220511
12866,CW,2,0.755,3.179458679440581
12866,CW,2,0.756,3.1413073360618124
12866,CW,2,0.757,3.1046957275919445
12866,CW,2,0.758,3.071651860831124
12866,CW,2,0.759,3.0375318612548714
12866,CW,2,0.76,3.0067002403138616
12866,CW,2,0.761,2.9765723110402624
12866,CW,2,0.762,2.947725535620721
12866,CW,2,0.763,2.921674656102717
12866,CW,2,0.764,2.895401473548913
12866,CW,2,0.765,2.8712202352254974
12866,CW,2,0.766,2.8476250374620746
12866,CW,2,0.767,2.8243805951045204
12866,CW,2,0.768,2.8016980179900104
12866,CW,2,0.769,2.7797752991228966
12866,CW,2,0.77,2.7591655831894704
12866,CW,2,0.771,2.7402416890449235
12866,CW,2,0.772,2.722963410937584
12866,CW,2,0.773,2.7073402320866307
12866,CW,2,0.774,2.6935094100943835
12866,CW,2,0.775,2.681788264447342
12866,CW,2,0.776,2.6724455357484254
12866,CW,2,0.777,2.665418323366169
12866,CW,2,0.778,2.660837824232881
12866,CW,2,0.779,2.658817093567168
12866,CW,2,0.78,2.6593269733756535
12866,CW,2,0.781,2.662829204084036
12866,CW,2,0.782,2.669192184076191
12866,CW,2,0.783,2.678707781099208
12866,CW,2,0.784,2.691436879889026
12866,CW,2,0.785,2.7071993412127617
12866,CW,2,0.786,2.7258122919067733
12866,CW,2,0.787,2.7472533624527977
12866,CW,2,0.788,2.771197970161874
12866,CW,2,0.789,2.796951368373714
12866,CW,2,0.79,2.8238405471188837
12866,CW,2,0.791,2.854794278548132
12866,CW,2,0.792,2.8858004934865864
12866,CW,2,0.793,2.9205980300430823
12866,CW,2,0.794,2.955663746324636
12866,CW,2,0.795,2.9992848804256043
12866,CW,2,0.796,3.046074604969066
12866,CW,2,0.797,3.0933960283765813
12866,CW,2,0.798,3.1362296909281127
12866,CW,2,0.799,3.187229812413936
12866,CW,2,0.8,3.239813588794449
12866,CW,2,0.801,3.299342996340007
12866,CW,2,0.802,3.3651222747654135
12866,CW,2,0.803,3.429367147165139
12866,CW,2,0.804,3.49178645523461
12866,CW,2,0.805,3.5570793525217783
12866,CW,2,0.806,3.625566969984019
12866,CW,2,0.807,3.697346764439993
12866,CW,2,0.808,3.7707159898509675
12866,CW,2,0.809,3.8460284203097252
12866,CW,2,0.81,3.9191925016623905
12866,CW,2,0.811,3.9937474006167295
12866,CW,2,0.812,4.075144232515777
12866,CW,2,0.8130000000000001,4.154003837133675
12866,CW,2,0.8140000000000001,4.2338054952187845
12866,CW,2,0.8150000000000001,4.309101113591785
12866,CW,2,0.8160000000000001,4.382542633444297
12866,CW,2,0.8170000000000001,4.466681968527981
12866,CW,2,0.8180000000000001,4.541020817080049
12866,CW,2,0.8190000000000001,4.612003202235463
12866,CW,2,0.8200000000000001,4.6832184390615925
12866,CW,2,0.8210000000000001,4.7410176366679275
12866,CW,2,0.8220000000000001,4.805727090221149
12866,CW,2,0.8230000000000001,4.8638537241237705
12866,CW,2,0.8240000000000001,4.93089279473032
12866,CW,2,0.8250000000000001,4.998321195059963
12866,CW,2,0.8260000000000001,5.058714249646243
12866,CW,2,0.8270000000000001,5.127208612842018
12866,CW,2,0.8280000000000001,5.189752626600155
12866,CW,2,0.8290000000000001,5.264553838333419
12866,CW,2,0.8300000000000001,5.343467277693818
12866,CW,2,0.8310000000000001,5.412102323210677
12866,CW,2,0.8320000000000001,5.4818470335605864
12866,CW,2,0.833,5.567780057740168
12866,CW,2,0.834,5.631749331280342
12866,CW,2,0.835,5.696286710146621
12866,CW,2,0.836,5.759738771770281
12866,CW,2,0.837,5.812106927165268
12866,CW,2,0.838,5.86883212940588
12866,CW,2,0.839,5.9161041441096724
12866,CW,2,0.84,5.971448205548627
12866,CW,2,0.841,6.009466058818805
12866,CW,2,0.842,6.06495772714953
12866,CW,2,0.843,6.112964516446157
12866,CW,2,0.844,6.158383003216381
12866,CW,2,0.845,6.20271348221073
12866,CW,2,0.846,6.23722163203763
12866,CW,2,0.847,6.2840737073579325
12866,CW,2,0.848,6.317234231828673
12866,CW,2,0.849,6.355738678980405
12866,CW,2,0.85,6.384838404142613
12866,CW,2,0.851,6.421950388624339
12866,CW,2,0.852,6.447435279540942
12866,CW,2,0.853,6.4745813376607515
12866,CW,2,0.854,6.496642090017096
12866,CW,2,0.855,6.525572171227239
12866,CW,2,0.856,6.5431075215049
12866,CW,2,0.857,6.571770658983894
12866,CW,2,0.858,6.596392409764947
12866,CW,2,0.859,6.624213148321987
12866,CW,2,0.86,6.655867983009873
12866,CW,2,0.861,6.687129045352841
12866,CW,2,0.862,6.712253426571065
12866,CW,2,0.863,6.739429415749691
12866,CW,2,0.864,6.764495244772434
12866,CW,2,0.865,6.7879500231141
12866,CW,2,0.866,6.810015218791815
12866,CW,2,0.867,6.831917335359398
12866,CW,2,0.868,6.851846027989406
12866,CW,2,0.869,6.870069265365225
12866,CW,2,0.87,6.887490440970715
12866,CW,2,0.871,6.90443588610613
12866,CW,2,0.872,6.920998089588356
12866,CW,2,0.873,6.936106666113483
12866,CW,2,0.874,6.952397135534265
12866,CW,2,0.875,6.968387799265356
12866,CW,2,0.876,6.984129895768971
12866,CW,2,0.877,6.999978210791513
12866,CW,2,0.878,7.015610026639798
12866,CW,2,0.879,7.031384997391805
12866,CW,2,0.88,7.047400615731054
12866,CW,2,0.881,7.063809812625449
12866,CW,2,0.882,7.080447517688367
12866,CW,2,0.883,7.097714329495425
12866,CW,2,0.884,7.11506457205507
12866,CW,2,0.885,7.1337898323513
12866,CW,2,0.886,7.15303167785391
12866,CW,2,0.887,7.173263728639897
12866,CW,2,0.888,7.194217529196943
12866,CW,2,0.889,7.2155223629435845
12866,CW,2,0.89,7.237076186689187
12866,CW,2,0.891,7.258225745148716
12866,CW,2,0.892,7.280578739127153
12866,CW,2,0.893,7.301565400240423
12866,CW,2,0.894,7.323598564604526
12866,CW,2,0.895,7.346144691531413
12866,CW,2,0.896,7.369961639725272
12866,CW,2,0.897,7.394915852188271
12866,CW,2,0.898,7.420159477693262
12866,CW,2,0.899,7.446301092094826
12866,CW,2,0.9,7.47444916016317
12866,CW,2,0.901,7.5033163150792905
12866,CW,2,0.902,7.534847057435817
12866,CW,2,0.903,7.567180428096772
12866,CW,2,0.904,7.599906885431389
12866,CW,2,0.905,7.637330476732882
12866,CW,2,0.906,7.670803004605151
12866,CW,2,0.907,7.7041996475169165
12866,CW,2,0.908,7.736491860850339
12866,CW,2,0.909,7.768742418282637
12866,CW,2,0.91,7.797015138460303
12866,CW,2,0.911,7.826499104286142
12866,CW,2,0.912,7.856639218122184
12866,CW,2,0.913,7.888671877005513
12866,CW,2,0.914,7.920738273969168
12866,CW,2,0.915,7.958462264933688
12866,CW,2,0.916,7.9928411464163815
12866,CW,2,0.917,8.030700155559126
12866,CW,2,0.918,8.069068208241932
12866,CW,2,0.919,8.110757545814387
12866,CW,2,0.92,8.152845644454077
12866,CW,2,0.921,8.194652405647233
12866,CW,2,0.922,8.235093925355779
12866,CW,2,0.923,8.27977868211857
12866,CW,2,0.924,8.32106487799026
12866,CW,2,0.925,8.362505738530805
12866,CW,2,0.926,8.397647643464472
12866,CW,2,0.927,8.43428819911819
12866,CW,2,0.928,8.470113442522983
12866,CW,2,0.929,8.505067480929283
12866,CW,2,0.93,8.547845979185416
12866,CW,2,0.931,8.592320557151023
12866,CW,2,0.932,8.639826452542442
12866,CW,2,0.933,8.688958880120518
12866,CW,2,0.934,8.738234467251722
12866,CW,2,0.935,8.790691334684764
12866,CW,2,0.936,8.844720508885029
12866,CW,2,0.937,8.89822144028135
12866,CW,2,0.9380000000000001,8.948666061970057
12866,CW,2,0.9390000000000001,9.000063254450824
12866,CW,2,0.9400000000000001,9.057125255907804
12866,CW,2,0.9410000000000001,9.116322885078338
12866,CW,2,0.9420000000000001,9.176857217861512
12866,CW,2,0.9430000000000001,9.232462779476867
12866,CW,2,0.9440000000000001,9.285878693909222
12866,CW,2,0.9450000000000001,9.33634677137697
12866,CW,2,0.9460000000000001,9.383929813792092
12866,CW,2,0.9470000000000001,9.426780347379012
12866,CW,2,0.9480000000000001,9.467307102048352
12866,CW,2,0.9490000000000001,9.50818078391086
12866,CW,2,0.9500000000000001,9.549640626531314
12866,CW,2,0.9510000000000001,9.591118511248585
12866,CW,2,0.9520000000000001,9.63750728338482
12866,CW,2,0.9530000000000001,9.689554867018044
12866,CW,2,0.9540000000000001,9.743680200545784
12866,CW,2,0.9550000000000001,9.799626947061249
12866,CW,2,0.9560000000000001,9.853947016858978
12866,CW,2,0.9570000000000001,9.91525381868181
12866,CW,2,0.9580000000000001,9.974379518685582
12866,CW,2,0.9590000000000001,10.030531045168576
12866,CW,2,0.96,10.088527081610344
12866,CW,2,0.961,10.146730369287608
12866,CW,2,0.962,10.204541538651467
12866,CW,2,0.963,10.259943961295352
12866,CW,2,0.964,10.312282581505611
12866,CW,2,0.965,10.361285128692018
12866,CW,2,0.966,10.406478254700621
12866,CW,2,0.967,10.455143906245896
12866,CW,2,0.968,10.50423098551917
12866,CW,2,0.969,10.556903780957366
12866,CW,2,0.97,10.614273031865011
12866,CW,2,0.971,10.675325755980836
12866,CW,2,0.972,10.732929141840287
12866,CW,2,0.973,10.79413083419433
12866,CW,2,0.974,10.853504212067495
12866,CW,2,0.975,10.911892361591363
12866,CW,2,0.976,10.969044587171698
12866,CW,2,0.977,11.02519851718846
12866,CW,2,0.978,11.080687271328134
12866,CW,2,0.979,11.135647860787838
12866,CW,2,0.98,11.188807268918588
12866,CW,2,0.981,11.239397489431584
12866,CW,2,0.982,11.295486980326377
12866,CW,2,0.983,11.348271847605561
12866,CW,2,0.984,11.407452830773364
12866,CW,2,0.985,11.464591639739522
12866,CW,2,0.986,11.517179321802086
12866,CW,2,0.987,11.569592040066084
12866,CW,2,0.988,11.622574385790863
12866,CW,2,0.989,11.677591146125135
12866,CW,2,0.99,11.734319527637007
12866,CW,2,0.991,11.790979200393412
12866,CW,2,0.992,11.846209350335194
12866,CW,2,0.993,11.898530727688406
12866,CW,2,0.994,11.947951923941009
12866,CW,2,0.995,11.997062553544579
12866,CW,2,0.996,12.046867891218996
12866,CW,2,0.997,12.098438241324283
12866,CW,2,0.998,12.151217796595443
12866,CW,2,0.999,12.20654861012806
12866,CW,2,1.0,12.26155625392873
12866,CW,3,0.0,0.0
12866,CW,3,0.001,0.0011102904800645123
12866,CW,3,0.002,0.0019875323198068713
12866,CW,3,0.003,0.0024710348976117917
12866,CW,3,0.004,0.0035647978437937083
12866,CW,3,0.005,0.00485218441142993
12866,CW,3,0.006,0.005719760119118437
12866,CW,3,0.007,0.006891237358602934
12866,CW,3,0.008,0.008584545235003679
12866,CW,3,0.009000000000000001,0.010386844944929557
12866,CW,3,0.01,0.012829512454775165
12866,CW,3,0.011,0.015945576688478652
12866,CW,3,0.012,0.01898335535180189
12866,CW,3,0.013000000000000001,0.021827730321193204
12866,CW,3,0.014,0.02403945360560087
12866,CW,3,0.015,0.026898564689274377
12866,CW,3,0.016,0.029165668231291735
12866,CW,3,0.017,0.030371266160356018
12866,CW,3,0.018000000000000002,0.032533018111036136
12866,CW,3,0.019,0.03566789690176913
12866,CW,3,0.02,0.03884656654548289
12866,CW,3,0.021,0.04186159078535585
12866,CW,3,0.022,0.045332548807311426
12866,CW,3,0.023,0.048240869172213145
12866,CW,3,0.024,0.051409042350693324
12866,CW,3,0.025,0.053692011612263606
12866,CW,3,0.026000000000000002,0.05724179375978867
12866,CW,3,0.027,0.06129650971583111
12866,CW,3,0.028,0.06574751580039541
12866,CW,3,0.029,0.07043412075098265
12866,CW,3,0.03,0.07408509385483554
12866,CW,3,0.031,0.0779456084285581
12866,CW,3,0.032,0.0801980296894674
12866,CW,3,0.033,0.08158491829665689
12866,CW,3,0.034,0.0836624864870178
12866,CW,3,0.035,0.08623890970047969
12866,CW,3,0.036000000000000004,0.08958387016136561
12866,CW,3,0.037,0.09314957782024014
12866,CW,3,0.038,0.09726437722351788
12866,CW,3,0.039,0.10202353101610225
12866,CW,3,0.04,0.10749658317472707
12866,CW,3,0.041,0.11297113213387239
12866,CW,3,0.042,0.11863173314439035
12866,CW,3,0.043000000000000003,0.12380340344818626
12866,CW,3,0.044,0.12812608550994603
12866,CW,3,0.045,0.13152391711512043
12866,CW,3,0.046,0.1345537985007412
12866,CW,3,0.047,0.1380173870117736
12866,CW,3,0.048,0.1412848923093394
12866,CW,3,0.049,0.14421979310625563
12866,CW,3,0.05,0.14741161138580938
12866,CW,3,0.051000000000000004,0.1510651872768486
12866,CW,3,0.052000000000000005,0.1543912149146053
12866,CW,3,0.053,0.15729978912661002
12866,CW,3,0.054,0.16015617125570494
12866,CW,3,0.055,0.16326595797941232
12866,CW,3,0.056,0.16646795164986794
12866,CW,3,0.057,0.16993957400577023
12866,CW,3,0.058,0.17364386124884204
12866,CW,3,0.059000000000000004,0.17765124192793844
12866,CW,3,0.06,0.18137297511732586
12866,CW,3,0.061,0.18437018893533638
12866,CW,3,0.062,0.1867860463728634
12866,CW,3,0.063,0.18887320072092728
12866,CW,3,0.064,0.189844991743753
12866,CW,3,0.065,0.1912241715143263
12866,CW,3,0.066,0.1933777414922623
12866,CW,3,0.067,0.19625208052705262
12866,CW,3,0.068,0.2000229323691207
12866,CW,3,0.069,0.20384731892620325
12866,CW,3,0.07,0.20715380406633974
12866,CW,3,0.07100000000000001,0.21002101920914865
12866,CW,3,0.07200000000000001,0.21254506198304027
12866,CW,3,0.073,0.21564298888756234
12866,CW,3,0.074,0.21992178952666644
12866,CW,3,0.075,0.2252390467398698
12866,CW,3,0.076,0.2304098093505148
12866,CW,3,0.077,0.2350221286381786
12866,CW,3,0.078,0.24008326629177223
12866,CW,3,0.079,0.2447219727397921
12866,CW,3,0.08,0.2486127165153329
12866,CW,3,0.081,0.2517326798348867
12866,CW,3,0.082,0.2547424534805588
12866,CW,3,0.083,0.25850838734392917
12866,CW,3,0.084,0.262733521184094
12866,CW,3,0.085,0.2665579521721668
12866,CW,3,0.08600000000000001,0.2699935187558577
12866,CW,3,0.08700000000000001,0.27354011828525016
12866,CW,3,0.088,0.2773706219580944
12866,CW,3,0.089,0.28153316198236117
12866,CW,3,0.09,0.28647022041635267
12866,CW,3,0.091,0.2918099335600534
12866,CW,3,0.092,0.2970782721646604
12866,CW,3,0.093,0.30015059349602746
12866,CW,3,0.094,0.30303233820317493
12866,CW,3,0.095,0.30496870463249054
12866,CW,3,0.096,0.3028561305166701
12866,CW,3,0.097,0.3019467605203457
12866,CW,3,0.098,0.3002125380880712
12866,CW,3,0.099,0.29975321622847384
12866,CW,3,0.1,0.3027630036222266
12866,CW,3,0.101,0.3063668046279399
12866,CW,3,0.10200000000000001,0.3102198603273399
12866,CW,3,0.10300000000000001,0.31367162506390783
12866,CW,3,0.10400000000000001,0.31638075116241077
12866,CW,3,0.105,0.3145009382735771
12866,CW,3,0.106,0.31254821593584436
12866,CW,3,0.107,0.31023701894225447
12866,CW,3,0.108,0.3085436963385521
12866,CW,3,0.109,0.308162773388959
12866,CW,3,0.11,0.3096479897179206
12866,CW,3,0.111,0.3110009881472283
12866,CW,3,0.112,0.3104172126278703
12866,CW,3,0.113,0.3061435995117154
12866,CW,3,0.114,0.2982118572158704
12866,CW,3,0.115,0.28790993421018374
12866,CW,3,0.116,0.27767593271134045
12866,CW,3,0.117,0.2692553533070136
12866,CW,3,0.11800000000000001,0.2631954083108043
12866,CW,3,0.11900000000000001,0.26525605504797034
12866,CW,3,0.12,0.2670453630838554
12866,CW,3,0.121,0.271244162867949
12866,CW,3,0.122,0.27020450694850423
12866,CW,3,0.123,0.2758652362290241
12866,CW,3,0.124,0.28382160053335626
12866,CW,3,0.125,0.2866273934421766
12866,CW,3,0.126,0.2891187032098177
12866,CW,3,0.127,0.2987431954658536
12866,CW,3,0.128,0.30097272986830753
12866,CW,3,0.129,0.3046768242628804
12866,CW,3,0.13,0.3092638206057918
12866,CW,3,0.131,0.3130470274396137
12866,CW,3,0.132,0.31513013324391875
12866,CW,3,0.133,0.32051484376637973
12866,CW,3,0.134,0.3187177082950881
12866,CW,3,0.135,0.3201899249502348
12866,CW,3,0.136,0.31693741788449803
12866,CW,3,0.137,0.30630842976152445
12866,CW,3,0.138,0.29764346616727017
12866,CW,3,0.139,0.2920019955420475
12866,CW,3,0.14,0.28907143374691585
12866,CW,3,0.14100000000000001,0.28854862509770224
12866,CW,3,0.14200000000000002,0.28955399971404744
12866,CW,3,0.14300000000000002,0.29144595796613
12866,CW,3,0.14400000000000002,0.2942154405842458
12866,CW,3,0.145,0.2978361431221382
12866,CW,3,0.146,0.30204927567448286
12866,CW,3,0.147,0.3063092757776163
12866,CW,3,0.148,0.3109720460658153
12866,CW,3,0.149,0.31759574535662094
12866,CW,3,0.15,0.32706494516916745
12866,CW,3,0.151,0.33701168362916434
12866,CW,3,0.152,0.345731505265073
12866,CW,3,0.153,0.3511275616857481
12866,CW,3,0.154,0.3540675355239371
12866,CW,3,0.155,0.3577352713935234
12866,CW,3,0.156,0.35651660296631527
12866,CW,3,0.157,0.35758432630903203
12866,CW,3,0.158,0.35709321973421393
12866,CW,3,0.159,0.3558021662599251
12866,CW,3,0.16,0.354477048145541
12866,CW,3,0.161,0.35340448438412886
12866,CW,3,0.162,0.3529453442341983
12866,CW,3,0.163,0.3534093802236066
12866,CW,3,0.164,0.35451015207510705
12866,CW,3,0.165,0.3561079797295173
12866,CW,3,0.166,0.3580018579518868
12866,CW,3,0.167,0.3611846432384568
12866,CW,3,0.168,0.36430266764382596
12866,CW,3,0.169,0.36784966072695424
12866,CW,3,0.17,0.3703943319279526
12866,CW,3,0.171,0.3724858451973827
12866,CW,3,0.17200000000000001,0.37398860421984437
12866,CW,3,0.17300000000000001,0.3761077127486026
12866,CW,3,0.17400000000000002,0.3780813581409072
12866,CW,3,0.17500000000000002,0.3792421716104427
12866,CW,3,0.176,0.38003018850344084
12866,CW,3,0.177,0.3810420476273069
12866,CW,3,0.178,0.3816676911753678
12866,CW,3,0.179,0.3821691226863724
12866,CW,3,0.18,0.3826881566084733
12866,CW,3,0.181,0.3832752291515727
12866,CW,3,0.182,0.383793349175626
12866,CW,3,0.183,0.38500925555984605
12866,CW,3,0.184,0.3860984642807567
12866,CW,3,0.185,0.3877379924012909
12866,CW,3,0.186,0.38869034073818903
12866,CW,3,0.187,0.38949296365077185
12866,CW,3,0.188,0.3902606796751048
12866,CW,3,0.189,0.3910036317092107
12866,CW,3,0.19,0.39156641241000145
12866,CW,3,0.191,0.3921096570885865
12866,CW,3,0.192,0.3926863374714071
12866,CW,3,0.193,0.39300909421989033
12866,CW,3,0.194,0.3930989817318029
12866,CW,3,0.195,0.3932005908633942
12866,CW,3,0.196,0.3935366089450407
12866,CW,3,0.197,0.39411575694219914
12866,CW,3,0.198,0.3948717025323494
12866,CW,3,0.199,0.3956994972101934
12866,CW,3,0.2,0.3967518583745869
12866,CW,3,0.201,0.39782264090109326
12866,CW,3,0.202,0.39868822837162676
12866,CW,3,0.203,0.39956112977308117
12866,CW,3,0.20400000000000001,0.40048420653029354
12866,CW,3,0.20500000000000002,0.40131634472006456
12866,CW,3,0.20600000000000002,0.40210945130799863
12866,CW,3,0.20700000000000002,0.4029972051768422
12866,CW,3,0.20800000000000002,0.4038731166557537
12866,CW,3,0.209,0.4046481532993049
12866,CW,3,0.21,0.40549159528456813
12866,CW,3,0.211,0.40639638874166034
12866,CW,3,0.212,0.4075501739076157
12866,CW,3,0.213,0.4096938133406825
12866,CW,3,0.214,0.41266751129878115
12866,CW,3,0.215,0.41528522784159
12866,CW,3,0.216,0.41742745022714084
12866,CW,3,0.217,0.4190290336361209
12866,CW,3,0.218,0.4197867353128346
12866,CW,3,0.219,0.4204861932756468
12866,CW,3,0.22,0.4216670227355694
12866,CW,3,0.221,0.42268260371328437
12866,CW,3,0.222,0.42402835380413917
12866,CW,3,0.223,0.4252953628480856
12866,CW,3,0.224,0.426125068215024
12866,CW,3,0.225,0.4268590491215048
12866,CW,3,0.226,0.42747366478975296
12866,CW,3,0.227,0.4280260959410316
12866,CW,3,0.228,0.42965253372035356
12866,CW,3,0.229,0.4301213984691462
12866,CW,3,0.23,0.43254676374174855
12866,CW,3,0.231,0.436414032581636
12866,CW,3,0.232,0.44126876375291824
12866,CW,3,0.233,0.4450962034132584
12866,CW,3,0.234,0.44747090256825406
12866,CW,3,0.23500000000000001,0.45041962624316123
12866,CW,3,0.23600000000000002,0.4530795923267824
12866,CW,3,0.23700000000000002,0.4545759232055573
12866,CW,3,0.23800000000000002,0.4549220382558988
12866,CW,3,0.23900000000000002,0.4559448470466263
12866,CW,3,0.24,0.4540154112167376
12866,CW,3,0.241,0.45143315586714267
12866,CW,3,0.242,0.45097692317844285
12866,CW,3,0.243,0.44854377153768676
12866,CW,3,0.244,0.4483544816175526
12866,CW,3,0.245,0.44556758087957316
12866,CW,3,0.246,0.44588208843849336
12866,CW,3,0.247,0.4471265094826015
12866,CW,3,0.248,0.45002901453791605
12866,CW,3,0.249,0.45172459543744553
12866,CW,3,0.25,0.45044496284227065
12866,CW,3,0.251,0.4515372159140406
12866,CW,3,0.252,0.45257967924116094
12866,CW,3,0.253,0.4540949585142503
12866,CW,3,0.254,0.4530812652094628
12866,CW,3,0.255,0.45504170010787304
12866,CW,3,0.256,0.4588219327510198
12866,CW,3,0.257,0.4590769605277772
12866,CW,3,0.258,0.4594416631405562
12866,CW,3,0.259,0.46008707877231414
12866,CW,3,0.26,0.46187852192740847
12866,CW,3,0.261,0.4634283599527377
12866,CW,3,0.262,0.46586994963692674
12866,CW,3,0.263,0.4692422258868079
12866,CW,3,0.264,0.47296343777394034
12866,CW,3,0.265,0.4752685607354591
12866,CW,3,0.266,0.4754388825470357
12866,CW,3,0.267,0.47708354133842207
12866,CW,3,0.268,0.47663325989300814
12866,CW,3,0.269,0.4786525229273725
12866,CW,3,0.27,0.4827494344610808
12866,CW,3,0.271,0.48759828412657535
12866,CW,3,0.272,0.492885337549991
12866,CW,3,0.273,0.4982893302317052
12866,CW,3,0.274,0.5025880445832032
12866,CW,3,0.275,0.5044070960365803
12866,CW,3,0.276,0.5037105381612751
12866,CW,3,0.277,0.4994739171978851
12866,CW,3,0.278,0.4930068987529419
12866,CW,3,0.279,0.48656304836965364
12866,CW,3,0.28,0.4809121570637731
12866,CW,3,0.281,0.4729308970895343
12866,CW,3,0.28200000000000003,0.4617324310178374
12866,CW,3,0.28300000000000003,0.4522333735084852
12866,CW,3,0.28400000000000003,0.44407107503282384
12866,CW,3,0.28500000000000003,0.44359647175183703
12866,CW,3,0.28600000000000003,0.44243339509069296
12866,CW,3,0.28700000000000003,0.44376179592142684
12866,CW,3,0.28800000000000003,0.4452738673953195
12866,CW,3,0.289,0.44857937715705365
12866,CW,3,0.29,0.4510891614959205
12866,CW,3,0.291,0.4566910477083214
12866,CW,3,0.292,0.45919507896766615
12866,CW,3,0.293,0.46177136557790377
12866,CW,3,0.294,0.4583199847138471
12866,CW,3,0.295,0.4551164051574485
12866,CW,3,0.296,0.45088183779491725
12866,CW,3,0.297,0.4507167913446042
12866,CW,3,0.298,0.44763684344267507
12866,CW,3,0.299,0.4419704266071122
12866,CW,3,0.3,0.4382556891492403
12866,CW,3,0.301,0.433569031943163
12866,CW,3,0.302,0.43396425801799693
12866,CW,3,0.303,0.4352297277615519
12866,CW,3,0.304,0.4350949336262132
12866,CW,3,0.305,0.4353794632297175
12866,CW,3,0.306,0.43920834896495387
12866,CW,3,0.307,0.4452356831183645
12866,CW,3,0.308,0.4499230534975053
12866,CW,3,0.309,0.4572405898842175
12866,CW,3,0.31,0.46236019889823876
12866,CW,3,0.311,0.46346202968403954
12866,CW,3,0.312,0.46585098649895834
12866,CW,3,0.313,0.4660488787373846
12866,CW,3,0.314,0.4641605037409679
12866,CW,3,0.315,0.46274695156420287
12866,CW,3,0.316,0.4623299264659239
12866,CW,3,0.317,0.45977947670659647
12866,CW,3,0.318,0.4575408878108028
12866,CW,3,0.319,0.45763322119721944
12866,CW,3,0.32,0.45910672778637707
12866,CW,3,0.321,0.4595764490327054
12866,CW,3,0.322,0.46172206941541555
12866,CW,3,0.323,0.4650112875643582
12866,CW,3,0.324,0.46824527399274746
12866,CW,3,0.325,0.47290386549828306
12866,CW,3,0.326,0.476611715961723
12866,CW,3,0.327,0.4786121991774646
12866,CW,3,0.328,0.48078210445216907
12866,CW,3,0.329,0.48210147480199483
12866,CW,3,0.33,0.4821327953530512
12866,CW,3,0.331,0.48191200662216244
12866,CW,3,0.332,0.4813957638271842
12866,CW,3,0.333,0.4807072733619572
12866,CW,3,0.334,0.4810839504633964
12866,CW,3,0.335,0.4824588140127556
12866,CW,3,0.336,0.48393788600530635
12866,CW,3,0.337,0.48565977976716396
12866,CW,3,0.338,0.4880849169012888
12866,CW,3,0.339,0.4918993500039008
12866,CW,3,0.34,0.4971869191992031
12866,CW,3,0.341,0.5024278414432984
12866,CW,3,0.342,0.5066789892194451
12866,CW,3,0.343,0.5100586157693046
12866,CW,3,0.34400000000000003,0.5129300510809607
12866,CW,3,0.34500000000000003,0.5151924538692729
12866,CW,3,0.34600000000000003,0.5166693442924624
12866,CW,3,0.34700000000000003,0.5174279387045321
12866,CW,3,0.34800000000000003,0.5185509454859105
12866,CW,3,0.34900000000000003,0.5199953467350245
12866,CW,3,0.35000000000000003,0.5210490353553747
12866,CW,3,0.35100000000000003,0.5214766780060449
12866,CW,3,0.352,0.5219630927705474
12866,CW,3,0.353,0.5225382128726107
12866,CW,3,0.354,0.5232067111239053
12866,CW,3,0.355,0.5242368683060287
12866,CW,3,0.356,0.5261462313196564
12866,CW,3,0.357,0.5288825466175575
12866,CW,3,0.358,0.5317120907945889
12866,CW,3,0.359,0.5345065210538421
12866,CW,3,0.36,0.5369936877604402
12866,CW,3,0.361,0.5393081781035417
12866,CW,3,0.362,0.5413977276046429
12866,CW,3,0.363,0.5435323604879936
12866,CW,3,0.364,0.5460267939298932
12866,CW,3,0.365,0.5479709611534245
12866,CW,3,0.366,0.5491678254756147
12866,CW,3,0.367,0.5500091842434861
12866,CW,3,0.368,0.5510247695358858
12866,CW,3,0.369,0.5522212738691382
12866,CW,3,0.37,0.553637950862307
12866,CW,3,0.371,0.5553589825734517
12866,CW,3,0.372,0.5576385207641288
12866,CW,3,0.373,0.5600886572355219
12866,CW,3,0.374,0.562281670130628
12866,CW,3,0.375,0.56421530086192
12866,CW,3,0.376,0.5659142346745771
12866,CW,3,0.377,0.5677825332096799
12866,CW,3,0.378,0.5695035180773399
12866,CW,3,0.379,0.5714364604989631
12866,CW,3,0.38,0.5733418739947899
12866,CW,3,0.381,0.574543082106226
12866,CW,3,0.382,0.5758850436062951
12866,CW,3,0.383,0.577487159269078
12866,CW,3,0.384,0.579936065409752
12866,CW,3,0.385,0.5830437970073191
12866,CW,3,0.386,0.5861382008791989
12866,CW,3,0.387,0.5893003051624591
12866,CW,3,0.388,0.5929196497780772
12866,CW,3,0.389,0.5969506972043511
12866,CW,3,0.39,0.6008536098108315
12866,CW,3,0.391,0.6038360986059624
12866,CW,3,0.392,0.6058086537441434
12866,CW,3,0.393,0.6073684189827809
12866,CW,3,0.394,0.6088653708427808
12866,CW,3,0.395,0.6108482272093122
12866,CW,3,0.396,0.6132991659110673
12866,CW,3,0.397,0.6160355140016999
12866,CW,3,0.398,0.6183900518561622
12866,CW,3,0.399,0.6203310740095105
12866,CW,3,0.4,0.6227787651126118
12866,CW,3,0.401,0.6257805339974781
12866,CW,3,0.402,0.6284274778343745
12866,CW,3,0.403,0.6307430250149766
12866,CW,3,0.404,0.633389649730792
12866,CW,3,0.405,0.6364099581942338
12866,CW,3,0.406,0.6393084207011666
12866,CW,3,0.40700000000000003,0.6417486135780347
12866,CW,3,0.40800000000000003,0.6440272029324162
12866,CW,3,0.40900000000000003,0.6462343469327195
12866,CW,3,0.41000000000000003,0.6484903004908703
12866,CW,3,0.41100000000000003,0.6511405463192834
12866,CW,3,0.41200000000000003,0.6541463236942564
12866,CW,3,0.41300000000000003,0.657083827721237
12866,CW,3,0.41400000000000003,0.659272535581041
12866,CW,3,0.41500000000000004,0.6612272497117597
12866,CW,3,0.41600000000000004,0.6638448837312112
12866,CW,3,0.417,0.6672084748469739
12866,CW,3,0.418,0.6707836999010419
12866,CW,3,0.419,0.6744189827208522
12866,CW,3,0.42,0.6780504794336251
12866,CW,3,0.421,0.681553484173384
12866,CW,3,0.422,0.6845664599917892
12866,CW,3,0.423,0.6875995013184286
12866,CW,3,0.424,0.6908312432518531
12866,CW,3,0.425,0.6941985288083569
12866,CW,3,0.426,0.6971914473954062
12866,CW,3,0.427,0.6996722756010708
12866,CW,3,0.428,0.7023436600579085
12866,CW,3,0.429,0.7050429475649375
12866,CW,3,0.43,0.7076139893737248
12866,CW,3,0.431,0.7104455447126731
12866,CW,3,0.432,0.7135487172729682
12866,CW,3,0.433,0.71737364754132
12866,CW,3,0.434,0.7220009162404106
12866,CW,3,0.435,0.7269823220618084
12866,CW,3,0.436,0.7318946324690597
12866,CW,3,0.437,0.7362393687827755
12866,CW,3,0.438,0.7399084867395274
12866,CW,3,0.439,0.7430197541380413
12866,CW,3,0.44,0.7455360157120436
12866,CW,3,0.441,0.747721625305249
12866,CW,3,0.442,0.7501985278101474
12866,CW,3,0.443,0.7531369138633837
12866,CW,3,0.444,0.756224593740242
12866,CW,3,0.445,0.7592663876312786
12866,CW,3,0.446,0.7620267369321155
12866,CW,3,0.447,0.7642168184187462
12866,CW,3,0.448,0.7659652034869288
12866,CW,3,0.449,0.7678072532439703
12866,CW,3,0.45,0.7695940933229427
12866,CW,3,0.451,0.7718281040800148
12866,CW,3,0.452,0.7739750324261345
12866,CW,3,0.453,0.7763357157299172
12866,CW,3,0.454,0.7787454177760871
12866,CW,3,0.455,0.7810823266522705
12866,CW,3,0.456,0.7829887695531703
12866,CW,3,0.457,0.7840069871817038
12866,CW,3,0.458,0.7846410673217519
12866,CW,3,0.459,0.7857871486634771
12866,CW,3,0.46,0.787745794400036
12866,CW,3,0.461,0.7900459255017975
12866,CW,3,0.462,0.79224088472769
12866,CW,3,0.463,0.7941576139458808
12866,CW,3,0.464,0.7967541578359185
12866,CW,3,0.465,0.7996790603943417
12866,CW,3,0.466,0.8016158275058581
12866,CW,3,0.467,0.8041861671972017
12866,CW,3,0.468,0.8072568480446332
12866,CW,3,0.46900000000000003,0.8104291708227747
12866,CW,3,0.47000000000000003,0.8135983367546972
12866,CW,3,0.47100000000000003,0.8165998507631034
12866,CW,3,0.47200000000000003,0.8188520020294889
12866,CW,3,0.47300000000000003,0.8207050550171296
12866,CW,3,0.47400000000000003,0.8226774068282617
12866,CW,3,0.47500000000000003,0.8248570358373685
12866,CW,3,0.47600000000000003,0.8268617326081263
12866,CW,3,0.47700000000000004,0.8283517406917286
12866,CW,3,0.47800000000000004,0.8299581494857955
12866,CW,3,0.47900000000000004,0.8315780433405967
12866,CW,3,0.48,0.8339392241030374
12866,CW,3,0.481,0.8370339811687446
12866,CW,3,0.482,0.8402772364080388
12866,CW,3,0.483,0.8434934385708934
12866,CW,3,0.484,0.8467289853918402
12866,CW,3,0.485,0.8492771927211743
12866,CW,3,0.486,0.8515097227517155
12866,CW,3,0.487,0.8535331185215776
12866,CW,3,0.488,0.855079003770102
12866,CW,3,0.489,0.8563363206085182
12866,CW,3,0.49,0.8581799194952735
12866,CW,3,0.491,0.8608268208580372
12866,CW,3,0.492,0.8640252666076979
12866,CW,3,0.493,0.8665958330976129
12866,CW,3,0.494,0.8684744112701702
12866,CW,3,0.495,0.8700507269851916
12866,CW,3,0.496,0.8720041416071683
12866,CW,3,0.497,0.875377705889919
12866,CW,3,0.498,0.8787223723153129
12866,CW,3,0.499,0.8812013322859684
12866,CW,3,0.5,0.8841970313038015
12866,CW,3,0.501,0.8870658323949402
12866,CW,3,0.502,0.8904273662853834
12866,CW,3,0.503,0.8935385169593005
12866,CW,3,0.504,0.8961426416631736
12866,CW,3,0.505,0.898352890832385
12866,CW,3,0.506,0.9007094229517586
12866,CW,3,0.507,0.9036438125745014
12866,CW,3,0.508,0.9061645435533703
12866,CW,3,0.509,0.9087772481820513
12866,CW,3,0.51,0.9111751885555156
12866,CW,3,0.511,0.9130374925419814
12866,CW,3,0.512,0.9148273186320729
12866,CW,3,0.513,0.9163707571928345
12866,CW,3,0.514,0.9175149894044103
12866,CW,3,0.515,0.9188608225180015
12866,CW,3,0.516,0.9209222972416241
12866,CW,3,0.517,0.9235699230667722
12866,CW,3,0.518,0.9262993751703149
12866,CW,3,0.519,0.9280981257790737
12866,CW,3,0.52,0.930201362781368
12866,CW,3,0.521,0.9320944531371713
12866,CW,3,0.522,0.9336603509847369
12866,CW,3,0.523,0.934960144464543
12866,CW,3,0.524,0.9364619866058568
12866,CW,3,0.525,0.9370609057550155
12866,CW,3,0.526,0.9375679396398668
12866,CW,3,0.527,0.9380164284814333
12866,CW,3,0.528,0.9381997881231797
12866,CW,3,0.529,0.9391441508959768
12866,CW,3,0.53,0.9405455708045126
12866,CW,3,0.531,0.9421874246791389
12866,CW,3,0.532,0.9448903060109728
12866,CW,3,0.533,0.948528491475363
12866,CW,3,0.534,0.9515315082636955
12866,CW,3,0.535,0.955794818483837
12866,CW,3,0.536,0.9598926785308378
12866,CW,3,0.537,0.9637686965966121
12866,CW,3,0.538,0.9673167271407336
12866,CW,3,0.539,0.9696691143597143
12866,CW,3,0.54,0.9716724197082878
12866,CW,3,0.541,0.973589117385041
12866,CW,3,0.542,0.9748653241071671
12866,CW,3,0.543,0.9756456300097615
12866,CW,3,0.544,0.9772615834914014
12866,CW,3,0.545,0.9794079060160943
12866,CW,3,0.546,0.9808858624632472
12866,CW,3,0.547,0.9827055440777682
12866,CW,3,0.548,0.984911748023197
12866,CW,3,0.549,0.9872967268837044
12866,CW,3,0.55,0.988933167388176
12866,CW,3,0.551,0.9952417186024002
12866,CW,3,0.552,1.0000767604673304
12866,CW,3,0.553,1.0066479262134698
12866,CW,3,0.554,1.0113904769433886
12866,CW,3,0.555,1.0211155007702934
12866,CW,3,0.556,1.0297924944829013
12866,CW,3,0.557,1.0400028410280386
12866,CW,3,0.558,1.0516663216734041
12866,CW,3,0.559,1.0578228992056409
12866,CW,3,0.56,1.0665954885077793
12866,CW,3,0.561,1.0758130249126028
12866,CW,3,0.562,1.0801075225662855
12866,CW,3,0.5630000000000001,1.083211478628889
12866,CW,3,0.5640000000000001,1.0941315878103777
12866,CW,3,0.5650000000000001,1.1172786663885672
12866,CW,3,0.5660000000000001,1.1459767886157177
12866,CW,3,0.5670000000000001,1.190981332055986
12866,CW,3,0.5680000000000001,1.2271510773507674
12866,CW,3,0.5690000000000001,1.2648133491590927
12866,CW,3,0.5700000000000001,1.294678751608421
12866,CW,3,0.5710000000000001,1.3173347936717104
12866,CW,3,0.5720000000000001,1.3231956716804398
12866,CW,3,0.5730000000000001,1.3419759346168834
12866,CW,3,0.5740000000000001,1.3376868330873906
12866,CW,3,0.5750000000000001,1.3360709888287212
12866,CW,3,0.5760000000000001,1.3318271927275163
12866,CW,3,0.577,1.3292188702940007
12866,CW,3,0.578,1.314999255962164
12866,CW,3,0.579,1.3014171110390667
12866,CW,3,0.58,1.289512536638249
12866,CW,3,0.581,1.27936436211269
12866,CW,3,0.582,1.284082418566717
12866,CW,3,0.583,1.2813591238909616
12866,CW,3,0.584,1.277751852272588
12866,CW,3,0.585,1.2858563563562826
12866,CW,3,0.586,1.286018616925746
12866,CW,3,0.587,1.288785528145443
12866,CW,3,0.588,1.2894129985869356
12866,CW,3,0.589,1.296604082803961
12866,CW,3,0.59,1.2984645956782872
12866,CW,3,0.591,1.3049968416792568
12866,CW,3,0.592,1.3113477843328576
12866,CW,3,0.593,1.3214819965606082
12866,CW,3,0.594,1.3258920376262855
12866,CW,3,0.595,1.3319529039142874
12866,CW,3,0.596,1.3389356656908469
12866,CW,3,0.597,1.3460500734603955
12866,CW,3,0.598,1.354999327103393
12866,CW,3,0.599,1.3620238798881457
12866,CW,3,0.6,1.3670706558898154
12866,CW,3,0.601,1.3703194642731458
12866,CW,3,0.602,1.3713418828566208
12866,CW,3,0.603,1.3715554148079316
12866,CW,3,0.604,1.371750528830365
12866,CW,3,0.605,1.3716444726214354
12866,CW,3,0.606,1.3717479131820858
12866,CW,3,0.607,1.3699704472342893
12866,CW,3,0.608,1.370251063823356
12866,CW,3,0.609,1.3708183913422187
12866,CW,3,0.61,1.3719260660626453
12866,CW,3,0.611,1.373530956602454
12866,CW,3,0.612,1.3742106268426941
12866,CW,3,0.613,1.3767819175317384
12866,CW,3,0.614,1.3795998699585734
12866,CW,3,0.615,1.3823175310728248
12866,CW,3,0.616,1.3843327559539502
12866,CW,3,0.617,1.385488690942128
12866,CW,3,0.618,1.386045785959843
12866,CW,3,0.619,1.3862451392995758
12866,CW,3,0.62,1.3862075013519775
12866,CW,3,0.621,1.386139684761206
12866,CW,3,0.622,1.3856025463915378
12866,CW,3,0.623,1.385697109095588
12866,CW,3,0.624,1.3850670797603897
12866,CW,3,0.625,1.3850318562415223
12866,CW,3,0.626,1.385306821882709
12866,CW,3,0.627,1.3858942224828943
12866,CW,3,0.628,1.3866115910557697
12866,CW,3,0.629,1.3871785267694274
12866,CW,3,0.63,1.3886301842555546
12866,CW,3,0.631,1.3900701618969808
12866,CW,3,0.632,1.3910857599680568
12866,CW,3,0.633,1.3918219395612157
12866,CW,3,0.634,1.3924789408129092
12866,CW,3,0.635,1.3929504384035716
12866,CW,3,0.636,1.3931458085549517
12866,CW,3,0.637,1.3933734516086598
12866,CW,3,0.638,1.3933178524368188
12866,CW,3,0.639,1.3935848224698095
12866,CW,3,0.64,1.393209133383009
12866,CW,3,0.641,1.3931946466083036
12866,CW,3,0.642,1.3934357937089312
12866,CW,3,0.643,1.3937842094043176
12866,CW,3,0.644,1.3940816718691311
12866,CW,3,0.645,1.3941955756862614
12866,CW,3,0.646,1.3948557122548737
12866,CW,3,0.647,1.3957148115948859
12866,CW,3,0.648,1.396477976654193
12866,CW,3,0.649,1.397564804341018
12866,CW,3,0.65,1.398680800595338
12866,CW,3,0.651,1.3997486149988785
12866,CW,3,0.652,1.4003282606914382
12866,CW,3,0.653,1.4004299644320237
12866,CW,3,0.654,1.4006455234672053
12866,CW,3,0.655,1.4005911675957075
12866,CW,3,0.656,1.400406610269533
12866,CW,3,0.657,1.4000273001963137
12866,CW,3,0.658,1.4001926840989785
12866,CW,3,0.659,1.4005804388641963
12866,CW,3,0.66,1.4009615154558093
12866,CW,3,0.661,1.4016532609280201
12866,CW,3,0.662,1.4023425932452016
12866,CW,3,0.663,1.4027132252208467
12866,CW,3,0.664,1.40302641109888
12866,CW,3,0.665,1.4038547992018735
12866,CW,3,0.666,1.4051134705772501
12866,CW,3,0.667,1.406251023580371
12866,CW,3,0.668,1.4069918091322984
12866,CW,3,0.669,1.4076053346450503
12866,CW,3,0.67,1.4079463097084497
12866,CW,3,0.671,1.4079143455635033
12866,CW,3,0.672,1.407668463248301
12866,CW,3,0.673,1.407828025123194
12866,CW,3,0.674,1.4083868757680238
12866,CW,3,0.675,1.4089201938293425
12866,CW,3,0.676,1.4093353749018591
12866,CW,3,0.677,1.4108233828805326
12866,CW,3,0.678,1.4125179028453758
12866,CW,3,0.679,1.4150265905657562
12866,CW,3,0.68,1.4184978428976442
12866,CW,3,0.681,1.4217940232768003
12866,CW,3,0.682,1.4285804536525923
12866,CW,3,0.683,1.4331966897193147
12866,CW,3,0.684,1.4373609324842844
12866,CW,3,0.685,1.4413450803619334
12866,CW,3,0.686,1.4457137498385102
12866,CW,3,0.687,1.450045352358849
12866,CW,3,0.6880000000000001,1.4547217707529945
12866,CW,3,0.6890000000000001,1.460383284969354
12866,CW,3,0.6900000000000001,1.4664814653609632
12866,CW,3,0.6910000000000001,1.4724993454704716
12866,CW,3,0.6920000000000001,1.477955937512006
12866,CW,3,0.6930000000000001,1.4834442057271502
12866,CW,3,0.6940000000000001,1.487105302531769
12866,CW,3,0.6950000000000001,1.4900315545829879
12866,CW,3,0.6960000000000001,1.4929843604994144
12866,CW,3,0.6970000000000001,1.50049919824768
12866,CW,3,0.6980000000000001,1.5083110871904877
12866,CW,3,0.6990000000000001,1.5169926395838877
12866,CW,3,0.7000000000000001,1.5250125298764357
12866,CW,3,0.7010000000000001,1.5387664669456855
12866,CW,3,0.7020000000000001,1.5475425371131928
12866,CW,3,0.7030000000000001,1.555840010094971
12866,CW,3,0.704,1.565502132393572
12866,CW,3,0.705,1.5714262958907197
12866,CW,3,0.706,1.5755246447062796
12866,CW,3,0.707,1.577916402885602
12866,CW,3,0.708,1.5785726673117546
12866,CW,3,0.709,1.578395122191948
12866,CW,3,0.71,1.5771503908492381
12866,CW,3,0.711,1.576355061100755
12866,CW,3,0.712,1.5747164603804267
12866,CW,3,0.713,1.5726160565371647
12866,CW,3,0.714,1.5667561808072172
12866,CW,3,0.715,1.5612460943879425
12866,CW,3,0.716,1.5539751279718539
12866,CW,3,0.717,1.5429364432345705
12866,CW,3,0.718,1.5365087378424414
12866,CW,3,0.719,1.522055968850042
12866,CW,3,0.72,1.5034407419638502
12866,CW,3,0.721,1.4900381564819574
12866,CW,3,0.722,1.4736368687167534
12866,CW,3,0.723,1.4584084118938447
12866,CW,3,0.724,1.4341648569017265
12866,CW,3,0.725,1.4195008231295891
12866,CW,3,0.726,1.4179224043012586
12866,CW,3,0.727,1.4207792263567915
12866,CW,3,0.728,1.4448027850178982
12866,CW,3,0.729,1.4543529188392867
12866,CW,3,0.73,1.4628397991300717
12866,CW,3,0.731,1.4782402666561143
12866,CW,3,0.732,1.4697804578962441
12866,CW,3,0.733,1.4594386100984904
12866,CW,3,0.734,1.471157664975382
12866,CW,3,0.735,1.4849140374592396
12866,CW,3,0.736,1.4977475134350418
12866,CW,3,0.737,1.5054584018293748
12866,CW,3,0.738,1.4936539798333457
12866,CW,3,0.739,1.4606893393542248
12866,CW,3,0.74,1.4029009844832636
12866,CW,3,0.741,1.3297409790633958
12866,CW,3,0.742,1.2253945802633808
12866,CW,3,0.743,1.122667654306707
12866,CW,3,0.744,1.014406573675071
12866,CW,3,0.745,0.9019319841131842
12866,CW,3,0.746,0.7987162295493164
12866,CW,3,0.747,0.7034450548183343
12866,CW,3,0.748,0.6287148543994688
12866,CW,3,0.749,0.5701414488782927
12866,CW,3,0.75,0.5147644861002911
12866,CW,3,0.751,0.47292410138492436
12866,CW,3,0.752,0.4351233238485781
12866,CW,3,0.753,0.3953166437238512
12866,CW,3,0.754,0.3647532351025629
12866,CW,3,0.755,0.3338805202605829
12866,CW,3,0.756,0.304361794846025
12866,CW,3,0.757,0.27532532112939034
12866,CW,3,0.758,0.2453589004151633
12866,CW,3,0.759,0.21870159349933657
12866,CW,3,0.76,0.1932736369599651
12866,CW,3,0.761,0.17059173310740525
12866,CW,3,0.762,0.1460022045679314
12866,CW,3,0.763,0.12354676811383342
12866,CW,3,0.764,0.10457567601160818
12866,CW,3,0.765,0.09130382901302349
12866,CW,3,0.766,0.08319255290557
12866,CW,3,0.767,0.07943436575519798
12866,CW,3,0.768,0.07899339777247749
12866,CW,3,0.769,0.08099888707129056
12866,CW,3,0.77,0.08475137486035779
12866,CW,3,0.771,0.08970892012125066
12866,CW,3,0.772,0.09551366339177983
12866,CW,3,0.773,0.10249880305013725
12866,CW,3,0.774,0.10893058595271152
12866,CW,3,0.775,0.11743642849544314
12866,CW,3,0.776,0.12579427930828802
12866,CW,3,0.777,0.1353318732694003
12866,CW,3,0.778,0.146123359561142
12866,CW,3,0.779,0.15438184948080264
12866,CW,3,0.78,0.1626797307893978
12866,CW,3,0.781,0.17033864172514
12866,CW,3,0.782,0.1786576798142379
12866,CW,3,0.783,0.18502500471138897
12866,CW,3,0.784,0.1957470030569027
12866,CW,3,0.785,0.2047897491143633
12866,CW,3,0.786,0.21295246316702754
12866,CW,3,0.787,0.22174959413575568
12866,CW,3,0.788,0.23081013193072542
12866,CW,3,0.789,0.24128494481863755
12866,CW,3,0.79,0.2534231273202436
12866,CW,3,0.791,0.2613248053248615
12866,CW,3,0.792,0.2763892978666893
12866,CW,3,0.793,0.2967532865337797
12866,CW,3,0.794,0.31432178474491573
12866,CW,3,0.795,0.3244113478215708
12866,CW,3,0.796,0.3341867976947542
12866,CW,3,0.797,0.3472991374082258
12866,CW,3,0.798,0.36645747584140426
12866,CW,3,0.799,0.3740091903976947
12866,CW,3,0.8,0.3908889818679099
12866,CW,3,0.801,0.4013600038200296
12866,CW,3,0.802,0.4086966431411844
12866,CW,3,0.803,0.4166474333767825
12866,CW,3,0.804,0.42551200511725085
12866,CW,3,0.805,0.4341249410775774
12866,CW,3,0.806,0.4405029425504717
12866,CW,3,0.807,0.44249611814434664
12866,CW,3,0.808,0.44487446209171244
12866,CW,3,0.809,0.45076843188686316
12866,CW,3,0.81,0.4632826154531289
12866,CW,3,0.811,0.4712873986891903
12866,CW,3,0.812,0.48657097200977784
12866,CW,3,0.8130000000000001,0.49268309429988894
12866,CW,3,0.8140000000000001,0.5019314092163853
12866,CW,3,0.8150000000000001,0.5124555760885371
12866,CW,3,0.8160000000000001,0.5217282158354295
12866,CW,3,0.8170000000000001,0.5298969144901736
12866,CW,3,0.8180000000000001,0.5413418566657076
12866,CW,3,0.8190000000000001,0.5446747247735977
12866,CW,3,0.8200000000000001,0.5494389789349093
12866,CW,3,0.8210000000000001,0.5591987978035458
12866,CW,3,0.8220000000000001,0.5615190993374796
12866,CW,3,0.8230000000000001,0.5636389735454674
12866,CW,3,0.8240000000000001,0.5611263207858033
12866,CW,3,0.8250000000000001,0.5638572709591384
12866,CW,3,0.8260000000000001,0.5715055919253395
12866,CW,3,0.8270000000000001,0.580624277034328
12866,CW,3,0.8280000000000001,0.5844074881728053
12866,CW,3,0.8290000000000001,0.5884137421083842
12866,CW,3,0.8300000000000001,0.5875713727659869
12866,CW,3,0.8310000000000001,0.5939937078539458
12866,CW,3,0.8320000000000001,0.594943072840929
12866,CW,3,0.833,0.5967625232797563
12866,CW,3,0.834,0.6044352505657028
12866,CW,3,0.835,0.6068427928824819
12866,CW,3,0.836,0.610191313850095
12866,CW,3,0.837,0.6179631001634215
12866,CW,3,0.838,0.6214391483153008
12866,CW,3,0.839,0.627270508888588
12866,CW,3,0.84,0.6338255949455567
12866,CW,3,0.841,0.6419420692586514
12866,CW,3,0.842,0.6485967255608794
12866,CW,3,0.843,0.6567776271060124
12866,CW,3,0.844,0.6584921236545855
12866,CW,3,0.845,0.6616411438276866
12866,CW,3,0.846,0.6658110056642251
12866,CW,3,0.847,0.6656984327116511
12866,CW,3,0.848,0.668040851093514
12866,CW,3,0.849,0.6705617885884638
12866,CW,3,0.85,0.6717502963475714
12866,CW,3,0.851,0.672867375436759
12866,CW,3,0.852,0.674922010174979
12866,CW,3,0.853,0.676259185079609
12866,CW,3,0.854,0.6781495692343683
12866,CW,3,0.855,0.6800025721947726
12866,CW,3,0.856,0.6832280491635498
12866,CW,3,0.857,0.6858545691151886
12866,CW,3,0.858,0.689552273289147
12866,CW,3,0.859,0.6919068340596254
12866,CW,3,0.86,0.6944483829000803
12866,CW,3,0.861,0.6953477613776787
12866,CW,3,0.862,0.6971497150097015
12866,CW,3,0.863,0.6991570438928497
12866,CW,3,0.864,0.7005094316105775
12866,CW,3,0.865,0.7020396476739178
12866,CW,3,0.866,0.7035854575125132
12866,CW,3,0.867,0.70500836969992
12866,CW,3,0.868,0.7065103443906582
12866,CW,3,0.869,0.7080065350170941
12866,CW,3,0.87,0.7095638935616116
12866,CW,3,0.871,0.7111848510949197
12866,CW,3,0.872,0.7127294267713962
12866,CW,3,0.873,0.7146206200999028
12866,CW,3,0.874,0.7164053196461043
12866,CW,3,0.875,0.7182745212344676
12866,CW,3,0.876,0.7202351659735589
12866,CW,3,0.877,0.7224525161428926
12866,CW,3,0.878,0.7250483608274256
12866,CW,3,0.879,0.7280542483527255
12866,CW,3,0.88,0.7316491721375061
12866,CW,3,0.881,0.7356133036578847
12866,CW,3,0.882,0.7399960166029296
12866,CW,3,0.883,0.7446174739272136
12866,CW,3,0.884,0.7499394172473843
12866,CW,3,0.885,0.755069268011008
12866,CW,3,0.886,0.7611739326121698
12866,CW,3,0.887,0.7675731953749084
12866,CW,3,0.888,0.7747881889427846
12866,CW,3,0.889,0.7834079881143372
12866,CW,3,0.89,0.7919377602519868
12866,CW,3,0.891,0.801825050220106
12866,CW,3,0.892,0.811767789960624
12866,CW,3,0.893,0.822128273156665
12866,CW,3,0.894,0.831075779974751
12866,CW,3,0.895,0.8422984911097683
12866,CW,3,0.896,0.8513300015820365
12866,CW,3,0.897,0.8599850558473933
12866,CW,3,0.898,0.8720658674531899
12866,CW,3,0.899,0.8813276588781276
12866,CW,3,0.9,0.8907697899291984
12866,CW,3,0.901,0.9036453363626198
12866,CW,3,0.902,0.9138804525367944
12866,CW,3,0.903,0.9256922525058504
12866,CW,3,0.904,0.94118220514256
12866,CW,3,0.905,0.9532800309994603
12866,CW,3,0.906,0.9686236142218118
12866,CW,3,0.907,0.9857450635087137
12866,CW,3,0.908,1.0037242288155581
12866,CW,3,0.909,1.023461510307658
12866,CW,3,0.91,1.0441483156143732
12866,CW,3,0.911,1.0618002030383744
12866,CW,3,0.912,1.0823817173745465
12866,CW,3,0.913,1.1010094036756386
12866,CW,3,0.914,1.1214318272707973
12866,CW,3,0.915,1.1377630639120204
12866,CW,3,0.916,1.1549477919614237
12866,CW,3,0.917,1.1713158300346305
12866,CW,3,0.918,1.1856230878619978
12866,CW,3,0.919,1.2037427008025408
12866,CW,3,0.92,1.2187450870464367
12866,CW,3,0.921,1.2362473185332836
12866,CW,3,0.922,1.2569343995705056
12866,CW,3,0.923,1.27525753283751
12866,CW,3,0.924,1.2967188586884588
12866,CW,3,0.925,1.320152230025681
12866,CW,3,0.926,1.347146612543676
12866,CW,3,0.927,1.3762321887181002
12866,CW,3,0.928,1.4038230036964252
12866,CW,3,0.929,1.436980057326015
12866,CW,3,0.93,1.4600586788846714
12866,CW,3,0.931,1.48007599967181
12866,CW,3,0.932,1.4951336392339527
12866,CW,3,0.933,1.5068831644664928
12866,CW,3,0.934,1.5174987666810789
12866,CW,3,0.935,1.527960042726467
12866,CW,3,0.936,1.5396633915701168
12866,CW,3,0.937,1.5474741173075204
12866,CW,3,0.9380000000000001,1.557364046019877
12866,CW,3,0.9390000000000001,1.5707702350902224
12866,CW,3,0.9400000000000001,1.579161175246939
12866,CW,3,0.9410000000000001,1.5827198102237336
12866,CW,3,0.9420000000000001,1.5871025312496847
12866,CW,3,0.9430000000000001,1.5996838584131194
12866,CW,3,0.9440000000000001,1.6177799771087682
12866,CW,3,0.9450000000000001,1.6416691775043208
12866,CW,3,0.9460000000000001,1.6695822608501922
12866,CW,3,0.9470000000000001,1.7012526800692813
12866,CW,3,0.9480000000000001,1.733304404844352
12866,CW,3,0.9490000000000001,1.7626643436955627
12866,CW,3,0.9500000000000001,1.7893054844732121
12866,CW,3,0.9510000000000001,1.8134021404618006
12866,CW,3,0.9520000000000001,1.8341862101999564
12866,CW,3,0.9530000000000001,1.8543143180163313
12866,CW,3,0.9540000000000001,1.8694975182568565
12866,CW,3,0.9550000000000001,1.887467069048838
12866,CW,3,0.9560000000000001,1.905365125261781
12866,CW,3,0.9570000000000001,1.9158133582268806
12866,CW,3,0.9580000000000001,1.9249193497868267
12866,CW,3,0.9590000000000001,1.93690217803271
12866,CW,3,0.96,1.9477743877259792
12866,CW,3,0.961,1.9589913080550503
12866,CW,3,0.962,1.9719660237149839
12866,CW,3,0.963,1.9887032068216033
12866,CW,3,0.964,2.0102346496918324
12866,CW,3,0.965,2.035211952544219
12866,CW,3,0.966,2.063594795142416
12866,CW,3,0.967,2.087816564554703
12866,CW,3,0.968,2.111207936326788
12866,CW,3,0.969,2.131625558485112
12866,CW,3,0.97,2.149144101697471
12866,CW,3,0.971,2.1656775714406717
12866,CW,3,0.972,2.184935902563681
12866,CW,3,0.973,2.1969395152596642
12866,CW,3,0.974,2.210352574405753
12866,CW,3,0.975,2.224292871979214
12866,CW,3,0.976,2.238322376997848
12866,CW,3,0.977,2.251958974258783
12866,CW,3,0.978,2.265778919793465
12866,CW,3,0.979,2.2799010660043284
12866,CW,3,0.98,2.294685452979534
12866,CW,3,0.981,2.3129829313295165
12866,CW,3,0.982,2.325119940344837
12866,CW,3,0.983,2.3442008580853506
12866,CW,3,0.984,2.3617171466184885
12866,CW,3,0.985,2.380359095333579
12866,CW,3,0.986,2.3997258105332113
12866,CW,3,0.987,2.4199061872500987
12866,CW,3,0.988,2.4417100548870647
12866,CW,3,0.989,2.4641064695599133
12866,CW,3,0.99,2.4862994886552467
12866,CW,3,0.991,2.506287088798444
12866,CW,3,0.992,2.5253525605036717
12866,CW,3,0.993,2.5440231718423227
12866,CW,3,0.994,2.5622899268480857
12866,CW,3,0.995,2.580793250456373
12866,CW,3,0.996,2.599939237289429
12866,CW,3,0.997,2.6201500555058552
12866,CW,3,0.998,2.642447819476768
12866,CW,3,0.999,2.6636159768433427
12866,CW,3,1.0,2.6858818924871075
12866,CW,4,0.0,0.0
12866,CW,4,0.001,0.002718859857759559
12866,CW,4,0.002,0.00556876383126523
12866,CW,4,0.003,0.0093079562542477
12866,CW,4,0.004,0.013153443245196808
12866,CW,4,0.005,0.01729663720836601
12866,CW,4,0.006,0.021353503809215343
12866,CW,4,0.007,0.026517720647719192
12866,CW,4,0.008,0.03285965882030003
12866,CW,4,0.009000000000000001,0.040201452648400145
12866,CW,4,0.01,0.04828275505498637
12866,CW,4,0.011,0.056614719520747724
12866,CW,4,0.012,0.06461362525101037
12866,CW,4,0.013000000000000001,0.07200800948267597
12866,CW,4,0.014,0.07872372716489577
12866,CW,4,0.015,0.08518853625255296
12866,CW,4,0.016,0.09157457262727153
12866,CW,4,0.017,0.09773194924137546
12866,CW,4,0.018000000000000002,0.10375343716132436
12866,CW,4,0.019,0.11047408915803199
12866,CW,4,0.02,0.11817742563491394
12866,CW,4,0.021,0.12677012731058684
12866,CW,4,0.022,0.13594045131396426
12866,CW,4,0.023,0.14510534073644432
12866,CW,4,0.024,0.15434796970182524
12866,CW,4,0.025,0.16355359754361087
12866,CW,4,0.026000000000000002,0.17306832212726259
12866,CW,4,0.027,0.18320249252144452
12866,CW,4,0.028,0.1924009800762014
12866,CW,4,0.029,0.20146518375968794
12866,CW,4,0.03,0.20983667138701023
12866,CW,4,0.031,0.21762085442821494
12866,CW,4,0.032,0.2246973216959868
12866,CW,4,0.033,0.23076363507340575
12866,CW,4,0.034,0.23745854941950487
12866,CW,4,0.035,0.24532562044577033
12866,CW,4,0.036000000000000004,0.2547169536596855
12866,CW,4,0.037,0.26546170659192625
12866,CW,4,0.038,0.27654449662374847
12866,CW,4,0.039,0.2879867348922746
12866,CW,4,0.04,0.29989727066540006
12866,CW,4,0.041,0.3118938215278009
12866,CW,4,0.042,0.32441084979351453
12866,CW,4,0.043000000000000003,0.3366533379392613
12866,CW,4,0.044,0.34745325755991135
12866,CW,4,0.045,0.35737164211024003
12866,CW,4,0.046,0.36660227102434745
12866,CW,4,0.047,0.37554603231295464
12866,CW,4,0.048,0.3840952705847919
12866,CW,4,0.049,0.3921014440543209
12866,CW,4,0.05,0.40095993058172247
12866,CW,4,0.051000000000000004,0.4105680545229295
12866,CW,4,0.052000000000000005,0.4197959299958563
12866,CW,4,0.053,0.4291071211062792
12866,CW,4,0.054,0.43909263036198004
12866,CW,4,0.055,0.4500658163189161
12866,CW,4,0.056,0.461224561009839
12866,CW,4,0.057,0.47200738363268907
12866,CW,4,0.058,0.4821090728864278
12866,CW,4,0.059000000000000004,0.4914839867205235
12866,CW,4,0.06,0.5001627888609846
12866,CW,4,0.061,0.5085649306589628
12866,CW,4,0.062,0.5162049322587999
12866,CW,4,0.063,0.5233899502492316
12866,CW,4,0.064,0.5300563887741905
12866,CW,4,0.065,0.5374092842133528
12866,CW,4,0.066,0.5462431781416235
12866,CW,4,0.067,0.5562427235426975
12866,CW,4,0.068,0.567449997171435
12866,CW,4,0.069,0.5789541101992182
12866,CW,4,0.07,0.5905409656943499
12866,CW,4,0.07100000000000001,0.6019512884777889
12866,CW,4,0.07200000000000001,0.6130273400922399
12866,CW,4,0.073,0.6239487604690137
12866,CW,4,0.074,0.6346477400752355
12866,CW,4,0.075,0.6449949087246342
12866,CW,4,0.076,0.6543743205020095
12866,CW,4,0.077,0.6632634126824893
12866,CW,4,0.078,0.6729439975306133
12866,CW,4,0.079,0.6829071071005924
12866,CW,4,0.08,0.6930620670159675
12866,CW,4,0.081,0.7029613626747887
12866,CW,4,0.082,0.712989747161094
12866,CW,4,0.083,0.7237230949516776
12866,CW,4,0.084,0.7350439725021973
12866,CW,4,0.085,0.7463071156744285
12866,CW,4,0.08600000000000001,0.7570675869372547
12866,CW,4,0.08700000000000001,0.7681711043078379
12866,CW,4,0.088,0.7800683300611375
12866,CW,4,0.089,0.791842801816797
12866,CW,4,0.09,0.8032777891077704
12866,CW,4,0.091,0.8146169601235566
12866,CW,4,0.092,0.825230519812396
12866,CW,4,0.093,0.8340772021177817
12866,CW,4,0.094,0.8414444598945888
12866,CW,4,0.095,0.8472598799678226
12866,CW,4,0.096,0.8519501676652796
12866,CW,4,0.097,0.855795295082646
12866,CW,4,0.098,0.8606099067667262
12866,CW,4,0.099,0.8673107960589528
12866,CW,4,0.1,0.8802832597266866
12866,CW,4,0.101,0.8895253156924516
12866,CW,4,0.10200000000000001,0.9027388322285556
12866,CW,4,0.10300000000000001,0.9157346189577226
12866,CW,4,0.10400000000000001,0.9314401348518441
12866,CW,4,0.105,0.9427522066281516
12866,CW,4,0.106,0.9529718505152747
12866,CW,4,0.107,0.9613084892564078
12866,CW,4,0.108,0.9687768330429476
12866,CW,4,0.109,0.9759546943008724
12866,CW,4,0.11,0.9841354160496562
12866,CW,4,0.111,0.9850446739055192
12866,CW,4,0.112,0.9852764381142127
12866,CW,4,0.113,0.9794690599893111
12866,CW,4,0.114,0.9747448624899578
12866,CW,4,0.115,0.9648263902574847
12866,CW,4,0.116,0.9543181523966742
12866,CW,4,0.117,0.9391508752446434
12866,CW,4,0.11800000000000001,0.9330456376683596
12866,CW,4,0.11900000000000001,0.938322453209166
12866,CW,4,0.12,0.9398364180713772
12866,CW,4,0.121,0.9530809439365862
12866,CW,4,0.122,0.962415774248846
12866,CW,4,0.123,0.9671913688935261
12866,CW,4,0.124,0.9828464210469788
12866,CW,4,0.125,0.989068783582115
12866,CW,4,0.126,0.9970138670412317
12866,CW,4,0.127,1.0054463831870515
12866,CW,4,0.128,1.0148937386927672
12866,CW,4,0.129,1.0253601559672911
12866,CW,4,0.13,1.0375983659900692
12866,CW,4,0.131,1.038721314736321
12866,CW,4,0.132,1.0481720523601121
12866,CW,4,0.133,1.050699592577504
12866,CW,4,0.134,1.03759872739027
12866,CW,4,0.135,1.0277906957624279
12866,CW,4,0.136,1.00491065965363
12866,CW,4,0.137,0.9774225006833047
12866,CW,4,0.138,0.9557953336707351
12866,CW,4,0.139,0.926958000620817
12866,CW,4,0.14,0.9145334765319721
12866,CW,4,0.14100000000000001,0.9126149378680157
12866,CW,4,0.14200000000000002,0.9233354777416136
12866,CW,4,0.14300000000000002,0.9339684163630688
12866,CW,4,0.14400000000000002,0.9484706100645415
12866,CW,4,0.145,0.9704232316243887
12866,CW,4,0.146,0.9896543175475804
12866,CW,4,0.147,0.9969850453727191
12866,CW,4,0.148,1.0145808116651356
12866,CW,4,0.149,1.029609292471356
12866,CW,4,0.15,1.043864957323063
12866,CW,4,0.151,1.0552512833020127
12866,CW,4,0.152,1.0639544098582585
12866,CW,4,0.153,1.0726704713499704
12866,CW,4,0.154,1.0770705451800975
12866,CW,4,0.155,1.0834437098522416
12866,CW,4,0.156,1.082383216276397
12866,CW,4,0.157,1.0801231495020733
12866,CW,4,0.158,1.0747255925585475
12866,CW,4,0.159,1.0668996920530422
12866,CW,4,0.16,1.0570061558900368
12866,CW,4,0.161,1.0510539051057148
12866,CW,4,0.162,1.0464887374793173
12866,CW,4,0.163,1.0468725444125995
12866,CW,4,0.164,1.0516064883519458
12866,CW,4,0.165,1.0607516997625708
12866,CW,4,0.166,1.0695203648015568
12866,CW,4,0.167,1.0851455119891704
12866,CW,4,0.168,1.1008998031315411
12866,CW,4,0.169,1.1184549078709154
12866,CW,4,0.17,1.1354067081987795
12866,CW,4,0.171,1.1498030599695859
12866,CW,4,0.17200000000000001,1.1620979494817711
12866,CW,4,0.17300000000000001,1.1723168589186148
12866,CW,4,0.17400000000000002,1.1801040130271379
12866,CW,4,0.17500000000000002,1.1863836487093533
12866,CW,4,0.176,1.1915877559947903
12866,CW,4,0.177,1.1967981626788053
12866,CW,4,0.178,1.2022094266972472
12866,CW,4,0.179,1.2100001024177545
12866,CW,4,0.18,1.2172136288050055
12866,CW,4,0.181,1.2262194081123594
12866,CW,4,0.182,1.236298353970752
12866,CW,4,0.183,1.2473195283691378
12866,CW,4,0.184,1.259310822477528
12866,CW,4,0.185,1.2724615831283244
12866,CW,4,0.186,1.2846398122540863
12866,CW,4,0.187,1.294598544668881
12866,CW,4,0.188,1.303657946779538
12866,CW,4,0.189,1.313737639157921
12866,CW,4,0.19,1.3201718990437987
12866,CW,4,0.191,1.3270274997474114
12866,CW,4,0.192,1.3328415022370945
12866,CW,4,0.193,1.3345849513965466
12866,CW,4,0.194,1.3379762074084511
12866,CW,4,0.195,1.338309269882596
12866,CW,4,0.196,1.339722206519572
12866,CW,4,0.197,1.344520078808153
12866,CW,4,0.198,1.3504781556358634
12866,CW,4,0.199,1.3553736573854616
12866,CW,4,0.2,1.3646109021444635
12866,CW,4,0.201,1.3720090939072958
12866,CW,4,0.202,1.3805567955382068
12866,CW,4,0.203,1.3877667100727848
12866,CW,4,0.20400000000000001,1.3937755025286647
12866,CW,4,0.20500000000000002,1.4011315537679168
12866,CW,4,0.20600000000000002,1.4037897557569
12866,CW,4,0.20700000000000002,1.4084414502849154
12866,CW,4,0.20800000000000002,1.4122013379004705
12866,CW,4,0.209,1.414807904262778
12866,CW,4,0.21,1.4155073451214715
12866,CW,4,0.211,1.4138311936872108
12866,CW,4,0.212,1.408877891373957
12866,CW,4,0.213,1.4024471063965445
12866,CW,4,0.214,1.394147283215804
12866,CW,4,0.215,1.3894843949433686
12866,CW,4,0.216,1.384814902642486
12866,CW,4,0.217,1.3825726644718432
12866,CW,4,0.218,1.3830663118152116
12866,CW,4,0.219,1.3863825002315797
12866,CW,4,0.22,1.3878169473970519
12866,CW,4,0.221,1.3892258252501646
12866,CW,4,0.222,1.3901423889836495
12866,CW,4,0.223,1.3923076370815313
12866,CW,4,0.224,1.3953689864348486
12866,CW,4,0.225,1.3984625285618861
12866,CW,4,0.226,1.4013196579418383
12866,CW,4,0.227,1.4034725607386453
12866,CW,4,0.228,1.403380504420409
12866,CW,4,0.229,1.4013475452704478
12866,CW,4,0.23,1.3972666519282677
12866,CW,4,0.231,1.391349602421708
12866,CW,4,0.232,1.3845647457309886
12866,CW,4,0.233,1.376703175029629
12866,CW,4,0.234,1.3716217984681558
12866,CW,4,0.23500000000000001,1.3675073912056797
12866,CW,4,0.23600000000000002,1.3659577760396113
12866,CW,4,0.23700000000000002,1.363481714279798
12866,CW,4,0.23800000000000002,1.3625648795759573
12866,CW,4,0.23900000000000002,1.3611382655692923
12866,CW,4,0.24,1.3621805998004097
12866,CW,4,0.241,1.3630580809328365
12866,CW,4,0.242,1.3639863018158191
12866,CW,4,0.243,1.3651618114511994
12866,CW,4,0.244,1.3626665761139611
12866,CW,4,0.245,1.3625646001446978
12866,CW,4,0.246,1.3601400301611903
12866,CW,4,0.247,1.356667255192559
12866,CW,4,0.248,1.3530292171509959
12866,CW,4,0.249,1.3475310585040077
12866,CW,4,0.25,1.3458260188895803
12866,CW,4,0.251,1.3432941404024072
12866,CW,4,0.252,1.3409499518188253
12866,CW,4,0.253,1.3385728420925598
12866,CW,4,0.254,1.3366497408140419
12866,CW,4,0.255,1.3357331008164255
12866,CW,4,0.256,1.3319498737410442
12866,CW,4,0.257,1.3297224902073865
12866,CW,4,0.258,1.3268804287232285
12866,CW,4,0.259,1.3236601341448617
12866,CW,4,0.26,1.3199107430346806
12866,CW,4,0.261,1.3161047146977696
12866,CW,4,0.262,1.31219681856442
12866,CW,4,0.263,1.3084245198316766
12866,CW,4,0.264,1.3049360677477972
12866,CW,4,0.265,1.3016298378882147
12866,CW,4,0.266,1.2986487794650687
12866,CW,4,0.267,1.295895875806423
12866,CW,4,0.268,1.2931286115573875
12866,CW,4,0.269,1.2902248807760355
12866,CW,4,0.27,1.2874423233306085
12866,CW,4,0.271,1.2849032546589443
12866,CW,4,0.272,1.2826196659211115
12866,CW,4,0.273,1.280700076373656
12866,CW,4,0.274,1.2782756276104845
12866,CW,4,0.275,1.275633768145368
12866,CW,4,0.276,1.2725597735270016
12866,CW,4,0.277,1.2687926508604115
12866,CW,4,0.278,1.2645197068854763
12866,CW,4,0.279,1.2600593550574515
12866,CW,4,0.28,1.255597501044241
12866,CW,4,0.281,1.251073429502452
12866,CW,4,0.28200000000000003,1.2465040269841112
12866,CW,4,0.28300000000000003,1.2414541375109291
12866,CW,4,0.28400000000000003,1.236967953452246
12866,CW,4,0.28500000000000003,1.2335821328514363
12866,CW,4,0.28600000000000003,1.2318627253776544
12866,CW,4,0.28700000000000003,1.2310586107076875
12866,CW,4,0.28800000000000003,1.2302330307055096
12866,CW,4,0.289,1.2293010815042549
12866,CW,4,0.29,1.2276544090316628
12866,CW,4,0.291,1.225033145329498
12866,CW,4,0.292,1.2218996917199807
12866,CW,4,0.293,1.2187459546103283
12866,CW,4,0.294,1.2133740530770878
12866,CW,4,0.295,1.2077176953174191
12866,CW,4,0.296,1.20283877316451
12866,CW,4,0.297,1.1973142509057473
12866,CW,4,0.298,1.1924148677601687
12866,CW,4,0.299,1.1862839541979857
12866,CW,4,0.3,1.1809242808241507
12866,CW,4,0.301,1.1745333002818126
12866,CW,4,0.302,1.1693683314313474
12866,CW,4,0.303,1.1644241951956091
12866,CW,4,0.304,1.1589295182563897
12866,CW,4,0.305,1.1553646932641697
12866,CW,4,0.306,1.1521011812657154
12866,CW,4,0.307,1.1495764601291805
12866,CW,4,0.308,1.1456754593930025
12866,CW,4,0.309,1.1424619642115137
12866,CW,4,0.31,1.1382151317011322
12866,CW,4,0.311,1.1321936648338473
12866,CW,4,0.312,1.1265480587134467
12866,CW,4,0.313,1.1199329668761544
12866,CW,4,0.314,1.112409329959552
12866,CW,4,0.315,1.1051686933804312
12866,CW,4,0.316,1.097296991736306
12866,CW,4,0.317,1.0884387878810402
12866,CW,4,0.318,1.0795921606491685
12866,CW,4,0.319,1.0715039372722492
12866,CW,4,0.32,1.0639238067757888
12866,CW,4,0.321,1.0559334353933867
12866,CW,4,0.322,1.0487593531727009
12866,CW,4,0.323,1.0422069789220434
12866,CW,4,0.324,1.035787042247411
12866,CW,4,0.325,1.0300617068309588
12866,CW,4,0.326,1.024194252104735
12866,CW,4,0.327,1.0178056614788196
12866,CW,4,0.328,1.0113868426520816
12866,CW,4,0.329,1.0046189869809383
12866,CW,4,0.33,0.9975710382412607
12866,CW,4,0.331,0.9906399364999116
12866,CW,4,0.332,0.9834375011696133
12866,CW,4,0.333,0.9761719746676679
12866,CW,4,0.334,0.9691822467349772
12866,CW,4,0.335,0.9626199573848823
12866,CW,4,0.336,0.9563580070405615
12866,CW,4,0.337,0.9504716997881577
12866,CW,4,0.338,0.9449808146980097
12866,CW,4,0.339,0.9398985319618024
12866,CW,4,0.34,0.9351667391482528
12866,CW,4,0.341,0.9305827654435089
12866,CW,4,0.342,0.9260158696858238
12866,CW,4,0.343,0.9214399058308189
12866,CW,4,0.34400000000000003,0.9169510678945889
12866,CW,4,0.34500000000000003,0.9126347211823831
12866,CW,4,0.34600000000000003,0.908539487225675
12866,CW,4,0.34700000000000003,0.904690454234656
12866,CW,4,0.34800000000000003,0.9010806738983609
12866,CW,4,0.34900000000000003,0.8976453036232572
12866,CW,4,0.35000000000000003,0.8944336038666645
12866,CW,4,0.35100000000000003,0.8915162902293975
12866,CW,4,0.352,0.888917228245281
12866,CW,4,0.353,0.8866444841471758
12866,CW,4,0.354,0.8846941908836692
12866,CW,4,0.355,0.883010010019105
12866,CW,4,0.356,0.8814848796189556
12866,CW,4,0.357,0.8800418045939356
12866,CW,4,0.358,0.878776946766981
12866,CW,4,0.359,0.8778506438595501
12866,CW,4,0.36,0.8775376787464366
12866,CW,4,0.361,0.8778529293970178
12866,CW,4,0.362,0.8785892308708468
12866,CW,4,0.363,0.8795119013799259
12866,CW,4,0.364,0.8806942379211681
12866,CW,4,0.365,0.8824116508078946
12866,CW,4,0.366,0.8847284492016122
12866,CW,4,0.367,0.8874031459723877
12866,CW,4,0.368,0.8902284858480524
12866,CW,4,0.369,0.8931966043459223
12866,CW,4,0.37,0.8962254187092901
12866,CW,4,0.371,0.8992261513691838
12866,CW,4,0.372,0.9021777452256772
12866,CW,4,0.373,0.905158744026771
12866,CW,4,0.374,0.9082250315296517
12866,CW,4,0.375,0.9113584743578373
12866,CW,4,0.376,0.9153665768840984
12866,CW,4,0.377,0.9198802968370348
12866,CW,4,0.378,0.924868425744036
12866,CW,4,0.379,0.9304006928549355
12866,CW,4,0.38,0.9366329624214812
12866,CW,4,0.381,0.9435715740398144
12866,CW,4,0.382,0.9509034863977661
12866,CW,4,0.383,0.9583193620459044
12866,CW,4,0.384,0.9655284746842523
12866,CW,4,0.385,0.9729081367386462
12866,CW,4,0.386,0.9803171750650722
12866,CW,4,0.387,0.9874976882133523
12866,CW,4,0.388,0.9942642362535623
12866,CW,4,0.389,1.0008476855235617
12866,CW,4,0.39,1.0072059219660523
12866,CW,4,0.391,1.0136891096088654
12866,CW,4,0.392,1.0206909647576312
12866,CW,4,0.393,1.0284356893783035
12866,CW,4,0.394,1.036629946313739
12866,CW,4,0.395,1.0449931234392713
12866,CW,4,0.396,1.0539909926873636
12866,CW,4,0.397,1.0635399642572705
12866,CW,4,0.398,1.0737067589689002
12866,CW,4,0.399,1.0842609895609492
12866,CW,4,0.4,1.0947053517112209
12866,CW,4,0.401,1.1048515819172842
12866,CW,4,0.402,1.114872175875475
12866,CW,4,0.403,1.124878949048427
12866,CW,4,0.404,1.1348836089956884
12866,CW,4,0.405,1.1448675560050612
12866,CW,4,0.406,1.1550664410932434
12866,CW,4,0.40700000000000003,1.1659309364779193
12866,CW,4,0.40800000000000003,1.1774853694332026
12866,CW,4,0.40900000000000003,1.1895970280222639
12866,CW,4,0.41000000000000003,1.2019233711160398
12866,CW,4,0.41100000000000003,1.2145386220606318
12866,CW,4,0.41200000000000003,1.227597198787562
12866,CW,4,0.41300000000000003,1.2409406416861664
12866,CW,4,0.41400000000000003,1.2545143956477962
12866,CW,4,0.41500000000000004,1.2676048642904918
12866,CW,4,0.41600000000000004,1.279937106774574
12866,CW,4,0.417,1.291498019699806
12866,CW,4,0.418,1.302565516658313
12866,CW,4,0.419,1.3133158312310578
12866,CW,4,0.42,1.3239556048788743
12866,CW,4,0.421,1.3351645596443695
12866,CW,4,0.422,1.347049632375937
12866,CW,4,0.423,1.3593504757413153
12866,CW,4,0.424,1.3720567115622564
12866,CW,4,0.425,1.3846842600645204
12866,CW,4,0.426,1.397587578716899
12866,CW,4,0.427,1.411326232487886
12866,CW,4,0.428,1.4258063321752619
12866,CW,4,0.429,1.4411452424322337
12866,CW,4,0.43,1.4569147595443874
12866,CW,4,0.431,1.4723086284223328
12866,CW,4,0.432,1.4871445148440245
12866,CW,4,0.433,1.5008260883904874
12866,CW,4,0.434,1.5131182793172944
12866,CW,4,0.435,1.5245546420880192
12866,CW,4,0.436,1.5356793714964214
12866,CW,4,0.437,1.5470680065486655
12866,CW,4,0.438,1.5589180170820351
12866,CW,4,0.439,1.5714322309955997
12866,CW,4,0.44,1.5849606986059226
12866,CW,4,0.441,1.599396979005261
12866,CW,4,0.442,1.6142496476019361
12866,CW,4,0.443,1.6293708195409073
12866,CW,4,0.444,1.645379170903351
12866,CW,4,0.445,1.662215740050412
12866,CW,4,0.446,1.6793106899219143
12866,CW,4,0.447,1.6967680450720843
12866,CW,4,0.448,1.7145623988725789
12866,CW,4,0.449,1.7320130140313608
12866,CW,4,0.45,1.7493772417656326
12866,CW,4,0.451,1.7659426732956578
12866,CW,4,0.452,1.7816314394458315
12866,CW,4,0.453,1.7969387399214019
12866,CW,4,0.454,1.8122130086883639
12866,CW,4,0.455,1.827787648484889
12866,CW,4,0.456,1.8440497989259232
12866,CW,4,0.457,1.8614891303503525
12866,CW,4,0.458,1.8795222967981466
12866,CW,4,0.459,1.8970984381770881
12866,CW,4,0.46,1.9140629498423385
12866,CW,4,0.461,1.9306254032049615
12866,CW,4,0.462,1.9473643824900557
12866,CW,4,0.463,1.9641062577850743
12866,CW,4,0.464,1.9805223567360144
12866,CW,4,0.465,1.9975019069286462
12866,CW,4,0.466,2.0148478965849894
12866,CW,4,0.467,2.0316407227507733
12866,CW,4,0.468,2.0470020915558087
12866,CW,4,0.46900000000000003,2.061780163373078
12866,CW,4,0.47000000000000003,2.0765420625886373
12866,CW,4,0.47100000000000003,2.0918034113221107
12866,CW,4,0.47200000000000003,2.107381100240943
12866,CW,4,0.47300000000000003,2.1229716835968766
12866,CW,4,0.47400000000000003,2.1388339603786886
12866,CW,4,0.47500000000000003,2.156012053370749
12866,CW,4,0.47600000000000003,2.174474197651186
12866,CW,4,0.47700000000000004,2.1934862779272595
12866,CW,4,0.47800000000000004,2.211894102457788
12866,CW,4,0.47900000000000004,2.229621023674377
12866,CW,4,0.48,2.2473161009964917
12866,CW,4,0.481,2.2651508102586826
12866,CW,4,0.482,2.2827487656079577
12866,CW,4,0.483,2.3002760924910257
12866,CW,4,0.484,2.3171742916947267
12866,CW,4,0.485,2.3334589755061534
12866,CW,4,0.486,2.3495102988880805
12866,CW,4,0.487,2.365597727242002
12866,CW,4,0.488,2.3820890673362554
12866,CW,4,0.489,2.3991400703515016
12866,CW,4,0.49,2.4162418476852516
12866,CW,4,0.491,2.43310935888849
12866,CW,4,0.492,2.4500408188807996
12866,CW,4,0.493,2.4677772869923116
12866,CW,4,0.494,2.485724684310187
12866,CW,4,0.495,2.502634026737112
12866,CW,4,0.496,2.5189338722105687
12866,CW,4,0.497,2.535545013398652
12866,CW,4,0.498,2.5518062915965523
12866,CW,4,0.499,2.5675392902678165
12866,CW,4,0.5,2.581873387847447
12866,CW,4,0.501,2.59625123244284
12866,CW,4,0.502,2.6106456557225624
12866,CW,4,0.503,2.625309280349015
12866,CW,4,0.504,2.6410856757025885
12866,CW,4,0.505,2.6582618120121313
12866,CW,4,0.506,2.6760953790280957
12866,CW,4,0.507,2.6937098028466666
12866,CW,4,0.508,2.712127863633501
12866,CW,4,0.509,2.7309317560872772
12866,CW,4,0.51,2.749742406469191
12866,CW,4,0.511,2.768012283450812
12866,CW,4,0.512,2.7854119764532133
12866,CW,4,0.513,2.801741786197578
12866,CW,4,0.514,2.8173696771170684
12866,CW,4,0.515,2.8324442939833188
12866,CW,4,0.516,2.846976882882497
12866,CW,4,0.517,2.861011027439278
12866,CW,4,0.518,2.8753288757005433
12866,CW,4,0.519,2.891122370849964
12866,CW,4,0.52,2.9072810033994725
12866,CW,4,0.521,2.9246776691545375
12866,CW,4,0.522,2.9433194752789644
12866,CW,4,0.523,2.963281138668035
12866,CW,4,0.524,2.983685191079438
12866,CW,4,0.525,3.0049881694936693
12866,CW,4,0.526,3.0257217357869632
12866,CW,4,0.527,3.045519218038513
12866,CW,4,0.528,3.064447412521169
12866,CW,4,0.529,3.082610379287942
12866,CW,4,0.53,3.100138968578988
12866,CW,4,0.531,3.1172753510424345
12866,CW,4,0.532,3.1327769579453912
12866,CW,4,0.533,3.146556882437851
12866,CW,4,0.534,3.1602474860361727
12866,CW,4,0.535,3.1722600863137287
12866,CW,4,0.536,3.1845669193488324
12866,CW,4,0.537,3.1975593439271788
12866,CW,4,0.538,3.2113582595316674
12866,CW,4,0.539,3.227259610104703
12866,CW,4,0.54,3.2445288468048155
12866,CW,4,0.541,3.262611568972862
12866,CW,4,0.542,3.281576731210926
12866,CW,4,0.543,3.300026404513549
12866,CW,4,0.544,3.316877314400483
12866,CW,4,0.545,3.3324613152247844
12866,CW,4,0.546,3.346738783291781
12866,CW,4,0.547,3.358352741660207
12866,CW,4,0.548,3.367289462780156
12866,CW,4,0.549,3.374138403528001
12866,CW,4,0.55,3.3799175757866156
12866,CW,4,0.551,3.380111519523278
12866,CW,4,0.552,3.380552022092026
12866,CW,4,0.553,3.3775519618873213
12866,CW,4,0.554,3.373621892994575
12866,CW,4,0.555,3.362979435226315
12866,CW,4,0.556,3.352316052312276
12866,CW,4,0.557,3.3395921202243604
12866,CW,4,0.558,3.324247302086604
12866,CW,4,0.559,3.3135242134785594
12866,CW,4,0.56,3.2993572442127723
12866,CW,4,0.561,3.2879748789826047
12866,CW,4,0.562,3.2702968306928484
12866,CW,4,0.5630000000000001,3.2444576884536795
12866,CW,4,0.5640000000000001,3.205981398350299
12866,CW,4,0.5650000000000001,3.153917487092384
12866,CW,4,0.5660000000000001,3.0947104249991924
12866,CW,4,0.5670000000000001,3.0184533239649123
12866,CW,4,0.5680000000000001,2.94838612883653
12866,CW,4,0.5690000000000001,2.876830850909212
12866,CW,4,0.5700000000000001,2.809200149154231
12866,CW,4,0.5710000000000001,2.7474961955561086
12866,CW,4,0.5720000000000001,2.697555074824219
12866,CW,4,0.5730000000000001,2.6495680585935193
12866,CW,4,0.5740000000000001,2.601611826146519
12866,CW,4,0.5750000000000001,2.5695748311780013
12866,CW,4,0.5760000000000001,2.531541805905542
12866,CW,4,0.577,2.5086709883856373
12866,CW,4,0.578,2.4871575315308485
12866,CW,4,0.579,2.465793984267721
12866,CW,4,0.58,2.4491585677625904
12866,CW,4,0.581,2.4339784277641106
12866,CW,4,0.582,2.4222882974768187
12866,CW,4,0.583,2.4128259299556847
12866,CW,4,0.584,2.4058482043739087
12866,CW,4,0.585,2.4005648639728543
12866,CW,4,0.586,2.397027391009767
12866,CW,4,0.587,2.39484765527953
12866,CW,4,0.588,2.393508598953153
12866,CW,4,0.589,2.3941077048448918
12866,CW,4,0.59,2.3945493530285673
12866,CW,4,0.591,2.3967452336591513
12866,CW,4,0.592,2.399630982898393
12866,CW,4,0.593,2.402016084418634
12866,CW,4,0.594,2.4043703134683545
12866,CW,4,0.595,2.408023908318065
12866,CW,4,0.596,2.4116504673985046
12866,CW,4,0.597,2.417414611930704
12866,CW,4,0.598,2.422411157576635
12866,CW,4,0.599,2.4258762756174246
12866,CW,4,0.6,2.4278396613154527
12866,CW,4,0.601,2.4279863590704513
12866,CW,4,0.602,2.425546160013723
12866,CW,4,0.603,2.4214452735116407
12866,CW,4,0.604,2.4181194271180964
12866,CW,4,0.605,2.411631173677468
12866,CW,4,0.606,2.4051950567493714
12866,CW,4,0.607,2.3976142257121356
12866,CW,4,0.608,2.3890028086551256
12866,CW,4,0.609,2.380465365785109
12866,CW,4,0.61,2.3709596166817586
12866,CW,4,0.611,2.363810174460023
12866,CW,4,0.612,2.355771979229192
12866,CW,4,0.613,2.3492665941665143
12866,CW,4,0.614,2.3425413919961318
12866,CW,4,0.615,2.3354064103422147
12866,CW,4,0.616,2.327130781081364
12866,CW,4,0.617,2.317442081949186
12866,CW,4,0.618,2.3065708928046433
12866,CW,4,0.619,2.294810363708477
12866,CW,4,0.62,2.282668613975954
12866,CW,4,0.621,2.2702173620599746
12866,CW,4,0.622,2.2576371887954805
12866,CW,4,0.623,2.2449278390210234
12866,CW,4,0.624,2.231905631029142
12866,CW,4,0.625,2.219271021750996
12866,CW,4,0.626,2.2073597571511785
12866,CW,4,0.627,2.1956771961493313
12866,CW,4,0.628,2.1849941720505135
12866,CW,4,0.629,2.17431048552502
12866,CW,4,0.63,2.1642268028909677
12866,CW,4,0.631,2.1539210483494178
12866,CW,4,0.632,2.1432809694739623
12866,CW,4,0.633,2.132442444678888
12866,CW,4,0.634,2.1215055373989262
12866,CW,4,0.635,2.1104224594739285
12866,CW,4,0.636,2.0994067626599877
12866,CW,4,0.637,2.0887220647021647
12866,CW,4,0.638,2.078274502322969
12866,CW,4,0.639,2.06795747374255
12866,CW,4,0.64,2.057670097547984
12866,CW,4,0.641,2.0479599095106864
12866,CW,4,0.642,2.0388574111649587
12866,CW,4,0.643,2.0300065132230727
12866,CW,4,0.644,2.0217308686188624
12866,CW,4,0.645,2.0137291622991134
12866,CW,4,0.646,2.006098984789791
12866,CW,4,0.647,1.9984258724201331
12866,CW,4,0.648,1.990776177468981
12866,CW,4,0.649,1.9832690503312322
12866,CW,4,0.65,1.9758780824632498
12866,CW,4,0.651,1.9686777557136712
12866,CW,4,0.652,1.961709438610395
12866,CW,4,0.653,1.955168476389881
12866,CW,4,0.654,1.9490901059699257
12866,CW,4,0.655,1.943401448518004
12866,CW,4,0.656,1.938189882930273
12866,CW,4,0.657,1.9334873924353921
12866,CW,4,0.658,1.9292718418837176
12866,CW,4,0.659,1.925486965530544
12866,CW,4,0.66,1.9221509138943953
12866,CW,4,0.661,1.9192697675351214
12866,CW,4,0.662,1.9168279642055521
12866,CW,4,0.663,1.9148507219912203
12866,CW,4,0.664,1.9133612066591383
12866,CW,4,0.665,1.9123536661645588
12866,CW,4,0.666,1.9118605601302705
12866,CW,4,0.667,1.9119684910243713
12866,CW,4,0.668,1.9126507564987427
12866,CW,4,0.669,1.9138521516090776
12866,CW,4,0.67,1.9156782932136782
12866,CW,4,0.671,1.9181191147409415
12866,CW,4,0.672,1.9209693743897167
12866,CW,4,0.673,1.9239449777636106
12866,CW,4,0.674,1.927128551806197
12866,CW,4,0.675,1.9310077343686147
12866,CW,4,0.676,1.9358256344773725
12866,CW,4,0.677,1.9406029229202681
12866,CW,4,0.678,1.9441596347212953
12866,CW,4,0.679,1.9458033990694024
12866,CW,4,0.68,1.9460444935851495
12866,CW,4,0.681,1.944307253013028
12866,CW,4,0.682,1.9411488809587538
12866,CW,4,0.683,1.9382501018919507
12866,CW,4,0.684,1.934924677690313
12866,CW,4,0.685,1.9310943964351435
12866,CW,4,0.686,1.9253099342528717
12866,CW,4,0.687,1.9197734841724037
12866,CW,4,0.6880000000000001,1.9138137099616999
12866,CW,4,0.6890000000000001,1.908337415722588
12866,CW,4,0.6900000000000001,1.9036414389054375
12866,CW,4,0.6910000000000001,1.899869144229967
12866,CW,4,0.6920000000000001,1.897656287629673
12866,CW,4,0.6930000000000001,1.898016877165554
12866,CW,4,0.6940000000000001,1.901341541618246
12866,CW,4,0.6950000000000001,1.9085163010440296
12866,CW,4,0.6960000000000001,1.9225804725235836
12866,CW,4,0.6970000000000001,1.9486045762099196
12866,CW,4,0.6980000000000001,1.9836627973516716
12866,CW,4,0.6990000000000001,2.027909161991561
12866,CW,4,0.7000000000000001,2.078852114983569
12866,CW,4,0.7010000000000001,2.150463258265105
12866,CW,4,0.7020000000000001,2.2163440696843524
12866,CW,4,0.7030000000000001,2.289826563117832
12866,CW,4,0.704,2.382217904150446
12866,CW,4,0.705,2.457255471368143
12866,CW,4,0.706,2.5490778417064437
12866,CW,4,0.707,2.6153319088601354
12866,CW,4,0.708,2.704205574289652
12866,CW,4,0.709,2.767783203116775
12866,CW,4,0.71,2.8680716853580774
12866,CW,4,0.711,2.9487896378146066
12866,CW,4,0.712,3.062639779938515
12866,CW,4,0.713,3.1606406855647626
12866,CW,4,0.714,3.2866164387558823
12866,CW,4,0.715,3.4251606269763686
12866,CW,4,0.716,3.552482146967545
12866,CW,4,0.717,3.69285431686846
12866,CW,4,0.718,3.8261825361162174
12866,CW,4,0.719,3.9762678117054238
12866,CW,4,0.72,4.11442387070465
12866,CW,4,0.721,4.243035594013607
12866,CW,4,0.722,4.373379995554299
12866,CW,4,0.723,4.483442026936791
12866,CW,4,0.724,4.5814919327598265
12866,CW,4,0.725,4.674776749772891
12866,CW,4,0.726,4.75042457719396
12866,CW,4,0.727,4.826644773408011
12866,CW,4,0.728,4.880429262703383
12866,CW,4,0.729,4.926581798450176
12866,CW,4,0.73,4.962908178863223
12866,CW,4,0.731,4.988887184861719
12866,CW,4,0.732,5.008219591790241
12866,CW,4,0.733,5.021681107848422
12866,CW,4,0.734,5.036187013852574
12866,CW,4,0.735,5.047921556549726
12866,CW,4,0.736,5.071724645221573
12866,CW,4,0.737,5.098856189434165
12866,CW,4,0.738,5.141964805774714
12866,CW,4,0.739,5.187416105406246
12866,CW,4,0.74,5.241926635205912
12866,CW,4,0.741,5.304790723304663
12866,CW,4,0.742,5.37532610627345
12866,CW,4,0.743,5.446740147008885
12866,CW,4,0.744,5.519012593500262
12866,CW,4,0.745,5.587949073273689
12866,CW,4,0.746,5.650411685588074
12866,CW,4,0.747,5.7062114478513655
12866,CW,4,0.748,5.751036678918162
12866,CW,4,0.749,5.787357374695117
12866,CW,4,0.75,5.820374455462343
12866,CW,4,0.751,5.846131454699945
12866,CW,4,0.752,5.869466008652974
12866,CW,4,0.753,5.890218855803425
12866,CW,4,0.754,5.9068980783278455
12866,CW,4,0.755,5.9222512642775
12866,CW,4,0.756,5.9337306198906825
12866,CW,4,0.757,5.946215649823665
12866,CW,4,0.758,5.9580834670880325
12866,CW,4,0.759,5.9674933962813705
12866,CW,4,0.76,5.977244774258345
12866,CW,4,0.761,5.985524733492657
12866,CW,4,0.762,5.992474825341857
12866,CW,4,0.763,5.999442155846374
12866,CW,4,0.764,6.004234345251964
12866,CW,4,0.765,6.007545331104686
12866,CW,4,0.766,6.010656039664709
12866,CW,4,0.767,6.011864604296234
12866,CW,4,0.768,6.013149316180048
12866,CW,4,0.769,6.013614342507442
12866,CW,4,0.77,6.013666086421962
12866,CW,4,0.771,6.013245572522806
12866,CW,4,0.772,6.0124477140551065
12866,CW,4,0.773,6.0116976151369395
12866,CW,4,0.774,6.010005510118178
12866,CW,4,0.775,6.0087673028020125
12866,CW,4,0.776,6.00647023663718
12866,CW,4,0.777,6.004853623730299
12866,CW,4,0.778,6.0020758689437255
12866,CW,4,0.779,5.999180381494786
12866,CW,4,0.78,5.9959160459896506
12866,CW,4,0.781,5.992514890365726
12866,CW,4,0.782,5.98965595771693
12866,CW,4,0.783,5.985859752497016
12866,CW,4,0.784,5.982919244488021
12866,CW,4,0.785,5.978460994894995
12866,CW,4,0.786,5.9723133009613285
12866,CW,4,0.787,5.965686578622687
12866,CW,4,0.788,5.9600782234938245
12866,CW,4,0.789,5.95751857252953
12866,CW,4,0.79,5.9569388100533
12866,CW,4,0.791,5.954552079121891
12866,CW,4,0.792,5.9542883047274735
12866,CW,4,0.793,5.954125175785996
12866,CW,4,0.794,5.951537872858861
12866,CW,4,0.795,5.9437121344709105
12866,CW,4,0.796,5.9339568786652155
12866,CW,4,0.797,5.924350104084165
12866,CW,4,0.798,5.91879652159766
12866,CW,4,0.799,5.906559674863218
12866,CW,4,0.8,5.891768969038267
12866,CW,4,0.801,5.878070433574582
12866,CW,4,0.802,5.856757154725596
12866,CW,4,0.803,5.8337718963507905
12866,CW,4,0.804,5.81402067692231
12866,CW,4,0.805,5.794535053695656
12866,CW,4,0.806,5.774062884450976
12866,CW,4,0.807,5.7513471361482535
12866,CW,4,0.808,5.729875508972272
12866,CW,4,0.809,5.710232364819965
12866,CW,4,0.81,5.697671752237689
12866,CW,4,0.811,5.681583920631556
12866,CW,4,0.812,5.670916386591692
12866,CW,4,0.8130000000000001,5.650934919034873
12866,CW,4,0.8140000000000001,5.634916257242805
12866,CW,4,0.8150000000000001,5.618883838808191
12866,CW,4,0.8160000000000001,5.600221591842216
12866,CW,4,0.8170000000000001,5.576651282053793
12866,CW,4,0.8180000000000001,5.5503689624294195
12866,CW,4,0.8190000000000001,5.522394319998307
12866,CW,4,0.8200000000000001,5.493945929647837
12866,CW,4,0.8210000000000001,5.479957869566592
12866,CW,4,0.8220000000000001,5.464609757886062
12866,CW,4,0.8230000000000001,5.447394951038194
12866,CW,4,0.8240000000000001,5.4285797683001995
12866,CW,4,0.8250000000000001,5.409301404754699
12866,CW,4,0.8260000000000001,5.403991116080443
12866,CW,4,0.8270000000000001,5.3789677495558905
12866,CW,4,0.8280000000000001,5.355999959664857
12866,CW,4,0.8290000000000001,5.327085934486996
12866,CW,4,0.8300000000000001,5.285957903634298
12866,CW,4,0.8310000000000001,5.243711334098768
12866,CW,4,0.8320000000000001,5.202220427164854
12866,CW,4,0.833,5.1556835690557525
12866,CW,4,0.834,5.112329882497188
12866,CW,4,0.835,5.074599646955484
12866,CW,4,0.836,5.033847270871668
12866,CW,4,0.837,5.016959633641083
12866,CW,4,0.838,4.982326425206005
12866,CW,4,0.839,4.947096953458928
12866,CW,4,0.84,4.920811195664003
12866,CW,4,0.841,4.897581883354705
12866,CW,4,0.842,4.872598902192181
12866,CW,4,0.843,4.849076601057869
12866,CW,4,0.844,4.821548962721174
12866,CW,4,0.845,4.789868202232031
12866,CW,4,0.846,4.761938423597731
12866,CW,4,0.847,4.731995312284345
12866,CW,4,0.848,4.7047495903157115
12866,CW,4,0.849,4.686230227749079
12866,CW,4,0.85,4.6748975292710355
12866,CW,4,0.851,4.664109627314477
12866,CW,4,0.852,4.6572071811037565
12866,CW,4,0.853,4.6490228569338505
12866,CW,4,0.854,4.63798489335526
12866,CW,4,0.855,4.622535987144359
12866,CW,4,0.856,4.618464837634072
12866,CW,4,0.857,4.599059209143258
12866,CW,4,0.858,4.585336245591759
12866,CW,4,0.859,4.558874983167318
12866,CW,4,0.86,4.532773887561879
12866,CW,4,0.861,4.504478190340279
12866,CW,4,0.862,4.480218990870069
12866,CW,4,0.863,4.458165385257529
12866,CW,4,0.864,4.434875096365746
12866,CW,4,0.865,4.415927101611943
12866,CW,4,0.866,4.3990606279862465
12866,CW,4,0.867,4.383116517826272
12866,CW,4,0.868,4.370535685907237
12866,CW,4,0.869,4.359268780933938
12866,CW,4,0.87,4.349785354585904
12866,CW,4,0.871,4.3420907362859
12866,CW,4,0.872,4.335225362143597
12866,CW,4,0.873,4.329663727809106
12866,CW,4,0.874,4.324952585494206
12866,CW,4,0.875,4.32111169557439
12866,CW,4,0.876,4.31802640593081
12866,CW,4,0.877,4.315659293807404
12866,CW,4,0.878,4.313943999675642
12866,CW,4,0.879,4.312848447271832
12866,CW,4,0.88,4.3123176984157165
12866,CW,4,0.881,4.312393304947848
12866,CW,4,0.882,4.313030055711857
12866,CW,4,0.883,4.314315262142453
12866,CW,4,0.884,4.316064128903559
12866,CW,4,0.885,4.318565065278126
12866,CW,4,0.886,4.321526338532767
12866,CW,4,0.887,4.324917958104784
12866,CW,4,0.888,4.328602333153729
12866,CW,4,0.889,4.332371837219038
12866,CW,4,0.89,4.336264000516382
12866,CW,4,0.891,4.340131907476753
12866,CW,4,0.892,4.344524572106007
12866,CW,4,0.893,4.348830960300723
12866,CW,4,0.894,4.3536560099418296
12866,CW,4,0.895,4.358636472970203
12866,CW,4,0.896,4.363966253065642
12866,CW,4,0.897,4.369563424417604
12866,CW,4,0.898,4.375080120068071
12866,CW,4,0.899,4.3808314530364
12866,CW,4,0.9,4.387033582342436
12866,CW,4,0.901,4.393382695482719
12866,CW,4,0.902,4.401030171641611
12866,CW,4,0.903,4.4079485450915445
12866,CW,4,0.904,4.414620035272203
12866,CW,4,0.905,4.421559091490496
12866,CW,4,0.906,4.427921112867207
12866,CW,4,0.907,4.433125828577029
12866,CW,4,0.908,4.438032190250762
12866,CW,4,0.909,4.442556454118278
12866,CW,4,0.91,4.447151178691459
12866,CW,4,0.911,4.45120236146744
12866,CW,4,0.912,4.455735574744843
12866,CW,4,0.913,4.460578984933346
12866,CW,4,0.914,4.4651646551472775
12866,CW,4,0.915,4.470552387690223
12866,CW,4,0.916,4.475730814954415
12866,CW,4,0.917,4.480978764256091
12866,CW,4,0.918,4.486274448381115
12866,CW,4,0.919,4.492424995516197
12866,CW,4,0.92,4.497738618942484
12866,CW,4,0.921,4.502651956119454
12866,CW,4,0.922,4.506897722414726
12866,CW,4,0.923,4.511258467250618
12866,CW,4,0.924,4.514676205783623
12866,CW,4,0.925,4.517266383246086
12866,CW,4,0.926,4.519023945992532
12866,CW,4,0.927,4.520537487394958
12866,CW,4,0.928,4.5212829896128595
12866,CW,4,0.929,4.522102098222206
12866,CW,4,0.93,4.52369455980253
12866,CW,4,0.931,4.525424776988888
12866,CW,4,0.932,4.527542205442808
12866,CW,4,0.933,4.530118393243461
12866,CW,4,0.934,4.532530251850847
12866,CW,4,0.935,4.535139487307805
12866,CW,4,0.936,4.537483579065884
12866,CW,4,0.937,4.539428450872416
12866,CW,4,0.9380000000000001,4.541171279882208
12866,CW,4,0.9390000000000001,4.5423605814168075
12866,CW,4,0.9400000000000001,4.543620071178535
12866,CW,4,0.9410000000000001,4.5446591609541835
12866,CW,4,0.9420000000000001,4.545408355491872
12866,CW,4,0.9430000000000001,4.545478592021942
12866,CW,4,0.9440000000000001,4.544999557552639
12866,CW,4,0.9450000000000001,4.544042873155337
12866,CW,4,0.9460000000000001,4.542708199138319
12866,CW,4,0.9470000000000001,4.5410502546894795
12866,CW,4,0.9480000000000001,4.539185786084593
12866,CW,4,0.9490000000000001,4.537191335348862
12866,CW,4,0.9500000000000001,4.535061423081952
12866,CW,4,0.9510000000000001,4.532713864776012
12866,CW,4,0.9520000000000001,4.530151160197097
12866,CW,4,0.9530000000000001,4.527392659439358
12866,CW,4,0.9540000000000001,4.524411021052451
12866,CW,4,0.9550000000000001,4.521213321778509
12866,CW,4,0.9560000000000001,4.5177618022368655
12866,CW,4,0.9570000000000001,4.51400563764349
12866,CW,4,0.9580000000000001,4.510032865604085
12866,CW,4,0.9590000000000001,4.505988595068104
12866,CW,4,0.96,4.501948577568966
12866,CW,4,0.961,4.497978145953732
12866,CW,4,0.962,4.494096076601934
12866,CW,4,0.963,4.4902904541241755
12866,CW,4,0.964,4.486531889757209
12866,CW,4,0.965,4.4827462942201866
12866,CW,4,0.966,4.478881909270104
12866,CW,4,0.967,4.474683978186843
12866,CW,4,0.968,4.470328539574729
12866,CW,4,0.969,4.465817339079263
12866,CW,4,0.97,4.461283894406436
12866,CW,4,0.971,4.456883001145724
12866,CW,4,0.972,4.4526757810026485
12866,CW,4,0.973,4.4487684592708785
12866,CW,4,0.974,4.445157561703301
12866,CW,4,0.975,4.441838241629443
12866,CW,4,0.976,4.438781068276016
12866,CW,4,0.977,4.435968949425254
12866,CW,4,0.978,4.433420598545862
12866,CW,4,0.979,4.43091905143364
12866,CW,4,0.98,4.42830473782061
12866,CW,4,0.981,4.425469975793052
12866,CW,4,0.982,4.422396268394515
12866,CW,4,0.983,4.419133837522153
12866,CW,4,0.984,4.41602195765227
12866,CW,4,0.985,4.413457937173412
12866,CW,4,0.986,4.411584620098847
12866,CW,4,0.987,4.410553852464838
12866,CW,4,0.988,4.410587954364795
12866,CW,4,0.989,4.411912882148841
12866,CW,4,0.99,4.414457185493965
12866,CW,4,0.991,4.41783087380791
12866,CW,4,0.992,4.421784447837632
12866,CW,4,0.993,4.425902669669451
12866,CW,4,0.994,4.430052591590808
12866,CW,4,0.995,4.434506466895908
12866,CW,4,0.996,4.439322263425827
12866,CW,4,0.997,4.444505961667145
12866,CW,4,0.998,4.449810721888178
12866,CW,4,0.999,4.455720351353396
12866,CW,4,1.0,4.4620460583620645
12866,CW,5,0.0,0.0
12866,CW,5,0.001,0.004049943522643571
12866,CW,5,0.002,0.007948179080322892
12866,CW,5,0.003,0.012218405867736754
12866,CW,5,0.004,0.016730962430969904
12866,CW,5,0.005,0.020862530662718714
12866,CW,5,0.006,0.024916046456095395
12866,CW,5,0.007,0.029209578106350463
12866,CW,5,0.008,0.03385533207018992
12866,CW,5,0.009000000000000001,0.03885238985507499
12866,CW,5,0.01,0.04422884855723613
12866,CW,5,0.011,0.049698963522820695
12866,CW,5,0.012,0.0551176976576156
12866,CW,5,0.013000000000000001,0.06042547436064641
12866,CW,5,0.014,0.06499276118619171
12866,CW,5,0.015,0.06940859413633389
12866,CW,5,0.016,0.07383815255965115
12866,CW,5,0.017,0.07771725845737547
12866,CW,5,0.018000000000000002,0.08162606414350058
12866,CW,5,0.019,0.08590629320622181
12866,CW,5,0.02,0.09041058993810606
12866,CW,5,0.021,0.0949154422640072
12866,CW,5,0.022,0.09930822201725122
12866,CW,5,0.023,0.10390988944610735
12866,CW,5,0.024,0.10889004470118951
12866,CW,5,0.025,0.11326070828931946
12866,CW,5,0.026000000000000002,0.11782941715501377
12866,CW,5,0.027,0.12213173419424628
12866,CW,5,0.028,0.1263792309487749
12866,CW,5,0.029,0.13063771778429342
12866,CW,5,0.03,0.13410961977163394
12866,CW,5,0.031,0.1376322095495789
12866,CW,5,0.032,0.14075356935255096
12866,CW,5,0.033,0.14357419821599277
12866,CW,5,0.034,0.14681775882638864
12866,CW,5,0.035,0.15025308673792975
12866,CW,5,0.036000000000000004,0.15430004050786614
12866,CW,5,0.037,0.1585191473053684
12866,CW,5,0.038,0.1627554555142614
12866,CW,5,0.039,0.1673563873536225
12866,CW,5,0.04,0.1723492887704343
12866,CW,5,0.041,0.17732986292297925
12866,CW,5,0.042,0.18227755349829203
12866,CW,5,0.043000000000000003,0.18710686228010817
12866,CW,5,0.044,0.1917172484337507
12866,CW,5,0.045,0.19630393950487052
12866,CW,5,0.046,0.20082499419389854
12866,CW,5,0.047,0.2051917618221921
12866,CW,5,0.048,0.20902294380571546
12866,CW,5,0.049,0.2124748005260147
12866,CW,5,0.05,0.2162778899346344
12866,CW,5,0.051000000000000004,0.22046015500686883
12866,CW,5,0.052000000000000005,0.22463244788003323
12866,CW,5,0.053,0.2287314431857558
12866,CW,5,0.054,0.23289116004814225
12866,CW,5,0.055,0.23722317285401373
12866,CW,5,0.056,0.24156594553869862
12866,CW,5,0.057,0.24573420393176515
12866,CW,5,0.058,0.2497812308785567
12866,CW,5,0.059000000000000004,0.25369590832106365
12866,CW,5,0.06,0.2572733735459431
12866,CW,5,0.061,0.26086401321418917
12866,CW,5,0.062,0.26422732978565067
12866,CW,5,0.063,0.26702307205033876
12866,CW,5,0.064,0.26936173277753733
12866,CW,5,0.065,0.27209475041182335
12866,CW,5,0.066,0.2753915876345907
12866,CW,5,0.067,0.27909352833453616
12866,CW,5,0.068,0.2834186490143414
12866,CW,5,0.069,0.2879961147648257
12866,CW,5,0.07,0.2925281875070526
12866,CW,5,0.07100000000000001,0.2969749118703738
12866,CW,5,0.07200000000000001,0.30150525828869496
12866,CW,5,0.073,0.30613795615039785
12866,CW,5,0.074,0.3108973050258483
12866,CW,5,0.075,0.31565407082503355
12866,CW,5,0.076,0.3202591469548755
12866,CW,5,0.077,0.3248641018628415
12866,CW,5,0.078,0.32940704554724887
12866,CW,5,0.079,0.33375558234827213
12866,CW,5,0.08,0.3380522296673975
12866,CW,5,0.081,0.34227722166934543
12866,CW,5,0.082,0.34634066206125824
12866,CW,5,0.083,0.3505520635023087
12866,CW,5,0.084,0.3548860412122618
12866,CW,5,0.085,0.35915612647347384
12866,CW,5,0.08600000000000001,0.3633137154746983
12866,CW,5,0.08700000000000001,0.3675684473133429
12866,CW,5,0.088,0.37210410344165945
12866,CW,5,0.089,0.37664404617883035
12866,CW,5,0.09,0.3810292468027474
12866,CW,5,0.091,0.3854454618882161
12866,CW,5,0.092,0.38958381582980195
12866,CW,5,0.093,0.3929480784261584
12866,CW,5,0.094,0.39583894663644054
12866,CW,5,0.095,0.39724112996840655
12866,CW,5,0.096,0.39808786244226396
12866,CW,5,0.097,0.3992436672537315
12866,CW,5,0.098,0.4007935901302737
12866,CW,5,0.099,0.4021561612335093
12866,CW,5,0.1,0.4054875065948631
12866,CW,5,0.101,0.40824712111753936
12866,CW,5,0.10200000000000001,0.4110541827056395
12866,CW,5,0.10300000000000001,0.4135816374216304
12866,CW,5,0.10400000000000001,0.4155698997169924
12866,CW,5,0.105,0.416285881602512
12866,CW,5,0.106,0.4167744550410413
12866,CW,5,0.107,0.41689792109519735
12866,CW,5,0.108,0.41709793516809496
12866,CW,5,0.109,0.4175753911994017
12866,CW,5,0.11,0.4183408085700444
12866,CW,5,0.111,0.4174779946399277
12866,CW,5,0.112,0.41741842492607767
12866,CW,5,0.113,0.4165627651395489
12866,CW,5,0.114,0.4166449747762903
12866,CW,5,0.115,0.4175888860286678
12866,CW,5,0.116,0.4199399797585314
12866,CW,5,0.117,0.4236648851620028
12866,CW,5,0.11800000000000001,0.42835780138284524
12866,CW,5,0.11900000000000001,0.4332860971941659
12866,CW,5,0.12,0.437899197137394
12866,CW,5,0.121,0.4424092277056112
12866,CW,5,0.122,0.4470782961085799
12866,CW,5,0.123,0.45162419066360926
12866,CW,5,0.124,0.45552277908710276
12866,CW,5,0.125,0.4598235423007672
12866,CW,5,0.126,0.46404382788940063
12866,CW,5,0.127,0.4679242913913404
12866,CW,5,0.128,0.47220102687832416
12866,CW,5,0.129,0.47596283946512336
12866,CW,5,0.13,0.47995245086543775
12866,CW,5,0.131,0.483990784618939
12866,CW,5,0.132,0.4882221825464976
12866,CW,5,0.133,0.49286423900158216
12866,CW,5,0.134,0.4991614046800708
12866,CW,5,0.135,0.5063944775304264
12866,CW,5,0.136,0.5169180751547182
12866,CW,5,0.137,0.5340613332679716
12866,CW,5,0.138,0.5507707781369563
12866,CW,5,0.139,0.5713018756319234
12866,CW,5,0.14,0.5895064747777303
12866,CW,5,0.14100000000000001,0.6037099396893931
12866,CW,5,0.14200000000000002,0.6082624009299259
12866,CW,5,0.14300000000000002,0.6145583692383123
12866,CW,5,0.14400000000000002,0.6180377954093539
12866,CW,5,0.145,0.6182531135026121
12866,CW,5,0.146,0.6210861114334377
12866,CW,5,0.147,0.6253540608046958
12866,CW,5,0.148,0.6289200424680157
12866,CW,5,0.149,0.6337988950064798
12866,CW,5,0.15,0.6369821641653304
12866,CW,5,0.151,0.6412546875487002
12866,CW,5,0.152,0.6463192987856997
12866,CW,5,0.153,0.6525604094664423
12866,CW,5,0.154,0.6602000032469437
12866,CW,5,0.155,0.6666195733651661
12866,CW,5,0.156,0.6760042377231267
12866,CW,5,0.157,0.6869001113318595
12866,CW,5,0.158,0.6995525241440128
12866,CW,5,0.159,0.7134352377719284
12866,CW,5,0.16,0.7268120262837103
12866,CW,5,0.161,0.7392804293054657
12866,CW,5,0.162,0.7486195753506606
12866,CW,5,0.163,0.7555351343766842
12866,CW,5,0.164,0.7601833311115455
12866,CW,5,0.165,0.7631919298973943
12866,CW,5,0.166,0.7657143841484996
12866,CW,5,0.167,0.7668565983903523
12866,CW,5,0.168,0.7688672715232195
12866,CW,5,0.169,0.7710583979362047
12866,CW,5,0.17,0.7736600740948439
12866,CW,5,0.171,0.7766967594760158
12866,CW,5,0.17200000000000001,0.7809030262553492
12866,CW,5,0.17300000000000001,0.784637289404478
12866,CW,5,0.17400000000000002,0.7890566441025572
12866,CW,5,0.17500000000000002,0.7939700558903731
12866,CW,5,0.176,0.7992968847175378
12866,CW,5,0.177,0.8042895071392758
12866,CW,5,0.178,0.8092940402480808
12866,CW,5,0.179,0.8140950693922697
12866,CW,5,0.18,0.8187393046861053
12866,CW,5,0.181,0.8234808613106529
12866,CW,5,0.182,0.8281771743376851
12866,CW,5,0.183,0.8325392287864999
12866,CW,5,0.184,0.8372531316098618
12866,CW,5,0.185,0.841539707298414
12866,CW,5,0.186,0.8460796448912327
12866,CW,5,0.187,0.8510111733668316
12866,CW,5,0.188,0.8558823206013045
12866,CW,5,0.189,0.8604776781076032
12866,CW,5,0.19,0.8660515921473451
12866,CW,5,0.191,0.8715872280086517
12866,CW,5,0.192,0.8776670243556453
12866,CW,5,0.193,0.8848837417235537
12866,CW,5,0.194,0.8919869716014907
12866,CW,5,0.195,0.8994352006984787
12866,CW,5,0.196,0.9063077640957711
12866,CW,5,0.197,0.9125687111033214
12866,CW,5,0.198,0.9186519935880877
12866,CW,5,0.199,0.9241798847238865
12866,CW,5,0.2,0.9292685078166273
12866,CW,5,0.201,0.9345491964968778
12866,CW,5,0.202,0.939786502388519
12866,CW,5,0.203,0.9458369933230649
12866,CW,5,0.20400000000000001,0.9518961136820867
12866,CW,5,0.20500000000000002,0.9575238303734009
12866,CW,5,0.20600000000000002,0.9643741255310019
12866,CW,5,0.20700000000000002,0.9704034570845332
12866,CW,5,0.20800000000000002,0.9770075825446815
12866,CW,5,0.209,0.9849044850264218
12866,CW,5,0.21,0.9930379652900126
12866,CW,5,0.211,1.002832471411971
12866,CW,5,0.212,1.0142813161664799
12866,CW,5,0.213,1.0272090073551003
12866,CW,5,0.214,1.0410937912382083
12866,CW,5,0.215,1.0526484630200532
12866,CW,5,0.216,1.0659237549403722
12866,CW,5,0.217,1.077483969109886
12866,CW,5,0.218,1.0876474038437278
12866,CW,5,0.219,1.0976564571526917
12866,CW,5,0.22,1.1083512193105098
12866,CW,5,0.221,1.1186116911044042
12866,CW,5,0.222,1.1290585682228969
12866,CW,5,0.223,1.138841110851504
12866,CW,5,0.224,1.1480906465792802
12866,CW,5,0.225,1.157720336695656
12866,CW,5,0.226,1.1669195881165229
12866,CW,5,0.227,1.1762328116937637
12866,CW,5,0.228,1.18689803724227
12866,CW,5,0.229,1.196696537513837
12866,CW,5,0.23,1.2100032757680765
12866,CW,5,0.231,1.224344100207627
12866,CW,5,0.232,1.2393405644953666
12866,CW,5,0.233,1.254871930213545
12866,CW,5,0.234,1.2687803385468768
12866,CW,5,0.23500000000000001,1.283259041954805
12866,CW,5,0.23600000000000002,1.2973110708120474
12866,CW,5,0.23700000000000002,1.3096835010052938
12866,CW,5,0.23800000000000002,1.3233689243416806
12866,CW,5,0.23900000000000002,1.3365196807270043
12866,CW,5,0.24,1.347735373287849
12866,CW,5,0.241,1.3589157931431288
12866,CW,5,0.242,1.369608061226058
12866,CW,5,0.243,1.379726615295334
12866,CW,5,0.244,1.3912636616799778
12866,CW,5,0.245,1.4002462927122001
12866,CW,5,0.246,1.41250767701086
12866,CW,5,0.247,1.4251818783370256
12866,CW,5,0.248,1.4380009148376496
12866,CW,5,0.249,1.4512414135982858
12866,CW,5,0.25,1.4621748764558082
12866,CW,5,0.251,1.4759059246951025
12866,CW,5,0.252,1.489361689966449
12866,CW,5,0.253,1.5037959566253725
12866,CW,5,0.254,1.518381256874058
12866,CW,5,0.255,1.533008914529638
12866,CW,5,0.256,1.5494316074671124
12866,CW,5,0.257,1.5661352982363603
12866,CW,5,0.258,1.5802059867624831
12866,CW,5,0.259,1.5942396787518094
12866,CW,5,0.26,1.6082874708022736
12866,CW,5,0.261,1.6225902367423417
12866,CW,5,0.262,1.6374071644157635
12866,CW,5,0.263,1.6530333066853187
12866,CW,5,0.264,1.6693436020236636
12866,CW,5,0.265,1.6861428143017025
12866,CW,5,0.266,1.7031261165454312
12866,CW,5,0.267,1.7203009230956623
12866,CW,5,0.268,1.7367155142849027
12866,CW,5,0.269,1.7541332542831385
12866,CW,5,0.27,1.7724882729460962
12866,CW,5,0.271,1.7907958986356745
12866,CW,5,0.272,1.808623721927486
12866,CW,5,0.273,1.8255628326961841
12866,CW,5,0.274,1.8405524684412111
12866,CW,5,0.275,1.8526474007570615
12866,CW,5,0.276,1.863695698630421
12866,CW,5,0.277,1.8737873231097582
12866,CW,5,0.278,1.8828238561219044
12866,CW,5,0.279,1.89137781037715
12866,CW,5,0.28,1.9014792692748812
12866,CW,5,0.281,1.9099933190522855
12866,CW,5,0.28200000000000003,1.9190047536943273
12866,CW,5,0.28300000000000003,1.928613222099695
12866,CW,5,0.28400000000000003,1.939051119662481
12866,CW,5,0.28500000000000003,1.9512541510178059
12866,CW,5,0.28600000000000003,1.9659100393110647
12866,CW,5,0.28700000000000003,1.9811498001994232
12866,CW,5,0.28800000000000003,1.9954330450857432
12866,CW,5,0.289,2.0093847123290187
12866,CW,5,0.29,2.02232342292255
12866,CW,5,0.291,2.0340859197058943
12866,CW,5,0.292,2.044733213832549
12866,CW,5,0.293,2.0543348260813277
12866,CW,5,0.294,2.0632708326709186
12866,CW,5,0.295,2.0720146503300523
12866,CW,5,0.296,2.0805383523454903
12866,CW,5,0.297,2.089123474261538
12866,CW,5,0.298,2.0976127519474295
12866,CW,5,0.299,2.1061933461802447
12866,CW,5,0.3,2.1147467755337743
12866,CW,5,0.301,2.1232003400717785
12866,CW,5,0.302,2.1321012975542164
12866,CW,5,0.303,2.141393904402667
12866,CW,5,0.304,2.151277212808174
12866,CW,5,0.305,2.161452428741156
12866,CW,5,0.306,2.172437772819616
12866,CW,5,0.307,2.184223796234535
12866,CW,5,0.308,2.195636815624126
12866,CW,5,0.309,2.206921449871934
12866,CW,5,0.31,2.217452459886544
12866,CW,5,0.311,2.2259949633850833
12866,CW,5,0.312,2.2346144143799798
12866,CW,5,0.313,2.2427843333914868
12866,CW,5,0.314,2.250114622252405
12866,CW,5,0.315,2.258112016628829
12866,CW,5,0.316,2.265439223215168
12866,CW,5,0.317,2.271759766363542
12866,CW,5,0.318,2.2788904717703176
12866,CW,5,0.319,2.2864072694085924
12866,CW,5,0.32,2.294598086979121
12866,CW,5,0.321,2.3029530740533026
12866,CW,5,0.322,2.3115860832064237
12866,CW,5,0.323,2.3207298548861197
12866,CW,5,0.324,2.3295334281350715
12866,CW,5,0.325,2.338499864719204
12866,CW,5,0.326,2.346963400108644
12866,CW,5,0.327,2.354872195458245
12866,CW,5,0.328,2.3622438719171406
12866,CW,5,0.329,2.3691543715140004
12866,CW,5,0.33,2.3758693110737346
12866,CW,5,0.331,2.3824330473911357
12866,CW,5,0.332,2.388820177981785
12866,CW,5,0.333,2.3950189895946794
12866,CW,5,0.334,2.4017510877641652
12866,CW,5,0.335,2.4086013040944576
12866,CW,5,0.336,2.4155114831027076
12866,CW,5,0.337,2.422882415427774
12866,CW,5,0.338,2.4304530986333885
12866,CW,5,0.339,2.4384834395383574
12866,CW,5,0.34,2.446797012508533
12866,CW,5,0.341,2.45490942417059
12866,CW,5,0.342,2.462549080758629
12866,CW,5,0.343,2.4695871452373863
12866,CW,5,0.34400000000000003,2.4763364582785927
12866,CW,5,0.34500000000000003,2.4829713042855763
12866,CW,5,0.34600000000000003,2.489536683990232
12866,CW,5,0.34700000000000003,2.4961147012086924
12866,CW,5,0.34800000000000003,2.5027666071418335
12866,CW,5,0.34900000000000003,2.5093150511982145
12866,CW,5,0.35000000000000003,2.5159167643829172
12866,CW,5,0.35100000000000003,2.5220578570254357
12866,CW,5,0.352,2.5279687456899356
12866,CW,5,0.353,2.5340442361873508
12866,CW,5,0.354,2.540845510400848
12866,CW,5,0.355,2.5482797533900037
12866,CW,5,0.356,2.556103570858395
12866,CW,5,0.357,2.563856378542289
12866,CW,5,0.358,2.5711349946380895
12866,CW,5,0.359,2.577672662086317
12866,CW,5,0.36,2.583502389113521
12866,CW,5,0.361,2.588922719822191
12866,CW,5,0.362,2.5941915682749705
12866,CW,5,0.363,2.599644916023933
12866,CW,5,0.364,2.605655334434466
12866,CW,5,0.365,2.6118143054445406
12866,CW,5,0.366,2.6178739111817544
12866,CW,5,0.367,2.6238462175112223
12866,CW,5,0.368,2.629866841609877
12866,CW,5,0.369,2.636043929693556
12866,CW,5,0.37,2.642242865498389
12866,CW,5,0.371,2.6488035860930204
12866,CW,5,0.372,2.6559310759056323
12866,CW,5,0.373,2.663098324345403
12866,CW,5,0.374,2.670308888299876
12866,CW,5,0.375,2.6776767902751946
12866,CW,5,0.376,2.6847704795682716
12866,CW,5,0.377,2.6917517461070735
12866,CW,5,0.378,2.698506771738081
12866,CW,5,0.379,2.7050641480415774
12866,CW,5,0.38,2.7116045275957164
12866,CW,5,0.381,2.7180287057802874
12866,CW,5,0.382,2.7244562976171913
12866,CW,5,0.383,2.7310581593928833
12866,CW,5,0.384,2.737737039048364
12866,CW,5,0.385,2.7443874144964955
12866,CW,5,0.386,2.751093963825766
12866,CW,5,0.387,2.757759169553144
12866,CW,5,0.388,2.764288919273608
12866,CW,5,0.389,2.770555039955998
12866,CW,5,0.39,2.7768271766429993
12866,CW,5,0.391,2.783095193974313
12866,CW,5,0.392,2.7893771472977855
12866,CW,5,0.393,2.7958232030405448
12866,CW,5,0.394,2.802496797448076
12866,CW,5,0.395,2.809210648726921
12866,CW,5,0.396,2.815887264793926
12866,CW,5,0.397,2.822578221289605
12866,CW,5,0.398,2.8293323952071443
12866,CW,5,0.399,2.836126480635352
12866,CW,5,0.4,2.8430078361290394
12866,CW,5,0.401,2.8500451385113412
12866,CW,5,0.402,2.857052030183457
12866,CW,5,0.403,2.8639948169096545
12866,CW,5,0.404,2.8707983241340984
12866,CW,5,0.405,2.8775011856669477
12866,CW,5,0.406,2.8837874475722822
12866,CW,5,0.40700000000000003,2.889573850409665
12866,CW,5,0.40800000000000003,2.8953781234481
12866,CW,5,0.40900000000000003,2.9011028596709427
12866,CW,5,0.41000000000000003,2.9071117422852772
12866,CW,5,0.41100000000000003,2.9134915596240893
12866,CW,5,0.41200000000000003,2.9199911924594515
12866,CW,5,0.41300000000000003,2.926673533762959
12866,CW,5,0.41400000000000003,2.933441883663624
12866,CW,5,0.41500000000000004,2.9403273494670916
12866,CW,5,0.41600000000000004,2.9473264224719604
12866,CW,5,0.417,2.954596138382018
12866,CW,5,0.418,2.9621629835939154
12866,CW,5,0.419,2.9699256769568616
12866,CW,5,0.42,2.977677719994102
12866,CW,5,0.421,2.9850281349617247
12866,CW,5,0.422,2.991831539607687
12866,CW,5,0.423,2.9984187991120805
12866,CW,5,0.424,3.005079840305333
12866,CW,5,0.425,3.0119585599697687
12866,CW,5,0.426,3.018723338162714
12866,CW,5,0.427,3.0252224558563805
12866,CW,5,0.428,3.031510661588569
12866,CW,5,0.429,3.0376740036350016
12866,CW,5,0.43,3.043890085947413
12866,CW,5,0.431,3.05030083812098
12866,CW,5,0.432,3.0569091126851986
12866,CW,5,0.433,3.0639265912251163
12866,CW,5,0.434,3.0716927539192365
12866,CW,5,0.435,3.0799900314921307
12866,CW,5,0.436,3.0883601256323336
12866,CW,5,0.437,3.096285619955395
12866,CW,5,0.438,3.1036778268977896
12866,CW,5,0.439,3.110677812544521
12866,CW,5,0.44,3.117161037527077
12866,CW,5,0.441,3.123351339252738
12866,CW,5,0.442,3.1295716876321
12866,CW,5,0.443,3.1359447087804018
12866,CW,5,0.444,3.1423192884376796
12866,CW,5,0.445,3.1485839329440006
12866,CW,5,0.446,3.1549069139051666
12866,CW,5,0.447,3.1610079609117063
12866,CW,5,0.448,3.166666629279051
12866,CW,5,0.449,3.1718672480832026
12866,CW,5,0.45,3.177209776471554
12866,CW,5,0.451,3.1828781049422648
12866,CW,5,0.452,3.1886832561071095
12866,CW,5,0.453,3.1947795495223894
12866,CW,5,0.454,3.2009369231189018
12866,CW,5,0.455,3.2071950803676685
12866,CW,5,0.456,3.2133173759714055
12866,CW,5,0.457,3.219402862127394
12866,CW,5,0.458,3.225467417708842
12866,CW,5,0.459,3.2314598613138448
12866,CW,5,0.46,3.2376375602017657
12866,CW,5,0.461,3.2441786429235013
12866,CW,5,0.462,3.250920107908876
12866,CW,5,0.463,3.2573846316584802
12866,CW,5,0.464,3.263292149331788
12866,CW,5,0.465,3.26867274061742
12866,CW,5,0.466,3.2739190613441833
12866,CW,5,0.467,3.280203575845954
12866,CW,5,0.468,3.287182693629075
12866,CW,5,0.46900000000000003,3.2942156946773324
12866,CW,5,0.47000000000000003,3.3009881755441692
12866,CW,5,0.47100000000000003,3.3074713659293673
12866,CW,5,0.47200000000000003,3.3136751614748317
12866,CW,5,0.47300000000000003,3.3199692267078214
12866,CW,5,0.47400000000000003,3.326412161067505
12866,CW,5,0.47500000000000003,3.332595309429016
12866,CW,5,0.47600000000000003,3.33837512502899
12866,CW,5,0.47700000000000004,3.3440008056131822
12866,CW,5,0.47800000000000004,3.3498143631486994
12866,CW,5,0.47900000000000004,3.3559722815017734
12866,CW,5,0.48,3.3621808176274777
12866,CW,5,0.481,3.3681509500943867
12866,CW,5,0.482,3.3740272533050617
12866,CW,5,0.483,3.379587621744407
12866,CW,5,0.484,3.3851626139647863
12866,CW,5,0.485,3.391060175463351
12866,CW,5,0.486,3.3971592651527893
12866,CW,5,0.487,3.402920021479407
12866,CW,5,0.488,3.408332732905061
12866,CW,5,0.489,3.41359472998096
12866,CW,5,0.49,3.4189836854753874
12866,CW,5,0.491,3.424777930417645
12866,CW,5,0.492,3.43088643511187
12866,CW,5,0.493,3.437085490145466
12866,CW,5,0.494,3.4433783534671885
12866,CW,5,0.495,3.4501097738165987
12866,CW,5,0.496,3.457097387342199
12866,CW,5,0.497,3.464198422572195
12866,CW,5,0.498,3.4708865865671683
12866,CW,5,0.499,3.4778851898107574
12866,CW,5,0.5,3.4850859045868074
12866,CW,5,0.501,3.4916471285787534
12866,CW,5,0.502,3.497699980502543
12866,CW,5,0.503,3.5034231289962263
12866,CW,5,0.504,3.5086097624165675
12866,CW,5,0.505,3.5133558863637364
12866,CW,5,0.506,3.5179325209137993
12866,CW,5,0.507,3.522978226081001
12866,CW,5,0.508,3.528128616878714
12866,CW,5,0.509,3.53317770904442
12866,CW,5,0.51,3.5387662061424128
12866,CW,5,0.511,3.5448515692198352
12866,CW,5,0.512,3.551310079478421
12866,CW,5,0.513,3.5581605480355316
12866,CW,5,0.514,3.5655998295096945
12866,CW,5,0.515,3.5734938256784066
12866,CW,5,0.516,3.58169373700499
12866,CW,5,0.517,3.590291944206184
12866,CW,5,0.518,3.5986753167676526
12866,CW,5,0.519,3.606228336885026
12866,CW,5,0.52,3.612938772724862
12866,CW,5,0.521,3.6191240507567226
12866,CW,5,0.522,3.624631171497391
12866,CW,5,0.523,3.629507105515219
12866,CW,5,0.524,3.6337035468523484
12866,CW,5,0.525,3.6374657012541514
12866,CW,5,0.526,3.641107670427728
12866,CW,5,0.527,3.6454702238867793
12866,CW,5,0.528,3.6502540906859378
12866,CW,5,0.529,3.6558732038213795
12866,CW,5,0.53,3.662435029315223
12866,CW,5,0.531,3.6694915721957004
12866,CW,5,0.532,3.6773713938885098
12866,CW,5,0.533,3.6859419067557777
12866,CW,5,0.534,3.6946310513213554
12866,CW,5,0.535,3.703669887930783
12866,CW,5,0.536,3.7127605382298134
12866,CW,5,0.537,3.721829555515225
12866,CW,5,0.538,3.7305555135056894
12866,CW,5,0.539,3.738408876740466
12866,CW,5,0.54,3.745312594973241
12866,CW,5,0.541,3.7516868210286507
12866,CW,5,0.542,3.7579946145658294
12866,CW,5,0.543,3.764383083105666
12866,CW,5,0.544,3.771230917601348
12866,CW,5,0.545,3.7788169652447214
12866,CW,5,0.546,3.7878655434543904
12866,CW,5,0.547,3.79904010072161
12866,CW,5,0.548,3.812339498216306
12866,CW,5,0.549,3.827761520793427
12866,CW,5,0.55,3.844864862685462
12866,CW,5,0.551,3.863358608676844
12866,CW,5,0.552,3.88273969888691
12866,CW,5,0.553,3.9047889336363912
12866,CW,5,0.554,3.9290336464864644
12866,CW,5,0.555,3.9539478903129446
12866,CW,5,0.556,3.983308907195987
12866,CW,5,0.557,4.014708140160552
12866,CW,5,0.558,4.0483082834594155
12866,CW,5,0.559,4.0844401150594996
12866,CW,5,0.56,4.118632929563558
12866,CW,5,0.561,4.156850503714794
12866,CW,5,0.562,4.199477693193859
12866,CW,5,0.5630000000000001,4.246930345814985
12866,CW,5,0.5640000000000001,4.302179733936614
12866,CW,5,0.5650000000000001,4.365703004902374
12866,CW,5,0.5660000000000001,4.43318712810254
12866,CW,5,0.5670000000000001,4.505580710543542
12866,CW,5,0.5680000000000001,4.575023844521302
12866,CW,5,0.5690000000000001,4.641029119891068
12866,CW,5,0.5700000000000001,4.712700547405369
12866,CW,5,0.5710000000000001,4.774516250507854
12866,CW,5,0.5720000000000001,4.83012407811208
12866,CW,5,0.5730000000000001,4.891791343281107
12866,CW,5,0.5740000000000001,4.943158504933797
12866,CW,5,0.5750000000000001,4.997133300804886
12866,CW,5,0.5760000000000001,5.049258095061296
12866,CW,5,0.577,5.097752217638128
12866,CW,5,0.578,5.1423088631834455
12866,CW,5,0.579,5.182258928551785
12866,CW,5,0.58,5.216885324121955
12866,CW,5,0.581,5.24823206901935
12866,CW,5,0.582,5.2761552144129595
12866,CW,5,0.583,5.299070015404514
12866,CW,5,0.584,5.319032618859877
12866,CW,5,0.585,5.340264485960046
12866,CW,5,0.586,5.357763651343581
12866,CW,5,0.587,5.373245198356702
12866,CW,5,0.588,5.388624417779387
12866,CW,5,0.589,5.402917624320614
12866,CW,5,0.59,5.415552084145045
12866,CW,5,0.591,5.429507981974233
12866,CW,5,0.592,5.443032188448899
12866,CW,5,0.593,5.4563026962958
12866,CW,5,0.594,5.469634761496746
12866,CW,5,0.595,5.482749900264822
12866,CW,5,0.596,5.495458643363023
12866,CW,5,0.597,5.5084120561086145
12866,CW,5,0.598,5.520218399580413
12866,CW,5,0.599,5.530865382207325
12866,CW,5,0.6,5.540345591111371
12866,CW,5,0.601,5.549195933209609
12866,CW,5,0.602,5.5573556061601685
12866,CW,5,0.603,5.565073997160097
12866,CW,5,0.604,5.572432517465907
12866,CW,5,0.605,5.579479115328005
12866,CW,5,0.606,5.586237673996329
12866,CW,5,0.607,5.5928267577987025
12866,CW,5,0.608,5.599334335578979
12866,CW,5,0.609,5.605793018890788
12866,CW,5,0.61,5.612240060838464
12866,CW,5,0.611,5.618734317815685
12866,CW,5,0.612,5.625277349638672
12866,CW,5,0.613,5.6318252752758
12866,CW,5,0.614,5.638313037013773
12866,CW,5,0.615,5.644787275768216
12866,CW,5,0.616,5.6508190975345265
12866,CW,5,0.617,5.656505630017791
12866,CW,5,0.618,5.661949778380829
12866,CW,5,0.619,5.6672208817765855
12866,CW,5,0.62,5.672411398218475
12866,CW,5,0.621,5.677489150942355
12866,CW,5,0.622,5.682474873493
12866,CW,5,0.623,5.687384380535312
12866,CW,5,0.624,5.692227262359372
12866,CW,5,0.625,5.697050113629735
12866,CW,5,0.626,5.701906486417033
12866,CW,5,0.627,5.706854013733106
12866,CW,5,0.628,5.711932549339891
12866,CW,5,0.629,5.717097318775543
12866,CW,5,0.63,5.722272424948423
12866,CW,5,0.631,5.727413494731167
12866,CW,5,0.632,5.732376742867053
12866,CW,5,0.633,5.737254549366952
12866,CW,5,0.634,5.742093004370121
12866,CW,5,0.635,5.746866691891161
12866,CW,5,0.636,5.751593115133966
12866,CW,5,0.637,5.756321307170606
12866,CW,5,0.638,5.760972703010202
12866,CW,5,0.639,5.765669251726182
12866,CW,5,0.64,5.770223540625695
12866,CW,5,0.641,5.774819700080886
12866,CW,5,0.642,5.779430190088041
12866,CW,5,0.643,5.78408952917353
12866,CW,5,0.644,5.788787890577145
12866,CW,5,0.645,5.7935322336916215
12866,CW,5,0.646,5.798323316171731
12866,CW,5,0.647,5.803108958934607
12866,CW,5,0.648,5.807792624368705
12866,CW,5,0.649,5.812463242171378
12866,CW,5,0.65,5.817057095160576
12866,CW,5,0.651,5.821576964877122
12866,CW,5,0.652,5.825961579679052
12866,CW,5,0.653,5.830288551726882
12866,CW,5,0.654,5.834592942486569
12866,CW,5,0.655,5.838856814291514
12866,CW,5,0.656,5.843167618380522
12866,CW,5,0.657,5.847494546613477
12866,CW,5,0.658,5.851863194207516
12866,CW,5,0.659,5.8561702937373115
12866,CW,5,0.66,5.860444848088478
12866,CW,5,0.661,5.864774488121839
12866,CW,5,0.662,5.869121009930895
12866,CW,5,0.663,5.8734310899900555
12866,CW,5,0.664,5.877738073328732
12866,CW,5,0.665,5.882124102002728
12866,CW,5,0.666,5.886538509616951
12866,CW,5,0.667,5.890861924719592
12866,CW,5,0.668,5.8951235952518095
12866,CW,5,0.669,5.899405163041556
12866,CW,5,0.67,5.903645108628255
12866,CW,5,0.671,5.907840180942811
12866,CW,5,0.672,5.912065829554726
12866,CW,5,0.673,5.916403154334864
12866,CW,5,0.674,5.92076459719977
12866,CW,5,0.675,5.924992116757786
12866,CW,5,0.676,5.928907871625404
12866,CW,5,0.677,5.933032174987836
12866,CW,5,0.678,5.938279675034991
12866,CW,5,0.679,5.944759765857495
12866,CW,5,0.68,5.95226351393466
12866,CW,5,0.681,5.960207009469048
12866,CW,5,0.682,5.96906546231071
12866,CW,5,0.683,5.977780281491823
12866,CW,5,0.684,5.986636210083101
12866,CW,5,0.685,5.995379674065445
12866,CW,5,0.686,6.004799912618708
12866,CW,5,0.687,6.014112874613194
12866,CW,5,0.6880000000000001,6.023392338300061
12866,CW,5,0.6890000000000001,6.032687485916603
12866,CW,5,0.6900000000000001,6.0419053670177165
12866,CW,5,0.6910000000000001,6.0509523727270755
12866,CW,5,0.6920000000000001,6.059673171118981
12866,CW,5,0.6930000000000001,6.067590119048446
12866,CW,5,0.6940000000000001,6.075174504823111
12866,CW,5,0.6950000000000001,6.082152453378538
12866,CW,5,0.6960000000000001,6.0878475150612825
12866,CW,5,0.6970000000000001,6.091720103573217
12866,CW,5,0.6980000000000001,6.09449735064582
12866,CW,5,0.6990000000000001,6.095704989651766
12866,CW,5,0.7000000000000001,6.095161908153546
12866,CW,5,0.7010000000000001,6.092381506866442
12866,CW,5,0.7020000000000001,6.088248564798017
12866,CW,5,0.7030000000000001,6.0823011766309465
12866,CW,5,0.704,6.0733029153064875
12866,CW,5,0.705,6.0640547874793045
12866,CW,5,0.706,6.049953080379523
12866,CW,5,0.707,6.035678312173827
12866,CW,5,0.708,6.015111915325622
12866,CW,5,0.709,5.991821942579781
12866,CW,5,0.71,5.962091315616137
12866,CW,5,0.711,5.9272300189927805
12866,CW,5,0.712,5.887330725397968
12866,CW,5,0.713,5.8450409309262445
12866,CW,5,0.714,5.796147812131404
12866,CW,5,0.715,5.739927358433708
12866,CW,5,0.716,5.681983811338659
12866,CW,5,0.717,5.618447165895828
12866,CW,5,0.718,5.548739634602208
12866,CW,5,0.719,5.473036153444167
12866,CW,5,0.72,5.387458592108727
12866,CW,5,0.721,5.302227387325025
12866,CW,5,0.722,5.2103187153613
12866,CW,5,0.723,5.117243356196103
12866,CW,5,0.724,5.022501258258998
12866,CW,5,0.725,4.925729532562835
12866,CW,5,0.726,4.833097596001482
12866,CW,5,0.727,4.7354088687198415
12866,CW,5,0.728,4.6427943231066
12866,CW,5,0.729,4.555172090866738
12866,CW,5,0.73,4.4758619034964955
12866,CW,5,0.731,4.402251100892485
12866,CW,5,0.732,4.333778772833977
12866,CW,5,0.733,4.2597316363679285
12866,CW,5,0.734,4.195851820645957
12866,CW,5,0.735,4.112310323481296
12866,CW,5,0.736,4.014179467934624
12866,CW,5,0.737,3.8828870570970064
12866,CW,5,0.738,3.720766253107476
12866,CW,5,0.739,3.546654626914675
12866,CW,5,0.74,3.3520646861760457
12866,CW,5,0.741,3.1495082930020675
12866,CW,5,0.742,2.9478454187999
12866,CW,5,0.743,2.7622742705314454
12866,CW,5,0.744,2.593266726024763
12866,CW,5,0.745,2.450654074020338
12866,CW,5,0.746,2.334334510125311
12866,CW,5,0.747,2.240043318241861
12866,CW,5,0.748,2.16898247311429
12866,CW,5,0.749,2.1137526879372133
12866,CW,5,0.75,2.070022305484106
12866,CW,5,0.751,2.037466673038228
12866,CW,5,0.752,2.0124254406954956
12866,CW,5,0.753,1.9923934689063596
12866,CW,5,0.754,1.9790572690431665
12866,CW,5,0.755,1.9697336347676158
12866,CW,5,0.756,1.9644979752168996
12866,CW,5,0.757,1.96215351582482
12866,CW,5,0.758,1.9626490817481592
12866,CW,5,0.759,1.9661907084368195
12866,CW,5,0.76,1.9723546261868927
12866,CW,5,0.761,1.9809577998196954
12866,CW,5,0.762,1.9916419964016294
12866,CW,5,0.763,2.0040751799872303
12866,CW,5,0.764,2.016920855273264
12866,CW,5,0.765,2.0305019381624065
12866,CW,5,0.766,2.0443037787404226
12866,CW,5,0.767,2.0580248147338
12866,CW,5,0.768,2.072904577655829
12866,CW,5,0.769,2.088453689338401
12866,CW,5,0.77,2.104990334445938
12866,CW,5,0.771,2.1223116391059698
12866,CW,5,0.772,2.1406715710957736
12866,CW,5,0.773,2.1601651247888407
12866,CW,5,0.774,2.1804507731914753
12866,CW,5,0.775,2.2014393212433023
12866,CW,5,0.776,2.2233098649569323
12866,CW,5,0.777,2.247216966403706
12866,CW,5,0.778,2.272565090744077
12866,CW,5,0.779,2.2981549368179373
12866,CW,5,0.78,2.3237634756086476
12866,CW,5,0.781,2.353535967309891
12866,CW,5,0.782,2.383338018977145
12866,CW,5,0.783,2.413956076244722
12866,CW,5,0.784,2.4490660687908274
12866,CW,5,0.785,2.4846442349078393
12866,CW,5,0.786,2.5214502668313536
12866,CW,5,0.787,2.5600635464077826
12866,CW,5,0.788,2.602352274173769
12866,CW,5,0.789,2.649292896190134
12866,CW,5,0.79,2.699734313679947
12866,CW,5,0.791,2.749057023814105
12866,CW,5,0.792,2.8027577296841484
12866,CW,5,0.793,2.86100158432986
12866,CW,5,0.794,2.922385908670003
12866,CW,5,0.795,2.9770137737939977
12866,CW,5,0.796,3.025753511127824
12866,CW,5,0.797,3.083788774967341
12866,CW,5,0.798,3.1469444725411417
12866,CW,5,0.799,3.202998386144888
12866,CW,5,0.8,3.2608661307905025
12866,CW,5,0.801,3.318781055460345
12866,CW,5,0.802,3.376395005977838
12866,CW,5,0.803,3.438027212406786
12866,CW,5,0.804,3.499733439303019
12866,CW,5,0.805,3.5631059161238468
12866,CW,5,0.806,3.624159523402566
12866,CW,5,0.807,3.6823585352059234
12866,CW,5,0.808,3.7433491423507848
12866,CW,5,0.809,3.8028494687000864
12866,CW,5,0.81,3.8709334702851748
12866,CW,5,0.811,3.93566527211772
12866,CW,5,0.812,4.007499745424069
12866,CW,5,0.8130000000000001,4.062651259084175
12866,CW,5,0.8140000000000001,4.119204179738377
12866,CW,5,0.8150000000000001,4.172924894324036
12866,CW,5,0.8160000000000001,4.220457599617159
12866,CW,5,0.8170000000000001,4.264943220603951
12866,CW,5,0.8180000000000001,4.30528403462161
12866,CW,5,0.8190000000000001,4.344397975229188
12866,CW,5,0.8200000000000001,4.3800041201258315
12866,CW,5,0.8210000000000001,4.423382367052238
12866,CW,5,0.8220000000000001,4.458998461456425
12866,CW,5,0.8230000000000001,4.492037855403454
12866,CW,5,0.8240000000000001,4.5281043449223475
12866,CW,5,0.8250000000000001,4.557664294754358
12866,CW,5,0.8260000000000001,4.611286279381806
12866,CW,5,0.8270000000000001,4.6587084536468915
12866,CW,5,0.8280000000000001,4.706503067787855
12866,CW,5,0.8290000000000001,4.760514869761314
12866,CW,5,0.8300000000000001,4.794775285274309
12866,CW,5,0.8310000000000001,4.840870027542093
12866,CW,5,0.8320000000000001,4.887238231261413
12866,CW,5,0.833,4.918630850537587
12866,CW,5,0.834,4.961363413883791
12866,CW,5,0.835,5.0073446275346845
12866,CW,5,0.836,5.0454752426358205
12866,CW,5,0.837,5.097271740780154
12866,CW,5,0.838,5.1332564013859905
12866,CW,5,0.839,5.172378405231114
12866,CW,5,0.84,5.2093952935496475
12866,CW,5,0.841,5.243111307906114
12866,CW,5,0.842,5.274723376135947
12866,CW,5,0.843,5.310149398884975
12866,CW,5,0.844,5.328203467709634
12866,CW,5,0.845,5.349402431480986
12866,CW,5,0.846,5.3747488718367835
12866,CW,5,0.847,5.387549444163341
12866,CW,5,0.848,5.4065949816925665
12866,CW,5,0.849,5.427611654383753
12866,CW,5,0.85,5.442204728578717
12866,CW,5,0.851,5.4557577645686
12866,CW,5,0.852,5.474606153190384
12866,CW,5,0.853,5.486498672242255
12866,CW,5,0.854,5.499707352478715
12866,CW,5,0.855,5.512096046793349
12866,CW,5,0.856,5.52563584106463
12866,CW,5,0.857,5.537379154246378
12866,CW,5,0.858,5.549831467301395
12866,CW,5,0.859,5.557808517528042
12866,CW,5,0.86,5.5630373510462
12866,CW,5,0.861,5.566464053404085
12866,CW,5,0.862,5.569587167892401
12866,CW,5,0.863,5.572205274464432
12866,CW,5,0.864,5.573982424182147
12866,CW,5,0.865,5.575144188297373
12866,CW,5,0.866,5.5757466994221545
12866,CW,5,0.867,5.574554373987464
12866,CW,5,0.868,5.573664252490912
12866,CW,5,0.869,5.571865292773941
12866,CW,5,0.87,5.569631205463136
12866,CW,5,0.871,5.566838799971929
12866,CW,5,0.872,5.563850476463555
12866,CW,5,0.873,5.560675692890184
12866,CW,5,0.874,5.557250583957694
12866,CW,5,0.875,5.5537526308604885
12866,CW,5,0.876,5.550233849224825
12866,CW,5,0.877,5.546736408393891
12866,CW,5,0.878,5.543261834926006
12866,CW,5,0.879,5.539852093215081
12866,CW,5,0.88,5.5365126928688495
12866,CW,5,0.881,5.533203730920446
12866,CW,5,0.882,5.529939508738036
12866,CW,5,0.883,5.526759785041329
12866,CW,5,0.884,5.5236740384359795
12866,CW,5,0.885,5.520511336473589
12866,CW,5,0.886,5.517521459652997
12866,CW,5,0.887,5.51463154829324
12866,CW,5,0.888,5.511938429293791
12866,CW,5,0.889,5.509492782344112
12866,CW,5,0.89,5.507123959075852
12866,CW,5,0.891,5.504987386893876
12866,CW,5,0.892,5.50274334969136
12866,CW,5,0.893,5.500163036804167
12866,CW,5,0.894,5.49773008165735
12866,CW,5,0.895,5.495560433499011
12866,CW,5,0.896,5.492648308690729
12866,CW,5,0.897,5.490641100662605
12866,CW,5,0.898,5.489191307397895
12866,CW,5,0.899,5.486997776130782
12866,CW,5,0.9,5.485791502583861
12866,CW,5,0.901,5.484535067526378
12866,CW,5,0.902,5.482297106396346
12866,CW,5,0.903,5.481729055566434
12866,CW,5,0.904,5.481406383285115
12866,CW,5,0.905,5.4806809419358995
12866,CW,5,0.906,5.481261002388206
12866,CW,5,0.907,5.482022656036678
12866,CW,5,0.908,5.483649592188767
12866,CW,5,0.909,5.485955707790122
12866,CW,5,0.91,5.488635112742899
12866,CW,5,0.911,5.490823717845627
12866,CW,5,0.912,5.492208478136457
12866,CW,5,0.913,5.492858748568381
12866,CW,5,0.914,5.492780662025722
12866,CW,5,0.915,5.492743662096808
12866,CW,5,0.916,5.49219702330827
12866,CW,5,0.917,5.4915625684346505
12866,CW,5,0.918,5.4914882278821455
12866,CW,5,0.919,5.494582665812298
12866,CW,5,0.92,5.505956700988498
12866,CW,5,0.921,5.53241927037972
12866,CW,5,0.922,5.579289838981467
12866,CW,5,0.923,5.627892232402445
12866,CW,5,0.924,5.668727212762112
12866,CW,5,0.925,5.696754427467566
12866,CW,5,0.926,5.720206566161769
12866,CW,5,0.927,5.734774262107507
12866,CW,5,0.928,5.742676117915951
12866,CW,5,0.929,5.7456661842451195
12866,CW,5,0.93,5.738958664324665
12866,CW,5,0.931,5.728642671464223
12866,CW,5,0.932,5.714556040320867
12866,CW,5,0.933,5.697505952872492
12866,CW,5,0.934,5.679261361171038
12866,CW,5,0.935,5.660649774184627
12866,CW,5,0.936,5.642670308957072
12866,CW,5,0.937,5.625904869508278
12866,CW,5,0.9380000000000001,5.607820475078337
12866,CW,5,0.9390000000000001,5.5918068516042885
12866,CW,5,0.9400000000000001,5.570509825007125
12866,CW,5,0.9410000000000001,5.548314205505254
12866,CW,5,0.9420000000000001,5.52680704114728
12866,CW,5,0.9430000000000001,5.519290472271216
12866,CW,5,0.9440000000000001,5.517832125400349
12866,CW,5,0.9450000000000001,5.52346815346071
12866,CW,5,0.9460000000000001,5.5334484552824845
12866,CW,5,0.9470000000000001,5.54621428991689
12866,CW,5,0.9480000000000001,5.558919919270279
12866,CW,5,0.9490000000000001,5.568724122535112
12866,CW,5,0.9500000000000001,5.575669682304432
12866,CW,5,0.9510000000000001,5.580001057447295
12866,CW,5,0.9520000000000001,5.58141517314069
12866,CW,5,0.9530000000000001,5.582475957274399
12866,CW,5,0.9540000000000001,5.580153991746404
12866,CW,5,0.9550000000000001,5.5814163538880175
12866,CW,5,0.9560000000000001,5.579241512192812
12866,CW,5,0.9570000000000001,5.572366279486435
12866,CW,5,0.9580000000000001,5.567665457614743
12866,CW,5,0.9590000000000001,5.567311136268914
12866,CW,5,0.96,5.567483484617475
12866,CW,5,0.961,5.568957932455597
12866,CW,5,0.962,5.572623270894497
12866,CW,5,0.963,5.580563122966818
12866,CW,5,0.964,5.593241889611264
12866,CW,5,0.965,5.609653830328716
12866,CW,5,0.966,5.628869469872136
12866,CW,5,0.967,5.644098284131257
12866,CW,5,0.968,5.658134557117685
12866,CW,5,0.969,5.668790120992835
12866,CW,5,0.97,5.675238191706989
12866,CW,5,0.971,5.681329789296701
12866,CW,5,0.972,5.6847487906789835
12866,CW,5,0.973,5.685780286391574
12866,CW,5,0.974,5.688617968591517
12866,CW,5,0.975,5.691847857099801
12866,CW,5,0.976,5.695183768244123
12866,CW,5,0.977,5.698517778842806
12866,CW,5,0.978,5.702400578250289
12866,CW,5,0.979,5.706997801625914
12866,CW,5,0.98,5.713453890346324
12866,CW,5,0.981,5.725418159570394
12866,CW,5,0.982,5.734178129380165
12866,CW,5,0.983,5.750894562973916
12866,CW,5,0.984,5.766788836632315
12866,CW,5,0.985,5.784474599663337
12866,CW,5,0.986,5.802689767530671
12866,CW,5,0.987,5.821516145730231
12866,CW,5,0.988,5.843245616229029
12866,CW,5,0.989,5.86320836742769
12866,CW,5,0.99,5.877399350863703
12866,CW,5,0.991,5.887120598949904
12866,CW,5,0.992,5.895207509980562
12866,CW,5,0.993,5.903462332309928
12866,CW,5,0.994,5.912910836793974
12866,CW,5,0.995,5.922869082954475
12866,CW,5,0.996,5.93323661754923
12866,CW,5,0.997,5.944310216066737
12866,CW,5,0.998,5.957240596280025
12866,CW,5,0.999,5.9697664653274325
12866,CW,5,1.0,5.9829993453765
12867,CW,2,0.0,0.0
12867,CW,2,0.001,3.349366113497906e-05
12867,CW,2,0.002,5.529764501321194e-05
12867,CW,2,0.003,0.0003490050397697158
12867,CW,2,0.004,0.0011606779792849
12867,CW,2,0.005,0.0022069945658849213
12867,CW,2,0.006,0.003959254305245162
12867,CW,2,0.007,0.005567785145835025
12867,CW,2,0.008,0.008038685948614024
12867,CW,2,0.009000000000000001,0.010612622501119802
12867,CW,2,0.01,0.013190584065028889
12867,CW,2,0.011,0.01617948171635901
12867,CW,2,0.012,0.019628080960936992
12867,CW,2,0.013000000000000001,0.023153749594897577
12867,CW,2,0.014,0.026502575561689837
12867,CW,2,0.015,0.02951493420443678
12867,CW,2,0.016,0.03237991959901607
12867,CW,2,0.017,0.035277916345705665
12867,CW,2,0.018000000000000002,0.03844407897990642
12867,CW,2,0.019,0.041906957917162486
12867,CW,2,0.02,0.04568215263674218
12867,CW,2,0.021,0.04940484104060656
12867,CW,2,0.022,0.05443072483878258
12867,CW,2,0.023,0.05975718618947396
12867,CW,2,0.024,0.06454080267135022
12867,CW,2,0.025,0.06993792894912888
12867,CW,2,0.026000000000000002,0.07507521043113659
12867,CW,2,0.027,0.07956980986533545
12867,CW,2,0.028,0.08416867194898563
12867,CW,2,0.029,0.08817553799664049
12867,CW,2,0.03,0.09175237539135257
12867,CW,2,0.031,0.0951216610360337
12867,CW,2,0.032,0.0982732319132302
12867,CW,2,0.033,0.10224738482174653
12867,CW,2,0.034,0.106400161388055
12867,CW,2,0.035,0.11083537651966123
12867,CW,2,0.036000000000000004,0.11581872784033564
12867,CW,2,0.037,0.1211226323590091
12867,CW,2,0.038,0.12707490061374835
12867,CW,2,0.039,0.1336035517425349
12867,CW,2,0.04,0.14044796767330675
12867,CW,2,0.041,0.1473803375503265
12867,CW,2,0.042,0.15461101710184022
12867,CW,2,0.043000000000000003,0.16132784416951518
12867,CW,2,0.044,0.1673963419730527
12867,CW,2,0.045,0.17222585920081263
12867,CW,2,0.046,0.17629166317716877
12867,CW,2,0.047,0.18033469211640407
12867,CW,2,0.048,0.18395708474481962
12867,CW,2,0.049,0.18768028246636437
12867,CW,2,0.05,0.1920539585901445
12867,CW,2,0.051000000000000004,0.19703562396846983
12867,CW,2,0.052000000000000005,0.2028490340642602
12867,CW,2,0.053,0.20917254751118028
12867,CW,2,0.054,0.2160842644448755
12867,CW,2,0.055,0.2234212232291804
12867,CW,2,0.056,0.23035133152072787
12867,CW,2,0.057,0.23727546184960233
12867,CW,2,0.058,0.2436141179822248
12867,CW,2,0.059000000000000004,0.24954807373753418
12867,CW,2,0.06,0.25510483733927986
12867,CW,2,0.061,0.25987955297654614
12867,CW,2,0.062,0.2643673730798028
12867,CW,2,0.063,0.267885314385461
12867,CW,2,0.064,0.27129878220827996
12867,CW,2,0.065,0.27587141218545314
12867,CW,2,0.066,0.28050287785268774
12867,CW,2,0.067,0.28537139705976894
12867,CW,2,0.068,0.2910635816604612
12867,CW,2,0.069,0.29722752405853176
12867,CW,2,0.07,0.30426989758172207
12867,CW,2,0.07100000000000001,0.3115569046707727
12867,CW,2,0.07200000000000001,0.3187551387412228
12867,CW,2,0.073,0.3257566498779893
12867,CW,2,0.074,0.33248375511290895
12867,CW,2,0.075,0.33922218157049494
12867,CW,2,0.076,0.3456832970941982
12867,CW,2,0.077,0.35200934904583103
12867,CW,2,0.078,0.3575176012719836
12867,CW,2,0.079,0.36286649581766467
12867,CW,2,0.08,0.3688882151616636
12867,CW,2,0.081,0.3753791940736276
12867,CW,2,0.082,0.3818486273309029
12867,CW,2,0.083,0.388296596854045
12867,CW,2,0.084,0.3950996179497456
12867,CW,2,0.085,0.4022400026846841
12867,CW,2,0.08600000000000001,0.4094460334948838
12867,CW,2,0.08700000000000001,0.4168979882042732
12867,CW,2,0.088,0.42438801846732044
12867,CW,2,0.089,0.43098031213565996
12867,CW,2,0.09,0.4371206571334731
12867,CW,2,0.091,0.44353047017747854
12867,CW,2,0.092,0.44976714317644195
12867,CW,2,0.093,0.45492269768094457
12867,CW,2,0.094,0.4611974761648182
12867,CW,2,0.095,0.46632674078413944
12867,CW,2,0.096,0.47221804846968396
12867,CW,2,0.097,0.47839483214331746
12867,CW,2,0.098,0.4848832370164271
12867,CW,2,0.099,0.4911865931165306
12867,CW,2,0.1,0.49807937869823976
12867,CW,2,0.101,0.5052800676772538
12867,CW,2,0.10200000000000001,0.513049525961867
12867,CW,2,0.10300000000000001,0.5187780396637903
12867,CW,2,0.10400000000000001,0.5223398599124253
12867,CW,2,0.105,0.5257038355025565
12867,CW,2,0.106,0.5311747031533854
12867,CW,2,0.107,0.5362109864607121
12867,CW,2,0.108,0.5415789466449695
12867,CW,2,0.109,0.5473581617205922
12867,CW,2,0.11,0.5524429246787779
12867,CW,2,0.111,0.5562379013043877
12867,CW,2,0.112,0.5606173562821933
12867,CW,2,0.113,0.5662620506675805
12867,CW,2,0.114,0.5746649025550358
12867,CW,2,0.115,0.5845696329489539
12867,CW,2,0.116,0.5941067985562439
12867,CW,2,0.117,0.6029959119249009
12867,CW,2,0.11800000000000001,0.6133511050643111
12867,CW,2,0.11900000000000001,0.6231141915575669
12867,CW,2,0.12,0.6277866370402959
12867,CW,2,0.121,0.6274918309924553
12867,CW,2,0.122,0.6335919254409945
12867,CW,2,0.123,0.6387048240128894
12867,CW,2,0.124,0.6445079612069646
12867,CW,2,0.125,0.6451497234977595
12867,CW,2,0.126,0.6551714679574377
12867,CW,2,0.127,0.6568115419053742
12867,CW,2,0.128,0.6605826481780421
12867,CW,2,0.129,0.6652849077534314
12867,CW,2,0.13,0.6709106578846759
12867,CW,2,0.131,0.6780628321789088
12867,CW,2,0.132,0.6852058643772497
12867,CW,2,0.133,0.7016608139847622
12867,CW,2,0.134,0.7082531267421904
12867,CW,2,0.135,0.717710816134689
12867,CW,2,0.136,0.7198749780929534
12867,CW,2,0.137,0.7292300873041158
12867,CW,2,0.138,0.7305691716495332
12867,CW,2,0.139,0.7384111621421676
12867,CW,2,0.14,0.7423914547823974
12867,CW,2,0.14100000000000001,0.7569497172496484
12867,CW,2,0.14200000000000002,0.7644452357313413
12867,CW,2,0.14300000000000002,0.773190780526079
12867,CW,2,0.14400000000000002,0.7816884096099928
12867,CW,2,0.145,0.7906829115350342
12867,CW,2,0.146,0.799075584298647
12867,CW,2,0.147,0.807816265095239
12867,CW,2,0.148,0.8161735737365725
12867,CW,2,0.149,0.8244798637724319
12867,CW,2,0.15,0.8329549600411565
12867,CW,2,0.151,0.8405501958757008
12867,CW,2,0.152,0.8445965017244055
12867,CW,2,0.153,0.8425684918670444
12867,CW,2,0.154,0.8439783607500031
12867,CW,2,0.155,0.8486508625369138
12867,CW,2,0.156,0.8562647881418107
12867,CW,2,0.157,0.857875438592728
12867,CW,2,0.158,0.8631187447619096
12867,CW,2,0.159,0.8674465286008466
12867,CW,2,0.16,0.8718394708041362
12867,CW,2,0.161,0.8749209840144825
12867,CW,2,0.162,0.8780750071818417
12867,CW,2,0.163,0.8814523269218955
12867,CW,2,0.164,0.884970834412938
12867,CW,2,0.165,0.8886263181688147
12867,CW,2,0.166,0.8927838101688323
12867,CW,2,0.167,0.8969918204563089
12867,CW,2,0.168,0.9023960431317397
12867,CW,2,0.169,0.908044099260776
12867,CW,2,0.17,0.9146013895152058
12867,CW,2,0.171,0.9211740799655209
12867,CW,2,0.17200000000000001,0.9291796728532998
12867,CW,2,0.17300000000000001,0.9362712212940079
12867,CW,2,0.17400000000000002,0.9435011934341391
12867,CW,2,0.17500000000000002,0.9488222651003938
12867,CW,2,0.176,0.9552179234476399
12867,CW,2,0.177,0.961196565897192
12867,CW,2,0.178,0.9676184927956839
12867,CW,2,0.179,0.9732930228604443
12867,CW,2,0.18,0.9812222380060259
12867,CW,2,0.181,0.9892035847637084
12867,CW,2,0.182,0.9961940725233988
12867,CW,2,0.183,1.00439634110794
12867,CW,2,0.184,1.0122002116523305
12867,CW,2,0.185,1.020278709068198
12867,CW,2,0.186,1.026974639751545
12867,CW,2,0.187,1.0342654083327236
12867,CW,2,0.188,1.040450406691562
12867,CW,2,0.189,1.045444888589185
12867,CW,2,0.19,1.0501962113344414
12867,CW,2,0.191,1.0557078967305202
12867,CW,2,0.192,1.0613143069899575
12867,CW,2,0.193,1.066864630137011
12867,CW,2,0.194,1.0724076661055693
12867,CW,2,0.195,1.0783864404196526
12867,CW,2,0.196,1.084852696972693
12867,CW,2,0.197,1.0919533953082519
12867,CW,2,0.198,1.0966819966525596
12867,CW,2,0.199,1.1035245117991261
12867,CW,2,0.2,1.1091756749148913
12867,CW,2,0.201,1.1151189330526539
12867,CW,2,0.202,1.117635541540823
12867,CW,2,0.203,1.1229089078336076
12867,CW,2,0.20400000000000001,1.128217724030103
12867,CW,2,0.20500000000000002,1.1352792704387171
12867,CW,2,0.20600000000000002,1.1392817739750465
12867,CW,2,0.20700000000000002,1.1449420744253231
12867,CW,2,0.20800000000000002,1.1510597042578161
12867,CW,2,0.209,1.1547668726462241
12867,CW,2,0.21,1.1615477207041556
12867,CW,2,0.211,1.1673487274658982
12867,CW,2,0.212,1.172663153891764
12867,CW,2,0.213,1.1783849387340946
12867,CW,2,0.214,1.1842516784491581
12867,CW,2,0.215,1.18964072425386
12867,CW,2,0.216,1.1946439182453374
12867,CW,2,0.217,1.1988310956751052
12867,CW,2,0.218,1.200048461764312
12867,CW,2,0.219,1.2007698585253541
12867,CW,2,0.22,1.204928397217494
12867,CW,2,0.221,1.208590405429142
12867,CW,2,0.222,1.2121803376823448
12867,CW,2,0.223,1.2165079392010125
12867,CW,2,0.224,1.2210372637698843
12867,CW,2,0.225,1.2253353519294603
12867,CW,2,0.226,1.229911876502496
12867,CW,2,0.227,1.2348513435427841
12867,CW,2,0.228,1.2401360387684994
12867,CW,2,0.229,1.2453715391313187
12867,CW,2,0.23,1.2506397620903014
12867,CW,2,0.231,1.2560261138385596
12867,CW,2,0.232,1.2619795868089465
12867,CW,2,0.233,1.2671098752081016
12867,CW,2,0.234,1.270817245524846
12867,CW,2,0.23500000000000001,1.2741056924580285
12867,CW,2,0.23600000000000002,1.278078075110992
12867,CW,2,0.23700000000000002,1.2818521180122266
12867,CW,2,0.23800000000000002,1.2858538361337921
12867,CW,2,0.23900000000000002,1.2899912915843055
12867,CW,2,0.24,1.2941936325715941
12867,CW,2,0.241,1.2988053713812755
12867,CW,2,0.242,1.3030752131822523
12867,CW,2,0.243,1.3069281799397758
12867,CW,2,0.244,1.3101369087790133
12867,CW,2,0.245,1.3130507916827066
12867,CW,2,0.246,1.316074439421086
12867,CW,2,0.247,1.3170955046463693
12867,CW,2,0.248,1.3203930853216852
12867,CW,2,0.249,1.321599142180041
12867,CW,2,0.25,1.3232212174849096
12867,CW,2,0.251,1.3254232003529631
12867,CW,2,0.252,1.3285632303394077
12867,CW,2,0.253,1.331593136831098
12867,CW,2,0.254,1.33488316452717
12867,CW,2,0.255,1.338426448738416
12867,CW,2,0.256,1.341647535988727
12867,CW,2,0.257,1.344908562090777
12867,CW,2,0.258,1.3480553116291667
12867,CW,2,0.259,1.3506924069231028
12867,CW,2,0.26,1.352804998004489
12867,CW,2,0.261,1.3544947927853817
12867,CW,2,0.262,1.3556278732755402
12867,CW,2,0.263,1.3567790197241907
12867,CW,2,0.264,1.3579753443639329
12867,CW,2,0.265,1.3590765029423684
12867,CW,2,0.266,1.3593079641849277
12867,CW,2,0.267,1.3602043833535162
12867,CW,2,0.268,1.361730152637886
12867,CW,2,0.269,1.3632070575017547
12867,CW,2,0.27,1.364566446679417
12867,CW,2,0.271,1.365441436853824
12867,CW,2,0.272,1.3668169786798967
12867,CW,2,0.273,1.3678775320173884
12867,CW,2,0.274,1.368839169782994
12867,CW,2,0.275,1.3695714902588991
12867,CW,2,0.276,1.3701687307568196
12867,CW,2,0.277,1.3707327808859635
12867,CW,2,0.278,1.3712809078904409
12867,CW,2,0.279,1.3716489160698973
12867,CW,2,0.28,1.3718947389935516
12867,CW,2,0.281,1.3719567777852921
12867,CW,2,0.28200000000000003,1.3720292935948526
12867,CW,2,0.28300000000000003,1.3720650344764334
12867,CW,2,0.28400000000000003,1.3720661224892101
12867,CW,2,0.28500000000000003,1.3719590192408546
12867,CW,2,0.28600000000000003,1.371785247858939
12867,CW,2,0.28700000000000003,1.371493500452499
12867,CW,2,0.28800000000000003,1.3711966017210155
12867,CW,2,0.289,1.3705364454335016
12867,CW,2,0.29,1.3698275730149154
12867,CW,2,0.291,1.3689809743438637
12867,CW,2,0.292,1.3679242946714736
12867,CW,2,0.293,1.3670876422418363
12867,CW,2,0.294,1.3661054321148682
12867,CW,2,0.295,1.3651521776311584
12867,CW,2,0.296,1.363880755733655
12867,CW,2,0.297,1.3629775023149289
12867,CW,2,0.298,1.3622568473299907
12867,CW,2,0.299,1.3615444550231028
12867,CW,2,0.3,1.3607118961049585
12867,CW,2,0.301,1.3600228815826754
12867,CW,2,0.302,1.3590900571773765
12867,CW,2,0.303,1.3581972444549526
12867,CW,2,0.304,1.357184204481443
12867,CW,2,0.305,1.35634124876794
12867,CW,2,0.306,1.3552846484116938
12867,CW,2,0.307,1.354232400366309
12867,CW,2,0.308,1.353379426037707
12867,CW,2,0.309,1.352393175007304
12867,CW,2,0.31,1.3515751786100105
12867,CW,2,0.311,1.3508543024471016
12867,CW,2,0.312,1.3502286835323327
12867,CW,2,0.313,1.3496826580129526
12867,CW,2,0.314,1.3492182519255753
12867,CW,2,0.315,1.3488370880479852
12867,CW,2,0.316,1.3484587423312968
12867,CW,2,0.317,1.348096246911382
12867,CW,2,0.318,1.3477912391660236
12867,CW,2,0.319,1.3475831046273214
12867,CW,2,0.32,1.3474217794733037
12867,CW,2,0.321,1.347354301945906
12867,CW,2,0.322,1.3473943121068537
12867,CW,2,0.323,1.3475571632612962
12867,CW,2,0.324,1.3478361416738087
12867,CW,2,0.325,1.3482346709702382
12867,CW,2,0.326,1.3487441539828973
12867,CW,2,0.327,1.3493574645247939
12867,CW,2,0.328,1.3500669934107372
12867,CW,2,0.329,1.3508464576837396
12867,CW,2,0.33,1.3517207974357943
12867,CW,2,0.331,1.352583645199303
12867,CW,2,0.332,1.353634143523652
12867,CW,2,0.333,1.35478179136997
12867,CW,2,0.334,1.3560498757690223
12867,CW,2,0.335,1.3573843314714489
12867,CW,2,0.336,1.3589990972280996
12867,CW,2,0.337,1.3607887712367512
12867,CW,2,0.338,1.3625545069317522
12867,CW,2,0.339,1.3644232550632867
12867,CW,2,0.34,1.3664127285752523
12867,CW,2,0.341,1.368548000133605
12867,CW,2,0.342,1.3709513478160826
12867,CW,2,0.343,1.3734286261672677
12867,CW,2,0.34400000000000003,1.3758314622611558
12867,CW,2,0.34500000000000003,1.3782402453914044
12867,CW,2,0.34600000000000003,1.3807296336791763
12867,CW,2,0.34700000000000003,1.3832542418033742
12867,CW,2,0.34800000000000003,1.3859653881193603
12867,CW,2,0.34900000000000003,1.3886405546855671
12867,CW,2,0.35000000000000003,1.3915134601549555
12867,CW,2,0.35100000000000003,1.3945312566407686
12867,CW,2,0.352,1.3978014986604634
12867,CW,2,0.353,1.4012929637131657
12867,CW,2,0.354,1.4048900343783686
12867,CW,2,0.355,1.4086520941367544
12867,CW,2,0.356,1.4125069902429699
12867,CW,2,0.357,1.4164582868745588
12867,CW,2,0.358,1.4205542864065406
12867,CW,2,0.359,1.4246593925938607
12867,CW,2,0.36,1.4286827941489115
12867,CW,2,0.361,1.432802420673858
12867,CW,2,0.362,1.4368829360743443
12867,CW,2,0.363,1.4409392995666797
12867,CW,2,0.364,1.4450224274727919
12867,CW,2,0.365,1.4492983606076346
12867,CW,2,0.366,1.4538786626338114
12867,CW,2,0.367,1.4586623764553117
12867,CW,2,0.368,1.4634433600275378
12867,CW,2,0.369,1.4683757869512164
12867,CW,2,0.37,1.4733766828157495
12867,CW,2,0.371,1.4784715191913804
12867,CW,2,0.372,1.4837764148030943
12867,CW,2,0.373,1.4892567982852465
12867,CW,2,0.374,1.4950954335317979
12867,CW,2,0.375,1.500786093862821
12867,CW,2,0.376,1.5060314488954756
12867,CW,2,0.377,1.5115958267762934
12867,CW,2,0.378,1.517303934338685
12867,CW,2,0.379,1.5229690968953882
12867,CW,2,0.38,1.5283136022391977
12867,CW,2,0.381,1.5339748113543656
12867,CW,2,0.382,1.5398795435485786
12867,CW,2,0.383,1.5460131727567288
12867,CW,2,0.384,1.5524956465216113
12867,CW,2,0.385,1.5590177894200448
12867,CW,2,0.386,1.5656654967306967
12867,CW,2,0.387,1.5722501766034556
12867,CW,2,0.388,1.5791294330678274
12867,CW,2,0.389,1.5864080386044008
12867,CW,2,0.39,1.5940911827562398
12867,CW,2,0.391,1.6017854507407365
12867,CW,2,0.392,1.6093824986726677
12867,CW,2,0.393,1.6169013368370593
12867,CW,2,0.394,1.6243698781988214
12867,CW,2,0.395,1.6316721835678105
12867,CW,2,0.396,1.638737467880455
12867,CW,2,0.397,1.6460760192707535
12867,CW,2,0.398,1.6535861416409001
12867,CW,2,0.399,1.6613543829830817
12867,CW,2,0.4,1.6695895014732454
12867,CW,2,0.401,1.6783251493054314
12867,CW,2,0.402,1.6872204645343978
12867,CW,2,0.403,1.6962768977245133
12867,CW,2,0.404,1.7054744608393513
12867,CW,2,0.405,1.7143590955596313
12867,CW,2,0.406,1.722765730398825
12867,CW,2,0.40700000000000003,1.7308920213652652
12867,CW,2,0.40800000000000003,1.739069435285799
12867,CW,2,0.40900000000000003,1.7474109626297283
12867,CW,2,0.41000000000000003,1.7558349896112322
12867,CW,2,0.41100000000000003,1.764647172630079
12867,CW,2,0.41200000000000003,1.7736055736983636
12867,CW,2,0.41300000000000003,1.782339160160097
12867,CW,2,0.41400000000000003,1.7914601018440275
12867,CW,2,0.41500000000000004,1.801434244495779
12867,CW,2,0.41600000000000004,1.811780208658632
12867,CW,2,0.417,1.8216153452956811
12867,CW,2,0.418,1.830567697947756
12867,CW,2,0.419,1.8392779329064382
12867,CW,2,0.42,1.847755126229102
12867,CW,2,0.421,1.8561470278860621
12867,CW,2,0.422,1.8646062018185332
12867,CW,2,0.423,1.8730380723003897
12867,CW,2,0.424,1.8814826618491156
12867,CW,2,0.425,1.8896505733499651
12867,CW,2,0.426,1.8977430033587142
12867,CW,2,0.427,1.9059187630520833
12867,CW,2,0.428,1.9144820798812652
12867,CW,2,0.429,1.9236300802283697
12867,CW,2,0.43,1.9329001918739606
12867,CW,2,0.431,1.9420301422741424
12867,CW,2,0.432,1.9510433792905415
12867,CW,2,0.433,1.9603365298402633
12867,CW,2,0.434,1.9698708610371525
12867,CW,2,0.435,1.97973880771892
12867,CW,2,0.436,1.9896797382561995
12867,CW,2,0.437,1.9993437939166565
12867,CW,2,0.438,2.008579446030041
12867,CW,2,0.439,2.0174481688678356
12867,CW,2,0.44,2.0259779451205713
12867,CW,2,0.441,2.0344973616806836
12867,CW,2,0.442,2.043288528081111
12867,CW,2,0.443,2.052251296707337
12867,CW,2,0.444,2.0616848706154722
12867,CW,2,0.445,2.072067339800067
12867,CW,2,0.446,2.083002023453242
12867,CW,2,0.447,2.0935823327007568
12867,CW,2,0.448,2.1039157558727983
12867,CW,2,0.449,2.1142235467320227
12867,CW,2,0.45,2.1247006181038945
12867,CW,2,0.451,2.135228783166221
12867,CW,2,0.452,2.1454168767381243
12867,CW,2,0.453,2.1552037414128624
12867,CW,2,0.454,2.1646560918478395
12867,CW,2,0.455,2.173891708810653
12867,CW,2,0.456,2.1833207004665915
12867,CW,2,0.457,2.1931399210596583
12867,CW,2,0.458,2.203237922712091
12867,CW,2,0.459,2.2131749675105343
12867,CW,2,0.46,2.2229499625552256
12867,CW,2,0.461,2.2328300480672216
12867,CW,2,0.462,2.2429951458629933
12867,CW,2,0.463,2.253477583231373
12867,CW,2,0.464,2.2642427671575556
12867,CW,2,0.465,2.2745926852249387
12867,CW,2,0.466,2.284960472893142
12867,CW,2,0.467,2.294931768410651
12867,CW,2,0.468,2.304992557109806
12867,CW,2,0.46900000000000003,2.3149822805521723
12867,CW,2,0.47000000000000003,2.3251104285769784
12867,CW,2,0.47100000000000003,2.335393001958253
12867,CW,2,0.47200000000000003,2.34555092787724
12867,CW,2,0.47300000000000003,2.3556435032707164
12867,CW,2,0.47400000000000003,2.365983991728836
12867,CW,2,0.47500000000000003,2.376903000759437
12867,CW,2,0.47600000000000003,2.3882218421649597
12867,CW,2,0.47700000000000004,2.399968884960262
12867,CW,2,0.47800000000000004,2.4121643490181586
12867,CW,2,0.47900000000000004,2.424935107920704
12867,CW,2,0.48,2.437859070715269
12867,CW,2,0.481,2.4503687593530317
12867,CW,2,0.482,2.462400644764972
12867,CW,2,0.483,2.474757088389552
12867,CW,2,0.484,2.4864596832841923
12867,CW,2,0.485,2.4971315939501553
12867,CW,2,0.486,2.507328963024676
12867,CW,2,0.487,2.517336833976319
12867,CW,2,0.488,2.5273603446253445
12867,CW,2,0.489,2.5376391295259926
12867,CW,2,0.49,2.548579021666689
12867,CW,2,0.491,2.560098772734523
12867,CW,2,0.492,2.5719551597837738
12867,CW,2,0.493,2.58430918773975
12867,CW,2,0.494,2.5973427580883612
12867,CW,2,0.495,2.610182822614333
12867,CW,2,0.496,2.622828071952582
12867,CW,2,0.497,2.6354223471633644
12867,CW,2,0.498,2.6478825835767568
12867,CW,2,0.499,2.660226057337249
12867,CW,2,0.5,2.671522598991901
12867,CW,2,0.501,2.6825603466832284
12867,CW,2,0.502,2.693362320935317
12867,CW,2,0.503,2.7040608377511415
12867,CW,2,0.504,2.71444633884679
12867,CW,2,0.505,2.7252790013948998
12867,CW,2,0.506,2.7363833379792575
12867,CW,2,0.507,2.7477507622163966
12867,CW,2,0.508,2.759051889486055
12867,CW,2,0.509,2.7705433626834064
12867,CW,2,0.51,2.7822140625225686
12867,CW,2,0.511,2.7937896540530014
12867,CW,2,0.512,2.8055128425992866
12867,CW,2,0.513,2.8173130306828935
12867,CW,2,0.514,2.8290110821803447
12867,CW,2,0.515,2.8404487139300776
12867,CW,2,0.516,2.8522695918446455
12867,CW,2,0.517,2.8638348085890515
12867,CW,2,0.518,2.875452573760715
12867,CW,2,0.519,2.8864863885774397
12867,CW,2,0.52,2.897138823886716
12867,CW,2,0.521,2.9085008704592714
12867,CW,2,0.522,2.919721605793961
12867,CW,2,0.523,2.931004752665633
12867,CW,2,0.524,2.942833520838471
12867,CW,2,0.525,2.955320141819919
12867,CW,2,0.526,2.967572856998814
12867,CW,2,0.527,2.9797519433952053
12867,CW,2,0.528,2.991281324322893
12867,CW,2,0.529,3.0033027752610213
12867,CW,2,0.53,3.015457590856208
12867,CW,2,0.531,3.0280054267308314
12867,CW,2,0.532,3.0403629083312125
12867,CW,2,0.533,3.0521691723999465
12867,CW,2,0.534,3.0632301489285143
12867,CW,2,0.535,3.07361120825582
12867,CW,2,0.536,3.0847302342250336
12867,CW,2,0.537,3.0956128016356397
12867,CW,2,0.538,3.1060006665230917
12867,CW,2,0.539,3.1170129856195476
12867,CW,2,0.54,3.1286247746821103
12867,CW,2,0.541,3.1414694969960024
12867,CW,2,0.542,3.155514535374397
12867,CW,2,0.543,3.169912116416172
12867,CW,2,0.544,3.1835071316920436
12867,CW,2,0.545,3.195903434643712
12867,CW,2,0.546,3.208190419713024
12867,CW,2,0.547,3.221136403699753
12867,CW,2,0.548,3.2326871265088344
12867,CW,2,0.549,3.2442346510346964
12867,CW,2,0.55,3.2541180316654708
12867,CW,2,0.551,3.26398932797499
12867,CW,2,0.552,3.273146654372594
12867,CW,2,0.553,3.281702399734633
12867,CW,2,0.554,3.290013761004956
12867,CW,2,0.555,3.2978822040875433
12867,CW,2,0.556,3.306639298997669
12867,CW,2,0.557,3.313310362573087
12867,CW,2,0.558,3.319268176944624
12867,CW,2,0.559,3.330192143288382
12867,CW,2,0.56,3.3420098895517003
12867,CW,2,0.561,3.3546263009020074
12867,CW,2,0.562,3.3663095200782984
12867,CW,2,0.5630000000000001,3.3770269412330114
12867,CW,2,0.5640000000000001,3.3860782829904252
12867,CW,2,0.5650000000000001,3.392883621355025
12867,CW,2,0.5660000000000001,3.3976484511809946
12867,CW,2,0.5670000000000001,3.399800406072381
12867,CW,2,0.5680000000000001,3.4008977785612906
12867,CW,2,0.5690000000000001,3.3996962226159257
12867,CW,2,0.5700000000000001,3.406415512183062
12867,CW,2,0.5710000000000001,3.4068988246557494
12867,CW,2,0.5720000000000001,3.4002669002769403
12867,CW,2,0.5730000000000001,3.3986084636056257
12867,CW,2,0.5740000000000001,3.396018326309714
12867,CW,2,0.5750000000000001,3.391102806083934
12867,CW,2,0.5760000000000001,3.394140517458826
12867,CW,2,0.577,3.395890238688829
12867,CW,2,0.578,3.395681344633166
12867,CW,2,0.579,3.3957529593658946
12867,CW,2,0.58,3.396464180798191
12867,CW,2,0.581,3.396803441823031
12867,CW,2,0.582,3.397077965865458
12867,CW,2,0.583,3.397087076385716
12867,CW,2,0.584,3.3978709563896836
12867,CW,2,0.585,3.3976174068831617
12867,CW,2,0.586,3.3986785265401425
12867,CW,2,0.587,3.398986942567322
12867,CW,2,0.588,3.3989289675849723
12867,CW,2,0.589,3.398850761200242
12867,CW,2,0.59,3.398999935434562
12867,CW,2,0.591,3.3990222207930327
12867,CW,2,0.592,3.399174469326705
12867,CW,2,0.593,3.399398748402018
12867,CW,2,0.594,3.3990659896847104
12867,CW,2,0.595,3.3982239939151504
12867,CW,2,0.596,3.3978828653401534
12867,CW,2,0.597,3.3965517565111427
12867,CW,2,0.598,3.3949350097943602
12867,CW,2,0.599,3.3937620452691672
12867,CW,2,0.6,3.3924457512705866
12867,CW,2,0.601,3.39054832103081
12867,CW,2,0.602,3.3890918704037407
12867,CW,2,0.603,3.388680452163457
12867,CW,2,0.604,3.387374115950308
12867,CW,2,0.605,3.3863126033215543
12867,CW,2,0.606,3.385394690168705
12867,CW,2,0.607,3.3841698419061084
12867,CW,2,0.608,3.381966548777848
12867,CW,2,0.609,3.379031465904623
12867,CW,2,0.61,3.376765396672663
12867,CW,2,0.611,3.3738095341761847
12867,CW,2,0.612,3.3717554089615636
12867,CW,2,0.613,3.3692803798426905
12867,CW,2,0.614,3.3670059538038584
12867,CW,2,0.615,3.365337426371994
12867,CW,2,0.616,3.362923451458585
12867,CW,2,0.617,3.3612299985666394
12867,CW,2,0.618,3.3588043927412112
12867,CW,2,0.619,3.356855965587946
12867,CW,2,0.62,3.354233755549689
12867,CW,2,0.621,3.351752969824589
12867,CW,2,0.622,3.3495556768958092
12867,CW,2,0.623,3.346766693097949
12867,CW,2,0.624,3.3438119697357926
12867,CW,2,0.625,3.3408264438849695
12867,CW,2,0.626,3.3378288056718897
12867,CW,2,0.627,3.335111530812304
12867,CW,2,0.628,3.3321702714917
12867,CW,2,0.629,3.329621489103062
12867,CW,2,0.63,3.327017615214124
12867,CW,2,0.631,3.324713947411212
12867,CW,2,0.632,3.32212880114272
12867,CW,2,0.633,3.319722708820355
12867,CW,2,0.634,3.3169183532884214
12867,CW,2,0.635,3.3142498783091248
12867,CW,2,0.636,3.3111863974665616
12867,CW,2,0.637,3.30825667891566
12867,CW,2,0.638,3.305237607098722
12867,CW,2,0.639,3.302482247129379
12867,CW,2,0.64,3.299547856996858
12867,CW,2,0.641,3.2968563422345962
12867,CW,2,0.642,3.294026444497852
12867,CW,2,0.643,3.291491934581465
12867,CW,2,0.644,3.2888960054871053
12867,CW,2,0.645,3.28643169503793
12867,CW,2,0.646,3.2839552420153613
12867,CW,2,0.647,3.281414576466674
12867,CW,2,0.648,3.279069817824475
12867,CW,2,0.649,3.2766072114933293
12867,CW,2,0.65,3.274197054918292
12867,CW,2,0.651,3.271543282646469
12867,CW,2,0.652,3.268806326099088
12867,CW,2,0.653,3.265945023238384
12867,CW,2,0.654,3.2632308487636115
12867,CW,2,0.655,3.260546008249496
12867,CW,2,0.656,3.257877729464741
12867,CW,2,0.657,3.255316447138341
12867,CW,2,0.658,3.252974950224014
12867,CW,2,0.659,3.2507487593086117
12867,CW,2,0.66,3.248560185204276
12867,CW,2,0.661,3.246380565095698
12867,CW,2,0.662,3.244160833307874
12867,CW,2,0.663,3.2419908415425382
12867,CW,2,0.664,3.239891798433403
12867,CW,2,0.665,3.2378759977932976
12867,CW,2,0.666,3.2359225769068907
12867,CW,2,0.667,3.233954726809048
12867,CW,2,0.668,3.231987493912133
12867,CW,2,0.669,3.230066741834496
12867,CW,2,0.67,3.2282190450177723
12867,CW,2,0.671,3.2264351148963377
12867,CW,2,0.672,3.2246809741536553
12867,CW,2,0.673,3.2228496538707785
12867,CW,2,0.674,3.2209797706968764
12867,CW,2,0.675,3.21922614470495
12867,CW,2,0.676,3.2176214876483544
12867,CW,2,0.677,3.2162962247932354
12867,CW,2,0.678,3.215046751479949
12867,CW,2,0.679,3.2139182807059385
12867,CW,2,0.68,3.212898906408312
12867,CW,2,0.681,3.2118660077582395
12867,CW,2,0.682,3.2106703581424796
12867,CW,2,0.683,3.2092452093814527
12867,CW,2,0.684,3.207652426409758
12867,CW,2,0.685,3.2060055594334833
12867,CW,2,0.686,3.2045922775687536
12867,CW,2,0.687,3.2035468363588024
12867,CW,2,0.6880000000000001,3.2019549320376806
12867,CW,2,0.6890000000000001,3.200096807758582
12867,CW,2,0.6900000000000001,3.197963658956121
12867,CW,2,0.6910000000000001,3.1956715117347234
12867,CW,2,0.6920000000000001,3.1936618118834352
12867,CW,2,0.6930000000000001,3.191470089805255
12867,CW,2,0.6940000000000001,3.187782947738197
12867,CW,2,0.6950000000000001,3.181684205719006
12867,CW,2,0.6960000000000001,3.1732771163575193
12867,CW,2,0.6970000000000001,3.1701064986644374
12867,CW,2,0.6980000000000001,3.16555556469797
12867,CW,2,0.6990000000000001,3.1615077415171626
12867,CW,2,0.7000000000000001,3.1499969233618805
12867,CW,2,0.7010000000000001,3.1501121651919566
12867,CW,2,0.7020000000000001,3.1459631120500675
12867,CW,2,0.7030000000000001,3.154094025419801
12867,CW,2,0.704,3.1528412297741055
12867,CW,2,0.705,3.154682576858678
12867,CW,2,0.706,3.164575180561306
12867,CW,2,0.707,3.1589987730324274
12867,CW,2,0.708,3.17460331526307
12867,CW,2,0.709,3.1710799943789394
12867,CW,2,0.71,3.183027187262217
12867,CW,2,0.711,3.1939215753488686
12867,CW,2,0.712,3.1873462595728554
12867,CW,2,0.713,3.213566837513896
12867,CW,2,0.714,3.220128069639671
12867,CW,2,0.715,3.2311326051271925
12867,CW,2,0.716,3.257484185283078
12867,CW,2,0.717,3.2449157938513276
12867,CW,2,0.718,3.2561592983792824
12867,CW,2,0.719,3.255359615874215
12867,CW,2,0.72,3.256964150279173
12867,CW,2,0.721,3.2419454927167695
12867,CW,2,0.722,3.222430483542359
12867,CW,2,0.723,3.202801122266248
12867,CW,2,0.724,3.185785410986993
12867,CW,2,0.725,3.170421589248057
12867,CW,2,0.726,3.148041571245047
12867,CW,2,0.727,3.1553402973295874
12867,CW,2,0.728,3.1429024379373542
12867,CW,2,0.729,3.1389616367894386
12867,CW,2,0.73,3.13790518125249
12867,CW,2,0.731,3.16296877054729
12867,CW,2,0.732,3.162048034653773
12867,CW,2,0.733,3.176159011622889
12867,CW,2,0.734,3.2017651551657416
12867,CW,2,0.735,3.2187005690424146
12867,CW,2,0.736,3.2400382450891585
12867,CW,2,0.737,3.2423739580865494
12867,CW,2,0.738,3.2351174814327255
12867,CW,2,0.739,3.231270855383617
12867,CW,2,0.74,3.2201563188129634
12867,CW,2,0.741,3.2102243254344094
12867,CW,2,0.742,3.201105319449977
12867,CW,2,0.743,3.193106010296455
12867,CW,2,0.744,3.1861735655186907
12867,CW,2,0.745,3.1796411632022252
12867,CW,2,0.746,3.175729414134242
12867,CW,2,0.747,3.1711689995606043
12867,CW,2,0.748,3.1674749980308854
12867,CW,2,0.749,3.1644462347514346
12867,CW,2,0.75,3.1617971675440653
12867,CW,2,0.751,3.159740472460288
12867,CW,2,0.752,3.1584140334594375
12867,CW,2,0.753,3.156525855151998
12867,CW,2,0.754,3.1554615721110064
12867,CW,2,0.755,3.1547855174792097
12867,CW,2,0.756,3.154459295751884
12867,CW,2,0.757,3.1542347882612725
12867,CW,2,0.758,3.154223333030731
12867,CW,2,0.759,3.1543296733916972
12867,CW,2,0.76,3.154594225090652
12867,CW,2,0.761,3.155029056240812
12867,CW,2,0.762,3.155660197263226
12867,CW,2,0.763,3.156453955612264
12867,CW,2,0.764,3.1574134298325442
12867,CW,2,0.765,3.1587530141476354
12867,CW,2,0.766,3.1597936835456877
12867,CW,2,0.767,3.1610989083667826
12867,CW,2,0.768,3.162389885785222
12867,CW,2,0.769,3.1638976763582263
12867,CW,2,0.77,3.165431834430149
12867,CW,2,0.771,3.167016927265964
12867,CW,2,0.772,3.168645396033173
12867,CW,2,0.773,3.1703642642178753
12867,CW,2,0.774,3.171956566185008
12867,CW,2,0.775,3.1739112499941955
12867,CW,2,0.776,3.175501722339849
12867,CW,2,0.777,3.1775151519834384
12867,CW,2,0.778,3.17921903377607
12867,CW,2,0.779,3.1808999706346914
12867,CW,2,0.78,3.183029964908797
12867,CW,2,0.781,3.18446354500989
12867,CW,2,0.782,3.1861122125276595
12867,CW,2,0.783,3.1877680267097177
12867,CW,2,0.784,3.1893489434893967
12867,CW,2,0.785,3.1905625522789327
12867,CW,2,0.786,3.191621684409224
12867,CW,2,0.787,3.1921887144056544
12867,CW,2,0.788,3.192686700580762
12867,CW,2,0.789,3.19285461477898
12867,CW,2,0.79,3.192941708586848
12867,CW,2,0.791,3.1928419035866855
12867,CW,2,0.792,3.1926129859603187
12867,CW,2,0.793,3.1921849451808306
12867,CW,2,0.794,3.1914178147115724
12867,CW,2,0.795,3.1900051716942555
12867,CW,2,0.796,3.189672750651451
12867,CW,2,0.797,3.1889339852479677
12867,CW,2,0.798,3.187107891872289
12867,CW,2,0.799,3.183365098740273
12867,CW,2,0.8,3.179601113007064
12867,CW,2,0.801,3.1758569189234085
12867,CW,2,0.802,3.172759702974579
12867,CW,2,0.803,3.1701704815676104
12867,CW,2,0.804,3.168150753295083
12867,CW,2,0.805,3.166182857519615
12867,CW,2,0.806,3.1633304826717747
12867,CW,2,0.807,3.1579219515206955
12867,CW,2,0.808,3.14962683746714
12867,CW,2,0.809,3.138066082372127
12867,CW,2,0.81,3.124593336711617
12867,CW,2,0.811,3.11025121802665
12867,CW,2,0.812,3.0932012705342893
12867,CW,2,0.8130000000000001,3.0775934155057336
12867,CW,2,0.8140000000000001,3.064055917619281
12867,CW,2,0.8150000000000001,3.0509490091508837
12867,CW,2,0.8160000000000001,3.0347147075094334
12867,CW,2,0.8170000000000001,3.012683284639692
12867,CW,2,0.8180000000000001,3.002115728879964
12867,CW,2,0.8190000000000001,2.9974941025141044
12867,CW,2,0.8200000000000001,2.9895413836469142
12867,CW,2,0.8210000000000001,2.9850482378302474
12867,CW,2,0.8220000000000001,2.982279372419568
12867,CW,2,0.8230000000000001,2.9789820024387756
12867,CW,2,0.8240000000000001,2.987142928727342
12867,CW,2,0.8250000000000001,3.0013979871241196
12867,CW,2,0.8260000000000001,3.0096987543190155
12867,CW,2,0.8270000000000001,3.020601246079915
12867,CW,2,0.8280000000000001,3.0364312704642566
12867,CW,2,0.8290000000000001,3.041511735957647
12867,CW,2,0.8300000000000001,3.0291427365760994
12867,CW,2,0.8310000000000001,3.016246314807046
12867,CW,2,0.8320000000000001,2.9882423255044923
12867,CW,2,0.833,2.962469126158263
12867,CW,2,0.834,2.936376928054949
12867,CW,2,0.835,2.911748695558769
12867,CW,2,0.836,2.8904319985327533
12867,CW,2,0.837,2.857372828626646
12867,CW,2,0.838,2.8346455030512683
12867,CW,2,0.839,2.793268515420132
12867,CW,2,0.84,2.74967809369174
12867,CW,2,0.841,2.7260642018605656
12867,CW,2,0.842,2.691780675794866
12867,CW,2,0.843,2.664146880723024
12867,CW,2,0.844,2.6481256698576385
12867,CW,2,0.845,2.614102352053437
12867,CW,2,0.846,2.6059737566171384
12867,CW,2,0.847,2.5911054397091644
12867,CW,2,0.848,2.5713012137825855
12867,CW,2,0.849,2.5629827792528683
12867,CW,2,0.85,2.571414616524993
12867,CW,2,0.851,2.5907355594025936
12867,CW,2,0.852,2.595688032630542
12867,CW,2,0.853,2.6187558689450263
12867,CW,2,0.854,2.6300846530939364
12867,CW,2,0.855,2.644778809303809
12867,CW,2,0.856,2.6590136056412934
12867,CW,2,0.857,2.67031068013337
12867,CW,2,0.858,2.6615145025964404
12867,CW,2,0.859,2.6583145139777047
12867,CW,2,0.86,2.6425509076585314
12867,CW,2,0.861,2.616899006750468
12867,CW,2,0.862,2.6013832207391165
12867,CW,2,0.863,2.57426094698451
12867,CW,2,0.864,2.5388924641644275
12867,CW,2,0.865,2.512073405540015
12867,CW,2,0.866,2.485583760780628
12867,CW,2,0.867,2.460983595012871
12867,CW,2,0.868,2.4347114976434154
12867,CW,2,0.869,2.416152464566944
12867,CW,2,0.87,2.393066082835496
12867,CW,2,0.871,2.373298060726988
12867,CW,2,0.872,2.356694974522153
12867,CW,2,0.873,2.3456741410210324
12867,CW,2,0.874,2.334901292322
12867,CW,2,0.875,2.3264719739789115
12867,CW,2,0.876,2.319073010956826
12867,CW,2,0.877,2.3129982731738923
12867,CW,2,0.878,2.30665540884542
12867,CW,2,0.879,2.3008756916682422
12867,CW,2,0.88,2.295382415938343
12867,CW,2,0.881,2.2900309300523007
12867,CW,2,0.882,2.284430998645482
12867,CW,2,0.883,2.2780226833532504
12867,CW,2,0.884,2.2722616574792105
12867,CW,2,0.885,2.264815278088928
12867,CW,2,0.886,2.258046103737157
12867,CW,2,0.887,2.2518498451256144
12867,CW,2,0.888,2.243980524665529
12867,CW,2,0.889,2.2387429965158994
12867,CW,2,0.89,2.231240474138181
12867,CW,2,0.891,2.224142948608642
12867,CW,2,0.892,2.2193237714133485
12867,CW,2,0.893,2.2114873279507288
12867,CW,2,0.894,2.206374176560698
12867,CW,2,0.895,2.199584601247893
12867,CW,2,0.896,2.193067290840096
12867,CW,2,0.897,2.1878053157327484
12867,CW,2,0.898,2.1811351047410845
12867,CW,2,0.899,2.175558052917674
12867,CW,2,0.9,2.166859184036741
12867,CW,2,0.901,2.162302680833803
12867,CW,2,0.902,2.154918733094865
12867,CW,2,0.903,2.1470824391245955
12867,CW,2,0.904,2.1426704684945963
12867,CW,2,0.905,2.134764029501863
12867,CW,2,0.906,2.126969322809378
12867,CW,2,0.907,2.121473405741206
12867,CW,2,0.908,2.112156503299517
12867,CW,2,0.909,2.1051644238815554
12867,CW,2,0.91,2.0980016090374125
12867,CW,2,0.911,2.0943412353696087
12867,CW,2,0.912,2.0907253985056244
12867,CW,2,0.913,2.0866210730842942
12867,CW,2,0.914,2.0801220787974777
12867,CW,2,0.915,2.071810282172646
12867,CW,2,0.916,2.062874325450152
12867,CW,2,0.917,2.053280481547493
12867,CW,2,0.918,2.042302470673233
12867,CW,2,0.919,2.035512358445106
12867,CW,2,0.92,2.027178242625842
12867,CW,2,0.921,2.0200110399493485
12867,CW,2,0.922,2.00937825041505
12867,CW,2,0.923,2.0006396467775414
12867,CW,2,0.924,1.993192088587221
12867,CW,2,0.925,1.9859335294517406
12867,CW,2,0.926,1.9791672334761297
12867,CW,2,0.927,1.9727362914919984
12867,CW,2,0.928,1.971176455609791
12867,CW,2,0.929,1.9668213321705563
12867,CW,2,0.93,1.9582522555013264
12867,CW,2,0.931,1.949001517347784
12867,CW,2,0.932,1.9387940379678579
12867,CW,2,0.933,1.9314521470991963
12867,CW,2,0.934,1.92119085227571
12867,CW,2,0.935,1.912690783628247
12867,CW,2,0.936,1.9049560225114819
12867,CW,2,0.937,1.8977180554545785
12867,CW,2,0.9380000000000001,1.8903839101641868
12867,CW,2,0.9390000000000001,1.881968719960327
12867,CW,2,0.9400000000000001,1.8750294797750886
12867,CW,2,0.9410000000000001,1.8695345672979775
12867,CW,2,0.9420000000000001,1.8642736719936792
12867,CW,2,0.9430000000000001,1.8589549877743239
12867,CW,2,0.9440000000000001,1.8572459396539658
12867,CW,2,0.9450000000000001,1.8556946951444726
12867,CW,2,0.9460000000000001,1.8520313905047394
12867,CW,2,0.9470000000000001,1.8444971581217904
12867,CW,2,0.9480000000000001,1.836703821741954
12867,CW,2,0.9490000000000001,1.8252698263722902
12867,CW,2,0.9500000000000001,1.8186420241462187
12867,CW,2,0.9510000000000001,1.8112518758073275
12867,CW,2,0.9520000000000001,1.8039658279504298
12867,CW,2,0.9530000000000001,1.7988680298568966
12867,CW,2,0.9540000000000001,1.7899386141958826
12867,CW,2,0.9550000000000001,1.7819453884111092
12867,CW,2,0.9560000000000001,1.7724383473348932
12867,CW,2,0.9570000000000001,1.7682644817171618
12867,CW,2,0.9580000000000001,1.7596644682622982
12867,CW,2,0.9590000000000001,1.7507559179376144
12867,CW,2,0.96,1.741388414691901
12867,CW,2,0.961,1.7338270202023016
12867,CW,2,0.962,1.7257941293319843
12867,CW,2,0.963,1.7169768511002923
12867,CW,2,0.964,1.71051287082985
12867,CW,2,0.965,1.7043438417168093
12867,CW,2,0.966,1.698310418934107
12867,CW,2,0.967,1.6923671574314105
12867,CW,2,0.968,1.6873542388668004
12867,CW,2,0.969,1.6781614374185516
12867,CW,2,0.97,1.6696571698685587
12867,CW,2,0.971,1.660105797156702
12867,CW,2,0.972,1.6498083199864588
12867,CW,2,0.973,1.6423727715304186
12867,CW,2,0.974,1.633172802926006
12867,CW,2,0.975,1.6245590131104266
12867,CW,2,0.976,1.6158624353590811
12867,CW,2,0.977,1.6098715580655292
12867,CW,2,0.978,1.6046203249320476
12867,CW,2,0.979,1.599518296946762
12867,CW,2,0.98,1.5995549731750516
12867,CW,2,0.981,1.593912323688612
12867,CW,2,0.982,1.5890253066598692
12867,CW,2,0.983,1.583239539799882
12867,CW,2,0.984,1.576383844418367
12867,CW,2,0.985,1.5675197658007796
12867,CW,2,0.986,1.556093033272582
12867,CW,2,0.987,1.543830832523998
12867,CW,2,0.988,1.5363821965294229
12867,CW,2,0.989,1.5230434095948338
12867,CW,2,0.99,1.5123666019099986
12867,CW,2,0.991,1.5019758012875692
12867,CW,2,0.992,1.491931310851178
12867,CW,2,0.993,1.4846632230507113
12867,CW,2,0.994,1.4792911562411777
12867,CW,2,0.995,1.4713907199647092
12867,CW,2,0.996,1.4622418441198506
12867,CW,2,0.997,1.4510499493927729
12867,CW,2,0.998,1.4384323121613503
12867,CW,2,0.999,1.4252653089810108
12867,CW,2,1.0,1.41025408292636
12867,CW,3,0.0,0.0
12867,CW,3,0.001,0.0006283468530288465
12867,CW,3,0.002,4.690641990215564e-05
12867,CW,3,0.003,0.0010916002519801807
12867,CW,3,0.004,0.0017541083460915605
12867,CW,3,0.005,0.0028984387209776857
12867,CW,3,0.006,0.0035582078569441357
12867,CW,3,0.007,0.004111930570660474
12867,CW,3,0.008,0.0047933741705615705
12867,CW,3,0.009000000000000001,0.006048077003248303
12867,CW,3,0.01,0.0070319544321839934
12867,CW,3,0.011,0.007554251238545316
12867,CW,3,0.012,0.008101413875311145
12867,CW,3,0.013000000000000001,0.008733435392271574
12867,CW,3,0.014,0.009179060373857177
12867,CW,3,0.015,0.010095036384900264
12867,CW,3,0.016,0.01058429246237277
12867,CW,3,0.017,0.011536247730486964
12867,CW,3,0.018000000000000002,0.012727516076046089
12867,CW,3,0.019,0.013590821668335609
12867,CW,3,0.02,0.015101007787015416
12867,CW,3,0.021,0.01656138048459711
12867,CW,3,0.022,0.01751647472540109
12867,CW,3,0.023,0.018915178122110365
12867,CW,3,0.024,0.020309187888863687
12867,CW,3,0.025,0.02199120366535991
12867,CW,3,0.026000000000000002,0.02363900765447999
12867,CW,3,0.027,0.025143218466569577
12867,CW,3,0.028,0.0253133971955093
12867,CW,3,0.029,0.02628953439682902
12867,CW,3,0.03,0.026381895234052325
12867,CW,3,0.031,0.027201753193466467
12867,CW,3,0.032,0.02827207556644512
12867,CW,3,0.033,0.029150713311636333
12867,CW,3,0.034,0.03060877104515335
12867,CW,3,0.035,0.03113306109308517
12867,CW,3,0.036000000000000004,0.031156094460441194
12867,CW,3,0.037,0.03125674336210375
12867,CW,3,0.038,0.03132905665178368
12867,CW,3,0.039,0.03158534628566223
12867,CW,3,0.04,0.03181976828054151
12867,CW,3,0.041,0.032592080097436
12867,CW,3,0.042,0.03358535272996393
12867,CW,3,0.043000000000000003,0.03455071559953765
12867,CW,3,0.044,0.035301021884540644
12867,CW,3,0.045,0.03677057925910174
12867,CW,3,0.046,0.03795933291511141
12867,CW,3,0.047,0.03919855962338515
12867,CW,3,0.048,0.04080508196317442
12867,CW,3,0.049,0.04222826843115958
12867,CW,3,0.05,0.04344337765695437
12867,CW,3,0.051000000000000004,0.04426394744215414
12867,CW,3,0.052000000000000005,0.04441528971695832
12867,CW,3,0.053,0.04478851534068858
12867,CW,3,0.054,0.045143522884630215
12867,CW,3,0.055,0.04490759788607057
12867,CW,3,0.056,0.04472669348949411
12867,CW,3,0.057,0.04466579842157579
12867,CW,3,0.058,0.044867884981934766
12867,CW,3,0.059000000000000004,0.0450881440327113
12867,CW,3,0.06,0.045689995787206124
12867,CW,3,0.061,0.046385645546546866
12867,CW,3,0.062,0.04614387035723668
12867,CW,3,0.063,0.04606296883019463
12867,CW,3,0.064,0.04613363018198046
12867,CW,3,0.065,0.0456505018755495
12867,CW,3,0.066,0.045536721312730455
12867,CW,3,0.067,0.04551043633262871
12867,CW,3,0.068,0.045471286502110755
12867,CW,3,0.069,0.04580515295328969
12867,CW,3,0.07,0.045980352428865376
12867,CW,3,0.07100000000000001,0.0462975515327573
12867,CW,3,0.07200000000000001,0.0467222365082655
12867,CW,3,0.073,0.04731681231367276
12867,CW,3,0.074,0.04779133825291258
12867,CW,3,0.075,0.047989440003908854
12867,CW,3,0.076,0.048243062481356985
12867,CW,3,0.077,0.04821857532475054
12867,CW,3,0.078,0.048430154808215456
12867,CW,3,0.079,0.04903997437503019
12867,CW,3,0.08,0.049465000631052254
12867,CW,3,0.081,0.04951079038894674
12867,CW,3,0.082,0.04961524352969915
12867,CW,3,0.083,0.05006832921357613
12867,CW,3,0.084,0.0508016208058038
12867,CW,3,0.085,0.051539105530913114
12867,CW,3,0.08600000000000001,0.05226080737109656
12867,CW,3,0.08700000000000001,0.05263729084680082
12867,CW,3,0.088,0.05252806763221741
12867,CW,3,0.089,0.052428484326646194
12867,CW,3,0.09,0.05225080399242153
12867,CW,3,0.091,0.05244834515467249
12867,CW,3,0.092,0.05279727383405107
12867,CW,3,0.093,0.05420911992190798
12867,CW,3,0.094,0.05419840743683303
12867,CW,3,0.095,0.05558819264466879
12867,CW,3,0.096,0.05687755818670894
12867,CW,3,0.097,0.057948971614178134
12867,CW,3,0.098,0.059426016673586504
12867,CW,3,0.099,0.061681105807377644
12867,CW,3,0.1,0.06382958112800684
12867,CW,3,0.101,0.06584529780973243
12867,CW,3,0.10200000000000001,0.06774597289660143
12867,CW,3,0.10300000000000001,0.06782544009495682
12867,CW,3,0.10400000000000001,0.07356110481455586
12867,CW,3,0.105,0.0795652323595838
12867,CW,3,0.106,0.08618894587257572
12867,CW,3,0.107,0.09382846768050782
12867,CW,3,0.108,0.10020171995848749
12867,CW,3,0.109,0.10031473315197711
12867,CW,3,0.11,0.1008267753155495
12867,CW,3,0.111,0.09916503619384642
12867,CW,3,0.112,0.10173571980585015
12867,CW,3,0.113,0.10200429468050709
12867,CW,3,0.114,0.10082866895617208
12867,CW,3,0.115,0.10057794369396582
12867,CW,3,0.116,0.09492573258519173
12867,CW,3,0.117,0.09271240043934827
12867,CW,3,0.11800000000000001,0.09530941976354636
12867,CW,3,0.11900000000000001,0.0962456677651182
12867,CW,3,0.12,0.09537755325365367
12867,CW,3,0.121,0.10454845484830858
12867,CW,3,0.122,0.10896934005910379
12867,CW,3,0.123,0.11750841728575487
12867,CW,3,0.124,0.12257266393886937
12867,CW,3,0.125,0.12048186197290077
12867,CW,3,0.126,0.11413274745805743
12867,CW,3,0.127,0.11558658637177391
12867,CW,3,0.128,0.11872099297841138
12867,CW,3,0.129,0.11192741312921789
12867,CW,3,0.13,0.11282781018098477
12867,CW,3,0.131,0.11093364427384099
12867,CW,3,0.132,0.11353384166581014
12867,CW,3,0.133,0.10846138855171593
12867,CW,3,0.134,0.11251875585771971
12867,CW,3,0.135,0.11337549931472285
12867,CW,3,0.136,0.12205126193407416
12867,CW,3,0.137,0.12314120040248097
12867,CW,3,0.138,0.13559824191405695
12867,CW,3,0.139,0.1457966444346415
12867,CW,3,0.14,0.1503704084065127
12867,CW,3,0.14100000000000001,0.14612656747819053
12867,CW,3,0.14200000000000002,0.14674927598441573
12867,CW,3,0.14300000000000002,0.14678670572501928
12867,CW,3,0.14400000000000002,0.14927787820885188
12867,CW,3,0.145,0.15222804266295278
12867,CW,3,0.146,0.15540793987662652
12867,CW,3,0.147,0.16240882241201757
12867,CW,3,0.148,0.16179767798284306
12867,CW,3,0.149,0.1679385515844813
12867,CW,3,0.15,0.16914828252560463
12867,CW,3,0.151,0.16863051459752432
12867,CW,3,0.152,0.1693279551877438
12867,CW,3,0.153,0.175842390371166
12867,CW,3,0.154,0.17643805501996068
12867,CW,3,0.155,0.17998935316608305
12867,CW,3,0.156,0.18027370451545563
12867,CW,3,0.157,0.17993859519635347
12867,CW,3,0.158,0.18032728123273672
12867,CW,3,0.159,0.1815094135344933
12867,CW,3,0.16,0.18241459500492932
12867,CW,3,0.161,0.18380080581110916
12867,CW,3,0.162,0.1871637894963214
12867,CW,3,0.163,0.1868684529459167
12867,CW,3,0.164,0.18749699369496897
12867,CW,3,0.165,0.18821456070910267
12867,CW,3,0.166,0.18842810261309034
12867,CW,3,0.167,0.1886675981325292
12867,CW,3,0.168,0.1874954810719745
12867,CW,3,0.169,0.18846250704704567
12867,CW,3,0.17,0.1879215673106237
12867,CW,3,0.171,0.18911045325212364
12867,CW,3,0.17200000000000001,0.18825200555134847
12867,CW,3,0.17300000000000001,0.18675032228356114
12867,CW,3,0.17400000000000002,0.18474730264705305
12867,CW,3,0.17500000000000002,0.1842108015959966
12867,CW,3,0.176,0.1823245987517546
12867,CW,3,0.177,0.1808730601868422
12867,CW,3,0.178,0.1793625617383946
12867,CW,3,0.179,0.17770576112017542
12867,CW,3,0.18,0.17602849736613776
12867,CW,3,0.181,0.17469737622443907
12867,CW,3,0.182,0.17357489735612194
12867,CW,3,0.183,0.17274869486224836
12867,CW,3,0.184,0.1718966937862972
12867,CW,3,0.185,0.17091584476662045
12867,CW,3,0.186,0.1711071722499592
12867,CW,3,0.187,0.17097017076200832
12867,CW,3,0.188,0.17127195711142368
12867,CW,3,0.189,0.17166658270215696
12867,CW,3,0.19,0.17198891502025798
12867,CW,3,0.191,0.1723552612900938
12867,CW,3,0.192,0.1712824447265566
12867,CW,3,0.193,0.17122277066750394
12867,CW,3,0.194,0.1714935172833135
12867,CW,3,0.195,0.17063838316669158
12867,CW,3,0.196,0.17076544114865388
12867,CW,3,0.197,0.17032381716788822
12867,CW,3,0.198,0.17005159084204502
12867,CW,3,0.199,0.16902107503166094
12867,CW,3,0.2,0.16936362001023755
12867,CW,3,0.201,0.16947311244382035
12867,CW,3,0.202,0.1701892227467969
12867,CW,3,0.203,0.17088861332709393
12867,CW,3,0.20400000000000001,0.1708773977197681
12867,CW,3,0.20500000000000002,0.17043742580715437
12867,CW,3,0.20600000000000002,0.17044512361184472
12867,CW,3,0.20700000000000002,0.1695326629729543
12867,CW,3,0.20800000000000002,0.16943657177069912
12867,CW,3,0.209,0.16941308936040136
12867,CW,3,0.21,0.1688595189109578
12867,CW,3,0.211,0.1683812325773682
12867,CW,3,0.212,0.1684041821302382
12867,CW,3,0.213,0.16836903762251404
12867,CW,3,0.214,0.16839398186255244
12867,CW,3,0.215,0.16849539146210174
12867,CW,3,0.216,0.1686933498382281
12867,CW,3,0.217,0.16891322023900382
12867,CW,3,0.218,0.16876360490852763
12867,CW,3,0.219,0.1685615962361349
12867,CW,3,0.22,0.16842688506353437
12867,CW,3,0.221,0.16855579124341621
12867,CW,3,0.222,0.1687462380949717
12867,CW,3,0.223,0.16903977224557454
12867,CW,3,0.224,0.16941968017103257
12867,CW,3,0.225,0.1696489650888831
12867,CW,3,0.226,0.16992348789241113
12867,CW,3,0.227,0.16986763692522072
12867,CW,3,0.228,0.1715145219660292
12867,CW,3,0.229,0.17138615875806726
12867,CW,3,0.23,0.17200707706154097
12867,CW,3,0.231,0.17279402755234022
12867,CW,3,0.232,0.17447830310329895
12867,CW,3,0.233,0.17624769845634253
12867,CW,3,0.234,0.1769434816992345
12867,CW,3,0.23500000000000001,0.17685912042237592
12867,CW,3,0.23600000000000002,0.17639802261471757
12867,CW,3,0.23700000000000002,0.17615712291113886
12867,CW,3,0.23800000000000002,0.176632926815025
12867,CW,3,0.23900000000000002,0.17746506692444555
12867,CW,3,0.24,0.17673848497542013
12867,CW,3,0.241,0.1787678668491052
12867,CW,3,0.242,0.17943814158769922
12867,CW,3,0.243,0.17949387330275887
12867,CW,3,0.244,0.17997328688795364
12867,CW,3,0.245,0.1781039137803821
12867,CW,3,0.246,0.177235329587967
12867,CW,3,0.247,0.17616224411775463
12867,CW,3,0.248,0.17803235386755417
12867,CW,3,0.249,0.1762367600566236
12867,CW,3,0.25,0.17552345748828552
12867,CW,3,0.251,0.1733613702151346
12867,CW,3,0.252,0.1730262104020385
12867,CW,3,0.253,0.17357298418784195
12867,CW,3,0.254,0.1720106124677849
12867,CW,3,0.255,0.17389943433027596
12867,CW,3,0.256,0.1739644737346459
12867,CW,3,0.257,0.173854828330572
12867,CW,3,0.258,0.17394689651108605
12867,CW,3,0.259,0.17380880606210744
12867,CW,3,0.26,0.1732190040239401
12867,CW,3,0.261,0.17350070231364714
12867,CW,3,0.262,0.17325308316743437
12867,CW,3,0.263,0.17420873230196354
12867,CW,3,0.264,0.17634091902634597
12867,CW,3,0.265,0.17814789107855616
12867,CW,3,0.266,0.17524361464692909
12867,CW,3,0.267,0.17119546062359442
12867,CW,3,0.268,0.16760094193271666
12867,CW,3,0.269,0.16469427283416532
12867,CW,3,0.27,0.16501209476527406
12867,CW,3,0.271,0.1678548794694909
12867,CW,3,0.272,0.17094415140615393
12867,CW,3,0.273,0.1738068596717883
12867,CW,3,0.274,0.17693858846955782
12867,CW,3,0.275,0.18021352658672826
12867,CW,3,0.276,0.18272960432506918
12867,CW,3,0.277,0.1847222197499939
12867,CW,3,0.278,0.18695328720585458
12867,CW,3,0.279,0.18841310739001968
12867,CW,3,0.28,0.18880606912758566
12867,CW,3,0.281,0.1852889915833299
12867,CW,3,0.28200000000000003,0.18073999549295838
12867,CW,3,0.28300000000000003,0.1748730094575887
12867,CW,3,0.28400000000000003,0.17090104886955954
12867,CW,3,0.28500000000000003,0.16547590440106003
12867,CW,3,0.28600000000000003,0.1566604904316233
12867,CW,3,0.28700000000000003,0.1540871279585189
12867,CW,3,0.28800000000000003,0.15256270220967766
12867,CW,3,0.289,0.1578293793175556
12867,CW,3,0.29,0.16214546386753642
12867,CW,3,0.291,0.16994094194558193
12867,CW,3,0.292,0.17481355122257153
12867,CW,3,0.293,0.18066793328426717
12867,CW,3,0.294,0.18654672363356933
12867,CW,3,0.295,0.19089616223313055
12867,CW,3,0.296,0.1989068300016947
12867,CW,3,0.297,0.20354120472236234
12867,CW,3,0.298,0.20326956789359388
12867,CW,3,0.299,0.2050422961307935
12867,CW,3,0.3,0.20766430156171345
12867,CW,3,0.301,0.2085359372455472
12867,CW,3,0.302,0.21372907900520854
12867,CW,3,0.303,0.21657436701749092
12867,CW,3,0.304,0.21885399850742865
12867,CW,3,0.305,0.22086195768698233
12867,CW,3,0.306,0.22708437745199053
12867,CW,3,0.307,0.23045241217926046
12867,CW,3,0.308,0.23440237010223708
12867,CW,3,0.309,0.24144514753023236
12867,CW,3,0.31,0.24443010917686017
12867,CW,3,0.311,0.24671952830690633
12867,CW,3,0.312,0.2500764312419888
12867,CW,3,0.313,0.2530657788782695
12867,CW,3,0.314,0.2546897470121949
12867,CW,3,0.315,0.2573174213404408
12867,CW,3,0.316,0.25915372938876025
12867,CW,3,0.317,0.26224430523229325
12867,CW,3,0.318,0.26688713313169504
12867,CW,3,0.319,0.27108990215379153
12867,CW,3,0.32,0.27677516871736324
12867,CW,3,0.321,0.2809885045280164
12867,CW,3,0.322,0.28481079320734565
12867,CW,3,0.323,0.2894650964337807
12867,CW,3,0.324,0.29242000354644476
12867,CW,3,0.325,0.29619582729534116
12867,CW,3,0.326,0.3000698679652631
12867,CW,3,0.327,0.303093200929552
12867,CW,3,0.328,0.30710303764536656
12867,CW,3,0.329,0.31104990762702256
12867,CW,3,0.33,0.3148786838483327
12867,CW,3,0.331,0.3182334018736968
12867,CW,3,0.332,0.32193795623111
12867,CW,3,0.333,0.32551529658759687
12867,CW,3,0.334,0.329893516042392
12867,CW,3,0.335,0.333832604515076
12867,CW,3,0.336,0.33815116233660475
12867,CW,3,0.337,0.34169351710014634
12867,CW,3,0.338,0.3447411382138109
12867,CW,3,0.339,0.348456222199389
12867,CW,3,0.34,0.35219290496638417
12867,CW,3,0.341,0.3564322592938532
12867,CW,3,0.342,0.36100034518207896
12867,CW,3,0.343,0.3649332571576733
12867,CW,3,0.34400000000000003,0.3680957073892631
12867,CW,3,0.34500000000000003,0.37137022964207345
12867,CW,3,0.34600000000000003,0.3742652589593719
12867,CW,3,0.34700000000000003,0.3773225383872682
12867,CW,3,0.34800000000000003,0.38056231584538786
12867,CW,3,0.34900000000000003,0.38363108001939406
12867,CW,3,0.35000000000000003,0.38774625611244584
12867,CW,3,0.35100000000000003,0.39212806829380514
12867,CW,3,0.352,0.39683133153701344
12867,CW,3,0.353,0.4009120423197362
12867,CW,3,0.354,0.40435726986001364
12867,CW,3,0.355,0.40796767550290164
12867,CW,3,0.356,0.41152310805100295
12867,CW,3,0.357,0.41501283337967637
12867,CW,3,0.358,0.41863725224614395
12867,CW,3,0.359,0.42305952368696276
12867,CW,3,0.36,0.42798639346457507
12867,CW,3,0.361,0.4335099544120891
12867,CW,3,0.362,0.43877088976849704
12867,CW,3,0.363,0.44392931641853556
12867,CW,3,0.364,0.44829565131539006
12867,CW,3,0.365,0.45224195230055947
12867,CW,3,0.366,0.4561715607594582
12867,CW,3,0.367,0.46063958313892367
12867,CW,3,0.368,0.46504651036459393
12867,CW,3,0.369,0.4688824428228807
12867,CW,3,0.37,0.47214275007596207
12867,CW,3,0.371,0.47521536716082596
12867,CW,3,0.372,0.47843726880948806
12867,CW,3,0.373,0.4821115350278884
12867,CW,3,0.374,0.48650343887084474
12867,CW,3,0.375,0.49105097697319905
12867,CW,3,0.376,0.4953060183257614
12867,CW,3,0.377,0.49950645612719313
12867,CW,3,0.378,0.5038202280680266
12867,CW,3,0.379,0.5075097788315194
12867,CW,3,0.38,0.5103063102740887
12867,CW,3,0.381,0.5132690382685302
12867,CW,3,0.382,0.5165964753110501
12867,CW,3,0.383,0.5199340813016525
12867,CW,3,0.384,0.5235167953245691
12867,CW,3,0.385,0.5272428224990838
12867,CW,3,0.386,0.5307139889478114
12867,CW,3,0.387,0.5337009523109101
12867,CW,3,0.388,0.536589158216494
12867,CW,3,0.389,0.5398146310737643
12867,CW,3,0.39,0.5438479748147068
12867,CW,3,0.391,0.5485321997197404
12867,CW,3,0.392,0.5536240387853331
12867,CW,3,0.393,0.5588651982492087
12867,CW,3,0.394,0.5636349806332029
12867,CW,3,0.395,0.5674425120467204
12867,CW,3,0.396,0.5710127721098327
12867,CW,3,0.397,0.5754432442082859
12867,CW,3,0.398,0.5801130227897012
12867,CW,3,0.399,0.5848148759104213
12867,CW,3,0.4,0.5895974921122122
12867,CW,3,0.401,0.5940294983457977
12867,CW,3,0.402,0.5981179818144094
12867,CW,3,0.403,0.6021198188277278
12867,CW,3,0.404,0.6063417232240678
12867,CW,3,0.405,0.6104204044677423
12867,CW,3,0.406,0.6137129017271679
12867,CW,3,0.40700000000000003,0.6166461905084687
12867,CW,3,0.40800000000000003,0.6198440673164703
12867,CW,3,0.40900000000000003,0.6229556208626555
12867,CW,3,0.41000000000000003,0.6264238158370855
12867,CW,3,0.41100000000000003,0.629971615786615
12867,CW,3,0.41200000000000003,0.6338301298079272
12867,CW,3,0.41300000000000003,0.6379846992253914
12867,CW,3,0.41400000000000003,0.6422023207736058
12867,CW,3,0.41500000000000004,0.6458599050445426
12867,CW,3,0.41600000000000004,0.6492885775610372
12867,CW,3,0.417,0.6527213588505056
12867,CW,3,0.418,0.6555272015981473
12867,CW,3,0.419,0.6587139739254316
12867,CW,3,0.42,0.6623510193204996
12867,CW,3,0.421,0.6656590692344819
12867,CW,3,0.422,0.6690699864542878
12867,CW,3,0.423,0.6728604938591327
12867,CW,3,0.424,0.6767279342516853
12867,CW,3,0.425,0.6805051331027435
12867,CW,3,0.426,0.6842682222850707
12867,CW,3,0.427,0.6878137781483057
12867,CW,3,0.428,0.6913436576226224
12867,CW,3,0.429,0.6950824161506871
12867,CW,3,0.43,0.6985023940692741
12867,CW,3,0.431,0.7014900497069233
12867,CW,3,0.432,0.7044984339403741
12867,CW,3,0.433,0.7077890762898523
12867,CW,3,0.434,0.7113936768826638
12867,CW,3,0.435,0.7153243570893411
12867,CW,3,0.436,0.7190263936224487
12867,CW,3,0.437,0.7217300994106836
12867,CW,3,0.438,0.7236970873437221
12867,CW,3,0.439,0.7260668915782819
12867,CW,3,0.44,0.7289564200401407
12867,CW,3,0.441,0.7323387346811351
12867,CW,3,0.442,0.7365685436273078
12867,CW,3,0.443,0.7416726738451038
12867,CW,3,0.444,0.7475073586082678
12867,CW,3,0.445,0.7537297320206404
12867,CW,3,0.446,0.7596593043934989
12867,CW,3,0.447,0.7644205884052726
12867,CW,3,0.448,0.7682426899398539
12867,CW,3,0.449,0.771936483560512
12867,CW,3,0.45,0.7760154758476431
12867,CW,3,0.451,0.7812710573550863
12867,CW,3,0.452,0.7857228386806369
12867,CW,3,0.453,0.7897423495660176
12867,CW,3,0.454,0.7935280954782029
12867,CW,3,0.455,0.797459644693422
12867,CW,3,0.456,0.8019224478427024
12867,CW,3,0.457,0.8067540394468609
12867,CW,3,0.458,0.8119128994411633
12867,CW,3,0.459,0.8170479999084715
12867,CW,3,0.46,0.8218302871216034
12867,CW,3,0.461,0.8258602854040044
12867,CW,3,0.462,0.829014864782399
12867,CW,3,0.463,0.8319874193528469
12867,CW,3,0.464,0.8352886787973725
12867,CW,3,0.465,0.8390577973351647
12867,CW,3,0.466,0.8426473270888896
12867,CW,3,0.467,0.8458896230187152
12867,CW,3,0.468,0.8489767665447979
12867,CW,3,0.46900000000000003,0.8518666602652661
12867,CW,3,0.47000000000000003,0.8549769195242711
12867,CW,3,0.47100000000000003,0.8584294582989708
12867,CW,3,0.47200000000000003,0.862379584893022
12867,CW,3,0.47300000000000003,0.8667394021254089
12867,CW,3,0.47400000000000003,0.8707664147335189
12867,CW,3,0.47500000000000003,0.8739822175687788
12867,CW,3,0.47600000000000003,0.8769938361946383
12867,CW,3,0.47700000000000004,0.8802215788211444
12867,CW,3,0.47800000000000004,0.8835702158698935
12867,CW,3,0.47900000000000004,0.8874765298466454
12867,CW,3,0.48,0.8916219481777616
12867,CW,3,0.481,0.8951244007932638
12867,CW,3,0.482,0.8981497315645488
12867,CW,3,0.483,0.9021062797443009
12867,CW,3,0.484,0.9058938088937873
12867,CW,3,0.485,0.9087936224813618
12867,CW,3,0.486,0.9112824668392961
12867,CW,3,0.487,0.9136647258332952
12867,CW,3,0.488,0.9163327049674855
12867,CW,3,0.489,0.9193660007045631
12867,CW,3,0.49,0.9230286060583572
12867,CW,3,0.491,0.9273248061116738
12867,CW,3,0.492,0.9314071844741321
12867,CW,3,0.493,0.9348133112148018
12867,CW,3,0.494,0.9382957718191045
12867,CW,3,0.495,0.9414307421971272
12867,CW,3,0.496,0.9442986792111395
12867,CW,3,0.497,0.9470010155333074
12867,CW,3,0.498,0.9506985180964684
12867,CW,3,0.499,0.9555493054212716
12867,CW,3,0.5,0.9600486888305443
12867,CW,3,0.501,0.9643004434444776
12867,CW,3,0.502,0.9678231611816053
12867,CW,3,0.503,0.9715650109939336
12867,CW,3,0.504,0.9751262084980563
12867,CW,3,0.505,0.9793024456401913
12867,CW,3,0.506,0.983647887655991
12867,CW,3,0.507,0.9886167754491813
12867,CW,3,0.508,0.993291981691079
12867,CW,3,0.509,0.998138562714567
12867,CW,3,0.51,1.0032293620954116
12867,CW,3,0.511,1.0077101725300501
12867,CW,3,0.512,1.0114243517539978
12867,CW,3,0.513,1.0146119904577742
12867,CW,3,0.514,1.017851731449527
12867,CW,3,0.515,1.0216648111933568
12867,CW,3,0.516,1.026577406407103
12867,CW,3,0.517,1.0314957601035573
12867,CW,3,0.518,1.0369554698733225
12867,CW,3,0.519,1.0414558918243437
12867,CW,3,0.52,1.0457856842361004
12867,CW,3,0.521,1.0504060295056565
12867,CW,3,0.522,1.054849197273023
12867,CW,3,0.523,1.059255055860851
12867,CW,3,0.524,1.0636616034930262
12867,CW,3,0.525,1.068880480163929
12867,CW,3,0.526,1.0736865064038241
12867,CW,3,0.527,1.0779040491230085
12867,CW,3,0.528,1.0811179688313621
12867,CW,3,0.529,1.0842560295485217
12867,CW,3,0.53,1.087660070475834
12867,CW,3,0.531,1.0913459028169161
12867,CW,3,0.532,1.0948830519133268
12867,CW,3,0.533,1.0988018208235952
12867,CW,3,0.534,1.1025433503597843
12867,CW,3,0.535,1.1065737626503702
12867,CW,3,0.536,1.1113216912813981
12867,CW,3,0.537,1.1149686807684693
12867,CW,3,0.538,1.1182153654595832
12867,CW,3,0.539,1.1216357578613207
12867,CW,3,0.54,1.1257712328582925
12867,CW,3,0.541,1.1310437838769165
12867,CW,3,0.542,1.1364753538752599
12867,CW,3,0.543,1.1417053558682457
12867,CW,3,0.544,1.1462502375810713
12867,CW,3,0.545,1.149679438462847
12867,CW,3,0.546,1.1539837916092601
12867,CW,3,0.547,1.1587888463294158
12867,CW,3,0.548,1.1628274918535242
12867,CW,3,0.549,1.1681947332986828
12867,CW,3,0.55,1.1709820953953118
12867,CW,3,0.551,1.1738023213177855
12867,CW,3,0.552,1.1802995414081052
12867,CW,3,0.553,1.1821582228924434
12867,CW,3,0.554,1.1850552928551512
12867,CW,3,0.555,1.1872338605898436
12867,CW,3,0.556,1.1893223233034895
12867,CW,3,0.557,1.1888602066920928
12867,CW,3,0.558,1.1852538280941938
12867,CW,3,0.559,1.178973958803924
12867,CW,3,0.56,1.1735825889845724
12867,CW,3,0.561,1.1732224583834143
12867,CW,3,0.562,1.1715498266090147
12867,CW,3,0.5630000000000001,1.1674263324151726
12867,CW,3,0.5640000000000001,1.1623355132208535
12867,CW,3,0.5650000000000001,1.1587660937515485
12867,CW,3,0.5660000000000001,1.1550863616372515
12867,CW,3,0.5670000000000001,1.1505226304718148
12867,CW,3,0.5680000000000001,1.1427013392047773
12867,CW,3,0.5690000000000001,1.1271673972233514
12867,CW,3,0.5700000000000001,1.1207631862716252
12867,CW,3,0.5710000000000001,1.109646226576536
12867,CW,3,0.5720000000000001,1.0884248367490577
12867,CW,3,0.5730000000000001,1.0718069409283675
12867,CW,3,0.5740000000000001,1.0496291239861537
12867,CW,3,0.5750000000000001,1.0287263851568687
12867,CW,3,0.5760000000000001,1.008978869957918
12867,CW,3,0.577,1.003578562910931
12867,CW,3,0.578,0.9969216769347403
12867,CW,3,0.579,0.9931500723517717
12867,CW,3,0.58,0.9931398729597305
12867,CW,3,0.581,0.9921554271526355
12867,CW,3,0.582,0.9911137193758073
12867,CW,3,0.583,0.9886659118620361
12867,CW,3,0.584,0.9857388397478013
12867,CW,3,0.585,0.9843870088860598
12867,CW,3,0.586,0.9830731496317258
12867,CW,3,0.587,0.9815736279372782
12867,CW,3,0.588,0.9799175879503017
12867,CW,3,0.589,0.9780075695256204
12867,CW,3,0.59,0.9728521782392155
12867,CW,3,0.591,0.9708630406637917
12867,CW,3,0.592,0.9695042027228685
12867,CW,3,0.593,0.9689205016381951
12867,CW,3,0.594,0.968708722419825
12867,CW,3,0.595,0.968503832268428
12867,CW,3,0.596,0.9684216999873474
12867,CW,3,0.597,0.9683632058944146
12867,CW,3,0.598,0.9683344332176027
12867,CW,3,0.599,0.9683273817226296
12867,CW,3,0.6,0.9683170046879166
12867,CW,3,0.601,0.9682825004462277
12867,CW,3,0.602,0.9682255111741862
12867,CW,3,0.603,0.9681279544772594
12867,CW,3,0.604,0.9681663078737011
12867,CW,3,0.605,0.9682923496300744
12867,CW,3,0.606,0.9684348150228221
12867,CW,3,0.607,0.9691685083817811
12867,CW,3,0.608,0.9694729546412223
12867,CW,3,0.609,0.9696817935746189
12867,CW,3,0.61,0.9701564210102345
12867,CW,3,0.611,0.9700749385412006
12867,CW,3,0.612,0.9704095577444493
12867,CW,3,0.613,0.9703405227475959
12867,CW,3,0.614,0.9701914024502231
12867,CW,3,0.615,0.9704716998629603
12867,CW,3,0.616,0.9703086190356864
12867,CW,3,0.617,0.9707104930587299
12867,CW,3,0.618,0.9706413433441092
12867,CW,3,0.619,0.9708940361061131
12867,CW,3,0.62,0.9706904629626598
12867,CW,3,0.621,0.9706410553817986
12867,CW,3,0.622,0.9709676746385407
12867,CW,3,0.623,0.9709165268061221
12867,CW,3,0.624,0.9711054454145638
12867,CW,3,0.625,0.9710320317410979
12867,CW,3,0.626,0.9709370241650299
12867,CW,3,0.627,0.9710936042034299
12867,CW,3,0.628,0.9710563312753367
12867,CW,3,0.629,0.9711283294657886
12867,CW,3,0.63,0.9708685373060933
12867,CW,3,0.631,0.9707871094482883
12867,CW,3,0.632,0.9705022207897889
12867,CW,3,0.633,0.9704223021823508
12867,CW,3,0.634,0.970015461173999
12867,CW,3,0.635,0.9697886959610865
12867,CW,3,0.636,0.9694033617652165
12867,CW,3,0.637,0.9693494083087747
12867,CW,3,0.638,0.9692461316357321
12867,CW,3,0.639,0.9694113655449885
12867,CW,3,0.64,0.9693870713662147
12867,CW,3,0.641,0.9695239303842106
12867,CW,3,0.642,0.9694513855954509
12867,CW,3,0.643,0.9695313595409357
12867,CW,3,0.644,0.9694034115915251
12867,CW,3,0.645,0.969331579348069
12867,CW,3,0.646,0.9692119387531415
12867,CW,3,0.647,0.9690935571059867
12867,CW,3,0.648,0.9690483230450979
12867,CW,3,0.649,0.9689353278094692
12867,CW,3,0.65,0.968977078918529
12867,CW,3,0.651,0.9688882425682478
12867,CW,3,0.652,0.9687462839686328
12867,CW,3,0.653,0.9684392567171048
12867,CW,3,0.654,0.9682040360768869
12867,CW,3,0.655,0.968024854595655
12867,CW,3,0.656,0.9679041322938069
12867,CW,3,0.657,0.9677959927291485
12867,CW,3,0.658,0.9676092253638445
12867,CW,3,0.659,0.9672764280950201
12867,CW,3,0.66,0.9667623504946354
12867,CW,3,0.661,0.9662263323770235
12867,CW,3,0.662,0.9657132806636531
12867,CW,3,0.663,0.9653242650654301
12867,CW,3,0.664,0.9650595371233955
12867,CW,3,0.665,0.9648577530406134
12867,CW,3,0.666,0.9646732134413403
12867,CW,3,0.667,0.9643581303258695
12867,CW,3,0.668,0.9638992290176466
12867,CW,3,0.669,0.9634527510275832
12867,CW,3,0.67,0.9630873773517807
12867,CW,3,0.671,0.9627533568079678
12867,CW,3,0.672,0.962426874345259
12867,CW,3,0.673,0.9621607566744472
12867,CW,3,0.674,0.9618595990258386
12867,CW,3,0.675,0.961462365346294
12867,CW,3,0.676,0.9609335565540562
12867,CW,3,0.677,0.9606452406441937
12867,CW,3,0.678,0.9607177612165281
12867,CW,3,0.679,0.961410196936072
12867,CW,3,0.68,0.9621019852588208
12867,CW,3,0.681,0.9629796497780222
12867,CW,3,0.682,0.9637590507050834
12867,CW,3,0.683,0.9645478116254781
12867,CW,3,0.684,0.965579978267519
12867,CW,3,0.685,0.9668923273287628
12867,CW,3,0.686,0.9693268594454018
12867,CW,3,0.687,0.9729012176743731
12867,CW,3,0.6880000000000001,0.9773999952457496
12867,CW,3,0.6890000000000001,0.9831638656757424
12867,CW,3,0.6900000000000001,0.9872995825880378
12867,CW,3,0.6910000000000001,0.9909297191586929
12867,CW,3,0.6920000000000001,0.9945655976177741
12867,CW,3,0.6930000000000001,0.99707419958218
12867,CW,3,0.6940000000000001,0.9990245582099242
12867,CW,3,0.6950000000000001,1.0001681683294472
12867,CW,3,0.6960000000000001,1.0025758320718583
12867,CW,3,0.6970000000000001,1.0073283762248584
12867,CW,3,0.6980000000000001,1.0106197825783496
12867,CW,3,0.6990000000000001,1.0256721018676933
12867,CW,3,0.7000000000000001,1.0309974106596247
12867,CW,3,0.7010000000000001,1.0415309159302735
12867,CW,3,0.7020000000000001,1.0630686786614683
12867,CW,3,0.7030000000000001,1.0875655966634183
12867,CW,3,0.704,1.1131416945806527
12867,CW,3,0.705,1.1409666450713976
12867,CW,3,0.706,1.1588008225947928
12867,CW,3,0.707,1.1734832310483267
12867,CW,3,0.708,1.1904064636057088
12867,CW,3,0.709,1.196855184182871
12867,CW,3,0.71,1.2288614690185014
12867,CW,3,0.711,1.2387228514739264
12867,CW,3,0.712,1.26035088318471
12867,CW,3,0.713,1.2921865354639692
12867,CW,3,0.714,1.3256080110804638
12867,CW,3,0.715,1.3599745174973719
12867,CW,3,0.716,1.3883490997648087
12867,CW,3,0.717,1.407792836472
12867,CW,3,0.718,1.4477300329247242
12867,CW,3,0.719,1.46087760636943
12867,CW,3,0.72,1.502634083230743
12867,CW,3,0.721,1.5387160774874502
12867,CW,3,0.722,1.548118895567988
12867,CW,3,0.723,1.5558853019024739
12867,CW,3,0.724,1.5616128846013848
12867,CW,3,0.725,1.565866761027524
12867,CW,3,0.726,1.5724861216011972
12867,CW,3,0.727,1.5929660391186429
12867,CW,3,0.728,1.5995483795152117
12867,CW,3,0.729,1.6292304612487662
12867,CW,3,0.73,1.6577208859648416
12867,CW,3,0.731,1.7008203234944967
12867,CW,3,0.732,1.7382391802679615
12867,CW,3,0.733,1.7662113684487168
12867,CW,3,0.734,1.8126734692515747
12867,CW,3,0.735,1.8535543923494349
12867,CW,3,0.736,1.8860366446939913
12867,CW,3,0.737,1.9053802328888292
12867,CW,3,0.738,1.9091209145444277
12867,CW,3,0.739,1.9093056035488858
12867,CW,3,0.74,1.9009048914449316
12867,CW,3,0.741,1.897196414167976
12867,CW,3,0.742,1.893805314884634
12867,CW,3,0.743,1.8907510383340411
12867,CW,3,0.744,1.888305190794378
12867,CW,3,0.745,1.886665979528245
12867,CW,3,0.746,1.885624321270583
12867,CW,3,0.747,1.884728580113516
12867,CW,3,0.748,1.8841513596353707
12867,CW,3,0.749,1.8838287666782103
12867,CW,3,0.75,1.884210871729033
12867,CW,3,0.751,1.8843650434730943
12867,CW,3,0.752,1.8848028386473434
12867,CW,3,0.753,1.8848525325044356
12867,CW,3,0.754,1.8848972932409955
12867,CW,3,0.755,1.8848219262285322
12867,CW,3,0.756,1.884969692316263
12867,CW,3,0.757,1.8850082367833454
12867,CW,3,0.758,1.8850465426496512
12867,CW,3,0.759,1.8850643472321198
12867,CW,3,0.76,1.8850938379896338
12867,CW,3,0.761,1.8851341112967521
12867,CW,3,0.762,1.8851063429290802
12867,CW,3,0.763,1.885141493100144
12867,CW,3,0.764,1.8851399820427353
12867,CW,3,0.765,1.885134397381119
12867,CW,3,0.766,1.8850211443760596
12867,CW,3,0.767,1.8848607094454006
12867,CW,3,0.768,1.8846215490471052
12867,CW,3,0.769,1.8845299436611858
12867,CW,3,0.77,1.8844650314368498
12867,CW,3,0.771,1.8844202751155565
12867,CW,3,0.772,1.8843993384363247
12867,CW,3,0.773,1.8843545682795426
12867,CW,3,0.774,1.884294589328714
12867,CW,3,0.775,1.8842179950752889
12867,CW,3,0.776,1.8841446395505617
12867,CW,3,0.777,1.8840992414978073
12867,CW,3,0.778,1.8840535794041031
12867,CW,3,0.779,1.8840915400507343
12867,CW,3,0.78,1.8841596195912298
12867,CW,3,0.781,1.8844492025102881
12867,CW,3,0.782,1.8846156854337726
12867,CW,3,0.783,1.8848126331436112
12867,CW,3,0.784,1.8848201828897173
12867,CW,3,0.785,1.8847148595972254
12867,CW,3,0.786,1.884124120835963
12867,CW,3,0.787,1.8845301755150674
12867,CW,3,0.788,1.8850427352367447
12867,CW,3,0.789,1.8863780599702575
12867,CW,3,0.79,1.887075183609417
12867,CW,3,0.791,1.888180870599417
12867,CW,3,0.792,1.8894884524303455
12867,CW,3,0.793,1.8898208017185925
12867,CW,3,0.794,1.8916711160478694
12867,CW,3,0.795,1.8924416713888812
12867,CW,3,0.796,1.8934933516166914
12867,CW,3,0.797,1.895135209118083
12867,CW,3,0.798,1.8957623089529423
12867,CW,3,0.799,1.892952749431142
12867,CW,3,0.8,1.8963115082610327
12867,CW,3,0.801,1.8923965332211798
12867,CW,3,0.802,1.8875734604345957
12867,CW,3,0.803,1.8874834982573518
12867,CW,3,0.804,1.8925214918608995
12867,CW,3,0.805,1.899464206407429
12867,CW,3,0.806,1.9073898767583373
12867,CW,3,0.807,1.9151555635986377
12867,CW,3,0.808,1.9219728612200404
12867,CW,3,0.809,1.9268890162938719
12867,CW,3,0.81,1.932478075323776
12867,CW,3,0.811,1.936537149144169
12867,CW,3,0.812,1.9379476961019004
12867,CW,3,0.8130000000000001,1.9390363947050524
12867,CW,3,0.8140000000000001,1.945213192305096
12867,CW,3,0.8150000000000001,1.945952403630795
12867,CW,3,0.8160000000000001,1.9522592369031528
12867,CW,3,0.8170000000000001,1.953524217509428
12867,CW,3,0.8180000000000001,1.9629620806850174
12867,CW,3,0.8190000000000001,1.9699755173719087
12867,CW,3,0.8200000000000001,1.9896081291330905
12867,CW,3,0.8210000000000001,1.9968803495440457
12867,CW,3,0.8220000000000001,2.000662701563198
12867,CW,3,0.8230000000000001,1.9983213823539665
12867,CW,3,0.8240000000000001,2.0115296129461657
12867,CW,3,0.8250000000000001,2.0144543713038234
12867,CW,3,0.8260000000000001,2.0204810314939046
12867,CW,3,0.8270000000000001,2.019130313389797
12867,CW,3,0.8280000000000001,2.0322498001866816
12867,CW,3,0.8290000000000001,2.023439644772519
12867,CW,3,0.8300000000000001,2.0197686895321283
12867,CW,3,0.8310000000000001,2.0202099510494356
12867,CW,3,0.8320000000000001,2.0003089171902957
12867,CW,3,0.833,1.9981618783677437
12867,CW,3,0.834,1.9949853883468287
12867,CW,3,0.835,1.9861164035867074
12867,CW,3,0.836,1.9889377925454614
12867,CW,3,0.837,1.9797525433100276
12867,CW,3,0.838,1.9849299081269594
12867,CW,3,0.839,1.9735629115503976
12867,CW,3,0.84,1.9619474515222635
12867,CW,3,0.841,1.9746845765584735
12867,CW,3,0.842,1.978212850884111
12867,CW,3,0.843,1.9859057819930743
12867,CW,3,0.844,1.9878182215896072
12867,CW,3,0.845,1.9830154679313545
12867,CW,3,0.846,1.9937668249769593
12867,CW,3,0.847,1.987151120797257
12867,CW,3,0.848,1.9880505616351358
12867,CW,3,0.849,1.9857020216019579
12867,CW,3,0.85,1.9849392085948991
12867,CW,3,0.851,1.9931922136887787
12867,CW,3,0.852,1.9947107037045226
12867,CW,3,0.853,2.0080476616679923
12867,CW,3,0.854,2.0066082036786503
12867,CW,3,0.855,1.9993746813745532
12867,CW,3,0.856,2.0042843828144226
12867,CW,3,0.857,1.9977059723776203
12867,CW,3,0.858,1.9963323911933275
12867,CW,3,0.859,1.9924197640467025
12867,CW,3,0.86,1.9862939511497473
12867,CW,3,0.861,1.9809530546383478
12867,CW,3,0.862,1.9757053457678386
12867,CW,3,0.863,1.9697561057814554
12867,CW,3,0.864,1.9643356004579966
12867,CW,3,0.865,1.9593321362289202
12867,CW,3,0.866,1.9553341447391097
12867,CW,3,0.867,1.9529037421874351
12867,CW,3,0.868,1.9525169537001992
12867,CW,3,0.869,1.953619322031534
12867,CW,3,0.87,1.9541202752906819
12867,CW,3,0.871,1.9549044895599803
12867,CW,3,0.872,1.9562533777140185
12867,CW,3,0.873,1.9577217402389453
12867,CW,3,0.874,1.959017070655984
12867,CW,3,0.875,1.9603017853013507
12867,CW,3,0.876,1.9616062822447746
12867,CW,3,0.877,1.9628648917037446
12867,CW,3,0.878,1.9638419098148894
12867,CW,3,0.879,1.9643288591232375
12867,CW,3,0.88,1.9646290321618738
12867,CW,3,0.881,1.964907860836534
12867,CW,3,0.882,1.965650924626983
12867,CW,3,0.883,1.966383269277202
12867,CW,3,0.884,1.9673687498877757
12867,CW,3,0.885,1.9672093515753932
12867,CW,3,0.886,1.967313755437521
12867,CW,3,0.887,1.9673368494232053
12867,CW,3,0.888,1.9674210163221457
12867,CW,3,0.889,1.9681829624030236
12867,CW,3,0.89,1.9672753715078755
12867,CW,3,0.891,1.9679055491545585
12867,CW,3,0.892,1.9685305663105366
12867,CW,3,0.893,1.9691329754512312
12867,CW,3,0.894,1.9692256950445501
12867,CW,3,0.895,1.9699142367507785
12867,CW,3,0.896,1.969794640235559
12867,CW,3,0.897,1.9695588805707007
12867,CW,3,0.898,1.9707715409218218
12867,CW,3,0.899,1.9717552915419705
12867,CW,3,0.9,1.971369874317628
12867,CW,3,0.901,1.9715481948235105
12867,CW,3,0.902,1.9718875676450742
12867,CW,3,0.903,1.9726937068560644
12867,CW,3,0.904,1.973347010670717
12867,CW,3,0.905,1.9738302205092544
12867,CW,3,0.906,1.9749315854329395
12867,CW,3,0.907,1.9751876899596217
12867,CW,3,0.908,1.9748827175933519
12867,CW,3,0.909,1.9749982563751016
12867,CW,3,0.91,1.9752388303186916
12867,CW,3,0.911,1.9745039604130838
12867,CW,3,0.912,1.977807628377093
12867,CW,3,0.913,1.9787899232070483
12867,CW,3,0.914,1.9801972951052191
12867,CW,3,0.915,1.9821657387230018
12867,CW,3,0.916,1.9823779166059672
12867,CW,3,0.917,1.9825518692043063
12867,CW,3,0.918,1.9836305787159607
12867,CW,3,0.919,1.9833990445645675
12867,CW,3,0.92,1.9859410329278
12867,CW,3,0.921,1.987873828677686
12867,CW,3,0.922,1.985684243405951
12867,CW,3,0.923,1.9853107050803507
12867,CW,3,0.924,1.9856127893348934
12867,CW,3,0.925,1.9863534778118104
12867,CW,3,0.926,1.9857114634730222
12867,CW,3,0.927,1.9897991884164825
12867,CW,3,0.928,1.9895287497652066
12867,CW,3,0.929,1.9942377831669076
12867,CW,3,0.93,1.9974420133618909
12867,CW,3,0.931,1.999925105773755
12867,CW,3,0.932,2.0008077435633167
12867,CW,3,0.933,1.9981467325951796
12867,CW,3,0.934,1.9960823139914783
12867,CW,3,0.935,1.9945153973727106
12867,CW,3,0.936,1.992873007764952
12867,CW,3,0.937,1.9911505186073042
12867,CW,3,0.9380000000000001,1.990680315341932
12867,CW,3,0.9390000000000001,1.9900163955985941
12867,CW,3,0.9400000000000001,1.989948435695196
12867,CW,3,0.9410000000000001,1.9924329307393942
12867,CW,3,0.9420000000000001,1.9899836233310428
12867,CW,3,0.9430000000000001,1.9954608774746387
12867,CW,3,0.9440000000000001,1.9981285679505418
12867,CW,3,0.9450000000000001,2.0035427683180846
12867,CW,3,0.9460000000000001,2.008425109415533
12867,CW,3,0.9470000000000001,2.0137081368264407
12867,CW,3,0.9480000000000001,2.0185165835539984
12867,CW,3,0.9490000000000001,2.0141027730507024
12867,CW,3,0.9500000000000001,2.012262005761421
12867,CW,3,0.9510000000000001,2.0097019087949266
12867,CW,3,0.9520000000000001,2.007713871375434
12867,CW,3,0.9530000000000001,2.0046710086992388
12867,CW,3,0.9540000000000001,2.001263026533544
12867,CW,3,0.9550000000000001,1.9971096143196754
12867,CW,3,0.9560000000000001,1.9939518023524607
12867,CW,3,0.9570000000000001,1.991250186252024
12867,CW,3,0.9580000000000001,1.9884804582919227
12867,CW,3,0.9590000000000001,1.9856847821785313
12867,CW,3,0.96,1.985234910672579
12867,CW,3,0.961,1.9877861713790264
12867,CW,3,0.962,1.9913476091845634
12867,CW,3,0.963,1.9951124845837664
12867,CW,3,0.964,1.9995567710926898
12867,CW,3,0.965,2.001754748674319
12867,CW,3,0.966,2.0011471476296747
12867,CW,3,0.967,1.9971510932253387
12867,CW,3,0.968,1.9976000825201428
12867,CW,3,0.969,1.993211521867412
12867,CW,3,0.97,1.9907583394095143
12867,CW,3,0.971,1.9888839875310884
12867,CW,3,0.972,1.988173904054443
12867,CW,3,0.973,1.988136563596276
12867,CW,3,0.974,1.986985603305893
12867,CW,3,0.975,1.9846290088509062
12867,CW,3,0.976,1.9828506558682406
12867,CW,3,0.977,1.9818754294169507
12867,CW,3,0.978,1.9816098115170688
12867,CW,3,0.979,1.9839492013503077
12867,CW,3,0.98,1.9902070184739844
12867,CW,3,0.981,1.9824111445228436
12867,CW,3,0.982,1.9801311213743382
12867,CW,3,0.983,1.9751329134450606
12867,CW,3,0.984,1.9687974698461956
12867,CW,3,0.985,1.9625669890899433
12867,CW,3,0.986,1.956263556974484
12867,CW,3,0.987,1.9496490886105737
12867,CW,3,0.988,1.9486406076378446
12867,CW,3,0.989,1.942031950022804
12867,CW,3,0.99,1.9384433971195265
12867,CW,3,0.991,1.9353320438478125
12867,CW,3,0.992,1.9315523511258668
12867,CW,3,0.993,1.928903749245265
12867,CW,3,0.994,1.9294316265828413
12867,CW,3,0.995,1.9285242657599602
12867,CW,3,0.996,1.926085651132567
12867,CW,3,0.997,1.9219589445639866
12867,CW,3,0.998,1.916458079707012
12867,CW,3,0.999,1.9129462206976549
12867,CW,3,1.0,1.9079549047938777
12867,CW,4,0.0,0.0
12867,CW,4,0.001,0.0001997894174181548
12867,CW,4,0.002,0.00046732530791454335
12867,CW,4,0.003,0.0006383744695959089
12867,CW,4,0.004,0.002592399234056196
12867,CW,4,0.005,0.005439292684529618
12867,CW,4,0.006,0.009549590681382376
12867,CW,4,0.007,0.01324319734141584
12867,CW,4,0.008,0.01711937196443293
12867,CW,4,0.009000000000000001,0.02045496271641281
12867,CW,4,0.01,0.023123868365675166
12867,CW,4,0.011,0.026157189521484145
12867,CW,4,0.012,0.02921926698205549
12867,CW,4,0.013000000000000001,0.03167455748362897
12867,CW,4,0.014,0.03329659799492261
12867,CW,4,0.015,0.03388726427204726
12867,CW,4,0.016,0.03392068578836825
12867,CW,4,0.017,0.03375590071260896
12867,CW,4,0.018000000000000002,0.03433102019602273
12867,CW,4,0.019,0.035755536601060275
12867,CW,4,0.02,0.03767762437949995
12867,CW,4,0.021,0.04005372936207183
12867,CW,4,0.022,0.04309557597621902
12867,CW,4,0.023,0.04716495345254415
12867,CW,4,0.024,0.050984281250479345
12867,CW,4,0.025,0.05552427641913
12867,CW,4,0.026000000000000002,0.059836777215374136
12867,CW,4,0.027,0.06347796190992387
12867,CW,4,0.028,0.06752815952390015
12867,CW,4,0.029,0.07057682517388472
12867,CW,4,0.03,0.07396649778537971
12867,CW,4,0.031,0.07597678674613711
12867,CW,4,0.032,0.0776280146706745
12867,CW,4,0.033,0.07925391665439176
12867,CW,4,0.034,0.08073665421627282
12867,CW,4,0.035,0.08277346921797503
12867,CW,4,0.036000000000000004,0.08484795577506839
12867,CW,4,0.037,0.08750666597806302
12867,CW,4,0.038,0.09075429392526718
12867,CW,4,0.039,0.09417410037000026
12867,CW,4,0.04,0.09809662848968136
12867,CW,4,0.041,0.10214846356674598
12867,CW,4,0.042,0.1066718593521536
12867,CW,4,0.043000000000000003,0.11150839739988172
12867,CW,4,0.044,0.11701539294936752
12867,CW,4,0.045,0.12205354137667908
12867,CW,4,0.046,0.1253001536616479
12867,CW,4,0.047,0.12782920758436286
12867,CW,4,0.048,0.12981536285323544
12867,CW,4,0.049,0.13176985443677391
12867,CW,4,0.05,0.13408514761851814
12867,CW,4,0.051000000000000004,0.13710350193639861
12867,CW,4,0.052000000000000005,0.14141299993207887
12867,CW,4,0.053,0.14604407269312558
12867,CW,4,0.054,0.15072723498968474
12867,CW,4,0.055,0.15574412105603583
12867,CW,4,0.056,0.1607597449470715
12867,CW,4,0.057,0.16552051672639767
12867,CW,4,0.058,0.16967929936529844
12867,CW,4,0.059000000000000004,0.17390466885790126
12867,CW,4,0.06,0.17788573722597967
12867,CW,4,0.061,0.1810745338698369
12867,CW,4,0.062,0.18415411469760437
12867,CW,4,0.063,0.1868720827006143
12867,CW,4,0.064,0.18957193357323346
12867,CW,4,0.065,0.19286519133526853
12867,CW,4,0.066,0.19569661623630571
12867,CW,4,0.067,0.1986627880476994
12867,CW,4,0.068,0.20201715827908123
12867,CW,4,0.069,0.20578191892020833
12867,CW,4,0.07,0.21031543432175684
12867,CW,4,0.07100000000000001,0.2158826845072172
12867,CW,4,0.07200000000000001,0.22156196744820109
12867,CW,4,0.073,0.22657887183282222
12867,CW,4,0.074,0.23101573290885982
12867,CW,4,0.075,0.23566159656870206
12867,CW,4,0.076,0.24053299961266913
12867,CW,4,0.077,0.24513276709578438
12867,CW,4,0.078,0.2489072164220629
12867,CW,4,0.079,0.252045969446417
12867,CW,4,0.08,0.2551805919019486
12867,CW,4,0.081,0.2587914700866493
12867,CW,4,0.082,0.262040920808982
12867,CW,4,0.083,0.2653137803985484
12867,CW,4,0.084,0.2684935164141581
12867,CW,4,0.085,0.27162917633414596
12867,CW,4,0.08600000000000001,0.274925574378356
12867,CW,4,0.08700000000000001,0.2790244948372565
12867,CW,4,0.088,0.28404877331689204
12867,CW,4,0.089,0.2890805612340968
12867,CW,4,0.09,0.2939851156769925
12867,CW,4,0.091,0.2984726373789715
12867,CW,4,0.092,0.302526582460626
12867,CW,4,0.093,0.30496352237243074
12867,CW,4,0.094,0.30822963820939087
12867,CW,4,0.095,0.3101864308232401
12867,CW,4,0.096,0.31100678670987447
12867,CW,4,0.097,0.3102609364171469
12867,CW,4,0.098,0.313457860453335
12867,CW,4,0.099,0.31233122491788734
12867,CW,4,0.1,0.31125402970633465
12867,CW,4,0.101,0.3095994098900262
12867,CW,4,0.10200000000000001,0.3075196480381514
12867,CW,4,0.10300000000000001,0.3086728380313404
12867,CW,4,0.10400000000000001,0.3041292446280081
12867,CW,4,0.105,0.2995438598497396
12867,CW,4,0.106,0.29516800654900444
12867,CW,4,0.107,0.29001345606857054
12867,CW,4,0.108,0.28367417790084154
12867,CW,4,0.109,0.2773055729274893
12867,CW,4,0.11,0.2725625225809106
12867,CW,4,0.111,0.270839868963969
12867,CW,4,0.112,0.2644181701189443
12867,CW,4,0.113,0.2603803054790803
12867,CW,4,0.114,0.2571361721787944
12867,CW,4,0.115,0.25597145814196115
12867,CW,4,0.116,0.2537662901329511
12867,CW,4,0.117,0.2579451197608281
12867,CW,4,0.11800000000000001,0.2552369057892076
12867,CW,4,0.11900000000000001,0.2574092095737349
12867,CW,4,0.12,0.2571179502433122
12867,CW,4,0.121,0.24954378998981108
12867,CW,4,0.122,0.25247153784830995
12867,CW,4,0.123,0.24396424645738665
12867,CW,4,0.124,0.23495611542425834
12867,CW,4,0.125,0.23155481987113913
12867,CW,4,0.126,0.22928738959614667
12867,CW,4,0.127,0.22811751844995068
12867,CW,4,0.128,0.22944519983348863
12867,CW,4,0.129,0.23355543488685301
12867,CW,4,0.13,0.2291747210798101
12867,CW,4,0.131,0.2319370022844407
12867,CW,4,0.132,0.23186604599291388
12867,CW,4,0.133,0.23202635449914588
12867,CW,4,0.134,0.22575165694279598
12867,CW,4,0.135,0.2277406184399786
12867,CW,4,0.136,0.22227123958057615
12867,CW,4,0.137,0.21799059982917757
12867,CW,4,0.138,0.20882560718945237
12867,CW,4,0.139,0.20454070173731598
12867,CW,4,0.14,0.20003647414766576
12867,CW,4,0.14100000000000001,0.19900695964537457
12867,CW,4,0.14200000000000002,0.19951845046465108
12867,CW,4,0.14300000000000002,0.19906553064460342
12867,CW,4,0.14400000000000002,0.20065540026252413
12867,CW,4,0.145,0.20015756521654485
12867,CW,4,0.146,0.20045544957723102
12867,CW,4,0.147,0.20032020627081504
12867,CW,4,0.148,0.20132896324943347
12867,CW,4,0.149,0.20112631857051688
12867,CW,4,0.15,0.20122208367229344
12867,CW,4,0.151,0.20112029550206562
12867,CW,4,0.152,0.20105086936698702
12867,CW,4,0.153,0.2010217751207322
12867,CW,4,0.154,0.20197270014784843
12867,CW,4,0.155,0.20420057880983183
12867,CW,4,0.156,0.20638236205340915
12867,CW,4,0.157,0.2103347805738813
12867,CW,4,0.158,0.21181387608029928
12867,CW,4,0.159,0.21467398139477425
12867,CW,4,0.16,0.21479793274605147
12867,CW,4,0.161,0.21473065963808335
12867,CW,4,0.162,0.21429500034939725
12867,CW,4,0.163,0.21365047613023216
12867,CW,4,0.164,0.2129942991552904
12867,CW,4,0.165,0.21252964976870517
12867,CW,4,0.166,0.2119378213403505
12867,CW,4,0.167,0.21142435700660844
12867,CW,4,0.168,0.21071888907871822
12867,CW,4,0.169,0.2103762962127653
12867,CW,4,0.17,0.20992222009041595
12867,CW,4,0.171,0.21017300680549314
12867,CW,4,0.17200000000000001,0.2099199033400783
12867,CW,4,0.17300000000000001,0.20893180088013213
12867,CW,4,0.17400000000000002,0.20809272374066923
12867,CW,4,0.17500000000000002,0.20782318393928498
12867,CW,4,0.176,0.2071433931646836
12867,CW,4,0.177,0.2066154053724677
12867,CW,4,0.178,0.20692168870484182
12867,CW,4,0.179,0.20699715174171776
12867,CW,4,0.18,0.20527489893396453
12867,CW,4,0.181,0.20461093250327936
12867,CW,4,0.182,0.20376846080840225
12867,CW,4,0.183,0.20199755384528403
12867,CW,4,0.184,0.20123208029457368
12867,CW,4,0.185,0.2000406403451776
12867,CW,4,0.186,0.19923310672203218
12867,CW,4,0.187,0.19888337520108104
12867,CW,4,0.188,0.19899534517061895
12867,CW,4,0.189,0.2002211786375819
12867,CW,4,0.19,0.20178934466226198
12867,CW,4,0.191,0.20381994998999228
12867,CW,4,0.192,0.20478492173550003
12867,CW,4,0.193,0.2050159009821571
12867,CW,4,0.194,0.20654692160200072
12867,CW,4,0.195,0.20645313283256642
12867,CW,4,0.196,0.20603176696728434
12867,CW,4,0.197,0.20657024666165424
12867,CW,4,0.198,0.20663147486874486
12867,CW,4,0.199,0.2045639075722037
12867,CW,4,0.2,0.20501391993449247
12867,CW,4,0.201,0.2051794178206466
12867,CW,4,0.202,0.207169441107283
12867,CW,4,0.203,0.2076276055191719
12867,CW,4,0.20400000000000001,0.2100670625489228
12867,CW,4,0.20500000000000002,0.21165697706948328
12867,CW,4,0.20600000000000002,0.2145887665095509
12867,CW,4,0.20700000000000002,0.2151624606316787
12867,CW,4,0.20800000000000002,0.21702390585460088
12867,CW,4,0.209,0.21988291442841706
12867,CW,4,0.21,0.2187261246678314
12867,CW,4,0.211,0.21995729708489353
12867,CW,4,0.212,0.22055795274444864
12867,CW,4,0.213,0.22080136772833112
12867,CW,4,0.214,0.22158180269408495
12867,CW,4,0.215,0.22306088134131977
12867,CW,4,0.216,0.22465823851243716
12867,CW,4,0.217,0.22611201388801408
12867,CW,4,0.218,0.23209900680724546
12867,CW,4,0.219,0.23956379038942738
12867,CW,4,0.22,0.2464758167107506
12867,CW,4,0.221,0.253353440274399
12867,CW,4,0.222,0.259977123244379
12867,CW,4,0.223,0.26219014719397715
12867,CW,4,0.224,0.2640814259005835
12867,CW,4,0.225,0.2662205047865831
12867,CW,4,0.226,0.2674111618364657
12867,CW,4,0.227,0.2696126354400757
12867,CW,4,0.228,0.2678972891069447
12867,CW,4,0.229,0.2691847474288211
12867,CW,4,0.23,0.2699009057178398
12867,CW,4,0.231,0.2699852923973172
12867,CW,4,0.232,0.267393409723574
12867,CW,4,0.233,0.2696800723484617
12867,CW,4,0.234,0.2721024694370514
12867,CW,4,0.23500000000000001,0.2757591802996364
12867,CW,4,0.23600000000000002,0.28067324844097796
12867,CW,4,0.23700000000000002,0.2860564718762668
12867,CW,4,0.23800000000000002,0.29088563469300555
12867,CW,4,0.23900000000000002,0.2921594390226303
12867,CW,4,0.24,0.2941738667432286
12867,CW,4,0.241,0.2909901070517154
12867,CW,4,0.242,0.2908548733309906
12867,CW,4,0.243,0.29069014730899867
12867,CW,4,0.244,0.2887347831581195
12867,CW,4,0.245,0.2908141251318653
12867,CW,4,0.246,0.29148078376205394
12867,CW,4,0.247,0.2933060602529425
12867,CW,4,0.248,0.29165258764879365
12867,CW,4,0.249,0.2962197686320422
12867,CW,4,0.25,0.30013040864879403
12867,CW,4,0.251,0.3072732959349051
12867,CW,4,0.252,0.3104883901039132
12867,CW,4,0.253,0.3134894905136376
12867,CW,4,0.254,0.3201348441765472
12867,CW,4,0.255,0.3207046982683965
12867,CW,4,0.256,0.3198423696324556
12867,CW,4,0.257,0.3183963408588886
12867,CW,4,0.258,0.3126526213576896
12867,CW,4,0.259,0.3179235431305828
12867,CW,4,0.26,0.3206156181711461
12867,CW,4,0.261,0.3222256234471285
12867,CW,4,0.262,0.3306300275077743
12867,CW,4,0.263,0.33869252573905306
12867,CW,4,0.264,0.3407531457290023
12867,CW,4,0.265,0.3436408302367676
12867,CW,4,0.266,0.35051901618996695
12867,CW,4,0.267,0.35613748115385396
12867,CW,4,0.268,0.35926400135582437
12867,CW,4,0.269,0.3615904159315934
12867,CW,4,0.27,0.36414211126841844
12867,CW,4,0.271,0.36587502147954754
12867,CW,4,0.272,0.36241023890519125
12867,CW,4,0.273,0.3585857773493439
12867,CW,4,0.274,0.3563856075217922
12867,CW,4,0.275,0.35543291666224097
12867,CW,4,0.276,0.3557992563057158
12867,CW,4,0.277,0.3571660469171709
12867,CW,4,0.278,0.3579745215792219
12867,CW,4,0.279,0.35909782021167674
12867,CW,4,0.28,0.3602219757751934
12867,CW,4,0.281,0.3636841658682985
12867,CW,4,0.28200000000000003,0.3680914107320794
12867,CW,4,0.28300000000000003,0.3682895295500634
12867,CW,4,0.28400000000000003,0.3683524553123004
12867,CW,4,0.28500000000000003,0.37329281359203975
12867,CW,4,0.28600000000000003,0.3794727064659647
12867,CW,4,0.28700000000000003,0.38665244805050514
12867,CW,4,0.28800000000000003,0.39180339417995164
12867,CW,4,0.289,0.38931462379128656
12867,CW,4,0.29,0.38637109783621654
12867,CW,4,0.291,0.38669671129052313
12867,CW,4,0.292,0.3850779999825609
12867,CW,4,0.293,0.38270370885076727
12867,CW,4,0.294,0.3795927422891101
12867,CW,4,0.295,0.37620803435012723
12867,CW,4,0.296,0.3692395020502515
12867,CW,4,0.297,0.365056990394195
12867,CW,4,0.298,0.36572570050207304
12867,CW,4,0.299,0.3657605490880975
12867,CW,4,0.3,0.36640433282188156
12867,CW,4,0.301,0.3695406392647791
12867,CW,4,0.302,0.37304191751763993
12867,CW,4,0.303,0.37497727723428087
12867,CW,4,0.304,0.37607032568028653
12867,CW,4,0.305,0.37598856004413395
12867,CW,4,0.306,0.3749362057613527
12867,CW,4,0.307,0.37351814952335266
12867,CW,4,0.308,0.3720500007008951
12867,CW,4,0.309,0.36793096062655056
12867,CW,4,0.31,0.36711364746320796
12867,CW,4,0.311,0.3671157070388573
12867,CW,4,0.312,0.36594676819835903
12867,CW,4,0.313,0.3672128774961515
12867,CW,4,0.314,0.3679352257659036
12867,CW,4,0.315,0.36849345232803626
12867,CW,4,0.316,0.3709553257619023
12867,CW,4,0.317,0.3712307487093893
12867,CW,4,0.318,0.3714821728876427
12867,CW,4,0.319,0.37308175009663375
12867,CW,4,0.32,0.37276907207138005
12867,CW,4,0.321,0.3722431708192505
12867,CW,4,0.322,0.3709280614235922
12867,CW,4,0.323,0.36945974545857163
12867,CW,4,0.324,0.3684768300567802
12867,CW,4,0.325,0.36787807613233114
12867,CW,4,0.326,0.36739324686593217
12867,CW,4,0.327,0.36666864580048236
12867,CW,4,0.328,0.3661734533822203
12867,CW,4,0.329,0.36607538882307017
12867,CW,4,0.33,0.36571889389805107
12867,CW,4,0.331,0.366130664184232
12867,CW,4,0.332,0.36568233429475727
12867,CW,4,0.333,0.36511733036890975
12867,CW,4,0.334,0.3649227056163323
12867,CW,4,0.335,0.3647364297333153
12867,CW,4,0.336,0.3639436185008466
12867,CW,4,0.337,0.3629427859062635
12867,CW,4,0.338,0.36203655555840497
12867,CW,4,0.339,0.3613316335318173
12867,CW,4,0.34,0.36057412783000453
12867,CW,4,0.341,0.35933175029399017
12867,CW,4,0.342,0.3578590990576871
12867,CW,4,0.343,0.35679226542152404
12867,CW,4,0.34400000000000003,0.35605987412885537
12867,CW,4,0.34500000000000003,0.356032703090642
12867,CW,4,0.34600000000000003,0.35620108914360793
12867,CW,4,0.34700000000000003,0.35662712697942617
12867,CW,4,0.34800000000000003,0.35694746767899077
12867,CW,4,0.34900000000000003,0.3575855839339094
12867,CW,4,0.35000000000000003,0.35727342960412806
12867,CW,4,0.35100000000000003,0.35614402082632435
12867,CW,4,0.352,0.354370683964929
12867,CW,4,0.353,0.3523112616878378
12867,CW,4,0.354,0.35080778448803324
12867,CW,4,0.355,0.3498331903880767
12867,CW,4,0.356,0.34923283399718236
12867,CW,4,0.357,0.3488175230545355
12867,CW,4,0.358,0.3483026337359166
12867,CW,4,0.359,0.3477695372904569
12867,CW,4,0.36,0.34685619779267524
12867,CW,4,0.361,0.34580295548446854
12867,CW,4,0.362,0.34460387632962486
12867,CW,4,0.363,0.3437039157307191
12867,CW,4,0.364,0.34284510557532877
12867,CW,4,0.365,0.3421157308110563
12867,CW,4,0.366,0.3413868181795821
12867,CW,4,0.367,0.34052381615785765
12867,CW,4,0.368,0.33929249106031206
12867,CW,4,0.369,0.33766835858301925
12867,CW,4,0.37,0.3359693113658894
12867,CW,4,0.371,0.33450002409205815
12867,CW,4,0.372,0.3334389492559218
12867,CW,4,0.373,0.3328076871845031
12867,CW,4,0.374,0.33228465704283516
12867,CW,4,0.375,0.33197416613683184
12867,CW,4,0.376,0.3318916749462069
12867,CW,4,0.377,0.33194476327121986
12867,CW,4,0.378,0.33211651669679076
12867,CW,4,0.379,0.3325220819871964
12867,CW,4,0.38,0.3334403751133345
12867,CW,4,0.381,0.3340333271173843
12867,CW,4,0.382,0.33430362844913764
12867,CW,4,0.383,0.3341214580671279
12867,CW,4,0.384,0.3328399574505051
12867,CW,4,0.385,0.33145151748415386
12867,CW,4,0.386,0.3304836016242232
12867,CW,4,0.387,0.32991987955615937
12867,CW,4,0.388,0.32932074658822136
12867,CW,4,0.389,0.3285590065009994
12867,CW,4,0.39,0.3272366585037006
12867,CW,4,0.391,0.3257439063344938
12867,CW,4,0.392,0.32444038066403547
12867,CW,4,0.393,0.3234575610103786
12867,CW,4,0.394,0.32291694120502795
12867,CW,4,0.395,0.3226433876082277
12867,CW,4,0.396,0.32230465095341365
12867,CW,4,0.397,0.32161892102438666
12867,CW,4,0.398,0.32011236566272194
12867,CW,4,0.399,0.3179443891201711
12867,CW,4,0.4,0.31557696103435207
12867,CW,4,0.401,0.3132809768928729
12867,CW,4,0.402,0.3111296607888061
12867,CW,4,0.403,0.30907339701560993
12867,CW,4,0.404,0.306987332219016
12867,CW,4,0.405,0.3049971187274253
12867,CW,4,0.406,0.3034891000232291
12867,CW,4,0.40700000000000003,0.302428614185106
12867,CW,4,0.40800000000000003,0.3014521852108907
12867,CW,4,0.40900000000000003,0.3007599720656434
12867,CW,4,0.41000000000000003,0.30014211512705
12867,CW,4,0.41100000000000003,0.2995622838482251
12867,CW,4,0.41200000000000003,0.298884285216252
12867,CW,4,0.41300000000000003,0.29807408932846347
12867,CW,4,0.41400000000000003,0.29684530298984413
12867,CW,4,0.41500000000000004,0.29524589470887364
12867,CW,4,0.41600000000000004,0.29338483459236
12867,CW,4,0.417,0.2914746777619681
12867,CW,4,0.418,0.29019786312572005
12867,CW,4,0.419,0.28936015780101443
12867,CW,4,0.42,0.288871333009078
12867,CW,4,0.421,0.2883349021810091
12867,CW,4,0.422,0.28773793061759045
12867,CW,4,0.423,0.28743255855792427
12867,CW,4,0.424,0.287480285636337
12867,CW,4,0.425,0.2877331686236433
12867,CW,4,0.426,0.2879869954403335
12867,CW,4,0.427,0.2881581166306918
12867,CW,4,0.428,0.28768259529344403
12867,CW,4,0.429,0.28638366105203983
12867,CW,4,0.43,0.2848263401902186
12867,CW,4,0.431,0.2832885792493674
12867,CW,4,0.432,0.28150978848222186
12867,CW,4,0.433,0.2796490570522638
12867,CW,4,0.434,0.2781251020361021
12867,CW,4,0.435,0.2765965000218627
12867,CW,4,0.436,0.2750782289168709
12867,CW,4,0.437,0.27386214084710836
12867,CW,4,0.438,0.2732522483534683
12867,CW,4,0.439,0.27322045100837966
12867,CW,4,0.44,0.273377242665221
12867,CW,4,0.441,0.2738161653499116
12867,CW,4,0.442,0.27424813375124885
12867,CW,4,0.443,0.27416320968076585
12867,CW,4,0.444,0.2733006748867524
12867,CW,4,0.445,0.2718217894603194
12867,CW,4,0.446,0.27005234244058995
12867,CW,4,0.447,0.26853026845423905
12867,CW,4,0.448,0.2671445033341395
12867,CW,4,0.449,0.2657938862070853
12867,CW,4,0.45,0.2644907975049363
12867,CW,4,0.451,0.26282711934753455
12867,CW,4,0.452,0.2614611116658114
12867,CW,4,0.453,0.260286423603734
12867,CW,4,0.454,0.2593500473479555
12867,CW,4,0.455,0.258614746791208
12867,CW,4,0.456,0.25797200761596356
12867,CW,4,0.457,0.25754728314656544
12867,CW,4,0.458,0.2572224051913067
12867,CW,4,0.459,0.25689985412239436
12867,CW,4,0.46,0.2564087103911599
12867,CW,4,0.461,0.2557754356749874
12867,CW,4,0.462,0.255251866915296
12867,CW,4,0.463,0.2547426267309103
12867,CW,4,0.464,0.2538989297384022
12867,CW,4,0.465,0.2526488341360946
12867,CW,4,0.466,0.2514489009811016
12867,CW,4,0.467,0.25069379411871046
12867,CW,4,0.468,0.24998248045048846
12867,CW,4,0.46900000000000003,0.24947866642110636
12867,CW,4,0.47000000000000003,0.24904027063104087
12867,CW,4,0.47100000000000003,0.24869381055785528
12867,CW,4,0.47200000000000003,0.24838934663357182
12867,CW,4,0.47300000000000003,0.24808969951754642
12867,CW,4,0.47400000000000003,0.24772423103495014
12867,CW,4,0.47500000000000003,0.24714582679135924
12867,CW,4,0.47600000000000003,0.24621214820179435
12867,CW,4,0.47700000000000004,0.24494448451067075
12867,CW,4,0.47800000000000004,0.24366235664207608
12867,CW,4,0.47900000000000004,0.24246874551349537
12867,CW,4,0.48,0.2413398429040522
12867,CW,4,0.481,0.24035227860928496
12867,CW,4,0.482,0.23967697876303207
12867,CW,4,0.483,0.23887611932278743
12867,CW,4,0.484,0.23799304028972773
12867,CW,4,0.485,0.2372579697420315
12867,CW,4,0.486,0.23675403995507133
12867,CW,4,0.487,0.23642869351264495
12867,CW,4,0.488,0.23616226896014333
12867,CW,4,0.489,0.2358550586313486
12867,CW,4,0.49,0.2353683347956303
12867,CW,4,0.491,0.23470089548060444
12867,CW,4,0.492,0.23391921333014767
12867,CW,4,0.493,0.23319182959002546
12867,CW,4,0.494,0.2324750165194207
12867,CW,4,0.495,0.23176260253271846
12867,CW,4,0.496,0.23114530427549942
12867,CW,4,0.497,0.23057498686184444
12867,CW,4,0.498,0.22999654155045365
12867,CW,4,0.499,0.22942166491327878
12867,CW,4,0.5,0.2289491075867542
12867,CW,4,0.501,0.22852552829823308
12867,CW,4,0.502,0.22820731078840625
12867,CW,4,0.503,0.227959828127647
12867,CW,4,0.504,0.2277635042723356
12867,CW,4,0.505,0.22752569562958028
12867,CW,4,0.506,0.2272468785828898
12867,CW,4,0.507,0.22696451131382475
12867,CW,4,0.508,0.22670105085505093
12867,CW,4,0.509,0.2263752937694655
12867,CW,4,0.51,0.22606401579188878
12867,CW,4,0.511,0.22574339332943266
12867,CW,4,0.512,0.2254402624089361
12867,CW,4,0.513,0.22518611813051226
12867,CW,4,0.514,0.22496756223989461
12867,CW,4,0.515,0.22476863116032195
12867,CW,4,0.516,0.2245885324090268
12867,CW,4,0.517,0.2244288804523974
12867,CW,4,0.518,0.22428465612792278
12867,CW,4,0.519,0.22414743534025874
12867,CW,4,0.52,0.22400919019983417
12867,CW,4,0.521,0.22386630170252103
12867,CW,4,0.522,0.22373367263443875
12867,CW,4,0.523,0.22362724739261192
12867,CW,4,0.524,0.22358022584066561
12867,CW,4,0.525,0.22362556744212725
12867,CW,4,0.526,0.22379959453938947
12867,CW,4,0.527,0.2241479142051753
12867,CW,4,0.528,0.22454034189269853
12867,CW,4,0.529,0.22492664675968554
12867,CW,4,0.53,0.2252089271421931
12867,CW,4,0.531,0.22543250576236795
12867,CW,4,0.532,0.22563217957106874
12867,CW,4,0.533,0.22594394290004655
12867,CW,4,0.534,0.22619461667128543
12867,CW,4,0.535,0.22641078754949906
12867,CW,4,0.536,0.22668568460447142
12867,CW,4,0.537,0.22674440051309683
12867,CW,4,0.538,0.2267956719141571
12867,CW,4,0.539,0.2269286462235931
12867,CW,4,0.54,0.22714257252358416
12867,CW,4,0.541,0.2276446432650183
12867,CW,4,0.542,0.22840091024782014
12867,CW,4,0.543,0.2293395786567511
12867,CW,4,0.544,0.23042683395493666
12867,CW,4,0.545,0.23146162753465377
12867,CW,4,0.546,0.23243219769598894
12867,CW,4,0.547,0.23352250426269835
12867,CW,4,0.548,0.234344226696336
12867,CW,4,0.549,0.23583125062492047
12867,CW,4,0.55,0.2364897933124089
12867,CW,4,0.551,0.2365658843794522
12867,CW,4,0.552,0.2371296976213116
12867,CW,4,0.553,0.23740099711797596
12867,CW,4,0.554,0.2361448924920631
12867,CW,4,0.555,0.2352729409279693
12867,CW,4,0.556,0.2344452367659913
12867,CW,4,0.557,0.23304742878468682
12867,CW,4,0.558,0.23202169058668445
12867,CW,4,0.559,0.231043830272255
12867,CW,4,0.56,0.22918492831385667
12867,CW,4,0.561,0.22743727227393754
12867,CW,4,0.562,0.2279952580992487
12867,CW,4,0.5630000000000001,0.22861183844604227
12867,CW,4,0.5640000000000001,0.2253731428653697
12867,CW,4,0.5650000000000001,0.2309671956328513
12867,CW,4,0.5660000000000001,0.2311287172075133
12867,CW,4,0.5670000000000001,0.2317403862374165
12867,CW,4,0.5680000000000001,0.2310191351178853
12867,CW,4,0.5690000000000001,0.22668662790598035
12867,CW,4,0.5700000000000001,0.23628132349098024
12867,CW,4,0.5710000000000001,0.22866093862134013
12867,CW,4,0.5720000000000001,0.2279905132762622
12867,CW,4,0.5730000000000001,0.21406031901462563
12867,CW,4,0.5740000000000001,0.21429313590004315
12867,CW,4,0.5750000000000001,0.19324390581476222
12867,CW,4,0.5760000000000001,0.18169036002648778
12867,CW,4,0.577,0.1613446318136894
12867,CW,4,0.578,0.15137652520048098
12867,CW,4,0.579,0.13542576475737797
12867,CW,4,0.58,0.13280883533966245
12867,CW,4,0.581,0.13483650050746865
12867,CW,4,0.582,0.1240968719315709
12867,CW,4,0.583,0.127950830284365
12867,CW,4,0.584,0.12021677323844693
12867,CW,4,0.585,0.11949282663353575
12867,CW,4,0.586,0.12096842598558767
12867,CW,4,0.587,0.11912385179422437
12867,CW,4,0.588,0.1174487292637721
12867,CW,4,0.589,0.10610809565716812
12867,CW,4,0.59,0.09005350132124526
12867,CW,4,0.591,0.0806481915456248
12867,CW,4,0.592,0.06937973263366705
12867,CW,4,0.593,0.06389905207638831
12867,CW,4,0.594,0.06260832142701692
12867,CW,4,0.595,0.06303694221163533
12867,CW,4,0.596,0.06361863492979025
12867,CW,4,0.597,0.0641996278388684
12867,CW,4,0.598,0.06477216617846572
12867,CW,4,0.599,0.06424136753960688
12867,CW,4,0.6,0.06512677309470848
12867,CW,4,0.601,0.06506633278419591
12867,CW,4,0.602,0.06572768318109126
12867,CW,4,0.603,0.06806889122774551
12867,CW,4,0.604,0.0696968067652833
12867,CW,4,0.605,0.07197069847762494
12867,CW,4,0.606,0.07517468320529161
12867,CW,4,0.607,0.07793455623753145
12867,CW,4,0.608,0.07861694712556282
12867,CW,4,0.609,0.08037925278472632
12867,CW,4,0.61,0.08132272964681578
12867,CW,4,0.611,0.08076440679121893
12867,CW,4,0.612,0.0799277078445946
12867,CW,4,0.613,0.07908043770780811
12867,CW,4,0.614,0.07816524581044727
12867,CW,4,0.615,0.07878979872617094
12867,CW,4,0.616,0.07810565544521826
12867,CW,4,0.617,0.07903373307098643
12867,CW,4,0.618,0.07869732346447526
12867,CW,4,0.619,0.07937298757874761
12867,CW,4,0.62,0.07870431162763204
12867,CW,4,0.621,0.07816680423719305
12867,CW,4,0.622,0.07835219923429872
12867,CW,4,0.623,0.07724418610193624
12867,CW,4,0.624,0.07656478405038032
12867,CW,4,0.625,0.07517102249913671
12867,CW,4,0.626,0.0741739547015245
12867,CW,4,0.627,0.0728503266490634
12867,CW,4,0.628,0.07103008505834187
12867,CW,4,0.629,0.06994869302718217
12867,CW,4,0.63,0.06879252787494218
12867,CW,4,0.631,0.06810490414864215
12867,CW,4,0.632,0.06711791337181627
12867,CW,4,0.633,0.06651887369398532
12867,CW,4,0.634,0.06564639101287828
12867,CW,4,0.635,0.0650115365358833
12867,CW,4,0.636,0.06420005908468497
12867,CW,4,0.637,0.06360398528155424
12867,CW,4,0.638,0.06324117413380707
12867,CW,4,0.639,0.06296222139030429
12867,CW,4,0.64,0.06271975048187757
12867,CW,4,0.641,0.0625452671981248
12867,CW,4,0.642,0.062451092898649696
12867,CW,4,0.643,0.06246732534499199
12867,CW,4,0.644,0.0626140434484848
12867,CW,4,0.645,0.06284879593275329
12867,CW,4,0.646,0.06311934181197519
12867,CW,4,0.647,0.06364449137656399
12867,CW,4,0.648,0.0640676778163399
12867,CW,4,0.649,0.06468900711196399
12867,CW,4,0.65,0.06535148310432304
12867,CW,4,0.651,0.06647326721254798
12867,CW,4,0.652,0.06801780447971656
12867,CW,4,0.653,0.06968975507560854
12867,CW,4,0.654,0.07137163204497365
12867,CW,4,0.655,0.07320206255117233
12867,CW,4,0.656,0.07530479360980562
12867,CW,4,0.657,0.07740770096525229
12867,CW,4,0.658,0.07955334846392331
12867,CW,4,0.659,0.08218297490831089
12867,CW,4,0.66,0.08524705974264489
12867,CW,4,0.661,0.08866653687561396
12867,CW,4,0.662,0.09212588689501153
12867,CW,4,0.663,0.09513738510104766
12867,CW,4,0.664,0.09752891401035295
12867,CW,4,0.665,0.09953792390007729
12867,CW,4,0.666,0.101664168956121
12867,CW,4,0.667,0.10434553520416295
12867,CW,4,0.668,0.10784713409381685
12867,CW,4,0.669,0.11173342688371729
12867,CW,4,0.67,0.11573255338359764
12867,CW,4,0.671,0.11947185974649181
12867,CW,4,0.672,0.12289960792310654
12867,CW,4,0.673,0.12647416682558252
12867,CW,4,0.674,0.13055555496017016
12867,CW,4,0.675,0.13446093790348884
12867,CW,4,0.676,0.13878571125108663
12867,CW,4,0.677,0.14132416272561604
12867,CW,4,0.678,0.14243701538152664
12867,CW,4,0.679,0.14168632552118762
12867,CW,4,0.68,0.14289276797499734
12867,CW,4,0.681,0.14152286652638557
12867,CW,4,0.682,0.14049862251600634
12867,CW,4,0.683,0.14359689423509595
12867,CW,4,0.684,0.14544523274998655
12867,CW,4,0.685,0.1482762884059155
12867,CW,4,0.686,0.15096497519427082
12867,CW,4,0.687,0.1467358322884822
12867,CW,4,0.6880000000000001,0.1448741880630131
12867,CW,4,0.6890000000000001,0.14154580331604966
12867,CW,4,0.6900000000000001,0.13622200435532378
12867,CW,4,0.6910000000000001,0.13409457921633355
12867,CW,4,0.6920000000000001,0.12627913152558037
12867,CW,4,0.6930000000000001,0.12409282845788171
12867,CW,4,0.6940000000000001,0.1243806580186455
12867,CW,4,0.6950000000000001,0.13340503984559596
12867,CW,4,0.6960000000000001,0.13251983028643982
12867,CW,4,0.6970000000000001,0.13436911189452183
12867,CW,4,0.6980000000000001,0.1361305997278359
12867,CW,4,0.6990000000000001,0.14129016879487405
12867,CW,4,0.7000000000000001,0.14600957435236117
12867,CW,4,0.7010000000000001,0.14856306136784256
12867,CW,4,0.7020000000000001,0.15358862433343398
12867,CW,4,0.7030000000000001,0.132480689429608
12867,CW,4,0.704,0.13170193650531523
12867,CW,4,0.705,0.10076650988861545
12867,CW,4,0.706,0.08456789185453256
12867,CW,4,0.707,0.0684125120586962
12867,CW,4,0.708,0.05868358262639303
12867,CW,4,0.709,0.053329599807467466
12867,CW,4,0.71,0.05120150527493327
12867,CW,4,0.711,0.055085573453301326
12867,CW,4,0.712,0.05513032470274805
12867,CW,4,0.713,0.07445128194042284
12867,CW,4,0.714,0.0825917308598194
12867,CW,4,0.715,0.09355220865603658
12867,CW,4,0.716,0.12748728765458192
12867,CW,4,0.717,0.13058600604005097
12867,CW,4,0.718,0.16636227884102955
12867,CW,4,0.719,0.17228298851727475
12867,CW,4,0.72,0.20081272032794742
12867,CW,4,0.721,0.22629223114988933
12867,CW,4,0.722,0.2479540183487178
12867,CW,4,0.723,0.24724138234241694
12867,CW,4,0.724,0.25679257405970907
12867,CW,4,0.725,0.24119499649032936
12867,CW,4,0.726,0.2144887281217185
12867,CW,4,0.727,0.22330462326793252
12867,CW,4,0.728,0.2235902061548227
12867,CW,4,0.729,0.22970777108139556
12867,CW,4,0.73,0.2612975024433774
12867,CW,4,0.731,0.30684615837126894
12867,CW,4,0.732,0.3560822922564413
12867,CW,4,0.733,0.4193857426904228
12867,CW,4,0.734,0.4905042264907979
12867,CW,4,0.735,0.5680758526054197
12867,CW,4,0.736,0.6279156215991846
12867,CW,4,0.737,0.6677913333861849
12867,CW,4,0.738,0.6782984817904635
12867,CW,4,0.739,0.685921307674835
12867,CW,4,0.74,0.6634713796659086
12867,CW,4,0.741,0.638353881494787
12867,CW,4,0.742,0.6120731252774232
12867,CW,4,0.743,0.5860868959496655
12867,CW,4,0.744,0.5584138105784529
12867,CW,4,0.745,0.5397711820042904
12867,CW,4,0.746,0.5224410688715484
12867,CW,4,0.747,0.5076758771567774
12867,CW,4,0.748,0.4950019290621622
12867,CW,4,0.749,0.4848509219730952
12867,CW,4,0.75,0.4758551452469645
12867,CW,4,0.751,0.47052351572611867
12867,CW,4,0.752,0.4663189296119969
12867,CW,4,0.753,0.4620614421361731
12867,CW,4,0.754,0.4589192378076467
12867,CW,4,0.755,0.4568572027921036
12867,CW,4,0.756,0.45581638181254874
12867,CW,4,0.757,0.45496223300347427
12867,CW,4,0.758,0.45462874305397205
12867,CW,4,0.759,0.45468425566987014
12867,CW,4,0.76,0.4551942125312969
12867,CW,4,0.761,0.4562877213480663
12867,CW,4,0.762,0.4575813765101653
12867,CW,4,0.763,0.4598573297761635
12867,CW,4,0.764,0.46245448292506786
12867,CW,4,0.765,0.46527128799583917
12867,CW,4,0.766,0.46777338757291026
12867,CW,4,0.767,0.4699097586980106
12867,CW,4,0.768,0.47224216629197835
12867,CW,4,0.769,0.4748171769997268
12867,CW,4,0.77,0.4772690024932318
12867,CW,4,0.771,0.4797784731036692
12867,CW,4,0.772,0.48249552105163807
12867,CW,4,0.773,0.48522157003561894
12867,CW,4,0.774,0.48717388399218375
12867,CW,4,0.775,0.49007747905164667
12867,CW,4,0.776,0.4921165890520413
12867,CW,4,0.777,0.49378365785647604
12867,CW,4,0.778,0.49514455553295805
12867,CW,4,0.779,0.4960752194622675
12867,CW,4,0.78,0.49833416297588456
12867,CW,4,0.781,0.4985347811179422
12867,CW,4,0.782,0.4997603312568695
12867,CW,4,0.783,0.5017137827905381
12867,CW,4,0.784,0.5042036383675643
12867,CW,4,0.785,0.5070099248654314
12867,CW,4,0.786,0.5109824930105524
12867,CW,4,0.787,0.5129976059903982
12867,CW,4,0.788,0.5154640576666847
12867,CW,4,0.789,0.5148138315959764
12867,CW,4,0.79,0.514795289459298
12867,CW,4,0.791,0.5139366344943217
12867,CW,4,0.792,0.5127613186954046
12867,CW,4,0.793,0.5112736652241446
12867,CW,4,0.794,0.5097868163695172
12867,CW,4,0.795,0.509699768757555
12867,CW,4,0.796,0.5081872257927332
12867,CW,4,0.797,0.5073965783550441
12867,CW,4,0.798,0.5073972795197886
12867,CW,4,0.799,0.5076683615381308
12867,CW,4,0.8,0.507716991048463
12867,CW,4,0.801,0.5077285132342932
12867,CW,4,0.802,0.5074208682365267
12867,CW,4,0.803,0.5071017973016246
12867,CW,4,0.804,0.5064046281763874
12867,CW,4,0.805,0.5056560993520647
12867,CW,4,0.806,0.5058827500115316
12867,CW,4,0.807,0.5058092394324527
12867,CW,4,0.808,0.5048393334664045
12867,CW,4,0.809,0.5027647530010854
12867,CW,4,0.81,0.49999798777693066
12867,CW,4,0.811,0.4970452491160603
12867,CW,4,0.812,0.4931698949329033
12867,CW,4,0.8130000000000001,0.48965561207074126
12867,CW,4,0.8140000000000001,0.48741087438693553
12867,CW,4,0.8150000000000001,0.4862525097700948
12867,CW,4,0.8160000000000001,0.4842405304861246
12867,CW,4,0.8170000000000001,0.4807250906090704
12867,CW,4,0.8180000000000001,0.4760376911968537
12867,CW,4,0.8190000000000001,0.4720261174815345
12867,CW,4,0.8200000000000001,0.46976390450505123
12867,CW,4,0.8210000000000001,0.47104507862981004
12867,CW,4,0.8220000000000001,0.47452070419386705
12867,CW,4,0.8230000000000001,0.47831897811671875
12867,CW,4,0.8240000000000001,0.48913768822092424
12867,CW,4,0.8250000000000001,0.5015706100022055
12867,CW,4,0.8260000000000001,0.5195557005597494
12867,CW,4,0.8270000000000001,0.5306693973725278
12867,CW,4,0.8280000000000001,0.5501279782140616
12867,CW,4,0.8290000000000001,0.5607923791321118
12867,CW,4,0.8300000000000001,0.571904831414201
12867,CW,4,0.8310000000000001,0.5713561114797401
12867,CW,4,0.8320000000000001,0.5650776523588339
12867,CW,4,0.833,0.5637478200847876
12867,CW,4,0.834,0.5486793688077066
12867,CW,4,0.835,0.5302619362180392
12867,CW,4,0.836,0.5222728035533608
12867,CW,4,0.837,0.5033675840435857
12867,CW,4,0.838,0.4968559341777623
12867,CW,4,0.839,0.4770255637308456
12867,CW,4,0.84,0.4531313431281835
12867,CW,4,0.841,0.44604237874489944
12867,CW,4,0.842,0.42733106727355
12867,CW,4,0.843,0.4125599845731327
12867,CW,4,0.844,0.41219648319787694
12867,CW,4,0.845,0.3946204492951359
12867,CW,4,0.846,0.40164663003822854
12867,CW,4,0.847,0.39431947114300137
12867,CW,4,0.848,0.39735036843423355
12867,CW,4,0.849,0.40336792833948915
12867,CW,4,0.85,0.41477716025984734
12867,CW,4,0.851,0.4340251472925511
12867,CW,4,0.852,0.4485105634016276
12867,CW,4,0.853,0.4631862277194971
12867,CW,4,0.854,0.48152154796468977
12867,CW,4,0.855,0.4986928664985554
12867,CW,4,0.856,0.5091881375125591
12867,CW,4,0.857,0.5107921179790236
12867,CW,4,0.858,0.515747330113141
12867,CW,4,0.859,0.5177658297793908
12867,CW,4,0.86,0.5163732557653382
12867,CW,4,0.861,0.5029417271809857
12867,CW,4,0.862,0.5003928828826455
12867,CW,4,0.863,0.483974081634644
12867,CW,4,0.864,0.46613905954746687
12867,CW,4,0.865,0.43829468009629813
12867,CW,4,0.866,0.4144882332029912
12867,CW,4,0.867,0.39365333784444073
12867,CW,4,0.868,0.3705383086295275
12867,CW,4,0.869,0.3550641585343906
12867,CW,4,0.87,0.34149197104069307
12867,CW,4,0.871,0.3334355320037456
12867,CW,4,0.872,0.3236227930693562
12867,CW,4,0.873,0.318421481762123
12867,CW,4,0.874,0.3141746994672655
12867,CW,4,0.875,0.3116704784048609
12867,CW,4,0.876,0.3091289283287695
12867,CW,4,0.877,0.3079596642935206
12867,CW,4,0.878,0.3065259481156547
12867,CW,4,0.879,0.3045833881669454
12867,CW,4,0.88,0.30296500288071826
12867,CW,4,0.881,0.3018335197266361
12867,CW,4,0.882,0.3016800365999543
12867,CW,4,0.883,0.30081384060243344
12867,CW,4,0.884,0.3006852814058205
12867,CW,4,0.885,0.29864112727189424
12867,CW,4,0.886,0.2965393568026763
12867,CW,4,0.887,0.2936630716197884
12867,CW,4,0.888,0.29064428443778295
12867,CW,4,0.889,0.2873395413123851
12867,CW,4,0.89,0.2836577064244148
12867,CW,4,0.891,0.2806472828820486
12867,CW,4,0.892,0.27761212024485227
12867,CW,4,0.893,0.27452637245529016
12867,CW,4,0.894,0.2711681033377488
12867,CW,4,0.895,0.2697966734442423
12867,CW,4,0.896,0.2683141710333639
12867,CW,4,0.897,0.26635146150224714
12867,CW,4,0.898,0.266876536069054
12867,CW,4,0.899,0.267291789209349
12867,CW,4,0.9,0.26665595003017756
12867,CW,4,0.901,0.27137970093939306
12867,CW,4,0.902,0.27030599058115606
12867,CW,4,0.903,0.2694468603071919
12867,CW,4,0.904,0.2669941480862949
12867,CW,4,0.905,0.2638868479751716
12867,CW,4,0.906,0.26100190602734136
12867,CW,4,0.907,0.25658591685486426
12867,CW,4,0.908,0.2516820426363824
12867,CW,4,0.909,0.24770478174475558
12867,CW,4,0.91,0.2440617656047142
12867,CW,4,0.911,0.23954617661213287
12867,CW,4,0.912,0.24001052422710267
12867,CW,4,0.913,0.2386045202846527
12867,CW,4,0.914,0.23738456540316663
12867,CW,4,0.915,0.23582472234411397
12867,CW,4,0.916,0.23411311396447176
12867,CW,4,0.917,0.23161978538538128
12867,CW,4,0.918,0.22849829552351156
12867,CW,4,0.919,0.22319014301030327
12867,CW,4,0.92,0.21555739728264464
12867,CW,4,0.921,0.2128065093196811
12867,CW,4,0.922,0.20605897834929518
12867,CW,4,0.923,0.20114662408333828
12867,CW,4,0.924,0.19649534621880424
12867,CW,4,0.925,0.19220704771502511
12867,CW,4,0.926,0.1883995975716476
12867,CW,4,0.927,0.1840821675120477
12867,CW,4,0.928,0.18371269658538403
12867,CW,4,0.929,0.18427886325825268
12867,CW,4,0.93,0.18386047729394192
12867,CW,4,0.931,0.18245604999123752
12867,CW,4,0.932,0.18022124910441187
12867,CW,4,0.933,0.17778098615864216
12867,CW,4,0.934,0.17423538224864418
12867,CW,4,0.935,0.17168842878686347
12867,CW,4,0.936,0.1670238014591304
12867,CW,4,0.937,0.16191686480305864
12867,CW,4,0.9380000000000001,0.15651642562187432
12867,CW,4,0.9390000000000001,0.15132444485608232
12867,CW,4,0.9400000000000001,0.14679481114126244
12867,CW,4,0.9410000000000001,0.14305608920344867
12867,CW,4,0.9420000000000001,0.13992884205601577
12867,CW,4,0.9430000000000001,0.13704245235008597
12867,CW,4,0.9440000000000001,0.13656328552993363
12867,CW,4,0.9450000000000001,0.13644182138298397
12867,CW,4,0.9460000000000001,0.1356143814405237
12867,CW,4,0.9470000000000001,0.1346063112662601
12867,CW,4,0.9480000000000001,0.13430127299343217
12867,CW,4,0.9490000000000001,0.13264114807471722
12867,CW,4,0.9500000000000001,0.13372966452438115
12867,CW,4,0.9510000000000001,0.13052484423040805
12867,CW,4,0.9520000000000001,0.12703029330552712
12867,CW,4,0.9530000000000001,0.12333890128296651
12867,CW,4,0.9540000000000001,0.11951718879894223
12867,CW,4,0.9550000000000001,0.11615814989696882
12867,CW,4,0.9560000000000001,0.11388894676478453
12867,CW,4,0.9570000000000001,0.11163979901733309
12867,CW,4,0.9580000000000001,0.10911794228579426
12867,CW,4,0.9590000000000001,0.10660167364754958
12867,CW,4,0.96,0.10412121748570805
12867,CW,4,0.961,0.10248299434079014
12867,CW,4,0.962,0.10138396836920238
12867,CW,4,0.963,0.10045476473557574
12867,CW,4,0.964,0.09984977267754047
12867,CW,4,0.965,0.09936921921892768
12867,CW,4,0.966,0.09893746067011133
12867,CW,4,0.967,0.09819020196208865
12867,CW,4,0.968,0.09787978279770278
12867,CW,4,0.969,0.09777010516178361
12867,CW,4,0.97,0.09832365633568303
12867,CW,4,0.971,0.09942612592714518
12867,CW,4,0.972,0.1011085584372242
12867,CW,4,0.973,0.10330036176994628
12867,CW,4,0.974,0.1062435442629926
12867,CW,4,0.975,0.11025562887403838
12867,CW,4,0.976,0.11424112357207165
12867,CW,4,0.977,0.11812885786737069
12867,CW,4,0.978,0.12218600899821115
12867,CW,4,0.979,0.1248026452532483
12867,CW,4,0.98,0.12463540768925384
12867,CW,4,0.981,0.12491421931678016
12867,CW,4,0.982,0.1264846888672462
12867,CW,4,0.983,0.13000355721086093
12867,CW,4,0.984,0.1345357560571264
12867,CW,4,0.985,0.13890380100832908
12867,CW,4,0.986,0.14282295120990707
12867,CW,4,0.987,0.1480231641740136
12867,CW,4,0.988,0.15011562842245896
12867,CW,4,0.989,0.15849382515408014
12867,CW,4,0.99,0.16666254943670872
12867,CW,4,0.991,0.17550885690181756
12867,CW,4,0.992,0.18478830122782744
12867,CW,4,0.993,0.19316954008237305
12867,CW,4,0.994,0.19684027518647784
12867,CW,4,0.995,0.20075512469120457
12867,CW,4,0.996,0.2064133668759029
12867,CW,4,0.997,0.21440632733707143
12867,CW,4,0.998,0.22350544421889101
12867,CW,4,0.999,0.2332182702065537
12867,CW,4,1.0,0.2455128274034491
12867,CW,5,0.0,0.0
12867,CW,5,0.001,0.0005133469124147118
12867,CW,5,0.002,0.0010293181114162883
12867,CW,5,0.003,0.0015875926581941269
12867,CW,5,0.004,0.002186771142446646
12867,CW,5,0.005,0.00262341516827903
12867,CW,5,0.006,0.003387500254132541
12867,CW,5,0.007,0.00430934025201876
12867,CW,5,0.008,0.005178780226521534
12867,CW,5,0.009000000000000001,0.005834900100889234
12867,CW,5,0.01,0.006101057190307488
12867,CW,5,0.011,0.0064053973304423915
12867,CW,5,0.012,0.006813871369992436
12867,CW,5,0.013000000000000001,0.007016514436157202
12867,CW,5,0.014,0.007288619512257699
12867,CW,5,0.015,0.007703585238356059
12867,CW,5,0.016,0.008258325255011948
12867,CW,5,0.017,0.008932949567869612
12867,CW,5,0.018000000000000002,0.009717528518273517
12867,CW,5,0.019,0.010311779478177857
12867,CW,5,0.02,0.011124509224293845
12867,CW,5,0.021,0.012018338058453384
12867,CW,5,0.022,0.012611079527344143
12867,CW,5,0.023,0.013328994497881119
12867,CW,5,0.024,0.01409366630000682
12867,CW,5,0.025,0.015159127467963465
12867,CW,5,0.026000000000000002,0.016149240822438845
12867,CW,5,0.027,0.01689414405707165
12867,CW,5,0.028,0.017550967270316117
12867,CW,5,0.029,0.01850988838815507
12867,CW,5,0.03,0.019739548875625682
12867,CW,5,0.031,0.02080318938018649
12867,CW,5,0.032,0.021466551499931864
12867,CW,5,0.033,0.021563779114843425
12867,CW,5,0.034,0.02198540287815355
12867,CW,5,0.035,0.022238466158179093
12867,CW,5,0.036000000000000004,0.022380571168058094
12867,CW,5,0.037,0.022629765517365154
12867,CW,5,0.038,0.022901116794795985
12867,CW,5,0.039,0.02326032828727783
12867,CW,5,0.04,0.023711242446247525
12867,CW,5,0.041,0.024202665234267416
12867,CW,5,0.042,0.024659415758498164
12867,CW,5,0.043000000000000003,0.025094552568705065
12867,CW,5,0.044,0.02544044921350143
12867,CW,5,0.045,0.025859546137399256
12867,CW,5,0.046,0.02635658316698496
12867,CW,5,0.047,0.02687279447379968
12867,CW,5,0.048,0.02754743137992609
12867,CW,5,0.049,0.02812596143306787
12867,CW,5,0.05,0.028474858466323184
12867,CW,5,0.051000000000000004,0.028598597794440146
12867,CW,5,0.052000000000000005,0.02846688752427339
12867,CW,5,0.053,0.0283387376055299
12867,CW,5,0.054,0.02836555404260803
12867,CW,5,0.055,0.028596874347580993
12867,CW,5,0.056,0.029019089895431577
12867,CW,5,0.057,0.029517424208312812
12867,CW,5,0.058,0.030042893476333276
12867,CW,5,0.059000000000000004,0.030570735124526353
12867,CW,5,0.06,0.031095414407666038
12867,CW,5,0.061,0.03164552289244393
12867,CW,5,0.062,0.032162210096197345
12867,CW,5,0.063,0.032686309520747185
12867,CW,5,0.064,0.03315950313426297
12867,CW,5,0.065,0.033597725820410956
12867,CW,5,0.066,0.03409736600272191
12867,CW,5,0.067,0.034626608193156744
12867,CW,5,0.068,0.03518617024352734
12867,CW,5,0.069,0.03579556408478491
12867,CW,5,0.07,0.03648454287166603
12867,CW,5,0.07100000000000001,0.03717798475655046
12867,CW,5,0.07200000000000001,0.037842534373499145
12867,CW,5,0.073,0.03838445283986013
12867,CW,5,0.074,0.03885167964917979
12867,CW,5,0.075,0.03946370248358594
12867,CW,5,0.076,0.04025623992161079
12867,CW,5,0.077,0.0411686588886355
12867,CW,5,0.078,0.04208748381500804
12867,CW,5,0.079,0.042785353997206295
12867,CW,5,0.08,0.04361028079412547
12867,CW,5,0.081,0.04460371836570499
12867,CW,5,0.082,0.04543087778727715
12867,CW,5,0.083,0.04622690939706583
12867,CW,5,0.084,0.04695656867378203
12867,CW,5,0.085,0.04749511503174694
12867,CW,5,0.08600000000000001,0.048025824655488734
12867,CW,5,0.08700000000000001,0.048617965388847724
12867,CW,5,0.088,0.049322220759216086
12867,CW,5,0.089,0.04983516385779786
12867,CW,5,0.09,0.05019372489033249
12867,CW,5,0.091,0.05054252349733602
12867,CW,5,0.092,0.050965055185852634
12867,CW,5,0.093,0.05078744041620108
12867,CW,5,0.094,0.05073954330687408
12867,CW,5,0.095,0.05054371848006301
12867,CW,5,0.096,0.050413223227746475
12867,CW,5,0.097,0.05012446186249643
12867,CW,5,0.098,0.0503608887812341
12867,CW,5,0.099,0.05076912473669592
12867,CW,5,0.1,0.05130485199511851
12867,CW,5,0.101,0.052138514465172425
12867,CW,5,0.10200000000000001,0.05331664851983175
12867,CW,5,0.10300000000000001,0.05448040827596755
12867,CW,5,0.10400000000000001,0.05769265164538341
12867,CW,5,0.105,0.06288411463515689
12867,CW,5,0.106,0.06975927974066742
12867,CW,5,0.107,0.07807093535854057
12867,CW,5,0.108,0.0882433008165149
12867,CW,5,0.109,0.09823840330872345
12867,CW,5,0.11,0.108800870447939
12867,CW,5,0.111,0.1157360775014289
12867,CW,5,0.112,0.1280567944076697
12867,CW,5,0.113,0.13418331970869377
12867,CW,5,0.114,0.1388188014117578
12867,CW,5,0.115,0.14224167310619173
12867,CW,5,0.116,0.14531895440843745
12867,CW,5,0.117,0.15028745110810462
12867,CW,5,0.11800000000000001,0.15461127971662508
12867,CW,5,0.11900000000000001,0.1578706082762038
12867,CW,5,0.12,0.1649429244629107
12867,CW,5,0.121,0.17948883310040767
12867,CW,5,0.122,0.18365640188578755
12867,CW,5,0.123,0.19609143979383495
12867,CW,5,0.124,0.20710408263004101
12867,CW,5,0.125,0.21908443542236639
12867,CW,5,0.126,0.22111727713294785
12867,CW,5,0.127,0.2325956541081585
12867,CW,5,0.128,0.2345170029951691
12867,CW,5,0.129,0.2302268933117166
12867,CW,5,0.13,0.23712523626589624
12867,CW,5,0.131,0.2366605022874823
12867,CW,5,0.132,0.23812060273903582
12867,CW,5,0.133,0.23900599611506376
12867,CW,5,0.134,0.24889221971126463
12867,CW,5,0.135,0.24888715754944896
12867,CW,5,0.136,0.25756241403202645
12867,CW,5,0.137,0.26758703493564756
12867,CW,5,0.138,0.27779929030933814
12867,CW,5,0.139,0.28862294049581205
12867,CW,5,0.14,0.29817685489381934
12867,CW,5,0.14100000000000001,0.30337258395120226
12867,CW,5,0.14200000000000002,0.3142506887157606
12867,CW,5,0.14300000000000002,0.31799421844895737
12867,CW,5,0.14400000000000002,0.32252178973666557
12867,CW,5,0.145,0.3279382792604857
12867,CW,5,0.146,0.33237208609741775
12867,CW,5,0.147,0.34024766948260027
12867,CW,5,0.148,0.33951202134598657
12867,CW,5,0.149,0.3447583000318025
12867,CW,5,0.15,0.34695096932991026
12867,CW,5,0.151,0.349009710518304
12867,CW,5,0.152,0.3554156728625038
12867,CW,5,0.153,0.3621577524821268
12867,CW,5,0.154,0.37071638057986733
12867,CW,5,0.155,0.3795418721712711
12867,CW,5,0.156,0.3865947539527645
12867,CW,5,0.157,0.39767415899750513
12867,CW,5,0.158,0.40845004654463624
12867,CW,5,0.159,0.4182382305012416
12867,CW,5,0.16,0.4236897709467079
12867,CW,5,0.161,0.42839549401512617
12867,CW,5,0.162,0.43133508984880026
12867,CW,5,0.163,0.4340936368637414
12867,CW,5,0.164,0.4367035896391127
12867,CW,5,0.165,0.43905766115173966
12867,CW,5,0.166,0.4414914807734005
12867,CW,5,0.167,0.44416709210636146
12867,CW,5,0.168,0.44614172586845385
12867,CW,5,0.169,0.4486117345162656
12867,CW,5,0.17,0.4509793436145368
12867,CW,5,0.171,0.45449099053892866
12867,CW,5,0.17200000000000001,0.4556096501138303
12867,CW,5,0.17300000000000001,0.45808515504262454
12867,CW,5,0.17400000000000002,0.4594737447486937
12867,CW,5,0.17500000000000002,0.461436205598061
12867,CW,5,0.176,0.4623979518250358
12867,CW,5,0.177,0.4638244294990283
12867,CW,5,0.178,0.46438628715488706
12867,CW,5,0.179,0.4657369543019542
12867,CW,5,0.18,0.46507138384131386
12867,CW,5,0.181,0.4649119648056878
12867,CW,5,0.182,0.4647575944863613
12867,CW,5,0.183,0.46480111740283037
12867,CW,5,0.184,0.46500119695783104
12867,CW,5,0.185,0.46516199113419665
12867,CW,5,0.186,0.4674643517572249
12867,CW,5,0.187,0.4692516713953468
12867,CW,5,0.188,0.47183110604730016
12867,CW,5,0.189,0.4760383889189044
12867,CW,5,0.19,0.4792167052649433
12867,CW,5,0.191,0.48270802901437315
12867,CW,5,0.192,0.48541231284476866
12867,CW,5,0.193,0.48722428562318104
12867,CW,5,0.194,0.4897453091906081
12867,CW,5,0.195,0.490039072807798
12867,CW,5,0.196,0.49229405464225695
12867,CW,5,0.197,0.49329578813609964
12867,CW,5,0.198,0.4962205380157684
12867,CW,5,0.199,0.49756977526212415
12867,CW,5,0.2,0.5001902878728091
12867,CW,5,0.201,0.5024783639804025
12867,CW,5,0.202,0.5084909745963971
12867,CW,5,0.203,0.5120004540186744
12867,CW,5,0.20400000000000001,0.5149554541573159
12867,CW,5,0.20500000000000002,0.5191054017175464
12867,CW,5,0.20600000000000002,0.5233416573885369
12867,CW,5,0.20700000000000002,0.5262593932161175
12867,CW,5,0.20800000000000002,0.5305461647746007
12867,CW,5,0.209,0.5346786685032854
12867,CW,5,0.21,0.53616648764418
12867,CW,5,0.211,0.5381675805569204
12867,CW,5,0.212,0.5404713814849457
12867,CW,5,0.213,0.5428040528261444
12867,CW,5,0.214,0.5451865985450585
12867,CW,5,0.215,0.5479698430070288
12867,CW,5,0.216,0.5496247738803863
12867,CW,5,0.217,0.5543406939568735
12867,CW,5,0.218,0.5604107962226332
12867,CW,5,0.219,0.5639897266819851
12867,CW,5,0.22,0.5690502329868772
12867,CW,5,0.221,0.5742984303247912
12867,CW,5,0.222,0.5797213412490524
12867,CW,5,0.223,0.5841588936330263
12867,CW,5,0.224,0.5877603307046526
12867,CW,5,0.225,0.5908362420615356
12867,CW,5,0.226,0.5915799895738665
12867,CW,5,0.227,0.5916888324539045
12867,CW,5,0.228,0.5918165855975208
12867,CW,5,0.229,0.5929604717481799
12867,CW,5,0.23,0.5941016419551296
12867,CW,5,0.231,0.5947200854103256
12867,CW,5,0.232,0.5945015928709676
12867,CW,5,0.233,0.5946167033939842
12867,CW,5,0.234,0.5957072125051821
12867,CW,5,0.23500000000000001,0.5973985804955131
12867,CW,5,0.23600000000000002,0.5993098387571141
12867,CW,5,0.23700000000000002,0.6031468421089438
12867,CW,5,0.23800000000000002,0.6057207458197023
12867,CW,5,0.23900000000000002,0.6078699253638534
12867,CW,5,0.24,0.6106997179391248
12867,CW,5,0.241,0.6110971333377304
12867,CW,5,0.242,0.6127099026676925
12867,CW,5,0.243,0.6148353846776496
12867,CW,5,0.244,0.617402320504813
12867,CW,5,0.245,0.6198441069604003
12867,CW,5,0.246,0.6218126558649819
12867,CW,5,0.247,0.6227389665489126
12867,CW,5,0.248,0.623486292815948
12867,CW,5,0.249,0.6252613745034425
12867,CW,5,0.25,0.6266440536287001
12867,CW,5,0.251,0.6279063382112015
12867,CW,5,0.252,0.6292276742991075
12867,CW,5,0.253,0.6305405352003278
12867,CW,5,0.254,0.6340200392711188
12867,CW,5,0.255,0.6354615783805211
12867,CW,5,0.256,0.6375392031310644
12867,CW,5,0.257,0.6386821844559195
12867,CW,5,0.258,0.6397434840140663
12867,CW,5,0.259,0.6409059211379651
12867,CW,5,0.26,0.6422436937630763
12867,CW,5,0.261,0.6436947239140883
12867,CW,5,0.262,0.6451843196638521
12867,CW,5,0.263,0.6463411831453494
12867,CW,5,0.264,0.6472654738276867
12867,CW,5,0.265,0.648030150547544
12867,CW,5,0.266,0.6492763939684795
12867,CW,5,0.267,0.650388754076003
12867,CW,5,0.268,0.6512931746655616
12867,CW,5,0.269,0.6520304954375086
12867,CW,5,0.27,0.6528132032277281
12867,CW,5,0.271,0.6535033948770859
12867,CW,5,0.272,0.6540637317199787
12867,CW,5,0.273,0.6544373795357219
12867,CW,5,0.274,0.6547399237705568
12867,CW,5,0.275,0.655147144995161
12867,CW,5,0.276,0.6556255054033037
12867,CW,5,0.277,0.6561859479656019
12867,CW,5,0.278,0.656858962193077
12867,CW,5,0.279,0.6573206224583209
12867,CW,5,0.28,0.6580515206502858
12867,CW,5,0.281,0.658137709440423
12867,CW,5,0.28200000000000003,0.657992055002946
12867,CW,5,0.28300000000000003,0.657677535980722
12867,CW,5,0.28400000000000003,0.6575052995151469
12867,CW,5,0.28500000000000003,0.6567954266516526
12867,CW,5,0.28600000000000003,0.6560755239069186
12867,CW,5,0.28700000000000003,0.6554202174359653
12867,CW,5,0.28800000000000003,0.654848110527917
12867,CW,5,0.289,0.6552954582563271
12867,CW,5,0.29,0.6560339156974765
12867,CW,5,0.291,0.6570455404376018
12867,CW,5,0.292,0.6583162639335333
12867,CW,5,0.293,0.6597334352190325
12867,CW,5,0.294,0.6611179590468238
12867,CW,5,0.295,0.6626692090588531
12867,CW,5,0.296,0.6642656794140179
12867,CW,5,0.297,0.6648865161696884
12867,CW,5,0.298,0.6648834586472422
12867,CW,5,0.299,0.6650192498715924
12867,CW,5,0.3,0.6655019839481292
12867,CW,5,0.301,0.6657314332057781
12867,CW,5,0.302,0.6658434032734897
12867,CW,5,0.303,0.6665349882001252
12867,CW,5,0.304,0.6674524962226626
12867,CW,5,0.305,0.6682435202138642
12867,CW,5,0.306,0.670170126465277
12867,CW,5,0.307,0.6716224358991495
12867,CW,5,0.308,0.6730765816192168
12867,CW,5,0.309,0.6757502687855618
12867,CW,5,0.31,0.6771226933796454
12867,CW,5,0.311,0.6782441988684872
12867,CW,5,0.312,0.6798281519303946
12867,CW,5,0.313,0.6814178846631964
12867,CW,5,0.314,0.6824846079391363
12867,CW,5,0.315,0.6841309907939709
12867,CW,5,0.316,0.6857107961345538
12867,CW,5,0.317,0.6873707637407975
12867,CW,5,0.318,0.6889682651010944
12867,CW,5,0.319,0.6901332725045075
12867,CW,5,0.32,0.6915135834046986
12867,CW,5,0.321,0.6935343316113786
12867,CW,5,0.322,0.6954655458966845
12867,CW,5,0.323,0.6975610230234202
12867,CW,5,0.324,0.6994859697107073
12867,CW,5,0.325,0.7015225538359364
12867,CW,5,0.326,0.7035764527562597
12867,CW,5,0.327,0.70570284105482
12867,CW,5,0.328,0.7077041230032146
12867,CW,5,0.329,0.7096484883033554
12867,CW,5,0.33,0.7119744493943262
12867,CW,5,0.331,0.7137549936565946
12867,CW,5,0.332,0.7157367223099366
12867,CW,5,0.333,0.7174765352662433
12867,CW,5,0.334,0.7188946837271732
12867,CW,5,0.335,0.7204738091636548
12867,CW,5,0.336,0.7225528941906468
12867,CW,5,0.337,0.7245932409323594
12867,CW,5,0.338,0.7262597334697547
12867,CW,5,0.339,0.7277706073802714
12867,CW,5,0.34,0.7293443207878237
12867,CW,5,0.341,0.731501930474271
12867,CW,5,0.342,0.7338014902477268
12867,CW,5,0.343,0.7358682987160566
12867,CW,5,0.34400000000000003,0.7381092646193832
12867,CW,5,0.34500000000000003,0.7401953304368916
12867,CW,5,0.34600000000000003,0.7424214596645593
12867,CW,5,0.34700000000000003,0.7446643248647578
12867,CW,5,0.34800000000000003,0.7466661364445716
12867,CW,5,0.34900000000000003,0.7484823808524059
12867,CW,5,0.35000000000000003,0.7506593888620666
12867,CW,5,0.35100000000000003,0.753278945757083
12867,CW,5,0.352,0.7562336653965583
12867,CW,5,0.353,0.7593011417602086
12867,CW,5,0.354,0.7619318209761604
12867,CW,5,0.355,0.7640948689201913
12867,CW,5,0.356,0.7656372065900183
12867,CW,5,0.357,0.7670401004829468
12867,CW,5,0.358,0.768849178744922
12867,CW,5,0.359,0.7712382411981408
12867,CW,5,0.36,0.7738861323025649
12867,CW,5,0.361,0.7770360103099816
12867,CW,5,0.362,0.7803333762434129
12867,CW,5,0.363,0.78360221266262
12867,CW,5,0.364,0.786218799680367
12867,CW,5,0.365,0.7885036838555706
12867,CW,5,0.366,0.7908948618278379
12867,CW,5,0.367,0.7937126892005649
12867,CW,5,0.368,0.7967604960716607
12867,CW,5,0.369,0.7998044878028625
12867,CW,5,0.37,0.8026016818527433
12867,CW,5,0.371,0.8048516766614838
12867,CW,5,0.372,0.8065828889330253
12867,CW,5,0.373,0.8080586800261242
12867,CW,5,0.374,0.8098624347147225
12867,CW,5,0.375,0.8120740026208504
12867,CW,5,0.376,0.8140553561583713
12867,CW,5,0.377,0.8163545092114217
12867,CW,5,0.378,0.8186316664800388
12867,CW,5,0.379,0.8203047018731573
12867,CW,5,0.38,0.8214338138093603
12867,CW,5,0.381,0.8229049637852484
12867,CW,5,0.382,0.8245041123862156
12867,CW,5,0.383,0.8261691280168434
12867,CW,5,0.384,0.8282230492370052
12867,CW,5,0.385,0.8301158262832546
12867,CW,5,0.386,0.8314955971258134
12867,CW,5,0.387,0.8325616310468338
12867,CW,5,0.388,0.834136089170392
12867,CW,5,0.389,0.8362852742937834
12867,CW,5,0.39,0.8390268868584944
12867,CW,5,0.391,0.8420382019387398
12867,CW,5,0.392,0.8451952439305438
12867,CW,5,0.393,0.84829656265169
12867,CW,5,0.394,0.851064675777884
12867,CW,5,0.395,0.8534487728444881
12867,CW,5,0.396,0.8557775567281379
12867,CW,5,0.397,0.8583504532951484
12867,CW,5,0.398,0.8609803868713933
12867,CW,5,0.399,0.8635938992198883
12867,CW,5,0.4,0.8663045979777657
12867,CW,5,0.401,0.8690831487906321
12867,CW,5,0.402,0.8716472283688149
12867,CW,5,0.403,0.8741258444852227
12867,CW,5,0.404,0.8770654697030252
12867,CW,5,0.405,0.8802245535828067
12867,CW,5,0.406,0.8832658748009283
12867,CW,5,0.40700000000000003,0.886486624675595
12867,CW,5,0.40800000000000003,0.8901279190575718
12867,CW,5,0.40900000000000003,0.8939074583461775
12867,CW,5,0.41000000000000003,0.8977486114542352
12867,CW,5,0.41100000000000003,0.9012419683027751
12867,CW,5,0.41200000000000003,0.9044065280330332
12867,CW,5,0.41300000000000003,0.9074026410555284
12867,CW,5,0.41400000000000003,0.9107607987396801
12867,CW,5,0.41500000000000004,0.9146318219703063
12867,CW,5,0.41600000000000004,0.9185956004223482
12867,CW,5,0.417,0.921837958204984
12867,CW,5,0.418,0.924123172871634
12867,CW,5,0.419,0.9263254090220727
12867,CW,5,0.42,0.9285785577068965
12867,CW,5,0.421,0.9305936381742206
12867,CW,5,0.422,0.9326126325081604
12867,CW,5,0.423,0.9348795891532671
12867,CW,5,0.424,0.9374409771230597
12867,CW,5,0.425,0.9400195846954169
12867,CW,5,0.426,0.9427628941035203
12867,CW,5,0.427,0.945424247451695
12867,CW,5,0.428,0.9482429414348211
12867,CW,5,0.429,0.9516133024615274
12867,CW,5,0.43,0.9552482174830733
12867,CW,5,0.431,0.9588479013360767
12867,CW,5,0.432,0.962161402319922
12867,CW,5,0.433,0.9654162811621122
12867,CW,5,0.434,0.9682212900098827
12867,CW,5,0.435,0.9706629636193157
12867,CW,5,0.436,0.9732882319201996
12867,CW,5,0.437,0.9759334640476323
12867,CW,5,0.438,0.9781483759526939
12867,CW,5,0.439,0.9801448598430438
12867,CW,5,0.44,0.9826102757810645
12867,CW,5,0.441,0.9852425998393758
12867,CW,5,0.442,0.9885901417283006
12867,CW,5,0.443,0.9924657220069159
12867,CW,5,0.444,0.9969219534900864
12867,CW,5,0.445,1.0021408267074354
12867,CW,5,0.446,1.007590486914456
12867,CW,5,0.447,1.012171551365551
12867,CW,5,0.448,1.016070585703409
12867,CW,5,0.449,1.0194921283431317
12867,CW,5,0.45,1.022791605396879
12867,CW,5,0.451,1.026573102015303
12867,CW,5,0.452,1.0307568453943508
12867,CW,5,0.453,1.0351392039120701
12867,CW,5,0.454,1.0392132779970227
12867,CW,5,0.455,1.042876021930032
12867,CW,5,0.456,1.0467973883085653
12867,CW,5,0.457,1.0509236603157965
12867,CW,5,0.458,1.0550045243721087
12867,CW,5,0.459,1.0588322955860705
12867,CW,5,0.46,1.0625502589432037
12867,CW,5,0.461,1.066137249622792
12867,CW,5,0.462,1.0693005075437532
12867,CW,5,0.463,1.0723780069545958
12867,CW,5,0.464,1.0756958586915473
12867,CW,5,0.465,1.0793761413605953
12867,CW,5,0.466,1.0829134986386286
12867,CW,5,0.467,1.0862143643740856
12867,CW,5,0.468,1.0896424602091737
12867,CW,5,0.46900000000000003,1.0927948429661605
12867,CW,5,0.47000000000000003,1.095360280700239
12867,CW,5,0.47100000000000003,1.0976024021961401
12867,CW,5,0.47200000000000003,1.0999105485566762
12867,CW,5,0.47300000000000003,1.1022814110105734
12867,CW,5,0.47400000000000003,1.1046994785923447
12867,CW,5,0.47500000000000003,1.1072090279185978
12867,CW,5,0.47600000000000003,1.1100893082953551
12867,CW,5,0.47700000000000004,1.113597230237682
12867,CW,5,0.47800000000000004,1.1172737865157916
12867,CW,5,0.47900000000000004,1.1209603450013617
12867,CW,5,0.48,1.124285830409812
12867,CW,5,0.481,1.127247297416283
12867,CW,5,0.482,1.130217931936208
12867,CW,5,0.483,1.1337806584365797
12867,CW,5,0.484,1.1371763481454016
12867,CW,5,0.485,1.1396325706346506
12867,CW,5,0.486,1.1414435171003732
12867,CW,5,0.487,1.1433116174397784
12867,CW,5,0.488,1.1455906208725317
12867,CW,5,0.489,1.1481619304192925
12867,CW,5,0.49,1.1512355913489214
12867,CW,5,0.491,1.1547831458131328
12867,CW,5,0.492,1.1587356582085448
12867,CW,5,0.493,1.1627313953000382
12867,CW,5,0.494,1.1669159050699034
12867,CW,5,0.495,1.1706194469707862
12867,CW,5,0.496,1.1733447283689462
12867,CW,5,0.497,1.1761212941605281
12867,CW,5,0.498,1.1792966164517618
12867,CW,5,0.499,1.1822599145616175
12867,CW,5,0.5,1.1845676733159987
12867,CW,5,0.501,1.1868876609069658
12867,CW,5,0.502,1.1888193377604197
12867,CW,5,0.503,1.1910121247081935
12867,CW,5,0.504,1.1935666434579382
12867,CW,5,0.505,1.197314237039244
12867,CW,5,0.506,1.201970034024942
12867,CW,5,0.507,1.207007743957867
12867,CW,5,0.508,1.212232490653589
12867,CW,5,0.509,1.2178190333923278
12867,CW,5,0.51,1.2235715879620126
12867,CW,5,0.511,1.229017994010265
12867,CW,5,0.512,1.2331567968712482
12867,CW,5,0.513,1.23638711627478
12867,CW,5,0.514,1.2387206594943487
12867,CW,5,0.515,1.2408569499398316
12867,CW,5,0.516,1.2434058957630332
12867,CW,5,0.517,1.2457960039799671
12867,CW,5,0.518,1.247834948208161
12867,CW,5,0.519,1.2493891633081957
12867,CW,5,0.52,1.2514828633310808
12867,CW,5,0.521,1.2542623883637634
12867,CW,5,0.522,1.2577921042156106
12867,CW,5,0.523,1.261939088841152
12867,CW,5,0.524,1.2669254896235496
12867,CW,5,0.525,1.272381577999376
12867,CW,5,0.526,1.2780216108908937
12867,CW,5,0.527,1.2840258172108616
12867,CW,5,0.528,1.289413536719844
12867,CW,5,0.529,1.2944979541694417
12867,CW,5,0.53,1.2987215243192853
12867,CW,5,0.531,1.3022320713458664
12867,CW,5,0.532,1.3058894759190298
12867,CW,5,0.533,1.3100660494458332
12867,CW,5,0.534,1.313575347308067
12867,CW,5,0.535,1.316949124069839
12867,CW,5,0.536,1.3210724662379953
12867,CW,5,0.537,1.3244205747985198
12867,CW,5,0.538,1.3276686007060354
12867,CW,5,0.539,1.3312595907465563
12867,CW,5,0.54,1.335342551844193
12867,CW,5,0.541,1.3402752018417754
12867,CW,5,0.542,1.3457038505353918
12867,CW,5,0.543,1.3510330980721286
12867,CW,5,0.544,1.3557807687132155
12867,CW,5,0.545,1.3594049217501787
12867,CW,5,0.546,1.36230482955352
12867,CW,5,0.547,1.364911581928322
12867,CW,5,0.548,1.3670824656547513
12867,CW,5,0.549,1.3692679559800043
12867,CW,5,0.55,1.3720292149085946
12867,CW,5,0.551,1.3730406334978098
12867,CW,5,0.552,1.3763667176672858
12867,CW,5,0.553,1.3782834580745271
12867,CW,5,0.554,1.3804119595609388
12867,CW,5,0.555,1.3841980256700752
12867,CW,5,0.556,1.3849144619616682
12867,CW,5,0.557,1.3843908009283736
12867,CW,5,0.558,1.3820662090045088
12867,CW,5,0.559,1.3789244331051411
12867,CW,5,0.56,1.3734460670741406
12867,CW,5,0.561,1.3721846357705132
12867,CW,5,0.562,1.364003209362075
12867,CW,5,0.5630000000000001,1.3521099987965672
12867,CW,5,0.5640000000000001,1.3408292592117572
12867,CW,5,0.5650000000000001,1.33190909422673
12867,CW,5,0.5660000000000001,1.3216669693086396
12867,CW,5,0.5670000000000001,1.3087774086766732
12867,CW,5,0.5680000000000001,1.292269463505254
12867,CW,5,0.5690000000000001,1.2793253200902994
12867,CW,5,0.5700000000000001,1.2668347230118553
12867,CW,5,0.5710000000000001,1.2468741539233303
12867,CW,5,0.5720000000000001,1.2306053106241541
12867,CW,5,0.5730000000000001,1.1919500275830692
12867,CW,5,0.5740000000000001,1.166857400523892
12867,CW,5,0.5750000000000001,1.1121721219887013
12867,CW,5,0.5760000000000001,1.0733314411000627
12867,CW,5,0.577,1.0291098878932303
12867,CW,5,0.578,1.013863300706958
12867,CW,5,0.579,0.9775508008874869
12867,CW,5,0.58,0.9609824314851607
12867,CW,5,0.581,0.9593948347627781
12867,CW,5,0.582,0.9421200867533585
12867,CW,5,0.583,0.9423270885894091
12867,CW,5,0.584,0.9287902378050599
12867,CW,5,0.585,0.9169914366694635
12867,CW,5,0.586,0.9187920964305065
12867,CW,5,0.587,0.9056696114605159
12867,CW,5,0.588,0.8947009951382223
12867,CW,5,0.589,0.8803093524952704
12867,CW,5,0.59,0.8599434898806453
12867,CW,5,0.591,0.8417831453022957
12867,CW,5,0.592,0.8279586596893383
12867,CW,5,0.593,0.8145566092738775
12867,CW,5,0.594,0.8022309574836977
12867,CW,5,0.595,0.7928534813997957
12867,CW,5,0.596,0.784398173985471
12867,CW,5,0.597,0.7793257013109663
12867,CW,5,0.598,0.7755456938955816
12867,CW,5,0.599,0.7699580005421581
12867,CW,5,0.6,0.7649546165689709
12867,CW,5,0.601,0.7639902472670687
12867,CW,5,0.602,0.7602725849934295
12867,CW,5,0.603,0.7572943199796967
12867,CW,5,0.604,0.7559746551496035
12867,CW,5,0.605,0.7519279031633149
12867,CW,5,0.606,0.7492970978359377
12867,CW,5,0.607,0.7458840504341983
12867,CW,5,0.608,0.742404800750159
12867,CW,5,0.609,0.7397370865092874
12867,CW,5,0.61,0.7362154047676328
12867,CW,5,0.611,0.7343566834844437
12867,CW,5,0.612,0.7320607321333453
12867,CW,5,0.613,0.731201126993077
12867,CW,5,0.614,0.7296731821750533
12867,CW,5,0.615,0.7284531937975603
12867,CW,5,0.616,0.7273603076162528
12867,CW,5,0.617,0.7262735268194719
12867,CW,5,0.618,0.7252688253637437
12867,CW,5,0.619,0.7244073878708827
12867,CW,5,0.62,0.7238542948622994
12867,CW,5,0.621,0.7233273251665273
12867,CW,5,0.622,0.7227718168041694
12867,CW,5,0.623,0.7222659622648675
12867,CW,5,0.624,0.7218213885342243
12867,CW,5,0.625,0.7213914851512703
12867,CW,5,0.626,0.7211897068137972
12867,CW,5,0.627,0.7208357813495159
12867,CW,5,0.628,0.7209778133259661
12867,CW,5,0.629,0.721356130277928
12867,CW,5,0.63,0.7219106641239741
12867,CW,5,0.631,0.722630987585872
12867,CW,5,0.632,0.7233928961439394
12867,CW,5,0.633,0.7241401426716635
12867,CW,5,0.634,0.7247816078247618
12867,CW,5,0.635,0.725249543056338
12867,CW,5,0.636,0.72609170581032
12867,CW,5,0.637,0.7266340461035727
12867,CW,5,0.638,0.727279032797865
12867,CW,5,0.639,0.7273439624140086
12867,CW,5,0.64,0.7277324926877383
12867,CW,5,0.641,0.7277595653443634
12867,CW,5,0.642,0.7280090324348854
12867,CW,5,0.643,0.7280939185894186
12867,CW,5,0.644,0.7283611453182345
12867,CW,5,0.645,0.7288847782351433
12867,CW,5,0.646,0.7297054222995173
12867,CW,5,0.647,0.7306703016477433
12867,CW,5,0.648,0.731674697509911
12867,CW,5,0.649,0.7328309932676278
12867,CW,5,0.65,0.733738164570334
12867,CW,5,0.651,0.7349517935436864
12867,CW,5,0.652,0.7362547016499876
12867,CW,5,0.653,0.7376501544957794
12867,CW,5,0.654,0.738816033718878
12867,CW,5,0.655,0.7399405110065328
12867,CW,5,0.656,0.7411476912670264
12867,CW,5,0.657,0.7424056602212539
12867,CW,5,0.658,0.7436329321733465
12867,CW,5,0.659,0.7450577536161751
12867,CW,5,0.66,0.7469031121231264
12867,CW,5,0.661,0.7491106905713291
12867,CW,5,0.662,0.7514989306783499
12867,CW,5,0.663,0.7538558716985738
12867,CW,5,0.664,0.7559687027997685
12867,CW,5,0.665,0.7578151137272978
12867,CW,5,0.666,0.7596388123287389
12867,CW,5,0.667,0.7616908598810659
12867,CW,5,0.668,0.7640816417571044
12867,CW,5,0.669,0.7664805185307834
12867,CW,5,0.67,0.7687195000836141
12867,CW,5,0.671,0.7709445434101367
12867,CW,5,0.672,0.773413136259577
12867,CW,5,0.673,0.7761360712119508
12867,CW,5,0.674,0.779158394414782
12867,CW,5,0.675,0.7824387523380502
12867,CW,5,0.676,0.7863070992336241
12867,CW,5,0.677,0.7895856715360126
12867,CW,5,0.678,0.7914734461100228
12867,CW,5,0.679,0.7914267473074458
12867,CW,5,0.68,0.791989406153852
12867,CW,5,0.681,0.7907720498021387
12867,CW,5,0.682,0.7891844631934732
12867,CW,5,0.683,0.7897923565738049
12867,CW,5,0.684,0.790575284271799
12867,CW,5,0.685,0.7889270945388972
12867,CW,5,0.686,0.7871390964460455
12867,CW,5,0.687,0.7840094829856045
12867,CW,5,0.6880000000000001,0.7803107326707623
12867,CW,5,0.6890000000000001,0.7755007561238673
12867,CW,5,0.6900000000000001,0.7701009491001181
12867,CW,5,0.6910000000000001,0.7647816408927357
12867,CW,5,0.6920000000000001,0.760885201626964
12867,CW,5,0.6930000000000001,0.7583942128833314
12867,CW,5,0.6940000000000001,0.7567593141266626
12867,CW,5,0.6950000000000001,0.7561012788423745
12867,CW,5,0.6960000000000001,0.7557932579649884
12867,CW,5,0.6970000000000001,0.7549364230504321
12867,CW,5,0.6980000000000001,0.7546251993272904
12867,CW,5,0.6990000000000001,0.7528140043616264
12867,CW,5,0.7000000000000001,0.7517002930533347
12867,CW,5,0.7010000000000001,0.7501716517882738
12867,CW,5,0.7020000000000001,0.7496230928635573
12867,CW,5,0.7030000000000001,0.750867665011798
12867,CW,5,0.704,0.7548655598956949
12867,CW,5,0.705,0.7622876319873484
12867,CW,5,0.706,0.775676527354138
12867,CW,5,0.707,0.7895840492252287
12867,CW,5,0.708,0.810205336663012
12867,CW,5,0.709,0.8265384617131863
12867,CW,5,0.71,0.8556015258635671
12867,CW,5,0.711,0.8698101476583934
12867,CW,5,0.712,0.883315096496866
12867,CW,5,0.713,0.9245085618730726
12867,CW,5,0.714,0.9513908532099139
12867,CW,5,0.715,0.98721874533657
12867,CW,5,0.716,1.022022463550108
12867,CW,5,0.717,1.0462349293431026
12867,CW,5,0.718,1.0941990000507194
12867,CW,5,0.719,1.1145384335070463
12867,CW,5,0.72,1.1592681274635281
12867,CW,5,0.721,1.2082422094878391
12867,CW,5,0.722,1.2368677099292347
12867,CW,5,0.723,1.2777091228512245
12867,CW,5,0.724,1.3106517131269269
12867,CW,5,0.725,1.3242201017831148
12867,CW,5,0.726,1.314324374818245
12867,CW,5,0.727,1.339242733320578
12867,CW,5,0.728,1.3475134084269094
12867,CW,5,0.729,1.3649075402082678
12867,CW,5,0.73,1.3854913493189325
12867,CW,5,0.731,1.4234731362915554
12867,CW,5,0.732,1.4560301344097037
12867,CW,5,0.733,1.4915576676967828
12867,CW,5,0.734,1.549783077039334
12867,CW,5,0.735,1.5880271291750037
12867,CW,5,0.736,1.6387466552325023
12867,CW,5,0.737,1.657453051947315
12867,CW,5,0.738,1.6728007375072698
12867,CW,5,0.739,1.6762780463626115
12867,CW,5,0.74,1.6671515920957718
12867,CW,5,0.741,1.656528501148881
12867,CW,5,0.742,1.6428323567471919
12867,CW,5,0.743,1.629262038068228
12867,CW,5,0.744,1.6171191655077573
12867,CW,5,0.745,1.6039650912162586
12867,CW,5,0.746,1.5951898765475385
12867,CW,5,0.747,1.58593266966452
12867,CW,5,0.748,1.5782375477819222
12867,CW,5,0.749,1.5721105678761103
12867,CW,5,0.75,1.5670226543266657
12867,CW,5,0.751,1.5634752542527945
12867,CW,5,0.752,1.5617456970428283
12867,CW,5,0.753,1.5591005219721588
12867,CW,5,0.754,1.5577569250651504
12867,CW,5,0.755,1.5560544928362572
12867,CW,5,0.756,1.555117474064695
12867,CW,5,0.757,1.553654138551148
12867,CW,5,0.758,1.5524326604432168
12867,CW,5,0.759,1.5512198685120695
12867,CW,5,0.76,1.5493741759073278
12867,CW,5,0.761,1.5483185694575696
12867,CW,5,0.762,1.5475421078056306
12867,CW,5,0.763,1.5466714269386124
12867,CW,5,0.764,1.546364812404933
12867,CW,5,0.765,1.546108748156506
12867,CW,5,0.766,1.5462310460045408
12867,CW,5,0.767,1.5465162649896782
12867,CW,5,0.768,1.5468577392727036
12867,CW,5,0.769,1.5472511669516114
12867,CW,5,0.77,1.5476883618792172
12867,CW,5,0.771,1.5481740479661834
12867,CW,5,0.772,1.548710935030773
12867,CW,5,0.773,1.5492963443044294
12867,CW,5,0.774,1.5498924692153258
12867,CW,5,0.775,1.5505073631921642
12867,CW,5,0.776,1.5510583888132818
12867,CW,5,0.777,1.551618545606903
12867,CW,5,0.778,1.5521447812263647
12867,CW,5,0.779,1.5526592888758028
12867,CW,5,0.78,1.553130091643159
12867,CW,5,0.781,1.5536623420851172
12867,CW,5,0.782,1.5541255286714577
12867,CW,5,0.783,1.5545127846975386
12867,CW,5,0.784,1.554838914435614
12867,CW,5,0.785,1.5547154452338614
12867,CW,5,0.786,1.554284096164661
12867,CW,5,0.787,1.5543015704713725
12867,CW,5,0.788,1.5538731063308764
12867,CW,5,0.789,1.5535485787713998
12867,CW,5,0.79,1.5530300591065953
12867,CW,5,0.791,1.553103149630457
12867,CW,5,0.792,1.5532318953217537
12867,CW,5,0.793,1.5535305010639682
12867,CW,5,0.794,1.5541981598216736
12867,CW,5,0.795,1.5540422489737762
12867,CW,5,0.796,1.5566628424176387
12867,CW,5,0.797,1.5586567124427997
12867,CW,5,0.798,1.5586613825382245
12867,CW,5,0.799,1.5559561757467266
12867,CW,5,0.8,1.552889727058912
12867,CW,5,0.801,1.54360943189359
12867,CW,5,0.802,1.5368620384029004
12867,CW,5,0.803,1.5279610788157085
12867,CW,5,0.804,1.5208459388124176
12867,CW,5,0.805,1.515253971729421
12867,CW,5,0.806,1.5134993905551242
12867,CW,5,0.807,1.5122870170614207
12867,CW,5,0.808,1.5121556022383886
12867,CW,5,0.809,1.5133982021069725
12867,CW,5,0.81,1.5188626746788783
12867,CW,5,0.811,1.5181719591465888
12867,CW,5,0.812,1.5171591461232734
12867,CW,5,0.8130000000000001,1.5165757573758665
12867,CW,5,0.8140000000000001,1.5185779082212048
12867,CW,5,0.8150000000000001,1.5209975336861652
12867,CW,5,0.8160000000000001,1.5194005027155808
12867,CW,5,0.8170000000000001,1.509131486168745
12867,CW,5,0.8180000000000001,1.5059990403678023
12867,CW,5,0.8190000000000001,1.4922164741306587
12867,CW,5,0.8200000000000001,1.4831707710434847
12867,CW,5,0.8210000000000001,1.471431315442814
12867,CW,5,0.8220000000000001,1.462943291155185
12867,CW,5,0.8230000000000001,1.4519715523332708
12867,CW,5,0.8240000000000001,1.449412799049738
12867,CW,5,0.8250000000000001,1.4528967738928855
12867,CW,5,0.8260000000000001,1.4463331945887212
12867,CW,5,0.8270000000000001,1.4366169186701652
12867,CW,5,0.8280000000000001,1.4338108953184037
12867,CW,5,0.8290000000000001,1.4214816363630298
12867,CW,5,0.8300000000000001,1.407118629167373
12867,CW,5,0.8310000000000001,1.3935022467632028
12867,CW,5,0.8320000000000001,1.358637286128646
12867,CW,5,0.833,1.338432402327144
12867,CW,5,0.834,1.3191174595703408
12867,CW,5,0.835,1.282683351930863
12867,CW,5,0.836,1.2681070812477702
12867,CW,5,0.837,1.2434753540023833
12867,CW,5,0.838,1.2300605759143566
12867,CW,5,0.839,1.2230663040487102
12867,CW,5,0.84,1.1982330736689435
12867,CW,5,0.841,1.1908707334047888
12867,CW,5,0.842,1.1842347995178175
12867,CW,5,0.843,1.1828459595511425
12867,CW,5,0.844,1.1761991802199376
12867,CW,5,0.845,1.1657308760799538
12867,CW,5,0.846,1.1774207195915936
12867,CW,5,0.847,1.1689510703543404
12867,CW,5,0.848,1.167999377824694
12867,CW,5,0.849,1.1651167766057038
12867,CW,5,0.85,1.1624331596687976
12867,CW,5,0.851,1.1645255835657013
12867,CW,5,0.852,1.1595906893894348
12867,CW,5,0.853,1.1586586977416942
12867,CW,5,0.854,1.1528549140804802
12867,CW,5,0.855,1.142697334893867
12867,CW,5,0.856,1.1500229226171337
12867,CW,5,0.857,1.142130347332218
12867,CW,5,0.858,1.1387568026939459
12867,CW,5,0.859,1.131729828693702
12867,CW,5,0.86,1.117370334072351
12867,CW,5,0.861,1.1054997911772906
12867,CW,5,0.862,1.0933976599414985
12867,CW,5,0.863,1.0752161692390154
12867,CW,5,0.864,1.0608081653302046
12867,CW,5,0.865,1.0425509663054688
12867,CW,5,0.866,1.0297090462985214
12867,CW,5,0.867,1.019313622919639
12867,CW,5,0.868,1.0073623919568584
12867,CW,5,0.869,1.0000831684979274
12867,CW,5,0.87,0.9919355592710797
12867,CW,5,0.871,0.9853353724078
12867,CW,5,0.872,0.9790901597384349
12867,CW,5,0.873,0.9748185832226498
12867,CW,5,0.874,0.9689941651397039
12867,CW,5,0.875,0.9635394726902431
12867,CW,5,0.876,0.9580079749559429
12867,CW,5,0.877,0.9523117627448602
12867,CW,5,0.878,0.9462500367775045
12867,CW,5,0.879,0.9397932862530646
12867,CW,5,0.88,0.9330114341191383
12867,CW,5,0.881,0.9263171705659501
12867,CW,5,0.882,0.9201867119144171
12867,CW,5,0.883,0.9140792940764418
12867,CW,5,0.884,0.908217152146997
12867,CW,5,0.885,0.9022632155778543
12867,CW,5,0.886,0.8957957931440096
12867,CW,5,0.887,0.889254006333149
12867,CW,5,0.888,0.8829102929801316
12867,CW,5,0.889,0.8771756223718717
12867,CW,5,0.89,0.8703405762396715
12867,CW,5,0.891,0.8648398593640624
12867,CW,5,0.892,0.859360815482679
12867,CW,5,0.893,0.8541467964246413
12867,CW,5,0.894,0.8491366063067952
12867,CW,5,0.895,0.8448284488568722
12867,CW,5,0.896,0.8405657314763858
12867,CW,5,0.897,0.8362500805510922
12867,CW,5,0.898,0.8327410723466298
12867,CW,5,0.899,0.8293748961450899
12867,CW,5,0.9,0.8263356267679007
12867,CW,5,0.901,0.8236021946983654
12867,CW,5,0.902,0.8206792201318478
12867,CW,5,0.903,0.8180389691817714
12867,CW,5,0.904,0.8160292830029126
12867,CW,5,0.905,0.814015537301603
12867,CW,5,0.906,0.8122298637579989
12867,CW,5,0.907,0.8108511310232157
12867,CW,5,0.908,0.8094822437799719
12867,CW,5,0.909,0.8084077001053145
12867,CW,5,0.91,0.8076110486474822
12867,CW,5,0.911,0.8069778711923927
12867,CW,5,0.912,0.8064825845023745
12867,CW,5,0.913,0.8062124669098119
12867,CW,5,0.914,0.8061371684793723
12867,CW,5,0.915,0.806324840358333
12867,CW,5,0.916,0.806890676695533
12867,CW,5,0.917,0.8075180646503003
12867,CW,5,0.918,0.8088177105175147
12867,CW,5,0.919,0.8104431464111345
12867,CW,5,0.92,0.8123490230894237
12867,CW,5,0.921,0.814273824583488
12867,CW,5,0.922,0.817011095136902
12867,CW,5,0.923,0.819746879207837
12867,CW,5,0.924,0.8230783131363819
12867,CW,5,0.925,0.826096271470713
12867,CW,5,0.926,0.8299424274457811
12867,CW,5,0.927,0.834133426718895
12867,CW,5,0.928,0.8387039758972048
12867,CW,5,0.929,0.8428607762015691
12867,CW,5,0.93,0.8473869791300113
12867,CW,5,0.931,0.8520336027289773
12867,CW,5,0.932,0.8567788153040762
12867,CW,5,0.933,0.8612373669539503
12867,CW,5,0.934,0.86622433559938
12867,CW,5,0.935,0.8721128097180485
12867,CW,5,0.936,0.876740444736052
12867,CW,5,0.937,0.88282879550776
12867,CW,5,0.9380000000000001,0.8887961272140715
12867,CW,5,0.9390000000000001,0.8948726788738912
12867,CW,5,0.9400000000000001,0.9005692319771414
12867,CW,5,0.9410000000000001,0.9059358406227428
12867,CW,5,0.9420000000000001,0.9113804897615807
12867,CW,5,0.9430000000000001,0.9170520169321437
12867,CW,5,0.9440000000000001,0.9216719370951091
12867,CW,5,0.9450000000000001,0.926169883383605
12867,CW,5,0.9460000000000001,0.9309286348129349
12867,CW,5,0.9470000000000001,0.935840524613663
12867,CW,5,0.9480000000000001,0.9411097954064849
12867,CW,5,0.9490000000000001,0.9475625073578204
12867,CW,5,0.9500000000000001,0.9527748805628686
12867,CW,5,0.9510000000000001,0.9604814769509668
12867,CW,5,0.9520000000000001,0.9684248629919907
12867,CW,5,0.9530000000000001,0.9752201168242959
12867,CW,5,0.9540000000000001,0.9838816483019988
12867,CW,5,0.9550000000000001,0.9925071620888422
12867,CW,5,0.9560000000000001,1.0017526505643486
12867,CW,5,0.9570000000000001,1.008875419918888
12867,CW,5,0.9580000000000001,1.01737753365213
12867,CW,5,0.9590000000000001,1.0258879527752875
12867,CW,5,0.96,1.034207089595937
12867,CW,5,0.961,1.0419054176784455
12867,CW,5,0.962,1.0492293552165197
12867,CW,5,0.963,1.0565648376680015
12867,CW,5,0.964,1.0637916840522061
12867,CW,5,0.965,1.0708784929495239
12867,CW,5,0.966,1.07875546794272
12867,CW,5,0.967,1.0886099911920357
12867,CW,5,0.968,1.0985091544959456
12867,CW,5,0.969,1.1103772017537787
12867,CW,5,0.97,1.1219695042247653
12867,CW,5,0.971,1.1338151099760556
12867,CW,5,0.972,1.1450589914751745
12867,CW,5,0.973,1.1556837437354885
12867,CW,5,0.974,1.1668395679393009
12867,CW,5,0.975,1.1767407597441715
12867,CW,5,0.976,1.1875961380841877
12867,CW,5,0.977,1.197444516096688
12867,CW,5,0.978,1.2080913686768047
12867,CW,5,0.979,1.2184749570963314
12867,CW,5,0.98,1.226315725368956
12867,CW,5,0.981,1.2344030018838166
12867,CW,5,0.982,1.2429649522969646
12867,CW,5,0.983,1.2536876988184606
12867,CW,5,0.984,1.2658314625141212
12867,CW,5,0.985,1.2777908634951025
12867,CW,5,0.986,1.289398918325258
12867,CW,5,0.987,1.3011800078612183
12867,CW,5,0.988,1.3099658206528904
12867,CW,5,0.989,1.3233507606370434
12867,CW,5,0.99,1.3367353274992695
12867,CW,5,0.991,1.3511283129369267
12867,CW,5,0.992,1.3663827952332597
12867,CW,5,0.993,1.3819732905083315
12867,CW,5,0.994,1.3951930944378936
12867,CW,5,0.995,1.408852166216047
12867,CW,5,0.996,1.423709511057235
12867,CW,5,0.997,1.4401434629752876
12867,CW,5,0.998,1.456382608580477
12867,CW,5,0.999,1.4738440161439696
12867,CW,5,1.0,1.4921577448994388
12868,CW,2,0.0,0.0
12868,CW,2,0.001,0.0014225012780123363
12868,CW,2,0.002,0.0012947876577115768
12868,CW,2,0.003,0.0010205625087061924
12868,CW,2,0.004,0.0013400739877913333
12868,CW,2,0.005,0.0016602945049578911
12868,CW,2,0.006,0.0019555581397736263
12868,CW,2,0.007,0.0022872664328575246
12868,CW,2,0.008,0.002613825976374963
12868,CW,2,0.009000000000000001,0.0029778160082550046
12868,CW,2,0.01,0.0033587598671235425
12868,CW,2,0.011,0.0036757973740156147
12868,CW,2,0.012,0.003917288654691778
12868,CW,2,0.013000000000000001,0.004241974051157361
12868,CW,2,0.014,0.004600501538073304
12868,CW,2,0.015,0.004978788638841637
12868,CW,2,0.016,0.005369117924488656
12868,CW,2,0.017,0.006037302643461479
12868,CW,2,0.018000000000000002,0.007195893920729124
12868,CW,2,0.019,0.009559334802621338
12868,CW,2,0.02,0.011890808653375511
12868,CW,2,0.021,0.014793125500489257
12868,CW,2,0.022,0.017541501953557023
12868,CW,2,0.023,0.020033934314568316
12868,CW,2,0.024,0.023063018772429864
12868,CW,2,0.025,0.02482417901493009
12868,CW,2,0.026000000000000002,0.026138310726737377
12868,CW,2,0.027,0.026568849818859038
12868,CW,2,0.028,0.027175042430786254
12868,CW,2,0.029,0.027031384115748267
12868,CW,2,0.03,0.02782488487401689
12868,CW,2,0.031,0.029080869494290885
12868,CW,2,0.032,0.030173119507936066
12868,CW,2,0.033,0.03232694749041306
12868,CW,2,0.034,0.035009396335508446
12868,CW,2,0.035,0.03789884737300821
12868,CW,2,0.036000000000000004,0.04060125985584465
12868,CW,2,0.037,0.04281155868893498
12868,CW,2,0.038,0.04468121499066894
12868,CW,2,0.039,0.046249216755351555
12868,CW,2,0.04,0.04713546112251739
12868,CW,2,0.041,0.04723259214028665
12868,CW,2,0.042,0.04642223804730549
12868,CW,2,0.043000000000000003,0.04524465158403704
12868,CW,2,0.044,0.04507559297090718
12868,CW,2,0.045,0.04626335297014815
12868,CW,2,0.046,0.047814236271829035
12868,CW,2,0.047,0.04925778641302892
12868,CW,2,0.048,0.05080865139648637
12868,CW,2,0.049,0.052501522510421915
12868,CW,2,0.05,0.05448386551284424
12868,CW,2,0.051000000000000004,0.056820112229172534
12868,CW,2,0.052000000000000005,0.059075776567300856
12868,CW,2,0.053,0.06087582335780035
12868,CW,2,0.054,0.06250403380954568
12868,CW,2,0.055,0.0645698401932759
12868,CW,2,0.056,0.06682552184292104
12868,CW,2,0.057,0.06820214123441977
12868,CW,2,0.058,0.06852038934956978
12868,CW,2,0.059000000000000004,0.06881200473845071
12868,CW,2,0.06,0.06896247877926064
12868,CW,2,0.061,0.06847900960345422
12868,CW,2,0.062,0.06690917782741804
12868,CW,2,0.063,0.06484456617241939
12868,CW,2,0.064,0.0637796495238214
12868,CW,2,0.065,0.06392719719954505
12868,CW,2,0.066,0.06538514221861472
12868,CW,2,0.067,0.06772911761337748
12868,CW,2,0.068,0.07022876006437168
12868,CW,2,0.069,0.07345705527576597
12868,CW,2,0.07,0.07699902525313648
12868,CW,2,0.07100000000000001,0.0810045936847219
12868,CW,2,0.07200000000000001,0.08515456495360928
12868,CW,2,0.073,0.08895705487213938
12868,CW,2,0.074,0.09210279425034498
12868,CW,2,0.075,0.09446008359745432
12868,CW,2,0.076,0.0965782581563577
12868,CW,2,0.077,0.09879478414654914
12868,CW,2,0.078,0.10084029932437007
12868,CW,2,0.079,0.1027216235516697
12868,CW,2,0.08,0.10476129380374548
12868,CW,2,0.081,0.10738221997564257
12868,CW,2,0.082,0.11062031815212223
12868,CW,2,0.083,0.11436147325652934
12868,CW,2,0.084,0.1195688454684073
12868,CW,2,0.085,0.1273122775609526
12868,CW,2,0.08600000000000001,0.13801510928399502
12868,CW,2,0.08700000000000001,0.15003868790374167
12868,CW,2,0.088,0.1594126107017881
12868,CW,2,0.089,0.1641015473111575
12868,CW,2,0.09,0.16508817689829
12868,CW,2,0.091,0.16407989933799952
12868,CW,2,0.092,0.1621757518439591
12868,CW,2,0.093,0.16108193593001854
12868,CW,2,0.094,0.1618792623574183
12868,CW,2,0.095,0.16132848229684096
12868,CW,2,0.096,0.16301091511969518
12868,CW,2,0.097,0.1663748967656855
12868,CW,2,0.098,0.1686634431619947
12868,CW,2,0.099,0.1705599989176678
12868,CW,2,0.1,0.17509945343994568
12868,CW,2,0.101,0.17808922596402282
12868,CW,2,0.10200000000000001,0.1808454006721678
12868,CW,2,0.10300000000000001,0.1792721207825563
12868,CW,2,0.10400000000000001,0.18076857814386454
12868,CW,2,0.105,0.18373939553783444
12868,CW,2,0.106,0.18626034285971166
12868,CW,2,0.107,0.1884545396916725
12868,CW,2,0.108,0.18675593789607783
12868,CW,2,0.109,0.1839465578884488
12868,CW,2,0.11,0.18195138580561918
12868,CW,2,0.111,0.18592650034132951
12868,CW,2,0.112,0.18682841548589266
12868,CW,2,0.113,0.18927614937027473
12868,CW,2,0.114,0.19225569306012374
12868,CW,2,0.115,0.1941698225991294
12868,CW,2,0.116,0.20198611209578593
12868,CW,2,0.117,0.2087907628810895
12868,CW,2,0.11800000000000001,0.20696269666395262
12868,CW,2,0.11900000000000001,0.20567867853239122
12868,CW,2,0.12,0.21063427562816264
12868,CW,2,0.121,0.21212316613774945
12868,CW,2,0.122,0.21459407078348958
12868,CW,2,0.123,0.2200881293277199
12868,CW,2,0.124,0.2228042948113611
12868,CW,2,0.125,0.22434854496037154
12868,CW,2,0.126,0.23031362403327577
12868,CW,2,0.127,0.23263786518057208
12868,CW,2,0.128,0.23597136282278303
12868,CW,2,0.129,0.24625990382595692
12868,CW,2,0.13,0.2571745645175423
12868,CW,2,0.131,0.262219988262913
12868,CW,2,0.132,0.26637816620688515
12868,CW,2,0.133,0.27688614466755895
12868,CW,2,0.134,0.27541704461637584
12868,CW,2,0.135,0.2764177511790444
12868,CW,2,0.136,0.27570342521787145
12868,CW,2,0.137,0.28031260490727045
12868,CW,2,0.138,0.27879922848141026
12868,CW,2,0.139,0.2837865282309598
12868,CW,2,0.14,0.28985698994592585
12868,CW,2,0.14100000000000001,0.2881789257766589
12868,CW,2,0.14200000000000002,0.2923798769326434
12868,CW,2,0.14300000000000002,0.2935665959542882
12868,CW,2,0.14400000000000002,0.2933223458122921
12868,CW,2,0.145,0.2926381775634535
12868,CW,2,0.146,0.2914704351035737
12868,CW,2,0.147,0.28924101371392635
12868,CW,2,0.148,0.2872543843115767
12868,CW,2,0.149,0.2855528609050683
12868,CW,2,0.15,0.2885160358175032
12868,CW,2,0.151,0.2892494033642402
12868,CW,2,0.152,0.2903026622835577
12868,CW,2,0.153,0.29229387581076555
12868,CW,2,0.154,0.2959411719392076
12868,CW,2,0.155,0.3017731827317934
12868,CW,2,0.156,0.30750426980370676
12868,CW,2,0.157,0.3123244126005825
12868,CW,2,0.158,0.3134758525351174
12868,CW,2,0.159,0.3137237129961463
12868,CW,2,0.16,0.311696472858401
12868,CW,2,0.161,0.3118866859759438
12868,CW,2,0.162,0.31148003393842644
12868,CW,2,0.163,0.3114610291621842
12868,CW,2,0.164,0.31180829891429196
12868,CW,2,0.165,0.3127436234233549
12868,CW,2,0.166,0.3137732489630886
12868,CW,2,0.167,0.3149932381235179
12868,CW,2,0.168,0.3157524680166425
12868,CW,2,0.169,0.3153411412421083
12868,CW,2,0.17,0.3153562847735231
12868,CW,2,0.171,0.31495848658837305
12868,CW,2,0.17200000000000001,0.3149719342084048
12868,CW,2,0.17300000000000001,0.31363435755888436
12868,CW,2,0.17400000000000002,0.31263456673690426
12868,CW,2,0.17500000000000002,0.31108900602826045
12868,CW,2,0.176,0.3096484042476714
12868,CW,2,0.177,0.3087846261980146
12868,CW,2,0.178,0.3081721688803626
12868,CW,2,0.179,0.30751366547441816
12868,CW,2,0.18,0.3069996946701595
12868,CW,2,0.181,0.3068178767257353
12868,CW,2,0.182,0.30669657009783974
12868,CW,2,0.183,0.3068395341874299
12868,CW,2,0.184,0.3072204792658664
12868,CW,2,0.185,0.3078395981913785
12868,CW,2,0.186,0.3086469529222763
12868,CW,2,0.187,0.30941939762611786
12868,CW,2,0.188,0.3103427940649634
12868,CW,2,0.189,0.31129209917711737
12868,CW,2,0.19,0.31255883743487406
12868,CW,2,0.191,0.3135787778846411
12868,CW,2,0.192,0.3150912185405924
12868,CW,2,0.193,0.31711837231983603
12868,CW,2,0.194,0.3185071990019312
12868,CW,2,0.195,0.32044020903008175
12868,CW,2,0.196,0.3224589511978626
12868,CW,2,0.197,0.3238112543634966
12868,CW,2,0.198,0.3253722915845421
12868,CW,2,0.199,0.3282810362441043
12868,CW,2,0.2,0.3313477529979684
12868,CW,2,0.201,0.33396293098205093
12868,CW,2,0.202,0.33782029049848883
12868,CW,2,0.203,0.3410770478201298
12868,CW,2,0.20400000000000001,0.34416385995357257
12868,CW,2,0.20500000000000002,0.34835689285661614
12868,CW,2,0.20600000000000002,0.3516313707869135
12868,CW,2,0.20700000000000002,0.35683372098130023
12868,CW,2,0.20800000000000002,0.3597992951554203
12868,CW,2,0.209,0.3624213385039951
12868,CW,2,0.21,0.36352375148451643
12868,CW,2,0.211,0.36580832344512204
12868,CW,2,0.212,0.367892950155921
12868,CW,2,0.213,0.3678278135264085
12868,CW,2,0.214,0.37037325428820145
12868,CW,2,0.215,0.3740692415185018
12868,CW,2,0.216,0.379449285440356
12868,CW,2,0.217,0.3860842247319126
12868,CW,2,0.218,0.3935764124291336
12868,CW,2,0.219,0.39663596359379727
12868,CW,2,0.22,0.39835092999344046
12868,CW,2,0.221,0.3987361868158542
12868,CW,2,0.222,0.40225033226547907
12868,CW,2,0.223,0.40607278668071267
12868,CW,2,0.224,0.40917249533336975
12868,CW,2,0.225,0.4105537348573352
12868,CW,2,0.226,0.41168029421392516
12868,CW,2,0.227,0.4129851457891975
12868,CW,2,0.228,0.4149518357511152
12868,CW,2,0.229,0.41617056489262005
12868,CW,2,0.23,0.4220878222441418
12868,CW,2,0.231,0.42652070322664554
12868,CW,2,0.232,0.4323727206066838
12868,CW,2,0.233,0.4392826697901061
12868,CW,2,0.234,0.44530037952012563
12868,CW,2,0.23500000000000001,0.4437833240735855
12868,CW,2,0.23600000000000002,0.44356987084081095
12868,CW,2,0.23700000000000002,0.44278311552904753
12868,CW,2,0.23800000000000002,0.4452703861563711
12868,CW,2,0.23900000000000002,0.4478577494466064
12868,CW,2,0.24,0.4506481675606734
12868,CW,2,0.241,0.45357736593152387
12868,CW,2,0.242,0.4551155212783006
12868,CW,2,0.243,0.46147054183605507
12868,CW,2,0.244,0.46528860835958014
12868,CW,2,0.245,0.46939834686448
12868,CW,2,0.246,0.47433416831314024
12868,CW,2,0.247,0.4802118564765819
12868,CW,2,0.248,0.48040286685719974
12868,CW,2,0.249,0.4862864897287206
12868,CW,2,0.25,0.48638950180628304
12868,CW,2,0.251,0.4839817238284342
12868,CW,2,0.252,0.4809467312031328
12868,CW,2,0.253,0.47838760754915555
12868,CW,2,0.254,0.4774694080481632
12868,CW,2,0.255,0.4764991302277519
12868,CW,2,0.256,0.4839970096688138
12868,CW,2,0.257,0.4953266518071202
12868,CW,2,0.258,0.5026698492982338
12868,CW,2,0.259,0.5122140980746303
12868,CW,2,0.26,0.520199133088274
12868,CW,2,0.261,0.5269084382819987
12868,CW,2,0.262,0.5320924078382409
12868,CW,2,0.263,0.5342848712670949
12868,CW,2,0.264,0.5368367956841482
12868,CW,2,0.265,0.5370597937470514
12868,CW,2,0.266,0.541015589665195
12868,CW,2,0.267,0.536216251547503
12868,CW,2,0.268,0.5323501138791076
12868,CW,2,0.269,0.5305551937600598
12868,CW,2,0.27,0.5300183876371667
12868,CW,2,0.271,0.5363786025084694
12868,CW,2,0.272,0.5469595620576253
12868,CW,2,0.273,0.5589781369217113
12868,CW,2,0.274,0.565030655101382
12868,CW,2,0.275,0.5711376344586455
12868,CW,2,0.276,0.575495921562597
12868,CW,2,0.277,0.5755320686037564
12868,CW,2,0.278,0.5815609965647007
12868,CW,2,0.279,0.5837607292259342
12868,CW,2,0.28,0.586395635911574
12868,CW,2,0.281,0.5902342880532527
12868,CW,2,0.28200000000000003,0.5955619161937019
12868,CW,2,0.28300000000000003,0.5969322076816077
12868,CW,2,0.28400000000000003,0.5982890406655073
12868,CW,2,0.28500000000000003,0.6049188761734703
12868,CW,2,0.28600000000000003,0.6077482391715757
12868,CW,2,0.28700000000000003,0.6144518850870196
12868,CW,2,0.28800000000000003,0.6198780983875757
12868,CW,2,0.289,0.624496716761765
12868,CW,2,0.29,0.6258262705689079
12868,CW,2,0.291,0.6307445257039084
12868,CW,2,0.292,0.6332562492447434
12868,CW,2,0.293,0.6378103233636027
12868,CW,2,0.294,0.6398662287039675
12868,CW,2,0.295,0.643958051187273
12868,CW,2,0.296,0.6492117123206044
12868,CW,2,0.297,0.655252481461322
12868,CW,2,0.298,0.6607697389479418
12868,CW,2,0.299,0.6666114221595142
12868,CW,2,0.3,0.671583241293979
12868,CW,2,0.301,0.6732660065754934
12868,CW,2,0.302,0.6765644358312729
12868,CW,2,0.303,0.6794932415812823
12868,CW,2,0.304,0.6845687758093504
12868,CW,2,0.305,0.6904949964572809
12868,CW,2,0.306,0.6939870983835184
12868,CW,2,0.307,0.7005479536076015
12868,CW,2,0.308,0.7078085825983856
12868,CW,2,0.309,0.7173841443716447
12868,CW,2,0.31,0.7253264496987621
12868,CW,2,0.311,0.7357829503966156
12868,CW,2,0.312,0.744943875850871
12868,CW,2,0.313,0.7551107172587869
12868,CW,2,0.314,0.765220308486381
12868,CW,2,0.315,0.7740462865760496
12868,CW,2,0.316,0.7824210270168657
12868,CW,2,0.317,0.7906731915035602
12868,CW,2,0.318,0.7963666889222013
12868,CW,2,0.319,0.8049330748237881
12868,CW,2,0.32,0.8136079292941296
12868,CW,2,0.321,0.8223031901022991
12868,CW,2,0.322,0.8311928704890942
12868,CW,2,0.323,0.839209594059513
12868,CW,2,0.324,0.8465447345558232
12868,CW,2,0.325,0.8542630514429375
12868,CW,2,0.326,0.8628019311223707
12868,CW,2,0.327,0.8722620066841942
12868,CW,2,0.328,0.882306171472523
12868,CW,2,0.329,0.8927610700761951
12868,CW,2,0.33,0.9030616106487089
12868,CW,2,0.331,0.913146177206273
12868,CW,2,0.332,0.9220847034068913
12868,CW,2,0.333,0.9312225078423393
12868,CW,2,0.334,0.9401511488160352
12868,CW,2,0.335,0.9490879568937224
12868,CW,2,0.336,0.958257746333059
12868,CW,2,0.337,0.9667440592365739
12868,CW,2,0.338,0.9751289207553399
12868,CW,2,0.339,0.9844355212733943
12868,CW,2,0.34,0.9948290833563949
12868,CW,2,0.341,1.0056995528344888
12868,CW,2,0.342,1.0165632112409406
12868,CW,2,0.343,1.027251375367684
12868,CW,2,0.34400000000000003,1.0379956280386466
12868,CW,2,0.34500000000000003,1.048649837892697
12868,CW,2,0.34600000000000003,1.0592887308611227
12868,CW,2,0.34700000000000003,1.0698686505509762
12868,CW,2,0.34800000000000003,1.0798254861112402
12868,CW,2,0.34900000000000003,1.0888230063339313
12868,CW,2,0.35000000000000003,1.0975178378714476
12868,CW,2,0.35100000000000003,1.1072781531745282
12868,CW,2,0.352,1.1170029527166252
12868,CW,2,0.353,1.1264036561976047
12868,CW,2,0.354,1.1359318798815041
12868,CW,2,0.355,1.1460867495838256
12868,CW,2,0.356,1.1570655079989276
12868,CW,2,0.357,1.168726405309068
12868,CW,2,0.358,1.1804782995783691
12868,CW,2,0.359,1.1919540322273918
12868,CW,2,0.36,1.2028186569298602
12868,CW,2,0.361,1.2135206730884134
12868,CW,2,0.362,1.2249528197658144
12868,CW,2,0.363,1.236790346718197
12868,CW,2,0.364,1.248118505045871
12868,CW,2,0.365,1.2588608357931894
12868,CW,2,0.366,1.2691138824172976
12868,CW,2,0.367,1.2790439182493736
12868,CW,2,0.368,1.2881579604464986
12868,CW,2,0.369,1.297005041523889
12868,CW,2,0.37,1.3064264673608317
12868,CW,2,0.371,1.3167965045714007
12868,CW,2,0.372,1.3279222725303694
12868,CW,2,0.373,1.3398895930025496
12868,CW,2,0.374,1.3515970687151495
12868,CW,2,0.375,1.3630331852760968
12868,CW,2,0.376,1.3736409503395244
12868,CW,2,0.377,1.3834531225488604
12868,CW,2,0.378,1.393693421781225
12868,CW,2,0.379,1.4037453575438605
12868,CW,2,0.38,1.413402409558117
12868,CW,2,0.381,1.4232433976389687
12868,CW,2,0.382,1.4336928565600735
12868,CW,2,0.383,1.4440366170206707
12868,CW,2,0.384,1.4542420350371088
12868,CW,2,0.385,1.4648864008114024
12868,CW,2,0.386,1.4760308001259064
12868,CW,2,0.387,1.4875277221576844
12868,CW,2,0.388,1.4994539031115452
12868,CW,2,0.389,1.5112718976304238
12868,CW,2,0.39,1.5227473563572342
12868,CW,2,0.391,1.5338763624266323
12868,CW,2,0.392,1.5449410802287855
12868,CW,2,0.393,1.555731943717783
12868,CW,2,0.394,1.5660562934056952
12868,CW,2,0.395,1.5759677191536448
12868,CW,2,0.396,1.5857237966360287
12868,CW,2,0.397,1.5948761189975968
12868,CW,2,0.398,1.6041622317290045
12868,CW,2,0.399,1.6138063701210523
12868,CW,2,0.4,1.6233502758776996
12868,CW,2,0.401,1.6327919085968725
12868,CW,2,0.402,1.642465691233542
12868,CW,2,0.403,1.6529717750005732
12868,CW,2,0.404,1.6644903776650903
12868,CW,2,0.405,1.676140282664505
12868,CW,2,0.406,1.6875868878310738
12868,CW,2,0.40700000000000003,1.6987124864808711
12868,CW,2,0.40800000000000003,1.709707863715857
12868,CW,2,0.40900000000000003,1.7196564789967426
12868,CW,2,0.41000000000000003,1.728628298241851
12868,CW,2,0.41100000000000003,1.7370265472905113
12868,CW,2,0.41200000000000003,1.7449955106270638
12868,CW,2,0.41300000000000003,1.7531390617989648
12868,CW,2,0.41400000000000003,1.7626081006449403
12868,CW,2,0.41500000000000004,1.773412977429485
12868,CW,2,0.41600000000000004,1.784252903162828
12868,CW,2,0.417,1.7947067071417155
12868,CW,2,0.418,1.8053498550917115
12868,CW,2,0.419,1.816208766614631
12868,CW,2,0.42,1.8270107055677307
12868,CW,2,0.421,1.8369611347575039
12868,CW,2,0.422,1.846683381304018
12868,CW,2,0.423,1.856537191840045
12868,CW,2,0.424,1.8667831200362819
12868,CW,2,0.425,1.8767185645341131
12868,CW,2,0.426,1.8861301906588726
12868,CW,2,0.427,1.895324878330932
12868,CW,2,0.428,1.9044338681086102
12868,CW,2,0.429,1.9136100279571846
12868,CW,2,0.43,1.9232873927773106
12868,CW,2,0.431,1.933230893515978
12868,CW,2,0.432,1.943094501930366
12868,CW,2,0.433,1.953526158407243
12868,CW,2,0.434,1.9650609006169035
12868,CW,2,0.435,1.9773676338828114
12868,CW,2,0.436,1.9903080138019058
12868,CW,2,0.437,2.0034393628958864
12868,CW,2,0.438,2.016013420909292
12868,CW,2,0.439,2.028739484856397
12868,CW,2,0.44,2.04121671138446
12868,CW,2,0.441,2.0528795792294616
12868,CW,2,0.442,2.0634781419185004
12868,CW,2,0.443,2.0728153185920632
12868,CW,2,0.444,2.08144488515501
12868,CW,2,0.445,2.090621945523249
12868,CW,2,0.446,2.1012374873323707
12868,CW,2,0.447,2.1124832970853467
12868,CW,2,0.448,2.1242926489310214
12868,CW,2,0.449,2.1365492799615025
12868,CW,2,0.45,2.1492640881378366
12868,CW,2,0.451,2.1619982140568905
12868,CW,2,0.452,2.175492010870976
12868,CW,2,0.453,2.1889221487088317
12868,CW,2,0.454,2.201341273429231
12868,CW,2,0.455,2.213098372008861
12868,CW,2,0.456,2.2244239513370405
12868,CW,2,0.457,2.23539696932454
12868,CW,2,0.458,2.24590740062216
12868,CW,2,0.459,2.256084246787251
12868,CW,2,0.46,2.266156650642014
12868,CW,2,0.461,2.276076775678416
12868,CW,2,0.462,2.2860603636371186
12868,CW,2,0.463,2.296413941445134
12868,CW,2,0.464,2.307282938661099
12868,CW,2,0.465,2.319075052721212
12868,CW,2,0.466,2.3323000781150522
12868,CW,2,0.467,2.3456359350074596
12868,CW,2,0.468,2.3587447810282987
12868,CW,2,0.46900000000000003,2.371309838254471
12868,CW,2,0.47000000000000003,2.3831417584187324
12868,CW,2,0.47100000000000003,2.395058821471829
12868,CW,2,0.47200000000000003,2.4071228147910655
12868,CW,2,0.47300000000000003,2.4188648028957696
12868,CW,2,0.47400000000000003,2.430156639444069
12868,CW,2,0.47500000000000003,2.440692222973677
12868,CW,2,0.47600000000000003,2.450329023931284
12868,CW,2,0.47700000000000004,2.459445975944308
12868,CW,2,0.47800000000000004,2.4694341048108255
12868,CW,2,0.47900000000000004,2.4797877387372136
12868,CW,2,0.48,2.490278587618129
12868,CW,2,0.481,2.5011455816356403
12868,CW,2,0.482,2.512565666700082
12868,CW,2,0.483,2.5249921604292567
12868,CW,2,0.484,2.537239153426736
12868,CW,2,0.485,2.5493019306751057
12868,CW,2,0.486,2.5610275281358743
12868,CW,2,0.487,2.5727327438081176
12868,CW,2,0.488,2.5842337045469197
12868,CW,2,0.489,2.5953425502213725
12868,CW,2,0.49,2.6060703238108496
12868,CW,2,0.491,2.6165670283910485
12868,CW,2,0.492,2.6267413266459605
12868,CW,2,0.493,2.636211732359466
12868,CW,2,0.494,2.645723324439055
12868,CW,2,0.495,2.6554117963143686
12868,CW,2,0.496,2.665058963978076
12868,CW,2,0.497,2.6747195750512036
12868,CW,2,0.498,2.685005691235802
12868,CW,2,0.499,2.6959288042958622
12868,CW,2,0.5,2.7070341183361815
12868,CW,2,0.501,2.7185862535778154
12868,CW,2,0.502,2.72981258769131
12868,CW,2,0.503,2.74069220336908
12868,CW,2,0.504,2.7516063836997002
12868,CW,2,0.505,2.762209848100509
12868,CW,2,0.506,2.7726983686473075
12868,CW,2,0.507,2.7826071741987275
12868,CW,2,0.508,2.7926603929009035
12868,CW,2,0.509,2.8026228966132387
12868,CW,2,0.51,2.8121831789003653
12868,CW,2,0.511,2.8217079164759826
12868,CW,2,0.512,2.8311765784880016
12868,CW,2,0.513,2.8416490554188627
12868,CW,2,0.514,2.8528878590879945
12868,CW,2,0.515,2.864782808795774
12868,CW,2,0.516,2.8771343988330873
12868,CW,2,0.517,2.8898879028621733
12868,CW,2,0.518,2.9030983466106854
12868,CW,2,0.519,2.9155576203823297
12868,CW,2,0.52,2.9274679157774504
12868,CW,2,0.521,2.9388321591879656
12868,CW,2,0.522,2.948639356838453
12868,CW,2,0.523,2.957685870573379
12868,CW,2,0.524,2.965898587072775
12868,CW,2,0.525,2.974535065861863
12868,CW,2,0.526,2.9833607932625408
12868,CW,2,0.527,2.992858865153592
12868,CW,2,0.528,3.0024293364526042
12868,CW,2,0.529,3.011720204905492
12868,CW,2,0.53,3.02146745502042
12868,CW,2,0.531,3.032271423774769
12868,CW,2,0.532,3.043777792906561
12868,CW,2,0.533,3.0551408477088646
12868,CW,2,0.534,3.0668654377013946
12868,CW,2,0.535,3.0787487522487926
12868,CW,2,0.536,3.0897539315988394
12868,CW,2,0.537,3.100126628274804
12868,CW,2,0.538,3.1092532237688153
12868,CW,2,0.539,3.117599594865834
12868,CW,2,0.54,3.1261153965957855
12868,CW,2,0.541,3.134979674615483
12868,CW,2,0.542,3.144371823959845
12868,CW,2,0.543,3.1543010303546866
12868,CW,2,0.544,3.1642358585090498
12868,CW,2,0.545,3.173951685241557
12868,CW,2,0.546,3.1841061927801193
12868,CW,2,0.547,3.194734441906278
12868,CW,2,0.548,3.2068074203540147
12868,CW,2,0.549,3.217171345608145
12868,CW,2,0.55,3.226978763627417
12868,CW,2,0.551,3.2347400382080176
12868,CW,2,0.552,3.2447795442611915
12868,CW,2,0.553,3.2486841164082727
12868,CW,2,0.554,3.251796833474019
12868,CW,2,0.555,3.2538961558219808
12868,CW,2,0.556,3.2547904921675057
12868,CW,2,0.557,3.2560305668027723
12868,CW,2,0.558,3.257531000729136
12868,CW,2,0.559,3.2575503544197257
12868,CW,2,0.56,3.2554621421714516
12868,CW,2,0.561,3.256606924011365
12868,CW,2,0.562,3.2551767075498783
12868,CW,2,0.5630000000000001,3.2590751406766705
12868,CW,2,0.5640000000000001,3.260216201320767
12868,CW,2,0.5650000000000001,3.2580260974849935
12868,CW,2,0.5660000000000001,3.2578425303165126
12868,CW,2,0.5670000000000001,3.2577770194590987
12868,CW,2,0.5680000000000001,3.264503696963249
12868,CW,2,0.5690000000000001,3.2554246045054835
12868,CW,2,0.5700000000000001,3.258697154321258
12868,CW,2,0.5710000000000001,3.2575637003621987
12868,CW,2,0.5720000000000001,3.2431130678141638
12868,CW,2,0.5730000000000001,3.2454710060026986
12868,CW,2,0.5740000000000001,3.2383388692306063
12868,CW,2,0.5750000000000001,3.223734265299423
12868,CW,2,0.5760000000000001,3.2019267513704657
12868,CW,2,0.577,3.1999253409219364
12868,CW,2,0.578,3.185484261841456
12868,CW,2,0.579,3.183423020437531
12868,CW,2,0.58,3.1744560098109997
12868,CW,2,0.581,3.17655031583803
12868,CW,2,0.582,3.1700153512503944
12868,CW,2,0.583,3.1731316209391767
12868,CW,2,0.584,3.1700926681922903
12868,CW,2,0.585,3.168750740707535
12868,CW,2,0.586,3.172673810200419
12868,CW,2,0.587,3.172138212163817
12868,CW,2,0.588,3.1735113640935393
12868,CW,2,0.589,3.1766928556688745
12868,CW,2,0.59,3.1782921789702328
12868,CW,2,0.591,3.177968023841985
12868,CW,2,0.592,3.1770054850525846
12868,CW,2,0.593,3.1771900926681083
12868,CW,2,0.594,3.177287238359542
12868,CW,2,0.595,3.1780722090395606
12868,CW,2,0.596,3.179491637449652
12868,CW,2,0.597,3.181082843751197
12868,CW,2,0.598,3.182566364906466
12868,CW,2,0.599,3.184993518606545
12868,CW,2,0.6,3.186549277505313
12868,CW,2,0.601,3.1881987706793278
12868,CW,2,0.602,3.1897362767686013
12868,CW,2,0.603,3.191529710774943
12868,CW,2,0.604,3.19258996260739
12868,CW,2,0.605,3.193758405688073
12868,CW,2,0.606,3.1950934073104853
12868,CW,2,0.607,3.195927529074339
12868,CW,2,0.608,3.196835052674947
12868,CW,2,0.609,3.1976738034294825
12868,CW,2,0.61,3.198750644598381
12868,CW,2,0.611,3.199963484922297
12868,CW,2,0.612,3.201175324308441
12868,CW,2,0.613,3.202403591960788
12868,CW,2,0.614,3.2036364867817637
12868,CW,2,0.615,3.205125934441727
12868,CW,2,0.616,3.206389110317793
12868,CW,2,0.617,3.2078271970292347
12868,CW,2,0.618,3.2090879060059874
12868,CW,2,0.619,3.210444356292071
12868,CW,2,0.62,3.2118053827925936
12868,CW,2,0.621,3.213185605228034
12868,CW,2,0.622,3.2146130719899584
12868,CW,2,0.623,3.2161360910369003
12868,CW,2,0.624,3.217676255841989
12868,CW,2,0.625,3.2195262252980137
12868,CW,2,0.626,3.221437137825072
12868,CW,2,0.627,3.2234601305255275
12868,CW,2,0.628,3.2254729599981102
12868,CW,2,0.629,3.227773632352544
12868,CW,2,0.63,3.2301112769102844
12868,CW,2,0.631,3.232633505677249
12868,CW,2,0.632,3.2350537762598175
12868,CW,2,0.633,3.2375675672011774
12868,CW,2,0.634,3.2401688614512865
12868,CW,2,0.635,3.242821555139952
12868,CW,2,0.636,3.24556098104708
12868,CW,2,0.637,3.2483897151331327
12868,CW,2,0.638,3.251333162710544
12868,CW,2,0.639,3.254297594396289
12868,CW,2,0.64,3.2574195387913596
12868,CW,2,0.641,3.2605819834878815
12868,CW,2,0.642,3.264042555844901
12868,CW,2,0.643,3.267558791095608
12868,CW,2,0.644,3.2712845311777383
12868,CW,2,0.645,3.2750119646646128
12868,CW,2,0.646,3.2788225674633527
12868,CW,2,0.647,3.2827287483087932
12868,CW,2,0.648,3.286663786038085
12868,CW,2,0.649,3.290711265586498
12868,CW,2,0.65,3.2949573154796394
12868,CW,2,0.651,3.2994731585817108
12868,CW,2,0.652,3.30418825032221
12868,CW,2,0.653,3.308951048963053
12868,CW,2,0.654,3.3137618398711615
12868,CW,2,0.655,3.318681609811808
12868,CW,2,0.656,3.3238627021047473
12868,CW,2,0.657,3.329174026585425
12868,CW,2,0.658,3.3344698613634525
12868,CW,2,0.659,3.339870207724387
12868,CW,2,0.66,3.3453874120484337
12868,CW,2,0.661,3.350977472440648
12868,CW,2,0.662,3.3565959964699386
12868,CW,2,0.663,3.3623439246628894
12868,CW,2,0.664,3.3681612122763074
12868,CW,2,0.665,3.3739555822988527
12868,CW,2,0.666,3.379765998636602
12868,CW,2,0.667,3.3856832644668855
12868,CW,2,0.668,3.39175236141749
12868,CW,2,0.669,3.3979413044711215
12868,CW,2,0.67,3.4043284579283197
12868,CW,2,0.671,3.411195033852367
12868,CW,2,0.672,3.418484220614109
12868,CW,2,0.673,3.4256921385756054
12868,CW,2,0.674,3.432683768811186
12868,CW,2,0.675,3.439633790890623
12868,CW,2,0.676,3.446920251791157
12868,CW,2,0.677,3.454153524918899
12868,CW,2,0.678,3.460867593875494
12868,CW,2,0.679,3.467140173620999
12868,CW,2,0.68,3.473176842325686
12868,CW,2,0.681,3.479329036805299
12868,CW,2,0.682,3.4854756849780095
12868,CW,2,0.683,3.491796080433539
12868,CW,2,0.684,3.4988430663387544
12868,CW,2,0.685,3.504181882740373
12868,CW,2,0.686,3.5100819148206726
12868,CW,2,0.687,3.516416556841828
12868,CW,2,0.6880000000000001,3.522434323187873
12868,CW,2,0.6890000000000001,3.5243548064190113
12868,CW,2,0.6900000000000001,3.529761577206843
12868,CW,2,0.6910000000000001,3.535247977452363
12868,CW,2,0.6920000000000001,3.5405526662124536
12868,CW,2,0.6930000000000001,3.543800174619389
12868,CW,2,0.6940000000000001,3.5486839664974767
12868,CW,2,0.6950000000000001,3.5527250372691666
12868,CW,2,0.6960000000000001,3.5557086849504875
12868,CW,2,0.6970000000000001,3.558446776105367
12868,CW,2,0.6980000000000001,3.5583273527958172
12868,CW,2,0.6990000000000001,3.5592999248927657
12868,CW,2,0.7000000000000001,3.5591239323582147
12868,CW,2,0.7010000000000001,3.5585077583062024
12868,CW,2,0.7020000000000001,3.557358235474587
12868,CW,2,0.7030000000000001,3.5561799597417476
12868,CW,2,0.704,3.5542177763705074
12868,CW,2,0.705,3.5544863925206114
12868,CW,2,0.706,3.554461646157616
12868,CW,2,0.707,3.5540947257521682
12868,CW,2,0.708,3.5570461187217326
12868,CW,2,0.709,3.555749144061151
12868,CW,2,0.71,3.5556249262828
12868,CW,2,0.711,3.5540861261261654
12868,CW,2,0.712,3.5451968854242626
12868,CW,2,0.713,3.5457173869483936
12868,CW,2,0.714,3.528241597786136
12868,CW,2,0.715,3.527556282857195
12868,CW,2,0.716,3.5116540259164077
12868,CW,2,0.717,3.509932174850867
12868,CW,2,0.718,3.5143437245601055
12868,CW,2,0.719,3.5253283118765557
12868,CW,2,0.72,3.5255708041427556
12868,CW,2,0.721,3.5541166834495126
12868,CW,2,0.722,3.568846603087148
12868,CW,2,0.723,3.5832769099691646
12868,CW,2,0.724,3.5951017458668764
12868,CW,2,0.725,3.5813475431016135
12868,CW,2,0.726,3.5670785729129206
12868,CW,2,0.727,3.5625165517065653
12868,CW,2,0.728,3.572093144780626
12868,CW,2,0.729,3.6046054319012453
12868,CW,2,0.73,3.6518596425235357
12868,CW,2,0.731,3.7017593952503733
12868,CW,2,0.732,3.749067984073607
12868,CW,2,0.733,3.7786862068974845
12868,CW,2,0.734,3.8019921942361146
12868,CW,2,0.735,3.8217877527528423
12868,CW,2,0.736,3.8473190593239575
12868,CW,2,0.737,3.855342682474875
12868,CW,2,0.738,3.86229824732493
12868,CW,2,0.739,3.8517987067955555
12868,CW,2,0.74,3.821600277038723
12868,CW,2,0.741,3.7895975474082535
12868,CW,2,0.742,3.7530263984467407
12868,CW,2,0.743,3.7254270691543048
12868,CW,2,0.744,3.6973110722859333
12868,CW,2,0.745,3.6714428287893632
12868,CW,2,0.746,3.648059169801702
12868,CW,2,0.747,3.6274153577302437
12868,CW,2,0.748,3.6032051714696136
12868,CW,2,0.749,3.5872340997693053
12868,CW,2,0.75,3.569130460970787
12868,CW,2,0.751,3.5502965371111763
12868,CW,2,0.752,3.5325739956889377
12868,CW,2,0.753,3.516035783573675
12868,CW,2,0.754,3.500157165752383
12868,CW,2,0.755,3.4822646486395414
12868,CW,2,0.756,3.464236805303779
12868,CW,2,0.757,3.4468564719773007
12868,CW,2,0.758,3.4312533365514915
12868,CW,2,0.759,3.417540417693461
12868,CW,2,0.76,3.4040803260623416
12868,CW,2,0.761,3.391037346876134
12868,CW,2,0.762,3.378338480579935
12868,CW,2,0.763,3.365583976615693
12868,CW,2,0.764,3.353143935953496
12868,CW,2,0.765,3.341643907329828
12868,CW,2,0.766,3.3302912424893094
12868,CW,2,0.767,3.320919604134479
12868,CW,2,0.768,3.311324301544029
12868,CW,2,0.769,3.302217063675448
12868,CW,2,0.77,3.293053475591873
12868,CW,2,0.771,3.2840948827242094
12868,CW,2,0.772,3.2759437581995776
12868,CW,2,0.773,3.2684759241557164
12868,CW,2,0.774,3.2607394652488693
12868,CW,2,0.775,3.2543524484575728
12868,CW,2,0.776,3.247246797105182
12868,CW,2,0.777,3.24077583967415
12868,CW,2,0.778,3.234170408785773
12868,CW,2,0.779,3.225879504271113
12868,CW,2,0.78,3.2190380637562592
12868,CW,2,0.781,3.2120415063604875
12868,CW,2,0.782,3.2037906971982744
12868,CW,2,0.783,3.196288865582087
12868,CW,2,0.784,3.1887423537221578
12868,CW,2,0.785,3.1814541754895873
12868,CW,2,0.786,3.1718912253704112
12868,CW,2,0.787,3.1612771397342088
12868,CW,2,0.788,3.1515617955517254
12868,CW,2,0.789,3.1424216048290505
12868,CW,2,0.79,3.132889163586068
12868,CW,2,0.791,3.1227142535135193
12868,CW,2,0.792,3.111444029997893
12868,CW,2,0.793,3.1062431927012137
12868,CW,2,0.794,3.0960572874207664
12868,CW,2,0.795,3.0886487206246356
12868,CW,2,0.796,3.08133582317762
12868,CW,2,0.797,3.074402821990949
12868,CW,2,0.798,3.066011161119438
12868,CW,2,0.799,3.063494444545601
12868,CW,2,0.8,3.055673165100431
12868,CW,2,0.801,3.0516012969212594
12868,CW,2,0.802,3.040988748739887
12868,CW,2,0.803,3.0261580589358927
12868,CW,2,0.804,3.015568119302386
12868,CW,2,0.805,3.010503402833194
12868,CW,2,0.806,3.0074810024518746
12868,CW,2,0.807,3.0048486475761225
12868,CW,2,0.808,3.0012692377952805
12868,CW,2,0.809,2.9952209469117714
12868,CW,2,0.81,2.9801279701687267
12868,CW,2,0.811,2.9641259124096773
12868,CW,2,0.812,2.9497566549760026
12868,CW,2,0.8130000000000001,2.925180625020846
12868,CW,2,0.8140000000000001,2.9025552974901947
12868,CW,2,0.8150000000000001,2.8717216639865164
12868,CW,2,0.8160000000000001,2.84973780445068
12868,CW,2,0.8170000000000001,2.826702104744824
12868,CW,2,0.8180000000000001,2.802207768388304
12868,CW,2,0.8190000000000001,2.7770296041899205
12868,CW,2,0.8200000000000001,2.7520234377626855
12868,CW,2,0.8210000000000001,2.728539695592416
12868,CW,2,0.8220000000000001,2.731905781164906
12868,CW,2,0.8230000000000001,2.7220511686333495
12868,CW,2,0.8240000000000001,2.7159579209370803
12868,CW,2,0.8250000000000001,2.7139509705654548
12868,CW,2,0.8260000000000001,2.710385858250813
12868,CW,2,0.8270000000000001,2.7087161028575233
12868,CW,2,0.8280000000000001,2.7114512678693337
12868,CW,2,0.8290000000000001,2.714515521108984
12868,CW,2,0.8300000000000001,2.724482755322917
12868,CW,2,0.8310000000000001,2.7219121149536507
12868,CW,2,0.8320000000000001,2.7346402450014833
12868,CW,2,0.833,2.7334528955286577
12868,CW,2,0.834,2.726581757579457
12868,CW,2,0.835,2.6990060061941743
12868,CW,2,0.836,2.6874494176823993
12868,CW,2,0.837,2.6738610319215956
12868,CW,2,0.838,2.6478549835898555
12868,CW,2,0.839,2.636321900039907
12868,CW,2,0.84,2.6074036273416903
12868,CW,2,0.841,2.5725579613690166
12868,CW,2,0.842,2.5516664440981316
12868,CW,2,0.843,2.5118026729243144
12868,CW,2,0.844,2.4874063609121673
12868,CW,2,0.845,2.461133457424113
12868,CW,2,0.846,2.4247150345818747
12868,CW,2,0.847,2.4049072490583425
12868,CW,2,0.848,2.3823764099411893
12868,CW,2,0.849,2.357493157489926
12868,CW,2,0.85,2.3388279503603444
12868,CW,2,0.851,2.3259196568927045
12868,CW,2,0.852,2.3050497193867043
12868,CW,2,0.853,2.3034993335184546
12868,CW,2,0.854,2.311670620352288
12868,CW,2,0.855,2.313345302530286
12868,CW,2,0.856,2.328096852170623
12868,CW,2,0.857,2.3330983808436985
12868,CW,2,0.858,2.3435577398121485
12868,CW,2,0.859,2.3518772752241905
12868,CW,2,0.86,2.3543875467544604
12868,CW,2,0.861,2.3619573035801307
12868,CW,2,0.862,2.3676508090205783
12868,CW,2,0.863,2.3700182497114923
12868,CW,2,0.864,2.3724924547021295
12868,CW,2,0.865,2.3750395084761
12868,CW,2,0.866,2.3735826428866376
12868,CW,2,0.867,2.3689721975525235
12868,CW,2,0.868,2.365393155561539
12868,CW,2,0.869,2.3623744010197556
12868,CW,2,0.87,2.3587588285876473
12868,CW,2,0.871,2.356596714202092
12868,CW,2,0.872,2.3529323192752205
12868,CW,2,0.873,2.3495077675133884
12868,CW,2,0.874,2.3463688909085563
12868,CW,2,0.875,2.343636316987184
12868,CW,2,0.876,2.341273977139367
12868,CW,2,0.877,2.339245640041084
12868,CW,2,0.878,2.3375426068766476
12868,CW,2,0.879,2.335921033331045
12868,CW,2,0.88,2.33447958299859
12868,CW,2,0.881,2.333108561468058
12868,CW,2,0.882,2.3318870100791536
12868,CW,2,0.883,2.3307753132955265
12868,CW,2,0.884,2.3300271888922603
12868,CW,2,0.885,2.3290181188785692
12868,CW,2,0.886,2.3277995399707985
12868,CW,2,0.887,2.3264661940864415
12868,CW,2,0.888,2.3251618088183386
12868,CW,2,0.889,2.323215299068582
12868,CW,2,0.89,2.3214536828588246
12868,CW,2,0.891,2.319709591376203
12868,CW,2,0.892,2.3173937806077642
12868,CW,2,0.893,2.315703367774716
12868,CW,2,0.894,2.3137160071821485
12868,CW,2,0.895,2.311775546637915
12868,CW,2,0.896,2.3098651816605753
12868,CW,2,0.897,2.3072536494719946
12868,CW,2,0.898,2.305608349327133
12868,CW,2,0.899,2.3038503453389065
12868,CW,2,0.9,2.302873733472665
12868,CW,2,0.901,2.3015925682454363
12868,CW,2,0.902,2.3000862368886215
12868,CW,2,0.903,2.2987700020688178
12868,CW,2,0.904,2.2957887488960917
12868,CW,2,0.905,2.293250236371676
12868,CW,2,0.906,2.2905807198869286
12868,CW,2,0.907,2.2867977302760187
12868,CW,2,0.908,2.282814768897953
12868,CW,2,0.909,2.2799247497026
12868,CW,2,0.91,2.2767965283105434
12868,CW,2,0.911,2.2737596821937776
12868,CW,2,0.912,2.269556704025168
12868,CW,2,0.913,2.2665956846636237
12868,CW,2,0.914,2.263981014340568
12868,CW,2,0.915,2.2620476552647824
12868,CW,2,0.916,2.26177830803135
12868,CW,2,0.917,2.2591327980787246
12868,CW,2,0.918,2.2560383878591144
12868,CW,2,0.919,2.2530459696590595
12868,CW,2,0.92,2.24973074347298
12868,CW,2,0.921,2.246809540233995
12868,CW,2,0.922,2.2420972507454877
12868,CW,2,0.923,2.2377056878855006
12868,CW,2,0.924,2.23304831745883
12868,CW,2,0.925,2.227408151688509
12868,CW,2,0.926,2.2239081307600754
12868,CW,2,0.927,2.219805512303044
12868,CW,2,0.928,2.2162456836137503
12868,CW,2,0.929,2.2124164409073104
12868,CW,2,0.93,2.20832656762644
12868,CW,2,0.931,2.2057934707818596
12868,CW,2,0.932,2.203704224062125
12868,CW,2,0.933,2.1993433723931948
12868,CW,2,0.934,2.19449316418678
12868,CW,2,0.935,2.1874055758583717
12868,CW,2,0.936,2.178594812637913
12868,CW,2,0.937,2.172398807524911
12868,CW,2,0.9380000000000001,2.165669504711926
12868,CW,2,0.9390000000000001,2.158879857531214
12868,CW,2,0.9400000000000001,2.1518109197465267
12868,CW,2,0.9410000000000001,2.145151047908346
12868,CW,2,0.9420000000000001,2.138891012301515
12868,CW,2,0.9430000000000001,2.132759374879505
12868,CW,2,0.9440000000000001,2.1266150808010535
12868,CW,2,0.9450000000000001,2.120825662812952
12868,CW,2,0.9460000000000001,2.115080040545138
12868,CW,2,0.9470000000000001,2.1123017049802852
12868,CW,2,0.9480000000000001,2.106570285632091
12868,CW,2,0.9490000000000001,2.104100096214861
12868,CW,2,0.9500000000000001,2.098388312772264
12868,CW,2,0.9510000000000001,2.092143116616942
12868,CW,2,0.9520000000000001,2.0864410471718133
12868,CW,2,0.9530000000000001,2.0830472615215805
12868,CW,2,0.9540000000000001,2.0768589922397913
12868,CW,2,0.9550000000000001,2.069769577462406
12868,CW,2,0.9560000000000001,2.0652334337793468
12868,CW,2,0.9570000000000001,2.057842912777778
12868,CW,2,0.9580000000000001,2.0506819067088045
12868,CW,2,0.9590000000000001,2.0436084426792136
12868,CW,2,0.96,2.036273258229199
12868,CW,2,0.961,2.0293526389916607
12868,CW,2,0.962,2.021674011614185
12868,CW,2,0.963,2.015769673694843
12868,CW,2,0.964,2.010661288326799
12868,CW,2,0.965,2.0056574875275994
12868,CW,2,0.966,1.9977143779585387
12868,CW,2,0.967,1.9894038086098145
12868,CW,2,0.968,1.9818986175794
12868,CW,2,0.969,1.975086656819339
12868,CW,2,0.97,1.9690452445965132
12868,CW,2,0.971,1.9624670838517841
12868,CW,2,0.972,1.9556033705139522
12868,CW,2,0.973,1.9483823963296973
12868,CW,2,0.974,1.939734234365947
12868,CW,2,0.975,1.9307898832411967
12868,CW,2,0.976,1.9222213121733702
12868,CW,2,0.977,1.9137478862363841
12868,CW,2,0.978,1.9051828978202006
12868,CW,2,0.979,1.8955888084913513
12868,CW,2,0.98,1.897406243961444
12868,CW,2,0.981,1.8956508655316993
12868,CW,2,0.982,1.8932794072725687
12868,CW,2,0.983,1.8862795831469408
12868,CW,2,0.984,1.8757048912870629
12868,CW,2,0.985,1.861880128051658
12868,CW,2,0.986,1.8553202875128507
12868,CW,2,0.987,1.8447291466523914
12868,CW,2,0.988,1.835903173354785
12868,CW,2,0.989,1.8273706078479826
12868,CW,2,0.99,1.8188156206937436
12868,CW,2,0.991,1.8096788544374962
12868,CW,2,0.992,1.800500491542315
12868,CW,2,0.993,1.788846756916175
12868,CW,2,0.994,1.7820570557646276
12868,CW,2,0.995,1.775647125179201
12868,CW,2,0.996,1.769860200867848
12868,CW,2,0.997,1.7637817585111477
12868,CW,2,0.998,1.7573558153865956
12868,CW,2,0.999,1.7510143218427683
12868,CW,2,1.0,1.744497856906294
12868,CW,3,0.0,0.0
12868,CW,3,0.001,0.0012379866579966294
12868,CW,3,0.002,0.003036321638910386
12868,CW,3,0.003,0.003990081255305059
12868,CW,3,0.004,0.005376346529770353
12868,CW,3,0.005,0.006291320103003355
12868,CW,3,0.006,0.007022767442292818
12868,CW,3,0.007,0.007777668766030999
12868,CW,3,0.008,0.008556339190739708
12868,CW,3,0.009000000000000001,0.009753318013198885
12868,CW,3,0.01,0.011526941642647337
12868,CW,3,0.011,0.013486929101133973
12868,CW,3,0.012,0.015215241485908386
12868,CW,3,0.013000000000000001,0.016284502090550258
12868,CW,3,0.014,0.016595973570464287
12868,CW,3,0.015,0.017294131234738903
12868,CW,3,0.016,0.01805061834286983
12868,CW,3,0.017,0.018702747820862148
12868,CW,3,0.018000000000000002,0.01928077071789465
12868,CW,3,0.019,0.01985335241417181
12868,CW,3,0.02,0.021319945115751124
12868,CW,3,0.021,0.02261574788611183
12868,CW,3,0.022,0.024043043406038352
12868,CW,3,0.023,0.025843638996484113
12868,CW,3,0.024,0.02706486411818899
12868,CW,3,0.025,0.028671436596474205
12868,CW,3,0.026000000000000002,0.030353765150944838
12868,CW,3,0.027,0.03180649517244768
12868,CW,3,0.028,0.03278922039002453
12868,CW,3,0.029,0.03338104272840972
12868,CW,3,0.03,0.03408376312866386
12868,CW,3,0.031,0.03488209936139158
12868,CW,3,0.032,0.036148269490421124
12868,CW,3,0.033,0.03694234602471256
12868,CW,3,0.034,0.037827347102548224
12868,CW,3,0.035,0.03983225913373453
12868,CW,3,0.036000000000000004,0.04212788996633565
12868,CW,3,0.037,0.04457544596168158
12868,CW,3,0.038,0.046820500581599284
12868,CW,3,0.039,0.048558622543088764
12868,CW,3,0.04,0.050133728067783524
12868,CW,3,0.041,0.051507973498774076
12868,CW,3,0.042,0.05331004645121155
12868,CW,3,0.043000000000000003,0.05571350228697805
12868,CW,3,0.044,0.057725374169853294
12868,CW,3,0.045,0.05909464422120582
12868,CW,3,0.046,0.0604503499000887
12868,CW,3,0.047,0.06183662981642804
12868,CW,3,0.048,0.06336228519328164
12868,CW,3,0.049,0.06453058626771896
12868,CW,3,0.05,0.0658115139039509
12868,CW,3,0.051000000000000004,0.06731179568376225
12868,CW,3,0.052000000000000005,0.06900117669043285
12868,CW,3,0.053,0.0708195854496486
12868,CW,3,0.054,0.07275137440064473
12868,CW,3,0.055,0.07432978032583566
12868,CW,3,0.056,0.07580549579898797
12868,CW,3,0.057,0.0781242708718036
12868,CW,3,0.058,0.08086147262563007
12868,CW,3,0.059000000000000004,0.08305253527432192
12868,CW,3,0.06,0.08464258837708179
12868,CW,3,0.061,0.0861290588982991
12868,CW,3,0.062,0.08795150576092917
12868,CW,3,0.063,0.089495264693397
12868,CW,3,0.064,0.09036876690821663
12868,CW,3,0.065,0.09197093869031608
12868,CW,3,0.066,0.0933199366065706
12868,CW,3,0.067,0.09451618375661784
12868,CW,3,0.068,0.09584729184676037
12868,CW,3,0.069,0.09674619176044717
12868,CW,3,0.07,0.09772837262876646
12868,CW,3,0.07100000000000001,0.09856950325352162
12868,CW,3,0.07200000000000001,0.09943244385650987
12868,CW,3,0.073,0.10036701616973787
12868,CW,3,0.074,0.10163073041350343
12868,CW,3,0.075,0.10304184983703506
12868,CW,3,0.076,0.10451459908371234
12868,CW,3,0.077,0.10556393016290525
12868,CW,3,0.078,0.10667263727214422
12868,CW,3,0.079,0.10770330769984665
12868,CW,3,0.08,0.10822627950436964
12868,CW,3,0.081,0.10894001830163251
12868,CW,3,0.082,0.10979234123900843
12868,CW,3,0.083,0.11048497256151442
12868,CW,3,0.084,0.11140661484681719
12868,CW,3,0.085,0.11237684396598172
12868,CW,3,0.08600000000000001,0.11330328840584968
12868,CW,3,0.08700000000000001,0.1137497895231253
12868,CW,3,0.088,0.11451430172373489
12868,CW,3,0.089,0.11559525124196558
12868,CW,3,0.09,0.11729668083891762
12868,CW,3,0.091,0.11947367718196569
12868,CW,3,0.092,0.12174113016708031
12868,CW,3,0.093,0.12361569784180623
12868,CW,3,0.094,0.12460084026136373
12868,CW,3,0.095,0.12571629071635593
12868,CW,3,0.096,0.1276117684631016
12868,CW,3,0.097,0.12933895569386958
12868,CW,3,0.098,0.13377520743963475
12868,CW,3,0.099,0.13925672607190512
12868,CW,3,0.1,0.14268939087555846
12868,CW,3,0.101,0.1467869155660075
12868,CW,3,0.10200000000000001,0.15128318816555966
12868,CW,3,0.10300000000000001,0.15977351600265693
12868,CW,3,0.10400000000000001,0.16462834548154734
12868,CW,3,0.105,0.1672776018559071
12868,CW,3,0.106,0.17058850588173732
12868,CW,3,0.107,0.1728206607153692
12868,CW,3,0.108,0.17802037368246984
12868,CW,3,0.109,0.17958400694769672
12868,CW,3,0.11,0.18212140112686184
12868,CW,3,0.111,0.18532184761476447
12868,CW,3,0.112,0.1925776955065935
12868,CW,3,0.113,0.19942996352583656
12868,CW,3,0.114,0.20062130338067571
12868,CW,3,0.115,0.20719360404297854
12868,CW,3,0.116,0.20740804600465526
12868,CW,3,0.117,0.20966681179210006
12868,CW,3,0.11800000000000001,0.213559020134773
12868,CW,3,0.11900000000000001,0.21613378927714647
12868,CW,3,0.12,0.2183272488385247
12868,CW,3,0.121,0.22131649114744528
12868,CW,3,0.122,0.215111827196787
12868,CW,3,0.123,0.2081292695825767
12868,CW,3,0.124,0.2132213465476766
12868,CW,3,0.125,0.20480238696422298
12868,CW,3,0.126,0.19608361546549435
12868,CW,3,0.127,0.19364556442533015
12868,CW,3,0.128,0.19113293015561061
12868,CW,3,0.129,0.1873431989829761
12868,CW,3,0.13,0.18584829472474845
12868,CW,3,0.131,0.17910003819714299
12868,CW,3,0.132,0.1794750091374924
12868,CW,3,0.133,0.17207839009569195
12868,CW,3,0.134,0.16782979250400748
12868,CW,3,0.135,0.17113080715486592
12868,CW,3,0.136,0.17160567027250137
12868,CW,3,0.137,0.1618071433410463
12868,CW,3,0.138,0.16026125066319571
12868,CW,3,0.139,0.15195362141861146
12868,CW,3,0.14,0.14302540908058275
12868,CW,3,0.14100000000000001,0.1468627616380558
12868,CW,3,0.14200000000000002,0.13669442648429406
12868,CW,3,0.14300000000000002,0.12845184025900253
12868,CW,3,0.14400000000000002,0.127709148717105
12868,CW,3,0.145,0.1369303023861987
12868,CW,3,0.146,0.14044363089934958
12868,CW,3,0.147,0.14449795221796294
12868,CW,3,0.148,0.13935769850416294
12868,CW,3,0.149,0.14272207710766135
12868,CW,3,0.15,0.13728530208109924
12868,CW,3,0.151,0.13829941661349135
12868,CW,3,0.152,0.13851582656545067
12868,CW,3,0.153,0.13834667004921525
12868,CW,3,0.154,0.1293180115960527
12868,CW,3,0.155,0.12533982085983672
12868,CW,3,0.156,0.11867199222647486
12868,CW,3,0.157,0.11326690320413575
12868,CW,3,0.158,0.1089404966481307
12868,CW,3,0.159,0.10562337918810222
12868,CW,3,0.16,0.10972462216155135
12868,CW,3,0.161,0.11128056499679544
12868,CW,3,0.162,0.11380993571918228
12868,CW,3,0.163,0.11385447225822373
12868,CW,3,0.164,0.11846746964743003
12868,CW,3,0.165,0.12241460885962314
12868,CW,3,0.166,0.12667763677289415
12868,CW,3,0.167,0.13100834057153113
12868,CW,3,0.168,0.13598509136465375
12868,CW,3,0.169,0.1444243259454092
12868,CW,3,0.17,0.1489134593997049
12868,CW,3,0.171,0.15427392746562008
12868,CW,3,0.17200000000000001,0.15911244388185225
12868,CW,3,0.17300000000000001,0.16504769293351554
12868,CW,3,0.17400000000000002,0.17065373393699393
12868,CW,3,0.17500000000000002,0.1792396056076997
12868,CW,3,0.176,0.18770143690562466
12868,CW,3,0.177,0.19727895549994204
12868,CW,3,0.178,0.20622169214425648
12868,CW,3,0.179,0.21608336309303586
12868,CW,3,0.18,0.2256089768168898
12868,CW,3,0.181,0.23378730846073537
12868,CW,3,0.182,0.24409210450927182
12868,CW,3,0.183,0.25411672120652345
12868,CW,3,0.184,0.26463985902545584
12868,CW,3,0.185,0.27347601526050336
12868,CW,3,0.186,0.28202981500604835
12868,CW,3,0.187,0.28975172665055404
12868,CW,3,0.188,0.29535705141477264
12868,CW,3,0.189,0.30103454136940394
12868,CW,3,0.19,0.3077168934014046
12868,CW,3,0.191,0.31057357124875534
12868,CW,3,0.192,0.31697821462952525
12868,CW,3,0.193,0.32448924434073817
12868,CW,3,0.194,0.3334005083394538
12868,CW,3,0.195,0.3423231454805564
12868,CW,3,0.196,0.348912800976662
12868,CW,3,0.197,0.35449176886956935
12868,CW,3,0.198,0.36049201776499495
12868,CW,3,0.199,0.3674265668698003
12868,CW,3,0.2,0.3746194447116006
12868,CW,3,0.201,0.3840089540021756
12868,CW,3,0.202,0.39232595029207074
12868,CW,3,0.203,0.39985518912418055
12868,CW,3,0.20400000000000001,0.40859237527092995
12868,CW,3,0.20500000000000002,0.41769647883681793
12868,CW,3,0.20600000000000002,0.4220378147667437
12868,CW,3,0.20700000000000002,0.4298030745469231
12868,CW,3,0.20800000000000002,0.43649528147723
12868,CW,3,0.209,0.44444905657048295
12868,CW,3,0.21,0.4483942447639108
12868,CW,3,0.211,0.4552479602662605
12868,CW,3,0.212,0.4595182547796117
12868,CW,3,0.213,0.46318841983039427
12868,CW,3,0.214,0.47130277219088923
12868,CW,3,0.215,0.47511313709682157
12868,CW,3,0.216,0.48063720264568494
12868,CW,3,0.217,0.4847761822241649
12868,CW,3,0.218,0.4936481649053913
12868,CW,3,0.219,0.4944464777758236
12868,CW,3,0.22,0.4952944691841574
12868,CW,3,0.221,0.4965842291374008
12868,CW,3,0.222,0.4978039004000168
12868,CW,3,0.223,0.4998549673339676
12868,CW,3,0.224,0.5025333938884092
12868,CW,3,0.225,0.5065423637361205
12868,CW,3,0.226,0.5128173448775825
12868,CW,3,0.227,0.5191645809514609
12868,CW,3,0.228,0.5285913601175983
12868,CW,3,0.229,0.532979756995994
12868,CW,3,0.23,0.5428746050938366
12868,CW,3,0.231,0.5500822406135868
12868,CW,3,0.232,0.5570695651217281
12868,CW,3,0.233,0.5648778337597925
12868,CW,3,0.234,0.5710640579402709
12868,CW,3,0.23500000000000001,0.5741534063403331
12868,CW,3,0.23600000000000002,0.5768585121254667
12868,CW,3,0.23700000000000002,0.579352667504867
12868,CW,3,0.23800000000000002,0.5815089605671163
12868,CW,3,0.23900000000000002,0.5835413006180535
12868,CW,3,0.24,0.5858040339849772
12868,CW,3,0.241,0.590622933770467
12868,CW,3,0.242,0.5958657057564507
12868,CW,3,0.243,0.6054735018582252
12868,CW,3,0.244,0.6143613139049431
12868,CW,3,0.245,0.6183167213576586
12868,CW,3,0.246,0.6223710363777998
12868,CW,3,0.247,0.6249273762067352
12868,CW,3,0.248,0.6262274288617016
12868,CW,3,0.249,0.6313583194952115
12868,CW,3,0.25,0.6324271079781616
12868,CW,3,0.251,0.6342618529208774
12868,CW,3,0.252,0.6331629483554821
12868,CW,3,0.253,0.6346250995497459
12868,CW,3,0.254,0.6368081215251608
12868,CW,3,0.255,0.6371989765405394
12868,CW,3,0.256,0.6413135265985728
12868,CW,3,0.257,0.6448320903961133
12868,CW,3,0.258,0.6502559308842829
12868,CW,3,0.259,0.6561785476737199
12868,CW,3,0.26,0.6600270406860551
12868,CW,3,0.261,0.663638191566464
12868,CW,3,0.262,0.6672774715514812
12868,CW,3,0.263,0.6698924699087246
12868,CW,3,0.264,0.6729594005882892
12868,CW,3,0.265,0.676485414318078
12868,CW,3,0.266,0.6794312623748332
12868,CW,3,0.267,0.677803975430361
12868,CW,3,0.268,0.6763933283728545
12868,CW,3,0.269,0.676160644410109
12868,CW,3,0.27,0.6760057864712404
12868,CW,3,0.271,0.6761233134095077
12868,CW,3,0.272,0.6764144744266267
12868,CW,3,0.273,0.6800006758929782
12868,CW,3,0.274,0.6814973969580786
12868,CW,3,0.275,0.6845793785444624
12868,CW,3,0.276,0.6874572443229582
12868,CW,3,0.277,0.6868454351358564
12868,CW,3,0.278,0.6900655337569231
12868,CW,3,0.279,0.6925972610009019
12868,CW,3,0.28,0.6952543123324502
12868,CW,3,0.281,0.6978063223990907
12868,CW,3,0.28200000000000003,0.7012735372042848
12868,CW,3,0.28300000000000003,0.7017154177144508
12868,CW,3,0.28400000000000003,0.701914677873168
12868,CW,3,0.28500000000000003,0.702094249489706
12868,CW,3,0.28600000000000003,0.7010572145892665
12868,CW,3,0.28700000000000003,0.7011845465667328
12868,CW,3,0.28800000000000003,0.6999076643878155
12868,CW,3,0.289,0.7013687872306061
12868,CW,3,0.29,0.702496741513772
12868,CW,3,0.291,0.7052067269554723
12868,CW,3,0.292,0.7072070645465968
12868,CW,3,0.293,0.709289735365648
12868,CW,3,0.294,0.7118441515270016
12868,CW,3,0.295,0.7154095564849017
12868,CW,3,0.296,0.7173045136369214
12868,CW,3,0.297,0.7198111401540349
12868,CW,3,0.298,0.7217217636690244
12868,CW,3,0.299,0.7231236956796936
12868,CW,3,0.3,0.7242774470432014
12868,CW,3,0.301,0.7242201035354983
12868,CW,3,0.302,0.7251177790716844
12868,CW,3,0.303,0.7258128497068784
12868,CW,3,0.304,0.7267423732407905
12868,CW,3,0.305,0.7285987768619445
12868,CW,3,0.306,0.7308495386384721
12868,CW,3,0.307,0.7351765827240373
12868,CW,3,0.308,0.7386737892533499
12868,CW,3,0.309,0.7428021609966515
12868,CW,3,0.31,0.7465399167251601
12868,CW,3,0.311,0.7513275345322785
12868,CW,3,0.312,0.7547718798875829
12868,CW,3,0.313,0.7589700267083594
12868,CW,3,0.314,0.7645999419898253
12868,CW,3,0.315,0.768425574614003
12868,CW,3,0.316,0.7728484066942246
12868,CW,3,0.317,0.7777830557140539
12868,CW,3,0.318,0.7816431235518518
12868,CW,3,0.319,0.7866391547281245
12868,CW,3,0.32,0.7915686158141175
12868,CW,3,0.321,0.7962158729454712
12868,CW,3,0.322,0.8019088548230365
12868,CW,3,0.323,0.8075437535801058
12868,CW,3,0.324,0.813372324622436
12868,CW,3,0.325,0.8196370826998713
12868,CW,3,0.326,0.8261052400751463
12868,CW,3,0.327,0.8327538562148461
12868,CW,3,0.328,0.8403865865751231
12868,CW,3,0.329,0.8477062207331952
12868,CW,3,0.33,0.855128055136592
12868,CW,3,0.331,0.8624242322402783
12868,CW,3,0.332,0.869102670072476
12868,CW,3,0.333,0.8760816055618471
12868,CW,3,0.334,0.8830264643336891
12868,CW,3,0.335,0.8897074335424057
12868,CW,3,0.336,0.8964076717222321
12868,CW,3,0.337,0.9034887130215671
12868,CW,3,0.338,0.9107769100930352
12868,CW,3,0.339,0.9185285300640481
12868,CW,3,0.34,0.9268115293915128
12868,CW,3,0.341,0.935086532918661
12868,CW,3,0.342,0.9429717297661833
12868,CW,3,0.343,0.9511770443898869
12868,CW,3,0.34400000000000003,0.9592510441848433
12868,CW,3,0.34500000000000003,0.9675306413736287
12868,CW,3,0.34600000000000003,0.9757970273096376
12868,CW,3,0.34700000000000003,0.9842313457599332
12868,CW,3,0.34800000000000003,0.9927218367636584
12868,CW,3,0.34900000000000003,1.0009518081631312
12868,CW,3,0.35000000000000003,1.0086913285235743
12868,CW,3,0.35100000000000003,1.0168469424645252
12868,CW,3,0.352,1.0253520451446698
12868,CW,3,0.353,1.034135038887695
12868,CW,3,0.354,1.0433455183903075
12868,CW,3,0.355,1.052991502213998
12868,CW,3,0.356,1.0631218635419593
12868,CW,3,0.357,1.0733819873075223
12868,CW,3,0.358,1.0836998330354353
12868,CW,3,0.359,1.0945084745806148
12868,CW,3,0.36,1.1051937867326276
12868,CW,3,0.361,1.1155529984837447
12868,CW,3,0.362,1.1259079122552214
12868,CW,3,0.363,1.136099559225857
12868,CW,3,0.364,1.1459263976782361
12868,CW,3,0.365,1.1555477187040986
12868,CW,3,0.366,1.1648822382023043
12868,CW,3,0.367,1.1743064061111712
12868,CW,3,0.368,1.1835037087182247
12868,CW,3,0.369,1.192635379495827
12868,CW,3,0.37,1.2022465849172292
12868,CW,3,0.371,1.212510459083331
12868,CW,3,0.372,1.2229254909270935
12868,CW,3,0.373,1.233491504127381
12868,CW,3,0.374,1.2441503271493213
12868,CW,3,0.375,1.2548535542723462
12868,CW,3,0.376,1.2648961434046113
12868,CW,3,0.377,1.273941054465119
12868,CW,3,0.378,1.28321167280751
12868,CW,3,0.379,1.292651588982463
12868,CW,3,0.38,1.3021123712636886
12868,CW,3,0.381,1.3119426044215996
12868,CW,3,0.382,1.3225844785533722
12868,CW,3,0.383,1.3335123485461482
12868,CW,3,0.384,1.3445865706337277
12868,CW,3,0.385,1.3560936192800142
12868,CW,3,0.386,1.3680023654432545
12868,CW,3,0.387,1.37980592329737
12868,CW,3,0.388,1.3909646424289928
12868,CW,3,0.389,1.4013495682144983
12868,CW,3,0.39,1.4114138371171667
12868,CW,3,0.391,1.4213188193476536
12868,CW,3,0.392,1.4312958112065457
12868,CW,3,0.393,1.441015172633998
12868,CW,3,0.394,1.4503564559587583
12868,CW,3,0.395,1.4596515228144962
12868,CW,3,0.396,1.4695402129028265
12868,CW,3,0.397,1.4794112482718396
12868,CW,3,0.398,1.4894579647579966
12868,CW,3,0.399,1.4994469844947946
12868,CW,3,0.4,1.5094624558649703
12868,CW,3,0.401,1.5202008012238881
12868,CW,3,0.402,1.5314726931190994
12868,CW,3,0.403,1.5430489603711763
12868,CW,3,0.404,1.5547375810989945
12868,CW,3,0.405,1.5659685086213675
12868,CW,3,0.406,1.5770496466899768
12868,CW,3,0.40700000000000003,1.588721583584825
12868,CW,3,0.40800000000000003,1.600810675473671
12868,CW,3,0.40900000000000003,1.6124817454265332
12868,CW,3,0.41000000000000003,1.623562342386547
12868,CW,3,0.41100000000000003,1.6344447182174828
12868,CW,3,0.41200000000000003,1.645498483722483
12868,CW,3,0.41300000000000003,1.656730580309373
12868,CW,3,0.41400000000000003,1.6679720415822836
12868,CW,3,0.41500000000000004,1.6791443688116297
12868,CW,3,0.41600000000000004,1.689820805534672
12868,CW,3,0.417,1.7003564799663755
12868,CW,3,0.418,1.7107377254302674
12868,CW,3,0.419,1.7213781186884243
12868,CW,3,0.42,1.73178121074757
12868,CW,3,0.421,1.7411124667233941
12868,CW,3,0.422,1.7501652359588542
12868,CW,3,0.423,1.759693702244516
12868,CW,3,0.424,1.7693535357841705
12868,CW,3,0.425,1.7783176071497673
12868,CW,3,0.426,1.7871260236540667
12868,CW,3,0.427,1.79669701058771
12868,CW,3,0.428,1.8072114869107854
12868,CW,3,0.429,1.8182190707719883
12868,CW,3,0.43,1.8295416921073875
12868,CW,3,0.431,1.840760726545083
12868,CW,3,0.432,1.8517389973205274
12868,CW,3,0.433,1.8627608323347549
12868,CW,3,0.434,1.874591540100835
12868,CW,3,0.435,1.8876432783707402
12868,CW,3,0.436,1.9011014953653134
12868,CW,3,0.437,1.9140787083859279
12868,CW,3,0.438,1.9268420312793768
12868,CW,3,0.439,1.9400989085319365
12868,CW,3,0.44,1.9525000892512032
12868,CW,3,0.441,1.9641510355243441
12868,CW,3,0.442,1.9752366883647998
12868,CW,3,0.443,1.9859670524136854
12868,CW,3,0.444,1.9966827345929044
12868,CW,3,0.445,2.00791177283796
12868,CW,3,0.446,2.0198863520812274
12868,CW,3,0.447,2.0319696990484792
12868,CW,3,0.448,2.0439289336582376
12868,CW,3,0.449,2.0567466187918093
12868,CW,3,0.45,2.070734209253332
12868,CW,3,0.451,2.084589439889816
12868,CW,3,0.452,2.0981454691427053
12868,CW,3,0.453,2.111235707500641
12868,CW,3,0.454,2.124379467544103
12868,CW,3,0.455,2.1371708710246753
12868,CW,3,0.456,2.149509911097899
12868,CW,3,0.457,2.1618093807769037
12868,CW,3,0.458,2.17469293843945
12868,CW,3,0.459,2.188202165840695
12868,CW,3,0.46,2.201832658854475
12868,CW,3,0.461,2.2146891974344594
12868,CW,3,0.462,2.226737760930649
12868,CW,3,0.463,2.2380766167268726
12868,CW,3,0.464,2.249630072406555
12868,CW,3,0.465,2.262382573503174
12868,CW,3,0.466,2.276640882514845
12868,CW,3,0.467,2.290345259055024
12868,CW,3,0.468,2.30364833204315
12868,CW,3,0.46900000000000003,2.315978397345151
12868,CW,3,0.47000000000000003,2.327744587090909
12868,CW,3,0.47100000000000003,2.3396902036601257
12868,CW,3,0.47200000000000003,2.3521157097672574
12868,CW,3,0.47300000000000003,2.3644976064519523
12868,CW,3,0.47400000000000003,2.3766889684135313
12868,CW,3,0.47500000000000003,2.3885472929230556
12868,CW,3,0.47600000000000003,2.4000767371164384
12868,CW,3,0.47700000000000004,2.4118074762358863
12868,CW,3,0.47800000000000004,2.424014242361524
12868,CW,3,0.47900000000000004,2.4363848103020973
12868,CW,3,0.48,2.4488687107455056
12868,CW,3,0.481,2.4618485280260174
12868,CW,3,0.482,2.4750825086666923
12868,CW,3,0.483,2.4886197098450467
12868,CW,3,0.484,2.5019914600350575
12868,CW,3,0.485,2.514510491170886
12868,CW,3,0.486,2.5267299002373194
12868,CW,3,0.487,2.5394557642050493
12868,CW,3,0.488,2.5522248633336537
12868,CW,3,0.489,2.5649073458055844
12868,CW,3,0.49,2.5777253068224106
12868,CW,3,0.491,2.591043055561246
12868,CW,3,0.492,2.6046538647637223
12868,CW,3,0.493,2.616998218311311
12868,CW,3,0.494,2.628552664330034
12868,CW,3,0.495,2.640129974922241
12868,CW,3,0.496,2.651380958365441
12868,CW,3,0.497,2.662665367647351
12868,CW,3,0.498,2.6746130025111556
12868,CW,3,0.499,2.6870125702124366
12868,CW,3,0.5,2.698803369096827
12868,CW,3,0.501,2.7104510767072
12868,CW,3,0.502,2.7222641131116947
12868,CW,3,0.503,2.735103839839323
12868,CW,3,0.504,2.7484048999053527
12868,CW,3,0.505,2.76183836902152
12868,CW,3,0.506,2.775403888731123
12868,CW,3,0.507,2.7888757206777237
12868,CW,3,0.508,2.8025067000135837
12868,CW,3,0.509,2.8154914769288384
12868,CW,3,0.51,2.8277795085544177
12868,CW,3,0.511,2.839869920128163
12868,CW,3,0.512,2.851174056405502
12868,CW,3,0.513,2.8626890558380786
12868,CW,3,0.514,2.874355545560084
12868,CW,3,0.515,2.8863180395755186
12868,CW,3,0.516,2.8983395222120825
12868,CW,3,0.517,2.9106970376120294
12868,CW,3,0.518,2.923378447021863
12868,CW,3,0.519,2.9360519354472636
12868,CW,3,0.52,2.948527555660726
12868,CW,3,0.521,2.960830509043595
12868,CW,3,0.522,2.973233897835429
12868,CW,3,0.523,2.9860875426687277
12868,CW,3,0.524,2.9992413317676614
12868,CW,3,0.525,3.0124499304209986
12868,CW,3,0.526,3.0252182929145013
12868,CW,3,0.527,3.038587303039158
12868,CW,3,0.528,3.052079632903656
12868,CW,3,0.529,3.066194971126282
12868,CW,3,0.53,3.0801656706115894
12868,CW,3,0.531,3.0935413097741042
12868,CW,3,0.532,3.1064059875673666
12868,CW,3,0.533,3.1185609755515293
12868,CW,3,0.534,3.1303012485648174
12868,CW,3,0.535,3.141662555239035
12868,CW,3,0.536,3.1528937432422413
12868,CW,3,0.537,3.1636441805035056
12868,CW,3,0.538,3.1739440785482578
12868,CW,3,0.539,3.1847405583270767
12868,CW,3,0.54,3.1962555316205545
12868,CW,3,0.541,3.208073923920413
12868,CW,3,0.542,3.220029616384156
12868,CW,3,0.543,3.232296249121776
12868,CW,3,0.544,3.244770795812776
12868,CW,3,0.545,3.2569101456127987
12868,CW,3,0.546,3.268241569831231
12868,CW,3,0.547,3.278489713344387
12868,CW,3,0.548,3.289339746281271
12868,CW,3,0.549,3.2988109028003847
12868,CW,3,0.55,3.308601528045653
12868,CW,3,0.551,3.314921306389625
12868,CW,3,0.552,3.3230115151215207
12868,CW,3,0.553,3.328469261750012
12868,CW,3,0.554,3.3345328566232455
12868,CW,3,0.555,3.3365902633986892
12868,CW,3,0.556,3.3383205876576727
12868,CW,3,0.557,3.3391576520632102
12868,CW,3,0.558,3.3392479577912497
12868,CW,3,0.559,3.335479762975369
12868,CW,3,0.56,3.3278270627330397
12868,CW,3,0.561,3.31811800645038
12868,CW,3,0.562,3.3042431749756065
12868,CW,3,0.5630000000000001,3.2922604605801222
12868,CW,3,0.5640000000000001,3.2713122756169657
12868,CW,3,0.5650000000000001,3.256878518957198
12868,CW,3,0.5660000000000001,3.240549534261132
12868,CW,3,0.5670000000000001,3.2249751296963165
12868,CW,3,0.5680000000000001,3.214600136590727
12868,CW,3,0.5690000000000001,3.187242897705767
12868,CW,3,0.5700000000000001,3.1716056609276366
12868,CW,3,0.5710000000000001,3.1491212710334473
12868,CW,3,0.5720000000000001,3.1312029603224008
12868,CW,3,0.5730000000000001,3.11306711565844
12868,CW,3,0.5740000000000001,3.0939871112736945
12868,CW,3,0.5750000000000001,3.068348831725322
12868,CW,3,0.5760000000000001,3.036470052777336
12868,CW,3,0.577,3.021033355457003
12868,CW,3,0.578,2.9941393116610446
12868,CW,3,0.579,2.973552996573734
12868,CW,3,0.58,2.961075056014245
12868,CW,3,0.581,2.9561506305390184
12868,CW,3,0.582,2.9495283427124477
12868,CW,3,0.583,2.9441700823459334
12868,CW,3,0.584,2.9394324070250297
12868,CW,3,0.585,2.936956459561299
12868,CW,3,0.586,2.9349645318746207
12868,CW,3,0.587,2.933397064044511
12868,CW,3,0.588,2.930500116715816
12868,CW,3,0.589,2.9286331543882524
12868,CW,3,0.59,2.926496940413713
12868,CW,3,0.591,2.924494966357574
12868,CW,3,0.592,2.9232687663794708
12868,CW,3,0.593,2.922685486057214
12868,CW,3,0.594,2.922591488234044
12868,CW,3,0.595,2.922681485399648
12868,CW,3,0.596,2.9224551019474854
12868,CW,3,0.597,2.922011045679904
12868,CW,3,0.598,2.921301226600051
12868,CW,3,0.599,2.9204120648755882
12868,CW,3,0.6,2.9196105279721896
12868,CW,3,0.601,2.918412431500445
12868,CW,3,0.602,2.917779420681494
12868,CW,3,0.603,2.9164106436838635
12868,CW,3,0.604,2.9152630231793832
12868,CW,3,0.605,2.914531253578451
12868,CW,3,0.606,2.9129616070612157
12868,CW,3,0.607,2.91165796291453
12868,CW,3,0.608,2.9107635442441366
12868,CW,3,0.609,2.90960703457407
12868,CW,3,0.61,2.9082193594806243
12868,CW,3,0.611,2.9064738353887543
12868,CW,3,0.612,2.904840257489227
12868,CW,3,0.613,2.902370230526884
12868,CW,3,0.614,2.900391409497308
12868,CW,3,0.615,2.8979556313957318
12868,CW,3,0.616,2.896320535828524
12868,CW,3,0.617,2.8941339997897164
12868,CW,3,0.618,2.8924373329425737
12868,CW,3,0.619,2.8905222198337155
12868,CW,3,0.62,2.888242387814844
12868,CW,3,0.621,2.8865022677966135
12868,CW,3,0.622,2.8842927370736864
12868,CW,3,0.623,2.8824307109465317
12868,CW,3,0.624,2.88044845628979
12868,CW,3,0.625,2.8784851585923303
12868,CW,3,0.626,2.876596508867266
12868,CW,3,0.627,2.874694923515242
12868,CW,3,0.628,2.8727942313193053
12868,CW,3,0.629,2.8707465777236973
12868,CW,3,0.63,2.8685475076808165
12868,CW,3,0.631,2.8661811345866886
12868,CW,3,0.632,2.8635767701196992
12868,CW,3,0.633,2.8610519526360805
12868,CW,3,0.634,2.8582080318982315
12868,CW,3,0.635,2.8556220241640182
12868,CW,3,0.636,2.8527751101821877
12868,CW,3,0.637,2.8501922430316418
12868,CW,3,0.638,2.847611700113226
12868,CW,3,0.639,2.8449857614009266
12868,CW,3,0.64,2.842615261130589
12868,CW,3,0.641,2.840275750873915
12868,CW,3,0.642,2.83800619302392
12868,CW,3,0.643,2.8357647876616183
12868,CW,3,0.644,2.8334070023114846
12868,CW,3,0.645,2.830976694999683
12868,CW,3,0.646,2.8284378716969347
12868,CW,3,0.647,2.8256392993834942
12868,CW,3,0.648,2.8229025814725524
12868,CW,3,0.649,2.820133024253874
12868,CW,3,0.65,2.8172841432522278
12868,CW,3,0.651,2.814651437828741
12868,CW,3,0.652,2.8119273325149523
12868,CW,3,0.653,2.809329702421582
12868,CW,3,0.654,2.80669668943399
12868,CW,3,0.655,2.8039284398501
12868,CW,3,0.656,2.8010383441369835
12868,CW,3,0.657,2.7982065429369243
12868,CW,3,0.658,2.7956526307278398
12868,CW,3,0.659,2.7931446577577588
12868,CW,3,0.66,2.79053329634843
12868,CW,3,0.661,2.7878836136464433
12868,CW,3,0.662,2.785358174374735
12868,CW,3,0.663,2.7828906337492723
12868,CW,3,0.664,2.780355438575773
12868,CW,3,0.665,2.7777695694933917
12868,CW,3,0.666,2.7752390405034815
12868,CW,3,0.667,2.7728256590037583
12868,CW,3,0.668,2.7705325201910127
12868,CW,3,0.669,2.7682804887091015
12868,CW,3,0.67,2.7661092922718575
12868,CW,3,0.671,2.763907093397372
12868,CW,3,0.672,2.7616795551038993
12868,CW,3,0.673,2.759539714486517
12868,CW,3,0.674,2.757538862797987
12868,CW,3,0.675,2.755511674082256
12868,CW,3,0.676,2.7532424439701613
12868,CW,3,0.677,2.751015076516544
12868,CW,3,0.678,2.749274383575507
12868,CW,3,0.679,2.7478488176637685
12868,CW,3,0.68,2.7465296662949004
12868,CW,3,0.681,2.7452398307186456
12868,CW,3,0.682,2.7442065960007493
12868,CW,3,0.683,2.743242241394203
12868,CW,3,0.684,2.741874067792848
12868,CW,3,0.685,2.7412716961255907
12868,CW,3,0.686,2.740598536830536
12868,CW,3,0.687,2.7398976844724854
12868,CW,3,0.6880000000000001,2.7393488850979257
12868,CW,3,0.6890000000000001,2.7423215480674763
12868,CW,3,0.6900000000000001,2.7434896793731167
12868,CW,3,0.6910000000000001,2.7475926064889484
12868,CW,3,0.6920000000000001,2.753105847677207
12868,CW,3,0.6930000000000001,2.758074357051914
12868,CW,3,0.6940000000000001,2.7628002624835055
12868,CW,3,0.6950000000000001,2.7684615931748127
12868,CW,3,0.6960000000000001,2.7753379133493623
12868,CW,3,0.6970000000000001,2.784501333961271
12868,CW,3,0.6980000000000001,2.797108985467665
12868,CW,3,0.6990000000000001,2.799274759343922
12868,CW,3,0.7000000000000001,2.8138700759965056
12868,CW,3,0.7010000000000001,2.8258506210130836
12868,CW,3,0.7020000000000001,2.8397506168977844
12868,CW,3,0.7030000000000001,2.86065004652761
12868,CW,3,0.704,2.880255629629301
12868,CW,3,0.705,2.909669922116558
12868,CW,3,0.706,2.940104042598643
12868,CW,3,0.707,2.9717251105787175
12868,CW,3,0.708,3.0200809008125025
12868,CW,3,0.709,3.055289456911293
12868,CW,3,0.71,3.0743612484729446
12868,CW,3,0.711,3.112168500265413
12868,CW,3,0.712,3.1221370835984437
12868,CW,3,0.713,3.145859414131968
12868,CW,3,0.714,3.165798167070329
12868,CW,3,0.715,3.1857269629560014
12868,CW,3,0.716,3.2158689101195095
12868,CW,3,0.717,3.2258771190455833
12868,CW,3,0.718,3.26649926071631
12868,CW,3,0.719,3.30422025426989
12868,CW,3,0.72,3.3293445610150116
12868,CW,3,0.721,3.390959651309164
12868,CW,3,0.722,3.443490427045135
12868,CW,3,0.723,3.4970275978111256
12868,CW,3,0.724,3.560224735893739
12868,CW,3,0.725,3.6138035742057295
12868,CW,3,0.726,3.6508981992695446
12868,CW,3,0.727,3.674462061330593
12868,CW,3,0.728,3.7070920224357145
12868,CW,3,0.729,3.751341004451171
12868,CW,3,0.73,3.795535240185424
12868,CW,3,0.731,3.8400942807825076
12868,CW,3,0.732,3.8849335408297776
12868,CW,3,0.733,3.9225315874613096
12868,CW,3,0.734,3.957661437117381
12868,CW,3,0.735,3.9888169321005225
12868,CW,3,0.736,4.022647353908377
12868,CW,3,0.737,4.044729301813826
12868,CW,3,0.738,4.058049068125165
12868,CW,3,0.739,4.0719790538401925
12868,CW,3,0.74,4.072931984668086
12868,CW,3,0.741,4.0730540002488675
12868,CW,3,0.742,4.0726618457232995
12868,CW,3,0.743,4.070108650529263
12868,CW,3,0.744,4.07005662593891
12868,CW,3,0.745,4.06995572375136
12868,CW,3,0.746,4.070255942798942
12868,CW,3,0.747,4.070969315665361
12868,CW,3,0.748,4.070910915978243
12868,CW,3,0.749,4.071813627957634
12868,CW,3,0.75,4.072644844970425
12868,CW,3,0.751,4.073985609598055
12868,CW,3,0.752,4.075082443520301
12868,CW,3,0.753,4.076427927303032
12868,CW,3,0.754,4.077501763582889
12868,CW,3,0.755,4.078755118917994
12868,CW,3,0.756,4.079756938372658
12868,CW,3,0.757,4.080733130211607
12868,CW,3,0.758,4.081575332815745
12868,CW,3,0.759,4.0825269952066705
12868,CW,3,0.76,4.083492124022761
12868,CW,3,0.761,4.084328816769393
12868,CW,3,0.762,4.085198985636088
12868,CW,3,0.763,4.08599457140193
12868,CW,3,0.764,4.086765382228256
12868,CW,3,0.765,4.087497468703229
12868,CW,3,0.766,4.088201280980172
12868,CW,3,0.767,4.088820089968039
12868,CW,3,0.768,4.089431561646563
12868,CW,3,0.769,4.090042821856602
12868,CW,3,0.77,4.0906926372006165
12868,CW,3,0.771,4.091390127434895
12868,CW,3,0.772,4.0921450244327895
12868,CW,3,0.773,4.092973240198863
12868,CW,3,0.774,4.093898073171978
12868,CW,3,0.775,4.094979430148529
12868,CW,3,0.776,4.096259406764626
12868,CW,3,0.777,4.0977208268264596
12868,CW,3,0.778,4.099332215236562
12868,CW,3,0.779,4.101234317042878
12868,CW,3,0.78,4.1036074102093645
12868,CW,3,0.781,4.106363893117004
12868,CW,3,0.782,4.110002634434021
12868,CW,3,0.783,4.113529795326396
12868,CW,3,0.784,4.117914289709709
12868,CW,3,0.785,4.12311060833449
12868,CW,3,0.786,4.128475545153945
12868,CW,3,0.787,4.134096407251476
12868,CW,3,0.788,4.139717628065034
12868,CW,3,0.789,4.145293129654501
12868,CW,3,0.79,4.153401502957704
12868,CW,3,0.791,4.161889311666093
12868,CW,3,0.792,4.170078312951127
12868,CW,3,0.793,4.1829931038701105
12868,CW,3,0.794,4.193315157018129
12868,CW,3,0.795,4.2065231225995525
12868,CW,3,0.796,4.222272662642899
12868,CW,3,0.797,4.240559759769211
12868,CW,3,0.798,4.259499821363725
12868,CW,3,0.799,4.27828672438827
12868,CW,3,0.8,4.293233953949953
12868,CW,3,0.801,4.309458776288634
12868,CW,3,0.802,4.325861466675813
12868,CW,3,0.803,4.334003573395545
12868,CW,3,0.804,4.34195211741354
12868,CW,3,0.805,4.349788306550355
12868,CW,3,0.806,4.36047878467884
12868,CW,3,0.807,4.3802413050981865
12868,CW,3,0.808,4.402575130399969
12868,CW,3,0.809,4.426694046879679
12868,CW,3,0.81,4.448065393720077
12868,CW,3,0.811,4.461840399991232
12868,CW,3,0.812,4.482467494044733
12868,CW,3,0.8130000000000001,4.493701404002127
12868,CW,3,0.8140000000000001,4.507093284571892
12868,CW,3,0.8150000000000001,4.525416302811288
12868,CW,3,0.8160000000000001,4.545763454123096
12868,CW,3,0.8170000000000001,4.56777410572694
12868,CW,3,0.8180000000000001,4.593036108468754
12868,CW,3,0.8190000000000001,4.61071573146518
12868,CW,3,0.8200000000000001,4.646300720988683
12868,CW,3,0.8210000000000001,4.682369865359988
12868,CW,3,0.8220000000000001,4.728565707751034
12868,CW,3,0.8230000000000001,4.7793315469034825
12868,CW,3,0.8240000000000001,4.821221478170246
12868,CW,3,0.8250000000000001,4.864838618274432
12868,CW,3,0.8260000000000001,4.902940460089739
12868,CW,3,0.8270000000000001,4.939369209303928
12868,CW,3,0.8280000000000001,4.974255241946671
12868,CW,3,0.8290000000000001,5.002335393929201
12868,CW,3,0.8300000000000001,5.033628791591482
12868,CW,3,0.8310000000000001,5.0532665152349345
12868,CW,3,0.8320000000000001,5.086425444201968
12868,CW,3,0.833,5.110047475969516
12868,CW,3,0.834,5.128593720170653
12868,CW,3,0.835,5.125453587809111
12868,CW,3,0.836,5.140776984615818
12868,CW,3,0.837,5.1544692477337435
12868,CW,3,0.838,5.153222355525987
12868,CW,3,0.839,5.1716182157467845
12868,CW,3,0.84,5.196291329158223
12868,CW,3,0.841,5.206938337423747
12868,CW,3,0.842,5.2305760258864815
12868,CW,3,0.843,5.255473711419476
12868,CW,3,0.844,5.283464316378302
12868,CW,3,0.845,5.306439334893032
12868,CW,3,0.846,5.329503181950135
12868,CW,3,0.847,5.354037232435513
12868,CW,3,0.848,5.37608291226257
12868,CW,3,0.849,5.392511989769324
12868,CW,3,0.85,5.409047157944147
12868,CW,3,0.851,5.425900153904727
12868,CW,3,0.852,5.424449522036848
12868,CW,3,0.853,5.425500406438927
12868,CW,3,0.854,5.423447459537459
12868,CW,3,0.855,5.42550988820064
12868,CW,3,0.856,5.437592706832919
12868,CW,3,0.857,5.454277429676678
12868,CW,3,0.858,5.47325837684637
12868,CW,3,0.859,5.494318245955563
12868,CW,3,0.86,5.510425283087534
12868,CW,3,0.861,5.531447150389377
12868,CW,3,0.862,5.551074851423226
12868,CW,3,0.863,5.566616538019923
12868,CW,3,0.864,5.582316240257745
12868,CW,3,0.865,5.5989432417316545
12868,CW,3,0.866,5.61116472981471
12868,CW,3,0.867,5.619306422565292
12868,CW,3,0.868,5.628467588560106
12868,CW,3,0.869,5.637536435885028
12868,CW,3,0.87,5.64556438095462
12868,CW,3,0.871,5.65550442115616
12868,CW,3,0.872,5.664711842265698
12868,CW,3,0.873,5.673899776537744
12868,CW,3,0.874,5.683177664445113
12868,CW,3,0.875,5.6925359156090805
12868,CW,3,0.876,5.702045089321857
12868,CW,3,0.877,5.711882840923296
12868,CW,3,0.878,5.7218418401465865
12868,CW,3,0.879,5.731753678108314
12868,CW,3,0.88,5.741677866654368
12868,CW,3,0.881,5.751587418208393
12868,CW,3,0.882,5.761290863085043
12868,CW,3,0.883,5.771042042710546
12868,CW,3,0.884,5.781122925269863
12868,CW,3,0.885,5.790965087927456
12868,CW,3,0.886,5.801964620904941
12868,CW,3,0.887,5.811887049517232
12868,CW,3,0.888,5.8214122639838894
12868,CW,3,0.889,5.830774219719314
12868,CW,3,0.89,5.839284584649467
12868,CW,3,0.891,5.849439780357065
12868,CW,3,0.892,5.858717883562121
12868,CW,3,0.893,5.86842881587662
12868,CW,3,0.894,5.879746458217025
12868,CW,3,0.895,5.889484543142202
12868,CW,3,0.896,5.900098060658896
12868,CW,3,0.897,5.91105145778075
12868,CW,3,0.898,5.9226561921865395
12868,CW,3,0.899,5.934364413895396
12868,CW,3,0.9,5.949966816150958
12868,CW,3,0.901,5.963754733832377
12868,CW,3,0.902,5.978392202553379
12868,CW,3,0.903,5.994281896058335
12868,CW,3,0.904,6.007042891740617
12868,CW,3,0.905,6.0195211145895415
12868,CW,3,0.906,6.031619702003993
12868,CW,3,0.907,6.043960672070138
12868,CW,3,0.908,6.05682743341362
12868,CW,3,0.909,6.06936331775358
12868,CW,3,0.91,6.082722801927328
12868,CW,3,0.911,6.095194579105858
12868,CW,3,0.912,6.108120485126416
12868,CW,3,0.913,6.122298158642898
12868,CW,3,0.914,6.137577696757227
12868,CW,3,0.915,6.154959825289884
12868,CW,3,0.916,6.173116110535505
12868,CW,3,0.917,6.190865139148325
12868,CW,3,0.918,6.207959636723902
12868,CW,3,0.919,6.225713492885661
12868,CW,3,0.92,6.241846027289555
12868,CW,3,0.921,6.255881970713486
12868,CW,3,0.922,6.270735120261566
12868,CW,3,0.923,6.2874260094602565
12868,CW,3,0.924,6.30446103874371
12868,CW,3,0.925,6.321433521437387
12868,CW,3,0.926,6.338948460659545
12868,CW,3,0.927,6.356024884497248
12868,CW,3,0.928,6.373688678423229
12868,CW,3,0.929,6.390556497014934
12868,CW,3,0.93,6.4061555083003325
12868,CW,3,0.931,6.4240604592282295
12868,CW,3,0.932,6.443837536690816
12868,CW,3,0.933,6.464220451205288
12868,CW,3,0.934,6.485441421153266
12868,CW,3,0.935,6.504931192499437
12868,CW,3,0.936,6.519387059760803
12868,CW,3,0.937,6.538446639080117
12868,CW,3,0.9380000000000001,6.559968020558763
12868,CW,3,0.9390000000000001,6.575773087863842
12868,CW,3,0.9400000000000001,6.59067548215004
12868,CW,3,0.9410000000000001,6.605365303357106
12868,CW,3,0.9420000000000001,6.62278182603159
12868,CW,3,0.9430000000000001,6.640912112600833
12868,CW,3,0.9440000000000001,6.659883576102542
12868,CW,3,0.9450000000000001,6.679751765844498
12868,CW,3,0.9460000000000001,6.700943847796962
12868,CW,3,0.9470000000000001,6.727032151068663
12868,CW,3,0.9480000000000001,6.749868522608618
12868,CW,3,0.9490000000000001,6.77710219060368
12868,CW,3,0.9500000000000001,6.803766359001236
12868,CW,3,0.9510000000000001,6.827195478214538
12868,CW,3,0.9520000000000001,6.853284643478352
12868,CW,3,0.9530000000000001,6.873879707320715
12868,CW,3,0.9540000000000001,6.894684696740194
12868,CW,3,0.9550000000000001,6.914452810499794
12868,CW,3,0.9560000000000001,6.9392956971250115
12868,CW,3,0.9570000000000001,6.963101426209441
12868,CW,3,0.9580000000000001,6.9811185789808805
12868,CW,3,0.9590000000000001,7.00089782484828
12868,CW,3,0.96,7.02088823074021
12868,CW,3,0.961,7.041461246976895
12868,CW,3,0.962,7.060299408023367
12868,CW,3,0.963,7.084873157546518
12868,CW,3,0.964,7.108211070297942
12868,CW,3,0.965,7.131623687699349
12868,CW,3,0.966,7.154202886034599
12868,CW,3,0.967,7.175157975775384
12868,CW,3,0.968,7.194202514423659
12868,CW,3,0.969,7.213760934074421
12868,CW,3,0.97,7.234493260954607
12868,CW,3,0.971,7.255751645095317
12868,CW,3,0.972,7.277105081986076
12868,CW,3,0.973,7.2986588467094276
12868,CW,3,0.974,7.318657278891283
12868,CW,3,0.975,7.337949972619757
12868,CW,3,0.976,7.357466041698388
12868,CW,3,0.977,7.376227489763046
12868,CW,3,0.978,7.39411623476083
12868,CW,3,0.979,7.4114790273408735
12868,CW,3,0.98,7.435408117836651
12868,CW,3,0.981,7.465857135426356
12868,CW,3,0.982,7.4939747873068745
12868,CW,3,0.983,7.517508279130441
12868,CW,3,0.984,7.534352020876249
12868,CW,3,0.985,7.547516211292315
12868,CW,3,0.986,7.565535509206785
12868,CW,3,0.987,7.583340398964888
12868,CW,3,0.988,7.602274309168267
12868,CW,3,0.989,7.619707670883654
12868,CW,3,0.99,7.635615338654564
12868,CW,3,0.991,7.65021054777643
12868,CW,3,0.992,7.663348142202786
12868,CW,3,0.993,7.675476978829307
12868,CW,3,0.994,7.688401946458913
12868,CW,3,0.995,7.70487149140048
12868,CW,3,0.996,7.722531797139367
12868,CW,3,0.997,7.739975377993806
12868,CW,3,0.998,7.757122172020732
12868,CW,3,0.999,7.7737562965025315
12868,CW,3,1.0,7.790875895314552
12868,CW,4,0.0,0.0
12868,CW,4,0.001,0.0010555070068426673
12868,CW,4,0.002,0.0021066862235338086
12868,CW,4,0.003,0.0033197864282847613
12868,CW,4,0.004,0.004291020130121409
12868,CW,4,0.005,0.004666303437357339
12868,CW,4,0.006,0.005264795703529051
12868,CW,4,0.007,0.00571392344901505
12868,CW,4,0.008,0.005541316267661668
12868,CW,4,0.009000000000000001,0.00558130727121326
12868,CW,4,0.01,0.005589818135041691
12868,CW,4,0.011,0.0059073809143615486
12868,CW,4,0.012,0.006397472342142326
12868,CW,4,0.013000000000000001,0.006369978520477654
12868,CW,4,0.014,0.0062297209075941416
12868,CW,4,0.015,0.006145748292576343
12868,CW,4,0.016,0.006007364714557212
12868,CW,4,0.017,0.005684498556533765
12868,CW,4,0.018000000000000002,0.005567478902942933
12868,CW,4,0.019,0.004819823741205443
12868,CW,4,0.02,0.004386978283641997
12868,CW,4,0.021,0.004340376481416571
12868,CW,4,0.022,0.005144780893641988
12868,CW,4,0.023,0.006440739944970469
12868,CW,4,0.024,0.008035301867784938
12868,CW,4,0.025,0.009446096914644079
12868,CW,4,0.026000000000000002,0.009915647255113565
12868,CW,4,0.027,0.010136273465769584
12868,CW,4,0.028,0.010634363490212859
12868,CW,4,0.029,0.011181472731792364
12868,CW,4,0.03,0.012353022528788988
12868,CW,4,0.031,0.013620112878804885
12868,CW,4,0.032,0.014810188995575287
12868,CW,4,0.033,0.01633960252747345
12868,CW,4,0.034,0.018746259060276837
12868,CW,4,0.035,0.021183569294389644
12868,CW,4,0.036000000000000004,0.024055763602782075
12868,CW,4,0.037,0.026762436884342038
12868,CW,4,0.038,0.029210448481103955
12868,CW,4,0.039,0.03172184818229488
12868,CW,4,0.04,0.03389172311844617
12868,CW,4,0.041,0.03613113796613796
12868,CW,4,0.042,0.03815085287223245
12868,CW,4,0.043000000000000003,0.039893431814139624
12868,CW,4,0.044,0.04174464391490402
12868,CW,4,0.045,0.043691598172170734
12868,CW,4,0.046,0.04537614156504177
12868,CW,4,0.047,0.04684076472684656
12868,CW,4,0.048,0.048372020449172326
12868,CW,4,0.049,0.05013715861021706
12868,CW,4,0.05,0.052209390528036366
12868,CW,4,0.051000000000000004,0.05452219493415833
12868,CW,4,0.052000000000000005,0.05690073040079892
12868,CW,4,0.053,0.05923021197955714
12868,CW,4,0.054,0.06135768605153956
12868,CW,4,0.055,0.0634870555406495
12868,CW,4,0.056,0.06520523197917981
12868,CW,4,0.057,0.06582854244757617
12868,CW,4,0.058,0.06576602486556724
12868,CW,4,0.059000000000000004,0.06602260166402261
12868,CW,4,0.06,0.06634307666753217
12868,CW,4,0.061,0.06679713239762794
12868,CW,4,0.062,0.06741737294280702
12868,CW,4,0.063,0.06853300625922354
12868,CW,4,0.064,0.07047017062900264
12868,CW,4,0.065,0.07217544687956996
12868,CW,4,0.066,0.07399583393921975
12868,CW,4,0.067,0.07576891806486634
12868,CW,4,0.068,0.07774188725140964
12868,CW,4,0.069,0.08082970103365521
12868,CW,4,0.07,0.08451006922180095
12868,CW,4,0.07100000000000001,0.08873052009500743
12868,CW,4,0.07200000000000001,0.09303308580129019
12868,CW,4,0.073,0.09678170632716826
12868,CW,4,0.074,0.09938886982419204
12868,CW,4,0.075,0.10083810045328251
12868,CW,4,0.076,0.10167259611195194
12868,CW,4,0.077,0.10303697896994823
12868,CW,4,0.078,0.10463195247937138
12868,CW,4,0.079,0.10629661525211055
12868,CW,4,0.08,0.10893460232281568
12868,CW,4,0.081,0.11166273371227274
12868,CW,4,0.082,0.11421703094781128
12868,CW,4,0.083,0.11675140492506844
12868,CW,4,0.084,0.11923236059552778
12868,CW,4,0.085,0.12204673097087859
12868,CW,4,0.08600000000000001,0.12452381023282968
12868,CW,4,0.08700000000000001,0.12672217155493537
12868,CW,4,0.088,0.1281515699619861
12868,CW,4,0.089,0.12893152343104503
12868,CW,4,0.09,0.12887027988481956
12868,CW,4,0.091,0.12803459166155157
12868,CW,4,0.092,0.12672808126717572
12868,CW,4,0.093,0.1260079251379768
12868,CW,4,0.094,0.1281531999960001
12868,CW,4,0.095,0.12968719221244512
12868,CW,4,0.096,0.1323172250160062
12868,CW,4,0.097,0.13700687419139262
12868,CW,4,0.098,0.13736329036277117
12868,CW,4,0.099,0.14063543585732974
12868,CW,4,0.1,0.14428433445681924
12868,CW,4,0.101,0.14821925298087804
12868,CW,4,0.10200000000000001,0.15269843968742414
12868,CW,4,0.10300000000000001,0.15235523878903856
12868,CW,4,0.10400000000000001,0.1560183270722535
12868,CW,4,0.105,0.1611212542299081
12868,CW,4,0.106,0.16461138510430864
12868,CW,4,0.107,0.16741632568051554
12868,CW,4,0.108,0.16801731632218847
12868,CW,4,0.109,0.1727057303211579
12868,CW,4,0.11,0.17752418874380624
12868,CW,4,0.111,0.1845112024781027
12868,CW,4,0.112,0.18841982548694988
12868,CW,4,0.113,0.19796249206684138
12868,CW,4,0.114,0.20397836759562127
12868,CW,4,0.115,0.20755757702839353
12868,CW,4,0.116,0.21539924299236063
12868,CW,4,0.117,0.22294530259017414
12868,CW,4,0.11800000000000001,0.22168120462840735
12868,CW,4,0.11900000000000001,0.21899377763535405
12868,CW,4,0.12,0.22165320431153132
12868,CW,4,0.121,0.22116208604115034
12868,CW,4,0.122,0.23105077892872528
12868,CW,4,0.123,0.2352758099203068
12868,CW,4,0.124,0.23870805430732883
12868,CW,4,0.125,0.25232691448921574
12868,CW,4,0.126,0.25908878250235223
12868,CW,4,0.127,0.27047139896196354
12868,CW,4,0.128,0.28119462819107793
12868,CW,4,0.129,0.2947409866398106
12868,CW,4,0.13,0.30761988977429744
12868,CW,4,0.131,0.3154833298339065
12868,CW,4,0.132,0.3220487434233623
12868,CW,4,0.133,0.33799567951624265
12868,CW,4,0.134,0.34032867920456866
12868,CW,4,0.135,0.3416112518847798
12868,CW,4,0.136,0.34227726340065157
12868,CW,4,0.137,0.34805971467721303
12868,CW,4,0.138,0.3568740693719706
12868,CW,4,0.139,0.3625742053686272
12868,CW,4,0.14,0.37299883489732166
12868,CW,4,0.14100000000000001,0.3818835287019254
12868,CW,4,0.14200000000000002,0.39949933127703185
12868,CW,4,0.14300000000000002,0.4098952479981973
12868,CW,4,0.14400000000000002,0.4245690374494833
12868,CW,4,0.145,0.4339449144389638
12868,CW,4,0.146,0.4387071889404312
12868,CW,4,0.147,0.44612543802062427
12868,CW,4,0.148,0.44798103132044526
12868,CW,4,0.149,0.45114529898517114
12868,CW,4,0.15,0.46198943966963013
12868,CW,4,0.151,0.4685643918055964
12868,CW,4,0.152,0.4754465655303404
12868,CW,4,0.153,0.48262402161410456
12868,CW,4,0.154,0.4986257978870603
12868,CW,4,0.155,0.5105792012453102
12868,CW,4,0.156,0.5253990996608092
12868,CW,4,0.157,0.5384792482119414
12868,CW,4,0.158,0.5503547393371301
12868,CW,4,0.159,0.5617495571101895
12868,CW,4,0.16,0.5645907297589006
12868,CW,4,0.161,0.5732518726166372
12868,CW,4,0.162,0.5782936395683411
12868,CW,4,0.163,0.5797922925868556
12868,CW,4,0.164,0.5811664870711409
12868,CW,4,0.165,0.5833685434269366
12868,CW,4,0.166,0.5866251268267317
12868,CW,4,0.167,0.590380366991438
12868,CW,4,0.168,0.5945451686800513
12868,CW,4,0.169,0.5977294265716847
12868,CW,4,0.17,0.6021257135450687
12868,CW,4,0.171,0.6058072644017135
12868,CW,4,0.17200000000000001,0.6086115789906189
12868,CW,4,0.17300000000000001,0.6122951549168851
12868,CW,4,0.17400000000000002,0.615902724624697
12868,CW,4,0.17500000000000002,0.6179023523655813
12868,CW,4,0.176,0.6202022061956756
12868,CW,4,0.177,0.6224885121112231
12868,CW,4,0.178,0.6258988744803063
12868,CW,4,0.179,0.6289648833050628
12868,CW,4,0.18,0.6331021563403157
12868,CW,4,0.181,0.6361527901374238
12868,CW,4,0.182,0.6383636209266489
12868,CW,4,0.183,0.6401670756010196
12868,CW,4,0.184,0.6413844710678936
12868,CW,4,0.185,0.64198802962474
12868,CW,4,0.186,0.6438629866288674
12868,CW,4,0.187,0.6460011745306525
12868,CW,4,0.188,0.6487097267738446
12868,CW,4,0.189,0.6527227794257486
12868,CW,4,0.19,0.6552519925394324
12868,CW,4,0.191,0.6580177871255598
12868,CW,4,0.192,0.6605607272207652
12868,CW,4,0.193,0.6625141129227649
12868,CW,4,0.194,0.664832638215598
12868,CW,4,0.195,0.664685931359545
12868,CW,4,0.196,0.6662908870132864
12868,CW,4,0.197,0.6673398371183725
12868,CW,4,0.198,0.6673908154743474
12868,CW,4,0.199,0.6669699666807845
12868,CW,4,0.2,0.6665055681147463
12868,CW,4,0.201,0.6654330924273792
12868,CW,4,0.202,0.6627845375750616
12868,CW,4,0.203,0.663263379674589
12868,CW,4,0.20400000000000001,0.662298809058568
12868,CW,4,0.20500000000000002,0.6616580505557971
12868,CW,4,0.20600000000000002,0.664169123574564
12868,CW,4,0.20700000000000002,0.6649526570489881
12868,CW,4,0.20800000000000002,0.666318036446243
12868,CW,4,0.209,0.6705354978673732
12868,CW,4,0.21,0.6745548634264655
12868,CW,4,0.211,0.6768736188985126
12868,CW,4,0.212,0.6805407538018718
12868,CW,4,0.213,0.6840979726679507
12868,CW,4,0.214,0.6864963748990877
12868,CW,4,0.215,0.687874872183122
12868,CW,4,0.216,0.6885913332048675
12868,CW,4,0.217,0.6871238800191088
12868,CW,4,0.218,0.6893402038520356
12868,CW,4,0.219,0.6906547849729797
12868,CW,4,0.22,0.6931114401979942
12868,CW,4,0.221,0.6943446460736967
12868,CW,4,0.222,0.6980927451381921
12868,CW,4,0.223,0.7006865567338117
12868,CW,4,0.224,0.7034248143829118
12868,CW,4,0.225,0.7063864733625292
12868,CW,4,0.226,0.7094019118978286
12868,CW,4,0.227,0.71168248278933
12868,CW,4,0.228,0.7139773477919392
12868,CW,4,0.229,0.7167207070778229
12868,CW,4,0.23,0.7172677660532804
12868,CW,4,0.231,0.7182393757759439
12868,CW,4,0.232,0.7189266431514338
12868,CW,4,0.233,0.7188612707062709
12868,CW,4,0.234,0.7182586404306089
12868,CW,4,0.23500000000000001,0.7203702599979276
12868,CW,4,0.23600000000000002,0.7223283637116374
12868,CW,4,0.23700000000000002,0.7245082360052894
12868,CW,4,0.23800000000000002,0.727114662550447
12868,CW,4,0.23900000000000002,0.7299158272533081
12868,CW,4,0.24,0.7326455695454627
12868,CW,4,0.241,0.7353757271931545
12868,CW,4,0.242,0.7387538589921858
12868,CW,4,0.243,0.7402045035627005
12868,CW,4,0.244,0.7415826052770836
12868,CW,4,0.245,0.7417416661113848
12868,CW,4,0.246,0.7429573142041354
12868,CW,4,0.247,0.743875897019266
12868,CW,4,0.248,0.7450717418499898
12868,CW,4,0.249,0.7451537523592462
12868,CW,4,0.25,0.7468449921025999
12868,CW,4,0.251,0.7492141513687269
12868,CW,4,0.252,0.7511432891116772
12868,CW,4,0.253,0.7541478998635764
12868,CW,4,0.254,0.756631660702853
12868,CW,4,0.255,0.7595839904241131
12868,CW,4,0.256,0.7610923298467331
12868,CW,4,0.257,0.7626680166392699
12868,CW,4,0.258,0.763822341932561
12868,CW,4,0.259,0.7640959938421492
12868,CW,4,0.26,0.7641290269772233
12868,CW,4,0.261,0.7643540548696062
12868,CW,4,0.262,0.7645620047847106
12868,CW,4,0.263,0.764993372441342
12868,CW,4,0.264,0.7655372765080855
12868,CW,4,0.265,0.7660430457288169
12868,CW,4,0.266,0.7666928405376093
12868,CW,4,0.267,0.7679015508933277
12868,CW,4,0.268,0.769013543569279
12868,CW,4,0.269,0.7698521492713027
12868,CW,4,0.27,0.7706226241788138
12868,CW,4,0.271,0.7709335692001367
12868,CW,4,0.272,0.7712514876175784
12868,CW,4,0.273,0.7714384533500986
12868,CW,4,0.274,0.7716750418907041
12868,CW,4,0.275,0.7717421075736006
12868,CW,4,0.276,0.771779492841624
12868,CW,4,0.277,0.7718259066724611
12868,CW,4,0.278,0.7718716783516538
12868,CW,4,0.279,0.7717665526719929
12868,CW,4,0.28,0.7718634692692548
12868,CW,4,0.281,0.7719728319127155
12868,CW,4,0.28200000000000003,0.7723082425706858
12868,CW,4,0.28300000000000003,0.7723244523442606
12868,CW,4,0.28400000000000003,0.7722470418020676
12868,CW,4,0.28500000000000003,0.7722062014425785
12868,CW,4,0.28600000000000003,0.7720236143528968
12868,CW,4,0.28700000000000003,0.7718698199235262
12868,CW,4,0.28800000000000003,0.7710600117707281
12868,CW,4,0.289,0.7703957781860065
12868,CW,4,0.29,0.7693126665261101
12868,CW,4,0.291,0.7690821366569823
12868,CW,4,0.292,0.768286916974624
12868,CW,4,0.293,0.7674293981536879
12868,CW,4,0.294,0.7666952278322693
12868,CW,4,0.295,0.7662949339641215
12868,CW,4,0.296,0.766150472834359
12868,CW,4,0.297,0.7661274241484346
12868,CW,4,0.298,0.7663574893134057
12868,CW,4,0.299,0.765936488030913
12868,CW,4,0.3,0.7652492955714058
12868,CW,4,0.301,0.7643250263157291
12868,CW,4,0.302,0.7633129218722994
12868,CW,4,0.303,0.761341327606671
12868,CW,4,0.304,0.7601202877249701
12868,CW,4,0.305,0.758760214471445
12868,CW,4,0.306,0.7575653079429604
12868,CW,4,0.307,0.7568195133396145
12868,CW,4,0.308,0.7564305064272722
12868,CW,4,0.309,0.7565343417799895
12868,CW,4,0.31,0.7570146337961241
12868,CW,4,0.311,0.7582379742963647
12868,CW,4,0.312,0.7586427983059643
12868,CW,4,0.313,0.759093175810329
12868,CW,4,0.314,0.7601451218383067
12868,CW,4,0.315,0.7601364740016541
12868,CW,4,0.316,0.7600661938697787
12868,CW,4,0.317,0.760047682442524
12868,CW,4,0.318,0.7592197448834791
12868,CW,4,0.319,0.758797742517694
12868,CW,4,0.32,0.7582517678629718
12868,CW,4,0.321,0.7572938692151567
12868,CW,4,0.322,0.7568862173799633
12868,CW,4,0.323,0.7564173492689875
12868,CW,4,0.324,0.7559332408534795
12868,CW,4,0.325,0.7556303308316512
12868,CW,4,0.326,0.7553944840966392
12868,CW,4,0.327,0.7553222264652243
12868,CW,4,0.328,0.7552102855906102
12868,CW,4,0.329,0.7549962700994236
12868,CW,4,0.33,0.7547870609567109
12868,CW,4,0.331,0.7545173808308138
12868,CW,4,0.332,0.7538674589457336
12868,CW,4,0.333,0.753268553390994
12868,CW,4,0.334,0.7527596187589913
12868,CW,4,0.335,0.7521506441327929
12868,CW,4,0.336,0.751787911387823
12868,CW,4,0.337,0.7514754088000072
12868,CW,4,0.338,0.7511037980301838
12868,CW,4,0.339,0.750836732117291
12868,CW,4,0.34,0.7508306881672195
12868,CW,4,0.341,0.7508742062173488
12868,CW,4,0.342,0.7508315815637784
12868,CW,4,0.343,0.7506782187597987
12868,CW,4,0.34400000000000003,0.7504650817814403
12868,CW,4,0.34500000000000003,0.7504235233066672
12868,CW,4,0.34600000000000003,0.7504308827188914
12868,CW,4,0.34700000000000003,0.7506465229560042
12868,CW,4,0.34800000000000003,0.7506515162565787
12868,CW,4,0.34900000000000003,0.7503557230115997
12868,CW,4,0.35000000000000003,0.74979291358162
12868,CW,4,0.35100000000000003,0.7492920564584162
12868,CW,4,0.352,0.7488301767153763
12868,CW,4,0.353,0.7485225778936809
12868,CW,4,0.354,0.7483313879603536
12868,CW,4,0.355,0.7482182321205479
12868,CW,4,0.356,0.7481991741089034
12868,CW,4,0.357,0.7483926386702413
12868,CW,4,0.358,0.7487231172520961
12868,CW,4,0.359,0.7490127557452072
12868,CW,4,0.36,0.7491663935450975
12868,CW,4,0.361,0.7493203373233032
12868,CW,4,0.362,0.7494533322024663
12868,CW,4,0.363,0.7496816568606892
12868,CW,4,0.364,0.7499318973304857
12868,CW,4,0.365,0.7500473610366067
12868,CW,4,0.366,0.7500122292104505
12868,CW,4,0.367,0.7499299495004389
12868,CW,4,0.368,0.7497781607928717
12868,CW,4,0.369,0.7495907487914395
12868,CW,4,0.37,0.7493530708612149
12868,CW,4,0.371,0.7492013033025069
12868,CW,4,0.372,0.7492874918455922
12868,CW,4,0.373,0.7495712528147516
12868,CW,4,0.374,0.7497715502555147
12868,CW,4,0.375,0.7500259513358706
12868,CW,4,0.376,0.7500067943732934
12868,CW,4,0.377,0.7498470862420655
12868,CW,4,0.378,0.7497763862102914
12868,CW,4,0.379,0.7495919883512355
12868,CW,4,0.38,0.7492971342997253
12868,CW,4,0.381,0.7488189262064707
12868,CW,4,0.382,0.748279490543684
12868,CW,4,0.383,0.7478172751854881
12868,CW,4,0.384,0.7474268705997223
12868,CW,4,0.385,0.7471706663514052
12868,CW,4,0.386,0.7470055482028227
12868,CW,4,0.387,0.7469132505492474
12868,CW,4,0.388,0.7469068621401552
12868,CW,4,0.389,0.7468776465725459
12868,CW,4,0.39,0.7468211433875068
12868,CW,4,0.391,0.7466980174920113
12868,CW,4,0.392,0.7464872933095095
12868,CW,4,0.393,0.7462052423721184
12868,CW,4,0.394,0.7458992425957133
12868,CW,4,0.395,0.745579427973964
12868,CW,4,0.396,0.7452780769971403
12868,CW,4,0.397,0.7448680087465194
12868,CW,4,0.398,0.7443980116638732
12868,CW,4,0.399,0.7440241078279614
12868,CW,4,0.4,0.7437534716525371
12868,CW,4,0.401,0.7436000915897327
12868,CW,4,0.402,0.7435009198788153
12868,CW,4,0.403,0.7434889783313651
12868,CW,4,0.404,0.7435921149166359
12868,CW,4,0.405,0.7437341610874221
12868,CW,4,0.406,0.7438650747733072
12868,CW,4,0.40700000000000003,0.7439668398420944
12868,CW,4,0.40800000000000003,0.7440571323182135
12868,CW,4,0.40900000000000003,0.7441195775463589
12868,CW,4,0.41000000000000003,0.7441303610291489
12868,CW,4,0.41100000000000003,0.7440672281610304
12868,CW,4,0.41200000000000003,0.7439696840222081
12868,CW,4,0.41300000000000003,0.7438299610350803
12868,CW,4,0.41400000000000003,0.7437083156011739
12868,CW,4,0.41500000000000004,0.7436763491813295
12868,CW,4,0.41600000000000004,0.7436972766377471
12868,CW,4,0.417,0.7437390230580959
12868,CW,4,0.418,0.7437686316502092
12868,CW,4,0.419,0.7437758636774661
12868,CW,4,0.42,0.743842659374148
12868,CW,4,0.421,0.7439356224028076
12868,CW,4,0.422,0.744026016540156
12868,CW,4,0.423,0.7441037454428376
12868,CW,4,0.424,0.7441888074562953
12868,CW,4,0.425,0.7442634367323546
12868,CW,4,0.426,0.7443206364562213
12868,CW,4,0.427,0.7443748096915626
12868,CW,4,0.428,0.7444263882586373
12868,CW,4,0.429,0.7444584992786948
12868,CW,4,0.43,0.744498535862497
12868,CW,4,0.431,0.7445624409866127
12868,CW,4,0.432,0.7446580053420758
12868,CW,4,0.433,0.7447889218069628
12868,CW,4,0.434,0.7449357289691598
12868,CW,4,0.435,0.7451042547790708
12868,CW,4,0.436,0.7452981656560911
12868,CW,4,0.437,0.7454956806032438
12868,CW,4,0.438,0.7456801225703819
12868,CW,4,0.439,0.7458690310379413
12868,CW,4,0.44,0.7460555652573344
12868,CW,4,0.441,0.7462292257247846
12868,CW,4,0.442,0.7464004524372367
12868,CW,4,0.443,0.7465738556593968
12868,CW,4,0.444,0.7467500740402295
12868,CW,4,0.445,0.7469390015542586
12868,CW,4,0.446,0.7471457410843243
12868,CW,4,0.447,0.7473683679341563
12868,CW,4,0.448,0.7476042931006217
12868,CW,4,0.449,0.7478456834620202
12868,CW,4,0.45,0.7480749747723132
12868,CW,4,0.451,0.7482886086907625
12868,CW,4,0.452,0.7484905091962761
12868,CW,4,0.453,0.7486970667622377
12868,CW,4,0.454,0.7489196129705811
12868,CW,4,0.455,0.7491511928358239
12868,CW,4,0.456,0.7493975211911535
12868,CW,4,0.457,0.74965578615391
12868,CW,4,0.458,0.7499170128248986
12868,CW,4,0.459,0.7501884139947493
12868,CW,4,0.46,0.750482543577291
12868,CW,4,0.461,0.7508189007162864
12868,CW,4,0.462,0.7511905042728848
12868,CW,4,0.463,0.7515726594657969
12868,CW,4,0.464,0.7519339274474394
12868,CW,4,0.465,0.7522265816772479
12868,CW,4,0.466,0.7524558414465714
12868,CW,4,0.467,0.7526809217539251
12868,CW,4,0.468,0.7529183446421647
12868,CW,4,0.46900000000000003,0.7531825731213494
12868,CW,4,0.47000000000000003,0.7534728803926208
12868,CW,4,0.47100000000000003,0.7537589876541131
12868,CW,4,0.47200000000000003,0.7540195592168192
12868,CW,4,0.47300000000000003,0.754269285759365
12868,CW,4,0.47400000000000003,0.754547119189727
12868,CW,4,0.47500000000000003,0.7549029566813459
12868,CW,4,0.47600000000000003,0.7553756351384211
12868,CW,4,0.47700000000000004,0.7558947561259516
12868,CW,4,0.47800000000000004,0.7563852856407807
12868,CW,4,0.47900000000000004,0.7568347765496986
12868,CW,4,0.48,0.7572757081484955
12868,CW,4,0.481,0.7576802081962819
12868,CW,4,0.482,0.7580424610008308
12868,CW,4,0.483,0.7583934582083629
12868,CW,4,0.484,0.7586883750974401
12868,CW,4,0.485,0.7589241016513271
12868,CW,4,0.486,0.759170930297279
12868,CW,4,0.487,0.7594634858024076
12868,CW,4,0.488,0.7598168104396891
12868,CW,4,0.489,0.7601896020338182
12868,CW,4,0.49,0.7606034180174764
12868,CW,4,0.491,0.7610671113460085
12868,CW,4,0.492,0.7615627517824946
12868,CW,4,0.493,0.7622297717495699
12868,CW,4,0.494,0.7629653496678133
12868,CW,4,0.495,0.7636384759764719
12868,CW,4,0.496,0.7643279095230716
12868,CW,4,0.497,0.765047963962301
12868,CW,4,0.498,0.7657436135688263
12868,CW,4,0.499,0.7663896263800207
12868,CW,4,0.5,0.7670361564841448
12868,CW,4,0.501,0.7675107201506625
12868,CW,4,0.502,0.7679163885366506
12868,CW,4,0.503,0.7682211799297984
12868,CW,4,0.504,0.7685252023934972
12868,CW,4,0.505,0.7688837336935473
12868,CW,4,0.506,0.7692974263808913
12868,CW,4,0.507,0.7697890889547299
12868,CW,4,0.508,0.7703022135306035
12868,CW,4,0.509,0.7709835663709941
12868,CW,4,0.51,0.7717380860492314
12868,CW,4,0.511,0.7725014944604693
12868,CW,4,0.512,0.773249889955729
12868,CW,4,0.513,0.7738539248138654
12868,CW,4,0.514,0.7743141388071278
12868,CW,4,0.515,0.7746431477226734
12868,CW,4,0.516,0.7749216271702832
12868,CW,4,0.517,0.7751496170585144
12868,CW,4,0.518,0.7752599892682248
12868,CW,4,0.519,0.7753225122467344
12868,CW,4,0.52,0.7755690719382872
12868,CW,4,0.521,0.7759146698124928
12868,CW,4,0.522,0.7764986848203557
12868,CW,4,0.523,0.777230305324498
12868,CW,4,0.524,0.7781080401743327
12868,CW,4,0.525,0.7790867683646453
12868,CW,4,0.526,0.7799313217728293
12868,CW,4,0.527,0.7806326145692691
12868,CW,4,0.528,0.7812712880229479
12868,CW,4,0.529,0.7817748311596957
12868,CW,4,0.53,0.782301252960496
12868,CW,4,0.531,0.7827201865937166
12868,CW,4,0.532,0.7829756661912786
12868,CW,4,0.533,0.7832869514393473
12868,CW,4,0.534,0.7834989343285784
12868,CW,4,0.535,0.783749573941475
12868,CW,4,0.536,0.7840517014126382
12868,CW,4,0.537,0.784566235588511
12868,CW,4,0.538,0.7852885620621745
12868,CW,4,0.539,0.7860975889136316
12868,CW,4,0.54,0.7871301530906395
12868,CW,4,0.541,0.7881954759733802
12868,CW,4,0.542,0.7891628242167815
12868,CW,4,0.543,0.7900288999301198
12868,CW,4,0.544,0.7908138523620368
12868,CW,4,0.545,0.7915269750995039
12868,CW,4,0.546,0.7922855420712663
12868,CW,4,0.547,0.7931436731179058
12868,CW,4,0.548,0.7937801055336378
12868,CW,4,0.549,0.7947091690573361
12868,CW,4,0.55,0.7952660913497189
12868,CW,4,0.551,0.7961880903306697
12868,CW,4,0.552,0.7967042594240755
12868,CW,4,0.553,0.7971796294396758
12868,CW,4,0.554,0.798753408944956
12868,CW,4,0.555,0.8003917210516044
12868,CW,4,0.556,0.8023648177118847
12868,CW,4,0.557,0.804458412464223
12868,CW,4,0.558,0.8064171298907798
12868,CW,4,0.559,0.8088037101181753
12868,CW,4,0.56,0.8120004851959901
12868,CW,4,0.561,0.8150939283218065
12868,CW,4,0.562,0.8180849235130565
12868,CW,4,0.5630000000000001,0.8211909328193426
12868,CW,4,0.5640000000000001,0.8243159889126992
12868,CW,4,0.5650000000000001,0.8271120516681262
12868,CW,4,0.5660000000000001,0.8283744777670567
12868,CW,4,0.5670000000000001,0.828323359491
12868,CW,4,0.5680000000000001,0.8279494430030768
12868,CW,4,0.5690000000000001,0.8272477481064292
12868,CW,4,0.5700000000000001,0.8273435444368216
12868,CW,4,0.5710000000000001,0.8275923957422634
12868,CW,4,0.5720000000000001,0.8270485813022204
12868,CW,4,0.5730000000000001,0.8279185776030447
12868,CW,4,0.5740000000000001,0.8264734116956142
12868,CW,4,0.5750000000000001,0.825934687600459
12868,CW,4,0.5760000000000001,0.8228445532837262
12868,CW,4,0.577,0.8197129485701806
12868,CW,4,0.578,0.8159424002635617
12868,CW,4,0.579,0.8105208682683799
12868,CW,4,0.58,0.8042016240841918
12868,CW,4,0.581,0.8008941139934471
12868,CW,4,0.582,0.7953921130955405
12868,CW,4,0.583,0.7928965152043266
12868,CW,4,0.584,0.7897659120166434
12868,CW,4,0.585,0.7879361014744575
12868,CW,4,0.586,0.7863125153702303
12868,CW,4,0.587,0.7837209863841903
12868,CW,4,0.588,0.7816647654347495
12868,CW,4,0.589,0.7789259670531655
12868,CW,4,0.59,0.7748482215293951
12868,CW,4,0.591,0.7701669565374456
12868,CW,4,0.592,0.7638004645056544
12868,CW,4,0.593,0.7577825337886706
12868,CW,4,0.594,0.7530613660937645
12868,CW,4,0.595,0.7486314667711443
12868,CW,4,0.596,0.7458948996415337
12868,CW,4,0.597,0.7428018965179951
12868,CW,4,0.598,0.740528251391255
12868,CW,4,0.599,0.7396113399628267
12868,CW,4,0.6,0.739111808910779
12868,CW,4,0.601,0.7380124380388424
12868,CW,4,0.602,0.7368138053790507
12868,CW,4,0.603,0.7360887359681438
12868,CW,4,0.604,0.7350604602181651
12868,CW,4,0.605,0.7333931924243932
12868,CW,4,0.606,0.7322531805775366
12868,CW,4,0.607,0.7308075814489396
12868,CW,4,0.608,0.7289920043639603
12868,CW,4,0.609,0.7273317414808672
12868,CW,4,0.61,0.7262581836355846
12868,CW,4,0.611,0.7251342493574774
12868,CW,4,0.612,0.7242647210973043
12868,CW,4,0.613,0.7234911905015401
12868,CW,4,0.614,0.7228906957371066
12868,CW,4,0.615,0.7225136266907964
12868,CW,4,0.616,0.7221747930759329
12868,CW,4,0.617,0.7218448615554051
12868,CW,4,0.618,0.7214720077081741
12868,CW,4,0.619,0.7209741090061292
12868,CW,4,0.62,0.7206648358697254
12868,CW,4,0.621,0.7202763098574321
12868,CW,4,0.622,0.720086201101746
12868,CW,4,0.623,0.7198896464766389
12868,CW,4,0.624,0.7198044708421203
12868,CW,4,0.625,0.7197835706549368
12868,CW,4,0.626,0.7197908113849509
12868,CW,4,0.627,0.7198397362431472
12868,CW,4,0.628,0.7199339917175146
12868,CW,4,0.629,0.7200773700442685
12868,CW,4,0.63,0.7202491213768
12868,CW,4,0.631,0.7204549183432436
12868,CW,4,0.632,0.7206787736589453
12868,CW,4,0.633,0.7209235990219597
12868,CW,4,0.634,0.7211804955799742
12868,CW,4,0.635,0.7214837229091826
12868,CW,4,0.636,0.721793951600444
12868,CW,4,0.637,0.722144793804543
12868,CW,4,0.638,0.72250011560729
12868,CW,4,0.639,0.7229020272228857
12868,CW,4,0.64,0.7233340994082675
12868,CW,4,0.641,0.7237981422814068
12868,CW,4,0.642,0.7242831815929903
12868,CW,4,0.643,0.7247851330622784
12868,CW,4,0.644,0.7253263471190939
12868,CW,4,0.645,0.725917491523616
12868,CW,4,0.646,0.7265544078054674
12868,CW,4,0.647,0.7270855921777639
12868,CW,4,0.648,0.7276525128300786
12868,CW,4,0.649,0.7282561777151662
12868,CW,4,0.65,0.7289165247223823
12868,CW,4,0.651,0.7296491896502624
12868,CW,4,0.652,0.7303877684051839
12868,CW,4,0.653,0.731144409204563
12868,CW,4,0.654,0.7318967012985202
12868,CW,4,0.655,0.7326275907189671
12868,CW,4,0.656,0.7332497554268568
12868,CW,4,0.657,0.7338365613794281
12868,CW,4,0.658,0.7344217742797885
12868,CW,4,0.659,0.7349848556612693
12868,CW,4,0.66,0.7355369862786014
12868,CW,4,0.661,0.7360688952074109
12868,CW,4,0.662,0.7366830505095571
12868,CW,4,0.663,0.7374077043472514
12868,CW,4,0.664,0.7382786544252562
12868,CW,4,0.665,0.7393138909968057
12868,CW,4,0.666,0.7404865055055097
12868,CW,4,0.667,0.7417343380566176
12868,CW,4,0.668,0.7429506864097013
12868,CW,4,0.669,0.7441371698355922
12868,CW,4,0.67,0.7453406390317735
12868,CW,4,0.671,0.7464876181558976
12868,CW,4,0.672,0.7474529539049751
12868,CW,4,0.673,0.7482980332474943
12868,CW,4,0.674,0.7491392393193691
12868,CW,4,0.675,0.7499805210478833
12868,CW,4,0.676,0.7507658608912823
12868,CW,4,0.677,0.7515247013410992
12868,CW,4,0.678,0.752885761180658
12868,CW,4,0.679,0.7547596649359235
12868,CW,4,0.68,0.7568843730561636
12868,CW,4,0.681,0.7585230722130114
12868,CW,4,0.682,0.7597937749663988
12868,CW,4,0.683,0.7617137909746644
12868,CW,4,0.684,0.7634672036812503
12868,CW,4,0.685,0.764964607653706
12868,CW,4,0.686,0.7661796208810471
12868,CW,4,0.687,0.7669692363092957
12868,CW,4,0.6880000000000001,0.767586929939487
12868,CW,4,0.6890000000000001,0.770193194094569
12868,CW,4,0.6900000000000001,0.770761963178523
12868,CW,4,0.6910000000000001,0.7723692455544835
12868,CW,4,0.6920000000000001,0.7738237188460888
12868,CW,4,0.6930000000000001,0.7748620837457615
12868,CW,4,0.6940000000000001,0.77581108653645
12868,CW,4,0.6950000000000001,0.7768278255268087
12868,CW,4,0.6960000000000001,0.7774630276349548
12868,CW,4,0.6970000000000001,0.7775339364420555
12868,CW,4,0.6980000000000001,0.7772029308232887
12868,CW,4,0.6990000000000001,0.7773412433724957
12868,CW,4,0.7000000000000001,0.7774955146363051
12868,CW,4,0.7010000000000001,0.7779791284772036
12868,CW,4,0.7020000000000001,0.7790515087440826
12868,CW,4,0.7030000000000001,0.779865218651172
12868,CW,4,0.704,0.7782525639375178
12868,CW,4,0.705,0.7782067269213314
12868,CW,4,0.706,0.7724130076228118
12868,CW,4,0.707,0.7712530080841282
12868,CW,4,0.708,0.7614117183164614
12868,CW,4,0.709,0.7546790035764903
12868,CW,4,0.71,0.7455829168249579
12868,CW,4,0.711,0.7317553501149908
12868,CW,4,0.712,0.7265441336853942
12868,CW,4,0.713,0.7240972204558608
12868,CW,4,0.714,0.7237783546927603
12868,CW,4,0.715,0.7243522727677255
12868,CW,4,0.716,0.7280777934950795
12868,CW,4,0.717,0.7282654665336455
12868,CW,4,0.718,0.7267518799905749
12868,CW,4,0.719,0.7267720978952862
12868,CW,4,0.72,0.7197216833437005
12868,CW,4,0.721,0.7098306904558371
12868,CW,4,0.722,0.7111730152141469
12868,CW,4,0.723,0.6988141547751237
12868,CW,4,0.724,0.6903544704304689
12868,CW,4,0.725,0.6822948166798432
12868,CW,4,0.726,0.6844772319301166
12868,CW,4,0.727,0.6628152216714773
12868,CW,4,0.728,0.6242599039362975
12868,CW,4,0.729,0.5680788409490829
12868,CW,4,0.73,0.5069886857406823
12868,CW,4,0.731,0.44056420624923065
12868,CW,4,0.732,0.37583615408817633
12868,CW,4,0.733,0.33297753928668755
12868,CW,4,0.734,0.27432524104504113
12868,CW,4,0.735,0.21911143841464098
12868,CW,4,0.736,0.17772741106844242
12868,CW,4,0.737,0.12575256365213675
12868,CW,4,0.738,0.09871774686221038
12868,CW,4,0.739,0.0661548370153571
12868,CW,4,0.74,0.0661614673352717
12868,CW,4,0.741,0.07208211481737893
12868,CW,4,0.742,0.08654506736777944
12868,CW,4,0.743,0.09642026180505021
12868,CW,4,0.744,0.11959819814035573
12868,CW,4,0.745,0.1438697512709832
12868,CW,4,0.746,0.16556428615815297
12868,CW,4,0.747,0.18164292118607803
12868,CW,4,0.748,0.20448275041805392
12868,CW,4,0.749,0.21448851850764472
12868,CW,4,0.75,0.2246874315332572
12868,CW,4,0.751,0.23530749828580214
12868,CW,4,0.752,0.2442248619295053
12868,CW,4,0.753,0.25131313707160824
12868,CW,4,0.754,0.2564468650099897
12868,CW,4,0.755,0.2645455022070712
12868,CW,4,0.756,0.27395137887596416
12868,CW,4,0.757,0.2784645696870778
12868,CW,4,0.758,0.28567581813871046
12868,CW,4,0.759,0.28868402511181857
12868,CW,4,0.76,0.28705620660924247
12868,CW,4,0.761,0.2880489638202065
12868,CW,4,0.762,0.287941218619751
12868,CW,4,0.763,0.2893433110018922
12868,CW,4,0.764,0.2915739755032467
12868,CW,4,0.765,0.29274465480721756
12868,CW,4,0.766,0.294615102345311
12868,CW,4,0.767,0.2911797389183771
12868,CW,4,0.768,0.2875721210300413
12868,CW,4,0.769,0.28264679863233233
12868,CW,4,0.77,0.27862640347794065
12868,CW,4,0.771,0.2749395327387139
12868,CW,4,0.772,0.26953537266454475
12868,CW,4,0.773,0.2624181419548727
12868,CW,4,0.774,0.2563684590420262
12868,CW,4,0.775,0.24826304697061585
12868,CW,4,0.776,0.24262675812810192
12868,CW,4,0.777,0.23260277838101076
12868,CW,4,0.778,0.2211447243474709
12868,CW,4,0.779,0.21298216379088356
12868,CW,4,0.78,0.20078627572027274
12868,CW,4,0.781,0.18646983430214512
12868,CW,4,0.782,0.17402299467161933
12868,CW,4,0.783,0.1598291764016968
12868,CW,4,0.784,0.14523182314536479
12868,CW,4,0.785,0.12985320756627214
12868,CW,4,0.786,0.11833834826087895
12868,CW,4,0.787,0.1091611962565779
12868,CW,4,0.788,0.1014102775578185
12868,CW,4,0.789,0.09590231666337454
12868,CW,4,0.79,0.09023910438771736
12868,CW,4,0.791,0.08357364489789956
12868,CW,4,0.792,0.07345045439180879
12868,CW,4,0.793,0.051844321662029305
12868,CW,4,0.794,0.0372525590329085
12868,CW,4,0.795,0.0270383673226797
12868,CW,4,0.796,0.01825644495266325
12868,CW,4,0.797,0.0295926133788931
12868,CW,4,0.798,0.05074625878676005
12868,CW,4,0.799,0.07680062703429401
12868,CW,4,0.8,0.09466648768961182
12868,CW,4,0.801,0.11725773203520157
12868,CW,4,0.802,0.13144652448149594
12868,CW,4,0.803,0.13842862398058955
12868,CW,4,0.804,0.14630424423730484
12868,CW,4,0.805,0.16299861672937085
12868,CW,4,0.806,0.17641674084652378
12868,CW,4,0.807,0.18857016371027074
12868,CW,4,0.808,0.19817890817550626
12868,CW,4,0.809,0.20743697981749543
12868,CW,4,0.81,0.2271521167774927
12868,CW,4,0.811,0.24086615280996154
12868,CW,4,0.812,0.2587640455166038
12868,CW,4,0.8130000000000001,0.2648434374814998
12868,CW,4,0.8140000000000001,0.26817225228276603
12868,CW,4,0.8150000000000001,0.27687224849027553
12868,CW,4,0.8160000000000001,0.2768914312738115
12868,CW,4,0.8170000000000001,0.27924235232280753
12868,CW,4,0.8180000000000001,0.28104847647964143
12868,CW,4,0.8190000000000001,0.2847261746844956
12868,CW,4,0.8200000000000001,0.29272830142107586
12868,CW,4,0.8210000000000001,0.30247994914099274
12868,CW,4,0.8220000000000001,0.3148272834697421
12868,CW,4,0.8230000000000001,0.3306862105512201
12868,CW,4,0.8240000000000001,0.3435572749590252
12868,CW,4,0.8250000000000001,0.3593457433576295
12868,CW,4,0.8260000000000001,0.38201660805851545
12868,CW,4,0.8270000000000001,0.4101637268150756
12868,CW,4,0.8280000000000001,0.4409967166531499
12868,CW,4,0.8290000000000001,0.4710231860190325
12868,CW,4,0.8300000000000001,0.5057690109125754
12868,CW,4,0.8310000000000001,0.5456497284318177
12868,CW,4,0.8320000000000001,0.5854636383362726
12868,CW,4,0.833,0.6202704646410147
12868,CW,4,0.834,0.6547829454284453
12868,CW,4,0.835,0.6716981458785177
12868,CW,4,0.836,0.6985972558068366
12868,CW,4,0.837,0.7206110609424341
12868,CW,4,0.838,0.7248394638908515
12868,CW,4,0.839,0.7406514219715087
12868,CW,4,0.84,0.7492814687287757
12868,CW,4,0.841,0.7425695749934337
12868,CW,4,0.842,0.7506652793916099
12868,CW,4,0.843,0.7570481447806476
12868,CW,4,0.844,0.7616742744023557
12868,CW,4,0.845,0.7678344132746584
12868,CW,4,0.846,0.765664188786201
12868,CW,4,0.847,0.7741843630688262
12868,CW,4,0.848,0.7797292204351953
12868,CW,4,0.849,0.7792953258151831
12868,CW,4,0.85,0.7800071491150861
12868,CW,4,0.851,0.7860716299178391
12868,CW,4,0.852,0.7839377060526088
12868,CW,4,0.853,0.791654848232595
12868,CW,4,0.854,0.8016380151624626
12868,CW,4,0.855,0.8061804788584028
12868,CW,4,0.856,0.8219556214954624
12868,CW,4,0.857,0.8343960785145123
12868,CW,4,0.858,0.8580510309017877
12868,CW,4,0.859,0.8792580872162823
12868,CW,4,0.86,0.9024624851309864
12868,CW,4,0.861,0.9248568016930486
12868,CW,4,0.862,0.9450324451931096
12868,CW,4,0.863,0.9669380718554399
12868,CW,4,0.864,0.9828692864825036
12868,CW,4,0.865,1.000770973958857
12868,CW,4,0.866,1.0115191992649324
12868,CW,4,0.867,1.020020420617098
12868,CW,4,0.868,1.027097175555961
12868,CW,4,0.869,1.0346874875689838
12868,CW,4,0.87,1.0405122245419995
12868,CW,4,0.871,1.046707923584348
12868,CW,4,0.872,1.0530569061986836
12868,CW,4,0.873,1.0588255106151392
12868,CW,4,0.874,1.064106032464231
12868,CW,4,0.875,1.0697088271388515
12868,CW,4,0.876,1.0747900063761702
12868,CW,4,0.877,1.080299153658395
12868,CW,4,0.878,1.0860510845610387
12868,CW,4,0.879,1.0918400487557811
12868,CW,4,0.88,1.0977143005619232
12868,CW,4,0.881,1.103625234453234
12868,CW,4,0.882,1.1097197676078416
12868,CW,4,0.883,1.1156425794562703
12868,CW,4,0.884,1.1229640036726487
12868,CW,4,0.885,1.1295220072236176
12868,CW,4,0.886,1.1374296874853342
12868,CW,4,0.887,1.143351332181006
12868,CW,4,0.888,1.1492031802152578
12868,CW,4,0.889,1.155076445288234
12868,CW,4,0.89,1.1601291012425077
12868,CW,4,0.891,1.1643995506127518
12868,CW,4,0.892,1.1684921350234423
12868,CW,4,0.893,1.1736854609540703
12868,CW,4,0.894,1.1782036619253142
12868,CW,4,0.895,1.1831051805463069
12868,CW,4,0.896,1.1895704591273264
12868,CW,4,0.897,1.1929139927651775
12868,CW,4,0.898,1.2008124901210881
12868,CW,4,0.899,1.2082336856366795
12868,CW,4,0.9,1.2167998989629334
12868,CW,4,0.901,1.226661969002608
12868,CW,4,0.902,1.2365228961316592
12868,CW,4,0.903,1.248054919147971
12868,CW,4,0.904,1.2596261943961686
12868,CW,4,0.905,1.2685668657011742
12868,CW,4,0.906,1.27870235098205
12868,CW,4,0.907,1.2827816766097415
12868,CW,4,0.908,1.289880181193475
12868,CW,4,0.909,1.295497197057394
12868,CW,4,0.91,1.300493853239119
12868,CW,4,0.911,1.3060867954356608
12868,CW,4,0.912,1.3076243463141972
12868,CW,4,0.913,1.3105199526094151
12868,CW,4,0.914,1.319366097266939
12868,CW,4,0.915,1.3292979293242848
12868,CW,4,0.916,1.3402788570160458
12868,CW,4,0.917,1.3521715842142301
12868,CW,4,0.918,1.364118916463203
12868,CW,4,0.919,1.3771301639900932
12868,CW,4,0.92,1.390574591477255
12868,CW,4,0.921,1.4055682079922103
12868,CW,4,0.922,1.4158778258780618
12868,CW,4,0.923,1.4261245006728156
12868,CW,4,0.924,1.4343887673279603
12868,CW,4,0.925,1.4390461906225385
12868,CW,4,0.926,1.4484371092666106
12868,CW,4,0.927,1.4567681686438105
12868,CW,4,0.928,1.4657080571385732
12868,CW,4,0.929,1.4770267169880833
12868,CW,4,0.93,1.483986998396771
12868,CW,4,0.931,1.4948910276138418
12868,CW,4,0.932,1.506141331833728
12868,CW,4,0.933,1.5163090692681742
12868,CW,4,0.934,1.5248920051973784
12868,CW,4,0.935,1.5331170847371973
12868,CW,4,0.936,1.5384291034873823
12868,CW,4,0.937,1.548189217801157
12868,CW,4,0.9380000000000001,1.5543362599286148
12868,CW,4,0.9390000000000001,1.5564728689193181
12868,CW,4,0.9400000000000001,1.5592277668839072
12868,CW,4,0.9410000000000001,1.5633089756541572
12868,CW,4,0.9420000000000001,1.5696031885855186
12868,CW,4,0.9430000000000001,1.5773016341129404
12868,CW,4,0.9440000000000001,1.587677953414467
12868,CW,4,0.9450000000000001,1.5933811247361018
12868,CW,4,0.9460000000000001,1.6009945691639313
12868,CW,4,0.9470000000000001,1.6123912650116392
12868,CW,4,0.9480000000000001,1.6193911480977705
12868,CW,4,0.9490000000000001,1.631014823444402
12868,CW,4,0.9500000000000001,1.6413714888587994
12868,CW,4,0.9510000000000001,1.6512609549309687
12868,CW,4,0.9520000000000001,1.662533622493202
12868,CW,4,0.9530000000000001,1.6745097503452826
12868,CW,4,0.9540000000000001,1.6839278770098367
12868,CW,4,0.9550000000000001,1.6933326590683222
12868,CW,4,0.9560000000000001,1.7029197529516182
12868,CW,4,0.9570000000000001,1.7089652768467518
12868,CW,4,0.9580000000000001,1.7160117802430515
12868,CW,4,0.9590000000000001,1.7244528763070657
12868,CW,4,0.96,1.7330543899127322
12868,CW,4,0.961,1.7416475531484488
12868,CW,4,0.962,1.750699571095346
12868,CW,4,0.963,1.7618032140186222
12868,CW,4,0.964,1.7735312577476887
12868,CW,4,0.965,1.7844568576767776
12868,CW,4,0.966,1.794463715439993
12868,CW,4,0.967,1.8041599694446104
12868,CW,4,0.968,1.814261259940871
12868,CW,4,0.969,1.824310876502396
12868,CW,4,0.97,1.835387623649907
12868,CW,4,0.971,1.844412527682618
12868,CW,4,0.972,1.8526899315833947
12868,CW,4,0.973,1.860964884977776
12868,CW,4,0.974,1.8692952223074915
12868,CW,4,0.975,1.8748451647008986
12868,CW,4,0.976,1.88085242482892
12868,CW,4,0.977,1.8889810379079286
12868,CW,4,0.978,1.8950654048946893
12868,CW,4,0.979,1.8985231535947256
12868,CW,4,0.98,1.907274631657147
12868,CW,4,0.981,1.9151825017416761
12868,CW,4,0.982,1.9296041720478427
12868,CW,4,0.983,1.9411733710681567
12868,CW,4,0.984,1.9514936145877053
12868,CW,4,0.985,1.9575749973694359
12868,CW,4,0.986,1.966259096324154
12868,CW,4,0.987,1.9778562838906575
12868,CW,4,0.988,1.9934049325481815
12868,CW,4,0.989,2.007621304270466
12868,CW,4,0.99,2.018647709079061
12868,CW,4,0.991,2.0274880458809275
12868,CW,4,0.992,2.0355888931293262
12868,CW,4,0.993,2.042843357713175
12868,CW,4,0.994,2.05119894010899
12868,CW,4,0.995,2.063425063451401
12868,CW,4,0.996,2.0760046109424457
12868,CW,4,0.997,2.087345397540422
12868,CW,4,0.998,2.098168871585915
12868,CW,4,0.999,2.1088189509955435
12868,CW,4,1.0,2.119210771873071
12868,CW,5,0.0,0.0
12868,CW,5,0.001,0.001374836200053402
12868,CW,5,0.002,0.0022908944736984575
12868,CW,5,0.003,0.0035198833157448314
12868,CW,5,0.004,0.004961708759899613
12868,CW,5,0.005,0.006168229610022723
12868,CW,5,0.006,0.007142922990938328
12868,CW,5,0.007,0.00812637532020634
12868,CW,5,0.008,0.009165933140069102
12868,CW,5,0.009000000000000001,0.010355996278349005
12868,CW,5,0.01,0.011717439981446472
12868,CW,5,0.011,0.013200589140301939
12868,CW,5,0.012,0.01466082790453648
12868,CW,5,0.013000000000000001,0.01562902250062779
12868,CW,5,0.014,0.01614624428135397
12868,CW,5,0.015,0.01678308290911714
12868,CW,5,0.016,0.017474359887586645
12868,CW,5,0.017,0.01827976392514814
12868,CW,5,0.018000000000000002,0.019324847128629963
12868,CW,5,0.019,0.020669435504865535
12868,CW,5,0.02,0.02200870736620979
12868,CW,5,0.021,0.023325423689892436
12868,CW,5,0.022,0.024833852817169343
12868,CW,5,0.023,0.026343263046773067
12868,CW,5,0.024,0.02781208114966995
12868,CW,5,0.025,0.02923770866367521
12868,CW,5,0.026000000000000002,0.03049225133867709
12868,CW,5,0.027,0.03152819908594618
12868,CW,5,0.028,0.03314970831135658
12868,CW,5,0.029,0.03495993695701533
12868,CW,5,0.03,0.037289716068887695
12868,CW,5,0.031,0.04031614828546234
12868,CW,5,0.032,0.04306603619891262
12868,CW,5,0.033,0.045873910941548995
12868,CW,5,0.034,0.0484768994153742
12868,CW,5,0.035,0.05051527278701282
12868,CW,5,0.036000000000000004,0.052017584896837214
12868,CW,5,0.037,0.05317235663960623
12868,CW,5,0.038,0.05384589967758311
12868,CW,5,0.039,0.05428166562272622
12868,CW,5,0.04,0.05462154998218883
12868,CW,5,0.041,0.055241765064101035
12868,CW,5,0.042,0.05572737027540231
12868,CW,5,0.043000000000000003,0.056198240285583734
12868,CW,5,0.044,0.05715313818492496
12868,CW,5,0.045,0.058640649352824044
12868,CW,5,0.046,0.06034367208515012
12868,CW,5,0.047,0.06173311657424499
12868,CW,5,0.048,0.06318812354912415
12868,CW,5,0.049,0.06491302797661805
12868,CW,5,0.05,0.06674051789968785
12868,CW,5,0.051000000000000004,0.06848593844311317
12868,CW,5,0.052000000000000005,0.06966480564874399
12868,CW,5,0.053,0.07047288624705679
12868,CW,5,0.054,0.07135802335291268
12868,CW,5,0.055,0.07282329867645654
12868,CW,5,0.056,0.07448047916316332
12868,CW,5,0.057,0.0755445661782643
12868,CW,5,0.058,0.07615684323560724
12868,CW,5,0.059000000000000004,0.07703065669191438
12868,CW,5,0.06,0.0781159957589658
12868,CW,5,0.061,0.07931075594274968
12868,CW,5,0.062,0.08096931769368285
12868,CW,5,0.063,0.0829349014730216
12868,CW,5,0.064,0.08510679268565664
12868,CW,5,0.065,0.08718644064414638
12868,CW,5,0.066,0.08908030636989436
12868,CW,5,0.067,0.09086479802147976
12868,CW,5,0.068,0.09250953403457537
12868,CW,5,0.069,0.09435017795104099
12868,CW,5,0.07,0.0966451738726243
12868,CW,5,0.07100000000000001,0.0994620141430184
12868,CW,5,0.07200000000000001,0.10245398443908706
12868,CW,5,0.073,0.10535576087241655
12868,CW,5,0.074,0.10780615537239198
12868,CW,5,0.075,0.1098248597093909
12868,CW,5,0.076,0.1117639104107187
12868,CW,5,0.077,0.11381142273962064
12868,CW,5,0.078,0.11616968771012447
12868,CW,5,0.079,0.11874200278747113
12868,CW,5,0.08,0.12161818561664908
12868,CW,5,0.081,0.12492346190277102
12868,CW,5,0.082,0.12825406739847348
12868,CW,5,0.083,0.13139731622552056
12868,CW,5,0.084,0.13433247654201816
12868,CW,5,0.085,0.13701477777752294
12868,CW,5,0.08600000000000001,0.13939195918293804
12868,CW,5,0.08700000000000001,0.14191396933333836
12868,CW,5,0.088,0.14419675402820634
12868,CW,5,0.089,0.1464208637843191
12868,CW,5,0.09,0.14811259807551758
12868,CW,5,0.091,0.14921684692267254
12868,CW,5,0.092,0.15041158323654288
12868,CW,5,0.093,0.15207191854910537
12868,CW,5,0.094,0.15534419783265033
12868,CW,5,0.095,0.1577013865605872
12868,CW,5,0.096,0.16030802667925595
12868,CW,5,0.097,0.16398481620470967
12868,CW,5,0.098,0.16834140688069327
12868,CW,5,0.099,0.1720379893085818
12868,CW,5,0.1,0.1746836576881776
12868,CW,5,0.101,0.17595936273450596
12868,CW,5,0.10200000000000001,0.17696869580938307
12868,CW,5,0.10300000000000001,0.17436174617591046
12868,CW,5,0.10400000000000001,0.17371297976251487
12868,CW,5,0.105,0.17371143959565175
12868,CW,5,0.106,0.17372620223788202
12868,CW,5,0.107,0.1740555335136839
12868,CW,5,0.108,0.17302551540989417
12868,CW,5,0.109,0.17529134349420267
12868,CW,5,0.11,0.17811811593021146
12868,CW,5,0.111,0.1823522344002777
12868,CW,5,0.112,0.18799382126193973
12868,CW,5,0.113,0.19384457209545855
12868,CW,5,0.114,0.20073002461319298
12868,CW,5,0.115,0.20383664445723548
12868,CW,5,0.116,0.21273947469051277
12868,CW,5,0.117,0.21340091554021218
12868,CW,5,0.11800000000000001,0.2124851368729832
12868,CW,5,0.11900000000000001,0.21348254436718558
12868,CW,5,0.12,0.2146971752528737
12868,CW,5,0.121,0.21332438225590583
12868,CW,5,0.122,0.21863868851017565
12868,CW,5,0.123,0.21918050619300314
12868,CW,5,0.124,0.21797084679568585
12868,CW,5,0.125,0.22114434555662132
12868,CW,5,0.126,0.22502861170300795
12868,CW,5,0.127,0.22590049162590004
12868,CW,5,0.128,0.2270560274992401
12868,CW,5,0.129,0.2313220216233792
12868,CW,5,0.13,0.23464491279489516
12868,CW,5,0.131,0.2381763356802157
12868,CW,5,0.132,0.23828800678799011
12868,CW,5,0.133,0.2413742608330011
12868,CW,5,0.134,0.24068024317213266
12868,CW,5,0.135,0.2407015799504877
12868,CW,5,0.136,0.2427599192691049
12868,CW,5,0.137,0.24418285410966517
12868,CW,5,0.138,0.24636672291531866
12868,CW,5,0.139,0.24904891007249372
12868,CW,5,0.14,0.2523928959477217
12868,CW,5,0.14100000000000001,0.25214360777319006
12868,CW,5,0.14200000000000002,0.25549228125347245
12868,CW,5,0.14300000000000002,0.25851530873330136
12868,CW,5,0.14400000000000002,0.26106306625737247
12868,CW,5,0.145,0.2605154161665771
12868,CW,5,0.146,0.2629964107263177
12868,CW,5,0.147,0.26491194797842915
12868,CW,5,0.148,0.26669802458629643
12868,CW,5,0.149,0.26692198646483367
12868,CW,5,0.15,0.2702236715856782
12868,CW,5,0.151,0.27153457278801296
12868,CW,5,0.152,0.2731729134495353
12868,CW,5,0.153,0.27485490664028284
12868,CW,5,0.154,0.2782109416510944
12868,CW,5,0.155,0.2820793451701876
12868,CW,5,0.156,0.2864521576608726
12868,CW,5,0.157,0.2910107286551776
12868,CW,5,0.158,0.29563764507161117
12868,CW,5,0.159,0.2982554408162127
12868,CW,5,0.16,0.30062120080532856
12868,CW,5,0.161,0.3044384784972601
12868,CW,5,0.162,0.30781512400271466
12868,CW,5,0.163,0.31106184133142273
12868,CW,5,0.164,0.3135641323723439
12868,CW,5,0.165,0.31427764235573236
12868,CW,5,0.166,0.314742756109202
12868,CW,5,0.167,0.3151771916237872
12868,CW,5,0.168,0.3155764416488387
12868,CW,5,0.169,0.31567931864799226
12868,CW,5,0.17,0.31643749812379857
12868,CW,5,0.171,0.31709887118406843
12868,CW,5,0.17200000000000001,0.3178380484031311
12868,CW,5,0.17300000000000001,0.3184052439170797
12868,CW,5,0.17400000000000002,0.3195759889576611
12868,CW,5,0.17500000000000002,0.3202830712338709
12868,CW,5,0.176,0.3210519229582776
12868,CW,5,0.177,0.32170506189060544
12868,CW,5,0.178,0.32256481741852405
12868,CW,5,0.179,0.3231127255451136
12868,CW,5,0.18,0.32382258565935523
12868,CW,5,0.181,0.3246608636534932
12868,CW,5,0.182,0.3257092808967587
12868,CW,5,0.183,0.3270067741843836
12868,CW,5,0.184,0.32854530102205176
12868,CW,5,0.185,0.3303717045207939
12868,CW,5,0.186,0.33210578139416
12868,CW,5,0.187,0.3338422899661651
12868,CW,5,0.188,0.33557324485504914
12868,CW,5,0.189,0.33705491837473694
12868,CW,5,0.19,0.33889431303902656
12868,CW,5,0.191,0.34062087410149644
12868,CW,5,0.192,0.3424980374114913
12868,CW,5,0.193,0.3448370654117192
12868,CW,5,0.194,0.3472478383180385
12868,CW,5,0.195,0.3497358655252809
12868,CW,5,0.196,0.35238780195032066
12868,CW,5,0.197,0.35513996315262597
12868,CW,5,0.198,0.35852779534851575
12868,CW,5,0.199,0.3624148212317068
12868,CW,5,0.2,0.3661534582264176
12868,CW,5,0.201,0.37027886507507835
12868,CW,5,0.202,0.37548821858826853
12868,CW,5,0.203,0.3785274554190206
12868,CW,5,0.20400000000000001,0.38282727281232687
12868,CW,5,0.20500000000000002,0.38757588058799086
12868,CW,5,0.20600000000000002,0.38994513253889385
12868,CW,5,0.20700000000000002,0.394207060531001
12868,CW,5,0.20800000000000002,0.39827693388069313
12868,CW,5,0.209,0.4002296831029201
12868,CW,5,0.21,0.40152635308492773
12868,CW,5,0.211,0.4038375058848959
12868,CW,5,0.212,0.40447927926502086
12868,CW,5,0.213,0.4051776813653484
12868,CW,5,0.214,0.40842497706105796
12868,CW,5,0.215,0.4161990308702195
12868,CW,5,0.216,0.4218671724370639
12868,CW,5,0.217,0.4293780793651682
12868,CW,5,0.218,0.4376886020744817
12868,CW,5,0.219,0.44196318856493877
12868,CW,5,0.22,0.4449509340733427
12868,CW,5,0.221,0.44745518546466967
12868,CW,5,0.222,0.45011422025188863
12868,CW,5,0.223,0.4526566034744507
12868,CW,5,0.224,0.45431654818862066
12868,CW,5,0.225,0.45634561160715614
12868,CW,5,0.226,0.458407944271642
12868,CW,5,0.227,0.46117671433445095
12868,CW,5,0.228,0.46435279109971483
12868,CW,5,0.229,0.46609536653069883
12868,CW,5,0.23,0.4719228744871691
12868,CW,5,0.231,0.47991735466289326
12868,CW,5,0.232,0.4852866172404305
12868,CW,5,0.233,0.4919245650425499
12868,CW,5,0.234,0.4969636347454149
12868,CW,5,0.23500000000000001,0.49991839362926993
12868,CW,5,0.23600000000000002,0.5022509219958372
12868,CW,5,0.23700000000000002,0.5048372798513736
12868,CW,5,0.23800000000000002,0.5067728515757339
12868,CW,5,0.23900000000000002,0.5084876007556678
12868,CW,5,0.24,0.5121709386041735
12868,CW,5,0.241,0.5127582077805164
12868,CW,5,0.242,0.5139746272162673
12868,CW,5,0.243,0.5197071702907585
12868,CW,5,0.244,0.5229482177358431
12868,CW,5,0.245,0.526441723590676
12868,CW,5,0.246,0.5310250932346077
12868,CW,5,0.247,0.538477391482527
12868,CW,5,0.248,0.5406495504679572
12868,CW,5,0.249,0.54767938383392
12868,CW,5,0.25,0.5501313287615176
12868,CW,5,0.251,0.5513039180591227
12868,CW,5,0.252,0.5549881369468415
12868,CW,5,0.253,0.5554716757088863
12868,CW,5,0.254,0.558717300496276
12868,CW,5,0.255,0.5598541737446742
12868,CW,5,0.256,0.565955904060601
12868,CW,5,0.257,0.5703533929460451
12868,CW,5,0.258,0.5752418952026408
12868,CW,5,0.259,0.5753598688798779
12868,CW,5,0.26,0.5770465570884228
12868,CW,5,0.261,0.5807903076031165
12868,CW,5,0.262,0.5848642057290717
12868,CW,5,0.263,0.5882375744316193
12868,CW,5,0.264,0.587997608061741
12868,CW,5,0.265,0.5927670414776901
12868,CW,5,0.266,0.5966558079642126
12868,CW,5,0.267,0.5956691784488504
12868,CW,5,0.268,0.5948728615443236
12868,CW,5,0.269,0.5953582262461444
12868,CW,5,0.27,0.5966267543178667
12868,CW,5,0.271,0.5993393948788232
12868,CW,5,0.272,0.6031645279787958
12868,CW,5,0.273,0.6093264343082713
12868,CW,5,0.274,0.6088858833987075
12868,CW,5,0.275,0.6093187514417284
12868,CW,5,0.276,0.6097076379286394
12868,CW,5,0.277,0.6115278037904539
12868,CW,5,0.278,0.6187052847477605
12868,CW,5,0.279,0.6250909373567873
12868,CW,5,0.28,0.627477075965664
12868,CW,5,0.281,0.6351188948056855
12868,CW,5,0.28200000000000003,0.6430996028158553
12868,CW,5,0.28300000000000003,0.6460181731474265
12868,CW,5,0.28400000000000003,0.6472719932224321
12868,CW,5,0.28500000000000003,0.6478083460796701
12868,CW,5,0.28600000000000003,0.6475829888866783
12868,CW,5,0.28700000000000003,0.6487775981531784
12868,CW,5,0.28800000000000003,0.6450680185592592
12868,CW,5,0.289,0.6433399264359725
12868,CW,5,0.29,0.6405234853418663
12868,CW,5,0.291,0.6424688687753598
12868,CW,5,0.292,0.639167652295067
12868,CW,5,0.293,0.6397580660822829
12868,CW,5,0.294,0.6430095285864401
12868,CW,5,0.295,0.6460838823376588
12868,CW,5,0.296,0.649255666359997
12868,CW,5,0.297,0.6522723946411925
12868,CW,5,0.298,0.6559226644654514
12868,CW,5,0.299,0.6565472209460284
12868,CW,5,0.3,0.656372374963597
12868,CW,5,0.301,0.6558380708779883
12868,CW,5,0.302,0.6560806469520912
12868,CW,5,0.303,0.6528094297567042
12868,CW,5,0.304,0.6532324558888434
12868,CW,5,0.305,0.652944111614471
12868,CW,5,0.306,0.6525569112197526
12868,CW,5,0.307,0.6530313407169832
12868,CW,5,0.308,0.6556691417855693
12868,CW,5,0.309,0.6598973743583213
12868,CW,5,0.31,0.6640495936214124
12868,CW,5,0.311,0.671438729777308
12868,CW,5,0.312,0.6755296575208289
12868,CW,5,0.313,0.680502974829257
12868,CW,5,0.314,0.6877469618323518
12868,CW,5,0.315,0.6940639519794535
12868,CW,5,0.316,0.6987396484577696
12868,CW,5,0.317,0.7039370158387769
12868,CW,5,0.318,0.7082044312280422
12868,CW,5,0.319,0.7142372860590885
12868,CW,5,0.32,0.7192083084059314
12868,CW,5,0.321,0.7242584715531422
12868,CW,5,0.322,0.7303733003128017
12868,CW,5,0.323,0.7359700814699274
12868,CW,5,0.324,0.7428695532380006
12868,CW,5,0.325,0.7510219665121959
12868,CW,5,0.326,0.7584775926857417
12868,CW,5,0.327,0.7654523326165288
12868,CW,5,0.328,0.7735189828683982
12868,CW,5,0.329,0.7817853549426957
12868,CW,5,0.33,0.790019973451282
12868,CW,5,0.331,0.7973306764326867
12868,CW,5,0.332,0.8045592237883591
12868,CW,5,0.333,0.8121336310547721
12868,CW,5,0.334,0.8190644313321621
12868,CW,5,0.335,0.8258045437423207
12868,CW,5,0.336,0.8329578820205695
12868,CW,5,0.337,0.8401588356611567
12868,CW,5,0.338,0.8472888206663858
12868,CW,5,0.339,0.8554182268915818
12868,CW,5,0.34,0.8647445675057606
12868,CW,5,0.341,0.8737725548374602
12868,CW,5,0.342,0.8817266861091765
12868,CW,5,0.343,0.88977746000482
12868,CW,5,0.34400000000000003,0.8978395111778575
12868,CW,5,0.34500000000000003,0.9061486044398592
12868,CW,5,0.34600000000000003,0.9141921057209061
12868,CW,5,0.34700000000000003,0.9230799496517578
12868,CW,5,0.34800000000000003,0.9321627710295388
12868,CW,5,0.34900000000000003,0.940563363341317
12868,CW,5,0.35000000000000003,0.9487441522480516
12868,CW,5,0.35100000000000003,0.9570618209196873
12868,CW,5,0.352,0.9649277520959282
12868,CW,5,0.353,0.9725425990626091
12868,CW,5,0.354,0.9803696028354317
12868,CW,5,0.355,0.9889842570034012
12868,CW,5,0.356,0.9985457625457584
12868,CW,5,0.357,1.008835495550527
12868,CW,5,0.358,1.0196144378527108
12868,CW,5,0.359,1.0301951525218633
12868,CW,5,0.36,1.0398242316718873
12868,CW,5,0.361,1.0492772714010414
12868,CW,5,0.362,1.0587880556213511
12868,CW,5,0.363,1.0686778406845236
12868,CW,5,0.364,1.0788701361844204
12868,CW,5,0.365,1.088861750216154
12868,CW,5,0.366,1.098641032535512
12868,CW,5,0.367,1.1080315869896473
12868,CW,5,0.368,1.1166581879678323
12868,CW,5,0.369,1.1250038850428294
12868,CW,5,0.37,1.1337156840717122
12868,CW,5,0.371,1.1427924249722032
12868,CW,5,0.372,1.152219761045265
12868,CW,5,0.373,1.1621730000562858
12868,CW,5,0.374,1.1717145220628113
12868,CW,5,0.375,1.1812349410237974
12868,CW,5,0.376,1.1900782014454416
12868,CW,5,0.377,1.1987550369107272
12868,CW,5,0.378,1.2079927728390774
12868,CW,5,0.379,1.2167310448782334
12868,CW,5,0.38,1.225347509967247
12868,CW,5,0.381,1.2340676181749757
12868,CW,5,0.382,1.2430251598565076
12868,CW,5,0.383,1.2521839771786103
12868,CW,5,0.384,1.2614622627706085
12868,CW,5,0.385,1.2713135004084883
12868,CW,5,0.386,1.2819604753436147
12868,CW,5,0.387,1.2929724021001137
12868,CW,5,0.388,1.3039392747921388
12868,CW,5,0.389,1.314538224530215
12868,CW,5,0.39,1.3244314735664218
12868,CW,5,0.391,1.3339427771221528
12868,CW,5,0.392,1.3435403578400396
12868,CW,5,0.393,1.3527228380383827
12868,CW,5,0.394,1.3613738127648223
12868,CW,5,0.395,1.3696548136033122
12868,CW,5,0.396,1.3782832337102195
12868,CW,5,0.397,1.3867373836138646
12868,CW,5,0.398,1.3951294609754616
12868,CW,5,0.399,1.404324319243854
12868,CW,5,0.4,1.413902122125907
12868,CW,5,0.401,1.4234640413961244
12868,CW,5,0.402,1.433153267097417
12868,CW,5,0.403,1.443402333035075
12868,CW,5,0.404,1.4538016923807933
12868,CW,5,0.405,1.4637190339943755
12868,CW,5,0.406,1.4731990449143029
12868,CW,5,0.40700000000000003,1.4827085168864522
12868,CW,5,0.40800000000000003,1.4923533379647276
12868,CW,5,0.40900000000000003,1.5017489132557944
12868,CW,5,0.41000000000000003,1.5104622373181893
12868,CW,5,0.41100000000000003,1.518515310112009
12868,CW,5,0.41200000000000003,1.5262960741693437
12868,CW,5,0.41300000000000003,1.5341876701725141
12868,CW,5,0.41400000000000003,1.542826062091524
12868,CW,5,0.41500000000000004,1.5524536419724384
12868,CW,5,0.41600000000000004,1.5619603375948723
12868,CW,5,0.417,1.5711283320162739
12868,CW,5,0.418,1.5805968707088953
12868,CW,5,0.419,1.5902156536540688
12868,CW,5,0.42,1.5995768625369644
12868,CW,5,0.421,1.6080523393216852
12868,CW,5,0.422,1.6164968479430164
12868,CW,5,0.423,1.6255055924562558
12868,CW,5,0.424,1.6348570083899683
12868,CW,5,0.425,1.6437404954008916
12868,CW,5,0.426,1.652199159939717
12868,CW,5,0.427,1.6606426773345493
12868,CW,5,0.428,1.6694749697305633
12868,CW,5,0.429,1.6785684982913853
12868,CW,5,0.43,1.6881593710895484
12868,CW,5,0.431,1.6980970924845202
12868,CW,5,0.432,1.70816231076472
12868,CW,5,0.433,1.7187232909711472
12868,CW,5,0.434,1.72975215580022
12868,CW,5,0.435,1.7408396278130585
12868,CW,5,0.436,1.7517403068081454
12868,CW,5,0.437,1.761989581676286
12868,CW,5,0.438,1.7713677455821388
12868,CW,5,0.439,1.7811004338063925
12868,CW,5,0.44,1.7912310975199826
12868,CW,5,0.441,1.8012997606697467
12868,CW,5,0.442,1.8107505193679743
12868,CW,5,0.443,1.8200315037671169
12868,CW,5,0.444,1.829272584870081
12868,CW,5,0.445,1.8386173243680666
12868,CW,5,0.446,1.8481658441512707
12868,CW,5,0.447,1.8576392426397368
12868,CW,5,0.448,1.8673703951031106
12868,CW,5,0.449,1.8774450824024032
12868,CW,5,0.45,1.8883265367487885
12868,CW,5,0.451,1.8999024573523997
12868,CW,5,0.452,1.9117997900806096
12868,CW,5,0.453,1.9231603532332333
12868,CW,5,0.454,1.93314159217225
12868,CW,5,0.455,1.942109429382792
12868,CW,5,0.456,1.9513155552955257
12868,CW,5,0.457,1.9607059064842185
12868,CW,5,0.458,1.9703382148507333
12868,CW,5,0.459,1.980462510102701
12868,CW,5,0.46,1.9914978529313323
12868,CW,5,0.461,2.002478459936509
12868,CW,5,0.462,2.012739997186115
12868,CW,5,0.463,2.0220962439478396
12868,CW,5,0.464,2.0312143541834664
12868,CW,5,0.465,2.041170254714866
12868,CW,5,0.466,2.052326088101896
12868,CW,5,0.467,2.063945553793417
12868,CW,5,0.468,2.075597784045852
12868,CW,5,0.46900000000000003,2.0865811423887846
12868,CW,5,0.47000000000000003,2.0967519179339944
12868,CW,5,0.47100000000000003,2.107232010028355
12868,CW,5,0.47200000000000003,2.1185049735816914
12868,CW,5,0.47300000000000003,2.1295497630379514
12868,CW,5,0.47400000000000003,2.1398835027525904
12868,CW,5,0.47500000000000003,2.1495977570262683
12868,CW,5,0.47600000000000003,2.158693060114839
12868,CW,5,0.47700000000000004,2.167507486223893
12868,CW,5,0.47800000000000004,2.176321312208962
12868,CW,5,0.47900000000000004,2.185243790813908
12868,CW,5,0.48,2.194021416112995
12868,CW,5,0.481,2.203392198001723
12868,CW,5,0.482,2.2140170667652663
12868,CW,5,0.483,2.2254704131052305
12868,CW,5,0.484,2.236806342870017
12868,CW,5,0.485,2.2477026073786543
12868,CW,5,0.486,2.257644616855516
12868,CW,5,0.487,2.2674601788637463
12868,CW,5,0.488,2.277234474717373
12868,CW,5,0.489,2.2869440797557212
12868,CW,5,0.49,2.2964889291396218
12868,CW,5,0.491,2.30563588329781
12868,CW,5,0.492,2.314883385184075
12868,CW,5,0.493,2.323399222807692
12868,CW,5,0.494,2.3320889206987534
12868,CW,5,0.495,2.341666045887366
12868,CW,5,0.496,2.3513113183493783
12868,CW,5,0.497,2.360494213591727
12868,CW,5,0.498,2.370209069399133
12868,CW,5,0.499,2.379523762102025
12868,CW,5,0.5,2.3880719462509763
12868,CW,5,0.501,2.39711227548523
12868,CW,5,0.502,2.4063022602403623
12868,CW,5,0.503,2.4157261615878687
12868,CW,5,0.504,2.4258790038219464
12868,CW,5,0.505,2.4363963271687226
12868,CW,5,0.506,2.4464487276634133
12868,CW,5,0.507,2.4560834587476976
12868,CW,5,0.508,2.4660453030378173
12868,CW,5,0.509,2.475532391406835
12868,CW,5,0.51,2.4847971779116986
12868,CW,5,0.511,2.493759859270308
12868,CW,5,0.512,2.502523350902653
12868,CW,5,0.513,2.512140256113618
12868,CW,5,0.514,2.5224782396024517
12868,CW,5,0.515,2.5332510072569057
12868,CW,5,0.516,2.5438961272485674
12868,CW,5,0.517,2.554316985610362
12868,CW,5,0.518,2.5644425340747987
12868,CW,5,0.519,2.574231667545173
12868,CW,5,0.52,2.5841977586359057
12868,CW,5,0.521,2.5941484593326947
12868,CW,5,0.522,2.6030683045286813
12868,CW,5,0.523,2.6116929685647614
12868,CW,5,0.524,2.6206262471343678
12868,CW,5,0.525,2.6298512022290645
12868,CW,5,0.526,2.6388964627352363
12868,CW,5,0.527,2.6488542529177734
12868,CW,5,0.528,2.6588673488254027
12868,CW,5,0.529,2.6695031687736663
12868,CW,5,0.53,2.6803375377413907
12868,CW,5,0.531,2.690868607763595
12868,CW,5,0.532,2.701230917231189
12868,CW,5,0.533,2.7105933542590823
12868,CW,5,0.534,2.7201631569271165
12868,CW,5,0.535,2.7298201263224295
12868,CW,5,0.536,2.73993727829901
12868,CW,5,0.537,2.7496610171670377
12868,CW,5,0.538,2.758074727518234
12868,CW,5,0.539,2.766657610108228
12868,CW,5,0.54,2.7759502620295153
12868,CW,5,0.541,2.7854189262553715
12868,CW,5,0.542,2.7957497868825163
12868,CW,5,0.543,2.80685995682763
12868,CW,5,0.544,2.8177264089523533
12868,CW,5,0.545,2.8281739212200527
12868,CW,5,0.546,2.838614807515322
12868,CW,5,0.547,2.847969821674768
12868,CW,5,0.548,2.857155880735369
12868,CW,5,0.549,2.864880293539401
12868,CW,5,0.55,2.8694681412523906
12868,CW,5,0.551,2.8734849655219334
12868,CW,5,0.552,2.879661158816802
12868,CW,5,0.553,2.8833064171665823
12868,CW,5,0.554,2.885378838174259
12868,CW,5,0.555,2.8870404116822916
12868,CW,5,0.556,2.8889852571724184
12868,CW,5,0.557,2.891349999156902
12868,CW,5,0.558,2.8935515992127137
12868,CW,5,0.559,2.893345978196856
12868,CW,5,0.56,2.889586261505898
12868,CW,5,0.561,2.883758257254769
12868,CW,5,0.562,2.8761294951137013
12868,CW,5,0.5630000000000001,2.8673466870901043
12868,CW,5,0.5640000000000001,2.855079766613599
12868,CW,5,0.5650000000000001,2.839638883389648
12868,CW,5,0.5660000000000001,2.823217944005636
12868,CW,5,0.5670000000000001,2.807783197586037
12868,CW,5,0.5680000000000001,2.7956173908183426
12868,CW,5,0.5690000000000001,2.7849155383900395
12868,CW,5,0.5700000000000001,2.783393981932587
12868,CW,5,0.5710000000000001,2.7779374789311424
12868,CW,5,0.5720000000000001,2.756544693297306
12868,CW,5,0.5730000000000001,2.755466257016732
12868,CW,5,0.5740000000000001,2.7302916321530004
12868,CW,5,0.5750000000000001,2.7137887705100003
12868,CW,5,0.5760000000000001,2.6804498052795496
12868,CW,5,0.577,2.6654906167123444
12868,CW,5,0.578,2.63601332352757
12868,CW,5,0.579,2.6083248276702915
12868,CW,5,0.58,2.590350829431295
12868,CW,5,0.581,2.575635388610954
12868,CW,5,0.582,2.5660864172262374
12868,CW,5,0.583,2.5599002296090068
12868,CW,5,0.584,2.55696045298447
12868,CW,5,0.585,2.5547143331481683
12868,CW,5,0.586,2.5579995604500283
12868,CW,5,0.587,2.5553672991208995
12868,CW,5,0.588,2.552733520023492
12868,CW,5,0.589,2.5513572649419416
12868,CW,5,0.59,2.5490819106833547
12868,CW,5,0.591,2.545114085372994
12868,CW,5,0.592,2.540635970935664
12868,CW,5,0.593,2.5382104771394047
12868,CW,5,0.594,2.535258694544021
12868,CW,5,0.595,2.5331935488890354
12868,CW,5,0.596,2.5323717933529917
12868,CW,5,0.597,2.531917916290732
12868,CW,5,0.598,2.531115306704845
12868,CW,5,0.599,2.531147280525164
12868,CW,5,0.6,2.5308675313212134
12868,CW,5,0.601,2.5307080521861653
12868,CW,5,0.602,2.530237998873261
12868,CW,5,0.603,2.529904051540271
12868,CW,5,0.604,2.5293795611668
12868,CW,5,0.605,2.5289392491467693
12868,CW,5,0.606,2.5283988732996714
12868,CW,5,0.607,2.5277652289267976
12868,CW,5,0.608,2.527134147202797
12868,CW,5,0.609,2.5263815458880803
12868,CW,5,0.61,2.525795063806391
12868,CW,5,0.611,2.5251481605827544
12868,CW,5,0.612,2.5244935657271634
12868,CW,5,0.613,2.523908267543689
12868,CW,5,0.614,2.523265802510948
12868,CW,5,0.615,2.5227328319409894
12868,CW,5,0.616,2.522150857859524
12868,CW,5,0.617,2.52165349658598
12868,CW,5,0.618,2.5211801834868317
12868,CW,5,0.619,2.5207979058678167
12868,CW,5,0.62,2.5204692386939906
12868,CW,5,0.621,2.520209267636799
12868,CW,5,0.622,2.520024488422742
12868,CW,5,0.623,2.519930772370443
12868,CW,5,0.624,2.5199130264762366
12868,CW,5,0.625,2.5201313683233773
12868,CW,5,0.626,2.5203348797302154
12868,CW,5,0.627,2.5206431864620273
12868,CW,5,0.628,2.5209419366609813
12868,CW,5,0.629,2.5214391023735248
12868,CW,5,0.63,2.5220053710955295
12868,CW,5,0.631,2.5226491058254856
12868,CW,5,0.632,2.5234663125288943
12868,CW,5,0.633,2.5244891515973116
12868,CW,5,0.634,2.5257021153034063
12868,CW,5,0.635,2.526986249821061
12868,CW,5,0.636,2.52844712649068
12868,CW,5,0.637,2.5300543565690705
12868,CW,5,0.638,2.531701639349965
12868,CW,5,0.639,2.533534744560572
12868,CW,5,0.64,2.5355110162132286
12868,CW,5,0.641,2.5374758023410617
12868,CW,5,0.642,2.539583282732757
12868,CW,5,0.643,2.5416122926616658
12868,CW,5,0.644,2.5438607360548926
12868,CW,5,0.645,2.546230820859152
12868,CW,5,0.646,2.54882185529138
12868,CW,5,0.647,2.5516905410522113
12868,CW,5,0.648,2.5546182408478058
12868,CW,5,0.649,2.5577608747459717
12868,CW,5,0.65,2.561172748217777
12868,CW,5,0.651,2.5646218631653572
12868,CW,5,0.652,2.56838755326765
12868,CW,5,0.653,2.572349127153215
12868,CW,5,0.654,2.576406375828451
12868,CW,5,0.655,2.5807099541642775
12868,CW,5,0.656,2.585234299243589
12868,CW,5,0.657,2.589801016526112
12868,CW,5,0.658,2.5943253869871037
12868,CW,5,0.659,2.598923306711645
12868,CW,5,0.66,2.603714545136813
12868,CW,5,0.661,2.6087266474054367
12868,CW,5,0.662,2.613821373348059
12868,CW,5,0.663,2.619056783535446
12868,CW,5,0.664,2.624467890008584
12868,CW,5,0.665,2.6300617956212737
12868,CW,5,0.666,2.635965542705772
12868,CW,5,0.667,2.642155999807078
12868,CW,5,0.668,2.648447969274278
12868,CW,5,0.669,2.654884207567036
12868,CW,5,0.67,2.661434575642191
12868,CW,5,0.671,2.6683370459579776
12868,CW,5,0.672,2.6757334632280223
12868,CW,5,0.673,2.6833238449924437
12868,CW,5,0.674,2.690831892822484
12868,CW,5,0.675,2.6982194769620453
12868,CW,5,0.676,2.7056717167270605
12868,CW,5,0.677,2.713175006700105
12868,CW,5,0.678,2.719870675809391
12868,CW,5,0.679,2.725740978625354
12868,CW,5,0.68,2.731041807585296
12868,CW,5,0.681,2.737156831579671
12868,CW,5,0.682,2.743624588063432
12868,CW,5,0.683,2.7503820563723282
12868,CW,5,0.684,2.757186775553689
12868,CW,5,0.685,2.7650779797229483
12868,CW,5,0.686,2.770852481238405
12868,CW,5,0.687,2.777413901696098
12868,CW,5,0.6880000000000001,2.7835713550888683
12868,CW,5,0.6890000000000001,2.7849142748385884
12868,CW,5,0.6900000000000001,2.789713811278998
12868,CW,5,0.6910000000000001,2.7919886085267116
12868,CW,5,0.6920000000000001,2.7938564681265867
12868,CW,5,0.6930000000000001,2.7957432274713407
12868,CW,5,0.6940000000000001,2.7968578335121506
12868,CW,5,0.6950000000000001,2.7971837089431433
12868,CW,5,0.6960000000000001,2.7971070413445474
12868,CW,5,0.6970000000000001,2.797335820390605
12868,CW,5,0.6980000000000001,2.7977084768588174
12868,CW,5,0.6990000000000001,2.8002351465366977
12868,CW,5,0.7000000000000001,2.7996455016306454
12868,CW,5,0.7010000000000001,2.7985767692768873
12868,CW,5,0.7020000000000001,2.797131319914615
12868,CW,5,0.7030000000000001,2.7954431407857414
12868,CW,5,0.704,2.7929983490384074
12868,CW,5,0.705,2.7919133403626484
12868,CW,5,0.706,2.7910402590855248
12868,CW,5,0.707,2.791745968789436
12868,CW,5,0.708,2.794142204700593
12868,CW,5,0.709,2.802133141394611
12868,CW,5,0.71,2.803090799710738
12868,CW,5,0.711,2.8162731362180726
12868,CW,5,0.712,2.816553597804329
12868,CW,5,0.713,2.8297745644521184
12868,CW,5,0.714,2.819071010278176
12868,CW,5,0.715,2.8254138215600593
12868,CW,5,0.716,2.8165968119011415
12868,CW,5,0.717,2.8067608930156536
12868,CW,5,0.718,2.81895019416526
12868,CW,5,0.719,2.812992993281884
12868,CW,5,0.72,2.8236188173055843
12868,CW,5,0.721,2.837343743178058
12868,CW,5,0.722,2.8408285780521494
12868,CW,5,0.723,2.8739870773475267
12868,CW,5,0.724,2.88912303146116
12868,CW,5,0.725,2.9172461873207105
12868,CW,5,0.726,2.944089902813604
12868,CW,5,0.727,2.953274159038745
12868,CW,5,0.728,2.9822346977310827
12868,CW,5,0.729,3.029551498877493
12868,CW,5,0.73,3.0758291465929957
12868,CW,5,0.731,3.1057104355569605
12868,CW,5,0.732,3.1300844582967695
12868,CW,5,0.733,3.1378326088067867
12868,CW,5,0.734,3.1699362040615537
12868,CW,5,0.735,3.176274744330269
12868,CW,5,0.736,3.191062960469167
12868,CW,5,0.737,3.2110757019784884
12868,CW,5,0.738,3.2120909861033335
12868,CW,5,0.739,3.2025330646215293
12868,CW,5,0.74,3.1821170559175873
12868,CW,5,0.741,3.152221825137298
12868,CW,5,0.742,3.1215159559964167
12868,CW,5,0.743,3.1010059581602536
12868,CW,5,0.744,3.078905108688308
12868,CW,5,0.745,3.059955654954429
12868,CW,5,0.746,3.0403850447171306
12868,CW,5,0.747,3.0238684780082545
12868,CW,5,0.748,3.003269418589203
12868,CW,5,0.749,2.991441931973724
12868,CW,5,0.75,2.9796331927176283
12868,CW,5,0.751,2.9682234630871616
12868,CW,5,0.752,2.9580370879192177
12868,CW,5,0.753,2.9489681314376672
12868,CW,5,0.754,2.941445745639937
12868,CW,5,0.755,2.932862756317561
12868,CW,5,0.756,2.923133481408812
12868,CW,5,0.757,2.9159014776690912
12868,CW,5,0.758,2.9064705519270513
12868,CW,5,0.759,2.897764743874497
12868,CW,5,0.76,2.8912837800370252
12868,CW,5,0.761,2.883037784119894
12868,CW,5,0.762,2.875203149383964
12868,CW,5,0.763,2.8657969818436277
12868,CW,5,0.764,2.8558288909930076
12868,CW,5,0.765,2.846642351227068
12868,CW,5,0.766,2.8376622020473303
12868,CW,5,0.767,2.8311869010267205
12868,CW,5,0.768,2.824901153473186
12868,CW,5,0.769,2.8192785028133946
12868,CW,5,0.77,2.8133375714722653
12868,CW,5,0.771,2.8071054618921383
12868,CW,5,0.772,2.801203183611097
12868,CW,5,0.773,2.795768786971891
12868,CW,5,0.774,2.7900673852314744
12868,CW,5,0.775,2.785228620839848
12868,CW,5,0.776,2.7791531437311106
12868,CW,5,0.777,2.7739220457673572
12868,CW,5,0.778,2.7684769783994914
12868,CW,5,0.779,2.7624741504679022
12868,CW,5,0.78,2.7579264807624027
12868,CW,5,0.781,2.753246723668983
12868,CW,5,0.782,2.7504628037181846
12868,CW,5,0.783,2.746832256327394
12868,CW,5,0.784,2.744179271355932
12868,CW,5,0.785,2.742423325167539
12868,CW,5,0.786,2.73888293891552
12868,CW,5,0.787,2.734586892977637
12868,CW,5,0.788,2.729333853704131
12868,CW,5,0.789,2.7229765675791424
12868,CW,5,0.79,2.7153467738997974
12868,CW,5,0.791,2.7060172302398575
12868,CW,5,0.792,2.696164448897247
12868,CW,5,0.793,2.691155401676336
12868,CW,5,0.794,2.6800777913690608
12868,CW,5,0.795,2.6763280665037192
12868,CW,5,0.796,2.6745028888219515
12868,CW,5,0.797,2.674319559400185
12868,CW,5,0.798,2.6758728811623897
12868,CW,5,0.799,2.6777788987893425
12868,CW,5,0.8,2.6756609781367935
12868,CW,5,0.801,2.676197435280866
12868,CW,5,0.802,2.670636797377502
12868,CW,5,0.803,2.6616933313984346
12868,CW,5,0.804,2.6540661637078586
12868,CW,5,0.805,2.6452900772382186
12868,CW,5,0.806,2.637405070235272
12868,CW,5,0.807,2.6263223887272216
12868,CW,5,0.808,2.613782703938411
12868,CW,5,0.809,2.5986070649803175
12868,CW,5,0.81,2.58659404269587
12868,CW,5,0.811,2.568120703094363
12868,CW,5,0.812,2.555543887365876
12868,CW,5,0.8130000000000001,2.535306182983396
12868,CW,5,0.8140000000000001,2.5173118531458365
12868,CW,5,0.8150000000000001,2.505226701373025
12868,CW,5,0.8160000000000001,2.5004646895607294
12868,CW,5,0.8170000000000001,2.5004581525075014
12868,CW,5,0.8180000000000001,2.498587269750028
12868,CW,5,0.8190000000000001,2.4948604328996815
12868,CW,5,0.8200000000000001,2.4953401943505833
12868,CW,5,0.8210000000000001,2.4837433427782174
12868,CW,5,0.8220000000000001,2.492497111755461
12868,CW,5,0.8230000000000001,2.5010948649501015
12868,CW,5,0.8240000000000001,2.4994825582594173
12868,CW,5,0.8250000000000001,2.5075198892552595
12868,CW,5,0.8260000000000001,2.51428756709304
12868,CW,5,0.8270000000000001,2.5252698011908867
12868,CW,5,0.8280000000000001,2.537303940590267
12868,CW,5,0.8290000000000001,2.5391153011619467
12868,CW,5,0.8300000000000001,2.5466891260494045
12868,CW,5,0.8310000000000001,2.5398111908070797
12868,CW,5,0.8320000000000001,2.543657433408676
12868,CW,5,0.833,2.5428212785345425
12868,CW,5,0.834,2.5223250890302182
12868,CW,5,0.835,2.4959815935401113
12868,CW,5,0.836,2.479867530165837
12868,CW,5,0.837,2.4493048772807593
12868,CW,5,0.838,2.4175591377447216
12868,CW,5,0.839,2.3989281155837223
12868,CW,5,0.84,2.3696931707082394
12868,CW,5,0.841,2.3424815856377794
12868,CW,5,0.842,2.3206287973196047
12868,CW,5,0.843,2.2960471085553853
12868,CW,5,0.844,2.284209746804903
12868,CW,5,0.845,2.276069354846863
12868,CW,5,0.846,2.259043209813522
12868,CW,5,0.847,2.2555033375682667
12868,CW,5,0.848,2.24875034368052
12868,CW,5,0.849,2.2384325645924577
12868,CW,5,0.85,2.2342820975929585
12868,CW,5,0.851,2.225860553187953
12868,CW,5,0.852,2.2155907746783603
12868,CW,5,0.853,2.2138299753789803
12868,CW,5,0.854,2.2053817767301456
12868,CW,5,0.855,2.1979387263042494
12868,CW,5,0.856,2.1985517882856684
12868,CW,5,0.857,2.1884526077518682
12868,CW,5,0.858,2.187210463569987
12868,CW,5,0.859,2.1827327710739715
12868,CW,5,0.86,2.182701242209645
12868,CW,5,0.861,2.1815741276495997
12868,CW,5,0.862,2.177931003532967
12868,CW,5,0.863,2.174174560636161
12868,CW,5,0.864,2.171370057298999
12868,CW,5,0.865,2.1668498428281984
12868,CW,5,0.866,2.160678276523551
12868,CW,5,0.867,2.15450502711251
12868,CW,5,0.868,2.14910422679961
12868,CW,5,0.869,2.144518322210719
12868,CW,5,0.87,2.1402794139462045
12868,CW,5,0.871,2.1376118454877244
12868,CW,5,0.872,2.134865695415093
12868,CW,5,0.873,2.132821752069609
12868,CW,5,0.874,2.1309493786484244
12868,CW,5,0.875,2.129342808158607
12868,CW,5,0.876,2.1278548644802884
12868,CW,5,0.877,2.126411934062297
12868,CW,5,0.878,2.1251338972405067
12868,CW,5,0.879,2.123884605312553
12868,CW,5,0.88,2.1226048789448955
12868,CW,5,0.881,2.1212676656159823
12868,CW,5,0.882,2.1199309460150526
12868,CW,5,0.883,2.1185747663025984
12868,CW,5,0.884,2.117193073076273
12868,CW,5,0.885,2.11578626853592
12868,CW,5,0.886,2.1143227891683885
12868,CW,5,0.887,2.112645287813916
12868,CW,5,0.888,2.1111168767888446
12868,CW,5,0.889,2.10922080488245
12868,CW,5,0.89,2.1075213487455295
12868,CW,5,0.891,2.1056970672414788
12868,CW,5,0.892,2.1034644355412153
12868,CW,5,0.893,2.1015543112820674
12868,CW,5,0.894,2.0996927925293805
12868,CW,5,0.895,2.097375794287753
12868,CW,5,0.896,2.0955403954399
12868,CW,5,0.897,2.093270209880129
12868,CW,5,0.898,2.090973641981149
12868,CW,5,0.899,2.089102256818539
12868,CW,5,0.9,2.0874784625328933
12868,CW,5,0.901,2.085358628076105
12868,CW,5,0.902,2.08377663430766
12868,CW,5,0.903,2.0820361743902454
12868,CW,5,0.904,2.0796334234617153
12868,CW,5,0.905,2.0778201221852104
12868,CW,5,0.906,2.075547585263925
12868,CW,5,0.907,2.0723229495928432
12868,CW,5,0.908,2.068977288341781
12868,CW,5,0.909,2.0648813461980438
12868,CW,5,0.91,2.0613950134974193
12868,CW,5,0.911,2.0577236320359535
12868,CW,5,0.912,2.053069072736423
12868,CW,5,0.913,2.049069198064349
12868,CW,5,0.914,2.045221300953538
12868,CW,5,0.915,2.0418962387627397
12868,CW,5,0.916,2.0385171083065794
12868,CW,5,0.917,2.035165455847716
12868,CW,5,0.918,2.0316611107514495
12868,CW,5,0.919,2.0280729861366904
12868,CW,5,0.92,2.024118025022806
12868,CW,5,0.921,2.0221944224113337
12868,CW,5,0.922,2.0179980575361895
12868,CW,5,0.923,2.013445540082799
12868,CW,5,0.924,2.0087514081170985
12868,CW,5,0.925,2.0042743588232033
12868,CW,5,0.926,1.9996446684384723
12868,CW,5,0.927,1.9944298058016259
12868,CW,5,0.928,1.988854296707275
12868,CW,5,0.929,1.9825057573458045
12868,CW,5,0.93,1.9755086628817773
12868,CW,5,0.931,1.9696016509400263
12868,CW,5,0.932,1.9640339065102823
12868,CW,5,0.933,1.9584898976843546
12868,CW,5,0.934,1.9526039674418663
12868,CW,5,0.935,1.9469799750683243
12868,CW,5,0.936,1.9403111749668662
12868,CW,5,0.937,1.9357695476674028
12868,CW,5,0.9380000000000001,1.9304041508758907
12868,CW,5,0.9390000000000001,1.9223138083216396
12868,CW,5,0.9400000000000001,1.9128054126171685
12868,CW,5,0.9410000000000001,1.9038521570721407
12868,CW,5,0.9420000000000001,1.8952663031150871
12868,CW,5,0.9430000000000001,1.8868826977739823
12868,CW,5,0.9440000000000001,1.8788046373421907
12868,CW,5,0.9450000000000001,1.8711980856511536
12868,CW,5,0.9460000000000001,1.8633885443238714
12868,CW,5,0.9470000000000001,1.8577194413428038
12868,CW,5,0.9480000000000001,1.8496797589404017
12868,CW,5,0.9490000000000001,1.8450833074979085
12868,CW,5,0.9500000000000001,1.8379695420924276
12868,CW,5,0.9510000000000001,1.8325325062509812
12868,CW,5,0.9520000000000001,1.827977525855684
12868,CW,5,0.9530000000000001,1.8233948338313244
12868,CW,5,0.9540000000000001,1.8187324958890416
12868,CW,5,0.9550000000000001,1.812250324049867
12868,CW,5,0.9560000000000001,1.804995986552665
12868,CW,5,0.9570000000000001,1.795370253399729
12868,CW,5,0.9580000000000001,1.7860264818331233
12868,CW,5,0.9590000000000001,1.7798745753517313
12868,CW,5,0.96,1.7696651637529626
12868,CW,5,0.961,1.7630490411321267
12868,CW,5,0.962,1.7552061105521997
12868,CW,5,0.963,1.74920769993652
12868,CW,5,0.964,1.7438656992562371
12868,CW,5,0.965,1.738889508710698
12868,CW,5,0.966,1.7334646689366946
12868,CW,5,0.967,1.7273545259844343
12868,CW,5,0.968,1.7209104759919518
12868,CW,5,0.969,1.7143310993820955
12868,CW,5,0.97,1.707899072432388
12868,CW,5,0.971,1.7014930043690573
12868,CW,5,0.972,1.6940403081398248
12868,CW,5,0.973,1.686982868791098
12868,CW,5,0.974,1.679851735495599
12868,CW,5,0.975,1.6691987724894608
12868,CW,5,0.976,1.661388657868283
12868,CW,5,0.977,1.652894171749563
12868,CW,5,0.978,1.6435545231510618
12868,CW,5,0.979,1.6326083845074553
12868,CW,5,0.98,1.6265426006872008
12868,CW,5,0.981,1.6268810691608875
12868,CW,5,0.982,1.6273669346461588
12868,CW,5,0.983,1.6274047876416773
12868,CW,5,0.984,1.6246871830362004
12868,CW,5,0.985,1.6166207910636734
12868,CW,5,0.986,1.609797527213231
12868,CW,5,0.987,1.6022375308272871
12868,CW,5,0.988,1.5963486844537678
12868,CW,5,0.989,1.5925906803400833
12868,CW,5,0.99,1.5853061086522655
12868,CW,5,0.991,1.5746360939228792
12868,CW,5,0.992,1.562252187765895
12868,CW,5,0.993,1.5484539753785844
12868,CW,5,0.994,1.534502189592817
12868,CW,5,0.995,1.523879369230817
12868,CW,5,0.996,1.5148748306657145
12868,CW,5,0.997,1.5051671536038873
12868,CW,5,0.998,1.496210733381469
12868,CW,5,0.999,1.4862558199740723
12868,CW,5,1.0,1.4765893779899044
12869,CCW,2,0.0,0.0
12869,CCW,2,0.001,0.0008975882975289939
12869,CCW,2,0.002,0.0017855216731772275
12869,CCW,2,0.003,0.002716098260453216
12869,CCW,2,0.004,0.003737317201018622
12869,CCW,2,0.005,0.005069142341305143
12869,CCW,2,0.006,0.006878068580703802
12869,CCW,2,0.007,0.008899495130776605
12869,CCW,2,0.008,0.00953964884429407
12869,CCW,2,0.009000000000000001,0.010597665208763145
12869,CCW,2,0.01,0.010636658119573728
12869,CCW,2,0.011,0.010691773086679252
12869,CCW,2,0.012,0.011599976597732983
12869,CCW,2,0.013000000000000001,0.011746136014626762
12869,CCW,2,0.014,0.012676786276581371
12869,CCW,2,0.015,0.014493305639533337
12869,CCW,2,0.016,0.01934321745416337
12869,CCW,2,0.017,0.022765389769321062
12869,CCW,2,0.018000000000000002,0.027880976471312487
12869,CCW,2,0.019,0.033249840605439875
12869,CCW,2,0.02,0.038962502533066226
12869,CCW,2,0.021,0.045978238577964015
12869,CCW,2,0.022,0.04966854899155874
12869,CCW,2,0.023,0.0556871583198006
12869,CCW,2,0.024,0.06059201293368687
12869,CCW,2,0.025,0.06277917271039418
12869,CCW,2,0.026000000000000002,0.06979361816217493
12869,CCW,2,0.027,0.07265059212360205
12869,CCW,2,0.028,0.08007409404365862
12869,CCW,2,0.029,0.08611957825833749
12869,CCW,2,0.03,0.0892969488791919
12869,CCW,2,0.031,0.09251886879166246
12869,CCW,2,0.032,0.09958800177737939
12869,CCW,2,0.033,0.10699190443001573
12869,CCW,2,0.034,0.11814038506651724
12869,CCW,2,0.035,0.12494412966946639
12869,CCW,2,0.036000000000000004,0.135310521906782
12869,CCW,2,0.037,0.14417667919496102
12869,CCW,2,0.038,0.15588412585772643
12869,CCW,2,0.039,0.16257848966799554
12869,CCW,2,0.04,0.17117771146211605
12869,CCW,2,0.041,0.17971106014343302
12869,CCW,2,0.042,0.18779939218606354
12869,CCW,2,0.043000000000000003,0.19646281683592456
12869,CCW,2,0.044,0.20559407182274106
12869,CCW,2,0.045,0.21415867975081243
12869,CCW,2,0.046,0.22256107160502908
12869,CCW,2,0.047,0.2251442686770418
12869,CCW,2,0.048,0.23071467764098813
12869,CCW,2,0.049,0.23482630880440164
12869,CCW,2,0.05,0.23440889240107274
12869,CCW,2,0.051000000000000004,0.2416823970485667
12869,CCW,2,0.052000000000000005,0.2495836214814258
12869,CCW,2,0.053,0.2597252866165656
12869,CCW,2,0.054,0.2655793327231261
12869,CCW,2,0.055,0.27235865382665364
12869,CCW,2,0.056,0.2796872885175491
12869,CCW,2,0.057,0.28608103157574916
12869,CCW,2,0.058,0.2920259071929631
12869,CCW,2,0.059000000000000004,0.29745167180590004
12869,CCW,2,0.06,0.3022515516516293
12869,CCW,2,0.061,0.30393555674984285
12869,CCW,2,0.062,0.31065951485390564
12869,CCW,2,0.063,0.31646406559600243
12869,CCW,2,0.064,0.3228258673753929
12869,CCW,2,0.065,0.3296506152662411
12869,CCW,2,0.066,0.33221155606329816
12869,CCW,2,0.067,0.33148072670824746
12869,CCW,2,0.068,0.32948940241483654
12869,CCW,2,0.069,0.32709183665385655
12869,CCW,2,0.07,0.3284994564510972
12869,CCW,2,0.07100000000000001,0.331185719033026
12869,CCW,2,0.07200000000000001,0.3328986242396532
12869,CCW,2,0.073,0.3356012160619606
12869,CCW,2,0.074,0.33292330300386497
12869,CCW,2,0.075,0.33243425744484684
12869,CCW,2,0.076,0.3323544809698056
12869,CCW,2,0.077,0.33027954166019136
12869,CCW,2,0.078,0.33211204719203796
12869,CCW,2,0.079,0.33342064148710426
12869,CCW,2,0.08,0.33511692559137884
12869,CCW,2,0.081,0.33827696646639915
12869,CCW,2,0.082,0.34227774791834453
12869,CCW,2,0.083,0.3479572774074215
12869,CCW,2,0.084,0.3540246301038819
12869,CCW,2,0.085,0.35867327703272367
12869,CCW,2,0.08600000000000001,0.3590271133068127
12869,CCW,2,0.08700000000000001,0.35643048399640276
12869,CCW,2,0.088,0.35552953814364574
12869,CCW,2,0.089,0.35809630528019004
12869,CCW,2,0.09,0.36073739054992016
12869,CCW,2,0.091,0.36035474802009626
12869,CCW,2,0.092,0.3640772834571417
12869,CCW,2,0.093,0.3703983367779624
12869,CCW,2,0.094,0.3725948986735508
12869,CCW,2,0.095,0.3772429982358362
12869,CCW,2,0.096,0.3804548437348576
12869,CCW,2,0.097,0.38366455203980404
12869,CCW,2,0.098,0.3872444140913621
12869,CCW,2,0.099,0.3909057683257597
12869,CCW,2,0.1,0.3956109564682597
12869,CCW,2,0.101,0.39760881410908505
12869,CCW,2,0.10200000000000001,0.4055501562798726
12869,CCW,2,0.10300000000000001,0.4140744451561015
12869,CCW,2,0.10400000000000001,0.4182331873998363
12869,CCW,2,0.105,0.4232203647525167
12869,CCW,2,0.106,0.4289852862267511
12869,CCW,2,0.107,0.4343414570607171
12869,CCW,2,0.108,0.4381215078010979
12869,CCW,2,0.109,0.44092866447886947
12869,CCW,2,0.11,0.44297284859884567
12869,CCW,2,0.111,0.44439014594579584
12869,CCW,2,0.112,0.44567757993128976
12869,CCW,2,0.113,0.44642365395152134
12869,CCW,2,0.114,0.4475201072278062
12869,CCW,2,0.115,0.4478160336054475
12869,CCW,2,0.116,0.44728171328137567
12869,CCW,2,0.117,0.4479447770350597
12869,CCW,2,0.11800000000000001,0.44762896838555405
12869,CCW,2,0.11900000000000001,0.44429977996970704
12869,CCW,2,0.12,0.44150873153192455
12869,CCW,2,0.121,0.44150085859007027
12869,CCW,2,0.122,0.4405339885165556
12869,CCW,2,0.123,0.4428949875205447
12869,CCW,2,0.124,0.45063892671365224
12869,CCW,2,0.125,0.4567295605507797
12869,CCW,2,0.126,0.46242947314837535
12869,CCW,2,0.127,0.4678467951240306
12869,CCW,2,0.128,0.47279323449327476
12869,CCW,2,0.129,0.47702956611710345
12869,CCW,2,0.13,0.4763991881050526
12869,CCW,2,0.131,0.48046917134561323
12869,CCW,2,0.132,0.4828474787688424
12869,CCW,2,0.133,0.4858354554955469
12869,CCW,2,0.134,0.4919314180755
12869,CCW,2,0.135,0.48795279184973256
12869,CCW,2,0.136,0.4846172543490316
12869,CCW,2,0.137,0.47943746325939907
12869,CCW,2,0.138,0.48010317771192623
12869,CCW,2,0.139,0.4752626810337379
12869,CCW,2,0.14,0.47477168114001395
12869,CCW,2,0.14100000000000001,0.47808944865214176
12869,CCW,2,0.14200000000000002,0.4906295751002314
12869,CCW,2,0.14300000000000002,0.5002368853350067
12869,CCW,2,0.14400000000000002,0.5146820814754274
12869,CCW,2,0.145,0.520289265428957
12869,CCW,2,0.146,0.5179979135849891
12869,CCW,2,0.147,0.5103937714338602
12869,CCW,2,0.148,0.4992407958612118
12869,CCW,2,0.149,0.48355621668754006
12869,CCW,2,0.15,0.4838053544941655
12869,CCW,2,0.151,0.47374506098634583
12869,CCW,2,0.152,0.4735852627255174
12869,CCW,2,0.153,0.47805405584775773
12869,CCW,2,0.154,0.48550761401957604
12869,CCW,2,0.155,0.49108847322951793
12869,CCW,2,0.156,0.5061449083886563
12869,CCW,2,0.157,0.5130264654267915
12869,CCW,2,0.158,0.5123316941288918
12869,CCW,2,0.159,0.5151708343736084
12869,CCW,2,0.16,0.5131063167745336
12869,CCW,2,0.161,0.5199499563827988
12869,CCW,2,0.162,0.5296417949073057
12869,CCW,2,0.163,0.5342471272332013
12869,CCW,2,0.164,0.5440200317657484
12869,CCW,2,0.165,0.5605783307155677
12869,CCW,2,0.166,0.5628164143279812
12869,CCW,2,0.167,0.5768022804474231
12869,CCW,2,0.168,0.5895192434333211
12869,CCW,2,0.169,0.6032554689206376
12869,CCW,2,0.17,0.61697049611655
12869,CCW,2,0.171,0.6296663585130182
12869,CCW,2,0.17200000000000001,0.6299668320448704
12869,CCW,2,0.17300000000000001,0.6289199174283964
12869,CCW,2,0.17400000000000002,0.6320136868912027
12869,CCW,2,0.17500000000000002,0.6317031577144281
12869,CCW,2,0.176,0.6284492337397175
12869,CCW,2,0.177,0.6258220384518783
12869,CCW,2,0.178,0.6225331597608867
12869,CCW,2,0.179,0.6197612772173088
12869,CCW,2,0.18,0.6268788728773178
12869,CCW,2,0.181,0.6262989395787608
12869,CCW,2,0.182,0.6268699088370732
12869,CCW,2,0.183,0.6279590154697487
12869,CCW,2,0.184,0.6290999230122087
12869,CCW,2,0.185,0.62813261659376
12869,CCW,2,0.186,0.6314645603182953
12869,CCW,2,0.187,0.6301865968697631
12869,CCW,2,0.188,0.6324277872661123
12869,CCW,2,0.189,0.6322453976604117
12869,CCW,2,0.19,0.6337344420382646
12869,CCW,2,0.191,0.6347601375149451
12869,CCW,2,0.192,0.6358886169601542
12869,CCW,2,0.193,0.6369371710878937
12869,CCW,2,0.194,0.6368576307665966
12869,CCW,2,0.195,0.6376036209251372
12869,CCW,2,0.196,0.6369280390113423
12869,CCW,2,0.197,0.6362211039688812
12869,CCW,2,0.198,0.6355916039787575
12869,CCW,2,0.199,0.6354460596458882
12869,CCW,2,0.2,0.6356894084318313
12869,CCW,2,0.201,0.636020272035667
12869,CCW,2,0.202,0.6364703823615283
12869,CCW,2,0.203,0.6370869014718766
12869,CCW,2,0.20400000000000001,0.6379529315008996
12869,CCW,2,0.20500000000000002,0.6391218838310406
12869,CCW,2,0.20600000000000002,0.6403968843291513
12869,CCW,2,0.20700000000000002,0.6417160057573079
12869,CCW,2,0.20800000000000002,0.643107843412528
12869,CCW,2,0.209,0.6443637142291697
12869,CCW,2,0.21,0.6456116805938554
12869,CCW,2,0.211,0.6467249968171229
12869,CCW,2,0.212,0.6476685862636944
12869,CCW,2,0.213,0.6495823640979165
12869,CCW,2,0.214,0.6503554151552332
12869,CCW,2,0.215,0.6501437293650789
12869,CCW,2,0.216,0.6507601521830516
12869,CCW,2,0.217,0.650841991181755
12869,CCW,2,0.218,0.6518272716714638
12869,CCW,2,0.219,0.6529474714989032
12869,CCW,2,0.22,0.6525921922019282
12869,CCW,2,0.221,0.6529930099868468
12869,CCW,2,0.222,0.6540438632021711
12869,CCW,2,0.223,0.6544785028252263
12869,CCW,2,0.224,0.6562342816909229
12869,CCW,2,0.225,0.6571773461026291
12869,CCW,2,0.226,0.6594024315300673
12869,CCW,2,0.227,0.6608568627640239
12869,CCW,2,0.228,0.6625145757333548
12869,CCW,2,0.229,0.6649825132464607
12869,CCW,2,0.23,0.6664622962169835
12869,CCW,2,0.231,0.6685007438878318
12869,CCW,2,0.232,0.6694151992266669
12869,CCW,2,0.233,0.6703412674278966
12869,CCW,2,0.234,0.6708466179425181
12869,CCW,2,0.23500000000000001,0.6714114760260762
12869,CCW,2,0.23600000000000002,0.6721228256975506
12869,CCW,2,0.23700000000000002,0.6732981749917246
12869,CCW,2,0.23800000000000002,0.6740272754000415
12869,CCW,2,0.23900000000000002,0.6759554613111793
12869,CCW,2,0.24,0.6771679253950779
12869,CCW,2,0.241,0.6801435958177896
12869,CCW,2,0.242,0.6816206169948051
12869,CCW,2,0.243,0.6854203206923876
12869,CCW,2,0.244,0.6877446929573509
12869,CCW,2,0.245,0.6899296598810553
12869,CCW,2,0.246,0.6936539846542225
12869,CCW,2,0.247,0.694848358046918
12869,CCW,2,0.248,0.697071093008515
12869,CCW,2,0.249,0.6988067940667573
12869,CCW,2,0.25,0.7023393588302408
12869,CCW,2,0.251,0.7045775604618798
12869,CCW,2,0.252,0.7073824826344153
12869,CCW,2,0.253,0.71388087035787
12869,CCW,2,0.254,0.7184731419177662
12869,CCW,2,0.255,0.7235156660646175
12869,CCW,2,0.256,0.7251372785704467
12869,CCW,2,0.257,0.731378379246239
12869,CCW,2,0.258,0.735544166408548
12869,CCW,2,0.259,0.7400829431502775
12869,CCW,2,0.26,0.7451715544818575
12869,CCW,2,0.261,0.7503471817645431
12869,CCW,2,0.262,0.7541037625660395
12869,CCW,2,0.263,0.7593981640030756
12869,CCW,2,0.264,0.7608027841701798
12869,CCW,2,0.265,0.7625915446029685
12869,CCW,2,0.266,0.7642795489891562
12869,CCW,2,0.267,0.7657083037713658
12869,CCW,2,0.268,0.767766716852035
12869,CCW,2,0.269,0.7702143060814769
12869,CCW,2,0.27,0.7710235762283076
12869,CCW,2,0.271,0.7711833998149743
12869,CCW,2,0.272,0.7719239630973642
12869,CCW,2,0.273,0.7723023138192957
12869,CCW,2,0.274,0.7737190267232174
12869,CCW,2,0.275,0.7730417158045979
12869,CCW,2,0.276,0.7709913807675547
12869,CCW,2,0.277,0.7659392485457218
12869,CCW,2,0.278,0.7592747246684142
12869,CCW,2,0.279,0.7499066081635394
12869,CCW,2,0.28,0.7399496662853267
12869,CCW,2,0.281,0.7289141184114807
12869,CCW,2,0.28200000000000003,0.7142053994286907
12869,CCW,2,0.28300000000000003,0.7150912230827288
12869,CCW,2,0.28400000000000003,0.6967371232581069
12869,CCW,2,0.28500000000000003,0.6820028895686697
12869,CCW,2,0.28600000000000003,0.6662099284838645
12869,CCW,2,0.28700000000000003,0.6510852086289421
12869,CCW,2,0.28800000000000003,0.6477827174668706
12869,CCW,2,0.289,0.6270163726948363
12869,CCW,2,0.29,0.6176871682348269
12869,CCW,2,0.291,0.6088100938408669
12869,CCW,2,0.292,0.6006292957680257
12869,CCW,2,0.293,0.5870966618456582
12869,CCW,2,0.294,0.5702432418666582
12869,CCW,2,0.295,0.5605804745537537
12869,CCW,2,0.296,0.5356384201478496
12869,CCW,2,0.297,0.5138750945211257
12869,CCW,2,0.298,0.49656994018172473
12869,CCW,2,0.299,0.4912895065984911
12869,CCW,2,0.3,0.46898205384605957
12869,CCW,2,0.301,0.4691324089215048
12869,CCW,2,0.302,0.46092251922104677
12869,CCW,2,0.303,0.4520665668083469
12869,CCW,2,0.304,0.4346810648979328
12869,CCW,2,0.305,0.40953146052353834
12869,CCW,2,0.306,0.37447721075678553
12869,CCW,2,0.307,0.3444068246121399
12869,CCW,2,0.308,0.3061681931184031
12869,CCW,2,0.309,0.2738607596942117
12869,CCW,2,0.31,0.23946925914878553
12869,CCW,2,0.311,0.20757832582658503
12869,CCW,2,0.312,0.17715129283835776
12869,CCW,2,0.313,0.1435566656312897
12869,CCW,2,0.314,0.11552360826227542
12869,CCW,2,0.315,0.08865775161509176
12869,CCW,2,0.316,0.07236328616874547
12869,CCW,2,0.317,0.06928810246311057
12869,CCW,2,0.318,0.0810953181829756
12869,CCW,2,0.319,0.10511770320520443
12869,CCW,2,0.32,0.1329808428528231
12869,CCW,2,0.321,0.16561157615005215
12869,CCW,2,0.322,0.1975771042278828
12869,CCW,2,0.323,0.23287595732711544
12869,CCW,2,0.324,0.26676924806269553
12869,CCW,2,0.325,0.302454741644405
12869,CCW,2,0.326,0.3382489752594665
12869,CCW,2,0.327,0.3739992255216823
12869,CCW,2,0.328,0.408784730269449
12869,CCW,2,0.329,0.444296615287559
12869,CCW,2,0.33,0.4780315701272833
12869,CCW,2,0.331,0.5126160725868272
12869,CCW,2,0.332,0.5453197420135888
12869,CCW,2,0.333,0.5791138629186878
12869,CCW,2,0.334,0.6120002265846053
12869,CCW,2,0.335,0.6451563182492062
12869,CCW,2,0.336,0.6793868792923626
12869,CCW,2,0.337,0.7126379780879021
12869,CCW,2,0.338,0.7480379033121054
12869,CCW,2,0.339,0.7830266700360088
12869,CCW,2,0.34,0.8189168094434949
12869,CCW,2,0.341,0.8545920093367774
12869,CCW,2,0.342,0.8901984859840009
12869,CCW,2,0.343,0.926654986075592
12869,CCW,2,0.34400000000000003,0.9619477228786353
12869,CCW,2,0.34500000000000003,0.9967185460407191
12869,CCW,2,0.34600000000000003,1.031898376384045
12869,CCW,2,0.34700000000000003,1.066745291261965
12869,CCW,2,0.34800000000000003,1.1001753887659025
12869,CCW,2,0.34900000000000003,1.1332708558803946
12869,CCW,2,0.35000000000000003,1.165730639015229
12869,CCW,2,0.35100000000000003,1.197557045511454
12869,CCW,2,0.352,1.2301928757084677
12869,CCW,2,0.353,1.2643492678373625
12869,CCW,2,0.354,1.299406767543652
12869,CCW,2,0.355,1.3351238511525254
12869,CCW,2,0.356,1.3708493668232462
12869,CCW,2,0.357,1.4063571692070018
12869,CCW,2,0.358,1.4413850369822543
12869,CCW,2,0.359,1.475678118984005
12869,CCW,2,0.36,1.5100957418796328
12869,CCW,2,0.361,1.5451173464701182
12869,CCW,2,0.362,1.5804804573861642
12869,CCW,2,0.363,1.6153422940293922
12869,CCW,2,0.364,1.6493583135585625
12869,CCW,2,0.365,1.682956683001435
12869,CCW,2,0.366,1.7163999799010117
12869,CCW,2,0.367,1.7499658766895405
12869,CCW,2,0.368,1.7836552245299861
12869,CCW,2,0.369,1.8173119754036946
12869,CCW,2,0.37,1.8508487541492185
12869,CCW,2,0.371,1.8846513717117686
12869,CCW,2,0.372,1.9191492626877582
12869,CCW,2,0.373,1.9544287774431042
12869,CCW,2,0.374,1.9901016370273428
12869,CCW,2,0.375,2.025745790025217
12869,CCW,2,0.376,2.0611419673539904
12869,CCW,2,0.377,2.0960252734086855
12869,CCW,2,0.378,2.1303570858498353
12869,CCW,2,0.379,2.1645287894974126
12869,CCW,2,0.38,2.198619684225806
12869,CCW,2,0.381,2.2322456244972306
12869,CCW,2,0.382,2.265257575292489
12869,CCW,2,0.383,2.2977024095381595
12869,CCW,2,0.384,2.3299708945250663
12869,CCW,2,0.385,2.3625532235167617
12869,CCW,2,0.386,2.3950685799649585
12869,CCW,2,0.387,2.4292775181348936
12869,CCW,2,0.388,2.4643663362772537
12869,CCW,2,0.389,2.4995174817845016
12869,CCW,2,0.39,2.534455077977386
12869,CCW,2,0.391,2.5687066855943486
12869,CCW,2,0.392,2.6039643335656244
12869,CCW,2,0.393,2.6382518926556298
12869,CCW,2,0.394,2.674210168936918
12869,CCW,2,0.395,2.707283034804397
12869,CCW,2,0.396,2.7401869344066747
12869,CCW,2,0.397,2.775770826353456
12869,CCW,2,0.398,2.80761233270772
12869,CCW,2,0.399,2.8405204371694204
12869,CCW,2,0.4,2.879831971602163
12869,CCW,2,0.401,2.923533356090452
12869,CCW,2,0.402,2.962670637994779
12869,CCW,2,0.403,3.0011398582119666
12869,CCW,2,0.404,3.0404476089456067
12869,CCW,2,0.405,3.0809636711585924
12869,CCW,2,0.406,3.12186971475906
12869,CCW,2,0.40700000000000003,3.1634006713929197
12869,CCW,2,0.40800000000000003,3.2080195904558457
12869,CCW,2,0.40900000000000003,3.2543833904305792
12869,CCW,2,0.41000000000000003,3.3029707682347786
12869,CCW,2,0.41100000000000003,3.351424326307856
12869,CCW,2,0.41200000000000003,3.4001511682233736
12869,CCW,2,0.41300000000000003,3.4504532429304433
12869,CCW,2,0.41400000000000003,3.4879753586271938
12869,CCW,2,0.41500000000000004,3.5461548717298896
12869,CCW,2,0.41600000000000004,3.582978515577205
12869,CCW,2,0.417,3.6381799223154987
12869,CCW,2,0.418,3.6785054463413536
12869,CCW,2,0.419,3.7243008490177676
12869,CCW,2,0.42,3.77260528552888
12869,CCW,2,0.421,3.8171667789854147
12869,CCW,2,0.422,3.856663193443013
12869,CCW,2,0.423,3.898146216163258
12869,CCW,2,0.424,3.939634584699323
12869,CCW,2,0.425,3.9814134685245888
12869,CCW,2,0.426,4.025071657856078
12869,CCW,2,0.427,4.075141018804219
12869,CCW,2,0.428,4.1195759852490434
12869,CCW,2,0.429,4.1694334332759775
12869,CCW,2,0.43,4.218803346383725
12869,CCW,2,0.431,4.266801488892383
12869,CCW,2,0.432,4.313817072291922
12869,CCW,2,0.433,4.359682348367401
12869,CCW,2,0.434,4.404470573409095
12869,CCW,2,0.435,4.448560465887222
12869,CCW,2,0.436,4.490996932016327
12869,CCW,2,0.437,4.532305036856699
12869,CCW,2,0.438,4.574255455663418
12869,CCW,2,0.439,4.611625753928132
12869,CCW,2,0.44,4.647808715154772
12869,CCW,2,0.441,4.685119104481909
12869,CCW,2,0.442,4.718938959853451
12869,CCW,2,0.443,4.752254562078982
12869,CCW,2,0.444,4.782547029783238
12869,CCW,2,0.445,4.815378082731831
12869,CCW,2,0.446,4.843831958323424
12869,CCW,2,0.447,4.873238892322653
12869,CCW,2,0.448,4.902654468626772
12869,CCW,2,0.449,4.9330062110502855
12869,CCW,2,0.45,4.9639049203531265
12869,CCW,2,0.451,4.995007769159165
12869,CCW,2,0.452,5.026430955102951
12869,CCW,2,0.453,5.058247494417292
12869,CCW,2,0.454,5.090263432781504
12869,CCW,2,0.455,5.121971892408896
12869,CCW,2,0.456,5.154211821794509
12869,CCW,2,0.457,5.184007158089351
12869,CCW,2,0.458,5.21409917435702
12869,CCW,2,0.459,5.242524574362513
12869,CCW,2,0.46,5.271579814229976
12869,CCW,2,0.461,5.300122053045685
12869,CCW,2,0.462,5.326479126863819
12869,CCW,2,0.463,5.354520658109495
12869,CCW,2,0.464,5.383099074798843
12869,CCW,2,0.465,5.411196516404213
12869,CCW,2,0.466,5.440842720640892
12869,CCW,2,0.467,5.470892780211119
12869,CCW,2,0.468,5.5006034198539435
12869,CCW,2,0.46900000000000003,5.531176731195369
12869,CCW,2,0.47000000000000003,5.562244739656723
12869,CCW,2,0.47100000000000003,5.593531270310459
12869,CCW,2,0.47200000000000003,5.6253326301626885
12869,CCW,2,0.47300000000000003,5.656843819419804
12869,CCW,2,0.47400000000000003,5.6888530575302525
12869,CCW,2,0.47500000000000003,5.720548703739781
12869,CCW,2,0.47600000000000003,5.7524395430186885
12869,CCW,2,0.47700000000000004,5.783110449209554
12869,CCW,2,0.47800000000000004,5.813853168881421
12869,CCW,2,0.47900000000000004,5.8444309656209725
12869,CCW,2,0.48,5.8744606766800445
12869,CCW,2,0.481,5.905543396465213
12869,CCW,2,0.482,5.937108455126288
12869,CCW,2,0.483,5.9689644001651425
12869,CCW,2,0.484,6.001363767639741
12869,CCW,2,0.485,6.034024116066964
12869,CCW,2,0.486,6.067808473744158
12869,CCW,2,0.487,6.10172748129785
12869,CCW,2,0.488,6.135459576293585
12869,CCW,2,0.489,6.169605068854473
12869,CCW,2,0.49,6.203531207462386
12869,CCW,2,0.491,6.237219807304482
12869,CCW,2,0.492,6.270433949412975
12869,CCW,2,0.493,6.303600409261874
12869,CCW,2,0.494,6.336589247273955
12869,CCW,2,0.495,6.369412748542173
12869,CCW,2,0.496,6.402543795282567
12869,CCW,2,0.497,6.436548543839936
12869,CCW,2,0.498,6.47084629062571
12869,CCW,2,0.499,6.50524319754038
12869,CCW,2,0.5,6.540007141224932
12869,CCW,2,0.501,6.575357004011048
12869,CCW,2,0.502,6.611230933402587
12869,CCW,2,0.503,6.647158770288362
12869,CCW,2,0.504,6.683256919843
12869,CCW,2,0.505,6.719430474011358
12869,CCW,2,0.506,6.755316374178193
12869,CCW,2,0.507,6.790294897652423
12869,CCW,2,0.508,6.824735988857102
12869,CCW,2,0.509,6.8587566248917184
12869,CCW,2,0.51,6.893329936805342
12869,CCW,2,0.511,6.928186939352742
12869,CCW,2,0.512,6.962992133827954
12869,CCW,2,0.513,6.998425084495525
12869,CCW,2,0.514,7.034814740194706
12869,CCW,2,0.515,7.071638265752368
12869,CCW,2,0.516,7.108745182543587
12869,CCW,2,0.517,7.146103108758508
12869,CCW,2,0.518,7.1838056652653615
12869,CCW,2,0.519,7.221751044986089
12869,CCW,2,0.52,7.259657656092141
12869,CCW,2,0.521,7.297506839060512
12869,CCW,2,0.522,7.335330565077863
12869,CCW,2,0.523,7.373251675434889
12869,CCW,2,0.524,7.411196585890632
12869,CCW,2,0.525,7.449075088648928
12869,CCW,2,0.526,7.486745884594466
12869,CCW,2,0.527,7.524038296153464
12869,CCW,2,0.528,7.560830767218211
12869,CCW,2,0.529,7.59779031090926
12869,CCW,2,0.53,7.634720221551926
12869,CCW,2,0.531,7.672219631107175
12869,CCW,2,0.532,7.710435626891001
12869,CCW,2,0.533,7.7496273277972465
12869,CCW,2,0.534,7.789153563195682
12869,CCW,2,0.535,7.828645414395432
12869,CCW,2,0.536,7.867862042884297
12869,CCW,2,0.537,7.9071662246038095
12869,CCW,2,0.538,7.9466032169455225
12869,CCW,2,0.539,7.9860241336206155
12869,CCW,2,0.54,8.025352517140613
12869,CCW,2,0.541,8.064566164233122
12869,CCW,2,0.542,8.103486413010343
12869,CCW,2,0.543,8.141850014859237
12869,CCW,2,0.544,8.179928008158946
12869,CCW,2,0.545,8.217907987626456
12869,CCW,2,0.546,8.25617068581028
12869,CCW,2,0.547,8.294808285460944
12869,CCW,2,0.548,8.33390396132988
12869,CCW,2,0.549,8.3738076749841
12869,CCW,2,0.55,8.4141098783671
12869,CCW,2,0.551,8.454906951525674
12869,CCW,2,0.552,8.495991179341068
12869,CCW,2,0.553,8.537395367378412
12869,CCW,2,0.554,8.57852098712377
12869,CCW,2,0.555,8.618678744185084
12869,CCW,2,0.556,8.657814009555063
12869,CCW,2,0.557,8.69637972089182
12869,CCW,2,0.558,8.734551568744898
12869,CCW,2,0.559,8.772489650160328
12869,CCW,2,0.56,8.811600948292336
12869,CCW,2,0.561,8.851762276117059
12869,CCW,2,0.562,8.892272950889437
12869,CCW,2,0.5630000000000001,8.933028888292025
12869,CCW,2,0.5640000000000001,8.973963712538737
12869,CCW,2,0.5650000000000001,9.0153990219038
12869,CCW,2,0.5660000000000001,9.057485909556977
12869,CCW,2,0.5670000000000001,9.099652134354116
12869,CCW,2,0.5680000000000001,9.14183416665955
12869,CCW,2,0.5690000000000001,9.184464212412646
12869,CCW,2,0.5700000000000001,9.227176965173697
12869,CCW,2,0.5710000000000001,9.269553603678297
12869,CCW,2,0.5720000000000001,9.311209744265414
12869,CCW,2,0.5730000000000001,9.352341779142472
12869,CCW,2,0.5740000000000001,9.392683117786367
12869,CCW,2,0.5750000000000001,9.432011565624606
12869,CCW,2,0.5760000000000001,9.471439105553442
12869,CCW,2,0.577,9.511609314669746
12869,CCW,2,0.578,9.552556316190593
12869,CCW,2,0.579,9.594011288266174
12869,CCW,2,0.58,9.636294190860697
12869,CCW,2,0.581,9.679027437179073
12869,CCW,2,0.582,9.72207829036867
12869,CCW,2,0.583,9.765334723999231
12869,CCW,2,0.584,9.809281750052664
12869,CCW,2,0.585,9.85366446692974
12869,CCW,2,0.586,9.897946955301698
12869,CCW,2,0.587,9.941704831117473
12869,CCW,2,0.588,9.984749345118404
12869,CCW,2,0.589,10.026932162768064
12869,CCW,2,0.59,10.068161779360665
12869,CCW,2,0.591,10.109366819347326
12869,CCW,2,0.592,10.151031965637435
12869,CCW,2,0.593,10.193166349281436
12869,CCW,2,0.594,10.235680837174996
12869,CCW,2,0.595,10.278376059106263
12869,CCW,2,0.596,10.321265034648766
12869,CCW,2,0.597,10.364570842980225
12869,CCW,2,0.598,10.408489096193748
12869,CCW,2,0.599,10.452549124202815
12869,CCW,2,0.6,10.496341011902045
12869,CCW,2,0.601,10.539770813277684
12869,CCW,2,0.602,10.582667115352727
12869,CCW,2,0.603,10.625607618721123
12869,CCW,2,0.604,10.668802854329423
12869,CCW,2,0.605,10.711818244335863
12869,CCW,2,0.606,10.754220807430112
12869,CCW,2,0.607,10.796115936623863
12869,CCW,2,0.608,10.838115512198403
12869,CCW,2,0.609,10.880098065481087
12869,CCW,2,0.61,10.922077366591713
12869,CCW,2,0.611,10.964264393349124
12869,CCW,2,0.612,11.006862920992582
12869,CCW,2,0.613,11.050164792998633
12869,CCW,2,0.614,11.094104263407102
12869,CCW,2,0.615,11.13822291141326
12869,CCW,2,0.616,11.182392817941487
12869,CCW,2,0.617,11.226639243958894
12869,CCW,2,0.618,11.271025412522532
12869,CCW,2,0.619,11.314911849745794
12869,CCW,2,0.62,11.357872372486133
12869,CCW,2,0.621,11.39983161341923
12869,CCW,2,0.622,11.44089353520508
12869,CCW,2,0.623,11.48207281027396
12869,CCW,2,0.624,11.52406117969423
12869,CCW,2,0.625,11.566749322842298
12869,CCW,2,0.626,11.609967494477416
12869,CCW,2,0.627,11.654073347800601
12869,CCW,2,0.628,11.69907723432419
12869,CCW,2,0.629,11.74452219360488
12869,CCW,2,0.63,11.789495358964665
12869,CCW,2,0.631,11.833659794908057
12869,CCW,2,0.632,11.877465589755861
12869,CCW,2,0.633,11.921403350903637
12869,CCW,2,0.634,11.965197491918312
12869,CCW,2,0.635,12.008463164635229
12869,CCW,2,0.636,12.05063953646156
12869,CCW,2,0.637,12.091340348485254
12869,CCW,2,0.638,12.131012238775826
12869,CCW,2,0.639,12.170376071727299
12869,CCW,2,0.64,12.210838538259592
12869,CCW,2,0.641,12.252639651847444
12869,CCW,2,0.642,12.294721647361229
12869,CCW,2,0.643,12.336847092244499
12869,CCW,2,0.644,12.379485850709694
12869,CCW,2,0.645,12.422494417491167
12869,CCW,2,0.646,12.465520094107488
12869,CCW,2,0.647,12.508189597211922
12869,CCW,2,0.648,12.55065645486206
12869,CCW,2,0.649,12.592860439373288
12869,CCW,2,0.65,12.63461088406288
12869,CCW,2,0.651,12.676017009409927
12869,CCW,2,0.652,12.717450300686751
12869,CCW,2,0.653,12.758773128455445
12869,CCW,2,0.654,12.800021670958413
12869,CCW,2,0.655,12.841659461554126
12869,CCW,2,0.656,12.883504457563097
12869,CCW,2,0.657,12.924640211570333
12869,CCW,2,0.658,12.96544835324568
12869,CCW,2,0.659,13.007089518919532
12869,CCW,2,0.66,13.04985045574979
12869,CCW,2,0.661,13.093392764908177
12869,CCW,2,0.662,13.137308530759313
12869,CCW,2,0.663,13.181438220756192
12869,CCW,2,0.664,13.225794959395841
12869,CCW,2,0.665,13.269871587351872
12869,CCW,2,0.666,13.313044961981387
12869,CCW,2,0.667,13.355553874090928
12869,CCW,2,0.668,13.39725277369256
12869,CCW,2,0.669,13.438804995100694
12869,CCW,2,0.67,13.481444051862947
12869,CCW,2,0.671,13.524326763424593
12869,CCW,2,0.672,13.567017048551067
12869,CCW,2,0.673,13.609660128600808
12869,CCW,2,0.674,13.652146852500472
12869,CCW,2,0.675,13.695401428462372
12869,CCW,2,0.676,13.738761475418931
12869,CCW,2,0.677,13.781821135406194
12869,CCW,2,0.678,13.824853170762387
12869,CCW,2,0.679,13.866094937502105
12869,CCW,2,0.68,13.906851734882284
12869,CCW,2,0.681,13.948531108005973
12869,CCW,2,0.682,13.989895307902723
12869,CCW,2,0.683,14.033037423352047
12869,CCW,2,0.684,14.07655883416063
12869,CCW,2,0.685,14.118343307972367
12869,CCW,2,0.686,14.159545722525303
12869,CCW,2,0.687,14.202600660391491
12869,CCW,2,0.6880000000000001,14.242958739332984
12869,CCW,2,0.6890000000000001,14.285510112355896
12869,CCW,2,0.6900000000000001,14.327904949548909
12869,CCW,2,0.6910000000000001,14.368829362034393
12869,CCW,2,0.6920000000000001,14.411595812224759
12869,CCW,2,0.6930000000000001,14.45772386432349
12869,CCW,2,0.6940000000000001,14.49991812085511
12869,CCW,2,0.6950000000000001,14.543545692141796
12869,CCW,2,0.6960000000000001,14.587095909653959
12869,CCW,2,0.6970000000000001,14.630754397450103
12869,CCW,2,0.6980000000000001,14.674456109958683
12869,CCW,2,0.6990000000000001,14.714460014450296
12869,CCW,2,0.7000000000000001,14.755314559722208
12869,CCW,2,0.7010000000000001,14.794585026827308
12869,CCW,2,0.7020000000000001,14.837962879983047
12869,CCW,2,0.7030000000000001,14.877318885797076
12869,CCW,2,0.704,14.917381870772232
12869,CCW,2,0.705,14.958587320425467
12869,CCW,2,0.706,15.001755612017194
12869,CCW,2,0.707,15.041000393533391
12869,CCW,2,0.708,15.084638188238491
12869,CCW,2,0.709,15.125287919169343
12869,CCW,2,0.71,15.164139275449031
12869,CCW,2,0.711,15.202074602180142
12869,CCW,2,0.712,15.23824693061678
12869,CCW,2,0.713,15.273654305549764
12869,CCW,2,0.714,15.308717846925925
12869,CCW,2,0.715,15.347694157764371
12869,CCW,2,0.716,15.38346158448999
12869,CCW,2,0.717,15.418619738627575
12869,CCW,2,0.718,15.454749425596793
12869,CCW,2,0.719,15.490637354166074
12869,CCW,2,0.72,15.529054998727775
12869,CCW,2,0.721,15.562651046530755
12869,CCW,2,0.722,15.596273094567783
12869,CCW,2,0.723,15.629453298782796
12869,CCW,2,0.724,15.660892303611513
12869,CCW,2,0.725,15.695444918981956
12869,CCW,2,0.726,15.727696708166766
12869,CCW,2,0.727,15.755745894789012
12869,CCW,2,0.728,15.785157207470373
12869,CCW,2,0.729,15.814434484298896
12869,CCW,2,0.73,15.843524260675798
12869,CCW,2,0.731,15.87223630827866
12869,CCW,2,0.732,15.901095383068041
12869,CCW,2,0.733,15.931875363814166
12869,CCW,2,0.734,15.959358466181786
12869,CCW,2,0.735,15.985696651499888
12869,CCW,2,0.736,16.01171538213202
12869,CCW,2,0.737,16.039844057098566
12869,CCW,2,0.738,16.06462880018271
12869,CCW,2,0.739,16.08774140067227
12869,CCW,2,0.74,16.112406781139793
12869,CCW,2,0.741,16.135948777939703
12869,CCW,2,0.742,16.159014851517885
12869,CCW,2,0.743,16.18218417520459
12869,CCW,2,0.744,16.205491638932525
12869,CCW,2,0.745,16.22939030760474
12869,CCW,2,0.746,16.253079365943233
12869,CCW,2,0.747,16.27661826495318
12869,CCW,2,0.748,16.300168321512942
12869,CCW,2,0.749,16.3243198961032
12869,CCW,2,0.75,16.348332511151707
12869,CCW,2,0.751,16.37183901197937
12869,CCW,2,0.752,16.395421356061124
12869,CCW,2,0.753,16.41715355340257
12869,CCW,2,0.754,16.43840138583122
12869,CCW,2,0.755,16.45962415635322
12869,CCW,2,0.756,16.477887345836688
12869,CCW,2,0.757,16.49452501441646
12869,CCW,2,0.758,16.512151206642706
12869,CCW,2,0.759,16.52908863005299
12869,CCW,2,0.76,16.5454626167797
12869,CCW,2,0.761,16.5624432173298
12869,CCW,2,0.762,16.577334554686946
12869,CCW,2,0.763,16.592630193902085
12869,CCW,2,0.764,16.607112672363524
12869,CCW,2,0.765,16.620934217841796
12869,CCW,2,0.766,16.633810814849475
12869,CCW,2,0.767,16.645574399281042
12869,CCW,2,0.768,16.65651793361461
12869,CCW,2,0.769,16.667745131685837
12869,CCW,2,0.77,16.677135504019926
12869,CCW,2,0.771,16.686493119958484
12869,CCW,2,0.772,16.69491195498518
12869,CCW,2,0.773,16.702524813580883
12869,CCW,2,0.774,16.709860516281836
12869,CCW,2,0.775,16.7168306440489
12869,CCW,2,0.776,16.723389573685445
12869,CCW,2,0.777,16.72952488942767
12869,CCW,2,0.778,16.735335399147168
12869,CCW,2,0.779,16.740733179562074
12869,CCW,2,0.78,16.745490487729516
12869,CCW,2,0.781,16.750191160047613
12869,CCW,2,0.782,16.754267702799506
12869,CCW,2,0.783,16.757922969488984
12869,CCW,2,0.784,16.76117145803457
12869,CCW,2,0.785,16.764033315685666
12869,CCW,2,0.786,16.76650797160738
12869,CCW,2,0.787,16.768560046549194
12869,CCW,2,0.788,16.77019329062249
12869,CCW,2,0.789,16.771406760598683
12869,CCW,2,0.79,16.772257680856917
12869,CCW,2,0.791,16.772793857130054
12869,CCW,2,0.792,16.77300576924263
12869,CCW,2,0.793,16.77302750106321
12869,CCW,2,0.794,16.772792773240454
12869,CCW,2,0.795,16.772342020256232
12869,CCW,2,0.796,16.771831846291704
12869,CCW,2,0.797,16.77110849671722
12869,CCW,2,0.798,16.770230457262084
12869,CCW,2,0.799,16.769291169502974
12869,CCW,2,0.8,16.76810840382131
12869,CCW,2,0.801,16.76684292425696
12869,CCW,2,0.802,16.76555398064025
12869,CCW,2,0.803,16.76403995923942
12869,CCW,2,0.804,16.76253332497017
12869,CCW,2,0.805,16.760970849460133
12869,CCW,2,0.806,16.75933525214841
12869,CCW,2,0.807,16.75770310742077
12869,CCW,2,0.808,16.756067217924272
12869,CCW,2,0.809,16.75445791345948
12869,CCW,2,0.81,16.752828814699082
12869,CCW,2,0.811,16.75133085645694
12869,CCW,2,0.812,16.749854677068235
12869,CCW,2,0.8130000000000001,16.74841782788656
12869,CCW,2,0.8140000000000001,16.747078452114238
12869,CCW,2,0.8150000000000001,16.74578546567044
12869,CCW,2,0.8160000000000001,16.744555797077698
12869,CCW,2,0.8170000000000001,16.743417156639904
12869,CCW,2,0.8180000000000001,16.742137246303784
12869,CCW,2,0.8190000000000001,16.740844804488276
12869,CCW,2,0.8200000000000001,16.7393848135567
12869,CCW,2,0.8210000000000001,16.737608750471633
12869,CCW,2,0.8220000000000001,16.735816368789504
12869,CCW,2,0.8230000000000001,16.733657251980333
12869,CCW,2,0.8240000000000001,16.730948085378277
12869,CCW,2,0.8250000000000001,16.728050732218865
12869,CCW,2,0.8260000000000001,16.724747885235885
12869,CCW,2,0.8270000000000001,16.721120197619104
12869,CCW,2,0.8280000000000001,16.717501551822185
12869,CCW,2,0.8290000000000001,16.713025430623947
12869,CCW,2,0.8300000000000001,16.707673079481427
12869,CCW,2,0.8310000000000001,16.702187629889373
12869,CCW,2,0.8320000000000001,16.695756961136574
12869,CCW,2,0.833,16.68855604354095
12869,CCW,2,0.834,16.680721212298447
12869,CCW,2,0.835,16.672181371907286
12869,CCW,2,0.836,16.66312121692978
12869,CCW,2,0.837,16.65347762545036
12869,CCW,2,0.838,16.64314135712527
12869,CCW,2,0.839,16.631958439402247
12869,CCW,2,0.84,16.619854983683002
12869,CCW,2,0.841,16.607288424640654
12869,CCW,2,0.842,16.594475732208615
12869,CCW,2,0.843,16.58038903390789
12869,CCW,2,0.844,16.56436205541764
12869,CCW,2,0.845,16.549950935932582
12869,CCW,2,0.846,16.534199235179347
12869,CCW,2,0.847,16.518411919218288
12869,CCW,2,0.848,16.50205878150387
12869,CCW,2,0.849,16.484587874424257
12869,CCW,2,0.85,16.465127248797447
12869,CCW,2,0.851,16.44405317486382
12869,CCW,2,0.852,16.422059060126156
12869,CCW,2,0.853,16.399382808219514
12869,CCW,2,0.854,16.375254096574423
12869,CCW,2,0.855,16.348291300159204
12869,CCW,2,0.856,16.317425873485476
12869,CCW,2,0.857,16.287581884227553
12869,CCW,2,0.858,16.2497071641081
12869,CCW,2,0.859,16.211818404625326
12869,CCW,2,0.86,16.17212540955087
12869,CCW,2,0.861,16.130885591350292
12869,CCW,2,0.862,16.088512140818242
12869,CCW,2,0.863,16.045243399419018
12869,CCW,2,0.864,16.004494129062024
12869,CCW,2,0.865,15.963606594061762
12869,CCW,2,0.866,15.922679547243906
12869,CCW,2,0.867,15.88119346231374
12869,CCW,2,0.868,15.83877852303688
12869,CCW,2,0.869,15.79599111085367
12869,CCW,2,0.87,15.751996554266697
12869,CCW,2,0.871,15.706130497703043
12869,CCW,2,0.872,15.657655630567099
12869,CCW,2,0.873,15.604831046793862
12869,CCW,2,0.874,15.560452488247881
12869,CCW,2,0.875,15.505532758517825
12869,CCW,2,0.876,15.45275131151455
12869,CCW,2,0.877,15.406564421905438
12869,CCW,2,0.878,15.353553379567732
12869,CCW,2,0.879,15.301333320472834
12869,CCW,2,0.88,15.24845735148666
12869,CCW,2,0.881,15.19124895630718
12869,CCW,2,0.882,15.132865618974986
12869,CCW,2,0.883,15.081219645943106
12869,CCW,2,0.884,15.023574978979378
12869,CCW,2,0.885,14.968058498726112
12869,CCW,2,0.886,14.911624000249612
12869,CCW,2,0.887,14.856275102938353
12869,CCW,2,0.888,14.800630657005035
12869,CCW,2,0.889,14.74320747118715
12869,CCW,2,0.89,14.69194173643755
12869,CCW,2,0.891,14.635761789846109
12869,CCW,2,0.892,14.58213853242405
12869,CCW,2,0.893,14.528122414506619
12869,CCW,2,0.894,14.476163353006239
12869,CCW,2,0.895,14.421033918074064
12869,CCW,2,0.896,14.36244393480261
12869,CCW,2,0.897,14.305073122222266
12869,CCW,2,0.898,14.249234460291627
12869,CCW,2,0.899,14.191692086126166
12869,CCW,2,0.9,14.133863919758593
12869,CCW,2,0.901,14.076415330847427
12869,CCW,2,0.902,14.018336880865075
12869,CCW,2,0.903,13.962785441522461
12869,CCW,2,0.904,13.90626355772523
12869,CCW,2,0.905,13.850137860266
12869,CCW,2,0.906,13.796531830481195
12869,CCW,2,0.907,13.741061807537719
12869,CCW,2,0.908,13.68733958195036
12869,CCW,2,0.909,13.633620706075142
12869,CCW,2,0.91,13.578427357396519
12869,CCW,2,0.911,13.52531690206185
12869,CCW,2,0.912,13.470455439284184
12869,CCW,2,0.913,13.415528548267938
12869,CCW,2,0.914,13.361603070914613
12869,CCW,2,0.915,13.305736151821783
12869,CCW,2,0.916,13.25048841826404
12869,CCW,2,0.917,13.193849087664105
12869,CCW,2,0.918,13.136362886012508
12869,CCW,2,0.919,13.07878663528162
12869,CCW,2,0.92,13.023861864390883
12869,CCW,2,0.921,12.968238629485107
12869,CCW,2,0.922,12.913225709351213
12869,CCW,2,0.923,12.858335023762374
12869,CCW,2,0.924,12.802746757272729
12869,CCW,2,0.925,12.748301843697854
12869,CCW,2,0.926,12.693939909202093
12869,CCW,2,0.927,12.639578049856386
12869,CCW,2,0.928,12.584828921611164
12869,CCW,2,0.929,12.529342476856954
12869,CCW,2,0.93,12.474231323185334
12869,CCW,2,0.931,12.418979705849129
12869,CCW,2,0.932,12.363152987241666
12869,CCW,2,0.933,12.306747266633208
12869,CCW,2,0.934,12.249434204343185
12869,CCW,2,0.935,12.191410676469609
12869,CCW,2,0.936,12.133314382755465
12869,CCW,2,0.937,12.075086525671171
12869,CCW,2,0.9380000000000001,12.016617751640746
12869,CCW,2,0.9390000000000001,11.958407684983037
12869,CCW,2,0.9400000000000001,11.90116057890321
12869,CCW,2,0.9410000000000001,11.845448921317736
12869,CCW,2,0.9420000000000001,11.790452620407162
12869,CCW,2,0.9430000000000001,11.735424593999767
12869,CCW,2,0.9440000000000001,11.679506088621668
12869,CCW,2,0.9450000000000001,11.622731643723679
12869,CCW,2,0.9460000000000001,11.566379927145501
12869,CCW,2,0.9470000000000001,11.5106532109674
12869,CCW,2,0.9480000000000001,11.455194350797361
12869,CCW,2,0.9490000000000001,11.399354283957912
12869,CCW,2,0.9500000000000001,11.342752687677123
12869,CCW,2,0.9510000000000001,11.285854334280042
12869,CCW,2,0.9520000000000001,11.228441252875575
12869,CCW,2,0.9530000000000001,11.171823972603987
12869,CCW,2,0.9540000000000001,11.115087453977404
12869,CCW,2,0.9550000000000001,11.058607296111841
12869,CCW,2,0.9560000000000001,11.002413793217405
12869,CCW,2,0.9570000000000001,10.946652355026032
12869,CCW,2,0.9580000000000001,10.891206378188691
12869,CCW,2,0.9590000000000001,10.836149100544429
12869,CCW,2,0.96,10.781264749325219
12869,CCW,2,0.961,10.726470920915252
12869,CCW,2,0.962,10.672042082942228
12869,CCW,2,0.963,10.618127988220524
12869,CCW,2,0.964,10.564066324073629
12869,CCW,2,0.965,10.508780186724852
12869,CCW,2,0.966,10.451922832352762
12869,CCW,2,0.967,10.394229328374424
12869,CCW,2,0.968,10.337021577204771
12869,CCW,2,0.969,10.280025338838866
12869,CCW,2,0.97,10.223180153123174
12869,CCW,2,0.971,10.166636014127697
12869,CCW,2,0.972,10.110530186319021
12869,CCW,2,0.973,10.055248266702684
12869,CCW,2,0.974,10.000744376160663
12869,CCW,2,0.975,9.946599328830933
12869,CCW,2,0.976,9.892233758340717
12869,CCW,2,0.977,9.837516382095284
12869,CCW,2,0.978,9.783057665235955
12869,CCW,2,0.979,9.729264960748775
12869,CCW,2,0.98,9.675308411821595
12869,CCW,2,0.981,9.620138814139427
12869,CCW,2,0.982,9.563524287086224
12869,CCW,2,0.983,9.505864264772104
12869,CCW,2,0.984,9.447777580279867
12869,CCW,2,0.985,9.389410264163823
12869,CCW,2,0.986,9.330839535345095
12869,CCW,2,0.987,9.272182705685026
12869,CCW,2,0.988,9.21407210736936
12869,CCW,2,0.989,9.156788169214057
12869,CCW,2,0.99,9.100877480319646
12869,CCW,2,0.991,9.046374151222215
12869,CCW,2,0.992,8.992870617566691
12869,CCW,2,0.993,8.939958810805527
12869,CCW,2,0.994,8.886996429391472
12869,CCW,2,0.995,8.833776195412137
12869,CCW,2,0.996,8.77998407696726
12869,CCW,2,0.997,8.725833828740683
12869,CCW,2,0.998,8.671694413076793
12869,CCW,2,0.999,8.61771824302186
12869,CCW,2,1.0,8.563685553421504
12869,CCW,3,0.0,0.0
12869,CCW,3,0.001,0.007821595711916767
12869,CCW,3,0.002,0.015661173291791026
12869,CCW,3,0.003,0.02350379190263356
12869,CCW,3,0.004,0.03133246074830927
12869,CCW,3,0.005,0.03920094057669069
12869,CCW,3,0.006,0.04701712352378908
12869,CCW,3,0.007,0.054865404929827104
12869,CCW,3,0.008,0.06261504538727539
12869,CCW,3,0.009000000000000001,0.07042353805612982
12869,CCW,3,0.01,0.07823460705438062
12869,CCW,3,0.011,0.08599660388091125
12869,CCW,3,0.012,0.09380012324698711
12869,CCW,3,0.013000000000000001,0.10160383734101842
12869,CCW,3,0.014,0.1094199752972365
12869,CCW,3,0.015,0.11724926538089096
12869,CCW,3,0.016,0.12518735889507568
12869,CCW,3,0.017,0.13318323375222815
12869,CCW,3,0.018000000000000002,0.1411905747576787
12869,CCW,3,0.019,0.1495971826719615
12869,CCW,3,0.02,0.15764188831557063
12869,CCW,3,0.021,0.16631314360452318
12869,CCW,3,0.022,0.17461178054154494
12869,CCW,3,0.023,0.18290019987812817
12869,CCW,3,0.024,0.19168806533749244
12869,CCW,3,0.025,0.19954078091794822
12869,CCW,3,0.026000000000000002,0.20761148842763785
12869,CCW,3,0.027,0.2159110551642297
12869,CCW,3,0.028,0.22435752968589776
12869,CCW,3,0.029,0.23308383311125283
12869,CCW,3,0.03,0.24101223725467716
12869,CCW,3,0.031,0.24989741016666345
12869,CCW,3,0.032,0.25869301299513014
12869,CCW,3,0.033,0.26743540782394887
12869,CCW,3,0.034,0.27649246805506794
12869,CCW,3,0.035,0.28617096057367875
12869,CCW,3,0.036000000000000004,0.2956913325609582
12869,CCW,3,0.037,0.30522642994264076
12869,CCW,3,0.038,0.31546144296999123
12869,CCW,3,0.039,0.32457965783829423
12869,CCW,3,0.04,0.33386241617253315
12869,CCW,3,0.041,0.34267867712359923
12869,CCW,3,0.042,0.3522607148741401
12869,CCW,3,0.043000000000000003,0.36129607311051104
12869,CCW,3,0.044,0.37065369021430256
12869,CCW,3,0.045,0.37993991895239687
12869,CCW,3,0.046,0.3888554440049726
12869,CCW,3,0.047,0.3967664172043258
12869,CCW,3,0.048,0.4053723684548462
12869,CCW,3,0.049,0.41415012727747613
12869,CCW,3,0.05,0.42294432240763785
12869,CCW,3,0.051000000000000004,0.43208366351602295
12869,CCW,3,0.052000000000000005,0.44162477325773025
12869,CCW,3,0.053,0.4510873637567701
12869,CCW,3,0.054,0.4606380462154223
12869,CCW,3,0.055,0.4703087103064091
12869,CCW,3,0.056,0.4803210343962298
12869,CCW,3,0.057,0.4903789304534387
12869,CCW,3,0.058,0.5005849536716424
12869,CCW,3,0.059000000000000004,0.5107867434463789
12869,CCW,3,0.06,0.5208239373973303
12869,CCW,3,0.061,0.530356627014036
12869,CCW,3,0.062,0.5397060218507973
12869,CCW,3,0.063,0.549296881843495
12869,CCW,3,0.064,0.5585684904323418
12869,CCW,3,0.065,0.5667789715182472
12869,CCW,3,0.066,0.5750782453835995
12869,CCW,3,0.067,0.583368742328874
12869,CCW,3,0.068,0.5918378005352831
12869,CCW,3,0.069,0.6004521146957111
12869,CCW,3,0.07,0.6098151662460296
12869,CCW,3,0.07100000000000001,0.6196017455420786
12869,CCW,3,0.07200000000000001,0.6293780516226396
12869,CCW,3,0.073,0.6391854314709372
12869,CCW,3,0.074,0.648808205259809
12869,CCW,3,0.075,0.6584736890231416
12869,CCW,3,0.076,0.6681028054951551
12869,CCW,3,0.077,0.6773642179819165
12869,CCW,3,0.078,0.6872914876955174
12869,CCW,3,0.079,0.6971679738079956
12869,CCW,3,0.08,0.7070169593527693
12869,CCW,3,0.081,0.7162032611900427
12869,CCW,3,0.082,0.7258690097548671
12869,CCW,3,0.083,0.7348285681695865
12869,CCW,3,0.084,0.7438733091607693
12869,CCW,3,0.085,0.7528111990748982
12869,CCW,3,0.08600000000000001,0.761768383702837
12869,CCW,3,0.08700000000000001,0.7704680803617776
12869,CCW,3,0.088,0.7794893644997367
12869,CCW,3,0.089,0.7890283115486998
12869,CCW,3,0.09,0.7985216981214842
12869,CCW,3,0.091,0.8076215400439535
12869,CCW,3,0.092,0.8172620937971667
12869,CCW,3,0.093,0.8269867981349835
12869,CCW,3,0.094,0.837028668206433
12869,CCW,3,0.095,0.8466026719342962
12869,CCW,3,0.096,0.8563437242303767
12869,CCW,3,0.097,0.8660992786340769
12869,CCW,3,0.098,0.8757584384192959
12869,CCW,3,0.099,0.8851975616591399
12869,CCW,3,0.1,0.8940005489615023
12869,CCW,3,0.101,0.9025459035774358
12869,CCW,3,0.10200000000000001,0.9112604422618527
12869,CCW,3,0.10300000000000001,0.9201013469122331
12869,CCW,3,0.10400000000000001,0.9290651023017361
12869,CCW,3,0.105,0.9381975317347497
12869,CCW,3,0.106,0.9472032739667664
12869,CCW,3,0.107,0.9559385447806342
12869,CCW,3,0.108,0.9642957928415408
12869,CCW,3,0.109,0.9724698825497313
12869,CCW,3,0.11,0.9804689338380197
12869,CCW,3,0.111,0.9882530607021898
12869,CCW,3,0.112,0.9958684336595427
12869,CCW,3,0.113,1.0033615143470525
12869,CCW,3,0.114,1.01077955663297
12869,CCW,3,0.115,1.0181338073767732
12869,CCW,3,0.116,1.0253930324003635
12869,CCW,3,0.117,1.0326656309636133
12869,CCW,3,0.11800000000000001,1.0399521347579634
12869,CCW,3,0.11900000000000001,1.047253592154174
12869,CCW,3,0.12,1.0546184541408816
12869,CCW,3,0.121,1.0620893707145929
12869,CCW,3,0.122,1.0696015449351863
12869,CCW,3,0.123,1.0771982535281794
12869,CCW,3,0.124,1.0848788149973299
12869,CCW,3,0.125,1.0926395373274
12869,CCW,3,0.126,1.1004547898995904
12869,CCW,3,0.127,1.1083145635148877
12869,CCW,3,0.128,1.116338502017616
12869,CCW,3,0.129,1.12460396128897
12869,CCW,3,0.13,1.1332258284794154
12869,CCW,3,0.131,1.1420951082496265
12869,CCW,3,0.132,1.1514807506732696
12869,CCW,3,0.133,1.1612386893014808
12869,CCW,3,0.134,1.1711680696413296
12869,CCW,3,0.135,1.1820368151103242
12869,CCW,3,0.136,1.1929407700421726
12869,CCW,3,0.137,1.2055539871586425
12869,CCW,3,0.138,1.218068073391645
12869,CCW,3,0.139,1.2312343840807314
12869,CCW,3,0.14,1.2442313652295807
12869,CCW,3,0.14100000000000001,1.2584891403442293
12869,CCW,3,0.14200000000000002,1.272799865371783
12869,CCW,3,0.14300000000000002,1.2853608311023919
12869,CCW,3,0.14400000000000002,1.2988324554822974
12869,CCW,3,0.145,1.3128446686401225
12869,CCW,3,0.146,1.327343721303493
12869,CCW,3,0.147,1.3428396249403793
12869,CCW,3,0.148,1.3599748212324272
12869,CCW,3,0.149,1.3788068685441146
12869,CCW,3,0.15,1.3989611890613647
12869,CCW,3,0.151,1.4194097080588972
12869,CCW,3,0.152,1.439700768109129
12869,CCW,3,0.153,1.4585485525924557
12869,CCW,3,0.154,1.4765089531226891
12869,CCW,3,0.155,1.4961790536475996
12869,CCW,3,0.156,1.5145843140401394
12869,CCW,3,0.157,1.5344055473323663
12869,CCW,3,0.158,1.552058863556568
12869,CCW,3,0.159,1.5725821032095648
12869,CCW,3,0.16,1.5933292197517384
12869,CCW,3,0.161,1.6121920364361855
12869,CCW,3,0.162,1.6311647624263723
12869,CCW,3,0.163,1.6513404291433242
12869,CCW,3,0.164,1.6688876064443412
12869,CCW,3,0.165,1.6846743423060864
12869,CCW,3,0.166,1.7033409024626605
12869,CCW,3,0.167,1.7179295076072005
12869,CCW,3,0.168,1.7320402805122277
12869,CCW,3,0.169,1.7450298554302104
12869,CCW,3,0.17,1.7583144182951143
12869,CCW,3,0.171,1.7695470107234583
12869,CCW,3,0.17200000000000001,1.7815848409784634
12869,CCW,3,0.17300000000000001,1.7946237506351554
12869,CCW,3,0.17400000000000002,1.8071434157809732
12869,CCW,3,0.17500000000000002,1.8198736811443603
12869,CCW,3,0.176,1.8344124926239354
12869,CCW,3,0.177,1.8476453832323994
12869,CCW,3,0.178,1.8631944927295705
12869,CCW,3,0.179,1.8788096401587866
12869,CCW,3,0.18,1.8933821922304015
12869,CCW,3,0.181,1.9103268626905718
12869,CCW,3,0.182,1.9284599798674615
12869,CCW,3,0.183,1.9453519811564661
12869,CCW,3,0.184,1.9643729637905445
12869,CCW,3,0.185,1.9840270332212169
12869,CCW,3,0.186,2.0022652190528394
12869,CCW,3,0.187,2.0237730594058445
12869,CCW,3,0.188,2.0422981940157454
12869,CCW,3,0.189,2.0622245839876645
12869,CCW,3,0.19,2.078894719296531
12869,CCW,3,0.191,2.0976038785906432
12869,CCW,3,0.192,2.1123989782298955
12869,CCW,3,0.193,2.1290128677402835
12869,CCW,3,0.194,2.1430370082634043
12869,CCW,3,0.195,2.1568691040307537
12869,CCW,3,0.196,2.1689027929487463
12869,CCW,3,0.197,2.180635849230788
12869,CCW,3,0.198,2.191026354176034
12869,CCW,3,0.199,2.2006396792018026
12869,CCW,3,0.2,2.2101824299293145
12869,CCW,3,0.201,2.2191494697291483
12869,CCW,3,0.202,2.2278060520647895
12869,CCW,3,0.203,2.236237956776649
12869,CCW,3,0.20400000000000001,2.2445694555659665
12869,CCW,3,0.20500000000000002,2.252935252192766
12869,CCW,3,0.20600000000000002,2.2614368252375034
12869,CCW,3,0.20700000000000002,2.270109512928267
12869,CCW,3,0.20800000000000002,2.278889325346886
12869,CCW,3,0.209,2.287635479520558
12869,CCW,3,0.21,2.2967614130485017
12869,CCW,3,0.211,2.3059491642036964
12869,CCW,3,0.212,2.315220054620398
12869,CCW,3,0.213,2.324567849050653
12869,CCW,3,0.214,2.3339026805932366
12869,CCW,3,0.215,2.3430032567323322
12869,CCW,3,0.216,2.352369232528934
12869,CCW,3,0.217,2.361684936717457
12869,CCW,3,0.218,2.3709626177226473
12869,CCW,3,0.219,2.3804165436188907
12869,CCW,3,0.22,2.389566128578488
12869,CCW,3,0.221,2.3987206264890304
12869,CCW,3,0.222,2.408256642265167
12869,CCW,3,0.223,2.417706735661441
12869,CCW,3,0.224,2.427460167956221
12869,CCW,3,0.225,2.437036900970901
12869,CCW,3,0.226,2.4467988815071284
12869,CCW,3,0.227,2.456314950401021
12869,CCW,3,0.228,2.466048618406102
12869,CCW,3,0.229,2.4758222454390846
12869,CCW,3,0.23,2.4856497551480854
12869,CCW,3,0.231,2.495377627552295
12869,CCW,3,0.232,2.5049082954835633
12869,CCW,3,0.233,2.5142549084616057
12869,CCW,3,0.234,2.5234037235665268
12869,CCW,3,0.23500000000000001,2.532191584521874
12869,CCW,3,0.23600000000000002,2.540687020760833
12869,CCW,3,0.23700000000000002,2.5490470374699794
12869,CCW,3,0.23800000000000002,2.556924516700476
12869,CCW,3,0.23900000000000002,2.5646553473598495
12869,CCW,3,0.24,2.5715332004722855
12869,CCW,3,0.241,2.578162735238699
12869,CCW,3,0.242,2.583554054478244
12869,CCW,3,0.243,2.589026131387092
12869,CCW,3,0.244,2.5939121994535608
12869,CCW,3,0.245,2.598467061243496
12869,CCW,3,0.246,2.602384569167595
12869,CCW,3,0.247,2.6054630032696102
12869,CCW,3,0.248,2.607713276269434
12869,CCW,3,0.249,2.6089753490759486
12869,CCW,3,0.25,2.6112623732900295
12869,CCW,3,0.251,2.610470503618285
12869,CCW,3,0.252,2.6090338124069254
12869,CCW,3,0.253,2.6068847183794412
12869,CCW,3,0.254,2.6041217362637363
12869,CCW,3,0.255,2.600423849133125
12869,CCW,3,0.256,2.59266473198673
12869,CCW,3,0.257,2.586002713785185
12869,CCW,3,0.258,2.5756449489739337
12869,CCW,3,0.259,2.5640155341608364
12869,CCW,3,0.26,2.5518866103281224
12869,CCW,3,0.261,2.538552619241656
12869,CCW,3,0.262,2.528147308069164
12869,CCW,3,0.263,2.523263332708874
12869,CCW,3,0.264,2.5393020582326526
12869,CCW,3,0.265,2.607358285932612
12869,CCW,3,0.266,2.7441298604969218
12869,CCW,3,0.267,2.9223969938743006
12869,CCW,3,0.268,3.111949915325545
12869,CCW,3,0.269,3.2866614102247658
12869,CCW,3,0.27,3.4365351365576573
12869,CCW,3,0.271,3.556793738961797
12869,CCW,3,0.272,3.6515288090547293
12869,CCW,3,0.273,3.7287165939948275
12869,CCW,3,0.274,3.7865366206975932
12869,CCW,3,0.275,3.8354852041561744
12869,CCW,3,0.276,3.8807692180317
12869,CCW,3,0.277,3.9262215145204165
12869,CCW,3,0.278,3.973442167978023
12869,CCW,3,0.279,4.031586172436235
12869,CCW,3,0.28,4.09954810674205
12869,CCW,3,0.281,4.180711030506034
12869,CCW,3,0.28200000000000003,4.269345639426162
12869,CCW,3,0.28300000000000003,4.357663752551882
12869,CCW,3,0.28400000000000003,4.468792555791008
12869,CCW,3,0.28500000000000003,4.5973397134948595
12869,CCW,3,0.28600000000000003,4.731529314711698
12869,CCW,3,0.28700000000000003,4.877556544214807
12869,CCW,3,0.28800000000000003,5.031303570542247
12869,CCW,3,0.289,5.181704430504358
12869,CCW,3,0.29,5.327334469422869
12869,CCW,3,0.291,5.468087644473361
12869,CCW,3,0.292,5.612024906571954
12869,CCW,3,0.293,5.776021376659313
12869,CCW,3,0.294,5.936518091210088
12869,CCW,3,0.295,6.1020265162424705
12869,CCW,3,0.296,6.282264170460672
12869,CCW,3,0.297,6.45875017124875
12869,CCW,3,0.298,6.628579818315447
12869,CCW,3,0.299,6.784329340289437
12869,CCW,3,0.3,6.9227310217050455
12869,CCW,3,0.301,7.02901465239659
12869,CCW,3,0.302,7.097439629045284
12869,CCW,3,0.303,7.117986145428038
12869,CCW,3,0.304,7.1045865374640815
12869,CCW,3,0.305,7.058786798822841
12869,CCW,3,0.306,6.9936741146570895
12869,CCW,3,0.307,6.915425387943561
12869,CCW,3,0.308,6.834458703573443
12869,CCW,3,0.309,6.750586709734353
12869,CCW,3,0.31,6.671440990038036
12869,CCW,3,0.311,6.596978246200798
12869,CCW,3,0.312,6.531643220121445
12869,CCW,3,0.313,6.473711734374711
12869,CCW,3,0.314,6.422935118674518
12869,CCW,3,0.315,6.378699031822853
12869,CCW,3,0.316,6.339926720318858
12869,CCW,3,0.317,6.305667604587537
12869,CCW,3,0.318,6.2755957024890305
12869,CCW,3,0.319,6.24933170076383
12869,CCW,3,0.32,6.226473177954959
12869,CCW,3,0.321,6.206301568000207
12869,CCW,3,0.322,6.188506631274078
12869,CCW,3,0.323,6.172832545553791
12869,CCW,3,0.324,6.159093593786232
12869,CCW,3,0.325,6.146914123131631
12869,CCW,3,0.326,6.136087576439364
12869,CCW,3,0.327,6.126451975586638
12869,CCW,3,0.328,6.117770464457226
12869,CCW,3,0.329,6.109943492323392
12869,CCW,3,0.33,6.102832999642323
12869,CCW,3,0.331,6.096257409000441
12869,CCW,3,0.332,6.090176607557477
12869,CCW,3,0.333,6.084454349098132
12869,CCW,3,0.334,6.079057683841017
12869,CCW,3,0.335,6.07378199220033
12869,CCW,3,0.336,6.068592745925892
12869,CCW,3,0.337,6.063539128099166
12869,CCW,3,0.338,6.0585815264866305
12869,CCW,3,0.339,6.053530329368852
12869,CCW,3,0.34,6.048408948631016
12869,CCW,3,0.341,6.04323799585682
12869,CCW,3,0.342,6.038096820155599
12869,CCW,3,0.343,6.032753600649148
12869,CCW,3,0.34400000000000003,6.027339971033062
12869,CCW,3,0.34500000000000003,6.021899386510936
12869,CCW,3,0.34600000000000003,6.016244184415408
12869,CCW,3,0.34700000000000003,6.010556592887861
12869,CCW,3,0.34800000000000003,6.004960018923228
12869,CCW,3,0.34900000000000003,5.9992372861749415
12869,CCW,3,0.35000000000000003,5.993458469156389
12869,CCW,3,0.35100000000000003,5.987623586924027
12869,CCW,3,0.352,5.981769085475421
12869,CCW,3,0.353,5.975855890974703
12869,CCW,3,0.354,5.969869418816211
12869,CCW,3,0.355,5.963739650150942
12869,CCW,3,0.356,5.957591996301255
12869,CCW,3,0.357,5.951434409330845
12869,CCW,3,0.358,5.94523118991016
12869,CCW,3,0.359,5.938801948828758
12869,CCW,3,0.36,5.932090257201116
12869,CCW,3,0.361,5.925066672185418
12869,CCW,3,0.362,5.917684129411577
12869,CCW,3,0.363,5.910102054545576
12869,CCW,3,0.364,5.902480505476341
12869,CCW,3,0.365,5.894733334618459
12869,CCW,3,0.366,5.886908777392038
12869,CCW,3,0.367,5.879125886962013
12869,CCW,3,0.368,5.871452882989444
12869,CCW,3,0.369,5.863796366430197
12869,CCW,3,0.37,5.855943318512832
12869,CCW,3,0.371,5.8478882914054635
12869,CCW,3,0.372,5.83969729437303
12869,CCW,3,0.373,5.8314401106780185
12869,CCW,3,0.374,5.823153420990162
12869,CCW,3,0.375,5.814839492922977
12869,CCW,3,0.376,5.806535459210777
12869,CCW,3,0.377,5.79825146024522
12869,CCW,3,0.378,5.789891271506127
12869,CCW,3,0.379,5.7813608549166835
12869,CCW,3,0.38,5.772618463532391
12869,CCW,3,0.381,5.763789299128252
12869,CCW,3,0.382,5.754964774726958
12869,CCW,3,0.383,5.746305407341578
12869,CCW,3,0.384,5.737999507263261
12869,CCW,3,0.385,5.730303154579207
12869,CCW,3,0.386,5.723296490912114
12869,CCW,3,0.387,5.716006425057503
12869,CCW,3,0.388,5.707590533173681
12869,CCW,3,0.389,5.698241058277932
12869,CCW,3,0.39,5.688305854567809
12869,CCW,3,0.391,5.677924076283169
12869,CCW,3,0.392,5.666751043920422
12869,CCW,3,0.393,5.655076126175211
12869,CCW,3,0.394,5.642148268557334
12869,CCW,3,0.395,5.628799272180274
12869,CCW,3,0.396,5.6146399616587574
12869,CCW,3,0.397,5.598902756429574
12869,CCW,3,0.398,5.58289306312062
12869,CCW,3,0.399,5.565634992177699
12869,CCW,3,0.4,5.54597494330375
12869,CCW,3,0.401,5.525725535092299
12869,CCW,3,0.402,5.503571375023569
12869,CCW,3,0.403,5.480291540876356
12869,CCW,3,0.404,5.4552515563014286
12869,CCW,3,0.405,5.427399803377762
12869,CCW,3,0.406,5.397756830769676
12869,CCW,3,0.40700000000000003,5.365941377063879
12869,CCW,3,0.40800000000000003,5.332374843983898
12869,CCW,3,0.40900000000000003,5.295397402760197
12869,CCW,3,0.41000000000000003,5.258371166784935
12869,CCW,3,0.41100000000000003,5.217272437616869
12869,CCW,3,0.41200000000000003,5.173690803996008
12869,CCW,3,0.41300000000000003,5.13139816894072
12869,CCW,3,0.41400000000000003,5.087238685623746
12869,CCW,3,0.41500000000000004,5.0428187373345
12869,CCW,3,0.41600000000000004,4.997697146042682
12869,CCW,3,0.417,4.951652275413117
12869,CCW,3,0.418,4.907648670017898
12869,CCW,3,0.419,4.859588926677419
12869,CCW,3,0.42,4.815598518976366
12869,CCW,3,0.421,4.772721866633568
12869,CCW,3,0.422,4.729874998951042
12869,CCW,3,0.423,4.685743204972753
12869,CCW,3,0.424,4.6402749122707885
12869,CCW,3,0.425,4.5955497359888735
12869,CCW,3,0.426,4.5528740139972115
12869,CCW,3,0.427,4.513969806879003
12869,CCW,3,0.428,4.479058766278449
12869,CCW,3,0.429,4.446666620166663
12869,CCW,3,0.43,4.418442302478978
12869,CCW,3,0.431,4.389466983819282
12869,CCW,3,0.432,4.36387056806224
12869,CCW,3,0.433,4.337963898280665
12869,CCW,3,0.434,4.314131814912099
12869,CCW,3,0.435,4.291748578176072
12869,CCW,3,0.436,4.270643277411101
12869,CCW,3,0.437,4.250782298516149
12869,CCW,3,0.438,4.231945752874541
12869,CCW,3,0.439,4.213794521270272
12869,CCW,3,0.44,4.19667856614828
12869,CCW,3,0.441,4.180075310245237
12869,CCW,3,0.442,4.1641248299485945
12869,CCW,3,0.443,4.148990577134971
12869,CCW,3,0.444,4.1348931755355665
12869,CCW,3,0.445,4.121286721910037
12869,CCW,3,0.446,4.108515824770672
12869,CCW,3,0.447,4.096728240150892
12869,CCW,3,0.448,4.08544369858414
12869,CCW,3,0.449,4.074477062587285
12869,CCW,3,0.45,4.063953885044441
12869,CCW,3,0.451,4.053928131445162
12869,CCW,3,0.452,4.04405858116432
12869,CCW,3,0.453,4.034535336308565
12869,CCW,3,0.454,4.025360828870316
12869,CCW,3,0.455,4.0163688824682655
12869,CCW,3,0.456,4.007534963547062
12869,CCW,3,0.457,3.998900770596778
12869,CCW,3,0.458,3.9904045837090205
12869,CCW,3,0.459,3.981989666693005
12869,CCW,3,0.46,3.973676551393282
12869,CCW,3,0.461,3.9654888806858013
12869,CCW,3,0.462,3.9574410111706193
12869,CCW,3,0.463,3.9495017834756676
12869,CCW,3,0.464,3.941672699310092
12869,CCW,3,0.465,3.9339311758808484
12869,CCW,3,0.466,3.9262691033693082
12869,CCW,3,0.467,3.9186657252305466
12869,CCW,3,0.468,3.9110896222721174
12869,CCW,3,0.46900000000000003,3.9035505175729917
12869,CCW,3,0.47000000000000003,3.8960296078695693
12869,CCW,3,0.47100000000000003,3.8885310666870123
12869,CCW,3,0.47200000000000003,3.881100591382086
12869,CCW,3,0.47300000000000003,3.8737416014304755
12869,CCW,3,0.47400000000000003,3.86652610983506
12869,CCW,3,0.47500000000000003,3.8594019979758265
12869,CCW,3,0.47600000000000003,3.8523356930733894
12869,CCW,3,0.47700000000000004,3.8452462302285983
12869,CCW,3,0.47800000000000004,3.838198248339688
12869,CCW,3,0.47900000000000004,3.831172479311181
12869,CCW,3,0.48,3.8240964785340714
12869,CCW,3,0.481,3.8170968759005555
12869,CCW,3,0.482,3.8100879856274354
12869,CCW,3,0.483,3.8031395205677856
12869,CCW,3,0.484,3.7962221940312997
12869,CCW,3,0.485,3.7892960126621142
12869,CCW,3,0.486,3.7824183231894835
12869,CCW,3,0.487,3.7755028193173943
12869,CCW,3,0.488,3.768582298597748
12869,CCW,3,0.489,3.76169338971028
12869,CCW,3,0.49,3.754852216918498
12869,CCW,3,0.491,3.7480087836941194
12869,CCW,3,0.492,3.7411279360844363
12869,CCW,3,0.493,3.7342890329829506
12869,CCW,3,0.494,3.7274437751180423
12869,CCW,3,0.495,3.7205954911811587
12869,CCW,3,0.496,3.7137047696313723
12869,CCW,3,0.497,3.7068009771428607
12869,CCW,3,0.498,3.699884600376262
12869,CCW,3,0.499,3.692984860965139
12869,CCW,3,0.5,3.6861190985302796
12869,CCW,3,0.501,3.6792649176306558
12869,CCW,3,0.502,3.6724117392641946
12869,CCW,3,0.503,3.6655554461972604
12869,CCW,3,0.504,3.658795273962102
12869,CCW,3,0.505,3.652176279967812
12869,CCW,3,0.506,3.6456328881812854
12869,CCW,3,0.507,3.6390792840407444
12869,CCW,3,0.508,3.6324829857123224
12869,CCW,3,0.509,3.6258517336505447
12869,CCW,3,0.51,3.6194292551722764
12869,CCW,3,0.511,3.6130456342547568
12869,CCW,3,0.512,3.606521506840678
12869,CCW,3,0.513,3.5999373681409064
12869,CCW,3,0.514,3.593434014554387
12869,CCW,3,0.515,3.5870396772185935
12869,CCW,3,0.516,3.580684247201503
12869,CCW,3,0.517,3.574231300260581
12869,CCW,3,0.518,3.567649202722957
12869,CCW,3,0.519,3.561015951275821
12869,CCW,3,0.52,3.55439843549732
12869,CCW,3,0.521,3.547896360389112
12869,CCW,3,0.522,3.5414256531444965
12869,CCW,3,0.523,3.5347495668749027
12869,CCW,3,0.524,3.527899960274685
12869,CCW,3,0.525,3.5210487390646876
12869,CCW,3,0.526,3.514331371563227
12869,CCW,3,0.527,3.50777870299868
12869,CCW,3,0.528,3.50101178226891
12869,CCW,3,0.529,3.493916404218727
12869,CCW,3,0.53,3.486744393508527
12869,CCW,3,0.531,3.4794768220486683
12869,CCW,3,0.532,3.472226455741343
12869,CCW,3,0.533,3.465369251351986
12869,CCW,3,0.534,3.4588725589677756
12869,CCW,3,0.535,3.452712577247566
12869,CCW,3,0.536,3.4466674431857993
12869,CCW,3,0.537,3.4407381789700704
12869,CCW,3,0.538,3.434900605812148
12869,CCW,3,0.539,3.4290460111516166
12869,CCW,3,0.54,3.4230104454256947
12869,CCW,3,0.541,3.416752523318106
12869,CCW,3,0.542,3.410332146496153
12869,CCW,3,0.543,3.4037363219285384
12869,CCW,3,0.544,3.397073054443775
12869,CCW,3,0.545,3.390501364817122
12869,CCW,3,0.546,3.384002322576853
12869,CCW,3,0.547,3.3773925527723625
12869,CCW,3,0.548,3.3706158447845076
12869,CCW,3,0.549,3.3638759668114644
12869,CCW,3,0.55,3.357183302719946
12869,CCW,3,0.551,3.3507638980235392
12869,CCW,3,0.552,3.34472307111353
12869,CCW,3,0.553,3.33902985503865
12869,CCW,3,0.554,3.333430136923569
12869,CCW,3,0.555,3.3277277967472365
12869,CCW,3,0.556,3.3218806009213604
12869,CCW,3,0.557,3.316035568853207
12869,CCW,3,0.558,3.3102276888761653
12869,CCW,3,0.559,3.30436215244436
12869,CCW,3,0.56,3.298453035045131
12869,CCW,3,0.561,3.2926112886147862
12869,CCW,3,0.562,3.2868381838307306
12869,CCW,3,0.5630000000000001,3.2811503652858414
12869,CCW,3,0.5640000000000001,3.2755272512631146
12869,CCW,3,0.5650000000000001,3.2698011687759765
12869,CCW,3,0.5660000000000001,3.263940041759297
12869,CCW,3,0.5670000000000001,3.258030066971305
12869,CCW,3,0.5680000000000001,3.252072734101191
12869,CCW,3,0.5690000000000001,3.2461817423853163
12869,CCW,3,0.5700000000000001,3.2402739280254154
12869,CCW,3,0.5710000000000001,3.234181153094161
12869,CCW,3,0.5720000000000001,3.2280557405607158
12869,CCW,3,0.5730000000000001,3.222085605164156
12869,CCW,3,0.5740000000000001,3.216065865186943
12869,CCW,3,0.5750000000000001,3.209801448294652
12869,CCW,3,0.5760000000000001,3.20350878481561
12869,CCW,3,0.577,3.197575177116367
12869,CCW,3,0.578,3.1920981918782605
12869,CCW,3,0.579,3.186916631427332
12869,CCW,3,0.58,3.1817530321032317
12869,CCW,3,0.581,3.176382856234511
12869,CCW,3,0.582,3.1707744710731087
12869,CCW,3,0.583,3.1650507539163644
12869,CCW,3,0.584,3.159432691643967
12869,CCW,3,0.585,3.1539665075008076
12869,CCW,3,0.586,3.1484681456572923
12869,CCW,3,0.587,3.142878985450517
12869,CCW,3,0.588,3.137226697215773
12869,CCW,3,0.589,3.1316492688433706
12869,CCW,3,0.59,3.126088766190149
12869,CCW,3,0.591,3.120474414101782
12869,CCW,3,0.592,3.1149217454653924
12869,CCW,3,0.593,3.1096384527553944
12869,CCW,3,0.594,3.104532113663446
12869,CCW,3,0.595,3.099416934121678
12869,CCW,3,0.596,3.094235012101666
12869,CCW,3,0.597,3.089087576003411
12869,CCW,3,0.598,3.084007950629779
12869,CCW,3,0.599,3.079048745281374
12869,CCW,3,0.6,3.07434230670699
12869,CCW,3,0.601,3.0697760004928676
12869,CCW,3,0.602,3.0652860368837493
12869,CCW,3,0.603,3.0607778515655006
12869,CCW,3,0.604,3.0563164297288044
12869,CCW,3,0.605,3.051948543383081
12869,CCW,3,0.606,3.047472938897519
12869,CCW,3,0.607,3.0428248961450137
12869,CCW,3,0.608,3.0380161570522914
12869,CCW,3,0.609,3.0333643367989906
12869,CCW,3,0.61,3.0288301657893046
12869,CCW,3,0.611,3.0244445912461537
12869,CCW,3,0.612,3.0203836226982497
12869,CCW,3,0.613,3.016502830694593
12869,CCW,3,0.614,3.012576138546222
12869,CCW,3,0.615,3.008481136036458
12869,CCW,3,0.616,3.0040933816162765
12869,CCW,3,0.617,2.9996388925967294
12869,CCW,3,0.618,2.994977126083032
12869,CCW,3,0.619,2.990286938513106
12869,CCW,3,0.62,2.9854016194524937
12869,CCW,3,0.621,2.9804028346918354
12869,CCW,3,0.622,2.975181281076641
12869,CCW,3,0.623,2.96969244581153
12869,CCW,3,0.624,2.9645554615162784
12869,CCW,3,0.625,2.959882722040523
12869,CCW,3,0.626,2.955456139677389
12869,CCW,3,0.627,2.9513172210527414
12869,CCW,3,0.628,2.94744362992629
12869,CCW,3,0.629,2.943771721577025
12869,CCW,3,0.63,2.9403179087362656
12869,CCW,3,0.631,2.937319905383297
12869,CCW,3,0.632,2.9343045552589406
12869,CCW,3,0.633,2.9310934682471528
12869,CCW,3,0.634,2.927601835573742
12869,CCW,3,0.635,2.9234979932920324
12869,CCW,3,0.636,2.918882666839609
12869,CCW,3,0.637,2.914279208244587
12869,CCW,3,0.638,2.9094751830446803
12869,CCW,3,0.639,2.904157558956683
12869,CCW,3,0.64,2.898769168230161
12869,CCW,3,0.641,2.8940076318182464
12869,CCW,3,0.642,2.889830219772329
12869,CCW,3,0.643,2.885970745145118
12869,CCW,3,0.644,2.882262146496193
12869,CCW,3,0.645,2.8783415466046947
12869,CCW,3,0.646,2.8741337278029335
12869,CCW,3,0.647,2.8697130176447114
12869,CCW,3,0.648,2.8653398812964332
12869,CCW,3,0.649,2.8610474358930222
12869,CCW,3,0.65,2.8564875134614542
12869,CCW,3,0.651,2.851644943715811
12869,CCW,3,0.652,2.846823726687838
12869,CCW,3,0.653,2.8422482404190927
12869,CCW,3,0.654,2.837794333135603
12869,CCW,3,0.655,2.8331484777443294
12869,CCW,3,0.656,2.828403333584583
12869,CCW,3,0.657,2.8236283109904865
12869,CCW,3,0.658,2.8186917278268333
12869,CCW,3,0.659,2.8137111265560897
12869,CCW,3,0.66,2.8090411296942905
12869,CCW,3,0.661,2.8046839451724943
12869,CCW,3,0.662,2.800670734530578
12869,CCW,3,0.663,2.797001237292355
12869,CCW,3,0.664,2.7938351544836926
12869,CCW,3,0.665,2.7908657051978207
12869,CCW,3,0.666,2.787493108833863
12869,CCW,3,0.667,2.784014496115245
12869,CCW,3,0.668,2.780839318248835
12869,CCW,3,0.669,2.777727047813135
12869,CCW,3,0.67,2.77494968194274
12869,CCW,3,0.671,2.7721047169978825
12869,CCW,3,0.672,2.7689791631680154
12869,CCW,3,0.673,2.7663953091406763
12869,CCW,3,0.674,2.7632703222712225
12869,CCW,3,0.675,2.7603588307392104
12869,CCW,3,0.676,2.7580354863050984
12869,CCW,3,0.677,2.756024287568978
12869,CCW,3,0.678,2.7543130329036734
12869,CCW,3,0.679,2.7521795312417874
12869,CCW,3,0.68,2.750946037417719
12869,CCW,3,0.681,2.7507330168184607
12869,CCW,3,0.682,2.7505629631734285
12869,CCW,3,0.683,2.751954479991817
12869,CCW,3,0.684,2.7541936434704786
12869,CCW,3,0.685,2.7561097031563513
12869,CCW,3,0.686,2.7581749398663256
12869,CCW,3,0.687,2.761761434540302
12869,CCW,3,0.6880000000000001,2.764530781576202
12869,CCW,3,0.6890000000000001,2.769724272179117
12869,CCW,3,0.6900000000000001,2.774723890385463
12869,CCW,3,0.6910000000000001,2.7807159647373823
12869,CCW,3,0.6920000000000001,2.7880563539983787
12869,CCW,3,0.6930000000000001,2.7982325040454756
12869,CCW,3,0.6940000000000001,2.8087345591410893
12869,CCW,3,0.6950000000000001,2.8212244112485156
12869,CCW,3,0.6960000000000001,2.832771236904308
12869,CCW,3,0.6970000000000001,2.845087384913802
12869,CCW,3,0.6980000000000001,2.856347605922574
12869,CCW,3,0.6990000000000001,2.8674827732574193
12869,CCW,3,0.7000000000000001,2.879468798412545
12869,CCW,3,0.7010000000000001,2.888699938219087
12869,CCW,3,0.7020000000000001,2.9008523891576776
12869,CCW,3,0.7030000000000001,2.9122102053989702
12869,CCW,3,0.704,2.923156036212548
12869,CCW,3,0.705,2.934712186246658
12869,CCW,3,0.706,2.944161341896474
12869,CCW,3,0.707,2.9541274704749028
12869,CCW,3,0.708,2.967032209631564
12869,CCW,3,0.709,2.9808374310168104
12869,CCW,3,0.71,2.995781954465818
12869,CCW,3,0.711,3.0116314210894117
12869,CCW,3,0.712,3.0280132028838618
12869,CCW,3,0.713,3.0463808871040983
12869,CCW,3,0.714,3.066640135334178
12869,CCW,3,0.715,3.08932496556842
12869,CCW,3,0.716,3.110085439809374
12869,CCW,3,0.717,3.1307719488113768
12869,CCW,3,0.718,3.151032515397715
12869,CCW,3,0.719,3.170588755920902
12869,CCW,3,0.72,3.19004933197408
12869,CCW,3,0.721,3.209478896749888
12869,CCW,3,0.722,3.22778307212407
12869,CCW,3,0.723,3.2460001859940806
12869,CCW,3,0.724,3.2641760970535434
12869,CCW,3,0.725,3.2815201955187447
12869,CCW,3,0.726,3.2977705089445046
12869,CCW,3,0.727,3.313025924728476
12869,CCW,3,0.728,3.3301460036130655
12869,CCW,3,0.729,3.346989468705663
12869,CCW,3,0.73,3.363810153420153
12869,CCW,3,0.731,3.378568276493678
12869,CCW,3,0.732,3.39521268766268
12869,CCW,3,0.733,3.4107495338574165
12869,CCW,3,0.734,3.4238064066586396
12869,CCW,3,0.735,3.4361655204554205
12869,CCW,3,0.736,3.4488158954506756
12869,CCW,3,0.737,3.4634916264970963
12869,CCW,3,0.738,3.47577543333292
12869,CCW,3,0.739,3.4877925869674984
12869,CCW,3,0.74,3.4989627191101262
12869,CCW,3,0.741,3.5118403111010554
12869,CCW,3,0.742,3.5229273832376995
12869,CCW,3,0.743,3.5336890172709543
12869,CCW,3,0.744,3.5441451627701537
12869,CCW,3,0.745,3.5550552267966946
12869,CCW,3,0.746,3.5673532320656087
12869,CCW,3,0.747,3.578860865839814
12869,CCW,3,0.748,3.5900692455153274
12869,CCW,3,0.749,3.6012675254990296
12869,CCW,3,0.75,3.612216169420545
12869,CCW,3,0.751,3.6223137725616565
12869,CCW,3,0.752,3.632029119649728
12869,CCW,3,0.753,3.6401069302864597
12869,CCW,3,0.754,3.648216584718633
12869,CCW,3,0.755,3.6558664890275274
12869,CCW,3,0.756,3.6637703395110823
12869,CCW,3,0.757,3.671932387464537
12869,CCW,3,0.758,3.6801659191125813
12869,CCW,3,0.759,3.68894300689981
12869,CCW,3,0.76,3.6978920872130057
12869,CCW,3,0.761,3.7078794286255166
12869,CCW,3,0.762,3.7160807670038727
12869,CCW,3,0.763,3.7280679994450923
12869,CCW,3,0.764,3.7375629415032905
12869,CCW,3,0.765,3.7490021235892166
12869,CCW,3,0.766,3.7599590304392767
12869,CCW,3,0.767,3.7697167324567604
12869,CCW,3,0.768,3.7792929515397167
12869,CCW,3,0.769,3.788096568409907
12869,CCW,3,0.77,3.794366595981414
12869,CCW,3,0.771,3.8013859065264834
12869,CCW,3,0.772,3.8067695663871093
12869,CCW,3,0.773,3.8109123307964015
12869,CCW,3,0.774,3.8146224452663713
12869,CCW,3,0.775,3.8182074177478458
12869,CCW,3,0.776,3.821601247879575
12869,CCW,3,0.777,3.8243391653153416
12869,CCW,3,0.778,3.8267499471688278
12869,CCW,3,0.779,3.828534296858876
12869,CCW,3,0.78,3.829451035922487
12869,CCW,3,0.781,3.8323219922912584
12869,CCW,3,0.782,3.8354839046895686
12869,CCW,3,0.783,3.838568619616765
12869,CCW,3,0.784,3.8413832522042717
12869,CCW,3,0.785,3.843744486937653
12869,CCW,3,0.786,3.8462235737314034
12869,CCW,3,0.787,3.846909461518221
12869,CCW,3,0.788,3.84738886706437
12869,CCW,3,0.789,3.847848159433776
12869,CCW,3,0.79,3.847553107433895
12869,CCW,3,0.791,3.8470166457094828
12869,CCW,3,0.792,3.8450109801267067
12869,CCW,3,0.793,3.8427273079597253
12869,CCW,3,0.794,3.841034817661824
12869,CCW,3,0.795,3.8392334693040895
12869,CCW,3,0.796,3.836324219692599
12869,CCW,3,0.797,3.83407582684582
12869,CCW,3,0.798,3.831355447677719
12869,CCW,3,0.799,3.828164740514816
12869,CCW,3,0.8,3.8250651380729526
12869,CCW,3,0.801,3.8213003161737347
12869,CCW,3,0.802,3.81733474464771
12869,CCW,3,0.803,3.813346369389871
12869,CCW,3,0.804,3.8095085791365375
12869,CCW,3,0.805,3.8050778647707677
12869,CCW,3,0.806,3.800817026702195
12869,CCW,3,0.807,3.796192341958276
12869,CCW,3,0.808,3.791313778149022
12869,CCW,3,0.809,3.7863681189674407
12869,CCW,3,0.81,3.781778896203861
12869,CCW,3,0.811,3.7768151957600673
12869,CCW,3,0.812,3.77208262426922
12869,CCW,3,0.8130000000000001,3.7672790374153284
12869,CCW,3,0.8140000000000001,3.7621818597697994
12869,CCW,3,0.8150000000000001,3.757121382434851
12869,CCW,3,0.8160000000000001,3.751903701138623
12869,CCW,3,0.8170000000000001,3.7470811067026544
12869,CCW,3,0.8180000000000001,3.743551264445613
12869,CCW,3,0.8190000000000001,3.7409177374414515
12869,CCW,3,0.8200000000000001,3.7376689332331714
12869,CCW,3,0.8210000000000001,3.7348124146160937
12869,CCW,3,0.8220000000000001,3.731947511372929
12869,CCW,3,0.8230000000000001,3.7282571997129326
12869,CCW,3,0.8240000000000001,3.72594130741044
12869,CCW,3,0.8250000000000001,3.723065036718986
12869,CCW,3,0.8260000000000001,3.720741895486264
12869,CCW,3,0.8270000000000001,3.7174961518835676
12869,CCW,3,0.8280000000000001,3.714061499302009
12869,CCW,3,0.8290000000000001,3.711837713450818
12869,CCW,3,0.8300000000000001,3.709485181713917
12869,CCW,3,0.8310000000000001,3.707010815159959
12869,CCW,3,0.8320000000000001,3.7043856416633756
12869,CCW,3,0.833,3.7015669979498105
12869,CCW,3,0.834,3.6981373100149924
12869,CCW,3,0.835,3.694063208671462
12869,CCW,3,0.836,3.690699358640179
12869,CCW,3,0.837,3.6872886645405147
12869,CCW,3,0.838,3.683912967291351
12869,CCW,3,0.839,3.680453334115747
12869,CCW,3,0.84,3.6769757613994085
12869,CCW,3,0.841,3.673120232275396
12869,CCW,3,0.842,3.6689316299265236
12869,CCW,3,0.843,3.664314637186415
12869,CCW,3,0.844,3.65930877250214
12869,CCW,3,0.845,3.653561823367492
12869,CCW,3,0.846,3.6472575921714028
12869,CCW,3,0.847,3.6405745998567123
12869,CCW,3,0.848,3.6338227718722096
12869,CCW,3,0.849,3.626703816878545
12869,CCW,3,0.85,3.6193555652780174
12869,CCW,3,0.851,3.6117384631443064
12869,CCW,3,0.852,3.603848436818844
12869,CCW,3,0.853,3.5954494885166666
12869,CCW,3,0.854,3.5865131436888342
12869,CCW,3,0.855,3.5769820277020106
12869,CCW,3,0.856,3.5668485371799497
12869,CCW,3,0.857,3.5565927875192815
12869,CCW,3,0.858,3.5459621245406523
12869,CCW,3,0.859,3.534197641534449
12869,CCW,3,0.86,3.5219122804510805
12869,CCW,3,0.861,3.5090354775651122
12869,CCW,3,0.862,3.495641063803844
12869,CCW,3,0.863,3.4824720344815105
12869,CCW,3,0.864,3.4697776852352153
12869,CCW,3,0.865,3.4567332918260827
12869,CCW,3,0.866,3.4431715763998114
12869,CCW,3,0.867,3.4290246188856073
12869,CCW,3,0.868,3.4146469007669866
12869,CCW,3,0.869,3.3995982907355624
12869,CCW,3,0.87,3.3833887754430205
12869,CCW,3,0.871,3.3658950886644887
12869,CCW,3,0.872,3.348384135381033
12869,CCW,3,0.873,3.3315321494696097
12869,CCW,3,0.874,3.3155044822580253
12869,CCW,3,0.875,3.2949138276286463
12869,CCW,3,0.876,3.2749012732272975
12869,CCW,3,0.877,3.254888912776783
12869,CCW,3,0.878,3.2341913723651805
12869,CCW,3,0.879,3.2136151925478234
12869,CCW,3,0.88,3.1927541850841403
12869,CCW,3,0.881,3.1751837456278125
12869,CCW,3,0.882,3.156512084386141
12869,CCW,3,0.883,3.1414981287232218
12869,CCW,3,0.884,3.124175006071037
12869,CCW,3,0.885,3.1082295041585697
12869,CCW,3,0.886,3.092220152224663
12869,CCW,3,0.887,3.0756831704151657
12869,CCW,3,0.888,3.058698422489309
12869,CCW,3,0.889,3.039876372763681
12869,CCW,3,0.89,3.022295968773108
12869,CCW,3,0.891,3.0034553945585594
12869,CCW,3,0.892,2.9857243847550206
12869,CCW,3,0.893,2.971033525466041
12869,CCW,3,0.894,2.9570668926635957
12869,CCW,3,0.895,2.943776119850845
12869,CCW,3,0.896,2.9286511278740117
12869,CCW,3,0.897,2.9158518743543502
12869,CCW,3,0.898,2.903116181150025
12869,CCW,3,0.899,2.8910129056402614
12869,CCW,3,0.9,2.87840678617587
12869,CCW,3,0.901,2.867051099374807
12869,CCW,3,0.902,2.8551999540984494
12869,CCW,3,0.903,2.843928244680463
12869,CCW,3,0.904,2.8324746368627856
12869,CCW,3,0.905,2.8207974089227283
12869,CCW,3,0.906,2.809949052935906
12869,CCW,3,0.907,2.7987681829887223
12869,CCW,3,0.908,2.788222014936408
12869,CCW,3,0.909,2.7776093972461275
12869,CCW,3,0.91,2.7658403898970456
12869,CCW,3,0.911,2.7549825451252175
12869,CCW,3,0.912,2.742792363571809
12869,CCW,3,0.913,2.7319149952138755
12869,CCW,3,0.914,2.721714751689738
12869,CCW,3,0.915,2.7111277779372878
12869,CCW,3,0.916,2.701155775543282
12869,CCW,3,0.917,2.6905705283302424
12869,CCW,3,0.918,2.6791478550073715
12869,CCW,3,0.919,2.6683408603867678
12869,CCW,3,0.92,2.6575706619626014
12869,CCW,3,0.921,2.646857921649652
12869,CCW,3,0.922,2.635938740025116
12869,CCW,3,0.923,2.6251924356258587
12869,CCW,3,0.924,2.6143378845519
12869,CCW,3,0.925,2.603897631758367
12869,CCW,3,0.926,2.5937776532918
12869,CCW,3,0.927,2.5832644278115953
12869,CCW,3,0.928,2.5728112284643614
12869,CCW,3,0.929,2.5621155046274895
12869,CCW,3,0.93,2.552000091556469
12869,CCW,3,0.931,2.5421735701533326
12869,CCW,3,0.932,2.5321051957910643
12869,CCW,3,0.933,2.5218917106284215
12869,CCW,3,0.934,2.511857489609391
12869,CCW,3,0.935,2.502308498454649
12869,CCW,3,0.936,2.4927926807595306
12869,CCW,3,0.937,2.482503562180479
12869,CCW,3,0.9380000000000001,2.4715386970814444
12869,CCW,3,0.9390000000000001,2.460694977894461
12869,CCW,3,0.9400000000000001,2.4504432466193005
12869,CCW,3,0.9410000000000001,2.440688852015867
12869,CCW,3,0.9420000000000001,2.4310375609118
12869,CCW,3,0.9430000000000001,2.421036621132221
12869,CCW,3,0.9440000000000001,2.4102805459724315
12869,CCW,3,0.9450000000000001,2.399068278409411
12869,CCW,3,0.9460000000000001,2.3884021211611324
12869,CCW,3,0.9470000000000001,2.37809870674833
12869,CCW,3,0.9480000000000001,2.367417803597466
12869,CCW,3,0.9490000000000001,2.356002964311782
12869,CCW,3,0.9500000000000001,2.3449417605333434
12869,CCW,3,0.9510000000000001,2.3341443649831373
12869,CCW,3,0.9520000000000001,2.3228819387991932
12869,CCW,3,0.9530000000000001,2.3121022497989907
12869,CCW,3,0.9540000000000001,2.3016065085075863
12869,CCW,3,0.9550000000000001,2.291217821898883
12869,CCW,3,0.9560000000000001,2.2807528684166027
12869,CCW,3,0.9570000000000001,2.270608097411723
12869,CCW,3,0.9580000000000001,2.260628473994533
12869,CCW,3,0.9590000000000001,2.250405332805225
12869,CCW,3,0.96,2.239748243622434
12869,CCW,3,0.961,2.2291289273792447
12869,CCW,3,0.962,2.219095565002333
12869,CCW,3,0.963,2.2093484798265934
12869,CCW,3,0.964,2.1995892034482174
12869,CCW,3,0.965,2.1897853559270586
12869,CCW,3,0.966,2.1799996098833083
12869,CCW,3,0.967,2.170150973908355
12869,CCW,3,0.968,2.1601607379262386
12869,CCW,3,0.969,2.150026733632517
12869,CCW,3,0.97,2.1398352065430033
12869,CCW,3,0.971,2.1295724467888255
12869,CCW,3,0.972,2.1194654064373752
12869,CCW,3,0.973,2.1096701109449905
12869,CCW,3,0.974,2.0999814540858726
12869,CCW,3,0.975,2.0899166396047923
12869,CCW,3,0.976,2.079417775426598
12869,CCW,3,0.977,2.0691662034678666
12869,CCW,3,0.978,2.0593958447341736
12869,CCW,3,0.979,2.0497593653127706
12869,CCW,3,0.98,2.0401244560560587
12869,CCW,3,0.981,2.0313398846583537
12869,CCW,3,0.982,2.0220411344688345
12869,CCW,3,0.983,2.0125586469447687
12869,CCW,3,0.984,2.002855659001627
12869,CCW,3,0.985,1.9930832315137366
12869,CCW,3,0.986,1.982998662630791
12869,CCW,3,0.987,1.9727912653885118
12869,CCW,3,0.988,1.9626590048467427
12869,CCW,3,0.989,1.9527889566073908
12869,CCW,3,0.99,1.9431132922136647
12869,CCW,3,0.991,1.9333412864388897
12869,CCW,3,0.992,1.9237308928873738
12869,CCW,3,0.993,1.9141251656760887
12869,CCW,3,0.994,1.9046640186399248
12869,CCW,3,0.995,1.8949486835950649
12869,CCW,3,0.996,1.8851020539712602
12869,CCW,3,0.997,1.875459621040998
12869,CCW,3,0.998,1.8660040518207082
12869,CCW,3,0.999,1.8566833303946046
12869,CCW,3,1.0,1.8461747914286541
12869,CCW,4,0.0,0.0
12869,CCW,4,0.001,0.0004620359462437608
12869,CCW,4,0.002,0.001567924619887663
12869,CCW,4,0.003,0.002198318086706041
12869,CCW,4,0.004,0.0025024459468371797
12869,CCW,4,0.005,0.003713724657181042
12869,CCW,4,0.006,0.00462434669947927
12869,CCW,4,0.007,0.006011918479603275
12869,CCW,4,0.008,0.005797717526949489
12869,CCW,4,0.009000000000000001,0.0055599137689805785
12869,CCW,4,0.01,0.003869144272602948
12869,CCW,4,0.011,0.004479057564893352
12869,CCW,4,0.012,0.008329942493623878
12869,CCW,4,0.013000000000000001,0.01422531709586405
12869,CCW,4,0.014,0.02010798428259276
12869,CCW,4,0.015,0.027113902365205486
12869,CCW,4,0.016,0.03700677172630629
12869,CCW,4,0.017,0.04322204966861457
12869,CCW,4,0.018000000000000002,0.05184667422555081
12869,CCW,4,0.019,0.06189191425790024
12869,CCW,4,0.02,0.06798833968179148
12869,CCW,4,0.021,0.07760316916052457
12869,CCW,4,0.022,0.08162925356012111
12869,CCW,4,0.023,0.0880400355513021
12869,CCW,4,0.024,0.09374591150360902
12869,CCW,4,0.025,0.09545207951694203
12869,CCW,4,0.026000000000000002,0.10157063249154358
12869,CCW,4,0.027,0.10407240675399002
12869,CCW,4,0.028,0.10774331593094953
12869,CCW,4,0.029,0.1153681283560278
12869,CCW,4,0.03,0.1185688072200177
12869,CCW,4,0.031,0.12518328321162833
12869,CCW,4,0.032,0.13605105169576306
12869,CCW,4,0.033,0.1449240134185397
12869,CCW,4,0.034,0.15747893006951016
12869,CCW,4,0.035,0.1680106073561433
12869,CCW,4,0.036000000000000004,0.17479232066244382
12869,CCW,4,0.037,0.18617554935962272
12869,CCW,4,0.038,0.1999184126544884
12869,CCW,4,0.039,0.20935671651493487
12869,CCW,4,0.04,0.21920836121984338
12869,CCW,4,0.041,0.2277360634923809
12869,CCW,4,0.042,0.23267712315803257
12869,CCW,4,0.043000000000000003,0.23692397989376607
12869,CCW,4,0.044,0.24126055996268814
12869,CCW,4,0.045,0.24787462941152488
12869,CCW,4,0.046,0.25536302712649783
12869,CCW,4,0.047,0.2582752678646933
12869,CCW,4,0.048,0.2636767288654704
12869,CCW,4,0.049,0.2690286120627619
12869,CCW,4,0.05,0.2786335141217696
12869,CCW,4,0.051000000000000004,0.2847523360397323
12869,CCW,4,0.052000000000000005,0.290779091044471
12869,CCW,4,0.053,0.29605696057982483
12869,CCW,4,0.054,0.30008296235998294
12869,CCW,4,0.055,0.3042859538759368
12869,CCW,4,0.056,0.30800548316752285
12869,CCW,4,0.057,0.3106683864382549
12869,CCW,4,0.058,0.31286434446630434
12869,CCW,4,0.059000000000000004,0.31544174796392793
12869,CCW,4,0.06,0.3201865419493188
12869,CCW,4,0.061,0.320211033766581
12869,CCW,4,0.062,0.3266887402253626
12869,CCW,4,0.063,0.3323949752788297
12869,CCW,4,0.064,0.3392453366651643
12869,CCW,4,0.065,0.347281488490673
12869,CCW,4,0.066,0.3547734635454261
12869,CCW,4,0.067,0.36180437378476776
12869,CCW,4,0.068,0.3666726898217889
12869,CCW,4,0.069,0.370032701582919
12869,CCW,4,0.07,0.37120401103497075
12869,CCW,4,0.07100000000000001,0.3745676335785845
12869,CCW,4,0.07200000000000001,0.37740883523252583
12869,CCW,4,0.073,0.38086893565026053
12869,CCW,4,0.074,0.3835691948823963
12869,CCW,4,0.075,0.3872212299386529
12869,CCW,4,0.076,0.39281108193055353
12869,CCW,4,0.077,0.39336448220009773
12869,CCW,4,0.078,0.3986218677626768
12869,CCW,4,0.079,0.40310343772459856
12869,CCW,4,0.08,0.4064872969253108
12869,CCW,4,0.081,0.40949674229656075
12869,CCW,4,0.082,0.4119228480492457
12869,CCW,4,0.083,0.4148325897558096
12869,CCW,4,0.084,0.4185306572719749
12869,CCW,4,0.085,0.4226142701343646
12869,CCW,4,0.08600000000000001,0.42819351724671256
12869,CCW,4,0.08700000000000001,0.433321247241293
12869,CCW,4,0.088,0.43659957990313325
12869,CCW,4,0.089,0.44037069730270495
12869,CCW,4,0.09,0.44649508625755646
12869,CCW,4,0.091,0.4455915895915878
12869,CCW,4,0.092,0.4474067092076174
12869,CCW,4,0.093,0.4496145819206625
12869,CCW,4,0.094,0.45245874501025585
12869,CCW,4,0.095,0.4552880550421822
12869,CCW,4,0.096,0.4575739381636423
12869,CCW,4,0.097,0.4593836523252983
12869,CCW,4,0.098,0.4609431027422951
12869,CCW,4,0.099,0.46231479430054795
12869,CCW,4,0.1,0.4654278025830368
12869,CCW,4,0.101,0.4646302260536618
12869,CCW,4,0.10200000000000001,0.4678819745572532
12869,CCW,4,0.10300000000000001,0.4726219412901418
12869,CCW,4,0.10400000000000001,0.47941787919944345
12869,CCW,4,0.105,0.48671042411916093
12869,CCW,4,0.106,0.4937508515305477
12869,CCW,4,0.107,0.49752960606464314
12869,CCW,4,0.108,0.4998149743595241
12869,CCW,4,0.109,0.500741763868869
12869,CCW,4,0.11,0.4998529737755701
12869,CCW,4,0.111,0.49831091168253916
12869,CCW,4,0.112,0.4967335675942817
12869,CCW,4,0.113,0.4952516706997698
12869,CCW,4,0.114,0.49355517679381505
12869,CCW,4,0.115,0.4911947930950019
12869,CCW,4,0.116,0.4878317559356505
12869,CCW,4,0.117,0.48383330267174607
12869,CCW,4,0.11800000000000001,0.4781555973294683
12869,CCW,4,0.11900000000000001,0.47145609918796044
12869,CCW,4,0.12,0.46333612791418843
12869,CCW,4,0.121,0.45720294242063364
12869,CCW,4,0.122,0.4511290666778179
12869,CCW,4,0.123,0.44304112809810076
12869,CCW,4,0.124,0.43914940223539833
12869,CCW,4,0.125,0.4407152182358331
12869,CCW,4,0.126,0.44321424885978344
12869,CCW,4,0.127,0.44405891158208793
12869,CCW,4,0.128,0.44221257093922484
12869,CCW,4,0.129,0.43720664949683125
12869,CCW,4,0.13,0.4289351438690384
12869,CCW,4,0.131,0.418191957959007
12869,CCW,4,0.132,0.40422155327581794
12869,CCW,4,0.133,0.39472466570382786
12869,CCW,4,0.134,0.3841664871852343
12869,CCW,4,0.135,0.3665744332995213
12869,CCW,4,0.136,0.350544228077965
12869,CCW,4,0.137,0.33405838360215184
12869,CCW,4,0.138,0.3159522291195297
12869,CCW,4,0.139,0.30476780811386495
12869,CCW,4,0.14,0.293761237466544
12869,CCW,4,0.14100000000000001,0.2780541993302765
12869,CCW,4,0.14200000000000002,0.2692741421637462
12869,CCW,4,0.14300000000000002,0.2674395474544831
12869,CCW,4,0.14400000000000002,0.27667373149823077
12869,CCW,4,0.145,0.28820438193813763
12869,CCW,4,0.146,0.29623224793627867
12869,CCW,4,0.147,0.3104788859622357
12869,CCW,4,0.148,0.3161689901894689
12869,CCW,4,0.149,0.30920205076226287
12869,CCW,4,0.15,0.28924040007245866
12869,CCW,4,0.151,0.2605730169423714
12869,CCW,4,0.152,0.23025245407763129
12869,CCW,4,0.153,0.20140495876788272
12869,CCW,4,0.154,0.17422331183551776
12869,CCW,4,0.155,0.14537071213716404
12869,CCW,4,0.156,0.12625716596941391
12869,CCW,4,0.157,0.10929620455352104
12869,CCW,4,0.158,0.10283893045839404
12869,CCW,4,0.159,0.10488836596580975
12869,CCW,4,0.16,0.1120906052790288
12869,CCW,4,0.161,0.11834678097644942
12869,CCW,4,0.162,0.12821752826530233
12869,CCW,4,0.163,0.12981408468931313
12869,CCW,4,0.164,0.13307598771549473
12869,CCW,4,0.165,0.13370000416529665
12869,CCW,4,0.166,0.13796581360805066
12869,CCW,4,0.167,0.1306753180910867
12869,CCW,4,0.168,0.12658056699795694
12869,CCW,4,0.169,0.12053070747095367
12869,CCW,4,0.17,0.12090479946096025
12869,CCW,4,0.171,0.13674596321986063
12869,CCW,4,0.17200000000000001,0.155765700695462
12869,CCW,4,0.17300000000000001,0.17400077417868998
12869,CCW,4,0.17400000000000002,0.19379929626561374
12869,CCW,4,0.17500000000000002,0.1975793992247581
12869,CCW,4,0.176,0.1852721919026718
12869,CCW,4,0.177,0.17100619502008985
12869,CCW,4,0.178,0.13276684258771618
12869,CCW,4,0.179,0.10281027224302623
12869,CCW,4,0.18,0.08479825662201537
12869,CCW,4,0.181,0.0732182076270148
12869,CCW,4,0.182,0.08720484351683346
12869,CCW,4,0.183,0.11512634454342292
12869,CCW,4,0.184,0.13879492826136267
12869,CCW,4,0.185,0.17624316504163828
12869,CCW,4,0.186,0.20015018930972295
12869,CCW,4,0.187,0.2257793086871445
12869,CCW,4,0.188,0.25024995623487695
12869,CCW,4,0.189,0.2734574066940127
12869,CCW,4,0.19,0.294693170898923
12869,CCW,4,0.191,0.31779205280695816
12869,CCW,4,0.192,0.32299898543741556
12869,CCW,4,0.193,0.34029221378042146
12869,CCW,4,0.194,0.3290208421380605
12869,CCW,4,0.195,0.3260840708821489
12869,CCW,4,0.196,0.30690679252938374
12869,CCW,4,0.197,0.2802312985619988
12869,CCW,4,0.198,0.25067659335664116
12869,CCW,4,0.199,0.2231370844682855
12869,CCW,4,0.2,0.205384275733056
12869,CCW,4,0.201,0.20141973007440744
12869,CCW,4,0.202,0.20820159573031707
12869,CCW,4,0.203,0.21765516014720188
12869,CCW,4,0.20400000000000001,0.22321928007321518
12869,CCW,4,0.20500000000000002,0.22523322413104466
12869,CCW,4,0.20600000000000002,0.21824811034745126
12869,CCW,4,0.20700000000000002,0.208595449919079
12869,CCW,4,0.20800000000000002,0.1986912232427286
12869,CCW,4,0.209,0.1907871038136997
12869,CCW,4,0.21,0.18528933428888536
12869,CCW,4,0.211,0.18238284483041486
12869,CCW,4,0.212,0.18197860788536085
12869,CCW,4,0.213,0.18418456778303965
12869,CCW,4,0.214,0.18853392344933967
12869,CCW,4,0.215,0.1941974652692465
12869,CCW,4,0.216,0.2002299052422098
12869,CCW,4,0.217,0.20584603805907173
12869,CCW,4,0.218,0.21121027336797643
12869,CCW,4,0.219,0.21547878281215033
12869,CCW,4,0.22,0.21863434829173492
12869,CCW,4,0.221,0.22141058384869505
12869,CCW,4,0.222,0.22572874829214484
12869,CCW,4,0.223,0.232122950341852
12869,CCW,4,0.224,0.24100811533996894
12869,CCW,4,0.225,0.25211308291090995
12869,CCW,4,0.226,0.2649640488409098
12869,CCW,4,0.227,0.27913073469756833
12869,CCW,4,0.228,0.2936984278903753
12869,CCW,4,0.229,0.3085055025724488
12869,CCW,4,0.23,0.3234875903865174
12869,CCW,4,0.231,0.33759914453518575
12869,CCW,4,0.232,0.3494851279842393
12869,CCW,4,0.233,0.3594222566725125
12869,CCW,4,0.234,0.3684623489684872
12869,CCW,4,0.23500000000000001,0.37691163902943114
12869,CCW,4,0.23600000000000002,0.3857975587949304
12869,CCW,4,0.23700000000000002,0.3950570261380566
12869,CCW,4,0.23800000000000002,0.40444866736695956
12869,CCW,4,0.23900000000000002,0.41390031043724945
12869,CCW,4,0.24,0.4233062782790037
12869,CCW,4,0.241,0.4333501775326595
12869,CCW,4,0.242,0.44334062959792886
12869,CCW,4,0.243,0.45384988575255836
12869,CCW,4,0.244,0.4660984839173732
12869,CCW,4,0.245,0.47327620658390207
12869,CCW,4,0.246,0.4846782560666354
12869,CCW,4,0.247,0.49377451599921496
12869,CCW,4,0.248,0.503568240138491
12869,CCW,4,0.249,0.5050416961633767
12869,CCW,4,0.25,0.5166828326131224
12869,CCW,4,0.251,0.5218982295328659
12869,CCW,4,0.252,0.5267203906291765
12869,CCW,4,0.253,0.5310990352701586
12869,CCW,4,0.254,0.538320774746654
12869,CCW,4,0.255,0.5526440278313182
12869,CCW,4,0.256,0.5503098783308373
12869,CCW,4,0.257,0.5597848499188489
12869,CCW,4,0.258,0.5771041838778447
12869,CCW,4,0.259,0.574572841207215
12869,CCW,4,0.26,0.5907861484410317
12869,CCW,4,0.261,0.5909119206142452
12869,CCW,4,0.262,0.5909184552892466
12869,CCW,4,0.263,0.6081158369277793
12869,CCW,4,0.264,0.6029292437053052
12869,CCW,4,0.265,0.5941352452383065
12869,CCW,4,0.266,0.5996875629231883
12869,CCW,4,0.267,0.5841153253342195
12869,CCW,4,0.268,0.5730746333467659
12869,CCW,4,0.269,0.5635826694414247
12869,CCW,4,0.27,0.5534912443294445
12869,CCW,4,0.271,0.5391136094906297
12869,CCW,4,0.272,0.5278004545812767
12869,CCW,4,0.273,0.5346295786873705
12869,CCW,4,0.274,0.5453432114262751
12869,CCW,4,0.275,0.5582072859977976
12869,CCW,4,0.276,0.5662426130765119
12869,CCW,4,0.277,0.5692245044343148
12869,CCW,4,0.278,0.5719707827697422
12869,CCW,4,0.279,0.5765214179872039
12869,CCW,4,0.28,0.583251750271259
12869,CCW,4,0.281,0.5957429586919015
12869,CCW,4,0.28200000000000003,0.6000338701610912
12869,CCW,4,0.28300000000000003,0.5998626640531703
12869,CCW,4,0.28400000000000003,0.6036849783786125
12869,CCW,4,0.28500000000000003,0.6050263604146212
12869,CCW,4,0.28600000000000003,0.6086963434849789
12869,CCW,4,0.28700000000000003,0.6088515468900139
12869,CCW,4,0.28800000000000003,0.6107324895542424
12869,CCW,4,0.289,0.6138799343350935
12869,CCW,4,0.29,0.6153698021599102
12869,CCW,4,0.291,0.6172613238176168
12869,CCW,4,0.292,0.6191282587560847
12869,CCW,4,0.293,0.6234829670961555
12869,CCW,4,0.294,0.6267972053300227
12869,CCW,4,0.295,0.6291510700674616
12869,CCW,4,0.296,0.6336735074054416
12869,CCW,4,0.297,0.6397110987631632
12869,CCW,4,0.298,0.6438651483150443
12869,CCW,4,0.299,0.6472269438104711
12869,CCW,4,0.3,0.6518615803025952
12869,CCW,4,0.301,0.6554162607425216
12869,CCW,4,0.302,0.6583688527391943
12869,CCW,4,0.303,0.6605507623572273
12869,CCW,4,0.304,0.6618284621589081
12869,CCW,4,0.305,0.6626335601786734
12869,CCW,4,0.306,0.6632483014051476
12869,CCW,4,0.307,0.6636642183766029
12869,CCW,4,0.308,0.663992564049084
12869,CCW,4,0.309,0.6642786999028585
12869,CCW,4,0.31,0.664551716163546
12869,CCW,4,0.311,0.6646814305818715
12869,CCW,4,0.312,0.6648220927156785
12869,CCW,4,0.313,0.6647572651362902
12869,CCW,4,0.314,0.6648633809995055
12869,CCW,4,0.315,0.6648998835010898
12869,CCW,4,0.316,0.665086813834432
12869,CCW,4,0.317,0.6652648469354865
12869,CCW,4,0.318,0.6655444975684469
12869,CCW,4,0.319,0.6659271782572564
12869,CCW,4,0.32,0.6664698623652034
12869,CCW,4,0.321,0.667346154370491
12869,CCW,4,0.322,0.6684495857793429
12869,CCW,4,0.323,0.6701188229221308
12869,CCW,4,0.324,0.6721248877783687
12869,CCW,4,0.325,0.6749457516688873
12869,CCW,4,0.326,0.6783457941661208
12869,CCW,4,0.327,0.6823675047119502
12869,CCW,4,0.328,0.6870773402050129
12869,CCW,4,0.329,0.6926455017216191
12869,CCW,4,0.33,0.6985745485403931
12869,CCW,4,0.331,0.7055090172197079
12869,CCW,4,0.332,0.7125788726000752
12869,CCW,4,0.333,0.7205092780739679
12869,CCW,4,0.334,0.728547741015863
12869,CCW,4,0.335,0.7374155298640608
12869,CCW,4,0.336,0.7478230121190067
12869,CCW,4,0.337,0.7586150188267382
12869,CCW,4,0.338,0.7705974160345379
12869,CCW,4,0.339,0.7826850453416134
12869,CCW,4,0.34,0.7960837125696124
12869,CCW,4,0.341,0.8102279981977816
12869,CCW,4,0.342,0.8249522925972068
12869,CCW,4,0.343,0.8409900733053011
12869,CCW,4,0.34400000000000003,0.8570709131051839
12869,CCW,4,0.34500000000000003,0.8742012059303069
12869,CCW,4,0.34600000000000003,0.8924552659094366
12869,CCW,4,0.34700000000000003,0.9114296036437581
12869,CCW,4,0.34800000000000003,0.9304221226819229
12869,CCW,4,0.34900000000000003,0.9495991027864893
12869,CCW,4,0.35000000000000003,0.9690583979947472
12869,CCW,4,0.35100000000000003,0.9890182410056547
12869,CCW,4,0.352,1.0102014929497825
12869,CCW,4,0.353,1.0321661306706793
12869,CCW,4,0.354,1.0542611575928538
12869,CCW,4,0.355,1.0765155568243512
12869,CCW,4,0.356,1.098735731456969
12869,CCW,4,0.357,1.1207834139413098
12869,CCW,4,0.358,1.1429715595060979
12869,CCW,4,0.359,1.166000391947144
12869,CCW,4,0.36,1.1901882379543414
12869,CCW,4,0.361,1.2156023184686073
12869,CCW,4,0.362,1.2421168609165345
12869,CCW,4,0.363,1.2687003329321824
12869,CCW,4,0.364,1.2947817610837584
12869,CCW,4,0.365,1.3204548847526225
12869,CCW,4,0.366,1.3461215087260356
12869,CCW,4,0.367,1.3722533144406974
12869,CCW,4,0.368,1.3984551892790125
12869,CCW,4,0.369,1.4244703509788217
12869,CCW,4,0.37,1.4504746775716795
12869,CCW,4,0.371,1.4771001973802644
12869,CCW,4,0.372,1.5046606459170362
12869,CCW,4,0.373,1.533204924228669
12869,CCW,4,0.374,1.562378465666707
12869,CCW,4,0.375,1.5918353088865864
12869,CCW,4,0.376,1.6212962737901637
12869,CCW,4,0.377,1.6506106779123575
12869,CCW,4,0.378,1.6797346483690097
12869,CCW,4,0.379,1.708696523486453
12869,CCW,4,0.38,1.7371017286178212
12869,CCW,4,0.381,1.7646293190404656
12869,CCW,4,0.382,1.7923882263439654
12869,CCW,4,0.383,1.8208379143503466
12869,CCW,4,0.384,1.8490654269300266
12869,CCW,4,0.385,1.8765281173807962
12869,CCW,4,0.386,1.9025375905548398
12869,CCW,4,0.387,1.9292318084356896
12869,CCW,4,0.388,1.9567839794709179
12869,CCW,4,0.389,1.985047421910817
12869,CCW,4,0.39,2.013780476377823
12869,CCW,4,0.391,2.0432068768615714
12869,CCW,4,0.392,2.073554158990845
12869,CCW,4,0.393,2.1042812706370344
12869,CCW,4,0.394,2.136506963910744
12869,CCW,4,0.395,2.1664826089490052
12869,CCW,4,0.396,2.1970179056834818
12869,CCW,4,0.397,2.2278419627834687
12869,CCW,4,0.398,2.2595177678192946
12869,CCW,4,0.399,2.2916977781995103
12869,CCW,4,0.4,2.325098519986331
12869,CCW,4,0.401,2.35922554495782
12869,CCW,4,0.402,2.3927316275028496
12869,CCW,4,0.403,2.4272343349299086
12869,CCW,4,0.404,2.461312752033881
12869,CCW,4,0.405,2.4958403447190234
12869,CCW,4,0.406,2.5323776813897645
12869,CCW,4,0.40700000000000003,2.569122297218092
12869,CCW,4,0.40800000000000003,2.610994002734096
12869,CCW,4,0.40900000000000003,2.6435878634176797
12869,CCW,4,0.41000000000000003,2.673013453457001
12869,CCW,4,0.41100000000000003,2.7111980726168112
12869,CCW,4,0.41200000000000003,2.741078525153648
12869,CCW,4,0.41300000000000003,2.7711212454785565
12869,CCW,4,0.41400000000000003,2.788080958217782
12869,CCW,4,0.41500000000000004,2.822069077002984
12869,CCW,4,0.41600000000000004,2.8492783444867156
12869,CCW,4,0.417,2.8781906309225156
12869,CCW,4,0.418,2.8992873992203134
12869,CCW,4,0.419,2.9363220141672923
12869,CCW,4,0.42,2.9577908065613054
12869,CCW,4,0.421,2.988483055541004
12869,CCW,4,0.422,3.016636057346595
12869,CCW,4,0.423,3.0450891956164168
12869,CCW,4,0.424,3.0726947102160316
12869,CCW,4,0.425,3.101080091100494
12869,CCW,4,0.426,3.128480765874947
12869,CCW,4,0.427,3.1598664188306276
12869,CCW,4,0.428,3.1832524384548693
12869,CCW,4,0.429,3.21627207369702
12869,CCW,4,0.43,3.243395676628051
12869,CCW,4,0.431,3.27129437333272
12869,CCW,4,0.432,3.297894049280641
12869,CCW,4,0.433,3.3277638629231374
12869,CCW,4,0.434,3.349756374991693
12869,CCW,4,0.435,3.3767776689034967
12869,CCW,4,0.436,3.401036685621435
12869,CCW,4,0.437,3.425943677271945
12869,CCW,4,0.438,3.449045295294117
12869,CCW,4,0.439,3.4756647218461474
12869,CCW,4,0.44,3.5010291147911463
12869,CCW,4,0.441,3.524930279664449
12869,CCW,4,0.442,3.549105745257237
12869,CCW,4,0.443,3.5701819210797687
12869,CCW,4,0.444,3.589054513104713
12869,CCW,4,0.445,3.6096408109071194
12869,CCW,4,0.446,3.628876899076025
12869,CCW,4,0.447,3.6486604328561136
12869,CCW,4,0.448,3.6669140021074007
12869,CCW,4,0.449,3.6881122122138543
12869,CCW,4,0.45,3.7095702283500236
12869,CCW,4,0.451,3.731647373095515
12869,CCW,4,0.452,3.7540486976432628
12869,CCW,4,0.453,3.7766053793486285
12869,CCW,4,0.454,3.7990947016824115
12869,CCW,4,0.455,3.82016805035268
12869,CCW,4,0.456,3.841598907689349
12869,CCW,4,0.457,3.8617645895309383
12869,CCW,4,0.458,3.8819425502403404
12869,CCW,4,0.459,3.9013812960938843
12869,CCW,4,0.46,3.9218516408678368
12869,CCW,4,0.461,3.942076171511508
12869,CCW,4,0.462,3.960264188844732
12869,CCW,4,0.463,3.979639356246019
12869,CCW,4,0.464,3.9997750083683252
12869,CCW,4,0.465,4.019571398330403
12869,CCW,4,0.466,4.040189885690384
12869,CCW,4,0.467,4.060714099094311
12869,CCW,4,0.468,4.081351229732986
12869,CCW,4,0.46900000000000003,4.102215027955896
12869,CCW,4,0.47000000000000003,4.1233175183217
12869,CCW,4,0.47100000000000003,4.144663816591947
12869,CCW,4,0.47200000000000003,4.166188183012102
12869,CCW,4,0.47300000000000003,4.1877240267399625
12869,CCW,4,0.47400000000000003,4.209290678493382
12869,CCW,4,0.47500000000000003,4.231000746066109
12869,CCW,4,0.47600000000000003,4.252652390503356
12869,CCW,4,0.47700000000000004,4.273798380368438
12869,CCW,4,0.47800000000000004,4.294816035280298
12869,CCW,4,0.47900000000000004,4.316125512576937
12869,CCW,4,0.48,4.337484293864324
12869,CCW,4,0.481,4.358969756940301
12869,CCW,4,0.482,4.38073741394376
12869,CCW,4,0.483,4.403299830139633
12869,CCW,4,0.484,4.425666753219065
12869,CCW,4,0.485,4.4480427826994395
12869,CCW,4,0.486,4.470785800981254
12869,CCW,4,0.487,4.493054888493297
12869,CCW,4,0.488,4.515498633636921
12869,CCW,4,0.489,4.538211964664545
12869,CCW,4,0.49,4.560815207345933
12869,CCW,4,0.491,4.583682233451706
12869,CCW,4,0.492,4.606420384817732
12869,CCW,4,0.493,4.628895850931463
12869,CCW,4,0.494,4.6508451103890796
12869,CCW,4,0.495,4.6724664536236515
12869,CCW,4,0.496,4.6941117672856105
12869,CCW,4,0.497,4.716191796664745
12869,CCW,4,0.498,4.738848302000908
12869,CCW,4,0.499,4.762209310171108
12869,CCW,4,0.5,4.78598685112202
12869,CCW,4,0.501,4.809819770134951
12869,CCW,4,0.502,4.833541395627167
12869,CCW,4,0.503,4.857139464243718
12869,CCW,4,0.504,4.88106518011796
12869,CCW,4,0.505,4.905339335912374
12869,CCW,4,0.506,4.930044885124095
12869,CCW,4,0.507,4.954582752588563
12869,CCW,4,0.508,4.978456617544185
12869,CCW,4,0.509,5.001539042161898
12869,CCW,4,0.51,5.0245225569080025
12869,CCW,4,0.511,5.047627628739882
12869,CCW,4,0.512,5.071008556458284
12869,CCW,4,0.513,5.094813489218891
12869,CCW,4,0.514,5.11921655312487
12869,CCW,4,0.515,5.14399836106092
12869,CCW,4,0.516,5.169206207382583
12869,CCW,4,0.517,5.194739000625906
12869,CCW,4,0.518,5.220616979194081
12869,CCW,4,0.519,5.24691355896661
12869,CCW,4,0.52,5.273513667193954
12869,CCW,4,0.521,5.299983055679715
12869,CCW,4,0.522,5.326147872026825
12869,CCW,4,0.523,5.351849934349835
12869,CCW,4,0.524,5.377017523442655
12869,CCW,4,0.525,5.401616013767767
12869,CCW,4,0.526,5.425898557612913
12869,CCW,4,0.527,5.450171372754548
12869,CCW,4,0.528,5.474429849249656
12869,CCW,4,0.529,5.498727274176714
12869,CCW,4,0.53,5.523077567800508
12869,CCW,4,0.531,5.547735303026923
12869,CCW,4,0.532,5.5726873119876705
12869,CCW,4,0.533,5.598414960021139
12869,CCW,4,0.534,5.625069050487089
12869,CCW,4,0.535,5.65234431245604
12869,CCW,4,0.536,5.679470450767
12869,CCW,4,0.537,5.706439347714018
12869,CCW,4,0.538,5.7335267939402454
12869,CCW,4,0.539,5.760690609034956
12869,CCW,4,0.54,5.787150768036383
12869,CCW,4,0.541,5.812513930783073
12869,CCW,4,0.542,5.837070481430199
12869,CCW,4,0.543,5.861434092421134
12869,CCW,4,0.544,5.886349987080383
12869,CCW,4,0.545,5.911866369324705
12869,CCW,4,0.546,5.937849561523855
12869,CCW,4,0.547,5.964170716094005
12869,CCW,4,0.548,5.990765145020285
12869,CCW,4,0.549,6.017758196396318
12869,CCW,4,0.55,6.045157512506101
12869,CCW,4,0.551,6.073507233435408
12869,CCW,4,0.552,6.102533859452242
12869,CCW,4,0.553,6.1317826246056315
12869,CCW,4,0.554,6.160667193541983
12869,CCW,4,0.555,6.188629999029926
12869,CCW,4,0.556,6.2154710961949915
12869,CCW,4,0.557,6.241362080163717
12869,CCW,4,0.558,6.266479723722373
12869,CCW,4,0.559,6.291693516882857
12869,CCW,4,0.56,6.317546172409056
12869,CCW,4,0.561,6.344294568329914
12869,CCW,4,0.562,6.371297159469497
12869,CCW,4,0.5630000000000001,6.398826404618277
12869,CCW,4,0.5640000000000001,6.427144564043711
12869,CCW,4,0.5650000000000001,6.456095551850537
12869,CCW,4,0.5660000000000001,6.4854005332745315
12869,CCW,4,0.5670000000000001,6.514322893277709
12869,CCW,4,0.5680000000000001,6.543007173131255
12869,CCW,4,0.5690000000000001,6.571956690684976
12869,CCW,4,0.5700000000000001,6.600973949400385
12869,CCW,4,0.5710000000000001,6.629325484925245
12869,CCW,4,0.5720000000000001,6.657034713374064
12869,CCW,4,0.5730000000000001,6.684321983079347
12869,CCW,4,0.5740000000000001,6.71073428753676
12869,CCW,4,0.5750000000000001,6.736318630407734
12869,CCW,4,0.5760000000000001,6.761704261802761
12869,CCW,4,0.577,6.787552523820355
12869,CCW,4,0.578,6.814205421934126
12869,CCW,4,0.579,6.841805486503913
12869,CCW,4,0.58,6.870260979663525
12869,CCW,4,0.581,6.899377398350788
12869,CCW,4,0.582,6.928750513233073
12869,CCW,4,0.583,6.958420206868019
12869,CCW,4,0.584,6.988541971152029
12869,CCW,4,0.585,7.019026065397369
12869,CCW,4,0.586,7.049742564927452
12869,CCW,4,0.587,7.079792722363959
12869,CCW,4,0.588,7.108784664612476
12869,CCW,4,0.589,7.136681279338806
12869,CCW,4,0.59,7.163737158194026
12869,CCW,4,0.591,7.190546809278099
12869,CCW,4,0.592,7.2173318597982785
12869,CCW,4,0.593,7.244085145571679
12869,CCW,4,0.594,7.271088384216362
12869,CCW,4,0.595,7.298606439431749
12869,CCW,4,0.596,7.326846242767892
12869,CCW,4,0.597,7.355905925401922
12869,CCW,4,0.598,7.385525271555147
12869,CCW,4,0.599,7.415257492659666
12869,CCW,4,0.6,7.44504885414925
12869,CCW,4,0.601,7.474615762717774
12869,CCW,4,0.602,7.503637346804512
12869,CCW,4,0.603,7.532143631515884
12869,CCW,4,0.604,7.560065444378299
12869,CCW,4,0.605,7.588113449366934
12869,CCW,4,0.606,7.615970970002307
12869,CCW,4,0.607,7.643972520340904
12869,CCW,4,0.608,7.6715552338069
12869,CCW,4,0.609,7.699351295188149
12869,CCW,4,0.61,7.727273108628064
12869,CCW,4,0.611,7.755912835891753
12869,CCW,4,0.612,7.785579825877029
12869,CCW,4,0.613,7.815910381920731
12869,CCW,4,0.614,7.846857906551907
12869,CCW,4,0.615,7.877839199193581
12869,CCW,4,0.616,7.908430288815103
12869,CCW,4,0.617,7.939234566626401
12869,CCW,4,0.618,7.9699373533776985
12869,CCW,4,0.619,7.999733859547396
12869,CCW,4,0.62,8.028501939774669
12869,CCW,4,0.621,8.056201191809542
12869,CCW,4,0.622,8.083498084479954
12869,CCW,4,0.623,8.110667397238966
12869,CCW,4,0.624,8.138105132428159
12869,CCW,4,0.625,8.165938038635375
12869,CCW,4,0.626,8.194759167669476
12869,CCW,4,0.627,8.225162173909384
12869,CCW,4,0.628,8.256250718283363
12869,CCW,4,0.629,8.287706893414606
12869,CCW,4,0.63,8.319069506726517
12869,CCW,4,0.631,8.35028308784318
12869,CCW,4,0.632,8.381149678176103
12869,CCW,4,0.633,8.411688578852598
12869,CCW,4,0.634,8.442078501070132
12869,CCW,4,0.635,8.471730212456777
12869,CCW,4,0.636,8.499828746713716
12869,CCW,4,0.637,8.526121981681465
12869,CCW,4,0.638,8.551235095279115
12869,CCW,4,0.639,8.576149966629405
12869,CCW,4,0.64,8.601462714297831
12869,CCW,4,0.641,8.628327767383679
12869,CCW,4,0.642,8.656765984681591
12869,CCW,4,0.643,8.686008382464474
12869,CCW,4,0.644,8.715489982338173
12869,CCW,4,0.645,8.744803189241342
12869,CCW,4,0.646,8.774225888687958
12869,CCW,4,0.647,8.803617739113566
12869,CCW,4,0.648,8.832860547492645
12869,CCW,4,0.649,8.862267411608784
12869,CCW,4,0.65,8.891099328919712
12869,CCW,4,0.651,8.91903024868508
12869,CCW,4,0.652,8.945960859758852
12869,CCW,4,0.653,8.972233715410969
12869,CCW,4,0.654,8.998226701436412
12869,CCW,4,0.655,9.024440980252214
12869,CCW,4,0.656,9.05102486242679
12869,CCW,4,0.657,9.07813819967553
12869,CCW,4,0.658,9.106005072340766
12869,CCW,4,0.659,9.134856127382996
12869,CCW,4,0.66,9.164190295293555
12869,CCW,4,0.661,9.193833056764776
12869,CCW,4,0.662,9.22380961414479
12869,CCW,4,0.663,9.253652796497898
12869,CCW,4,0.664,9.283546795556386
12869,CCW,4,0.665,9.313753028086312
12869,CCW,4,0.666,9.343592666909698
12869,CCW,4,0.667,9.373142527541384
12869,CCW,4,0.668,9.402701625534766
12869,CCW,4,0.669,9.432111307113436
12869,CCW,4,0.67,9.461882812561068
12869,CCW,4,0.671,9.491442682519322
12869,CCW,4,0.672,9.51970468464396
12869,CCW,4,0.673,9.547741219952368
12869,CCW,4,0.674,9.575557464736928
12869,CCW,4,0.675,9.60380495538783
12869,CCW,4,0.676,9.632893089183295
12869,CCW,4,0.677,9.662073385955763
12869,CCW,4,0.678,9.690791120021597
12869,CCW,4,0.679,9.718515463245746
12869,CCW,4,0.68,9.746404590001653
12869,CCW,4,0.681,9.775374346333994
12869,CCW,4,0.682,9.803189245424438
12869,CCW,4,0.683,9.832151714941972
12869,CCW,4,0.684,9.861535068764317
12869,CCW,4,0.685,9.889694735058
12869,CCW,4,0.686,9.917255983288486
12869,CCW,4,0.687,9.94674293964308
12869,CCW,4,0.6880000000000001,9.973818493572775
12869,CCW,4,0.6890000000000001,10.003151420675673
12869,CCW,4,0.6900000000000001,10.032396758204369
12869,CCW,4,0.6910000000000001,10.05939339855417
12869,CCW,4,0.6920000000000001,10.087477984726993
12869,CCW,4,0.6930000000000001,10.118458895601494
12869,CCW,4,0.6940000000000001,10.145321922457086
12869,CCW,4,0.6950000000000001,10.173200225056567
12869,CCW,4,0.6960000000000001,10.201868239209368
12869,CCW,4,0.6970000000000001,10.230808519836831
12869,CCW,4,0.6980000000000001,10.257555285369145
12869,CCW,4,0.6990000000000001,10.287119801884312
12869,CCW,4,0.7000000000000001,10.314248781494113
12869,CCW,4,0.7010000000000001,10.340983670246203
12869,CCW,4,0.7020000000000001,10.37076599974
12869,CCW,4,0.7030000000000001,10.39965736492276
12869,CCW,4,0.704,10.428200136643275
12869,CCW,4,0.705,10.45408967540258
12869,CCW,4,0.706,10.48077218588843
12869,CCW,4,0.707,10.507053670632574
12869,CCW,4,0.708,10.53659947857078
12869,CCW,4,0.709,10.564963675984364
12869,CCW,4,0.71,10.59217799977289
12869,CCW,4,0.711,10.618736904859665
12869,CCW,4,0.712,10.643405323328484
12869,CCW,4,0.713,10.667227930809272
12869,CCW,4,0.714,10.690468228147527
12869,CCW,4,0.715,10.714296576070272
12869,CCW,4,0.716,10.736454380789892
12869,CCW,4,0.717,10.762074096141964
12869,CCW,4,0.718,10.787562903912265
12869,CCW,4,0.719,10.813354512575467
12869,CCW,4,0.72,10.840771324025532
12869,CCW,4,0.721,10.861786271197595
12869,CCW,4,0.722,10.887068244704057
12869,CCW,4,0.723,10.911986725886676
12869,CCW,4,0.724,10.936342514831255
12869,CCW,4,0.725,10.9606967049469
12869,CCW,4,0.726,10.984767760739409
12869,CCW,4,0.727,11.004737337003647
12869,CCW,4,0.728,11.027016506770984
12869,CCW,4,0.729,11.048860677806548
12869,CCW,4,0.73,11.069849384754262
12869,CCW,4,0.731,11.091966398133724
12869,CCW,4,0.732,11.111268967005751
12869,CCW,4,0.733,11.129226251684344
12869,CCW,4,0.734,11.144044915690088
12869,CCW,4,0.735,11.159782781740937
12869,CCW,4,0.736,11.176453170394613
12869,CCW,4,0.737,11.195742865170391
12869,CCW,4,0.738,11.211831958896607
12869,CCW,4,0.739,11.228380300652741
12869,CCW,4,0.74,11.243166982575536
12869,CCW,4,0.741,11.260541273978578
12869,CCW,4,0.742,11.27753172643539
12869,CCW,4,0.743,11.294776124270332
12869,CCW,4,0.744,11.31203542222802
12869,CCW,4,0.745,11.329325464240755
12869,CCW,4,0.746,11.34667797541942
12869,CCW,4,0.747,11.36343027108254
12869,CCW,4,0.748,11.380102103441748
12869,CCW,4,0.749,11.396704230886794
12869,CCW,4,0.75,11.413398147871312
12869,CCW,4,0.751,11.42926785374933
12869,CCW,4,0.752,11.444618007009819
12869,CCW,4,0.753,11.458665940809263
12869,CCW,4,0.754,11.47310364000909
12869,CCW,4,0.755,11.486947301668787
12869,CCW,4,0.756,11.499992936786837
12869,CCW,4,0.757,11.513159726966489
12869,CCW,4,0.758,11.526331416583346
12869,CCW,4,0.759,11.540159371557719
12869,CCW,4,0.76,11.553428932777747
12869,CCW,4,0.761,11.567008065955873
12869,CCW,4,0.762,11.578279868399086
12869,CCW,4,0.763,11.589779091369945
12869,CCW,4,0.764,11.600207825457858
12869,CCW,4,0.765,11.611358425387516
12869,CCW,4,0.766,11.621012992455245
12869,CCW,4,0.767,11.629605493554722
12869,CCW,4,0.768,11.63761922877492
12869,CCW,4,0.769,11.645080771020593
12869,CCW,4,0.77,11.651600455403184
12869,CCW,4,0.771,11.657651569873703
12869,CCW,4,0.772,11.663566346431455
12869,CCW,4,0.773,11.668573406186894
12869,CCW,4,0.774,11.673221204096356
12869,CCW,4,0.775,11.677384210266494
12869,CCW,4,0.776,11.681201300924107
12869,CCW,4,0.777,11.68449625156625
12869,CCW,4,0.778,11.687418175201847
12869,CCW,4,0.779,11.689903512830872
12869,CCW,4,0.78,11.691933479673414
12869,CCW,4,0.781,11.693959854385582
12869,CCW,4,0.782,11.695645575080354
12869,CCW,4,0.783,11.697107286384773
12869,CCW,4,0.784,11.698342223500456
12869,CCW,4,0.785,11.699284588270851
12869,CCW,4,0.786,11.69992368467762
12869,CCW,4,0.787,11.70026010961237
12869,CCW,4,0.788,11.700371794993808
12869,CCW,4,0.789,11.700150944521035
12869,CCW,4,0.79,11.699705557388768
12869,CCW,4,0.791,11.69902826297679
12869,CCW,4,0.792,11.69812866348608
12869,CCW,4,0.793,11.697208491609297
12869,CCW,4,0.794,11.696038003975065
12869,CCW,4,0.795,11.694664100279264
12869,CCW,4,0.796,11.69337308528289
12869,CCW,4,0.797,11.691859500677554
12869,CCW,4,0.798,11.69024744239341
12869,CCW,4,0.799,11.688674621863884
12869,CCW,4,0.8,11.686888697968282
12869,CCW,4,0.801,11.685098595175036
12869,CCW,4,0.802,11.683411611753094
12869,CCW,4,0.803,11.681471508061726
12869,CCW,4,0.804,11.679434680726844
12869,CCW,4,0.805,11.677468642138267
12869,CCW,4,0.806,11.675331640919353
12869,CCW,4,0.807,11.67325394138978
12869,CCW,4,0.808,11.671227544384916
12869,CCW,4,0.809,11.66917634111482
12869,CCW,4,0.81,11.667055060796404
12869,CCW,4,0.811,11.665084784427034
12869,CCW,4,0.812,11.663092644519095
12869,CCW,4,0.8130000000000001,11.661097174155778
12869,CCW,4,0.8140000000000001,11.659189258782662
12869,CCW,4,0.8150000000000001,11.657274726681543
12869,CCW,4,0.8160000000000001,11.655374007472004
12869,CCW,4,0.8170000000000001,11.653542094089413
12869,CCW,4,0.8180000000000001,11.651463824338347
12869,CCW,4,0.8190000000000001,11.649435532187558
12869,CCW,4,0.8200000000000001,11.647303191853162
12869,CCW,4,0.8210000000000001,11.644860694588658
12869,CCW,4,0.8220000000000001,11.642611048920402
12869,CCW,4,0.8230000000000001,11.640113235174848
12869,CCW,4,0.8240000000000001,11.636926339262684
12869,CCW,4,0.8250000000000001,11.634132802126306
12869,CCW,4,0.8260000000000001,11.630788025211139
12869,CCW,4,0.8270000000000001,11.627137535097244
12869,CCW,4,0.8280000000000001,11.623526707092687
12869,CCW,4,0.8290000000000001,11.61910044332501
12869,CCW,4,0.8300000000000001,11.613921264216199
12869,CCW,4,0.8310000000000001,11.608915272294702
12869,CCW,4,0.8320000000000001,11.603342489599738
12869,CCW,4,0.833,11.597164073397385
12869,CCW,4,0.834,11.590613099589257
12869,CCW,4,0.835,11.584059032491377
12869,CCW,4,0.836,11.57702631402672
12869,CCW,4,0.837,11.569601566289094
12869,CCW,4,0.838,11.561065684112338
12869,CCW,4,0.839,11.551799910722169
12869,CCW,4,0.84,11.541491011194536
12869,CCW,4,0.841,11.530700315594485
12869,CCW,4,0.842,11.519468635729625
12869,CCW,4,0.843,11.50810455214965
12869,CCW,4,0.844,11.49683125538332
12869,CCW,4,0.845,11.48479745596766
12869,CCW,4,0.846,11.47211937666872
12869,CCW,4,0.847,11.459011990895323
12869,CCW,4,0.848,11.4473046346233
12869,CCW,4,0.849,11.4333521515309
12869,CCW,4,0.85,11.41867628221078
12869,CCW,4,0.851,11.402820909223129
12869,CCW,4,0.852,11.386204970856832
12869,CCW,4,0.853,11.368719365846315
12869,CCW,4,0.854,11.350514448594993
12869,CCW,4,0.855,11.329813260702661
12869,CCW,4,0.856,11.305691009347965
12869,CCW,4,0.857,11.282851644090329
12869,CCW,4,0.858,11.25599530826167
12869,CCW,4,0.859,11.228856135868156
12869,CCW,4,0.86,11.201117918053543
12869,CCW,4,0.861,11.173327715210691
12869,CCW,4,0.862,11.144758213371704
12869,CCW,4,0.863,11.11870209156421
12869,CCW,4,0.864,11.093269550574899
12869,CCW,4,0.865,11.065456719809678
12869,CCW,4,0.866,11.03563837238052
12869,CCW,4,0.867,11.00652031523753
12869,CCW,4,0.868,10.97876648928909
12869,CCW,4,0.869,10.953175270108812
12869,CCW,4,0.87,10.92884572660677
12869,CCW,4,0.871,10.902894838934465
12869,CCW,4,0.872,10.876717854335359
12869,CCW,4,0.873,10.847171017915114
12869,CCW,4,0.874,10.826376335918582
12869,CCW,4,0.875,10.795832135838193
12869,CCW,4,0.876,10.76867023277666
12869,CCW,4,0.877,10.739121018064523
12869,CCW,4,0.878,10.71463385364568
12869,CCW,4,0.879,10.685361595493111
12869,CCW,4,0.88,10.657689787370156
12869,CCW,4,0.881,10.629037956340296
12869,CCW,4,0.882,10.597127091235924
12869,CCW,4,0.883,10.569954194571622
12869,CCW,4,0.884,10.534139471393127
12869,CCW,4,0.885,10.499614485229909
12869,CCW,4,0.886,10.464982961614291
12869,CCW,4,0.887,10.430633679222735
12869,CCW,4,0.888,10.395937392302645
12869,CCW,4,0.889,10.360561406571149
12869,CCW,4,0.89,10.3245170379143
12869,CCW,4,0.891,10.28692429673572
12869,CCW,4,0.892,10.249046454695247
12869,CCW,4,0.893,10.211349573845018
12869,CCW,4,0.894,10.174243895740775
12869,CCW,4,0.895,10.140699076962266
12869,CCW,4,0.896,10.102810112266956
12869,CCW,4,0.897,10.064850672533476
12869,CCW,4,0.898,10.026086880010187
12869,CCW,4,0.899,9.988817485323231
12869,CCW,4,0.9,9.949065315268822
12869,CCW,4,0.901,9.909516135732114
12869,CCW,4,0.902,9.867847109680673
12869,CCW,4,0.903,9.827121340405013
12869,CCW,4,0.904,9.784482637406793
12869,CCW,4,0.905,9.741607400274328
12869,CCW,4,0.906,9.701417182582174
12869,CCW,4,0.907,9.660572691547266
12869,CCW,4,0.908,9.620529157274644
12869,CCW,4,0.909,9.582094301190489
12869,CCW,4,0.91,9.54194011725395
12869,CCW,4,0.911,9.501997771555697
12869,CCW,4,0.912,9.461491528211743
12869,CCW,4,0.913,9.420397622784677
12869,CCW,4,0.914,9.380798527496543
12869,CCW,4,0.915,9.34036580375073
12869,CCW,4,0.916,9.300010773003274
12869,CCW,4,0.917,9.260064131334836
12869,CCW,4,0.918,9.217812184181758
12869,CCW,4,0.919,9.175530150372687
12869,CCW,4,0.92,9.134123844858843
12869,CCW,4,0.921,9.092405149490583
12869,CCW,4,0.922,9.050597501599052
12869,CCW,4,0.923,9.01001153560806
12869,CCW,4,0.924,8.96906632303073
12869,CCW,4,0.925,8.928683189726312
12869,CCW,4,0.926,8.889470657352035
12869,CCW,4,0.927,8.84972691117388
12869,CCW,4,0.928,8.81012774670098
12869,CCW,4,0.929,8.769856716788555
12869,CCW,4,0.93,8.729845404343084
12869,CCW,4,0.931,8.69028001218362
12869,CCW,4,0.932,8.650027329354309
12869,CCW,4,0.933,8.6086956071917
12869,CCW,4,0.934,8.566766391480922
12869,CCW,4,0.935,8.524509149757417
12869,CCW,4,0.936,8.482083339835976
12869,CCW,4,0.937,8.439156568806265
12869,CCW,4,0.9380000000000001,8.395738825029564
12869,CCW,4,0.9390000000000001,8.352465497143138
12869,CCW,4,0.9400000000000001,8.310116003857857
12869,CCW,4,0.9410000000000001,8.269477748800112
12869,CCW,4,0.9420000000000001,8.230254702630354
12869,CCW,4,0.9430000000000001,8.191676475607249
12869,CCW,4,0.9440000000000001,8.15289561305495
12869,CCW,4,0.9450000000000001,8.113935372035519
12869,CCW,4,0.9460000000000001,8.07525680969062
12869,CCW,4,0.9470000000000001,8.036469921781764
12869,CCW,4,0.9480000000000001,7.997171783317253
12869,CCW,4,0.9490000000000001,7.9561751041713125
12869,CCW,4,0.9500000000000001,7.91451387453683
12869,CCW,4,0.9510000000000001,7.8725765368251786
12869,CCW,4,0.9520000000000001,7.830311205381652
12869,CCW,4,0.9530000000000001,7.788122523825717
12869,CCW,4,0.9540000000000001,7.746119279685825
12869,CCW,4,0.9550000000000001,7.704937520228031
12869,CCW,4,0.9560000000000001,7.663560899177135
12869,CCW,4,0.9570000000000001,7.622167686795212
12869,CCW,4,0.9580000000000001,7.581948528929537
12869,CCW,4,0.9590000000000001,7.542248543294889
12869,CCW,4,0.96,7.502517665618571
12869,CCW,4,0.961,7.462412822544065
12869,CCW,4,0.962,7.422903078575337
12869,CCW,4,0.963,7.384000706487251
12869,CCW,4,0.964,7.344678558994898
12869,CCW,4,0.965,7.304538021577874
12869,CCW,4,0.966,7.263550587344016
12869,CCW,4,0.967,7.221707060417703
12869,CCW,4,0.968,7.17956229028015
12869,CCW,4,0.969,7.137364827767051
12869,CCW,4,0.97,7.095294576659576
12869,CCW,4,0.971,7.053265890839322
12869,CCW,4,0.972,7.011577036504571
12869,CCW,4,0.973,6.970989230729014
12869,CCW,4,0.974,6.931907858928494
12869,CCW,4,0.975,6.894139471787389
12869,CCW,4,0.976,6.856299084360844
12869,CCW,4,0.977,6.818455894753904
12869,CCW,4,0.978,6.780704854764117
12869,CCW,4,0.979,6.743595011670181
12869,CCW,4,0.98,6.70548092594191
12869,CCW,4,0.981,6.666785389285041
12869,CCW,4,0.982,6.626347558067434
12869,CCW,4,0.983,6.583710848976764
12869,CCW,4,0.984,6.539648405243234
12869,CCW,4,0.985,6.494506724612461
12869,CCW,4,0.986,6.450128424635813
12869,CCW,4,0.987,6.404573619480986
12869,CCW,4,0.988,6.36091282891173
12869,CCW,4,0.989,6.317175117638198
12869,CCW,4,0.99,6.275533622680151
12869,CCW,4,0.991,6.2355889635338215
12869,CCW,4,0.992,6.196603583350536
12869,CCW,4,0.993,6.158639107279152
12869,CCW,4,0.994,6.120860772859746
12869,CCW,4,0.995,6.082262516012665
12869,CCW,4,0.996,6.042126653871201
12869,CCW,4,0.997,6.001318188397749
12869,CCW,4,0.998,5.960323228721144
12869,CCW,4,0.999,5.919434603866381
12869,CCW,4,1.0,5.878269467638549
12869,CCW,5,0.0,0.0
12869,CCW,5,0.001,0.0009744614248221384
12869,CCW,5,0.002,0.001971117115857448
12869,CCW,5,0.003,0.0028963847935900835
12869,CCW,5,0.004,0.0038190133342336586
12869,CCW,5,0.005,0.004768289894925663
12869,CCW,5,0.006,0.005724239742860282
12869,CCW,5,0.007,0.006690732152749262
12869,CCW,5,0.008,0.007686955494018814
12869,CCW,5,0.009000000000000001,0.008881380574294747
12869,CCW,5,0.01,0.010610645232372758
12869,CCW,5,0.011,0.013833231564205538
12869,CCW,5,0.012,0.017410843599326653
12869,CCW,5,0.013000000000000001,0.02240070717476586
12869,CCW,5,0.014,0.025335510674832907
12869,CCW,5,0.015,0.03027413360682646
12869,CCW,5,0.016,0.03583739816868679
12869,CCW,5,0.017,0.0421646531548594
12869,CCW,5,0.018000000000000002,0.04907216115632107
12869,CCW,5,0.019,0.061009292394194545
12869,CCW,5,0.02,0.07078710427052119
12869,CCW,5,0.021,0.08109603052064311
12869,CCW,5,0.022,0.09120160393753265
12869,CCW,5,0.023,0.10046251389314256
12869,CCW,5,0.024,0.10930718292605168
12869,CCW,5,0.025,0.11744788624393482
12869,CCW,5,0.026000000000000002,0.12442332159353424
12869,CCW,5,0.027,0.12760690732690783
12869,CCW,5,0.028,0.1344245191374952
12869,CCW,5,0.029,0.13901053040995084
12869,CCW,5,0.03,0.14061975055076215
12869,CCW,5,0.031,0.1429153510256747
12869,CCW,5,0.032,0.1475905910613264
12869,CCW,5,0.033,0.15319856027237222
12869,CCW,5,0.034,0.1595042933092395
12869,CCW,5,0.035,0.16887317244915195
12869,CCW,5,0.036000000000000004,0.17738674540895363
12869,CCW,5,0.037,0.18679963681956532
12869,CCW,5,0.038,0.19921045176180066
12869,CCW,5,0.039,0.2077495035237802
12869,CCW,5,0.04,0.21439195422115437
12869,CCW,5,0.041,0.22561513529451138
12869,CCW,5,0.042,0.23185776974501057
12869,CCW,5,0.043000000000000003,0.2377455782267291
12869,CCW,5,0.044,0.24295850286341694
12869,CCW,5,0.045,0.2487664790690531
12869,CCW,5,0.046,0.25544243064693106
12869,CCW,5,0.047,0.25698582429036293
12869,CCW,5,0.048,0.26143091970743976
12869,CCW,5,0.049,0.2644325434314988
12869,CCW,5,0.05,0.2670074693977954
12869,CCW,5,0.051000000000000004,0.27363178725391096
12869,CCW,5,0.052000000000000005,0.2825351895667579
12869,CCW,5,0.053,0.29078581006224047
12869,CCW,5,0.054,0.2977141844418568
12869,CCW,5,0.055,0.3045154281382509
12869,CCW,5,0.056,0.3112917400139218
12869,CCW,5,0.057,0.31831643615291083
12869,CCW,5,0.058,0.32479765031550506
12869,CCW,5,0.059000000000000004,0.3319914576763366
12869,CCW,5,0.06,0.33894356231286943
12869,CCW,5,0.061,0.34436287437477353
12869,CCW,5,0.062,0.354418110856661
12869,CCW,5,0.063,0.3634769838662612
12869,CCW,5,0.064,0.3733929192952608
12869,CCW,5,0.065,0.37938140372501744
12869,CCW,5,0.066,0.3883382687794825
12869,CCW,5,0.067,0.395577008792328
12869,CCW,5,0.068,0.3978948747568466
12869,CCW,5,0.069,0.396549594172978
12869,CCW,5,0.07,0.39703653026487234
12869,CCW,5,0.07100000000000001,0.40009571252558285
12869,CCW,5,0.07200000000000001,0.40291945369844373
12869,CCW,5,0.073,0.40740610243246866
12869,CCW,5,0.074,0.4116695493218893
12869,CCW,5,0.075,0.4173933132056459
12869,CCW,5,0.076,0.4229788410440604
12869,CCW,5,0.077,0.4269222313032687
12869,CCW,5,0.078,0.4348846688130085
12869,CCW,5,0.079,0.44376400173465363
12869,CCW,5,0.08,0.44862679121119364
12869,CCW,5,0.081,0.4562930380909319
12869,CCW,5,0.082,0.46388490940106736
12869,CCW,5,0.083,0.47244183192716344
12869,CCW,5,0.084,0.48187310646097997
12869,CCW,5,0.085,0.48926465138482733
12869,CCW,5,0.08600000000000001,0.4932628627063582
12869,CCW,5,0.08700000000000001,0.49364255179907984
12869,CCW,5,0.088,0.4956544934537348
12869,CCW,5,0.089,0.5015178578343037
12869,CCW,5,0.09,0.5067344302631371
12869,CCW,5,0.091,0.5097026927415916
12869,CCW,5,0.092,0.5169626589876375
12869,CCW,5,0.093,0.5272491914462558
12869,CCW,5,0.094,0.5337048745270909
12869,CCW,5,0.095,0.5414815483541652
12869,CCW,5,0.096,0.5477940590997403
12869,CCW,5,0.097,0.5522476464361638
12869,CCW,5,0.098,0.5558517337946737
12869,CCW,5,0.099,0.5579655222727666
12869,CCW,5,0.1,0.561425720753319
12869,CCW,5,0.101,0.560759548368031
12869,CCW,5,0.10200000000000001,0.563922669704381
12869,CCW,5,0.10300000000000001,0.5679279171193334
12869,CCW,5,0.10400000000000001,0.5726124542162825
12869,CCW,5,0.105,0.5736510543812893
12869,CCW,5,0.106,0.5767874743018622
12869,CCW,5,0.107,0.5811735828450093
12869,CCW,5,0.108,0.58459562664394
12869,CCW,5,0.109,0.5872027284350654
12869,CCW,5,0.11,0.588989215661763
12869,CCW,5,0.111,0.5901081993138687
12869,CCW,5,0.112,0.5921237376856535
12869,CCW,5,0.113,0.5942226825084642
12869,CCW,5,0.114,0.5973276154190299
12869,CCW,5,0.115,0.6014938880263825
12869,CCW,5,0.116,0.6038711179557744
12869,CCW,5,0.117,0.6084419564300249
12869,CCW,5,0.11800000000000001,0.611322177513795
12869,CCW,5,0.11900000000000001,0.6141758356235278
12869,CCW,5,0.12,0.6125099802770033
12869,CCW,5,0.121,0.615542338620588
12869,CCW,5,0.122,0.6186987450556011
12869,CCW,5,0.123,0.6259589201365156
12869,CCW,5,0.124,0.6368993212453701
12869,CCW,5,0.125,0.6517486052978333
12869,CCW,5,0.126,0.6673253834832418
12869,CCW,5,0.127,0.6807331871813277
12869,CCW,5,0.128,0.6912554483572494
12869,CCW,5,0.129,0.6970878631066004
12869,CCW,5,0.13,0.6973845130125732
12869,CCW,5,0.131,0.6941854535346241
12869,CCW,5,0.132,0.6906206786121075
12869,CCW,5,0.133,0.6881140442210041
12869,CCW,5,0.134,0.6864140888170427
12869,CCW,5,0.135,0.6846537019694039
12869,CCW,5,0.136,0.684159794280532
12869,CCW,5,0.137,0.6858156406247418
12869,CCW,5,0.138,0.68723694146933
12869,CCW,5,0.139,0.6873663041313004
12869,CCW,5,0.14,0.6885073128953013
12869,CCW,5,0.14100000000000001,0.682678355812112
12869,CCW,5,0.14200000000000002,0.6970790399243253
12869,CCW,5,0.14300000000000002,0.7244884475001716
12869,CCW,5,0.14400000000000002,0.7585821078283571
12869,CCW,5,0.145,0.794773447053421
12869,CCW,5,0.146,0.8299139363500916
12869,CCW,5,0.147,0.8618149439353567
12869,CCW,5,0.148,0.8808470539435816
12869,CCW,5,0.149,0.8975091371211474
12869,CCW,5,0.15,0.8983850749291107
12869,CCW,5,0.151,0.8879878339692618
12869,CCW,5,0.152,0.8726292503982084
12869,CCW,5,0.153,0.8555931542530194
12869,CCW,5,0.154,0.8365537330096233
12869,CCW,5,0.155,0.8107573933676941
12869,CCW,5,0.156,0.7950206153109913
12869,CCW,5,0.157,0.764585820268256
12869,CCW,5,0.158,0.7462255831856698
12869,CCW,5,0.159,0.7332710707481018
12869,CCW,5,0.16,0.7279485275142322
12869,CCW,5,0.161,0.7321032200314189
12869,CCW,5,0.162,0.7326227664674196
12869,CCW,5,0.163,0.7441023926168832
12869,CCW,5,0.164,0.7509690618101152
12869,CCW,5,0.165,0.7608229293705437
12869,CCW,5,0.166,0.7660539849235007
12869,CCW,5,0.167,0.7846698168301185
12869,CCW,5,0.168,0.7994614259788744
12869,CCW,5,0.169,0.8233552341151127
12869,CCW,5,0.17,0.8551630686134403
12869,CCW,5,0.171,0.8905712819959316
12869,CCW,5,0.17200000000000001,0.9272671925595622
12869,CCW,5,0.17300000000000001,0.9602422283610346
12869,CCW,5,0.17400000000000002,0.9871780824358575
12869,CCW,5,0.17500000000000002,1.008020024523948
12869,CCW,5,0.176,1.0164344648358805
12869,CCW,5,0.177,1.0194459391144937
12869,CCW,5,0.178,1.0103493944428241
12869,CCW,5,0.179,1.0005554708631887
12869,CCW,5,0.18,0.9996046622768995
12869,CCW,5,0.181,0.986818216503437
12869,CCW,5,0.182,0.9718431075742445
12869,CCW,5,0.183,0.9637486528830108
12869,CCW,5,0.184,0.9596525797609693
12869,CCW,5,0.185,0.9525996279660787
12869,CCW,5,0.186,0.9505213945230045
12869,CCW,5,0.187,0.949092390513744
12869,CCW,5,0.188,0.9491578482833658
12869,CCW,5,0.189,0.9502058743207391
12869,CCW,5,0.19,0.9521370054547369
12869,CCW,5,0.191,0.9550893282645129
12869,CCW,5,0.192,0.9560041795241896
12869,CCW,5,0.193,0.9601592139346783
12869,CCW,5,0.194,0.9574773766981884
12869,CCW,5,0.195,0.9527108103756582
12869,CCW,5,0.196,0.9465659458293539
12869,CCW,5,0.197,0.9346348482028343
12869,CCW,5,0.198,0.9209805772024092
12869,CCW,5,0.199,0.9078782276644466
12869,CCW,5,0.2,0.898504510269557
12869,CCW,5,0.201,0.8928208925056585
12869,CCW,5,0.202,0.8917302582630617
12869,CCW,5,0.203,0.8931851692061183
12869,CCW,5,0.20400000000000001,0.8956841634979613
12869,CCW,5,0.20500000000000002,0.8980869775737427
12869,CCW,5,0.20600000000000002,0.8998197626953195
12869,CCW,5,0.20700000000000002,0.9009149048783731
12869,CCW,5,0.20800000000000002,0.9017930099393543
12869,CCW,5,0.209,0.9027592878294962
12869,CCW,5,0.21,0.9038857267241166
12869,CCW,5,0.211,0.9054486426329266
12869,CCW,5,0.212,0.9070006600076639
12869,CCW,5,0.213,0.9086205841755691
12869,CCW,5,0.214,0.910057115446606
12869,CCW,5,0.215,0.9106977915560605
12869,CCW,5,0.216,0.911196787907692
12869,CCW,5,0.217,0.9109018159672766
12869,CCW,5,0.218,0.9107785629263472
12869,CCW,5,0.219,0.9106266712350924
12869,CCW,5,0.22,0.9097354678453764
12869,CCW,5,0.221,0.9091370192220504
12869,CCW,5,0.222,0.9088221179327854
12869,CCW,5,0.223,0.9088469732256332
12869,CCW,5,0.224,0.9093161122153917
12869,CCW,5,0.225,0.9097795970449977
12869,CCW,5,0.226,0.9107456650917926
12869,CCW,5,0.227,0.9113958747795394
12869,CCW,5,0.228,0.9122241719887886
12869,CCW,5,0.229,0.9129819995589227
12869,CCW,5,0.23,0.9134811852151544
12869,CCW,5,0.231,0.9140955676927758
12869,CCW,5,0.232,0.9141922003877215
12869,CCW,5,0.233,0.9142553490902268
12869,CCW,5,0.234,0.9141964715066712
12869,CCW,5,0.23500000000000001,0.9142507507779332
12869,CCW,5,0.23600000000000002,0.914403021132206
12869,CCW,5,0.23700000000000002,0.9146536572198454
12869,CCW,5,0.23800000000000002,0.9149053044928782
12869,CCW,5,0.23900000000000002,0.9154199995451406
12869,CCW,5,0.24,0.9160563956859678
12869,CCW,5,0.241,0.9170033135868702
12869,CCW,5,0.242,0.9183953952012348
12869,CCW,5,0.243,0.920040473214327
12869,CCW,5,0.244,0.9224658425649763
12869,CCW,5,0.245,0.9255838420788736
12869,CCW,5,0.246,0.9288889936554889
12869,CCW,5,0.247,0.9329030536372979
12869,CCW,5,0.248,0.9391728433552025
12869,CCW,5,0.249,0.9465564052262126
12869,CCW,5,0.25,0.9531351563766692
12869,CCW,5,0.251,0.9624793679517798
12869,CCW,5,0.252,0.9727863264226277
12869,CCW,5,0.253,0.9820697211841288
12869,CCW,5,0.254,0.9919129538129345
12869,CCW,5,0.255,1.003156554238013
12869,CCW,5,0.256,1.0161078694686976
12869,CCW,5,0.257,1.027789278522753
12869,CCW,5,0.258,1.040019824535302
12869,CCW,5,0.259,1.0556904262998377
12869,CCW,5,0.26,1.0727104976139725
12869,CCW,5,0.261,1.0908547668231
12869,CCW,5,0.262,1.1140787171883553
12869,CCW,5,0.263,1.1247235766704207
12869,CCW,5,0.264,1.1540921642213353
12869,CCW,5,0.265,1.1829422438335069
12869,CCW,5,0.266,1.2110384865259274
12869,CCW,5,0.267,1.2398291291381547
12869,CCW,5,0.268,1.2750043257677626
12869,CCW,5,0.269,1.3112029575593307
12869,CCW,5,0.27,1.3515629407344631
12869,CCW,5,0.271,1.3905128350824694
12869,CCW,5,0.272,1.4253804760696958
12869,CCW,5,0.273,1.4509384583607245
12869,CCW,5,0.274,1.4750115087659172
12869,CCW,5,0.275,1.4970819217854692
12869,CCW,5,0.276,1.5297179366078748
12869,CCW,5,0.277,1.5733613533534725
12869,CCW,5,0.278,1.6267125625288787
12869,CCW,5,0.279,1.6522087530339207
12869,CCW,5,0.28,1.6962284812120583
12869,CCW,5,0.281,1.726096697656049
12869,CCW,5,0.28200000000000003,1.7540413337916272
12869,CCW,5,0.28300000000000003,1.7881943845983204
12869,CCW,5,0.28400000000000003,1.8091114658691094
12869,CCW,5,0.28500000000000003,1.8343482680957715
12869,CCW,5,0.28600000000000003,1.8707493258198216
12869,CCW,5,0.28700000000000003,1.8960088757843503
12869,CCW,5,0.28800000000000003,1.9251763732522906
12869,CCW,5,0.289,1.9428864710263083
12869,CCW,5,0.29,1.9621227877247238
12869,CCW,5,0.291,1.975862389248907
12869,CCW,5,0.292,1.981516448439311
12869,CCW,5,0.293,1.9935607265179136
12869,CCW,5,0.294,2.0026609382717506
12869,CCW,5,0.295,2.019154973685001
12869,CCW,5,0.296,2.0251179985126764
12869,CCW,5,0.297,2.031195376790031
12869,CCW,5,0.298,2.033319984925632
12869,CCW,5,0.299,2.0458281356191867
12869,CCW,5,0.3,2.050848609948961
12869,CCW,5,0.301,2.0578839877162123
12869,CCW,5,0.302,2.0639237397749417
12869,CCW,5,0.303,2.0685518346162177
12869,CCW,5,0.304,2.0719362018392147
12869,CCW,5,0.305,2.0747171407336253
12869,CCW,5,0.306,2.0763287076845662
12869,CCW,5,0.307,2.0764020967577257
12869,CCW,5,0.308,2.0760090404945393
12869,CCW,5,0.309,2.0748405702608066
12869,CCW,5,0.31,2.073970626804325
12869,CCW,5,0.311,2.072723008777694
12869,CCW,5,0.312,2.0714845686725414
12869,CCW,5,0.313,2.0701744675479263
12869,CCW,5,0.314,2.0691087463246323
12869,CCW,5,0.315,2.068239173151628
12869,CCW,5,0.316,2.0675412457126545
12869,CCW,5,0.317,2.0670924105443893
12869,CCW,5,0.318,2.0667088900645916
12869,CCW,5,0.319,2.066687655705468
12869,CCW,5,0.32,2.0667554231521383
12869,CCW,5,0.321,2.0672483646023374
12869,CCW,5,0.322,2.0677111368338017
12869,CCW,5,0.323,2.0685577191818685
12869,CCW,5,0.324,2.0694965158038148
12869,CCW,5,0.325,2.070707790252047
12869,CCW,5,0.326,2.0722677462054397
12869,CCW,5,0.327,2.0743577882479136
12869,CCW,5,0.328,2.076610256613017
12869,CCW,5,0.329,2.079347756255686
12869,CCW,5,0.33,2.0822031337598985
12869,CCW,5,0.331,2.085542125529025
12869,CCW,5,0.332,2.089002774391462
12869,CCW,5,0.333,2.0925559270062535
12869,CCW,5,0.334,2.0962763520081453
12869,CCW,5,0.335,2.100039670452774
12869,CCW,5,0.336,2.104417003923118
12869,CCW,5,0.337,2.1087372479072606
12869,CCW,5,0.338,2.113521526939868
12869,CCW,5,0.339,2.118357174873298
12869,CCW,5,0.34,2.1233728288956946
12869,CCW,5,0.341,2.1287569622606433
12869,CCW,5,0.342,2.1343179258326472
12869,CCW,5,0.343,2.1404798812312156
12869,CCW,5,0.34400000000000003,2.1467565375112714
12869,CCW,5,0.34500000000000003,2.1532236320888143
12869,CCW,5,0.34600000000000003,2.16030194220032
12869,CCW,5,0.34700000000000003,2.1679623583032925
12869,CCW,5,0.34800000000000003,2.176044555524195
12869,CCW,5,0.34900000000000003,2.18426301094855
12869,CCW,5,0.35000000000000003,2.1925706519508177
12869,CCW,5,0.35100000000000003,2.20114825248594
12869,CCW,5,0.352,2.210106061550606
12869,CCW,5,0.353,2.2193738562066168
12869,CCW,5,0.354,2.228720498013529
12869,CCW,5,0.355,2.237932364591044
12869,CCW,5,0.356,2.2470209207057206
12869,CCW,5,0.357,2.2561416127122933
12869,CCW,5,0.358,2.2653474828434113
12869,CCW,5,0.359,2.2751519650961374
12869,CCW,5,0.36,2.2858764301538352
12869,CCW,5,0.361,2.297415725536092
12869,CCW,5,0.362,2.3096114694545498
12869,CCW,5,0.363,2.3221166269093536
12869,CCW,5,0.364,2.3345991706447324
12869,CCW,5,0.365,2.34721619698167
12869,CCW,5,0.366,2.3600206372979264
12869,CCW,5,0.367,2.372959797243117
12869,CCW,5,0.368,2.3858888287539703
12869,CCW,5,0.369,2.3986509449369247
12869,CCW,5,0.37,2.411105068924425
12869,CCW,5,0.371,2.423331667938822
12869,CCW,5,0.372,2.435407962537805
12869,CCW,5,0.373,2.44736903524974
12869,CCW,5,0.374,2.4594002499627097
12869,CCW,5,0.375,2.4717823414677733
12869,CCW,5,0.376,2.4847033248057504
12869,CCW,5,0.377,2.498133136787175
12869,CCW,5,0.378,2.5121324564090357
12869,CCW,5,0.379,2.5267313545636756
12869,CCW,5,0.38,2.541667724218572
12869,CCW,5,0.381,2.5564724266350964
12869,CCW,5,0.382,2.5712052778461945
12869,CCW,5,0.383,2.5859567734176223
12869,CCW,5,0.384,2.6008497370398684
12869,CCW,5,0.385,2.615993806610578
12869,CCW,5,0.386,2.6312659068788937
12869,CCW,5,0.387,2.6461649661792688
12869,CCW,5,0.388,2.6607550164972227
12869,CCW,5,0.389,2.6739847437323565
12869,CCW,5,0.39,2.68719730270193
12869,CCW,5,0.391,2.7000642847697907
12869,CCW,5,0.392,2.713897575717654
12869,CCW,5,0.393,2.7269013803479547
12869,CCW,5,0.394,2.7409094232552405
12869,CCW,5,0.395,2.753161464459983
12869,CCW,5,0.396,2.7657534320642174
12869,CCW,5,0.397,2.7808612459018733
12869,CCW,5,0.398,2.7933738495262728
12869,CCW,5,0.399,2.8064995527238996
12869,CCW,5,0.4,2.822279283220922
12869,CCW,5,0.401,2.837158863476248
12869,CCW,5,0.402,2.850339626456019
12869,CCW,5,0.403,2.86117098346913
12869,CCW,5,0.404,2.8709309170178425
12869,CCW,5,0.405,2.880324362167615
12869,CCW,5,0.406,2.891455723108244
12869,CCW,5,0.40700000000000003,2.9028984971484264
12869,CCW,5,0.40800000000000003,2.9185783276554327
12869,CCW,5,0.40900000000000003,2.9255046126620585
12869,CCW,5,0.41000000000000003,2.928756938127364
12869,CCW,5,0.41100000000000003,2.9432684708541585
12869,CCW,5,0.41200000000000003,2.951804294034323
12869,CCW,5,0.41300000000000003,2.9606660953874773
12869,CCW,5,0.41400000000000003,2.9526433635831744
12869,CCW,5,0.41500000000000004,2.967851570107996
12869,CCW,5,0.41600000000000004,2.9593634867246976
12869,CCW,5,0.417,2.972287951748457
12869,CCW,5,0.418,2.962771130094803
12869,CCW,5,0.419,2.9769671660901658
12869,CCW,5,0.42,2.9808376986869574
12869,CCW,5,0.421,2.9807828326190675
12869,CCW,5,0.422,2.960652764183884
12869,CCW,5,0.423,2.9616682135102224
12869,CCW,5,0.424,2.9468748796583757
12869,CCW,5,0.425,2.9368141085096346
12869,CCW,5,0.426,2.9264758473989776
12869,CCW,5,0.427,2.9418047473156617
12869,CCW,5,0.428,2.942388514185214
12869,CCW,5,0.429,2.951073558996723
12869,CCW,5,0.43,2.964573350031079
12869,CCW,5,0.431,2.979484748030265
12869,CCW,5,0.432,2.995248928007605
12869,CCW,5,0.433,3.0102877759510944
12869,CCW,5,0.434,3.0227974560956707
12869,CCW,5,0.435,3.0448616445322596
12869,CCW,5,0.436,3.0580725276381417
12869,CCW,5,0.437,3.08011654069654
12869,CCW,5,0.438,3.1069315803319633
12869,CCW,5,0.439,3.1365989472483964
12869,CCW,5,0.44,3.1692320728409134
12869,CCW,5,0.441,3.1963867070627243
12869,CCW,5,0.442,3.2234473894339
12869,CCW,5,0.443,3.2499274042576447
12869,CCW,5,0.444,3.272821038118131
12869,CCW,5,0.445,3.301897175654252
12869,CCW,5,0.446,3.32545517386685
12869,CCW,5,0.447,3.352105866851976
12869,CCW,5,0.448,3.3793590238363063
12869,CCW,5,0.449,3.412081101871889
12869,CCW,5,0.45,3.4436134525274738
12869,CCW,5,0.451,3.4778823093611217
12869,CCW,5,0.452,3.5146109422440124
12869,CCW,5,0.453,3.549141067255561
12869,CCW,5,0.454,3.585351391349113
12869,CCW,5,0.455,3.6213422612633734
12869,CCW,5,0.456,3.6571027385080725
12869,CCW,5,0.457,3.6907540514366897
12869,CCW,5,0.458,3.723631239064463
12869,CCW,5,0.459,3.756352910189192
12869,CCW,5,0.46,3.7924187965453675
12869,CCW,5,0.461,3.8262456879793807
12869,CCW,5,0.462,3.85892075457691
12869,CCW,5,0.463,3.8940518549802245
12869,CCW,5,0.464,3.928514151715285
12869,CCW,5,0.465,3.964035779556174
12869,CCW,5,0.466,4.000998356697827
12869,CCW,5,0.467,4.036989187998175
12869,CCW,5,0.468,4.073314355558423
12869,CCW,5,0.46900000000000003,4.1108848577470205
12869,CCW,5,0.47000000000000003,4.148351882342109
12869,CCW,5,0.47100000000000003,4.186171608406125
12869,CCW,5,0.47200000000000003,4.224229851739368
12869,CCW,5,0.47300000000000003,4.261574391706336
12869,CCW,5,0.47400000000000003,4.299804647307904
12869,CCW,5,0.47500000000000003,4.338724334563717
12869,CCW,5,0.47600000000000003,4.377537345281468
12869,CCW,5,0.47700000000000004,4.415231390647641
12869,CCW,5,0.47800000000000004,4.45330707601584
12869,CCW,5,0.47900000000000004,4.490621330908651
12869,CCW,5,0.48,4.527843417145281
12869,CCW,5,0.481,4.566327129858349
12869,CCW,5,0.482,4.604370904606148
12869,CCW,5,0.483,4.643175519680382
12869,CCW,5,0.484,4.682214903067206
12869,CCW,5,0.485,4.72087899129273
12869,CCW,5,0.486,4.760027335977773
12869,CCW,5,0.487,4.798705265557751
12869,CCW,5,0.488,4.8370614873745525
12869,CCW,5,0.489,4.8760741006321195
12869,CCW,5,0.49,4.91512766097638
12869,CCW,5,0.491,4.953884981101884
12869,CCW,5,0.492,4.9928400941421165
12869,CCW,5,0.493,5.032146716894076
12869,CCW,5,0.494,5.070543148669575
12869,CCW,5,0.495,5.108032130232636
12869,CCW,5,0.496,5.14581022995365
12869,CCW,5,0.497,5.184996473921336
12869,CCW,5,0.498,5.225096275298213
12869,CCW,5,0.499,5.26564559628681
12869,CCW,5,0.5,5.306568046204501
12869,CCW,5,0.501,5.347337437035568
12869,CCW,5,0.502,5.387454478909156
12869,CCW,5,0.503,5.426701665934192
12869,CCW,5,0.504,5.465929267883943
12869,CCW,5,0.505,5.505858075689942
12869,CCW,5,0.506,5.5462530275385795
12869,CCW,5,0.507,5.5868667761845705
12869,CCW,5,0.508,5.627103476467012
12869,CCW,5,0.509,5.666210493514884
12869,CCW,5,0.51,5.705513739710169
12869,CCW,5,0.511,5.746248112401993
12869,CCW,5,0.512,5.787527264099914
12869,CCW,5,0.513,5.8292890726523545
12869,CCW,5,0.514,5.871478702060319
12869,CCW,5,0.515,5.913749421694705
12869,CCW,5,0.516,5.955830252739773
12869,CCW,5,0.517,5.997308172970515
12869,CCW,5,0.518,6.038056375625764
12869,CCW,5,0.519,6.078523436415167
12869,CCW,5,0.52,6.119272917139171
12869,CCW,5,0.521,6.160920320808064
12869,CCW,5,0.522,6.203206950920577
12869,CCW,5,0.523,6.245521499118018
12869,CCW,5,0.524,6.287413015899271
12869,CCW,5,0.525,6.328751454127834
12869,CCW,5,0.526,6.36939304433934
12869,CCW,5,0.527,6.409781167248816
12869,CCW,5,0.528,6.44999515354858
12869,CCW,5,0.529,6.490286662880083
12869,CCW,5,0.53,6.530276256140012
12869,CCW,5,0.531,6.570613855029667
12869,CCW,5,0.532,6.610724463890527
12869,CCW,5,0.533,6.651312385999993
12869,CCW,5,0.534,6.691887809346398
12869,CCW,5,0.535,6.73271121297013
12869,CCW,5,0.536,6.773857269507373
12869,CCW,5,0.537,6.816030079822443
12869,CCW,5,0.538,6.858972718377187
12869,CCW,5,0.539,6.90195181441576
12869,CCW,5,0.54,6.944214688992523
12869,CCW,5,0.541,6.985580404924352
12869,CCW,5,0.542,7.026398672333265
12869,CCW,5,0.543,7.066996736175733
12869,CCW,5,0.544,7.107744249022202
12869,CCW,5,0.545,7.148556182369544
12869,CCW,5,0.546,7.1895845739111826
12869,CCW,5,0.547,7.230491247423481
12869,CCW,5,0.548,7.270735410682456
12869,CCW,5,0.549,7.3103768597866425
12869,CCW,5,0.55,7.349705762155981
12869,CCW,5,0.551,7.3895722599273075
12869,CCW,5,0.552,7.4300441760936975
12869,CCW,5,0.553,7.4711087214374645
12869,CCW,5,0.554,7.512358291581228
12869,CCW,5,0.555,7.553578716162159
12869,CCW,5,0.556,7.593948838943256
12869,CCW,5,0.557,7.633935674976738
12869,CCW,5,0.558,7.673201892383366
12869,CCW,5,0.559,7.7123634365938685
12869,CCW,5,0.56,7.752033591886183
12869,CCW,5,0.561,7.791941617099212
12869,CCW,5,0.562,7.831920075531859
12869,CCW,5,0.5630000000000001,7.871814013060086
12869,CCW,5,0.5640000000000001,7.91185042766136
12869,CCW,5,0.5650000000000001,7.9524196998294405
12869,CCW,5,0.5660000000000001,7.993479720947761
12869,CCW,5,0.5670000000000001,8.03462663972401
12869,CCW,5,0.5680000000000001,8.075814323711295
12869,CCW,5,0.5690000000000001,8.117523672437663
12869,CCW,5,0.5700000000000001,8.15955843885439
12869,CCW,5,0.5710000000000001,8.201546767564285
12869,CCW,5,0.5720000000000001,8.242908351789444
12869,CCW,5,0.5730000000000001,8.284202558816121
12869,CCW,5,0.5740000000000001,8.32447664392213
12869,CCW,5,0.5750000000000001,8.36360213683294
12869,CCW,5,0.5760000000000001,8.40259713376403
12869,CCW,5,0.577,8.441996149430828
12869,CCW,5,0.578,8.4818690196865
12869,CCW,5,0.579,8.5220324700084
12869,CCW,5,0.58,8.562959887425443
12869,CCW,5,0.581,8.604381855054129
12869,CCW,5,0.582,8.646088448546653
12869,CCW,5,0.583,8.68801300401932
12869,CCW,5,0.584,8.73083046858617
12869,CCW,5,0.585,8.773899866373542
12869,CCW,5,0.586,8.816459787148567
12869,CCW,5,0.587,8.8585091384576
12869,CCW,5,0.588,8.90025694435244
12869,CCW,5,0.589,8.941197574964113
12869,CCW,5,0.59,8.981495475807128
12869,CCW,5,0.591,9.021823104903017
12869,CCW,5,0.592,9.062008535736744
12869,CCW,5,0.593,9.101982498106024
12869,CCW,5,0.594,9.142113982087293
12869,CCW,5,0.595,9.182562679804326
12869,CCW,5,0.596,9.223275867027144
12869,CCW,5,0.597,9.264063879212124
12869,CCW,5,0.598,9.304939049657387
12869,CCW,5,0.599,9.345790189870794
12869,CCW,5,0.6,9.387000030478797
12869,CCW,5,0.601,9.428021458760979
12869,CCW,5,0.602,9.468641410514143
12869,CCW,5,0.603,9.509419125294922
12869,CCW,5,0.604,9.549807583664226
12869,CCW,5,0.605,9.590341977461875
12869,CCW,5,0.606,9.630051651868463
12869,CCW,5,0.607,9.669193131589592
12869,CCW,5,0.608,9.708066264101374
12869,CCW,5,0.609,9.747023048746907
12869,CCW,5,0.61,9.786305848531637
12869,CCW,5,0.611,9.826072021558545
12869,CCW,5,0.612,9.866408652723656
12869,CCW,5,0.613,9.907565461221091
12869,CCW,5,0.614,9.949536220957295
12869,CCW,5,0.615,9.992032192544574
12869,CCW,5,0.616,10.034671867550502
12869,CCW,5,0.617,10.077578797479859
12869,CCW,5,0.618,10.120490308146202
12869,CCW,5,0.619,10.163251715464158
12869,CCW,5,0.62,10.204890434972185
12869,CCW,5,0.621,10.24586813445177
12869,CCW,5,0.622,10.28627887643207
12869,CCW,5,0.623,10.32576357106345
12869,CCW,5,0.624,10.365369227415087
12869,CCW,5,0.625,10.405298939839202
12869,CCW,5,0.626,10.44621374060786
12869,CCW,5,0.627,10.48833327093055
12869,CCW,5,0.628,10.531063752272035
12869,CCW,5,0.629,10.574084600557418
12869,CCW,5,0.63,10.616871163842152
12869,CCW,5,0.631,10.659529881626195
12869,CCW,5,0.632,10.70243858843172
12869,CCW,5,0.633,10.745946890477105
12869,CCW,5,0.634,10.789975812732193
12869,CCW,5,0.635,10.833840565701582
12869,CCW,5,0.636,10.876503036064005
12869,CCW,5,0.637,10.917580707927124
12869,CCW,5,0.638,10.957091788717491
12869,CCW,5,0.639,10.995544531619581
12869,CCW,5,0.64,11.03390891531551
12869,CCW,5,0.641,11.073236542791287
12869,CCW,5,0.642,11.113698589715192
12869,CCW,5,0.643,11.154715227097029
12869,CCW,5,0.644,11.19599893365864
12869,CCW,5,0.645,11.237054224086691
12869,CCW,5,0.646,11.278093471435124
12869,CCW,5,0.647,11.319370300794121
12869,CCW,5,0.648,11.360894332048368
12869,CCW,5,0.649,11.402565584251171
12869,CCW,5,0.65,11.443923285372101
12869,CCW,5,0.651,11.484715114835131
12869,CCW,5,0.652,11.525130285332954
12869,CCW,5,0.653,11.565226763935492
12869,CCW,5,0.654,11.605175895841105
12869,CCW,5,0.655,11.645274568582535
12869,CCW,5,0.656,11.685454950698126
12869,CCW,5,0.657,11.725091530071923
12869,CCW,5,0.658,11.7640836586582
12869,CCW,5,0.659,11.802846945877837
12869,CCW,5,0.66,11.841936331291631
12869,CCW,5,0.661,11.881417262627759
12869,CCW,5,0.662,11.92122534682141
12869,CCW,5,0.663,11.961538024419816
12869,CCW,5,0.664,12.002319553123787
12869,CCW,5,0.665,12.043552591551332
12869,CCW,5,0.666,12.084541931848616
12869,CCW,5,0.667,12.124687463322942
12869,CCW,5,0.668,12.16423839593256
12869,CCW,5,0.669,12.203968714058012
12869,CCW,5,0.67,12.243966042367912
12869,CCW,5,0.671,12.283764111659961
12869,CCW,5,0.672,12.32255973704176
12869,CCW,5,0.673,12.360933789044056
12869,CCW,5,0.674,12.399980803868734
12869,CCW,5,0.675,12.439774071624905
12869,CCW,5,0.676,12.479377817841979
12869,CCW,5,0.677,12.518530225516121
12869,CCW,5,0.678,12.557973600795536
12869,CCW,5,0.679,12.596962466213215
12869,CCW,5,0.68,12.637041963542497
12869,CCW,5,0.681,12.677128196578838
12869,CCW,5,0.682,12.71727959603116
12869,CCW,5,0.683,12.759428858345608
12869,CCW,5,0.684,12.800041033246508
12869,CCW,5,0.685,12.840636832141206
12869,CCW,5,0.686,12.880731086891474
12869,CCW,5,0.687,12.920537707282197
12869,CCW,5,0.6880000000000001,12.959689093536186
12869,CCW,5,0.6890000000000001,13.002082360125693
12869,CCW,5,0.6900000000000001,13.044010372129254
12869,CCW,5,0.6910000000000001,13.092697633662347
12869,CCW,5,0.6920000000000001,13.145649947381182
12869,CCW,5,0.6930000000000001,13.207746864017336
12869,CCW,5,0.6940000000000001,13.26674317590833
12869,CCW,5,0.6950000000000001,13.317163595177462
12869,CCW,5,0.6960000000000001,13.364686764873278
12869,CCW,5,0.6970000000000001,13.409433751362874
12869,CCW,5,0.6980000000000001,13.449092656477195
12869,CCW,5,0.6990000000000001,13.48844670525415
12869,CCW,5,0.7000000000000001,13.524104282682929
12869,CCW,5,0.7010000000000001,13.559310418235727
12869,CCW,5,0.7020000000000001,13.59994966781373
12869,CCW,5,0.7030000000000001,13.636972915437777
12869,CCW,5,0.704,13.673314055387287
12869,CCW,5,0.705,13.70958004549249
12869,CCW,5,0.706,13.744643434892891
12869,CCW,5,0.707,13.779162395958238
12869,CCW,5,0.708,13.813275479472805
12869,CCW,5,0.709,13.847784921977814
12869,CCW,5,0.71,13.88183354602421
12869,CCW,5,0.711,13.917265151534814
12869,CCW,5,0.712,13.95346696014316
12869,CCW,5,0.713,13.99030694729069
12869,CCW,5,0.714,14.027358797120403
12869,CCW,5,0.715,14.067452331164809
12869,CCW,5,0.716,14.105355437818307
12869,CCW,5,0.717,14.142540749998812
12869,CCW,5,0.718,14.17838689159728
12869,CCW,5,0.719,14.210689210115271
12869,CCW,5,0.72,14.248235724971149
12869,CCW,5,0.721,14.280168762742568
12869,CCW,5,0.722,14.311677882531228
12869,CCW,5,0.723,14.343197348943475
12869,CCW,5,0.724,14.373857979805484
12869,CCW,5,0.725,14.404127258032828
12869,CCW,5,0.726,14.43334622539173
12869,CCW,5,0.727,14.462527209720637
12869,CCW,5,0.728,14.492820321801501
12869,CCW,5,0.729,14.524365520131568
12869,CCW,5,0.73,14.557579372108052
12869,CCW,5,0.731,14.590517985876879
12869,CCW,5,0.732,14.623713518488245
12869,CCW,5,0.733,14.658274421119142
12869,CCW,5,0.734,14.692600213695338
12869,CCW,5,0.735,14.72277336552276
12869,CCW,5,0.736,14.755176396069205
12869,CCW,5,0.737,14.789966158737728
12869,CCW,5,0.738,14.820485187317747
12869,CCW,5,0.739,14.85005974413249
12869,CCW,5,0.74,14.878043829992032
12869,CCW,5,0.741,14.904573238793068
12869,CCW,5,0.742,14.929420287425366
12869,CCW,5,0.743,14.956498588040164
12869,CCW,5,0.744,14.982414308523296
12869,CCW,5,0.745,15.008466926694135
12869,CCW,5,0.746,15.035022752299563
12869,CCW,5,0.747,15.061330718788998
12869,CCW,5,0.748,15.087959886987749
12869,CCW,5,0.749,15.114658946533345
12869,CCW,5,0.75,15.141917178745835
12869,CCW,5,0.751,15.168779696562085
12869,CCW,5,0.752,15.196272662352731
12869,CCW,5,0.753,15.222543863296021
12869,CCW,5,0.754,15.248002550697493
12869,CCW,5,0.755,15.27259616929298
12869,CCW,5,0.756,15.296352606597448
12869,CCW,5,0.757,15.320151410509832
12869,CCW,5,0.758,15.343120661376748
12869,CCW,5,0.759,15.36591406231702
12869,CCW,5,0.76,15.386723295693756
12869,CCW,5,0.761,15.410763081091794
12869,CCW,5,0.762,15.430969276706739
12869,CCW,5,0.763,15.451518022313996
12869,CCW,5,0.764,15.471579377295843
12869,CCW,5,0.765,15.490868096356742
12869,CCW,5,0.766,15.509781106669294
12869,CCW,5,0.767,15.52773498095067
12869,CCW,5,0.768,15.547156049226134
12869,CCW,5,0.769,15.564910912389172
12869,CCW,5,0.77,15.581580641531877
12869,CCW,5,0.771,15.597817722410923
12869,CCW,5,0.772,15.613606835914696
12869,CCW,5,0.773,15.627527884635754
12869,CCW,5,0.774,15.640618766920648
12869,CCW,5,0.775,15.652660197130226
12869,CCW,5,0.776,15.66432630659895
12869,CCW,5,0.777,15.675265973528958
12869,CCW,5,0.778,15.68586553048773
12869,CCW,5,0.779,15.696026231348666
12869,CCW,5,0.78,15.70554535878628
12869,CCW,5,0.781,15.715694265245483
12869,CCW,5,0.782,15.725315853903323
12869,CCW,5,0.783,15.734726311920841
12869,CCW,5,0.784,15.743792930516943
12869,CCW,5,0.785,15.75230588574579
12869,CCW,5,0.786,15.760423148573734
12869,CCW,5,0.787,15.768110225451489
12869,CCW,5,0.788,15.775406886073991
12869,CCW,5,0.789,15.782675408338575
12869,CCW,5,0.79,15.789816854701614
12869,CCW,5,0.791,15.796567136128925
12869,CCW,5,0.792,15.802980482344083
12869,CCW,5,0.793,15.808955489037777
12869,CCW,5,0.794,15.815222809978252
12869,CCW,5,0.795,15.821124386526876
12869,CCW,5,0.796,15.826773935121242
12869,CCW,5,0.797,15.832427514617658
12869,CCW,5,0.798,15.83782581822805
12869,CCW,5,0.799,15.842870920040646
12869,CCW,5,0.8,15.84802522938074
12869,CCW,5,0.801,15.852844271972316
12869,CCW,5,0.802,15.857566410606571
12869,CCW,5,0.803,15.862364649675447
12869,CCW,5,0.804,15.867111497250963
12869,CCW,5,0.805,15.871664570291298
12869,CCW,5,0.806,15.876282141081461
12869,CCW,5,0.807,15.880789678163026
12869,CCW,5,0.808,15.885375011543012
12869,CCW,5,0.809,15.88998451568579
12869,CCW,5,0.81,15.894780956061766
12869,CCW,5,0.811,15.899495386946684
12869,CCW,5,0.812,15.904256919373529
12869,CCW,5,0.8130000000000001,15.90908459771138
12869,CCW,5,0.8140000000000001,15.913925371304272
12869,CCW,5,0.8150000000000001,15.918889171681375
12869,CCW,5,0.8160000000000001,15.923896826157458
12869,CCW,5,0.8170000000000001,15.928773705134667
12869,CCW,5,0.8180000000000001,15.933720187843553
12869,CCW,5,0.8190000000000001,15.938492769730185
12869,CCW,5,0.8200000000000001,15.942705890901381
12869,CCW,5,0.8210000000000001,15.946758694316713
12869,CCW,5,0.8220000000000001,15.95046974754363
12869,CCW,5,0.8230000000000001,15.953753101555417
12869,CCW,5,0.8240000000000001,15.957157141595674
12869,CCW,5,0.8250000000000001,15.960190038954687
12869,CCW,5,0.8260000000000001,15.962938305953397
12869,CCW,5,0.8270000000000001,15.96541183058701
12869,CCW,5,0.8280000000000001,15.967271586231812
12869,CCW,5,0.8290000000000001,15.968819905952609
12869,CCW,5,0.8300000000000001,15.969859947121583
12869,CCW,5,0.8310000000000001,15.970380485255207
12869,CCW,5,0.8320000000000001,15.970352409538727
12869,CCW,5,0.833,15.969786657360434
12869,CCW,5,0.834,15.968694698564933
12869,CCW,5,0.835,15.9671327795815
12869,CCW,5,0.836,15.96499011966249
12869,CCW,5,0.837,15.962264224273852
12869,CCW,5,0.838,15.958684001387757
12869,CCW,5,0.839,15.954456467837613
12869,CCW,5,0.84,15.949248305835484
12869,CCW,5,0.841,15.94314459468677
12869,CCW,5,0.842,15.936114162679809
12869,CCW,5,0.843,15.928119467334755
12869,CCW,5,0.844,15.919381655598071
12869,CCW,5,0.845,15.909310278831736
12869,CCW,5,0.846,15.899176500685767
12869,CCW,5,0.847,15.888165030103975
12869,CCW,5,0.848,15.875907425228688
12869,CCW,5,0.849,15.863785456513643
12869,CCW,5,0.85,15.848528050814535
12869,CCW,5,0.851,15.832551307383163
12869,CCW,5,0.852,15.816343446297543
12869,CCW,5,0.853,15.799294032539892
12869,CCW,5,0.854,15.781314481068863
12869,CCW,5,0.855,15.761042321620438
12869,CCW,5,0.856,15.73789376584215
12869,CCW,5,0.857,15.7159514716307
12869,CCW,5,0.858,15.691445697582163
12869,CCW,5,0.859,15.667116190384457
12869,CCW,5,0.86,15.642126937359007
12869,CCW,5,0.861,15.616916053053437
12869,CCW,5,0.862,15.59146896301613
12869,CCW,5,0.863,15.567388517176148
12869,CCW,5,0.864,15.542463845272506
12869,CCW,5,0.865,15.516775062820997
12869,CCW,5,0.866,15.48845218431009
12869,CCW,5,0.867,15.458507833300244
12869,CCW,5,0.868,15.426969472641936
12869,CCW,5,0.869,15.39584027129623
12869,CCW,5,0.87,15.365021465382846
12869,CCW,5,0.871,15.332958294509469
12869,CCW,5,0.872,15.301740373527117
12869,CCW,5,0.873,15.26932737286525
12869,CCW,5,0.874,15.246037972350127
12869,CCW,5,0.875,15.214474738176191
12869,CCW,5,0.876,15.183447331967606
12869,CCW,5,0.877,15.14903283416576
12869,CCW,5,0.878,15.111535102881092
12869,CCW,5,0.879,15.072667599770394
12869,CCW,5,0.88,15.034685478671523
12869,CCW,5,0.881,14.996627590343481
12869,CCW,5,0.882,14.955656650594886
12869,CCW,5,0.883,14.9197961528716
12869,CCW,5,0.884,14.878390180594497
12869,CCW,5,0.885,14.840216604212419
12869,CCW,5,0.886,14.80188879566469
12869,CCW,5,0.887,14.761906091731834
12869,CCW,5,0.888,14.71574392748973
12869,CCW,5,0.889,14.670344270587687
12869,CCW,5,0.89,14.622832471925935
12869,CCW,5,0.891,14.570592055048715
12869,CCW,5,0.892,14.52006302059472
12869,CCW,5,0.893,14.469733476176888
12869,CCW,5,0.894,14.420150232128924
12869,CCW,5,0.895,14.374195774245932
12869,CCW,5,0.896,14.32522226569978
12869,CCW,5,0.897,14.277412678081472
12869,CCW,5,0.898,14.231293949413653
12869,CCW,5,0.899,14.183633625802475
12869,CCW,5,0.9,14.1352763081667
12869,CCW,5,0.901,14.086742414582893
12869,CCW,5,0.902,14.036222056292276
12869,CCW,5,0.903,13.986731939550099
12869,CCW,5,0.904,13.93490814929705
12869,CCW,5,0.905,13.882293762347452
12869,CCW,5,0.906,13.832194539006727
12869,CCW,5,0.907,13.781322059092519
12869,CCW,5,0.908,13.730649003908638
12869,CCW,5,0.909,13.680754837072637
12869,CCW,5,0.91,13.628687811848307
12869,CCW,5,0.911,13.576554467949903
12869,CCW,5,0.912,13.524171112253967
12869,CCW,5,0.913,13.471625387579346
12869,CCW,5,0.914,13.419524217688917
12869,CCW,5,0.915,13.368032716010275
12869,CCW,5,0.916,13.316496229639592
12869,CCW,5,0.917,13.265447946710188
12869,CCW,5,0.918,13.211791855387522
12869,CCW,5,0.919,13.157964676554633
12869,CCW,5,0.92,13.104641573510568
12869,CCW,5,0.921,13.05184441878082
12869,CCW,5,0.922,12.998146579272083
12869,CCW,5,0.923,12.944790727760621
12869,CCW,5,0.924,12.890669965304442
12869,CCW,5,0.925,12.836708080964534
12869,CCW,5,0.926,12.78331190613692
12869,CCW,5,0.927,12.729050933360252
12869,CCW,5,0.928,12.674662614209875
12869,CCW,5,0.929,12.62044412662204
12869,CCW,5,0.93,12.566557991015147
12869,CCW,5,0.931,12.51285512628817
12869,CCW,5,0.932,12.458931090417199
12869,CCW,5,0.933,12.404427894391048
12869,CCW,5,0.934,12.349639429012564
12869,CCW,5,0.935,12.294924356555098
12869,CCW,5,0.936,12.240312402558295
12869,CCW,5,0.937,12.185403766144846
12869,CCW,5,0.9380000000000001,12.130117615854186
12869,CCW,5,0.9390000000000001,12.074560231844814
12869,CCW,5,0.9400000000000001,12.019121144461323
12869,CCW,5,0.9410000000000001,11.964604139210271
12869,CCW,5,0.9420000000000001,11.910598059620428
12869,CCW,5,0.9430000000000001,11.856571778622817
12869,CCW,5,0.9440000000000001,11.802063739159717
12869,CCW,5,0.9450000000000001,11.74734130141029
12869,CCW,5,0.9460000000000001,11.69317647875193
12869,CCW,5,0.9470000000000001,11.639911744173203
12869,CCW,5,0.9480000000000001,11.587457615755731
12869,CCW,5,0.9490000000000001,11.534580774533154
12869,CCW,5,0.9500000000000001,11.481506149470032
12869,CCW,5,0.9510000000000001,11.428193128043823
12869,CCW,5,0.9520000000000001,11.374497273685375
12869,CCW,5,0.9530000000000001,11.320623851522653
12869,CCW,5,0.9540000000000001,11.266877072243211
12869,CCW,5,0.9550000000000001,11.2134408468115
12869,CCW,5,0.9560000000000001,11.159944070144348
12869,CCW,5,0.9570000000000001,11.106040685244793
12869,CCW,5,0.9580000000000001,11.052597521501228
12869,CCW,5,0.9590000000000001,10.999269696107113
12869,CCW,5,0.96,10.94599401704641
12869,CCW,5,0.961,10.891945750186688
12869,CCW,5,0.962,10.83814469732244
12869,CCW,5,0.963,10.785224970430763
12869,CCW,5,0.964,10.732818822589037
12869,CCW,5,0.965,10.680245933500446
12869,CCW,5,0.966,10.627168616263374
12869,CCW,5,0.967,10.573750440592804
12869,CCW,5,0.968,10.520631601827692
12869,CCW,5,0.969,10.467423278933222
12869,CCW,5,0.97,10.413803672031875
12869,CCW,5,0.971,10.359485707319587
12869,CCW,5,0.972,10.305113651033649
12869,CCW,5,0.973,10.251715713772079
12869,CCW,5,0.974,10.199204005358025
12869,CCW,5,0.975,10.146828803476863
12869,CCW,5,0.976,10.093938397017885
12869,CCW,5,0.977,10.041040049433315
12869,CCW,5,0.978,9.98887608747228
12869,CCW,5,0.979,9.938033044069867
12869,CCW,5,0.98,9.887934349580222
12869,CCW,5,0.981,9.837689102064047
12869,CCW,5,0.982,9.786879192639173
12869,CCW,5,0.983,9.735338854900329
12869,CCW,5,0.984,9.683440488828438
12869,CCW,5,0.985,9.631842181803197
12869,CCW,5,0.986,9.580681970809628
12869,CCW,5,0.987,9.529895281045377
12869,CCW,5,0.988,9.479349338387562
12869,CCW,5,0.989,9.428150219306179
12869,CCW,5,0.99,9.377382487795634
12869,CCW,5,0.991,9.325424792768771
12869,CCW,5,0.992,9.273206722291853
12869,CCW,5,0.993,9.221021194838041
12869,CCW,5,0.994,9.169642880570645
12869,CCW,5,0.995,9.118807221320814
12869,CCW,5,0.996,9.068682208855362
12869,CCW,5,0.997,9.01938101983588
12869,CCW,5,0.998,8.970665267641124
12869,CCW,5,0.999,8.922002109705206
12869,CCW,5,1.0,8.87241037229911
12870,CCW,2,0.0,0.0
12870,CCW,2,0.001,0.00013894641485362065
12870,CCW,2,0.002,0.00024983930609018425
12870,CCW,2,0.003,0.0003984737884960687
12870,CCW,2,0.004,0.000923774024241029
12870,CCW,2,0.005,0.001181942096756916
12870,CCW,2,0.006,0.002860561388383128
12870,CCW,2,0.007,0.004684467423873497
12870,CCW,2,0.008,0.005409382536990754
12870,CCW,2,0.009000000000000001,0.006515384192669415
12870,CCW,2,0.01,0.005887760864169602
12870,CCW,2,0.011,0.0060616805711942055
12870,CCW,2,0.012,0.0051521164181888325
12870,CCW,2,0.013000000000000001,0.0014084714904961835
12870,CCW,2,0.014,0.0020076476776313855
12870,CCW,2,0.015,0.003275158812294889
12870,CCW,2,0.016,0.0019621353675967506
12870,CCW,2,0.017,0.0016221085302667601
12870,CCW,2,0.018000000000000002,0.0036131866257491678
12870,CCW,2,0.019,0.003962159056321193
12870,CCW,2,0.02,0.006375489148780399
12870,CCW,2,0.021,0.004232023185429503
12870,CCW,2,0.022,0.00514754388743819
12870,CCW,2,0.023,0.006574306104818652
12870,CCW,2,0.024,0.005423473359345357
12870,CCW,2,0.025,0.003923161569428522
12870,CCW,2,0.026000000000000002,0.004678893916501872
12870,CCW,2,0.027,0.0027375946166638115
12870,CCW,2,0.028,0.004145989523283546
12870,CCW,2,0.029,0.004472025671558413
12870,CCW,2,0.03,0.009376017537529552
12870,CCW,2,0.031,0.013382445844862177
12870,CCW,2,0.032,0.01288024287694382
12870,CCW,2,0.033,0.011796937254306411
12870,CCW,2,0.034,0.00494435469871491
12870,CCW,2,0.035,0.0035983033262240267
12870,CCW,2,0.036000000000000004,0.010933326840964576
12870,CCW,2,0.037,0.015137234771818891
12870,CCW,2,0.038,0.018799345136401507
12870,CCW,2,0.039,0.021179789441262302
12870,CCW,2,0.04,0.021339616922719178
12870,CCW,2,0.041,0.019198981409103654
12870,CCW,2,0.042,0.01611554365457749
12870,CCW,2,0.043000000000000003,0.011524148544517025
12870,CCW,2,0.044,0.007899144988959437
12870,CCW,2,0.045,0.0059552599596269604
12870,CCW,2,0.046,0.005688479441006827
12870,CCW,2,0.047,0.006355681650077437
12870,CCW,2,0.048,0.007361607577907293
12870,CCW,2,0.049,0.008468367818440842
12870,CCW,2,0.05,0.009047558102383321
12870,CCW,2,0.051000000000000004,0.008858505529662766
12870,CCW,2,0.052000000000000005,0.006548108907948037
12870,CCW,2,0.053,0.008401258919673037
12870,CCW,2,0.054,0.013458842361512338
12870,CCW,2,0.055,0.01717471314562192
12870,CCW,2,0.056,0.022732470727516864
12870,CCW,2,0.057,0.025695235430062975
12870,CCW,2,0.058,0.029474872019557865
12870,CCW,2,0.059000000000000004,0.03249779137802579
12870,CCW,2,0.06,0.03460063554324074
12870,CCW,2,0.061,0.03431077798911126
12870,CCW,2,0.062,0.031729014622564736
12870,CCW,2,0.063,0.02736074229023154
12870,CCW,2,0.064,0.024411097792144863
12870,CCW,2,0.065,0.017541902588674257
12870,CCW,2,0.066,0.013735036152363626
12870,CCW,2,0.067,0.011941809314146375
12870,CCW,2,0.068,0.01305953553073048
12870,CCW,2,0.069,0.013089685596495504
12870,CCW,2,0.07,0.013880063120565509
12870,CCW,2,0.07100000000000001,0.013922597795128614
12870,CCW,2,0.07200000000000001,0.012624760057802782
12870,CCW,2,0.073,0.012403923696881801
12870,CCW,2,0.074,0.012394917473985783
12870,CCW,2,0.075,0.013243002469564627
12870,CCW,2,0.076,0.014893122452762869
12870,CCW,2,0.077,0.017292470702724622
12870,CCW,2,0.078,0.021411550437210616
12870,CCW,2,0.079,0.021954683333224128
12870,CCW,2,0.08,0.021914838909785298
12870,CCW,2,0.081,0.026060966753830666
12870,CCW,2,0.082,0.028781631874725454
12870,CCW,2,0.083,0.031501986425952005
12870,CCW,2,0.084,0.03416002009385786
12870,CCW,2,0.085,0.03593111758342693
12870,CCW,2,0.08600000000000001,0.03644678744273268
12870,CCW,2,0.08700000000000001,0.04047586549469264
12870,CCW,2,0.088,0.03836371449157103
12870,CCW,2,0.089,0.03507949423247277
12870,CCW,2,0.09,0.02883448752525657
12870,CCW,2,0.091,0.022099554297577526
12870,CCW,2,0.092,0.019112129400466825
12870,CCW,2,0.093,0.017522277051449424
12870,CCW,2,0.094,0.014408718407508214
12870,CCW,2,0.095,0.011918888305006406
12870,CCW,2,0.096,0.011700874115994433
12870,CCW,2,0.097,0.012571136877324914
12870,CCW,2,0.098,0.015797783115493062
12870,CCW,2,0.099,0.020341795589656507
12870,CCW,2,0.1,0.026347717270504976
12870,CCW,2,0.101,0.03240679413740003
12870,CCW,2,0.10200000000000001,0.0396245378144416
12870,CCW,2,0.10300000000000001,0.04834087245437143
12870,CCW,2,0.10400000000000001,0.056687867655392576
12870,CCW,2,0.105,0.06350384781874062
12870,CCW,2,0.106,0.06821263771811073
12870,CCW,2,0.107,0.07082764801185301
12870,CCW,2,0.108,0.07354859372946655
12870,CCW,2,0.109,0.07605831903926911
12870,CCW,2,0.11,0.07790298025726085
12870,CCW,2,0.111,0.07948895446852405
12870,CCW,2,0.112,0.07970482704414146
12870,CCW,2,0.113,0.07937470922575872
12870,CCW,2,0.114,0.07843199578170303
12870,CCW,2,0.115,0.07681144555355088
12870,CCW,2,0.116,0.07380697080099077
12870,CCW,2,0.117,0.07285363057609559
12870,CCW,2,0.11800000000000001,0.0733195831030742
12870,CCW,2,0.11900000000000001,0.0714594772020549
12870,CCW,2,0.12,0.07125839677543815
12870,CCW,2,0.121,0.07122925472561423
12870,CCW,2,0.122,0.07029081324998482
12870,CCW,2,0.123,0.07427579480707645
12870,CCW,2,0.124,0.07781815177193893
12870,CCW,2,0.125,0.08357153070394702
12870,CCW,2,0.126,0.09115885289586476
12870,CCW,2,0.127,0.10127925915316852
12870,CCW,2,0.128,0.11111000104722062
12870,CCW,2,0.129,0.11665864705737956
12870,CCW,2,0.13,0.12134084163801316
12870,CCW,2,0.131,0.1299908839204686
12870,CCW,2,0.132,0.13048685403911053
12870,CCW,2,0.133,0.12923889714749326
12870,CCW,2,0.134,0.12659278622805503
12870,CCW,2,0.135,0.11955123274522343
12870,CCW,2,0.136,0.1189504658699239
12870,CCW,2,0.137,0.11296927759152497
12870,CCW,2,0.138,0.11147363994669678
12870,CCW,2,0.139,0.1073944679112748
12870,CCW,2,0.14,0.10861955180541609
12870,CCW,2,0.14100000000000001,0.11919464668312839
12870,CCW,2,0.14200000000000002,0.12527294262959485
12870,CCW,2,0.14300000000000002,0.1334315800381851
12870,CCW,2,0.14400000000000002,0.14710386248082558
12870,CCW,2,0.145,0.1555752008456864
12870,CCW,2,0.146,0.17024926971220558
12870,CCW,2,0.147,0.18672790739939102
12870,CCW,2,0.148,0.19861498924509371
12870,CCW,2,0.149,0.20783948735640007
12870,CCW,2,0.15,0.21930756136274593
12870,CCW,2,0.151,0.23066444256251853
12870,CCW,2,0.152,0.24146283541228464
12870,CCW,2,0.153,0.2510710821471681
12870,CCW,2,0.154,0.25870417000328483
12870,CCW,2,0.155,0.26742304387988397
12870,CCW,2,0.156,0.2636874734399897
12870,CCW,2,0.157,0.2620386750049858
12870,CCW,2,0.158,0.25316141500249884
12870,CCW,2,0.159,0.25273237478697747
12870,CCW,2,0.16,0.24615564373201831
12870,CCW,2,0.161,0.23828408774034118
12870,CCW,2,0.162,0.23010416745273862
12870,CCW,2,0.163,0.23385529713025863
12870,CCW,2,0.164,0.23933595705772567
12870,CCW,2,0.165,0.23915173514761084
12870,CCW,2,0.166,0.23931601196617666
12870,CCW,2,0.167,0.2387026977828023
12870,CCW,2,0.168,0.23970282904787932
12870,CCW,2,0.169,0.23149934658554033
12870,CCW,2,0.17,0.23160078183665855
12870,CCW,2,0.171,0.23154153628814378
12870,CCW,2,0.17200000000000001,0.2324799265391817
12870,CCW,2,0.17300000000000001,0.23492347397407087
12870,CCW,2,0.17400000000000002,0.24070059306837893
12870,CCW,2,0.17500000000000002,0.24959182775272407
12870,CCW,2,0.176,0.2614201560429305
12870,CCW,2,0.177,0.26714775087285375
12870,CCW,2,0.178,0.28133390040554196
12870,CCW,2,0.179,0.2912780110134981
12870,CCW,2,0.18,0.2967660283802673
12870,CCW,2,0.181,0.3079498646686865
12870,CCW,2,0.182,0.3125521173852887
12870,CCW,2,0.183,0.3157075849437458
12870,CCW,2,0.184,0.3269048128870987
12870,CCW,2,0.185,0.3297242307070733
12870,CCW,2,0.186,0.33424626008272357
12870,CCW,2,0.187,0.33543241368578286
12870,CCW,2,0.188,0.3355013423177433
12870,CCW,2,0.189,0.332514457962626
12870,CCW,2,0.19,0.33502535517684723
12870,CCW,2,0.191,0.3306644585313384
12870,CCW,2,0.192,0.33453116535876204
12870,CCW,2,0.193,0.3327594285642683
12870,CCW,2,0.194,0.33652961720403624
12870,CCW,2,0.195,0.3365359757820181
12870,CCW,2,0.196,0.3420979364187454
12870,CCW,2,0.197,0.34442828456123686
12870,CCW,2,0.198,0.34814631781504723
12870,CCW,2,0.199,0.35415951138448054
12870,CCW,2,0.2,0.36079372463053744
12870,CCW,2,0.201,0.36628532286663523
12870,CCW,2,0.202,0.37194550609112376
12870,CCW,2,0.203,0.3802774580492149
12870,CCW,2,0.20400000000000001,0.38736346008069694
12870,CCW,2,0.20500000000000002,0.39745148703836214
12870,CCW,2,0.20600000000000002,0.4091920098268101
12870,CCW,2,0.20700000000000002,0.42178674559951196
12870,CCW,2,0.20800000000000002,0.43454880162731696
12870,CCW,2,0.209,0.4478619461949308
12870,CCW,2,0.21,0.4611650967534007
12870,CCW,2,0.211,0.4738522280983557
12870,CCW,2,0.212,0.48576864380988716
12870,CCW,2,0.213,0.49729892518012825
12870,CCW,2,0.214,0.5079090823170302
12870,CCW,2,0.215,0.518250159998506
12870,CCW,2,0.216,0.528246946518447
12870,CCW,2,0.217,0.5387703286415059
12870,CCW,2,0.218,0.5508492515344059
12870,CCW,2,0.219,0.5644775056656696
12870,CCW,2,0.22,0.5776033969197877
12870,CCW,2,0.221,0.5927627588204704
12870,CCW,2,0.222,0.6062575369011054
12870,CCW,2,0.223,0.6213499065798855
12870,CCW,2,0.224,0.6363480678157527
12870,CCW,2,0.225,0.6513357790078302
12870,CCW,2,0.226,0.6666513947193303
12870,CCW,2,0.227,0.6798225851905259
12870,CCW,2,0.228,0.6952103309565303
12870,CCW,2,0.229,0.7078225367660036
12870,CCW,2,0.23,0.721938396940103
12870,CCW,2,0.231,0.7337428071941122
12870,CCW,2,0.232,0.7472166125274969
12870,CCW,2,0.233,0.7606332688555774
12870,CCW,2,0.234,0.7739797124851208
12870,CCW,2,0.23500000000000001,0.7875506955248857
12870,CCW,2,0.23600000000000002,0.8012686806710838
12870,CCW,2,0.23700000000000002,0.8140883700292799
12870,CCW,2,0.23800000000000002,0.8260265465448903
12870,CCW,2,0.23900000000000002,0.8367788030910286
12870,CCW,2,0.24,0.846033566919215
12870,CCW,2,0.241,0.8573990736476023
12870,CCW,2,0.242,0.8646970958841309
12870,CCW,2,0.243,0.8744272256629667
12870,CCW,2,0.244,0.8861530042642609
12870,CCW,2,0.245,0.8933361214858339
12870,CCW,2,0.246,0.9061844186878489
12870,CCW,2,0.247,0.9175578645083294
12870,CCW,2,0.248,0.9324851505287658
12870,CCW,2,0.249,0.9419204078310391
12870,CCW,2,0.25,0.9524031236977913
12870,CCW,2,0.251,0.9607187727266564
12870,CCW,2,0.252,0.9767271755494138
12870,CCW,2,0.253,0.9875466642483925
12870,CCW,2,0.254,0.9944237141964879
12870,CCW,2,0.255,0.9969465295186913
12870,CCW,2,0.256,0.9983542600973376
12870,CCW,2,0.257,0.9772741489211636
12870,CCW,2,0.258,0.9783783495378412
12870,CCW,2,0.259,0.9695331968392245
12870,CCW,2,0.26,0.9839095533853268
12870,CCW,2,0.261,0.9739416089498726
12870,CCW,2,0.262,0.9899927403444302
12870,CCW,2,0.263,0.9957674875119724
12870,CCW,2,0.264,1.0005866891206339
12870,CCW,2,0.265,1.0239079646238074
12870,CCW,2,0.266,1.0319670305601865
12870,CCW,2,0.267,1.0518420253045837
12870,CCW,2,0.268,1.0736570303721202
12870,CCW,2,0.269,1.0907570397246347
12870,CCW,2,0.27,1.1044728905212478
12870,CCW,2,0.271,1.1187442664697342
12870,CCW,2,0.272,1.132930553422785
12870,CCW,2,0.273,1.13519068787545
12870,CCW,2,0.274,1.1318826314315462
12870,CCW,2,0.275,1.124442413106804
12870,CCW,2,0.276,1.1219427887989326
12870,CCW,2,0.277,1.1260750458336053
12870,CCW,2,0.278,1.1297255642882449
12870,CCW,2,0.279,1.1495443867187474
12870,CCW,2,0.28,1.1674142646102217
12870,CCW,2,0.281,1.186068691282577
12870,CCW,2,0.28200000000000003,1.211055884328112
12870,CCW,2,0.28300000000000003,1.2273136199640367
12870,CCW,2,0.28400000000000003,1.2427612003780388
12870,CCW,2,0.28500000000000003,1.2666126133885356
12870,CCW,2,0.28600000000000003,1.2870991720784173
12870,CCW,2,0.28700000000000003,1.2988085312030617
12870,CCW,2,0.28800000000000003,1.3117475339117803
12870,CCW,2,0.289,1.3223153991646996
12870,CCW,2,0.29,1.3361151655475576
12870,CCW,2,0.291,1.3440968683064678
12870,CCW,2,0.292,1.345503196181487
12870,CCW,2,0.293,1.3492855660851606
12870,CCW,2,0.294,1.3534264374072067
12870,CCW,2,0.295,1.3584814197769481
12870,CCW,2,0.296,1.364622714319648
12870,CCW,2,0.297,1.3704779831631206
12870,CCW,2,0.298,1.376142171529739
12870,CCW,2,0.299,1.3810416267001782
12870,CCW,2,0.3,1.3846205791758308
12870,CCW,2,0.301,1.3871169458877513
12870,CCW,2,0.302,1.3884398195627141
12870,CCW,2,0.303,1.3886425691511035
12870,CCW,2,0.304,1.388246966143741
12870,CCW,2,0.305,1.3879750143875973
12870,CCW,2,0.306,1.3883824954322237
12870,CCW,2,0.307,1.3897679583701354
12870,CCW,2,0.308,1.3924010733735708
12870,CCW,2,0.309,1.3959990513315925
12870,CCW,2,0.31,1.4018056908512166
12870,CCW,2,0.311,1.4067282475586584
12870,CCW,2,0.312,1.4125746434742028
12870,CCW,2,0.313,1.4163539598073556
12870,CCW,2,0.314,1.4196735002570648
12870,CCW,2,0.315,1.4220693412822658
12870,CCW,2,0.316,1.4243924890071125
12870,CCW,2,0.317,1.4267501149379012
12870,CCW,2,0.318,1.4289556066176001
12870,CCW,2,0.319,1.431195463937357
12870,CCW,2,0.32,1.4335734221671488
12870,CCW,2,0.321,1.4350635599959305
12870,CCW,2,0.322,1.4372011824522637
12870,CCW,2,0.323,1.4382711802363433
12870,CCW,2,0.324,1.4400347557763051
12870,CCW,2,0.325,1.440613464758968
12870,CCW,2,0.326,1.441345522375322
12870,CCW,2,0.327,1.4406685876334944
12870,CCW,2,0.328,1.440144117479257
12870,CCW,2,0.329,1.438742728441066
12870,CCW,2,0.33,1.4372573892711769
12870,CCW,2,0.331,1.4355980648589102
12870,CCW,2,0.332,1.4335589648873588
12870,CCW,2,0.333,1.4305710188676393
12870,CCW,2,0.334,1.4278790151562002
12870,CCW,2,0.335,1.4253383775351705
12870,CCW,2,0.336,1.422333155688769
12870,CCW,2,0.337,1.4198877939859542
12870,CCW,2,0.338,1.4171053418532413
12870,CCW,2,0.339,1.4150158021858779
12870,CCW,2,0.34,1.413096032208156
12870,CCW,2,0.341,1.4106744522602017
12870,CCW,2,0.342,1.4082140232449452
12870,CCW,2,0.343,1.4053989184678162
12870,CCW,2,0.34400000000000003,1.4023156979602895
12870,CCW,2,0.34500000000000003,1.3994618453043592
12870,CCW,2,0.34600000000000003,1.3961311353433086
12870,CCW,2,0.34700000000000003,1.3924813651389527
12870,CCW,2,0.34800000000000003,1.388735298574501
12870,CCW,2,0.34900000000000003,1.3847042952957858
12870,CCW,2,0.35000000000000003,1.3805220230344408
12870,CCW,2,0.35100000000000003,1.3764694183096877
12870,CCW,2,0.352,1.3725261321367888
12870,CCW,2,0.353,1.3685435297775375
12870,CCW,2,0.354,1.3644596886402884
12870,CCW,2,0.355,1.3606707941443774
12870,CCW,2,0.356,1.3571609673809943
12870,CCW,2,0.357,1.3537924506976753
12870,CCW,2,0.358,1.350460679331372
12870,CCW,2,0.359,1.347170586095255
12870,CCW,2,0.36,1.3437466763196564
12870,CCW,2,0.361,1.3400373337210807
12870,CCW,2,0.362,1.3361561610352706
12870,CCW,2,0.363,1.3322586537949122
12870,CCW,2,0.364,1.3284523208498296
12870,CCW,2,0.365,1.3248488055891616
12870,CCW,2,0.366,1.3215580536870144
12870,CCW,2,0.367,1.318486667216657
12870,CCW,2,0.368,1.315454118095628
12870,CCW,2,0.369,1.3124307323953532
12870,CCW,2,0.37,1.3095867466990188
12870,CCW,2,0.371,1.3070376548288816
12870,CCW,2,0.372,1.3046812633306464
12870,CCW,2,0.373,1.3023991081063373
12870,CCW,2,0.374,1.3002342392821031
12870,CCW,2,0.375,1.2982747128912098
12870,CCW,2,0.376,1.2964630210603756
12870,CCW,2,0.377,1.294681721609237
12870,CCW,2,0.378,1.2929314300817096
12870,CCW,2,0.379,1.2912450391665644
12870,CCW,2,0.38,1.2896515510713025
12870,CCW,2,0.381,1.2881837528131164
12870,CCW,2,0.382,1.2869096142292298
12870,CCW,2,0.383,1.2858518839837765
12870,CCW,2,0.384,1.2849672246358388
12870,CCW,2,0.385,1.2842528645112106
12870,CCW,2,0.386,1.283709105157715
12870,CCW,2,0.387,1.2833871385862654
12870,CCW,2,0.388,1.2832530863123817
12870,CCW,2,0.389,1.2832503385448597
12870,CCW,2,0.39,1.2833688298753736
12870,CCW,2,0.391,1.2836140971405305
12870,CCW,2,0.392,1.283960184128284
12870,CCW,2,0.393,1.2844186705763452
12870,CCW,2,0.394,1.2849764933129404
12870,CCW,2,0.395,1.285571777306917
12870,CCW,2,0.396,1.2862097184934538
12870,CCW,2,0.397,1.286951639565247
12870,CCW,2,0.398,1.2874946134865786
12870,CCW,2,0.399,1.2882393047419765
12870,CCW,2,0.4,1.2887239561258819
12870,CCW,2,0.401,1.2890826110737745
12870,CCW,2,0.402,1.2891058251445886
12870,CCW,2,0.403,1.2889450463777248
12870,CCW,2,0.404,1.288943021617019
12870,CCW,2,0.405,1.2890059713517439
12870,CCW,2,0.406,1.2891332029514264
12870,CCW,2,0.40700000000000003,1.2892764035633757
12870,CCW,2,0.40800000000000003,1.2895259356982773
12870,CCW,2,0.40900000000000003,1.2898211677568157
12870,CCW,2,0.41000000000000003,1.2903834534256726
12870,CCW,2,0.41100000000000003,1.2875835643951379
12870,CCW,2,0.41200000000000003,1.2868945441078254
12870,CCW,2,0.41300000000000003,1.2863930419568084
12870,CCW,2,0.41400000000000003,1.2816234268164055
12870,CCW,2,0.41500000000000004,1.2837317687188265
12870,CCW,2,0.41600000000000004,1.279069803312146
12870,CCW,2,0.417,1.2836566895579462
12870,CCW,2,0.418,1.2809572133065155
12870,CCW,2,0.419,1.289251468450347
12870,CCW,2,0.42,1.294712936117014
12870,CCW,2,0.421,1.3069758143642698
12870,CCW,2,0.422,1.3236588984451065
12870,CCW,2,0.423,1.3551128330310764
12870,CCW,2,0.424,1.3752431833266943
12870,CCW,2,0.425,1.4004275754044868
12870,CCW,2,0.426,1.4199722994008648
12870,CCW,2,0.427,1.4349697645925483
12870,CCW,2,0.428,1.4603416239145912
12870,CCW,2,0.429,1.4881882858803077
12870,CCW,2,0.43,1.5069310654981443
12870,CCW,2,0.431,1.5386083176702943
12870,CCW,2,0.432,1.5551295465510955
12870,CCW,2,0.433,1.5824325124466327
12870,CCW,2,0.434,1.602870778202087
12870,CCW,2,0.435,1.6092522879153088
12870,CCW,2,0.436,1.6222877391004333
12870,CCW,2,0.437,1.6281847727418914
12870,CCW,2,0.438,1.6255509984866112
12870,CCW,2,0.439,1.6315924890603548
12870,CCW,2,0.44,1.6330904027702668
12870,CCW,2,0.441,1.6335308040971277
12870,CCW,2,0.442,1.636092811004589
12870,CCW,2,0.443,1.6300816472284096
12870,CCW,2,0.444,1.6246365118357697
12870,CCW,2,0.445,1.6182779817760282
12870,CCW,2,0.446,1.6133356039752742
12870,CCW,2,0.447,1.6051415379390526
12870,CCW,2,0.448,1.5976915667853218
12870,CCW,2,0.449,1.5951593635297523
12870,CCW,2,0.45,1.5935432732729193
12870,CCW,2,0.451,1.5891038758720724
12870,CCW,2,0.452,1.5880720164498205
12870,CCW,2,0.453,1.584865483824282
12870,CCW,2,0.454,1.5806760941789426
12870,CCW,2,0.455,1.5735124382459662
12870,CCW,2,0.456,1.5690876064796409
12870,CCW,2,0.457,1.563877390548555
12870,CCW,2,0.458,1.5584151296004092
12870,CCW,2,0.459,1.553177594282372
12870,CCW,2,0.46,1.545986455650247
12870,CCW,2,0.461,1.5394970455822812
12870,CCW,2,0.462,1.529834653244109
12870,CCW,2,0.463,1.5226937634815687
12870,CCW,2,0.464,1.51663440394409
12870,CCW,2,0.465,1.508493983504904
12870,CCW,2,0.466,1.5026606774608229
12870,CCW,2,0.467,1.4980193333436553
12870,CCW,2,0.468,1.493998446126146
12870,CCW,2,0.46900000000000003,1.4901464197298135
12870,CCW,2,0.47000000000000003,1.4864761864895741
12870,CCW,2,0.47100000000000003,1.482838978907414
12870,CCW,2,0.47200000000000003,1.4788451926563349
12870,CCW,2,0.47300000000000003,1.4740021373163732
12870,CCW,2,0.47400000000000003,1.4682594446317279
12870,CCW,2,0.47500000000000003,1.4631755673774878
12870,CCW,2,0.47600000000000003,1.457090094601486
12870,CCW,2,0.47700000000000004,1.4511422493438517
12870,CCW,2,0.47800000000000004,1.4449928725843402
12870,CCW,2,0.47900000000000004,1.438086876849298
12870,CCW,2,0.48,1.4307313692540138
12870,CCW,2,0.481,1.4221127130484872
12870,CCW,2,0.482,1.4147323810726258
12870,CCW,2,0.483,1.408567532192006
12870,CCW,2,0.484,1.4023243759387085
12870,CCW,2,0.485,1.3972336030778219
12870,CCW,2,0.486,1.3924071231852246
12870,CCW,2,0.487,1.3866769808873425
12870,CCW,2,0.488,1.3800139743681177
12870,CCW,2,0.489,1.3730152789068233
12870,CCW,2,0.49,1.3652377483777791
12870,CCW,2,0.491,1.35712672847567
12870,CCW,2,0.492,1.349149360611699
12870,CCW,2,0.493,1.341166397462951
12870,CCW,2,0.494,1.3328088192720067
12870,CCW,2,0.495,1.3239847093299435
12870,CCW,2,0.496,1.315349689372365
12870,CCW,2,0.497,1.3073906085778273
12870,CCW,2,0.498,1.3000805751953757
12870,CCW,2,0.499,1.2937517000833396
12870,CCW,2,0.5,1.2882581869652945
12870,CCW,2,0.501,1.2832285623170314
12870,CCW,2,0.502,1.2782288137946471
12870,CCW,2,0.503,1.2726834524609463
12870,CCW,2,0.504,1.2660209047298403
12870,CCW,2,0.505,1.2578962606831645
12870,CCW,2,0.506,1.2491623671084962
12870,CCW,2,0.507,1.2409022804321657
12870,CCW,2,0.508,1.2331016581227894
12870,CCW,2,0.509,1.224970241600267
12870,CCW,2,0.51,1.2163856116916285
12870,CCW,2,0.511,1.2083890594235636
12870,CCW,2,0.512,1.2004599568251306
12870,CCW,2,0.513,1.1923659206837962
12870,CCW,2,0.514,1.1848974468036755
12870,CCW,2,0.515,1.1791974910524945
12870,CCW,2,0.516,1.174965353569381
12870,CCW,2,0.517,1.1706874632622672
12870,CCW,2,0.518,1.165918612524499
12870,CCW,2,0.519,1.1609221318136826
12870,CCW,2,0.52,1.15543263191434
12870,CCW,2,0.521,1.1493499481585105
12870,CCW,2,0.522,1.1429979067327707
12870,CCW,2,0.523,1.1367225659707365
12870,CCW,2,0.524,1.130204318434558
12870,CCW,2,0.525,1.123378660574042
12870,CCW,2,0.526,1.1160324173181333
12870,CCW,2,0.527,1.1083572832196085
12870,CCW,2,0.528,1.1010470748878305
12870,CCW,2,0.529,1.0942127080624846
12870,CCW,2,0.53,1.0875662038385832
12870,CCW,2,0.531,1.0811530504033924
12870,CCW,2,0.532,1.074500946174589
12870,CCW,2,0.533,1.067665577625814
12870,CCW,2,0.534,1.0609480399483606
12870,CCW,2,0.535,1.0542602497694666
12870,CCW,2,0.536,1.0468662777047975
12870,CCW,2,0.537,1.0387818627311738
12870,CCW,2,0.538,1.0307560089803696
12870,CCW,2,0.539,1.0229046374918025
12870,CCW,2,0.54,1.014692905108795
12870,CCW,2,0.541,1.0063354443064518
12870,CCW,2,0.542,0.9980611535339647
12870,CCW,2,0.543,0.989905015475057
12870,CCW,2,0.544,0.981372668421867
12870,CCW,2,0.545,0.9729179141907793
12870,CCW,2,0.546,0.965252648002918
12870,CCW,2,0.547,0.9586369661341274
12870,CCW,2,0.548,0.9532769177750164
12870,CCW,2,0.549,0.9490997771179348
12870,CCW,2,0.55,0.9443748939172656
12870,CCW,2,0.551,0.9382644281464966
12870,CCW,2,0.552,0.9315921418493157
12870,CCW,2,0.553,0.9248565879362067
12870,CCW,2,0.554,0.9181215457428429
12870,CCW,2,0.555,0.9107047612398071
12870,CCW,2,0.556,0.902572203848589
12870,CCW,2,0.557,0.894047372240166
12870,CCW,2,0.558,0.8853445631898356
12870,CCW,2,0.559,0.8767573606931623
12870,CCW,2,0.56,0.8678101561826193
12870,CCW,2,0.561,0.8595995091534105
12870,CCW,2,0.562,0.852286494633562
12870,CCW,2,0.5630000000000001,0.84560339379552
12870,CCW,2,0.5640000000000001,0.8394160674414396
12870,CCW,2,0.5650000000000001,0.8338591154236261
12870,CCW,2,0.5660000000000001,0.8286461736827351
12870,CCW,2,0.5670000000000001,0.823255332304959
12870,CCW,2,0.5680000000000001,0.8176112741045537
12870,CCW,2,0.5690000000000001,0.8112708398399061
12870,CCW,2,0.5700000000000001,0.8042828049889029
12870,CCW,2,0.5710000000000001,0.7967573956208
12870,CCW,2,0.5720000000000001,0.7888877084184084
12870,CCW,2,0.5730000000000001,0.7804816408005726
12870,CCW,2,0.5740000000000001,0.7716646607364493
12870,CCW,2,0.5750000000000001,0.7629992282358482
12870,CCW,2,0.5760000000000001,0.7542480470464533
12870,CCW,2,0.577,0.7458998603989594
12870,CCW,2,0.578,0.7388187507155786
12870,CCW,2,0.579,0.7329112980107891
12870,CCW,2,0.58,0.7269000800785239
12870,CCW,2,0.581,0.720565024386926
12870,CCW,2,0.582,0.713821560816018
12870,CCW,2,0.583,0.706828657336777
12870,CCW,2,0.584,0.6992246077848822
12870,CCW,2,0.585,0.6915283158972088
12870,CCW,2,0.586,0.6838088709309913
12870,CCW,2,0.587,0.6752298353538604
12870,CCW,2,0.588,0.6660276820677812
12870,CCW,2,0.589,0.6569827235079585
12870,CCW,2,0.59,0.6487206173380964
12870,CCW,2,0.591,0.641014533286296
12870,CCW,2,0.592,0.6332332990536379
12870,CCW,2,0.593,0.6258117878864021
12870,CCW,2,0.594,0.6191904878329927
12870,CCW,2,0.595,0.613281790522862
12870,CCW,2,0.596,0.6074297688840873
12870,CCW,2,0.597,0.6013939064087375
12870,CCW,2,0.598,0.5945409032511808
12870,CCW,2,0.599,0.5867203824270643
12870,CCW,2,0.6,0.5787387181506672
12870,CCW,2,0.601,0.5705841961146825
12870,CCW,2,0.602,0.5619766643529961
12870,CCW,2,0.603,0.5528021893890953
12870,CCW,2,0.604,0.5432466197649631
12870,CCW,2,0.605,0.5345092327573264
12870,CCW,2,0.606,0.5262739586042345
12870,CCW,2,0.607,0.5181021781600732
12870,CCW,2,0.608,0.5095450466244412
12870,CCW,2,0.609,0.5013464525719931
12870,CCW,2,0.61,0.4939110452918693
12870,CCW,2,0.611,0.48669971924358635
12870,CCW,2,0.612,0.4799861810572574
12870,CCW,2,0.613,0.47399612191491786
12870,CCW,2,0.614,0.4679278625282593
12870,CCW,2,0.615,0.4619966003884998
12870,CCW,2,0.616,0.45577687078896933
12870,CCW,2,0.617,0.4488106451096288
12870,CCW,2,0.618,0.4406927599291962
12870,CCW,2,0.619,0.43177482971125525
12870,CCW,2,0.62,0.42289475101525714
12870,CCW,2,0.621,0.4138271001342234
12870,CCW,2,0.622,0.4049689725478371
12870,CCW,2,0.623,0.39673966564750074
12870,CCW,2,0.624,0.38874652061666526
12870,CCW,2,0.625,0.38135944774797653
12870,CCW,2,0.626,0.37472419954143293
12870,CCW,2,0.627,0.36824813466679357
12870,CCW,2,0.628,0.36194052692130035
12870,CCW,2,0.629,0.3558192810333716
12870,CCW,2,0.63,0.3499271613867255
12870,CCW,2,0.631,0.34325536922443384
12870,CCW,2,0.632,0.3358807601595009
12870,CCW,2,0.633,0.3275725642182633
12870,CCW,2,0.634,0.31874692722489356
12870,CCW,2,0.635,0.3102882842557446
12870,CCW,2,0.636,0.3019740588930218
12870,CCW,2,0.637,0.2933589829147976
12870,CCW,2,0.638,0.2844903121407331
12870,CCW,2,0.639,0.2756598057586647
12870,CCW,2,0.64,0.2667589692302516
12870,CCW,2,0.641,0.25833869622799016
12870,CCW,2,0.642,0.2508577612424553
12870,CCW,2,0.643,0.2441356535523027
12870,CCW,2,0.644,0.23793030980064614
12870,CCW,2,0.645,0.23184179132751337
12870,CCW,2,0.646,0.2255065831273695
12870,CCW,2,0.647,0.21867365004790695
12870,CCW,2,0.648,0.2113979269866753
12870,CCW,2,0.649,0.20332489547326463
12870,CCW,2,0.65,0.19477843533119107
12870,CCW,2,0.651,0.185770313890355
12870,CCW,2,0.652,0.17655915664486022
12870,CCW,2,0.653,0.16733078320504824
12870,CCW,2,0.654,0.15834772700052033
12870,CCW,2,0.655,0.14968531408069008
12870,CCW,2,0.656,0.14164033344716695
12870,CCW,2,0.657,0.13425859826975714
12870,CCW,2,0.658,0.1275589885113311
12870,CCW,2,0.659,0.12144122716779986
12870,CCW,2,0.66,0.11565859544041929
12870,CCW,2,0.661,0.11002397677641393
12870,CCW,2,0.662,0.1045512901769077
12870,CCW,2,0.663,0.0994400629849168
12870,CCW,2,0.664,0.0946774181689782
12870,CCW,2,0.665,0.09008358905695216
12870,CCW,2,0.666,0.08571802738780272
12870,CCW,2,0.667,0.08209014968294158
12870,CCW,2,0.668,0.0794317555631162
12870,CCW,2,0.669,0.07805259563891807
12870,CCW,2,0.67,0.07791964189480366
12870,CCW,2,0.671,0.0788510339307108
12870,CCW,2,0.672,0.08082338914272293
12870,CCW,2,0.673,0.08366079137065537
12870,CCW,2,0.674,0.08705770263999124
12870,CCW,2,0.675,0.09126836481885552
12870,CCW,2,0.676,0.09617821217615054
12870,CCW,2,0.677,0.1018806077464799
12870,CCW,2,0.678,0.10869614422203089
12870,CCW,2,0.679,0.11610665755990096
12870,CCW,2,0.68,0.12391191809962852
12870,CCW,2,0.681,0.13252448313596346
12870,CCW,2,0.682,0.14147333674451518
12870,CCW,2,0.683,0.15095295531868969
12870,CCW,2,0.684,0.1602171360766632
12870,CCW,2,0.685,0.16868689505265197
12870,CCW,2,0.686,0.17854767540576152
12870,CCW,2,0.687,0.18919688133419837
12870,CCW,2,0.6880000000000001,0.1977712234672704
12870,CCW,2,0.6890000000000001,0.20818853821190114
12870,CCW,2,0.6900000000000001,0.21925090069760017
12870,CCW,2,0.6910000000000001,0.2277942780929025
12870,CCW,2,0.6920000000000001,0.23926100229839836
12870,CCW,2,0.6930000000000001,0.25075068426876784
12870,CCW,2,0.6940000000000001,0.26007511883606443
12870,CCW,2,0.6950000000000001,0.2709997283749057
12870,CCW,2,0.6960000000000001,0.28530937680141155
12870,CCW,2,0.6970000000000001,0.29728246190534063
12870,CCW,2,0.6980000000000001,0.3047986115967933
12870,CCW,2,0.6990000000000001,0.3129817954239503
12870,CCW,2,0.7000000000000001,0.31914641974396846
12870,CCW,2,0.7010000000000001,0.32814888914248336
12870,CCW,2,0.7020000000000001,0.34005093987173257
12870,CCW,2,0.7030000000000001,0.34750627725542127
12870,CCW,2,0.704,0.35162828429688525
12870,CCW,2,0.705,0.35835275181518317
12870,CCW,2,0.706,0.3654527017289301
12870,CCW,2,0.707,0.37373171421706836
12870,CCW,2,0.708,0.38567684865143365
12870,CCW,2,0.709,0.39413542412651287
12870,CCW,2,0.71,0.405655383196086
12870,CCW,2,0.711,0.41741738199130934
12870,CCW,2,0.712,0.4353475854290989
12870,CCW,2,0.713,0.4502458244390694
12870,CCW,2,0.714,0.4643911793069264
12870,CCW,2,0.715,0.47345862939829314
12870,CCW,2,0.716,0.48273481873878044
12870,CCW,2,0.717,0.48863795758408834
12870,CCW,2,0.718,0.49364173518211146
12870,CCW,2,0.719,0.5024447342948899
12870,CCW,2,0.72,0.5089635336418572
12870,CCW,2,0.721,0.518723177587701
12870,CCW,2,0.722,0.5276069706882635
12870,CCW,2,0.723,0.5357238911866248
12870,CCW,2,0.724,0.5448152343844503
12870,CCW,2,0.725,0.5547633778445467
12870,CCW,2,0.726,0.5653729880670377
12870,CCW,2,0.727,0.5771003764977488
12870,CCW,2,0.728,0.5884205317843488
12870,CCW,2,0.729,0.6009610963468182
12870,CCW,2,0.73,0.6150078057814422
12870,CCW,2,0.731,0.6297378945554157
12870,CCW,2,0.732,0.644919437066472
12870,CCW,2,0.733,0.6607583858519132
12870,CCW,2,0.734,0.673514086527773
12870,CCW,2,0.735,0.6828536918791068
12870,CCW,2,0.736,0.6916686185782713
12870,CCW,2,0.737,0.7078547003330735
12870,CCW,2,0.738,0.7168260448160053
12870,CCW,2,0.739,0.730930340355602
12870,CCW,2,0.74,0.7447619034035972
12870,CCW,2,0.741,0.757636604423708
12870,CCW,2,0.742,0.7694718339177887
12870,CCW,2,0.743,0.7809725002399588
12870,CCW,2,0.744,0.7909744656108084
12870,CCW,2,0.745,0.800900253464975
12870,CCW,2,0.746,0.8061026990657519
12870,CCW,2,0.747,0.8115327797265945
12870,CCW,2,0.748,0.8154449483497466
12870,CCW,2,0.749,0.8193751894966262
12870,CCW,2,0.75,0.823534374133156
12870,CCW,2,0.751,0.8288805798686779
12870,CCW,2,0.752,0.8364170297606954
12870,CCW,2,0.753,0.8425425766690665
12870,CCW,2,0.754,0.8492009470669838
12870,CCW,2,0.755,0.8565169666244928
12870,CCW,2,0.756,0.8681284591005851
12870,CCW,2,0.757,0.8823816468992821
12870,CCW,2,0.758,0.8895521248038558
12870,CCW,2,0.759,0.9004397357472115
12870,CCW,2,0.76,0.9101924457423041
12870,CCW,2,0.761,0.9192179881611783
12870,CCW,2,0.762,0.9277951589159253
12870,CCW,2,0.763,0.9360832671899051
12870,CCW,2,0.764,0.9439001591403575
12870,CCW,2,0.765,0.9516546808501817
12870,CCW,2,0.766,0.9582387575853799
12870,CCW,2,0.767,0.9672946619132281
12870,CCW,2,0.768,0.9794828710188105
12870,CCW,2,0.769,0.9940194780896218
12870,CCW,2,0.77,1.0098201003223923
12870,CCW,2,0.771,1.0232731300525495
12870,CCW,2,0.772,1.0340446695318402
12870,CCW,2,0.773,1.0443437694119513
12870,CCW,2,0.774,1.0559585328705245
12870,CCW,2,0.775,1.0695396700241675
12870,CCW,2,0.776,1.0812408297951848
12870,CCW,2,0.777,1.092233325405759
12870,CCW,2,0.778,1.1059499373728274
12870,CCW,2,0.779,1.1133669261770156
12870,CCW,2,0.78,1.1240172773439665
12870,CCW,2,0.781,1.1338805058839945
12870,CCW,2,0.782,1.1435972988879004
12870,CCW,2,0.783,1.1477142475190634
12870,CCW,2,0.784,1.156585230247231
12870,CCW,2,0.785,1.1632325983977634
12870,CCW,2,0.786,1.1702815272924358
12870,CCW,2,0.787,1.1782198426496988
12870,CCW,2,0.788,1.1856291504072236
12870,CCW,2,0.789,1.1936304625133056
12870,CCW,2,0.79,1.1979767598960784
12870,CCW,2,0.791,1.20544725606881
12870,CCW,2,0.792,1.2135862590431725
12870,CCW,2,0.793,1.222631775849177
12870,CCW,2,0.794,1.2316000329145775
12870,CCW,2,0.795,1.243733496349247
12870,CCW,2,0.796,1.2531048874709234
12870,CCW,2,0.797,1.2616923752600377
12870,CCW,2,0.798,1.2698623245440332
12870,CCW,2,0.799,1.2774828228961528
12870,CCW,2,0.8,1.2846793162352088
12870,CCW,2,0.801,1.292164017318677
12870,CCW,2,0.802,1.2992916638176584
12870,CCW,2,0.803,1.3059416474390628
12870,CCW,2,0.804,1.3127530024698448
12870,CCW,2,0.805,1.3196379970215995
12870,CCW,2,0.806,1.3262923354830662
12870,CCW,2,0.807,1.3331147742693545
12870,CCW,2,0.808,1.3393669529568357
12870,CCW,2,0.809,1.3468225859356469
12870,CCW,2,0.81,1.3550611590737138
12870,CCW,2,0.811,1.3627901100119617
12870,CCW,2,0.812,1.3710127239360872
12870,CCW,2,0.8130000000000001,1.3788946268140991
12870,CCW,2,0.8140000000000001,1.3866227529059412
12870,CCW,2,0.8150000000000001,1.3947517647443306
12870,CCW,2,0.8160000000000001,1.4019137706936078
12870,CCW,2,0.8170000000000001,1.4086623498553863
12870,CCW,2,0.8180000000000001,1.415249483740665
12870,CCW,2,0.8190000000000001,1.4209376428618874
12870,CCW,2,0.8200000000000001,1.4286790229687978
12870,CCW,2,0.8210000000000001,1.4338358683948356
12870,CCW,2,0.8220000000000001,1.439062550242438
12870,CCW,2,0.8230000000000001,1.447590251749832
12870,CCW,2,0.8240000000000001,1.4536678890382413
12870,CCW,2,0.8250000000000001,1.4622107004033884
12870,CCW,2,0.8260000000000001,1.4708539740724753
12870,CCW,2,0.8270000000000001,1.4780371440796392
12870,CCW,2,0.8280000000000001,1.4831258571831436
12870,CCW,2,0.8290000000000001,1.4889929450249575
12870,CCW,2,0.8300000000000001,1.495530821040895
12870,CCW,2,0.8310000000000001,1.5022603269484136
12870,CCW,2,0.8320000000000001,1.5090014609964402
12870,CCW,2,0.833,1.513947360140523
12870,CCW,2,0.834,1.523185321192495
12870,CCW,2,0.835,1.5318236587342595
12870,CCW,2,0.836,1.5405187292473739
12870,CCW,2,0.837,1.5497601575847304
12870,CCW,2,0.838,1.560049819489215
12870,CCW,2,0.839,1.5669632902425554
12870,CCW,2,0.84,1.5756926569937215
12870,CCW,2,0.841,1.584993302977466
12870,CCW,2,0.842,1.5940412079575619
12870,CCW,2,0.843,1.602572044655559
12870,CCW,2,0.844,1.6108407589727716
12870,CCW,2,0.845,1.6171908176572127
12870,CCW,2,0.846,1.6213597348805247
12870,CCW,2,0.847,1.6262378361987793
12870,CCW,2,0.848,1.634097990499135
12870,CCW,2,0.849,1.6402942618835763
12870,CCW,2,0.85,1.6492375269138013
12870,CCW,2,0.851,1.6589366279108537
12870,CCW,2,0.852,1.6700239900088198
12870,CCW,2,0.853,1.6832105458705855
12870,CCW,2,0.854,1.6930150055999325
12870,CCW,2,0.855,1.7020350960431885
12870,CCW,2,0.856,1.708861406734613
12870,CCW,2,0.857,1.7136968362844314
12870,CCW,2,0.858,1.7178933455090306
12870,CCW,2,0.859,1.722564033128022
12870,CCW,2,0.86,1.7267866041043196
12870,CCW,2,0.861,1.7309170232820688
12870,CCW,2,0.862,1.7350851377354024
12870,CCW,2,0.863,1.7374852301208767
12870,CCW,2,0.864,1.7397584488943623
12870,CCW,2,0.865,1.742075840915052
12870,CCW,2,0.866,1.7453281601230486
12870,CCW,2,0.867,1.7501498882652817
12870,CCW,2,0.868,1.754870765874601
12870,CCW,2,0.869,1.7580030557636823
12870,CCW,2,0.87,1.7627043668824218
12870,CCW,2,0.871,1.7671142234090977
12870,CCW,2,0.872,1.7713238368218218
12870,CCW,2,0.873,1.7758806204017488
12870,CCW,2,0.874,1.7790549592321947
12870,CCW,2,0.875,1.7820298444647957
12870,CCW,2,0.876,1.7852050421975907
12870,CCW,2,0.877,1.7862492579669182
12870,CCW,2,0.878,1.7855108202022643
12870,CCW,2,0.879,1.785038216751397
12870,CCW,2,0.88,1.7845978901053057
12870,CCW,2,0.881,1.7842828483376107
12870,CCW,2,0.882,1.7840392228588209
12870,CCW,2,0.883,1.7839229770737863
12870,CCW,2,0.884,1.783807259821293
12870,CCW,2,0.885,1.7833403675506743
12870,CCW,2,0.886,1.7826192631228148
12870,CCW,2,0.887,1.7816987558198085
12870,CCW,2,0.888,1.780827342482943
12870,CCW,2,0.889,1.779521070387623
12870,CCW,2,0.89,1.778292552903364
12870,CCW,2,0.891,1.7771312062515976
12870,CCW,2,0.892,1.7758750956034524
12870,CCW,2,0.893,1.775109644955848
12870,CCW,2,0.894,1.774014085777229
12870,CCW,2,0.895,1.7733032916337028
12870,CCW,2,0.896,1.772734922837201
12870,CCW,2,0.897,1.772240190560917
12870,CCW,2,0.898,1.7721136941173323
12870,CCW,2,0.899,1.7716524711030528
12870,CCW,2,0.9,1.771413165999841
12870,CCW,2,0.901,1.771389445957128
12870,CCW,2,0.902,1.7712201714374471
12870,CCW,2,0.903,1.7707513731867195
12870,CCW,2,0.904,1.770179101303619
12870,CCW,2,0.905,1.7695937671452528
12870,CCW,2,0.906,1.7690505165555086
12870,CCW,2,0.907,1.7685784798506585
12870,CCW,2,0.908,1.7680663894781419
12870,CCW,2,0.909,1.7675813455665534
12870,CCW,2,0.91,1.7671156566134203
12870,CCW,2,0.911,1.766713288193717
12870,CCW,2,0.912,1.7664097444560074
12870,CCW,2,0.913,1.7661712833367615
12870,CCW,2,0.914,1.7658700194596442
12870,CCW,2,0.915,1.7656293651813217
12870,CCW,2,0.916,1.7655838203568708
12870,CCW,2,0.917,1.7655912106004517
12870,CCW,2,0.918,1.7656630063272278
12870,CCW,2,0.919,1.7655281164998633
12870,CCW,2,0.92,1.7652476078002108
12870,CCW,2,0.921,1.7651733847012487
12870,CCW,2,0.922,1.7648053687262069
12870,CCW,2,0.923,1.7643632798836006
12870,CCW,2,0.924,1.7637969803621798
12870,CCW,2,0.925,1.7631678160625566
12870,CCW,2,0.926,1.7624752336842693
12870,CCW,2,0.927,1.7617690414983371
12870,CCW,2,0.928,1.7611105609531208
12870,CCW,2,0.929,1.7605392526509873
12870,CCW,2,0.93,1.760127019351179
12870,CCW,2,0.931,1.7599460340156308
12870,CCW,2,0.932,1.760008370162634
12870,CCW,2,0.933,1.760239810958363
12870,CCW,2,0.934,1.7605248388816894
12870,CCW,2,0.935,1.7607047949053536
12870,CCW,2,0.936,1.7606763119147382
12870,CCW,2,0.937,1.7605763042947984
12870,CCW,2,0.9380000000000001,1.7604730384992062
12870,CCW,2,0.9390000000000001,1.7602768077375026
12870,CCW,2,0.9400000000000001,1.760013084996387
12870,CCW,2,0.9410000000000001,1.759608562668955
12870,CCW,2,0.9420000000000001,1.7590519432208505
12870,CCW,2,0.9430000000000001,1.7584539509021921
12870,CCW,2,0.9440000000000001,1.7579488169355
12870,CCW,2,0.9450000000000001,1.7575596496058825
12870,CCW,2,0.9460000000000001,1.7573130327906776
12870,CCW,2,0.9470000000000001,1.757162223765804
12870,CCW,2,0.9480000000000001,1.757230476793111
12870,CCW,2,0.9490000000000001,1.7573556422918792
12870,CCW,2,0.9500000000000001,1.7574506168110233
12870,CCW,2,0.9510000000000001,1.7574882774929494
12870,CCW,2,0.9520000000000001,1.757453506798153
12870,CCW,2,0.9530000000000001,1.7573107120072962
12870,CCW,2,0.9540000000000001,1.7568928998836875
12870,CCW,2,0.9550000000000001,1.756543821870956
12870,CCW,2,0.9560000000000001,1.7560895195128592
12870,CCW,2,0.9570000000000001,1.7554954219642374
12870,CCW,2,0.9580000000000001,1.7548765391323398
12870,CCW,2,0.9590000000000001,1.7543042830630213
12870,CCW,2,0.96,1.7538764906842708
12870,CCW,2,0.961,1.7535003191175873
12870,CCW,2,0.962,1.753103206167891
12870,CCW,2,0.963,1.7527544972039761
12870,CCW,2,0.964,1.752481032350893
12870,CCW,2,0.965,1.7521830327986763
12870,CCW,2,0.966,1.7517971293447085
12870,CCW,2,0.967,1.7513439507401025
12870,CCW,2,0.968,1.7508012101572377
12870,CCW,2,0.969,1.7502042354922267
12870,CCW,2,0.97,1.749602856231941
12870,CCW,2,0.971,1.7489654452316756
12870,CCW,2,0.972,1.7482982460031031
12870,CCW,2,0.973,1.7475662166486046
12870,CCW,2,0.974,1.7467564284304056
12870,CCW,2,0.975,1.7459817581904276
12870,CCW,2,0.976,1.7454222763599379
12870,CCW,2,0.977,1.7450476637027577
12870,CCW,2,0.978,1.7447473207745023
12870,CCW,2,0.979,1.7445661775345112
12870,CCW,2,0.98,1.7444426271894116
12870,CCW,2,0.981,1.7445026067107137
12870,CCW,2,0.982,1.744466152691745
12870,CCW,2,0.983,1.7445367838132146
12870,CCW,2,0.984,1.7445640170386618
12870,CCW,2,0.985,1.7445729661644878
12870,CCW,2,0.986,1.7445315796863297
12870,CCW,2,0.987,1.7441093912405636
12870,CCW,2,0.988,1.7436601785025996
12870,CCW,2,0.989,1.7428857620906992
12870,CCW,2,0.99,1.741836028779165
12870,CCW,2,0.991,1.740856302868056
12870,CCW,2,0.992,1.7398974090125874
12870,CCW,2,0.993,1.7391437304829516
12870,CCW,2,0.994,1.7385518443278922
12870,CCW,2,0.995,1.7382342324525792
12870,CCW,2,0.996,1.7381623173326808
12870,CCW,2,0.997,1.7381737078566513
12870,CCW,2,0.998,1.7381901867382288
12870,CCW,2,0.999,1.7381337262418566
12870,CCW,2,1.0,1.7380232727340044
12870,CCW,3,0.0,0.0
12870,CCW,3,0.001,0.0011592431196736177
12870,CCW,3,0.002,0.0022863284043318
12870,CCW,3,0.003,0.0034338430487583977
12870,CCW,3,0.004,0.004579217406573343
12870,CCW,3,0.005,0.0058008534536426685
12870,CCW,3,0.006,0.006883599666736037
12870,CCW,3,0.007,0.008009135848974972
12870,CCW,3,0.008,0.009265125161658684
12870,CCW,3,0.009000000000000001,0.010520204747850351
12870,CCW,3,0.01,0.012104710563678326
12870,CCW,3,0.011,0.013336584937544556
12870,CCW,3,0.012,0.014672001059198704
12870,CCW,3,0.013000000000000001,0.01725827999974554
12870,CCW,3,0.014,0.01914086811381412
12870,CCW,3,0.015,0.021201017525010076
12870,CCW,3,0.016,0.022879643906978338
12870,CCW,3,0.017,0.02469041373665737
12870,CCW,3,0.018000000000000002,0.027813466958667984
12870,CCW,3,0.019,0.03047020710833755
12870,CCW,3,0.02,0.03477559914711595
12870,CCW,3,0.021,0.03992656137333497
12870,CCW,3,0.022,0.04256320058806802
12870,CCW,3,0.023,0.048647871466977785
12870,CCW,3,0.024,0.052937103674007044
12870,CCW,3,0.025,0.06048554436667468
12870,CCW,3,0.026000000000000002,0.06426381961884665
12870,CCW,3,0.027,0.06856090349966973
12870,CCW,3,0.028,0.07703445889433912
12870,CCW,3,0.029,0.08046338849712023
12870,CCW,3,0.03,0.08686154332524602
12870,CCW,3,0.031,0.09189627158014059
12870,CCW,3,0.032,0.09691076938914443
12870,CCW,3,0.033,0.1018661571169438
12870,CCW,3,0.034,0.10576806143503929
12870,CCW,3,0.035,0.10744854085725294
12870,CCW,3,0.036000000000000004,0.11173263279566567
12870,CCW,3,0.037,0.12040260320239367
12870,CCW,3,0.038,0.12918818488108805
12870,CCW,3,0.039,0.13911693783629453
12870,CCW,3,0.04,0.15063284397558827
12870,CCW,3,0.041,0.16397254882210005
12870,CCW,3,0.042,0.17736090761519013
12870,CCW,3,0.043000000000000003,0.19176054361504632
12870,CCW,3,0.044,0.20482151825968287
12870,CCW,3,0.045,0.21730104404251221
12870,CCW,3,0.046,0.2292362701415131
12870,CCW,3,0.047,0.24156995925290148
12870,CCW,3,0.048,0.254951773288417
12870,CCW,3,0.049,0.26695778253828506
12870,CCW,3,0.05,0.27841040053241006
12870,CCW,3,0.051000000000000004,0.2896582617420183
12870,CCW,3,0.052000000000000005,0.30071821817652233
12870,CCW,3,0.053,0.3099955718186222
12870,CCW,3,0.054,0.3205196856977179
12870,CCW,3,0.055,0.3335829371522901
12870,CCW,3,0.056,0.3445242093474667
12870,CCW,3,0.057,0.3590220978309529
12870,CCW,3,0.058,0.37237854249905245
12870,CCW,3,0.059000000000000004,0.3856999701807892
12870,CCW,3,0.06,0.39747968749231266
12870,CCW,3,0.061,0.4100039078116964
12870,CCW,3,0.062,0.4231811832355768
12870,CCW,3,0.063,0.4370570963549714
12870,CCW,3,0.064,0.44955370243050946
12870,CCW,3,0.065,0.4627514425167303
12870,CCW,3,0.066,0.47733511806294
12870,CCW,3,0.067,0.48947402973521564
12870,CCW,3,0.068,0.49789632048680804
12870,CCW,3,0.069,0.5040853752327128
12870,CCW,3,0.07,0.5090140458420199
12870,CCW,3,0.07100000000000001,0.5177455959462229
12870,CCW,3,0.07200000000000001,0.5227377271065001
12870,CCW,3,0.073,0.5291930529692329
12870,CCW,3,0.074,0.5390176340977799
12870,CCW,3,0.075,0.5539781852229496
12870,CCW,3,0.076,0.5701414275379811
12870,CCW,3,0.077,0.5821190147363166
12870,CCW,3,0.078,0.5950388563997512
12870,CCW,3,0.079,0.6071577578909327
12870,CCW,3,0.08,0.6162559331885176
12870,CCW,3,0.081,0.629427714217308
12870,CCW,3,0.082,0.6408177328802137
12870,CCW,3,0.083,0.6515164357604081
12870,CCW,3,0.084,0.6627736309208592
12870,CCW,3,0.085,0.6688762166179427
12870,CCW,3,0.08600000000000001,0.6734493413574127
12870,CCW,3,0.08700000000000001,0.6861370966482292
12870,CCW,3,0.088,0.6901580278462092
12870,CCW,3,0.089,0.6952612944980116
12870,CCW,3,0.09,0.700819037321196
12870,CCW,3,0.091,0.7074704186402001
12870,CCW,3,0.092,0.7175899240612291
12870,CCW,3,0.093,0.7296549107780244
12870,CCW,3,0.094,0.7412492001726679
12870,CCW,3,0.095,0.752327890554773
12870,CCW,3,0.096,0.7651492268336939
12870,CCW,3,0.097,0.7773285598825341
12870,CCW,3,0.098,0.7906511122301438
12870,CCW,3,0.099,0.8030201843507857
12870,CCW,3,0.1,0.8159956291029014
12870,CCW,3,0.101,0.8218696606391764
12870,CCW,3,0.10200000000000001,0.836292180168299
12870,CCW,3,0.10300000000000001,0.8496189406246388
12870,CCW,3,0.10400000000000001,0.8556986825357813
12870,CCW,3,0.105,0.8607132492021993
12870,CCW,3,0.106,0.8663719871268831
12870,CCW,3,0.107,0.8742136106698055
12870,CCW,3,0.108,0.8824225356332184
12870,CCW,3,0.109,0.891534412658125
12870,CCW,3,0.11,0.9018341652106485
12870,CCW,3,0.111,0.9136429231776697
12870,CCW,3,0.112,0.9255425784134521
12870,CCW,3,0.113,0.9377866555044614
12870,CCW,3,0.114,0.9501221156555059
12870,CCW,3,0.115,0.9625094925064239
12870,CCW,3,0.116,0.9737953485650708
12870,CCW,3,0.117,0.9864968824245686
12870,CCW,3,0.11800000000000001,0.9966766935340913
12870,CCW,3,0.11900000000000001,1.007853323613501
12870,CCW,3,0.12,1.0189888051006122
12870,CCW,3,0.121,1.0293692977632427
12870,CCW,3,0.122,1.038095435393235
12870,CCW,3,0.123,1.0520767254513876
12870,CCW,3,0.124,1.0667988683337755
12870,CCW,3,0.125,1.0869866716977497
12870,CCW,3,0.126,1.1037171752281103
12870,CCW,3,0.127,1.1224273838931942
12870,CCW,3,0.128,1.1424324154812042
12870,CCW,3,0.129,1.1600565411789823
12870,CCW,3,0.13,1.1759817170901512
12870,CCW,3,0.131,1.2023133120762481
12870,CCW,3,0.132,1.218583419403768
12870,CCW,3,0.133,1.2309079908120435
12870,CCW,3,0.134,1.240101970143109
12870,CCW,3,0.135,1.246371730394722
12870,CCW,3,0.136,1.2512144243610455
12870,CCW,3,0.137,1.2548847661396816
12870,CCW,3,0.138,1.2611758203423735
12870,CCW,3,0.139,1.2709705272172354
12870,CCW,3,0.14,1.2792127535040756
12870,CCW,3,0.14100000000000001,1.2946859531195656
12870,CCW,3,0.14200000000000002,1.3174524064887903
12870,CCW,3,0.14300000000000002,1.342290869551915
12870,CCW,3,0.14400000000000002,1.3688068364312984
12870,CCW,3,0.145,1.3852740214210202
12870,CCW,3,0.146,1.407303005900922
12870,CCW,3,0.147,1.4310949261016466
12870,CCW,3,0.148,1.4509215728265517
12870,CCW,3,0.149,1.4691942598822783
12870,CCW,3,0.15,1.4877250122870669
12870,CCW,3,0.151,1.5070676041440767
12870,CCW,3,0.152,1.528951815868507
12870,CCW,3,0.153,1.5532132756335526
12870,CCW,3,0.154,1.578735508585946
12870,CCW,3,0.155,1.6031191253078316
12870,CCW,3,0.156,1.6247278572104444
12870,CCW,3,0.157,1.6316078283745008
12870,CCW,3,0.158,1.6396466069581468
12870,CCW,3,0.159,1.6559844448279677
12870,CCW,3,0.16,1.6678463001588315
12870,CCW,3,0.161,1.6831271207503975
12870,CCW,3,0.162,1.6870854145802754
12870,CCW,3,0.163,1.7014095888673322
12870,CCW,3,0.164,1.7118478111092539
12870,CCW,3,0.165,1.7122956608963902
12870,CCW,3,0.166,1.7152831349594688
12870,CCW,3,0.167,1.72455254905691
12870,CCW,3,0.168,1.7256845903798732
12870,CCW,3,0.169,1.726460777606629
12870,CCW,3,0.17,1.7376988666402289
12870,CCW,3,0.171,1.7403960724349767
12870,CCW,3,0.17200000000000001,1.742720036873537
12870,CCW,3,0.17300000000000001,1.7515877645408384
12870,CCW,3,0.17400000000000002,1.753805912958457
12870,CCW,3,0.17500000000000002,1.7628983045930309
12870,CCW,3,0.176,1.7741725641980775
12870,CCW,3,0.177,1.7850317867244132
12870,CCW,3,0.178,1.8014232325706994
12870,CCW,3,0.179,1.8210229007417575
12870,CCW,3,0.18,1.833084088773272
12870,CCW,3,0.181,1.846437353175315
12870,CCW,3,0.182,1.8539948862914606
12870,CCW,3,0.183,1.8623999374509534
12870,CCW,3,0.184,1.8687758777457701
12870,CCW,3,0.185,1.875650154683745
12870,CCW,3,0.186,1.8780195388897647
12870,CCW,3,0.187,1.8783220365821804
12870,CCW,3,0.188,1.8808767498274974
12870,CCW,3,0.189,1.8800223856852285
12870,CCW,3,0.19,1.881586402287503
12870,CCW,3,0.191,1.8825479840602748
12870,CCW,3,0.192,1.8839837202374639
12870,CCW,3,0.193,1.885474166016345
12870,CCW,3,0.194,1.887408567484868
12870,CCW,3,0.195,1.8890886652097685
12870,CCW,3,0.196,1.8886076830227245
12870,CCW,3,0.197,1.8876150074180715
12870,CCW,3,0.198,1.8853206637758027
12870,CCW,3,0.199,1.8771300785331932
12870,CCW,3,0.2,1.8718643376316093
12870,CCW,3,0.201,1.865887004487458
12870,CCW,3,0.202,1.8600617627022706
12870,CCW,3,0.203,1.8526738806233813
12870,CCW,3,0.20400000000000001,1.8466171193344783
12870,CCW,3,0.20500000000000002,1.8389853516931325
12870,CCW,3,0.20600000000000002,1.8312555561077974
12870,CCW,3,0.20700000000000002,1.8234714895520476
12870,CCW,3,0.20800000000000002,1.8181668536749371
12870,CCW,3,0.209,1.8113161865511327
12870,CCW,3,0.21,1.80577755782281
12870,CCW,3,0.211,1.800847243405913
12870,CCW,3,0.212,1.7963926374606518
12870,CCW,3,0.213,1.793171787777969
12870,CCW,3,0.214,1.7897169736002794
12870,CCW,3,0.215,1.785292057546838
12870,CCW,3,0.216,1.7817208625249739
12870,CCW,3,0.217,1.7778867911697742
12870,CCW,3,0.218,1.7749836046620981
12870,CCW,3,0.219,1.77170525764406
12870,CCW,3,0.22,1.76867089932179
12870,CCW,3,0.221,1.7659896298179258
12870,CCW,3,0.222,1.7630404915158386
12870,CCW,3,0.223,1.7601395815887617
12870,CCW,3,0.224,1.7571124033792165
12870,CCW,3,0.225,1.7534961835320337
12870,CCW,3,0.226,1.750440331671034
12870,CCW,3,0.227,1.7475842665587729
12870,CCW,3,0.228,1.7450139075498472
12870,CCW,3,0.229,1.7428475049645678
12870,CCW,3,0.23,1.7406702700413252
12870,CCW,3,0.231,1.7391128472921147
12870,CCW,3,0.232,1.737357995160629
12870,CCW,3,0.233,1.7358756743380708
12870,CCW,3,0.234,1.734522677635773
12870,CCW,3,0.23500000000000001,1.7334393108726516
12870,CCW,3,0.23600000000000002,1.7325184711240658
12870,CCW,3,0.23700000000000002,1.7319790455505262
12870,CCW,3,0.23800000000000002,1.7316379373414916
12870,CCW,3,0.23900000000000002,1.7317917520907744
12870,CCW,3,0.24,1.7319989893199306
12870,CCW,3,0.241,1.7324549744058395
12870,CCW,3,0.242,1.7330733038146464
12870,CCW,3,0.243,1.7338909989579008
12870,CCW,3,0.244,1.7348247118513633
12870,CCW,3,0.245,1.735948445095602
12870,CCW,3,0.246,1.737241120975111
12870,CCW,3,0.247,1.7386816292677751
12870,CCW,3,0.248,1.7404323474403232
12870,CCW,3,0.249,1.7426321178941513
12870,CCW,3,0.25,1.7448322260191702
12870,CCW,3,0.251,1.7472560628392415
12870,CCW,3,0.252,1.7492857223200349
12870,CCW,3,0.253,1.7509566553011862
12870,CCW,3,0.254,1.7523085221328976
12870,CCW,3,0.255,1.7515422088067725
12870,CCW,3,0.256,1.7533378302805784
12870,CCW,3,0.257,1.75094467083611
12870,CCW,3,0.258,1.7492364124087736
12870,CCW,3,0.259,1.7496925137614185
12870,CCW,3,0.26,1.7490412433761473
12870,CCW,3,0.261,1.7474215665293602
12870,CCW,3,0.262,1.74566206264816
12870,CCW,3,0.263,1.7484651115235668
12870,CCW,3,0.264,1.7512266199062891
12870,CCW,3,0.265,1.7556646564195577
12870,CCW,3,0.266,1.7630276408498746
12870,CCW,3,0.267,1.7723341484042265
12870,CCW,3,0.268,1.7834638914572438
12870,CCW,3,0.269,1.795561175667758
12870,CCW,3,0.27,1.7987208782818056
12870,CCW,3,0.271,1.8125135888275494
12870,CCW,3,0.272,1.821278502886095
12870,CCW,3,0.273,1.832637128284434
12870,CCW,3,0.274,1.846566639387225
12870,CCW,3,0.275,1.8585951705317354
12870,CCW,3,0.276,1.874103304132052
12870,CCW,3,0.277,1.8941904141762194
12870,CCW,3,0.278,1.9165769139828863
12870,CCW,3,0.279,1.9437621709877397
12870,CCW,3,0.28,1.9708779205827125
12870,CCW,3,0.281,1.990779995728553
12870,CCW,3,0.28200000000000003,2.0418057026908
12870,CCW,3,0.28300000000000003,2.0698285284376188
12870,CCW,3,0.28400000000000003,2.103714604654886
12870,CCW,3,0.28500000000000003,2.1374984398385934
12870,CCW,3,0.28600000000000003,2.195737361750749
12870,CCW,3,0.28700000000000003,2.225269418616123
12870,CCW,3,0.28800000000000003,2.2608840855898613
12870,CCW,3,0.289,2.2973916767175235
12870,CCW,3,0.29,2.3147768338309116
12870,CCW,3,0.291,2.347582264868981
12870,CCW,3,0.292,2.365295930540186
12870,CCW,3,0.293,2.393890604966032
12870,CCW,3,0.294,2.424580185891699
12870,CCW,3,0.295,2.4585634823052587
12870,CCW,3,0.296,2.500075121126211
12870,CCW,3,0.297,2.535987902932027
12870,CCW,3,0.298,2.591982025534093
12870,CCW,3,0.299,2.627791668965616
12870,CCW,3,0.3,2.6610282434247914
12870,CCW,3,0.301,2.687175518775631
12870,CCW,3,0.302,2.71631206539572
12870,CCW,3,0.303,2.727108718850151
12870,CCW,3,0.304,2.7294739023692896
12870,CCW,3,0.305,2.7220163203388625
12870,CCW,3,0.306,2.7142913896932566
12870,CCW,3,0.307,2.7035718320374595
12870,CCW,3,0.308,2.6898988085335898
12870,CCW,3,0.309,2.6748709523182432
12870,CCW,3,0.31,2.657799384826198
12870,CCW,3,0.311,2.6436296930372336
12870,CCW,3,0.312,2.628401444519798
12870,CCW,3,0.313,2.6159175216284734
12870,CCW,3,0.314,2.6043086166660534
12870,CCW,3,0.315,2.594293393922347
12870,CCW,3,0.316,2.585148325614328
12870,CCW,3,0.317,2.5767524266517614
12870,CCW,3,0.318,2.569272178641623
12870,CCW,3,0.319,2.562544160471912
12870,CCW,3,0.32,2.556429892385327
12870,CCW,3,0.321,2.5511661842456355
12870,CCW,3,0.322,2.5460884152964547
12870,CCW,3,0.323,2.541791107983917
12870,CCW,3,0.324,2.537695629370826
12870,CCW,3,0.325,2.5341019407368512
12870,CCW,3,0.326,2.530853706836403
12870,CCW,3,0.327,2.528081847839363
12870,CCW,3,0.328,2.52552635368475
12870,CCW,3,0.329,2.5233602418187413
12870,CCW,3,0.33,2.521422074391537
12870,CCW,3,0.331,2.5197364628939853
12870,CCW,3,0.332,2.518307752835133
12870,CCW,3,0.333,2.5170923379098937
12870,CCW,3,0.334,2.5160436605885534
12870,CCW,3,0.335,2.515156610526369
12870,CCW,3,0.336,2.5143848427523983
12870,CCW,3,0.337,2.513759086222581
12870,CCW,3,0.338,2.5132337732464167
12870,CCW,3,0.339,2.512819711927628
12870,CCW,3,0.34,2.512525014250928
12870,CCW,3,0.341,2.5122446970215586
12870,CCW,3,0.342,2.5121032941894894
12870,CCW,3,0.343,2.5120171181318853
12870,CCW,3,0.34400000000000003,2.512000396426117
12870,CCW,3,0.34500000000000003,2.5121499707204005
12870,CCW,3,0.34600000000000003,2.512304558846922
12870,CCW,3,0.34700000000000003,2.512566494558717
12870,CCW,3,0.34800000000000003,2.5128892813180492
12870,CCW,3,0.34900000000000003,2.5131374722673807
12870,CCW,3,0.35000000000000003,2.513380795851235
12870,CCW,3,0.35100000000000003,2.5136325267361657
12870,CCW,3,0.352,2.513997786859985
12870,CCW,3,0.353,2.514412082738341
12870,CCW,3,0.354,2.5148020312543835
12870,CCW,3,0.355,2.515270651036041
12870,CCW,3,0.356,2.5157627949190013
12870,CCW,3,0.357,2.5162500376838115
12870,CCW,3,0.358,2.516738598751495
12870,CCW,3,0.359,2.5172976034675814
12870,CCW,3,0.36,2.517882022797643
12870,CCW,3,0.361,2.51842649380899
12870,CCW,3,0.362,2.518982173356192
12870,CCW,3,0.363,2.5194598440510405
12870,CCW,3,0.364,2.51984760272913
12870,CCW,3,0.365,2.5201699684015515
12870,CCW,3,0.366,2.5205490657297154
12870,CCW,3,0.367,2.5209284435497556
12870,CCW,3,0.368,2.521167023946332
12870,CCW,3,0.369,2.5212298398156663
12870,CCW,3,0.37,2.52133800724349
12870,CCW,3,0.371,2.5216194065655713
12870,CCW,3,0.372,2.521973871554182
12870,CCW,3,0.373,2.5223547781106483
12870,CCW,3,0.374,2.5228155522735776
12870,CCW,3,0.375,2.5234312125256806
12870,CCW,3,0.376,2.5241302102885874
12870,CCW,3,0.377,2.5247697429497116
12870,CCW,3,0.378,2.5252751541247895
12870,CCW,3,0.379,2.52567373383986
12870,CCW,3,0.38,2.526007680856105
12870,CCW,3,0.381,2.5262526112063943
12870,CCW,3,0.382,2.5264769827536435
12870,CCW,3,0.383,2.5267709117457735
12870,CCW,3,0.384,2.5271183581930905
12870,CCW,3,0.385,2.5275059663744424
12870,CCW,3,0.386,2.527850033957764
12870,CCW,3,0.387,2.528415524055855
12870,CCW,3,0.388,2.5292717953066526
12870,CCW,3,0.389,2.5298626933970594
12870,CCW,3,0.39,2.530222671390328
12870,CCW,3,0.391,2.5303338608791646
12870,CCW,3,0.392,2.5304514749625975
12870,CCW,3,0.393,2.530912250597979
12870,CCW,3,0.394,2.530753069568302
12870,CCW,3,0.395,2.5304318337381426
12870,CCW,3,0.396,2.530392576165483
12870,CCW,3,0.397,2.528753298404023
12870,CCW,3,0.398,2.527791317133336
12870,CCW,3,0.399,2.5260547496740364
12870,CCW,3,0.4,2.5238427198331204
12870,CCW,3,0.401,2.5214104828752473
12870,CCW,3,0.402,2.520535380631191
12870,CCW,3,0.403,2.518270114773011
12870,CCW,3,0.404,2.5163143793698013
12870,CCW,3,0.405,2.5143350752040914
12870,CCW,3,0.406,2.5104227151137697
12870,CCW,3,0.40700000000000003,2.5055270808281875
12870,CCW,3,0.40800000000000003,2.5009970950630764
12870,CCW,3,0.40900000000000003,2.4984363342756013
12870,CCW,3,0.41000000000000003,2.487742095086168
12870,CCW,3,0.41100000000000003,2.4731040306892536
12870,CCW,3,0.41200000000000003,2.4614729040237084
12870,CCW,3,0.41300000000000003,2.4454169710053306
12870,CCW,3,0.41400000000000003,2.4244301346882833
12870,CCW,3,0.41500000000000004,2.402125212452082
12870,CCW,3,0.41600000000000004,2.3802925425586263
12870,CCW,3,0.417,2.3551758555580076
12870,CCW,3,0.418,2.3311440379789437
12870,CCW,3,0.419,2.313636251471649
12870,CCW,3,0.42,2.3037507410766316
12870,CCW,3,0.421,2.2774554502250686
12870,CCW,3,0.422,2.2703220465647136
12870,CCW,3,0.423,2.2656120702919202
12870,CCW,3,0.424,2.2386162856508665
12870,CCW,3,0.425,2.224721379444276
12870,CCW,3,0.426,2.1995672160009545
12870,CCW,3,0.427,2.176402456070373
12870,CCW,3,0.428,2.1539393304596737
12870,CCW,3,0.429,2.15262083037782
12870,CCW,3,0.43,2.1432335826961317
12870,CCW,3,0.431,2.1532114598048837
12870,CCW,3,0.432,2.1499970527748964
12870,CCW,3,0.433,2.163638188434474
12870,CCW,3,0.434,2.1640344669111444
12870,CCW,3,0.435,2.167732317415865
12870,CCW,3,0.436,2.1800703649367588
12870,CCW,3,0.437,2.1884812561772415
12870,CCW,3,0.438,2.2016951678767684
12870,CCW,3,0.439,2.219061479206148
12870,CCW,3,0.44,2.23569396830468
12870,CCW,3,0.441,2.2578027931877314
12870,CCW,3,0.442,2.275048139420668
12870,CCW,3,0.443,2.2915037858483536
12870,CCW,3,0.444,2.3065796488875683
12870,CCW,3,0.445,2.3209345787670945
12870,CCW,3,0.446,2.330041692753194
12870,CCW,3,0.447,2.3417936647802717
12870,CCW,3,0.448,2.352943382748996
12870,CCW,3,0.449,2.370694302920012
12870,CCW,3,0.45,2.3863587620351905
12870,CCW,3,0.451,2.403740762841192
12870,CCW,3,0.452,2.424554829020433
12870,CCW,3,0.453,2.445533941470843
12870,CCW,3,0.454,2.4657028868446598
12870,CCW,3,0.455,2.4878913446466284
12870,CCW,3,0.456,2.512388964297227
12870,CCW,3,0.457,2.538295570305305
12870,CCW,3,0.458,2.562078510623705
12870,CCW,3,0.459,2.587490436511635
12870,CCW,3,0.46,2.6123433296110643
12870,CCW,3,0.461,2.634258260029829
12870,CCW,3,0.462,2.654463852742223
12870,CCW,3,0.463,2.676881936136272
12870,CCW,3,0.464,2.697516446213089
12870,CCW,3,0.465,2.717580060275535
12870,CCW,3,0.466,2.739127908038979
12870,CCW,3,0.467,2.7603823008577044
12870,CCW,3,0.468,2.782678350147848
12870,CCW,3,0.46900000000000003,2.806110637751488
12870,CCW,3,0.47000000000000003,2.828941134534477
12870,CCW,3,0.47100000000000003,2.85314313578481
12870,CCW,3,0.47200000000000003,2.8786802185186002
12870,CCW,3,0.47300000000000003,2.9035805314387235
12870,CCW,3,0.47400000000000003,2.928764751026891
12870,CCW,3,0.47500000000000003,2.9546737916114774
12870,CCW,3,0.47600000000000003,2.9804158805852285
12870,CCW,3,0.47700000000000004,3.004604089713591
12870,CCW,3,0.47800000000000004,3.0289676231151184
12870,CCW,3,0.47900000000000004,3.052404177772039
12870,CCW,3,0.48,3.0745076232356454
12870,CCW,3,0.481,3.0964319624102736
12870,CCW,3,0.482,3.1184169413979843
12870,CCW,3,0.483,3.1409754237153313
12870,CCW,3,0.484,3.163499066044988
12870,CCW,3,0.485,3.1869892705358818
12870,CCW,3,0.486,3.2101707550166765
12870,CCW,3,0.487,3.233624838529874
12870,CCW,3,0.488,3.256653880440796
12870,CCW,3,0.489,3.2806206316099646
12870,CCW,3,0.49,3.305013591233049
12870,CCW,3,0.491,3.329203809220582
12870,CCW,3,0.492,3.3532923911359425
12870,CCW,3,0.493,3.3774223592664248
12870,CCW,3,0.494,3.401333365781834
12870,CCW,3,0.495,3.42488044633951
12870,CCW,3,0.496,3.4482644173860812
12870,CCW,3,0.497,3.47138428124289
12870,CCW,3,0.498,3.494189817042139
12870,CCW,3,0.499,3.517130195272416
12870,CCW,3,0.5,3.540346790815689
12870,CCW,3,0.501,3.563381186630801
12870,CCW,3,0.502,3.5861986038189673
12870,CCW,3,0.503,3.6089475257983246
12870,CCW,3,0.504,3.632024443628303
12870,CCW,3,0.505,3.6555300351830247
12870,CCW,3,0.506,3.6793600155226827
12870,CCW,3,0.507,3.703668310356074
12870,CCW,3,0.508,3.728003896816796
12870,CCW,3,0.509,3.750964476818372
12870,CCW,3,0.51,3.7725544489688416
12870,CCW,3,0.511,3.7944633384810666
12870,CCW,3,0.512,3.816652355842668
12870,CCW,3,0.513,3.8388323344455006
12870,CCW,3,0.514,3.860884513522567
12870,CCW,3,0.515,3.8838146037643373
12870,CCW,3,0.516,3.90763128245435
12870,CCW,3,0.517,3.931152700283854
12870,CCW,3,0.518,3.954668429047746
12870,CCW,3,0.519,3.978955824042618
12870,CCW,3,0.52,4.003608692867206
12870,CCW,3,0.521,4.028261258098781
12870,CCW,3,0.522,4.0529666089899266
12870,CCW,3,0.523,4.07780750213062
12870,CCW,3,0.524,4.102380474292355
12870,CCW,3,0.525,4.126130810224038
12870,CCW,3,0.526,4.149830205379787
12870,CCW,3,0.527,4.173889779415
12870,CCW,3,0.528,4.19820017629199
12870,CCW,3,0.529,4.221888790161386
12870,CCW,3,0.53,4.2446646698618755
12870,CCW,3,0.531,4.266942273490996
12870,CCW,3,0.532,4.288097152564812
12870,CCW,3,0.533,4.308994613703043
12870,CCW,3,0.534,4.330258808358182
12870,CCW,3,0.535,4.352098637984152
12870,CCW,3,0.536,4.373725352703399
12870,CCW,3,0.537,4.395129894162637
12870,CCW,3,0.538,4.417035673796308
12870,CCW,3,0.539,4.43935163021029
12870,CCW,3,0.54,4.4616936059538075
12870,CCW,3,0.541,4.484643560426421
12870,CCW,3,0.542,4.508439491213285
12870,CCW,3,0.543,4.53254727910855
12870,CCW,3,0.544,4.55563645530428
12870,CCW,3,0.545,4.577901014131113
12870,CCW,3,0.546,4.600251959911902
12870,CCW,3,0.547,4.622765171292957
12870,CCW,3,0.548,4.645147054083383
12870,CCW,3,0.549,4.6678069644214455
12870,CCW,3,0.55,4.6906583152690935
12870,CCW,3,0.551,4.713117683892651
12870,CCW,3,0.552,4.735795039965967
12870,CCW,3,0.553,4.759297172548585
12870,CCW,3,0.554,4.783569181476018
12870,CCW,3,0.555,4.807686313145881
12870,CCW,3,0.556,4.831327506426916
12870,CCW,3,0.557,4.854396890317048
12870,CCW,3,0.558,4.876900950119837
12870,CCW,3,0.559,4.89880877359035
12870,CCW,3,0.56,4.919980038364504
12870,CCW,3,0.561,4.941091768467578
12870,CCW,3,0.562,4.962828752059747
12870,CCW,3,0.5630000000000001,4.985218012634335
12870,CCW,3,0.5640000000000001,5.0076967443281974
12870,CCW,3,0.5650000000000001,5.030591548297257
12870,CCW,3,0.5660000000000001,5.054259724624327
12870,CCW,3,0.5670000000000001,5.078602825152292
12870,CCW,3,0.5680000000000001,5.1031796148617925
12870,CCW,3,0.5690000000000001,5.1275016712758426
12870,CCW,3,0.5700000000000001,5.1517225501895645
12870,CCW,3,0.5710000000000001,5.175829509196962
12870,CCW,3,0.5720000000000001,5.199839473528386
12870,CCW,3,0.5730000000000001,5.223696641875871
12870,CCW,3,0.5740000000000001,5.246838571019701
12870,CCW,3,0.5750000000000001,5.269233885828796
12870,CCW,3,0.5760000000000001,5.290712833178353
12870,CCW,3,0.577,5.311525364690251
12870,CCW,3,0.578,5.3328143773195835
12870,CCW,3,0.579,5.3551345806483015
12870,CCW,3,0.58,5.377693008482449
12870,CCW,3,0.581,5.400008815745591
12870,CCW,3,0.582,5.422669379247232
12870,CCW,3,0.583,5.446211728495253
12870,CCW,3,0.584,5.470212039340431
12870,CCW,3,0.585,5.494261750120588
12870,CCW,3,0.586,5.518247154930302
12870,CCW,3,0.587,5.5410531998414125
12870,CCW,3,0.588,5.563081187603337
12870,CCW,3,0.589,5.58508797705498
12870,CCW,3,0.59,5.607915953463568
12870,CCW,3,0.591,5.631325567271129
12870,CCW,3,0.592,5.654001006642073
12870,CCW,3,0.593,5.6762657684146545
12870,CCW,3,0.594,5.698760351719869
12870,CCW,3,0.595,5.721603234753462
12870,CCW,3,0.596,5.744242056540073
12870,CCW,3,0.597,5.767156168832964
12870,CCW,3,0.598,5.790781011560016
12870,CCW,3,0.599,5.81475490092273
12870,CCW,3,0.6,5.839426691933631
12870,CCW,3,0.601,5.864249613280812
12870,CCW,3,0.602,5.888275893156593
12870,CCW,3,0.603,5.911284239359646
12870,CCW,3,0.604,5.933137089191872
12870,CCW,3,0.605,5.9549124463553476
12870,CCW,3,0.606,5.976705277840464
12870,CCW,3,0.607,5.998388523381131
12870,CCW,3,0.608,6.019986723251135
12870,CCW,3,0.609,6.04086751754183
12870,CCW,3,0.61,6.059915506141003
12870,CCW,3,0.611,6.075384071747678
12870,CCW,3,0.612,6.087623370925252
12870,CCW,3,0.613,6.099927821654519
12870,CCW,3,0.614,6.1156731916520854
12870,CCW,3,0.615,6.135519114021565
12870,CCW,3,0.616,6.158122921073295
12870,CCW,3,0.617,6.182583223488838
12870,CCW,3,0.618,6.208203693464903
12870,CCW,3,0.619,6.233889141769194
12870,CCW,3,0.62,6.259495177240332
12870,CCW,3,0.621,6.284763852699955
12870,CCW,3,0.622,6.309413256871657
12870,CCW,3,0.623,6.334127010387119
12870,CCW,3,0.624,6.358597685558415
12870,CCW,3,0.625,6.382405180700114
12870,CCW,3,0.626,6.405502232121842
12870,CCW,3,0.627,6.427651052151863
12870,CCW,3,0.628,6.449653953916922
12870,CCW,3,0.629,6.47259012670797
12870,CCW,3,0.63,6.49673685486455
12870,CCW,3,0.631,6.5210061166507565
12870,CCW,3,0.632,6.5453879968175315
12870,CCW,3,0.633,6.569644053800813
12870,CCW,3,0.634,6.594009473103397
12870,CCW,3,0.635,6.618602506842158
12870,CCW,3,0.636,6.642977501794228
12870,CCW,3,0.637,6.666561493507188
12870,CCW,3,0.638,6.689402205707089
12870,CCW,3,0.639,6.711814520857824
12870,CCW,3,0.64,6.733516272503043
12870,CCW,3,0.641,6.754974701740077
12870,CCW,3,0.642,6.776997318530429
12870,CCW,3,0.643,6.799513217727332
12870,CCW,3,0.644,6.822469557762203
12870,CCW,3,0.645,6.845998271415332
12870,CCW,3,0.646,6.870078006739261
12870,CCW,3,0.647,6.894241545493312
12870,CCW,3,0.648,6.918401837268972
12870,CCW,3,0.649,6.9424822703188545
12870,CCW,3,0.65,6.966555498583919
12870,CCW,3,0.651,6.990288832933774
12870,CCW,3,0.652,7.013518293182831
12870,CCW,3,0.653,7.03635482193819
12870,CCW,3,0.654,7.05906809964893
12870,CCW,3,0.655,7.081501853273658
12870,CCW,3,0.656,7.103552887273575
12870,CCW,3,0.657,7.125467946756827
12870,CCW,3,0.658,7.147593125820867
12870,CCW,3,0.659,7.169232420064784
12870,CCW,3,0.66,7.190247766025039
12870,CCW,3,0.661,7.211288043083478
12870,CCW,3,0.662,7.232748143015413
12870,CCW,3,0.663,7.254634640349362
12870,CCW,3,0.664,7.277124007338888
12870,CCW,3,0.665,7.299882621847009
12870,CCW,3,0.666,7.322586534227347
12870,CCW,3,0.667,7.345307797956976
12870,CCW,3,0.668,7.3681904131371345
12870,CCW,3,0.669,7.391039413753621
12870,CCW,3,0.67,7.414099122371785
12870,CCW,3,0.671,7.436538575408296
12870,CCW,3,0.672,7.4578633545902635
12870,CCW,3,0.673,7.479289491221566
12870,CCW,3,0.674,7.5014523731120795
12870,CCW,3,0.675,7.5231712667981885
12870,CCW,3,0.676,7.544766991444802
12870,CCW,3,0.677,7.566388184993124
12870,CCW,3,0.678,7.5878858849120245
12870,CCW,3,0.679,7.609176640460512
12870,CCW,3,0.68,7.630918950037386
12870,CCW,3,0.681,7.652137450225582
12870,CCW,3,0.682,7.67286972521406
12870,CCW,3,0.683,7.69312544048578
12870,CCW,3,0.684,7.71362366862272
12870,CCW,3,0.685,7.734871756723973
12870,CCW,3,0.686,7.754389671444507
12870,CCW,3,0.687,7.772885205060607
12870,CCW,3,0.6880000000000001,7.793772545357482
12870,CCW,3,0.6890000000000001,7.812970958382941
12870,CCW,3,0.6900000000000001,7.831529712573728
12870,CCW,3,0.6910000000000001,7.8525986052817
12870,CCW,3,0.6920000000000001,7.870021209240857
12870,CCW,3,0.6930000000000001,7.8870049747093285
12870,CCW,3,0.6940000000000001,7.905699738545881
12870,CCW,3,0.6950000000000001,7.918640365874382
12870,CCW,3,0.6960000000000001,7.934736885177384
12870,CCW,3,0.6970000000000001,7.950828055742025
12870,CCW,3,0.6980000000000001,7.970416372414119
12870,CCW,3,0.6990000000000001,7.990858286435424
12870,CCW,3,0.7000000000000001,8.007567022169782
12870,CCW,3,0.7010000000000001,8.025221939622169
12870,CCW,3,0.7020000000000001,8.03872127898844
12870,CCW,3,0.7030000000000001,8.057830052340263
12870,CCW,3,0.704,8.074165498797273
12870,CCW,3,0.705,8.09248705251517
12870,CCW,3,0.706,8.109780355037154
12870,CCW,3,0.707,8.12612510613429
12870,CCW,3,0.708,8.140534107327278
12870,CCW,3,0.709,8.154276084435002
12870,CCW,3,0.71,8.167064286921022
12870,CCW,3,0.711,8.17884047916645
12870,CCW,3,0.712,8.189821948983854
12870,CCW,3,0.713,8.199686610272904
12870,CCW,3,0.714,8.209114834981287
12870,CCW,3,0.715,8.222489316754015
12870,CCW,3,0.716,8.237366538099229
12870,CCW,3,0.717,8.251211597275747
12870,CCW,3,0.718,8.26408205056188
12870,CCW,3,0.719,8.269868054360128
12870,CCW,3,0.72,8.281583081590194
12870,CCW,3,0.721,8.288063275310932
12870,CCW,3,0.722,8.293054263572731
12870,CCW,3,0.723,8.297906316991387
12870,CCW,3,0.724,8.30174597525557
12870,CCW,3,0.725,8.307058694987338
12870,CCW,3,0.726,8.3134601258716
12870,CCW,3,0.727,8.320468467760877
12870,CCW,3,0.728,8.329980937355684
12870,CCW,3,0.729,8.339773767322319
12870,CCW,3,0.73,8.348924368618704
12870,CCW,3,0.731,8.358698931830205
12870,CCW,3,0.732,8.369358101105401
12870,CCW,3,0.733,8.38120683919676
12870,CCW,3,0.734,8.39584403522975
12870,CCW,3,0.735,8.410468613648561
12870,CCW,3,0.736,8.424572664630558
12870,CCW,3,0.737,8.434925998707392
12870,CCW,3,0.738,8.444827436150247
12870,CCW,3,0.739,8.454384227936812
12870,CCW,3,0.74,8.462910590400337
12870,CCW,3,0.741,8.470364599526945
12870,CCW,3,0.742,8.477264860860105
12870,CCW,3,0.743,8.48325330780607
12870,CCW,3,0.744,8.49048471903823
12870,CCW,3,0.745,8.498180869140853
12870,CCW,3,0.746,8.50711576886888
12870,CCW,3,0.747,8.51755068801299
12870,CCW,3,0.748,8.52945755994607
12870,CCW,3,0.749,8.541258437302295
12870,CCW,3,0.75,8.553130329539684
12870,CCW,3,0.751,8.564110445932396
12870,CCW,3,0.752,8.576397981990699
12870,CCW,3,0.753,8.588249798033296
12870,CCW,3,0.754,8.599267821252596
12870,CCW,3,0.755,8.609669992002054
12870,CCW,3,0.756,8.61714428265366
12870,CCW,3,0.757,8.624455846543928
12870,CCW,3,0.758,8.63234441445727
12870,CCW,3,0.759,8.637423221405854
12870,CCW,3,0.76,8.642826206609787
12870,CCW,3,0.761,8.647542002402345
12870,CCW,3,0.762,8.650926971887843
12870,CCW,3,0.763,8.657041383968108
12870,CCW,3,0.764,8.661653671932234
12870,CCW,3,0.765,8.665938162721941
12870,CCW,3,0.766,8.671678271792935
12870,CCW,3,0.767,8.674777860786834
12870,CCW,3,0.768,8.679323338831745
12870,CCW,3,0.769,8.684140641832661
12870,CCW,3,0.77,8.690168270580694
12870,CCW,3,0.771,8.69655480263395
12870,CCW,3,0.772,8.701341138464391
12870,CCW,3,0.773,8.707592609715222
12870,CCW,3,0.774,8.712916814134093
12870,CCW,3,0.775,8.717160891427309
12870,CCW,3,0.776,8.723022940365126
12870,CCW,3,0.777,8.72724911491366
12870,CCW,3,0.778,8.730287369817376
12870,CCW,3,0.779,8.734927719506908
12870,CCW,3,0.78,8.738178347565633
12870,CCW,3,0.781,8.741131162638057
12870,CCW,3,0.782,8.744157513737044
12870,CCW,3,0.783,8.747546050242095
12870,CCW,3,0.784,8.751031540415058
12870,CCW,3,0.785,8.754604431439855
12870,CCW,3,0.786,8.75816639456851
12870,CCW,3,0.787,8.761462258499362
12870,CCW,3,0.788,8.764668109788515
12870,CCW,3,0.789,8.767737126012454
12870,CCW,3,0.79,8.771548990643296
12870,CCW,3,0.791,8.774605425914462
12870,CCW,3,0.792,8.777470366533759
12870,CCW,3,0.793,8.780077132640404
12870,CCW,3,0.794,8.782543545989734
12870,CCW,3,0.795,8.784436241581789
12870,CCW,3,0.796,8.786534010468714
12870,CCW,3,0.797,8.788714535795858
12870,CCW,3,0.798,8.7906490981102
12870,CCW,3,0.799,8.792822396394605
12870,CCW,3,0.8,8.794954146693966
12870,CCW,3,0.801,8.796875420805039
12870,CCW,3,0.802,8.798904862357913
12870,CCW,3,0.803,8.8008974903023
12870,CCW,3,0.804,8.8027469604928
12870,CCW,3,0.805,8.804698415378704
12870,CCW,3,0.806,8.806650361195302
12870,CCW,3,0.807,8.808578128487076
12870,CCW,3,0.808,8.81055036157543
12870,CCW,3,0.809,8.81246971484196
12870,CCW,3,0.81,8.814410700447215
12870,CCW,3,0.811,8.816284769210105
12870,CCW,3,0.812,8.818131657611403
12870,CCW,3,0.8130000000000001,8.819979839344484
12870,CCW,3,0.8140000000000001,8.821763223222197
12870,CCW,3,0.8150000000000001,8.823538896914306
12870,CCW,3,0.8160000000000001,8.825376072081644
12870,CCW,3,0.8170000000000001,8.82712525241939
12870,CCW,3,0.8180000000000001,8.82888280989492
12870,CCW,3,0.8190000000000001,8.830609817295391
12870,CCW,3,0.8200000000000001,8.832183630755061
12870,CCW,3,0.8210000000000001,8.833820101157787
12870,CCW,3,0.8220000000000001,8.835347969202001
12870,CCW,3,0.8230000000000001,8.836713213333008
12870,CCW,3,0.8240000000000001,8.838049466154018
12870,CCW,3,0.8250000000000001,8.839262507967529
12870,CCW,3,0.8260000000000001,8.840379767279408
12870,CCW,3,0.8270000000000001,8.841333696630027
12870,CCW,3,0.8280000000000001,8.842015506982094
12870,CCW,3,0.8290000000000001,8.842609751476628
12870,CCW,3,0.8300000000000001,8.843170328209439
12870,CCW,3,0.8310000000000001,8.843626091057462
12870,CCW,3,0.8320000000000001,8.84398118304654
12870,CCW,3,0.833,8.844350822558624
12870,CCW,3,0.834,8.844682209444507
12870,CCW,3,0.835,8.84463066614947
12870,CCW,3,0.836,8.845351775332277
12870,CCW,3,0.837,8.84480631709351
12870,CCW,3,0.838,8.844466086661113
12870,CCW,3,0.839,8.844325538567029
12870,CCW,3,0.84,8.843882566527773
12870,CCW,3,0.841,8.843474777543266
12870,CCW,3,0.842,8.843391619741547
12870,CCW,3,0.843,8.843465255996524
12870,CCW,3,0.844,8.843167034596606
12870,CCW,3,0.845,8.840529670448953
12870,CCW,3,0.846,8.837736218274902
12870,CCW,3,0.847,8.835182560555731
12870,CCW,3,0.848,8.834407367693355
12870,CCW,3,0.849,8.834103535020615
12870,CCW,3,0.85,8.833294924608913
12870,CCW,3,0.851,8.83275963863567
12870,CCW,3,0.852,8.832078319738233
12870,CCW,3,0.853,8.830989274958615
12870,CCW,3,0.854,8.830948644191965
12870,CCW,3,0.855,8.829921331959287
12870,CCW,3,0.856,8.828838113298103
12870,CCW,3,0.857,8.82832302749758
12870,CCW,3,0.858,8.827975988430392
12870,CCW,3,0.859,8.82928666187949
12870,CCW,3,0.86,8.829732941788375
12870,CCW,3,0.861,8.829612466062017
12870,CCW,3,0.862,8.828213394083898
12870,CCW,3,0.863,8.82140708754549
12870,CCW,3,0.864,8.816018073285342
12870,CCW,3,0.865,8.81495660255438
12870,CCW,3,0.866,8.810342334760914
12870,CCW,3,0.867,8.8089912795162
12870,CCW,3,0.868,8.806123724147831
12870,CCW,3,0.869,8.797268889282163
12870,CCW,3,0.87,8.793387897116478
12870,CCW,3,0.871,8.791294375617168
12870,CCW,3,0.872,8.792718643831902
12870,CCW,3,0.873,8.797260774819037
12870,CCW,3,0.874,8.804512240408465
12870,CCW,3,0.875,8.813113622332308
12870,CCW,3,0.876,8.818124411828272
12870,CCW,3,0.877,8.821796748473863
12870,CCW,3,0.878,8.815344561135362
12870,CCW,3,0.879,8.810323878795016
12870,CCW,3,0.88,8.80390766312179
12870,CCW,3,0.881,8.794046201263594
12870,CCW,3,0.882,8.778406840497276
12870,CCW,3,0.883,8.761626665684965
12870,CCW,3,0.884,8.745800580252645
12870,CCW,3,0.885,8.735788066333754
12870,CCW,3,0.886,8.725999845926513
12870,CCW,3,0.887,8.715440428204491
12870,CCW,3,0.888,8.705627708176035
12870,CCW,3,0.889,8.694186759743438
12870,CCW,3,0.89,8.687688418093645
12870,CCW,3,0.891,8.67753542955384
12870,CCW,3,0.892,8.667723957022437
12870,CCW,3,0.893,8.653590063405659
12870,CCW,3,0.894,8.639825991464575
12870,CCW,3,0.895,8.627985519355283
12870,CCW,3,0.896,8.615326533409887
12870,CCW,3,0.897,8.603789575250312
12870,CCW,3,0.898,8.590651075544816
12870,CCW,3,0.899,8.579493935221905
12870,CCW,3,0.9,8.565752148171153
12870,CCW,3,0.901,8.549649138564218
12870,CCW,3,0.902,8.532851760397584
12870,CCW,3,0.903,8.5178823244113
12870,CCW,3,0.904,8.503573091614902
12870,CCW,3,0.905,8.489438696487278
12870,CCW,3,0.906,8.475285029322423
12870,CCW,3,0.907,8.461174166325643
12870,CCW,3,0.908,8.447390241863827
12870,CCW,3,0.909,8.433324815612659
12870,CCW,3,0.91,8.419273613231958
12870,CCW,3,0.911,8.405384939796708
12870,CCW,3,0.912,8.391214512585007
12870,CCW,3,0.913,8.376582761987745
12870,CCW,3,0.914,8.362724136101921
12870,CCW,3,0.915,8.348741046496846
12870,CCW,3,0.916,8.333537676385522
12870,CCW,3,0.917,8.317970740773173
12870,CCW,3,0.918,8.302106974452443
12870,CCW,3,0.919,8.286697958059511
12870,CCW,3,0.92,8.27195507797556
12870,CCW,3,0.921,8.255927234614994
12870,CCW,3,0.922,8.241000464380202
12870,CCW,3,0.923,8.225296200917231
12870,CCW,3,0.924,8.211019885120672
12870,CCW,3,0.925,8.196330788688494
12870,CCW,3,0.926,8.182341589591582
12870,CCW,3,0.927,8.169402342468915
12870,CCW,3,0.928,8.156263020652863
12870,CCW,3,0.929,8.143625394001406
12870,CCW,3,0.93,8.131509043793777
12870,CCW,3,0.931,8.118714397214774
12870,CCW,3,0.932,8.105277741530909
12870,CCW,3,0.933,8.091499722850656
12870,CCW,3,0.934,8.077719461374905
12870,CCW,3,0.935,8.064259165930128
12870,CCW,3,0.936,8.050880195726442
12870,CCW,3,0.937,8.036850414348027
12870,CCW,3,0.9380000000000001,8.022383951884194
12870,CCW,3,0.9390000000000001,8.007795350702454
12870,CCW,3,0.9400000000000001,7.992985975259371
12870,CCW,3,0.9410000000000001,7.978195887784449
12870,CCW,3,0.9420000000000001,7.963964029579736
12870,CCW,3,0.9430000000000001,7.950383730640703
12870,CCW,3,0.9440000000000001,7.936605981375357
12870,CCW,3,0.9450000000000001,7.922544109243579
12870,CCW,3,0.9460000000000001,7.908664384624999
12870,CCW,3,0.9470000000000001,7.89484085130433
12870,CCW,3,0.9480000000000001,7.880622920114267
12870,CCW,3,0.9490000000000001,7.86682103696218
12870,CCW,3,0.9500000000000001,7.853438640507385
12870,CCW,3,0.9510000000000001,7.839685216631642
12870,CCW,3,0.9520000000000001,7.825366330032461
12870,CCW,3,0.9530000000000001,7.811201753216175
12870,CCW,3,0.9540000000000001,7.797324341386813
12870,CCW,3,0.9550000000000001,7.782886455547295
12870,CCW,3,0.9560000000000001,7.767679363560394
12870,CCW,3,0.9570000000000001,7.753086439765398
12870,CCW,3,0.9580000000000001,7.739551635621677
12870,CCW,3,0.9590000000000001,7.725650740886737
12870,CCW,3,0.96,7.710585243231907
12870,CCW,3,0.961,7.695228541798383
12870,CCW,3,0.962,7.680454336260822
12870,CCW,3,0.963,7.665663194739014
12870,CCW,3,0.964,7.650641751385051
12870,CCW,3,0.965,7.635827134316722
12870,CCW,3,0.966,7.621571473266024
12870,CCW,3,0.967,7.607618204216399
12870,CCW,3,0.968,7.593489961047808
12870,CCW,3,0.969,7.579656028502962
12870,CCW,3,0.97,7.565891975133282
12870,CCW,3,0.971,7.551737139582743
12870,CCW,3,0.972,7.537151785540321
12870,CCW,3,0.973,7.523359495915592
12870,CCW,3,0.974,7.510664909160414
12870,CCW,3,0.975,7.497886872452437
12870,CCW,3,0.976,7.484033232821634
12870,CCW,3,0.977,7.469782249610918
12870,CCW,3,0.978,7.455573855289184
12870,CCW,3,0.979,7.441166536302963
12870,CCW,3,0.98,7.426698003438847
12870,CCW,3,0.981,7.413178209256535
12870,CCW,3,0.982,7.400858844691662
12870,CCW,3,0.983,7.389308194059111
12870,CCW,3,0.984,7.377767799687044
12870,CCW,3,0.985,7.365808191778418
12870,CCW,3,0.986,7.3527096053827306
12870,CCW,3,0.987,7.338931152415684
12870,CCW,3,0.988,7.324507295081568
12870,CCW,3,0.989,7.30975615956453
12870,CCW,3,0.99,7.295534838566285
12870,CCW,3,0.991,7.280669328071526
12870,CCW,3,0.992,7.2661173941383765
12870,CCW,3,0.993,7.25106106697051
12870,CCW,3,0.994,7.236160308761227
12870,CCW,3,0.995,7.221012866097911
12870,CCW,3,0.996,7.205777680176356
12870,CCW,3,0.997,7.190863875285336
12870,CCW,3,0.998,7.1764364704364985
12870,CCW,3,0.999,7.162854405042346
12870,CCW,3,1.0,7.14965994267623
12870,CCW,4,0.0,0.0
12870,CCW,4,0.001,0.00023925796033784802
12870,CCW,4,0.002,0.001143998225711634
12870,CCW,4,0.003,0.0032076114009199842
12870,CCW,4,0.004,0.005832797104116704
12870,CCW,4,0.005,0.007595597561239191
12870,CCW,4,0.006,0.010135918165152169
12870,CCW,4,0.007,0.011911710370656586
12870,CCW,4,0.008,0.013275988301781146
12870,CCW,4,0.009000000000000001,0.013653926446647325
12870,CCW,4,0.01,0.013423687188985118
12870,CCW,4,0.011,0.013328531822267151
12870,CCW,4,0.012,0.012156039625421573
12870,CCW,4,0.013000000000000001,0.00817782188456188
12870,CCW,4,0.014,0.007532390527303698
12870,CCW,4,0.015,0.005070567368451709
12870,CCW,4,0.016,0.0059555300245587835
12870,CCW,4,0.017,0.007336165285297979
12870,CCW,4,0.018000000000000002,0.00789550217970431
12870,CCW,4,0.019,0.009882661970764246
12870,CCW,4,0.02,0.009665789776989394
12870,CCW,4,0.021,0.008477841994554118
12870,CCW,4,0.022,0.010150793186066666
12870,CCW,4,0.023,0.008491561700366336
12870,CCW,4,0.024,0.008372111208870341
12870,CCW,4,0.025,0.005019268883233161
12870,CCW,4,0.026000000000000002,0.004612676572050488
12870,CCW,4,0.027,0.005380539338556157
12870,CCW,4,0.028,0.0122720729064527
12870,CCW,4,0.029,0.015535132610741445
12870,CCW,4,0.03,0.020154895686213203
12870,CCW,4,0.031,0.02178073216273296
12870,CCW,4,0.032,0.02097160713813166
12870,CCW,4,0.033,0.01874314312239131
12870,CCW,4,0.034,0.014060322806598925
12870,CCW,4,0.035,0.007078216937940299
12870,CCW,4,0.036000000000000004,0.004823048486111293
12870,CCW,4,0.037,0.005058967079819017
12870,CCW,4,0.038,0.00553639728856512
12870,CCW,4,0.039,0.005378441656348996
12870,CCW,4,0.04,0.005184811261309602
12870,CCW,4,0.041,0.00782592507768263
12870,CCW,4,0.042,0.01146387286667664
12870,CCW,4,0.043000000000000003,0.02171406786408903
12870,CCW,4,0.044,0.028272164817465122
12870,CCW,4,0.045,0.0346764113351345
12870,CCW,4,0.046,0.04111001977845758
12870,CCW,4,0.047,0.04702425165621875
12870,CCW,4,0.048,0.05140725799375029
12870,CCW,4,0.049,0.05512147394565677
12870,CCW,4,0.05,0.05876032427384295
12870,CCW,4,0.051000000000000004,0.06177609701201132
12870,CCW,4,0.052000000000000005,0.06463777534590305
12870,CCW,4,0.053,0.06655681552149072
12870,CCW,4,0.054,0.07037843120483439
12870,CCW,4,0.055,0.07796666492394135
12870,CCW,4,0.056,0.08311819995559937
12870,CCW,4,0.057,0.09111102911713308
12870,CCW,4,0.058,0.09805606307661624
12870,CCW,4,0.059000000000000004,0.10553779547254481
12870,CCW,4,0.06,0.11193383504703515
12870,CCW,4,0.061,0.11950526694054633
12870,CCW,4,0.062,0.12845654364360848
12870,CCW,4,0.063,0.1388823460359508
12870,CCW,4,0.064,0.14866983765295952
12870,CCW,4,0.065,0.163106600647387
12870,CCW,4,0.066,0.1711613083957488
12870,CCW,4,0.067,0.1758764865064996
12870,CCW,4,0.068,0.18484839149019308
12870,CCW,4,0.069,0.1877215275984442
12870,CCW,4,0.07,0.18815367858345364
12870,CCW,4,0.07100000000000001,0.19188166761295194
12870,CCW,4,0.07200000000000001,0.1901942626793585
12870,CCW,4,0.073,0.1880732440250373
12870,CCW,4,0.074,0.18866839300623975
12870,CCW,4,0.075,0.1932487254566495
12870,CCW,4,0.076,0.19680777329444638
12870,CCW,4,0.077,0.20123777072001056
12870,CCW,4,0.078,0.20587209614451016
12870,CCW,4,0.079,0.21060295095828238
12870,CCW,4,0.08,0.2143900162353082
12870,CCW,4,0.081,0.22413213512804298
12870,CCW,4,0.082,0.23398536532226313
12870,CCW,4,0.083,0.24336370297745613
12870,CCW,4,0.084,0.252555703313725
12870,CCW,4,0.085,0.2570826780760642
12870,CCW,4,0.08600000000000001,0.2598767905692931
12870,CCW,4,0.08700000000000001,0.26680721975502075
12870,CCW,4,0.088,0.2729859074368188
12870,CCW,4,0.089,0.2741530767344247
12870,CCW,4,0.09,0.275857753916968
12870,CCW,4,0.091,0.27761074073054604
12870,CCW,4,0.092,0.28240402493566846
12870,CCW,4,0.093,0.28838436636353243
12870,CCW,4,0.094,0.2926780115350502
12870,CCW,4,0.095,0.30166894419087165
12870,CCW,4,0.096,0.31047043971552246
12870,CCW,4,0.097,0.32000270140264353
12870,CCW,4,0.098,0.3254856685506397
12870,CCW,4,0.099,0.3333970440768625
12870,CCW,4,0.1,0.3418598683826568
12870,CCW,4,0.101,0.3480857276952735
12870,CCW,4,0.10200000000000001,0.36018778894330117
12870,CCW,4,0.10300000000000001,0.36987058765075087
12870,CCW,4,0.10400000000000001,0.3747740755962031
12870,CCW,4,0.105,0.37871984114600654
12870,CCW,4,0.106,0.3822176755774699
12870,CCW,4,0.107,0.38683179743570484
12870,CCW,4,0.108,0.39094412273423035
12870,CCW,4,0.109,0.39410579373877236
12870,CCW,4,0.11,0.3962300366138537
12870,CCW,4,0.111,0.397270635856935
12870,CCW,4,0.112,0.396269800147931
12870,CCW,4,0.113,0.3939245269609109
12870,CCW,4,0.114,0.38987129358727063
12870,CCW,4,0.115,0.38473199331592856
12870,CCW,4,0.116,0.37848894546001144
12870,CCW,4,0.117,0.3717023812107121
12870,CCW,4,0.11800000000000001,0.36614667241167337
12870,CCW,4,0.11900000000000001,0.3606325962267303
12870,CCW,4,0.12,0.3555734188573689
12870,CCW,4,0.121,0.34872097808560526
12870,CCW,4,0.122,0.34311053104654166
12870,CCW,4,0.123,0.34196171351840876
12870,CCW,4,0.124,0.3393703106858799
12870,CCW,4,0.125,0.33689339231250665
12870,CCW,4,0.126,0.3348695376368369
12870,CCW,4,0.127,0.33346757997030474
12870,CCW,4,0.128,0.333049919039721
12870,CCW,4,0.129,0.32972757302549505
12870,CCW,4,0.13,0.32688777611488085
12870,CCW,4,0.131,0.32607140034164106
12870,CCW,4,0.132,0.32295209973586775
12870,CCW,4,0.133,0.3126463414113775
12870,CCW,4,0.134,0.29721350210787945
12870,CCW,4,0.135,0.2775639860146561
12870,CCW,4,0.136,0.2556742212038494
12870,CCW,4,0.137,0.23351025346524415
12870,CCW,4,0.138,0.21437686143168008
12870,CCW,4,0.139,0.20043700452026952
12870,CCW,4,0.14,0.18836081360072643
12870,CCW,4,0.14100000000000001,0.18588795784073434
12870,CCW,4,0.14200000000000002,0.18761667247721195
12870,CCW,4,0.14300000000000002,0.1894197034261701
12870,CCW,4,0.14400000000000002,0.1879812733715873
12870,CCW,4,0.145,0.17406937616746923
12870,CCW,4,0.146,0.16384691445553803
12870,CCW,4,0.147,0.15362008855000459
12870,CCW,4,0.148,0.14165592191348125
12870,CCW,4,0.149,0.1352514876200754
12870,CCW,4,0.15,0.13264232704341739
12870,CCW,4,0.151,0.13313696675508432
12870,CCW,4,0.152,0.13686893271053424
12870,CCW,4,0.153,0.14350387078339993
12870,CCW,4,0.154,0.1500971642975921
12870,CCW,4,0.155,0.1499574261441561
12870,CCW,4,0.156,0.13718887107415542
12870,CCW,4,0.157,0.11620267646072806
12870,CCW,4,0.158,0.08577128901353714
12870,CCW,4,0.159,0.06630602656711286
12870,CCW,4,0.16,0.04267903286487748
12870,CCW,4,0.161,0.02831869787282391
12870,CCW,4,0.162,0.03288779585261322
12870,CCW,4,0.163,0.03291571893490948
12870,CCW,4,0.164,0.049565537040994895
12870,CCW,4,0.165,0.06948940078274156
12870,CCW,4,0.166,0.08560116668780489
12870,CCW,4,0.167,0.1115576291090989
12870,CCW,4,0.168,0.13399102911461427
12870,CCW,4,0.169,0.15938717847437311
12870,CCW,4,0.17,0.18120044406841646
12870,CCW,4,0.171,0.19929168200432051
12870,CCW,4,0.17200000000000001,0.21998110676810584
12870,CCW,4,0.17300000000000001,0.23705214810333294
12870,CCW,4,0.17400000000000002,0.24487176001001507
12870,CCW,4,0.17500000000000002,0.245948205551846
12870,CCW,4,0.176,0.24108171173624596
12870,CCW,4,0.177,0.23873328321297585
12870,CCW,4,0.178,0.2139009044740119
12870,CCW,4,0.179,0.19311877391913454
12870,CCW,4,0.18,0.1713311185665119
12870,CCW,4,0.181,0.15656768823118639
12870,CCW,4,0.182,0.1537220428748302
12870,CCW,4,0.183,0.156087660156375
12870,CCW,4,0.184,0.14977816302149446
12870,CCW,4,0.185,0.15918803323699335
12870,CCW,4,0.186,0.16884043816307973
12870,CCW,4,0.187,0.18598017606043843
12870,CCW,4,0.188,0.20550718704600202
12870,CCW,4,0.189,0.22607846624588293
12870,CCW,4,0.19,0.24970425843251226
12870,CCW,4,0.191,0.2753217743340589
12870,CCW,4,0.192,0.30074662106096745
12870,CCW,4,0.193,0.32727438813895454
12870,CCW,4,0.194,0.35316302099581326
12870,CCW,4,0.195,0.37153242786414004
12870,CCW,4,0.196,0.37001380105511816
12870,CCW,4,0.197,0.37779742636534586
12870,CCW,4,0.198,0.3864630562889871
12870,CCW,4,0.199,0.3870471674187695
12870,CCW,4,0.2,0.388721891914261
12870,CCW,4,0.201,0.3970280301989863
12870,CCW,4,0.202,0.40187565367762823
12870,CCW,4,0.203,0.40252320364819655
12870,CCW,4,0.20400000000000001,0.3995305381563069
12870,CCW,4,0.20500000000000002,0.3890945916841079
12870,CCW,4,0.20600000000000002,0.38091673899070094
12870,CCW,4,0.20700000000000002,0.36991985953624196
12870,CCW,4,0.20800000000000002,0.3616801961592884
12870,CCW,4,0.209,0.352093822852652
12870,CCW,4,0.21,0.3473072482584287
12870,CCW,4,0.211,0.3455497308715327
12870,CCW,4,0.212,0.34604627077119965
12870,CCW,4,0.213,0.3501818767656833
12870,CCW,4,0.214,0.35317758128334487
12870,CCW,4,0.215,0.35467576652038074
12870,CCW,4,0.216,0.35820696338163577
12870,CCW,4,0.217,0.360291448769052
12870,CCW,4,0.218,0.3638982379437844
12870,CCW,4,0.219,0.3652731116152765
12870,CCW,4,0.22,0.3659915950495935
12870,CCW,4,0.221,0.36732443803202064
12870,CCW,4,0.222,0.3685164967364711
12870,CCW,4,0.223,0.3687402652619383
12870,CCW,4,0.224,0.3707505447758392
12870,CCW,4,0.225,0.3708444596312153
12870,CCW,4,0.226,0.3721138487423141
12870,CCW,4,0.227,0.3736281839038241
12870,CCW,4,0.228,0.3756743961824919
12870,CCW,4,0.229,0.37902834551583475
12870,CCW,4,0.23,0.38324919808493946
12870,CCW,4,0.231,0.3882226075182562
12870,CCW,4,0.232,0.3924201207751103
12870,CCW,4,0.233,0.39676760571050124
12870,CCW,4,0.234,0.4014459651247577
12870,CCW,4,0.23500000000000001,0.40657784726381163
12870,CCW,4,0.23600000000000002,0.4118728329860044
12870,CCW,4,0.23700000000000002,0.4188050172175182
12870,CCW,4,0.23800000000000002,0.4264453996794433
12870,CCW,4,0.23900000000000002,0.4370625329991627
12870,CCW,4,0.24,0.4470089762429718
12870,CCW,4,0.241,0.4572982001311594
12870,CCW,4,0.242,0.46762529432082506
12870,CCW,4,0.243,0.4794243913289264
12870,CCW,4,0.244,0.49083854007664524
12870,CCW,4,0.245,0.5023380389880628
12870,CCW,4,0.246,0.5144202373071612
12870,CCW,4,0.247,0.526964711532608
12870,CCW,4,0.248,0.5313776989017566
12870,CCW,4,0.249,0.5437761830081564
12870,CCW,4,0.25,0.5557682084880762
12870,CCW,4,0.251,0.5715301726414402
12870,CCW,4,0.252,0.5870901648565452
12870,CCW,4,0.253,0.6039127769364262
12870,CCW,4,0.254,0.6224432545980614
12870,CCW,4,0.255,0.6494536267117915
12870,CCW,4,0.256,0.6691365729102636
12870,CCW,4,0.257,0.7018358423138225
12870,CCW,4,0.258,0.7263543529625037
12870,CCW,4,0.259,0.7359012369382317
12870,CCW,4,0.26,0.7420960827891405
12870,CCW,4,0.261,0.7480764829456535
12870,CCW,4,0.262,0.7528226079049524
12870,CCW,4,0.263,0.7465205227619626
12870,CCW,4,0.264,0.7586528248412331
12870,CCW,4,0.265,0.7457781753693801
12870,CCW,4,0.266,0.7357758508320387
12870,CCW,4,0.267,0.7271308585086022
12870,CCW,4,0.268,0.7188812535791853
12870,CCW,4,0.269,0.7262316034955251
12870,CCW,4,0.27,0.7265993132713799
12870,CCW,4,0.271,0.7367564554609496
12870,CCW,4,0.272,0.7430162389717424
12870,CCW,4,0.273,0.7494559011250489
12870,CCW,4,0.274,0.7562552096320434
12870,CCW,4,0.275,0.7735516779848626
12870,CCW,4,0.276,0.7724648981774949
12870,CCW,4,0.277,0.7706303592991325
12870,CCW,4,0.278,0.7630475961131347
12870,CCW,4,0.279,0.7476868872160749
12870,CCW,4,0.28,0.7310711030171286
12870,CCW,4,0.281,0.7144564344272798
12870,CCW,4,0.28200000000000003,0.6968745012857978
12870,CCW,4,0.28300000000000003,0.6866434804530288
12870,CCW,4,0.28400000000000003,0.6734039178545848
12870,CCW,4,0.28500000000000003,0.6693100332205896
12870,CCW,4,0.28600000000000003,0.6738133388048082
12870,CCW,4,0.28700000000000003,0.6837153119486996
12870,CCW,4,0.28800000000000003,0.7016700777068475
12870,CCW,4,0.289,0.7223787619142218
12870,CCW,4,0.29,0.7384699612249412
12870,CCW,4,0.291,0.7674425208833012
12870,CCW,4,0.292,0.7863961176356367
12870,CCW,4,0.293,0.8102506882610675
12870,CCW,4,0.294,0.8339023383573736
12870,CCW,4,0.295,0.8634656845450985
12870,CCW,4,0.296,0.9057766760885364
12870,CCW,4,0.297,0.9577482468201245
12870,CCW,4,0.298,1.0202544471036492
12870,CCW,4,0.299,1.087030138969596
12870,CCW,4,0.3,1.1491993111189467
12870,CCW,4,0.301,1.2115269968237818
12870,CCW,4,0.302,1.2617403921547723
12870,CCW,4,0.303,1.2865832635620427
12870,CCW,4,0.304,1.290018208723247
12870,CCW,4,0.305,1.2752720496934233
12870,CCW,4,0.306,1.237771173102996
12870,CCW,4,0.307,1.1922150688536288
12870,CCW,4,0.308,1.1398452138267288
12870,CCW,4,0.309,1.0808481227778262
12870,CCW,4,0.31,1.0236258881026326
12870,CCW,4,0.311,0.9679379261426911
12870,CCW,4,0.312,0.914872844737818
12870,CCW,4,0.313,0.8647211719205377
12870,CCW,4,0.314,0.8198531848134654
12870,CCW,4,0.315,0.7751582556614481
12870,CCW,4,0.316,0.7347597139707424
12870,CCW,4,0.317,0.6922296242064466
12870,CCW,4,0.318,0.6541246131212496
12870,CCW,4,0.319,0.615053958666639
12870,CCW,4,0.32,0.5796520567158451
12870,CCW,4,0.321,0.5457153250863491
12870,CCW,4,0.322,0.5124080484401075
12870,CCW,4,0.323,0.4829081733860506
12870,CCW,4,0.324,0.45383011040099086
12870,CCW,4,0.325,0.42762363436017814
12870,CCW,4,0.326,0.4029606299267405
12870,CCW,4,0.327,0.3813842623870699
12870,CCW,4,0.328,0.3622571491738497
12870,CCW,4,0.329,0.3450650391957363
12870,CCW,4,0.33,0.3300879244274966
12870,CCW,4,0.331,0.3162374963607335
12870,CCW,4,0.332,0.304294880961533
12870,CCW,4,0.333,0.29448120881812173
12870,CCW,4,0.334,0.28545780670291276
12870,CCW,4,0.335,0.2781540769842106
12870,CCW,4,0.336,0.27232533237544826
12870,CCW,4,0.337,0.26785211625585914
12870,CCW,4,0.338,0.2652056187106632
12870,CCW,4,0.339,0.2640257517054948
12870,CCW,4,0.34,0.26443820379543015
12870,CCW,4,0.341,0.2661805585009207
12870,CCW,4,0.342,0.26891903717619375
12870,CCW,4,0.343,0.27211193354223595
12870,CCW,4,0.34400000000000003,0.27592576752994286
12870,CCW,4,0.34500000000000003,0.2804988695430899
12870,CCW,4,0.34600000000000003,0.2852903652101828
12870,CCW,4,0.34700000000000003,0.2899831052958454
12870,CCW,4,0.34800000000000003,0.29513903981244244
12870,CCW,4,0.34900000000000003,0.30046127810096035
12870,CCW,4,0.35000000000000003,0.30594710637550615
12870,CCW,4,0.35100000000000003,0.3119671104282149
12870,CCW,4,0.352,0.31864558968449647
12870,CCW,4,0.353,0.32550705677361264
12870,CCW,4,0.354,0.3325577833943953
12870,CCW,4,0.355,0.34023019900537466
12870,CCW,4,0.356,0.34825073249033583
12870,CCW,4,0.357,0.3562726191193928
12870,CCW,4,0.358,0.36382680912988596
12870,CCW,4,0.359,0.37101002228195595
12870,CCW,4,0.36,0.37781487405271874
12870,CCW,4,0.361,0.3837399539659134
12870,CCW,4,0.362,0.38891566084110346
12870,CCW,4,0.363,0.3936826314753506
12870,CCW,4,0.364,0.3983706594460349
12870,CCW,4,0.365,0.40333271927608216
12870,CCW,4,0.366,0.40900698407374364
12870,CCW,4,0.367,0.4151771486355297
12870,CCW,4,0.368,0.4212329737693481
12870,CCW,4,0.369,0.4271159737825481
12870,CCW,4,0.37,0.4336565953956194
12870,CCW,4,0.371,0.4411338688299951
12870,CCW,4,0.372,0.44862585840256475
12870,CCW,4,0.373,0.45547175918796584
12870,CCW,4,0.374,0.4618504498128387
12870,CCW,4,0.375,0.46791994415379706
12870,CCW,4,0.376,0.47350714052716436
12870,CCW,4,0.377,0.4783667932003625
12870,CCW,4,0.378,0.48258648625548356
12870,CCW,4,0.379,0.48656954958062615
12870,CCW,4,0.38,0.4905146353960683
12870,CCW,4,0.381,0.4947235184749477
12870,CCW,4,0.382,0.4997002437726425
12870,CCW,4,0.383,0.5055298960820607
12870,CCW,4,0.384,0.511661635404886
12870,CCW,4,0.385,0.5179109962375351
12870,CCW,4,0.386,0.5232525936028621
12870,CCW,4,0.387,0.5299607555993021
12870,CCW,4,0.388,0.5366614942309982
12870,CCW,4,0.389,0.5427266935858731
12870,CCW,4,0.39,0.5473714288652944
12870,CCW,4,0.391,0.5510093197733877
12870,CCW,4,0.392,0.5547790003655338
12870,CCW,4,0.393,0.558606706084611
12870,CCW,4,0.394,0.5621955259543638
12870,CCW,4,0.395,0.5636950116242938
12870,CCW,4,0.396,0.5670842429128701
12870,CCW,4,0.397,0.5682798422745847
12870,CCW,4,0.398,0.5700081756233889
12870,CCW,4,0.399,0.5722118265574316
12870,CCW,4,0.4,0.5745612581005572
12870,CCW,4,0.401,0.5769896211948192
12870,CCW,4,0.402,0.5843420128977295
12870,CCW,4,0.403,0.5918978565937975
12870,CCW,4,0.404,0.5944181505016076
12870,CCW,4,0.405,0.597332191503847
12870,CCW,4,0.406,0.5950996849072767
12870,CCW,4,0.40700000000000003,0.5888409437093204
12870,CCW,4,0.40800000000000003,0.5828984122969962
12870,CCW,4,0.40900000000000003,0.5813502536694516
12870,CCW,4,0.41000000000000003,0.5784040430561807
12870,CCW,4,0.41100000000000003,0.5653164910391704
12870,CCW,4,0.41200000000000003,0.5616582958108096
12870,CCW,4,0.41300000000000003,0.5554798703295991
12870,CCW,4,0.41400000000000003,0.5308482052395059
12870,CCW,4,0.41500000000000004,0.5328746499428294
12870,CCW,4,0.41600000000000004,0.515723024671903
12870,CCW,4,0.417,0.5219721055885637
12870,CCW,4,0.418,0.5317290795758289
12870,CCW,4,0.419,0.5416907670650264
12870,CCW,4,0.42,0.5680284329920308
12870,CCW,4,0.421,0.5826611018298402
12870,CCW,4,0.422,0.6091356702989494
12870,CCW,4,0.423,0.6321674673921173
12870,CCW,4,0.424,0.6479664688628783
12870,CCW,4,0.425,0.6593698568647294
12870,CCW,4,0.426,0.6631477201404934
12870,CCW,4,0.427,0.6698195368826342
12870,CCW,4,0.428,0.6762463479065842
12870,CCW,4,0.429,0.6961706401940501
12870,CCW,4,0.43,0.7017930516395512
12870,CCW,4,0.431,0.7191093100159945
12870,CCW,4,0.432,0.7182518345564063
12870,CCW,4,0.433,0.7254823512661245
12870,CCW,4,0.434,0.7171268523834168
12870,CCW,4,0.435,0.7075454089583393
12870,CCW,4,0.436,0.7015851002983635
12870,CCW,4,0.437,0.6944189874707817
12870,CCW,4,0.438,0.6795140537844668
12870,CCW,4,0.439,0.669625155119057
12870,CCW,4,0.44,0.6581581581938704
12870,CCW,4,0.441,0.6511011844275024
12870,CCW,4,0.442,0.6418862007841066
12870,CCW,4,0.443,0.6341960417153878
12870,CCW,4,0.444,0.6271060593815108
12870,CCW,4,0.445,0.6198829561690107
12870,CCW,4,0.446,0.6145773708405292
12870,CCW,4,0.447,0.6087701491671912
12870,CCW,4,0.448,0.6048089449790518
12870,CCW,4,0.449,0.6040530692642756
12870,CCW,4,0.45,0.6039663830196912
12870,CCW,4,0.451,0.60280712244597
12870,CCW,4,0.452,0.6035918155553774
12870,CCW,4,0.453,0.6039676516033202
12870,CCW,4,0.454,0.6043581802910054
12870,CCW,4,0.455,0.6040920760102237
12870,CCW,4,0.456,0.6047098619198065
12870,CCW,4,0.457,0.605449785860559
12870,CCW,4,0.458,0.6051042692516432
12870,CCW,4,0.459,0.6052023523777649
12870,CCW,4,0.46,0.6050853271220574
12870,CCW,4,0.461,0.6041564359216596
12870,CCW,4,0.462,0.603139602101351
12870,CCW,4,0.463,0.6032118327699862
12870,CCW,4,0.464,0.6037230058051143
12870,CCW,4,0.465,0.6034749455924984
12870,CCW,4,0.466,0.6039852481269667
12870,CCW,4,0.467,0.6050249928983817
12870,CCW,4,0.468,0.6062239183712125
12870,CCW,4,0.46900000000000003,0.6080968226445964
12870,CCW,4,0.47000000000000003,0.6096598580149281
12870,CCW,4,0.47100000000000003,0.6111576911903096
12870,CCW,4,0.47200000000000003,0.6130377445560393
12870,CCW,4,0.47300000000000003,0.6146352111484966
12870,CCW,4,0.47400000000000003,0.6157886061514624
12870,CCW,4,0.47500000000000003,0.6169753542576005
12870,CCW,4,0.47600000000000003,0.6178962027586845
12870,CCW,4,0.47700000000000004,0.6181033159736273
12870,CCW,4,0.47800000000000004,0.6185693490467313
12870,CCW,4,0.47900000000000004,0.6192010579245124
12870,CCW,4,0.48,0.6197551841961945
12870,CCW,4,0.481,0.6204088789163104
12870,CCW,4,0.482,0.621739670712938
12870,CCW,4,0.483,0.6234507791981282
12870,CCW,4,0.484,0.625463875850868
12870,CCW,4,0.485,0.6276963561596696
12870,CCW,4,0.486,0.6296719319743154
12870,CCW,4,0.487,0.6317298347724556
12870,CCW,4,0.488,0.633561010083088
12870,CCW,4,0.489,0.6350518104635321
12870,CCW,4,0.49,0.6362255148233095
12870,CCW,4,0.491,0.6370471060774908
12870,CCW,4,0.492,0.6378816044295633
12870,CCW,4,0.493,0.6385354403055492
12870,CCW,4,0.494,0.6391988948438571
12870,CCW,4,0.495,0.6398683966137874
12870,CCW,4,0.496,0.6408644647477436
12870,CCW,4,0.497,0.6420741458279441
12870,CCW,4,0.498,0.6433707836240098
12870,CCW,4,0.499,0.6448275998226319
12870,CCW,4,0.5,0.6465984347611837
12870,CCW,4,0.501,0.6485264251279597
12870,CCW,4,0.502,0.6503677183675811
12870,CCW,4,0.503,0.6520941720352351
12870,CCW,4,0.504,0.6536968254451838
12870,CCW,4,0.505,0.6552540797364677
12870,CCW,4,0.506,0.6568559800165996
12870,CCW,4,0.507,0.658312748461
12870,CCW,4,0.508,0.6597046649992786
12870,CCW,4,0.509,0.6603905990562644
12870,CCW,4,0.51,0.6608151838260082
12870,CCW,4,0.511,0.6615196503001953
12870,CCW,4,0.512,0.6624930034858005
12870,CCW,4,0.513,0.6636071641725385
12870,CCW,4,0.514,0.6651495990474366
12870,CCW,4,0.515,0.6678407944143857
12870,CCW,4,0.516,0.6713956003780536
12870,CCW,4,0.517,0.674749873088245
12870,CCW,4,0.518,0.677635705094758
12870,CCW,4,0.519,0.6804994663203661
12870,CCW,4,0.52,0.6833019030515405
12870,CCW,4,0.521,0.6857164076561085
12870,CCW,4,0.522,0.6875066604506225
12870,CCW,4,0.523,0.6889266138038405
12870,CCW,4,0.524,0.6901772597554466
12870,CCW,4,0.525,0.6910817840713658
12870,CCW,4,0.526,0.6921352818934655
12870,CCW,4,0.527,0.6937524932239948
12870,CCW,4,0.528,0.6958868903404302
12870,CCW,4,0.529,0.6977906594487175
12870,CCW,4,0.53,0.6997004380488114
12870,CCW,4,0.531,0.7018508755580032
12870,CCW,4,0.532,0.7037112581467765
12870,CCW,4,0.533,0.7053552525536348
12870,CCW,4,0.534,0.7069546217085252
12870,CCW,4,0.535,0.7091016243147885
12870,CCW,4,0.536,0.7110687312608469
12870,CCW,4,0.537,0.7126035085436381
12870,CCW,4,0.538,0.7139925984530137
12870,CCW,4,0.539,0.7153129487241054
12870,CCW,4,0.54,0.7163676385539156
12870,CCW,4,0.541,0.7175154600207648
12870,CCW,4,0.542,0.7192664457693182
12870,CCW,4,0.543,0.7214673904024681
12870,CCW,4,0.544,0.7235714634237096
12870,CCW,4,0.545,0.7252803510357221
12870,CCW,4,0.546,0.7271638698100248
12870,CCW,4,0.547,0.7297622466049958
12870,CCW,4,0.548,0.7327903548044858
12870,CCW,4,0.549,0.7359793569950118
12870,CCW,4,0.55,0.739347486059253
12870,CCW,4,0.551,0.742586643744939
12870,CCW,4,0.552,0.7456622541193818
12870,CCW,4,0.553,0.7487848285688083
12870,CCW,4,0.554,0.7518511379096161
12870,CCW,4,0.555,0.7544553337474444
12870,CCW,4,0.556,0.7564398138845724
12870,CCW,4,0.557,0.7582261723752572
12870,CCW,4,0.558,0.7603786262413154
12870,CCW,4,0.559,0.7626297964849075
12870,CCW,4,0.56,0.7647981643948474
12870,CCW,4,0.561,0.7669289347322709
12870,CCW,4,0.562,0.7692732733227553
12870,CCW,4,0.5630000000000001,0.7723008671438583
12870,CCW,4,0.5640000000000001,0.7757562134052441
12870,CCW,4,0.5650000000000001,0.7794334719226911
12870,CCW,4,0.5660000000000001,0.7832410515000562
12870,CCW,4,0.5670000000000001,0.7872837997524084
12870,CCW,4,0.5680000000000001,0.79151749700635
12870,CCW,4,0.5690000000000001,0.7953010308654769
12870,CCW,4,0.5700000000000001,0.798758865203683
12870,CCW,4,0.5710000000000001,0.8017252013104587
12870,CCW,4,0.5720000000000001,0.804181301813782
12870,CCW,4,0.5730000000000001,0.8064334873322411
12870,CCW,4,0.5740000000000001,0.8086110958524991
12870,CCW,4,0.5750000000000001,0.811009735580326
12870,CCW,4,0.5760000000000001,0.8133708612623518
12870,CCW,4,0.577,0.8157605747977215
12870,CCW,4,0.578,0.8188631312898906
12870,CCW,4,0.579,0.8228993905951811
12870,CCW,4,0.58,0.8268707249451815
12870,CCW,4,0.581,0.830289101167592
12870,CCW,4,0.582,0.8336385051415722
12870,CCW,4,0.583,0.8375627709160341
12870,CCW,4,0.584,0.8411582523184129
12870,CCW,4,0.585,0.8443524592446621
12870,CCW,4,0.586,0.8474283296409924
12870,CCW,4,0.587,0.8501410124963867
12870,CCW,4,0.588,0.852376754163019
12870,CCW,4,0.589,0.8543369502411711
12870,CCW,4,0.59,0.8569095876240759
12870,CCW,4,0.591,0.8600377793577592
12870,CCW,4,0.592,0.8626788072463205
12870,CCW,4,0.593,0.8649920719379754
12870,CCW,4,0.594,0.8679888932432582
12870,CCW,4,0.595,0.8719850404499329
12870,CCW,4,0.596,0.8762069489651634
12870,CCW,4,0.597,0.8802990039589622
12870,CCW,4,0.598,0.8844093953943667
12870,CCW,4,0.599,0.8884636498065693
12870,CCW,4,0.6,0.8925338545332695
12870,CCW,4,0.601,0.8963364356727916
12870,CCW,4,0.602,0.8991218347089392
12870,CCW,4,0.603,0.9009591974112954
12870,CCW,4,0.604,0.9020456788022735
12870,CCW,4,0.605,0.9032158459733387
12870,CCW,4,0.606,0.9050313842944204
12870,CCW,4,0.607,0.907054950605375
12870,CCW,4,0.608,0.9091876567056638
12870,CCW,4,0.609,0.9117371486565313
12870,CCW,4,0.61,0.914569763023541
12870,CCW,4,0.611,0.9172221898671918
12870,CCW,4,0.612,0.9195071687194084
12870,CCW,4,0.613,0.921660908740759
12870,CCW,4,0.614,0.9239216459617862
12870,CCW,4,0.615,0.9265087158295474
12870,CCW,4,0.616,0.9294647672158295
12870,CCW,4,0.617,0.9322408655079009
12870,CCW,4,0.618,0.9343822783436874
12870,CCW,4,0.619,0.9358018112448819
12870,CCW,4,0.62,0.9368198414367294
12870,CCW,4,0.621,0.9378197183219797
12870,CCW,4,0.622,0.9389599125733237
12870,CCW,4,0.623,0.9409227632724534
12870,CCW,4,0.624,0.943347296347868
12870,CCW,4,0.625,0.9463379689135002
12870,CCW,4,0.626,0.9495077041697723
12870,CCW,4,0.627,0.952216357704245
12870,CCW,4,0.628,0.9548175753814212
12870,CCW,4,0.629,0.9579070178440452
12870,CCW,4,0.63,0.9618339018958223
12870,CCW,4,0.631,0.9655605450297717
12870,CCW,4,0.632,0.9686570618385943
12870,CCW,4,0.633,0.9712646682135867
12870,CCW,4,0.634,0.973333646080948
12870,CCW,4,0.635,0.9752301676859139
12870,CCW,4,0.636,0.9770618311895072
12870,CCW,4,0.637,0.9789438461623664
12870,CCW,4,0.638,0.9810123375564299
12870,CCW,4,0.639,0.9833078178358713
12870,CCW,4,0.64,0.9854705911132157
12870,CCW,4,0.641,0.9876800417956176
12870,CCW,4,0.642,0.9907239017862288
12870,CCW,4,0.643,0.9944107817949422
12870,CCW,4,0.644,0.9980294288645777
12870,CCW,4,0.645,1.0013187319321812
12870,CCW,4,0.646,1.0044789463388568
12870,CCW,4,0.647,1.0074893569819796
12870,CCW,4,0.648,1.0098582015761448
12870,CCW,4,0.649,1.0115351369731393
12870,CCW,4,0.65,1.0129507250298604
12870,CCW,4,0.651,1.0143408511736167
12870,CCW,4,0.652,1.0158312920885564
12870,CCW,4,0.653,1.0175532560993057
12870,CCW,4,0.654,1.0196391987331155
12870,CCW,4,0.655,1.0216736524019607
12870,CCW,4,0.656,1.0236913592787016
12870,CCW,4,0.657,1.0265300238145736
12870,CCW,4,0.658,1.0305964459013457
12870,CCW,4,0.659,1.0345712719669524
12870,CCW,4,0.66,1.0376719710518956
12870,CCW,4,0.661,1.040268120620052
12870,CCW,4,0.662,1.04257450439012
12870,CCW,4,0.663,1.0444752845400997
12870,CCW,4,0.664,1.0462717252577174
12870,CCW,4,0.665,1.0482675829471744
12870,CCW,4,0.666,1.049777876376066
12870,CCW,4,0.667,1.0508093854147171
12870,CCW,4,0.668,1.0519191152700598
12870,CCW,4,0.669,1.0534736857470086
12870,CCW,4,0.67,1.055804129530406
12870,CCW,4,0.671,1.058021851706173
12870,CCW,4,0.672,1.059793046174749
12870,CCW,4,0.673,1.0624012361072044
12870,CCW,4,0.674,1.0658874670295817
12870,CCW,4,0.675,1.068636131789993
12870,CCW,4,0.676,1.0704125336669643
12870,CCW,4,0.677,1.0723005895920128
12870,CCW,4,0.678,1.0741669219149943
12870,CCW,4,0.679,1.0762262526884723
12870,CCW,4,0.68,1.0780321409372302
12870,CCW,4,0.681,1.0787164421749382
12870,CCW,4,0.682,1.0800371627432541
12870,CCW,4,0.683,1.0805474346179316
12870,CCW,4,0.684,1.0821378871594494
12870,CCW,4,0.685,1.084153663322483
12870,CCW,4,0.686,1.084542092615063
12870,CCW,4,0.687,1.0846685349778586
12870,CCW,4,0.6880000000000001,1.0863897346557574
12870,CCW,4,0.6890000000000001,1.0888227681185483
12870,CCW,4,0.6900000000000001,1.0886375756518627
12870,CCW,4,0.6910000000000001,1.0907679217990354
12870,CCW,4,0.6920000000000001,1.0914197657790274
12870,CCW,4,0.6930000000000001,1.088438333596784
12870,CCW,4,0.6940000000000001,1.088566859417134
12870,CCW,4,0.6950000000000001,1.086130312449828
12870,CCW,4,0.6960000000000001,1.0847828180259564
12870,CCW,4,0.6970000000000001,1.0806915006147204
12870,CCW,4,0.6980000000000001,1.0796032338695052
12870,CCW,4,0.6990000000000001,1.0782692314097928
12870,CCW,4,0.7000000000000001,1.077989302029254
12870,CCW,4,0.7010000000000001,1.0798550677465044
12870,CCW,4,0.7020000000000001,1.0768676548858898
12870,CCW,4,0.7030000000000001,1.078118175842905
12870,CCW,4,0.704,1.0799790438872778
12870,CCW,4,0.705,1.0826593222074634
12870,CCW,4,0.706,1.0857914591237916
12870,CCW,4,0.707,1.0859574875576021
12870,CCW,4,0.708,1.0852191716333726
12870,CCW,4,0.709,1.0857762453589257
12870,CCW,4,0.71,1.0835682861814697
12870,CCW,4,0.711,1.0795059336415689
12870,CCW,4,0.712,1.0750894840599656
12870,CCW,4,0.713,1.0733055401414022
12870,CCW,4,0.714,1.0723165530101526
12870,CCW,4,0.715,1.072732957550216
12870,CCW,4,0.716,1.0747040966276271
12870,CCW,4,0.717,1.0771187850101023
12870,CCW,4,0.718,1.0788401750471448
12870,CCW,4,0.719,1.078455169404043
12870,CCW,4,0.72,1.0781746053822416
12870,CCW,4,0.721,1.0788485594301753
12870,CCW,4,0.722,1.0782647552248732
12870,CCW,4,0.723,1.0771939182476309
12870,CCW,4,0.724,1.0752524816318607
12870,CCW,4,0.725,1.0728368807631303
12870,CCW,4,0.726,1.0705104051868626
12870,CCW,4,0.727,1.0681358883847492
12870,CCW,4,0.728,1.0668499488758652
12870,CCW,4,0.729,1.0652132820077338
12870,CCW,4,0.73,1.0628481861598644
12870,CCW,4,0.731,1.0610049064022777
12870,CCW,4,0.732,1.0610428792969078
12870,CCW,4,0.733,1.0614262675822908
12870,CCW,4,0.734,1.0620477052682726
12870,CCW,4,0.735,1.0629231862001696
12870,CCW,4,0.736,1.0637094130567202
12870,CCW,4,0.737,1.0633373917102613
12870,CCW,4,0.738,1.0638055923345564
12870,CCW,4,0.739,1.0629488058489573
12870,CCW,4,0.74,1.0620176733217113
12870,CCW,4,0.741,1.061912886244308
12870,CCW,4,0.742,1.061502592227831
12870,CCW,4,0.743,1.06094740119275
12870,CCW,4,0.744,1.0607094799592287
12870,CCW,4,0.745,1.0605205981678492
12870,CCW,4,0.746,1.0605629547503699
12870,CCW,4,0.747,1.0607701364472808
12870,CCW,4,0.748,1.0611439923069503
12870,CCW,4,0.749,1.061547866198372
12870,CCW,4,0.75,1.062043574765899
12870,CCW,4,0.751,1.0623300149751411
12870,CCW,4,0.752,1.0624801164433308
12870,CCW,4,0.753,1.0625957805403714
12870,CCW,4,0.754,1.0626842765432172
12870,CCW,4,0.755,1.0627344783654225
12870,CCW,4,0.756,1.0628048989989411
12870,CCW,4,0.757,1.0629024463988708
12870,CCW,4,0.758,1.0628886389317607
12870,CCW,4,0.759,1.063076389079244
12870,CCW,4,0.76,1.0632813819131017
12870,CCW,4,0.761,1.063765084743378
12870,CCW,4,0.762,1.0644663890594854
12870,CCW,4,0.763,1.0655653006961596
12870,CCW,4,0.764,1.0657644823952521
12870,CCW,4,0.765,1.0668016100498934
12870,CCW,4,0.766,1.0674328609465953
12870,CCW,4,0.767,1.0700262360586272
12870,CCW,4,0.768,1.071655650611227
12870,CCW,4,0.769,1.073083521108935
12870,CCW,4,0.77,1.0748280231610408
12870,CCW,4,0.771,1.076881395292042
12870,CCW,4,0.772,1.0786060530180461
12870,CCW,4,0.773,1.0798449548972398
12870,CCW,4,0.774,1.0822425854303739
12870,CCW,4,0.775,1.0826396076560276
12870,CCW,4,0.776,1.0839069154845629
12870,CCW,4,0.777,1.0843469146179996
12870,CCW,4,0.778,1.0869683931063576
12870,CCW,4,0.779,1.0892622105931022
12870,CCW,4,0.78,1.0930817385678229
12870,CCW,4,0.781,1.0978570578179663
12870,CCW,4,0.782,1.0996836554046625
12870,CCW,4,0.783,1.1011224395575105
12870,CCW,4,0.784,1.1020043014722536
12870,CCW,4,0.785,1.1020560281077096
12870,CCW,4,0.786,1.1012988471526266
12870,CCW,4,0.787,1.0996463760965125
12870,CCW,4,0.788,1.096967369824679
12870,CCW,4,0.789,1.0972447550484132
12870,CCW,4,0.79,1.0963541123612077
12870,CCW,4,0.791,1.0975432959138536
12870,CCW,4,0.792,1.098685623961603
12870,CCW,4,0.793,1.1017923834411192
12870,CCW,4,0.794,1.104631995145761
12870,CCW,4,0.795,1.108462066082276
12870,CCW,4,0.796,1.109925054646514
12870,CCW,4,0.797,1.111922881780636
12870,CCW,4,0.798,1.1129749780703924
12870,CCW,4,0.799,1.1117958361633655
12870,CCW,4,0.8,1.1114192230059332
12870,CCW,4,0.801,1.1101065794262563
12870,CCW,4,0.802,1.1075728595139567
12870,CCW,4,0.803,1.106145948925412
12870,CCW,4,0.804,1.104490131023274
12870,CCW,4,0.805,1.1023293365677624
12870,CCW,4,0.806,1.1001676037997414
12870,CCW,4,0.807,1.0985718750590565
12870,CCW,4,0.808,1.0962736494741936
12870,CCW,4,0.809,1.0948144652846625
12870,CCW,4,0.81,1.0943850415518013
12870,CCW,4,0.811,1.0939450686346777
12870,CCW,4,0.812,1.093405307871615
12870,CCW,4,0.8130000000000001,1.0931824359502056
12870,CCW,4,0.8140000000000001,1.092815882541237
12870,CCW,4,0.8150000000000001,1.0921321579714478
12870,CCW,4,0.8160000000000001,1.0900723965487127
12870,CCW,4,0.8170000000000001,1.0886200073938717
12870,CCW,4,0.8180000000000001,1.0858901760288762
12870,CCW,4,0.8190000000000001,1.0843123269037447
12870,CCW,4,0.8200000000000001,1.0829865045206442
12870,CCW,4,0.8210000000000001,1.0802786330895249
12870,CCW,4,0.8220000000000001,1.0802778298891473
12870,CCW,4,0.8230000000000001,1.079692050414197
12870,CCW,4,0.8240000000000001,1.0783593373386975
12870,CCW,4,0.8250000000000001,1.0795036379335525
12870,CCW,4,0.8260000000000001,1.079719505654053
12870,CCW,4,0.8270000000000001,1.0828865638085325
12870,CCW,4,0.8280000000000001,1.0818686271296276
12870,CCW,4,0.8290000000000001,1.0830494543095825
12870,CCW,4,0.8300000000000001,1.085235699106148
12870,CCW,4,0.8310000000000001,1.0874622712805466
12870,CCW,4,0.8320000000000001,1.0896864024617576
12870,CCW,4,0.833,1.0931511688627393
12870,CCW,4,0.834,1.0960365814560753
12870,CCW,4,0.835,1.100027824622481
12870,CCW,4,0.836,1.1037022287998157
12870,CCW,4,0.837,1.1080362455563104
12870,CCW,4,0.838,1.1137274250430413
12870,CCW,4,0.839,1.1217663401522733
12870,CCW,4,0.84,1.130526464363294
12870,CCW,4,0.841,1.1400018456373757
12870,CCW,4,0.842,1.1450577221402052
12870,CCW,4,0.843,1.1499857578272585
12870,CCW,4,0.844,1.1547819097800367
12870,CCW,4,0.845,1.1578317261082294
12870,CCW,4,0.846,1.162867866802874
12870,CCW,4,0.847,1.161511330254583
12870,CCW,4,0.848,1.1642594110234168
12870,CCW,4,0.849,1.1632470350942579
12870,CCW,4,0.85,1.1677070774066047
12870,CCW,4,0.851,1.1716409065409543
12870,CCW,4,0.852,1.1746415783517978
12870,CCW,4,0.853,1.1748536989378195
12870,CCW,4,0.854,1.1750359267578736
12870,CCW,4,0.855,1.173086089945956
12870,CCW,4,0.856,1.1699334288649044
12870,CCW,4,0.857,1.1676191902371786
12870,CCW,4,0.858,1.1641275379836822
12870,CCW,4,0.859,1.161713632023807
12870,CCW,4,0.86,1.160884167540061
12870,CCW,4,0.861,1.1606328962824943
12870,CCW,4,0.862,1.1590607672484512
12870,CCW,4,0.863,1.1590391066204777
12870,CCW,4,0.864,1.1638845262471622
12870,CCW,4,0.865,1.1723027578463303
12870,CCW,4,0.866,1.186484165370225
12870,CCW,4,0.867,1.2033158517404137
12870,CCW,4,0.868,1.2164894744897918
12870,CCW,4,0.869,1.219937153715203
12870,CCW,4,0.87,1.2295638479069946
12870,CCW,4,0.871,1.2398183228794475
12870,CCW,4,0.872,1.2523374591791279
12870,CCW,4,0.873,1.2672579019241488
12870,CCW,4,0.874,1.2817855498733595
12870,CCW,4,0.875,1.2957414880629314
12870,CCW,4,0.876,1.3054434113197448
12870,CCW,4,0.877,1.3120934444369599
12870,CCW,4,0.878,1.30679255103469
12870,CCW,4,0.879,1.3014286037026543
12870,CCW,4,0.88,1.29076387241715
12870,CCW,4,0.881,1.2747955665702515
12870,CCW,4,0.882,1.2664542827604643
12870,CCW,4,0.883,1.259910083749085
12870,CCW,4,0.884,1.257969347108168
12870,CCW,4,0.885,1.2638432685890346
12870,CCW,4,0.886,1.2731940801569863
12870,CCW,4,0.887,1.2837515552142509
12870,CCW,4,0.888,1.2955884068520962
12870,CCW,4,0.889,1.308366577493563
12870,CCW,4,0.89,1.3213214138730265
12870,CCW,4,0.891,1.3313639532214863
12870,CCW,4,0.892,1.3402047679483835
12870,CCW,4,0.893,1.3427649781469173
12870,CCW,4,0.894,1.3469697246971515
12870,CCW,4,0.895,1.347043457282407
12870,CCW,4,0.896,1.3462771545400816
12870,CCW,4,0.897,1.3451912762596536
12870,CCW,4,0.898,1.3420892950062993
12870,CCW,4,0.899,1.3393070439993073
12870,CCW,4,0.9,1.3383125283562207
12870,CCW,4,0.901,1.3358580777566391
12870,CCW,4,0.902,1.3334069545018552
12870,CCW,4,0.903,1.3326534582177547
12870,CCW,4,0.904,1.3324207788635554
12870,CCW,4,0.905,1.3325461087990196
12870,CCW,4,0.906,1.3305712846681523
12870,CCW,4,0.907,1.3298984539544632
12870,CCW,4,0.908,1.3301967141440558
12870,CCW,4,0.909,1.3291695815723004
12870,CCW,4,0.91,1.3287904666667087
12870,CCW,4,0.911,1.3273696226794758
12870,CCW,4,0.912,1.3246481216119872
12870,CCW,4,0.913,1.3225004270851342
12870,CCW,4,0.914,1.3200138377830726
12870,CCW,4,0.915,1.316565805311161
12870,CCW,4,0.916,1.3130451405719683
12870,CCW,4,0.917,1.3100455046026134
12870,CCW,4,0.918,1.3066453175367636
12870,CCW,4,0.919,1.305094550127617
12870,CCW,4,0.92,1.3042278184628568
12870,CCW,4,0.921,1.3025099160295592
12870,CCW,4,0.922,1.3017433554483997
12870,CCW,4,0.923,1.3011186404053896
12870,CCW,4,0.924,1.301310813735057
12870,CCW,4,0.925,1.3017323601424944
12870,CCW,4,0.926,1.3018210456673442
12870,CCW,4,0.927,1.301856974517946
12870,CCW,4,0.928,1.3010607630854607
12870,CCW,4,0.929,1.3003062880313458
12870,CCW,4,0.93,1.299750973508871
12870,CCW,4,0.931,1.298480722534924
12870,CCW,4,0.932,1.2960907600338096
12870,CCW,4,0.933,1.2928545595734677
12870,CCW,4,0.934,1.2894243655690372
12870,CCW,4,0.935,1.2865971352442658
12870,CCW,4,0.936,1.28445001779222
12870,CCW,4,0.937,1.2824629917317636
12870,CCW,4,0.9380000000000001,1.2805622810595563
12870,CCW,4,0.9390000000000001,1.2790978635058967
12870,CCW,4,0.9400000000000001,1.2783967969549699
12870,CCW,4,0.9410000000000001,1.2783241808374413
12870,CCW,4,0.9420000000000001,1.2787251215708089
12870,CCW,4,0.9430000000000001,1.2792981644301238
12870,CCW,4,0.9440000000000001,1.2794152388627753
12870,CCW,4,0.9450000000000001,1.2791207856166014
12870,CCW,4,0.9460000000000001,1.2781693343193075
12870,CCW,4,0.9470000000000001,1.2768303887942898
12870,CCW,4,0.9480000000000001,1.2747695681544595
12870,CCW,4,0.9490000000000001,1.2725406966331059
12870,CCW,4,0.9500000000000001,1.2706661349083979
12870,CCW,4,0.9510000000000001,1.2690805979787696
12870,CCW,4,0.9520000000000001,1.2678203728757016
12870,CCW,4,0.9530000000000001,1.2669440925352746
12870,CCW,4,0.9540000000000001,1.2668258705007216
12870,CCW,4,0.9550000000000001,1.2668301858588236
12870,CCW,4,0.9560000000000001,1.2665413871643108
12870,CCW,4,0.9570000000000001,1.2665649507522703
12870,CCW,4,0.9580000000000001,1.266743484977401
12870,CCW,4,0.9590000000000001,1.2665161622064984
12870,CCW,4,0.96,1.2654546388804857
12870,CCW,4,0.961,1.2640222118251145
12870,CCW,4,0.962,1.262812804366838
12870,CCW,4,0.963,1.2612715757861386
12870,CCW,4,0.964,1.2591036893029484
12870,CCW,4,0.965,1.2567994512329859
12870,CCW,4,0.966,1.255002619087441
12870,CCW,4,0.967,1.2535777371913508
12870,CCW,4,0.968,1.2521063186521275
12870,CCW,4,0.969,1.2512162180970094
12870,CCW,4,0.97,1.2512780875442446
12870,CCW,4,0.971,1.251756971463907
12870,CCW,4,0.972,1.2521615750770443
12870,CCW,4,0.973,1.252667071833138
12870,CCW,4,0.974,1.2535261176623083
12870,CCW,4,0.975,1.2539639564356246
12870,CCW,4,0.976,1.2532240224541868
12870,CCW,4,0.977,1.2516694914557207
12870,CCW,4,0.978,1.2498709457295265
12870,CCW,4,0.979,1.2475389653853035
12870,CCW,4,0.98,1.2442931171958116
12870,CCW,4,0.981,1.2408264594851233
12870,CCW,4,0.982,1.2376939006365593
12870,CCW,4,0.983,1.2347082425820177
12870,CCW,4,0.984,1.2317664777972352
12870,CCW,4,0.985,1.2290838368483321
12870,CCW,4,0.986,1.226537099261112
12870,CCW,4,0.987,1.224905435124636
12870,CCW,4,0.988,1.2239096497065183
12870,CCW,4,0.989,1.2235324380120194
12870,CCW,4,0.99,1.2231766252171543
12870,CCW,4,0.991,1.2228235763515969
12870,CCW,4,0.992,1.2224507766241692
12870,CCW,4,0.993,1.2213029675845106
12870,CCW,4,0.994,1.2195836673901572
12870,CCW,4,0.995,1.216808904813392
12870,CCW,4,0.996,1.2135528150165655
12870,CCW,4,0.997,1.210517032921444
12870,CCW,4,0.998,1.2079861767201918
12870,CCW,4,0.999,1.2061775354853077
12870,CCW,4,1.0,1.2049972736656618
12870,CCW,5,0.0,0.0
12870,CCW,5,0.001,0.0008428018002520066
12870,CCW,5,0.002,0.0017969312466117133
12870,CCW,5,0.003,0.002443162060134428
12870,CCW,5,0.004,0.002995890712590243
12870,CCW,5,0.005,0.0037530197600854124
12870,CCW,5,0.006,0.004297162876089809
12870,CCW,5,0.007,0.0050341627585842675
12870,CCW,5,0.008,0.005764294912851739
12870,CCW,5,0.009000000000000001,0.0068922891087159115
12870,CCW,5,0.01,0.007817301865615314
12870,CCW,5,0.011,0.009108517420199753
12870,CCW,5,0.012,0.010866623092381615
12870,CCW,5,0.013000000000000001,0.010942827953915097
12870,CCW,5,0.014,0.012555002610429961
12870,CCW,5,0.015,0.012547614677507951
12870,CCW,5,0.016,0.014508817798543388
12870,CCW,5,0.017,0.014454163881790622
12870,CCW,5,0.018000000000000002,0.014817659633110268
12870,CCW,5,0.019,0.015162203835537465
12870,CCW,5,0.02,0.014848634120323828
12870,CCW,5,0.021,0.015454138677178212
12870,CCW,5,0.022,0.016532557762394987
12870,CCW,5,0.023,0.01921661953724821
12870,CCW,5,0.024,0.02175838007488969
12870,CCW,5,0.025,0.024800201729961478
12870,CCW,5,0.026000000000000002,0.02620337794656454
12870,CCW,5,0.027,0.02719206962947622
12870,CCW,5,0.028,0.028757387073238147
12870,CCW,5,0.029,0.026356382024804163
12870,CCW,5,0.03,0.0272918599768932
12870,CCW,5,0.031,0.02880412754841467
12870,CCW,5,0.032,0.02687090197320484
12870,CCW,5,0.033,0.02772986451769759
12870,CCW,5,0.034,0.027265900795124618
12870,CCW,5,0.035,0.0270369055167841
12870,CCW,5,0.036000000000000004,0.02620551638577952
12870,CCW,5,0.037,0.027274968345181366
12870,CCW,5,0.038,0.031007316760444707
12870,CCW,5,0.039,0.03427761219866524
12870,CCW,5,0.04,0.03808495815683323
12870,CCW,5,0.041,0.04309356046405052
12870,CCW,5,0.042,0.04883309299672984
12870,CCW,5,0.043000000000000003,0.05563709450779124
12870,CCW,5,0.044,0.062002699794339505
12870,CCW,5,0.045,0.0646172023936028
12870,CCW,5,0.046,0.06655996730814281
12870,CCW,5,0.047,0.06798127174265835
12870,CCW,5,0.048,0.06923275907751261
12870,CCW,5,0.049,0.07182089186849525
12870,CCW,5,0.05,0.07478177128985432
12870,CCW,5,0.051000000000000004,0.07810371556357397
12870,CCW,5,0.052000000000000005,0.08033583823889935
12870,CCW,5,0.053,0.08119531854223666
12870,CCW,5,0.054,0.08253191859477993
12870,CCW,5,0.055,0.08673429519663066
12870,CCW,5,0.056,0.08870842154164313
12870,CCW,5,0.057,0.09421004632535776
12870,CCW,5,0.058,0.09909728884881418
12870,CCW,5,0.059000000000000004,0.103365776011448
12870,CCW,5,0.06,0.10213792295917908
12870,CCW,5,0.061,0.09690876624198978
12870,CCW,5,0.062,0.09144627667413582
12870,CCW,5,0.063,0.08518903732911771
12870,CCW,5,0.064,0.08263139930044074
12870,CCW,5,0.065,0.08271547396681421
12870,CCW,5,0.066,0.08118762122248727
12870,CCW,5,0.067,0.08105561521618566
12870,CCW,5,0.068,0.08293760667541929
12870,CCW,5,0.069,0.08528400074339376
12870,CCW,5,0.07,0.08688969464956325
12870,CCW,5,0.07100000000000001,0.09317280087981995
12870,CCW,5,0.07200000000000001,0.0946786149059021
12870,CCW,5,0.073,0.09516793721546113
12870,CCW,5,0.074,0.09795184824853756
12870,CCW,5,0.075,0.104285606337342
12870,CCW,5,0.076,0.11065823141452175
12870,CCW,5,0.077,0.11786014176765996
12870,CCW,5,0.078,0.125291735453659
12870,CCW,5,0.079,0.1307188351806986
12870,CCW,5,0.08,0.1331408010212068
12870,CCW,5,0.081,0.1401301040892604
12870,CCW,5,0.082,0.1419477688894287
12870,CCW,5,0.083,0.14300608676723903
12870,CCW,5,0.084,0.14380243846785842
12870,CCW,5,0.085,0.14434420483030727
12870,CCW,5,0.08600000000000001,0.1429018389577394
12870,CCW,5,0.08700000000000001,0.14945351918233177
12870,CCW,5,0.088,0.14730798167462103
12870,CCW,5,0.089,0.14644812361378895
12870,CCW,5,0.09,0.14664293060237818
12870,CCW,5,0.091,0.1480806676508904
12870,CCW,5,0.092,0.1540560407276532
12870,CCW,5,0.093,0.16131764708207189
12870,CCW,5,0.094,0.1663152178418739
12870,CCW,5,0.095,0.17551676180674672
12870,CCW,5,0.096,0.1840894966438198
12870,CCW,5,0.097,0.19180133047421838
12870,CCW,5,0.098,0.19964816935002896
12870,CCW,5,0.099,0.20232550682682265
12870,CCW,5,0.1,0.20887921461849016
12870,CCW,5,0.101,0.21002123268840722
12870,CCW,5,0.10200000000000001,0.2152737251288643
12870,CCW,5,0.10300000000000001,0.21997702220901297
12870,CCW,5,0.10400000000000001,0.224885609050016
12870,CCW,5,0.105,0.2290570377220822
12870,CCW,5,0.106,0.2330539604147357
12870,CCW,5,0.107,0.2378448494478613
12870,CCW,5,0.108,0.24310752423017173
12870,CCW,5,0.109,0.2489206805853696
12870,CCW,5,0.11,0.2552390169423489
12870,CCW,5,0.111,0.26165646401923587
12870,CCW,5,0.112,0.26709571349624167
12870,CCW,5,0.113,0.2719042957588097
12870,CCW,5,0.114,0.27545374337081374
12870,CCW,5,0.115,0.2779313414849219
12870,CCW,5,0.116,0.27877244347712643
12870,CCW,5,0.117,0.2784620756668227
12870,CCW,5,0.11800000000000001,0.2790237541175756
12870,CCW,5,0.11900000000000001,0.27989319277191943
12870,CCW,5,0.12,0.28017621605505766
12870,CCW,5,0.121,0.2793025280736228
12870,CCW,5,0.122,0.2799006580174788
12870,CCW,5,0.123,0.28080290858235957
12870,CCW,5,0.124,0.2813312041513433
12870,CCW,5,0.125,0.2821192879260157
12870,CCW,5,0.126,0.28299834133797097
12870,CCW,5,0.127,0.2845718993559887
12870,CCW,5,0.128,0.2859499508055347
12870,CCW,5,0.129,0.2900269534691532
12870,CCW,5,0.13,0.29250709684079784
12870,CCW,5,0.131,0.30133793120829144
12870,CCW,5,0.132,0.30234158923034365
12870,CCW,5,0.133,0.2989557486806035
12870,CCW,5,0.134,0.2892177094694422
12870,CCW,5,0.135,0.2733912234110874
12870,CCW,5,0.136,0.26035465743325276
12870,CCW,5,0.137,0.24190000401408498
12870,CCW,5,0.138,0.23767542218542229
12870,CCW,5,0.139,0.23018343540460653
12870,CCW,5,0.14,0.2278830666029501
12870,CCW,5,0.14100000000000001,0.227464077706748
12870,CCW,5,0.14200000000000002,0.22867174405455779
12870,CCW,5,0.14300000000000002,0.2272834434676225
12870,CCW,5,0.14400000000000002,0.23380072370867602
12870,CCW,5,0.145,0.2267857276085315
12870,CCW,5,0.146,0.2218583749306988
12870,CCW,5,0.147,0.2173909651548898
12870,CCW,5,0.148,0.21144514631487832
12870,CCW,5,0.149,0.20770165486550332
12870,CCW,5,0.15,0.20654659674036566
12870,CCW,5,0.151,0.20875059479881014
12870,CCW,5,0.152,0.21732210429184257
12870,CCW,5,0.153,0.23063402778819345
12870,CCW,5,0.154,0.2445009231647895
12870,CCW,5,0.155,0.25371089612425496
12870,CCW,5,0.156,0.25970786345250635
12870,CCW,5,0.157,0.2612867133136253
12870,CCW,5,0.158,0.2600452598528801
12870,CCW,5,0.159,0.2543458775898645
12870,CCW,5,0.16,0.24500919305236363
12870,CCW,5,0.161,0.23539449025687428
12870,CCW,5,0.162,0.23031315804710992
12870,CCW,5,0.163,0.22642733967331785
12870,CCW,5,0.164,0.2226432319736147
12870,CCW,5,0.165,0.22105644519634018
12870,CCW,5,0.166,0.22114817925723632
12870,CCW,5,0.167,0.22426448276227093
12870,CCW,5,0.168,0.22857018992039588
12870,CCW,5,0.169,0.23702077531923996
12870,CCW,5,0.17,0.24090413816248457
12870,CCW,5,0.171,0.25108149081668535
12870,CCW,5,0.17200000000000001,0.2611007131006569
12870,CCW,5,0.17300000000000001,0.2631400355475763
12870,CCW,5,0.17400000000000002,0.26723191002579383
12870,CCW,5,0.17500000000000002,0.26465246324586267
12870,CCW,5,0.176,0.2561534645678973
12870,CCW,5,0.177,0.2399481545202171
12870,CCW,5,0.178,0.22120534802201303
12870,CCW,5,0.179,0.20502300126126338
12870,CCW,5,0.18,0.19337299820978004
12870,CCW,5,0.181,0.18111060899163317
12870,CCW,5,0.182,0.17706975851276377
12870,CCW,5,0.183,0.17692182866629186
12870,CCW,5,0.184,0.173629706319137
12870,CCW,5,0.185,0.17887414063644874
12870,CCW,5,0.186,0.18419033598781845
12870,CCW,5,0.187,0.19993958670570053
12870,CCW,5,0.188,0.20974481881472784
12870,CCW,5,0.189,0.2395736530324521
12870,CCW,5,0.19,0.25696076648315486
12870,CCW,5,0.191,0.28381931656648113
12870,CCW,5,0.192,0.30430969257800816
12870,CCW,5,0.193,0.3296710229903894
12870,CCW,5,0.194,0.3386121878779153
12870,CCW,5,0.195,0.34110886692490106
12870,CCW,5,0.196,0.3404395171790965
12870,CCW,5,0.197,0.3411868782714698
12870,CCW,5,0.198,0.33292433125795906
12870,CCW,5,0.199,0.3212062926624231
12870,CCW,5,0.2,0.30940727281358504
12870,CCW,5,0.201,0.2929510712886277
12870,CCW,5,0.202,0.2714449382095887
12870,CCW,5,0.203,0.25257001166427323
12870,CCW,5,0.20400000000000001,0.22274533320192913
12870,CCW,5,0.20500000000000002,0.18269680616257097
12870,CCW,5,0.20600000000000002,0.1364677594240109
12870,CCW,5,0.20700000000000002,0.09498493548684583
12870,CCW,5,0.20800000000000002,0.054035503258766465
12870,CCW,5,0.209,0.011943017386708608
12870,CCW,5,0.21,0.02452357763094005
12870,CCW,5,0.211,0.05496113668864156
12870,CCW,5,0.212,0.08340757490338588
12870,CCW,5,0.213,0.10650359235716102
12870,CCW,5,0.214,0.12670054284093682
12870,CCW,5,0.215,0.14906902961770768
12870,CCW,5,0.216,0.16894529532018762
12870,CCW,5,0.217,0.18584845891129104
12870,CCW,5,0.218,0.20393013148470945
12870,CCW,5,0.219,0.22696976511377862
12870,CCW,5,0.22,0.24688956749185925
12870,CCW,5,0.221,0.2698285909832255
12870,CCW,5,0.222,0.2938388049780415
12870,CCW,5,0.223,0.31746959678581643
12870,CCW,5,0.224,0.341866634770856
12870,CCW,5,0.225,0.367521155094736
12870,CCW,5,0.226,0.3942545225891116
12870,CCW,5,0.227,0.41945567588579097
12870,CCW,5,0.228,0.44336755634227487
12870,CCW,5,0.229,0.4644999882991388
12870,CCW,5,0.23,0.48584658217465604
12870,CCW,5,0.231,0.5044608981931246
12870,CCW,5,0.232,0.5249558968191675
12870,CCW,5,0.233,0.5448433320253423
12870,CCW,5,0.234,0.5655096030518946
12870,CCW,5,0.23500000000000001,0.585611084613266
12870,CCW,5,0.23600000000000002,0.6054856640238462
12870,CCW,5,0.23700000000000002,0.624953768657264
12870,CCW,5,0.23800000000000002,0.6434280022337096
12870,CCW,5,0.23900000000000002,0.6610345037799026
12870,CCW,5,0.24,0.6787533302434462
12870,CCW,5,0.241,0.6970354199106822
12870,CCW,5,0.242,0.7146565041585885
12870,CCW,5,0.243,0.7296048083724144
12870,CCW,5,0.244,0.7506076987519655
12870,CCW,5,0.245,0.765672483363189
12870,CCW,5,0.246,0.781402600160557
12870,CCW,5,0.247,0.8025043949252625
12870,CCW,5,0.248,0.8212508890006349
12870,CCW,5,0.249,0.833846573371263
12870,CCW,5,0.25,0.849159106161397
12870,CCW,5,0.251,0.8638115566367596
12870,CCW,5,0.252,0.8791265544924807
12870,CCW,5,0.253,0.8959230441195098
12870,CCW,5,0.254,0.9073272392021089
12870,CCW,5,0.255,0.932162717105719
12870,CCW,5,0.256,0.954942629988488
12870,CCW,5,0.257,0.9682198480908477
12870,CCW,5,0.258,0.9938143185209214
12870,CCW,5,0.259,1.0119497677280227
12870,CCW,5,0.26,1.0491252238398032
12870,CCW,5,0.261,1.0634392635507757
12870,CCW,5,0.262,1.0993390725432062
12870,CCW,5,0.263,1.1194079520605833
12870,CCW,5,0.264,1.141927261264877
12870,CCW,5,0.265,1.1675863264366197
12870,CCW,5,0.266,1.199701746926671
12870,CCW,5,0.267,1.2211154994026703
12870,CCW,5,0.268,1.2381373304393666
12870,CCW,5,0.269,1.2545990112892904
12870,CCW,5,0.27,1.271859431905037
12870,CCW,5,0.271,1.2993073370065273
12870,CCW,5,0.272,1.3183582431668024
12870,CCW,5,0.273,1.3421569011360084
12870,CCW,5,0.274,1.3669935699626132
12870,CCW,5,0.275,1.3902660772981634
12870,CCW,5,0.276,1.4072319007114573
12870,CCW,5,0.277,1.4301812663317457
12870,CCW,5,0.278,1.4431258927142507
12870,CCW,5,0.279,1.459515163669169
12870,CCW,5,0.28,1.4765498394027723
12870,CCW,5,0.281,1.4920828221652231
12870,CCW,5,0.28200000000000003,1.5187808637035958
12870,CCW,5,0.28300000000000003,1.5326314385142021
12870,CCW,5,0.28400000000000003,1.5486139114015895
12870,CCW,5,0.28500000000000003,1.5636226376560711
12870,CCW,5,0.28600000000000003,1.5774087173447648
12870,CCW,5,0.28700000000000003,1.5791600430451211
12870,CCW,5,0.28800000000000003,1.5885959889087486
12870,CCW,5,0.289,1.5950114981962615
12870,CCW,5,0.29,1.5983880719804584
12870,CCW,5,0.291,1.6045994195811908
12870,CCW,5,0.292,1.6067938777320923
12870,CCW,5,0.293,1.6097733861836354
12870,CCW,5,0.294,1.6117876946472953
12870,CCW,5,0.295,1.6137523628157666
12870,CCW,5,0.296,1.6140768916141521
12870,CCW,5,0.297,1.6131405477162375
12870,CCW,5,0.298,1.6085072447238715
12870,CCW,5,0.299,1.6043422988301228
12870,CCW,5,0.3,1.598445955613448
12870,CCW,5,0.301,1.5908794068198657
12870,CCW,5,0.302,1.5822564202501974
12870,CCW,5,0.303,1.575134673657045
12870,CCW,5,0.304,1.5700461551426623
12870,CCW,5,0.305,1.5675697810825957
12870,CCW,5,0.306,1.5653405061106487
12870,CCW,5,0.307,1.5630429409291167
12870,CCW,5,0.308,1.5577753819040534
12870,CCW,5,0.309,1.5562030301592567
12870,CCW,5,0.31,1.5543791222912
12870,CCW,5,0.311,1.5501850352169801
12870,CCW,5,0.312,1.5477882359790462
12870,CCW,5,0.313,1.5425622951997653
12870,CCW,5,0.314,1.5372983248811793
12870,CCW,5,0.315,1.5308131480855685
12870,CCW,5,0.316,1.524266828854907
12870,CCW,5,0.317,1.5177757119153423
12870,CCW,5,0.318,1.5113315033416468
12870,CCW,5,0.319,1.504893011511284
12870,CCW,5,0.32,1.4988084718558397
12870,CCW,5,0.321,1.4921933784687726
12870,CCW,5,0.322,1.4865467991872416
12870,CCW,5,0.323,1.4809818543788082
12870,CCW,5,0.324,1.4757171923299044
12870,CCW,5,0.325,1.4705258661013183
12870,CCW,5,0.326,1.465782956654548
12870,CCW,5,0.327,1.4597607421207444
12870,CCW,5,0.328,1.454089749567039
12870,CCW,5,0.329,1.4478570005429774
12870,CCW,5,0.33,1.442046551664043
12870,CCW,5,0.331,1.4366687730710168
12870,CCW,5,0.332,1.4308011460284935
12870,CCW,5,0.333,1.4250559647295267
12870,CCW,5,0.334,1.4194175606342065
12870,CCW,5,0.335,1.4139103671300859
12870,CCW,5,0.336,1.4081352441874666
12870,CCW,5,0.337,1.402960642759263
12870,CCW,5,0.338,1.3978603952330628
12870,CCW,5,0.339,1.3929281622308363
12870,CCW,5,0.34,1.3882461476939478
12870,CCW,5,0.341,1.3837201026609978
12870,CCW,5,0.342,1.3795008222535414
12870,CCW,5,0.343,1.3750857440651347
12870,CCW,5,0.34400000000000003,1.3709808728183186
12870,CCW,5,0.34500000000000003,1.3670644235187968
12870,CCW,5,0.34600000000000003,1.3631477182643477
12870,CCW,5,0.34700000000000003,1.359310309662701
12870,CCW,5,0.34800000000000003,1.355583922491632
12870,CCW,5,0.34900000000000003,1.3519876305590246
12870,CCW,5,0.35000000000000003,1.3485933265602115
12870,CCW,5,0.35100000000000003,1.3453168212377604
12870,CCW,5,0.352,1.3422181189761508
12870,CCW,5,0.353,1.3392520978761866
12870,CCW,5,0.354,1.3364247930804447
12870,CCW,5,0.355,1.3339024458445763
12870,CCW,5,0.356,1.331676001310198
12870,CCW,5,0.357,1.3296685278706109
12870,CCW,5,0.358,1.3278337244699971
12870,CCW,5,0.359,1.326175909880084
12870,CCW,5,0.36,1.3247100777812393
12870,CCW,5,0.361,1.3234257333313535
12870,CCW,5,0.362,1.3223348084751043
12870,CCW,5,0.363,1.3214761269435034
12870,CCW,5,0.364,1.3208736730960733
12870,CCW,5,0.365,1.3205400475986346
12870,CCW,5,0.366,1.32044803123472
12870,CCW,5,0.367,1.320578506009342
12870,CCW,5,0.368,1.3209824144237325
12870,CCW,5,0.369,1.321743803277862
12870,CCW,5,0.37,1.3228444338204475
12870,CCW,5,0.371,1.3241970728064738
12870,CCW,5,0.372,1.3257696202139482
12870,CCW,5,0.373,1.3275229077314392
12870,CCW,5,0.374,1.329426427625162
12870,CCW,5,0.375,1.3314369804603985
12870,CCW,5,0.376,1.333538265363941
12870,CCW,5,0.377,1.3357757007294753
12870,CCW,5,0.378,1.3382581947454049
12870,CCW,5,0.379,1.3410999708106048
12870,CCW,5,0.38,1.3443003337414043
12870,CCW,5,0.381,1.347769700469485
12870,CCW,5,0.382,1.3513279478407236
12870,CCW,5,0.383,1.3550068304010952
12870,CCW,5,0.384,1.3590291185719836
12870,CCW,5,0.385,1.3633769677702692
12870,CCW,5,0.386,1.3679943265516838
12870,CCW,5,0.387,1.3723232816749407
12870,CCW,5,0.388,1.3763999579546977
12870,CCW,5,0.389,1.3809424423012224
12870,CCW,5,0.39,1.386168898788931
12870,CCW,5,0.391,1.391987142433105
12870,CCW,5,0.392,1.3980478712329354
12870,CCW,5,0.393,1.4044259962132501
12870,CCW,5,0.394,1.4114104216973837
12870,CCW,5,0.395,1.4191569819863585
12870,CCW,5,0.396,1.4268806295240608
12870,CCW,5,0.397,1.4357336734655135
12870,CCW,5,0.398,1.4440790147935085
12870,CCW,5,0.399,1.4525209544600064
12870,CCW,5,0.4,1.4623899016356723
12870,CCW,5,0.401,1.4724553580160917
12870,CCW,5,0.402,1.4800521388400014
12870,CCW,5,0.403,1.4887847091540218
12870,CCW,5,0.404,1.497522606293954
12870,CCW,5,0.405,1.506368498970724
12870,CCW,5,0.406,1.5139903582166012
12870,CCW,5,0.40700000000000003,1.5232516731540413
12870,CCW,5,0.40800000000000003,1.5296244007652897
12870,CCW,5,0.40900000000000003,1.5359092551257136
12870,CCW,5,0.41000000000000003,1.5444084950064878
12870,CCW,5,0.41100000000000003,1.556596398373506
12870,CCW,5,0.41200000000000003,1.5695421446745843
12870,CCW,5,0.41300000000000003,1.5814318004020762
12870,CCW,5,0.41400000000000003,1.5955692364555718
12870,CCW,5,0.41500000000000004,1.6042562861145218
12870,CCW,5,0.41600000000000004,1.6170508328185307
12870,CCW,5,0.417,1.623600414042549
12870,CCW,5,0.418,1.6353404751322873
12870,CCW,5,0.419,1.6410421165263256
12870,CCW,5,0.42,1.647208619716586
12870,CCW,5,0.421,1.6562671191188547
12870,CCW,5,0.422,1.6607324569570503
12870,CCW,5,0.423,1.6651146393114256
12870,CCW,5,0.424,1.6705581189491276
12870,CCW,5,0.425,1.675370036724397
12870,CCW,5,0.426,1.6784412535383817
12870,CCW,5,0.427,1.6807207890102227
12870,CCW,5,0.428,1.6818915845843403
12870,CCW,5,0.429,1.6819729899123208
12870,CCW,5,0.43,1.6814621591166032
12870,CCW,5,0.431,1.680371065285353
12870,CCW,5,0.432,1.6790326631170407
12870,CCW,5,0.433,1.677510726706936
12870,CCW,5,0.434,1.6759037963982983
12870,CCW,5,0.435,1.6743222733605916
12870,CCW,5,0.436,1.6726580571994853
12870,CCW,5,0.437,1.6702470772696112
12870,CCW,5,0.438,1.6677096463043086
12870,CCW,5,0.439,1.665241614064932
12870,CCW,5,0.44,1.6626738373640115
12870,CCW,5,0.441,1.6602333595878376
12870,CCW,5,0.442,1.6583532519135886
12870,CCW,5,0.443,1.6550437329770775
12870,CCW,5,0.444,1.6517114962808432
12870,CCW,5,0.445,1.6473900219331543
12870,CCW,5,0.446,1.642879425424915
12870,CCW,5,0.447,1.6375604362704173
12870,CCW,5,0.448,1.6326960699271853
12870,CCW,5,0.449,1.6288573185524173
12870,CCW,5,0.45,1.6252826398629219
12870,CCW,5,0.451,1.6214271906476854
12870,CCW,5,0.452,1.618328691418795
12870,CCW,5,0.453,1.6151598964777663
12870,CCW,5,0.454,1.6124560665113257
12870,CCW,5,0.455,1.609473584081972
12870,CCW,5,0.456,1.6068634444839223
12870,CCW,5,0.457,1.6041785043603802
12870,CCW,5,0.458,1.6009506129837427
12870,CCW,5,0.459,1.5979656187335347
12870,CCW,5,0.46,1.5947194151844621
12870,CCW,5,0.461,1.591059969524506
12870,CCW,5,0.462,1.5872724248690089
12870,CCW,5,0.463,1.5839461272573683
12870,CCW,5,0.464,1.5806593664038657
12870,CCW,5,0.465,1.577541798572505
12870,CCW,5,0.466,1.5747114556486188
12870,CCW,5,0.467,1.5721033863436336
12870,CCW,5,0.468,1.569583397975675
12870,CCW,5,0.46900000000000003,1.5673726440503948
12870,CCW,5,0.47000000000000003,1.56522429772391
12870,CCW,5,0.47100000000000003,1.5631736004270107
12870,CCW,5,0.47200000000000003,1.5613068417073785
12870,CCW,5,0.47300000000000003,1.5596010886778275
12870,CCW,5,0.47400000000000003,1.5579585097534407
12870,CCW,5,0.47500000000000003,1.5564571200817143
12870,CCW,5,0.47600000000000003,1.5549030759557487
12870,CCW,5,0.47700000000000004,1.553170598151472
12870,CCW,5,0.47800000000000004,1.5515387049583806
12870,CCW,5,0.47900000000000004,1.5498922029636948
12870,CCW,5,0.48,1.5483386625686126
12870,CCW,5,0.481,1.5467963431560543
12870,CCW,5,0.482,1.5452955656359246
12870,CCW,5,0.483,1.5439193247641545
12870,CCW,5,0.484,1.5426572852561409
12870,CCW,5,0.485,1.5415023668541012
12870,CCW,5,0.486,1.5404572779078616
12870,CCW,5,0.487,1.5395172336880112
12870,CCW,5,0.488,1.538670713756285
12870,CCW,5,0.489,1.5379127742355698
12870,CCW,5,0.49,1.537227518252945
12870,CCW,5,0.491,1.5366187755169294
12870,CCW,5,0.492,1.536106528599022
12870,CCW,5,0.493,1.5357168075420369
12870,CCW,5,0.494,1.5354470504598823
12870,CCW,5,0.495,1.5352777766342898
12870,CCW,5,0.496,1.5351719945272853
12870,CCW,5,0.497,1.5351750500545007
12870,CCW,5,0.498,1.535344749110722
12870,CCW,5,0.499,1.5356601661258875
12870,CCW,5,0.5,1.5360677590977894
12870,CCW,5,0.501,1.536590463110991
12870,CCW,5,0.502,1.537255780487313
12870,CCW,5,0.503,1.5380617511740753
12870,CCW,5,0.504,1.538913890521529
12870,CCW,5,0.505,1.5397713291639192
12870,CCW,5,0.506,1.5406687356386495
12870,CCW,5,0.507,1.5415744762541772
12870,CCW,5,0.508,1.5425086094426037
12870,CCW,5,0.509,1.543725391660302
12870,CCW,5,0.51,1.5452675985370254
12870,CCW,5,0.511,1.546866172512471
12870,CCW,5,0.512,1.5485606194637036
12870,CCW,5,0.513,1.5504883863183705
12870,CCW,5,0.514,1.552623135146793
12870,CCW,5,0.515,1.5547396056851124
12870,CCW,5,0.516,1.5568031214611524
12870,CCW,5,0.517,1.5590735021899313
12870,CCW,5,0.518,1.5615055530060309
12870,CCW,5,0.519,1.5638545680673122
12870,CCW,5,0.52,1.566113376750414
12870,CCW,5,0.521,1.5683156259904647
12870,CCW,5,0.522,1.5705097461096882
12870,CCW,5,0.523,1.5726220050329411
12870,CCW,5,0.524,1.5749083054055493
12870,CCW,5,0.525,1.5776945424364068
12870,CCW,5,0.526,1.5808837833267582
12870,CCW,5,0.527,1.5840405037320147
12870,CCW,5,0.528,1.5870811459578593
12870,CCW,5,0.529,1.5906020371834768
12870,CCW,5,0.53,1.594469841804439
12870,CCW,5,0.531,1.5985368597048606
12870,CCW,5,0.532,1.6029247394656687
12870,CCW,5,0.533,1.6075441592799464
12870,CCW,5,0.534,1.6123273947628016
12870,CCW,5,0.535,1.61678947468418
12870,CCW,5,0.536,1.6212701668924963
12870,CCW,5,0.537,1.6258215706809602
12870,CCW,5,0.538,1.6302355236123935
12870,CCW,5,0.539,1.6344443501320924
12870,CCW,5,0.54,1.6389882586107247
12870,CCW,5,0.541,1.6440304344884455
12870,CCW,5,0.542,1.6491486024768816
12870,CCW,5,0.543,1.6540014962040954
12870,CCW,5,0.544,1.6589966405931673
12870,CCW,5,0.545,1.6645125063358763
12870,CCW,5,0.546,1.6702999194995418
12870,CCW,5,0.547,1.6760943917034254
12870,CCW,5,0.548,1.6819352339867912
12870,CCW,5,0.549,1.687796028322555
12870,CCW,5,0.55,1.6936628041352475
12870,CCW,5,0.551,1.6995210488912575
12870,CCW,5,0.552,1.705326133384155
12870,CCW,5,0.553,1.7107839085742182
12870,CCW,5,0.554,1.7158194352484588
12870,CCW,5,0.555,1.7209169790083394
12870,CCW,5,0.556,1.7265812736322377
12870,CCW,5,0.557,1.7327269460845038
12870,CCW,5,0.558,1.7387518650697473
12870,CCW,5,0.559,1.74490544332936
12870,CCW,5,0.56,1.7516583654666154
12870,CCW,5,0.561,1.758666153941871
12870,CCW,5,0.562,1.7657065187625278
12870,CCW,5,0.5630000000000001,1.7723519985986471
12870,CCW,5,0.5640000000000001,1.7789443449671498
12870,CCW,5,0.5650000000000001,1.7855349654372306
12870,CCW,5,0.5660000000000001,1.7921281509396663
12870,CCW,5,0.5670000000000001,1.7984899505073972
12870,CCW,5,0.5680000000000001,1.8042398470484806
12870,CCW,5,0.5690000000000001,1.8096256149680714
12870,CCW,5,0.5700000000000001,1.8150749497696363
12870,CCW,5,0.5710000000000001,1.8208105091922033
12870,CCW,5,0.5720000000000001,1.827160948852514
12870,CCW,5,0.5730000000000001,1.8341257318788267
12870,CCW,5,0.5740000000000001,1.8413185185018588
12870,CCW,5,0.5750000000000001,1.8486454526801448
12870,CCW,5,0.5760000000000001,1.8564478794661592
12870,CCW,5,0.577,1.8649452228189105
12870,CCW,5,0.578,1.8736313590781994
12870,CCW,5,0.579,1.8818188842224568
12870,CCW,5,0.58,1.8898829730290063
12870,CCW,5,0.581,1.8980977088201216
12870,CCW,5,0.582,1.9063553164111298
12870,CCW,5,0.583,1.914049594801873
12870,CCW,5,0.584,1.9213492710108242
12870,CCW,5,0.585,1.9284692694341175
12870,CCW,5,0.586,1.9353722712189372
12870,CCW,5,0.587,1.9425722553605929
12870,CCW,5,0.588,1.9504917808678115
12870,CCW,5,0.589,1.9587915700453964
12870,CCW,5,0.59,1.9666699348952301
12870,CCW,5,0.591,1.9741599799321399
12870,CCW,5,0.592,1.9821456096205081
12870,CCW,5,0.593,1.9909633110791443
12870,CCW,5,0.594,1.9997873776283055
12870,CCW,5,0.595,2.0081980337720378
12870,CCW,5,0.596,2.0168043874032793
12870,CCW,5,0.597,2.025750171154877
12870,CCW,5,0.598,2.034808294362873
12870,CCW,5,0.599,2.043496555002253
12870,CCW,5,0.6,2.05169335104067
12870,CCW,5,0.601,2.059548352870398
12870,CCW,5,0.602,2.0676278935310326
12870,CCW,5,0.603,2.0761764878698075
12870,CCW,5,0.604,2.0856414526939733
12870,CCW,5,0.605,2.0953192998063765
12870,CCW,5,0.606,2.104400554887415
12870,CCW,5,0.607,2.1136809677862165
12870,CCW,5,0.608,2.1236385952203745
12870,CCW,5,0.609,2.1338582835808477
12870,CCW,5,0.61,2.1440211870791597
12870,CCW,5,0.611,2.1542721964888547
12870,CCW,5,0.612,2.164774911473657
12870,CCW,5,0.613,2.175261076045743
12870,CCW,5,0.614,2.185230568043176
12870,CCW,5,0.615,2.194358146118924
12870,CCW,5,0.616,2.202783359655311
12870,CCW,5,0.617,2.211097453946852
12870,CCW,5,0.618,2.2197381528472633
12870,CCW,5,0.619,2.2295400166016277
12870,CCW,5,0.62,2.239845984446779
12870,CCW,5,0.621,2.250218849680226
12870,CCW,5,0.622,2.260449631497683
12870,CCW,5,0.623,2.270375061200127
12870,CCW,5,0.624,2.2808253243538243
12870,CCW,5,0.625,2.291817055485391
12870,CCW,5,0.626,2.3032213241942596
12870,CCW,5,0.627,2.3151985246975992
12870,CCW,5,0.628,2.327210704699989
12870,CCW,5,0.629,2.338878717547029
12870,CCW,5,0.63,2.349769284500851
12870,CCW,5,0.631,2.360265666768759
12870,CCW,5,0.632,2.370260408840707
12870,CCW,5,0.633,2.379590970588577
12870,CCW,5,0.634,2.3889531412369407
12870,CCW,5,0.635,2.3983837778344723
12870,CCW,5,0.636,2.4085205597140695
12870,CCW,5,0.637,2.419608239862986
12870,CCW,5,0.638,2.4309717523973156
12870,CCW,5,0.639,2.4423910912139846
12870,CCW,5,0.64,2.454288413715405
12870,CCW,5,0.641,2.46659548249697
12870,CCW,5,0.642,2.478559674093604
12870,CCW,5,0.643,2.48994097688183
12870,CCW,5,0.644,2.5011270472827
12870,CCW,5,0.645,2.5121037638239634
12870,CCW,5,0.646,2.5227893854744297
12870,CCW,5,0.647,2.533131608813521
12870,CCW,5,0.648,2.543056356364433
12870,CCW,5,0.649,2.552546725484369
12870,CCW,5,0.65,2.5617735260360575
12870,CCW,5,0.651,2.57141612568035
12870,CCW,5,0.652,2.582003773833854
12870,CCW,5,0.653,2.5930231786339313
12870,CCW,5,0.654,2.6038382365354233
12870,CCW,5,0.655,2.6149796163791668
12870,CCW,5,0.656,2.6268186916305014
12870,CCW,5,0.657,2.6390162961418
12870,CCW,5,0.658,2.650846922978312
12870,CCW,5,0.659,2.662953694862106
12870,CCW,5,0.66,2.675420251798971
12870,CCW,5,0.661,2.6876188893824646
12870,CCW,5,0.662,2.6993195283739224
12870,CCW,5,0.663,2.710836374884884
12870,CCW,5,0.664,2.7221388047513164
12870,CCW,5,0.665,2.7330465573855767
12870,CCW,5,0.666,2.744233092206228
12870,CCW,5,0.667,2.7559352172390006
12870,CCW,5,0.668,2.768111311590159
12870,CCW,5,0.669,2.7803396318117692
12870,CCW,5,0.67,2.7919530318512953
12870,CCW,5,0.671,2.8040033793065775
12870,CCW,5,0.672,2.8168607652863846
12870,CCW,5,0.673,2.8289582326221283
12870,CCW,5,0.674,2.8407532467327017
12870,CCW,5,0.675,2.853418330347669
12870,CCW,5,0.676,2.8659277672962045
12870,CCW,5,0.677,2.878214388193815
12870,CCW,5,0.678,2.8910686499865625
12870,CCW,5,0.679,2.9041310586670375
12870,CCW,5,0.68,2.916957763197627
12870,CCW,5,0.681,2.9304900955867654
12870,CCW,5,0.682,2.943554991434802
12870,CCW,5,0.683,2.958172839209396
12870,CCW,5,0.684,2.971726812242514
12870,CCW,5,0.685,2.9848313512155467
12870,CCW,5,0.686,2.99813330564321
12870,CCW,5,0.687,3.0142173563204167
12870,CCW,5,0.6880000000000001,3.0285103545558067
12870,CCW,5,0.6890000000000001,3.0418519000198097
12870,CCW,5,0.6900000000000001,3.0573111036637513
12870,CCW,5,0.6910000000000001,3.0696592104611415
12870,CCW,5,0.6920000000000001,3.0835109326053423
12870,CCW,5,0.6930000000000001,3.0964271333074422
12870,CCW,5,0.6940000000000001,3.1099148487525134
12870,CCW,5,0.6950000000000001,3.1255099029204874
12870,CCW,5,0.6960000000000001,3.1412226441611537
12870,CCW,5,0.6970000000000001,3.157126229269891
12870,CCW,5,0.6980000000000001,3.16807810252764
12870,CCW,5,0.6990000000000001,3.1827094763997383
12870,CCW,5,0.7000000000000001,3.1960559433235796
12870,CCW,5,0.7010000000000001,3.209730032384221
12870,CCW,5,0.7020000000000001,3.227063819219806
12870,CCW,5,0.7030000000000001,3.2403716934183895
12870,CCW,5,0.704,3.2551436352993175
12870,CCW,5,0.705,3.266763325150576
12870,CCW,5,0.706,3.277707479504113
12870,CCW,5,0.707,3.2892374466466583
12870,CCW,5,0.708,3.3032902859052404
12870,CCW,5,0.709,3.315617465790732
12870,CCW,5,0.71,3.3306595885087638
12870,CCW,5,0.711,3.344601247440351
12870,CCW,5,0.712,3.3593217687882886
12870,CCW,5,0.713,3.3734045793023224
12870,CCW,5,0.714,3.3862823802695345
12870,CCW,5,0.715,3.400877914043949
12870,CCW,5,0.716,3.4107380593542134
12870,CCW,5,0.717,3.420812647380867
12870,CCW,5,0.718,3.4317489209492953
12870,CCW,5,0.719,3.445471729899088
12870,CCW,5,0.72,3.4571947891586157
12870,CCW,5,0.721,3.4722227929991116
12870,CCW,5,0.722,3.48714040768302
12870,CCW,5,0.723,3.5015521780540593
12870,CCW,5,0.724,3.5163608424300814
12870,CCW,5,0.725,3.5276388493609803
12870,CCW,5,0.726,3.539912179529948
12870,CCW,5,0.727,3.5516145963516466
12870,CCW,5,0.728,3.560241249630432
12870,CCW,5,0.729,3.5703513729976573
12870,CCW,5,0.73,3.5770553043102695
12870,CCW,5,0.731,3.5834361300580753
12870,CCW,5,0.732,3.589222380815775
12870,CCW,5,0.733,3.594699609189872
12870,CCW,5,0.734,3.5997455776558174
12870,CCW,5,0.735,3.6050229943324976
12870,CCW,5,0.736,3.6104521641316456
12870,CCW,5,0.737,3.6201414211333947
12870,CCW,5,0.738,3.626233103798848
12870,CCW,5,0.739,3.636818389906513
12870,CCW,5,0.74,3.647298611576873
12870,CCW,5,0.741,3.6583744722464973
12870,CCW,5,0.742,3.6689787809767984
12870,CCW,5,0.743,3.679251728797621
12870,CCW,5,0.744,3.688095703022887
12870,CCW,5,0.745,3.6959308153855996
12870,CCW,5,0.746,3.702344350787072
12870,CCW,5,0.747,3.707021949962931
12870,CCW,5,0.748,3.710187069314489
12870,CCW,5,0.749,3.7132766751962567
12870,CCW,5,0.75,3.7163948216727456
12870,CCW,5,0.751,3.7203531065405726
12870,CCW,5,0.752,3.7248328129932973
12870,CCW,5,0.753,3.7291985927103215
12870,CCW,5,0.754,3.733263226946065
12870,CCW,5,0.755,3.737459423704622
12870,CCW,5,0.756,3.743441261906946
12870,CCW,5,0.757,3.7500016979828654
12870,CCW,5,0.758,3.7556971180009064
12870,CCW,5,0.759,3.763189184667877
12870,CCW,5,0.76,3.7698110402086327
12870,CCW,5,0.761,3.776303967844825
12870,CCW,5,0.762,3.7824351202463373
12870,CCW,5,0.763,3.788339324828289
12870,CCW,5,0.764,3.793500047022782
12870,CCW,5,0.765,3.7977401907147565
12870,CCW,5,0.766,3.7997822850913145
12870,CCW,5,0.767,3.804393647425875
12870,CCW,5,0.768,3.806913460438931
12870,CCW,5,0.769,3.8097335125806793
12870,CCW,5,0.77,3.8126521347672124
12870,CCW,5,0.771,3.815655897465237
12870,CCW,5,0.772,3.8184383472685552
12870,CCW,5,0.773,3.8208384762687784
12870,CCW,5,0.774,3.823254496623174
12870,CCW,5,0.775,3.8260599517972236
12870,CCW,5,0.776,3.82808531090988
12870,CCW,5,0.777,3.830755041679508
12870,CCW,5,0.778,3.8337295787745624
12870,CCW,5,0.779,3.835614240772818
12870,CCW,5,0.78,3.8379732845417562
12870,CCW,5,0.781,3.8402842186960124
12870,CCW,5,0.782,3.8418557674601987
12870,CCW,5,0.783,3.843279023041597
12870,CCW,5,0.784,3.844467280648445
12870,CCW,5,0.785,3.8452464507096664
12870,CCW,5,0.786,3.8452990259075026
12870,CCW,5,0.787,3.845552528760428
12870,CCW,5,0.788,3.8456382171948675
12870,CCW,5,0.789,3.8456949085656675
12870,CCW,5,0.79,3.84556445734669
12870,CCW,5,0.791,3.845457017010618
12870,CCW,5,0.792,3.8454583787947767
12870,CCW,5,0.793,3.8453728542025702
12870,CCW,5,0.794,3.845247052647633
12870,CCW,5,0.795,3.845109803321835
12870,CCW,5,0.796,3.844934622786981
12870,CCW,5,0.797,3.844698935675094
12870,CCW,5,0.798,3.8444262510316283
12870,CCW,5,0.799,3.844108597461132
12870,CCW,5,0.8,3.84374407448709
12870,CCW,5,0.801,3.8433806273678166
12870,CCW,5,0.802,3.8429932616956544
12870,CCW,5,0.803,3.8425937230747587
12870,CCW,5,0.804,3.8422042430475423
12870,CCW,5,0.805,3.84178147543392
12870,CCW,5,0.806,3.841406486377874
12870,CCW,5,0.807,3.8410312870220378
12870,CCW,5,0.808,3.8406215045090386
12870,CCW,5,0.809,3.8402663547304208
12870,CCW,5,0.81,3.83991504833063
12870,CCW,5,0.811,3.8395880356155963
12870,CCW,5,0.812,3.839298942614101
12870,CCW,5,0.8130000000000001,3.839067570685963
12870,CCW,5,0.8140000000000001,3.8388642994482787
12870,CCW,5,0.8150000000000001,3.838710819049484
12870,CCW,5,0.8160000000000001,3.838561615805328
12870,CCW,5,0.8170000000000001,3.8384811964803136
12870,CCW,5,0.8180000000000001,3.838448973316655
12870,CCW,5,0.8190000000000001,3.838371974527918
12870,CCW,5,0.8200000000000001,3.838301869274005
12870,CCW,5,0.8210000000000001,3.8380919788191696
12870,CCW,5,0.8220000000000001,3.837820815819785
12870,CCW,5,0.8230000000000001,3.8374897417966043
12870,CCW,5,0.8240000000000001,3.8370095791110366
12870,CCW,5,0.8250000000000001,3.8364465874494855
12870,CCW,5,0.8260000000000001,3.8358649030620047
12870,CCW,5,0.8270000000000001,3.8351622635427454
12870,CCW,5,0.8280000000000001,3.834413283955356
12870,CCW,5,0.8290000000000001,3.8334974146799117
12870,CCW,5,0.8300000000000001,3.8324408456198276
12870,CCW,5,0.8310000000000001,3.831058555608227
12870,CCW,5,0.8320000000000001,3.8295561449695756
12870,CCW,5,0.833,3.8277719191996615
12870,CCW,5,0.834,3.825755349325389
12870,CCW,5,0.835,3.8233790244338546
12870,CCW,5,0.836,3.82073474970745
12870,CCW,5,0.837,3.817876924381391
12870,CCW,5,0.838,3.8146913162503004
12870,CCW,5,0.839,3.811192264636997
12870,CCW,5,0.84,3.807910692824356
12870,CCW,5,0.841,3.804639840096699
12870,CCW,5,0.842,3.800278838152031
12870,CCW,5,0.843,3.7967120365979374
12870,CCW,5,0.844,3.7931269882080176
12870,CCW,5,0.845,3.789722564109406
12870,CCW,5,0.846,3.786414442214526
12870,CCW,5,0.847,3.7831289383394284
12870,CCW,5,0.848,3.7782839438603943
12870,CCW,5,0.849,3.773662930111397
12870,CCW,5,0.85,3.7668839297338574
12870,CCW,5,0.851,3.7597438746472203
12870,CCW,5,0.852,3.751585417184338
12870,CCW,5,0.853,3.7430345056544714
12870,CCW,5,0.854,3.7336980349591364
12870,CCW,5,0.855,3.7242716120588684
12870,CCW,5,0.856,3.7148858576821886
12870,CCW,5,0.857,3.707942549076545
12870,CCW,5,0.858,3.699029148861026
12870,CCW,5,0.859,3.6888754915620603
12870,CCW,5,0.86,3.6813365236814204
12870,CCW,5,0.861,3.6745217187805355
12870,CCW,5,0.862,3.668674651976063
12870,CCW,5,0.863,3.6632401803383168
12870,CCW,5,0.864,3.6564207593794382
12870,CCW,5,0.865,3.649338542918114
12870,CCW,5,0.866,3.6406576806853654
12870,CCW,5,0.867,3.628780349593588
12870,CCW,5,0.868,3.6159664298473295
12870,CCW,5,0.869,3.6068438294321763
12870,CCW,5,0.87,3.5924212542455933
12870,CCW,5,0.871,3.57378662164977
12870,CCW,5,0.872,3.556139823969974
12870,CCW,5,0.873,3.5317262898820725
12870,CCW,5,0.874,3.5048180032169487
12870,CCW,5,0.875,3.4772730283352513
12870,CCW,5,0.876,3.4541384346376396
12870,CCW,5,0.877,3.43493586650476
12870,CCW,5,0.878,3.428683815674449
12870,CCW,5,0.879,3.4209201643814056
12870,CCW,5,0.88,3.419790036860294
12870,CCW,5,0.881,3.4154628061489776
12870,CCW,5,0.882,3.4147552185878083
12870,CCW,5,0.883,3.413909990298107
12870,CCW,5,0.884,3.410804932459904
12870,CCW,5,0.885,3.4030210016661275
12870,CCW,5,0.886,3.3933762322065735
12870,CCW,5,0.887,3.3843140589534646
12870,CCW,5,0.888,3.374934051169999
12870,CCW,5,0.889,3.365547304154809
12870,CCW,5,0.89,3.354933273640385
12870,CCW,5,0.891,3.34576599323825
12870,CCW,5,0.892,3.3367570372008966
12870,CCW,5,0.893,3.329718814399542
12870,CCW,5,0.894,3.3251230743717803
12870,CCW,5,0.895,3.3218060711255886
12870,CCW,5,0.896,3.319696285127145
12870,CCW,5,0.897,3.317740575247054
12870,CCW,5,0.898,3.313996497008551
12870,CCW,5,0.899,3.3083454829055206
12870,CCW,5,0.9,3.3036069113020776
12870,CCW,5,0.901,3.299925004391375
12870,CCW,5,0.902,3.297192213433542
12870,CCW,5,0.903,3.294246986861018
12870,CCW,5,0.904,3.2909649787557327
12870,CCW,5,0.905,3.2858227021631246
12870,CCW,5,0.906,3.2834886012340982
12870,CCW,5,0.907,3.2816882676838093
12870,CCW,5,0.908,3.2777209999606507
12870,CCW,5,0.909,3.275603867566586
12870,CCW,5,0.91,3.2719964554426433
12870,CCW,5,0.911,3.269096388225618
12870,CCW,5,0.912,3.2671993125255256
12870,CCW,5,0.913,3.2641200515552153
12870,CCW,5,0.914,3.2609510137961815
12870,CCW,5,0.915,3.2587642157301104
12870,CCW,5,0.916,3.2580584164065565
12870,CCW,5,0.917,3.2571754599068385
12870,CCW,5,0.918,3.257317048815277
12870,CCW,5,0.919,3.256735757981952
12870,CCW,5,0.92,3.2546034987815626
12870,CCW,5,0.921,3.2541116955556406
12870,CCW,5,0.922,3.253058579244434
12870,CCW,5,0.923,3.252369312706969
12870,CCW,5,0.924,3.2503676848383285
12870,CCW,5,0.925,3.2471284317605873
12870,CCW,5,0.926,3.2427100045243122
12870,CCW,5,0.927,3.2380694178888305
12870,CCW,5,0.928,3.2338103818319404
12870,CCW,5,0.929,3.2297671567870405
12870,CCW,5,0.93,3.2252631056155208
12870,CCW,5,0.931,3.2211370302216373
12870,CCW,5,0.932,3.2175621469704176
12870,CCW,5,0.933,3.2147772520880458
12870,CCW,5,0.934,3.2125007325067596
12870,CCW,5,0.935,3.210255738583349
12870,CCW,5,0.936,3.2081341400091823
12870,CCW,5,0.937,3.2067653636577678
12870,CCW,5,0.9380000000000001,3.2061461167274796
12870,CCW,5,0.9390000000000001,3.205230478856949
12870,CCW,5,0.9400000000000001,3.203296869082615
12870,CCW,5,0.9410000000000001,3.200361322941849
12870,CCW,5,0.9420000000000001,3.197044391606165
12870,CCW,5,0.9430000000000001,3.1936295715741156
12870,CCW,5,0.9440000000000001,3.1904484898765006
12870,CCW,5,0.9450000000000001,3.1871769914932724
12870,CCW,5,0.9460000000000001,3.1836499063704484
12870,CCW,5,0.9470000000000001,3.1800575178189145
12870,CCW,5,0.9480000000000001,3.1768875613170255
12870,CCW,5,0.9490000000000001,3.173995316706867
12870,CCW,5,0.9500000000000001,3.170645296860662
12870,CCW,5,0.9510000000000001,3.1669735097796483
12870,CCW,5,0.9520000000000001,3.1634087894930785
12870,CCW,5,0.9530000000000001,3.1607766849962355
12870,CCW,5,0.9540000000000001,3.157715213016919
12870,CCW,5,0.9550000000000001,3.154840924186863
12870,CCW,5,0.9560000000000001,3.1522082896351415
12870,CCW,5,0.9570000000000001,3.1489945683435465
12870,CCW,5,0.9580000000000001,3.14544615989025
12870,CCW,5,0.9590000000000001,3.1421799072349055
12870,CCW,5,0.96,3.139582337562491
12870,CCW,5,0.961,3.1370919458712967
12870,CCW,5,0.962,3.133778539582245
12870,CCW,5,0.963,3.130253413645485
12870,CCW,5,0.964,3.127254943467421
12870,CCW,5,0.965,3.1245933365856184
12870,CCW,5,0.966,3.1213194225228635
12870,CCW,5,0.967,3.1173157025009623
12870,CCW,5,0.968,3.113680127629879
12870,CCW,5,0.969,3.1097683321018326
12870,CCW,5,0.97,3.104985378316849
12870,CCW,5,0.971,3.100271951440725
12870,CCW,5,0.972,3.095799488820342
12870,CCW,5,0.973,3.0912905938781483
12870,CCW,5,0.974,3.0863797030679443
12870,CCW,5,0.975,3.081637095426957
12870,CCW,5,0.976,3.0777661573570425
12870,CCW,5,0.977,3.0740556570889046
12870,CCW,5,0.978,3.0700399904759443
12870,CCW,5,0.979,3.066483720319326
12870,CCW,5,0.98,3.063992104093698
12870,CCW,5,0.981,3.062927781507003
12870,CCW,5,0.982,3.0612364096291285
12870,CCW,5,0.983,3.0598918614390076
12870,CCW,5,0.984,3.05815924256803
12870,CCW,5,0.985,3.0577013009333402
12870,CCW,5,0.986,3.058851258279265
12870,CCW,5,0.987,3.05986889602183
12870,CCW,5,0.988,3.062562206831511
12870,CCW,5,0.989,3.0640635201079727
12870,CCW,5,0.99,3.0642641102638866
12870,CCW,5,0.991,3.0633405328181627
12870,CCW,5,0.992,3.061803949657006
12870,CCW,5,0.993,3.0602151453844852
12870,CCW,5,0.994,3.057802574163818
12870,CCW,5,0.995,3.0551122602779848
12870,CCW,5,0.996,3.0520812995425364
12870,CCW,5,0.997,3.0485595926403346
12870,CCW,5,0.998,3.044273798715211
12870,CCW,5,0.999,3.039243434354424
12870,CCW,5,1.0,3.034182891162338
12871,CCW,2,0.0,0.0
12871,CCW,2,0.001,0.0012419545213879747
12871,CCW,2,0.002,0.0029587821152469566
12871,CCW,2,0.003,0.005552465080992686
12871,CCW,2,0.004,0.0077903582829413264
12871,CCW,2,0.005,0.009372924420192157
12871,CCW,2,0.006,0.010931952200195987
12871,CCW,2,0.007,0.011373463053392025
12871,CCW,2,0.008,0.011101545124277494
12871,CCW,2,0.009000000000000001,0.009025176260998248
12871,CCW,2,0.01,0.0070899059530562135
12871,CCW,2,0.011,0.00664931614752251
12871,CCW,2,0.012,0.008306199182165271
12871,CCW,2,0.013000000000000001,0.009891078782595517
12871,CCW,2,0.014,0.012066600076584017
12871,CCW,2,0.015,0.013262870934809604
12871,CCW,2,0.016,0.014431035450837867
12871,CCW,2,0.017,0.013695264643950695
12871,CCW,2,0.018000000000000002,0.013319493939668874
12871,CCW,2,0.019,0.013938718837696363
12871,CCW,2,0.02,0.014997593195857516
12871,CCW,2,0.021,0.01614935110993414
12871,CCW,2,0.022,0.016395765635299816
12871,CCW,2,0.023,0.01988193097301032
12871,CCW,2,0.024,0.020864557555963975
12871,CCW,2,0.025,0.0216121024892884
12871,CCW,2,0.026000000000000002,0.026554657655926493
12871,CCW,2,0.027,0.028456333574616924
12871,CCW,2,0.028,0.031490301533625566
12871,CCW,2,0.029,0.03832273440774372
12871,CCW,2,0.03,0.04003045428586168
12871,CCW,2,0.031,0.04193528425897197
12871,CCW,2,0.032,0.044266151715178
12871,CCW,2,0.033,0.04468556991327551
12871,CCW,2,0.034,0.043609592872687876
12871,CCW,2,0.035,0.04114168588079473
12871,CCW,2,0.036000000000000004,0.03706159456604384
12871,CCW,2,0.037,0.032693116346599264
12871,CCW,2,0.038,0.026657352354078935
12871,CCW,2,0.039,0.03089338834126328
12871,CCW,2,0.04,0.031384731079251174
12871,CCW,2,0.041,0.033708394133026974
12871,CCW,2,0.042,0.036829755120205795
12871,CCW,2,0.043000000000000003,0.040411509442411515
12871,CCW,2,0.044,0.04485152642882567
12871,CCW,2,0.045,0.04964688760382352
12871,CCW,2,0.046,0.053480660471026786
12871,CCW,2,0.047,0.054770208394966144
12871,CCW,2,0.048,0.05410145068684932
12871,CCW,2,0.049,0.051526083777258196
12871,CCW,2,0.05,0.04795175299715691
12871,CCW,2,0.051000000000000004,0.04181083070275077
12871,CCW,2,0.052000000000000005,0.03248069638908564
12871,CCW,2,0.053,0.0271646433192246
12871,CCW,2,0.054,0.020768349696247863
12871,CCW,2,0.055,0.01881599939625918
12871,CCW,2,0.056,0.01904634551264177
12871,CCW,2,0.057,0.019559731612920985
12871,CCW,2,0.058,0.020006961055628044
12871,CCW,2,0.059000000000000004,0.02058718916476398
12871,CCW,2,0.06,0.02151316393329754
12871,CCW,2,0.061,0.02261066020563606
12871,CCW,2,0.062,0.024568613341054705
12871,CCW,2,0.063,0.024349671254904285
12871,CCW,2,0.064,0.025074592354725547
12871,CCW,2,0.065,0.025272003598500035
12871,CCW,2,0.066,0.0254561143723401
12871,CCW,2,0.067,0.02477966781494957
12871,CCW,2,0.068,0.025235403180724713
12871,CCW,2,0.069,0.025384038881448464
12871,CCW,2,0.07,0.02727641396188452
12871,CCW,2,0.07100000000000001,0.030564391709014316
12871,CCW,2,0.07200000000000001,0.038302596107767505
12871,CCW,2,0.073,0.046069736729480115
12871,CCW,2,0.074,0.051671998678387905
12871,CCW,2,0.075,0.05598857916687982
12871,CCW,2,0.076,0.05943111083630733
12871,CCW,2,0.077,0.06495889778459926
12871,CCW,2,0.078,0.06450647795084442
12871,CCW,2,0.079,0.06321606619119562
12871,CCW,2,0.08,0.060482577289675855
12871,CCW,2,0.081,0.0570971876237766
12871,CCW,2,0.082,0.053441884908942
12871,CCW,2,0.083,0.050219982488762686
12871,CCW,2,0.084,0.04742878875226885
12871,CCW,2,0.085,0.047744515129613856
12871,CCW,2,0.08600000000000001,0.047205138340242925
12871,CCW,2,0.08700000000000001,0.04775323524247964
12871,CCW,2,0.088,0.04894318323391254
12871,CCW,2,0.089,0.051852614151017676
12871,CCW,2,0.09,0.05503505383567684
12871,CCW,2,0.091,0.06040443801735791
12871,CCW,2,0.092,0.06623278436777727
12871,CCW,2,0.093,0.07051333565287307
12871,CCW,2,0.094,0.07209330602937507
12871,CCW,2,0.095,0.07123582017287138
12871,CCW,2,0.096,0.07237367965841529
12871,CCW,2,0.097,0.07134760214957521
12871,CCW,2,0.098,0.07001330980156246
12871,CCW,2,0.099,0.06996316062667321
12871,CCW,2,0.1,0.06773263286566251
12871,CCW,2,0.101,0.06706633799499599
12871,CCW,2,0.10200000000000001,0.06700630941973222
12871,CCW,2,0.10300000000000001,0.06725748324267272
12871,CCW,2,0.10400000000000001,0.06780604665535475
12871,CCW,2,0.105,0.07100265919134609
12871,CCW,2,0.106,0.07228756223221715
12871,CCW,2,0.107,0.07712770741239723
12871,CCW,2,0.108,0.08288987669733602
12871,CCW,2,0.109,0.08948101401275349
12871,CCW,2,0.11,0.09738593024790174
12871,CCW,2,0.111,0.10730310175014003
12871,CCW,2,0.112,0.11907829396072328
12871,CCW,2,0.113,0.13275551655888077
12871,CCW,2,0.114,0.14627880777281096
12871,CCW,2,0.115,0.15976398807256503
12871,CCW,2,0.116,0.17278137425569104
12871,CCW,2,0.117,0.18709400098691958
12871,CCW,2,0.11800000000000001,0.1980838686565313
12871,CCW,2,0.11900000000000001,0.2118945398587517
12871,CCW,2,0.12,0.22409535791548352
12871,CCW,2,0.121,0.23529759873165912
12871,CCW,2,0.122,0.2460628394401957
12871,CCW,2,0.123,0.256692050280245
12871,CCW,2,0.124,0.2678706969742121
12871,CCW,2,0.125,0.2791918345123997
12871,CCW,2,0.126,0.2891903362167709
12871,CCW,2,0.127,0.2966335138267921
12871,CCW,2,0.128,0.30493376138243405
12871,CCW,2,0.129,0.31353285324240066
12871,CCW,2,0.13,0.32866608571028627
12871,CCW,2,0.131,0.345004592180853
12871,CCW,2,0.132,0.365553707461859
12871,CCW,2,0.133,0.37353872444395675
12871,CCW,2,0.134,0.38790272250972047
12871,CCW,2,0.135,0.40099332044968977
12871,CCW,2,0.136,0.41738926288668704
12871,CCW,2,0.137,0.4375828911472347
12871,CCW,2,0.138,0.45778036238338354
12871,CCW,2,0.139,0.47697084751923574
12871,CCW,2,0.14,0.49703041986449986
12871,CCW,2,0.14100000000000001,0.5197904691642411
12871,CCW,2,0.14200000000000002,0.542193270359744
12871,CCW,2,0.14300000000000002,0.5605470764610356
12871,CCW,2,0.14400000000000002,0.5767748024817988
12871,CCW,2,0.145,0.5900464393818566
12871,CCW,2,0.146,0.5972605344187489
12871,CCW,2,0.147,0.6058765771790943
12871,CCW,2,0.148,0.6218945477810613
12871,CCW,2,0.149,0.6384736309528327
12871,CCW,2,0.15,0.6547350618279184
12871,CCW,2,0.151,0.6698034334330543
12871,CCW,2,0.152,0.6949528344600697
12871,CCW,2,0.153,0.7129592685011003
12871,CCW,2,0.154,0.7294468588796887
12871,CCW,2,0.155,0.7429289452013211
12871,CCW,2,0.156,0.7548715581948336
12871,CCW,2,0.157,0.7650559519275926
12871,CCW,2,0.158,0.7803799820127586
12871,CCW,2,0.159,0.7881730652007756
12871,CCW,2,0.16,0.8031665782419074
12871,CCW,2,0.161,0.8310777265752941
12871,CCW,2,0.162,0.857336024910735
12871,CCW,2,0.163,0.8751206373160014
12871,CCW,2,0.164,0.9014071817320489
12871,CCW,2,0.165,0.9108946295998812
12871,CCW,2,0.166,0.9364357135375426
12871,CCW,2,0.167,0.9599312827113053
12871,CCW,2,0.168,0.9793936633087839
12871,CCW,2,0.169,0.996170619991209
12871,CCW,2,0.17,1.0162071219821227
12871,CCW,2,0.171,1.02391313789624
12871,CCW,2,0.17200000000000001,1.036952643130115
12871,CCW,2,0.17300000000000001,1.0478696886453178
12871,CCW,2,0.17400000000000002,1.04710080522099
12871,CCW,2,0.17500000000000002,1.0603745811008858
12871,CCW,2,0.176,1.0641296878690156
12871,CCW,2,0.177,1.0714661849729419
12871,CCW,2,0.178,1.0883876004265185
12871,CCW,2,0.179,1.0938873800175932
12871,CCW,2,0.18,1.1038872668381943
12871,CCW,2,0.181,1.1103870059419665
12871,CCW,2,0.182,1.1120067857166522
12871,CCW,2,0.183,1.1055460017295893
12871,CCW,2,0.184,1.100035228853932
12871,CCW,2,0.185,1.0905186461024539
12871,CCW,2,0.186,1.0928135010592945
12871,CCW,2,0.187,1.0914577846749896
12871,CCW,2,0.188,1.091043863915719
12871,CCW,2,0.189,1.0972184351148913
12871,CCW,2,0.19,1.0993740761120439
12871,CCW,2,0.191,1.1030119856060792
12871,CCW,2,0.192,1.1070459966553994
12871,CCW,2,0.193,1.111338744502316
12871,CCW,2,0.194,1.1148737567706803
12871,CCW,2,0.195,1.1176085238383404
12871,CCW,2,0.196,1.119798350890071
12871,CCW,2,0.197,1.1213106694192547
12871,CCW,2,0.198,1.1220996484672205
12871,CCW,2,0.199,1.122432570448456
12871,CCW,2,0.2,1.1226444791455348
12871,CCW,2,0.201,1.1223052237392508
12871,CCW,2,0.202,1.1220672928009152
12871,CCW,2,0.203,1.1221839816242702
12871,CCW,2,0.20400000000000001,1.122140158862612
12871,CCW,2,0.20500000000000002,1.121986201176005
12871,CCW,2,0.20600000000000002,1.1217108843183374
12871,CCW,2,0.20700000000000002,1.1213689939043971
12871,CCW,2,0.20800000000000002,1.1209841383236072
12871,CCW,2,0.209,1.1205973760821708
12871,CCW,2,0.21,1.1202727317225256
12871,CCW,2,0.211,1.120120282535321
12871,CCW,2,0.212,1.120256460131974
12871,CCW,2,0.213,1.120740123568681
12871,CCW,2,0.214,1.121622002207738
12871,CCW,2,0.215,1.1228674968271144
12871,CCW,2,0.216,1.1243432195028151
12871,CCW,2,0.217,1.1259032382844067
12871,CCW,2,0.218,1.1276936913948528
12871,CCW,2,0.219,1.129225033158504
12871,CCW,2,0.22,1.1313022625327616
12871,CCW,2,0.221,1.1335904756386461
12871,CCW,2,0.222,1.1362326093782769
12871,CCW,2,0.223,1.1395036809561934
12871,CCW,2,0.224,1.1428771764587258
12871,CCW,2,0.225,1.1471479191373148
12871,CCW,2,0.226,1.1512197289846218
12871,CCW,2,0.227,1.156241855999737
12871,CCW,2,0.228,1.1610276606033783
12871,CCW,2,0.229,1.1658513299167848
12871,CCW,2,0.23,1.1712317145941695
12871,CCW,2,0.231,1.1760345968492032
12871,CCW,2,0.232,1.1816832524308492
12871,CCW,2,0.233,1.1872955592233716
12871,CCW,2,0.234,1.1935528029220495
12871,CCW,2,0.23500000000000001,1.2002975031473746
12871,CCW,2,0.23600000000000002,1.2076035472071174
12871,CCW,2,0.23700000000000002,1.2159197084228102
12871,CCW,2,0.23800000000000002,1.224635784769394
12871,CCW,2,0.23900000000000002,1.233598248254126
12871,CCW,2,0.24,1.242755520182251
12871,CCW,2,0.241,1.25014699922166
12871,CCW,2,0.242,1.2589275217132474
12871,CCW,2,0.243,1.268885552326312
12871,CCW,2,0.244,1.27635692518727
12871,CCW,2,0.245,1.28749685374168
12871,CCW,2,0.246,1.2947272834194365
12871,CCW,2,0.247,1.3060830190210508
12871,CCW,2,0.248,1.3177266128435607
12871,CCW,2,0.249,1.330077434793056
12871,CCW,2,0.25,1.3439031109180808
12871,CCW,2,0.251,1.3583375354328011
12871,CCW,2,0.252,1.3737714886535426
12871,CCW,2,0.253,1.390034812200012
12871,CCW,2,0.254,1.4041286655132028
12871,CCW,2,0.255,1.424085349435821
12871,CCW,2,0.256,1.446202435135846
12871,CCW,2,0.257,1.474963465648403
12871,CCW,2,0.258,1.5014080053866554
12871,CCW,2,0.259,1.515461771892458
12871,CCW,2,0.26,1.5260444576273782
12871,CCW,2,0.261,1.5250356968332734
12871,CCW,2,0.262,1.54634416213543
12871,CCW,2,0.263,1.5492820805629859
12871,CCW,2,0.264,1.5679396333401932
12871,CCW,2,0.265,1.5889102061404239
12871,CCW,2,0.266,1.597938347517788
12871,CCW,2,0.267,1.6062514063727635
12871,CCW,2,0.268,1.6258088913206488
12871,CCW,2,0.269,1.6298432128635785
12871,CCW,2,0.27,1.6251412906459528
12871,CCW,2,0.271,1.6096470661035704
12871,CCW,2,0.272,1.5862028377164252
12871,CCW,2,0.273,1.5590670589591005
12871,CCW,2,0.274,1.5447852830109534
12871,CCW,2,0.275,1.5337911566737454
12871,CCW,2,0.276,1.522468493046969
12871,CCW,2,0.277,1.5090985378720323
12871,CCW,2,0.278,1.4884635363649013
12871,CCW,2,0.279,1.4646102973800743
12871,CCW,2,0.28,1.436385556127956
12871,CCW,2,0.281,1.3943758590366675
12871,CCW,2,0.28200000000000003,1.3692598787137218
12871,CCW,2,0.28300000000000003,1.3337863383119457
12871,CCW,2,0.28400000000000003,1.3051384202477925
12871,CCW,2,0.28500000000000003,1.275478547440905
12871,CCW,2,0.28600000000000003,1.2591428753441065
12871,CCW,2,0.28700000000000003,1.2432163327816843
12871,CCW,2,0.28800000000000003,1.2324583848934818
12871,CCW,2,0.289,1.2249582457434547
12871,CCW,2,0.29,1.223279159794178
12871,CCW,2,0.291,1.223325614859433
12871,CCW,2,0.292,1.2269829032339783
12871,CCW,2,0.293,1.2334583169644802
12871,CCW,2,0.294,1.2381719193710232
12871,CCW,2,0.295,1.2499607385372469
12871,CCW,2,0.296,1.2696088383193167
12871,CCW,2,0.297,1.2938179795352072
12871,CCW,2,0.298,1.3398123430029873
12871,CCW,2,0.299,1.3792363747501464
12871,CCW,2,0.3,1.4235634183372485
12871,CCW,2,0.301,1.465652257178922
12871,CCW,2,0.302,1.5156118335762576
12871,CCW,2,0.303,1.5417812887706266
12871,CCW,2,0.304,1.544669826699845
12871,CCW,2,0.305,1.5293035246434796
12871,CCW,2,0.306,1.499343082302672
12871,CCW,2,0.307,1.465991749704541
12871,CCW,2,0.308,1.424267798224464
12871,CCW,2,0.309,1.3743860093922993
12871,CCW,2,0.31,1.3320423597253332
12871,CCW,2,0.311,1.284255576374808
12871,CCW,2,0.312,1.2388948806125493
12871,CCW,2,0.313,1.1939532985186665
12871,CCW,2,0.314,1.1496869213435825
12871,CCW,2,0.315,1.10947182297441
12871,CCW,2,0.316,1.0706053761674124
12871,CCW,2,0.317,1.0349141519636946
12871,CCW,2,0.318,0.9991965279521853
12871,CCW,2,0.319,0.9680839345963175
12871,CCW,2,0.32,0.9394013215738611
12871,CCW,2,0.321,0.9130355913864471
12871,CCW,2,0.322,0.8887328351588142
12871,CCW,2,0.323,0.8668616701332701
12871,CCW,2,0.324,0.8473063896780169
12871,CCW,2,0.325,0.829544615954115
12871,CCW,2,0.326,0.8136953728412599
12871,CCW,2,0.327,0.7993981638937132
12871,CCW,2,0.328,0.7860552042692213
12871,CCW,2,0.329,0.773950574429566
12871,CCW,2,0.33,0.7620351806891345
12871,CCW,2,0.331,0.7515610908270436
12871,CCW,2,0.332,0.7415383561573221
12871,CCW,2,0.333,0.7319042284819126
12871,CCW,2,0.334,0.72349031465905
12871,CCW,2,0.335,0.7154526394640329
12871,CCW,2,0.336,0.7077568597886248
12871,CCW,2,0.337,0.700609657867126
12871,CCW,2,0.338,0.6947980787710589
12871,CCW,2,0.339,0.6899660747722884
12871,CCW,2,0.34,0.6860746039003998
12871,CCW,2,0.341,0.6839378100034723
12871,CCW,2,0.342,0.6819471527224704
12871,CCW,2,0.343,0.6809419265607137
12871,CCW,2,0.34400000000000003,0.6804841052717628
12871,CCW,2,0.34500000000000003,0.680169109262584
12871,CCW,2,0.34600000000000003,0.6801518944929977
12871,CCW,2,0.34700000000000003,0.6794421089142629
12871,CCW,2,0.34800000000000003,0.679121300501841
12871,CCW,2,0.34900000000000003,0.6789221120013773
12871,CCW,2,0.35000000000000003,0.6788167097848027
12871,CCW,2,0.35100000000000003,0.6783082610982706
12871,CCW,2,0.352,0.6771888375608032
12871,CCW,2,0.353,0.6760432089341333
12871,CCW,2,0.354,0.6748706145617914
12871,CCW,2,0.355,0.674269008510145
12871,CCW,2,0.356,0.6746141698532785
12871,CCW,2,0.357,0.6755302839442813
12871,CCW,2,0.358,0.6767029990134881
12871,CCW,2,0.359,0.6785117693277936
12871,CCW,2,0.36,0.6810259717967801
12871,CCW,2,0.361,0.6841433935131661
12871,CCW,2,0.362,0.6877397697489064
12871,CCW,2,0.363,0.691657077204843
12871,CCW,2,0.364,0.6956123312430977
12871,CCW,2,0.365,0.699337704245141
12871,CCW,2,0.366,0.7026136182814288
12871,CCW,2,0.367,0.7051877010137905
12871,CCW,2,0.368,0.7069751448269701
12871,CCW,2,0.369,0.7082924007513921
12871,CCW,2,0.37,0.7095651228919964
12871,CCW,2,0.371,0.7114232598800663
12871,CCW,2,0.372,0.7138191982050874
12871,CCW,2,0.373,0.7166534455410346
12871,CCW,2,0.374,0.7199853582237032
12871,CCW,2,0.375,0.7239300667152568
12871,CCW,2,0.376,0.7283831311635165
12871,CCW,2,0.377,0.7334098303243113
12871,CCW,2,0.378,0.7387183165412265
12871,CCW,2,0.379,0.7439121092892385
12871,CCW,2,0.38,0.7486761739375726
12871,CCW,2,0.381,0.7530499769470983
12871,CCW,2,0.382,0.757128244430044
12871,CCW,2,0.383,0.7606715677968766
12871,CCW,2,0.384,0.7633196984830817
12871,CCW,2,0.385,0.7650746238044236
12871,CCW,2,0.386,0.7667080891038773
12871,CCW,2,0.387,0.7696575146481517
12871,CCW,2,0.388,0.7734452780093589
12871,CCW,2,0.389,0.7777584262123457
12871,CCW,2,0.39,0.7830945555443187
12871,CCW,2,0.391,0.7887929120743935
12871,CCW,2,0.392,0.7962916846976775
12871,CCW,2,0.393,0.8039857709339353
12871,CCW,2,0.394,0.8115699889704013
12871,CCW,2,0.395,0.8217378680959817
12871,CCW,2,0.396,0.830321028973262
12871,CCW,2,0.397,0.8424725845557055
12871,CCW,2,0.398,0.8561071212040748
12871,CCW,2,0.399,0.8683021877838207
12871,CCW,2,0.4,0.882800769100048
12871,CCW,2,0.401,0.9026838739274673
12871,CCW,2,0.402,0.9232530860335325
12871,CCW,2,0.403,0.9403847150464577
12871,CCW,2,0.404,0.9591029703837607
12871,CCW,2,0.405,0.9805313009218231
12871,CCW,2,0.406,1.0080541601980901
12871,CCW,2,0.40700000000000003,1.0392659318842628
12871,CCW,2,0.40800000000000003,1.075431298433879
12871,CCW,2,0.40900000000000003,1.1140825170317052
12871,CCW,2,0.41000000000000003,1.1508981320958165
12871,CCW,2,0.41100000000000003,1.186351045818034
12871,CCW,2,0.41200000000000003,1.2177135421919825
12871,CCW,2,0.41300000000000003,1.2420098689247674
12871,CCW,2,0.41400000000000003,1.2647242449979066
12871,CCW,2,0.41500000000000004,1.2831000584276453
12871,CCW,2,0.41600000000000004,1.2986184531396323
12871,CCW,2,0.417,1.3383911828706132
12871,CCW,2,0.418,1.3619799805393962
12871,CCW,2,0.419,1.4133466738507618
12871,CCW,2,0.42,1.4558247875849868
12871,CCW,2,0.421,1.4833032675421778
12871,CCW,2,0.422,1.5271009280445424
12871,CCW,2,0.423,1.5538016559217298
12871,CCW,2,0.424,1.5935924572709737
12871,CCW,2,0.425,1.6371346893286263
12871,CCW,2,0.426,1.6852315213744211
12871,CCW,2,0.427,1.7255199348748536
12871,CCW,2,0.428,1.7782590061898518
12871,CCW,2,0.429,1.8212099209677894
12871,CCW,2,0.43,1.874458579885883
12871,CCW,2,0.431,1.9195696622125356
12871,CCW,2,0.432,1.9822072603912388
12871,CCW,2,0.433,2.0327876123598454
12871,CCW,2,0.434,2.094139613536143
12871,CCW,2,0.435,2.1503681430620305
12871,CCW,2,0.436,2.205813890694405
12871,CCW,2,0.437,2.252510791686436
12871,CCW,2,0.438,2.306007235088617
12871,CCW,2,0.439,2.354511944654853
12871,CCW,2,0.44,2.4022259250814746
12871,CCW,2,0.441,2.4416029755562545
12871,CCW,2,0.442,2.4836146653798394
12871,CCW,2,0.443,2.519612505737862
12871,CCW,2,0.444,2.558764914510453
12871,CCW,2,0.445,2.595306971563411
12871,CCW,2,0.446,2.63218423987918
12871,CCW,2,0.447,2.6628314447025914
12871,CCW,2,0.448,2.6955898175314807
12871,CCW,2,0.449,2.7257825655187946
12871,CCW,2,0.45,2.7558513850757733
12871,CCW,2,0.451,2.783370670131053
12871,CCW,2,0.452,2.81088101985267
12871,CCW,2,0.453,2.840779003647897
12871,CCW,2,0.454,2.870356854769856
12871,CCW,2,0.455,2.8977258286958176
12871,CCW,2,0.456,2.92716775245554
12871,CCW,2,0.457,2.9558565739217215
12871,CCW,2,0.458,2.9829615851498774
12871,CCW,2,0.459,3.0098884321926476
12871,CCW,2,0.46,3.036545342131617
12871,CCW,2,0.461,3.061523394732428
12871,CCW,2,0.462,3.0855660058996
12871,CCW,2,0.463,3.110588512865736
12871,CCW,2,0.464,3.1357706222955946
12871,CCW,2,0.465,3.15964536159379
12871,CCW,2,0.466,3.183054079205246
12871,CCW,2,0.467,3.207849788141693
12871,CCW,2,0.468,3.2332974874334153
12871,CCW,2,0.46900000000000003,3.2581244806079384
12871,CCW,2,0.47000000000000003,3.283163497048425
12871,CCW,2,0.47100000000000003,3.307518236102978
12871,CCW,2,0.47200000000000003,3.3317329880548723
12871,CCW,2,0.47300000000000003,3.3571105179099914
12871,CCW,2,0.47400000000000003,3.3824695259950395
12871,CCW,2,0.47500000000000003,3.4075503524521427
12871,CCW,2,0.47600000000000003,3.4322972262123597
12871,CCW,2,0.47700000000000004,3.456715998910407
12871,CCW,2,0.47800000000000004,3.4799257208671786
12871,CCW,2,0.47900000000000004,3.5032752720359603
12871,CCW,2,0.48,3.5254082296970157
12871,CCW,2,0.481,3.5469025066531494
12871,CCW,2,0.482,3.5669874774690205
12871,CCW,2,0.483,3.587431826012537
12871,CCW,2,0.484,3.608410377951076
12871,CCW,2,0.485,3.6299561204918254
12871,CCW,2,0.486,3.6521878241501557
12871,CCW,2,0.487,3.6755133949684136
12871,CCW,2,0.488,3.6988812677960095
12871,CCW,2,0.489,3.7225803456506066
12871,CCW,2,0.49,3.7460371524594063
12871,CCW,2,0.491,3.769323884174932
12871,CCW,2,0.492,3.7926198360121
12871,CCW,2,0.493,3.8152508820512328
12871,CCW,2,0.494,3.837425397859841
12871,CCW,2,0.495,3.8590125492875447
12871,CCW,2,0.496,3.8798208983545366
12871,CCW,2,0.497,3.899568753448989
12871,CCW,2,0.498,3.9186438847538847
12871,CCW,2,0.499,3.937532054880364
12871,CCW,2,0.5,3.9567398686164426
12871,CCW,2,0.501,3.976477471076099
12871,CCW,2,0.502,3.996797791315848
12871,CCW,2,0.503,4.0175068073579565
12871,CCW,2,0.504,4.038642326079882
12871,CCW,2,0.505,4.060106681894906
12871,CCW,2,0.506,4.0817534213749
12871,CCW,2,0.507,4.103503675743663
12871,CCW,2,0.508,4.125242177294795
12871,CCW,2,0.509,4.146914016397871
12871,CCW,2,0.51,4.168463487912234
12871,CCW,2,0.511,4.189421551152632
12871,CCW,2,0.512,4.209405639724088
12871,CCW,2,0.513,4.228565994052638
12871,CCW,2,0.514,4.246834732967091
12871,CCW,2,0.515,4.264793973948648
12871,CCW,2,0.516,4.283094494779767
12871,CCW,2,0.517,4.302396196973143
12871,CCW,2,0.518,4.3222585816878905
12871,CCW,2,0.519,4.342409809571022
12871,CCW,2,0.52,4.363228819258322
12871,CCW,2,0.521,4.384547271225227
12871,CCW,2,0.522,4.406176367719449
12871,CCW,2,0.523,4.4280014539342725
12871,CCW,2,0.524,4.449893129651304
12871,CCW,2,0.525,4.47183702564209
12871,CCW,2,0.526,4.493756589686007
12871,CCW,2,0.527,4.5154506137241635
12871,CCW,2,0.528,4.536247666106705
12871,CCW,2,0.529,4.556047867003605
12871,CCW,2,0.53,4.575480502989694
12871,CCW,2,0.531,4.595116950209742
12871,CCW,2,0.532,4.6157293525651895
12871,CCW,2,0.533,4.637277853052497
12871,CCW,2,0.534,4.658809031132303
12871,CCW,2,0.535,4.680617445544879
12871,CCW,2,0.536,4.702999915502775
12871,CCW,2,0.537,4.72582005422916
12871,CCW,2,0.538,4.7493003520189845
12871,CCW,2,0.539,4.773168562536648
12871,CCW,2,0.54,4.796762226576625
12871,CCW,2,0.541,4.819695414288876
12871,CCW,2,0.542,4.842131163989005
12871,CCW,2,0.543,4.8640161571478275
12871,CCW,2,0.544,4.8851937007179655
12871,CCW,2,0.545,4.905508797997328
12871,CCW,2,0.546,4.925421263840262
12871,CCW,2,0.547,4.945416715085198
12871,CCW,2,0.548,4.965658737363032
12871,CCW,2,0.549,4.985996416222636
12871,CCW,2,0.55,5.006920002230894
12871,CCW,2,0.551,5.028515793396751
12871,CCW,2,0.552,5.051204625350731
12871,CCW,2,0.553,5.0745386637572585
12871,CCW,2,0.554,5.098506342725056
12871,CCW,2,0.555,5.1229511221565645
12871,CCW,2,0.556,5.146931379535295
12871,CCW,2,0.557,5.170166480472204
12871,CCW,2,0.558,5.192961739378167
12871,CCW,2,0.559,5.2149647080341195
12871,CCW,2,0.56,5.23558756402467
12871,CCW,2,0.561,5.255586184032747
12871,CCW,2,0.562,5.275133110787381
12871,CCW,2,0.5630000000000001,5.29503649016344
12871,CCW,2,0.5640000000000001,5.315474791882619
12871,CCW,2,0.5650000000000001,5.336382848726798
12871,CCW,2,0.5660000000000001,5.357672789392984
12871,CCW,2,0.5670000000000001,5.379500943472871
12871,CCW,2,0.5680000000000001,5.402144555978927
12871,CCW,2,0.5690000000000001,5.425533960913353
12871,CCW,2,0.5700000000000001,5.449263086165627
12871,CCW,2,0.5710000000000001,5.472127882572427
12871,CCW,2,0.5720000000000001,5.493992048284254
12871,CCW,2,0.5730000000000001,5.515245172825747
12871,CCW,2,0.5740000000000001,5.536432467801851
12871,CCW,2,0.5750000000000001,5.557168553494605
12871,CCW,2,0.5760000000000001,5.577388013141351
12871,CCW,2,0.577,5.597254149640526
12871,CCW,2,0.578,5.617211068730752
12871,CCW,2,0.579,5.637486662098941
12871,CCW,2,0.58,5.658061533626098
12871,CCW,2,0.581,5.678880852078303
12871,CCW,2,0.582,5.699884228667971
12871,CCW,2,0.583,5.721642424465931
12871,CCW,2,0.584,5.74372868794249
12871,CCW,2,0.585,5.765766854168121
12871,CCW,2,0.586,5.787447104708025
12871,CCW,2,0.587,5.809384601468266
12871,CCW,2,0.588,5.831375338915783
12871,CCW,2,0.589,5.853197077689136
12871,CCW,2,0.59,5.874790734775009
12871,CCW,2,0.591,5.896214837044603
12871,CCW,2,0.592,5.9172811769254245
12871,CCW,2,0.593,5.937590938051372
12871,CCW,2,0.594,5.957725010774641
12871,CCW,2,0.595,5.978155021279823
12871,CCW,2,0.596,5.9990663304503595
12871,CCW,2,0.597,6.020261959218254
12871,CCW,2,0.598,6.0420328430604275
12871,CCW,2,0.599,6.0645033767666305
12871,CCW,2,0.6,6.087127208181252
12871,CCW,2,0.601,6.11011292813513
12871,CCW,2,0.602,6.132819847351387
12871,CCW,2,0.603,6.15491616284925
12871,CCW,2,0.604,6.176807553043842
12871,CCW,2,0.605,6.19798005407391
12871,CCW,2,0.606,6.218402985562702
12871,CCW,2,0.607,6.238393917367222
12871,CCW,2,0.608,6.257617819844517
12871,CCW,2,0.609,6.276113224242227
12871,CCW,2,0.61,6.294353760144279
12871,CCW,2,0.611,6.313158466813853
12871,CCW,2,0.612,6.332904473870336
12871,CCW,2,0.613,6.3529993936376385
12871,CCW,2,0.614,6.374050715828655
12871,CCW,2,0.615,6.395677686734407
12871,CCW,2,0.616,6.417508912620218
12871,CCW,2,0.617,6.439220935491178
12871,CCW,2,0.618,6.460689782206234
12871,CCW,2,0.619,6.482197282283409
12871,CCW,2,0.62,6.503125623298148
12871,CCW,2,0.621,6.523870304962576
12871,CCW,2,0.622,6.544056038806629
12871,CCW,2,0.623,6.563135750324819
12871,CCW,2,0.624,6.581655745654371
12871,CCW,2,0.625,6.600197423137525
12871,CCW,2,0.626,6.618969323859515
12871,CCW,2,0.627,6.638623858083609
12871,CCW,2,0.628,6.658745077284413
12871,CCW,2,0.629,6.679020564636516
12871,CCW,2,0.63,6.7000055911052785
12871,CCW,2,0.631,6.721794698610101
12871,CCW,2,0.632,6.743824707112703
12871,CCW,2,0.633,6.7658169308679055
12871,CCW,2,0.634,6.7876835676681235
12871,CCW,2,0.635,6.8090936689707595
12871,CCW,2,0.636,6.830198993222986
12871,CCW,2,0.637,6.85107605674983
12871,CCW,2,0.638,6.871296194123956
12871,CCW,2,0.639,6.8902947535133245
12871,CCW,2,0.64,6.9082931120421955
12871,CCW,2,0.641,6.925708106228636
12871,CCW,2,0.642,6.943513588558474
12871,CCW,2,0.643,6.962404475120474
12871,CCW,2,0.644,6.982243944828926
12871,CCW,2,0.645,7.002177897089653
12871,CCW,2,0.646,7.022477532007534
12871,CCW,2,0.647,7.043655639737197
12871,CCW,2,0.648,7.065550607161121
12871,CCW,2,0.649,7.087965174599672
12871,CCW,2,0.65,7.110348938153141
12871,CCW,2,0.651,7.132150264671322
12871,CCW,2,0.652,7.153260490909413
12871,CCW,2,0.653,7.17387500499724
12871,CCW,2,0.654,7.194124454379177
12871,CCW,2,0.655,7.213838587065053
12871,CCW,2,0.656,7.2327049991554215
12871,CCW,2,0.657,7.251041725094652
12871,CCW,2,0.658,7.269551049991456
12871,CCW,2,0.659,7.288849167453789
12871,CCW,2,0.66,7.308814690243651
12871,CCW,2,0.661,7.329693942773849
12871,CCW,2,0.662,7.351590847244904
12871,CCW,2,0.663,7.373963012178796
12871,CCW,2,0.664,7.396136616433118
12871,CCW,2,0.665,7.417978878159371
12871,CCW,2,0.666,7.4396604022557895
12871,CCW,2,0.667,7.460638067004584
12871,CCW,2,0.668,7.481248052645779
12871,CCW,2,0.669,7.500918471199148
12871,CCW,2,0.67,7.520019786176161
12871,CCW,2,0.671,7.5387191042680435
12871,CCW,2,0.672,7.557346930010172
12871,CCW,2,0.673,7.576621517672862
12871,CCW,2,0.674,7.596874019364478
12871,CCW,2,0.675,7.618040881572265
12871,CCW,2,0.676,7.6390344840511295
12871,CCW,2,0.677,7.66066565318995
12871,CCW,2,0.678,7.682303504926772
12871,CCW,2,0.679,7.704023881763119
12871,CCW,2,0.68,7.726655587961789
12871,CCW,2,0.681,7.748981911678581
12871,CCW,2,0.682,7.770200981857854
12871,CCW,2,0.683,7.791529114305158
12871,CCW,2,0.684,7.8113475963632855
12871,CCW,2,0.685,7.832660819343629
12871,CCW,2,0.686,7.852164193683318
12871,CCW,2,0.687,7.871061341760065
12871,CCW,2,0.6880000000000001,7.893352221278408
12871,CCW,2,0.6890000000000001,7.914158038680965
12871,CCW,2,0.6900000000000001,7.934908350114347
12871,CCW,2,0.6910000000000001,7.958059428472719
12871,CCW,2,0.6920000000000001,7.981617398691301
12871,CCW,2,0.6930000000000001,8.00313067466855
12871,CCW,2,0.6940000000000001,8.02541130232449
12871,CCW,2,0.6950000000000001,8.051565645098814
12871,CCW,2,0.6960000000000001,8.074027894712295
12871,CCW,2,0.6970000000000001,8.099516285939625
12871,CCW,2,0.6980000000000001,8.126406245336643
12871,CCW,2,0.6990000000000001,8.1528063712375
12871,CCW,2,0.7000000000000001,8.17635771216137
12871,CCW,2,0.7010000000000001,8.197157310189297
12871,CCW,2,0.7020000000000001,8.21819905993873
12871,CCW,2,0.7030000000000001,8.239068921995582
12871,CCW,2,0.704,8.256959496404017
12871,CCW,2,0.705,8.277623692497317
12871,CCW,2,0.706,8.29885447185086
12871,CCW,2,0.707,8.317460644845236
12871,CCW,2,0.708,8.336839996499267
12871,CCW,2,0.709,8.354972916569253
12871,CCW,2,0.71,8.376209419846532
12871,CCW,2,0.711,8.395856273748354
12871,CCW,2,0.712,8.414294593002174
12871,CCW,2,0.713,8.432689456019094
12871,CCW,2,0.714,8.450644672082463
12871,CCW,2,0.715,8.467786581696869
12871,CCW,2,0.716,8.482960299787527
12871,CCW,2,0.717,8.49618706693079
12871,CCW,2,0.718,8.50904915846666
12871,CCW,2,0.719,8.517461958615902
12871,CCW,2,0.72,8.52947337954345
12871,CCW,2,0.721,8.546595182060202
12871,CCW,2,0.722,8.567113788928825
12871,CCW,2,0.723,8.585534117557442
12871,CCW,2,0.724,8.605315919503942
12871,CCW,2,0.725,8.622679903944729
12871,CCW,2,0.726,8.643467838437454
12871,CCW,2,0.727,8.663070174815896
12871,CCW,2,0.728,8.681976319932543
12871,CCW,2,0.729,8.701028861646636
12871,CCW,2,0.73,8.720416854979232
12871,CCW,2,0.731,8.74001032113914
12871,CCW,2,0.732,8.76010970667164
12871,CCW,2,0.733,8.77594203934788
12871,CCW,2,0.734,8.796414209591221
12871,CCW,2,0.735,8.813789936476805
12871,CCW,2,0.736,8.829854350080156
12871,CCW,2,0.737,8.841456632036717
12871,CCW,2,0.738,8.853776989424517
12871,CCW,2,0.739,8.868729234958128
12871,CCW,2,0.74,8.883157641919684
12871,CCW,2,0.741,8.897094575477032
12871,CCW,2,0.742,8.909403488608078
12871,CCW,2,0.743,8.92187617441452
12871,CCW,2,0.744,8.935148568206856
12871,CCW,2,0.745,8.948782290800263
12871,CCW,2,0.746,8.96325467500322
12871,CCW,2,0.747,8.97871155278752
12871,CCW,2,0.748,8.995124145809253
12871,CCW,2,0.749,9.012028633642574
12871,CCW,2,0.75,9.028071458011134
12871,CCW,2,0.751,9.042548138293032
12871,CCW,2,0.752,9.055696322624044
12871,CCW,2,0.753,9.068409418786272
12871,CCW,2,0.754,9.078244962350357
12871,CCW,2,0.755,9.090651755425203
12871,CCW,2,0.756,9.099188458352662
12871,CCW,2,0.757,9.10709774326848
12871,CCW,2,0.758,9.116847253425298
12871,CCW,2,0.759,9.127420453965298
12871,CCW,2,0.76,9.137914397040175
12871,CCW,2,0.761,9.149004224808934
12871,CCW,2,0.762,9.16044214807016
12871,CCW,2,0.763,9.172379934405729
12871,CCW,2,0.764,9.185578228025333
12871,CCW,2,0.765,9.195803448860653
12871,CCW,2,0.766,9.206386330253446
12871,CCW,2,0.767,9.216110008472304
12871,CCW,2,0.768,9.224764609879154
12871,CCW,2,0.769,9.234416020027199
12871,CCW,2,0.77,9.242607638345893
12871,CCW,2,0.771,9.25041829530026
12871,CCW,2,0.772,9.256421007627946
12871,CCW,2,0.773,9.262957223289472
12871,CCW,2,0.774,9.267873733927416
12871,CCW,2,0.775,9.271462369672838
12871,CCW,2,0.776,9.275370393494573
12871,CCW,2,0.777,9.278991945806888
12871,CCW,2,0.778,9.282356026000011
12871,CCW,2,0.779,9.285287663524946
12871,CCW,2,0.78,9.288114106643992
12871,CCW,2,0.781,9.29075213278932
12871,CCW,2,0.782,9.293174307860964
12871,CCW,2,0.783,9.295304231479275
12871,CCW,2,0.784,9.297365994011246
12871,CCW,2,0.785,9.299088614980455
12871,CCW,2,0.786,9.301253792736604
12871,CCW,2,0.787,9.303064557744973
12871,CCW,2,0.788,9.304357292952904
12871,CCW,2,0.789,9.30577607251258
12871,CCW,2,0.79,9.307168925049874
12871,CCW,2,0.791,9.308607027561226
12871,CCW,2,0.792,9.309706419128007
12871,CCW,2,0.793,9.310556144467418
12871,CCW,2,0.794,9.311402549371408
12871,CCW,2,0.795,9.311990159959723
12871,CCW,2,0.796,9.31259447900784
12871,CCW,2,0.797,9.313149172394194
12871,CCW,2,0.798,9.31344334423733
12871,CCW,2,0.799,9.313770135417512
12871,CCW,2,0.8,9.314011458666426
12871,CCW,2,0.801,9.314084905363575
12871,CCW,2,0.802,9.314194727663963
12871,CCW,2,0.803,9.314270878804782
12871,CCW,2,0.804,9.314282751547596
12871,CCW,2,0.805,9.314321020070235
12871,CCW,2,0.806,9.314313536882558
12871,CCW,2,0.807,9.31428623729963
12871,CCW,2,0.808,9.314206429136116
12871,CCW,2,0.809,9.314085292507007
12871,CCW,2,0.81,9.31396200642412
12871,CCW,2,0.811,9.313818894459411
12871,CCW,2,0.812,9.313693333539787
12871,CCW,2,0.8130000000000001,9.313565042452685
12871,CCW,2,0.8140000000000001,9.313475947944076
12871,CCW,2,0.8150000000000001,9.313361328844945
12871,CCW,2,0.8160000000000001,9.313216205559561
12871,CCW,2,0.8170000000000001,9.313028391821506
12871,CCW,2,0.8180000000000001,9.312773222426287
12871,CCW,2,0.8190000000000001,9.312422324351932
12871,CCW,2,0.8200000000000001,9.312056609054022
12871,CCW,2,0.8210000000000001,9.311576334519541
12871,CCW,2,0.8220000000000001,9.311032149057791
12871,CCW,2,0.8230000000000001,9.310361556932945
12871,CCW,2,0.8240000000000001,9.309619090022183
12871,CCW,2,0.8250000000000001,9.308658997578155
12871,CCW,2,0.8260000000000001,9.30758137662379
12871,CCW,2,0.8270000000000001,9.306287684201195
12871,CCW,2,0.8280000000000001,9.305008903067467
12871,CCW,2,0.8290000000000001,9.303630681751189
12871,CCW,2,0.8300000000000001,9.302144380219664
12871,CCW,2,0.8310000000000001,9.300338096394372
12871,CCW,2,0.8320000000000001,9.298354876601167
12871,CCW,2,0.833,9.29622388401504
12871,CCW,2,0.834,9.293944036011654
12871,CCW,2,0.835,9.29091462702904
12871,CCW,2,0.836,9.288888881505725
12871,CCW,2,0.837,9.285380907088301
12871,CCW,2,0.838,9.281312192518213
12871,CCW,2,0.839,9.276815295225932
12871,CCW,2,0.84,9.27167086458016
12871,CCW,2,0.841,9.266232497542255
12871,CCW,2,0.842,9.260672744449904
12871,CCW,2,0.843,9.254765806711942
12871,CCW,2,0.844,9.250436429796475
12871,CCW,2,0.845,9.244822509989854
12871,CCW,2,0.846,9.239813734870724
12871,CCW,2,0.847,9.235367939176852
12871,CCW,2,0.848,9.23425798442126
12871,CCW,2,0.849,9.231952373758293
12871,CCW,2,0.85,9.230053979852391
12871,CCW,2,0.851,9.228496224229986
12871,CCW,2,0.852,9.229685081828972
12871,CCW,2,0.853,9.228471905386751
12871,CCW,2,0.854,9.227451069598166
12871,CCW,2,0.855,9.226473802827607
12871,CCW,2,0.856,9.22546786241067
12871,CCW,2,0.857,9.223174143168812
12871,CCW,2,0.858,9.218676844550547
12871,CCW,2,0.859,9.212128062774962
12871,CCW,2,0.86,9.203797090294927
12871,CCW,2,0.861,9.191618721230377
12871,CCW,2,0.862,9.180276574145845
12871,CCW,2,0.863,9.163720062613953
12871,CCW,2,0.864,9.14556368102864
12871,CCW,2,0.865,9.126316176424758
12871,CCW,2,0.866,9.109084979968552
12871,CCW,2,0.867,9.092429977153161
12871,CCW,2,0.868,9.07693741637126
12871,CCW,2,0.869,9.063765067906163
12871,CCW,2,0.87,9.051904496146332
12871,CCW,2,0.871,9.046606892647173
12871,CCW,2,0.872,9.037922346451964
12871,CCW,2,0.873,9.028950431562768
12871,CCW,2,0.874,9.020497260283872
12871,CCW,2,0.875,9.013876550430188
12871,CCW,2,0.876,9.00457499187647
12871,CCW,2,0.877,9.006244208703075
12871,CCW,2,0.878,9.002605124852122
12871,CCW,2,0.879,8.995789464072448
12871,CCW,2,0.88,8.98698992005825
12871,CCW,2,0.881,8.97442942603853
12871,CCW,2,0.882,8.95908818310644
12871,CCW,2,0.883,8.941293413011213
12871,CCW,2,0.884,8.922020042741355
12871,CCW,2,0.885,8.905053045276999
12871,CCW,2,0.886,8.888598972257599
12871,CCW,2,0.887,8.871835264509512
12871,CCW,2,0.888,8.858552600081874
12871,CCW,2,0.889,8.838311015313636
12871,CCW,2,0.89,8.824996956896173
12871,CCW,2,0.891,8.813129120536766
12871,CCW,2,0.892,8.803884808220053
12871,CCW,2,0.893,8.798245994046496
12871,CCW,2,0.894,8.794371907795886
12871,CCW,2,0.895,8.795759065883713
12871,CCW,2,0.896,8.79432820411011
12871,CCW,2,0.897,8.79488666705754
12871,CCW,2,0.898,8.795112546633336
12871,CCW,2,0.899,8.797551061999982
12871,CCW,2,0.9,8.796717226006496
12871,CCW,2,0.901,8.795938536721385
12871,CCW,2,0.902,8.795732401977139
12871,CCW,2,0.903,8.795105577764613
12871,CCW,2,0.904,8.793767835813311
12871,CCW,2,0.905,8.79283245959119
12871,CCW,2,0.906,8.790707072899991
12871,CCW,2,0.907,8.79080813133978
12871,CCW,2,0.908,8.789295670447835
12871,CCW,2,0.909,8.789569776402073
12871,CCW,2,0.91,8.790700540613587
12871,CCW,2,0.911,8.790997383371057
12871,CCW,2,0.912,8.79344727720965
12871,CCW,2,0.913,8.794172574848288
12871,CCW,2,0.914,8.794815777042217
12871,CCW,2,0.915,8.796923592412604
12871,CCW,2,0.916,8.797368343576458
12871,CCW,2,0.917,8.79752347487364
12871,CCW,2,0.918,8.79879141069984
12871,CCW,2,0.919,8.79893526533072
12871,CCW,2,0.92,8.798224591789834
12871,CCW,2,0.921,8.79655668577581
12871,CCW,2,0.922,8.794006920599164
12871,CCW,2,0.923,8.791082353856542
12871,CCW,2,0.924,8.788537729354747
12871,CCW,2,0.925,8.787838754877423
12871,CCW,2,0.926,8.78690477821959
12871,CCW,2,0.927,8.786204074481029
12871,CCW,2,0.928,8.786579744392817
12871,CCW,2,0.929,8.787319612552173
12871,CCW,2,0.93,8.789498703524032
12871,CCW,2,0.931,8.792788927647734
12871,CCW,2,0.932,8.796344626381067
12871,CCW,2,0.933,8.799803465942752
12871,CCW,2,0.934,8.802745132452024
12871,CCW,2,0.935,8.805051128502019
12871,CCW,2,0.936,8.80625334569894
12871,CCW,2,0.937,8.806891030000868
12871,CCW,2,0.9380000000000001,8.807373517799185
12871,CCW,2,0.9390000000000001,8.807692220486599
12871,CCW,2,0.9400000000000001,8.807887342090272
12871,CCW,2,0.9410000000000001,8.808168271964856
12871,CCW,2,0.9420000000000001,8.808508591338077
12871,CCW,2,0.9430000000000001,8.809123487920361
12871,CCW,2,0.9440000000000001,8.80978580266702
12871,CCW,2,0.9450000000000001,8.810969675750771
12871,CCW,2,0.9460000000000001,8.813414438997627
12871,CCW,2,0.9470000000000001,8.816431766438624
12871,CCW,2,0.9480000000000001,8.819314870389551
12871,CCW,2,0.9490000000000001,8.821313342706063
12871,CCW,2,0.9500000000000001,8.823575001597094
12871,CCW,2,0.9510000000000001,8.825523942246907
12871,CCW,2,0.9520000000000001,8.826706612677173
12871,CCW,2,0.9530000000000001,8.827494545070035
12871,CCW,2,0.9540000000000001,8.827437128595001
12871,CCW,2,0.9550000000000001,8.827805543007543
12871,CCW,2,0.9560000000000001,8.828717702480054
12871,CCW,2,0.9570000000000001,8.82874667580701
12871,CCW,2,0.9580000000000001,8.828402399610445
12871,CCW,2,0.9590000000000001,8.82836642027627
12871,CCW,2,0.96,8.82880536773409
12871,CCW,2,0.961,8.830138169244734
12871,CCW,2,0.962,8.8318716002731
12871,CCW,2,0.963,8.834182791966846
12871,CCW,2,0.964,8.836504894673407
12871,CCW,2,0.965,8.83841998444216
12871,CCW,2,0.966,8.840246093133795
12871,CCW,2,0.967,8.841409761015035
12871,CCW,2,0.968,8.841339788556091
12871,CCW,2,0.969,8.840002679273212
12871,CCW,2,0.97,8.83770485527778
12871,CCW,2,0.971,8.83526033751931
12871,CCW,2,0.972,8.833261521853107
12871,CCW,2,0.973,8.832249207241608
12871,CCW,2,0.974,8.832454086522251
12871,CCW,2,0.975,8.83330550729779
12871,CCW,2,0.976,8.834740894129146
12871,CCW,2,0.977,8.836878817692954
12871,CCW,2,0.978,8.839461830144163
12871,CCW,2,0.979,8.84156656784468
12871,CCW,2,0.98,8.842945793019238
12871,CCW,2,0.981,8.844216149084623
12871,CCW,2,0.982,8.845559806041928
12871,CCW,2,0.983,8.84691583559749
12871,CCW,2,0.984,8.847893970455218
12871,CCW,2,0.985,8.847684037394329
12871,CCW,2,0.986,8.845705680078842
12871,CCW,2,0.987,8.841819598837796
12871,CCW,2,0.988,8.836726971207888
12871,CCW,2,0.989,8.831074471112988
12871,CCW,2,0.99,8.826424543229283
12871,CCW,2,0.991,8.821981756674562
12871,CCW,2,0.992,8.819010467920947
12871,CCW,2,0.993,8.817821315852932
12871,CCW,2,0.994,8.818397840240875
12871,CCW,2,0.995,8.820775649367768
12871,CCW,2,0.996,8.823805608424752
12871,CCW,2,0.997,8.827017998230216
12871,CCW,2,0.998,8.830135244164792
12871,CCW,2,0.999,8.832330972161937
12871,CCW,2,1.0,8.833181533500564
12871,CCW,3,0.0,0.0
12871,CCW,3,0.001,0.0006418901802741672
12871,CCW,3,0.002,0.0009126131189807613
12871,CCW,3,0.003,0.0014110747384107258
12871,CCW,3,0.004,0.0015653908194788934
12871,CCW,3,0.005,0.0018209142285975615
12871,CCW,3,0.006,0.0028884530638591025
12871,CCW,3,0.007,0.003940049584326882
12871,CCW,3,0.008,0.005578826070493942
12871,CCW,3,0.009000000000000001,0.0060899800843824846
12871,CCW,3,0.01,0.005967417108018445
12871,CCW,3,0.011,0.005437339463133205
12871,CCW,3,0.012,0.003317824372095783
12871,CCW,3,0.013000000000000001,0.0034252417214831726
12871,CCW,3,0.014,0.0037230155474612075
12871,CCW,3,0.015,0.003950489225910514
12871,CCW,3,0.016,0.004432009363701819
12871,CCW,3,0.017,0.004789833462420996
12871,CCW,3,0.018000000000000002,0.005282882737427068
12871,CCW,3,0.019,0.00582605066520261
12871,CCW,3,0.02,0.009873762938834957
12871,CCW,3,0.021,0.011898615662177349
12871,CCW,3,0.022,0.012975640525062934
12871,CCW,3,0.023,0.01800052382540811
12871,CCW,3,0.024,0.019165055069951704
12871,CCW,3,0.025,0.02021346561909273
12871,CCW,3,0.026000000000000002,0.026943809720540543
12871,CCW,3,0.027,0.029863897414776002
12871,CCW,3,0.028,0.03439329196902947
12871,CCW,3,0.029,0.0433436115436192
12871,CCW,3,0.03,0.048280468579044465
12871,CCW,3,0.031,0.05488319796649412
12871,CCW,3,0.032,0.06206189672485796
12871,CCW,3,0.033,0.06493779331991613
12871,CCW,3,0.034,0.06901768054419284
12871,CCW,3,0.035,0.07266973770038661
12871,CCW,3,0.036000000000000004,0.07529183385758273
12871,CCW,3,0.037,0.07514536804714243
12871,CCW,3,0.038,0.07979337267003012
12871,CCW,3,0.039,0.09004358098741914
12871,CCW,3,0.04,0.09637554276642435
12871,CCW,3,0.041,0.10353642492834597
12871,CCW,3,0.042,0.11090250807111962
12871,CCW,3,0.043000000000000003,0.11858761655598966
12871,CCW,3,0.044,0.12692972037311392
12871,CCW,3,0.045,0.13398682238752774
12871,CCW,3,0.046,0.14052632418991265
12871,CCW,3,0.047,0.1445395101517886
12871,CCW,3,0.048,0.1478115842842568
12871,CCW,3,0.049,0.14984329885844574
12871,CCW,3,0.05,0.1507457563117489
12871,CCW,3,0.051000000000000004,0.1468834949711082
12871,CCW,3,0.052000000000000005,0.14183425655832044
12871,CCW,3,0.053,0.13774429072298064
12871,CCW,3,0.054,0.13482077321866043
12871,CCW,3,0.055,0.1351050627770909
12871,CCW,3,0.056,0.1397842803222928
12871,CCW,3,0.057,0.1448400533244263
12871,CCW,3,0.058,0.14578670078779868
12871,CCW,3,0.059000000000000004,0.1506053599690968
12871,CCW,3,0.06,0.15508423912615882
12871,CCW,3,0.061,0.1586967544055488
12871,CCW,3,0.062,0.16233522236824585
12871,CCW,3,0.063,0.16686878511368658
12871,CCW,3,0.064,0.16781885237078864
12871,CCW,3,0.065,0.1710392883655259
12871,CCW,3,0.066,0.1748310921396624
12871,CCW,3,0.067,0.17694671846414528
12871,CCW,3,0.068,0.184174889600418
12871,CCW,3,0.069,0.1866867192274236
12871,CCW,3,0.07,0.18833960438648636
12871,CCW,3,0.07100000000000001,0.1899239788450741
12871,CCW,3,0.07200000000000001,0.1905258481722331
12871,CCW,3,0.073,0.1918515494483113
12871,CCW,3,0.074,0.19507864478559403
12871,CCW,3,0.075,0.20072488556104628
12871,CCW,3,0.076,0.20283953826613843
12871,CCW,3,0.077,0.20272608472335193
12871,CCW,3,0.078,0.20778959135205782
12871,CCW,3,0.079,0.21232929791668553
12871,CCW,3,0.08,0.21831184067665757
12871,CCW,3,0.081,0.22436360063584804
12871,CCW,3,0.082,0.23101906890631635
12871,CCW,3,0.083,0.2376542879492116
12871,CCW,3,0.084,0.24416447372156105
12871,CCW,3,0.085,0.25090833131974233
12871,CCW,3,0.08600000000000001,0.2530370346948056
12871,CCW,3,0.08700000000000001,0.2579879717037768
12871,CCW,3,0.088,0.2572749039492377
12871,CCW,3,0.089,0.25414988497440594
12871,CCW,3,0.09,0.25365543633057275
12871,CCW,3,0.091,0.24983761373396712
12871,CCW,3,0.092,0.2467491916326644
12871,CCW,3,0.093,0.24537984391877607
12871,CCW,3,0.094,0.24650095477589287
12871,CCW,3,0.095,0.24780588478338134
12871,CCW,3,0.096,0.25184289958786904
12871,CCW,3,0.097,0.2538925468623415
12871,CCW,3,0.098,0.25840506347656583
12871,CCW,3,0.099,0.2621993191758253
12871,CCW,3,0.1,0.26912108950959857
12871,CCW,3,0.101,0.2751679635337041
12871,CCW,3,0.10200000000000001,0.2802343354224328
12871,CCW,3,0.10300000000000001,0.28516850644656405
12871,CCW,3,0.10400000000000001,0.28523583894020865
12871,CCW,3,0.105,0.28741933465165515
12871,CCW,3,0.106,0.28851935462215855
12871,CCW,3,0.107,0.2880038832125402
12871,CCW,3,0.108,0.28713109483490085
12871,CCW,3,0.109,0.288685099849592
12871,CCW,3,0.11,0.2900686700252466
12871,CCW,3,0.111,0.29082778092411504
12871,CCW,3,0.112,0.2908167761644927
12871,CCW,3,0.113,0.289982348935508
12871,CCW,3,0.114,0.28962363719345297
12871,CCW,3,0.115,0.28895867424293314
12871,CCW,3,0.116,0.2882835191023896
12871,CCW,3,0.117,0.28624979687996416
12871,CCW,3,0.11800000000000001,0.2861147953534779
12871,CCW,3,0.11900000000000001,0.2829433716458913
12871,CCW,3,0.12,0.2806732493862082
12871,CCW,3,0.121,0.27891681132656665
12871,CCW,3,0.122,0.27715651966573446
12871,CCW,3,0.123,0.27496215609674174
12871,CCW,3,0.124,0.2731815590343305
12871,CCW,3,0.125,0.2728726674953625
12871,CCW,3,0.126,0.27269392778383295
12871,CCW,3,0.127,0.2725004843938845
12871,CCW,3,0.128,0.272424052264225
12871,CCW,3,0.129,0.2733184181644812
12871,CCW,3,0.13,0.27155239601472564
12871,CCW,3,0.131,0.2682042462336756
12871,CCW,3,0.132,0.2691471322646292
12871,CCW,3,0.133,0.2720410196241333
12871,CCW,3,0.134,0.27071585812630783
12871,CCW,3,0.135,0.27032590780179994
12871,CCW,3,0.136,0.26749933013419314
12871,CCW,3,0.137,0.259273031540919
12871,CCW,3,0.138,0.2552279166942962
12871,CCW,3,0.139,0.24880425991553007
12871,CCW,3,0.14,0.2344528817432754
12871,CCW,3,0.14100000000000001,0.2223816541575026
12871,CCW,3,0.14200000000000002,0.21175308157200193
12871,CCW,3,0.14300000000000002,0.20536415411521405
12871,CCW,3,0.14400000000000002,0.20061832774593083
12871,CCW,3,0.145,0.19106509915295264
12871,CCW,3,0.146,0.1887036437003866
12871,CCW,3,0.147,0.18367662522637768
12871,CCW,3,0.148,0.17294137725184938
12871,CCW,3,0.149,0.16166890607062148
12871,CCW,3,0.15,0.15242334516474854
12871,CCW,3,0.151,0.14227935155687094
12871,CCW,3,0.152,0.13629232340451705
12871,CCW,3,0.153,0.12530771034023225
12871,CCW,3,0.154,0.1197296496156599
12871,CCW,3,0.155,0.11525716875699606
12871,CCW,3,0.156,0.11255920603276685
12871,CCW,3,0.157,0.11302046991403039
12871,CCW,3,0.158,0.11064108692506014
12871,CCW,3,0.159,0.11132360338307026
12871,CCW,3,0.16,0.10086342473898231
12871,CCW,3,0.161,0.09000278731480571
12871,CCW,3,0.162,0.07785823876191562
12871,CCW,3,0.163,0.07620172520021223
12871,CCW,3,0.164,0.06969615097122354
12871,CCW,3,0.165,0.06956672039807855
12871,CCW,3,0.166,0.07050199497146681
12871,CCW,3,0.167,0.07744298305709672
12871,CCW,3,0.168,0.09325344114730272
12871,CCW,3,0.169,0.10652442594706157
12871,CCW,3,0.17,0.12395920518597005
12871,CCW,3,0.171,0.14220730840367643
12871,CCW,3,0.17200000000000001,0.15514042687285287
12871,CCW,3,0.17300000000000001,0.16937346395448014
12871,CCW,3,0.17400000000000002,0.1834413356950819
12871,CCW,3,0.17500000000000002,0.19551042440299807
12871,CCW,3,0.176,0.19390221966561674
12871,CCW,3,0.177,0.2041483361329229
12871,CCW,3,0.178,0.2120503342659489
12871,CCW,3,0.179,0.2144474520678623
12871,CCW,3,0.18,0.21535136356672996
12871,CCW,3,0.181,0.2183744274020475
12871,CCW,3,0.182,0.21939103125457207
12871,CCW,3,0.183,0.20973015726520405
12871,CCW,3,0.184,0.20141315603647694
12871,CCW,3,0.185,0.18660306493570442
12871,CCW,3,0.186,0.1869622993291004
12871,CCW,3,0.187,0.1830285717935892
12871,CCW,3,0.188,0.183377098370007
12871,CCW,3,0.189,0.18644793379065552
12871,CCW,3,0.19,0.1913802790458972
12871,CCW,3,0.191,0.19714187900168406
12871,CCW,3,0.192,0.20449955102395811
12871,CCW,3,0.193,0.2179469523478107
12871,CCW,3,0.194,0.22879640475120067
12871,CCW,3,0.195,0.2537230850057063
12871,CCW,3,0.196,0.26689552896225477
12871,CCW,3,0.197,0.2903633241143388
12871,CCW,3,0.198,0.2997109772448439
12871,CCW,3,0.199,0.31110816972481486
12871,CCW,3,0.2,0.3223345222932631
12871,CCW,3,0.201,0.32696081598485854
12871,CCW,3,0.202,0.33798395521742325
12871,CCW,3,0.203,0.3472428199551079
12871,CCW,3,0.20400000000000001,0.3627806784110728
12871,CCW,3,0.20500000000000002,0.376147136109246
12871,CCW,3,0.20600000000000002,0.387061795471233
12871,CCW,3,0.20700000000000002,0.3979454518005408
12871,CCW,3,0.20800000000000002,0.4017999588748259
12871,CCW,3,0.209,0.4045136192983945
12871,CCW,3,0.21,0.40501683619200146
12871,CCW,3,0.211,0.4060843503473579
12871,CCW,3,0.212,0.40793705208742465
12871,CCW,3,0.213,0.41062371659182373
12871,CCW,3,0.214,0.41581520199645633
12871,CCW,3,0.215,0.42326813772835237
12871,CCW,3,0.216,0.4280830336243867
12871,CCW,3,0.217,0.4333532916639084
12871,CCW,3,0.218,0.43808768053375907
12871,CCW,3,0.219,0.4402610642413619
12871,CCW,3,0.22,0.44230217294032265
12871,CCW,3,0.221,0.4463858665876911
12871,CCW,3,0.222,0.45039386619399746
12871,CCW,3,0.223,0.45560831572573296
12871,CCW,3,0.224,0.4599015284538203
12871,CCW,3,0.225,0.4638544223856504
12871,CCW,3,0.226,0.4676330040169498
12871,CCW,3,0.227,0.4708505430790762
12871,CCW,3,0.228,0.4740467099525862
12871,CCW,3,0.229,0.47701182616055154
12871,CCW,3,0.23,0.48070119765917124
12871,CCW,3,0.231,0.4845700223713619
12871,CCW,3,0.232,0.4887941943630896
12871,CCW,3,0.233,0.493157006163067
12871,CCW,3,0.234,0.4973190680380691
12871,CCW,3,0.23500000000000001,0.501506646572361
12871,CCW,3,0.23600000000000002,0.5053942232827563
12871,CCW,3,0.23700000000000002,0.5103556047339778
12871,CCW,3,0.23800000000000002,0.5142761561474425
12871,CCW,3,0.23900000000000002,0.519391854145965
12871,CCW,3,0.24,0.5221672939045148
12871,CCW,3,0.241,0.5241430570035323
12871,CCW,3,0.242,0.5260016770449286
12871,CCW,3,0.243,0.5290100060052197
12871,CCW,3,0.244,0.527540002959456
12871,CCW,3,0.245,0.5290868864746009
12871,CCW,3,0.246,0.5280031720528364
12871,CCW,3,0.247,0.531684782968178
12871,CCW,3,0.248,0.5294871860937508
12871,CCW,3,0.249,0.5281291154721148
12871,CCW,3,0.25,0.5274930552372766
12871,CCW,3,0.251,0.5264520556786357
12871,CCW,3,0.252,0.5245313923366527
12871,CCW,3,0.253,0.523229158293612
12871,CCW,3,0.254,0.5405616464727057
12871,CCW,3,0.255,0.5470252869442221
12871,CCW,3,0.256,0.5566045029656786
12871,CCW,3,0.257,0.5809095717309303
12871,CCW,3,0.258,0.5841400348269994
12871,CCW,3,0.259,0.595058622157578
12871,CCW,3,0.26,0.5810474953958422
12871,CCW,3,0.261,0.5757593888805224
12871,CCW,3,0.262,0.5776767647541483
12871,CCW,3,0.263,0.5654853728716118
12871,CCW,3,0.264,0.5707799032803106
12871,CCW,3,0.265,0.5730377747687335
12871,CCW,3,0.266,0.5621843639022558
12871,CCW,3,0.267,0.5560942326431455
12871,CCW,3,0.268,0.5476163758279828
12871,CCW,3,0.269,0.547235045116211
12871,CCW,3,0.27,0.5306789424115365
12871,CCW,3,0.271,0.5094014708096235
12871,CCW,3,0.272,0.49518640750001514
12871,CCW,3,0.273,0.4850657808735524
12871,CCW,3,0.274,0.4740438744925316
12871,CCW,3,0.275,0.46387303004879604
12871,CCW,3,0.276,0.46204481647527695
12871,CCW,3,0.277,0.4470272441753981
12871,CCW,3,0.278,0.4315525469073487
12871,CCW,3,0.279,0.4144894976727103
12871,CCW,3,0.28,0.3957870435983985
12871,CCW,3,0.281,0.3731471940447927
12871,CCW,3,0.28200000000000003,0.36262648997924085
12871,CCW,3,0.28300000000000003,0.35691128133946864
12871,CCW,3,0.28400000000000003,0.3540329345332943
12871,CCW,3,0.28500000000000003,0.3551276284433401
12871,CCW,3,0.28600000000000003,0.3543656861458169
12871,CCW,3,0.28700000000000003,0.3536283609374382
12871,CCW,3,0.28800000000000003,0.3561291071172068
12871,CCW,3,0.289,0.35722964228479603
12871,CCW,3,0.29,0.35183750151615834
12871,CCW,3,0.291,0.34750695055597486
12871,CCW,3,0.292,0.34156818391680815
12871,CCW,3,0.293,0.33936252348168594
12871,CCW,3,0.294,0.3307304224736413
12871,CCW,3,0.295,0.3260916641447517
12871,CCW,3,0.296,0.3227596392136765
12871,CCW,3,0.297,0.31723767612735
12871,CCW,3,0.298,0.32541996851346966
12871,CCW,3,0.299,0.32363652726704517
12871,CCW,3,0.3,0.32349682938014435
12871,CCW,3,0.301,0.32538542335049697
12871,CCW,3,0.302,0.32792663465072364
12871,CCW,3,0.303,0.33024529958375787
12871,CCW,3,0.304,0.32945039900837303
12871,CCW,3,0.305,0.3268891114123223
12871,CCW,3,0.306,0.32326197139856944
12871,CCW,3,0.307,0.3242385714209459
12871,CCW,3,0.308,0.3186069149176441
12871,CCW,3,0.309,0.3094584711651176
12871,CCW,3,0.31,0.3065040199533092
12871,CCW,3,0.311,0.29960658334401435
12871,CCW,3,0.312,0.29835209787484906
12871,CCW,3,0.313,0.29412221181623943
12871,CCW,3,0.314,0.29297993980672127
12871,CCW,3,0.315,0.292079113041902
12871,CCW,3,0.316,0.2909346211806504
12871,CCW,3,0.317,0.2897086913603179
12871,CCW,3,0.318,0.28810751971373394
12871,CCW,3,0.319,0.2864949717373227
12871,CCW,3,0.32,0.28529212896086176
12871,CCW,3,0.321,0.284113623552859
12871,CCW,3,0.322,0.28250080008375483
12871,CCW,3,0.323,0.2805234705730793
12871,CCW,3,0.324,0.27838417900987983
12871,CCW,3,0.325,0.2764648673931892
12871,CCW,3,0.326,0.2743176246722631
12871,CCW,3,0.327,0.27196948025248
12871,CCW,3,0.328,0.26789961570742965
12871,CCW,3,0.329,0.2656774938034422
12871,CCW,3,0.33,0.2630140331670121
12871,CCW,3,0.331,0.2618282833870355
12871,CCW,3,0.332,0.2597042477790428
12871,CCW,3,0.333,0.25689533409500975
12871,CCW,3,0.334,0.255112566642392
12871,CCW,3,0.335,0.25360587549191865
12871,CCW,3,0.336,0.2522152299421894
12871,CCW,3,0.337,0.2507769721162806
12871,CCW,3,0.338,0.24954524674619732
12871,CCW,3,0.339,0.2476915360711795
12871,CCW,3,0.34,0.24585658540240568
12871,CCW,3,0.341,0.24576638110266566
12871,CCW,3,0.342,0.24492429802848048
12871,CCW,3,0.343,0.24358159299464516
12871,CCW,3,0.34400000000000003,0.24178675079917553
12871,CCW,3,0.34500000000000003,0.23987225792374342
12871,CCW,3,0.34600000000000003,0.23867586678973757
12871,CCW,3,0.34700000000000003,0.23707782895975407
12871,CCW,3,0.34800000000000003,0.23594442502883697
12871,CCW,3,0.34900000000000003,0.23465188645979818
12871,CCW,3,0.35000000000000003,0.23298277326960706
12871,CCW,3,0.35100000000000003,0.2314630908794412
12871,CCW,3,0.352,0.2295542878357138
12871,CCW,3,0.353,0.22746567055587777
12871,CCW,3,0.354,0.22527471876355323
12871,CCW,3,0.355,0.22316547170469925
12871,CCW,3,0.356,0.2215811798744081
12871,CCW,3,0.357,0.2204983017816842
12871,CCW,3,0.358,0.2191221764484341
12871,CCW,3,0.359,0.2176662189117576
12871,CCW,3,0.36,0.21631674491215647
12871,CCW,3,0.361,0.2152956383214654
12871,CCW,3,0.362,0.21473043155018434
12871,CCW,3,0.363,0.21429267493550042
12871,CCW,3,0.364,0.21366317329317663
12871,CCW,3,0.365,0.21301103842886024
12871,CCW,3,0.366,0.21237795572383497
12871,CCW,3,0.367,0.21151780575953255
12871,CCW,3,0.368,0.21040383469224788
12871,CCW,3,0.369,0.20917790824365873
12871,CCW,3,0.37,0.20774259282052882
12871,CCW,3,0.371,0.2061276770272664
12871,CCW,3,0.372,0.20441037210956983
12871,CCW,3,0.373,0.20294148907537804
12871,CCW,3,0.374,0.20177155846685893
12871,CCW,3,0.375,0.20094602100606052
12871,CCW,3,0.376,0.20038992940987707
12871,CCW,3,0.377,0.20006326775977956
12871,CCW,3,0.378,0.19992254964941486
12871,CCW,3,0.379,0.19961172743320962
12871,CCW,3,0.38,0.1988652755314036
12871,CCW,3,0.381,0.19809930561376693
12871,CCW,3,0.382,0.19738416111049623
12871,CCW,3,0.383,0.19624871998582663
12871,CCW,3,0.384,0.19470351188887397
12871,CCW,3,0.385,0.19297959604853587
12871,CCW,3,0.386,0.19209648948434735
12871,CCW,3,0.387,0.19100388154829673
12871,CCW,3,0.388,0.18951836689466534
12871,CCW,3,0.389,0.18809162926599007
12871,CCW,3,0.39,0.18707661803902406
12871,CCW,3,0.391,0.1855548283647359
12871,CCW,3,0.392,0.1841745234785131
12871,CCW,3,0.393,0.18343541705177832
12871,CCW,3,0.394,0.18216555294227016
12871,CCW,3,0.395,0.18259221450842136
12871,CCW,3,0.396,0.18098226303251164
12871,CCW,3,0.397,0.17958156741630443
12871,CCW,3,0.398,0.18083497533602513
12871,CCW,3,0.399,0.17911864530377247
12871,CCW,3,0.4,0.17987131247796093
12871,CCW,3,0.401,0.18112845090125537
12871,CCW,3,0.402,0.17906832971583767
12871,CCW,3,0.403,0.1773689049870254
12871,CCW,3,0.404,0.17698413453428727
12871,CCW,3,0.405,0.17495188425266003
12871,CCW,3,0.406,0.17586384490226195
12871,CCW,3,0.40700000000000003,0.17914106587404055
12871,CCW,3,0.40800000000000003,0.18661743381292514
12871,CCW,3,0.40900000000000003,0.19776890313226808
12871,CCW,3,0.41000000000000003,0.2092372666006456
12871,CCW,3,0.41100000000000003,0.2266562292203434
12871,CCW,3,0.41200000000000003,0.2450958638282229
12871,CCW,3,0.41300000000000003,0.2605741796138386
12871,CCW,3,0.41400000000000003,0.2780145471461913
12871,CCW,3,0.41500000000000004,0.290600217907796
12871,CCW,3,0.41600000000000004,0.29397240040166944
12871,CCW,3,0.417,0.31624022570923443
12871,CCW,3,0.418,0.3159179937078225
12871,CCW,3,0.419,0.32803406131379936
12871,CCW,3,0.42,0.3335464495371599
12871,CCW,3,0.421,0.3241340430157622
12871,CCW,3,0.422,0.33439232697805316
12871,CCW,3,0.423,0.334010086023434
12871,CCW,3,0.424,0.33648980775498605
12871,CCW,3,0.425,0.36388788912246145
12871,CCW,3,0.426,0.38297786294731107
12871,CCW,3,0.427,0.39446626758339265
12871,CCW,3,0.428,0.40796831591975363
12871,CCW,3,0.429,0.416451800833313
12871,CCW,3,0.43,0.43040754530252395
12871,CCW,3,0.431,0.43480511198153216
12871,CCW,3,0.432,0.4558193561572131
12871,CCW,3,0.433,0.46605537702945127
12871,CCW,3,0.434,0.4784099746384227
12871,CCW,3,0.435,0.4990253086099543
12871,CCW,3,0.436,0.5127274502851071
12871,CCW,3,0.437,0.5183209697817329
12871,CCW,3,0.438,0.5226950507006178
12871,CCW,3,0.439,0.5309200799541124
12871,CCW,3,0.44,0.5422159360949365
12871,CCW,3,0.441,0.5498585761356648
12871,CCW,3,0.442,0.5628060039324336
12871,CCW,3,0.443,0.5740634017380761
12871,CCW,3,0.444,0.5895383620865098
12871,CCW,3,0.445,0.6030491004197253
12871,CCW,3,0.446,0.6178153388008507
12871,CCW,3,0.447,0.6283069379352263
12871,CCW,3,0.448,0.6421838134349666
12871,CCW,3,0.449,0.6541785914152907
12871,CCW,3,0.45,0.6662898349327792
12871,CCW,3,0.451,0.6753940195236746
12871,CCW,3,0.452,0.6866450752513882
12871,CCW,3,0.453,0.6970545149312559
12871,CCW,3,0.454,0.7081238947694398
12871,CCW,3,0.455,0.7170923736673409
12871,CCW,3,0.456,0.726112379054902
12871,CCW,3,0.457,0.7363001836448683
12871,CCW,3,0.458,0.7460593833984159
12871,CCW,3,0.459,0.7556578601218465
12871,CCW,3,0.46,0.7667060879842039
12871,CCW,3,0.461,0.7764663616733894
12871,CCW,3,0.462,0.7866160834515943
12871,CCW,3,0.463,0.798131475017742
12871,CCW,3,0.464,0.8097121698206495
12871,CCW,3,0.465,0.8197968158166937
12871,CCW,3,0.466,0.8309626037583476
12871,CCW,3,0.467,0.8418884873272694
12871,CCW,3,0.468,0.8531179613698471
12871,CCW,3,0.46900000000000003,0.8645416858067189
12871,CCW,3,0.47000000000000003,0.8754665692883518
12871,CCW,3,0.47100000000000003,0.8858053559384694
12871,CCW,3,0.47200000000000003,0.8962113568190092
12871,CCW,3,0.47300000000000003,0.9070746499852939
12871,CCW,3,0.47400000000000003,0.9177277343899795
12871,CCW,3,0.47500000000000003,0.9271172438261809
12871,CCW,3,0.47600000000000003,0.9379153262973475
12871,CCW,3,0.47700000000000004,0.9490831024540679
12871,CCW,3,0.47800000000000004,0.9594269126820675
12871,CCW,3,0.47900000000000004,0.9705450614134169
12871,CCW,3,0.48,0.981334379263336
12871,CCW,3,0.481,0.99173126265046
12871,CCW,3,0.482,1.001767155292381
12871,CCW,3,0.483,1.011594848832798
12871,CCW,3,0.484,1.022179956607011
12871,CCW,3,0.485,1.0331963866126033
12871,CCW,3,0.486,1.0438662172844322
12871,CCW,3,0.487,1.0536066679367864
12871,CCW,3,0.488,1.0626497932025785
12871,CCW,3,0.489,1.071707855440995
12871,CCW,3,0.49,1.081214689820576
12871,CCW,3,0.491,1.0912853027245857
12871,CCW,3,0.492,1.1017137996143305
12871,CCW,3,0.493,1.1119376436718806
12871,CCW,3,0.494,1.1219545110890738
12871,CCW,3,0.495,1.1324063822929975
12871,CCW,3,0.496,1.142912887780352
12871,CCW,3,0.497,1.1525667785656022
12871,CCW,3,0.498,1.1616532003530076
12871,CCW,3,0.499,1.1707934769270858
12871,CCW,3,0.5,1.1804102424693472
12871,CCW,3,0.501,1.1903213155733137
12871,CCW,3,0.502,1.2006716820595205
12871,CCW,3,0.503,1.210725600245952
12871,CCW,3,0.504,1.2205842701427065
12871,CCW,3,0.505,1.2307481029433873
12871,CCW,3,0.506,1.2411875562070596
12871,CCW,3,0.507,1.251599111451312
12871,CCW,3,0.508,1.2624848986418402
12871,CCW,3,0.509,1.2730814511904154
12871,CCW,3,0.51,1.282991559169109
12871,CCW,3,0.511,1.2931432246558339
12871,CCW,3,0.512,1.3038115401884907
12871,CCW,3,0.513,1.31505340765209
12871,CCW,3,0.514,1.326342796597258
12871,CCW,3,0.515,1.3369013500693891
12871,CCW,3,0.516,1.3470901657881298
12871,CCW,3,0.517,1.3577730416492453
12871,CCW,3,0.518,1.3680621855062727
12871,CCW,3,0.519,1.3781116221673715
12871,CCW,3,0.52,1.388530151149175
12871,CCW,3,0.521,1.398888268694315
12871,CCW,3,0.522,1.4085178136298377
12871,CCW,3,0.523,1.4170197242376499
12871,CCW,3,0.524,1.425894600876871
12871,CCW,3,0.525,1.4356803964193117
12871,CCW,3,0.526,1.4456438370520353
12871,CCW,3,0.527,1.4564234963203466
12871,CCW,3,0.528,1.467227371967411
12871,CCW,3,0.529,1.477762868533809
12871,CCW,3,0.53,1.488636891878953
12871,CCW,3,0.531,1.499576778789152
12871,CCW,3,0.532,1.510716922097547
12871,CCW,3,0.533,1.522267128137969
12871,CCW,3,0.534,1.533829145106095
12871,CCW,3,0.535,1.545159681547806
12871,CCW,3,0.536,1.5564800276685475
12871,CCW,3,0.537,1.5677023955845844
12871,CCW,3,0.538,1.5785125628286787
12871,CCW,3,0.539,1.5896108393992952
12871,CCW,3,0.54,1.6011208532972334
12871,CCW,3,0.541,1.6126513987404345
12871,CCW,3,0.542,1.6244566050777414
12871,CCW,3,0.543,1.6363724790613963
12871,CCW,3,0.544,1.6480170992237657
12871,CCW,3,0.545,1.6589894323118644
12871,CCW,3,0.546,1.6699797813668709
12871,CCW,3,0.547,1.6812247448256397
12871,CCW,3,0.548,1.6924806820361031
12871,CCW,3,0.549,1.7036234016819591
12871,CCW,3,0.55,1.7144384577900413
12871,CCW,3,0.551,1.7253668180968291
12871,CCW,3,0.552,1.7364760173850569
12871,CCW,3,0.553,1.7469721756792869
12871,CCW,3,0.554,1.7573023690101108
12871,CCW,3,0.555,1.7684239332510423
12871,CCW,3,0.556,1.7794161282745193
12871,CCW,3,0.557,1.7901995659610273
12871,CCW,3,0.558,1.8012636320557318
12871,CCW,3,0.559,1.812094302770527
12871,CCW,3,0.56,1.8226866238662156
12871,CCW,3,0.561,1.8328606168663246
12871,CCW,3,0.562,1.8429378876677691
12871,CCW,3,0.5630000000000001,1.8535133859807995
12871,CCW,3,0.5640000000000001,1.8642806341415097
12871,CCW,3,0.5650000000000001,1.8753616423014967
12871,CCW,3,0.5660000000000001,1.8864586686525362
12871,CCW,3,0.5670000000000001,1.8976571737729178
12871,CCW,3,0.5680000000000001,1.9090675319349657
12871,CCW,3,0.5690000000000001,1.9209195147095057
12871,CCW,3,0.5700000000000001,1.9337158863942394
12871,CCW,3,0.5710000000000001,1.946839255156386
12871,CCW,3,0.5720000000000001,1.95884717453963
12871,CCW,3,0.5730000000000001,1.9703968858324328
12871,CCW,3,0.5740000000000001,1.9816799028215926
12871,CCW,3,0.5750000000000001,1.992831547296213
12871,CCW,3,0.5760000000000001,2.003994611350071
12871,CCW,3,0.577,2.014930722867579
12871,CCW,3,0.578,2.0258056761729897
12871,CCW,3,0.579,2.0367674602227583
12871,CCW,3,0.58,2.048111236145595
12871,CCW,3,0.581,2.0592541083702827
12871,CCW,3,0.582,2.06997813017599
12871,CCW,3,0.583,2.0806572859170696
12871,CCW,3,0.584,2.0917489669462004
12871,CCW,3,0.585,2.1029640254166413
12871,CCW,3,0.586,2.1135392840582536
12871,CCW,3,0.587,2.123812900560102
12871,CCW,3,0.588,2.134312636876064
12871,CCW,3,0.589,2.144585561047344
12871,CCW,3,0.59,2.154927660800734
12871,CCW,3,0.591,2.1651974730458745
12871,CCW,3,0.592,2.175335712840348
12871,CCW,3,0.593,2.1853071656873952
12871,CCW,3,0.594,2.1951812028891835
12871,CCW,3,0.595,2.205688458008204
12871,CCW,3,0.596,2.2168747934019897
12871,CCW,3,0.597,2.227971842445519
12871,CCW,3,0.598,2.2387297501655556
12871,CCW,3,0.599,2.2497733769258903
12871,CCW,3,0.6,2.2610614144966448
12871,CCW,3,0.601,2.272294691179969
12871,CCW,3,0.602,2.28362008215399
12871,CCW,3,0.603,2.2947579405148706
12871,CCW,3,0.604,2.3053301271560356
12871,CCW,3,0.605,2.3152556799251256
12871,CCW,3,0.606,2.3251126558084474
12871,CCW,3,0.607,2.3359699684708297
12871,CCW,3,0.608,2.3467243124552946
12871,CCW,3,0.609,2.3570542394981264
12871,CCW,3,0.61,2.3670481433178563
12871,CCW,3,0.611,2.377034725211331
12871,CCW,3,0.612,2.3875145744953197
12871,CCW,3,0.613,2.3978230202034343
12871,CCW,3,0.614,2.408895327809872
12871,CCW,3,0.615,2.420762363920715
12871,CCW,3,0.616,2.4324073869784635
12871,CCW,3,0.617,2.443769031038271
12871,CCW,3,0.618,2.455058224987676
12871,CCW,3,0.619,2.4671659647168793
12871,CCW,3,0.62,2.4787559308189757
12871,CCW,3,0.621,2.4897606647338395
12871,CCW,3,0.622,2.500889380851381
12871,CCW,3,0.623,2.5116850833969675
12871,CCW,3,0.624,2.522011685181262
12871,CCW,3,0.625,2.532062384296112
12871,CCW,3,0.626,2.5424457962784146
12871,CCW,3,0.627,2.5538348959362294
12871,CCW,3,0.628,2.5655171180806566
12871,CCW,3,0.629,2.5774306866736243
12871,CCW,3,0.63,2.589325987047909
12871,CCW,3,0.631,2.601782750092258
12871,CCW,3,0.632,2.6138674412599094
12871,CCW,3,0.633,2.625926054614744
12871,CCW,3,0.634,2.638286513856205
12871,CCW,3,0.635,2.6503886955282914
12871,CCW,3,0.636,2.6623189334266955
12871,CCW,3,0.637,2.674135349262968
12871,CCW,3,0.638,2.6855808032732194
12871,CCW,3,0.639,2.6964184962891533
12871,CCW,3,0.64,2.7066998161332667
12871,CCW,3,0.641,2.716556951280757
12871,CCW,3,0.642,2.7264711985623
12871,CCW,3,0.643,2.73682212687793
12871,CCW,3,0.644,2.747542390227367
12871,CCW,3,0.645,2.7580190563656113
12871,CCW,3,0.646,2.7683709537601344
12871,CCW,3,0.647,2.7790889448257587
12871,CCW,3,0.648,2.789952267888073
12871,CCW,3,0.649,2.800743847772544
12871,CCW,3,0.65,2.8110907277692396
12871,CCW,3,0.651,2.820867027908459
12871,CCW,3,0.652,2.829929432843539
12871,CCW,3,0.653,2.838713587834706
12871,CCW,3,0.654,2.847934217456492
12871,CCW,3,0.655,2.8578142261696518
12871,CCW,3,0.656,2.8679977462511217
12871,CCW,3,0.657,2.8783926171960457
12871,CCW,3,0.658,2.889061150254068
12871,CCW,3,0.659,2.900021776651244
12871,CCW,3,0.66,2.91032985496182
12871,CCW,3,0.661,2.9204172424261863
12871,CCW,3,0.662,2.9309637850778563
12871,CCW,3,0.663,2.941748452256202
12871,CCW,3,0.664,2.9523809794915734
12871,CCW,3,0.665,2.963473773882533
12871,CCW,3,0.666,2.9747111777809963
12871,CCW,3,0.667,2.985293347626776
12871,CCW,3,0.668,2.9958982642121916
12871,CCW,3,0.669,3.0067017372915275
12871,CCW,3,0.67,3.0177367947646383
12871,CCW,3,0.671,3.028933033613273
12871,CCW,3,0.672,3.03919792752713
12871,CCW,3,0.673,3.049453398834095
12871,CCW,3,0.674,3.05995333639467
12871,CCW,3,0.675,3.070328140715857
12871,CCW,3,0.676,3.0810106574973877
12871,CCW,3,0.677,3.0921993010624207
12871,CCW,3,0.678,3.1042430082578445
12871,CCW,3,0.679,3.1154256146545074
12871,CCW,3,0.68,3.1256003939906076
12871,CCW,3,0.681,3.1366140520770194
12871,CCW,3,0.682,3.14699760584131
12871,CCW,3,0.683,3.1575227140604425
12871,CCW,3,0.684,3.1691212578670993
12871,CCW,3,0.685,3.1812274045793214
12871,CCW,3,0.686,3.190970616794218
12871,CCW,3,0.687,3.202218149506621
12871,CCW,3,0.6880000000000001,3.2149727850288947
12871,CCW,3,0.6890000000000001,3.226558037789078
12871,CCW,3,0.6900000000000001,3.2384728800629556
12871,CCW,3,0.6910000000000001,3.2521168695270704
12871,CCW,3,0.6920000000000001,3.2657341296739837
12871,CCW,3,0.6930000000000001,3.277553381857039
12871,CCW,3,0.6940000000000001,3.291222354321879
12871,CCW,3,0.6950000000000001,3.3063340738940883
12871,CCW,3,0.6960000000000001,3.3166707047024406
12871,CCW,3,0.6970000000000001,3.3296824305021686
12871,CCW,3,0.6980000000000001,3.3441308879464122
12871,CCW,3,0.6990000000000001,3.356946717926469
12871,CCW,3,0.7000000000000001,3.373086261635819
12871,CCW,3,0.7010000000000001,3.3869395753493956
12871,CCW,3,0.7020000000000001,3.4006229857506227
12871,CCW,3,0.7030000000000001,3.4132517480691758
12871,CCW,3,0.704,3.424995117908932
12871,CCW,3,0.705,3.4353503896752304
12871,CCW,3,0.706,3.450884305154124
12871,CCW,3,0.707,3.4620512182879377
12871,CCW,3,0.708,3.47351137612911
12871,CCW,3,0.709,3.484800371985142
12871,CCW,3,0.71,3.495796071831118
12871,CCW,3,0.711,3.508017726412411
12871,CCW,3,0.712,3.5194886656500315
12871,CCW,3,0.713,3.532392464491106
12871,CCW,3,0.714,3.545500189495333
12871,CCW,3,0.715,3.554010917033034
12871,CCW,3,0.716,3.56169805888817
12871,CCW,3,0.717,3.5686561261659167
12871,CCW,3,0.718,3.57992148349449
12871,CCW,3,0.719,3.586025523459764
12871,CCW,3,0.72,3.5953968633074154
12871,CCW,3,0.721,3.6093285016478274
12871,CCW,3,0.722,3.6215999078671666
12871,CCW,3,0.723,3.634222398361243
12871,CCW,3,0.724,3.6471484130118443
12871,CCW,3,0.725,3.6523910771668175
12871,CCW,3,0.726,3.662772495166654
12871,CCW,3,0.727,3.6719538081929377
12871,CCW,3,0.728,3.680436473779753
12871,CCW,3,0.729,3.6892469412367
12871,CCW,3,0.73,3.699481157309947
12871,CCW,3,0.731,3.7100031404136935
12871,CCW,3,0.732,3.7190695843274284
12871,CCW,3,0.733,3.7253988033738596
12871,CCW,3,0.734,3.735566857126041
12871,CCW,3,0.735,3.7438446541255814
12871,CCW,3,0.736,3.7557501328178127
12871,CCW,3,0.737,3.7655681401649344
12871,CCW,3,0.738,3.7776075172941637
12871,CCW,3,0.739,3.7931753142519558
12871,CCW,3,0.74,3.808336104200929
12871,CCW,3,0.741,3.822247148135694
12871,CCW,3,0.742,3.831968488596445
12871,CCW,3,0.743,3.843630561315063
12871,CCW,3,0.744,3.853094492854417
12871,CCW,3,0.745,3.8610519453971324
12871,CCW,3,0.746,3.868774769237669
12871,CCW,3,0.747,3.8764640236954646
12871,CCW,3,0.748,3.8851006758014637
12871,CCW,3,0.749,3.8940678918787603
12871,CCW,3,0.75,3.9017976864667276
12871,CCW,3,0.751,3.907681919264285
12871,CCW,3,0.752,3.9134587818882003
12871,CCW,3,0.753,3.919634723580089
12871,CCW,3,0.754,3.9236382148809184
12871,CCW,3,0.755,3.9320138756353256
12871,CCW,3,0.756,3.9387937805155686
12871,CCW,3,0.757,3.945383929398422
12871,CCW,3,0.758,3.954216323163545
12871,CCW,3,0.759,3.9637573874539647
12871,CCW,3,0.76,3.9720611762801035
12871,CCW,3,0.761,3.980395880560184
12871,CCW,3,0.762,3.9884071948470794
12871,CCW,3,0.763,3.996587502771391
12871,CCW,3,0.764,4.006386415759909
12871,CCW,3,0.765,4.014342893843383
12871,CCW,3,0.766,4.024288644821392
12871,CCW,3,0.767,4.033828293744177
12871,CCW,3,0.768,4.042745774369867
12871,CCW,3,0.769,4.051610491887481
12871,CCW,3,0.77,4.057365649866104
12871,CCW,3,0.771,4.063835647040917
12871,CCW,3,0.772,4.069741804123184
12871,CCW,3,0.773,4.075680390584035
12871,CCW,3,0.774,4.081079570583547
12871,CCW,3,0.775,4.087004492462803
12871,CCW,3,0.776,4.092237148742961
12871,CCW,3,0.777,4.097643110221102
12871,CCW,3,0.778,4.102929085405744
12871,CCW,3,0.779,4.107398940869632
12871,CCW,3,0.78,4.111351010737713
12871,CCW,3,0.781,4.116626544841812
12871,CCW,3,0.782,4.120986782309036
12871,CCW,3,0.783,4.125208019762921
12871,CCW,3,0.784,4.129545268505533
12871,CCW,3,0.785,4.133574236369171
12871,CCW,3,0.786,4.137517021478165
12871,CCW,3,0.787,4.141331203089084
12871,CCW,3,0.788,4.143553551790778
12871,CCW,3,0.789,4.146047106173131
12871,CCW,3,0.79,4.148552998659729
12871,CCW,3,0.791,4.150868946062328
12871,CCW,3,0.792,4.153989811404354
12871,CCW,3,0.793,4.156793159275732
12871,CCW,3,0.794,4.159836543267266
12871,CCW,3,0.795,4.162565289144601
12871,CCW,3,0.796,4.165533995872529
12871,CCW,3,0.797,4.1685649669184315
12871,CCW,3,0.798,4.171297094551954
12871,CCW,3,0.799,4.174027984307896
12871,CCW,3,0.8,4.176984554469496
12871,CCW,3,0.801,4.179295562445975
12871,CCW,3,0.802,4.181539798106214
12871,CCW,3,0.803,4.1839906788368655
12871,CCW,3,0.804,4.185917054495443
12871,CCW,3,0.805,4.187854764796132
12871,CCW,3,0.806,4.19000339780433
12871,CCW,3,0.807,4.192073802689183
12871,CCW,3,0.808,4.19437385875718
12871,CCW,3,0.809,4.196703575486966
12871,CCW,3,0.81,4.199193565457342
12871,CCW,3,0.811,4.201501731597267
12871,CCW,3,0.812,4.203728032978274
12871,CCW,3,0.8130000000000001,4.205941745571996
12871,CCW,3,0.8140000000000001,4.208204377784183
12871,CCW,3,0.8150000000000001,4.210363309353384
12871,CCW,3,0.8160000000000001,4.212611829001674
12871,CCW,3,0.8170000000000001,4.214650355128919
12871,CCW,3,0.8180000000000001,4.21645491274617
12871,CCW,3,0.8190000000000001,4.218384625885679
12871,CCW,3,0.8200000000000001,4.2202697231823985
12871,CCW,3,0.8210000000000001,4.221929121870446
12871,CCW,3,0.8220000000000001,4.224335824232533
12871,CCW,3,0.8230000000000001,4.226597261226101
12871,CCW,3,0.8240000000000001,4.228466270581307
12871,CCW,3,0.8250000000000001,4.230152782505277
12871,CCW,3,0.8260000000000001,4.231830555298513
12871,CCW,3,0.8270000000000001,4.233378375863637
12871,CCW,3,0.8280000000000001,4.234458343166896
12871,CCW,3,0.8290000000000001,4.235494401819479
12871,CCW,3,0.8300000000000001,4.236854441683169
12871,CCW,3,0.8310000000000001,4.238224013482221
12871,CCW,3,0.8320000000000001,4.239440453054197
12871,CCW,3,0.833,4.2404753879114025
12871,CCW,3,0.834,4.241292465289322
12871,CCW,3,0.835,4.241962348854719
12871,CCW,3,0.836,4.242298121148215
12871,CCW,3,0.837,4.242537618288084
12871,CCW,3,0.838,4.242514484367927
12871,CCW,3,0.839,4.24224702197343
12871,CCW,3,0.84,4.241619764465039
12871,CCW,3,0.841,4.240681361231118
12871,CCW,3,0.842,4.239347368713267
12871,CCW,3,0.843,4.238064670759014
12871,CCW,3,0.844,4.237141567983069
12871,CCW,3,0.845,4.236217369336609
12871,CCW,3,0.846,4.23537066310103
12871,CCW,3,0.847,4.234149576972265
12871,CCW,3,0.848,4.232889804699074
12871,CCW,3,0.849,4.230369870818203
12871,CCW,3,0.85,4.227315543101648
12871,CCW,3,0.851,4.223776868370096
12871,CCW,3,0.852,4.221423736797445
12871,CCW,3,0.853,4.216949390429766
12871,CCW,3,0.854,4.212251693829714
12871,CCW,3,0.855,4.207296940636696
12871,CCW,3,0.856,4.202645838239438
12871,CCW,3,0.857,4.1969376154696
12871,CCW,3,0.858,4.192657057390607
12871,CCW,3,0.859,4.185802076937152
12871,CCW,3,0.86,4.178274096519291
12871,CCW,3,0.861,4.169680135596481
12871,CCW,3,0.862,4.162835471967743
12871,CCW,3,0.863,4.156175635562642
12871,CCW,3,0.864,4.150020526882972
12871,CCW,3,0.865,4.1437753977208756
12871,CCW,3,0.866,4.1376020448535
12871,CCW,3,0.867,4.128275634265144
12871,CCW,3,0.868,4.1184513445034705
12871,CCW,3,0.869,4.1106181800142405
12871,CCW,3,0.87,4.103381101449285
12871,CCW,3,0.871,4.09978488999103
12871,CCW,3,0.872,4.091996667044452
12871,CCW,3,0.873,4.081792302141162
12871,CCW,3,0.874,4.071426917836842
12871,CCW,3,0.875,4.061062110065018
12871,CCW,3,0.876,4.045991011399577
12871,CCW,3,0.877,4.038690616893262
12871,CCW,3,0.878,4.027002848403738
12871,CCW,3,0.879,4.0135384176306195
12871,CCW,3,0.88,4.001710339342566
12871,CCW,3,0.881,3.9916925400387604
12871,CCW,3,0.882,3.982072063824411
12871,CCW,3,0.883,3.9735577700502795
12871,CCW,3,0.884,3.9684953364916224
12871,CCW,3,0.885,3.958237470496997
12871,CCW,3,0.886,3.9468208650446694
12871,CCW,3,0.887,3.932829056618996
12871,CCW,3,0.888,3.917622909748898
12871,CCW,3,0.889,3.89942695066168
12871,CCW,3,0.89,3.8853622537792716
12871,CCW,3,0.891,3.8702465043740872
12871,CCW,3,0.892,3.856168580922906
12871,CCW,3,0.893,3.840861732063209
12871,CCW,3,0.894,3.828526504955459
12871,CCW,3,0.895,3.820540852654545
12871,CCW,3,0.896,3.81349488267536
12871,CCW,3,0.897,3.806606653444439
12871,CCW,3,0.898,3.8014700233823433
12871,CCW,3,0.899,3.7971327224380333
12871,CCW,3,0.9,3.790745870932418
12871,CCW,3,0.901,3.7840331584945415
12871,CCW,3,0.902,3.776441080041729
12871,CCW,3,0.903,3.7674174616651164
12871,CCW,3,0.904,3.758042754558655
12871,CCW,3,0.905,3.749284448429238
12871,CCW,3,0.906,3.738166263455874
12871,CCW,3,0.907,3.7286320174773615
12871,CCW,3,0.908,3.7173131468470717
12871,CCW,3,0.909,3.7076607129952768
12871,CCW,3,0.91,3.6981869272403767
12871,CCW,3,0.911,3.68757564846439
12871,CCW,3,0.912,3.6786790266775626
12871,CCW,3,0.913,3.6697685494121806
12871,CCW,3,0.914,3.6596553545205324
12871,CCW,3,0.915,3.651168199989959
12871,CCW,3,0.916,3.642579384685521
12871,CCW,3,0.917,3.633552845034243
12871,CCW,3,0.918,3.624882224665588
12871,CCW,3,0.919,3.6167472294405694
12871,CCW,3,0.92,3.608775791968676
12871,CCW,3,0.921,3.599487207673576
12871,CCW,3,0.922,3.5892478999526523
12871,CCW,3,0.923,3.5796960037789316
12871,CCW,3,0.924,3.5695832677981083
12871,CCW,3,0.925,3.5606130070957565
12871,CCW,3,0.926,3.5511150322873277
12871,CCW,3,0.927,3.5413593256208977
12871,CCW,3,0.928,3.531695859415692
12871,CCW,3,0.929,3.5217179616057988
12871,CCW,3,0.93,3.5125113478771617
12871,CCW,3,0.931,3.504044315900179
12871,CCW,3,0.932,3.496303527481994
12871,CCW,3,0.933,3.4895340505300494
12871,CCW,3,0.934,3.4830566348292846
12871,CCW,3,0.935,3.476687990086684
12871,CCW,3,0.936,3.46989606111908
12871,CCW,3,0.937,3.4626382812997956
12871,CCW,3,0.9380000000000001,3.454599342188257
12871,CCW,3,0.9390000000000001,3.445818728899346
12871,CCW,3,0.9400000000000001,3.4366413760732435
12871,CCW,3,0.9410000000000001,3.42750437321239
12871,CCW,3,0.9420000000000001,3.4181811340768045
12871,CCW,3,0.9430000000000001,3.408680376085348
12871,CCW,3,0.9440000000000001,3.3991324014344353
12871,CCW,3,0.9450000000000001,3.389527249452252
12871,CCW,3,0.9460000000000001,3.3807409598343416
12871,CCW,3,0.9470000000000001,3.372674002930254
12871,CCW,3,0.9480000000000001,3.3645315956967816
12871,CCW,3,0.9490000000000001,3.3558184001536335
12871,CCW,3,0.9500000000000001,3.3470769134949663
12871,CCW,3,0.9510000000000001,3.3382912963733067
12871,CCW,3,0.9520000000000001,3.3294606649839893
12871,CCW,3,0.9530000000000001,3.320483043423914
12871,CCW,3,0.9540000000000001,3.310946565929367
12871,CCW,3,0.9550000000000001,3.3020014810014024
12871,CCW,3,0.9560000000000001,3.293360723445737
12871,CCW,3,0.9570000000000001,3.284448416842757
12871,CCW,3,0.9580000000000001,3.275547814021717
12871,CCW,3,0.9590000000000001,3.266394145588437
12871,CCW,3,0.96,3.257356292482799
12871,CCW,3,0.961,3.248315147130446
12871,CCW,3,0.962,3.2392887305130915
12871,CCW,3,0.963,3.2308501082018144
12871,CCW,3,0.964,3.2227908967379406
12871,CCW,3,0.965,3.2147479778629284
12871,CCW,3,0.966,3.206988110444131
12871,CCW,3,0.967,3.1992457110806893
12871,CCW,3,0.968,3.1911185003235607
12871,CCW,3,0.969,3.1825349073141345
12871,CCW,3,0.97,3.1736177376501913
12871,CCW,3,0.971,3.1645960202662966
12871,CCW,3,0.972,3.155589913977861
12871,CCW,3,0.973,3.146365404268977
12871,CCW,3,0.974,3.137258716569365
12871,CCW,3,0.975,3.1282047195069507
12871,CCW,3,0.976,3.11930151029153
12871,CCW,3,0.977,3.110713989530284
12871,CCW,3,0.978,3.1018925488316933
12871,CCW,3,0.979,3.093038772160184
12871,CCW,3,0.98,3.08467780728004
12871,CCW,3,0.981,3.0768714802260484
12871,CCW,3,0.982,3.068470400607176
12871,CCW,3,0.983,3.060349681787898
12871,CCW,3,0.984,3.051943657042345
12871,CCW,3,0.985,3.043071175944369
12871,CCW,3,0.986,3.0337678060487643
12871,CCW,3,0.987,3.0237828100864617
12871,CCW,3,0.988,3.0136014339764934
12871,CCW,3,0.989,3.003668830178161
12871,CCW,3,0.99,2.9944412901159927
12871,CCW,3,0.991,2.9855153214118055
12871,CCW,3,0.992,2.976745726483961
12871,CCW,3,0.993,2.9686280258791764
12871,CCW,3,0.994,2.9608766836773577
12871,CCW,3,0.995,2.953352523036578
12871,CCW,3,0.996,2.9460575088077308
12871,CCW,3,0.997,2.9390673825640503
12871,CCW,3,0.998,2.9324316272420106
12871,CCW,3,0.999,2.9260515529489237
12871,CCW,3,1.0,2.9193824695656
12871,CCW,4,0.0,0.0
12871,CCW,4,0.001,0.0008985309203045272
12871,CCW,4,0.002,0.0018040898626662746
12871,CCW,4,0.003,0.0030202289747774873
12871,CCW,4,0.004,0.005208060806610079
12871,CCW,4,0.005,0.00810579863271717
12871,CCW,4,0.006,0.010619866374303203
12871,CCW,4,0.007,0.013444757839177058
12871,CCW,4,0.008,0.017607215018452582
12871,CCW,4,0.009000000000000001,0.023794731484892917
12871,CCW,4,0.01,0.028876391237320973
12871,CCW,4,0.011,0.0351862896620235
12871,CCW,4,0.012,0.041888491713234055
12871,CCW,4,0.013000000000000001,0.04518413697345482
12871,CCW,4,0.014,0.05031116909400674
12871,CCW,4,0.015,0.052317886428347914
12871,CCW,4,0.016,0.05780372625833877
12871,CCW,4,0.017,0.0627738740187157
12871,CCW,4,0.018000000000000002,0.064508764822226
12871,CCW,4,0.019,0.07084596131113736
12871,CCW,4,0.02,0.0783200731938163
12871,CCW,4,0.021,0.08622238570403831
12871,CCW,4,0.022,0.09314140757429708
12871,CCW,4,0.023,0.1013976498309769
12871,CCW,4,0.024,0.10926726733680214
12871,CCW,4,0.025,0.11620275619548961
12871,CCW,4,0.026000000000000002,0.12581333942027997
12871,CCW,4,0.027,0.13198792752139876
12871,CCW,4,0.028,0.1379127901735139
12871,CCW,4,0.029,0.1453552385816954
12871,CCW,4,0.03,0.14766941771223208
12871,CCW,4,0.031,0.15459519418771947
12871,CCW,4,0.032,0.16079244705756873
12871,CCW,4,0.033,0.16233641297186982
12871,CCW,4,0.034,0.16266025952007773
12871,CCW,4,0.035,0.16573378803490207
12871,CCW,4,0.036000000000000004,0.16659736481399984
12871,CCW,4,0.037,0.16868114322432062
12871,CCW,4,0.038,0.17339362656523533
12871,CCW,4,0.039,0.18696351057213292
12871,CCW,4,0.04,0.19825924303442144
12871,CCW,4,0.041,0.2098888953827752
12871,CCW,4,0.042,0.22080753359121466
12871,CCW,4,0.043000000000000003,0.2307829878867998
12871,CCW,4,0.044,0.24033379025022109
12871,CCW,4,0.045,0.2500207242892
12871,CCW,4,0.046,0.25655112092950005
12871,CCW,4,0.047,0.2534425887079673
12871,CCW,4,0.048,0.2521504701252019
12871,CCW,4,0.049,0.24926535862735774
12871,CCW,4,0.05,0.24591059560053746
12871,CCW,4,0.051000000000000004,0.24272725243410345
12871,CCW,4,0.052000000000000005,0.24234982670473537
12871,CCW,4,0.053,0.23807969522247913
12871,CCW,4,0.054,0.2359347321153242
12871,CCW,4,0.055,0.23719884438332653
12871,CCW,4,0.056,0.24457856860094504
12871,CCW,4,0.057,0.25359710003197056
12871,CCW,4,0.058,0.2603984013847855
12871,CCW,4,0.059000000000000004,0.2710954796684357
12871,CCW,4,0.06,0.28102385052844026
12871,CCW,4,0.061,0.2893452524886561
12871,CCW,4,0.062,0.29818182406722293
12871,CCW,4,0.063,0.3055555751756385
12871,CCW,4,0.064,0.30964721588019356
12871,CCW,4,0.065,0.3142538683071232
12871,CCW,4,0.066,0.3141329291007359
12871,CCW,4,0.067,0.31155625390921865
12871,CCW,4,0.068,0.312821456844806
12871,CCW,4,0.069,0.31075177619429684
12871,CCW,4,0.07,0.3090560222818987
12871,CCW,4,0.07100000000000001,0.30769308580337446
12871,CCW,4,0.07200000000000001,0.30582230080952705
12871,CCW,4,0.073,0.30442239257699544
12871,CCW,4,0.074,0.3052069511622574
12871,CCW,4,0.075,0.3081798739929855
12871,CCW,4,0.076,0.3081994620820012
12871,CCW,4,0.077,0.30810686871287146
12871,CCW,4,0.078,0.31542784517095285
12871,CCW,4,0.079,0.32362200412940806
12871,CCW,4,0.08,0.3345077228118256
12871,CCW,4,0.081,0.34614772059424914
12871,CCW,4,0.082,0.35873749658365206
12871,CCW,4,0.083,0.3685135818941524
12871,CCW,4,0.084,0.37684737107469624
12871,CCW,4,0.085,0.3846477355569556
12871,CCW,4,0.08600000000000001,0.390992692635042
12871,CCW,4,0.08700000000000001,0.3969264606942982
12871,CCW,4,0.088,0.40432935298599004
12871,CCW,4,0.089,0.4046715148642112
12871,CCW,4,0.09,0.4091050175314561
12871,CCW,4,0.091,0.40934827639575877
12871,CCW,4,0.092,0.4101833284744973
12871,CCW,4,0.093,0.4130275911955052
12871,CCW,4,0.094,0.41949848031818443
12871,CCW,4,0.095,0.4263085889641711
12871,CCW,4,0.096,0.4351520117134717
12871,CCW,4,0.097,0.44194855541287253
12871,CCW,4,0.098,0.45198268190829044
12871,CCW,4,0.099,0.4601924205294401
12871,CCW,4,0.1,0.4720023450355552
12871,CCW,4,0.101,0.4815347333873726
12871,CCW,4,0.10200000000000001,0.4860390105578497
12871,CCW,4,0.10300000000000001,0.4878659018857726
12871,CCW,4,0.10400000000000001,0.48741644123976186
12871,CCW,4,0.105,0.4861807263847203
12871,CCW,4,0.106,0.48494638877651314
12871,CCW,4,0.107,0.48309380665152046
12871,CCW,4,0.108,0.4799799404540203
12871,CCW,4,0.109,0.47523847804978503
12871,CCW,4,0.11,0.46895453536212334
12871,CCW,4,0.111,0.4610280317028007
12871,CCW,4,0.112,0.45208941383945905
12871,CCW,4,0.113,0.4423736206786704
12871,CCW,4,0.114,0.43281560948150843
12871,CCW,4,0.115,0.4237770384346435
12871,CCW,4,0.116,0.4146539928252933
12871,CCW,4,0.117,0.404230966253454
12871,CCW,4,0.11800000000000001,0.39418094179452723
12871,CCW,4,0.11900000000000001,0.3847285211691746
12871,CCW,4,0.12,0.3764855704402608
12871,CCW,4,0.121,0.36933988133573964
12871,CCW,4,0.122,0.36245614506376106
12871,CCW,4,0.123,0.35576325082211036
12871,CCW,4,0.124,0.3513040339464927
12871,CCW,4,0.125,0.34100712212833156
12871,CCW,4,0.126,0.33419835262778724
12871,CCW,4,0.127,0.3260758653123775
12871,CCW,4,0.128,0.3165283873175831
12871,CCW,4,0.129,0.3064701845428237
12871,CCW,4,0.13,0.2931108531513749
12871,CCW,4,0.131,0.28055828101183217
12871,CCW,4,0.132,0.2688239433009903
12871,CCW,4,0.133,0.26173952629998304
12871,CCW,4,0.134,0.2520819384530155
12871,CCW,4,0.135,0.24896993311270732
12871,CCW,4,0.136,0.24096747096142285
12871,CCW,4,0.137,0.23057162045320104
12871,CCW,4,0.138,0.21874503145561416
12871,CCW,4,0.139,0.2105766876781445
12871,CCW,4,0.14,0.1953827020203347
12871,CCW,4,0.14100000000000001,0.17789006898275478
12871,CCW,4,0.14200000000000002,0.16556056508807024
12871,CCW,4,0.14300000000000002,0.15550709727314177
12871,CCW,4,0.14400000000000002,0.149095039313952
12871,CCW,4,0.145,0.14647759299576277
12871,CCW,4,0.146,0.14658006527996142
12871,CCW,4,0.147,0.14793659895031241
12871,CCW,4,0.148,0.1514190739423165
12871,CCW,4,0.149,0.15722897451150272
12871,CCW,4,0.15,0.16490229144569474
12871,CCW,4,0.151,0.18161903483342762
12871,CCW,4,0.152,0.1961032545754924
12871,CCW,4,0.153,0.2068676294387762
12871,CCW,4,0.154,0.21343469650288371
12871,CCW,4,0.155,0.2141709126999729
12871,CCW,4,0.156,0.21349677270400813
12871,CCW,4,0.157,0.20605174514398913
12871,CCW,4,0.158,0.20262711145679757
12871,CCW,4,0.159,0.19673701361430387
12871,CCW,4,0.16,0.19806553196125967
12871,CCW,4,0.161,0.20009985490386498
12871,CCW,4,0.162,0.21454529378838996
12871,CCW,4,0.163,0.22694946379214798
12871,CCW,4,0.164,0.24586213762015782
12871,CCW,4,0.165,0.2680536484135735
12871,CCW,4,0.166,0.2961703593418038
12871,CCW,4,0.167,0.3221920087182595
12871,CCW,4,0.168,0.36184880204609376
12871,CCW,4,0.169,0.3833091045147083
12871,CCW,4,0.17,0.4191202574252543
12871,CCW,4,0.171,0.4421490045876701
12871,CCW,4,0.17200000000000001,0.46296257816955877
12871,CCW,4,0.17300000000000001,0.49529454413754687
12871,CCW,4,0.17400000000000002,0.5097877654389362
12871,CCW,4,0.17500000000000002,0.5307821678579115
12871,CCW,4,0.176,0.5364504919834967
12871,CCW,4,0.177,0.5496836785856468
12871,CCW,4,0.178,0.5571070277105654
12871,CCW,4,0.179,0.5651881153693452
12871,CCW,4,0.18,0.5752122541339197
12871,CCW,4,0.181,0.5749789753248462
12871,CCW,4,0.182,0.5788524296754742
12871,CCW,4,0.183,0.5663022152073227
12871,CCW,4,0.184,0.5551509496341025
12871,CCW,4,0.185,0.5391796161070082
12871,CCW,4,0.186,0.5392245859878125
12871,CCW,4,0.187,0.5325329101758837
12871,CCW,4,0.188,0.5314076562402993
12871,CCW,4,0.189,0.5372598062044285
12871,CCW,4,0.19,0.5468613426692871
12871,CCW,4,0.191,0.5603281420191947
12871,CCW,4,0.192,0.5688803242160861
12871,CCW,4,0.193,0.589055290557366
12871,CCW,4,0.194,0.5985614792665961
12871,CCW,4,0.195,0.6076441202033678
12871,CCW,4,0.196,0.6125659530454189
12871,CCW,4,0.197,0.624761527730955
12871,CCW,4,0.198,0.6298480771112428
12871,CCW,4,0.199,0.6356293739387787
12871,CCW,4,0.2,0.6474477559782441
12871,CCW,4,0.201,0.6553397980983436
12871,CCW,4,0.202,0.6654330474674383
12871,CCW,4,0.203,0.6803842875212873
12871,CCW,4,0.20400000000000001,0.6933770660333518
12871,CCW,4,0.20500000000000002,0.7052909924810854
12871,CCW,4,0.20600000000000002,0.7152051672643365
12871,CCW,4,0.20700000000000002,0.7238695512262183
12871,CCW,4,0.20800000000000002,0.7307476804067241
12871,CCW,4,0.209,0.7344197350830467
12871,CCW,4,0.21,0.7366508721035481
12871,CCW,4,0.211,0.739759489926097
12871,CCW,4,0.212,0.7418868130711699
12871,CCW,4,0.213,0.745927465869119
12871,CCW,4,0.214,0.7512214820978333
12871,CCW,4,0.215,0.7577999963849914
12871,CCW,4,0.216,0.7618881908146015
12871,CCW,4,0.217,0.7686353559195249
12871,CCW,4,0.218,0.7743119995957017
12871,CCW,4,0.219,0.7797423309224382
12871,CCW,4,0.22,0.7857537683718796
12871,CCW,4,0.221,0.791500493884152
12871,CCW,4,0.222,0.7994576573330902
12871,CCW,4,0.223,0.8067983352694266
12871,CCW,4,0.224,0.8132886845442777
12871,CCW,4,0.225,0.8209930897734078
12871,CCW,4,0.226,0.8269781768531115
12871,CCW,4,0.227,0.8343548124583637
12871,CCW,4,0.228,0.8397522269787148
12871,CCW,4,0.229,0.845681843538859
12871,CCW,4,0.23,0.8509789663876813
12871,CCW,4,0.231,0.8554077224862906
12871,CCW,4,0.232,0.8615129674964548
12871,CCW,4,0.233,0.8674281017878377
12871,CCW,4,0.234,0.8737447375867546
12871,CCW,4,0.23500000000000001,0.8805584401174738
12871,CCW,4,0.23600000000000002,0.8880729121782734
12871,CCW,4,0.23700000000000002,0.8965442812476001
12871,CCW,4,0.23800000000000002,0.9054153313800573
12871,CCW,4,0.23900000000000002,0.9141330162297353
12871,CCW,4,0.24,0.9225263597231934
12871,CCW,4,0.241,0.9272002656569014
12871,CCW,4,0.242,0.9344787091691875
12871,CCW,4,0.243,0.938515588968314
12871,CCW,4,0.244,0.9421389051560886
12871,CCW,4,0.245,0.9438811063175633
12871,CCW,4,0.246,0.9450486147722755
12871,CCW,4,0.247,0.9496847518233265
12871,CCW,4,0.248,0.9549114779912408
12871,CCW,4,0.249,0.9601610424331982
12871,CCW,4,0.25,0.9721300798207935
12871,CCW,4,0.251,0.985597572034745
12871,CCW,4,0.252,1.0024176355329006
12871,CCW,4,0.253,1.0183995127384189
12871,CCW,4,0.254,1.0420520315264061
12871,CCW,4,0.255,1.0634682265480306
12871,CCW,4,0.256,1.0743222343178684
12871,CCW,4,0.257,1.0949337729030992
12871,CCW,4,0.258,1.1083654361895514
12871,CCW,4,0.259,1.1056020634705372
12871,CCW,4,0.26,1.099510465257525
12871,CCW,4,0.261,1.079478460461447
12871,CCW,4,0.262,1.0794435770151456
12871,CCW,4,0.263,1.0607748617460446
12871,CCW,4,0.264,1.0478281600753334
12871,CCW,4,0.265,1.0567220875199943
12871,CCW,4,0.266,1.0476522615035542
12871,CCW,4,0.267,1.0477309217617117
12871,CCW,4,0.268,1.0609824892668889
12871,CCW,4,0.269,1.0759095331714676
12871,CCW,4,0.27,1.0787366757485506
12871,CCW,4,0.271,1.0684009252047473
12871,CCW,4,0.272,1.0516903846545889
12871,CCW,4,0.273,1.0344459879990606
12871,CCW,4,0.274,1.0170579291119597
12871,CCW,4,0.275,0.9982267428491614
12871,CCW,4,0.276,0.977711985516895
12871,CCW,4,0.277,0.9580211362608292
12871,CCW,4,0.278,0.942602679341642
12871,CCW,4,0.279,0.9156451353768393
12871,CCW,4,0.28,0.8912071507287137
12871,CCW,4,0.281,0.8504570634485713
12871,CCW,4,0.28200000000000003,0.8202350295653346
12871,CCW,4,0.28300000000000003,0.7976188968152702
12871,CCW,4,0.28400000000000003,0.7867023638767213
12871,CCW,4,0.28500000000000003,0.787125362058095
12871,CCW,4,0.28600000000000003,0.7979901296820451
12871,CCW,4,0.28700000000000003,0.8155659834137803
12871,CCW,4,0.28800000000000003,0.8402030102753956
12871,CCW,4,0.289,0.8738891042404247
12871,CCW,4,0.29,0.9051451692766503
12871,CCW,4,0.291,0.9487094983175997
12871,CCW,4,0.292,0.9944499910508551
12871,CCW,4,0.293,1.057053025144662
12871,CCW,4,0.294,1.104839370110866
12871,CCW,4,0.295,1.164897510991055
12871,CCW,4,0.296,1.251584675893831
12871,CCW,4,0.297,1.3461604369389384
12871,CCW,4,0.298,1.4603456596397295
12871,CCW,4,0.299,1.557561195981431
12871,CCW,4,0.3,1.667368822338182
12871,CCW,4,0.301,1.7702779369751684
12871,CCW,4,0.302,1.8759977721692043
12871,CCW,4,0.303,1.9617143983502037
12871,CCW,4,0.304,2.0085068396835455
12871,CCW,4,0.305,2.0192598485108557
12871,CCW,4,0.306,1.9983939333499972
12871,CCW,4,0.307,1.9695992582449187
12871,CCW,4,0.308,1.9297073717698012
12871,CCW,4,0.309,1.8783973116100587
12871,CCW,4,0.31,1.828990826505089
12871,CCW,4,0.311,1.776487460037084
12871,CCW,4,0.312,1.7235918657724436
12871,CCW,4,0.313,1.6713518590226628
12871,CCW,4,0.314,1.6197918128402515
12871,CCW,4,0.315,1.5745010592573152
12871,CCW,4,0.316,1.528756328539448
12871,CCW,4,0.317,1.4891884676881608
12871,CCW,4,0.318,1.4489787111264238
12871,CCW,4,0.319,1.413630398432105
12871,CCW,4,0.32,1.3814758900473725
12871,CCW,4,0.321,1.3527222049621586
12871,CCW,4,0.322,1.3271676108256731
12871,CCW,4,0.323,1.3036824246038163
12871,CCW,4,0.324,1.2836132422399196
12871,CCW,4,0.325,1.2651360130366467
12871,CCW,4,0.326,1.2492666260679888
12871,CCW,4,0.327,1.2361647970056298
12871,CCW,4,0.328,1.2228700350359327
12871,CCW,4,0.329,1.2123677545798208
12871,CCW,4,0.33,1.201972238528672
12871,CCW,4,0.331,1.1939210712403516
12871,CCW,4,0.332,1.1858241138798815
12871,CCW,4,0.333,1.177911973859908
12871,CCW,4,0.334,1.1714193798804184
12871,CCW,4,0.335,1.165995051696928
12871,CCW,4,0.336,1.1614993598148817
12871,CCW,4,0.337,1.1579080784361886
12871,CCW,4,0.338,1.1562453912987074
12871,CCW,4,0.339,1.1558299220921509
12871,CCW,4,0.34,1.1565603929300472
12871,CCW,4,0.341,1.1593540410180339
12871,CCW,4,0.342,1.1627205050228535
12871,CCW,4,0.343,1.1670084679529957
12871,CCW,4,0.34400000000000003,1.170650394978047
12871,CCW,4,0.34500000000000003,1.1758959528278805
12871,CCW,4,0.34600000000000003,1.1818273088439009
12871,CCW,4,0.34700000000000003,1.1879820881860073
12871,CCW,4,0.34800000000000003,1.1941758123786683
12871,CCW,4,0.34900000000000003,1.2006994254319894
12871,CCW,4,0.35000000000000003,1.2075988266612112
12871,CCW,4,0.35100000000000003,1.2140104348052783
12871,CCW,4,0.352,1.219789171887539
12871,CCW,4,0.353,1.2257375166301339
12871,CCW,4,0.354,1.2318310401990278
12871,CCW,4,0.355,1.2385635433566526
12871,CCW,4,0.356,1.2463608641521031
12871,CCW,4,0.357,1.2551733964827434
12871,CCW,4,0.358,1.2646686115358834
12871,CCW,4,0.359,1.2751051034534402
12871,CCW,4,0.36,1.2865746517385523
12871,CCW,4,0.361,1.2992337623193475
12871,CCW,4,0.362,1.312932317918703
12871,CCW,4,0.363,1.326728997305608
12871,CCW,4,0.364,1.3403242537308298
12871,CCW,4,0.365,1.3537579767256174
12871,CCW,4,0.366,1.3665969193612961
12871,CCW,4,0.367,1.3785106024125182
12871,CCW,4,0.368,1.3896405916602863
12871,CCW,4,0.369,1.4006436548589787
12871,CCW,4,0.37,1.4116977382620293
12871,CCW,4,0.371,1.423133689244007
12871,CCW,4,0.372,1.4349961484867098
12871,CCW,4,0.373,1.4475711520996075
12871,CCW,4,0.374,1.4607529485106525
12871,CCW,4,0.375,1.4741128577265625
12871,CCW,4,0.376,1.4880093215466614
12871,CCW,4,0.377,1.5030892643729703
12871,CCW,4,0.378,1.5190698146664925
12871,CCW,4,0.379,1.5350104231879085
12871,CCW,4,0.38,1.5504085716967868
12871,CCW,4,0.381,1.5653003504654397
12871,CCW,4,0.382,1.5799258439686226
12871,CCW,4,0.383,1.5937854436910943
12871,CCW,4,0.384,1.6065961562120334
12871,CCW,4,0.385,1.6185854442925212
12871,CCW,4,0.386,1.6299148076173469
12871,CCW,4,0.387,1.6415901426834518
12871,CCW,4,0.388,1.6543869232568802
12871,CCW,4,0.389,1.6692596285564039
12871,CCW,4,0.39,1.6858520897737421
12871,CCW,4,0.391,1.7024068028044839
12871,CCW,4,0.392,1.720781067605097
12871,CCW,4,0.393,1.7397993411852213
12871,CCW,4,0.394,1.7617488480452588
12871,CCW,4,0.395,1.7848460293478619
12871,CCW,4,0.396,1.807093165013778
12871,CCW,4,0.397,1.8321955075766514
12871,CCW,4,0.398,1.8585460838390035
12871,CCW,4,0.399,1.883209768525588
12871,CCW,4,0.4,1.9087290300052242
12871,CCW,4,0.401,1.9398937450847344
12871,CCW,4,0.402,1.973684418636558
12871,CCW,4,0.403,2.005688517221
12871,CCW,4,0.404,2.0428411340535884
12871,CCW,4,0.405,2.0832115831342515
12871,CCW,4,0.406,2.1285116247192297
12871,CCW,4,0.40700000000000003,2.18530163564113
12871,CCW,4,0.40800000000000003,2.241701686450763
12871,CCW,4,0.40900000000000003,2.300263075637873
12871,CCW,4,0.41000000000000003,2.354510879121691
12871,CCW,4,0.41100000000000003,2.4138590014663728
12871,CCW,4,0.41200000000000003,2.460049025287084
12871,CCW,4,0.41300000000000003,2.516300843775358
12871,CCW,4,0.41400000000000003,2.5690915911481986
12871,CCW,4,0.41500000000000004,2.6172402947157667
12871,CCW,4,0.41600000000000004,2.6604133136381996
12871,CCW,4,0.417,2.6998951642757008
12871,CCW,4,0.418,2.7402281179895276
12871,CCW,4,0.419,2.781912784557689
12871,CCW,4,0.42,2.8235137786495135
12871,CCW,4,0.421,2.852988569598732
12871,CCW,4,0.422,2.898587618527571
12871,CCW,4,0.423,2.939071181160577
12871,CCW,4,0.424,2.987303228129137
12871,CCW,4,0.425,3.039223852751167
12871,CCW,4,0.426,3.095555908445716
12871,CCW,4,0.427,3.1482626798049678
12871,CCW,4,0.428,3.2046077730358067
12871,CCW,4,0.429,3.2525491674939353
12871,CCW,4,0.43,3.303290841283045
12871,CCW,4,0.431,3.350270050795853
12871,CCW,4,0.432,3.3962051150021146
12871,CCW,4,0.433,3.4413164715118603
12871,CCW,4,0.434,3.4845362963435043
12871,CCW,4,0.435,3.527256574247657
12871,CCW,4,0.436,3.5739730921304895
12871,CCW,4,0.437,3.6165930655791065
12871,CCW,4,0.438,3.658671554341149
12871,CCW,4,0.439,3.7038542984500986
12871,CCW,4,0.44,3.7489960704046963
12871,CCW,4,0.441,3.7906115834133574
12871,CCW,4,0.442,3.831588148793349
12871,CCW,4,0.443,3.8734249967617256
12871,CCW,4,0.444,3.9119210646200373
12871,CCW,4,0.445,3.9486373559557206
12871,CCW,4,0.446,3.9841518821683413
12871,CCW,4,0.447,4.0184101093834625
12871,CCW,4,0.448,4.05060552259173
12871,CCW,4,0.449,4.08155137451421
12871,CCW,4,0.45,4.111780020607492
12871,CCW,4,0.451,4.141733741281136
12871,CCW,4,0.452,4.17106264938918
12871,CCW,4,0.453,4.200816471047237
12871,CCW,4,0.454,4.231111003302804
12871,CCW,4,0.455,4.259307959745149
12871,CCW,4,0.456,4.2885158236921495
12871,CCW,4,0.457,4.317402934778111
12871,CCW,4,0.458,4.344774435004447
12871,CCW,4,0.459,4.373540490725449
12871,CCW,4,0.46,4.401380737475894
12871,CCW,4,0.461,4.427566652654533
12871,CCW,4,0.462,4.455163967850044
12871,CCW,4,0.463,4.481678459453936
12871,CCW,4,0.464,4.5081700416088495
12871,CCW,4,0.465,4.534834773530117
12871,CCW,4,0.466,4.561300166199457
12871,CCW,4,0.467,4.587745032883698
12871,CCW,4,0.468,4.614809850133973
12871,CCW,4,0.46900000000000003,4.640824585018924
12871,CCW,4,0.47000000000000003,4.666575768826747
12871,CCW,4,0.47100000000000003,4.691688144663541
12871,CCW,4,0.47200000000000003,4.7165927456568175
12871,CCW,4,0.47300000000000003,4.742395185835798
12871,CCW,4,0.47400000000000003,4.768087202841845
12871,CCW,4,0.47500000000000003,4.793787999854337
12871,CCW,4,0.47600000000000003,4.81947759451979
12871,CCW,4,0.47700000000000004,4.844744238816892
12871,CCW,4,0.47800000000000004,4.869970256599794
12871,CCW,4,0.47900000000000004,4.894886475049891
12871,CCW,4,0.48,4.919165227479236
12871,CCW,4,0.481,4.9436908279652085
12871,CCW,4,0.482,4.967332568643711
12871,CCW,4,0.483,4.991100026462584
12871,CCW,4,0.484,5.016234162883205
12871,CCW,4,0.485,5.041428088669538
12871,CCW,4,0.486,5.067026180519009
12871,CCW,4,0.487,5.093454162920844
12871,CCW,4,0.488,5.11964282981809
12871,CCW,4,0.489,5.145940515858214
12871,CCW,4,0.49,5.172112313066238
12871,CCW,4,0.491,5.1978196639093115
12871,CCW,4,0.492,5.222923713204995
12871,CCW,4,0.493,5.247380810239645
12871,CCW,4,0.494,5.271624086608456
12871,CCW,4,0.495,5.295936517676866
12871,CCW,4,0.496,5.319952006860263
12871,CCW,4,0.497,5.343289815088079
12871,CCW,4,0.498,5.366209641568237
12871,CCW,4,0.499,5.389122298913113
12871,CCW,4,0.5,5.41237738786444
12871,CCW,4,0.501,5.436197454421518
12871,CCW,4,0.502,5.460871903291551
12871,CCW,4,0.503,5.48587620683472
12871,CCW,4,0.504,5.511413042975441
12871,CCW,4,0.505,5.537673067227872
12871,CCW,4,0.506,5.564104453257296
12871,CCW,4,0.507,5.590402001367488
12871,CCW,4,0.508,5.616728980878383
12871,CCW,4,0.509,5.6430439266975
12871,CCW,4,0.51,5.66888031681479
12871,CCW,4,0.511,5.694054405710264
12871,CCW,4,0.512,5.718570317953051
12871,CCW,4,0.513,5.742581686385321
12871,CCW,4,0.514,5.765946812628831
12871,CCW,4,0.515,5.788777026811487
12871,CCW,4,0.516,5.8118263017932135
12871,CCW,4,0.517,5.83603041507749
12871,CCW,4,0.518,5.860319067091268
12871,CCW,4,0.519,5.884557377593775
12871,CCW,4,0.52,5.909673629386579
12871,CCW,4,0.521,5.935719359524001
12871,CCW,4,0.522,5.962215996607358
12871,CCW,4,0.523,5.988862476035894
12871,CCW,4,0.524,6.015979103870829
12871,CCW,4,0.525,6.043159169593169
12871,CCW,4,0.526,6.069668702174759
12871,CCW,4,0.527,6.09591739288641
12871,CCW,4,0.528,6.1213044807167325
12871,CCW,4,0.529,6.145927550820787
12871,CCW,4,0.53,6.170598517259999
12871,CCW,4,0.531,6.1955876740417555
12871,CCW,4,0.532,6.2213451890771765
12871,CCW,4,0.533,6.2482467301714895
12871,CCW,4,0.534,6.27583571849195
12871,CCW,4,0.535,6.303870955138228
12871,CCW,4,0.536,6.3326675972335815
12871,CCW,4,0.537,6.361839013064474
12871,CCW,4,0.538,6.390724111679606
12871,CCW,4,0.539,6.419169848367673
12871,CCW,4,0.54,6.446708658782468
12871,CCW,4,0.541,6.472843775616596
12871,CCW,4,0.542,6.498350136846114
12871,CCW,4,0.543,6.523708122309895
12871,CCW,4,0.544,6.549404126335573
12871,CCW,4,0.545,6.574977311987656
12871,CCW,4,0.546,6.600656927588711
12871,CCW,4,0.547,6.626915004980965
12871,CCW,4,0.548,6.65345776086629
12871,CCW,4,0.549,6.680234547410448
12871,CCW,4,0.55,6.707587082591066
12871,CCW,4,0.551,6.735698435638502
12871,CCW,4,0.552,6.764586806910849
12871,CCW,4,0.553,6.793798890334205
12871,CCW,4,0.554,6.823247407907086
12871,CCW,4,0.555,6.853112755611009
12871,CCW,4,0.556,6.882283887567032
12871,CCW,4,0.557,6.910723846057608
12871,CCW,4,0.558,6.938948203591602
12871,CCW,4,0.559,6.966750347698215
12871,CCW,4,0.56,6.993793590515625
12871,CCW,4,0.561,7.0196926899137155
12871,CCW,4,0.562,7.045368897774169
12871,CCW,4,0.5630000000000001,7.071566644924238
12871,CCW,4,0.5640000000000001,7.0980642300672185
12871,CCW,4,0.5650000000000001,7.1247453952080395
12871,CCW,4,0.5660000000000001,7.151754552890025
12871,CCW,4,0.5670000000000001,7.179380120351672
12871,CCW,4,0.5680000000000001,7.208401488247881
12871,CCW,4,0.5690000000000001,7.238388258498016
12871,CCW,4,0.5700000000000001,7.268677235435664
12871,CCW,4,0.5710000000000001,7.298092236405933
12871,CCW,4,0.5720000000000001,7.32651508653256
12871,CCW,4,0.5730000000000001,7.354530249629749
12871,CCW,4,0.5740000000000001,7.382133153386394
12871,CCW,4,0.5750000000000001,7.409128288839626
12871,CCW,4,0.5760000000000001,7.435642367012782
12871,CCW,4,0.577,7.461743095693368
12871,CCW,4,0.578,7.487800627709106
12871,CCW,4,0.579,7.5142514700845435
12871,CCW,4,0.58,7.541640045782595
12871,CCW,4,0.581,7.569799585392411
12871,CCW,4,0.582,7.598123176516998
12871,CCW,4,0.583,7.626444544304616
12871,CCW,4,0.584,7.655349652178468
12871,CCW,4,0.585,7.684726627230756
12871,CCW,4,0.586,7.713488496796625
12871,CCW,4,0.587,7.742079083129524
12871,CCW,4,0.588,7.770529343925103
12871,CCW,4,0.589,7.798755361636173
12871,CCW,4,0.59,7.8269243024653115
12871,CCW,4,0.591,7.85457692752286
12871,CCW,4,0.592,7.881879382655189
12871,CCW,4,0.593,7.908565932807054
12871,CCW,4,0.594,7.934920496866589
12871,CCW,4,0.595,7.96187984434016
12871,CCW,4,0.596,7.990012225371703
12871,CCW,4,0.597,8.018870698976786
12871,CCW,4,0.598,8.04805022578844
12871,CCW,4,0.599,8.077708583029152
12871,CCW,4,0.6,8.107879985983958
12871,CCW,4,0.601,8.138039966764923
12871,CCW,4,0.602,8.167682716475282
12871,CCW,4,0.603,8.197219539503097
12871,CCW,4,0.604,8.226459814197836
12871,CCW,4,0.605,8.254690273954775
12871,CCW,4,0.606,8.282086757506194
12871,CCW,4,0.607,8.309335306226806
12871,CCW,4,0.608,8.336381969249679
12871,CCW,4,0.609,8.36322397798519
12871,CCW,4,0.61,8.390122786611856
12871,CCW,4,0.611,8.417929995337264
12871,CCW,4,0.612,8.4472193184038
12871,CCW,4,0.613,8.47698249021268
12871,CCW,4,0.614,8.50735429777117
12871,CCW,4,0.615,8.538302199723306
12871,CCW,4,0.616,8.56912805018953
12871,CCW,4,0.617,8.599616765311426
12871,CCW,4,0.618,8.629645990463638
12871,CCW,4,0.619,8.66001548422226
12871,CCW,4,0.62,8.69003401141897
12871,CCW,4,0.621,8.719881863929768
12871,CCW,4,0.622,8.749479294650547
12871,CCW,4,0.623,8.778327639657572
12871,CCW,4,0.624,8.80650915945279
12871,CCW,4,0.625,8.834411014009131
12871,CCW,4,0.626,8.862909891065932
12871,CCW,4,0.627,8.892524455637934
12871,CCW,4,0.628,8.922481412924448
12871,CCW,4,0.629,8.952956325977981
12871,CCW,4,0.63,8.98412687754585
12871,CCW,4,0.631,9.016638092563962
12871,CCW,4,0.632,9.049177789357914
12871,CCW,4,0.633,9.081444761403487
12871,CCW,4,0.634,9.113597718506277
12871,CCW,4,0.635,9.144710996440558
12871,CCW,4,0.636,9.174920472536744
12871,CCW,4,0.637,9.204673895303976
12871,CCW,4,0.638,9.23352723429625
12871,CCW,4,0.639,9.261386251435543
12871,CCW,4,0.64,9.288661115019607
12871,CCW,4,0.641,9.315779488859429
12871,CCW,4,0.642,9.343031597070748
12871,CCW,4,0.643,9.370982172952806
12871,CCW,4,0.644,9.400048714338496
12871,CCW,4,0.645,9.429559223841352
12871,CCW,4,0.646,9.459454427406174
12871,CCW,4,0.647,9.490200809722904
12871,CCW,4,0.648,9.52138394854495
12871,CCW,4,0.649,9.552255879039645
12871,CCW,4,0.65,9.582301511347927
12871,CCW,4,0.651,9.611821113012127
12871,CCW,4,0.652,9.641158125039926
12871,CCW,4,0.653,9.670512445589218
12871,CCW,4,0.654,9.699856747870552
12871,CCW,4,0.655,9.728983784489328
12871,CCW,4,0.656,9.757491287963006
12871,CCW,4,0.657,9.785729830973033
12871,CCW,4,0.658,9.814274544687754
12871,CCW,4,0.659,9.843318780969401
12871,CCW,4,0.66,9.872839863168007
12871,CCW,4,0.661,9.903143758004733
12871,CCW,4,0.662,9.934156651391302
12871,CCW,4,0.663,9.965735427021771
12871,CCW,4,0.664,9.997445397615836
12871,CCW,4,0.665,10.029559752453437
12871,CCW,4,0.666,10.06171475895152
12871,CCW,4,0.667,10.093194535838581
12871,CCW,4,0.668,10.12434426411136
12871,CCW,4,0.669,10.154856950794622
12871,CCW,4,0.67,10.184855884332396
12871,CCW,4,0.671,10.21455606013877
12871,CCW,4,0.672,10.242973418130601
12871,CCW,4,0.673,10.2718131019864
12871,CCW,4,0.674,10.301785741554768
12871,CCW,4,0.675,10.332422929298733
12871,CCW,4,0.676,10.363356218377396
12871,CCW,4,0.677,10.394986614967102
12871,CCW,4,0.678,10.428410706859399
12871,CCW,4,0.679,10.461478329845582
12871,CCW,4,0.68,10.49437053007448
12871,CCW,4,0.681,10.526577879518038
12871,CCW,4,0.682,10.558409354697133
12871,CCW,4,0.683,10.590171412305192
12871,CCW,4,0.684,10.620764196349173
12871,CCW,4,0.685,10.652786182342485
12871,CCW,4,0.686,10.681775397411505
12871,CCW,4,0.687,10.709577411512374
12871,CCW,4,0.6880000000000001,10.740195243212275
12871,CCW,4,0.6890000000000001,10.769000164945231
12871,CCW,4,0.6900000000000001,10.799092806626142
12871,CCW,4,0.6910000000000001,10.831106104981874
12871,CCW,4,0.6920000000000001,10.862634493613779
12871,CCW,4,0.6930000000000001,10.891169312486506
12871,CCW,4,0.6940000000000001,10.919282212193922
12871,CCW,4,0.6950000000000001,10.949777359297585
12871,CCW,4,0.6960000000000001,10.977956122674033
12871,CCW,4,0.6970000000000001,11.009261415184689
12871,CCW,4,0.6980000000000001,11.040814629123574
12871,CCW,4,0.6990000000000001,11.076575434438823
12871,CCW,4,0.7000000000000001,11.111384058260548
12871,CCW,4,0.7010000000000001,11.144699171531146
12871,CCW,4,0.7020000000000001,11.17665934417113
12871,CCW,4,0.7030000000000001,11.21127271247188
12871,CCW,4,0.704,11.243743360199767
12871,CCW,4,0.705,11.275677049854425
12871,CCW,4,0.706,11.30818373573134
12871,CCW,4,0.707,11.337191257370673
12871,CCW,4,0.708,11.369989857811248
12871,CCW,4,0.709,11.401729293311778
12871,CCW,4,0.71,11.435085713490595
12871,CCW,4,0.711,11.469867451939516
12871,CCW,4,0.712,11.502305241115385
12871,CCW,4,0.713,11.53280800429062
12871,CCW,4,0.714,11.562966614140885
12871,CCW,4,0.715,11.591184509977383
12871,CCW,4,0.716,11.616919811450284
12871,CCW,4,0.717,11.64121176847186
12871,CCW,4,0.718,11.668307450284308
12871,CCW,4,0.719,11.693257084543246
12871,CCW,4,0.72,11.717233289647954
12871,CCW,4,0.721,11.7473914440081
12871,CCW,4,0.722,11.776643464316072
12871,CCW,4,0.723,11.80736835311102
12871,CCW,4,0.724,11.837343818896569
12871,CCW,4,0.725,11.864310081094226
12871,CCW,4,0.726,11.89371999609009
12871,CCW,4,0.727,11.92172508666851
12871,CCW,4,0.728,11.948584723050057
12871,CCW,4,0.729,11.971761346989485
12871,CCW,4,0.73,11.99795232282568
12871,CCW,4,0.731,12.021871570495888
12871,CCW,4,0.732,12.043378693063065
12871,CCW,4,0.733,12.064073286087371
12871,CCW,4,0.734,12.086783052384359
12871,CCW,4,0.735,12.10620611194883
12871,CCW,4,0.736,12.124918423885582
12871,CCW,4,0.737,12.143262517300663
12871,CCW,4,0.738,12.162276365224121
12871,CCW,4,0.739,12.185121606592842
12871,CCW,4,0.74,12.205068921267014
12871,CCW,4,0.741,12.225588885847479
12871,CCW,4,0.742,12.243925757229627
12871,CCW,4,0.743,12.264211795248587
12871,CCW,4,0.744,12.283660430923426
12871,CCW,4,0.745,12.302530810062963
12871,CCW,4,0.746,12.322118244273508
12871,CCW,4,0.747,12.342138842968614
12871,CCW,4,0.748,12.36314079971962
12871,CCW,4,0.749,12.382112252762859
12871,CCW,4,0.75,12.399195799325046
12871,CCW,4,0.751,12.414645686157751
12871,CCW,4,0.752,12.429293421558922
12871,CCW,4,0.753,12.443717517489773
12871,CCW,4,0.754,12.45566071788953
12871,CCW,4,0.755,12.470456360103896
12871,CCW,4,0.756,12.4831967559342
12871,CCW,4,0.757,12.495012310490365
12871,CCW,4,0.758,12.508123886596499
12871,CCW,4,0.759,12.521562779123892
12871,CCW,4,0.76,12.534639627443628
12871,CCW,4,0.761,12.548312181817963
12871,CCW,4,0.762,12.562294505331325
12871,CCW,4,0.763,12.574266079179335
12871,CCW,4,0.764,12.588250941360814
12871,CCW,4,0.765,12.602429117757866
12871,CCW,4,0.766,12.616326585437095
12871,CCW,4,0.767,12.629268817286965
12871,CCW,4,0.768,12.639430755436281
12871,CCW,4,0.769,12.649821687487044
12871,CCW,4,0.77,12.658444224614872
12871,CCW,4,0.771,12.667652109961262
12871,CCW,4,0.772,12.674723159463724
12871,CCW,4,0.773,12.681110055818142
12871,CCW,4,0.774,12.686737123733405
12871,CCW,4,0.775,12.691567281042147
12871,CCW,4,0.776,12.696269894164617
12871,CCW,4,0.777,12.700275766051073
12871,CCW,4,0.778,12.70368898047328
12871,CCW,4,0.779,12.706344459176739
12871,CCW,4,0.78,12.7086746337662
12871,CCW,4,0.781,12.710674752021546
12871,CCW,4,0.782,12.712338148706964
12871,CCW,4,0.783,12.713713360214557
12871,CCW,4,0.784,12.71491417509925
12871,CCW,4,0.785,12.716143482360888
12871,CCW,4,0.786,12.716890493217209
12871,CCW,4,0.787,12.717511290420411
12871,CCW,4,0.788,12.717732355850027
12871,CCW,4,0.789,12.717805826606154
12871,CCW,4,0.79,12.71763555252949
12871,CCW,4,0.791,12.717367751048496
12871,CCW,4,0.792,12.716889980689547
12871,CCW,4,0.793,12.716241239833854
12871,CCW,4,0.794,12.715406456955582
12871,CCW,4,0.795,12.71441486104344
12871,CCW,4,0.796,12.713283387038906
12871,CCW,4,0.797,12.712013560043308
12871,CCW,4,0.798,12.71067715002311
12871,CCW,4,0.799,12.709210668703204
12871,CCW,4,0.8,12.707674189391854
12871,CCW,4,0.801,12.706123244625463
12871,CCW,4,0.802,12.704470910621955
12871,CCW,4,0.803,12.702778804185947
12871,CCW,4,0.804,12.701074908982356
12871,CCW,4,0.805,12.69929795627566
12871,CCW,4,0.806,12.697435747334993
12871,CCW,4,0.807,12.695599926195607
12871,CCW,4,0.808,12.693660652842755
12871,CCW,4,0.809,12.691674945618123
12871,CCW,4,0.81,12.689690193775332
12871,CCW,4,0.811,12.687719142691625
12871,CCW,4,0.812,12.685762168506932
12871,CCW,4,0.8130000000000001,12.683852850224461
12871,CCW,4,0.8140000000000001,12.681933629620614
12871,CCW,4,0.8150000000000001,12.680085143412208
12871,CCW,4,0.8160000000000001,12.678288486242414
12871,CCW,4,0.8170000000000001,12.676501993066148
12871,CCW,4,0.8180000000000001,12.674690367588774
12871,CCW,4,0.8190000000000001,12.672822354331226
12871,CCW,4,0.8200000000000001,12.670681166248434
12871,CCW,4,0.8210000000000001,12.668546163044617
12871,CCW,4,0.8220000000000001,12.666164785664753
12871,CCW,4,0.8230000000000001,12.663432023740272
12871,CCW,4,0.8240000000000001,12.660741424438148
12871,CCW,4,0.8250000000000001,12.657652078617597
12871,CCW,4,0.8260000000000001,12.65453999190851
12871,CCW,4,0.8270000000000001,12.65086065429598
12871,CCW,4,0.8280000000000001,12.647512479726917
12871,CCW,4,0.8290000000000001,12.643675055554908
12871,CCW,4,0.8300000000000001,12.639659236361215
12871,CCW,4,0.8310000000000001,12.635069434235023
12871,CCW,4,0.8320000000000001,12.630564402825156
12871,CCW,4,0.833,12.6250818673264
12871,CCW,4,0.834,12.619884428291396
12871,CCW,4,0.835,12.613662801110276
12871,CCW,4,0.836,12.608323548216566
12871,CCW,4,0.837,12.600849328942163
12871,CCW,4,0.838,12.592312260383261
12871,CCW,4,0.839,12.583041830449055
12871,CCW,4,0.84,12.572609830490054
12871,CCW,4,0.841,12.562219968595162
12871,CCW,4,0.842,12.552096059619657
12871,CCW,4,0.843,12.542181376710841
12871,CCW,4,0.844,12.531161137240197
12871,CCW,4,0.845,12.522296338974533
12871,CCW,4,0.846,12.513695860956007
12871,CCW,4,0.847,12.50528305966349
12871,CCW,4,0.848,12.497639774114779
12871,CCW,4,0.849,12.48813348962983
12871,CCW,4,0.85,12.478556916688143
12871,CCW,4,0.851,12.468700006464978
12871,CCW,4,0.852,12.462402418017977
12871,CCW,4,0.853,12.452671161137824
12871,CCW,4,0.854,12.442886319273255
12871,CCW,4,0.855,12.43271115085325
12871,CCW,4,0.856,12.422191143094194
12871,CCW,4,0.857,12.408851210101716
12871,CCW,4,0.858,12.396438639539218
12871,CCW,4,0.859,12.378738973954288
12871,CCW,4,0.86,12.358810269220324
12871,CCW,4,0.861,12.339337838910419
12871,CCW,4,0.862,12.31820552580685
12871,CCW,4,0.863,12.295098115472301
12871,CCW,4,0.864,12.27052249517193
12871,CCW,4,0.865,12.243719629868158
12871,CCW,4,0.866,12.216089222748101
12871,CCW,4,0.867,12.185863948442995
12871,CCW,4,0.868,12.155609361106693
12871,CCW,4,0.869,12.128697491032284
12871,CCW,4,0.87,12.10476488204152
12871,CCW,4,0.871,12.08862730971712
12871,CCW,4,0.872,12.070358354446968
12871,CCW,4,0.873,12.051385606291504
12871,CCW,4,0.874,12.030328178431642
12871,CCW,4,0.875,12.007597239326495
12871,CCW,4,0.876,11.976548679164736
12871,CCW,4,0.877,11.95365466498299
12871,CCW,4,0.878,11.928950714472577
12871,CCW,4,0.879,11.90304455901882
12871,CCW,4,0.88,11.877134213320135
12871,CCW,4,0.881,11.850086055272158
12871,CCW,4,0.882,11.822251930721281
12871,CCW,4,0.883,11.796027993057708
12871,CCW,4,0.884,11.770966300800174
12871,CCW,4,0.885,11.746156363976699
12871,CCW,4,0.886,11.718808850304503
12871,CCW,4,0.887,11.688631391571382
12871,CCW,4,0.888,11.658156704094983
12871,CCW,4,0.889,11.626128046227677
12871,CCW,4,0.89,11.60259121354253
12871,CCW,4,0.891,11.575336424352956
12871,CCW,4,0.892,11.55273496609313
12871,CCW,4,0.893,11.53263092077247
12871,CCW,4,0.894,11.514559304015384
12871,CCW,4,0.895,11.501670118364068
12871,CCW,4,0.896,11.487836049301135
12871,CCW,4,0.897,11.477120507129989
12871,CCW,4,0.898,11.465701666115045
12871,CCW,4,0.899,11.455170589273486
12871,CCW,4,0.9,11.443266894871252
12871,CCW,4,0.901,11.428847682308222
12871,CCW,4,0.902,11.416069727897208
12871,CCW,4,0.903,11.402434498114914
12871,CCW,4,0.904,11.38708917971802
12871,CCW,4,0.905,11.372366520756783
12871,CCW,4,0.906,11.356696302090167
12871,CCW,4,0.907,11.340402013842194
12871,CCW,4,0.908,11.324179228399212
12871,CCW,4,0.909,11.310257664147983
12871,CCW,4,0.91,11.296285471770322
12871,CCW,4,0.911,11.283380858249027
12871,CCW,4,0.912,11.27066397361378
12871,CCW,4,0.913,11.258114402173383
12871,CCW,4,0.914,11.244898941750273
12871,CCW,4,0.915,11.231922768778093
12871,CCW,4,0.916,11.219213919670393
12871,CCW,4,0.917,11.206411297777711
12871,CCW,4,0.918,11.19508307345295
12871,CCW,4,0.919,11.182569477228686
12871,CCW,4,0.92,11.169367321111261
12871,CCW,4,0.921,11.154257125554627
12871,CCW,4,0.922,11.1380520158458
12871,CCW,4,0.923,11.122045756684216
12871,CCW,4,0.924,11.105263958057748
12871,CCW,4,0.925,11.090151127478832
12871,CCW,4,0.926,11.076239513072709
12871,CCW,4,0.927,11.062721056766868
12871,CCW,4,0.928,11.050707394833081
12871,CCW,4,0.929,11.039614009928922
12871,CCW,4,0.93,11.02915562193845
12871,CCW,4,0.931,11.018889273454533
12871,CCW,4,0.932,11.00816865588997
12871,CCW,4,0.933,10.996871579149186
12871,CCW,4,0.934,10.984909988434929
12871,CCW,4,0.935,10.97229555793536
12871,CCW,4,0.936,10.959113299953305
12871,CCW,4,0.937,10.945732514463517
12871,CCW,4,0.9380000000000001,10.931807543415767
12871,CCW,4,0.9390000000000001,10.91729799679284
12871,CCW,4,0.9400000000000001,10.902963275316765
12871,CCW,4,0.9410000000000001,10.889546409557203
12871,CCW,4,0.9420000000000001,10.876930213403371
12871,CCW,4,0.9430000000000001,10.864571585381483
12871,CCW,4,0.9440000000000001,10.852466420351186
12871,CCW,4,0.9450000000000001,10.840774567240597
12871,CCW,4,0.9460000000000001,10.82990879760838
12871,CCW,4,0.9470000000000001,10.8198067596581
12871,CCW,4,0.9480000000000001,10.809631902325988
12871,CCW,4,0.9490000000000001,10.798390485463582
12871,CCW,4,0.9500000000000001,10.78690851964218
12871,CCW,4,0.9510000000000001,10.77496428701868
12871,CCW,4,0.9520000000000001,10.761945124994257
12871,CCW,4,0.9530000000000001,10.748062365959319
12871,CCW,4,0.9540000000000001,10.733294374292369
12871,CCW,4,0.9550000000000001,10.719308560156373
12871,CCW,4,0.9560000000000001,10.707718076468556
12871,CCW,4,0.9570000000000001,10.696033137093512
12871,CCW,4,0.9580000000000001,10.684731857224262
12871,CCW,4,0.9590000000000001,10.674166461757125
12871,CCW,4,0.96,10.664394908259684
12871,CCW,4,0.961,10.654461899972128
12871,CCW,4,0.962,10.644180169265214
12871,CCW,4,0.963,10.63370491163882
12871,CCW,4,0.964,10.622948466378242
12871,CCW,4,0.965,10.611549243339216
12871,CCW,4,0.966,10.599842434599339
12871,CCW,4,0.967,10.588024535316174
12871,CCW,4,0.968,10.575408792523742
12871,CCW,4,0.969,10.561586620396305
12871,CCW,4,0.97,10.54700607542759
12871,CCW,4,0.971,10.532728433428428
12871,CCW,4,0.972,10.519607218623738
12871,CCW,4,0.973,10.506851611001563
12871,CCW,4,0.974,10.494315372538889
12871,CCW,4,0.975,10.482330043787883
12871,CCW,4,0.976,10.47144755012953
12871,CCW,4,0.977,10.461461411705029
12871,CCW,4,0.978,10.451623743069002
12871,CCW,4,0.979,10.441726786442826
12871,CCW,4,0.98,10.431518334268658
12871,CCW,4,0.981,10.421934772780391
12871,CCW,4,0.982,10.41082194207169
12871,CCW,4,0.983,10.399344882147664
12871,CCW,4,0.984,10.386774933265455
12871,CCW,4,0.985,10.37274776841029
12871,CCW,4,0.986,10.356518352538572
12871,CCW,4,0.987,10.33787186618536
12871,CCW,4,0.988,10.320220218176786
12871,CCW,4,0.989,10.30276641639513
12871,CCW,4,0.99,10.287432577808893
12871,CCW,4,0.991,10.27393331079995
12871,CCW,4,0.992,10.262937219312352
12871,CCW,4,0.993,10.25383766541945
12871,CCW,4,0.994,10.245847356629701
12871,CCW,4,0.995,10.238095542013594
12871,CCW,4,0.996,10.230329255354773
12871,CCW,4,0.997,10.222490506832624
12871,CCW,4,0.998,10.214935895799806
12871,CCW,4,0.999,10.207427936967182
12871,CCW,4,1.0,10.199187486310343
12871,CCW,5,0.0,0.0
12871,CCW,5,0.001,0.0003948079216622612
12871,CCW,5,0.002,0.0014213819829189186
12871,CCW,5,0.003,0.0022912687567561976
12871,CCW,5,0.004,0.003971992327028321
12871,CCW,5,0.005,0.004758882863891195
12871,CCW,5,0.006,0.005698796338541303
12871,CCW,5,0.007,0.00661041188641284
12871,CCW,5,0.008,0.007927548512164302
12871,CCW,5,0.009000000000000001,0.011045128957636043
12871,CCW,5,0.01,0.014534327940471542
12871,CCW,5,0.011,0.019007581843979493
12871,CCW,5,0.012,0.026159424983876592
12871,CCW,5,0.013000000000000001,0.030846660513243005
12871,CCW,5,0.014,0.03766191454703107
12871,CCW,5,0.015,0.04155282135974304
12871,CCW,5,0.016,0.0456019300527505
12871,CCW,5,0.017,0.052205482234366454
12871,CCW,5,0.018000000000000002,0.0550680697634907
12871,CCW,5,0.019,0.06267496472747897
12871,CCW,5,0.02,0.071320802070139
12871,CCW,5,0.021,0.07711544597491356
12871,CCW,5,0.022,0.08530557779147036
12871,CCW,5,0.023,0.09283422356968916
12871,CCW,5,0.024,0.10048200784675566
12871,CCW,5,0.025,0.10824240400648713
12871,CCW,5,0.026000000000000002,0.119154446825553
12871,CCW,5,0.027,0.12573058405561163
12871,CCW,5,0.028,0.13574915036408772
12871,CCW,5,0.029,0.14816416276707964
12871,CCW,5,0.03,0.15943721391187443
12871,CCW,5,0.031,0.1707562779036197
12871,CCW,5,0.032,0.18508087909698076
12871,CCW,5,0.033,0.19380554943705808
12871,CCW,5,0.034,0.20180728204316234
12871,CCW,5,0.035,0.21181640849375993
12871,CCW,5,0.036000000000000004,0.21913139338871235
12871,CCW,5,0.037,0.22635586845260497
12871,CCW,5,0.038,0.2350516860595079
12871,CCW,5,0.039,0.2519328225686154
12871,CCW,5,0.04,0.2666673678899729
12871,CCW,5,0.041,0.28129138678689497
12871,CCW,5,0.042,0.2962749326050479
12871,CCW,5,0.043000000000000003,0.3109478342915406
12871,CCW,5,0.044,0.32646396370388936
12871,CCW,5,0.045,0.33966582001828544
12871,CCW,5,0.046,0.3487925171759208
12871,CCW,5,0.047,0.35594806713103455
12871,CCW,5,0.048,0.36082396117718035
12871,CCW,5,0.049,0.3645529619319314
12871,CCW,5,0.05,0.36738190129884013
12871,CCW,5,0.051000000000000004,0.36897519308250004
12871,CCW,5,0.052000000000000005,0.370201185282701
12871,CCW,5,0.053,0.370088046509426
12871,CCW,5,0.054,0.3692320174397666
12871,CCW,5,0.055,0.3704196432389198
12871,CCW,5,0.056,0.37690399282064746
12871,CCW,5,0.057,0.38433735361847576
12871,CCW,5,0.058,0.39028383785996434
12871,CCW,5,0.059000000000000004,0.40071867425793395
12871,CCW,5,0.06,0.4106072007999731
12871,CCW,5,0.061,0.4142998837466593
12871,CCW,5,0.062,0.4218239112670871
12871,CCW,5,0.063,0.4287931181504251
12871,CCW,5,0.064,0.4342764901211571
12871,CCW,5,0.065,0.4390193295774535
12871,CCW,5,0.066,0.4438351180643244
12871,CCW,5,0.067,0.4470345366577742
12871,CCW,5,0.068,0.45474238737572614
12871,CCW,5,0.069,0.460141144547026
12871,CCW,5,0.07,0.4663612549565256
12871,CCW,5,0.07100000000000001,0.4731399798753534
12871,CCW,5,0.07200000000000001,0.47983205376022475
12871,CCW,5,0.073,0.487658330748811
12871,CCW,5,0.074,0.49368682325437424
12871,CCW,5,0.075,0.5015606306930835
12871,CCW,5,0.076,0.5090503551382317
12871,CCW,5,0.077,0.5133272144422664
12871,CCW,5,0.078,0.5228594917374768
12871,CCW,5,0.079,0.5320662454711232
12871,CCW,5,0.08,0.5428738030063157
12871,CCW,5,0.081,0.5545151478717878
12871,CCW,5,0.082,0.5618066656878788
12871,CCW,5,0.083,0.5698879066355547
12871,CCW,5,0.084,0.5793157682323141
12871,CCW,5,0.085,0.591497578469935
12871,CCW,5,0.08600000000000001,0.5989902021100625
12871,CCW,5,0.08700000000000001,0.606834058021574
12871,CCW,5,0.088,0.613510519867728
12871,CCW,5,0.089,0.6178659318154803
12871,CCW,5,0.09,0.6250586023814267
12871,CCW,5,0.091,0.6286064881872273
12871,CCW,5,0.092,0.6318835364749102
12871,CCW,5,0.093,0.637451139426529
12871,CCW,5,0.094,0.641440724650109
12871,CCW,5,0.095,0.6477517625293795
12871,CCW,5,0.096,0.6548006175260306
12871,CCW,5,0.097,0.6648176307556579
12871,CCW,5,0.098,0.6753967400693857
12871,CCW,5,0.099,0.684677655374236
12871,CCW,5,0.1,0.6934421618925407
12871,CCW,5,0.101,0.6989928944454621
12871,CCW,5,0.10200000000000001,0.707064513415114
12871,CCW,5,0.10300000000000001,0.7104754715166676
12871,CCW,5,0.10400000000000001,0.7141091474602071
12871,CCW,5,0.105,0.7188584913972007
12871,CCW,5,0.106,0.7244312809839072
12871,CCW,5,0.107,0.7307924897900615
12871,CCW,5,0.108,0.7368041215100968
12871,CCW,5,0.109,0.7422232329319891
12871,CCW,5,0.11,0.7463821677802815
12871,CCW,5,0.111,0.750152482659369
12871,CCW,5,0.112,0.7524042675048056
12871,CCW,5,0.113,0.7532739575943079
12871,CCW,5,0.114,0.7539899655259168
12871,CCW,5,0.115,0.7542316078868367
12871,CCW,5,0.116,0.754939430795107
12871,CCW,5,0.117,0.7542492334164043
12871,CCW,5,0.11800000000000001,0.7550759354886245
12871,CCW,5,0.11900000000000001,0.7558489395765087
12871,CCW,5,0.12,0.7558733883603518
12871,CCW,5,0.121,0.7563478412829565
12871,CCW,5,0.122,0.7566922318153169
12871,CCW,5,0.123,0.7565269148790763
12871,CCW,5,0.124,0.7556712679896924
12871,CCW,5,0.125,0.7545905829773669
12871,CCW,5,0.126,0.7538052120886286
12871,CCW,5,0.127,0.75356607512292
12871,CCW,5,0.128,0.7524063111235719
12871,CCW,5,0.129,0.7503375633181215
12871,CCW,5,0.13,0.744213598292598
12871,CCW,5,0.131,0.7392262247082311
12871,CCW,5,0.132,0.7341648968661272
12871,CCW,5,0.133,0.7410164175332754
12871,CCW,5,0.134,0.7408357685608978
12871,CCW,5,0.135,0.740632991732816
12871,CCW,5,0.136,0.7375262421541332
12871,CCW,5,0.137,0.7360698536788446
12871,CCW,5,0.138,0.7339602611142523
12871,CCW,5,0.139,0.7300208128256478
12871,CCW,5,0.14,0.7091114896586881
12871,CCW,5,0.14100000000000001,0.69531721203573
12871,CCW,5,0.14200000000000002,0.6771185733076527
12871,CCW,5,0.14300000000000002,0.6574715371972476
12871,CCW,5,0.14400000000000002,0.6360723730921646
12871,CCW,5,0.145,0.6157504527464681
12871,CCW,5,0.146,0.6017041182145214
12871,CCW,5,0.147,0.5900791287001373
12871,CCW,5,0.148,0.5716804492023394
12871,CCW,5,0.149,0.5503293318689001
12871,CCW,5,0.15,0.5254106966664821
12871,CCW,5,0.151,0.4967720285063463
12871,CCW,5,0.152,0.47016810685513355
12871,CCW,5,0.153,0.451205319829365
12871,CCW,5,0.154,0.426567228415897
12871,CCW,5,0.155,0.4223289409343328
12871,CCW,5,0.156,0.4288236831451177
12871,CCW,5,0.157,0.44380978048634195
12871,CCW,5,0.158,0.45894950086512065
12871,CCW,5,0.159,0.4821555562363444
12871,CCW,5,0.16,0.4874571848421346
12871,CCW,5,0.161,0.48423601215760065
12871,CCW,5,0.162,0.45094470564101297
12871,CCW,5,0.163,0.41965463486214516
12871,CCW,5,0.164,0.3746684589749872
12871,CCW,5,0.165,0.34058734100285326
12871,CCW,5,0.166,0.3021706609583977
12871,CCW,5,0.167,0.25127129516428437
12871,CCW,5,0.168,0.20107019107323482
12871,CCW,5,0.169,0.16673414222303112
12871,CCW,5,0.17,0.14227975676838958
12871,CCW,5,0.171,0.1368932202894596
12871,CCW,5,0.17200000000000001,0.14371248291883493
12871,CCW,5,0.17300000000000001,0.15841969944563733
12871,CCW,5,0.17400000000000002,0.1709307385017235
12871,CCW,5,0.17500000000000002,0.1903518570655964
12871,CCW,5,0.176,0.20231555831938772
12871,CCW,5,0.177,0.21761568494469144
12871,CCW,5,0.178,0.22769889942797616
12871,CCW,5,0.179,0.2367054972964331
12871,CCW,5,0.18,0.23826230014177802
12871,CCW,5,0.181,0.24206208447980493
12871,CCW,5,0.182,0.23693073238168236
12871,CCW,5,0.183,0.21455231128807375
12871,CCW,5,0.184,0.18819942010410726
12871,CCW,5,0.185,0.16693718739916222
12871,CCW,5,0.186,0.15179117827155028
12871,CCW,5,0.187,0.12427385333236224
12871,CCW,5,0.188,0.11710838881106118
12871,CCW,5,0.189,0.12358724805821879
12871,CCW,5,0.19,0.13702798179062237
12871,CCW,5,0.191,0.17479373844461898
12871,CCW,5,0.192,0.2148282245924
12871,CCW,5,0.193,0.2698832257565584
12871,CCW,5,0.194,0.31593407517556976
12871,CCW,5,0.195,0.36169439682327564
12871,CCW,5,0.196,0.4079687243499818
12871,CCW,5,0.197,0.45602692596350297
12871,CCW,5,0.198,0.47867139112488016
12871,CCW,5,0.199,0.5119325273028248
12871,CCW,5,0.2,0.5404915716804223
12871,CCW,5,0.201,0.5601410729984445
12871,CCW,5,0.202,0.5860065919192539
12871,CCW,5,0.203,0.6085834799620569
12871,CCW,5,0.20400000000000001,0.6390298082649372
12871,CCW,5,0.20500000000000002,0.6637081729645355
12871,CCW,5,0.20600000000000002,0.6851574816423436
12871,CCW,5,0.20700000000000002,0.7047214544157191
12871,CCW,5,0.20800000000000002,0.7141912072802562
12871,CCW,5,0.209,0.7195563999206338
12871,CCW,5,0.21,0.7190790808282503
12871,CCW,5,0.211,0.7184355191894951
12871,CCW,5,0.212,0.7155445835682606
12871,CCW,5,0.213,0.7170536217858292
12871,CCW,5,0.214,0.7230448354059504
12871,CCW,5,0.215,0.7319921214468881
12871,CCW,5,0.216,0.7425526567248515
12871,CCW,5,0.217,0.7543012714867092
12871,CCW,5,0.218,0.7650576972316082
12871,CCW,5,0.219,0.7752794955225221
12871,CCW,5,0.22,0.7866223173897965
12871,CCW,5,0.221,0.7971671054346797
12871,CCW,5,0.222,0.8104085227661049
12871,CCW,5,0.223,0.8210524515688029
12871,CCW,5,0.224,0.8320729888920764
12871,CCW,5,0.225,0.8409296577557912
12871,CCW,5,0.226,0.8470922812981535
12871,CCW,5,0.227,0.85546962848223
12871,CCW,5,0.228,0.8615381263321701
12871,CCW,5,0.229,0.8681441938865225
12871,CCW,5,0.23,0.8749408407954197
12871,CCW,5,0.231,0.8805975051344482
12871,CCW,5,0.232,0.8893825966076623
12871,CCW,5,0.233,0.8980515481889001
12871,CCW,5,0.234,0.9076325682731835
12871,CCW,5,0.23500000000000001,0.917811311321056
12871,CCW,5,0.23600000000000002,0.9281100983713187
12871,CCW,5,0.23700000000000002,0.9386729734979299
12871,CCW,5,0.23800000000000002,0.9494637171788274
12871,CCW,5,0.23900000000000002,0.9601633418623563
12871,CCW,5,0.24,0.9705024126122707
12871,CCW,5,0.241,0.9756718896911132
12871,CCW,5,0.242,0.9847695656023459
12871,CCW,5,0.243,0.9902605598410389
12871,CCW,5,0.244,0.9953318811195981
12871,CCW,5,0.245,1.0039710094947543
12871,CCW,5,0.246,1.0046197360010316
12871,CCW,5,0.247,1.0116142841847626
12871,CCW,5,0.248,1.019797138150113
12871,CCW,5,0.249,1.0280525982184598
12871,CCW,5,0.25,1.036713198717
12871,CCW,5,0.251,1.0474580196857854
12871,CCW,5,0.252,1.057945167315313
12871,CCW,5,0.253,1.0720365565735641
12871,CCW,5,0.254,1.0857800884260793
12871,CCW,5,0.255,1.0968813002322335
12871,CCW,5,0.256,1.1076628107007294
12871,CCW,5,0.257,1.1333610971899775
12871,CCW,5,0.258,1.1408318001619957
12871,CCW,5,0.259,1.1594119733313057
12871,CCW,5,0.26,1.155925555763605
12871,CCW,5,0.261,1.161862812817741
12871,CCW,5,0.262,1.1654335521816601
12871,CCW,5,0.263,1.1655331304206167
12871,CCW,5,0.264,1.159620558277969
12871,CCW,5,0.265,1.159100684031878
12871,CCW,5,0.266,1.1614285792246188
12871,CCW,5,0.267,1.1686930501582555
12871,CCW,5,0.268,1.1814701666959442
12871,CCW,5,0.269,1.1920166207653624
12871,CCW,5,0.27,1.1977850967680594
12871,CCW,5,0.271,1.1986933433188895
12871,CCW,5,0.272,1.196422563362906
12871,CCW,5,0.273,1.192779189093305
12871,CCW,5,0.274,1.1951046781464794
12871,CCW,5,0.275,1.1853226048061858
12871,CCW,5,0.276,1.1802064656277351
12871,CCW,5,0.277,1.1777801561706709
12871,CCW,5,0.278,1.1757859809917408
12871,CCW,5,0.279,1.1783586796259784
12871,CCW,5,0.28,1.174735849920236
12871,CCW,5,0.281,1.1678802101339532
12871,CCW,5,0.28200000000000003,1.1669990061491111
12871,CCW,5,0.28300000000000003,1.1653854972153055
12871,CCW,5,0.28400000000000003,1.1645123873068146
12871,CCW,5,0.28500000000000003,1.1653076305930832
12871,CCW,5,0.28600000000000003,1.1682252477721922
12871,CCW,5,0.28700000000000003,1.1699390849142115
12871,CCW,5,0.28800000000000003,1.171217765566521
12871,CCW,5,0.289,1.1712271217268346
12871,CCW,5,0.29,1.169466059085708
12871,CCW,5,0.291,1.1675919995866257
12871,CCW,5,0.292,1.165850410225802
12871,CCW,5,0.293,1.1626168134143002
12871,CCW,5,0.294,1.158102815950524
12871,CCW,5,0.295,1.1563519043497545
12871,CCW,5,0.296,1.1552727095693505
12871,CCW,5,0.297,1.1534247840961793
12871,CCW,5,0.298,1.1624056330082821
12871,CCW,5,0.299,1.1586227865285703
12871,CCW,5,0.3,1.1545787859148906
12871,CCW,5,0.301,1.1623373526096883
12871,CCW,5,0.302,1.1616425040751386
12871,CCW,5,0.303,1.1555422374320867
12871,CCW,5,0.304,1.1427530705343405
12871,CCW,5,0.305,1.1278261463356154
12871,CCW,5,0.306,1.1113936722246174
12871,CCW,5,0.307,1.1029457157771614
12871,CCW,5,0.308,1.087759519647808
12871,CCW,5,0.309,1.074462010516999
12871,CCW,5,0.31,1.0669326476091838
12871,CCW,5,0.311,1.0559414351638685
12871,CCW,5,0.312,1.0505926614617584
12871,CCW,5,0.313,1.0421775497470693
12871,CCW,5,0.314,1.037108213482809
12871,CCW,5,0.315,1.032810604698536
12871,CCW,5,0.316,1.0291373864545263
12871,CCW,5,0.317,1.0255581312281523
12871,CCW,5,0.318,1.0213474608728468
12871,CCW,5,0.319,1.0163400669837905
12871,CCW,5,0.32,1.0133232103462595
12871,CCW,5,0.321,1.0083249904634612
12871,CCW,5,0.322,1.00315505021297
12871,CCW,5,0.323,0.9983330171370994
12871,CCW,5,0.324,0.9945276590193434
12871,CCW,5,0.325,0.9894761255959488
12871,CCW,5,0.326,0.9862038213803614
12871,CCW,5,0.327,0.9823919727607189
12871,CCW,5,0.328,0.9787134293650306
12871,CCW,5,0.329,0.9759995590426844
12871,CCW,5,0.33,0.9732500804113996
12871,CCW,5,0.331,0.9720032094571781
12871,CCW,5,0.332,0.9697052563057766
12871,CCW,5,0.333,0.9676871217935945
12871,CCW,5,0.334,0.9653658530197031
12871,CCW,5,0.335,0.9643631460530205
12871,CCW,5,0.336,0.9618530734090874
12871,CCW,5,0.337,0.9588507902475346
12871,CCW,5,0.338,0.9571883731894568
12871,CCW,5,0.339,0.9545820196051245
12871,CCW,5,0.34,0.9516303317085613
12871,CCW,5,0.341,0.9492100030476326
12871,CCW,5,0.342,0.946620908624415
12871,CCW,5,0.343,0.944119706236656
12871,CCW,5,0.34400000000000003,0.9413770508704272
12871,CCW,5,0.34500000000000003,0.9394375673178634
12871,CCW,5,0.34600000000000003,0.9383930852643809
12871,CCW,5,0.34700000000000003,0.9376156562685429
12871,CCW,5,0.34800000000000003,0.9362034220246022
12871,CCW,5,0.34900000000000003,0.93516880110997
12871,CCW,5,0.35000000000000003,0.9340023350251211
12871,CCW,5,0.35100000000000003,0.9325629302632074
12871,CCW,5,0.352,0.9307655900870586
12871,CCW,5,0.353,0.9286381967052975
12871,CCW,5,0.354,0.926145984149659
12871,CCW,5,0.355,0.9238032316319805
12871,CCW,5,0.356,0.9218890639453416
12871,CCW,5,0.357,0.9204494868704793
12871,CCW,5,0.358,0.9189812113590891
12871,CCW,5,0.359,0.9174186227724002
12871,CCW,5,0.36,0.9161690093630059
12871,CCW,5,0.361,0.9158366292850009
12871,CCW,5,0.362,0.9167458263435271
12871,CCW,5,0.363,0.9183636848069393
12871,CCW,5,0.364,0.9200676752827903
12871,CCW,5,0.365,0.9220107538283624
12871,CCW,5,0.366,0.9239675804855817
12871,CCW,5,0.367,0.9250767874785525
12871,CCW,5,0.368,0.9251042050078863
12871,CCW,5,0.369,0.924198211671453
12871,CCW,5,0.37,0.9225105238436786
12871,CCW,5,0.371,0.920529835111539
12871,CCW,5,0.372,0.9185270489113544
12871,CCW,5,0.373,0.9165208423098476
12871,CCW,5,0.374,0.9140754834483743
12871,CCW,5,0.375,0.9112322880272673
12871,CCW,5,0.376,0.9087672223600193
12871,CCW,5,0.377,0.9078233674908285
12871,CCW,5,0.378,0.9083517848992642
12871,CCW,5,0.379,0.9091025802252273
12871,CCW,5,0.38,0.9093402825123933
12871,CCW,5,0.381,0.9092084497612355
12871,CCW,5,0.382,0.9086987172129262
12871,CCW,5,0.383,0.9077541163940559
12871,CCW,5,0.384,0.906101241624808
12871,CCW,5,0.385,0.90397447275462
12871,CCW,5,0.386,0.901800642650243
12871,CCW,5,0.387,0.9004804804165426
12871,CCW,5,0.388,0.8991132887743561
12871,CCW,5,0.389,0.8978754017598126
12871,CCW,5,0.39,0.8967547376902922
12871,CCW,5,0.391,0.8960298204829685
12871,CCW,5,0.392,0.8963386555784185
12871,CCW,5,0.393,0.8975055459152622
12871,CCW,5,0.394,0.900703948871714
12871,CCW,5,0.395,0.9035976125156485
12871,CCW,5,0.396,0.9025354809413895
12871,CCW,5,0.397,0.9033286809376908
12871,CCW,5,0.398,0.905150064962686
12871,CCW,5,0.399,0.9031989734864
12871,CCW,5,0.4,0.9059167895503569
12871,CCW,5,0.401,0.9088318971546416
12871,CCW,5,0.402,0.9137863224951459
12871,CCW,5,0.403,0.915101189019667
12871,CCW,5,0.404,0.918237722038266
12871,CCW,5,0.405,0.9212042197148055
12871,CCW,5,0.406,0.9300545563405602
12871,CCW,5,0.40700000000000003,0.9411667535625858
12871,CCW,5,0.40800000000000003,0.9529622705217486
12871,CCW,5,0.40900000000000003,0.9647165776896381
12871,CCW,5,0.41000000000000003,0.9814103365864795
12871,CCW,5,0.41100000000000003,0.998545839199489
12871,CCW,5,0.41200000000000003,1.008070344390202
12871,CCW,5,0.41300000000000003,1.0198555254318515
12871,CCW,5,0.41400000000000003,1.0305044565063997
12871,CCW,5,0.41500000000000004,1.031671985692402
12871,CCW,5,0.41600000000000004,1.0246373843954213
12871,CCW,5,0.417,1.035902867338045
12871,CCW,5,0.418,1.0229365870259202
12871,CCW,5,0.419,1.0345732029439016
12871,CCW,5,0.42,1.0236470831240487
12871,CCW,5,0.421,1.0139897359167889
12871,CCW,5,0.422,1.0245664310766525
12871,CCW,5,0.423,1.0304695060896463
12871,CCW,5,0.424,1.0251650579976996
12871,CCW,5,0.425,1.0419193242148408
12871,CCW,5,0.426,1.056138159898027
12871,CCW,5,0.427,1.0614824968394374
12871,CCW,5,0.428,1.0703717706351925
12871,CCW,5,0.429,1.0683385486142527
12871,CCW,5,0.43,1.0762129695424854
12871,CCW,5,0.431,1.0747622496583624
12871,CCW,5,0.432,1.073960235875642
12871,CCW,5,0.433,1.0592181274000898
12871,CCW,5,0.434,1.055744082919147
12871,CCW,5,0.435,1.0568329197929136
12871,CCW,5,0.436,1.0596513670917522
12871,CCW,5,0.437,1.0647594709661623
12871,CCW,5,0.438,1.070692719024246
12871,CCW,5,0.439,1.0829647709738313
12871,CCW,5,0.44,1.0960139468688543
12871,CCW,5,0.441,1.105487787720087
12871,CCW,5,0.442,1.123456974396494
12871,CCW,5,0.443,1.1403691380534462
12871,CCW,5,0.444,1.157524314384254
12871,CCW,5,0.445,1.173086613421521
12871,CCW,5,0.446,1.19193536802991
12871,CCW,5,0.447,1.2054052410177747
12871,CCW,5,0.448,1.220005817366753
12871,CCW,5,0.449,1.2346714899380908
12871,CCW,5,0.45,1.2505956129028075
12871,CCW,5,0.451,1.2640099174495019
12871,CCW,5,0.452,1.2774654927030429
12871,CCW,5,0.453,1.290872515071497
12871,CCW,5,0.454,1.303926700523876
12871,CCW,5,0.455,1.3169423045656452
12871,CCW,5,0.456,1.3301117209545599
12871,CCW,5,0.457,1.3426414001227593
12871,CCW,5,0.458,1.3556746568731946
12871,CCW,5,0.459,1.3693919097836946
12871,CCW,5,0.46,1.3823268592390279
12871,CCW,5,0.461,1.3956945281421342
12871,CCW,5,0.462,1.4100681056792945
12871,CCW,5,0.463,1.4248580912330635
12871,CCW,5,0.464,1.4420154581453823
12871,CCW,5,0.465,1.4575358764010329
12871,CCW,5,0.466,1.4728234090410672
12871,CCW,5,0.467,1.4886288045706515
12871,CCW,5,0.468,1.5038420349984463
12871,CCW,5,0.46900000000000003,1.5186567199777443
12871,CCW,5,0.47000000000000003,1.5330637444273383
12871,CCW,5,0.47100000000000003,1.547129495522383
12871,CCW,5,0.47200000000000003,1.5604729522566012
12871,CCW,5,0.47300000000000003,1.574415106311828
12871,CCW,5,0.47400000000000003,1.5897068120739735
12871,CCW,5,0.47500000000000003,1.6047985040896215
12871,CCW,5,0.47600000000000003,1.6199724188386708
12871,CCW,5,0.47700000000000004,1.6360186409057011
12871,CCW,5,0.47800000000000004,1.6514887303082937
12871,CCW,5,0.47900000000000004,1.6668749538254555
12871,CCW,5,0.48,1.6827755465016476
12871,CCW,5,0.481,1.6988804685594636
12871,CCW,5,0.482,1.713860703557622
12871,CCW,5,0.483,1.7285125856771328
12871,CCW,5,0.484,1.7430393622399407
12871,CCW,5,0.485,1.7575918934959036
12871,CCW,5,0.486,1.7732893267305438
12871,CCW,5,0.487,1.7890253920429469
12871,CCW,5,0.488,1.8043194127311106
12871,CCW,5,0.489,1.819611671225875
12871,CCW,5,0.49,1.8351565371140381
12871,CCW,5,0.491,1.8503010194049174
12871,CCW,5,0.492,1.8649821343714612
12871,CCW,5,0.493,1.8793045113580824
12871,CCW,5,0.494,1.8934808946947932
12871,CCW,5,0.495,1.9078511881857665
12871,CCW,5,0.496,1.9226793215908529
12871,CCW,5,0.497,1.937457377812994
12871,CCW,5,0.498,1.9519567652459353
12871,CCW,5,0.499,1.9661745387408198
12871,CCW,5,0.5,1.9802801280156153
12871,CCW,5,0.501,1.9947095713488558
12871,CCW,5,0.502,2.009424110843872
12871,CCW,5,0.503,2.0235030350243135
12871,CCW,5,0.504,2.0366706095095193
12871,CCW,5,0.505,2.0499074816844636
12871,CCW,5,0.506,2.0636707667294
12871,CCW,5,0.507,2.0776417485242655
12871,CCW,5,0.508,2.091773234680657
12871,CCW,5,0.509,2.1058742995987156
12871,CCW,5,0.51,2.120053864335528
12871,CCW,5,0.511,2.134463217282697
12871,CCW,5,0.512,2.1488692857230185
12871,CCW,5,0.513,2.163192484792877
12871,CCW,5,0.514,2.1768952298301194
12871,CCW,5,0.515,2.189256415801698
12871,CCW,5,0.516,2.2010656691923742
12871,CCW,5,0.517,2.214018349147968
12871,CCW,5,0.518,2.227405717937626
12871,CCW,5,0.519,2.2407331902321195
12871,CCW,5,0.52,2.254842862468514
12871,CCW,5,0.521,2.2695263241616117
12871,CCW,5,0.522,2.284233265213789
12871,CCW,5,0.523,2.298788499218618
12871,CCW,5,0.524,2.314032682184843
12871,CCW,5,0.525,2.3297638704761456
12871,CCW,5,0.526,2.3455335203026326
12871,CCW,5,0.527,2.360947089196393
12871,CCW,5,0.528,2.3754808425703877
12871,CCW,5,0.529,2.3895472572915955
12871,CCW,5,0.53,2.4036052092467903
12871,CCW,5,0.531,2.417773528432921
12871,CCW,5,0.532,2.4325256917946487
12871,CCW,5,0.533,2.447942488712761
12871,CCW,5,0.534,2.4637158590639885
12871,CCW,5,0.535,2.4785984196792805
12871,CCW,5,0.536,2.4930796025636024
12871,CCW,5,0.537,2.507435257305892
12871,CCW,5,0.538,2.522044518543281
12871,CCW,5,0.539,2.5369984596400834
12871,CCW,5,0.54,2.5519083142504275
12871,CCW,5,0.541,2.5662646790757266
12871,CCW,5,0.542,2.580673506189685
12871,CCW,5,0.543,2.5955380468492013
12871,CCW,5,0.544,2.6108034209148183
12871,CCW,5,0.545,2.626010767497608
12871,CCW,5,0.546,2.6409074192509543
12871,CCW,5,0.547,2.6556128859197505
12871,CCW,5,0.548,2.670105308213994
12871,CCW,5,0.549,2.68438020144492
12871,CCW,5,0.55,2.6982690051259928
12871,CCW,5,0.551,2.712187137341418
12871,CCW,5,0.552,2.7267263191099933
12871,CCW,5,0.553,2.7417503439200135
12871,CCW,5,0.554,2.7571116336203985
12871,CCW,5,0.555,2.7729164815729552
12871,CCW,5,0.556,2.7879780450110716
12871,CCW,5,0.557,2.802304027586628
12871,CCW,5,0.558,2.8169552819627444
12871,CCW,5,0.559,2.831364971266473
12871,CCW,5,0.56,2.845353811280073
12871,CCW,5,0.561,2.8587081469012485
12871,CCW,5,0.562,2.8715249026657554
12871,CCW,5,0.5630000000000001,2.884586508019907
12871,CCW,5,0.5640000000000001,2.8980886281921165
12871,CCW,5,0.5650000000000001,2.9118072355920286
12871,CCW,5,0.5660000000000001,2.9253164956150743
12871,CCW,5,0.5670000000000001,2.9389432584733974
12871,CCW,5,0.5680000000000001,2.9534145781735015
12871,CCW,5,0.5690000000000001,2.9687400661674412
12871,CCW,5,0.5700000000000001,2.9848526532910196
12871,CCW,5,0.5710000000000001,3.000640921029568
12871,CCW,5,0.5720000000000001,3.015091037790145
12871,CCW,5,0.5730000000000001,3.029182545329806
12871,CCW,5,0.5740000000000001,3.043957221282677
12871,CCW,5,0.5750000000000001,3.0592897351380612
12871,CCW,5,0.5760000000000001,3.075221524956798
12871,CCW,5,0.577,3.090787854295178
12871,CCW,5,0.578,3.105414174789609
12871,CCW,5,0.579,3.119113890967867
12871,CCW,5,0.58,3.1329967070880764
12871,CCW,5,0.581,3.1475458955944315
12871,CCW,5,0.582,3.161871087880432
12871,CCW,5,0.583,3.1760123645084457
12871,CCW,5,0.584,3.19048869092657
12871,CCW,5,0.585,3.205867435042154
12871,CCW,5,0.586,3.2208494677589408
12871,CCW,5,0.587,3.23525983972577
12871,CCW,5,0.588,3.249600581192764
12871,CCW,5,0.589,3.263976479840186
12871,CCW,5,0.59,3.2788063211163556
12871,CCW,5,0.591,3.2936480647754567
12871,CCW,5,0.592,3.3084395748566955
12871,CCW,5,0.593,3.3230958770476318
12871,CCW,5,0.594,3.337342521664945
12871,CCW,5,0.595,3.351528081898544
12871,CCW,5,0.596,3.366255161319971
12871,CCW,5,0.597,3.3812577420598444
12871,CCW,5,0.598,3.395720679520191
12871,CCW,5,0.599,3.4101269946994086
12871,CCW,5,0.6,3.425218395260224
12871,CCW,5,0.601,3.4412576792876406
12871,CCW,5,0.602,3.457132609778831
12871,CCW,5,0.603,3.47255151794921
12871,CCW,5,0.604,3.487581006310984
12871,CCW,5,0.605,3.5022380712623495
12871,CCW,5,0.606,3.516765456372739
12871,CCW,5,0.607,3.5319191779649195
12871,CCW,5,0.608,3.5472161441553878
12871,CCW,5,0.609,3.5618896313702484
12871,CCW,5,0.61,3.575699141358331
12871,CCW,5,0.611,3.5896361604234235
12871,CCW,5,0.612,3.604553493099805
12871,CCW,5,0.613,3.6193923566621993
12871,CCW,5,0.614,3.634732601502485
12871,CCW,5,0.615,3.650212190625641
12871,CCW,5,0.616,3.6655389196692663
12871,CCW,5,0.617,3.680848278665188
12871,CCW,5,0.618,3.6962598444722743
12871,CCW,5,0.619,3.712643831300286
12871,CCW,5,0.62,3.729306859442534
12871,CCW,5,0.621,3.7453914174086305
12871,CCW,5,0.622,3.761146507183562
12871,CCW,5,0.623,3.7760143290097226
12871,CCW,5,0.624,3.7900829432756105
12871,CCW,5,0.625,3.8036925378406945
12871,CCW,5,0.626,3.8171958076389028
12871,CCW,5,0.627,3.831356895777065
12871,CCW,5,0.628,3.845992231342413
12871,CCW,5,0.629,3.861053644749292
12871,CCW,5,0.63,3.876702089908586
12871,CCW,5,0.631,3.8933160862865908
12871,CCW,5,0.632,3.910070006923611
12871,CCW,5,0.633,3.9268860450933785
12871,CCW,5,0.634,3.9435801705611015
12871,CCW,5,0.635,3.9595038445320623
12871,CCW,5,0.636,3.9749000440806386
12871,CCW,5,0.637,3.9902781020900955
12871,CCW,5,0.638,4.005345617116518
12871,CCW,5,0.639,4.019816404202542
12871,CCW,5,0.64,4.033902028697614
12871,CCW,5,0.641,4.047703680602063
12871,CCW,5,0.642,4.0613789517128795
12871,CCW,5,0.643,4.075279572177206
12871,CCW,5,0.644,4.089630696511269
12871,CCW,5,0.645,4.103860014900364
12871,CCW,5,0.646,4.117845535254604
12871,CCW,5,0.647,4.132515396649878
12871,CCW,5,0.648,4.148560965124473
12871,CCW,5,0.649,4.165434006730059
12871,CCW,5,0.65,4.182027874952531
12871,CCW,5,0.651,4.198099388654275
12871,CCW,5,0.652,4.213891283924724
12871,CCW,5,0.653,4.229947662636646
12871,CCW,5,0.654,4.2461622439445055
12871,CCW,5,0.655,4.262332564929101
12871,CCW,5,0.656,4.2783010969081205
12871,CCW,5,0.657,4.293892248651356
12871,CCW,5,0.658,4.309083603391413
12871,CCW,5,0.659,4.324591586573484
12871,CCW,5,0.66,4.340214223980838
12871,CCW,5,0.661,4.355872562450152
12871,CCW,5,0.662,4.371357608081985
12871,CCW,5,0.663,4.38728538019387
12871,CCW,5,0.664,4.40354665067421
12871,CCW,5,0.665,4.419689383278428
12871,CCW,5,0.666,4.435164010958759
12871,CCW,5,0.667,4.4498707410729486
12871,CCW,5,0.668,4.465105769577388
12871,CCW,5,0.669,4.480951784057537
12871,CCW,5,0.67,4.496589773467961
12871,CCW,5,0.671,4.511758978410291
12871,CCW,5,0.672,4.525423455054297
12871,CCW,5,0.673,4.5388422760170934
12871,CCW,5,0.674,4.552821793833237
12871,CCW,5,0.675,4.567960489035275
12871,CCW,5,0.676,4.583318390266076
12871,CCW,5,0.677,4.598991368682062
12871,CCW,5,0.678,4.615759312147828
12871,CCW,5,0.679,4.631966541564298
12871,CCW,5,0.68,4.648915236822523
12871,CCW,5,0.681,4.665119796878747
12871,CCW,5,0.682,4.680784732952788
12871,CCW,5,0.683,4.695997488596993
12871,CCW,5,0.684,4.710628782087173
12871,CCW,5,0.685,4.727944757846554
12871,CCW,5,0.686,4.743087706382035
12871,CCW,5,0.687,4.758152700126835
12871,CCW,5,0.6880000000000001,4.7750007543526936
12871,CCW,5,0.6890000000000001,4.792843237552628
12871,CCW,5,0.6900000000000001,4.809470225063186
12871,CCW,5,0.6910000000000001,4.8253585673418735
12871,CCW,5,0.6920000000000001,4.839442786004469
12871,CCW,5,0.6930000000000001,4.852817570708742
12871,CCW,5,0.6940000000000001,4.8668207218232205
12871,CCW,5,0.6950000000000001,4.881823033198609
12871,CCW,5,0.6960000000000001,4.892614091220178
12871,CCW,5,0.6970000000000001,4.9096454985652676
12871,CCW,5,0.6980000000000001,4.928324097222396
12871,CCW,5,0.6990000000000001,4.94772595466538
12871,CCW,5,0.7000000000000001,4.965225325090765
12871,CCW,5,0.7010000000000001,4.984058277681532
12871,CCW,5,0.7020000000000001,5.000590065603409
12871,CCW,5,0.7030000000000001,5.016294758251595
12871,CCW,5,0.704,5.0319281797781334
12871,CCW,5,0.705,5.0475010021033535
12871,CCW,5,0.706,5.068424272313831
12871,CCW,5,0.707,5.084127144859601
12871,CCW,5,0.708,5.09878545464901
12871,CCW,5,0.709,5.112167345733539
12871,CCW,5,0.71,5.124773605781976
12871,CCW,5,0.711,5.137356864335888
12871,CCW,5,0.712,5.149135116859071
12871,CCW,5,0.713,5.160972200700159
12871,CCW,5,0.714,5.172622889425611
12871,CCW,5,0.715,5.184264569975305
12871,CCW,5,0.716,5.19470156284422
12871,CCW,5,0.717,5.205628693922348
12871,CCW,5,0.718,5.22109731879042
12871,CCW,5,0.719,5.233039814291438
12871,CCW,5,0.72,5.247165855953608
12871,CCW,5,0.721,5.2649684817846865
12871,CCW,5,0.722,5.280759309194141
12871,CCW,5,0.723,5.297413799277525
12871,CCW,5,0.724,5.30956900106883
12871,CCW,5,0.725,5.321267012921105
12871,CCW,5,0.726,5.336304767679656
12871,CCW,5,0.727,5.348719233517191
12871,CCW,5,0.728,5.358140675398583
12871,CCW,5,0.729,5.367384692061325
12871,CCW,5,0.73,5.377350140462687
12871,CCW,5,0.731,5.387460357185369
12871,CCW,5,0.732,5.398170380182381
12871,CCW,5,0.733,5.40936980624136
12871,CCW,5,0.734,5.423838414156581
12871,CCW,5,0.735,5.437336156789177
12871,CCW,5,0.736,5.447983809112972
12871,CCW,5,0.737,5.460121084232602
12871,CCW,5,0.738,5.473699535714587
12871,CCW,5,0.739,5.489712122315414
12871,CCW,5,0.74,5.505375669150086
12871,CCW,5,0.741,5.5197643428813645
12871,CCW,5,0.742,5.530988507743909
12871,CCW,5,0.743,5.543683875685426
12871,CCW,5,0.744,5.554628772727884
12871,CCW,5,0.745,5.5628472842325785
12871,CCW,5,0.746,5.571760891262859
12871,CCW,5,0.747,5.581654674364095
12871,CCW,5,0.748,5.592501204737691
12871,CCW,5,0.749,5.603199416389126
12871,CCW,5,0.75,5.6124612683122965
12871,CCW,5,0.751,5.620861282697221
12871,CCW,5,0.752,5.629207364001206
12871,CCW,5,0.753,5.638163845731672
12871,CCW,5,0.754,5.6448794472087105
12871,CCW,5,0.755,5.6553813900971805
12871,CCW,5,0.756,5.664197966692929
12871,CCW,5,0.757,5.673010675906822
12871,CCW,5,0.758,5.684216522642309
12871,CCW,5,0.759,5.695868363365196
12871,CCW,5,0.76,5.707248217299265
12871,CCW,5,0.761,5.71888370921942
12871,CCW,5,0.762,5.73038166342029
12871,CCW,5,0.763,5.740631619284504
12871,CCW,5,0.764,5.748910509472217
12871,CCW,5,0.765,5.7577547543583165
12871,CCW,5,0.766,5.766480995896621
12871,CCW,5,0.767,5.776501159219844
12871,CCW,5,0.768,5.783903314192411
12871,CCW,5,0.769,5.792583682370161
12871,CCW,5,0.77,5.799716598975661
12871,CCW,5,0.771,5.806891600021279
12871,CCW,5,0.772,5.813466340036034
12871,CCW,5,0.773,5.819390865602629
12871,CCW,5,0.774,5.825125088939233
12871,CCW,5,0.775,5.830313252145855
12871,CCW,5,0.776,5.836124359757078
12871,CCW,5,0.777,5.841552990587119
12871,CCW,5,0.778,5.84650233551732
12871,CCW,5,0.779,5.850963742654214
12871,CCW,5,0.78,5.855474672078182
12871,CCW,5,0.781,5.859811558870799
12871,CCW,5,0.782,5.86331270160384
12871,CCW,5,0.783,5.866308078219144
12871,CCW,5,0.784,5.869175098466818
12871,CCW,5,0.785,5.871997205690832
12871,CCW,5,0.786,5.874727638067432
12871,CCW,5,0.787,5.877479749865183
12871,CCW,5,0.788,5.879170517669531
12871,CCW,5,0.789,5.8814970527335
12871,CCW,5,0.79,5.883589618867553
12871,CCW,5,0.791,5.885705621519731
12871,CCW,5,0.792,5.8879043128327995
12871,CCW,5,0.793,5.889827391665302
12871,CCW,5,0.794,5.892131951209754
12871,CCW,5,0.795,5.894235922925812
12871,CCW,5,0.796,5.89616141994036
12871,CCW,5,0.797,5.898377675980917
12871,CCW,5,0.798,5.900213102071309
12871,CCW,5,0.799,5.90209033580012
12871,CCW,5,0.8,5.903913676883317
12871,CCW,5,0.801,5.905321707579848
12871,CCW,5,0.802,5.9066466073306545
12871,CCW,5,0.803,5.907937673633008
12871,CCW,5,0.804,5.909030538531026
12871,CCW,5,0.805,5.9102272078765425
12871,CCW,5,0.806,5.911367246120497
12871,CCW,5,0.807,5.912508351837699
12871,CCW,5,0.808,5.91370970348797
12871,CCW,5,0.809,5.914957137093541
12871,CCW,5,0.81,5.916295175044481
12871,CCW,5,0.811,5.917534374258457
12871,CCW,5,0.812,5.918784199531999
12871,CCW,5,0.8130000000000001,5.920098706973976
12871,CCW,5,0.8140000000000001,5.921445373073683
12871,CCW,5,0.8150000000000001,5.922695903563149
12871,CCW,5,0.8160000000000001,5.923934051434029
12871,CCW,5,0.8170000000000001,5.925047524664747
12871,CCW,5,0.8180000000000001,5.926016199784425
12871,CCW,5,0.8190000000000001,5.926906935892597
12871,CCW,5,0.8200000000000001,5.927880120730228
12871,CCW,5,0.8210000000000001,5.928722987852346
12871,CCW,5,0.8220000000000001,5.929662011483751
12871,CCW,5,0.8230000000000001,5.9305235120020745
12871,CCW,5,0.8240000000000001,5.931321300455968
12871,CCW,5,0.8250000000000001,5.932035181123061
12871,CCW,5,0.8260000000000001,5.932649879329582
12871,CCW,5,0.8270000000000001,5.933127310658237
12871,CCW,5,0.8280000000000001,5.933549467858049
12871,CCW,5,0.8290000000000001,5.933843130266267
12871,CCW,5,0.8300000000000001,5.934012167901643
12871,CCW,5,0.8310000000000001,5.933962221930308
12871,CCW,5,0.8320000000000001,5.933704526016834
12871,CCW,5,0.833,5.933349523269398
12871,CCW,5,0.834,5.9329371276899
12871,CCW,5,0.835,5.932146307487788
12871,CCW,5,0.836,5.931814645236376
12871,CCW,5,0.837,5.930506168829171
12871,CCW,5,0.838,5.929290302433182
12871,CCW,5,0.839,5.928015570868515
12871,CCW,5,0.84,5.926475833932753
12871,CCW,5,0.841,5.924624373459139
12871,CCW,5,0.842,5.922353959452008
12871,CCW,5,0.843,5.920124996350875
12871,CCW,5,0.844,5.917773830663764
12871,CCW,5,0.845,5.914232211956805
12871,CCW,5,0.846,5.9122072176930835
12871,CCW,5,0.847,5.909357656184647
12871,CCW,5,0.848,5.906889360461945
12871,CCW,5,0.849,5.902463022536392
12871,CCW,5,0.85,5.8977429884220065
12871,CCW,5,0.851,5.892316497352222
12871,CCW,5,0.852,5.889234580771454
12871,CCW,5,0.853,5.883457162525285
12871,CCW,5,0.854,5.877698813473458
12871,CCW,5,0.855,5.873350840836744
12871,CCW,5,0.856,5.872085682226055
12871,CCW,5,0.857,5.870479062458465
12871,CCW,5,0.858,5.865569532046712
12871,CCW,5,0.859,5.863628346750585
12871,CCW,5,0.86,5.860962698644743
12871,CCW,5,0.861,5.857186497023056
12871,CCW,5,0.862,5.852079344904033
12871,CCW,5,0.863,5.846036308155623
12871,CCW,5,0.864,5.8395650538174975
12871,CCW,5,0.865,5.832157011237507
12871,CCW,5,0.866,5.823686743637659
12871,CCW,5,0.867,5.809973362583832
12871,CCW,5,0.868,5.7936632568437965
12871,CCW,5,0.869,5.777936394331146
12871,CCW,5,0.87,5.763578881393081
12871,CCW,5,0.871,5.754587798239913
12871,CCW,5,0.872,5.7420190576649945
12871,CCW,5,0.873,5.730109224569703
12871,CCW,5,0.874,5.7216272919578435
12871,CCW,5,0.875,5.713982676526502
12871,CCW,5,0.876,5.703380835898408
12871,CCW,5,0.877,5.700070946144022
12871,CCW,5,0.878,5.693388676022296
12871,CCW,5,0.879,5.684694057162305
12871,CCW,5,0.88,5.675519674797619
12871,CCW,5,0.881,5.667159229631835
12871,CCW,5,0.882,5.659463291257859
12871,CCW,5,0.883,5.6538856967199065
12871,CCW,5,0.884,5.649416274379513
12871,CCW,5,0.885,5.644347255500388
12871,CCW,5,0.886,5.6367792794706295
12871,CCW,5,0.887,5.623984387068997
12871,CCW,5,0.888,5.609113044674721
12871,CCW,5,0.889,5.590368929310907
12871,CCW,5,0.89,5.5771488271890695
12871,CCW,5,0.891,5.563277743084563
12871,CCW,5,0.892,5.548642665049455
12871,CCW,5,0.893,5.535886313264063
12871,CCW,5,0.894,5.524011369337239
12871,CCW,5,0.895,5.517396148616365
12871,CCW,5,0.896,5.511771766426559
12871,CCW,5,0.897,5.508569029510651
12871,CCW,5,0.898,5.503491472969943
12871,CCW,5,0.899,5.500585069215672
12871,CCW,5,0.9,5.495423738962185
12871,CCW,5,0.901,5.489448023387019
12871,CCW,5,0.902,5.4827133566760535
12871,CCW,5,0.903,5.4753707202174215
12871,CCW,5,0.904,5.467793820313916
12871,CCW,5,0.905,5.458995090222934
12871,CCW,5,0.906,5.449402452460972
12871,CCW,5,0.907,5.440110143197856
12871,CCW,5,0.908,5.428557804652996
12871,CCW,5,0.909,5.419162109592601
12871,CCW,5,0.91,5.41019878749011
12871,CCW,5,0.911,5.400287051622354
12871,CCW,5,0.912,5.39189137329065
12871,CCW,5,0.913,5.383637778596793
12871,CCW,5,0.914,5.375738699076552
12871,CCW,5,0.915,5.367765662861117
12871,CCW,5,0.916,5.360118197116285
12871,CCW,5,0.917,5.351199695206901
12871,CCW,5,0.918,5.343456069698218
12871,CCW,5,0.919,5.335759035082194
12871,CCW,5,0.92,5.326261357904698
12871,CCW,5,0.921,5.316789255016936
12871,CCW,5,0.922,5.305994235153091
12871,CCW,5,0.923,5.2938241060780395
12871,CCW,5,0.924,5.28151273074401
12871,CCW,5,0.925,5.27023751725803
12871,CCW,5,0.926,5.258870475480328
12871,CCW,5,0.927,5.248126011055751
12871,CCW,5,0.928,5.237891325109453
12871,CCW,5,0.929,5.228413867994577
12871,CCW,5,0.93,5.2198083995934
12871,CCW,5,0.931,5.2124005743044695
12871,CCW,5,0.932,5.205626942674054
12871,CCW,5,0.933,5.199284876099225
12871,CCW,5,0.934,5.193250196764177
12871,CCW,5,0.935,5.187483763851301
12871,CCW,5,0.936,5.181922317506984
12871,CCW,5,0.937,5.176188999792054
12871,CCW,5,0.9380000000000001,5.169722456988798
12871,CCW,5,0.9390000000000001,5.161977695557932
12871,CCW,5,0.9400000000000001,5.153474590640242
12871,CCW,5,0.9410000000000001,5.145175612166502
12871,CCW,5,0.9420000000000001,5.137134521115743
12871,CCW,5,0.9430000000000001,5.128833614982703
12871,CCW,5,0.9440000000000001,5.120008619121999
12871,CCW,5,0.9450000000000001,5.111314748526091
12871,CCW,5,0.9460000000000001,5.103521719382269
12871,CCW,5,0.9470000000000001,5.096643407600382
12871,CCW,5,0.9480000000000001,5.091169245815379
12871,CCW,5,0.9490000000000001,5.085796522230165
12871,CCW,5,0.9500000000000001,5.080144977961794
12871,CCW,5,0.9510000000000001,5.073554404194534
12871,CCW,5,0.9520000000000001,5.066503602408918
12871,CCW,5,0.9530000000000001,5.059823657328267
12871,CCW,5,0.9540000000000001,5.05207096061994
12871,CCW,5,0.9550000000000001,5.0442010062960225
12871,CCW,5,0.9560000000000001,5.037116550981937
12871,CCW,5,0.9570000000000001,5.029687348709553
12871,CCW,5,0.9580000000000001,5.021009940213155
12871,CCW,5,0.9590000000000001,5.011924329708658
12871,CCW,5,0.96,5.003092883459375
12871,CCW,5,0.961,4.9945774692835245
12871,CCW,5,0.962,4.986550831781033
12871,CCW,5,0.963,4.979196059719496
12871,CCW,5,0.964,4.972692232530011
12871,CCW,5,0.965,4.966848772936409
12871,CCW,5,0.966,4.961120610816898
12871,CCW,5,0.967,4.954806887160817
12871,CCW,5,0.968,4.9479962694255155
12871,CCW,5,0.969,4.940843081732361
12871,CCW,5,0.97,4.933163416834127
12871,CCW,5,0.971,4.925008845033745
12871,CCW,5,0.972,4.916878819377132
12871,CCW,5,0.973,4.9088026718954545
12871,CCW,5,0.974,4.9004069546671305
12871,CCW,5,0.975,4.89143792969221
12871,CCW,5,0.976,4.882674622900468
12871,CCW,5,0.977,4.8744297739364075
12871,CCW,5,0.978,4.8660496212224515
12871,CCW,5,0.979,4.857821899169466
12871,CCW,5,0.98,4.849530210677337
12871,CCW,5,0.981,4.840664903112088
12871,CCW,5,0.982,4.830716959965284
12871,CCW,5,0.983,4.820390034216674
12871,CCW,5,0.984,4.810333549149672
12871,CCW,5,0.985,4.801035737930787
12871,CCW,5,0.986,4.790969266541275
12871,CCW,5,0.987,4.779311201202098
12871,CCW,5,0.988,4.768681429819025
12871,CCW,5,0.989,4.756950815690913
12871,CCW,5,0.99,4.746063148814059
12871,CCW,5,0.991,4.735395593020105
12871,CCW,5,0.992,4.725363217878844
12871,CCW,5,0.993,4.716845699520408
12871,CCW,5,0.994,4.709340940828729
12871,CCW,5,0.995,4.703119265037737
12871,CCW,5,0.996,4.697561746461675
12871,CCW,5,0.997,4.692089546871211
12871,CCW,5,0.998,4.68695721296357
12871,CCW,5,0.999,4.681917136017836
12871,CCW,5,1.0,4.676429632107796
