anchor,yi,progress,rms_mm
marker,0,0.0,25.560947533070596
marker,0,0.001,25.569675627090017
marker,0,0.002,25.590176613312845
marker,0,0.003,25.622505282508246
marker,0,0.004,25.665290344327847
marker,0,0.005,25.716901325729477
marker,0,0.006,25.774753623473337
marker,0,0.007,25.83724704421356
marker,0,0.008,25.90320797505755
marker,0,0.009000000000000001,25.97213858494779
marker,0,0.01,26.04381775168111
marker,0,0.011,26.118607160033378
marker,0,0.012,26.196578941634353
marker,0,0.013000000000000001,26.277979660302027
marker,0,0.014,26.362871221498413
marker,0,0.015,26.451303276478356
marker,0,0.016,26.542969496917774
marker,0,0.017,26.63708513554837
marker,0,0.018000000000000002,26.732484142084882
marker,0,0.019,26.828628162945304
marker,0,0.02,26.925819584893457
marker,0,0.021,27.024784406637885
marker,0,0.022,27.126410501405246
marker,0,0.023,27.231414436454667
marker,0,0.024,27.339973425344308
marker,0,0.025,27.452528373010797
marker,0,0.026000000000000002,27.56953131309575
marker,0,0.027,27.69132252898133
marker,0,0.028,27.818217975003925
marker,0,0.029,27.950518585138948
marker,0,0.03,28.088370154144563
marker,0,0.031,28.231842382029505
marker,0,0.032,28.380720986193957
marker,0,0.033,28.534744311758907
marker,0,0.034,28.693557882997702
marker,0,0.035,28.85707230254046
marker,0,0.036000000000000004,29.024668085454213
marker,0,0.037,29.1954739703837
marker,0,0.038,29.36798360244205
marker,0,0.039,29.541047492300606
marker,0,0.04,29.71411421183603
marker,0,0.041,29.88691077047321
marker,0,0.042,30.05882225843468
marker,0,0.043000000000000003,30.229480942457336
marker,0,0.044,30.39875344351205
marker,0,0.045,30.566424558583773
marker,0,0.046,30.732255673119454
marker,0,0.047,30.895804968203368
marker,0,0.048,31.056657451488338
marker,0,0.049,31.21430336771695
marker,0,0.05,31.36829757638646
marker,0,0.051000000000000004,31.518398810141928
marker,0,0.052000000000000005,31.664952107537403
marker,0,0.053,31.808449149724506
marker,0,0.054,31.949628147886262
marker,0,0.055,32.089650212295574
marker,0,0.056,32.22953461862788
marker,0,0.057,32.36980427601844
marker,0,0.058,32.510834932520595
marker,0,0.059000000000000004,32.65295111404437
marker,0,0.06,32.796403678236025
marker,0,0.061,32.94130336419676
marker,0,0.062,33.0876529301162
marker,0,0.063,33.235478493260665
marker,0,0.064,33.38493192025414
marker,0,0.065,33.536161294700385
marker,0,0.066,33.68919215681664
marker,0,0.067,33.84400354472718
marker,0,0.068,34.00025804891786
marker,0,0.069,34.157574576572294
marker,0,0.07,34.315408008361516
marker,0,0.07100000000000001,34.47356798427928
marker,0,0.07200000000000001,34.63101432785238
marker,0,0.073,34.786103750414476
marker,0,0.074,34.93738529378927
marker,0,0.075,35.08372624008969
marker,0,0.076,35.22321881963482
marker,0,0.077,35.35451511205134
marker,0,0.078,35.47626450919593
marker,0,0.079,35.587914532892285
marker,0,0.08,35.68831754659374
marker,0,0.081,35.77656029070026
marker,0,0.082,35.85216464914216
marker,0,0.083,35.914497469240324
marker,0,0.084,35.963341129325684
marker,0,0.085,35.99826735539715
marker,0,0.08600000000000001,36.019399578619506
marker,0,0.08700000000000001,36.026663801963
marker,0,0.088,36.02028695110784
marker,0,0.089,36.00002578075024
marker,0,0.09,35.966092541133996
marker,0,0.091,35.91871844399303
marker,0,0.092,35.85776303803251
marker,0,0.093,35.7832275770452
marker,0,0.094,35.695797642879825
marker,0,0.095,35.595607114699455
marker,0,0.096,35.48241768352561
marker,0,0.097,35.35606451599728
marker,0,0.098,35.21758347101196
marker,0,0.099,35.06844372102702
marker,0,0.1,34.910282332592075
marker,0,0.101,34.74400864790063
marker,0,0.10200000000000001,34.57188012497549
marker,0,0.10300000000000001,34.395513446821546
marker,0,0.10400000000000001,34.21642398947403
marker,0,0.105,34.03639311621055
marker,0,0.106,33.85615850912523
marker,0,0.107,33.675973599277185
marker,0,0.108,33.49447406950866
marker,0,0.109,33.309599607698985
marker,0,0.11,33.11945773123231
marker,0,0.111,32.92291749195256
marker,0,0.112,32.71874511469698
marker,0,0.113,32.50328620243436
marker,0,0.114,32.27354086253767
marker,0,0.115,32.02630581888423
marker,0,0.116,31.762472959270287
marker,0,0.117,31.477455484729283
marker,0,0.11800000000000001,31.16539111709748
marker,0,0.11900000000000001,30.81727078271507
marker,0,0.12,30.429791870860495
marker,0,0.121,30.001660780962922
marker,0,0.122,29.538520406304926
marker,0,0.123,29.04431998062675
marker,0,0.124,28.524720012856324
marker,0,0.125,27.984114618168807
marker,0,0.126,27.422730659432034
marker,0,0.127,26.84935915524522
marker,0,0.128,26.263353749802544
marker,0,0.129,25.667101285419125
marker,0,0.13,25.05976786630984
marker,0,0.131,24.444754435733326
marker,0,0.132,23.819547894159737
marker,0,0.133,23.184350848054827
marker,0,0.134,22.53786584321811
marker,0,0.135,21.88356216096748
marker,0,0.136,21.220695990866272
marker,0,0.137,20.549399179906196
marker,0,0.138,19.87373832801722
marker,0,0.139,19.19582997521316
marker,0,0.14,18.51805285903767
marker,0,0.14100000000000001,17.842799253596564
marker,0,0.14200000000000002,17.17095358447302
marker,0,0.14300000000000002,16.508020675302255
marker,0,0.14400000000000002,15.851261033004299
marker,0,0.145,15.20435435604131
marker,0,0.146,14.569462380250295
marker,0,0.147,13.94655412727767
marker,0,0.148,13.335563424674223
marker,0,0.149,12.739293575886013
marker,0,0.15,12.155589104879628
marker,0,0.151,11.585685091103736
marker,0,0.152,11.031981835314326
marker,0,0.153,10.499809113532256
marker,0,0.154,9.991176340287911
marker,0,0.155,9.504712531281086
marker,0,0.156,9.039983451197589
marker,0,0.157,8.588353824701585
marker,0,0.158,8.149791995948304
marker,0,0.159,7.7239035857937095
marker,0,0.16,7.3128251178398225
marker,0,0.161,6.917016736829893
marker,0,0.162,6.536692409986446
marker,0,0.163,6.169263500084524
marker,0,0.164,5.809121550816291
marker,0,0.165,5.458321706613587
marker,0,0.166,5.114921283949428
marker,0,0.167,4.774082733225628
marker,0,0.168,4.43662626791722
marker,0,0.169,4.099280117049847
marker,0,0.17,3.7622957352755795
marker,0,0.171,3.4259936937193456
marker,0,0.17200000000000001,3.092358376767844
marker,0,0.17300000000000001,2.7655826008081865
marker,0,0.17400000000000002,2.4519191996342213
marker,0,0.17500000000000002,2.15770648508551
marker,0,0.176,1.8984011652009118
marker,0,0.177,1.693246678825865
marker,0,0.178,1.5615701957875978
marker,0,0.179,1.5150110109993062
marker,0,0.18,1.549489043558904
marker,0,0.181,1.6467219388571734
marker,0,0.182,1.786692798971946
marker,0,0.183,1.9536846909080279
marker,0,0.184,2.1362785688760586
marker,0,0.185,2.327714797971516
marker,0,0.186,2.524768852428181
marker,0,0.187,2.7257924037178047
marker,0,0.188,2.9296460276096288
marker,0,0.189,3.1357361548989915
marker,0,0.19,3.344578114634596
marker,0,0.191,3.5543545197580064
marker,0,0.192,3.7641694037763225
marker,0,0.193,3.9750947313557528
marker,0,0.194,4.187331521210966
marker,0,0.195,4.400317845802775
marker,0,0.196,4.61104325321477
marker,0,0.197,4.816784810457571
marker,0,0.198,5.01448798197399
marker,0,0.199,5.202540826564212
marker,0,0.2,5.381966831264475
marker,0,0.201,5.554349550119907
marker,0,0.202,5.720013665584746
marker,0,0.203,5.882336400905006
marker,0,0.20400000000000001,6.040810620019248
marker,0,0.20500000000000002,6.197827584958012
marker,0,0.20600000000000002,6.357244932130504
marker,0,0.20700000000000002,6.521960322096505
marker,0,0.20800000000000002,6.694650110436445
marker,0,0.209,6.876829337301643
marker,0,0.21,7.070478753903167
marker,0,0.211,7.279476292837051
marker,0,0.212,7.503880868871306
marker,0,0.213,7.744921761850235
marker,0,0.214,8.003310989601646
marker,0,0.215,8.273353296975378
marker,0,0.216,8.552360202238194
marker,0,0.217,8.833285680848533
marker,0,0.218,9.115100967077735
marker,0,0.219,9.393573716316036
marker,0,0.22,9.663996924480466
marker,0,0.221,9.918868591905479
marker,0,0.222,10.161787996095681
marker,0,0.223,10.390831029289128
marker,0,0.224,10.606450177484462
marker,0,0.225,10.814681082647992
marker,0,0.226,11.018349749054932
marker,0,0.227,11.222857576409126
marker,0,0.228,11.436668501411669
marker,0,0.229,11.664757544038581
marker,0,0.23,11.91285951378238
marker,0,0.231,12.184532009757744
marker,0,0.232,12.481734596712775
marker,0,0.233,12.80863886376225
marker,0,0.234,13.162594428821107
marker,0,0.23500000000000001,13.54507479942449
marker,0,0.23600000000000002,13.951043982316342
marker,0,0.23700000000000002,14.375456798156769
marker,0,0.23800000000000002,14.816450772577111
marker,0,0.23900000000000002,15.265543823985492
marker,0,0.24,15.720132620790661
marker,0,0.241,16.172144992844622
marker,0,0.242,16.618406251266297
marker,0,0.243,17.05360023149539
marker,0,0.244,17.47666859974286
marker,0,0.245,17.8859601992
marker,0,0.246,18.28226608922078
marker,0,0.247,18.666446761930114
marker,0,0.248,19.03836352252482
marker,0,0.249,19.400894258183378
marker,0,0.25,19.756881833471926
marker,0,0.251,20.108903556833305
marker,0,0.252,20.461684277468006
marker,0,0.253,20.817476450945346
marker,0,0.254,21.178655214867668
marker,0,0.255,21.54941580075077
marker,0,0.256,21.929509990185405
marker,0,0.257,22.320078743656467
marker,0,0.258,22.720997451189625
marker,0,0.259,23.126930330933124
marker,0,0.26,23.53830451804757
marker,0,0.261,23.949333055998984
marker,0,0.262,24.35682938370505
marker,0,0.263,24.75557652597587
marker,0,0.264,25.14161490766549
marker,0,0.265,25.51335955183462
marker,0,0.266,25.867112384282393
marker,0,0.267,26.201689413994046
marker,0,0.268,26.51829403664231
marker,0,0.269,26.818197721213277
marker,0,0.27,27.102656550843648
marker,0,0.271,27.375623056240336
marker,0,0.272,27.640544365018382
marker,0,0.273,27.89960276331093
marker,0,0.274,28.158407823428565
marker,0,0.275,28.417740679914456
marker,0,0.276,28.681338072087694
marker,0,0.277,28.949581338994708
marker,0,0.278,29.222544775005254
marker,0,0.279,29.501368545246393
marker,0,0.28,29.78350044867515
marker,0,0.281,30.06838458595524
marker,0,0.28200000000000003,30.353245565689548
marker,0,0.28300000000000003,30.635537661065303
marker,0,0.28400000000000003,30.91322967244728
marker,0,0.28500000000000003,31.182266642273625
marker,0,0.28600000000000003,31.439181210509087
marker,0,0.28700000000000003,31.68314716440588
marker,0,0.28800000000000003,31.911262163081762
marker,0,0.289,32.1212548868972
marker,0,0.29,32.310604530505785
marker,0,0.291,32.47643341206867
marker,0,0.292,32.61846425868205
marker,0,0.293,32.74173377957383
marker,0,0.294,32.851523450663734
marker,0,0.295,32.955996095555406
marker,0,0.296,33.05959170888846
marker,0,0.297,33.163508148214305
marker,0,0.298,33.26916144275849
marker,0,0.299,33.374719764285764
marker,0,0.3,33.481198619203745
marker,0,0.301,33.58760071772801
marker,0,0.302,33.69265228450716
marker,0,0.303,33.79631249611247
marker,0,0.304,33.89780643541075
marker,0,0.305,33.99627736718196
marker,0,0.306,34.090495106320745
marker,0,0.307,34.1803406428394
marker,0,0.308,34.26533058160773
marker,0,0.309,34.34480576997155
marker,0,0.31,34.41936848665701
marker,0,0.311,34.48903561775994
marker,0,0.312,34.55345196139085
marker,0,0.313,34.61216743160774
marker,0,0.314,34.66498553128521
marker,0,0.315,34.71097415091918
marker,0,0.316,34.749361349477375
marker,0,0.317,34.77966082373337
marker,0,0.318,34.802221999118736
marker,0,0.319,34.81695428911655
marker,0,0.32,34.82373550219816
marker,0,0.321,34.822812850209
marker,0,0.322,34.815668262895656
marker,0,0.323,34.80356500215486
marker,0,0.324,34.7869499288672
marker,0,0.325,34.766067199892774
marker,0,0.326,34.74120047507097
marker,0,0.327,34.712611200198324
marker,0,0.328,34.68064515817719
marker,0,0.329,34.64537100341307
marker,0,0.33,34.60678678539851
marker,0,0.331,34.5648417537091
marker,0,0.332,34.519567154892705
marker,0,0.333,34.47086979752366
marker,0,0.334,34.41889069184076
marker,0,0.335,34.36391185748554
marker,0,0.336,34.30600093829386
marker,0,0.337,34.24509845142072
marker,0,0.338,34.1814005140453
marker,0,0.339,34.11534328071848
marker,0,0.34,34.04744089423969
marker,0,0.341,33.97815889206395
marker,0,0.342,33.907816305717844
marker,0,0.343,33.836673661277274
marker,0,0.34400000000000003,33.764705127931514
marker,0,0.34500000000000003,33.69165532485204
marker,0,0.34600000000000003,33.61714926652451
marker,0,0.34700000000000003,33.54094798356127
marker,0,0.34800000000000003,33.46285619802292
marker,0,0.34900000000000003,33.382945133120444
marker,0,0.35000000000000003,33.30164715590917
marker,0,0.35100000000000003,33.21947835909605
marker,0,0.352,33.13703135194277
marker,0,0.353,33.054684262976195
marker,0,0.354,32.97265851569608
marker,0,0.355,32.89120613976515
marker,0,0.356,32.81068196137559
marker,0,0.357,32.73141808285921
marker,0,0.358,32.65366215399537
marker,0,0.359,32.57752385887894
marker,0,0.36,32.50283509842019
marker,0,0.361,32.42939426975296
marker,0,0.362,32.35719589956453
marker,0,0.363,32.28671128170061
marker,0,0.364,32.218841542751036
marker,0,0.365,32.1542215482077
marker,0,0.366,32.093140458126015
marker,0,0.367,32.035345000227395
marker,0,0.368,31.980442626752396
marker,0,0.369,31.927820650240584
marker,0,0.37,31.87688676463465
marker,0,0.371,31.82704640711724
marker,0,0.372,31.777854539143313
marker,0,0.373,31.72895727131167
marker,0,0.374,31.68018093134132
marker,0,0.375,31.631495235564515
marker,0,0.376,31.582721300152347
marker,0,0.377,31.533557720332755
marker,0,0.378,31.483821016437965
marker,0,0.379,31.43377526124592
marker,0,0.38,31.384185916175547
marker,0,0.381,31.33589766883824
marker,0,0.382,31.28951642396591
marker,0,0.383,31.245311520660607
marker,0,0.384,31.203506188368447
marker,0,0.385,31.164230482890684
marker,0,0.386,31.127588376769182
marker,0,0.387,31.09369994157108
marker,0,0.388,31.062568043538565
marker,0,0.389,31.034161706889364
marker,0,0.39,31.00854019739434
marker,0,0.391,30.985736868968445
marker,0,0.392,30.965743612155975
marker,0,0.393,30.94848834572573
marker,0,0.394,30.933906280011275
marker,0,0.395,30.921905972961632
marker,0,0.396,30.91237082120103
marker,0,0.397,30.905124491481676
marker,0,0.398,30.89997859025069
marker,0,0.399,30.896782211370343
marker,0,0.4,30.895418350077463
marker,0,0.401,30.895844684214033
marker,0,0.402,30.898087830806766
marker,0,0.403,30.90219474782028
marker,0,0.404,30.90824154123247
marker,0,0.405,30.91630090595648
marker,0,0.406,30.926424571736774
marker,0,0.40700000000000003,30.93859629692001
marker,0,0.40800000000000003,30.952764777007868
marker,0,0.40900000000000003,30.968896845808487
marker,0,0.41000000000000003,30.986993687885928
marker,0,0.41100000000000003,31.007082626352872
marker,0,0.41200000000000003,31.02917839616146
marker,0,0.41300000000000003,31.053286250309704
marker,0,0.41400000000000003,31.07939640554905
marker,0,0.41500000000000004,31.107470325079674
marker,0,0.41600000000000004,31.137462646682277
marker,0,0.417,31.169335323130685
marker,0,0.418,31.203070963028154
marker,0,0.419,31.238695867192696
marker,0,0.42,31.276292065102048
marker,0,0.421,31.316020317189633
marker,0,0.422,31.35807953048423
marker,0,0.423,31.402646369916077
marker,0,0.424,31.449888786338086
marker,0,0.425,31.499911024246614
marker,0,0.426,31.552729173611336
marker,0,0.427,31.608337487168647
marker,0,0.428,31.666702406514872
marker,0,0.429,31.72772178997506
marker,0,0.43,31.79120053168431
marker,0,0.431,31.856902252159866
marker,0,0.432,31.92460419848492
marker,0,0.433,31.994058091931823
marker,0,0.434,32.064955896512906
marker,0,0.435,32.13695740899196
marker,0,0.436,32.20989648987117
marker,0,0.437,32.28375656440785
marker,0,0.438,32.35868789630864
marker,0,0.439,32.43503457304632
marker,0,0.44,32.51335663947715
marker,0,0.441,32.594171612298304
marker,0,0.442,32.67794886825034
marker,0,0.443,32.76506512806189
marker,0,0.444,32.855653090422706
marker,0,0.445,32.94959882771385
marker,0,0.446,33.04659675368663
marker,0,0.447,33.14619130050637
marker,0,0.448,33.247903594170594
marker,0,0.449,33.351330581114304
marker,0,0.45,33.4561467138936
marker,0,0.451,33.56208748154912
marker,0,0.452,33.66892727458314
marker,0,0.453,33.77634886140584
marker,0,0.454,33.88399196520159
marker,0,0.455,33.99161687221998
marker,0,0.456,34.098991321253
marker,0,0.457,34.20606510300726
marker,0,0.458,34.31298742815172
marker,0,0.459,34.42017764447664
marker,0,0.46,34.52845874703182
marker,0,0.461,34.63860830851605
marker,0,0.462,34.7510579170785
marker,0,0.463,34.866204440087
marker,0,0.464,34.984511306288965
marker,0,0.465,35.10631389779413
marker,0,0.466,35.23162615695011
marker,0,0.467,35.35983850817042
marker,0,0.468,35.48999242997804
marker,0,0.46900000000000003,35.62110194142007
marker,0,0.47000000000000003,35.75273392757763
marker,0,0.47100000000000003,35.8851101204278
marker,0,0.47200000000000003,36.01870428906594
marker,0,0.47300000000000003,36.15373534531431
marker,0,0.47400000000000003,36.29018200872833
marker,0,0.47500000000000003,36.428109073854564
marker,0,0.47600000000000003,36.567644535719666
marker,0,0.47700000000000004,36.70881818057847
marker,0,0.47800000000000004,36.851524421026625
marker,0,0.47900000000000004,36.99550550407993
marker,0,0.48,37.14073218224608
marker,0,0.481,37.2874180846914
marker,0,0.482,37.43532419061569
marker,0,0.483,37.58400823238868
marker,0,0.484,37.73238263480206
marker,0,0.485,37.87880763588002
marker,0,0.486,38.02261137144307
marker,0,0.487,38.1640772783159
marker,0,0.488,38.303551582208144
marker,0,0.489,38.4416505302572
marker,0,0.49,38.57903820854412
marker,0,0.491,38.71607338413234
marker,0,0.492,38.85297840503367
marker,0,0.493,38.98985462793459
marker,0,0.494,39.12672597024858
marker,0,0.495,39.26375595932664
marker,0,0.496,39.40121388276446
marker,0,0.497,39.539166823967804
marker,0,0.498,39.67792396026181
marker,0,0.499,39.81860184664776
marker,0,0.5,39.96215458172525
marker,0,0.501,40.10839997051903
marker,0,0.502,40.256707069663
marker,0,0.503,40.406854113818426
marker,0,0.504,40.55848275980952
marker,0,0.505,40.71092733271786
marker,0,0.506,40.86319843972798
marker,0,0.507,41.01414611667609
marker,0,0.508,41.162173629590924
marker,0,0.509,41.305815761606254
marker,0,0.51,41.443885938701555
marker,0,0.511,41.575821825523356
marker,0,0.512,41.701505706074464
marker,0,0.513,41.82094776214025
marker,0,0.514,41.93454975304623
marker,0,0.515,42.04291440142653
marker,0,0.516,42.146452432049315
marker,0,0.517,42.245376937722995
marker,0,0.518,42.3402405404248
marker,0,0.519,42.43207634434955
marker,0,0.52,42.52194510952255
marker,0,0.521,42.611780406582895
marker,0,0.522,42.70329026407552
marker,0,0.523,42.79704530355165
marker,0,0.524,42.89233353352419
marker,0,0.525,42.986795585186975
marker,0,0.526,43.077295055482395
marker,0,0.527,43.16062857429937
marker,0,0.528,43.233575481764454
marker,0,0.529,43.29344712998974
marker,0,0.53,43.33835051782828
marker,0,0.531,43.36717482535739
marker,0,0.532,43.379818485547155
marker,0,0.533,43.376866657409195
marker,0,0.534,43.35951187856972
marker,0,0.535,43.3291992132444
marker,0,0.536,43.28761965361083
marker,0,0.537,43.23661363937742
marker,0,0.538,43.17690998299956
marker,0,0.539,43.10851232996945
marker,0,0.54,43.030965679266274
marker,0,0.541,42.94397348365715
marker,0,0.542,42.8464887909227
marker,0,0.543,42.736817215345575
marker,0,0.544,42.612734774546084
marker,0,0.545,42.47191845690068
marker,0,0.546,42.31054437523874
marker,0,0.547,42.125033752995144
marker,0,0.548,41.91204069526139
marker,0,0.549,41.67103247568791
marker,0,0.55,41.40238673414354
marker,0,0.551,41.10775657979895
marker,0,0.552,40.78935600991164
marker,0,0.553,40.44996864084292
marker,0,0.554,40.09238732622267
marker,0,0.555,39.719106156930394
marker,0,0.556,39.33211054199717
marker,0,0.557,38.934291702113576
marker,0,0.558,38.524611487452226
marker,0,0.559,38.103695513493044
marker,0,0.56,37.66966859786703
marker,0,0.561,37.22121353376899
marker,0,0.562,36.7565907612207
marker,0,0.5630000000000001,36.274344055408314
marker,0,0.5640000000000001,35.772539455744926
marker,0,0.5650000000000001,35.2493552246116
marker,0,0.5660000000000001,34.69698854614239
marker,0,0.5670000000000001,34.1119326844028
marker,0,0.5680000000000001,33.48680860741831
marker,0,0.5690000000000001,32.810654955054225
marker,0,0.5700000000000001,32.080678730551874
marker,0,0.5710000000000001,31.298740235159748
marker,0,0.5720000000000001,30.47823763876176
marker,0,0.5730000000000001,29.62652850257363
marker,0,0.5740000000000001,28.755333136077507
marker,0,0.5750000000000001,27.87107703794431
marker,0,0.5760000000000001,26.975389667851445
marker,0,0.577,26.081250717506585
marker,0,0.578,25.192206627078736
marker,0,0.579,24.313609677741848
marker,0,0.58,23.452460169913593
marker,0,0.581,22.60650537055493
marker,0,0.582,21.781938035857024
marker,0,0.583,20.96839246092621
marker,0,0.584,20.161706616401595
marker,0,0.585,19.355798385355897
marker,0,0.586,18.551329868172107
marker,0,0.587,17.746961695567453
marker,0,0.588,16.947094115458363
marker,0,0.589,16.14897952218032
marker,0,0.59,15.360527326093187
marker,0,0.591,14.576678921984062
marker,0,0.592,13.80212213669143
marker,0,0.593,13.037449532768596
marker,0,0.594,12.28336093506138
marker,0,0.595,11.547404955089943
marker,0,0.596,10.834027367267142
marker,0,0.597,10.14792187176525
marker,0,0.598,9.494946745073397
marker,0,0.599,8.87746543920217
marker,0,0.6,8.297125194406082
marker,0,0.601,7.757419106686118
marker,0,0.602,7.261433688207004
marker,0,0.603,6.811165511649089
marker,0,0.604,6.407461662754769
marker,0,0.605,6.050945291361007
marker,0,0.606,5.743104907872129
marker,0,0.607,5.484627953854662
marker,0,0.608,5.275742410788847
marker,0,0.609,5.112352605843375
marker,0,0.61,4.986987198610061
marker,0,0.611,4.89266719513668
marker,0,0.612,4.823840187758041
marker,0,0.613,4.7757486464551695
marker,0,0.614,4.744693161893306
marker,0,0.615,4.72735094018366
marker,0,0.616,4.72080368896916
marker,0,0.617,4.722597911748336
marker,0,0.618,4.7306650493766575
marker,0,0.619,4.743363194990619
marker,0,0.62,4.759445193826315
marker,0,0.621,4.7778669284074
marker,0,0.622,4.797888497277659
marker,0,0.623,4.81897456388267
marker,0,0.624,4.840813675269594
marker,0,0.625,4.8631585697835655
marker,0,0.626,4.885867295827511
marker,0,0.627,4.908858661424781
marker,0,0.628,4.932073536875938
marker,0,0.629,4.955558569653323
marker,0,0.63,4.979331153520953
marker,0,0.631,5.00346616181763
marker,0,0.632,5.02808943725249
marker,0,0.633,5.053337030141477
marker,0,0.634,5.079409989062201
marker,0,0.635,5.106436215171051
marker,0,0.636,5.134538750824024
marker,0,0.637,5.163906918307593
marker,0,0.638,5.194708487704814
marker,0,0.639,5.227099300861789
marker,0,0.64,5.261194274722654
marker,0,0.641,5.297153626335436
marker,0,0.642,5.33514985013855
marker,0,0.643,5.375243848797507
marker,0,0.644,5.417345211483531
marker,0,0.645,5.461279523307638
marker,0,0.646,5.506685610825156
marker,0,0.647,5.553076564367871
marker,0,0.648,5.600041128841492
marker,0,0.649,5.647128787501789
marker,0,0.65,5.693770420317413
marker,0,0.651,5.7393821052020835
marker,0,0.652,5.78346255999646
marker,0,0.653,5.825591373915069
marker,0,0.654,5.865320984424787
marker,0,0.655,5.902296401186513
marker,0,0.656,5.93621837717387
marker,0,0.657,5.966862774740868
marker,0,0.658,5.9938082437954785
marker,0,0.659,6.016843322574087
marker,0,0.66,6.0358132467320615
marker,0,0.661,6.050613560999268
marker,0,0.662,6.061267763569363
marker,0,0.663,6.067674639218593
marker,0,0.664,6.069888569788904
marker,0,0.665,6.0679993947531825
marker,0,0.666,6.0618715886337355
marker,0,0.667,6.051908911772497
marker,0,0.668,6.038867190749244
marker,0,0.669,6.023775203847654
marker,0,0.67,6.007898269227946
marker,0,0.671,5.992691392840613
marker,0,0.672,5.980122620015923
marker,0,0.673,5.972621509832303
marker,0,0.674,5.973076504910617
marker,0,0.675,5.985059004902586
marker,0,0.676,6.0127673597786435
marker,0,0.677,6.060993775115044
marker,0,0.678,6.135459826764325
marker,0,0.679,6.243087541143997
marker,0,0.68,6.390682936339199
marker,0,0.681,6.582029667088816
marker,0,0.682,6.8166772875300445
marker,0,0.683,7.090205193081536
marker,0,0.684,7.395764834307457
marker,0,0.685,7.727507345377915
marker,0,0.686,8.07986624621693
marker,0,0.687,8.451365208615938
marker,0,0.6880000000000001,8.838849347156096
marker,0,0.6890000000000001,9.24342539756277
marker,0,0.6900000000000001,9.66417881959472
marker,0,0.6910000000000001,10.105222169366275
marker,0,0.6920000000000001,10.572224928819457
marker,0,0.6930000000000001,11.06713549354316
marker,0,0.6940000000000001,11.59549281968253
marker,0,0.6950000000000001,12.170025195223415
marker,0,0.6960000000000001,12.795973238833216
marker,0,0.6970000000000001,13.482720494226628
marker,0,0.6980000000000001,14.232955781778953
marker,0,0.6990000000000001,15.056463457239833
marker,0,0.7000000000000001,15.952373163978825
marker,0,0.7010000000000001,16.913192956460506
marker,0,0.7020000000000001,17.931199176224933
marker,0,0.7030000000000001,18.99589488196149
marker,0,0.704,20.099678012462437
marker,0,0.705,21.242143395271523
marker,0,0.706,22.427909893385838
marker,0,0.707,23.64823069892958
marker,0,0.708,24.907203143691316
marker,0,0.709,26.200583428224693
marker,0,0.71,27.525357034956617
marker,0,0.711,28.880463539377637
marker,0,0.712,30.25935141505721
marker,0,0.713,31.660314394222144
marker,0,0.714,33.07624360506518
marker,0,0.715,34.499157789510726
marker,0,0.716,35.92624363119613
marker,0,0.717,37.3441382903629
marker,0,0.718,38.74754881160145
marker,0,0.719,40.12831667162436
marker,0,0.72,41.475091471951
marker,0,0.721,42.783567063716994
marker,0,0.722,44.045991371297724
marker,0,0.723,45.25103540622061
marker,0,0.724,46.39380527625627
marker,0,0.725,47.467094861886814
marker,0,0.726,48.466230827260254
marker,0,0.727,49.38418527166739
marker,0,0.728,50.21632054395934
marker,0,0.729,50.95907996566475
marker,0,0.73,51.61306664991101
marker,0,0.731,52.18132988827773
marker,0,0.732,52.67311468755437
marker,0,0.733,53.08579630193567
marker,0,0.734,53.42539042849686
marker,0,0.735,53.69960560187182
marker,0,0.736,53.913497213830965
marker,0,0.737,54.07709988958369
marker,0,0.738,54.20379178782869
marker,0,0.739,54.299462706860474
marker,0,0.74,54.372820157350574
marker,0,0.741,54.42870308175304
marker,0,0.742,54.4711924565154
marker,0,0.743,54.50319328105685
marker,0,0.744,54.52664402179336
marker,0,0.745,54.5427721545279
marker,0,0.746,54.552772088208705
marker,0,0.747,54.556982760256865
marker,0,0.748,54.55625144757783
marker,0,0.749,54.551434408748015
marker,0,0.75,54.543405662142206
marker,0,0.751,54.53307345127266
marker,0,0.752,54.521155205971965
marker,0,0.753,54.508580972421655
marker,0,0.754,54.49610408363863
marker,0,0.755,54.48430975115672
marker,0,0.756,54.47390132304098
marker,0,0.757,54.46535034851302
marker,0,0.758,54.45908871487001
marker,0,0.759,54.4554985133938
marker,0,0.76,54.4550815218302
marker,0,0.761,54.4582624094186
marker,0,0.762,54.46534245622968
marker,0,0.763,54.476565883077214
marker,0,0.764,54.49213012461709
marker,0,0.765,54.51231937789076
marker,0,0.766,54.5372280001995
marker,0,0.767,54.56694443306822
marker,0,0.768,54.601680751708464
marker,0,0.769,54.64182143056171
marker,0,0.77,54.68794618024139
marker,0,0.771,54.740686944852506
marker,0,0.772,54.800436874111234
marker,0,0.773,54.86731695682762
marker,0,0.774,54.94082395431483
marker,0,0.775,55.02048391971883
marker,0,0.776,55.10566423859698
marker,0,0.777,55.19572855428008
marker,0,0.778,55.29019311396662
marker,0,0.779,55.388579443202666
marker,0,0.78,55.490101007813955
marker,0,0.781,55.59416578313445
marker,0,0.782,55.70028170004399
marker,0,0.783,55.80809800936182
marker,0,0.784,55.91697047208947
marker,0,0.785,56.026258845141164
marker,0,0.786,56.134768133734056
marker,0,0.787,56.24191946628768
marker,0,0.788,56.34715535414938
marker,0,0.789,56.44944711558316
marker,0,0.79,56.54868575709897
marker,0,0.791,56.64412543899397
marker,0,0.792,56.735291007625506
marker,0,0.793,56.82211987362983
marker,0,0.794,56.903675185841216
marker,0,0.795,56.97879244870154
marker,0,0.796,57.04594104458358
marker,0,0.797,57.10381292470349
marker,0,0.798,57.151099251173726
marker,0,0.799,57.18562906249043
marker,0,0.8,57.20580812248088
marker,0,0.801,57.21078670172218
marker,0,0.802,57.199807083644494
marker,0,0.803,57.17240534871046
marker,0,0.804,57.12831119484705
marker,0,0.805,57.066290951353054
marker,0,0.806,56.98651167936875
marker,0,0.807,56.887499354725456
marker,0,0.808,56.76962246938875
marker,0,0.809,56.632745058848464
marker,0,0.81,56.47735895609295
marker,0,0.811,56.30273330878901
marker,0,0.812,56.11073807184773
marker,0,0.8130000000000001,55.89999376922115
marker,0,0.8140000000000001,55.6713896373153
marker,0,0.8150000000000001,55.42611076992102
marker,0,0.8160000000000001,55.1626657525923
marker,0,0.8170000000000001,54.88240393485392
marker,0,0.8180000000000001,54.58621263531619
marker,0,0.8190000000000001,54.27486272525779
marker,0,0.8200000000000001,53.950334483054576
marker,0,0.8210000000000001,53.611253383421904
marker,0,0.8220000000000001,53.260399136828234
marker,0,0.8230000000000001,52.89637784273093
marker,0,0.8240000000000001,52.521229224603175
marker,0,0.8250000000000001,52.1341716997467
marker,0,0.8260000000000001,51.73566982398193
marker,0,0.8270000000000001,51.325220182835395
marker,0,0.8280000000000001,50.90419838280503
marker,0,0.8290000000000001,50.4728457171861
marker,0,0.8300000000000001,50.02976880655152
marker,0,0.8310000000000001,49.57661305068469
marker,0,0.8320000000000001,49.11512530737331
marker,0,0.833,48.646739691970616
marker,0,0.834,48.170338188486774
marker,0,0.835,47.68684948085233
marker,0,0.836,47.19843301126346
marker,0,0.837,46.70559991008058
marker,0,0.838,46.20770108261672
marker,0,0.839,45.705361372651225
marker,0,0.84,45.19971470428209
marker,0,0.841,44.690246362481595
marker,0,0.842,44.178048680392834
marker,0,0.843,43.66357624688181
marker,0,0.844,43.14913129611632
marker,0,0.845,42.632778482076574
marker,0,0.846,42.11756647192938
marker,0,0.847,41.602494649924175
marker,0,0.848,41.09083449123383
marker,0,0.849,40.58224394203513
marker,0,0.85,40.07774349944807
marker,0,0.851,39.57795702095709
marker,0,0.852,39.08560221383944
marker,0,0.853,38.60020282926478
marker,0,0.854,38.122502577457695
marker,0,0.855,37.65431399455622
marker,0,0.856,37.19687690751474
marker,0,0.857,36.75025835186548
marker,0,0.858,36.31520688574507
marker,0,0.859,35.893220852083296
marker,0,0.86,35.48466676842102
marker,0,0.861,35.090255874437325
marker,0,0.862,34.711995955280514
marker,0,0.863,34.35216325238175
marker,0,0.864,34.01174766029264
marker,0,0.865,33.692774051269005
marker,0,0.866,33.39328085488483
marker,0,0.867,33.110312263214674
marker,0,0.868,32.843233932361194
marker,0,0.869,32.59194560999415
marker,0,0.87,32.358257250017374
marker,0,0.871,32.14035665848305
marker,0,0.872,31.93672179100978
marker,0,0.873,31.74463971676027
marker,0,0.874,31.562290922048582
marker,0,0.875,31.38581148290824
marker,0,0.876,31.214385191639213
marker,0,0.877,31.044869543630053
marker,0,0.878,30.875468030202278
marker,0,0.879,30.7032894534319
marker,0,0.88,30.528598102349314
marker,0,0.881,30.351438042004492
marker,0,0.882,30.173080160273383
marker,0,0.883,29.995945857596865
marker,0,0.884,29.822742951767246
marker,0,0.885,29.656530025097325
marker,0,0.886,29.500217091695724
marker,0,0.887,29.356766948763767
marker,0,0.888,29.228476369303433
marker,0,0.889,29.117327588425017
marker,0,0.89,29.025246661758253
marker,0,0.891,28.953876868396737
marker,0,0.892,28.90282573250538
marker,0,0.893,28.86956914470645
marker,0,0.894,28.849941485616245
marker,0,0.895,28.841358507573077
marker,0,0.896,28.841645627239938
marker,0,0.897,28.849009530289756
marker,0,0.898,28.86206118150972
marker,0,0.899,28.87936237678261
marker,0,0.9,28.899847618713064
marker,0,0.901,28.92258264369907
marker,0,0.902,28.946461005682885
marker,0,0.903,28.970792232275627
marker,0,0.904,28.995173382234974
marker,0,0.905,29.019081796852813
marker,0,0.906,29.042064985424844
marker,0,0.907,29.06363938951378
marker,0,0.908,29.083495986120806
marker,0,0.909,29.10134905424027
marker,0,0.91,29.11709555497419
marker,0,0.911,29.130614430705727
marker,0,0.912,29.142022172443372
marker,0,0.913,29.1513130464952
marker,0,0.914,29.15884730044533
marker,0,0.915,29.164828161676468
marker,0,0.916,29.16956583790003
marker,0,0.917,29.17325579048717
marker,0,0.918,29.176026252133884
marker,0,0.919,29.17792983573457
marker,0,0.92,29.179085797242642
marker,0,0.921,29.179391793016407
marker,0,0.922,29.17885783362905
marker,0,0.923,29.177365135965935
marker,0,0.924,29.175025779010326
marker,0,0.925,29.171959436886482
marker,0,0.926,29.16792872762112
marker,0,0.927,29.16272977721473
marker,0,0.928,29.15639031252085
marker,0,0.929,29.149031837573773
marker,0,0.93,29.140395589582646
marker,0,0.931,29.130678151771573
marker,0,0.932,29.119771867797233
marker,0,0.933,29.107877914152166
marker,0,0.934,29.094972043299595
marker,0,0.935,29.08140428339242
marker,0,0.936,29.067180797356514
marker,0,0.937,29.05257171593856
marker,0,0.9380000000000001,29.037379256076942
marker,0,0.9390000000000001,29.022183867021166
marker,0,0.9400000000000001,29.006866009892427
marker,0,0.9410000000000001,28.991644485166752
marker,0,0.9420000000000001,28.976628002315625
marker,0,0.9430000000000001,28.961821812727646
marker,0,0.9440000000000001,28.947706019783855
marker,0,0.9450000000000001,28.93417251690239
marker,0,0.9460000000000001,28.92118721996416
marker,0,0.9470000000000001,28.9085753187604
marker,0,0.9480000000000001,28.89632465784193
marker,0,0.9490000000000001,28.88423818283289
marker,0,0.9500000000000001,28.871856350729416
marker,0,0.9510000000000001,28.85930563954011
marker,0,0.9520000000000001,28.846013991748663
marker,0,0.9530000000000001,28.831810331427366
marker,0,0.9540000000000001,28.816635533709533
marker,0,0.9550000000000001,28.80072553209335
marker,0,0.9560000000000001,28.78340686259707
marker,0,0.9570000000000001,28.76533652175465
marker,0,0.9580000000000001,28.74618388062112
marker,0,0.9590000000000001,28.726077435807177
marker,0,0.96,28.705047864791858
marker,0,0.961,28.68392602662106
marker,0,0.962,28.663345305711964
marker,0,0.963,28.64532778175696
marker,0,0.964,28.630157400417293
marker,0,0.965,28.617930366284476
marker,0,0.966,28.608163709642604
marker,0,0.967,28.599625578611256
marker,0,0.968,28.592369212564932
marker,0,0.969,28.58672753449676
marker,0,0.97,28.58247465393898
marker,0,0.971,28.579620614422552
marker,0,0.972,28.577863712419752
marker,0,0.973,28.5769209645853
marker,0,0.974,28.576519210166396
marker,0,0.975,28.57675111470859
marker,0,0.976,28.577457502488194
marker,0,0.977,28.57832041719861
marker,0,0.978,28.57944489959396
marker,0,0.979,28.580497004217538
marker,0,0.98,28.581820225092734
marker,0,0.981,28.583082749241907
marker,0,0.982,28.584799434785747
marker,0,0.983,28.58743983529632
marker,0,0.984,28.59179688006927
marker,0,0.985,28.60149654504999
marker,0,0.986,28.622210824469185
marker,0,0.987,28.65895218727692
marker,0,0.988,28.712785656782387
marker,0,0.989,28.78339519999194
marker,0,0.99,28.866118688193925
marker,0,0.991,28.954253131574838
marker,0,0.992,29.039966940754017
marker,0,0.993,29.11636181593722
marker,0,0.994,29.17918260389499
marker,0,0.995,29.226388998006772
marker,0,0.996,29.259282536708184
marker,0,0.997,29.2802924901727
marker,0,0.998,29.29236516386636
marker,0,0.999,29.299713335204558
marker,0,1.0,29.307584191439343
marker,-20.5,0.0,5.8487542008004185
marker,-20.5,0.001,5.793670342777142
marker,-20.5,0.002,5.77429602195398
marker,-20.5,0.003,5.774905961786657
marker,-20.5,0.004,5.7814663346774235
marker,-20.5,0.005,5.783344113866574
marker,-20.5,0.006,5.774462673315873
marker,-20.5,0.007,5.7520544336279
marker,-20.5,0.008,5.7160266832503535
marker,-20.5,0.009000000000000001,5.670800253531174
marker,-20.5,0.01,5.621091200305071
marker,-20.5,0.011,5.566296868605667
marker,-20.5,0.012,5.502544321965744
marker,-20.5,0.013000000000000001,5.430363630094914
marker,-20.5,0.014,5.354785428721195
marker,-20.5,0.015,5.281523660665706
marker,-20.5,0.016,5.213782157977538
marker,-20.5,0.017,5.15982165891658
marker,-20.5,0.018000000000000002,5.117064913650988
marker,-20.5,0.019,5.07869974708778
marker,-20.5,0.02,5.041990221212347
marker,-20.5,0.021,5.008470872440706
marker,-20.5,0.022,4.979651806184475
marker,-20.5,0.023,4.953153574193906
marker,-20.5,0.024,4.930299398409517
marker,-20.5,0.025,4.910365592898106
marker,-20.5,0.026000000000000002,4.893891195150416
marker,-20.5,0.027,4.879667077748606
marker,-20.5,0.028,4.8671793673678625
marker,-20.5,0.029,4.85927313275584
marker,-20.5,0.03,4.858636377533384
marker,-20.5,0.031,4.865853858360303
marker,-20.5,0.032,4.880176308084739
marker,-20.5,0.033,4.90241944670145
marker,-20.5,0.034,4.933932569312566
marker,-20.5,0.035,4.972278217536377
marker,-20.5,0.036000000000000004,5.016519115650266
marker,-20.5,0.037,5.067119894577399
marker,-20.5,0.038,5.124111011147548
marker,-20.5,0.039,5.183655988338735
marker,-20.5,0.04,5.238691813573405
marker,-20.5,0.041,5.288755167813927
marker,-20.5,0.042,5.332943615039418
marker,-20.5,0.043000000000000003,5.369304351527675
marker,-20.5,0.044,5.398802666744537
marker,-20.5,0.045,5.422466507436167
marker,-20.5,0.046,5.441153145838557
marker,-20.5,0.047,5.452988997541752
marker,-20.5,0.048,5.457057895675342
marker,-20.5,0.049,5.4538672270106865
marker,-20.5,0.05,5.442432607455718
marker,-20.5,0.051000000000000004,5.422749871506812
marker,-20.5,0.052000000000000005,5.397590539696635
marker,-20.5,0.053,5.3670778196951865
marker,-20.5,0.054,5.332200560355929
marker,-20.5,0.055,5.297529240559497
marker,-20.5,0.056,5.265033662176288
marker,-20.5,0.057,5.231916499594087
marker,-20.5,0.058,5.199795672669926
marker,-20.5,0.059000000000000004,5.168666124919615
marker,-20.5,0.06,5.138329939438163
marker,-20.5,0.061,5.110967339323371
marker,-20.5,0.062,5.08828011001288
marker,-20.5,0.063,5.0721032524524885
marker,-20.5,0.064,5.060429603968352
marker,-20.5,0.065,5.052724560561415
marker,-20.5,0.066,5.050923926427862
marker,-20.5,0.067,5.056474940839873
marker,-20.5,0.068,5.0690542763478055
marker,-20.5,0.069,5.088199102462007
marker,-20.5,0.07,5.113549786704365
marker,-20.5,0.07100000000000001,5.144510673669927
marker,-20.5,0.07200000000000001,5.178147838642894
marker,-20.5,0.073,5.209714034565411
marker,-20.5,0.074,5.237577273536427
marker,-20.5,0.075,5.258377091348018
marker,-20.5,0.076,5.266913630080189
marker,-20.5,0.077,5.261706419458772
marker,-20.5,0.078,5.244956532838057
marker,-20.5,0.079,5.216467741380507
marker,-20.5,0.08,5.1745088736813845
marker,-20.5,0.081,5.116731336825207
marker,-20.5,0.082,5.045043694762293
marker,-20.5,0.083,4.961304942732851
marker,-20.5,0.084,4.864352109826173
marker,-20.5,0.085,4.756039539078303
marker,-20.5,0.08600000000000001,4.638621955229573
marker,-20.5,0.08700000000000001,4.510408348783189
marker,-20.5,0.088,4.371294732499151
marker,-20.5,0.089,4.222413314351517
marker,-20.5,0.09,4.0664212506416115
marker,-20.5,0.091,3.9034778417751212
marker,-20.5,0.092,3.737106451818234
marker,-20.5,0.093,3.57016069363569
marker,-20.5,0.094,3.408876506773351
marker,-20.5,0.095,3.2576837195728627
marker,-20.5,0.096,3.1188393532053587
marker,-20.5,0.097,2.9994809116294867
marker,-20.5,0.098,2.9064326839234194
marker,-20.5,0.099,2.8379201781779675
marker,-20.5,0.1,2.7891467685847
marker,-20.5,0.101,2.7565898452095556
marker,-20.5,0.10200000000000001,2.7346976015856233
marker,-20.5,0.10300000000000001,2.7185977531335963
marker,-20.5,0.10400000000000001,2.703307696540533
marker,-20.5,0.105,2.686574199861377
marker,-20.5,0.106,2.6668567584880996
marker,-20.5,0.107,2.6428463042833257
marker,-20.5,0.108,2.6168260535705943
marker,-20.5,0.109,2.5912538743112643
marker,-20.5,0.11,2.5725090246673323
marker,-20.5,0.111,2.564299609467936
marker,-20.5,0.112,2.5726278096667015
marker,-20.5,0.113,2.6049082060121407
marker,-20.5,0.114,2.662465820695292
marker,-20.5,0.115,2.7466915662641953
marker,-20.5,0.116,2.8574549197922976
marker,-20.5,0.117,2.997024877900015
marker,-20.5,0.11800000000000001,3.165377514544452
marker,-20.5,0.11900000000000001,3.3589332901414983
marker,-20.5,0.12,3.550946653750942
marker,-20.5,0.121,3.711192810771861
marker,-20.5,0.122,3.837610365992995
marker,-20.5,0.123,3.939579708350403
marker,-20.5,0.124,4.026500292998222
marker,-20.5,0.125,4.101787880476599
marker,-20.5,0.126,4.165680832913102
marker,-20.5,0.127,4.2278161812871256
marker,-20.5,0.128,4.286652300475324
marker,-20.5,0.129,4.340213211388109
marker,-20.5,0.13,4.387027262562115
marker,-20.5,0.131,4.429160365540012
marker,-20.5,0.132,4.460835998105698
marker,-20.5,0.133,4.484779469380863
marker,-20.5,0.134,4.500269315790057
marker,-20.5,0.135,4.509466288374692
marker,-20.5,0.136,4.513034049937128
marker,-20.5,0.137,4.513078023949237
marker,-20.5,0.138,4.51502007273491
marker,-20.5,0.139,4.522156756079636
marker,-20.5,0.14,4.535213701148827
marker,-20.5,0.14100000000000001,4.557342197812002
marker,-20.5,0.14200000000000002,4.580876253848281
marker,-20.5,0.14300000000000002,4.608552706895833
marker,-20.5,0.14400000000000002,4.638402227462692
marker,-20.5,0.145,4.668474343888595
marker,-20.5,0.146,4.701834049640904
marker,-20.5,0.147,4.743538139340035
marker,-20.5,0.148,4.798781644475406
marker,-20.5,0.149,4.869809489192801
marker,-20.5,0.15,4.954483638223906
marker,-20.5,0.151,5.056257974312024
marker,-20.5,0.152,5.1810474912530164
marker,-20.5,0.153,5.337433169286129
marker,-20.5,0.154,5.514404073718708
marker,-20.5,0.155,5.690112283083721
marker,-20.5,0.156,5.849819053866871
marker,-20.5,0.157,5.991151115128958
marker,-20.5,0.158,6.1247280876255985
marker,-20.5,0.159,6.256863007368037
marker,-20.5,0.16,6.3836533459073115
marker,-20.5,0.161,6.502209180578971
marker,-20.5,0.162,6.606307520389466
marker,-20.5,0.163,6.694971470541931
marker,-20.5,0.164,6.766469347611549
marker,-20.5,0.165,6.822773976561168
marker,-20.5,0.166,6.857058710371463
marker,-20.5,0.167,6.862467471476688
marker,-20.5,0.168,6.841424312728967
marker,-20.5,0.169,6.792065645755085
marker,-20.5,0.17,6.710126273723052
marker,-20.5,0.171,6.595606558606783
marker,-20.5,0.17200000000000001,6.4543765542077365
marker,-20.5,0.17300000000000001,6.29225753168726
marker,-20.5,0.17400000000000002,6.114776740129483
marker,-20.5,0.17500000000000002,5.920082975475104
marker,-20.5,0.176,5.709691015954045
marker,-20.5,0.177,5.490380150380783
marker,-20.5,0.178,5.269999691558172
marker,-20.5,0.179,5.056697222230466
marker,-20.5,0.18,4.8632654095332475
marker,-20.5,0.181,4.704173928311191
marker,-20.5,0.182,4.580163730498754
marker,-20.5,0.183,4.488512797692213
marker,-20.5,0.184,4.426410816728985
marker,-20.5,0.185,4.391198183337432
marker,-20.5,0.186,4.381310334730917
marker,-20.5,0.187,4.395415899333697
marker,-20.5,0.188,4.43236041961595
marker,-20.5,0.189,4.491277594429153
marker,-20.5,0.19,4.569703569925463
marker,-20.5,0.191,4.663989716996935
marker,-20.5,0.192,4.7716826795729625
marker,-20.5,0.193,4.892104315344591
marker,-20.5,0.194,5.021295146431342
marker,-20.5,0.195,5.148276649631374
marker,-20.5,0.196,5.265053658056822
marker,-20.5,0.197,5.368708401776065
marker,-20.5,0.198,5.455357190811138
marker,-20.5,0.199,5.527150139987915
marker,-20.5,0.2,5.586644722782179
marker,-20.5,0.201,5.63495507046276
marker,-20.5,0.202,5.671478518797438
marker,-20.5,0.203,5.696649533420165
marker,-20.5,0.20400000000000001,5.712615238066925
marker,-20.5,0.20500000000000002,5.722993377312149
marker,-20.5,0.20600000000000002,5.7278780247641015
marker,-20.5,0.20700000000000002,5.724089084744267
marker,-20.5,0.20800000000000002,5.710158764034067
marker,-20.5,0.209,5.687854796616045
marker,-20.5,0.21,5.660542396791125
marker,-20.5,0.211,5.6304009299331925
marker,-20.5,0.212,5.594723304999653
marker,-20.5,0.213,5.555255148230359
marker,-20.5,0.214,5.518456768370941
marker,-20.5,0.215,5.483211043084045
marker,-20.5,0.216,5.443780672139271
marker,-20.5,0.217,5.3876901097600145
marker,-20.5,0.218,5.306401263816837
marker,-20.5,0.219,5.2013431221695186
marker,-20.5,0.22,5.077796853072265
marker,-20.5,0.221,4.922418421928247
marker,-20.5,0.222,4.734244156883729
marker,-20.5,0.223,4.52055253207417
marker,-20.5,0.224,4.286979691856161
marker,-20.5,0.225,4.040357748347118
marker,-20.5,0.226,3.7870774795418614
marker,-20.5,0.227,3.535729542074171
marker,-20.5,0.228,3.3003991972072764
marker,-20.5,0.229,3.087955890107766
marker,-20.5,0.23,2.9023476495583203
marker,-20.5,0.231,2.7467014949481987
marker,-20.5,0.232,2.6227308711039377
marker,-20.5,0.233,2.5342309046474134
marker,-20.5,0.234,2.475870736439054
marker,-20.5,0.23500000000000001,2.4478052167667332
marker,-20.5,0.23600000000000002,2.4497702241155146
marker,-20.5,0.23700000000000002,2.4782642126520726
marker,-20.5,0.23800000000000002,2.534699685455056
marker,-20.5,0.23900000000000002,2.613002796077476
marker,-20.5,0.24,2.711441291746574
marker,-20.5,0.241,2.8200282007812785
marker,-20.5,0.242,2.935330354293815
marker,-20.5,0.243,3.049774227840981
marker,-20.5,0.244,3.1575492505310305
marker,-20.5,0.245,3.2583288280478078
marker,-20.5,0.246,3.350953489229038
marker,-20.5,0.247,3.4307307672957235
marker,-20.5,0.248,3.493458697261972
marker,-20.5,0.249,3.53865079472074
marker,-20.5,0.25,3.568328224893731
marker,-20.5,0.251,3.587875362348024
marker,-20.5,0.252,3.601571275058268
marker,-20.5,0.253,3.611837317639962
marker,-20.5,0.254,3.621947331610607
marker,-20.5,0.255,3.6401750908354265
marker,-20.5,0.256,3.668627703838397
marker,-20.5,0.257,3.709035172806297
marker,-20.5,0.258,3.760879002842268
marker,-20.5,0.259,3.8130389286536026
marker,-20.5,0.26,3.86492301318641
marker,-20.5,0.261,3.909973579437861
marker,-20.5,0.262,3.942417839199681
marker,-20.5,0.263,3.9556584919936717
marker,-20.5,0.264,3.944730269547041
marker,-20.5,0.265,3.9079086559587743
marker,-20.5,0.266,3.842063502096911
marker,-20.5,0.267,3.7462584258673983
marker,-20.5,0.268,3.6276662277124574
marker,-20.5,0.269,3.4927670421509514
marker,-20.5,0.27,3.3428919064113427
marker,-20.5,0.271,3.1875310595738133
marker,-20.5,0.272,3.0341262926271217
marker,-20.5,0.273,2.887379570886657
marker,-20.5,0.274,2.7561067544716518
marker,-20.5,0.275,2.64065564702242
marker,-20.5,0.276,2.543288104682969
marker,-20.5,0.277,2.468442111260133
marker,-20.5,0.278,2.415140772258194
marker,-20.5,0.279,2.3824189722568323
marker,-20.5,0.28,2.3654513336434273
marker,-20.5,0.281,2.3620918164880687
marker,-20.5,0.28200000000000003,2.3693444624553246
marker,-20.5,0.28300000000000003,2.382232466311125
marker,-20.5,0.28400000000000003,2.398869468658059
marker,-20.5,0.28500000000000003,2.417418122138685
marker,-20.5,0.28600000000000003,2.4379403613445314
marker,-20.5,0.28700000000000003,2.4595842308966454
marker,-20.5,0.28800000000000003,2.483953965019945
marker,-20.5,0.289,2.5120933004157675
marker,-20.5,0.29,2.5499909078965493
marker,-20.5,0.291,2.601791236159611
marker,-20.5,0.292,2.6673413678087905
marker,-20.5,0.293,2.740779503808144
marker,-20.5,0.294,2.8146086097997354
marker,-20.5,0.295,2.8813389736942794
marker,-20.5,0.296,2.946276829673652
marker,-20.5,0.297,3.010893129585619
marker,-20.5,0.298,3.07514736340996
marker,-20.5,0.299,3.1355603278447064
marker,-20.5,0.3,3.191132203810457
marker,-20.5,0.301,3.2378729580668186
marker,-20.5,0.302,3.27346786151096
marker,-20.5,0.303,3.2975091292063734
marker,-20.5,0.304,3.3110444643116117
marker,-20.5,0.305,3.3146950882141084
marker,-20.5,0.306,3.3088260191406507
marker,-20.5,0.307,3.29446230077908
marker,-20.5,0.308,3.2726099769918795
marker,-20.5,0.309,3.2455254026247804
marker,-20.5,0.31,3.2146395452128065
marker,-20.5,0.311,3.1813823118087394
marker,-20.5,0.312,3.147583739742206
marker,-20.5,0.313,3.1145446231369625
marker,-20.5,0.314,3.0829734858726656
marker,-20.5,0.315,3.0526933959055125
marker,-20.5,0.316,3.023558928128939
marker,-20.5,0.317,2.994962978107082
marker,-20.5,0.318,2.968019956846626
marker,-20.5,0.319,2.943424855057636
marker,-20.5,0.32,2.921956468974417
marker,-20.5,0.321,2.9073586288959725
marker,-20.5,0.322,2.9015041743458667
marker,-20.5,0.323,2.8994923318932244
marker,-20.5,0.324,2.898486872629521
marker,-20.5,0.325,2.8985864746638343
marker,-20.5,0.326,2.900350036229709
marker,-20.5,0.327,2.903698799263137
marker,-20.5,0.328,2.9078939319419557
marker,-20.5,0.329,2.9130803962841094
marker,-20.5,0.33,2.9200702683553055
marker,-20.5,0.331,2.928718122520486
marker,-20.5,0.332,2.937875059845294
marker,-20.5,0.333,2.948015001117693
marker,-20.5,0.334,2.9587007894907456
marker,-20.5,0.335,2.9697877023715384
marker,-20.5,0.336,2.9814891110719985
marker,-20.5,0.337,2.994049858458872
marker,-20.5,0.338,3.007097947982493
marker,-20.5,0.339,3.0205357910633546
marker,-20.5,0.34,3.0345288458906943
marker,-20.5,0.341,3.0491906654006353
marker,-20.5,0.342,3.0645569550345186
marker,-20.5,0.343,3.0802787890234975
marker,-20.5,0.34400000000000003,3.0958396748445365
marker,-20.5,0.34500000000000003,3.111045034439713
marker,-20.5,0.34600000000000003,3.126501400416643
marker,-20.5,0.34700000000000003,3.1426177145578262
marker,-20.5,0.34800000000000003,3.159113327177403
marker,-20.5,0.34900000000000003,3.1760449939725546
marker,-20.5,0.35000000000000003,3.1938504596716824
marker,-20.5,0.35100000000000003,3.212637527515699
marker,-20.5,0.352,3.2320254108699777
marker,-20.5,0.353,3.2522024748598453
marker,-20.5,0.354,3.2728966596920577
marker,-20.5,0.355,3.294169767621435
marker,-20.5,0.356,3.3158372353806587
marker,-20.5,0.357,3.3379373612782386
marker,-20.5,0.358,3.3606746896663453
marker,-20.5,0.359,3.383834808045292
marker,-20.5,0.36,3.4080439291834654
marker,-20.5,0.361,3.434186159538102
marker,-20.5,0.362,3.461122809631495
marker,-20.5,0.363,3.488110818319822
marker,-20.5,0.364,3.5135758667729666
marker,-20.5,0.365,3.534543788199578
marker,-20.5,0.366,3.5519384283230506
marker,-20.5,0.367,3.5673209569944633
marker,-20.5,0.368,3.582744891376596
marker,-20.5,0.369,3.59988315142317
marker,-20.5,0.37,3.6181080680217317
marker,-20.5,0.371,3.636834386951664
marker,-20.5,0.372,3.6562409463984316
marker,-20.5,0.373,3.6766602879541668
marker,-20.5,0.374,3.697072924943811
marker,-20.5,0.375,3.7176007814522283
marker,-20.5,0.376,3.7399818769406976
marker,-20.5,0.377,3.7654641598759975
marker,-20.5,0.378,3.7959754849654512
marker,-20.5,0.379,3.833292271038556
marker,-20.5,0.38,3.876628378828623
marker,-20.5,0.381,3.924690266789799
marker,-20.5,0.382,3.9760490930173282
marker,-20.5,0.383,4.02753565668095
marker,-20.5,0.384,4.078785615193901
marker,-20.5,0.385,4.130910537358433
marker,-20.5,0.386,4.183648742013439
marker,-20.5,0.387,4.237517570073945
marker,-20.5,0.388,4.292882678555347
marker,-20.5,0.389,4.347569027691427
marker,-20.5,0.39,4.4008849742531835
marker,-20.5,0.391,4.452745680997691
marker,-20.5,0.392,4.503003416152355
marker,-20.5,0.393,4.550822957427003
marker,-20.5,0.394,4.596078111595859
marker,-20.5,0.395,4.639599658751532
marker,-20.5,0.396,4.682396110522507
marker,-20.5,0.397,4.725291417739231
marker,-20.5,0.398,4.768787033723604
marker,-20.5,0.399,4.812988495572801
marker,-20.5,0.4,4.857354570274965
marker,-20.5,0.401,4.901351227919403
marker,-20.5,0.402,4.944507474218448
marker,-20.5,0.403,4.987039436890593
marker,-20.5,0.404,5.029171110690904
marker,-20.5,0.405,5.070456756762662
marker,-20.5,0.406,5.109645142563067
marker,-20.5,0.40700000000000003,5.145126401428023
marker,-20.5,0.40800000000000003,5.1782514677395
marker,-20.5,0.40900000000000003,5.2108718204649005
marker,-20.5,0.41000000000000003,5.244140962482387
marker,-20.5,0.41100000000000003,5.279087603169825
marker,-20.5,0.41200000000000003,5.316492004990512
marker,-20.5,0.41300000000000003,5.356719964918214
marker,-20.5,0.41400000000000003,5.400157745329419
marker,-20.5,0.41500000000000004,5.446162645265025
marker,-20.5,0.41600000000000004,5.492634779360666
marker,-20.5,0.417,5.538754439940778
marker,-20.5,0.418,5.5834407663145615
marker,-20.5,0.419,5.627277310193042
marker,-20.5,0.42,5.671856291490275
marker,-20.5,0.421,5.7182019118166085
marker,-20.5,0.422,5.767294373895066
marker,-20.5,0.423,5.818485863244464
marker,-20.5,0.424,5.873269640609116
marker,-20.5,0.425,5.931796930869741
marker,-20.5,0.426,5.993517856993388
marker,-20.5,0.427,6.058807278445427
marker,-20.5,0.428,6.1267682864207655
marker,-20.5,0.429,6.197778037412854
marker,-20.5,0.43,6.269146954464362
marker,-20.5,0.431,6.339294734596895
marker,-20.5,0.432,6.4075514136425245
marker,-20.5,0.433,6.4746267819489445
marker,-20.5,0.434,6.540607914845499
marker,-20.5,0.435,6.60405928175583
marker,-20.5,0.436,6.663959399580703
marker,-20.5,0.437,6.721608848386211
marker,-20.5,0.438,6.778494638966686
marker,-20.5,0.439,6.838667345421623
marker,-20.5,0.44,6.903223441565692
marker,-20.5,0.441,6.970788093558882
marker,-20.5,0.442,7.040199332181151
marker,-20.5,0.443,7.111250597326865
marker,-20.5,0.444,7.181653743785873
marker,-20.5,0.445,7.249289943445987
marker,-20.5,0.446,7.312078445298298
marker,-20.5,0.447,7.372012657640404
marker,-20.5,0.448,7.430389460445734
marker,-20.5,0.449,7.485374548137171
marker,-20.5,0.45,7.537394137026433
marker,-20.5,0.451,7.585879787078584
marker,-20.5,0.452,7.631251604691073
marker,-20.5,0.453,7.676238667252068
marker,-20.5,0.454,7.721227107044246
marker,-20.5,0.455,7.768516020290803
marker,-20.5,0.456,7.819458285244581
marker,-20.5,0.457,7.872362120975184
marker,-20.5,0.458,7.925840752814933
marker,-20.5,0.459,7.980664851993424
marker,-20.5,0.46,8.029707656886577
marker,-20.5,0.461,8.074941864974395
marker,-20.5,0.462,8.11290177985229
marker,-20.5,0.463,8.14400499596368
marker,-20.5,0.464,8.174305569336033
marker,-20.5,0.465,8.210335789445876
marker,-20.5,0.466,8.254959132898206
marker,-20.5,0.467,8.305519162711311
marker,-20.5,0.468,8.353568401268932
marker,-20.5,0.46900000000000003,8.394805926033193
marker,-20.5,0.47000000000000003,8.43296842556495
marker,-20.5,0.47100000000000003,8.4755773758446
marker,-20.5,0.47200000000000003,8.529989896115975
marker,-20.5,0.47300000000000003,8.594579829174695
marker,-20.5,0.47400000000000003,8.664071452271797
marker,-20.5,0.47500000000000003,8.736776291332001
marker,-20.5,0.47600000000000003,8.810701363503409
marker,-20.5,0.47700000000000004,8.882599081670795
marker,-20.5,0.47800000000000004,8.950009382479614
marker,-20.5,0.47900000000000004,9.007734952895861
marker,-20.5,0.48,9.057735818407275
marker,-20.5,0.481,9.106447333100144
marker,-20.5,0.482,9.162336255234077
marker,-20.5,0.483,9.229708466197113
marker,-20.5,0.484,9.2983657005259
marker,-20.5,0.485,9.361728871199078
marker,-20.5,0.486,9.416976812206583
marker,-20.5,0.487,9.465193173712429
marker,-20.5,0.488,9.508619273330483
marker,-20.5,0.489,9.550194857213631
marker,-20.5,0.49,9.58882212045387
marker,-20.5,0.491,9.62252957080207
marker,-20.5,0.492,9.65125568707197
marker,-20.5,0.493,9.674178447265719
marker,-20.5,0.494,9.692204599805187
marker,-20.5,0.495,9.710019304323161
marker,-20.5,0.496,9.730202274006079
marker,-20.5,0.497,9.75290935866005
marker,-20.5,0.498,9.781945595390681
marker,-20.5,0.499,9.822807697719538
marker,-20.5,0.5,9.8728055046479
marker,-20.5,0.501,9.923351816338958
marker,-20.5,0.502,9.975803988336363
marker,-20.5,0.503,10.032657061623535
marker,-20.5,0.504,10.08942681526653
marker,-20.5,0.505,10.143139459843548
marker,-20.5,0.506,10.19264049047562
marker,-20.5,0.507,10.237450273185328
marker,-20.5,0.508,10.273818297933921
marker,-20.5,0.509,10.2988996573365
marker,-20.5,0.51,10.312372974837977
marker,-20.5,0.511,10.318125858169084
marker,-20.5,0.512,10.318753467027367
marker,-20.5,0.513,10.316233224809974
marker,-20.5,0.514,10.316178617819546
marker,-20.5,0.515,10.321385100201345
marker,-20.5,0.516,10.327272962381196
marker,-20.5,0.517,10.330008177247377
marker,-20.5,0.518,10.329500524021194
marker,-20.5,0.519,10.327212214675255
marker,-20.5,0.52,10.321517451189099
marker,-20.5,0.521,10.309998920734174
marker,-20.5,0.522,10.292197225896038
marker,-20.5,0.523,10.271035934747369
marker,-20.5,0.524,10.246113133743401
marker,-20.5,0.525,10.21539134999029
marker,-20.5,0.526,10.176274677103331
marker,-20.5,0.527,10.128351505570306
marker,-20.5,0.528,10.07220945901544
marker,-20.5,0.529,10.008182565724256
marker,-20.5,0.53,9.938878850253856
marker,-20.5,0.531,9.866797034784286
marker,-20.5,0.532,9.791921146800451
marker,-20.5,0.533,9.710901945105975
marker,-20.5,0.534,9.623715758222557
marker,-20.5,0.535,9.531123643567485
marker,-20.5,0.536,9.432364747893326
marker,-20.5,0.537,9.325202088593839
marker,-20.5,0.538,9.211470341279982
marker,-20.5,0.539,9.090752821864212
marker,-20.5,0.54,8.961457329764128
marker,-20.5,0.541,8.824160456881927
marker,-20.5,0.542,8.680064029187012
marker,-20.5,0.543,8.528620189922693
marker,-20.5,0.544,8.371226564388525
marker,-20.5,0.545,8.218058836623392
marker,-20.5,0.546,8.072614073258528
marker,-20.5,0.547,7.931928721780218
marker,-20.5,0.548,7.797083127323702
marker,-20.5,0.549,7.672520988708039
marker,-20.5,0.55,7.559317790296018
marker,-20.5,0.551,7.458374201536506
marker,-20.5,0.552,7.369220444543036
marker,-20.5,0.553,7.292622604563274
marker,-20.5,0.554,7.230123494091943
marker,-20.5,0.555,7.182149505467846
marker,-20.5,0.556,7.147726193772605
marker,-20.5,0.557,7.125183178956517
marker,-20.5,0.558,7.113114488230407
marker,-20.5,0.559,7.109961709608852
marker,-20.5,0.56,7.113920576016805
marker,-20.5,0.561,7.124298817396935
marker,-20.5,0.562,7.139387881456045
marker,-20.5,0.5630000000000001,7.162440707298087
marker,-20.5,0.5640000000000001,7.198639365407039
marker,-20.5,0.5650000000000001,7.250263719255378
marker,-20.5,0.5660000000000001,7.3308673944101175
marker,-20.5,0.5670000000000001,7.459530177126403
marker,-20.5,0.5680000000000001,7.648911186994896
marker,-20.5,0.5690000000000001,7.895292306332978
marker,-20.5,0.5700000000000001,8.185122217311187
marker,-20.5,0.5710000000000001,8.495770543308621
marker,-20.5,0.5720000000000001,8.828373172637678
marker,-20.5,0.5730000000000001,9.195682903724675
marker,-20.5,0.5740000000000001,9.605311114493531
marker,-20.5,0.5750000000000001,10.060172732794683
marker,-20.5,0.5760000000000001,10.562925634328163
marker,-20.5,0.577,11.121829699242253
marker,-20.5,0.578,11.741114346101577
marker,-20.5,0.579,12.414421854559633
marker,-20.5,0.58,13.117491393495886
marker,-20.5,0.581,13.79877308432365
marker,-20.5,0.582,14.441363205073863
marker,-20.5,0.583,15.000645126573467
marker,-20.5,0.584,15.445190533989937
marker,-20.5,0.585,15.764080265457357
marker,-20.5,0.586,15.97994981357653
marker,-20.5,0.587,16.11325241990202
marker,-20.5,0.588,16.18058233745053
marker,-20.5,0.589,16.1787928824283
marker,-20.5,0.59,16.109688714277016
marker,-20.5,0.591,15.95439087641904
marker,-20.5,0.592,15.722300337024624
marker,-20.5,0.593,15.426246871146295
marker,-20.5,0.594,15.075501419703329
marker,-20.5,0.595,14.668875821630847
marker,-20.5,0.596,14.209121819878433
marker,-20.5,0.597,13.733471431315552
marker,-20.5,0.598,13.255451511176943
marker,-20.5,0.599,12.77494904484914
marker,-20.5,0.6,12.292289683390532
marker,-20.5,0.601,11.804196289830193
marker,-20.5,0.602,11.311322211622674
marker,-20.5,0.603,10.821908818573249
marker,-20.5,0.604,10.340558663238822
marker,-20.5,0.605,9.864117800282115
marker,-20.5,0.606,9.396767182272768
marker,-20.5,0.607,8.940561607101676
marker,-20.5,0.608,8.506406143400154
marker,-20.5,0.609,8.1189709485903
marker,-20.5,0.61,7.7826254477539605
marker,-20.5,0.611,7.486867311446365
marker,-20.5,0.612,7.221692610313688
marker,-20.5,0.613,6.978786038663637
marker,-20.5,0.614,6.753800010231379
marker,-20.5,0.615,6.54694872621715
marker,-20.5,0.616,6.355986377148259
marker,-20.5,0.617,6.178482816820767
marker,-20.5,0.618,6.013909975227318
marker,-20.5,0.619,5.862602247016106
marker,-20.5,0.62,5.723723420205051
marker,-20.5,0.621,5.595617266590729
marker,-20.5,0.622,5.477161023571233
marker,-20.5,0.623,5.367708479043805
marker,-20.5,0.624,5.266036005617224
marker,-20.5,0.625,5.171331344063672
marker,-20.5,0.626,5.08410429583585
marker,-20.5,0.627,5.005165843882653
marker,-20.5,0.628,4.934499756284324
marker,-20.5,0.629,4.870146138104716
marker,-20.5,0.63,4.81111600638532
marker,-20.5,0.631,4.757398200203461
marker,-20.5,0.632,4.708628631273655
marker,-20.5,0.633,4.664281459748438
marker,-20.5,0.634,4.624072718769027
marker,-20.5,0.635,4.587485986374022
marker,-20.5,0.636,4.554281414645862
marker,-20.5,0.637,4.524498096707118
marker,-20.5,0.638,4.497884616179943
marker,-20.5,0.639,4.47411161248713
marker,-20.5,0.64,4.45254133921357
marker,-20.5,0.641,4.432615660075963
marker,-20.5,0.642,4.414193168072347
marker,-20.5,0.643,4.397084584955502
marker,-20.5,0.644,4.381189715270126
marker,-20.5,0.645,4.366233329904537
marker,-20.5,0.646,4.352071903355689
marker,-20.5,0.647,4.338751940776527
marker,-20.5,0.648,4.326489506926351
marker,-20.5,0.649,4.3149237299372505
marker,-20.5,0.65,4.304976100702326
marker,-20.5,0.651,4.297153506898137
marker,-20.5,0.652,4.291588666557914
marker,-20.5,0.653,4.2886936370759186
marker,-20.5,0.654,4.289368092723154
marker,-20.5,0.655,4.29423275444223
marker,-20.5,0.656,4.303872355645065
marker,-20.5,0.657,4.319276020006518
marker,-20.5,0.658,4.3411636049040006
marker,-20.5,0.659,4.3704664031530935
marker,-20.5,0.66,4.408329911581584
marker,-20.5,0.661,4.456030206266196
marker,-20.5,0.662,4.514558897279147
marker,-20.5,0.663,4.584857020001667
marker,-20.5,0.664,4.667727101142737
marker,-20.5,0.665,4.764328546511132
marker,-20.5,0.666,4.876362418812791
marker,-20.5,0.667,5.005889634420877
marker,-20.5,0.668,5.152704155622329
marker,-20.5,0.669,5.3170527274130475
marker,-20.5,0.67,5.5018009672051225
marker,-20.5,0.671,5.707692298710064
marker,-20.5,0.672,5.934339231679737
marker,-20.5,0.673,6.184808355138669
marker,-20.5,0.674,6.46039909618999
marker,-20.5,0.675,6.761493919096593
marker,-20.5,0.676,7.088957045760203
marker,-20.5,0.677,7.444226969389768
marker,-20.5,0.678,7.836463832273245
marker,-20.5,0.679,8.27648081017395
marker,-20.5,0.68,8.737185330459592
marker,-20.5,0.681,9.176241882047545
marker,-20.5,0.682,9.576623982756352
marker,-20.5,0.683,9.936294539231106
marker,-20.5,0.684,10.247986748437063
marker,-20.5,0.685,10.508114388699632
marker,-20.5,0.686,10.713616987720838
marker,-20.5,0.687,10.865019439030865
marker,-20.5,0.6880000000000001,10.953454043756103
marker,-20.5,0.6890000000000001,10.972942196908265
marker,-20.5,0.6900000000000001,10.911781796687457
marker,-20.5,0.6910000000000001,10.766455032852527
marker,-20.5,0.6920000000000001,10.547154219421751
marker,-20.5,0.6930000000000001,10.253174300198523
marker,-20.5,0.6940000000000001,9.883226753359452
marker,-20.5,0.6950000000000001,9.451886872193025
marker,-20.5,0.6960000000000001,8.980377270956872
marker,-20.5,0.6970000000000001,8.491416930504569
marker,-20.5,0.6980000000000001,7.978411587649955
marker,-20.5,0.6990000000000001,7.45992617864345
marker,-20.5,0.7000000000000001,6.992699843258832
marker,-20.5,0.7010000000000001,6.61289152982279
marker,-20.5,0.7020000000000001,6.312292167336772
marker,-20.5,0.7030000000000001,6.0642365667600435
marker,-20.5,0.704,5.840706314856315
marker,-20.5,0.705,5.657313584614556
marker,-20.5,0.706,5.523068890480775
marker,-20.5,0.707,5.424274947940318
marker,-20.5,0.708,5.36938357273309
marker,-20.5,0.709,5.353362604352863
marker,-20.5,0.71,5.370268794969734
marker,-20.5,0.711,5.413053368988225
marker,-20.5,0.712,5.472047292395692
marker,-20.5,0.713,5.542577266768939
marker,-20.5,0.714,5.610073422960918
marker,-20.5,0.715,5.675427128251321
marker,-20.5,0.716,5.731622687302662
marker,-20.5,0.717,5.774771625389331
marker,-20.5,0.718,5.8043065770764875
marker,-20.5,0.719,5.827618768701849
marker,-20.5,0.72,5.846565375672097
marker,-20.5,0.721,5.862850912763083
marker,-20.5,0.722,5.8838748274841635
marker,-20.5,0.723,5.917963209417635
marker,-20.5,0.724,5.980351350840779
marker,-20.5,0.725,6.086998745567454
marker,-20.5,0.726,6.256222356211937
marker,-20.5,0.727,6.515964727478385
marker,-20.5,0.728,6.883331317886354
marker,-20.5,0.729,7.357499591160307
marker,-20.5,0.73,7.936423585343008
marker,-20.5,0.731,8.628443740451571
marker,-20.5,0.732,9.418379151094523
marker,-20.5,0.733,10.309156225804752
marker,-20.5,0.734,11.295429158786705
marker,-20.5,0.735,12.337898517570183
marker,-20.5,0.736,13.404564225377891
marker,-20.5,0.737,14.457092405710465
marker,-20.5,0.738,15.44272011717637
marker,-20.5,0.739,16.34740624086439
marker,-20.5,0.74,17.137501816319293
marker,-20.5,0.741,17.823143038060884
marker,-20.5,0.742,18.40801973194789
marker,-20.5,0.743,18.8911307577108
marker,-20.5,0.744,19.280553150123914
marker,-20.5,0.745,19.57752195338234
marker,-20.5,0.746,19.79259296375764
marker,-20.5,0.747,19.926486853854268
marker,-20.5,0.748,19.989535840836552
marker,-20.5,0.749,19.998186898666027
marker,-20.5,0.75,19.963410126627
marker,-20.5,0.751,19.88803101034094
marker,-20.5,0.752,19.7761838360122
marker,-20.5,0.753,19.635387797656804
marker,-20.5,0.754,19.472545862014144
marker,-20.5,0.755,19.286768783009855
marker,-20.5,0.756,19.084928226674432
marker,-20.5,0.757,18.87259094431538
marker,-20.5,0.758,18.657278252682826
marker,-20.5,0.759,18.440496640153494
marker,-20.5,0.76,18.22143994508837
marker,-20.5,0.761,18.003782736937293
marker,-20.5,0.762,17.7968073409731
marker,-20.5,0.763,17.606815614958848
marker,-20.5,0.764,17.43783923347231
marker,-20.5,0.765,17.296403814118726
marker,-20.5,0.766,17.19006594887635
marker,-20.5,0.767,17.1166367346211
marker,-20.5,0.768,17.072289545897334
marker,-20.5,0.769,17.05750558347287
marker,-20.5,0.77,17.075982257925414
marker,-20.5,0.771,17.129208972342926
marker,-20.5,0.772,17.20388461421979
marker,-20.5,0.773,17.281261295139714
marker,-20.5,0.774,17.356219400262074
marker,-20.5,0.775,17.426936797813728
marker,-20.5,0.776,17.489202227252875
marker,-20.5,0.777,17.541465538165635
marker,-20.5,0.778,17.58189720814765
marker,-20.5,0.779,17.610947733418477
marker,-20.5,0.78,17.624807953242343
marker,-20.5,0.781,17.620973795062742
marker,-20.5,0.782,17.596696001087345
marker,-20.5,0.783,17.547506325240715
marker,-20.5,0.784,17.474283903219735
marker,-20.5,0.785,17.372663483889678
marker,-20.5,0.786,17.23382436785559
marker,-20.5,0.787,17.049400355551427
marker,-20.5,0.788,16.81847218301319
marker,-20.5,0.789,16.542467128966862
marker,-20.5,0.79,16.22513262095254
marker,-20.5,0.791,15.862220375617618
marker,-20.5,0.792,15.448618644089711
marker,-20.5,0.793,14.989444944256423
marker,-20.5,0.794,14.492091058208178
marker,-20.5,0.795,13.958401161079353
marker,-20.5,0.796,13.391801393402579
marker,-20.5,0.797,12.794770050001663
marker,-20.5,0.798,12.181237873138786
marker,-20.5,0.799,11.559499575796634
marker,-20.5,0.8,10.935955614876692
marker,-20.5,0.801,10.356334650180258
marker,-20.5,0.802,9.824734710728327
marker,-20.5,0.803,9.32010989898935
marker,-20.5,0.804,8.834099254058243
marker,-20.5,0.805,8.368452982665678
marker,-20.5,0.806,7.9239908059564215
marker,-20.5,0.807,7.513293506066073
marker,-20.5,0.808,7.133200688374269
marker,-20.5,0.809,6.78311901818709
marker,-20.5,0.81,6.4611932616750405
marker,-20.5,0.811,6.175383421133607
marker,-20.5,0.812,5.915781701408615
marker,-20.5,0.8130000000000001,5.68406892213747
marker,-20.5,0.8140000000000001,5.472843081171199
marker,-20.5,0.8150000000000001,5.275857322496612
marker,-20.5,0.8160000000000001,5.106330005011488
marker,-20.5,0.8170000000000001,4.963211223981013
marker,-20.5,0.8180000000000001,4.8358239200693385
marker,-20.5,0.8190000000000001,4.72709478567249
marker,-20.5,0.8200000000000001,4.630120180898276
marker,-20.5,0.8210000000000001,4.549147168957824
marker,-20.5,0.8220000000000001,4.483566425594704
marker,-20.5,0.8230000000000001,4.43184192136938
marker,-20.5,0.8240000000000001,4.388130023036834
marker,-20.5,0.8250000000000001,4.35364425760301
marker,-20.5,0.8260000000000001,4.32788700499354
marker,-20.5,0.8270000000000001,4.312237527553427
marker,-20.5,0.8280000000000001,4.301554951084598
marker,-20.5,0.8290000000000001,4.294149042984931
marker,-20.5,0.8300000000000001,4.2918409776415745
marker,-20.5,0.8310000000000001,4.29427524318077
marker,-20.5,0.8320000000000001,4.297721746206133
marker,-20.5,0.833,4.304442360507399
marker,-20.5,0.834,4.316290767621971
marker,-20.5,0.835,4.332758552249088
marker,-20.5,0.836,4.354382705072078
marker,-20.5,0.837,4.381280290277967
marker,-20.5,0.838,4.416132540011088
marker,-20.5,0.839,4.4576879928683875
marker,-20.5,0.84,4.505243015612879
marker,-20.5,0.841,4.558523657813027
marker,-20.5,0.842,4.620843700770097
marker,-20.5,0.843,4.691723373354526
marker,-20.5,0.844,4.77156377095598
marker,-20.5,0.845,4.856393162463139
marker,-20.5,0.846,4.955973895044316
marker,-20.5,0.847,5.066447325459219
marker,-20.5,0.848,5.1858775945772
marker,-20.5,0.849,5.309849761907099
marker,-20.5,0.85,5.4353638067356425
marker,-20.5,0.851,5.561062288917321
marker,-20.5,0.852,5.697296385171344
marker,-20.5,0.853,5.837561558910911
marker,-20.5,0.854,5.980739764207374
marker,-20.5,0.855,6.131997211187678
marker,-20.5,0.856,6.296894130932129
marker,-20.5,0.857,6.482370391883038
marker,-20.5,0.858,6.698400461051309
marker,-20.5,0.859,6.9419710713292
marker,-20.5,0.86,7.210847117063085
marker,-20.5,0.861,7.51220275117357
marker,-20.5,0.862,7.863984039006308
marker,-20.5,0.863,8.277852008384
marker,-20.5,0.864,8.74153680514117
marker,-20.5,0.865,9.238361363652876
marker,-20.5,0.866,9.729025530594942
marker,-20.5,0.867,10.189706588633978
marker,-20.5,0.868,10.645639638992442
marker,-20.5,0.869,11.118264325541631
marker,-20.5,0.87,11.597400636906716
marker,-20.5,0.871,12.07350766373948
marker,-20.5,0.872,12.519882688650984
marker,-20.5,0.873,12.937437515546062
marker,-20.5,0.874,13.318455370047511
marker,-20.5,0.875,13.646160477792598
marker,-20.5,0.876,13.909374836670265
marker,-20.5,0.877,14.09310794229604
marker,-20.5,0.878,14.195273059809931
marker,-20.5,0.879,14.211019368357126
marker,-20.5,0.88,14.14208591314261
marker,-20.5,0.881,13.992180409885789
marker,-20.5,0.882,13.774925178441812
marker,-20.5,0.883,13.507281461385242
marker,-20.5,0.884,13.201626321948304
marker,-20.5,0.885,12.861875689274125
marker,-20.5,0.886,12.491132196062305
marker,-20.5,0.887,12.089842359914373
marker,-20.5,0.888,11.653877146273093
marker,-20.5,0.889,11.175802256689975
marker,-20.5,0.89,10.648190327268862
marker,-20.5,0.891,10.080539514938447
marker,-20.5,0.892,9.514003464123101
marker,-20.5,0.893,8.988909948080353
marker,-20.5,0.894,8.499608655343224
marker,-20.5,0.895,8.034922595126325
marker,-20.5,0.896,7.5935948967873035
marker,-20.5,0.897,7.180060132053535
marker,-20.5,0.898,6.799543464853988
marker,-20.5,0.899,6.450537539590499
marker,-20.5,0.9,6.133617530238784
marker,-20.5,0.901,5.85026921192973
marker,-20.5,0.902,5.5981713024089315
marker,-20.5,0.903,5.373650025007162
marker,-20.5,0.904,5.173533192389684
marker,-20.5,0.905,4.9906252591152045
marker,-20.5,0.906,4.822518794964561
marker,-20.5,0.907,4.670283091448275
marker,-20.5,0.908,4.5312978533246655
marker,-20.5,0.909,4.41101043274753
marker,-20.5,0.91,4.310407998497917
marker,-20.5,0.911,4.229866649241655
marker,-20.5,0.912,4.169256263840549
marker,-20.5,0.913,4.127213215536542
marker,-20.5,0.914,4.100938997874482
marker,-20.5,0.915,4.086193763457769
marker,-20.5,0.916,4.0813416717752595
marker,-20.5,0.917,4.081093756109942
marker,-20.5,0.918,4.084121948542468
marker,-20.5,0.919,4.08741887161328
marker,-20.5,0.92,4.088440728012638
marker,-20.5,0.921,4.087347169600928
marker,-20.5,0.922,4.084865314678949
marker,-20.5,0.923,4.0791770849700795
marker,-20.5,0.924,4.071389809135675
marker,-20.5,0.925,4.0661236363991105
marker,-20.5,0.926,4.062908901364777
marker,-20.5,0.927,4.0618833603115805
marker,-20.5,0.928,4.061623244831266
marker,-20.5,0.929,4.065191087897179
marker,-20.5,0.93,4.073886392350579
marker,-20.5,0.931,4.086223591222811
marker,-20.5,0.932,4.104571775252544
marker,-20.5,0.933,4.126446959884009
marker,-20.5,0.934,4.1516838010785655
marker,-20.5,0.935,4.180435952444605
marker,-20.5,0.936,4.211075385105321
marker,-20.5,0.937,4.242709736984459
marker,-20.5,0.9380000000000001,4.273443782597125
marker,-20.5,0.9390000000000001,4.30499561084669
marker,-20.5,0.9400000000000001,4.334034355637807
marker,-20.5,0.9410000000000001,4.36257187550958
marker,-20.5,0.9420000000000001,4.387838902287211
marker,-20.5,0.9430000000000001,4.40910226694365
marker,-20.5,0.9440000000000001,4.425435233752435
marker,-20.5,0.9450000000000001,4.440030214620581
marker,-20.5,0.9460000000000001,4.4534291395754275
marker,-20.5,0.9470000000000001,4.465401374780458
marker,-20.5,0.9480000000000001,4.478727593129773
marker,-20.5,0.9490000000000001,4.495365927040515
marker,-20.5,0.9500000000000001,4.51650450812067
marker,-20.5,0.9510000000000001,4.541514906562573
marker,-20.5,0.9520000000000001,4.57131591589421
marker,-20.5,0.9530000000000001,4.604924581162494
marker,-20.5,0.9540000000000001,4.6399746077046276
marker,-20.5,0.9550000000000001,4.677023957782833
marker,-20.5,0.9560000000000001,4.715569703590264
marker,-20.5,0.9570000000000001,4.756953070377832
marker,-20.5,0.9580000000000001,4.800679427288237
marker,-20.5,0.9590000000000001,4.845145659411287
marker,-20.5,0.96,4.888515730515181
marker,-20.5,0.961,4.933310226409662
marker,-20.5,0.962,4.977891549742346
marker,-20.5,0.963,5.030142916907757
marker,-20.5,0.964,5.085431417757451
marker,-20.5,0.965,5.139029686553096
marker,-20.5,0.966,5.188326108240833
marker,-20.5,0.967,5.234781502192043
marker,-20.5,0.968,5.283401960550977
marker,-20.5,0.969,5.33522141774802
marker,-20.5,0.97,5.388869045104337
marker,-20.5,0.971,5.44465180947337
marker,-20.5,0.972,5.500520381511066
marker,-20.5,0.973,5.55776651295912
marker,-20.5,0.974,5.61519684080593
marker,-20.5,0.975,5.671923978118802
marker,-20.5,0.976,5.7240141305314465
marker,-20.5,0.977,5.769192326300917
marker,-20.5,0.978,5.808713900052718
marker,-20.5,0.979,5.842300161559802
marker,-20.5,0.98,5.869187903902724
marker,-20.5,0.981,5.88835377904102
marker,-20.5,0.982,5.9022570962727325
marker,-20.5,0.983,5.915645569197994
marker,-20.5,0.984,5.933671839936099
marker,-20.5,0.985,5.9693333573293
marker,-20.5,0.986,6.0429316230169885
marker,-20.5,0.987,6.146093637890612
marker,-20.5,0.988,6.272140868141436
marker,-20.5,0.989,6.4054794149398955
marker,-20.5,0.99,6.5166224769384495
marker,-20.5,0.991,6.582751431572421
marker,-20.5,0.992,6.588083429332461
marker,-20.5,0.993,6.541570445505688
marker,-20.5,0.994,6.465277921452309
marker,-20.5,0.995,6.381201832381748
marker,-20.5,0.996,6.307234668443946
marker,-20.5,0.997,6.254544870075012
marker,-20.5,0.998,6.226375903115308
marker,-20.5,0.999,6.221353769562352
marker,-20.5,1.0,6.2380084752094955
marker,3.5,0.0,30.046389762940073
marker,3.5,0.001,30.058974652224293
marker,3.5,0.002,30.080683416459415
marker,3.5,0.003,30.11322377818769
marker,3.5,0.004,30.156687188861177
marker,3.5,0.005,30.21048653254666
marker,3.5,0.006,30.272499654450712
marker,3.5,0.007,30.34129157208354
marker,3.5,0.008,30.415596470500493
marker,3.5,0.009000000000000001,30.494390265055436
marker,3.5,0.01,30.5769128873641
marker,3.5,0.011,30.66367266091512
marker,3.5,0.012,30.755245493595996
marker,3.5,0.013000000000000001,30.8518928536705
marker,3.5,0.014,30.95311509002713
marker,3.5,0.015,31.058250343079656
marker,3.5,0.016,31.166521347807247
marker,3.5,0.017,31.275969962439245
marker,3.5,0.018000000000000002,31.385462115248366
marker,3.5,0.019,31.49526848713091
marker,3.5,0.02,31.606094768533804
marker,3.5,0.021,31.71856377799436
marker,3.5,0.022,31.833481108328872
marker,3.5,0.023,31.952009602104976
marker,3.5,0.024,32.07414825672459
marker,3.5,0.025,32.200475244736026
marker,3.5,0.026000000000000002,32.331476078143695
marker,3.5,0.027,32.46764239057111
marker,3.5,0.028,32.60937070770368
marker,3.5,0.029,32.756625029034176
marker,3.5,0.03,32.90919916375389
marker,3.5,0.031,33.067075947869405
marker,3.5,0.032,33.23009863183725
marker,3.5,0.033,33.39783269546951
marker,3.5,0.034,33.56978494911559
marker,3.5,0.035,33.74619582880365
marker,3.5,0.036000000000000004,33.92652106833679
marker,3.5,0.037,34.10975506245146
marker,3.5,0.038,34.294210865495515
marker,3.5,0.039,34.479081458917534
marker,3.5,0.04,34.66475990065951
marker,3.5,0.041,34.85099664601113
marker,3.5,0.042,35.037206188607456
marker,3.5,0.043000000000000003,35.22323795098865
marker,3.5,0.044,35.40876555620444
marker,3.5,0.045,35.593422204607
marker,3.5,0.046,35.77682128877402
marker,3.5,0.047,35.9586845883561
marker,3.5,0.048,36.13864254574231
marker,3.5,0.049,36.31608278051318
marker,3.5,0.05,36.49062581705496
marker,3.5,0.051000000000000004,36.66195185547197
marker,3.5,0.052000000000000005,36.830091466854974
marker,3.5,0.053,36.995600935919626
marker,3.5,0.054,37.15917805071061
marker,3.5,0.055,37.321499142895874
marker,3.5,0.056,37.48344564151135
marker,3.5,0.057,37.645978187959784
marker,3.5,0.058,37.80935810338625
marker,3.5,0.059000000000000004,37.97392002661912
marker,3.5,0.06,38.13995954612306
marker,3.5,0.061,38.3073034665723
marker,3.5,0.062,38.475694660970625
marker,3.5,0.063,38.64489298118268
marker,3.5,0.064,38.81530382964148
marker,3.5,0.065,38.98718557518884
marker,3.5,0.066,39.16028843938514
marker,3.5,0.067,39.33430204336009
marker,3.5,0.068,39.50889532874659
marker,3.5,0.069,39.683787644744555
marker,3.5,0.07,39.85843942120854
marker,3.5,0.07100000000000001,40.03270141988801
marker,3.5,0.07200000000000001,40.20583753474568
marker,3.5,0.073,40.37671305196702
marker,3.5,0.074,40.543871608545
marker,3.5,0.075,40.706505555344386
marker,3.5,0.076,40.86318202380457
marker,3.5,0.077,41.012590616375206
marker,3.5,0.078,41.15283164984888
marker,3.5,0.079,41.283275146963355
marker,3.5,0.08,41.40287537683556
marker,3.5,0.081,41.51097792819222
marker,3.5,0.082,41.60676601761797
marker,3.5,0.083,41.689185680773804
marker,3.5,0.084,41.75817184948259
marker,3.5,0.085,41.813025237415424
marker,3.5,0.08600000000000001,41.85363944935846
marker,3.5,0.08700000000000001,41.88027769020573
marker,3.5,0.088,41.893358470404905
marker,3.5,0.089,41.89258805344833
marker,3.5,0.09,41.87802574712138
marker,3.5,0.091,41.85000424040831
marker,3.5,0.092,41.80821865434034
marker,3.5,0.093,41.75253815306786
marker,3.5,0.094,41.682951094874525
marker,3.5,0.095,41.59937610577802
marker,3.5,0.096,41.501612362083755
marker,3.5,0.097,41.3881225113112
marker,3.5,0.098,41.25792014755751
marker,3.5,0.099,41.11204564776619
marker,3.5,0.1,40.952045352669295
marker,3.5,0.101,40.77886911029896
marker,3.5,0.10200000000000001,40.59480030646361
marker,3.5,0.10300000000000001,40.40108320284971
marker,3.5,0.10400000000000001,40.198890811543485
marker,3.5,0.105,39.990089252063626
marker,3.5,0.106,39.77518751327213
marker,3.5,0.107,39.554921860309825
marker,3.5,0.108,39.3281416911784
marker,3.5,0.109,39.09259318933691
marker,3.5,0.11,38.846785119077175
marker,3.5,0.111,38.59005625078352
marker,3.5,0.112,38.32051499334447
marker,3.5,0.113,38.03367093834911
marker,3.5,0.114,37.7268448507262
marker,3.5,0.115,37.397928085101306
marker,3.5,0.116,37.04813709284401
marker,3.5,0.117,36.67160286686971
marker,3.5,0.11800000000000001,36.26091728907542
marker,3.5,0.11900000000000001,35.806108041543766
marker,3.5,0.12,35.30829998579829
marker,3.5,0.121,34.771287332576826
marker,3.5,0.122,34.201408313367054
marker,3.5,0.123,33.600533942282425
marker,3.5,0.124,32.97370240326894
marker,3.5,0.125,32.3250094264235
marker,3.5,0.126,31.654317898482347
marker,3.5,0.127,30.970284377127083
marker,3.5,0.128,30.272541889282582
marker,3.5,0.129,29.564023972142284
marker,3.5,0.13,28.84403853613675
marker,3.5,0.131,28.11622307421514
marker,3.5,0.132,27.3784683567317
marker,3.5,0.133,26.630642156628515
marker,3.5,0.134,25.87131800572223
marker,3.5,0.135,25.104133685046712
marker,3.5,0.136,24.328111067404038
marker,3.5,0.137,23.543143629508084
marker,3.5,0.138,22.75266975488734
marker,3.5,0.139,21.958547020227986
marker,3.5,0.14,21.16356060826638
marker,3.5,0.14100000000000001,20.369794712825392
marker,3.5,0.14200000000000002,19.579702439835504
marker,3.5,0.14300000000000002,18.798997243519953
marker,3.5,0.14400000000000002,18.02505778724749
marker,3.5,0.145,17.2626370703636
marker,3.5,0.146,16.513359564953774
marker,3.5,0.147,15.776096453908801
marker,3.5,0.148,15.049885453540464
marker,3.5,0.149,14.337284704799089
marker,3.5,0.15,13.636306120820606
marker,3.5,0.151,12.94779582291968
marker,3.5,0.152,12.273393024373823
marker,3.5,0.153,11.617608221840825
marker,3.5,0.154,10.985022007550397
marker,3.5,0.155,10.378602149251543
marker,3.5,0.156,9.80069108822842
marker,3.5,0.157,9.241774254594276
marker,3.5,0.158,8.699581468107791
marker,3.5,0.159,8.172354196855537
marker,3.5,0.16,7.663369547853408
marker,3.5,0.161,7.173650986805734
marker,3.5,0.162,6.704721098196253
marker,3.5,0.163,6.253720133086584
marker,3.5,0.164,5.814468459451082
marker,3.5,0.165,5.388971187103477
marker,3.5,0.166,4.976362440205458
marker,3.5,0.167,4.572414971861769
marker,3.5,0.168,4.17767987829958
marker,3.5,0.169,3.7887996032621563
marker,3.5,0.17,3.4071087565402127
marker,3.5,0.171,3.033316590131411
marker,3.5,0.17200000000000001,2.669121109910706
marker,3.5,0.17300000000000001,2.319432197185614
marker,3.5,0.17400000000000002,1.9929036991196414
marker,3.5,0.17500000000000002,1.7018353815381078
marker,3.5,0.176,1.471239558412464
marker,3.5,0.177,1.329680098401576
marker,3.5,0.178,1.296279375330564
marker,3.5,0.179,1.362765561226376
marker,3.5,0.18,1.4986788789858063
marker,3.5,0.181,1.674447866328541
marker,3.5,0.182,1.8709650277946226
marker,3.5,0.183,2.077364209145004
marker,3.5,0.184,2.2869142775999483
marker,3.5,0.185,2.4960464062696985
marker,3.5,0.186,2.7040488383273096
marker,3.5,0.187,2.9114011312479855
marker,3.5,0.188,3.118009766542516
marker,3.5,0.189,3.3239310784045077
marker,3.5,0.19,3.5311474433995107
marker,3.5,0.191,3.7387704461311984
marker,3.5,0.192,3.9460589128850625
marker,3.5,0.193,4.153973532265075
marker,3.5,0.194,4.363678199405555
marker,3.5,0.195,4.577278385262817
marker,3.5,0.196,4.792699379226562
marker,3.5,0.197,5.006754927513978
marker,3.5,0.198,5.216264820827935
marker,3.5,0.199,5.418380633118035
marker,3.5,0.2,5.613417374536788
marker,3.5,0.201,5.802820202242691
marker,3.5,0.202,5.986998774211082
marker,3.5,0.203,6.169711116419668
marker,3.5,0.20400000000000001,6.349817424132213
marker,3.5,0.20500000000000002,6.529273192455226
marker,3.5,0.20600000000000002,6.7125251921936755
marker,3.5,0.20700000000000002,6.903610459964082
marker,3.5,0.20800000000000002,7.105901585460259
marker,3.5,0.209,7.320746146392988
marker,3.5,0.21,7.549717355416677
marker,3.5,0.211,7.796866023694132
marker,3.5,0.212,8.0627914906775
marker,3.5,0.213,8.348605135700199
marker,3.5,0.214,8.653892593059815
marker,3.5,0.215,8.972359342346609
marker,3.5,0.216,9.302045200056117
marker,3.5,0.217,9.637210971222354
marker,3.5,0.218,9.978231644146993
marker,3.5,0.219,10.319910138447899
marker,3.5,0.22,10.655759449177252
marker,3.5,0.221,10.979548332421338
marker,3.5,0.222,11.295558602699169
marker,3.5,0.223,11.60026095580405
marker,3.5,0.224,11.893134122664991
marker,3.5,0.225,12.180049214358094
marker,3.5,0.226,12.463236204230045
marker,3.5,0.227,12.747438422026732
marker,3.5,0.228,13.039913262775821
marker,3.5,0.229,13.345009688249975
marker,3.5,0.23,13.66846263458282
marker,3.5,0.231,14.013635831199865
marker,3.5,0.232,14.382179250764004
marker,3.5,0.233,14.777874006398852
marker,3.5,0.234,15.19860996621444
marker,3.5,0.23500000000000001,15.646023861812658
marker,3.5,0.23600000000000002,16.114524146745993
marker,3.5,0.23700000000000002,16.599337811807615
marker,3.5,0.23800000000000002,17.098093683512356
marker,3.5,0.23900000000000002,17.602560720095433
marker,3.5,0.24,18.110099439231956
marker,3.5,0.241,18.613491975396283
marker,3.5,0.242,19.10975566202647
marker,3.5,0.243,19.59398038883458
marker,3.5,0.244,20.065676929694806
marker,3.5,0.245,20.52283613650881
marker,3.5,0.246,20.96661964359425
marker,3.5,0.247,21.398725098213433
marker,3.5,0.248,21.819704043877355
marker,3.5,0.249,22.232750821025103
marker,3.5,0.25,22.640776786277417
marker,3.5,0.251,23.04599501841531
marker,3.5,0.252,23.453190904390397
marker,3.5,0.253,23.86450939049544
marker,3.5,0.254,24.28213560247963
marker,3.5,0.255,24.70980630535144
marker,3.5,0.256,25.14685240057059
marker,3.5,0.257,25.59435589467751
marker,3.5,0.258,26.052179885059164
marker,3.5,0.259,26.51585770764266
marker,3.5,0.26,26.986072478125077
marker,3.5,0.261,27.45715606996359
marker,3.5,0.262,27.92622329882811
marker,3.5,0.263,28.388374059722217
marker,3.5,0.264,28.839625562887083
marker,3.5,0.265,29.278386971084203
marker,3.5,0.266,29.701141256792358
marker,3.5,0.267,30.106540295416686
marker,3.5,0.268,30.494954595861937
marker,3.5,0.269,30.867124896973415
marker,3.5,0.27,31.22429671002202
marker,3.5,0.271,31.57010480631258
marker,3.5,0.272,31.907476524778833
marker,3.5,0.273,32.23825641722834
marker,3.5,0.274,32.568132046235846
marker,3.5,0.275,32.898191980969415
marker,3.5,0.276,33.23211861761645
marker,3.5,0.277,33.569548567807
marker,3.5,0.278,33.9102944603311
marker,3.5,0.279,34.255374458677444
marker,3.5,0.28,34.602188399960134
marker,3.5,0.281,34.94938365378242
marker,3.5,0.28200000000000003,35.29387785573196
marker,3.5,0.28300000000000003,35.63318419269375
marker,3.5,0.28400000000000003,35.96523702968517
marker,3.5,0.28500000000000003,36.28619102497474
marker,3.5,0.28600000000000003,36.59292772905429
marker,3.5,0.28700000000000003,36.8847287265407
marker,3.5,0.28800000000000003,37.15887873069275
marker,3.5,0.289,37.41431937880237
marker,3.5,0.29,37.64956310016912
marker,3.5,0.291,37.861686944186914
marker,3.5,0.292,38.04802993215768
marker,3.5,0.293,38.21121111464824
marker,3.5,0.294,38.355776363654044
marker,3.5,0.295,38.49015722045562
marker,3.5,0.296,38.621256975996324
marker,3.5,0.297,38.75196936913797
marker,3.5,0.298,38.8841541288995
marker,3.5,0.299,39.01493005297403
marker,3.5,0.3,39.145529869742724
marker,3.5,0.301,39.27439187148476
marker,3.5,0.302,39.39973899527834
marker,3.5,0.303,39.521355846730145
marker,3.5,0.304,39.63840464322001
marker,3.5,0.305,39.75029698088019
marker,3.5,0.306,39.855713679851604
marker,3.5,0.307,39.954465885136614
marker,3.5,0.308,40.04609068369473
marker,3.5,0.309,40.13003015922335
marker,3.5,0.31,40.20729496462004
marker,3.5,0.311,40.27807452049726
marker,3.5,0.312,40.34222201925665
marker,3.5,0.313,40.39944040090447
marker,3.5,0.314,40.44956842735295
marker,3.5,0.315,40.491435296752925
marker,3.5,0.316,40.52411922906261
marker,3.5,0.317,40.54682502685095
marker,3.5,0.318,40.56009860604127
marker,3.5,0.319,40.564101207399
marker,3.5,0.32,40.55890799990983
marker,3.5,0.321,40.546072721138465
marker,3.5,0.322,40.527946443540934
marker,3.5,0.323,40.50474595029576
marker,3.5,0.324,40.47623570038852
marker,3.5,0.325,40.442693784197466
marker,3.5,0.326,40.404435295301866
marker,3.5,0.327,40.36178267858528
marker,3.5,0.328,40.315171173176495
marker,3.5,0.329,40.26484285378527
marker,3.5,0.33,40.21107196391438
marker,3.5,0.331,40.153959030235036
marker,3.5,0.332,40.093558340568435
marker,3.5,0.333,40.02949647956907
marker,3.5,0.334,39.96159767370526
marker,3.5,0.335,39.890059828428136
marker,3.5,0.336,39.815196251727905
marker,3.5,0.337,39.737033893214395
marker,3.5,0.338,39.65585334597398
marker,3.5,0.339,39.57226826823578
marker,3.5,0.34,39.48720538295258
marker,3.5,0.341,39.401034528276035
marker,3.5,0.342,39.313834298030095
marker,3.5,0.343,39.22583804858574
marker,3.5,0.34400000000000003,39.13701948984912
marker,3.5,0.34500000000000003,39.047088959990305
marker,3.5,0.34600000000000003,38.95592327282195
marker,3.5,0.34700000000000003,38.86335067922602
marker,3.5,0.34800000000000003,38.76908011096815
marker,3.5,0.34900000000000003,38.6733028041636
marker,3.5,0.35000000000000003,38.576264260953444
marker,3.5,0.35100000000000003,38.47831076137092
marker,3.5,0.352,38.37992903187188
marker,3.5,0.353,38.281609424568316
marker,3.5,0.354,38.18346012359655
marker,3.5,0.355,38.08587341756024
marker,3.5,0.356,37.989289275776684
marker,3.5,0.357,37.893981824447955
marker,3.5,0.358,37.800260661036944
marker,3.5,0.359,37.708219080556525
marker,3.5,0.36,37.618034883714614
marker,3.5,0.361,37.52979455485209
marker,3.5,0.362,37.443065814773135
marker,3.5,0.363,37.35817073435099
marker,3.5,0.364,37.27566493932971
marker,3.5,0.365,37.19564775841924
marker,3.5,0.366,37.11877787503224
marker,3.5,0.367,37.045240261683595
marker,3.5,0.368,36.97509685927224
marker,3.5,0.369,36.907993143399985
marker,3.5,0.37,36.84309521992028
marker,3.5,0.371,36.77946192235235
marker,3.5,0.372,36.71665392084863
marker,3.5,0.373,36.654284396855765
marker,3.5,0.374,36.59200810875042
marker,3.5,0.375,36.52976354371221
marker,3.5,0.376,36.46758759256041
marker,3.5,0.377,36.405431155071604
marker,3.5,0.378,36.34335589630891
marker,3.5,0.379,36.28181937608392
marker,3.5,0.38,36.22137372562505
marker,3.5,0.381,36.16262825427486
marker,3.5,0.382,36.10600159011525
marker,3.5,0.383,36.051438644279976
marker,3.5,0.384,35.99919025364382
marker,3.5,0.385,35.94957431129433
marker,3.5,0.386,35.90274523920728
marker,3.5,0.387,35.85890533627019
marker,3.5,0.388,35.818087117504824
marker,3.5,0.389,35.78014214720752
marker,3.5,0.39,35.745128284205016
marker,3.5,0.391,35.71313241075632
marker,3.5,0.392,35.68415934661251
marker,3.5,0.393,35.658107984598374
marker,3.5,0.394,35.634946811298946
marker,3.5,0.395,35.6146290205706
marker,3.5,0.396,35.5970672879475
marker,3.5,0.397,35.582058640657415
marker,3.5,0.398,35.5693961863699
marker,3.5,0.399,35.558881549140104
marker,3.5,0.4,35.55033905792726
marker,3.5,0.401,35.543706060886514
marker,3.5,0.402,35.53901755252541
marker,3.5,0.403,35.53636558235185
marker,3.5,0.404,35.535865430596544
marker,3.5,0.405,35.53762610227449
marker,3.5,0.406,35.54171185891701
marker,3.5,0.40700000000000003,35.548089896498105
marker,3.5,0.40800000000000003,35.55670840148137
marker,3.5,0.40900000000000003,35.56756547938526
marker,3.5,0.41000000000000003,35.58070623922366
marker,3.5,0.41100000000000003,35.59618204867444
marker,3.5,0.41200000000000003,35.61399869327524
marker,3.5,0.41300000000000003,35.63417099293204
marker,3.5,0.41400000000000003,35.656688487710106
marker,3.5,0.41500000000000004,35.68148573888728
marker,3.5,0.41600000000000004,35.70848237512123
marker,3.5,0.417,35.73762711697642
marker,3.5,0.418,35.76888800316913
marker,3.5,0.419,35.80227493731944
marker,3.5,0.42,35.837842754279485
marker,3.5,0.421,35.875716076118216
marker,3.5,0.422,35.91609160640425
marker,3.5,0.423,35.95917064352608
marker,3.5,0.424,36.005100031803764
marker,3.5,0.425,36.05401218424117
marker,3.5,0.426,36.105946688884345
marker,3.5,0.427,36.16087939041703
marker,3.5,0.428,36.21879991900445
marker,3.5,0.429,36.27959462573638
marker,3.5,0.43,36.34314916538313
marker,3.5,0.431,36.40926658390997
marker,3.5,0.432,36.477733024030776
marker,3.5,0.433,36.548266053751334
marker,3.5,0.434,36.6205436195302
marker,3.5,0.435,36.694246990843745
marker,3.5,0.436,36.76921997986086
marker,3.5,0.437,36.845381953426504
marker,3.5,0.438,36.922811834540916
marker,3.5,0.439,37.00166730231495
marker,3.5,0.44,37.08247512092505
marker,3.5,0.441,37.16586916407674
marker,3.5,0.442,37.252428103266716
marker,3.5,0.443,37.3425973578239
marker,3.5,0.444,37.43667217237931
marker,3.5,0.445,37.53468391591239
marker,3.5,0.446,37.6364642578022
marker,3.5,0.447,37.741410782800365
marker,3.5,0.448,37.84891978796855
marker,3.5,0.449,37.9586652057916
marker,3.5,0.45,38.07025993517248
marker,3.5,0.451,38.18346002752001
marker,3.5,0.452,38.29799421164171
marker,3.5,0.453,38.413334073060746
marker,3.5,0.454,38.529040329571366
marker,3.5,0.455,38.64466171669587
marker,3.5,0.456,38.75981701910844
marker,3.5,0.457,38.87454845531482
marker,3.5,0.458,38.98910432363253
marker,3.5,0.459,39.10386945913169
marker,3.5,0.46,39.220323127965706
marker,3.5,0.461,39.33922902991551
marker,3.5,0.462,39.46138636425792
marker,3.5,0.463,39.58723923445398
marker,3.5,0.464,39.716809424509385
marker,3.5,0.465,39.84991425147172
marker,3.5,0.466,39.98634771683348
marker,3.5,0.467,40.12565839293828
marker,3.5,0.468,40.2675164613944
marker,3.5,0.46900000000000003,40.41119158973277
marker,3.5,0.47000000000000003,40.55581962035631
marker,3.5,0.47100000000000003,40.70092836647084
marker,3.5,0.47200000000000003,40.84635712012071
marker,3.5,0.47300000000000003,40.99249134776462
marker,3.5,0.47400000000000003,41.13977901280517
marker,3.5,0.47500000000000003,41.2884427138143
marker,3.5,0.47600000000000003,41.43883055068606
marker,3.5,0.47700000000000004,41.59130370443075
marker,3.5,0.47800000000000004,41.74601475417106
marker,3.5,0.47900000000000004,41.90321326913222
marker,3.5,0.48,42.062648075755824
marker,3.5,0.481,42.22393873468979
marker,3.5,0.482,42.38594153577325
marker,3.5,0.483,42.547677101361856
marker,3.5,0.484,42.70902288972219
marker,3.5,0.485,42.86874959013767
marker,3.5,0.486,43.02636739426639
marker,3.5,0.487,43.18209861152597
marker,3.5,0.488,43.336107398924085
marker,3.5,0.489,43.48875690141187
marker,3.5,0.49,43.64095535603048
marker,3.5,0.491,43.79335167083216
marker,3.5,0.492,43.946215239558
marker,3.5,0.493,44.09978034890801
marker,3.5,0.494,44.25399602025897
marker,3.5,0.495,44.40849086541352
marker,3.5,0.496,44.56326649093941
marker,3.5,0.497,44.718378661340665
marker,3.5,0.498,44.87367930809777
marker,3.5,0.499,45.02977936106475
marker,3.5,0.5,45.18810862312423
marker,3.5,0.501,45.349520653984975
marker,3.5,0.502,45.51309010445472
marker,3.5,0.503,45.67827402449293
marker,3.5,0.504,45.845213067212846
marker,3.5,0.505,46.013517037129624
marker,3.5,0.506,46.1822153422729
marker,3.5,0.507,46.35004522495591
marker,3.5,0.508,46.5156566575528
marker,3.5,0.509,46.67771997182991
marker,3.5,0.51,46.83491362271163
marker,3.5,0.511,46.986087054865806
marker,3.5,0.512,47.13075568708386
marker,3.5,0.513,47.26867978657748
marker,3.5,0.514,47.399556124353005
marker,3.5,0.515,47.523717026507995
marker,3.5,0.516,47.64224266432771
marker,3.5,0.517,47.75588144051803
marker,3.5,0.518,47.86528117853013
marker,3.5,0.519,47.97144989011832
marker,3.5,0.52,48.07580482385366
marker,3.5,0.521,48.18092552467976
marker,3.5,0.522,48.288915221302105
marker,3.5,0.523,48.40007272367371
marker,3.5,0.524,48.51366308871531
marker,3.5,0.525,48.62730864169816
marker,3.5,0.526,48.73772719565739
marker,3.5,0.527,48.841256985414006
marker,3.5,0.528,48.93409103307518
marker,3.5,0.529,49.01304623637961
marker,3.5,0.53,49.07554832608371
marker,3.5,0.531,49.119886835108446
marker,3.5,0.532,49.145917503025096
marker,3.5,0.533,49.15483076810333
marker,3.5,0.534,49.148047486512105
marker,3.5,0.535,49.12715293611884
marker,3.5,0.536,49.09427391169619
marker,3.5,0.537,49.05198442374791
marker,3.5,0.538,49.00093556301577
marker,3.5,0.539,48.94123310640504
marker,3.5,0.54,48.87273211744332
marker,3.5,0.541,48.79516531012784
marker,3.5,0.542,48.70731054087915
marker,3.5,0.543,48.60750167999103
marker,3.5,0.544,48.49308750007982
marker,3.5,0.545,48.35969496114353
marker,3.5,0.546,48.20230733632901
marker,3.5,0.547,48.017506255364644
marker,3.5,0.548,47.80119600539163
marker,3.5,0.549,47.551908490237416
marker,3.5,0.55,47.26991646036783
marker,3.5,0.551,46.956895720349195
marker,3.5,0.552,46.615420213076895
marker,3.5,0.553,46.248500592261706
marker,3.5,0.554,45.85848215059484
marker,3.5,0.555,45.44734791879914
marker,3.5,0.556,45.01677451621457
marker,3.5,0.557,44.56993466849547
marker,3.5,0.558,44.10542209235112
marker,3.5,0.559,43.62282119334781
marker,3.5,0.56,43.12005175712
marker,3.5,0.561,42.59424310191401
marker,3.5,0.562,42.04389161340741
marker,3.5,0.5630000000000001,41.46635220725771
marker,3.5,0.5640000000000001,40.857647739266845
marker,3.5,0.5650000000000001,40.2161694429918
marker,3.5,0.5660000000000001,39.53084492482188
marker,3.5,0.5670000000000001,38.79503922157459
marker,3.5,0.5680000000000001,38.00108097047933
marker,3.5,0.5690000000000001,37.1404189466238
marker,3.5,0.5700000000000001,36.214332734019806
marker,3.5,0.5710000000000001,35.22952164741993
marker,3.5,0.5720000000000001,34.20085920940683
marker,3.5,0.5730000000000001,33.13496461454406
marker,3.5,0.5740000000000001,32.044601821431904
marker,3.5,0.5750000000000001,30.936760346105537
marker,3.5,0.5760000000000001,29.81292049672887
marker,3.5,0.577,28.686925814912207
marker,3.5,0.578,27.562148672309814
marker,3.5,0.579,26.445292232645123
marker,3.5,0.58,25.347531567081504
marker,3.5,0.581,24.273214902922238
marker,3.5,0.582,23.231307595824386
marker,3.5,0.583,22.2160477415776
marker,3.5,0.584,21.22732528970446
marker,3.5,0.585,20.260053485385114
marker,3.5,0.586,19.311998741165333
marker,3.5,0.587,18.37885693135493
marker,3.5,0.588,17.46338927100737
marker,3.5,0.589,16.563294904076653
marker,3.5,0.59,15.687660558559768
marker,3.5,0.591,14.834061749945853
marker,3.5,0.592,14.006848669971102
marker,3.5,0.593,13.20528422804269
marker,3.5,0.594,12.4293767779483
marker,3.5,0.595,11.688446445325063
marker,3.5,0.596,10.987610894321332
marker,3.5,0.597,10.326704657026987
marker,3.5,0.598,9.710449556937176
marker,3.5,0.599,9.14164977282291
marker,3.5,0.6,8.622067779899025
marker,3.5,0.601,8.155417692141075
marker,3.5,0.602,7.743823202363105
marker,3.5,0.603,7.386751861586596
marker,3.5,0.604,7.082572466391696
marker,3.5,0.605,6.829881495799175
marker,3.5,0.606,6.626643297699972
marker,3.5,0.607,6.469959711723445
marker,3.5,0.608,6.355469968392239
marker,3.5,0.609,6.275061821949323
marker,3.5,0.61,6.220936086352554
marker,3.5,0.611,6.1874613856966025
marker,3.5,0.612,6.170294169729423
marker,3.5,0.613,6.165768003853575
marker,3.5,0.614,6.170929124447681
marker,3.5,0.615,6.183171737571697
marker,3.5,0.616,6.200371178008741
marker,3.5,0.617,6.2209022774348455
marker,3.5,0.618,6.243457172629687
marker,3.5,0.619,6.2670636168421545
marker,3.5,0.62,6.291088490644778
marker,3.5,0.621,6.315074837772204
marker,3.5,0.622,6.338758467783224
marker,3.5,0.623,6.362056335268031
marker,3.5,0.624,6.384967653176168
marker,3.5,0.625,6.407523351566967
marker,3.5,0.626,6.429827747352626
marker,3.5,0.627,6.452027712509025
marker,3.5,0.628,6.474207486941633
marker,3.5,0.629,6.4965207212747975
marker,3.5,0.63,6.519124021071997
marker,3.5,0.631,6.5421484663348615
marker,3.5,0.632,6.565793962156338
marker,3.5,0.633,6.590228156381929
marker,3.5,0.634,6.615693823681436
marker,3.5,0.635,6.642428731725845
marker,3.5,0.636,6.670614610881112
marker,3.5,0.637,6.700415637306965
marker,3.5,0.638,6.731993260912935
marker,3.5,0.639,6.765507662673158
marker,3.5,0.64,6.801141114978881
marker,3.5,0.641,6.839098731933967
marker,3.5,0.642,6.879564497808281
marker,3.5,0.643,6.922544577119157
marker,3.5,0.644,6.967944542742106
marker,3.5,0.645,7.015571076809133
marker,3.5,0.646,7.065010524539651
marker,3.5,0.647,7.115798793052102
marker,3.5,0.648,7.16747484745414
marker,3.5,0.649,7.219578597202237
marker,3.5,0.65,7.271762645071091
marker,3.5,0.651,7.323490378385075
marker,3.5,0.652,7.374128752162068
marker,3.5,0.653,7.42320102150347
marker,3.5,0.654,7.4702261819115465
marker,3.5,0.655,7.5147540543292415
marker,3.5,0.656,7.556420345881123
marker,3.5,0.657,7.59499561919363
marker,3.5,0.658,7.629933172840088
marker,3.5,0.659,7.660987652533739
marker,3.5,0.66,7.687805867641694
marker,3.5,0.661,7.710157230128443
marker,3.5,0.662,7.728006722427741
marker,3.5,0.663,7.741093229256961
marker,3.5,0.664,7.7492086166558325
marker,3.5,0.665,7.752186403552144
marker,3.5,0.666,7.74943812208435
marker,3.5,0.667,7.741077108409452
marker,3.5,0.668,7.727213402692825
marker,3.5,0.669,7.708374313619498
marker,3.5,0.67,7.68536941324393
marker,3.5,0.671,7.658877053184904
marker,3.5,0.672,7.630129223765531
marker,3.5,0.673,7.6008426630958095
marker,3.5,0.674,7.57285506194747
marker,3.5,0.675,7.54864610448459
marker,3.5,0.676,7.531403531277482
marker,3.5,0.677,7.524894151017839
marker,3.5,0.678,7.533682662002824
marker,3.5,0.679,7.5633716521261665
marker,3.5,0.68,7.621148251710501
marker,3.5,0.681,7.714690245984034
marker,3.5,0.682,7.849212208944816
marker,3.5,0.683,8.025940044524571
marker,3.5,0.684,8.242953654458596
marker,3.5,0.685,8.497387869687039
marker,3.5,0.686,8.785588510275849
marker,3.5,0.687,9.106800655198347
marker,3.5,0.6880000000000001,9.459263101423685
marker,3.5,0.6890000000000001,9.844913834417087
marker,3.5,0.6900000000000001,10.264472544025406
marker,3.5,0.6910000000000001,10.72282043465313
marker,3.5,0.6920000000000001,11.225309075932401
marker,3.5,0.6930000000000001,11.774625115838573
marker,3.5,0.6940000000000001,12.377588512818395
marker,3.5,0.6950000000000001,13.046840252863095
marker,3.5,0.6960000000000001,13.786703148160072
marker,3.5,0.6970000000000001,14.60595734996046
marker,3.5,0.6980000000000001,15.509425259154293
marker,3.5,0.6990000000000001,16.50698711068603
marker,3.5,0.7000000000000001,17.59158563209271
marker,3.5,0.7010000000000001,18.749622940437458
marker,3.5,0.7020000000000001,19.972523028721042
marker,3.5,0.7030000000000001,21.25105307187228
marker,3.5,0.704,22.57990134228414
marker,3.5,0.705,23.95595570853378
marker,3.5,0.706,25.38274462162583
marker,3.5,0.707,26.852035427579132
marker,3.5,0.708,28.365873101740167
marker,3.5,0.709,29.91896155606083
marker,3.5,0.71,31.50739251640533
marker,3.5,0.711,33.1289959805768
marker,3.5,0.712,34.775878542115386
marker,3.5,0.713,36.44408421542692
marker,3.5,0.714,38.126433865916326
marker,3.5,0.715,39.81576296428046
marker,3.5,0.716,41.50882002881714
marker,3.5,0.717,43.19122379951745
marker,3.5,0.718,44.85735632660134
marker,3.5,0.719,46.50026241340023
marker,3.5,0.72,48.1058838515886
marker,3.5,0.721,49.66860810152433
marker,3.5,0.722,51.18060210271525
marker,3.5,0.723,52.63139887961357
marker,3.5,0.724,54.016864026562416
marker,3.5,0.725,55.327699450589115
marker,3.5,0.726,56.560216956874896
marker,3.5,0.727,57.706769276235036
marker,3.5,0.728,58.7616973823026
marker,3.5,0.729,59.71806447663307
marker,3.5,0.73,60.573740513045834
marker,3.5,0.731,61.33200552594718
marker,3.5,0.732,62.00187795446467
marker,3.5,0.733,62.579309169844
marker,3.5,0.734,63.07040292499562
marker,3.5,0.735,63.48108044189829
marker,3.5,0.736,63.81311491792427
marker,3.5,0.737,64.0765615572677
marker,3.5,0.738,64.28645135162166
marker,3.5,0.739,64.45024420330799
marker,3.5,0.74,64.57917446523774
marker,3.5,0.741,64.68071153957507
marker,3.5,0.742,64.76126156993993
marker,3.5,0.743,64.82578608662031
marker,3.5,0.744,64.87779137555144
marker,3.5,0.745,64.9195228570124
marker,3.5,0.746,64.95353416020251
marker,3.5,0.747,64.98073358334439
marker,3.5,0.748,65.00225126338613
marker,3.5,0.749,65.01923795768371
marker,3.5,0.75,65.03245986879378
marker,3.5,0.751,65.04280259368814
marker,3.5,0.752,65.05094292326575
marker,3.5,0.753,65.05760921956008
marker,3.5,0.754,65.06341927588801
marker,3.5,0.755,65.06895000084909
marker,3.5,0.756,65.07475960241251
marker,3.5,0.757,65.08124420537973
marker,3.5,0.758,65.08870958990268
marker,3.5,0.759,65.09750123772024
marker,3.5,0.76,65.10803583779386
marker,3.5,0.761,65.12062858874243
marker,3.5,0.762,65.13540706883667
marker,3.5,0.763,65.15251152576045
marker,3.5,0.764,65.17208591149783
marker,3.5,0.765,65.19429392275734
marker,3.5,0.766,65.21920445925899
marker,3.5,0.767,65.2470207975296
marker,3.5,0.768,65.27805328461118
marker,3.5,0.769,65.31268953644764
marker,3.5,0.77,65.3514280334631
marker,3.5,0.771,65.39485656247105
marker,3.5,0.772,65.4437072690685
marker,3.5,0.773,65.4986255436879
marker,3.5,0.774,65.55947009495651
marker,3.5,0.775,65.62597980230339
marker,3.5,0.776,65.69778921957605
marker,3.5,0.777,65.7744012274056
marker,3.5,0.778,65.85539049621319
marker,3.5,0.779,65.94032862906256
marker,3.5,0.78,66.02864024944459
marker,3.5,0.781,66.11980548880189
marker,3.5,0.782,66.21337293018053
marker,3.5,0.783,66.30904665236932
marker,3.5,0.784,66.40614051597177
marker,3.5,0.785,66.50419396116018
marker,3.5,0.786,66.60220423555289
marker,3.5,0.787,66.69960437314796
marker,3.5,0.788,66.79559487579269
marker,3.5,0.789,66.88894128649706
marker,3.5,0.79,66.97923754215032
marker,3.5,0.791,67.06533954454837
marker,3.5,0.792,67.1462871417131
marker,3.5,0.793,67.22159835293193
marker,3.5,0.794,67.28979308675912
marker,3.5,0.795,67.34943432739476
marker,3.5,0.796,67.39856400386117
marker,3.5,0.797,67.4352033345385
marker,3.5,0.798,67.45745213298922
marker,3.5,0.799,67.46269322669414
marker,3.5,0.8,67.44911051840555
marker,3.5,0.801,67.416627967052
marker,3.5,0.802,67.36539817193027
marker,3.5,0.803,67.29449386960496
marker,3.5,0.804,67.2033656414517
marker,3.5,0.805,67.09084635821647
marker,3.5,0.806,66.9574899201578
marker,3.5,0.807,66.80189909947619
marker,3.5,0.808,66.62462719383458
marker,3.5,0.809,66.42572230014129
marker,3.5,0.81,66.20593093427051
marker,3.5,0.811,65.96471692073719
marker,3.5,0.812,65.7042679033346
marker,3.5,0.8130000000000001,65.4227579730338
marker,3.5,0.8140000000000001,65.12096050901243
marker,3.5,0.8150000000000001,64.80019766897072
marker,3.5,0.8160000000000001,64.4595003048285
marker,3.5,0.8170000000000001,64.10049172217805
marker,3.5,0.8180000000000001,63.72393446886802
marker,3.5,0.8190000000000001,63.33104977472724
marker,3.5,0.8200000000000001,62.92387455037468
marker,3.5,0.8210000000000001,62.50082196682945
marker,3.5,0.8220000000000001,62.06489052944027
marker,3.5,0.8230000000000001,61.61455027205144
marker,3.5,0.8240000000000001,61.15201887180324
marker,3.5,0.8250000000000001,60.6761349154165
marker,3.5,0.8260000000000001,60.18755304041555
marker,3.5,0.8270000000000001,59.685969343015365
marker,3.5,0.8280000000000001,59.172438504396915
marker,3.5,0.8290000000000001,58.64728199096704
marker,3.5,0.8300000000000001,58.10938285494394
marker,3.5,0.8310000000000001,57.5606278781385
marker,3.5,0.8320000000000001,57.00259004676203
marker,3.5,0.833,56.436777235021964
marker,3.5,0.834,55.862440239120275
marker,3.5,0.835,55.28091415055151
marker,3.5,0.836,54.69410343932033
marker,3.5,0.837,54.10234807894114
marker,3.5,0.838,53.50565116882921
marker,3.5,0.839,52.904638715337335
marker,3.5,0.84,52.30104703470065
marker,3.5,0.841,51.69430123682076
marker,3.5,0.842,51.08491151454323
marker,3.5,0.843,50.4735563155041
marker,3.5,0.844,49.86313938190106
marker,3.5,0.845,49.251861178687044
marker,3.5,0.846,48.64219894115158
marker,3.5,0.847,48.03367309782356
marker,3.5,0.848,47.43039806215262
marker,3.5,0.849,46.83232660887486
marker,3.5,0.85,46.2408759237909
marker,3.5,0.851,45.6568064072969
marker,3.5,0.852,45.082425622042216
marker,3.5,0.853,44.517569476420036
marker,3.5,0.854,43.96336210628255
marker,3.5,0.855,43.421424792972175
marker,3.5,0.856,42.89277851651463
marker,3.5,0.857,42.377034873251866
marker,3.5,0.858,41.874465661508296
marker,3.5,0.859,41.38711235518575
marker,3.5,0.86,40.915510965441555
marker,3.5,0.861,40.45997308454673
marker,3.5,0.862,40.02167059940625
marker,3.5,0.863,39.60228692808879
marker,3.5,0.864,39.203303518512435
marker,3.5,0.865,38.82734417546717
marker,3.5,0.866,38.47422797909028
marker,3.5,0.867,38.14188825301981
marker,3.5,0.868,37.8282310800155
marker,3.5,0.869,37.53171048324127
marker,3.5,0.87,37.25440661476715
marker,3.5,0.871,36.994785221399766
marker,3.5,0.872,36.752735474837806
marker,3.5,0.873,36.52534369069907
marker,3.5,0.874,36.3112106806391
marker,3.5,0.875,36.107467333252906
marker,3.5,0.876,35.91400165637
marker,3.5,0.877,35.728543411589015
marker,3.5,0.878,35.54937402844312
marker,3.5,0.879,35.373819824530266
marker,3.5,0.88,35.201922899987
marker,3.5,0.881,35.033344727813244
marker,3.5,0.882,34.86833540537647
marker,3.5,0.883,34.70813175250781
marker,3.5,0.884,34.55457495599074
marker,3.5,0.885,34.41029992586176
marker,3.5,0.886,34.27776876126214
marker,3.5,0.887,34.15957021392878
marker,3.5,0.888,34.057725981986536
marker,3.5,0.889,33.97403721500669
marker,3.5,0.89,33.910093415598986
marker,3.5,0.891,33.86640069038382
marker,3.5,0.892,33.840411499709404
marker,3.5,0.893,33.82807186443682
marker,3.5,0.894,33.82582809109919
marker,3.5,0.895,33.83178258198167
marker,3.5,0.896,33.84407659733593
marker,3.5,0.897,33.861033537416645
marker,3.5,0.898,33.881386814411734
marker,3.5,0.899,33.90398584602315
marker,3.5,0.9,33.92796497776323
marker,3.5,0.901,33.95256389209895
marker,3.5,0.902,33.97692804568125
marker,3.5,0.903,34.00056379561994
marker,3.5,0.904,34.02315290356076
marker,3.5,0.905,34.04428378995897
marker,3.5,0.906,34.06356508443433
marker,3.5,0.907,34.08048513560828
marker,3.5,0.908,34.09487354247115
marker,3.5,0.909,34.106439340814575
marker,3.5,0.91,34.11523684174104
marker,3.5,0.911,34.121290144992784
marker,3.5,0.912,34.12478394588866
marker,3.5,0.913,34.12585283342398
marker,3.5,0.914,34.1249649281695
marker,3.5,0.915,34.122359125458274
marker,3.5,0.916,34.11833311013743
marker,3.5,0.917,34.11314687259927
marker,3.5,0.918,34.10696039752796
marker,3.5,0.919,34.09980695294137
marker,3.5,0.92,34.09177144028933
marker,3.5,0.921,34.08267200601418
marker,3.5,0.922,34.072601047452345
marker,3.5,0.923,34.061462668641425
marker,3.5,0.924,34.049352967583474
marker,3.5,0.925,34.03637567041623
marker,3.5,0.926,34.02231582613222
marker,3.5,0.927,34.00690002252426
marker,3.5,0.928,33.99021675389489
marker,3.5,0.929,33.97237642830754
marker,3.5,0.93,33.953101635251976
marker,3.5,0.931,33.932633348785
marker,3.5,0.932,33.9108459524269
marker,3.5,0.933,33.888001778681364
marker,3.5,0.934,33.86405318915594
marker,3.5,0.935,33.83933701449868
marker,3.5,0.936,33.81393614118151
marker,3.5,0.937,33.78812061552558
marker,3.5,0.9380000000000001,33.76173483784912
marker,3.5,0.9390000000000001,33.73536270787411
marker,3.5,0.9400000000000001,33.708874788276106
marker,3.5,0.9410000000000001,33.68254644392544
marker,3.5,0.9420000000000001,33.65653205670561
marker,3.5,0.9430000000000001,33.63079701620877
marker,3.5,0.9440000000000001,33.605761705862115
marker,3.5,0.9450000000000001,33.581416664932114
marker,3.5,0.9460000000000001,33.557706209498555
marker,3.5,0.9470000000000001,33.53446898071565
marker,3.5,0.9480000000000001,33.511634370769784
marker,3.5,0.9490000000000001,33.48903453678804
marker,3.5,0.9500000000000001,33.46621254435822
marker,3.5,0.9510000000000001,33.4433314735968
marker,3.5,0.9520000000000001,33.4196743040453
marker,3.5,0.9530000000000001,33.39502771970292
marker,3.5,0.9540000000000001,33.36947278592263
marker,3.5,0.9550000000000001,33.34319590076094
marker,3.5,0.9560000000000001,33.3154931005443
marker,3.5,0.9570000000000001,33.28696704388755
marker,3.5,0.9580000000000001,33.25736784794573
marker,3.5,0.9590000000000001,33.22699862536206
marker,3.5,0.96,33.19592894902006
marker,3.5,0.961,33.16487443248722
marker,3.5,0.962,33.13445592016929
marker,3.5,0.963,33.10636285333199
marker,3.5,0.964,33.08164635701983
marker,3.5,0.965,33.06102890333436
marker,3.5,0.966,33.04395425381112
marker,3.5,0.967,33.02859417533003
marker,3.5,0.968,33.014493247093036
marker,3.5,0.969,33.00192041891066
marker,3.5,0.97,32.99074407052535
marker,3.5,0.971,32.98105181218665
marker,3.5,0.972,32.97258340887061
marker,3.5,0.973,32.9649568401162
marker,3.5,0.974,32.95800310246715
marker,3.5,0.975,32.9519530148463
marker,3.5,0.976,32.94684858803977
marker,3.5,0.977,32.94254117010717
marker,3.5,0.978,32.93909095919163
marker,3.5,0.979,32.93622303576446
marker,3.5,0.98,32.934395517461496
marker,3.5,0.981,32.933370784856756
marker,3.5,0.982,32.93345118073353
marker,3.5,0.983,32.93465650141017
marker,3.5,0.984,32.93716143506158
marker,3.5,0.985,32.942813759029974
marker,3.5,0.986,32.95618101603724
marker,3.5,0.987,32.98453123851387
marker,3.5,0.988,33.03004867976613
marker,3.5,0.989,33.09434552830364
marker,3.5,0.99,33.175334896668645
marker,3.5,0.991,33.267916772663845
marker,3.5,0.992,33.3647894956688
marker,3.5,0.993,33.45765030383438
marker,3.5,0.994,33.539893677269106
marker,3.5,0.995,33.607230545703736
marker,3.5,0.996,33.659300339412326
marker,3.5,0.997,33.697364736018194
marker,3.5,0.998,33.723727425645556
marker,3.5,0.999,33.74144352528942
marker,3.5,1.0,33.754407333374246
axle,0,0.0,8.595785517646805
axle,0,0.001,8.544777354918585
axle,0,0.002,8.499113716569312
axle,0,0.003,8.457233989423013
axle,0,0.004,8.417818864982527
axle,0,0.005,8.380129594199898
axle,0,0.006,8.342854920902115
axle,0,0.007,8.304778978750965
axle,0,0.008,8.264846979502977
axle,0,0.009000000000000001,8.222672160773412
axle,0,0.01,8.17833724376634
axle,0,0.011,8.132345271545546
axle,0,0.012,8.085520242209352
axle,0,0.013000000000000001,8.038806773047972
axle,0,0.014,7.992918269462925
axle,0,0.015,7.948399739748475
axle,0,0.016,7.905810539471955
axle,0,0.017,7.865641589640116
axle,0,0.018000000000000002,7.8280694109379025
axle,0,0.019,7.793048052403669
axle,0,0.02,7.760465014470018
axle,0,0.021,7.729920479300514
axle,0,0.022,7.70081409837003
axle,0,0.023,7.672600917217477
axle,0,0.024,7.645077624308548
axle,0,0.025,7.618235591207558
axle,0,0.026000000000000002,7.592108423488697
axle,0,0.027,7.566690466190751
axle,0,0.028,7.542007862518103
axle,0,0.029,7.51808989194441
axle,0,0.03,7.494907912727308
axle,0,0.031,7.472475768082462
axle,0,0.032,7.450823247193848
axle,0,0.033,7.430050731291289
axle,0,0.034,7.410181010434172
axle,0,0.035,7.391205634597251
axle,0,0.036000000000000004,7.373013011147697
axle,0,0.037,7.355507259092231
axle,0,0.038,7.338490772261219
axle,0,0.039,7.321777632533755
axle,0,0.04,7.305193886075963
axle,0,0.041,7.288479946948849
axle,0,0.042,7.271230499506102
axle,0,0.043000000000000003,7.252875205486769
axle,0,0.044,7.233068271379368
axle,0,0.045,7.211593024144278
axle,0,0.046,7.18845518777915
axle,0,0.047,7.163767544411009
axle,0,0.048,7.137738950151663
axle,0,0.049,7.110675016196545
axle,0,0.05,7.082893398342085
axle,0,0.051000000000000004,7.054596856416542
axle,0,0.052000000000000005,7.025946182868793
axle,0,0.053,6.997115403232176
axle,0,0.054,6.968226076468477
axle,0,0.055,6.93941741460347
axle,0,0.056,6.910843964218389
axle,0,0.057,6.88267797441801
axle,0,0.058,6.85506144054622
axle,0,0.059000000000000004,6.828085561845559
axle,0,0.06,6.80178129149776
axle,0,0.061,6.776140181911929
axle,0,0.062,6.751143222971069
axle,0,0.063,6.726747842730999
axle,0,0.064,6.7029096843021305
axle,0,0.065,6.679561496662475
axle,0,0.066,6.65662914734429
axle,0,0.067,6.634008409674466
axle,0,0.068,6.611597896917315
axle,0,0.069,6.589340916269216
axle,0,0.07,6.567196923682093
axle,0,0.07100000000000001,6.54506780661153
axle,0,0.07200000000000001,6.5229073299721785
axle,0,0.073,6.500673322067399
axle,0,0.074,6.4783423164504415
axle,0,0.075,6.455874070700948
axle,0,0.076,6.43332630603954
axle,0,0.077,6.410858831109915
axle,0,0.078,6.388721934851938
axle,0,0.079,6.367343906783427
axle,0,0.08,6.347276483830638
axle,0,0.081,6.329151472004355
axle,0,0.082,6.313714671136403
axle,0,0.083,6.301906913663079
axle,0,0.084,6.294719552510304
axle,0,0.085,6.293275447879366
axle,0,0.08600000000000001,6.298791661697761
axle,0,0.08700000000000001,6.312513901285642
axle,0,0.088,6.335820871756055
axle,0,0.089,6.3701158128881685
axle,0,0.09,6.416493290951608
axle,0,0.091,6.476097127250603
axle,0,0.092,6.549152998395167
axle,0,0.093,6.634882051191302
axle,0,0.094,6.731088939125978
axle,0,0.095,6.834670710713287
axle,0,0.096,6.942116271634442
axle,0,0.097,7.0488389515267835
axle,0,0.098,7.150800172204482
axle,0,0.099,7.241821848409072
axle,0,0.1,7.317161798965255
axle,0,0.101,7.372928295193305
axle,0,0.10200000000000001,7.4063931980043805
axle,0,0.10300000000000001,7.415295890812406
axle,0,0.10400000000000001,7.399098597720564
axle,0,0.105,7.356735805651595
axle,0,0.106,7.289683808331935
axle,0,0.107,7.196509868786054
axle,0,0.108,7.078328570446379
axle,0,0.109,6.9372462318869035
axle,0,0.11,6.77333105276641
axle,0,0.111,6.588108140050322
axle,0,0.112,6.387075006995367
axle,0,0.113,6.174519343796847
axle,0,0.114,5.953147429592666
axle,0,0.115,5.727698787831043
axle,0,0.116,5.503368147807312
axle,0,0.117,5.283830026535573
axle,0,0.11800000000000001,5.072309633896966
axle,0,0.11900000000000001,4.873107541629619
axle,0,0.12,4.689560631465625
axle,0,0.121,4.522497271164053
axle,0,0.122,4.373372155382815
axle,0,0.123,4.247077078789527
axle,0,0.124,4.143916085847108
axle,0,0.125,4.060884992363323
axle,0,0.126,3.996268542156596
axle,0,0.127,3.9457944192000434
axle,0,0.128,3.907177399252406
axle,0,0.129,3.877797330789503
axle,0,0.13,3.856787296970758
axle,0,0.131,3.842750216158587
axle,0,0.132,3.8353209948588174
axle,0,0.133,3.832587951712436
axle,0,0.134,3.834704049750547
axle,0,0.135,3.8422184586836696
axle,0,0.136,3.8543288949985164
axle,0,0.137,3.872408149913837
axle,0,0.138,3.895399021001941
axle,0,0.139,3.9241478909382486
axle,0,0.14,3.9575136410164635
axle,0,0.14100000000000001,3.997833667209432
axle,0,0.14200000000000002,4.043986235752953
axle,0,0.14300000000000002,4.096201398274262
axle,0,0.14400000000000002,4.155531551019003
axle,0,0.145,4.223831286827782
axle,0,0.146,4.301604998715554
axle,0,0.147,4.391852504650284
axle,0,0.148,4.498146501571577
axle,0,0.149,4.621525038326634
axle,0,0.15,4.763458245441746
axle,0,0.151,4.920413723263767
axle,0,0.152,5.0900884113168425
axle,0,0.153,5.269371501483677
axle,0,0.154,5.4562647791269
axle,0,0.155,5.649004408465788
axle,0,0.156,5.845116726210109
axle,0,0.157,6.039506479002443
axle,0,0.158,6.229200776661973
axle,0,0.159,6.410458280083778
axle,0,0.16,6.579892929106534
axle,0,0.161,6.735697496048486
axle,0,0.162,6.874496616048594
axle,0,0.163,6.992170752440822
axle,0,0.164,7.088082263972062
axle,0,0.165,7.160048637731851
axle,0,0.166,7.207134843504503
axle,0,0.167,7.227111642072015
axle,0,0.168,7.220449532826349
axle,0,0.169,7.186991167673873
axle,0,0.17,7.12627206151039
axle,0,0.171,7.039677096867908
axle,0,0.17200000000000001,6.927761296064633
axle,0,0.17300000000000001,6.794379467381712
axle,0,0.17400000000000002,6.641273017827791
axle,0,0.17500000000000002,6.471726794438347
axle,0,0.176,6.290469018455206
axle,0,0.177,6.10152104008927
axle,0,0.178,5.910078355801352
axle,0,0.179,5.721834995851573
axle,0,0.18,5.541721413455818
axle,0,0.181,5.376287849068671
axle,0,0.182,5.232436636895999
axle,0,0.183,5.114917134439444
axle,0,0.184,5.026707287346531
axle,0,0.185,4.968357061424188
axle,0,0.186,4.938196070643486
axle,0,0.187,4.933962776329334
axle,0,0.188,4.953258174441203
axle,0,0.189,4.993956052591143
axle,0,0.19,5.052956768883677
axle,0,0.191,5.126035028143963
axle,0,0.192,5.208809572617012
axle,0,0.193,5.2962745247195615
axle,0,0.194,5.384490718182927
axle,0,0.195,5.47044930479159
axle,0,0.196,5.550937849793878
axle,0,0.197,5.624108243601582
axle,0,0.198,5.688697536512527
axle,0,0.199,5.743986630264115
axle,0,0.2,5.790356032100023
axle,0,0.201,5.8277387256848705
axle,0,0.202,5.856241097816352
axle,0,0.203,5.875588313057691
axle,0,0.20400000000000001,5.885976660183072
axle,0,0.20500000000000002,5.887466058713167
axle,0,0.20600000000000002,5.880863297186877
axle,0,0.20700000000000002,5.865516589751331
axle,0,0.20800000000000002,5.839976551412886
axle,0,0.209,5.805546597411071
axle,0,0.21,5.760652252677211
axle,0,0.211,5.703224962241308
axle,0,0.212,5.630218473636845
axle,0,0.213,5.544268827633285
axle,0,0.214,5.442132411032243
axle,0,0.215,5.323091463051562
axle,0,0.216,5.1876956338873335
axle,0,0.217,5.0361968250603875
axle,0,0.218,4.869738234304434
axle,0,0.219,4.690992886593511
axle,0,0.22,4.50191030090862
axle,0,0.221,4.302328543656744
axle,0,0.222,4.098321032992008
axle,0,0.223,3.8950735526002425
axle,0,0.224,3.69696837168978
axle,0,0.225,3.5090424223713073
axle,0,0.226,3.3335905152059175
axle,0,0.227,3.1773649515460978
axle,0,0.228,3.041021031425861
axle,0,0.229,2.9263153343236215
axle,0,0.23,2.833249437032109
axle,0,0.231,2.7602292461311153
axle,0,0.232,2.704366876891745
axle,0,0.233,2.6630475766649857
axle,0,0.234,2.6310529490541503
axle,0,0.23500000000000001,2.605463374891394
axle,0,0.23600000000000002,2.5834757678693268
axle,0,0.23700000000000002,2.563257644962924
axle,0,0.23800000000000002,2.5431379062030945
axle,0,0.23900000000000002,2.52265286109027
axle,0,0.24,2.5018133685848793
axle,0,0.241,2.481291964524488
axle,0,0.242,2.4619203863833405
axle,0,0.243,2.4429988422696396
axle,0,0.244,2.425353651446241
axle,0,0.245,2.4091013652960784
axle,0,0.246,2.3936108572621797
axle,0,0.247,2.3782081033433946
axle,0,0.248,2.3619254619420555
axle,0,0.249,2.3442475347815823
axle,0,0.25,2.324773458645214
axle,0,0.251,2.3041415594399735
axle,0,0.252,2.2816704392413056
axle,0,0.253,2.2565799450655293
axle,0,0.254,2.229557418025576
axle,0,0.255,2.200518388962194
axle,0,0.256,2.1691300680482355
axle,0,0.257,2.136540168193927
axle,0,0.258,2.1014655711983012
axle,0,0.259,2.063974016155469
axle,0,0.26,2.025617898438642
axle,0,0.261,1.9868657009170883
axle,0,0.262,1.9485226453194213
axle,0,0.263,1.9131456227980412
axle,0,0.264,1.8841253315354267
axle,0,0.265,1.866734270187956
axle,0,0.266,1.864648454652731
axle,0,0.267,1.8829559984166204
axle,0,0.268,1.9244079998262609
axle,0,0.269,1.9917952082459833
axle,0,0.27,2.087179721775929
axle,0,0.271,2.2081016340877118
axle,0,0.272,2.353138357968374
axle,0,0.273,2.5169749295260235
axle,0,0.274,2.695787280732713
axle,0,0.275,2.887634598097117
axle,0,0.276,3.0861201281822317
axle,0,0.277,3.2875178861203764
axle,0,0.278,3.487131234151602
axle,0,0.279,3.6839796717002846
axle,0,0.28,3.8759412929315302
axle,0,0.281,4.059510082743389
axle,0,0.28200000000000003,4.233541421680136
axle,0,0.28300000000000003,4.400109584494901
axle,0,0.28400000000000003,4.560111485358989
axle,0,0.28500000000000003,4.718795997875163
axle,0,0.28600000000000003,4.87921157272483
axle,0,0.28700000000000003,5.043339376649307
axle,0,0.28800000000000003,5.205278193516605
axle,0,0.289,5.363988365521826
axle,0,0.29,5.512135604713659
axle,0,0.291,5.649913904724896
axle,0,0.292,5.778807831568257
axle,0,0.293,5.902128330362542
axle,0,0.294,6.02082815548241
axle,0,0.295,6.1358449066735785
axle,0,0.296,6.246428113818789
axle,0,0.297,6.35188815506141
axle,0,0.298,6.449994708850146
axle,0,0.299,6.5387561296508006
axle,0,0.3,6.617088953741264
axle,0,0.301,6.682452970187007
axle,0,0.302,6.733674427132597
axle,0,0.303,6.767615189741668
axle,0,0.304,6.785570378083822
axle,0,0.305,6.786607451227332
axle,0,0.306,6.77136336461382
axle,0,0.307,6.740625913366623
axle,0,0.308,6.696440877733115
axle,0,0.309,6.640679913207817
axle,0,0.31,6.575639288476811
axle,0,0.311,6.503380953416751
axle,0,0.312,6.424193486526915
axle,0,0.313,6.338705332650484
axle,0,0.314,6.248539869801534
axle,0,0.315,6.1541266127310985
axle,0,0.316,6.057048083166731
axle,0,0.317,5.95760159623234
axle,0,0.318,5.856986028081389
axle,0,0.319,5.755874645100948
axle,0,0.32,5.655207945258152
axle,0,0.321,5.55593797907177
axle,0,0.322,5.458919080284842
axle,0,0.323,5.365167020427518
axle,0,0.324,5.275432374124281
axle,0,0.325,5.190857485548927
axle,0,0.326,5.11129595279223
axle,0,0.327,5.0349628030938245
axle,0,0.328,4.960529446064192
axle,0,0.329,4.887756802560054
axle,0,0.33,4.816572426254729
axle,0,0.331,4.746927227222207
axle,0,0.332,4.6790308438286035
axle,0,0.333,4.612747372738057
axle,0,0.334,4.548011154615354
axle,0,0.335,4.484955036960144
axle,0,0.336,4.423731713798578
axle,0,0.337,4.364267871421372
axle,0,0.338,4.306641130915918
axle,0,0.339,4.251276294275313
axle,0,0.34,4.198897519330737
axle,0,0.341,4.1506498656701964
axle,0,0.342,4.10716469364782
axle,0,0.343,4.068997525831535
axle,0,0.34400000000000003,4.035926760174311
axle,0,0.34500000000000003,4.007177801936706
axle,0,0.34600000000000003,3.981774007825547
axle,0,0.34700000000000003,3.958798114807821
axle,0,0.34800000000000003,3.9377792574532466
axle,0,0.34900000000000003,3.918606532078839
axle,0,0.35000000000000003,3.9012283104310996
axle,0,0.35100000000000003,3.8854366637345574
axle,0,0.352,3.870987742477188
axle,0,0.353,3.8575752669177423
axle,0,0.354,3.8450068901871686
axle,0,0.355,3.833677135038649
axle,0,0.356,3.8240620186099235
axle,0,0.357,3.8161355348426653
axle,0,0.358,3.8087642206126424
axle,0,0.359,3.800153279769398
axle,0,0.36,3.788455788994688
axle,0,0.361,3.7723749469632324
axle,0,0.362,3.7518612311488595
axle,0,0.363,3.7278027788851786
axle,0,0.364,3.7017453146254082
axle,0,0.365,3.6749568303711895
axle,0,0.366,3.6478369376944864
axle,0,0.367,3.6204567918761836
axle,0,0.368,3.592656029471201
axle,0,0.369,3.5638644190659607
axle,0,0.37,3.5343545652558914
axle,0,0.371,3.505697032706938
axle,0,0.372,3.479827555829964
axle,0,0.373,3.458371043125068
axle,0,0.374,3.442281120945414
axle,0,0.375,3.4315016909176945
axle,0,0.376,3.426157787911221
axle,0,0.377,3.4262975594573217
axle,0,0.378,3.4316585338262664
axle,0,0.379,3.441956553885875
axle,0,0.38,3.4574143055098574
axle,0,0.381,3.478304548230016
axle,0,0.382,3.5049549074483726
axle,0,0.383,3.5369662536255873
axle,0,0.384,3.572412932016963
axle,0,0.385,3.6088779293899655
axle,0,0.386,3.6442701405249953
axle,0,0.387,3.6774461105098024
axle,0,0.388,3.7080333547579274
axle,0,0.389,3.7359982923365926
axle,0,0.39,3.7612078552684918
axle,0,0.391,3.783874046527034
axle,0,0.392,3.804564643024653
axle,0,0.393,3.823833373707926
axle,0,0.394,3.842305051539319
axle,0,0.395,3.8602269624063545
axle,0,0.396,3.877321290472236
axle,0,0.397,3.892962434294724
axle,0,0.398,3.906822869557758
axle,0,0.399,3.9183390503680267
axle,0,0.4,3.9267484483136923
axle,0,0.401,3.931389679496409
axle,0,0.402,3.9321371357458395
axle,0,0.403,3.9293711653271046
axle,0,0.404,3.923744416371176
axle,0,0.405,3.9159006240131773
axle,0,0.406,3.906428419857694
axle,0,0.40700000000000003,3.895912739048651
axle,0,0.40800000000000003,3.884859306468602
axle,0,0.40900000000000003,3.873713106078548
axle,0,0.41000000000000003,3.862823715881695
axle,0,0.41100000000000003,3.852778417828294
axle,0,0.41200000000000003,3.844612400844312
axle,0,0.41300000000000003,3.8395555223555795
axle,0,0.41400000000000003,3.8386500860455555
axle,0,0.41500000000000004,3.842620610378762
axle,0,0.41600000000000004,3.8516234586445686
axle,0,0.417,3.8652626929761453
axle,0,0.418,3.8826484420645735
axle,0,0.419,3.9023808017734396
axle,0,0.42,3.923128226735615
axle,0,0.421,3.9439455292926704
axle,0,0.422,3.9647722531609135
axle,0,0.423,3.9858610134486976
axle,0,0.424,4.007508486639718
axle,0,0.425,4.029932655909556
axle,0,0.426,4.053269837031664
axle,0,0.427,4.077708406477419
axle,0,0.428,4.103406497458235
axle,0,0.429,4.130266393141396
axle,0,0.43,4.15783975998006
axle,0,0.431,4.185851932501554
axle,0,0.432,4.214399693787508
axle,0,0.433,4.244127108895748
axle,0,0.434,4.27589358967661
axle,0,0.435,4.310627353346682
axle,0,0.436,4.348974803390515
axle,0,0.437,4.3909860374514365
axle,0,0.438,4.435697759004191
axle,0,0.439,4.481447687658159
axle,0,0.44,4.52612770920825
axle,0,0.441,4.567885022597191
axle,0,0.442,4.605521080396061
axle,0,0.443,4.638306330046701
axle,0,0.444,4.665840768320401
axle,0,0.445,4.688030882742952
axle,0,0.446,4.704980455247405
axle,0,0.447,4.717167186070776
axle,0,0.448,4.725259757803626
axle,0,0.449,4.730207014134914
axle,0,0.45,4.733261650946231
axle,0,0.451,4.735850818936224
axle,0,0.452,4.738997715929874
axle,0,0.453,4.743568404590569
axle,0,0.454,4.750764755066783
axle,0,0.455,4.761091429992203
axle,0,0.456,4.77435042806279
axle,0,0.457,4.789658225187452
axle,0,0.458,4.805686889189249
axle,0,0.459,4.821363137792027
axle,0,0.46,4.8360521787265345
axle,0,0.461,4.848625358237645
axle,0,0.462,4.857400012915415
axle,0,0.463,4.860502613831
axle,0,0.464,4.856789264078312
axle,0,0.465,4.847559245312802
axle,0,0.466,4.836278918896683
axle,0,0.467,4.826693102065943
axle,0,0.468,4.822019118750685
axle,0,0.46900000000000003,4.824346201808873
axle,0,0.47000000000000003,4.834357675332325
axle,0,0.47100000000000003,4.851556411642552
axle,0,0.47200000000000003,4.873939058515642
axle,0,0.47300000000000003,4.899617727002009
axle,0,0.47400000000000003,4.926966429830285
axle,0,0.47500000000000003,4.955327814685675
axle,0,0.47600000000000003,4.98455869959867
axle,0,0.47700000000000004,5.014114775019067
axle,0,0.47800000000000004,5.043091005582393
axle,0,0.47900000000000004,5.0697708343332595
axle,0,0.48,5.092674356590309
axle,0,0.481,5.1114991803518075
axle,0,0.482,5.126685741440363
axle,0,0.483,5.1394494038631136
axle,0,0.484,5.151699717003271
axle,0,0.485,5.16511174683881
axle,0,0.486,5.179966151738438
axle,0,0.487,5.194826710122112
axle,0,0.488,5.207077605449968
axle,0,0.489,5.214282545553951
axle,0,0.49,5.215290176637955
axle,0,0.491,5.210655710384061
axle,0,0.492,5.201654276261792
axle,0,0.493,5.190622038979041
axle,0,0.494,5.180448543493549
axle,0,0.495,5.172467762187421
axle,0,0.496,5.16686589192331
axle,0,0.497,5.164049274861843
axle,0,0.498,5.16494100333972
axle,0,0.499,5.169570981861446
axle,0,0.5,5.177092351332617
axle,0,0.501,5.186052584692633
axle,0,0.502,5.1946789645588884
axle,0,0.503,5.200936392397868
axle,0,0.504,5.202790178612113
axle,0,0.505,5.198963240349864
axle,0,0.506,5.188855861286645
axle,0,0.507,5.172718915427304
axle,0,0.508,5.151204346496801
axle,0,0.509,5.125981088188462
axle,0,0.51,5.098731974785144
axle,0,0.511,5.070208299638987
axle,0,0.512,5.04049290641181
axle,0,0.513,5.009991303366624
axle,0,0.514,4.979203478117665
axle,0,0.515,4.948923047164804
axle,0,0.516,4.919630456083439
axle,0,0.517,4.890783200290299
axle,0,0.518,4.860971842750657
axle,0,0.519,4.827281481420332
axle,0,0.52,4.785662826014285
axle,0,0.521,4.732558768411514
axle,0,0.522,4.665592516203025
axle,0,0.523,4.583521361031397
axle,0,0.524,4.486429375341986
axle,0,0.525,4.376741757567473
axle,0,0.526,4.258353718372334
axle,0,0.527,4.135785790805232
axle,0,0.528,4.01254931531217
axle,0,0.529,3.8909232798235154
axle,0,0.53,3.7719631498866306
axle,0,0.531,3.6559314324789107
axle,0,0.532,3.5421960561264245
axle,0,0.533,3.4289246161785
axle,0,0.534,3.314227694529978
axle,0,0.535,3.1959897380211406
axle,0,0.536,3.072556552273466
axle,0,0.537,2.943632984615867
axle,0,0.538,2.8101537806465395
axle,0,0.539,2.6747774691821182
axle,0,0.54,2.543646689679304
axle,0,0.541,2.4249595373405395
axle,0,0.542,2.3294595425729443
axle,0,0.543,2.268774618774328
axle,0,0.544,2.253625994379999
axle,0,0.545,2.2902629463224438
axle,0,0.546,2.3782784695225754
axle,0,0.547,2.510492951182739
axle,0,0.548,2.6765996995608887
axle,0,0.549,2.864347468527556
axle,0,0.55,3.0627230575838458
axle,0,0.551,3.264666736771097
axle,0,0.552,3.4646815926973704
axle,0,0.553,3.6583904597447865
axle,0,0.554,3.8413315228161213
axle,0,0.555,4.00972383850529
axle,0,0.556,4.161468821398711
axle,0,0.557,4.287383800621559
axle,0,0.558,4.384291431276302
axle,0,0.559,4.446636413953285
axle,0,0.56,4.469943334791735
axle,0,0.561,4.4486232696846875
axle,0,0.562,4.38436337407253
axle,0,0.5630000000000001,4.275706081461858
axle,0,0.5640000000000001,4.129943180071558
axle,0,0.5650000000000001,3.960980693712605
axle,0,0.5660000000000001,3.7879364120482677
axle,0,0.5670000000000001,3.643248709640541
axle,0,0.5680000000000001,3.573188449310174
axle,0,0.5690000000000001,3.6295608533815304
axle,0,0.5700000000000001,3.8545666747842664
axle,0,0.5710000000000001,4.264722052034645
axle,0,0.5720000000000001,4.846167277895897
axle,0,0.5730000000000001,5.56652162157688
axle,0,0.5740000000000001,6.388427122096875
axle,0,0.5750000000000001,7.279782525760697
axle,0,0.5760000000000001,8.216099245668529
axle,0,0.577,9.175989893727248
axle,0,0.578,10.13549393363445
axle,0,0.579,11.071037111716079
axle,0,0.58,11.958363205209613
axle,0,0.581,12.78520625509266
axle,0,0.582,13.542286074895957
axle,0,0.583,14.224292181582543
axle,0,0.584,14.821627954477798
axle,0,0.585,15.328855335840377
axle,0,0.586,15.740245621170555
axle,0,0.587,16.05339242505923
axle,0,0.588,16.27177579935189
axle,0,0.589,16.39842965850355
axle,0,0.59,16.43652695765373
axle,0,0.591,16.39559930529018
axle,0,0.592,16.28565572995652
axle,0,0.593,16.114324901693944
axle,0,0.594,15.886990516726623
axle,0,0.595,15.609377776814688
axle,0,0.596,15.288390834411992
axle,0,0.597,14.932829039358504
axle,0,0.598,14.545683019097568
axle,0,0.599,14.133087540068743
axle,0,0.6,13.703463192852794
axle,0,0.601,13.26551478766409
axle,0,0.602,12.824466927466654
axle,0,0.603,12.38489439936702
axle,0,0.604,11.950392290173806
axle,0,0.605,11.52414421278867
axle,0,0.606,11.110204554979822
axle,0,0.607,10.711691789404945
axle,0,0.608,10.331556607704826
axle,0,0.609,9.971279591228127
axle,0,0.61,9.632442716058897
axle,0,0.611,9.317398077560895
axle,0,0.612,9.028714039047532
axle,0,0.613,8.767637023003708
axle,0,0.614,8.531988054019552
axle,0,0.615,8.317046553967026
axle,0,0.616,8.118754224205775
axle,0,0.617,7.934660220018766
axle,0,0.618,7.7633853905774295
axle,0,0.619,7.604125269191456
axle,0,0.62,7.456148859176485
axle,0,0.621,7.3188104226506425
axle,0,0.622,7.191874664526552
axle,0,0.623,7.074999401376731
axle,0,0.624,6.967518465869737
axle,0,0.625,6.868885128577017
axle,0,0.626,6.778622450316662
axle,0,0.627,6.69624307127962
axle,0,0.628,6.621245035016633
axle,0,0.629,6.553047075037722
axle,0,0.63,6.491133431956968
axle,0,0.631,6.435025096069233
axle,0,0.632,6.38428559119854
axle,0,0.633,6.3384639432840295
axle,0,0.634,6.2971317164991625
axle,0,0.635,6.259923977002175
axle,0,0.636,6.2265173189062
axle,0,0.637,6.19664967521928
axle,0,0.638,6.169989010716616
axle,0,0.639,6.146223576038716
axle,0,0.64,6.125064121764598
axle,0,0.641,6.106295925512626
axle,0,0.642,6.08974328998554
axle,0,0.643,6.075242026780798
axle,0,0.644,6.062654245901675
axle,0,0.645,6.051913122480045
axle,0,0.646,6.043016772100813
axle,0,0.647,6.0359505572340435
axle,0,0.648,6.030786669534309
axle,0,0.649,6.027677723789349
axle,0,0.65,6.026918331116525
axle,0,0.651,6.028923234749272
axle,0,0.652,6.034189655192133
axle,0,0.653,6.0433313822902734
axle,0,0.654,6.057026951533901
axle,0,0.655,6.075978175171268
axle,0,0.656,6.100820539061231
axle,0,0.657,6.132429521991126
axle,0,0.658,6.171636397841497
axle,0,0.659,6.219289986761346
axle,0,0.66,6.276545265519433
axle,0,0.661,6.344483770989446
axle,0,0.662,6.424181264094136
axle,0,0.663,6.516573688933919
axle,0,0.664,6.622496447542723
axle,0,0.665,6.742871252731628
axle,0,0.666,6.878681310493579
axle,0,0.667,7.0308331135316
axle,0,0.668,7.200232786018225
axle,0,0.669,7.388067063906038
axle,0,0.67,7.595381999508792
axle,0,0.671,7.823661661321
axle,0,0.672,8.074055802956751
axle,0,0.673,8.349569932653711
axle,0,0.674,8.653148895313898
axle,0,0.675,8.982285824135952
axle,0,0.676,9.328629843526784
axle,0,0.677,9.68176750741484
axle,0,0.678,10.031148673582532
axle,0,0.679,10.36792465915461
axle,0,0.68,10.685875868536325
axle,0,0.681,10.979357295683021
axle,0,0.682,11.241706426381896
axle,0,0.683,11.469038741492625
axle,0,0.684,11.657984317526205
axle,0,0.685,11.798768025202921
axle,0,0.686,11.887337346814354
axle,0,0.687,11.91528115441371
axle,0,0.6880000000000001,11.880435137383364
axle,0,0.6890000000000001,11.776517359571374
axle,0,0.6900000000000001,11.596895081302137
axle,0,0.6910000000000001,11.344862507402748
axle,0,0.6920000000000001,11.016504052084805
axle,0,0.6930000000000001,10.61452674222028
axle,0,0.6940000000000001,10.135231183489346
axle,0,0.6950000000000001,9.579762468002693
axle,0,0.6960000000000001,8.96533993126309
axle,0,0.6970000000000001,8.29601691476181
axle,0,0.6980000000000001,7.582671587819659
axle,0,0.6990000000000001,6.836195698502444
axle,0,0.7000000000000001,6.084244878779621
axle,0,0.7010000000000001,5.344340731333407
axle,0,0.7020000000000001,4.634572139733923
axle,0,0.7030000000000001,3.979926376808958
axle,0,0.704,3.409490178609492
axle,0,0.705,2.9582639228078946
axle,0,0.706,2.6445560568682778
axle,0,0.707,2.506177289375767
axle,0,0.708,2.5470108551201447
axle,0,0.709,2.750429415730564
axle,0,0.71,3.0702261332405523
axle,0,0.711,3.466424121781677
axle,0,0.712,3.9075944113906442
axle,0,0.713,4.368610439539395
axle,0,0.714,4.842179711223496
axle,0,0.715,5.329873157199068
axle,0,0.716,5.811817149587604
axle,0,0.717,6.2940906674742925
axle,0,0.718,6.792552082917947
axle,0,0.719,7.298089852420027
axle,0,0.72,7.829230600526927
axle,0,0.721,8.381876759563605
axle,0,0.722,8.973186323385631
axle,0,0.723,9.613639782819996
axle,0,0.724,10.309061849938315
axle,0,0.725,11.048822082568076
axle,0,0.726,11.843334448996048
axle,0,0.727,12.688246098743944
axle,0,0.728,13.58684468913495
axle,0,0.729,14.548395628014784
axle,0,0.73,15.552995594260855
axle,0,0.731,16.601578166690594
axle,0,0.732,17.674532637694362
axle,0,0.733,18.759996672177
axle,0,0.734,19.83305714761457
axle,0,0.735,20.882682627500504
axle,0,0.736,21.886033158477957
axle,0,0.737,22.834615702556754
axle,0,0.738,23.71157460708253
axle,0,0.739,24.513938957618354
axle,0,0.74,25.23441471651724
axle,0,0.741,25.871703383150756
axle,0,0.742,26.426159057623707
axle,0,0.743,26.89646313096925
axle,0,0.744,27.29087363966295
axle,0,0.745,27.61420214883094
axle,0,0.746,27.870765715478367
axle,0,0.747,28.06954633552774
axle,0,0.748,28.215346951816635
axle,0,0.749,28.310762761629373
axle,0,0.75,28.360241046459446
axle,0,0.751,28.36776090292876
axle,0,0.752,28.33946617273706
axle,0,0.753,28.281354968534814
axle,0,0.754,28.19670069073775
axle,0,0.755,28.09146005768608
axle,0,0.756,27.969813190378645
axle,0,0.757,27.836549626258574
axle,0,0.758,27.6954659415218
axle,0,0.759,27.550624668861772
axle,0,0.76,27.405298943178074
axle,0,0.761,27.263507217147232
axle,0,0.762,27.127656590762058
axle,0,0.763,27.000150450173432
axle,0,0.764,26.883496375888846
axle,0,0.765,26.780555961735924
axle,0,0.766,26.693916026493355
axle,0,0.767,26.623983135934218
axle,0,0.768,26.568355508168057
axle,0,0.769,26.524802736061105
axle,0,0.77,26.49075526566733
axle,0,0.771,26.462931741737577
axle,0,0.772,26.437703565415656
axle,0,0.773,26.41287080796785
axle,0,0.774,26.386408538896138
axle,0,0.775,26.35609164617862
axle,0,0.776,26.319362657580715
axle,0,0.777,26.274073638880616
axle,0,0.778,26.218947233733097
axle,0,0.779,26.151032182841032
axle,0,0.78,26.06756175116214
axle,0,0.781,25.96621361530943
axle,0,0.782,25.843739909140083
axle,0,0.783,25.695771389678598
axle,0,0.784,25.522408717299587
axle,0,0.785,25.321356736104292
axle,0,0.786,25.089392753742764
axle,0,0.787,24.82725897766852
axle,0,0.788,24.53304281103227
axle,0,0.789,24.20442184195777
axle,0,0.79,23.84175799580877
axle,0,0.791,23.441569702583152
axle,0,0.792,23.005396912033316
axle,0,0.793,22.535450774021832
axle,0,0.794,22.034657119910914
axle,0,0.795,21.506670731858435
axle,0,0.796,20.95406483282292
axle,0,0.797,20.384215260648247
axle,0,0.798,19.802557977935333
axle,0,0.799,19.218557139646652
axle,0,0.8,18.633610333559837
axle,0,0.801,18.052028580701542
axle,0,0.802,17.481487077053956
axle,0,0.803,16.92465329340159
axle,0,0.804,16.385822182347795
axle,0,0.805,15.868858821225544
axle,0,0.806,15.373315578806798
axle,0,0.807,14.893190307249982
axle,0,0.808,14.428582096248544
axle,0,0.809,13.98075406004778
axle,0,0.81,13.548488583653876
axle,0,0.811,13.134733790744189
axle,0,0.812,12.735924133032823
axle,0,0.8130000000000001,12.350507068513704
axle,0,0.8140000000000001,11.980148110561338
axle,0,0.8150000000000001,11.621143751864416
axle,0,0.8160000000000001,11.274674566473841
axle,0,0.8170000000000001,10.93587241090666
axle,0,0.8180000000000001,10.610919683590545
axle,0,0.8190000000000001,10.295352077591168
axle,0,0.8200000000000001,9.993377547300554
axle,0,0.8210000000000001,9.701612801847965
axle,0,0.8220000000000001,9.422424718376277
axle,0,0.8230000000000001,9.151028491180043
axle,0,0.8240000000000001,8.888726029770138
axle,0,0.8250000000000001,8.631979463137153
axle,0,0.8260000000000001,8.378926006930065
axle,0,0.8270000000000001,8.128674174560803
axle,0,0.8280000000000001,7.882495952256413
axle,0,0.8290000000000001,7.637787641484041
axle,0,0.8300000000000001,7.396287207530724
axle,0,0.8310000000000001,7.159049236576433
axle,0,0.8320000000000001,6.926026207455319
axle,0,0.833,6.700434661243252
axle,0,0.834,6.482008127084823
axle,0,0.835,6.273220880053437
axle,0,0.836,6.077278859574187
axle,0,0.837,5.892792309903067
axle,0,0.838,5.721722222219389
axle,0,0.839,5.567444319925983
axle,0,0.84,5.431272624985935
axle,0,0.841,5.314861981472734
axle,0,0.842,5.218991259172013
axle,0,0.843,5.148827747917643
axle,0,0.844,5.105651627611431
axle,0,0.845,5.091858500037206
axle,0,0.846,5.107203323830175
axle,0,0.847,5.1538882203050385
axle,0,0.848,5.232017053450294
axle,0,0.849,5.336080864953707
axle,0,0.85,5.468159724610996
axle,0,0.851,5.6266222768645875
axle,0,0.852,5.8091793172517425
axle,0,0.853,6.014694519457039
axle,0,0.854,6.24437629479391
axle,0,0.855,6.499384836737511
axle,0,0.856,6.780968781223726
axle,0,0.857,7.094475458477718
axle,0,0.858,7.440850632265995
axle,0,0.859,7.827334278667908
axle,0,0.86,8.250972909595692
axle,0,0.861,8.707636565089203
axle,0,0.862,9.18837280434116
axle,0,0.863,9.690273211159601
axle,0,0.864,10.20742374277802
axle,0,0.865,10.739814015768117
axle,0,0.866,11.280948846796685
axle,0,0.867,11.821813077591232
axle,0,0.868,12.357689469304544
axle,0,0.869,12.882043180111676
axle,0,0.87,13.383581289072191
axle,0,0.871,13.857315920496042
axle,0,0.872,14.295334067881093
axle,0,0.873,14.688395438553004
axle,0,0.874,15.028637203541617
axle,0,0.875,15.31258444636999
axle,0,0.876,15.53475760468017
axle,0,0.877,15.693753613566807
axle,0,0.878,15.790072703787331
axle,0,0.879,15.827278733824796
axle,0,0.88,15.808065455854978
axle,0,0.881,15.737664753600248
axle,0,0.882,15.61902087620439
axle,0,0.883,15.45665229364417
axle,0,0.884,15.251742390512625
axle,0,0.885,15.00690672598796
axle,0,0.886,14.724774404876792
axle,0,0.887,14.407704402553806
axle,0,0.888,14.058407171010941
axle,0,0.889,13.679042513312268
axle,0,0.89,13.27363242515646
axle,0,0.891,12.84689065808671
axle,0,0.892,12.405920057877976
axle,0,0.893,11.958814507008663
axle,0,0.894,11.515928760270347
axle,0,0.895,11.086231681734597
axle,0,0.896,10.682945756215044
axle,0,0.897,10.3108391185734
axle,0,0.898,9.969256702087675
axle,0,0.899,9.653686860990115
axle,0,0.9,9.363819993479407
axle,0,0.901,9.099071947263466
axle,0,0.902,8.857181912794012
axle,0,0.903,8.636117100563037
axle,0,0.904,8.43317824283672
axle,0,0.905,8.247648418717052
axle,0,0.906,8.076911840030677
axle,0,0.907,7.919861815814836
axle,0,0.908,7.774459190946667
axle,0,0.909,7.639775907355143
axle,0,0.91,7.51544519067863
axle,0,0.911,7.401708970255731
axle,0,0.912,7.2974495888581545
axle,0,0.913,7.20286381620252
axle,0,0.914,7.117502767351434
axle,0,0.915,7.039036282579074
axle,0,0.916,6.967742038691332
axle,0,0.917,6.902189381101798
axle,0,0.918,6.840850361804434
axle,0,0.919,6.781575767267558
axle,0,0.92,6.724493646094966
axle,0,0.921,6.669727933516915
axle,0,0.922,6.615540295959565
axle,0,0.923,6.562527477530181
axle,0,0.924,6.51012753758129
axle,0,0.925,6.457884388336945
axle,0,0.926,6.407097236994475
axle,0,0.927,6.358170148826901
axle,0,0.928,6.311217525840532
axle,0,0.929,6.265033141589306
axle,0,0.93,6.221632220447156
axle,0,0.931,6.180126807799614
axle,0,0.932,6.140490998381543
axle,0,0.933,6.103529500738338
axle,0,0.934,6.067558556357527
axle,0,0.935,6.031838945369315
axle,0,0.936,5.998257960480966
axle,0,0.937,5.965635029406351
axle,0,0.9380000000000001,5.9326752722529355
axle,0,0.9390000000000001,5.898398034087087
axle,0,0.9400000000000001,5.863452833698696
axle,0,0.9410000000000001,5.8261201127289475
axle,0,0.9420000000000001,5.789730351657617
axle,0,0.9430000000000001,5.752171002025429
axle,0,0.9440000000000001,5.714658338324975
axle,0,0.9450000000000001,5.678284616710109
axle,0,0.9460000000000001,5.643109672703954
axle,0,0.9470000000000001,5.610084528144805
axle,0,0.9480000000000001,5.581783026856927
axle,0,0.9490000000000001,5.554501865066622
axle,0,0.9500000000000001,5.530339660422822
axle,0,0.9510000000000001,5.509164772643969
axle,0,0.9520000000000001,5.490969016286482
axle,0,0.9530000000000001,5.477007922001498
axle,0,0.9540000000000001,5.466040630860162
axle,0,0.9550000000000001,5.4574961922260075
axle,0,0.9560000000000001,5.453222178555788
axle,0,0.9570000000000001,5.452610255024135
axle,0,0.9580000000000001,5.455700958874947
axle,0,0.9590000000000001,5.462301419256905
axle,0,0.96,5.474918480250221
axle,0,0.961,5.49157393959503
axle,0,0.962,5.512318967588753
axle,0,0.963,5.536322481525737
axle,0,0.964,5.56226738108192
axle,0,0.965,5.588684572766071
axle,0,0.966,5.616033321361114
axle,0,0.967,5.644036791824421
axle,0,0.968,5.672575499185956
axle,0,0.969,5.701337997003611
axle,0,0.97,5.730831438211011
axle,0,0.971,5.760382791815263
axle,0,0.972,5.790407799808892
axle,0,0.973,5.8204719969045735
axle,0,0.974,5.850042401361257
axle,0,0.975,5.877374422029056
axle,0,0.976,5.903495908501817
axle,0,0.977,5.927401290998667
axle,0,0.978,5.948388292588908
axle,0,0.979,5.968886239184188
axle,0,0.98,5.9910645457080784
axle,0,0.981,6.019206338705406
axle,0,0.982,6.053781136132089
axle,0,0.983,6.095813320108096
axle,0,0.984,6.143213273195018
axle,0,0.985,6.19264218577452
axle,0,0.986,6.237935312918992
axle,0,0.987,6.271115804975646
axle,0,0.988,6.286966679544186
axle,0,0.989,6.283651364304575
axle,0,0.99,6.263920053267965
axle,0,0.991,6.235051616978209
axle,0,0.992,6.203791999698354
axle,0,0.993,6.177287438783326
axle,0,0.994,6.162001725470641
axle,0,0.995,6.160703480547922
axle,0,0.996,6.172474074056839
axle,0,0.997,6.193280469832112
axle,0,0.998,6.22062523493215
axle,0,0.999,6.251778788393453
axle,0,1.0,6.284719584582362
axle,-20.5,0.0,33.74227366879243
axle,-20.5,0.001,33.75357149011278
axle,-20.5,0.002,33.76649729138946
axle,-20.5,0.003,33.78057121932186
axle,-20.5,0.004,33.79529709435303
axle,-20.5,0.005,33.809886154689025
axle,-20.5,0.006,33.82465941012576
axle,-20.5,0.007,33.84093399736913
axle,-20.5,0.008,33.86020498387718
axle,-20.5,0.009000000000000001,33.883413865383005
axle,-20.5,0.01,33.91122875707229
axle,-20.5,0.011,33.94429202262514
axle,-20.5,0.012,33.98274818301686
axle,-20.5,0.013000000000000001,34.02616527361324
axle,-20.5,0.014,34.07381476816778
axle,-20.5,0.015,34.12462074571715
axle,-20.5,0.016,34.178323553794456
axle,-20.5,0.017,34.23534271990923
axle,-20.5,0.018000000000000002,34.295291402430976
axle,-20.5,0.019,34.35532089114418
axle,-20.5,0.02,34.414045191362185
axle,-20.5,0.021,34.469184804082936
axle,-20.5,0.022,34.51860430913869
axle,-20.5,0.023,34.56500159895038
axle,-20.5,0.024,34.61082315342257
axle,-20.5,0.025,34.656763988420245
axle,-20.5,0.026000000000000002,34.70301777302289
axle,-20.5,0.027,34.7494001541794
axle,-20.5,0.028,34.79448551077441
axle,-20.5,0.029,34.83817251934004
axle,-20.5,0.03,34.88192825993471
axle,-20.5,0.031,34.92556767534042
axle,-20.5,0.032,34.96913832483094
axle,-20.5,0.033,35.012259937104034
axle,-20.5,0.034,35.05415797293779
axle,-20.5,0.035,35.094812054218856
axle,-20.5,0.036000000000000004,35.13473988513836
axle,-20.5,0.037,35.17438697863212
axle,-20.5,0.038,35.213637804554295
axle,-20.5,0.039,35.25350946205832
axle,-20.5,0.04,35.294154696179284
axle,-20.5,0.041,35.3355795124781
axle,-20.5,0.042,35.3781242343662
axle,-20.5,0.043000000000000003,35.422896627866145
axle,-20.5,0.044,35.473782022952136
axle,-20.5,0.045,35.53179976738501
axle,-20.5,0.046,35.59549429317553
axle,-20.5,0.047,35.66495849069177
axle,-20.5,0.048,35.740096723132574
axle,-20.5,0.049,35.819260059499086
axle,-20.5,0.05,35.900911791369964
axle,-20.5,0.051000000000000004,35.98557889838872
axle,-20.5,0.052000000000000005,36.07381525560461
axle,-20.5,0.053,36.16521574536232
axle,-20.5,0.054,36.259312332770456
axle,-20.5,0.055,36.35682254783479
axle,-20.5,0.056,36.457474303503126
axle,-20.5,0.057,36.56028343252923
axle,-20.5,0.058,36.664496754493044
axle,-20.5,0.059000000000000004,36.77085795063461
axle,-20.5,0.06,36.8771271312803
axle,-20.5,0.061,36.981360409525855
axle,-20.5,0.062,37.08357643771066
axle,-20.5,0.063,37.1835035728189
axle,-20.5,0.064,37.280049754996895
axle,-20.5,0.065,37.37277397321128
axle,-20.5,0.066,37.4622898037436
axle,-20.5,0.067,37.549845305541226
axle,-20.5,0.068,37.63615587264315
axle,-20.5,0.069,37.722738787314846
axle,-20.5,0.07,37.81144495812849
axle,-20.5,0.07100000000000001,37.903202248268336
axle,-20.5,0.07200000000000001,37.99644065936406
axle,-20.5,0.073,38.09109314902284
axle,-20.5,0.074,38.189447456165595
axle,-20.5,0.075,38.29299482937101
axle,-20.5,0.076,38.40110468805183
axle,-20.5,0.077,38.51379775325695
axle,-20.5,0.078,38.63297459594778
axle,-20.5,0.079,38.75905111569769
axle,-20.5,0.08,38.89157553753652
axle,-20.5,0.081,39.032416474724734
axle,-20.5,0.082,39.18254232122617
axle,-20.5,0.083,39.34224099311863
axle,-20.5,0.084,39.51059368529574
axle,-20.5,0.085,39.68930701918727
axle,-20.5,0.08600000000000001,39.87888862855897
axle,-20.5,0.08700000000000001,40.07892063097854
axle,-20.5,0.088,40.28710858744158
axle,-20.5,0.089,40.50210411110849
axle,-20.5,0.09,40.72606461447456
axle,-20.5,0.091,40.95666087170523
axle,-20.5,0.092,41.18494482450394
axle,-20.5,0.093,41.40441381475431
axle,-20.5,0.094,41.610738481016696
axle,-20.5,0.095,41.79895911169346
axle,-20.5,0.096,41.96646804584135
axle,-20.5,0.097,42.10604022496756
axle,-20.5,0.098,42.212972336259874
axle,-20.5,0.099,42.2791922413689
axle,-20.5,0.1,42.299809924565224
axle,-20.5,0.101,42.27537457216638
axle,-20.5,0.10200000000000001,42.204564421346156
axle,-20.5,0.10300000000000001,42.083789373000364
axle,-20.5,0.10400000000000001,41.91239048060563
axle,-20.5,0.105,41.68971672421957
axle,-20.5,0.106,41.418800518354956
axle,-20.5,0.107,41.09831821179272
axle,-20.5,0.108,40.726330257503044
axle,-20.5,0.109,40.30514387791941
axle,-20.5,0.11,39.832774358473706
axle,-20.5,0.111,39.30967632879672
axle,-20.5,0.112,38.74103131195143
axle,-20.5,0.113,38.12883869063831
axle,-20.5,0.114,37.47504018281603
axle,-20.5,0.115,36.786999314892334
axle,-20.5,0.116,36.07019850535763
axle,-20.5,0.117,35.319618724425546
axle,-20.5,0.11800000000000001,34.529910426131394
axle,-20.5,0.11900000000000001,33.71398816600519
axle,-20.5,0.12,32.87735270235906
axle,-20.5,0.121,32.01541499503827
axle,-20.5,0.122,31.12322754411079
axle,-20.5,0.123,30.204063964246068
axle,-20.5,0.124,29.273703990861858
axle,-20.5,0.125,28.35826454330554
axle,-20.5,0.126,27.482092706089887
axle,-20.5,0.127,26.636256984638806
axle,-20.5,0.128,25.811014211047517
axle,-20.5,0.129,25.003340576782943
axle,-20.5,0.13,24.211100321539686
axle,-20.5,0.131,23.42793715398907
axle,-20.5,0.132,22.65026300876195
axle,-20.5,0.133,21.86896275616903
axle,-20.5,0.134,21.08520162421975
axle,-20.5,0.135,20.297087213404414
axle,-20.5,0.136,19.511600648053
axle,-20.5,0.137,18.72922527265953
axle,-20.5,0.138,17.94815708530179
axle,-20.5,0.139,17.172696739014885
axle,-20.5,0.14,16.409561144905258
axle,-20.5,0.14100000000000001,15.656751182419052
axle,-20.5,0.14200000000000002,14.910788701440316
axle,-20.5,0.14300000000000002,14.172360839291567
axle,-20.5,0.14400000000000002,13.446755018112377
axle,-20.5,0.145,12.73320581414705
axle,-20.5,0.146,12.02677869867156
axle,-20.5,0.147,11.331318255368592
axle,-20.5,0.148,10.650773243384528
axle,-20.5,0.149,10.012813533534409
axle,-20.5,0.15,9.440608350204368
axle,-20.5,0.151,8.942730075232413
axle,-20.5,0.152,8.517928957929376
axle,-20.5,0.153,8.170502514834698
axle,-20.5,0.154,7.911771307090198
axle,-20.5,0.155,7.750268434432159
axle,-20.5,0.156,7.688314343630561
axle,-20.5,0.157,7.719188777183007
axle,-20.5,0.158,7.831304186570547
axle,-20.5,0.159,8.010014669690605
axle,-20.5,0.16,8.239154701119007
axle,-20.5,0.161,8.49946158010627
axle,-20.5,0.162,8.773842223280232
axle,-20.5,0.163,9.050481806571455
axle,-20.5,0.164,9.317272521938513
axle,-20.5,0.165,9.563312264226324
axle,-20.5,0.166,9.784652360534873
axle,-20.5,0.167,9.97756789271145
axle,-20.5,0.168,10.141956654983332
axle,-20.5,0.169,10.274534985143248
axle,-20.5,0.17,10.372860330738582
axle,-20.5,0.171,10.43629094687605
axle,-20.5,0.17200000000000001,10.46472063483782
axle,-20.5,0.17300000000000001,10.460048821062294
axle,-20.5,0.17400000000000002,10.419039024194278
axle,-20.5,0.17500000000000002,10.34201404183029
axle,-20.5,0.176,10.233915018301566
axle,-20.5,0.177,10.10106990273764
axle,-20.5,0.178,9.948350607848754
axle,-20.5,0.179,9.779856020731625
axle,-20.5,0.18,9.594890995464782
axle,-20.5,0.181,9.397172579979134
axle,-20.5,0.182,9.194905804167195
axle,-20.5,0.183,8.995339945024709
axle,-20.5,0.184,8.808647116587132
axle,-20.5,0.185,8.647400980362734
axle,-20.5,0.186,8.517198162705249
axle,-20.5,0.187,8.414552398329514
axle,-20.5,0.188,8.33624177281308
axle,-20.5,0.189,8.282499098682665
axle,-20.5,0.19,8.251032507296985
axle,-20.5,0.191,8.236305018854013
axle,-20.5,0.192,8.233282702334128
axle,-20.5,0.193,8.23759383298526
axle,-20.5,0.194,8.24641864189477
axle,-20.5,0.195,8.257388645945436
axle,-20.5,0.196,8.268093406104237
axle,-20.5,0.197,8.27620468946181
axle,-20.5,0.198,8.279966863719803
axle,-20.5,0.199,8.279129549547434
axle,-20.5,0.2,8.273415210552788
axle,-20.5,0.201,8.26210434005379
axle,-20.5,0.202,8.243688131679066
axle,-20.5,0.203,8.216953766735916
axle,-20.5,0.20400000000000001,8.183265220006547
axle,-20.5,0.20500000000000002,8.142186860212773
axle,-20.5,0.20600000000000002,8.0932447547195
axle,-20.5,0.20700000000000002,8.03635021156048
axle,-20.5,0.20800000000000002,7.9709681358314075
axle,-20.5,0.209,7.8993884468370865
axle,-20.5,0.21,7.821612409758067
axle,-20.5,0.211,7.738588498245097
axle,-20.5,0.212,7.653130837428134
axle,-20.5,0.213,7.5722600299255785
axle,-20.5,0.214,7.503315849386619
axle,-20.5,0.215,7.454858533640916
axle,-20.5,0.216,7.436859171501482
axle,-20.5,0.217,7.458630404231921
axle,-20.5,0.218,7.52732223211848
axle,-20.5,0.219,7.6451125088316045
axle,-20.5,0.22,7.810677909738575
axle,-20.5,0.221,8.022436034199988
axle,-20.5,0.222,8.276899244401474
axle,-20.5,0.223,8.570332281557233
axle,-20.5,0.224,8.893523136973725
axle,-20.5,0.225,9.237066534212252
axle,-20.5,0.226,9.603410877869775
axle,-20.5,0.227,9.9885666853809
axle,-20.5,0.228,10.389550615719546
axle,-20.5,0.229,10.804956412801946
axle,-20.5,0.23,11.234086358425202
axle,-20.5,0.231,11.673476770720011
axle,-20.5,0.232,12.121360856766104
axle,-20.5,0.233,12.570296833414153
axle,-20.5,0.234,13.018674051408324
axle,-20.5,0.23500000000000001,13.462075127182802
axle,-20.5,0.23600000000000002,13.893840358458768
axle,-20.5,0.23700000000000002,14.314866926617649
axle,-20.5,0.23800000000000002,14.716588658606245
axle,-20.5,0.23900000000000002,15.097568725447191
axle,-20.5,0.24,15.451671721325969
axle,-20.5,0.241,15.77845160441087
axle,-20.5,0.242,16.083243917096063
axle,-20.5,0.243,16.363981687802383
axle,-20.5,0.244,16.62465097289285
axle,-20.5,0.245,16.86541102276341
axle,-20.5,0.246,17.092939425148955
axle,-20.5,0.247,17.31164596382234
axle,-20.5,0.248,17.52791174532271
axle,-20.5,0.249,17.743010035114136
axle,-20.5,0.25,17.961102795554037
axle,-20.5,0.251,18.187136455147808
axle,-20.5,0.252,18.42556501032957
axle,-20.5,0.253,18.684486702144895
axle,-20.5,0.254,18.96694931121274
axle,-20.5,0.255,19.27575903246881
axle,-20.5,0.256,19.614886350381166
axle,-20.5,0.257,19.984273935769604
axle,-20.5,0.258,20.382897626473973
axle,-20.5,0.259,20.809864605104053
axle,-20.5,0.26,21.26125102725313
axle,-20.5,0.261,21.736304170503104
axle,-20.5,0.262,22.226782730204864
axle,-20.5,0.263,22.7235230433685
axle,-20.5,0.264,23.232916180683468
axle,-20.5,0.265,23.747987938219126
axle,-20.5,0.266,24.26758863901781
axle,-20.5,0.267,24.78687863940885
axle,-20.5,0.268,25.306122255493907
axle,-20.5,0.269,25.828213060764952
axle,-20.5,0.27,26.358975618288444
axle,-20.5,0.271,26.896957919361057
axle,-20.5,0.272,27.441943841286456
axle,-20.5,0.273,27.994053435182643
axle,-20.5,0.274,28.55343526708274
axle,-20.5,0.275,29.122121815084732
axle,-20.5,0.276,29.69495067124051
axle,-20.5,0.277,30.268484324364834
axle,-20.5,0.278,30.842763760450023
axle,-20.5,0.279,31.41572291834972
axle,-20.5,0.28,31.984994020778245
axle,-20.5,0.281,32.545756488264146
axle,-20.5,0.28200000000000003,33.09490746434327
axle,-20.5,0.28300000000000003,33.63548914517213
axle,-20.5,0.28400000000000003,34.17026133393933
axle,-20.5,0.28500000000000003,34.70428765587388
axle,-20.5,0.28600000000000003,35.22443612168668
axle,-20.5,0.28700000000000003,35.714011620946806
axle,-20.5,0.28800000000000003,36.15442840503097
axle,-20.5,0.289,36.54006423494486
axle,-20.5,0.29,36.880002976148916
axle,-20.5,0.291,37.191983229708875
axle,-20.5,0.292,37.48511669241599
axle,-20.5,0.293,37.76047486236987
axle,-20.5,0.294,38.02339537443779
axle,-20.5,0.295,38.27582730222319
axle,-20.5,0.296,38.51808046688719
axle,-20.5,0.297,38.74894461625213
axle,-20.5,0.298,38.96671016058051
axle,-20.5,0.299,39.17253309300535
axle,-20.5,0.3,39.36706153152921
axle,-20.5,0.301,39.54364393601343
axle,-20.5,0.302,39.700246320246585
axle,-20.5,0.303,39.83278690299505
axle,-20.5,0.304,39.9409269355311
axle,-20.5,0.305,40.023815620035094
axle,-20.5,0.306,40.081352216519214
axle,-20.5,0.307,40.1148693885727
axle,-20.5,0.308,40.12639146184381
axle,-20.5,0.309,40.1170994729459
axle,-20.5,0.31,40.08790071562923
axle,-20.5,0.311,40.03957469188197
axle,-20.5,0.312,39.9720567153678
axle,-20.5,0.313,39.88614236414125
axle,-20.5,0.314,39.786795867596275
axle,-20.5,0.315,39.67716432646848
axle,-20.5,0.316,39.55976900811115
axle,-20.5,0.317,39.43414623294482
axle,-20.5,0.318,39.299807661111544
axle,-20.5,0.319,39.15673232721589
axle,-20.5,0.32,39.005015685185256
axle,-20.5,0.321,38.845401027839166
axle,-20.5,0.322,38.67955181840138
axle,-20.5,0.323,38.51001396104302
axle,-20.5,0.324,38.33838805929384
axle,-20.5,0.325,38.16894423361806
axle,-20.5,0.326,38.00931403337347
axle,-20.5,0.327,37.857685077956226
axle,-20.5,0.328,37.70610337537168
axle,-20.5,0.329,37.55119817651303
axle,-20.5,0.33,37.394294912452864
axle,-20.5,0.331,37.2364181947391
axle,-20.5,0.332,37.07778984249726
axle,-20.5,0.333,36.917496740272426
axle,-20.5,0.334,36.75680030768959
axle,-20.5,0.335,36.59784332053508
axle,-20.5,0.336,36.43993253716208
axle,-20.5,0.337,36.282593473062825
axle,-20.5,0.338,36.12641938690031
axle,-20.5,0.339,35.97151130024554
axle,-20.5,0.34,35.81870353494259
axle,-20.5,0.341,35.670296659803874
axle,-20.5,0.342,35.52612175640134
axle,-20.5,0.343,35.387254794023335
axle,-20.5,0.34400000000000003,35.253264505937224
axle,-20.5,0.34500000000000003,35.12339591364542
axle,-20.5,0.34600000000000003,34.995142456391
axle,-20.5,0.34700000000000003,34.8675468005428
axle,-20.5,0.34800000000000003,34.740433346258534
axle,-20.5,0.34900000000000003,34.612803129999925
axle,-20.5,0.35000000000000003,34.4845632241536
axle,-20.5,0.35100000000000003,34.356048109290725
axle,-20.5,0.352,34.22770819824278
axle,-20.5,0.353,34.10002661039381
axle,-20.5,0.354,33.97555037177996
axle,-20.5,0.355,33.85699708288975
axle,-20.5,0.356,33.74199226755383
axle,-20.5,0.357,33.627118634440905
axle,-20.5,0.358,33.508642887822695
axle,-20.5,0.359,33.38328727936921
axle,-20.5,0.36,33.2528314451519
axle,-20.5,0.361,33.11942184357024
axle,-20.5,0.362,32.98652785429366
axle,-20.5,0.363,32.85628187938829
axle,-20.5,0.364,32.729522878566605
axle,-20.5,0.365,32.60621770467625
axle,-20.5,0.366,32.48585375313225
axle,-20.5,0.367,32.368660621540265
axle,-20.5,0.368,32.25443200749644
axle,-20.5,0.369,32.140009844831305
axle,-20.5,0.37,32.02401203372627
axle,-20.5,0.371,31.910775613704754
axle,-20.5,0.372,31.801831252820747
axle,-20.5,0.373,31.699524695449412
axle,-20.5,0.374,31.60222456239751
axle,-20.5,0.375,31.505518026740706
axle,-20.5,0.376,31.410380219910962
axle,-20.5,0.377,31.316215228242793
axle,-20.5,0.378,31.221414111766137
axle,-20.5,0.379,31.12758972328847
axle,-20.5,0.38,31.034723732508017
axle,-20.5,0.381,30.943166067344215
axle,-20.5,0.382,30.855453962832666
axle,-20.5,0.383,30.772238504184017
axle,-20.5,0.384,30.693414230447225
axle,-20.5,0.385,30.6182009103924
axle,-20.5,0.386,30.544509682600406
axle,-20.5,0.387,30.470226499179155
axle,-20.5,0.388,30.394043035108616
axle,-20.5,0.389,30.31680818544225
axle,-20.5,0.39,30.239246610879412
axle,-20.5,0.391,30.162977714392376
axle,-20.5,0.392,30.088400202440464
axle,-20.5,0.393,30.015399434002163
axle,-20.5,0.394,29.943379918382885
axle,-20.5,0.395,29.871890758323104
axle,-20.5,0.396,29.80007695689094
axle,-20.5,0.397,29.72713444988799
axle,-20.5,0.398,29.65298957417764
axle,-20.5,0.399,29.57721092187447
axle,-20.5,0.4,29.500044414521366
axle,-20.5,0.401,29.421086170248362
axle,-20.5,0.402,29.34073206122694
axle,-20.5,0.403,29.259955485237338
axle,-20.5,0.404,29.178419202503015
axle,-20.5,0.405,29.09643787730879
axle,-20.5,0.406,29.014954994651923
axle,-20.5,0.40700000000000003,28.934395937561778
axle,-20.5,0.40800000000000003,28.855411119479353
axle,-20.5,0.40900000000000003,28.778536306919072
axle,-20.5,0.41000000000000003,28.704151331665347
axle,-20.5,0.41100000000000003,28.63191216626983
axle,-20.5,0.41200000000000003,28.56120957202327
axle,-20.5,0.41300000000000003,28.492279348273577
axle,-20.5,0.41400000000000003,28.426261286114194
axle,-20.5,0.41500000000000004,28.363985141547676
axle,-20.5,0.41600000000000004,28.305401134590497
axle,-20.5,0.417,28.249588215650252
axle,-20.5,0.418,28.19658538605692
axle,-20.5,0.419,28.14579415882366
axle,-20.5,0.42,28.095967210491736
axle,-20.5,0.421,28.04673758216983
axle,-20.5,0.422,27.997814333329625
axle,-20.5,0.423,27.949019762477526
axle,-20.5,0.424,27.90025751606968
axle,-20.5,0.425,27.851534024568583
axle,-20.5,0.426,27.80291940475676
axle,-20.5,0.427,27.75502728734033
axle,-20.5,0.428,27.707914697737014
axle,-20.5,0.429,27.661839942715158
axle,-20.5,0.43,27.617271391899838
axle,-20.5,0.431,27.57445825600134
axle,-20.5,0.432,27.533472819430767
axle,-20.5,0.433,27.494797452752092
axle,-20.5,0.434,27.45863975196972
axle,-20.5,0.435,27.424524066916913
axle,-20.5,0.436,27.391883230541016
axle,-20.5,0.437,27.360428889897364
axle,-20.5,0.438,27.32977051312703
axle,-20.5,0.439,27.299628935507123
axle,-20.5,0.44,27.26947310348059
axle,-20.5,0.441,27.239248515152326
axle,-20.5,0.442,27.209144669647113
axle,-20.5,0.443,27.1793429405328
axle,-20.5,0.444,27.150168819804303
axle,-20.5,0.445,27.1217433602498
axle,-20.5,0.446,27.094303342416058
axle,-20.5,0.447,27.068127158273185
axle,-20.5,0.448,27.04348753113756
axle,-20.5,0.449,27.020564150395053
axle,-20.5,0.45,26.999498822239442
axle,-20.5,0.451,26.980261199859758
axle,-20.5,0.452,26.962714688230285
axle,-20.5,0.453,26.946648732383135
axle,-20.5,0.454,26.931978297931238
axle,-20.5,0.455,26.91854871068131
axle,-20.5,0.456,26.90648622154017
axle,-20.5,0.457,26.895764323777
axle,-20.5,0.458,26.886187697572
axle,-20.5,0.459,26.877632467468764
axle,-20.5,0.46,26.869810055354638
axle,-20.5,0.461,26.862931341516674
axle,-20.5,0.462,26.85784480364814
axle,-20.5,0.463,26.85544359402824
axle,-20.5,0.464,26.85635052297586
axle,-20.5,0.465,26.860483259543066
axle,-20.5,0.466,26.866820370688327
axle,-20.5,0.467,26.87532380016619
axle,-20.5,0.468,26.88585275404246
axle,-20.5,0.46900000000000003,26.897335578036
axle,-20.5,0.47000000000000003,26.908891944589705
axle,-20.5,0.47100000000000003,26.919633058607953
axle,-20.5,0.47200000000000003,26.92989475534418
axle,-20.5,0.47300000000000003,26.94183562756216
axle,-20.5,0.47400000000000003,26.95554781523683
axle,-20.5,0.47500000000000003,26.970848071566895
axle,-20.5,0.47600000000000003,26.986783125075302
axle,-20.5,0.47700000000000004,27.001194193157634
axle,-20.5,0.47800000000000004,27.0156891768112
axle,-20.5,0.47900000000000004,27.032592524614838
axle,-20.5,0.48,27.051891322077896
axle,-20.5,0.481,27.073420712158114
axle,-20.5,0.482,27.09741522869333
axle,-20.5,0.483,27.123414288794915
axle,-20.5,0.484,27.151660626666878
axle,-20.5,0.485,27.182557645707575
axle,-20.5,0.486,27.214465393932098
axle,-20.5,0.487,27.245999429481085
axle,-20.5,0.488,27.27756895836227
axle,-20.5,0.489,27.309120044439016
axle,-20.5,0.49,27.342239604851798
axle,-20.5,0.491,27.37906199267458
axle,-20.5,0.492,27.41861334845175
axle,-20.5,0.493,27.457904254936178
axle,-20.5,0.494,27.496468123702716
axle,-20.5,0.495,27.537035965023055
axle,-20.5,0.496,27.580562862631055
axle,-20.5,0.497,27.625077572589184
axle,-20.5,0.498,27.67101993377465
axle,-20.5,0.499,27.71940133269559
axle,-20.5,0.5,27.770030197867413
axle,-20.5,0.501,27.822930175519378
axle,-20.5,0.502,27.878992181768552
axle,-20.5,0.503,27.940348253269235
axle,-20.5,0.504,28.00662410268978
axle,-20.5,0.505,28.0766842662608
axle,-20.5,0.506,28.149349850766573
axle,-20.5,0.507,28.224673625522716
axle,-20.5,0.508,28.30016252751075
axle,-20.5,0.509,28.37416993281281
axle,-20.5,0.51,28.447537634014346
axle,-20.5,0.511,28.520775949552785
axle,-20.5,0.512,28.592549784060964
axle,-20.5,0.513,28.662718270625657
axle,-20.5,0.514,28.731940711248793
axle,-20.5,0.515,28.800043965362235
axle,-20.5,0.516,28.867631370727505
axle,-20.5,0.517,28.936587419160105
axle,-20.5,0.518,29.00891721889269
axle,-20.5,0.519,29.088019573795314
axle,-20.5,0.52,29.176728500145156
axle,-20.5,0.521,29.277747814575644
axle,-20.5,0.522,29.393528780090175
axle,-20.5,0.523,29.524157193365962
axle,-20.5,0.524,29.667732766966104
axle,-20.5,0.525,29.822780621887194
axle,-20.5,0.526,29.987689028997817
axle,-20.5,0.527,30.15857111438863
axle,-20.5,0.528,30.329585942470587
axle,-20.5,0.529,30.49648661683268
axle,-20.5,0.53,30.65521408502016
axle,-20.5,0.531,30.80728286020266
axle,-20.5,0.532,30.953676419380976
axle,-20.5,0.533,31.095735423346365
axle,-20.5,0.534,31.23793878212362
axle,-20.5,0.535,31.38379880671023
axle,-20.5,0.536,31.53443955309772
axle,-20.5,0.537,31.69880622095376
axle,-20.5,0.538,31.88209660161323
axle,-20.5,0.539,32.084896163508965
axle,-20.5,0.54,32.30660400408239
axle,-20.5,0.541,32.54918366767659
axle,-20.5,0.542,32.81040511289571
axle,-20.5,0.543,33.07790015961605
axle,-20.5,0.544,33.343264465239486
axle,-20.5,0.545,33.60111310723648
axle,-20.5,0.546,33.84627235377489
axle,-20.5,0.547,34.07105854747187
axle,-20.5,0.548,34.26857968317653
axle,-20.5,0.549,34.43075956275391
axle,-20.5,0.55,34.540886469219735
axle,-20.5,0.551,34.59750064031968
axle,-20.5,0.552,34.60269342157409
axle,-20.5,0.553,34.555223963606174
axle,-20.5,0.554,34.45685928257568
axle,-20.5,0.555,34.30592865532532
axle,-20.5,0.556,34.10008271511036
axle,-20.5,0.557,33.827829157283496
axle,-20.5,0.558,33.48774099837393
axle,-20.5,0.559,33.06974818397885
axle,-20.5,0.56,32.55932941604889
axle,-20.5,0.561,31.937426635870363
axle,-20.5,0.562,31.207245417157075
axle,-20.5,0.5630000000000001,30.356901465499796
axle,-20.5,0.5640000000000001,29.380680344178593
axle,-20.5,0.5650000000000001,28.272979299816498
axle,-20.5,0.5660000000000001,27.014640752334632
axle,-20.5,0.5670000000000001,25.604238116387613
axle,-20.5,0.5680000000000001,24.051382346538766
axle,-20.5,0.5690000000000001,22.37068547451005
axle,-20.5,0.5700000000000001,20.571202218630525
axle,-20.5,0.5710000000000001,18.64982132169854
axle,-20.5,0.5720000000000001,16.63222174370143
axle,-20.5,0.5730000000000001,14.577088537260064
axle,-20.5,0.5740000000000001,12.592231315335287
axle,-20.5,0.5750000000000001,10.826602469336379
axle,-20.5,0.5760000000000001,9.464043553424496
axle,-20.5,0.577,8.667972375986203
axle,-20.5,0.578,8.533050349933704
axle,-20.5,0.579,9.00867376688205
axle,-20.5,0.58,9.930776450811484
axle,-20.5,0.581,11.124956507100777
axle,-20.5,0.582,12.457098919748448
axle,-20.5,0.583,13.838184942560696
axle,-20.5,0.584,15.204445081741675
axle,-20.5,0.585,16.50123125291519
axle,-20.5,0.586,17.690030257663256
axle,-20.5,0.587,18.761683239168615
axle,-20.5,0.588,19.709103822901618
axle,-20.5,0.589,20.522816981405864
axle,-20.5,0.59,21.197476160028252
axle,-20.5,0.591,21.745309011349384
axle,-20.5,0.592,22.18696857251716
axle,-20.5,0.593,22.53483747955487
axle,-20.5,0.594,22.791124317481167
axle,-20.5,0.595,22.955996261244657
axle,-20.5,0.596,23.030251275596825
axle,-20.5,0.597,23.025262144648874
axle,-20.5,0.598,22.949687128740713
axle,-20.5,0.599,22.811194084615398
axle,-20.5,0.6,22.60353501011251
axle,-20.5,0.601,22.350126535575715
axle,-20.5,0.602,22.074039181335547
axle,-20.5,0.603,21.780945637340814
axle,-20.5,0.604,21.47365481207026
axle,-20.5,0.605,21.154094804094996
axle,-20.5,0.606,20.825251893743513
axle,-20.5,0.607,20.491081334670376
axle,-20.5,0.608,20.15763793944317
axle,-20.5,0.609,19.82855119731896
axle,-20.5,0.61,19.502298293514357
axle,-20.5,0.611,19.179371177222922
axle,-20.5,0.612,18.86000338854454
axle,-20.5,0.613,18.554610579700512
axle,-20.5,0.614,18.278610002626884
axle,-20.5,0.615,18.02958623863218
axle,-20.5,0.616,17.798976610990728
axle,-20.5,0.617,17.58139450425795
axle,-20.5,0.618,17.37505206199626
axle,-20.5,0.619,17.178299323181314
axle,-20.5,0.62,16.991800833545348
axle,-20.5,0.621,16.816181246329872
axle,-20.5,0.622,16.652441287655023
axle,-20.5,0.623,16.499547125465273
axle,-20.5,0.624,16.357409782055406
axle,-20.5,0.625,16.22605226410209
axle,-20.5,0.626,16.105784661368418
axle,-20.5,0.627,15.996379108057926
axle,-20.5,0.628,15.896256117820771
axle,-20.5,0.629,15.80455448335507
axle,-20.5,0.63,15.721433573775647
axle,-20.5,0.631,15.64718136136711
axle,-20.5,0.632,15.581431040105768
axle,-20.5,0.633,15.52377287354106
axle,-20.5,0.634,15.473391226160484
axle,-20.5,0.635,15.429938332685468
axle,-20.5,0.636,15.393073294596084
axle,-20.5,0.637,15.36254057262864
axle,-20.5,0.638,15.338203735201956
axle,-20.5,0.639,15.31986352473081
axle,-20.5,0.64,15.307198030561803
axle,-20.5,0.641,15.300075203606818
axle,-20.5,0.642,15.298380383887764
axle,-20.5,0.643,15.301850640621447
axle,-20.5,0.644,15.310406871026242
axle,-20.5,0.645,15.324399695857146
axle,-20.5,0.646,15.343625608066485
axle,-20.5,0.647,15.368013157846008
axle,-20.5,0.648,15.397207682106876
axle,-20.5,0.649,15.431157350519472
axle,-20.5,0.65,15.469557169391807
axle,-20.5,0.651,15.512275725637961
axle,-20.5,0.652,15.560341516564256
axle,-20.5,0.653,15.614067335295855
axle,-20.5,0.654,15.673528083716224
axle,-20.5,0.655,15.740284910519879
axle,-20.5,0.656,15.815454210357572
axle,-20.5,0.657,15.899176964897002
axle,-20.5,0.658,15.991871627904334
axle,-20.5,0.659,16.094517373394428
axle,-20.5,0.66,16.20846181494138
axle,-20.5,0.661,16.334768475195215
axle,-20.5,0.662,16.472590962502085
axle,-20.5,0.663,16.62175537651178
axle,-20.5,0.664,16.78405281882387
axle,-20.5,0.665,16.960394728164776
axle,-20.5,0.666,17.150121983101418
axle,-20.5,0.667,17.35406338296307
axle,-20.5,0.668,17.573941463407348
axle,-20.5,0.669,17.808656316291668
axle,-20.5,0.67,18.057337685573263
axle,-20.5,0.671,18.321155837589856
axle,-20.5,0.672,18.60440884466221
axle,-20.5,0.673,18.916947038249287
axle,-20.5,0.674,19.252917035918134
axle,-20.5,0.675,19.578966655795337
axle,-20.5,0.676,19.875040822009815
axle,-20.5,0.677,20.13269211823877
axle,-20.5,0.678,20.34626712090454
axle,-20.5,0.679,20.511912366444566
axle,-20.5,0.68,20.632395848638946
axle,-20.5,0.681,20.70491113946302
axle,-20.5,0.682,20.718021202089233
axle,-20.5,0.683,20.66855071913351
axle,-20.5,0.684,20.553520521817042
axle,-20.5,0.685,20.358437297523245
axle,-20.5,0.686,20.077064148389333
axle,-20.5,0.687,19.70393109189954
axle,-20.5,0.6880000000000001,19.2389048840323
axle,-20.5,0.6890000000000001,18.675632115410504
axle,-20.5,0.6900000000000001,18.007278569091074
axle,-20.5,0.6910000000000001,17.232964189764314
axle,-20.5,0.6920000000000001,16.344535993893448
axle,-20.5,0.6930000000000001,15.345540505288367
axle,-20.5,0.6940000000000001,14.243646817917226
axle,-20.5,0.6950000000000001,13.059153875417945
axle,-20.5,0.6960000000000001,11.840115655077035
axle,-20.5,0.6970000000000001,10.643879346185868
axle,-20.5,0.6980000000000001,9.570233529612869
axle,-20.5,0.6990000000000001,8.760866925275556
axle,-20.5,0.7000000000000001,8.394290108746729
axle,-20.5,0.7010000000000001,8.604858709618869
axle,-20.5,0.7020000000000001,9.409605054968049
axle,-20.5,0.7030000000000001,10.716495427192791
axle,-20.5,0.704,12.383281305103665
axle,-20.5,0.705,14.250981819980913
axle,-20.5,0.706,16.230501751018096
axle,-20.5,0.707,18.263506528667993
axle,-20.5,0.708,20.35379074800325
axle,-20.5,0.709,22.505770108373795
axle,-20.5,0.71,24.691146562185505
axle,-20.5,0.711,26.914672316245387
axle,-20.5,0.712,29.16199393545004
axle,-20.5,0.713,31.428237368835095
axle,-20.5,0.714,33.708085568265155
axle,-20.5,0.715,35.98619538768208
axle,-20.5,0.716,38.2399478628876
axle,-20.5,0.717,40.47550766921452
axle,-20.5,0.718,42.708831812507356
axle,-20.5,0.719,44.92218956288617
axle,-20.5,0.72,47.1376411642158
axle,-20.5,0.721,49.33900748741961
axle,-20.5,0.722,51.53841909429482
axle,-20.5,0.723,53.73566949315336
axle,-20.5,0.724,55.9150634865858
axle,-20.5,0.725,58.066732115773576
axle,-20.5,0.726,60.19754708657111
axle,-20.5,0.727,62.29126315338753
axle,-20.5,0.728,64.3666489660073
axle,-20.5,0.729,66.42787155311754
axle,-20.5,0.73,68.43074582846944
axle,-20.5,0.731,70.3718675927318
axle,-20.5,0.732,72.22937700664774
axle,-20.5,0.733,73.99559958142753
axle,-20.5,0.734,75.6558586071921
axle,-20.5,0.735,77.21168073321137
axle,-20.5,0.736,78.66640227440756
axle,-20.5,0.737,80.01885515220843
axle,-20.5,0.738,81.25579088506169
axle,-20.5,0.739,82.37526590226203
axle,-20.5,0.74,83.38468864699861
axle,-20.5,0.741,84.29045174158264
axle,-20.5,0.742,85.09816138160616
axle,-20.5,0.743,85.80639397641873
axle,-20.5,0.744,86.42406948709032
axle,-20.5,0.745,86.95952908421546
axle,-20.5,0.746,87.41844398113508
axle,-20.5,0.747,87.80820095508251
axle,-20.5,0.748,88.13702294379819
axle,-20.5,0.749,88.40772385848348
axle,-20.5,0.75,88.6245365586979
axle,-20.5,0.751,88.7923427162025
axle,-20.5,0.752,88.91522333972513
axle,-20.5,0.753,88.99922445040089
axle,-20.5,0.754,89.05045356694828
axle,-20.5,0.755,89.07221486601993
axle,-20.5,0.756,89.06767681969407
axle,-20.5,0.757,89.04162787802393
axle,-20.5,0.758,89.00017925211884
axle,-20.5,0.759,88.94712908101896
axle,-20.5,0.76,88.88388983177963
axle,-20.5,0.761,88.813239158245
axle,-20.5,0.762,88.7379386405289
axle,-20.5,0.763,88.65963326969528
axle,-20.5,0.764,88.57972506781674
axle,-20.5,0.765,88.4994883122554
axle,-20.5,0.766,88.41886508931007
axle,-20.5,0.767,88.33286875295786
axle,-20.5,0.768,88.23974580771896
axle,-20.5,0.769,88.13913485138697
axle,-20.5,0.77,88.03225869741185
axle,-20.5,0.771,87.92041487492784
axle,-20.5,0.772,87.80239039598128
axle,-20.5,0.773,87.67707258391239
axle,-20.5,0.774,87.54316500188092
axle,-20.5,0.775,87.40039143444194
axle,-20.5,0.776,87.24787368565457
axle,-20.5,0.777,87.08415121485815
axle,-20.5,0.778,86.90786597448137
axle,-20.5,0.779,86.7171029356277
axle,-20.5,0.78,86.5086580033647
axle,-20.5,0.781,86.28124847988028
axle,-20.5,0.782,86.03270514272963
axle,-20.5,0.783,85.7612227549277
axle,-20.5,0.784,85.46742111941602
axle,-20.5,0.785,85.15136508761988
axle,-20.5,0.786,84.81057911090372
axle,-20.5,0.787,84.44408074683865
axle,-20.5,0.788,84.05058042760359
axle,-20.5,0.789,83.62632821679593
axle,-20.5,0.79,83.17330988427898
axle,-20.5,0.791,82.68807478493203
axle,-20.5,0.792,82.17056456899985
axle,-20.5,0.793,81.6257478969099
axle,-20.5,0.794,81.05383548264643
axle,-20.5,0.795,80.45650934888234
axle,-20.5,0.796,79.83515895026964
axle,-20.5,0.797,79.18923889375873
axle,-20.5,0.798,78.52479204793359
axle,-20.5,0.799,77.84796230086401
axle,-20.5,0.8,77.15483576464682
axle,-20.5,0.801,76.44839811968589
axle,-20.5,0.802,75.73375666300313
axle,-20.5,0.803,75.00824623409315
axle,-20.5,0.804,74.27551546095624
axle,-20.5,0.805,73.53836001380984
axle,-20.5,0.806,72.80285639821773
axle,-20.5,0.807,72.06920477727967
axle,-20.5,0.808,71.33310967065218
axle,-20.5,0.809,70.59022649845602
axle,-20.5,0.81,69.84366593392849
axle,-20.5,0.811,69.09523359283686
axle,-20.5,0.812,68.34041957687906
axle,-20.5,0.8130000000000001,67.58166151025839
axle,-20.5,0.8140000000000001,66.81981519099898
axle,-20.5,0.8150000000000001,66.05226279222055
axle,-20.5,0.8160000000000001,65.28722070944534
axle,-20.5,0.8170000000000001,64.52296217676626
axle,-20.5,0.8180000000000001,63.75585807482546
axle,-20.5,0.8190000000000001,62.98429254574533
axle,-20.5,0.8200000000000001,62.21460454074371
axle,-20.5,0.8210000000000001,61.4468455957573
axle,-20.5,0.8220000000000001,60.6814971774731
axle,-20.5,0.8230000000000001,59.915178354669095
axle,-20.5,0.8240000000000001,59.14811890310503
axle,-20.5,0.8250000000000001,58.37905981199569
axle,-20.5,0.8260000000000001,57.60467191584987
axle,-20.5,0.8270000000000001,56.82095260973597
axle,-20.5,0.8280000000000001,56.03338383143765
axle,-20.5,0.8290000000000001,55.245403523574446
axle,-20.5,0.8300000000000001,54.451588751410526
axle,-20.5,0.8310000000000001,53.65290112349966
axle,-20.5,0.8320000000000001,52.852519414474564
axle,-20.5,0.833,52.052298230288116
axle,-20.5,0.834,51.25548380894251
axle,-20.5,0.835,50.465165122384256
axle,-20.5,0.836,49.68170666081394
axle,-20.5,0.837,48.8996179763024
axle,-20.5,0.838,48.124933323379565
axle,-20.5,0.839,47.36436237468718
axle,-20.5,0.84,46.61216631470491
axle,-20.5,0.841,45.86789491703986
axle,-20.5,0.842,45.13505057563759
axle,-20.5,0.843,44.42082382872769
axle,-20.5,0.844,43.72822545858807
axle,-20.5,0.845,43.060817516095305
axle,-20.5,0.846,42.41540843653316
axle,-20.5,0.847,41.797218423016474
axle,-20.5,0.848,41.20849500249065
axle,-20.5,0.849,40.650675186697455
axle,-20.5,0.85,40.12375073070045
axle,-20.5,0.851,39.62729943922214
axle,-20.5,0.852,39.16140349199927
axle,-20.5,0.853,38.729384553456505
axle,-20.5,0.854,38.33319288892202
axle,-20.5,0.855,37.9749221233421
axle,-20.5,0.856,37.6531599144104
axle,-20.5,0.857,37.36806303627957
axle,-20.5,0.858,37.12538339472189
axle,-20.5,0.859,36.93313913482802
axle,-20.5,0.86,36.79871421041251
axle,-20.5,0.861,36.72747877415721
axle,-20.5,0.862,36.71493440636996
axle,-20.5,0.863,36.758382936737725
axle,-20.5,0.864,36.85551868030198
axle,-20.5,0.865,37.005829550266384
axle,-20.5,0.866,37.20527012033194
axle,-20.5,0.867,37.44697550159304
axle,-20.5,0.868,37.72510621371266
axle,-20.5,0.869,38.03307224865642
axle,-20.5,0.87,38.35828696650346
axle,-20.5,0.871,38.691882245901745
axle,-20.5,0.872,39.02369670127213
axle,-20.5,0.873,39.3436016479803
axle,-20.5,0.874,39.64450287475172
axle,-20.5,0.875,39.92113555345144
axle,-20.5,0.876,40.16978684458135
axle,-20.5,0.877,40.38865434115435
axle,-20.5,0.878,40.57917095191094
axle,-20.5,0.879,40.74043879647894
axle,-20.5,0.88,40.87085346208373
axle,-20.5,0.881,40.96992624088221
axle,-20.5,0.882,41.03584629868395
axle,-20.5,0.883,41.06805354658556
axle,-20.5,0.884,41.06412278964168
axle,-20.5,0.885,41.02391653881706
axle,-20.5,0.886,40.948867394542766
axle,-20.5,0.887,40.84180109283276
axle,-20.5,0.888,40.70418896442393
axle,-20.5,0.889,40.53795989342791
axle,-20.5,0.89,40.3469328876026
axle,-20.5,0.891,40.133920588659
axle,-20.5,0.892,39.90258978861731
axle,-20.5,0.893,39.657345236866284
axle,-20.5,0.894,39.400016162931806
axle,-20.5,0.895,39.13278599156288
axle,-20.5,0.896,38.86209720680607
axle,-20.5,0.897,38.60343831324958
axle,-20.5,0.898,38.36396285939124
axle,-20.5,0.899,38.137417709691576
axle,-20.5,0.9,37.920665628057364
axle,-20.5,0.901,37.71380680558139
axle,-20.5,0.902,37.5161879144349
axle,-20.5,0.903,37.32722778574394
axle,-20.5,0.904,37.14561414844861
axle,-20.5,0.905,36.97157152704211
axle,-20.5,0.906,36.804239854847744
axle,-20.5,0.907,36.643220151476605
axle,-20.5,0.908,36.487063592706406
axle,-20.5,0.909,36.334336230643345
axle,-20.5,0.91,36.18322369548758
axle,-20.5,0.911,36.033553314124575
axle,-20.5,0.912,35.88507275102882
axle,-20.5,0.913,35.73893478784233
axle,-20.5,0.914,35.595579048909855
axle,-20.5,0.915,35.45436770613501
axle,-20.5,0.916,35.316570148095096
axle,-20.5,0.917,35.18167497288411
axle,-20.5,0.918,35.0502962636586
axle,-20.5,0.919,34.92206791241557
axle,-20.5,0.92,34.79709631781353
axle,-20.5,0.921,34.6744867954247
axle,-20.5,0.922,34.55372047604807
axle,-20.5,0.923,34.43424508786521
axle,-20.5,0.924,34.31520398597743
axle,-20.5,0.925,34.19601476653731
axle,-20.5,0.926,34.07708447328798
axle,-20.5,0.927,33.958785290285675
axle,-20.5,0.928,33.84009291192228
axle,-20.5,0.929,33.72018583067229
axle,-20.5,0.93,33.60033447069541
axle,-20.5,0.931,33.47987548389387
axle,-20.5,0.932,33.35846339787343
axle,-20.5,0.933,33.23618292560084
axle,-20.5,0.934,33.11288769363803
axle,-20.5,0.935,32.9882557609538
axle,-20.5,0.936,32.86343212674143
axle,-20.5,0.937,32.73738276319904
axle,-20.5,0.9380000000000001,32.60984918581686
axle,-20.5,0.9390000000000001,32.48173453144103
axle,-20.5,0.9400000000000001,32.35376641324352
axle,-20.5,0.9410000000000001,32.22592639180114
axle,-20.5,0.9420000000000001,32.099354014263795
axle,-20.5,0.9430000000000001,31.974362826320213
axle,-20.5,0.9440000000000001,31.852257247043706
axle,-20.5,0.9450000000000001,31.733636850593097
axle,-20.5,0.9460000000000001,31.61822014375571
axle,-20.5,0.9470000000000001,31.505462032969277
axle,-20.5,0.9480000000000001,31.395546361126684
axle,-20.5,0.9490000000000001,31.287114568349708
axle,-20.5,0.9500000000000001,31.180922085845282
axle,-20.5,0.9510000000000001,31.075929203226348
axle,-20.5,0.9520000000000001,30.972162107852338
axle,-20.5,0.9530000000000001,30.869909369891943
axle,-20.5,0.9540000000000001,30.769378824889458
axle,-20.5,0.9550000000000001,30.66980588694517
axle,-20.5,0.9560000000000001,30.56982875435896
axle,-20.5,0.9570000000000001,30.46764662709749
axle,-20.5,0.9580000000000001,30.36592477413353
axle,-20.5,0.9590000000000001,30.270523315052
axle,-20.5,0.96,30.183861346087237
axle,-20.5,0.961,30.104249176205744
axle,-20.5,0.962,30.028694247410428
axle,-20.5,0.963,29.9568496869161
axle,-20.5,0.964,29.888902132188345
axle,-20.5,0.965,29.824914099877724
axle,-20.5,0.966,29.764883468851057
axle,-20.5,0.967,29.708543121721824
axle,-20.5,0.968,29.655581234355992
axle,-20.5,0.969,29.605073048595564
axle,-20.5,0.97,29.557119275398932
axle,-20.5,0.971,29.511720798496604
axle,-20.5,0.972,29.468550638559606
axle,-20.5,0.973,29.42735668860402
axle,-20.5,0.974,29.38797147712593
axle,-20.5,0.975,29.350735522459978
axle,-20.5,0.976,29.315888802788205
axle,-20.5,0.977,29.282645877325688
axle,-20.5,0.978,29.249751659359173
axle,-20.5,0.979,29.21322592575757
axle,-20.5,0.98,29.16530978930026
axle,-20.5,0.981,29.10858538023702
axle,-20.5,0.982,29.049497083898697
axle,-20.5,0.983,28.99127396578846
axle,-20.5,0.984,28.942194574512516
axle,-20.5,0.985,28.908061134735576
axle,-20.5,0.986,28.890922626167523
axle,-20.5,0.987,28.889196340850273
axle,-20.5,0.988,28.90264727372693
axle,-20.5,0.989,28.931065669417336
axle,-20.5,0.99,28.974156605905716
axle,-20.5,0.991,29.031159048464815
axle,-20.5,0.992,29.09921072143487
axle,-20.5,0.993,29.174487958455096
axle,-20.5,0.994,29.2448492767897
axle,-20.5,0.995,29.304784849378922
axle,-20.5,0.996,29.359397227490234
axle,-20.5,0.997,29.41140072426691
axle,-20.5,0.998,29.462182491289667
axle,-20.5,0.999,29.512759868355204
axle,-20.5,1.0,29.565825560863534
axle,3.5,0.0,5.813492464663006
axle,3.5,0.001,5.749246486507865
axle,3.5,0.002,5.697757568096407
axle,3.5,0.003,5.655128474131222
axle,3.5,0.004,5.617678730444236
axle,3.5,0.005,5.583054453519189
axle,3.5,0.006,5.548335353531148
axle,3.5,0.007,5.510801840085736
axle,3.5,0.008,5.467940492194322
axle,3.5,0.009000000000000001,5.4184893637232365
axle,3.5,0.01,5.3622307871900246
axle,3.5,0.011,5.29994071735651
axle,3.5,0.012,5.23327200881371
axle,3.5,0.013000000000000001,5.164367656218187
axle,3.5,0.014,5.095017129808336
axle,3.5,0.015,5.026475584654631
axle,3.5,0.016,4.9607495361249585
axle,3.5,0.017,4.900619386624833
axle,3.5,0.018000000000000002,4.847846478053929
axle,3.5,0.019,4.802482962676251
axle,3.5,0.02,4.764734082667994
axle,3.5,0.021,4.733285581163802
axle,3.5,0.022,4.705445687472998
axle,3.5,0.023,4.6799301095577714
axle,3.5,0.024,4.656606657031521
axle,3.5,0.025,4.636035678880727
axle,3.5,0.026000000000000002,4.618861308092602
axle,3.5,0.027,4.6054394552601945
axle,3.5,0.028,4.595959498421557
axle,3.5,0.029,4.591075551812553
axle,3.5,0.03,4.591616424941256
axle,3.5,0.031,4.597871596250838
axle,3.5,0.032,4.610066276682171
axle,3.5,0.033,4.62867093318765
axle,3.5,0.034,4.653505541590744
axle,3.5,0.035,4.684111668617399
axle,3.5,0.036000000000000004,4.719416199480192
axle,3.5,0.037,4.758292522703797
axle,3.5,0.038,4.799053293757829
axle,3.5,0.039,4.840674384709167
axle,3.5,0.04,4.882076738769859
axle,3.5,0.041,4.921633879015086
axle,3.5,0.042,4.95740220836579
axle,3.5,0.043000000000000003,4.987021121291655
axle,3.5,0.044,5.009972252990341
axle,3.5,0.045,5.025741199452008
axle,3.5,0.046,5.0338299021643245
axle,3.5,0.047,5.034747975797257
axle,3.5,0.048,5.0291083634127
axle,3.5,0.049,5.017654296461156
axle,3.5,0.05,5.001218082001988
axle,3.5,0.051000000000000004,4.980812988025322
axle,3.5,0.052000000000000005,4.957147680015262
axle,3.5,0.053,4.93058573151145
axle,3.5,0.054,4.901236194307253
axle,3.5,0.055,4.869712430097851
axle,3.5,0.056,4.836516890551436
axle,3.5,0.057,4.802433324373629
axle,3.5,0.058,4.768515065409368
axle,3.5,0.059000000000000004,4.736373016298173
axle,3.5,0.06,4.706569207915489
axle,3.5,0.061,4.679462830403321
axle,3.5,0.062,4.656117493524448
axle,3.5,0.063,4.637333138213883
axle,3.5,0.064,4.623608112512711
axle,3.5,0.065,4.615400761638234
axle,3.5,0.066,4.613133658010755
axle,3.5,0.067,4.616345686788399
axle,3.5,0.068,4.623856109165912
axle,3.5,0.069,4.6347901787833505
axle,3.5,0.07,4.648202960246168
axle,3.5,0.07100000000000001,4.662304298002942
axle,3.5,0.07200000000000001,4.6745214508560835
axle,3.5,0.073,4.682642757314729
axle,3.5,0.074,4.685542015399597
axle,3.5,0.075,4.681735020968131
axle,3.5,0.076,4.669112648410645
axle,3.5,0.077,4.645640337096961
axle,3.5,0.078,4.610565239183877
axle,3.5,0.079,4.562879753714283
axle,3.5,0.08,4.502608374880947
axle,3.5,0.081,4.430033535302133
axle,3.5,0.082,4.345365803641359
axle,3.5,0.083,4.248510082623879
axle,3.5,0.084,4.139583934232887
axle,3.5,0.085,4.019148535512903
axle,3.5,0.08600000000000001,3.887560436130367
axle,3.5,0.08700000000000001,3.745537257460642
axle,3.5,0.088,3.5936280609650595
axle,3.5,0.089,3.432978648838882
axle,3.5,0.09,3.2668557247856462
axle,3.5,0.091,3.097057764626982
axle,3.5,0.092,2.9267150474900947
axle,3.5,0.093,2.7614258880227593
axle,3.5,0.094,2.6080655312720316
axle,3.5,0.095,2.4729538548398877
axle,3.5,0.096,2.360811769033547
axle,3.5,0.097,2.274548624640716
axle,3.5,0.098,2.213997009898824
axle,3.5,0.099,2.1766681957562635
axle,3.5,0.1,2.157306911291693
axle,3.5,0.101,2.1491282609378684
axle,3.5,0.10200000000000001,2.145785670083588
axle,3.5,0.10300000000000001,2.1419266879918775
axle,3.5,0.10400000000000001,2.133234919616428
axle,3.5,0.105,2.117943875117112
axle,3.5,0.106,2.095905194368464
axle,3.5,0.107,2.06742223456257
axle,3.5,0.108,2.035109164333192
axle,3.5,0.109,2.002764158082369
axle,3.5,0.11,1.976382582153834
axle,3.5,0.111,1.9612437804377025
axle,3.5,0.112,1.9652480361168543
axle,3.5,0.113,1.9931812723953775
axle,3.5,0.114,2.050161414098501
axle,3.5,0.115,2.135867566328904
axle,3.5,0.116,2.248882479343181
axle,3.5,0.117,2.3859483891475683
axle,3.5,0.11800000000000001,2.539332964643565
axle,3.5,0.11900000000000001,2.704238848614055
axle,3.5,0.12,2.87662770958382
axle,3.5,0.121,3.0538277903495046
axle,3.5,0.122,3.2286073162600912
axle,3.5,0.123,3.391169787508257
axle,3.5,0.124,3.5326140509683857
axle,3.5,0.125,3.65595109207362
axle,3.5,0.126,3.761882529416625
axle,3.5,0.127,3.856335564467979
axle,3.5,0.128,3.939332005237125
axle,3.5,0.129,4.011172709979065
axle,3.5,0.13,4.0711591226913955
axle,3.5,0.131,4.125092639576481
axle,3.5,0.132,4.171563689973021
axle,3.5,0.133,4.211725448151432
axle,3.5,0.134,4.246621336803335
axle,3.5,0.135,4.28103010827081
axle,3.5,0.136,4.313574439672965
axle,3.5,0.137,4.348045857998121
axle,3.5,0.138,4.383318604850234
axle,3.5,0.139,4.4211228210163265
axle,3.5,0.14,4.458495501764751
axle,3.5,0.14100000000000001,4.499550266919741
axle,3.5,0.14200000000000002,4.542780446754413
axle,3.5,0.14300000000000002,4.5881237312780945
axle,3.5,0.14400000000000002,4.636999717361562
axle,3.5,0.145,4.690961670394491
axle,3.5,0.146,4.750850951863186
axle,3.5,0.147,4.818951960498056
axle,3.5,0.148,4.900266009739489
axle,3.5,0.149,4.99731490228748
axle,3.5,0.15,5.11546631736612
axle,3.5,0.151,5.2466792750668905
axle,3.5,0.152,5.386095729443926
axle,3.5,0.153,5.5288358475634185
axle,3.5,0.154,5.673253435916855
axle,3.5,0.155,5.818491071785926
axle,3.5,0.156,5.964255770733011
axle,3.5,0.157,6.10684049246439
axle,3.5,0.158,6.2431000839652
axle,3.5,0.159,6.369704324768348
axle,3.5,0.16,6.484102010802078
axle,3.5,0.161,6.586323111455036
axle,3.5,0.162,6.673670473474748
axle,3.5,0.163,6.741409467097918
axle,3.5,0.164,6.789868830260714
axle,3.5,0.165,6.817448473880377
axle,3.5,0.166,6.822722624280623
axle,3.5,0.167,6.8029972711654745
axle,3.5,0.168,6.7583176821642965
axle,3.5,0.169,6.688832218550446
axle,3.5,0.17,6.594191586642544
axle,3.5,0.171,6.476008788684962
axle,3.5,0.17200000000000001,6.334846741975507
axle,3.5,0.17300000000000001,6.174917612402159
axle,3.5,0.17400000000000002,5.99888158518568
axle,3.5,0.17500000000000002,5.81060091428102
axle,3.5,0.176,5.614835205831657
axle,3.5,0.177,5.41536362034778
axle,3.5,0.178,5.217683780951816
axle,3.5,0.179,5.028092268742046
axle,3.5,0.18,4.852677707515601
axle,3.5,0.181,4.69844745388689
axle,3.5,0.182,4.571707312438216
axle,3.5,0.183,4.476034822954841
axle,3.5,0.184,4.412393061407208
axle,3.5,0.185,4.379312072324063
axle,3.5,0.186,4.374409836643917
axle,3.5,0.187,4.395237725224942
axle,3.5,0.188,4.438908873489974
axle,3.5,0.189,4.503739472316834
axle,3.5,0.19,4.587177045538446
axle,3.5,0.191,4.6848901995805585
axle,3.5,0.192,4.792354272853398
axle,3.5,0.193,4.9038256295863984
axle,3.5,0.194,5.014585530524411
axle,3.5,0.195,5.121468927229057
axle,3.5,0.196,5.221317083279997
axle,3.5,0.197,5.312663530968335
axle,3.5,0.198,5.394550586566571
axle,3.5,0.199,5.4660019797684605
axle,3.5,0.2,5.527703333283897
axle,3.5,0.201,5.579945279177157
axle,3.5,0.202,5.623623251017002
axle,3.5,0.203,5.6589701733357645
axle,3.5,0.20400000000000001,5.685739127015401
axle,3.5,0.20500000000000002,5.704342957654356
axle,3.5,0.20600000000000002,5.716304282246156
axle,3.5,0.20700000000000002,5.721206086246594
axle,3.5,0.20800000000000002,5.717999259520926
axle,3.5,0.209,5.708016236481157
axle,3.5,0.21,5.690353719130213
axle,3.5,0.211,5.663542711069244
axle,3.5,0.212,5.624905654809279
axle,3.5,0.213,5.577133194104047
axle,3.5,0.214,5.516026675926072
axle,3.5,0.215,5.4404975656807135
axle,3.5,0.216,5.350021368385645
axle,3.5,0.217,5.243367532727929
axle,3.5,0.218,5.119306701196936
axle,3.5,0.219,4.978614720239313
axle,3.5,0.22,4.820781271108198
axle,3.5,0.221,4.643949310964236
axle,3.5,0.222,4.453327153534471
axle,3.5,0.223,4.254348060227299
axle,3.5,0.224,4.049337456289316
axle,3.5,0.225,3.842542147310839
axle,3.5,0.226,3.636988157585002
axle,3.5,0.227,3.4417413231373333
axle,3.5,0.228,3.257823618042151
axle,3.5,0.229,3.088820823510779
axle,3.5,0.23,2.93807766522266
axle,3.5,0.231,2.80830540798913
axle,3.5,0.232,2.699625870657892
axle,3.5,0.233,2.6138039186131548
axle,3.5,0.234,2.548852087424634
axle,3.5,0.23500000000000001,2.505402902966627
axle,3.5,0.23600000000000002,2.4842044522853044
axle,3.5,0.23700000000000002,2.481434720510582
axle,3.5,0.23800000000000002,2.4989228500215708
axle,3.5,0.23900000000000002,2.534158040890111
axle,3.5,0.24,2.5842633570860687
axle,3.5,0.241,2.6490128018371815
axle,3.5,0.242,2.7236748903117802
axle,3.5,0.243,2.805414171912595
axle,3.5,0.244,2.888137102152295
axle,3.5,0.245,2.970200469291126
axle,3.5,0.246,3.047817137138427
axle,3.5,0.247,3.1197539903546856
axle,3.5,0.248,3.18304492390682
axle,3.5,0.249,3.2378407882282647
axle,3.5,0.25,3.2844897264362554
axle,3.5,0.251,3.324670802111437
axle,3.5,0.252,3.359636499954949
axle,3.5,0.253,3.389546648936363
axle,3.5,0.254,3.4159901586513497
axle,3.5,0.255,3.4401176111095424
axle,3.5,0.256,3.4601411070199943
axle,3.5,0.257,3.47939208648207
axle,3.5,0.258,3.4939495233263305
axle,3.5,0.259,3.5012188085523044
axle,3.5,0.26,3.5016157227407203
axle,3.5,0.261,3.489003706392382
axle,3.5,0.262,3.4619221445669863
axle,3.5,0.263,3.4203444665667853
axle,3.5,0.264,3.3584288089990584
axle,3.5,0.265,3.2826425564613095
axle,3.5,0.266,3.1884742458937123
axle,3.5,0.267,3.0790703365923546
axle,3.5,0.268,2.9552007365185315
axle,3.5,0.269,2.8220057933287315
axle,3.5,0.27,2.68044299294699
axle,3.5,0.271,2.5362454828169603
axle,3.5,0.272,2.390208940709599
axle,3.5,0.273,2.2485133162674096
axle,3.5,0.274,2.115727162437726
axle,3.5,0.275,1.9939065465543464
axle,3.5,0.276,1.8877868711352588
axle,3.5,0.277,1.8007494809109192
axle,3.5,0.278,1.734190879689655
axle,3.5,0.279,1.6889675955690993
axle,3.5,0.28,1.66287613041605
axle,3.5,0.281,1.6539581961481762
axle,3.5,0.28200000000000003,1.6587904495584604
axle,3.5,0.28300000000000003,1.674469635293822
axle,3.5,0.28400000000000003,1.6990471851145557
axle,3.5,0.28500000000000003,1.731099526973235
axle,3.5,0.28600000000000003,1.7708216490830306
axle,3.5,0.28700000000000003,1.8204271220009203
axle,3.5,0.28800000000000003,1.880396885145719
axle,3.5,0.289,1.9514128175265457
axle,3.5,0.29,2.027158289726056
axle,3.5,0.291,2.103948370223677
axle,3.5,0.292,2.180563572060385
axle,3.5,0.293,2.258101628223651
axle,3.5,0.294,2.3361511352823383
axle,3.5,0.295,2.41457075905709
axle,3.5,0.296,2.4923321444018782
axle,3.5,0.297,2.568667628500346
axle,3.5,0.298,2.641363340470207
axle,3.5,0.299,2.7082047149184474
axle,3.5,0.3,2.767704781871477
axle,3.5,0.301,2.8180087437617547
axle,3.5,0.302,2.858003910703578
axle,3.5,0.303,2.885309482512912
axle,3.5,0.304,2.9009089552328438
axle,3.5,0.305,2.9041515427000015
axle,3.5,0.306,2.8956802958743015
axle,3.5,0.307,2.876310481088442
axle,3.5,0.308,2.848016691763248
axle,3.5,0.309,2.812683169291257
axle,3.5,0.31,2.772739942211021
axle,3.5,0.311,2.7303289118540306
axle,3.5,0.312,2.6859154829526055
axle,3.5,0.313,2.6402055707574443
axle,3.5,0.314,2.594165131827236
axle,3.5,0.315,2.5478950688990967
axle,3.5,0.316,2.5028014443669866
axle,3.5,0.317,2.459309582043908
axle,3.5,0.318,2.4188073728816826
axle,3.5,0.319,2.381990054894355
axle,3.5,0.32,2.3493699368819203
axle,3.5,0.321,2.3215043637623585
axle,3.5,0.322,2.2985722047580586
axle,3.5,0.323,2.280714966879357
axle,3.5,0.324,2.267853333236763
axle,3.5,0.325,2.2597819502026946
axle,3.5,0.326,2.25521611160621
axle,3.5,0.327,2.2529561842730694
axle,3.5,0.328,2.2529578582891605
axle,3.5,0.329,2.25543130151991
axle,3.5,0.33,2.2599046142896224
axle,3.5,0.331,2.266170712804834
axle,3.5,0.332,2.274082996701447
axle,3.5,0.333,2.2835234577129992
axle,3.5,0.334,2.294190866078591
axle,3.5,0.335,2.3058598073792176
axle,3.5,0.336,2.3185873852242467
axle,3.5,0.337,2.332354347586184
axle,3.5,0.338,2.3471179771246407
axle,3.5,0.339,2.3628740956403607
axle,3.5,0.34,2.3795980685127356
axle,3.5,0.341,2.3973038264372803
axle,3.5,0.342,2.4159251959928048
axle,3.5,0.343,2.435496770109706
axle,3.5,0.34400000000000003,2.4559176417096107
axle,3.5,0.34500000000000003,2.4770692606369002
axle,3.5,0.34600000000000003,2.498966799215849
axle,3.5,0.34700000000000003,2.521522674954833
axle,3.5,0.34800000000000003,2.54465287438276
axle,3.5,0.34900000000000003,2.5684559572310133
axle,3.5,0.35000000000000003,2.5929278723193088
axle,3.5,0.35100000000000003,2.6180833392340337
axle,3.5,0.352,2.6438761127095813
axle,3.5,0.353,2.6703197842165474
axle,3.5,0.354,2.697251551226349
axle,3.5,0.355,2.724567639117316
axle,3.5,0.356,2.7526401410943557
axle,3.5,0.357,2.78173008812363
axle,3.5,0.358,2.8117606668312938
axle,3.5,0.359,2.8423380765192143
axle,3.5,0.36,2.8725379579996595
axle,3.5,0.361,2.9015650472498717
axle,3.5,0.362,2.9289259407958874
axle,3.5,0.363,2.9546886018263416
axle,3.5,0.364,2.9793820899651804
axle,3.5,0.365,3.003532847252802
axle,3.5,0.366,3.0273360576122905
axle,3.5,0.367,3.0508164991766207
axle,3.5,0.368,3.073919140753963
axle,3.5,0.369,3.096695455331653
axle,3.5,0.37,3.1194867889161975
axle,3.5,0.371,3.1424825620880728
axle,3.5,0.372,3.1665152014190787
axle,3.5,0.373,3.191920945625159
axle,3.5,0.374,3.2193553747147847
axle,3.5,0.375,3.2493730659878324
axle,3.5,0.376,3.281993778443502
axle,3.5,0.377,3.3174696106645447
axle,3.5,0.378,3.356088485794731
axle,3.5,0.379,3.3976849732744228
axle,3.5,0.38,3.4425570161040135
axle,3.5,0.381,3.4909651902914427
axle,3.5,0.382,3.5428346261626036
axle,3.5,0.383,3.5980002596690275
axle,3.5,0.384,3.655403834971638
axle,3.5,0.385,3.7136684986569506
axle,3.5,0.386,3.7718484864847217
axle,3.5,0.387,3.8295853390132333
axle,3.5,0.388,3.8868200330309666
axle,3.5,0.389,3.9431828519446386
axle,3.5,0.39,3.998320130299151
axle,3.5,0.391,4.05187611223222
axle,3.5,0.392,4.104026755332677
axle,3.5,0.393,4.155147962392696
axle,3.5,0.394,4.205807269838235
axle,3.5,0.395,4.256304182134431
axle,3.5,0.396,4.306645175036589
axle,3.5,0.397,4.35661739681086
axle,3.5,0.398,4.405982279676683
axle,3.5,0.399,4.454443603951954
axle,3.5,0.4,4.5013351374827915
axle,3.5,0.401,4.546314860472073
axle,3.5,0.402,4.589179813107628
axle,3.5,0.403,4.629904017212186
axle,3.5,0.404,4.669146752877362
axle,3.5,0.405,4.707328649514211
axle,3.5,0.406,4.744568701394
axle,3.5,0.40700000000000003,4.781141622066349
axle,3.5,0.40800000000000003,4.817190675700217
axle,3.5,0.40900000000000003,4.852830166895446
axle,3.5,0.41000000000000003,4.888182420259487
axle,3.5,0.41100000000000003,4.923846085479052
axle,3.5,0.41200000000000003,4.960932270764732
axle,3.5,0.41300000000000003,5.000285049162278
axle,3.5,0.41400000000000003,5.042129514520817
axle,3.5,0.41500000000000004,5.086548797317123
axle,3.5,0.41600000000000004,5.133606971671007
axle,3.5,0.417,5.183386167100832
axle,3.5,0.418,5.235080668970694
axle,3.5,0.419,5.287852669378827
axle,3.5,0.42,5.341379040756166
axle,3.5,0.421,5.395162305157785
axle,3.5,0.422,5.449387118568969
axle,3.5,0.423,5.504431928195042
axle,3.5,0.424,5.560675251806926
axle,3.5,0.425,5.618350329726708
axle,3.5,0.426,5.677607401934439
axle,3.5,0.427,5.738187075316129
axle,3.5,0.428,5.800211435577518
axle,3.5,0.429,5.863380885930398
axle,3.5,0.43,5.926852529053249
axle,3.5,0.431,5.990115654541787
axle,3.5,0.432,6.053125417200482
axle,3.5,0.433,6.115833080696845
axle,3.5,0.434,6.178483137750473
axle,3.5,0.435,6.242261278804934
axle,3.5,0.436,6.308237019340748
axle,3.5,0.437,6.37672606696834
axle,3.5,0.438,6.447318589489889
axle,3.5,0.439,6.518907266145568
axle,3.5,0.44,6.5907189053102435
axle,3.5,0.441,6.661515535282035
axle,3.5,0.442,6.730222104890944
axle,3.5,0.443,6.796115449564451
axle,3.5,0.444,6.8585598828420045
axle,3.5,0.445,6.917652107030541
axle,3.5,0.446,6.973468626715747
axle,3.5,0.447,7.026254118539674
axle,3.5,0.448,7.076161268499472
axle,3.5,0.449,7.123697911140733
axle,3.5,0.45,7.1694584871619425
axle,3.5,0.451,7.2143950894465085
axle,3.5,0.452,7.258944826304708
axle,3.5,0.453,7.303331963518844
axle,3.5,0.454,7.3491486015565295
axle,3.5,0.455,7.397225596872949
axle,3.5,0.456,7.447887620169442
axle,3.5,0.457,7.500514521700315
axle,3.5,0.458,7.553473969531302
axle,3.5,0.459,7.6054163790762495
axle,3.5,0.46,7.655521708991256
axle,3.5,0.461,7.703334006411142
axle,3.5,0.462,7.748590171444056
axle,3.5,0.463,7.790548880794828
axle,3.5,0.464,7.8283466686903065
axle,3.5,0.465,7.862287617976305
axle,3.5,0.466,7.894112595283278
axle,3.5,0.467,7.927268241039053
axle,3.5,0.468,7.964774558178178
axle,3.5,0.46900000000000003,8.007821992444637
axle,3.5,0.47000000000000003,8.0565428840135
axle,3.5,0.47100000000000003,8.110084965445887
axle,3.5,0.47200000000000003,8.167085761553022
axle,3.5,0.47300000000000003,8.227507873068962
axle,3.5,0.47400000000000003,8.289922921741896
axle,3.5,0.47500000000000003,8.353462821082033
axle,3.5,0.47600000000000003,8.417353894997913
axle,3.5,0.47700000000000004,8.47963986439021
axle,3.5,0.47800000000000004,8.540708379059039
axle,3.5,0.47900000000000004,8.600521428734405
axle,3.5,0.48,8.657525171794788
axle,3.5,0.481,8.711183773249742
axle,3.5,0.482,8.76195939216548
axle,3.5,0.483,8.810616706124096
axle,3.5,0.484,8.859092633735951
axle,3.5,0.485,8.909215942122497
axle,3.5,0.486,8.960436681410602
axle,3.5,0.487,9.010759447190315
axle,3.5,0.488,9.057947160489755
axle,3.5,0.489,9.099629199765245
axle,3.5,0.49,9.135430819458858
axle,3.5,0.491,9.166736369352273
axle,3.5,0.492,9.194280708933466
axle,3.5,0.493,9.21887446212082
axle,3.5,0.494,9.243188380249423
axle,3.5,0.495,9.269824478096284
axle,3.5,0.496,9.299341865930367
axle,3.5,0.497,9.331268601451505
axle,3.5,0.498,9.366725396102241
axle,3.5,0.499,9.40614557950183
axle,3.5,0.5,9.448671100079164
axle,3.5,0.501,9.492899008899785
axle,3.5,0.502,9.537435348305513
axle,3.5,0.503,9.581031855818596
axle,3.5,0.504,9.621491934120474
axle,3.5,0.505,9.657093566519988
axle,3.5,0.506,9.686785882081004
axle,3.5,0.507,9.71075179873185
axle,3.5,0.508,9.728753254490657
axle,3.5,0.509,9.741886120752246
axle,3.5,0.51,9.752115748316003
axle,3.5,0.511,9.760397100160565
axle,3.5,0.512,9.76644894775449
axle,3.5,0.513,9.770626282670378
axle,3.5,0.514,9.773665505451223
axle,3.5,0.515,9.77626813307539
axle,3.5,0.516,9.779183348174136
axle,3.5,0.517,9.782415814178858
axle,3.5,0.518,9.78520363340953
axle,3.5,0.519,9.785609234109412
axle,3.5,0.52,9.780250930505115
axle,3.5,0.521,9.76618279182675
axle,3.5,0.522,9.741517100129492
axle,3.5,0.523,9.704820110333833
axle,3.5,0.524,9.655415116070298
axle,3.5,0.525,9.595053648463187
axle,3.5,0.526,9.526934174528986
axle,3.5,0.527,9.454364047942251
axle,3.5,0.528,9.379428354131328
axle,3.5,0.529,9.303340675614114
axle,3.5,0.53,9.226240686358354
axle,3.5,0.531,9.148722266536867
axle,3.5,0.532,9.070144357130621
axle,3.5,0.533,8.988800065679758
axle,3.5,0.534,8.903176850213454
axle,3.5,0.535,8.811225261585292
axle,3.5,0.536,8.71033230300322
axle,3.5,0.537,8.599993333180318
axle,3.5,0.538,8.479452671960884
axle,3.5,0.539,8.347544258561806
axle,3.5,0.54,8.205301663507814
axle,3.5,0.541,8.054575069168374
axle,3.5,0.542,7.89771891093795
axle,3.5,0.543,7.736395448350333
axle,3.5,0.544,7.574298627205636
axle,3.5,0.545,7.416552802144312
axle,3.5,0.546,7.2671938450311915
axle,3.5,0.547,7.129937512477928
axle,3.5,0.548,7.007169715542664
axle,3.5,0.549,6.9000568125009
axle,3.5,0.55,6.808652013240914
axle,3.5,0.551,6.7319033510217325
axle,3.5,0.552,6.669062766279505
axle,3.5,0.553,6.619148307138278
axle,3.5,0.554,6.581636033600913
axle,3.5,0.555,6.555555334185286
axle,3.5,0.556,6.538816885825557
axle,3.5,0.557,6.530855175559784
axle,3.5,0.558,6.529868601591007
axle,3.5,0.559,6.534394931236587
axle,3.5,0.56,6.542859205500145
axle,3.5,0.561,6.555653339272713
axle,3.5,0.562,6.572990225758879
axle,3.5,0.5630000000000001,6.597867469582353
axle,3.5,0.5640000000000001,6.63436273068658
axle,3.5,0.5650000000000001,6.689194807184066
axle,3.5,0.5660000000000001,6.771019027831852
axle,3.5,0.5670000000000001,6.890946667122359
axle,3.5,0.5680000000000001,7.062183835598578
axle,3.5,0.5690000000000001,7.294692510642383
axle,3.5,0.5700000000000001,7.5957342406769985
axle,3.5,0.5710000000000001,7.9670140236975495
axle,3.5,0.5720000000000001,8.404781372674938
axle,3.5,0.5730000000000001,8.89993886559818
axle,3.5,0.5740000000000001,9.444828080171574
axle,3.5,0.5750000000000001,10.034091827207337
axle,3.5,0.5760000000000001,10.666284914826079
axle,3.5,0.577,11.332386055436855
axle,3.5,0.578,12.013844684111772
axle,3.5,0.579,12.687773690936863
axle,3.5,0.58,13.327851855919615
axle,3.5,0.581,13.918526186770453
axle,3.5,0.582,14.44958646398651
axle,3.5,0.583,14.914938457448816
axle,3.5,0.584,15.30487789009409
axle,3.5,0.585,15.616836110845934
axle,3.5,0.586,15.846731955100212
axle,3.5,0.587,15.98999131655357
axle,3.5,0.588,16.049815944589454
axle,3.5,0.589,16.030206324138927
axle,3.5,0.59,15.934890285151184
axle,3.5,0.591,15.771950544714052
axle,3.5,0.592,15.548542744902097
axle,3.5,0.593,15.270869799633699
axle,3.5,0.594,14.944627419931841
axle,3.5,0.595,14.57646206231552
axle,3.5,0.596,14.174329451439611
axle,3.5,0.597,13.746361360780089
axle,3.5,0.598,13.294227698496886
axle,3.5,0.599,12.823679804254978
axle,3.5,0.6,12.346375343841574
axle,3.5,0.601,11.867902580331483
axle,3.5,0.602,11.389612932631678
axle,3.5,0.603,10.91585991779668
axle,3.5,0.604,10.450418241789947
axle,3.5,0.605,9.996815054500253
axle,3.5,0.606,9.559476055696281
axle,3.5,0.607,9.141442328348493
axle,3.5,0.608,8.745085080510487
axle,3.5,0.609,8.371554855789471
axle,3.5,0.61,8.023327338957111
axle,3.5,0.611,7.703411712988599
axle,3.5,0.612,7.4152075296175815
axle,3.5,0.613,7.158059769195924
axle,3.5,0.614,6.925648239091954
axle,3.5,0.615,6.712621876713163
axle,3.5,0.616,6.515947603951977
axle,3.5,0.617,6.333887371119516
axle,3.5,0.618,6.165222121274622
axle,3.5,0.619,6.009388046356387
axle,3.5,0.62,5.86534168805657
axle,3.5,0.621,5.732185776150001
axle,3.5,0.622,5.609452037452183
axle,3.5,0.623,5.496953141278003
axle,3.5,0.624,5.393886959190474
axle,3.5,0.625,5.299572586955669
axle,3.5,0.626,5.213374766108424
axle,3.5,0.627,5.134715019511328
axle,3.5,0.628,5.0633456176342655
axle,3.5,0.629,4.998770740820554
axle,3.5,0.63,4.9402980813628
axle,3.5,0.631,4.887254008525461
axle,3.5,0.632,4.839147816739786
axle,3.5,0.633,4.795471937275587
axle,3.5,0.634,4.755889079456874
axle,3.5,0.635,4.720060449503725
axle,3.5,0.636,4.687681805666147
axle,3.5,0.637,4.658516670711759
axle,3.5,0.638,4.632168382378059
axle,3.5,0.639,4.6082798588343294
axle,3.5,0.64,4.586558117847135
axle,3.5,0.641,4.566767997687436
axle,3.5,0.642,4.548694616778292
axle,3.5,0.643,4.532157845963552
axle,3.5,0.644,4.517039473412458
axle,3.5,0.645,4.503213646474823
axle,3.5,0.646,4.490704966390678
axle,3.5,0.647,4.479488571049701
axle,3.5,0.648,4.4696225016513145
axle,3.5,0.649,4.461230418396423
axle,3.5,0.65,4.454645736114083
axle,3.5,0.651,4.4503718559466705
axle,3.5,0.652,4.44882126132481
axle,3.5,0.653,4.450655053660988
axle,3.5,0.654,4.456648909917822
axle,3.5,0.655,4.467431409096242
axle,3.5,0.656,4.483611607524401
axle,3.5,0.657,4.506245937774175
axle,3.5,0.658,4.536304367707651
axle,3.5,0.659,4.574721666490889
axle,3.5,0.66,4.62265774485967
axle,3.5,0.661,4.681256205365188
axle,3.5,0.662,4.751996459353977
axle,3.5,0.663,4.836169352641089
axle,3.5,0.664,4.934492048755555
axle,3.5,0.665,5.0478954066484105
axle,3.5,0.666,5.177749816934083
axle,3.5,0.667,5.325012342809381
axle,3.5,0.668,5.49039945688059
axle,3.5,0.669,5.675488857783383
axle,3.5,0.67,5.881661834361037
axle,3.5,0.671,6.110380847861565
axle,3.5,0.672,6.362004045511502
axle,3.5,0.673,6.637927755212237
axle,3.5,0.674,6.942960517410501
axle,3.5,0.675,7.281094993702498
axle,3.5,0.676,7.646161952030689
axle,3.5,0.677,8.027036033692136
axle,3.5,0.678,8.41182996190401
axle,3.5,0.679,8.790456516786564
axle,3.5,0.68,9.154714742121547
axle,3.5,0.681,9.498385428445507
axle,3.5,0.682,9.815874272974042
axle,3.5,0.683,10.103305458901715
axle,3.5,0.684,10.357405282810028
axle,3.5,0.685,10.569559428456673
axle,3.5,0.686,10.736434687041932
axle,3.5,0.687,10.849295728270752
axle,3.5,0.6880000000000001,10.905983838894974
axle,3.5,0.6890000000000001,10.900760180314997
axle,3.5,0.6900000000000001,10.827724390817501
axle,3.5,0.6910000000000001,10.692032351640625
axle,3.5,0.6920000000000001,10.492144179789467
axle,3.5,0.6930000000000001,10.232657863942206
axle,3.5,0.6940000000000001,9.910941713863846
axle,3.5,0.6950000000000001,9.52932535863015
axle,3.5,0.6960000000000001,9.105897776974418
axle,3.5,0.6970000000000001,8.64557022076216
axle,3.5,0.6980000000000001,8.15944218770812
axle,3.5,0.6990000000000001,7.658785929263481
axle,3.5,0.7000000000000001,7.169666261820076
axle,3.5,0.7010000000000001,6.7056528588523
axle,3.5,0.7020000000000001,6.277001564638978
axle,3.5,0.7030000000000001,5.899095848634638
axle,3.5,0.704,5.578594909479949
axle,3.5,0.705,5.317875987648904
axle,3.5,0.706,5.099170709918037
axle,3.5,0.707,4.921820505509356
axle,3.5,0.708,4.778892097721805
axle,3.5,0.709,4.67704715061206
axle,3.5,0.71,4.612687905843456
axle,3.5,0.711,4.576325431442807
axle,3.5,0.712,4.567249915260248
axle,3.5,0.713,4.578067260549295
axle,3.5,0.714,4.603613834629457
axle,3.5,0.715,4.64164315819706
axle,3.5,0.716,4.687398846377679
axle,3.5,0.717,4.74022875487436
axle,3.5,0.718,4.803915927213747
axle,3.5,0.719,4.877722489907633
axle,3.5,0.72,4.972679160813059
axle,3.5,0.721,5.090202365400305
axle,3.5,0.722,5.2446618314568125
axle,3.5,0.723,5.451822930117918
axle,3.5,0.724,5.7278066872707
axle,3.5,0.725,6.069936046765221
axle,3.5,0.726,6.493340398403936
axle,3.5,0.727,6.999218951971214
axle,3.5,0.728,7.588457281218655
axle,3.5,0.729,8.272388246510085
axle,3.5,0.73,9.036926163558567
axle,3.5,0.731,9.882897302216003
axle,3.5,0.732,10.789953243771816
axle,3.5,0.733,11.742423712409957
axle,3.5,0.734,12.709493956777232
axle,3.5,0.735,13.675223744722896
axle,3.5,0.736,14.60660829642805
axle,3.5,0.737,15.492565447709808
axle,3.5,0.738,16.313796195411065
axle,3.5,0.739,17.06697492465374
axle,3.5,0.74,17.740033985253003
axle,3.5,0.741,18.329615589030094
axle,3.5,0.742,18.8346554970658
axle,3.5,0.743,19.253972837867757
axle,3.5,0.744,19.596395424493384
axle,3.5,0.745,19.866110437986592
axle,3.5,0.746,20.067425807966124
axle,3.5,0.747,20.210663892256427
axle,3.5,0.748,20.299738679502823
axle,3.5,0.749,20.337265365313915
axle,3.5,0.75,20.328043429092336
axle,3.5,0.751,20.27594728856785
axle,3.5,0.752,20.188403655607875
axle,3.5,0.753,20.071813319253977
axle,3.5,0.754,19.9284728532588
axle,3.5,0.755,19.765943220829456
axle,3.5,0.756,19.589213802269946
axle,3.5,0.757,19.4035096266096
axle,3.5,0.758,19.21199493861746
axle,3.5,0.759,19.019311371655157
axle,3.5,0.76,18.829945804264376
axle,3.5,0.761,18.648949081755866
axle,3.5,0.762,18.47888967121127
axle,3.5,0.763,18.322934149710264
axle,3.5,0.764,18.18463303758058
axle,3.5,0.765,18.068178109538263
axle,3.5,0.766,17.9777441778907
axle,3.5,0.767,17.916276016479213
axle,3.5,0.768,17.88102573249907
axle,3.5,0.769,17.868910437639737
axle,3.5,0.77,17.87519537284508
axle,3.5,0.771,17.893933896474348
axle,3.5,0.772,17.92012410357875
axle,3.5,0.773,17.95093165087466
axle,3.5,0.774,17.983805437963966
axle,3.5,0.775,18.0153441031109
axle,3.5,0.776,18.04194930777158
axle,3.5,0.777,18.06107689739856
axle,3.5,0.778,18.071459820634175
axle,3.5,0.779,18.069421631002726
axle,3.5,0.78,18.052235764585117
axle,3.5,0.781,18.016969045056584
axle,3.5,0.782,17.95971372651463
axle,3.5,0.783,17.87459129037062
axle,3.5,0.784,17.76142668903312
axle,3.5,0.785,17.61667423625913
axle,3.5,0.786,17.436460195979574
axle,3.5,0.787,17.222486226906334
axle,3.5,0.788,16.972302892229923
axle,3.5,0.789,16.68363684593716
axle,3.5,0.79,16.355745384390637
axle,3.5,0.791,15.984500246028329
axle,3.5,0.792,15.572324259969008
axle,3.5,0.793,15.119881130845672
axle,3.5,0.794,14.63056435266014
axle,3.5,0.795,14.108537085514275
axle,3.5,0.796,13.556974252093482
axle,3.5,0.797,12.987107970420668
axle,3.5,0.798,12.403887176618163
axle,3.5,0.799,11.818489612203745
axle,3.5,0.8,11.233875451760094
axle,3.5,0.801,10.65531277140286
axle,3.5,0.802,10.092918690347426
axle,3.5,0.803,9.552280838901895
axle,3.5,0.804,9.039057070354598
axle,3.5,0.805,8.558179214297184
axle,3.5,0.806,8.104793430079104
axle,3.5,0.807,7.668949210006582
axle,3.5,0.808,7.254852280243037
axle,3.5,0.809,6.867426312527853
axle,3.5,0.81,6.504069768261146
axle,3.5,0.811,6.169264216138877
axle,3.5,0.812,5.859459180497068
axle,3.5,0.8130000000000001,5.571295821685496
axle,3.5,0.8140000000000001,5.308618903262802
axle,3.5,0.8150000000000001,5.065908109488658
axle,3.5,0.8160000000000001,4.842779274814525
axle,3.5,0.8170000000000001,4.632050318558184
axle,3.5,0.8180000000000001,4.445753393360927
axle,3.5,0.8190000000000001,4.278016170764571
axle,3.5,0.8200000000000001,4.132882903585301
axle,3.5,0.8210000000000001,4.00390075829976
axle,3.5,0.8220000000000001,3.8958969481438244
axle,3.5,0.8230000000000001,3.801255575963025
axle,3.5,0.8240000000000001,3.721770188342057
axle,3.5,0.8250000000000001,3.6527155549235806
axle,3.5,0.8260000000000001,3.59232377922523
axle,3.5,0.8270000000000001,3.541093022635912
axle,3.5,0.8280000000000001,3.4978978366829887
axle,3.5,0.8290000000000001,3.4596738433019065
axle,3.5,0.8300000000000001,3.4307314285588504
axle,3.5,0.8310000000000001,3.410609912911092
axle,3.5,0.8320000000000001,3.398199806276235
axle,3.5,0.833,3.3960083587995973
axle,3.5,0.834,3.402745633211962
axle,3.5,0.835,3.4190852357238386
axle,3.5,0.836,3.446572621309306
axle,3.5,0.837,3.4831716204199314
axle,3.5,0.838,3.5308359710040738
axle,3.5,0.839,3.5891843503808687
axle,3.5,0.84,3.6561255455704953
axle,3.5,0.841,3.736246656187736
axle,3.5,0.842,3.8264064992699116
axle,3.5,0.843,3.9295401895493294
axle,3.5,0.844,4.046829535130064
axle,3.5,0.845,4.176652424242459
axle,3.5,0.846,4.315783736621747
axle,3.5,0.847,4.466051860815211
axle,3.5,0.848,4.626943823582779
axle,3.5,0.849,4.788982199650273
axle,3.5,0.85,4.959259286815537
axle,3.5,0.851,5.137207921111658
axle,3.5,0.852,5.321197327586464
axle,3.5,0.853,5.512292688626395
axle,3.5,0.854,5.715683466045295
axle,3.5,0.855,5.934718745023292
axle,3.5,0.856,6.171019827698514
axle,3.5,0.857,6.430410250744232
axle,3.5,0.858,6.716999689878595
axle,3.5,0.859,7.043582119493298
axle,3.5,0.86,7.409991368213213
axle,3.5,0.861,7.813687490833243
axle,3.5,0.862,8.239883671167513
axle,3.5,0.863,8.681424828983749
axle,3.5,0.864,9.134165110409095
axle,3.5,0.865,9.600222272452479
axle,3.5,0.866,10.076147261196846
axle,3.5,0.867,10.552797051067042
axle,3.5,0.868,11.025430726399707
axle,3.5,0.869,11.4873042229225
axle,3.5,0.87,11.928600576040246
axle,3.5,0.871,12.345675082371638
axle,3.5,0.872,12.73059528800596
axle,3.5,0.873,13.073336181355057
axle,3.5,0.874,13.364257739725026
axle,3.5,0.875,13.599245625809397
axle,3.5,0.876,13.770663079129209
axle,3.5,0.877,13.875805182651025
axle,3.5,0.878,13.913357775570052
axle,3.5,0.879,13.887583652410306
axle,3.5,0.88,13.802019704253313
axle,3.5,0.881,13.663212341000271
axle,3.5,0.882,13.475266044393523
axle,3.5,0.883,13.243918387953629
axle,3.5,0.884,12.971249849701685
axle,3.5,0.885,12.66028348762829
axle,3.5,0.886,12.31339167748865
axle,3.5,0.887,11.931941086738304
axle,3.5,0.888,11.518372265885759
axle,3.5,0.889,11.074190905084473
axle,3.5,0.89,10.602587309432165
axle,3.5,0.891,10.108207706911282
axle,3.5,0.892,9.598733192932134
axle,3.5,0.893,9.083062345439364
axle,3.5,0.894,8.575233767773007
axle,3.5,0.895,8.087669687448578
axle,3.5,0.896,7.637312622307675
axle,3.5,0.897,7.222857009421512
axle,3.5,0.898,6.839270397672213
axle,3.5,0.899,6.483969084432973
axle,3.5,0.9,6.159198846270158
axle,3.5,0.901,5.86491450699352
axle,3.5,0.902,5.59865316127566
axle,3.5,0.903,5.358279864642575
axle,3.5,0.904,5.14090688608828
axle,3.5,0.905,4.94587758177631
axle,3.5,0.906,4.7698593058524565
axle,3.5,0.907,4.611733252638757
axle,3.5,0.908,4.46940473345445
axle,3.5,0.909,4.34249107209467
axle,3.5,0.91,4.231647066726262
axle,3.5,0.911,4.1377150205405835
axle,3.5,0.912,4.05906321703031
axle,3.5,0.913,3.9956254195493486
axle,3.5,0.914,3.9462652139166927
axle,3.5,0.915,3.9075323730704197
axle,3.5,0.916,3.87908073486762
axle,3.5,0.917,3.85908682935442
axle,3.5,0.918,3.844342237427405
axle,3.5,0.919,3.8314136628823237
axle,3.5,0.92,3.82054537687226
axle,3.5,0.921,3.8123760983163493
axle,3.5,0.922,3.8042382840055096
axle,3.5,0.923,3.797615498807364
axle,3.5,0.924,3.7915676359496997
axle,3.5,0.925,3.785585141224212
axle,3.5,0.926,3.781833474788849
axle,3.5,0.927,3.780600984645323
axle,3.5,0.928,3.7826288008853153
axle,3.5,0.929,3.786134163829069
axle,3.5,0.93,3.793438710863767
axle,3.5,0.931,3.803799210672364
axle,3.5,0.932,3.8171512847174
axle,3.5,0.933,3.834510789054992
axle,3.5,0.934,3.8533489003275996
axle,3.5,0.935,3.872688100516156
axle,3.5,0.936,3.8950961873943655
axle,3.5,0.937,3.9191323763431907
axle,3.5,0.9380000000000001,3.9431598880350895
axle,3.5,0.9390000000000001,3.9651947354494257
axle,3.5,0.9400000000000001,3.986395279762377
axle,3.5,0.9410000000000001,4.00422499063873
axle,3.5,0.9420000000000001,4.023079942607654
axle,3.5,0.9430000000000001,4.03968487110821
axle,3.5,0.9440000000000001,4.055009866222018
axle,3.5,0.9450000000000001,4.07041227965638
axle,3.5,0.9460000000000001,4.0860720233982155
axle,3.5,0.9470000000000001,4.103325798199967
axle,3.5,0.9480000000000001,4.125245879402209
axle,3.5,0.9490000000000001,4.147446872991646
axle,3.5,0.9500000000000001,4.172217226820056
axle,3.5,0.9510000000000001,4.199524334527455
axle,3.5,0.9520000000000001,4.229306632753968
axle,3.5,0.9530000000000001,4.262959585991267
axle,3.5,0.9540000000000001,4.298600630810598
axle,3.5,0.9550000000000001,4.335369443231806
axle,3.5,0.9560000000000001,4.375398053160125
axle,3.5,0.9570000000000001,4.418177607422882
axle,3.5,0.9580000000000001,4.464523004816979
axle,3.5,0.9590000000000001,4.513836262015745
axle,3.5,0.96,4.568157697527505
axle,3.5,0.961,4.6238263920715825
axle,3.5,0.962,4.680376664891581
axle,3.5,0.963,4.737211201898029
axle,3.5,0.964,4.7930738243723985
axle,3.5,0.965,4.84701839181671
axle,3.5,0.966,4.90065692215459
axle,3.5,0.967,4.954237484572181
axle,3.5,0.968,5.007489696812977
axle,3.5,0.969,5.060806198206634
axle,3.5,0.97,5.114905924122586
axle,3.5,0.971,5.16896818604441
axle,3.5,0.972,5.223313298122406
axle,3.5,0.973,5.27699893116012
axle,3.5,0.974,5.329478622984848
axle,3.5,0.975,5.378122184900002
axle,3.5,0.976,5.423845075016661
axle,3.5,0.977,5.465108899366076
axle,3.5,0.978,5.500466659971824
axle,3.5,0.979,5.531398803910825
axle,3.5,0.98,5.561023038965006
axle,3.5,0.981,5.598760736458957
axle,3.5,0.982,5.649144777536281
axle,3.5,0.983,5.714276245726292
axle,3.5,0.984,5.7930803983893755
axle,3.5,0.985,5.881860241314112
axle,3.5,0.986,5.971366616579666
axle,3.5,0.987,6.049113942760909
axle,3.5,0.988,6.104176559317495
axle,3.5,0.989,6.130492724223167
axle,3.5,0.99,6.128593062728039
axle,3.5,0.991,6.104398022560678
axle,3.5,0.992,6.064691251558489
axle,3.5,0.993,6.0177040021854165
axle,3.5,0.994,5.9708127015136325
axle,3.5,0.995,5.934733499367457
axle,3.5,0.996,5.914362051437868
axle,3.5,0.997,5.908813307630213
axle,3.5,0.998,5.915818552123522
axle,3.5,0.999,5.9328440710672545
axle,3.5,1.0,5.95674452218985
