time_ms,delta_yaw_deg,left_forward_mm,right_forward_mm,front_lateral_assumed_mm,rear_lateral_assumed_mm,center_lateral_assumed_mm,forward_mean_mm,extra_cosine_mean_mm
10.0,0.0,0.0,0.0,0.0,-0.0,0,0.0,0.0
19.0,-0.06887800000000001,4.739826608524794,4.826005274134335,-0.01544186914066298,0.01544186914066298,0,4.7829159413295645,4.782891012100693
28.0,-0.04628499999999999,4.87771247350006,4.912183939743877,-0.010376708283858211,0.010376708283858211,0,4.894948206621969,4.894937207828688
38.0,-0.014722000000000002,5.377548734035402,5.377548734035402,-0.0033005487599645812,0.0033005487599645812,0,5.377548734035402,5.377547721155782
47.0,0.009985,4.8432410072562435,4.791533807890519,0.0022385531427962465,-0.0022385531427962465,0,4.817387407573381,4.8173868874508265
56.0,0.015739999999999987,4.826005274134335,4.774298074768611,0.003528775810477004,-0.003528775810477004,0,4.800151674451473,4.800150377345074
66.0,0.009809000000000017,5.360313000913494,5.377548734035402,0.002199095420900192,-0.002199095420900192,0,5.3689308674744485,5.368930417102424
75.0,0.013316999999999989,4.894948206621969,4.894948206621969,0.00298555955960116,-0.00298555955960116,0,4.894948206621969,4.894947296135992
84.0,0.018707999999999992,4.791533807890519,4.791533807890519,0.00419417648426962,-0.00419417648426962,0,4.791533807890519,4.791531972245925
93.0,-0.008065000000000001,4.8432410072562435,4.894948206621969,-0.0018081052675665225,0.0018081052675665225,0,4.869094606939106,4.86909427121586
103.0,-0.021626999999999993,5.325841534669677,5.360313000913494,-0.00484859176957981,0.00484859176957981,0,5.343077267791585,5.343075067835354
112.0,-0.013637000000000005,4.8432410072562435,4.808769541012427,-0.003057300872139451,0.003057300872139451,0,4.826005274134335,4.82600430571382
121.0,0.010348000000000005,4.808769541012427,4.87771247350006,0.002319934694206867,-0.002319934694206867,0,4.8432410072562435,4.843240451598502
131.0,0.00030000000000002805,5.308605801547769,5.343077267791585,6.725748050465065e-05,-6.725748050465065e-05,0,5.325841534669677,5.325841534244992
140.0,-0.04010700000000001,4.860476740378152,4.894948206621969,-0.008991652568665905,0.008991652568665905,0,4.87771247350006,4.8777041857401935
149.0,-0.037077999999999986,4.808769541012427,4.894948206621969,-0.008312576207170675,0.008312576207170675,0,4.851858873817198,4.851851752400107
159.0,-0.041858,5.429255933401127,5.394784467157311,-0.009384212063211344,0.009384212063211344,0,5.412020200279219,5.412012064303431
168.0,-0.029265000000000013,4.791533807890519,4.894948206621969,-0.006560967223228059,0.006560967223228059,0,4.843241007256244,4.843236562800708
177.0,-0.028720000000000006,4.87771247350006,4.87771247350006,-0.006438782800311287,0.006438782800311287,0,4.87771247350006,4.87770822377542
186.0,-0.013272999999999998,4.860476740378152,4.87771247350006,-0.002975695129127148,0.002975695129127148,0,4.869094606939106,4.869093697654375
196.0,0.0016319999999999857,5.377548734035402,5.429255933401127,0.00036588069394526205,-0.00036588069394526205,0,5.403402333718265,5.403402321330538
205.0,-0.007217000000000006,4.860476740378152,4.87771247350006,-0.0016179907893400624,0.0016179907893400624,0,4.869094606939106,4.869094338110671
214.0,-0.018361999999999993,4.826005274134335,4.860476740378152,-0.004116606190087598,0.004116606190087598,0,4.8432410072562435,4.843239257740585
223.0,-0.019876000000000005,4.8432410072562435,4.894948206621969,-0.0044560322750343715,0.0044560322750343715,0,4.869094606939106,4.869092567877166
233.0,-0.007029000000000009,5.343077267791585,5.412020200279219,-0.0015758427682238192,0.0015758427682238192,0,5.377548734035402,5.377548503132584
242.0,-0.0064899999999999715,4.894948206621969,4.87771247350006,-0.0014550034949171332,0.0014550034949171332,0,4.886330340061015,4.886330123432025
251.0,-0.009761000000000039,4.826005274134335,4.774298074768611,-0.002188334224019454,0.002188334224019454,0,4.800151674451473,4.800151175618813
260.0,0.021917999999999993,4.9294196728657855,4.87771247350006,0.004913831525669315,-0.004913831525669315,0,4.9035660731829225,4.9035636110571
270.0,0.05287500000000003,5.446491666523036,5.325841534669677,0.011854130938943575,-0.011854130938943575,0,5.386166600596356,5.386153554440439
279.0,0.05565700000000002,4.87771247350006,4.774298074768611,0.012477831974823307,-0.012477831974823307,0,4.826005274134335,4.825989141393473
288.0,0.033728999999999995,4.963891139109602,4.8432410072562435,0.007561758533137164,-0.007561758533137164,0,4.9035660731829225,4.903560241840539
297.0,0.048992999999999974,4.860476740378152,4.808769541012427,0.010983819141213463,-0.010983819141213463,0,4.834623140695289,4.834610663273324
307.0,0.058448000000000014,5.498198865888761,5.377548734035402,0.01310355073511818,-0.01310355073511818,0,5.437873799962082,5.437858010387584
316.0,0.017618000000000005,4.860476740378152,4.826005274134335,0.003949807638436081,-0.003949807638436081,0,4.8432410072562435,4.843239396643623
325.0,0.015316000000000003,4.894948206621969,4.860476740378152,0.003433718571363777,-0.003433718571363777,0,4.87771247350006,4.877711264883714
334.0,0.011075000000000003,4.8432410072562435,4.860476740378152,0.0024829219886297878,-0.0024829219886297878,0,4.851858873817198,4.851858238501951
344.0,-0.011390000000000003,5.308605801547769,5.412020200279219,-0.0025535423431596645,0.0025535423431596645,0,5.360313000913494,5.360312392629593
353.0,-0.049555999999999996,4.8432410072562435,4.946655405987694,-0.011110039012960518,0.011110039012960518,0,4.894948206621969,4.894935597064191
362.0,-0.05936899999999999,4.774298074768611,4.946655405987694,-0.013310031200267433,0.013310031200267433,0,4.860476740378152,4.860458510515919
371.0,-0.05718800000000001,4.808769541012427,4.963891139109602,-0.012821069316998673,0.012821069316998673,0,4.886330340061015,4.886313515533885
381.0,-0.06711600000000001,5.377548734035402,5.429255933401127,-0.015046843538499036,0.015046843538499036,0,5.403402333718265,5.403381382903124
390.0,-0.04610400000000004,4.87771247350006,4.946655405987694,-0.010336129603953753,0.010336129603953753,0,4.912183939743877,4.912173064694906
399.0,-0.029142999999999974,4.860476740378152,4.860476740378152,-0.006533615847822829,0.006533615847822829,0,4.860476740378152,4.860472349031328
408.0,0.0006570000000000125,4.894948206621969,4.8432410072562435,0.00014729388230517394,-0.00014729388230517394,0,4.869094606939106,4.869094604711167
417.0,0.025491999999999997,4.946655405987694,4.860476740378152,0.005715092310081313,-0.005715092310081313,0,4.9035660731829225,4.903562742467212
427.0,0.04421400000000004,5.463727399644944,5.412020200279219,0.009912407476774493,-0.009912407476774493,0,5.437873799962082,5.4378647653833365
436.0,0.04232999999999995,4.963891139109602,4.8432410072562435,0.009490030499205307,-0.009490030499205307,0,4.9035660731829225,4.903556888636746
445.0,0.04227000000000006,4.912183939743877,4.808769541012427,0.009476579003104403,-0.009476579003104403,0,4.860476740378152,4.860467501011015
454.0,0.05238499999999997,4.998362605353419,4.8432410072562435,0.011744277054119309,-0.011744277054119309,0,4.920801806304832,4.920787788088543
464.0,0.08497899999999999,5.498198865888761,5.308605801547769,0.01905157811934724,-0.01905157811934724,0,5.403402333718265,5.403368737202069
473.0,0.06940600000000001,4.894948206621969,4.826005274134335,0.015560242306351155,-0.015560242306351155,0,4.860476740378152,4.8604518321776755
482.0,0.047297,4.9294196728657855,4.8432410072562435,0.010603590184760547,-0.010603590184760547,0,4.886330340061015,4.886318834036682
491.0,0.013559000000000002,4.8432410072562435,4.912183939743877,0.003039813927208243,-0.003039813927208243,0,4.87771247350006,4.877711526239678
500.0,-0.020966,4.826005274134335,4.946655405987694,-0.004700401120867911,0.004700401120867911,0,4.886330340061015,4.886328078944619
510.0,-0.060938,5.29137006842586,5.463727399644944,-0.013661787823306725,0.013661787823306725,0,5.377548734035402,5.377531375616405
519.0,-0.086989,4.860476740378152,4.998362605353419,-0.01950220323872836,0.01950220323872836,0,4.9294196728657855,4.9293810876064725
528.0,-0.084022,4.791533807890519,4.894948206621969,-0.018837026756537426,0.018837026756537426,0,4.843241007256244,4.843204371664832
537.0,-0.05222100000000005,4.8432410072562435,4.912183939743877,-0.011707509631443454,0.011707509631443454,0,4.87771247350006,4.877698422647727
547.0,-0.04742999999999996,5.394784467157311,5.446491666523036,-0.010633407667784263,0.010633407667784263,0,5.420638066840173,5.420627637108192
556.0,-0.02169399999999998,4.860476740378152,4.894948206621969,-0.004863612606892511,0.004863612606892511,0,4.87771247350006,4.877710048694843
565.0,0.006411999999999974,4.9294196728657855,4.87771247350006,0.0014375165499859262,-0.0014375165499859262,0,4.9035660731829225,4.903565862467791
574.0,0.020222000000000004,4.860476740378152,4.808769541012427,0.004533602569216395,-0.004533602569216395,0,4.834623140695289,4.834621014973606
583.0,0.039786000000000016,4.998362605353419,4.8432410072562435,0.008919687064525937,-0.008919687064525937,0,4.920801806304832,4.920793720184447
593.0,0.07401499999999998,5.498198865888761,5.29137006842586,0.016593541398504167,-0.016593541398504167,0,5.394784467157311,5.394758938345517
602.0,0.07921900000000001,4.946655405987694,4.808769541012427,0.017760234493658072,-0.017760234493658072,0,4.87771247350006,4.877680133974249
611.0,0.083822,4.946655405987694,4.791533807890519,0.018792188436200997,-0.018792188436200997,0,4.869094606939107,4.869058334073876
620.0,0.074554,4.946655405987694,4.8432410072562435,0.01671438067181085,-0.01671438067181085,0,4.894948206621969,4.894919667070388
629.0,0.068619,4.963891139109602,4.826005274134335,0.015383803515827304,-0.015383803515827304,0,4.894948206621969,4.894924027958373
639.0,0.074439,5.394784467157311,5.360313000913494,0.016688598637617402,-0.016688598637617402,0,5.377548734035402,5.377522838391538
648.0,0.032033000000000006,4.946655405987694,4.860476740378152,0.007181529576684244,-0.007181529576684244,0,4.9035660731829225,4.903560813922006
657.0,0.010349000000000007,4.860476740378152,4.8432410072562435,0.00232015888580855,-0.00232015888580855,0,4.851858873817198,4.85185831906556
666.0,0.02954999999999997,4.912183939743877,4.826005274134335,0.006624861829707462,-0.006624861829707462,0,4.869094606939106,4.869090099718129
676.0,0.031797000000000054,5.412020200279219,5.343077267791585,0.007128620358687268,-0.007128620358687268,0,5.377548734035402,5.3775440089039375
685.0,0.003745999999999953,4.894948206621969,4.894948206621969,0.0008398217399013153,-0.0008398217399013153,0,4.894948206621969,4.89494813457825
694.0,0.02882300000000001,4.981126872231511,4.808769541012427,0.006461874535284549,-0.006461874535284549,0,4.894948206621969,4.894943940109572
703.0,0.086305,4.981126872231511,4.757062341646702,0.01934885618317777,-0.01934885618317777,0,4.869094606939107,4.869056142694582
713.0,0.1631160000000001,5.653320463985936,5.2224271359382275,0.03656923729998525,-0.03656923729998525,0,5.437873799962082,5.437750648352061
722.0,0.22477099999999992,5.170719936572502,4.584705010427618,0.05039177050169803,-0.05039177050169803,0,4.87771247350006,4.877451252776057
731.0,0.308662,5.2224271359382275,4.5502335441838015,0.06919942815841512,-0.06919942815841512,0,4.886330340061015,4.885838091013291
740.0,0.39479499999999995,5.360313000913494,4.395111946086627,0.08850972338610355,-0.08850972338610355,0,4.87771247350006,4.876901707546979
749.0,0.4785050000000002,5.377548734035402,4.395111946086627,0.10727680236291619,-0.10727680236291619,0,4.886330340061015,4.88514116679749
759.0,0.6224880000000002,6.135920991399369,4.808769541012427,0.13955658174791688,-0.13955658174791688,0,5.472345266205898,5.4705401603802155
768.0,0.6365949999999998,5.618848997742119,4.2572260811113605,0.14271925267284688,-0.14271925267284688,0,4.938037539426739,4.935936584521611
777.0,0.7266650000000003,5.705027663351661,4.205518881745635,0.16291219023635803,-0.16291219023635803,0,4.955273272548649,4.952535019308255
786.0,0.8060140000000003,5.8946207276926526,4.188283148623727,0.18070156963823478,-0.18070156963823478,0,5.04145193815819,5.038121691828575
795.0,0.8947499999999998,6.032506592667919,4.067633016770368,0.20059543560510174,-0.20059543560510174,0,5.0500698047191435,5.045935024863267
804.0,1.003475,6.1014495251555525,4.015925817404644,0.2249706674979933,-0.2249706674979933,0,5.058687671280098,5.05347272506109
812.0,0.959858999999999,5.567141798376394,3.4643823575035766,0.2151923265990245,-0.2151923265990245,0,4.515762077939986,4.510352830877615
821.0,1.1867639999999993,6.3944569882279945,3.757389820576018,0.26606252197871233,-0.26606252197871233,0,5.0759234044020065,5.068467026046912
830.0,1.3589700000000013,6.497871386959445,3.7229183543322018,0.30466966093798875,-0.30466966093798875,0,5.110394870645823,5.100627320165729
839.0,1.4864710000000005,6.704700184422345,3.4988538237473934,0.3332543143440641,-0.3332543143440641,0,5.10177700408487,5.089761837321871
848.0,1.637354,6.877057515641428,3.343732225650218,0.3670810157806715,-0.3670810157806715,0,5.110394870645823,5.095522289746438
857.0,1.8150110000000006,6.911528981885245,3.2058463606749514,0.40691022316071696,-0.40691022316071696,0,5.058687671280098,5.039955995593189
865.0,1.6727219999999976,6.170392457643186,2.7577172995053347,0.3750102243489652,-0.3750102243489652,0,4.46405487857426,4.44579785815437
875.0,2.213877000000002,7.79055137110257,3.2058463606749514,0.49633263055726884,-0.49633263055726884,0,5.49819886588876,5.471445473503382
884.0,2.1170159999999996,7.1528292455919615,2.792188765749151,0.47461720782673383,-0.47461720782673383,0,4.972509005670556,4.944919644723718
893.0,2.2153259999999997,7.2734793774453195,2.6715386338957927,0.4966574841881058,-0.4966574841881058,0,4.972509005670556,4.941558775228431
902.0,2.3579709999999983,7.394129509298678,2.430238370189076,0.5286372952100554,-0.5286372952100554,0,4.912183939743877,4.875005015407188
911.0,2.495106,7.37689377617677,2.361295437701443,0.5593818105067372,-0.5593818105067372,0,4.869094606939107,4.8267391677721605
920.0,2.5581610000000023,7.4458367086644035,2.2061738396042676,0.5735182119508055,-0.5735182119508055,0,4.826005274134335,4.779525992027149
930.0,2.9877959999999986,8.393802030369361,2.2406453058480844,0.6698387707395143,-0.6698387707395143,0,5.317223668108722,5.256985422109368
939.0,2.7865719999999996,7.532015374273945,2.033816508385184,0.624726039882626,-0.624726039882626,0,4.7829159413295645,4.725202370701733
949.0,3.076050000000004,8.445509229735087,2.1372309071166344,0.6896245763543717,-0.6896245763543717,0,5.291370068425861,5.225730056408558
958.0,2.8655549999999996,7.6526655061273035,1.8097519778003759,0.6424333651582871,-0.6424333651582871,0,4.731208741963839,4.665661827424082
968.0,3.2589179999999973,8.255916165394096,2.1027594408728176,0.7306220461707813,-0.7306220461707813,0,5.179337803133457,5.105025927557307
977.0,2.730118000000004,7.37689377617677,2.033816508385184,0.6120695272012631,-0.6120695272012631,0,4.705355142280977,4.649583509115355
987.0,2.911349999999998,7.962908702321654,2.4991813026767096,0.6527002195573207,-0.6527002195573207,0,5.231045002499181,5.177184338086223
996.0,2.360332999999993,6.946000448129062,2.516417035798618,0.5291668357732275,-0.5291668357732275,0,4.73120874196384,4.694244844900668
1006.0,2.399048000000005,7.58372257363967,3.085196228821593,0.5378464136323545,-0.5378464136323545,0,5.334459401230632,5.3020392989482135
1015.0,2.0170090000000003,6.721935917544253,2.8611316982367847,0.4521964783173074,-0.4521964783173074,0,4.791533807890519,4.766415221729104
1024.0,1.958081,6.739171650666162,2.9473103638463263,0.4389853156133817,-0.4389853156133817,0,4.843241007256244,4.820035812148792
1034.0,2.0653569999999983,7.428600975542495,3.447146624381668,0.4630356938754354,-0.4630356938754354,0,5.437873799962082,5.4153373931385
1043.0,1.780724000000004,6.584050052568986,3.2058463606749514,0.3992233657138419,-0.3992233657138419,0,4.894948206621969,4.8766270364262025
1052.0,1.7071989999999886,6.549578586325169,3.2747892931625846,0.38273967820015853,-0.38273967820015853,0,4.912183939743877,4.895536795318276
1061.0,1.633247000000015,6.497871386959445,3.378203691894035,0.3661602608725663,-0.3661602608725663,0,4.93803753942674,4.923056072347788
1070.0,1.5440219999999936,6.377221255106086,3.5333252899912098,0.3461567652124718,-0.3461567652124718,0,4.955273272548648,4.942168640999294
1079.0,1.43558500000001,6.23933539013082,3.653975421844568,0.3218461005008685,-0.3218461005008685,0,4.946655405987694,4.935467027046994
1088.0,1.3031689999999942,6.170392457643186,3.757389820576018,0.29215954537252165,-0.29215954537252165,0,4.963891139109602,4.954784940972903
1097.0,1.1877899999999915,6.049742325789827,3.8780399524293765,0.26629254256203644,-0.26629254256203644,0,4.963891139109602,4.956409768706193
1107.0,1.169021,6.601285785690894,4.412347679208535,0.2620846903900662,-0.2620846903900662,0,5.506816732449715,5.5003369181049955
1116.0,0.9717260000000087,5.791206328961202,4.033161550526552,0.21785280833618875,-0.21785280833618875,0,4.912183939743877,4.9072018929175005
1125.0,0.8823929999999928,5.8084420620831105,4.102104483014185,0.19782509998311384,-0.19782509998311384,0,4.955273272548648,4.9512094544646095
1134.0,0.817207000000012,5.705027663351661,4.136575949258002,0.18321094623586567,-0.18321094623586567,0,4.920801806304832,4.917306390862843
1143.0,0.7537999999999918,5.670556197107844,4.239990347989452,0.1689956293480012,-0.1689956293480012,0,4.955273272548649,4.952333061711682
1152.0,0.7341760000000039,5.670556197107844,4.222754614867544,0.16459609335659345,-0.16459609335659345,0,4.946655405987694,4.943859653764177
1161.0,0.6865079999999915,5.567141798376394,4.308933280477085,0.15390932808760605,-0.15390932808760605,0,4.938037539426739,4.93560135850928
1170.0,0.6553120000000098,5.532670332132577,4.291697547355177,0.14691544688153385,-0.14691544688153385,0,4.912183939743877,4.909952934912506
1179.0,0.6251449999999874,5.498198865888761,4.343404746720902,0.14015225883358348,-0.14015225883358348,0,4.920801806304832,4.918779380565758
1189.0,0.6553040000000036,6.032506592667919,4.87771247350006,0.146913653348719,-0.146913653348719,0,5.45510953308399,5.453109974468805
1198.0,0.549309000000007,5.429255933401127,4.395111946086627,0.12315046452842052,-0.12315046452842052,0,4.912183939743877,4.910623703892738
1207.0,0.5204689999999901,5.412020200279219,4.395111946086627,0.11668477873590358,-0.11668477873590358,0,4.9035660731829225,4.902163302732031
1216.0,0.47486899999999954,5.325841534669677,4.481290611696169,0.10646164169919976,-0.10646164169919976,0,4.9035660731829225,4.902402167637916
1225.0,0.4362180000000181,5.325841534669677,4.481290611696169,0.09779641210258722,-0.09779641210258722,0,4.9035660731829225,4.902583868207733
1235.0,0.45877099999999726,5.860149261448836,4.963891139109602,0.10285260529532003,-0.10285260529532003,0,5.412020200279219,5.411036399009261
1244.0,0.40261799999999626,5.256898602182044,4.515762077939986,0.09026357428606216,-0.09026357428606216,0,4.886330340061015,4.88549203348993
1253.0,0.3654179999999889,5.256898602182044,4.532997811061894,0.0819236467034846,-0.0819236467034846,0,4.894948206621969,4.894259034335096
1262.0,0.356696999999996,5.170719936572502,4.5502335441838015,0.07996847174521618,-0.07996847174521618,0,4.860476740378152,4.859816333185779
1271.0,0.33300000000000984,5.2224271359382275,4.5502335441838015,0.07465580336015744,-0.07465580336015744,0,4.886330340061015,4.885757417323152
1281.0,0.33174899999999957,5.653320463985936,5.0500698047191435,0.07437533966645077,-0.07437533966645077,0,5.351695134352539,5.351176746997865
1290.0,0.2662580000000087,5.1362484703286855,4.619176476671435,0.059692807480687275,-0.059692807480687275,0,4.87771247350006,4.877346229798812
1299.0,0.2694099999999912,5.119012737206777,4.601940743549527,0.06039945940918549,-0.06039945940918549,0,4.860476740378152,4.860100438197994
1309.0,0.2840650000000002,5.584377531498302,5.119012737206777,0.06368498733183936,-0.06368498733183936,0,5.351695134352539,5.3513155328152315
1318.0,0.24064600000000763,5.101777004084869,4.619176476671435,0.05395081217840386,-0.05395081217840386,0,4.860476740378152,4.860176604305851
1327.0,0.22143600000000288,5.0155983384753275,4.688119409159069,0.049644091510088736,-0.049644091510088736,0,4.851858873817198,4.85160462579049
1336.0,0.19194000000000017,5.08454127096296,4.67088367603716,0.043031336026871495,-0.043031336026871495,0,4.87771247350006,4.877522330888519
1346.0,0.21211199999999203,5.584377531498302,5.239662869060136,0.04755372901600195,-0.04755372901600195,0,5.412020200279219,5.411811080466839
1355.0,0.14881200000000053,4.946655405987694,4.705355142280977,0.033362400629523906,-0.033362400629523906,0,4.826005274134335,4.825889888244685
1364.0,0.1218569999999944,5.0500698047191435,4.739826608524794,0.027319316006180233,-0.027319316006180233,0,4.894948206621969,4.894871895521581
1373.0,0.13119500000000972,4.9294196728657855,4.739826608524794,0.029412817182691568,-0.029412817182691568,0,4.83462314069529,4.8345336381161
1383.0,0.13749699999999232,5.549906065254485,5.2224271359382275,0.030825672656488556,-0.030825672656488556,0,5.386166600596356,5.386078311683018
1392.0,0.10575099999999865,4.963891139109602,4.757062341646702,0.023708486069488513,-0.023708486069488513,0,4.860476740378152,4.860418892469907
1401.0,0.11894899999999704,4.963891139109602,4.739826608524794,0.02666736682848914,-0.02666736682848914,0,4.851858873817198,4.851785550202761
1410.0,0.102242000000004,4.998362605353419,4.757062341646702,0.022921797739187056,-0.022921797739187056,0,4.877712473500061,4.877658583307413
1420.0,0.12519099999999683,5.446491666523036,5.239662869060136,0.028066770806189058,-0.028066770806189058,0,5.343077267791585,5.34300352540939
1429.0,0.10525500000000941,5.0155983384753275,4.757062341646702,0.02359728703505658,-0.02359728703505658,0,4.886330340061015,4.886273322614564
1438.0,0.09751099999999926,4.87771247350006,4.757062341646702,0.021861147271627752,-0.021861147271627752,0,4.817387407573381,4.817337797973397
1448.0,0.12197099999999989,5.498198865888761,5.274134335303953,0.027344873848773227,-0.027344873848773227,0,5.386166600596357,5.386097158697078
1457.0,0.09236899999999788,4.981126872231511,4.757062341646702,0.02070835405577784,-0.02070835405577784,0,4.869094606939107,4.869050547696544
1466.0,0.10527100000000907,4.946655405987694,4.774298074768611,0.023600874100683417,-0.023600874100683417,0,4.860476740378152,4.860419424339009
1475.0,0.10514799999999344,5.0155983384753275,4.808769541012427,0.02357329853367301,-0.02357329853367301,0,4.912183939743877,4.912127352165934
1485.0,0.11531799999999072,5.429255933401127,5.274134335303953,0.025853327122779844,-0.025853327122779844,0,5.35169513435254,5.351632675336084
1494.0,0.08225300000001057,5.0155983384753275,4.808769541012427,0.018440431813164074,-0.018440431813164074,0,4.912183939743877,4.912149311897358
1503.0,0.08589199999999762,4.9294196728657855,4.774298074768611,0.01925626505168251,-0.01925626505168251,0,4.851858873817198,4.851820651957539
1512.0,0.08230499999998717,4.946655405987694,4.774298074768611,0.0184520897764463,-0.0184520897764463,0,4.860476740378152,4.860441704411672
1522.0,0.09780900000001984,5.5154345990106695,5.29137006842586,0.021927956368933646,-0.021927956368933646,0,5.403402333718265,5.4033578213833575
1531.0,0.08345799999999158,4.9294196728657855,4.774298074768611,0.018710582693186806,-0.018710582693186806,0,4.851858873817198,4.851822787495557
1540.0,0.0779500000000061,4.946655405987694,4.791533807890519,0.01747573535112479,-0.01747573535112479,0,4.869094606939107,4.869063238080239
1549.0,0.05497699999998197,4.87771247350006,4.791533807890519,0.0123253816856754,-0.0123253816856754,0,4.83462314069529,4.834607428368104
1559.0,0.05082700000000996,5.480963132766853,5.343077267791585,0.011394986538700762,-0.011394986538700762,0,5.412020200279219,5.412008202323202
1568.0,0.05936500000000448,4.894948206621969,4.791533807890519,0.01330913443386171,-0.01330913443386171,0,4.843241007256244,4.843222718650823
1577.0,0.055228999999998765,4.894948206621969,4.808769541012427,0.012381877969303066,-0.012381877969303066,0,4.851858873817198,4.85184307345596
1586.0,0.055350999999997715,4.894948206621969,4.791533807890519,0.012409229344708053,-0.012409229344708053,0,4.843241007256244,4.84322510821594
1596.0,0.056800999999993294,5.463727399644944,5.360313000913494,0.012734307167146177,-0.012734307167146177,0,5.412020200279219,5.412005217268891
1605.0,0.06189700000000362,4.946655405987694,4.826005274134335,0.013876787569320717,-0.013876787569320717,0,4.886330340061015,4.886310632692863
1614.0,0.045426000000014996,4.860476740378152,4.826005274134335,0.01018412769801661,-0.01018412769801661,0,4.8432410072562435,4.843230299816083
1623.0,0.03179099999999348,4.9294196728657855,4.87771247350006,0.0071272752090757,-0.0071272752090757,0,4.9035660731829225,4.903560893342091
1633.0,0.03282199999999894,5.412020200279219,5.377548734035402,0.00735841675041122,-0.00735841675041122,0,5.394784467157311,5.394779448720102
1642.0,0.024947999999996393,4.894948206621969,4.826005274134335,0.005593132078765416,-0.005593132078765416,0,4.860476740378152,4.8604735221065045
1651.0,0.014351000000002808,4.860476740378152,4.826005274134335,0.003217373675741133,-0.003217373675741133,0,4.8432410072562435,4.843239938589515
1660.0,0.02283500000000008,4.87771247350006,4.8432410072562435,0.005119415224411864,-0.005119415224411864,0,4.860476740378152,4.860474044272255
1670.0,0.022521999999996534,5.463727399644944,5.377548734035402,0.005049243253084556,-0.005049243253084556,0,5.420638066840173,5.420635715045827
1679.0,0.009323000000006906,4.826005274134335,4.791533807890519,0.0020901383024842127,-0.0020901383024842127,0,4.808769541012428,4.80876908676591
1688.0,0.00859799999999003,4.894948206621969,4.87771247350006,0.0019275993912608721,-0.0019275993912608721,0,4.886330340061015,4.886329959852322
1697.0,0.01107799999999985,4.826005274134335,4.808769541012427,0.0024835945634348,-0.0024835945634348,0,4.817387407573381,4.817386767365323
1707.0,0.01882900000001223,5.412020200279219,5.360313000913494,0.004221303668075903,-0.004221303668075903,0,5.386166600596356,5.386164946376543
1716.0,-0.01351900000000813,4.774298074768611,4.87771247350006,-0.0030308462631427795,0.0030308462631427795,0,4.826005274134335,4.826004322303528
1725.0,-0.03448499999999707,4.8432410072562435,4.8432410072562435,-0.007731247384008211,0.007731247384008211,0,4.8432410072562435,4.8432348365874915
1735.0,0.025497999999995594,5.429255933401127,5.377548734035402,0.005716437459690418,-0.005716437459690418,0,5.403402333718265,5.4033993098477575
1744.0,0.027480999999999495,4.8432410072562435,4.826005274134335,0.006161009405826992,-0.006161009405826992,0,4.834623140695289,4.834619215041711
1753.0,0.01683000000000867,4.912183939743877,4.860476740378152,0.0037731446563124926,-0.0037731446563124926,0,4.886330340061015,4.886328883240476
1762.0,0.011191999999992607,4.808769541012427,4.860476740378152,0.0025091524060249413,-0.0025091524060249413,0,4.834623140695289,4.834622489556163
1772.0,0.015075999999994238,5.412020200279219,5.377548734035402,0.003379912586958769,-0.003379912586958769,0,5.394784467157311,5.394783408364098
1781.0,-0.009749999999990488,4.8432410072562435,4.826005274134335,-0.002185868116398809,0.002185868116398809,0,4.834623140695289,4.834622646547789
1790.0,-0.015877000000006285,4.808769541012427,4.912183939743877,-0.00355949005990887,0.00355949005990887,0,4.860476740378152,4.860475436864204
1800.0,-0.0027160000000015206,5.446491666523036,5.325841534669677,-0.0006089043901690545,0.0006089043901690545,0,5.386166600596356,5.3861665661738165
1809.0,-0.0029070000000061243,4.808769541012427,4.826005274134335,-0.0006517249860913767,0.0006517249860913767,0,4.817387407573381,4.8173873634886135
1818.0,0.007073000000015951,4.8432410072562435,4.87771247350006,0.0015857071987014078,-0.0015857071987014078,0,4.860476740378152,4.86047648171024
1827.0,-0.06986300000000101,4.688119409159069,4.9294196728657855,-0.01566269786832012,0.01566269786832012,0,4.808769541012428,4.808744017573785
1837.0,-0.11563900000000045,5.429255933401127,5.343077267791585,-0.025925292626921996,0.025925292626921996,0,5.386166600596356,5.3861042044449645
1846.0,0.10853599999999311,5.08454127096296,4.584705010427618,0.024332859680172052,-0.024332859680172052,0,4.834623140695289,4.834561743660349
1855.0,0.30593099999999823,5.2224271359382275,4.5502335441838015,0.06858716089422077,-0.06858716089422077,0,4.886330340061015,4.885846761873088
1864.0,0.4574210000000027,5.463727399644944,4.377876212964718,0.10254994663305035,-0.10254994663305035,0,4.920801806304832,4.919720437036952
1874.0,0.6442870000000032,6.135920991399369,4.808769541012427,0.1444437344729867,-0.1444437344729867,0,5.472345266205898,5.4704115924057
1883.0,0.6803819999999924,5.687791930229753,4.205518881745635,0.1525359303357014,-0.1525359303357014,0,4.946655405987694,4.944251502961169
1892.0,0.7445370000000185,5.739499129595478,4.2572260811113605,0.16691894254162548,-0.16691894254162548,0,4.998362605353419,4.995515498566311
1901.0,0.826842999999997,5.825677795205019,4.136575949258002,0.18537125650967148,-0.18537125650967148,0,4.98112687223151,4.9775797517981575
1910.0,0.9168019999999819,5.946327927058378,4.0503972836484605,0.20553930880539245,-0.20553930880539245,0,4.998362605353419,4.993985518171347
1919.0,0.9994730000000168,6.1014495251555525,3.94698288491701,0.2240734527080651,-0.2240734527080651,0,5.024216205036281,5.018988488428802
1928.0,1.0852359999999879,6.118685258277461,3.9125114186731933,0.24330079704312466,-0.24330079704312466,0,5.015598338475327,5.009411075491595
1937.0,1.2162090000000103,6.342749788862269,3.757389820576018,0.27266384369024566,-0.27266384369024566,0,5.0500698047191435,5.042216351027613
1945.0,1.1956709999999835,5.722263396473569,3.2747892931625846,0.2680593965748917,-0.2680593965748917,0,4.498526344818077,4.489934073477842
1954.0,1.4436420000000112,6.515107120081353,3.550561023113118,0.32365241223562174,-0.32365241223562174,0,5.032834071597236,5.0214919495697545
1963.0,1.5621340000000077,6.618521518812803,3.3609679587721266,0.3502173235021421,-0.3502173235021421,0,4.9897447387924645,4.976071882202787
1972.0,1.6703639999999869,6.739171650666162,3.343732225650218,0.37448158055219627,-0.37448158055219627,0,5.04145193815819,5.025874257070155
1981.0,1.782729999999997,6.842586049397611,3.1713748944311346,0.3996730940668148,-0.3996730940668148,0,5.006980471914373,4.988714990069046
1990.0,1.9271780000000063,6.928764715007153,3.085196228821593,0.4320571225465997,-0.4320571225465997,0,5.006980471914373,4.985356982640255
1999.0,1.9697110000000069,6.928764715007153,2.9645460969682347,0.44159266394094665,-0.44159266394094665,0,4.946655405987694,4.923464750265202
2008.0,2.0826639999999847,7.049414846860511,2.8438959651148763,0.4669157779257453,-0.4669157779257453,0,4.946655405987694,4.920163432322067
2018.0,2.397355000000003,7.89396576983402,3.0162532963339594,0.5374668572507062,-0.5374668572507062,0,5.45510953308399,5.42260541044458
2027.0,2.2647470000000163,7.256243644323411,2.5508885020424343,0.507737257334843,-0.507737257334843,0,4.9035660731829225,4.87017799750331
2036.0,2.3648679999999924,7.221772178079595,2.516417035798618,0.5301835446868559,-0.5301835446868559,0,4.869094606939107,4.832373513553048
2045.0,2.4147269999999916,7.204536444957687,2.4130026370671676,0.541361513755126,-0.541361513755126,0,4.808769541012428,4.769379024131689
2055.0,2.705841000000002,8.049087367931195,2.619831434530068,0.606626827687225,-0.606626827687225,0,5.334459401230632,5.289313562474069
2064.0,2.5024179999999907,7.2390079112015036,2.257881038969993,0.561021099498235,-0.561021099498235,0,4.748444475085748,4.704308785771541
2074.0,2.8431550000000088,8.221444699150279,2.378531170823351,0.637411473280609,-0.637411473280609,0,5.299987934986815,5.2471550491978896
2083.0,2.6358800000000078,7.549251107395853,2.016580775263276,0.5909421590419416,-0.5909421590419416,0,4.7829159413295645,4.730714324871055
2093.0,3.106520999999994,8.342094831003637,2.1372309071166344,0.6964559186492263,-0.6964559186492263,0,5.239662869060136,5.172616767175086
2102.0,2.8207400000000025,7.532015374273945,1.8442234440441925,0.6323862185289023,-0.6323862185289023,0,4.688119409159069,4.625059791376383
2112.0,3.194701999999997,8.376566297247454,1.9993450421413674,0.7162253582771604,-0.7162253582771604,0,5.187955669694411,5.114165662129172
2121.0,2.898255000000019,7.532015374273945,1.775280511556559,0.6497644305332976,-0.6497644305332976,0,4.653647942915252,4.585634210793073
2131.0,3.257109999999973,8.376566297247454,1.9476378427756424,0.7302167077549344,-0.7302167077549344,0,5.162102070011548,5.084297114743791
2141.0,3.2860410000000186,8.41103776349127,1.8442234440441925,0.736702794983211,-0.736702794983211,0,5.127630603767732,5.045796709291919
2151.0,3.3126990000000083,8.393802030369361,1.8614591771661009,0.7426792947008514,-0.7426792947008514,0,5.127630603767731,5.045034232128614
2160.0,3.0517579999999676,7.68713697237112,1.4995087816060257,0.6841785139663009,-0.6841785139663009,0,4.593322876988573,4.510542683757998
2170.0,3.475830000000012,8.669573760319896,1.568451714093659,0.7792518948748627,-0.7792518948748627,0,5.119012737206777,5.019703358032389
2180.0,3.58087099999999,8.61786656095417,1.4822730484841173,0.8028012049071521,-0.8028012049071521,0,5.0500698047191435,4.942050960457747
2190.0,3.586350000000026,8.583395094710355,1.5512159809717507,0.8040295506927767,-0.8040295506927767,0,5.067305537841053,4.9615964276753965
2200.0,3.5971370000000076,8.755752425929437,1.4305658491183924,0.8064479055001179,-0.8064479055001179,0,5.093159137523915,4.982520345928921
2210.0,3.691634999999976,8.876402557782795,1.2237370516554922,0.8276335634758705,-0.8276335634758705,0,5.0500698047191435,4.925870868739246
2220.0,3.80181900000001,8.755752425929437,1.2926799841431256,0.8523358909156238,-0.8523358909156238,0,5.024216205036281,4.896880869594362
2230.0,3.7751619999999733,8.807459625295163,1.1203226529240422,0.8463596153895746,-0.8463596153895746,0,4.963891139109602,4.830491496917908
2240.0,3.8865050000000094,8.962581223392338,0.9824367879487754,0.8713217808956781,-0.8713217808956781,0,4.972509005670556,4.827766751547251
2250.0,4.047485000000033,9.065995622123788,0.8445509229735088,0.9074121449344754,-0.9074121449344754,0,4.955273272548649,4.798156390969147
2260.0,4.108566999999981,9.13493855461142,0.7756079904858754,0.9211062163484129,-0.9211062163484129,0,4.955273272548648,4.79421233506544
2270.0,4.130783000000015,9.014288422758062,0.8100794567296921,0.926086856971391,-0.926086856971391,0,4.912183939743877,4.750219927478874
2280.0,3.9996339999999835,8.92810975714852,0.8790223892173253,0.896684352602372,-0.896684352602372,0,4.903566073182923,4.749384380659181
2290.0,4.038360000000007,8.893638290904704,0.9652010548268671,0.9053663965691201,-0.9053663965691201,0,4.9294196728657855,4.7759410682271835
2300.0,3.9510039999999838,9.117702821489512,0.8962581223392337,0.8857819150125692,-0.8857819150125692,0,5.006980471914373,4.856221575483015
2311.0,4.548905000000018,10.048432410072563,0.7411365242420587,1.0198262978499348,-1.0198262978499348,0,5.394784467157311,5.216389570551471
2321.0,4.2141720000000005,8.979816956514245,0.7756079904858754,0.9447819704440605,-0.9447819704440605,0,4.87771247350006,4.711329153443919
2331.0,4.0269769999999845,8.600630827832262,1.1720298522897672,0.9028144235671671,-0.9028144235671671,0,4.886330340061015,4.741066684679974
2341.0,3.613799999999992,8.462744962856995,1.4305658491183924,0.810183610158944,-0.810183610158944,0,4.946655405987694,4.834513738741108
2351.0,3.4184730000000343,8.186973232906462,1.7408090453127425,0.7663929371771847,-0.7663929371771847,0,4.963891139109602,4.872288503013113
2361.0,3.1408539999999756,7.945672969199745,2.033816508385184,0.7041530889097752,-0.7041530889097752,0,4.9897447387924645,4.918270835876987
2371.0,2.933181000000004,7.807787104224478,2.3440597045795344,0.657594546413645,-0.657594546413645,0,5.0759234044020065,5.018585864938034
2381.0,2.675369999999999,7.618194039883487,2.585359968286251,0.5997954853923676,-0.5997954853923676,0,5.101777004084869,5.056582279751799
2391.0,2.4129330000000224,7.37689377617677,2.930074630724418,0.5409593140217152,-0.5409593140217152,0,5.153484203450594,5.119258974751338
2400.0,1.9586179999999604,6.515107120081353,2.8611316982367847,0.4391057065034762,-0.4391057065034762,0,4.688119409159069,4.664190009359805
2410.0,1.9776460000000344,7.032179113738603,3.395439425015943,0.4433716243003007,-0.4433716243003007,0,5.213809269377273,5.192550296760861
2419.0,1.6455380000000148,6.256571123252728,3.2403178269187682,0.36891579984884154,-0.36891579984884154,0,4.748444475085748,4.7326209434052835
2429.0,1.7142189999999604,6.980471914372878,3.688446888088385,0.3843135032439609,-0.3843135032439609,0,5.334459401230632,5.319251754745801
2438.0,1.4517050000000105,6.222099657008911,3.4988538237473934,0.32546006911998476,-0.32546006911998476,0,4.860476740378152,4.848709751459914
2447.0,1.3229070000000385,6.015270859546011,3.653975421844568,0.2965846392065338,-0.2965846392065338,0,4.83462314069529,4.824985299624645
2456.0,1.2187499999999687,6.015270859546011,3.7056826212102933,0.2732335145501107,-0.2732335145501107,0,4.860476740378152,4.852362558834889
2466.0,1.2444459999999966,6.549578586325169,4.308933280477085,0.2789943419469414,-0.2789943419469414,0,5.4292559334011266,5.421786945760427
2475.0,1.026916000000006,5.825677795205019,3.94698288491701,0.2302259428330259,-0.2302259428330259,0,4.886330340061015,4.880709712138154
2484.0,0.9546050000000073,5.791206328961202,4.0503972836484605,0.21401442392378836,-0.21401442392378836,0,4.920801806304832,4.916005488143059
2493.0,0.8899539999999663,5.773970595839295,4.067633016770368,0.19952021268342665,-0.19952021268342665,0,4.920801806304832,4.9166374923970775
2502.0,0.8205570000000395,5.584377531498302,4.1710474155018185,0.18396198810150705,-0.18396198810150705,0,4.87771247350006,4.874173241044941
2512.0,0.8217459999999827,6.1876281907650945,4.67088367603716,0.18422855191589438,-0.18422855191589438,0,5.429255933401127,5.426071088749125
2521.0,0.6716310000000207,5.532670332132577,4.2572260811113605,0.1505740296293873,-0.1505740296293873,0,4.894948206621969,4.892594123837994
2530.0,0.6296699999999791,5.377548734035402,4.291697547355177,0.14116672583119336,-0.14116672583119336,0,4.83462314069529,4.832537265289513
2539.0,0.585967999999949,5.463727399644944,4.326169013598993,0.13136910445447336,-0.13136910445447336,0,4.894948206621969,4.893162289338576
2548.0,0.5445250000000217,5.394784467157311,4.412347679208535,0.12207793190597642,-0.12207793190597642,0,4.9035660731829225,4.902031808071864
2558.0,0.5762330000000051,5.963563660180286,4.87771247350006,0.12918659921211023,-0.12918659921211023,0,5.420638066840173,5.41908375235547
2567.0,0.4815669999999831,5.377548734035402,4.429583412330444,0.10796327704726309,-0.10796327704726309,0,4.9035660731829225,4.902366790519956
2576.0,0.4530030000000651,5.256898602182044,4.498526344818077,0.10155946813683261,-0.10155946813683261,0,4.877712473500061,4.876649110171185
2585.0,0.4277339999999699,5.29137006842586,4.446819145452352,0.09589437055390508,-0.09589437055390508,0,4.869094606939106,4.8681434422687335
2594.0,0.4097599999999924,5.29137006842586,4.498526344818077,0.0918647507052752,-0.0918647507052752,0,4.894948206621969,4.894080727574517
2604.0,0.43994099999996833,5.825677795205019,4.998362605353419,0.0986310774356387,-0.0986310774356387,0,5.412020200279219,5.411116402248165
2613.0,0.3818060000000437,5.308605801547769,4.498526344818077,0.08559769867186394,-0.08559769867186394,0,4.9035660731829225,4.902814012643695
2622.0,0.37948599999997956,5.239662869060136,4.481290611696169,0.08507757415594697,-0.08507757415594697,0,4.860476740378152,4.859727761165114
2631.0,0.4034120000000315,5.2224271359382275,4.498526344818077,0.09044158241780569,-0.09044158241780569,0,4.860476740378152,4.859630825615962
2641.0,0.4393309999999482,5.756734862717386,5.067305537841052,0.09849432055860807,-0.09849432055860807,0,5.412020200279219,5.411120519582033
2650.0,0.2763360000000493,4.981126872231511,4.67088367603716,0.061952210442449064,-0.061952210442449064,0,4.826005274134335,4.825607267048373
2659.0,0.1596989999999958,4.946655405987694,4.739826608524794,0.03580317459703638,-0.03580317459703638,0,4.843241007256244,4.843108616639426
2669.0,0.09011800000000297,5.377548734035402,5.325841534669677,0.020203698760392467,-0.020203698760392467,0,5.351695134352539,5.351656997407508
2678.0,-0.017669000000018305,4.774298074768611,4.894948206621969,-0.003961241410125974,0.003961241410125974,0,4.83462314069529,4.834621517624724
2687.0,-0.09329300000001282,4.739826608524794,4.963891139109602,-0.020915507095735496,0.020915507095735496,0,4.851858873817198,4.851813768868931
2696.0,-0.1267699999999427,4.705355142280977,4.963891139109602,-0.028420769345233035,0.028420769345233035,0,4.83462314069529,4.834539546073347
2706.0,-0.20367400000006214,5.1362484703286855,5.618848997742119,-0.045662000281023706,0.045662000281023706,0,5.377548734035402,5.377354490257208
2715.0,-0.2637939999999731,4.481290611696169,5.170719936572502,-0.05914039937413448,0.05914039937413448,0,4.826005274134335,4.825641089173214
2724.0,-0.3392029999999572,4.532997811061894,5.2224271359382275,-0.07604646386538,0.07604646386538,0,4.877712473500061,4.877116804233546
2734.0,-0.465118000000056,4.912183939743877,5.8084420620831105,-0.1042755493912098,0.1042755493912098,0,5.360313000913494,5.3592919127439185
2743.0,-0.46432499999994836,4.395111946086627,5.412020200279219,-0.10409776545105172,0.10409776545105172,0,4.9035660731829225,4.9024495167015125
2752.0,-0.5477600000000653,4.291697547355177,5.463727399644944,-0.12280319173742793,0.12280319173742793,0,4.877712473500061,4.8761447636004505
2761.0,-0.6049199999999768,4.343404746720902,5.549906065254485,-0.13561798368955968,0.13561798368955968,0,4.946655405987693,4.944769426902239
2770.0,-0.6842650000000028,4.205518881745635,5.636084730864027,-0.15340646632503552,0.15340646632503552,0,4.920801806304832,4.918360934410428
2779.0,-0.7585749999999923,4.188283148623727,5.791206328961202,-0.17006614424603358,0.17006614424603358,0,4.9897447387924645,4.986772732317354
2788.0,-0.8679510000000118,4.102104483014185,5.860149261448836,-0.19458732487162456,0.19458732487162456,0,4.98112687223151,4.977209157119994
2797.0,-0.9312439999999756,4.102104483014185,5.946327927058378,-0.20877708391688463,0.20877708391688463,0,5.024216205036281,5.019734059618525
2806.0,-0.9881590000000126,3.998690084282735,5.998035126424103,-0.22153694892663234,0.22153694892663234,0,4.998362605353419,4.993257710655179
2815.0,-1.0277710000000027,4.015925817404644,6.066978058911736,-0.23041762665246335,0.23041762665246335,0,5.04145193815819,5.035969575005487
2824.0,-1.1065060000000084,3.9297471517951017,6.1876281907650945,-0.24806935241090855,0.24806935241090855,0,5.058687671280098,5.05230106893803
2833.0,-1.1711429999999938,3.84356848618556,6.291042589496544,-0.2625604249688343,0.2625604249688343,0,5.067305537841052,5.06010123240406
2842.0,-1.2783509999999902,3.8608042193074685,6.3082783226184524,-0.2865955582019732,0.2865955582019732,0,5.08454127096296,5.075994407116323
2851.0,-1.3359519999999918,3.74015408745411,6.428928454471811,-0.2995092186504669,0.2995092186504669,0,5.08454127096296,5.075091132258576
2859.0,-1.221405000000009,3.3609679587721266,5.756734862717386,-0.27382874325258577,0.27382874325258577,0,4.558851410744756,4.550050834731556
2868.0,-1.451233000000027,3.550561023113118,6.584050052568986,-0.3253542506839945,0.3253542506839945,0,5.067305537841052,5.055886683073855
2877.0,-1.5222779999999563,3.550561023113118,6.65299298505662,-0.3412819430254868,0.3412819430254868,0,5.101777004084869,5.089264235475002
2886.0,-1.633972000000032,3.4643823575035766,6.773643116909978,-0.3663227997837896,0.3663227997837896,0,5.119012737206777,5.104467572138827
2895.0,-1.7523809999999675,3.3609679587721266,6.75640738378807,-0.3928691031473566,0.3928691031473566,0,5.058687671280098,5.041626559437922
2904.0,-1.7592460000000134,3.378203691894035,6.825350316275703,-0.3944081784929149,0.3944081784929149,0,5.101777004084869,5.084697930551988
2912.0,-1.5792850000000007,2.981781830090143,6.084213792033644,-0.354062433662591,0.354062433662591,0,4.532997811061893,4.517459157895606
2921.0,-1.789887000000027,3.2403178269187682,6.85982178251952,-0.4012776333600606,0.4012776333600606,0,5.0500698047191435,5.031934098806509
2930.0,-1.8522489999999991,3.4126751581378514,6.842586049397611,-0.41525867002415645,0.41525867002415645,0,5.127630603767731,5.108853980791132
2939.0,-1.840575999999975,3.292025026284493,6.790878850031886,-0.4126416814577153,0.4126416814577153,0,5.04145193815819,5.022420465806569
2948.0,-1.8144679999999973,3.32649649252831,6.842586049397611,-0.4067884871210028,0.4067884871210028,0,5.08454127096296,5.066212896197615
2957.0,-1.8128659999999732,3.3092607594064014,6.85982178251952,-0.40642933217510263,0.40642933217510263,0,5.08454127096296,5.0661975031566575
2966.0,-1.857590000000024,3.22308209379686,6.877057515641428,-0.4164560773687464,0.4164560773687464,0,5.0500698047191435,5.030495740205118
2975.0,-1.848984000000015,3.1713748944311346,6.894293248763336,-0.41452668444466784,0.41452668444466784,0,5.032834071597236,5.013245510099301
2984.0,-1.9496149999999848,3.2058463606749514,6.85982178251952,-0.43708730951353725,0.43708730951353725,0,5.032834071597236,5.011199068381766
2993.0,-1.900344999999999,3.1541391613092262,6.85982178251952,-0.42604138929866103,0.42604138929866103,0,5.006980471914373,4.986191699723813
3002.0,-1.8867950000000084,3.1024319619435015,6.894293248763336,-0.42300359309587005,0.42300359309587005,0,4.998362605353419,4.9776717343833194
3011.0,-1.9365999999999977,3.11966769506541,6.825350316275703,-0.434169455817647,0.434169455817647,0,4.972509005670556,4.950735298024645
3020.0,-1.8847810000000091,3.033489029455868,6.808114583153794,-0.42255207121008237,0.42255207121008237,0,4.920801806304831,4.899759973869986
3029.0,-1.9299769999999925,3.188610627553043,6.808114583153794,-0.432684634839705,0.432684634839705,0,4.998362605353419,4.977029783756289
3038.0,-1.909623000000019,3.033489029455868,6.877057515641428,-0.42812143897907246,0.42812143897907246,0,4.955273272548648,4.933746150556841
3047.0,-1.9420919999999835,3.085196228821593,6.877057515641428,-0.43540071609408215,0.43540071609408215,0,4.981126872231511,4.959120143682951
3056.0,-1.9509430000000196,3.136903428187318,6.877057515641428,-0.437385035960579,0.437385035960579,0,5.006980471914373,4.98501939806276
3065.0,-1.9459080000000089,3.0507247625777763,6.946000448129062,-0.4362562312461069,0.4362562312461069,0,4.998362605353419,4.976171778837747
3074.0,-1.9443509999999846,3.0162532963339594,6.928764715007153,-0.4359071649222824,0.4359071649222824,0,4.972509005670556,4.9501664924372815
3083.0,-2.015639999999988,3.0162532963339594,7.032179113738603,-0.4518895600146018,0.4518895600146018,0,5.024216205036281,5.000333356519682
3092.0,-2.090530999999985,2.9473103638463263,6.980471914372878,-0.4686794932561788,0.4686794932561788,0,4.963891139109602,4.937764475552847
3101.0,-2.0463870000000135,2.9473103638463263,6.894293248763336,-0.45878277919152854,0.45878277919152854,0,4.920801806304832,4.895658936059633
3110.0,-2.052520000000015,2.9128388976025095,6.946000448129062,-0.46015774628464545,0.46015774628464545,0,4.9294196728657855,4.903983347786334
3119.0,-2.0766300000000055,2.878367431358693,6.894293248763336,-0.46556300580119997,0.46556300580119997,0,4.886330340061015,4.860033225686473
3129.0,-2.2363279999999723,3.2747892931625846,7.618194039883487,-0.501365956206628,0.501365956206628,0,5.446491666523036,5.419410702310224
3138.0,-2.0075680000000293,2.9645460969682347,6.894293248763336,-0.45007988540583277,0.45007988540583277,0,4.9294196728657855,4.905304309897058
3147.0,-2.070129999999978,2.895603164480601,6.877057515641428,-0.4641057603902598,0.4641057603902598,0,4.886330340061015,4.860280958797654
3156.0,-2.0475460000000165,2.9645460969682347,6.877057515641428,-0.45904261725787876,0.45904261725787876,0,4.920801806304832,4.895710332506758
3165.0,-2.0138859999999736,2.9128388976025095,6.96323618125097,-0.4514963279452481,0.4514963279452481,0,4.938037539426739,4.913555130236661
3174.0,-2.0974730000000044,2.8438959651148763,6.928764715007153,-0.4702358313550607,0.4702358313550607,0,4.886330340061015,4.8593308408369635
3183.0,-2.0644530000000243,2.8611316982367847,6.946000448129062,-0.4628330246675206,0.4628330246675206,0,4.903566073182923,4.877523554884512
3193.0,-2.3538059999999925,3.1541391613092262,7.68713697237112,-0.5277035371890479,0.5277035371890479,0,5.420638066840173,5.3899944925920265
3202.0,-2.0840599999999956,2.826660231992968,6.96323618125097,-0.46722874940169606,0.46722874940169606,0,4.894948206621969,4.86821624935296
3211.0,-2.0744329999999955,2.895603164480601,6.946000448129062,-0.46507045685230197,0.46507045685230197,0,4.920801806304832,4.894722817514685
3220.0,-2.0300290000000136,2.9128388976025095,6.842586049397611,-0.455115452971212,0.455115452971212,0,4.87771247350006,4.852711477707676
3229.0,-2.056685999999974,2.878367431358693,6.96323618125097,-0.46109172849724406,0.46109172849724406,0,4.920801806304832,4.895075820876635
3239.0,-2.276383000000009,3.2403178269187682,7.618194039883487,-0.5103459508120147,0.5103459508120147,0,5.429255933401127,5.401009098293596
3248.0,-2.0448759999999933,2.9128388976025095,6.980471914372878,-0.4584440256813822,0.4584440256813822,0,4.946655405987694,4.9214425882114945
3257.0,-2.109755999999998,2.8094244988710595,7.014943380616694,-0.47298957679852105,0.47298957679852105,0,4.912183939743877,4.88474361328056
3266.0,-2.0992280000000227,2.792188765749151,6.96323618125097,-0.47062928761601697,0.47062928761601697,0,4.87771247350006,4.8503688284459665
3275.0,-2.143249999999995,2.8438959651148763,7.083886313104328,-0.4804986503052623,0.4804986503052623,0,4.963891139109602,4.935899559564799
3284.0,-2.164001000000012,2.723245833261518,6.946000448129062,-0.4851508502317723,0.4851508502317723,0,4.83462314069529,4.805076030755244
3294.0,-2.3695379999999853,3.0679604956996847,7.807787104224478,-0.5312305194667098,0.5312305194667098,0,5.437873799962081,5.406377323685687
3303.0,-2.122345000000006,2.826660231992968,6.928764715007153,-0.47581192487209933,0.47581192487209933,0,4.87771247350006,4.849964869587084
3312.0,-2.1180419999999884,2.8094244988710595,6.928764715007153,-0.4748472284100572,0.4748472284100572,0,4.869094606939107,4.841342822845
3321.0,-2.0970909999999954,2.878367431358693,6.928764715007153,-0.470150190163216,0.470150190163216,0,4.903566073182923,4.876795341774193
3331.0,-2.297501000000026,3.188610627553043,7.635429773005395,-0.5150804290563423,0.5150804290563423,0,5.412020200279219,5.382960231066805
3340.0,-2.068877999999964,2.826660231992968,6.877057515641428,-0.4638250725049506,0.4638250725049506,0,4.851858873817198,4.825413365640578
3349.0,-2.032608000000008,2.878367431358693,6.894293248763336,-0.45569364311194893,0.45569364311194893,0,4.886330340061015,4.861121036780524
3358.0,-2.0318760000000142,2.9128388976025095,6.928764715007153,-0.455529534859519,0.455529534859519,0,4.920801806304832,4.895849285426753
3367.0,-2.0651240000000057,2.8094244988710595,6.928764715007153,-0.46298345723224515,0.46298345723224515,0,4.869094606939107,4.842691625591359
3377.0,-2.318618999999993,3.22308209379686,7.704372705493029,-0.5198149073006584,0.5198149073006584,0,5.463727399644944,5.43443064577016
3386.0,-2.0516200000000184,2.9128388976025095,6.911528981885245,-0.45995597384313236,0.45995597384313236,0,4.912183939743877,4.886732005916554
3395.0,-2.0654909999999553,2.7577172995053347,6.928764715007153,-0.46306573555005126,0.46306573555005126,0,4.843241007256244,4.816492461363953
3404.0,-2.1071630000000248,2.826660231992968,6.946000448129062,-0.4724082479753653,0.4724082479753653,0,4.886330340061015,4.858991957760107
3413.0,-2.130035000000006,2.7577172995053347,6.946000448129062,-0.4775359582890351,0.4775359582890351,0,4.851858873817198,4.82346088149882
3423.0,-2.363837999999991,3.188610627553043,7.618194039883487,-0.529952627337123,0.529952627337123,0,5.403402333718265,5.372645406867734
3432.0,-2.0027930000000036,2.9645460969682347,6.75640738378807,-0.4490093705077947,0.4490093705077947,0,4.860476740378152,4.8363267487598485
3441.0,-1.875404000000005,3.188610627553043,6.635757251934711,-0.4204498265611079,0.4204498265611079,0,4.912183939743877,4.891861914159558
3450.0,-1.7414089999999924,3.1713748944311346,6.566814319447078,-0.3904092728937057,0.3904092728937057,0,4.869094606939106,4.851426921963988
3459.0,-1.6730430000000203,3.2403178269187682,6.584050052568986,-0.3750821898531102,0.3750821898531102,0,4.912183939743877,4.896108447127243
3469.0,-1.8498989999999944,3.757389820576018,7.2734793774453195,-0.41473181976020235,0.41473181976020235,0,5.515434599010669,5.498196242931457
3478.0,-1.60761999999998,3.395439425015943,6.4806356538375365,-0.36041490269625004,0.36041490269625004,0,4.938037539426739,4.92355394427263
3487.0,-1.4984130000000055,3.585032489356935,6.377221255106086,-0.33593161045135345,0.33593161045135345,0,4.981126872231511,4.96889402679597
3496.0,-1.4084630000000053,3.6367396887226597,6.222099657008911,-0.31576557588004417,0.31576557588004417,0,4.9294196728657855,4.918605498354761
3505.0,-1.27326900000001,3.8263327530636517,6.153156724521278,-0.2854562164822289,0.2854562164822289,0,4.9897447387924645,4.981137506431884
3514.0,-1.1497649999999788,3.9125114186731933,6.015270859546011,-0.25776765690806996,0.25776765690806996,0,4.963891139109602,4.956901608305561
3523.0,-1.0119779999999976,4.0503972836484605,5.791206328961202,-0.2268769686870961,0.2268769686870961,0,4.920801806304832,4.915412733867654
3532.0,-0.863327000000023,4.222754614867544,5.705027663351661,-0.1935506629054488,0.1935506629054488,0,4.963891139109602,4.960036570570686
3541.0,-0.6983799999999885,4.343404746720902,5.498198865888761,-0.1565709307827758,0.1565709307827758,0,4.920801806304832,4.918278182840925
3550.0,-0.522803999999999,4.515762077939986,5.343077267791585,-0.11720826612583342,0.11720826612583342,0,4.9294196728657855,4.928016958930058
3559.0,-0.37717499999998916,4.619176476671435,5.239662869060136,-0.08455946736446168,0.08455946736446168,0,4.9294196728657855,4.928691684177215
3569.0,-0.2770990000000129,5.239662869060136,5.687791930229753,-0.06212326863452438,0.06212326863452438,0,5.463727399644944,5.463373664576478
3578.0,-0.16549699999999565,4.791533807890519,5.032834071597236,-0.037103037503589446,0.037103037503589446,0,4.912183939743878,4.9120437366013086
3587.0,-0.11599000000000159,4.774298074768611,5.0155983384753275,-0.026003983879112683,0.026003983879112683,0,4.894948206621969,4.894879094157209
3596.0,-0.08753199999999386,4.8432410072562435,4.963891139109602,-0.01962393927844039,0.01962393927844039,0,4.9035660731829225,4.903526800473097
3605.0,-0.05262700000000273,4.808769541012427,4.912183939743877,-0.011798531421727005,0.011798531421727005,0,4.860476740378152,4.86046241868795
3615.0,-0.02458200000001228,5.463727399644944,5.377548734035402,-0.005511077952553312,0.005511077952553312,0,5.420638066840173,5.420635265151926
3624.0,0.02241500000000601,4.8432410072562435,4.8432410072562435,0.0050252547517066915,-0.0050252547517066915,0,4.8432410072562435,4.843238400203973
3633.0,0.08460199999999858,4.998362605353419,4.722590875402886,0.018967057885512752,-0.018967057885512752,0,4.860476740378152,4.8604397033825215
3642.0,0.13010399999999603,5.0155983384753275,4.705355142280977,0.02916822414525327,-0.02916822414525327,0,4.860476740378152,4.860389132753908
3652.0,0.20559000000000466,5.653320463985936,5.153484203450594,0.04609155138983382,-0.04609155138983382,0,5.403402333718265,5.403205340418426
3661.0,0.26023100000000665,5.170719936572502,4.56746927730571,0.058341604697348504,-0.058341604697348504,0,4.869094606939106,4.868743773772004
3670.0,0.3203579999999962,5.170719936572502,4.532997811061894,0.07182157313168866,-0.07182157313168866,0,4.851858873817198,4.851325073845137
3679.0,0.3868709999999951,5.29137006842586,4.412347679208535,0.08673322913437312,-0.08673322913437312,0,4.851858873817198,4.8510774206989815
3689.0,0.4671330000000083,5.877384994570744,4.946655405987694,0.10472729546858862,-0.10472729546858862,0,5.412020200279219,5.410999667689389
3698.0,0.46906299999999346,5.308605801547769,4.395111946086627,0.10515998525983185,-0.10515998525983185,0,4.851858873817198,4.8507094798490975
3707.0,0.485595000000007,5.412020200279219,4.343404746720902,0.10886632081884415,-0.10886632081884415,0,4.87771247350006,4.876483304997858
3716.0,0.5226139999999985,5.394784467157311,4.343404746720902,0.11716566972151365,-0.11716566972151365,0,4.869094606939106,4.867668950742148
3726.0,0.5949859999999967,5.998035126424103,4.87771247350006,0.13339086431845368,-0.13339086431845368,0,5.437873799962082,5.436221002747525
3735.0,0.5614929999999908,5.498198865888761,4.308933280477085,0.12588201500331217,-0.12588201500331217,0,4.9035660731829225,4.901927037501968
3744.0,0.5956570000000037,5.394784467157311,4.343404746720902,0.13354129688318395,-0.13354129688318395,0,4.869094606939106,4.867242843495168
3753.0,0.6035999999999991,5.463727399644944,4.2572260811113605,0.13532205077534423,-0.13532205077534423,0,4.860476740378152,4.858564696226615
3762.0,0.5912550000000021,5.498198865888761,4.326169013598993,0.1325544054525788,-0.1325544054525788,0,4.912183939743877,4.910370702513289
3772.0,0.6847070000000075,6.1014495251555525,4.774298074768611,0.15350555901298008,-0.15350555901298008,0,5.437873799962082,5.435675811045543
3781.0,0.6250390000000008,5.567141798376394,4.274461814233269,0.14012849452380818,-0.14012849452380818,0,4.920801806304832,4.918772920757009
3790.0,0.6376490000000025,5.498198865888761,4.2572260811113605,0.14295555062102044,-0.14295555062102044,0,4.877712473500061,4.8755846375619445
3799.0,0.6411669999999818,5.549906065254485,4.308933280477085,0.1437442566757336,-0.1437442566757336,0,4.9294196728657855,4.927291573097954
3808.0,0.6553880000000176,5.584377531498302,4.291697547355177,0.14693248544326346,-0.14693248544326346,0,4.938037539426739,4.935815035960143
3817.0,0.6744689999999958,5.567141798376394,4.239990347989452,0.15121028539495562,-0.15121028539495562,0,4.9035660731829225,4.901193013393572
3827.0,0.7687299999999939,6.222099657008911,4.705355142280977,0.17234280996111614,-0.17234280996111614,0,5.463727399644944,5.460958164827191
3836.0,0.696396000000006,5.653320463985936,4.239990347989452,0.15612613464504238,-0.15612613464504238,0,4.946655405987694,4.944142329090682
3845.0,0.6988220000000058,5.601613264620211,4.2572260811113605,0.15667002347072323,-0.15667002347072323,0,4.9294196728657855,4.926884910103828
3854.0,0.7242660000000042,5.705027663351661,4.205518881745635,0.16237435458392344,-0.16237435458392344,0,4.955273272548649,4.952553053262772
3863.0,0.75315099999997,5.722263396473569,4.188283148623727,0.16885012899850463,-0.16885012899850463,0,4.955273272548649,4.952328774290477
3872.0,0.7763440000000245,5.687791930229753,4.239990347989452,0.17404980481633087,-0.17404980481633087,0,4.963891139109602,4.960776653227427
3881.0,0.8046420000000102,5.825677795205019,4.188283148623727,0.18039397876072907,-0.18039397876072907,0,5.006980471914373,5.003645242523704
3890.0,0.83213799999998,5.860149261448836,4.205518881745635,0.18655835104057464,-0.18655835104057464,0,5.032834071597236,5.029284523384857
3899.0,0.8606640000000021,5.825677795205019,4.1710474155018185,0.19295364067016454,-0.19295364067016454,0,4.998362605353419,4.994538257954254
3908.0,0.8702319999999981,5.911856460814561,4.15381168237991,0.19509870591505846,-0.19509870591505846,0,5.032834071597236,5.028938664714801
3917.0,0.8781050000000095,5.8946207276926526,4.188283148623727,0.19686376639510456,-0.19686376639510456,0,5.04145193815819,5.037500144684129
3926.0,0.8872529999999986,5.842913528326927,4.136575949258002,0.19891467116729042,-0.19891467116729042,0,4.9897447387924645,4.985666105727472
3935.0,0.8996119999999874,5.963563660180286,4.119340216136093,0.20168545517247757,-0.20168545517247757,0,5.04145193815819,5.037283936374177
3944.0,0.903435000000015,5.929092193936469,4.119340216136093,0.20254253966571462,-0.20254253966571462,0,5.024216205036281,5.020002781213853
3953.0,0.895835999999993,5.842913528326927,4.188283148623727,0.20083890768452703,-0.20083890768452703,0,5.015598338475327,5.011470462851694
3962.0,0.8898770000000181,5.911856460814561,4.15381168237991,0.19950294993010873,-0.19950294993010873,0,5.032834071597236,5.028761049276424
3971.0,0.8743139999999812,5.877384994570744,4.205518881745635,0.1960138560331212,-0.1960138560331212,0,5.04145193815819,5.037538734870985
3980.0,0.8744199999999931,5.8084420620831105,4.136575949258002,0.19603762034290217,-0.19603762034290217,0,4.972509005670556,4.968537613934401
3988.0,0.7712399999999952,5.274134335303953,3.74015408745411,0.17290553088133861,-0.17290553088133861,0,4.507144211379032,4.5037330952126045
3997.0,0.8719480000000149,5.8946207276926526,4.1710474155018185,0.1954834187035488,-0.1954834187035488,0,5.032834071597236,5.028928050466173
4006.0,0.8813939999999866,5.8946207276926526,4.205518881745635,0.197601132573032,-0.197601132573032,0,5.0500698047191435,5.046097896129261
4015.0,0.8825219999999939,5.963563660180286,4.1710474155018185,0.19785402069973113,-0.19785402069973113,0,5.067305537841053,5.06332347962648
4024.0,0.8848270000000242,5.929092193936469,4.1710474155018185,0.19837078234161526,-0.19837078234161526,0,5.0500698047191435,5.046057379290362
4033.0,0.896438000000007,5.911856460814561,4.188283148623727,0.2009738710287428,-0.2009738710287428,0,5.0500698047191435,5.045956487805547
4042.0,0.9209750000000068,6.015270859546011,4.1710474155018185,0.2064748603592176,-0.2064748603592176,0,5.093159137523915,5.088838344309394
4051.0,0.9249729999999884,6.032506592667919,4.188283148623727,0.20737117838273872,-0.20737117838273872,0,5.110394870645823,5.106052178266081
4059.0,0.8394160000000049,5.325841534669677,3.7056826212102933,0.18819001751762293,-0.18819001751762293,0,4.515762077939986,4.511716540203373
4068.0,0.9701229999999934,6.118685258277461,4.15381168237991,0.21749342919868883,-0.21749342919868883,0,5.1362484703286855,5.1314764101632715
4077.0,1.0169069999999965,6.118685258277461,4.102104483014185,0.22798200909178712,-0.22798200909178712,0,5.110394870645823,5.105113118064251
4086.0,1.017121000000003,6.066978058911736,4.084868749892276,0.22802998609454855,-0.22802998609454855,0,5.0759234044020065,5.070608104432496
4095.0,1.0403289999999894,6.135920991399369,4.033161550526552,0.2332330247863848,-0.2332330247863848,0,5.08454127096296,5.078963844877418
4104.0,1.0709830000000036,6.1876281907650945,4.067633016770368,0.24010539414435253,-0.24010539414435253,0,5.127630603767731,5.12176994233778
4112.0,0.9573219999999872,5.429255933401127,3.6195039556007518,0.2146235525055543,-0.2146235525055543,0,4.524379944500939,4.519088124432223
4121.0,1.0709070000000085,6.204863923887003,4.084868749892276,0.24008835558262578,-0.24008835558262578,0,5.14486633688964,5.1390277851838295
4130.0,1.0620580000000055,6.118685258277461,4.084868749892276,0.23810448409933982,-0.23810448409933982,0,5.101777004084869,5.096002288856326
4139.0,1.0188750000000175,6.049742325789827,4.15381168237991,0.2284232181639023,-0.2284232181639023,0,5.101777004084869,5.096489919610574
4148.0,0.9985659999999673,6.084213792033644,4.119340216136093,0.22387011092532833,-0.22387011092532833,0,5.101777004084869,5.096684857841325
4156.0,0.8735499999999882,5.412020200279219,3.7056826212102933,0.19584257364943758,-0.19584257364943758,0,4.558851410744756,4.554499304072457
4165.0,0.9496920000000462,5.980799393302195,4.1710474155018185,0.2129129705847327,-0.2129129705847327,0,5.0759234044020065,5.071318548109771
4174.0,0.9208519999999784,5.998035126424103,4.188283148623727,0.20644728479220437,-0.20644728479220437,0,5.093159137523915,5.0888448751312225
4183.0,0.9207310000000088,6.032506592667919,4.205518881745635,0.20642015760840765,-0.20642015760840765,0,5.119012737206777,5.114720095516094
4192.0,0.9226069999999967,6.032506592667919,4.15381168237991,0.20684074105316064,-0.20684074105316064,0,5.093159137523914,5.088817525309005
4200.0,0.864975,5.377548734035402,3.7229183543322018,0.19392013066501584,-0.19392013066501584,0,4.550233544183802,4.545966894972474
4209.0,0.9703679999999953,6.066978058911736,4.15381168237991,0.21754835614110138,-0.21754835614110138,0,5.110394870645823,5.105603970350167
4218.0,0.9638360000000193,6.032506592667919,4.239990347989452,0.21608393659891897,-0.21608393659891897,0,5.1362484703286855,5.131567565985329
4227.0,0.9650729999999742,6.1014495251555525,4.222754614867544,0.21636126161018968,-0.21636126161018968,0,5.162102070011548,5.157419819758253
4235.0,0.8478240000000198,5.394784467157311,3.757389820576018,0.19007502050456973,-0.19007502050456973,0,4.576087143866665,4.572015240897812
4244.0,0.9326329999999972,5.963563660180286,4.188283148623727,0.20908848605162594,-0.20908848605162594,0,5.0759234044020065,5.0714877057311085
4253.0,0.9171439999999729,6.1014495251555525,4.15381168237991,0.20561598233316572,-0.20561598233316572,0,5.127630603767731,5.1233599276672095
4262.0,0.996537000000036,6.204863923887003,4.084868749892276,0.22341522616553064,-0.22341522616553064,0,5.14486633688964,5.1398091958469685
4271.0,1.1083979999999831,6.135920991399369,4.136575949258002,0.24849352292128554,-0.24849352292128554,0,5.1362484703286855,5.130013855474651
4279.0,0.9046019999999985,5.325841534669677,3.74015408745411,0.20280417126487396,-0.20280417126487396,0,4.532997811061893,4.528326109868719
4288.0,0.8363949999999933,5.877384994570744,4.291697547355177,0.18751273468893856,-0.18751273468893856,0,5.08454127096296,5.081001532526864
4297.0,0.7540439999999897,5.756734862717386,4.377876212964718,0.16905033209881118,-0.16905033209881118,0,5.067305537841053,5.064435137442641
4306.0,0.7470400000000302,5.791206328961202,4.326169013598993,0.16748009412063852,-0.16748009412063852,0,5.058687671280097,5.055858455434443
4315.0,0.7451019999999753,5.8084420620831105,4.308933280477085,0.16704561079656619,-0.16704561079656619,0,5.058687671280097,5.055870241815393
4324.0,0.746994000000001,5.722263396473569,4.326169013598993,0.16746978130695458,-0.16746978130695458,0,5.024216205036281,5.021372778040623
4333.0,0.730667000000022,5.773970595839295,4.395111946086627,0.16380940502629485,-0.16380940502629485,0,5.08454127096296,5.081855401276466
4342.0,0.711959999999996,5.739499129595478,4.308933280477085,0.15961545273362107,-0.15961545273362107,0,5.024216205036281,5.021630486042607
4351.0,0.6673889999999904,5.618848997742119,4.429583412330444,0.1496230088550448,-0.1496230088550448,0,5.024216205036281,5.021958249582365
4360.0,0.6167290000000045,5.653320463985936,4.412347679208535,0.13826546231383038,-0.13826546231383038,0,5.032834071597236,5.030906671966689
4368.0,0.5344849999999914,4.998362605353419,3.981454351160827,0.11982704822508086,-0.11982704822508086,0,4.489908478257123,4.488289650704541
4377.0,0.6072390000000116,5.549906065254485,4.46405487857426,0.13613788401386837,-0.13613788401386837,0,5.006980471914373,5.0051087833927275
4386.0,0.5889589999999947,5.618848997742119,4.46405487857426,0.1320396615351149,-0.1320396615351149,0,5.04145193815819,5.039700804868648
4395.0,0.5371549999999892,5.429255933401127,4.446819145452352,0.1204256398015717,-0.1204256398015717,0,4.938037539426739,4.936555126755083
4404.0,0.4700930000000077,5.446491666523036,4.5502335441838015,0.10539090260956765,-0.10539090260956765,0,4.998362605353419,4.997242902463152
4414.0,0.4971770000000023,5.998035126424103,5.0155983384753275,0.11146290794952574,-0.11146290794952574,0,5.506816732449716,5.5056799933247715
4423.0,0.4212029999999979,5.343077267791585,4.532997811061894,0.09443017520332524,-0.09443017520332524,0,4.938037539426739,4.937128786396588
4432.0,0.4120639999999933,5.377548734035402,4.532997811061894,0.09238128815555108,-0.09238128815555108,0,4.955273272548649,4.954406074235231
4441.0,0.41114800000001,5.377548734035402,4.532997811061894,0.09217592864841397,-0.09217592864841397,0,4.955273272548649,4.954409924400884
4450.0,0.5120089999999986,5.687791930229753,4.326169013598993,0.11478811778567453,-0.11478811778567453,0,5.006980471914373,5.005640471035317
4459.0,0.8034210000000168,5.860149261448836,4.188283148623727,0.18012024081507666,-0.18012024081507666,0,5.024216205036281,5.020899251085915
4468.0,0.8666529999999684,5.773970595839295,4.15381168237991,0.19429632417263137,-0.19429632417263137,0,4.963891139109602,4.959989637599026
4477.0,0.7583620000000153,5.584377531498302,4.326169013598993,0.17001839143488043,-0.17001839143488043,0,4.955273272548648,4.952311605926816
4486.0,0.5966190000000035,5.377548734035402,4.601940743549527,0.13375696920400212,-0.13375696920400212,0,4.9897447387924645,4.987942075244417
4495.0,0.2350149999999938,4.912183939743877,5.0500698047191435,0.05268838926932858,-0.05268838926932858,0,4.98112687223151,4.98084818377945
4504.0,-0.23826499999999487,4.619176476671435,5.429255933401127,-0.05341701197479581,0.05341701197479581,0,5.024216205036281,5.023930410047489
4513.0,-0.5533449999999863,4.377876212964718,5.653320463985936,-0.12405530183280501,0.12405530183280501,0,5.015598338475327,5.014039717372162
4522.0,-0.6602019999999943,4.446819145452352,5.636084730864027,-0.1480117438137561,0.1480117438137561,0,5.04145193815819,5.039250074810597
4531.0,-0.6058960000000193,4.636412209793344,5.446491666523036,-0.13583679469281096,0.13583679469281096,0,5.04145193815819,5.03961109197417
4540.0,-0.3099979999999983,4.981126872231511,5.187955669694411,-0.06949894813826207,0.06949894813826207,0,5.08454127096296,5.084066161797789
4548.0,-0.027069000000011615,4.5502335441838015,4.429583412330444,-0.006068642465936663,0.006068642465936663,0,4.489908478257123,4.489904376278158
4557.0,0.16613800000001117,5.325841534669677,4.791533807890519,0.03724674432027118,-0.03724674432027118,0,5.058687671280098,5.0585501709299905
4566.0,0.3028099999999983,5.532670332132577,4.653647942915252,0.0678874589053708,-0.0678874589053708,0,5.093159137523914,5.092703365157952
4575.0,0.5533300000000033,5.601613264620211,4.481290611696169,0.12405193895878361,-0.12405193895878361,0,5.04145193815819,5.039907370558158
4584.0,0.6085659999999916,5.618848997742119,4.5502335441838015,0.1364353862692961,-0.1364353862692961,0,5.08454127096296,5.082691375721476
4593.0,0.5084989999999873,5.446491666523036,4.636412209793344,0.11400120526376765,-0.11400120526376765,0,5.04145193815819,5.040155136106785
4602.0,0.3509680000000399,5.29137006842586,4.791533807890519,0.07868407805918902,-0.07868407805918902,0,5.04145193815819,5.04083651143445
4611.0,0.2329859999999607,5.256898602182044,4.757062341646702,0.05223350450950808,-0.05223350450950808,0,5.006980471914373,5.006707360470014
4620.0,0.16294899999999685,5.067305537841052,4.8432410072562435,0.0365317973025036,-0.0365317973025036,0,4.955273272548648,4.955138547368588
4629.0,0.13365200000003039,5.101777004084869,4.739826608524794,0.029963655948029234,-0.029963655948029234,0,4.920801806304832,4.920710458230664
4638.0,0.1375119999999753,4.998362605353419,4.774298074768611,0.030829035530509974,-0.030829035530509974,0,4.886330340061015,4.886233037915494
4647.0,0.16354300000000463,5.08454127096296,4.791533807890519,0.036664967113904545,-0.036664967113904545,0,4.938037539426739,4.937901306332259
4656.0,0.11628799999999671,5.0500698047191435,4.757062341646702,0.026070792976412873,-0.026070792976412873,0,4.9035660731829225,4.903496707439448
4666.0,0.13662700000001277,5.532670332132577,5.360313000913494,0.030630625963029675,-0.030630625963029675,0,5.446491666523036,5.446405514925718
4675.0,0.08576999999998597,4.963891139109602,4.826005274134335,0.019228913676274672,-0.019228913676274672,0,4.894948206621969,4.8949104309209375
4684.0,0.044723000000021496,4.894948206621969,4.87771247350006,0.010026521002035518,-0.010026521002035518,0,4.886330340061015,4.886320053085755
4693.0,0.03636199999998895,4.9294196728657855,4.791533807890519,0.008152055020363784,-0.008152055020363784,0,4.860476740378152,4.860469902650324
4703.0,0.023696999999986156,5.343077267791585,5.377548734035402,0.0053126683850587535,-0.0053126683850587535,0,5.360313000913494,5.360310368164587
4712.0,0.01908800000003126,4.912183939743877,4.860476740378152,0.004279369292915846,-0.004279369292915846,0,4.886330340061015,4.886328466108333
4721.0,0.010909999999984411,4.894948206621969,4.826005274134335,0.002445930374348738,-0.002445930374348738,0,4.860476740378152,4.860476124916387
4730.0,0.011536000000016951,4.860476740378152,4.87771247350006,0.002586274317009058,-0.002586274317009058,0,4.869094606939106,4.869093920072767
4740.0,0.018477999999985652,5.480963132766853,5.394784467157311,0.004142612415879511,-0.004142612415879511,0,5.437873799962082,5.4378722219273214
4749.0,0.01696800000001999,4.87771247350006,4.860476740378152,0.0038040830973471666,-0.0038040830973471666,0,4.869094606939106,4.869093120924962
4758.0,0.036727999999985786,4.981126872231511,4.808769541012427,0.00823410914657874,-0.00823410914657874,0,4.894948206621969,4.894941278925466
4767.0,0.0411679999999849,4.87771247350006,4.826005274134335,0.009229519858047278,-0.009229519858047278,0,4.851858873817198,4.851850095096857
4776.0,0.052506000000007734,4.9294196728657855,4.8432410072562435,0.011771404237924589,-0.011771404237924589,0,4.886330340061015,4.88631616008127
4786.0,0.058333999999999005,5.532670332132577,5.377548734035402,0.01307799289252619,-0.01307799289252619,0,5.45510953308399,5.455093853495825
4795.0,0.06201200000001306,4.9294196728657855,4.808769541012427,0.013902569603516279,-0.013902569603516279,0,4.869094606939106,4.869074756233078
4804.0,0.07401999999998797,4.963891139109602,4.826005274134335,0.016594662356509884,-0.016594662356509884,0,4.894948206621969,4.894920071995209
4813.0,0.0659030000000042,4.894948206621969,4.826005274134335,0.01477489912565953,-0.01477489912565953,0,4.860476740378152,4.860454283001717
4823.0,0.07162499999998345,5.532670332132577,5.29137006842586,0.01605772347048013,-0.01605772347048013,0,5.412020200279219,5.4119963665742805
4832.0,0.07214300000002152,4.912183939743877,4.808769541012427,0.016173854720160016,-0.016173854720160016,0,4.860476740378152,4.860449827276278
4841.0,0.08686900000000586,4.9294196728657855,4.774298074768611,0.019475300246527813,-0.019475300246527813,0,4.851858873817198,4.851819777494614
4850.0,0.07577499999998091,4.963891139109602,4.8432410072562435,0.01698811861746047,-0.01698811861746047,0,4.9035660731829225,4.903536641820708
4860.0,0.07911700000001497,5.480963132766853,5.274134335303953,0.017737366950289848,-0.017737366950289848,0,5.377548734035402,5.377519470887496
4869.0,0.08016899999997625,4.998362605353419,4.826005274134335,0.017973216515250787,-0.017973216515250787,0,4.912183939743877,4.91215104880133
4878.0,0.07665999999999432,4.912183939743877,4.791533807890519,0.017186528184952178,-0.017186528184952178,0,4.851858873817198,4.85182842985277
4887.0,0.07466200000003288,4.963891139109602,4.791533807890519,0.016738593364799895,-0.016738593364799895,0,4.877712473500061,4.877683744304094
4896.0,0.05502300000001119,4.946655405987694,4.808769541012427,0.01233569449935933,-0.01233569449935933,0,4.87771247350006,4.877696872023453
4906.0,0.07122799999999127,5.480963132766853,5.360313000913494,0.01596871940461407,-0.01596871940461407,0,5.420638066840173,5.420614542863762
4915.0,0.07455399999998752,4.963891139109602,4.8432410072562435,0.01671438067180805,-0.01671438067180805,0,4.9035660731829225,4.903537582654956
4924.0,0.052596999999985884,4.894948206621969,4.791533807890519,0.011791805673672766,-0.011791805673672766,0,4.843241007256244,4.843226650969552
4933.0,0.04815700000001222,4.963891139109602,4.8432410072562435,0.010796394962209932,-0.010796394962209932,0,4.9035660731829225,4.903554185980612
4943.0,0.04571499999999998,5.394784467157311,5.412020200279219,0.010248919070899384,-0.010248919070899384,0,5.403402333718265,5.403392613886259
4952.0,0.033555000000009286,4.9294196728657855,4.8432410072562435,0.007522749194446553,-0.007522749194446553,0,4.886330340061015,4.886324548797228
4961.0,0.00874299999999086,4.894948206621969,4.860476740378152,0.0019601071735049695,-0.0019601071735049695,0,4.87771247350006,4.877712079660975
4970.0,0.023680999999999224,4.860476740378152,4.87771247350006,0.005309081319434769,-0.005309081319434769,0,4.869094606939106,4.869091712519312
4979.0,0.015090999999977215,4.894948206621969,4.860476740378152,0.003383275460980185,-0.003383275460980185,0,4.87771247350006,4.877711300133272
4989.0,-0.008223999999974288,5.377548734035402,5.377548734035402,-0.0018437517322282195,0.0018437517322282195,0,5.377548734035402,5.377548417960149
4998.0,-0.02401700000000466,4.912183939743877,4.946655405987694,-0.005384409697601189,0.005384409697601189,0,4.9294196728657855,4.9294167321346025
5007.0,-0.030350000000008037,4.8432410072562435,4.946655405987694,-0.006804215111054989,0.006804215111054989,0,4.894948206621969,4.894943477006777
5016.0,-0.03657499999999149,4.87771247350006,4.9294196728657855,-0.00819980783152265,0.00819980783152265,0,4.9035660731829225,4.903559217093339
5025.0,-0.0432440000000003,4.791533807890519,4.87771247350006,-0.00969494162314287,0.00969494162314287,0,4.83462314069529,4.834613419247143
5035.0,-0.0568539999999993,5.412020200279219,5.5154345990106695,-0.012746189322036677,0.012746189322036677,0,5.463727399644944,5.463712530745117
5044.0,-0.03993200000000853,4.87771247350006,4.9294196728657855,-0.00895241903837344,0.00895241903837344,0,4.9035660731829225,4.903557900780122
5053.0,-0.023528999999983438,4.860476740378152,4.912183939743877,-0.005275004195975544,0.005275004195975544,0,4.886330340061015,4.886327492686605
5062.0,-0.023041000000013107,4.87771247350006,4.894948206621969,-0.005165598694361307,0.005165598694361307,0,4.886330340061015,4.886327609640776
5071.0,-0.024872000000001223,4.8432410072562435,4.912183939743877,-0.005576093517038655,0.005576093517038655,0,4.87771247350006,4.877709286110317
5081.0,-0.017227000000000856,5.463727399644944,5.463727399644944,-0.003862148722178553,0.003862148722178553,0,5.463727399644944,5.463726034625602
5090.0,-0.0013730000000091815,4.860476740378152,4.87771247350006,-0.0003078150691116474,0.0003078150691116474,0,4.869094606939106,4.869094597209329
5099.0,0.011596000000025192,4.9294196728657855,4.912183939743877,0.002599725813111834,-0.002599725813111834,0,4.920801806304832,4.920801119567803
5108.0,0.00358599999998106,4.87771247350006,4.894948206621969,0.000803951083627936,-0.000803951083627936,0,4.886330340061015,4.886330273923514
5117.0,0.007813000000003081,4.894948206621969,4.8432410072562435,0.0017516089839433118,-0.0017516089839433118,0,4.869094606939106,4.869094291868185
5127.0,0.01097100000002205,5.5154345990106695,5.463727399644944,0.0024596060620597875,-0.0024596060620597875,0,5.489580999327806,5.489580448302577
5136.0,0.023268999999998617,4.894948206621969,4.860476740378152,0.005216714379541588,-0.005216714379541588,0,4.87771247350006,4.877709683829131
5145.0,0.026778999999984506,4.998362605353419,4.912183939743877,0.006003626901442764,-0.006003626901442764,0,4.955273272548649,4.955269635390826
5154.0,0.03215100000000475,4.894948206621969,4.8432410072562435,0.0072079841856838005,-0.0072079841856838005,0,4.869094606939106,4.869089271612969
5163.0,0.03997799999998686,4.998362605353419,4.87771247350006,0.00896273185204596,-0.00896273185204596,0,4.938037539426739,4.938029404377813
5172.0,0.04023699999999317,4.946655405987694,4.860476740378152,0.009020797476883051,-0.009020797476883051,0,4.9035660731829225,4.903557775052205
5182.0,0.056992000000010624,5.498198865888761,5.360313000913494,0.012777127763071352,-0.012777127763071352,0,5.429255933401127,5.429240896290504
5191.0,0.06864899999999712,5.032834071597236,4.860476740378152,0.015390529263877122,-0.015390529263877122,0,4.946655405987694,4.946631456615538
5200.0,0.06506300000001605,4.894948206621969,4.826005274134335,0.014586578180249185,-0.014586578180249185,0,4.860476740378152,4.86045485183312
5209.0,0.05856399999999243,5.0155983384753275,4.87771247350006,0.01312955696091161,-0.01312955696091161,0,4.946655405987694,4.9466379782681615
5218.0,0.05450399999999461,4.912183939743877,4.860476740378152,0.012219339058082578,-0.012219339058082578,0,4.886330340061015,4.886315061138358
5227.0,0.04902699999999176,4.946655405987694,4.8432410072562435,0.010991441655668814,-0.010991441655668814,0,4.894948206621969,4.894935864835121
5237.0,0.03005900000000242,5.480963132766853,5.446491666523036,0.006738975354964224,-0.006738975354964224,0,5.463727399644944,5.463723243673606
5246.0,0.019532000000005725,4.8432410072562435,4.87771247350006,0.004378910364056995,-0.004378910364056995,0,4.860476740378152,4.8604747678262346
5255.0,-0.0010679999999736545,4.912183939743877,4.860476740378152,-0.00023943663059062747,0.00023943663059062747,0,4.886330340061015,4.886330334194495
5264.0,-0.005677000000030328,4.8432410072562435,4.894948206621969,-0.0012727357227563525,0.0012727357227563525,0,4.869094606939106,4.869094440593826
5273.0,-0.02085800000000718,4.912183939743877,4.9294196728657855,-0.00467618842788785,0.00467618842788785,0,4.920801806304832,4.920799584432123
5283.0,-0.03215100000000475,5.377548734035402,5.446491666523036,-0.0072079841856838005,0.0072079841856838005,0,5.412020200279219,5.412015400123931
5292.0,-0.039931999999983085,4.860476740378152,4.946655405987694,-0.008952419038367736,0.008952419038367736,0,4.9035660731829225,4.903557900376222
5301.0,-0.04316699999997573,4.826005274134335,4.9294196728657855,-0.009677678869807835,0.009677678869807835,0,4.87771247350006,4.877702871897049
5310.0,-0.05128500000001434,4.860476740378152,4.912183939743877,-0.011497666292272167,0.011497666292272167,0,4.886330340061015,4.886316812579977
5319.0,-0.04298400000001548,4.8432410072562435,4.9294196728657855,-0.009636651806708914,0.009636651806708914,0,4.886330340061015,4.886320836813935
5329.0,-0.046966000000010215,5.377548734035402,5.480963132766853,-0.010529382764606045,0.010529382764606045,0,5.429255933401127,5.429245722273967
5338.0,-0.03421099999998234,4.894948206621969,4.9294196728657855,-0.007669818885144,0.007669818885144,0,4.912183939743877,4.912177951904341
5347.0,-0.035948999999984396,4.826005274134335,4.894948206621969,-0.008059463888868034,0.008059463888868034,0,4.860476740378152,4.860470058102418
5356.0,-0.0327149999999957,4.87771247350006,4.981126872231511,-0.007334428249030502,0.007334428249030502,0,4.9294196728657855,4.929414215867649
5365.0,-0.03251700000002703,4.808769541012427,4.87771247350006,-0.007290038311904461,0.007290038311904461,0,4.8432410072562435,4.843235520510848
5375.0,-0.02761799999999414,5.394784467157311,5.463727399644944,-0.006191723655256246,0.006191723655256246,0,5.429255933401127,5.429252402627258
5384.0,-0.026397999999979254,4.860476740378152,4.860476740378152,-0.005918209901200688,0.005918209901200688,0,4.860476740378152,4.860473137319094
5393.0,-0.00041200000002604984,4.860476740378152,4.87771247350006,-9.236693989888507e-05,9.236693989888507e-05,0,4.869094606939106,4.869094606063001
5402.0,0.02479600000000605,4.912183939743877,4.826005274134335,0.005559054955311895,-0.005559054955311895,0,4.869094606939106,4.869091433301641
5412.0,0.015487000000016333,5.412020200279219,5.308605801547769,0.0034720553352550853,-0.0034720553352550853,0,5.360313000913494,5.360311876325591
5421.0,0.02702399999998635,4.963891139109602,4.860476740378152,0.006058553843855303,-0.006058553843855303,0,4.912183939743877,4.912180203106486
5430.0,0.07513400000001628,4.946655405987694,4.757062341646702,0.016844411800790146,-0.016844411800790146,0,4.851858873817198,4.851829623173286
5439.0,0.14352399999998164,5.101777004084869,4.653647942915252,0.03217687543982447,-0.03217687543982447,0,4.87771247350006,4.877606121755504
5449.0,0.23892199999999733,5.705027663351661,5.1362484703286855,0.05356430585710153,-0.05356430585710153,0,5.420638066840173,5.420372706903748
5458.0,0.2995909999999926,5.1362484703286855,4.532997811061894,0.06716578613955469,-0.06716578613955469,0,4.83462314069529,4.834154830935418
5467.0,0.3619390000000111,5.343077267791585,4.46405487857426,0.08114368412123739,-0.08114368412123739,0,4.9035660731829225,4.902889401995649
5476.0,0.441635,5.308605801547769,4.395111946086627,0.09901085800889536,-0.09901085800889536,0,4.851858873817198,4.85083992663159
5486.0,0.5779270000000113,6.032506592667919,4.826005274134335,0.12956637978536117,-0.12956637978536117,0,5.4292559334011266,5.427691301368985
5495.0,0.5921169999999881,5.549906065254485,4.343404746720902,0.13274765861322568,-0.13274765861322568,0,4.946655405987693,4.9448483688682225
5504.0,0.6362000000000235,5.549906065254485,4.2572260811113605,0.14263069699018774,-0.14263069699018774,0,4.9035660731829225,4.901456495356813
5513.0,0.679427999999986,5.618848997742119,4.222754614867544,0.1523220515476952,-0.1523220515476952,0,4.920801806304832,4.918397754940018
5522.0,0.7157900000000004,5.705027663351661,4.205518881745635,0.16047410656806468,-0.16047410656806468,0,4.955273272548649,4.952616293862755
5531.0,0.7733909999999764,5.739499129595478,4.188283148623727,0.1733877670165527,-0.1733877670165527,0,4.963891139109602,4.960790356459838
5540.0,0.8224030000000105,5.860149261448836,4.15381168237991,0.1843758457982058,-0.1843758457982058,0,5.006980471914373,5.003488348296315
5549.0,0.8546150000000021,5.8946207276926526,4.15381168237991,0.19159750567158923,-0.19159750567158923,0,5.024216205036281,5.020454652998511
5558.0,0.8975829999999797,5.929092193936469,4.084868749892276,0.20123057041266276,-0.20123057041266276,0,5.006980471914373,5.002800752840617
5567.0,0.9408720000000308,6.049742325789827,4.136575949258002,0.21093560065789269,-0.21093560065789269,0,5.093159137523914,5.088638329532506
5576.0,1.0086970000000013,6.1014495251555525,4.033161550526552,0.22614139604197775,-0.22614139604197775,0,5.067305537841053,5.062049782904509
5585.0,1.0439609999999997,6.118685258277461,4.0503972836484605,0.23404728868369667,-0.23404728868369667,0,5.08454127096296,5.078932983170308
5593.0,0.943344000000009,5.5154345990106695,3.5160895568693014,0.21148980229724607,-0.21148980229724607,0,4.515762077939986,4.510565282799408
5602.0,1.0835719999999858,6.222099657008911,4.0503972836484605,0.2429277422179251,-0.2429277422179251,0,5.136248470328686,5.130247359540842
5611.0,1.1060640000000164,6.204863923887003,4.015925817404644,0.24797025972296682,-0.24797025972296682,0,5.110394870645823,5.104103445902847
5620.0,1.125198999999979,6.256571123252728,3.981454351160827,0.25226016602114637,-0.25226016602114637,0,5.119012737206777,5.112489363666318
5629.0,1.1445609999999995,6.3082783226184524,3.9642186180389185,0.2566009638129207,-0.2566009638129207,0,5.1362484703286855,5.129502878676358
5637.0,1.0578920000000211,5.653320463985936,3.447146624381668,0.23717050188673547,-0.23717050188673547,0,4.550233544183802,4.5436843299017635
5646.0,1.2459109999999625,6.44616418759372,3.94698288491701,0.2793227826433981,-0.2793227826433981,0,5.1965735362553644,5.188628571777569
5655.0,1.3057860000000243,6.515107120081353,3.8780399524293765,0.2927462547941305,-0.2927462547941305,0,5.1965735362553644,5.187788760937527
5663.0,1.166457999999993,5.739499129595478,3.4643823575035766,0.26151008731495323,-0.26151008731495323,0,4.601940743549527,4.594052508665466
5672.0,1.3160550000000186,6.4806356538375365,3.8090970199417433,0.29504847835180326,-0.29504847835180326,0,5.14486633688964,5.1358253779839735
5681.0,1.3383949999999825,6.549578586325169,3.791861286819835,0.3000569187333743,-0.3000569187333743,0,5.170719936572502,5.161380417574737
5689.0,1.2313230000000148,5.877384994570744,3.395439425015943,0.27605227555807066,-0.27605227555807066,0,4.636412209793344,4.627592957110821
5698.0,1.4032129999999967,6.549578586325169,3.8090970199417433,0.314588569971211,-0.314588569971211,0,5.179337803133456,5.16910442792188
5707.0,1.3887180000000097,6.549578586325169,3.7746255536979265,0.31133891270483116,-0.31133891270483116,0,5.162102070011548,5.1520210029398035
5715.0,1.2384029999999695,5.877384994570744,3.343732225650218,0.2776395520979701,-0.2776395520979701,0,4.610558610110481,4.60155159155728
5724.0,1.399109000000003,6.584050052568986,3.8263327530636517,0.31366848763790883,-0.31366848763790883,0,5.205191402816319,5.195065782462554
5733.0,1.4095920000000037,6.515107120081353,3.791861286819835,0.316018688198343,-0.316018688198343,0,5.153484203450594,5.143108539201824
5741.0,1.250122000000023,5.8946207276926526,3.378203691894035,0.28026685347809516,-0.28026685347809516,0,4.636412209793344,4.627303313326074
5750.0,1.4399719999999778,6.670228718178528,3.791861286819835,0.32282962905744084,-0.32282962905744084,0,5.231045002499181,5.220311629310719
5759.0,1.4431299999999967,6.618521518812803,3.757389820576018,0.3235376261355573,-0.3235376261355573,0,5.187955669694411,5.177082592012917
5767.0,1.2646180000000138,5.877384994570744,3.3609679587721266,0.28351673493607754,-0.28351673493607754,0,4.619176476671435,4.609815980688626
5776.0,1.4447639999999948,6.687464451300436,3.74015408745411,0.3239039552127055,-0.3239039552127055,0,5.213809269377274,5.202920662250795
5785.0,1.4923090000000043,6.687464451300436,3.74015408745411,0.33456314491468536,-0.33456314491468536,0,5.213809269377274,5.202195485006108
5793.0,1.3428649999999729,5.946327927058378,3.292025026284493,0.3010590551928914,-0.3010590551928914,0,4.619176476671435,4.608533011939735
5802.0,1.5063480000000202,6.75640738378807,3.6195039556007518,0.3377105708107046,-0.3377105708107046,0,5.187955669694411,5.175917259976307
5811.0,1.546263999999991,6.739171650666162,3.7056826212102933,0.34665940278344265,-0.34665940278344265,0,5.2224271359382275,5.2099234681525335
5819.0,1.3453070000000107,5.929092193936469,3.292025026284493,0.30160653108420765,-0.30160653108420765,0,4.610558610110481,4.599865528741288
5828.0,1.5056299999999803,6.670228718178528,3.7056826212102933,0.33754960124068784,-0.33754960124068784,0,5.187955669694411,5.176054078050852
5837.0,1.5372470000000362,6.635757251934711,3.7056826212102933,0.34463786711108485,-0.34463786711108485,0,5.170719936572502,5.158292710742467
5845.0,1.334151999999999,5.963563660180286,3.2575535600406766,0.2991056737674407,-0.2991056737674407,0,4.610558610110481,4.59999242705732
5854.0,1.5184180000000114,6.704700184422345,3.7229183543322018,0.3404165634430061,-0.3404165634430061,0,5.213809269377274,5.201763327083701
5863.0,1.512816999999976,6.65299298505662,3.6712111549664765,0.3391608662819765,-0.3391608662819765,0,5.162102070011548,5.150004517771098
5871.0,1.343474999999993,5.963563660180286,3.2575535600406766,0.301195812069922,-0.301195812069922,0,4.610558610110481,4.599844947947368
5880.0,1.5279999999999865,6.739171650666162,3.6195039556007518,0.3425647673703188,-0.3425647673703188,0,5.179337803133457,5.1669415333167334
5889.0,1.5836030000000263,6.721935917544253,3.585032489356935,0.3550304929986603,-0.3550304929986603,0,5.153484203450594,5.140080447766229
5897.0,1.397156000000016,5.946327927058378,3.2575535600406766,0.31323064143982654,-0.31323064143982654,0,4.601940743549527,4.590346476738205
5906.0,1.5283659999999577,6.584050052568986,3.74015408745411,0.3426468214965281,-0.3426468214965281,0,5.162102070011548,5.149854431041952
5915.0,1.4302830000000377,6.515107120081353,3.757389820576018,0.3206574366287559,-0.3206574366287559,0,5.1362484703286855,5.1255060114712725
5924.0,1.371490000000005,6.411692721349903,3.7746255536979265,0.30747653979105005,-0.30747653979105005,0,5.093159137523915,5.0832485003014165
5933.0,1.359923999999971,6.411692721349903,3.791861286819835,0.30488353972598675,-0.30488353972598675,0,5.101777004084869,5.092059783349937
5941.0,1.1826019999999862,5.739499129595478,3.42991089125976,0.2651294365325083,-0.2651294365325083,0,4.584705010427619,4.576547338267625
5950.0,1.2752229999999882,6.325514055740361,3.895275685551285,0.285894286871911,-0.285894286871911,0,5.110394870645823,5.101944706716466
5959.0,1.2107540000000563,6.291042589496544,3.981454351160827,0.27144087850307985,-0.27144087850307985,0,5.1362484703286855,5.128714179762898
5968.0,1.1491699999999545,6.23933539013082,3.998690084282735,0.25763426290506364,-0.25763426290506364,0,5.119012737206777,5.112219631849829
5976.0,0.9743660000000024,5.463727399644944,3.6022682224788434,0.2184446741646282,-0.2184446741646282,0,4.532997811061894,4.52751445907645
5985.0,1.0433960000000302,6.1014495251555525,4.15381168237991,0.2339206204287531,-0.2339206204287531,0,5.127630603767731,5.122105549637322
5994.0,0.9944150000000168,6.118685258277461,4.1710474155018185,0.2229394915867568,-0.2229394915867568,0,5.14486633688964,5.139864987934474
6003.0,0.9437249999999887,6.015270859546011,4.188283148623727,0.21157521929748244,-0.21157521929748244,0,5.10177700408487,5.097251414640299
6012.0,0.9015049999999663,5.8946207276926526,4.2572260811113605,0.20210984987445713,-0.20210984987445713,0,5.0759234044020065,5.071797766008648
6020.0,0.7365260000000595,5.2224271359382275,3.84356848618556,0.16512294362055896,-0.16512294362055896,0,4.532997811061894,4.529922568506566
6029.0,0.7592169999999355,5.705027663351661,4.343404746720902,0.1702100752543008,-0.1702100752543008,0,5.024216205036281,5.021281856228297
6038.0,0.6799009999999989,5.653320463985936,4.377876212964718,0.15242809417529374,-0.15242809417529374,0,5.015598338475327,5.013245836491757
6047.0,0.6298220000000203,5.618848997742119,4.395111946086627,0.14120080295465828,-0.14120080295465828,0,5.006980471914373,5.004960598567928
6056.0,0.568542000000001,5.498198865888761,4.46405487857426,0.12746234160357192,-0.12746234160357192,0,4.981126872231511,4.979479140516348
6065.0,0.5476990000000022,5.5154345990106695,4.498526344818077,0.12278951604971118,-0.12278951604971118,0,5.006980471914373,5.005459881139641
6074.0,0.5130919999999807,5.498198865888761,4.515762077939986,0.11503091729029227,-0.11503091729029227,0,5.006980471914373,5.005646817572943
6083.0,0.46697999999998857,5.360313000913494,4.515762077939986,0.10469299415352683,-0.10469299415352683,0,4.938037539426739,4.936919938818227
6092.0,0.4190060000000129,5.394784467157311,4.601940743549527,0.09393762625443294,-0.09393762625443294,0,4.998362605353419,4.997474543692121
6102.0,0.4342659999999968,5.8946207276926526,5.067305537841052,0.0973587900960989,-0.0973587900960989,0,5.480963132766853,5.480093694905028
6111.0,0.35351500000000935,5.274134335303953,4.584705010427618,0.07925509406866658,-0.07925509406866658,0,4.9294196728657855,4.928779538239759
6120.0,0.33950800000001813,5.308605801547769,4.584705010427618,0.07611484230390672,-0.07611484230390672,0,4.946655405987693,4.946066766629881
6129.0,0.3363349999999653,5.2224271359382275,4.619176476671435,0.07540348235175742,-0.07540348235175742,0,4.920801806304832,4.920222012165862
6138.0,0.33138999999997953,5.274134335303953,4.619176476671435,0.07429485488144238,-0.07429485488144238,0,4.946655405987694,4.9460951218755325
6147.0,0.3117060000000598,5.170719936572502,4.56746927730571,0.06988186739394898,-0.06988186739394898,0,4.869094606939106,4.86859127766764
6156.0,0.29302999999995283,5.170719936572502,4.636412209793344,0.0656948650409092,-0.0656948650409092,0,4.9035660731829225,4.90312475431204
6166.0,0.31970200000002313,5.756734862717386,5.153484203450594,0.07167450344099122,-0.07167450344099122,0,5.45510953308399,5.454637286746099
6175.0,0.27099600000000296,5.0500698047191435,4.636412209793344,0.060755027289456,-0.060755027289456,0,4.8432410072562435,4.842859292118398
6184.0,0.24411099999998098,5.153484203450594,4.636412209793344,0.054727636078226526,-0.054727636078226526,0,4.894948206621969,4.894641440631428
6193.0,0.2297970000000227,5.08454127096296,4.688119409159069,0.05151855749175761,-0.05151855749175761,0,4.886330340061015,4.886058324799899
6203.0,0.254761000000006,5.722263396473569,5.1362484703286855,0.05711527663614702,-0.05711527663614702,0,5.429255933401127,5.428954657464059
6212.0,0.23721299999998272,5.119012737206777,4.653647942915252,0.05318116240982346,-0.05318116240982346,0,4.886330340061015,4.8860403055184465
6221.0,0.2360840000000223,5.0500698047191435,4.653647942915252,0.05292805009153319,-0.05292805009153319,0,4.851858873817198,4.851569725969805
6230.0,0.21594200000002187,5.153484203450594,4.705355142280977,0.04841238285045127,-0.04841238285045127,0,4.9294196728657855,4.929181466360353
6239.0,0.22113099999995464,5.101777004084869,4.56746927730571,0.049575713071564866,-0.049575713071564866,0,4.834623140695289,4.834368200279728
6249.0,0.3281250000000209,5.791206328961202,4.998362605353419,0.07356286930195946,-0.07356286930195946,0,5.394784467157311,5.394280267649812
6258.0,0.37979099999998966,5.325841534669677,4.481290611696169,0.08514595259446228,-0.08514595259446228,0,4.9035660731829225,4.902821483832881
6267.0,0.4203790000000221,5.29137006842586,4.498526344818077,0.09424544132354458,-0.09424544132354458,0,4.894948206621969,4.894035196323253
6276.0,0.43151899999999993,5.308605801547769,4.446819145452352,0.09674293576627874,-0.09674293576627874,0,4.87771247350006,4.876745840523885
6286.0,0.4915769999999711,5.911856460814561,4.912183939743877,0.1102074349800987,-0.1102074349800987,0,5.412020200279219,5.410888811640264
6295.0,0.4664000000000361,5.29137006842586,4.429583412330444,0.10456296302456185,-0.10456296302456185,0,4.860476740378152,4.859343513416704
6304.0,0.4594419999999533,5.360313000913494,4.446819145452352,0.10300303786003889,-0.10300303786003889,0,4.9035660731829225,4.902475154285204
6313.0,0.47042900000006405,5.29137006842586,4.446819145452352,0.10546623098774548,-0.10546623098774548,0,4.869094606939106,4.867944153996268
6322.0,0.47701999999994255,5.377548734035402,4.395111946086627,0.10694387783440529,-0.10694387783440529,0,4.886330340061015,4.885148533560187
6332.0,0.5174559999999847,5.946327927058378,4.912183939743877,0.11600928944003405,-0.11600928944003405,0,5.429255933401127,5.428005625883783
6341.0,0.46685800000001504,5.308605801547769,4.446819145452352,0.10466564277812755,-0.10466564277812755,0,4.87771247350006,4.876581093046251
6350.0,0.47287000000002144,5.394784467157311,4.412347679208535,0.10601348268744205,-0.10601348268744205,0,4.9035660731829225,4.902408894487465
6359.0,0.46664400000003403,5.360313000913494,4.395111946086627,0.10461766577537182,-0.10461766577537182,0,4.87771247350006,4.876579867403743
6368.0,0.4885259999999427,5.377548734035402,4.446819145452352,0.1095234264033601,-0.1095234264033601,0,4.912183939743877,4.9109523797253125
6378.0,0.5550230000000055,6.066978058911736,4.8432410072562435,0.12443149534043198,-0.12443149534043198,0,5.45510953308399,5.453672901911628
6387.0,0.5491640000000189,5.429255933401127,4.377876212964718,0.12311795674617927,-0.12311795674617927,0,4.9035660731829225,4.902003272002305
6396.0,0.5624390000000165,5.463727399644944,4.308933280477085,0.12609410025850923,-0.12609410025850923,0,4.886330340061015,4.884681224019411
6405.0,0.5790399999999848,5.498198865888761,4.308933280477085,0.12981590503802748,-0.12981590503802748,0,4.9035660731829225,4.901823053856658
6414.0,0.6001589999999553,5.532670332132577,4.308933280477085,0.13455060747394612,-0.13455060747394612,0,4.920801806304831,4.918934524523522
6423.0,0.6679379999999983,5.636084730864027,4.2572260811113605,0.1497460900443701,-0.1497460900443701,0,4.946655405987694,4.944345682121339
6432.0,0.7237240000000239,5.670556197107844,4.1710474155018185,0.16225284273581614,-0.16225284273581614,0,4.920801806304832,4.91806576300462
6442.0,0.8771670000000155,6.428928454471811,4.653647942915252,0.19665347467272803,-0.19665347467272803,0,5.541288198693532,5.537710639406756
6450.0,0.7648929999999874,5.29137006842586,3.6712111549664765,0.17148258678546027,-0.17148258678546027,0,4.481290611696169,4.4779031336199875
6459.0,0.9237969999999693,5.946327927058378,4.084868749892276,0.20710752905915625,-0.20710752905915625,0,5.015598338475327,5.011176518550803
6468.0,0.97204600000004,5.998035126424103,4.067633016770368,0.21792454964873406,-0.21792454964873406,0,5.032834071597236,5.02794401141604
6477.0,0.9968570000000035,6.032506592667919,4.033161550526552,0.22348696747806165,-0.22348696747806165,0,5.032834071597236,5.0276774398817246
6486.0,1.006774999999984,6.015270859546011,4.084868749892276,0.22571049978354082,-0.22571049978354082,0,5.0500698047191435,5.044843907141653
6495.0,1.0020450000000087,6.015270859546011,4.067633016770368,0.22465007350758978,-0.22465007350758978,0,5.04145193815819,5.036261944233825
6504.0,0.9985350000000228,6.084213792033644,4.067633016770368,0.22386316098568862,-0.22386316098568862,0,5.0759234044020065,5.070793170659251
6513.0,0.9921569999999942,5.980799393302195,4.067633016770368,0.22243326695015345,-0.22243326695015345,0,5.024216205036281,5.019116140313487
6522.0,0.9672539999999722,5.963563660180286,4.15381168237991,0.216850223493458,-0.216850223493458,0,5.058687671280098,5.05389391773626
6531.0,0.9465339999999763,5.946327927058378,4.119340216136093,0.2122049735066048,-0.2122049735066048,0,5.032834071597236,5.0282151818493945
6540.0,0.9074090000000544,5.877384994570744,4.1710474155018185,0.2034334770908083,-0.2034334770908083,0,5.024216205036281,5.019981342218204
6549.0,0.8836369999999498,5.8084420620831105,4.15381168237991,0.19810399433559683,-0.19810399433559683,0,4.98112687223151,4.977081222858953
6558.0,0.8288880000000297,5.825677795205019,4.222754614867544,0.18582972833511882,-0.18582972833511882,0,5.024216205036281,5.020693941616403
6567.0,0.7993160000000445,5.8084420620831105,4.222754614867544,0.1791999342901777,-0.1791999342901777,0,5.015598338475327,5.0123185704050535
6576.0,0.7804869999999687,5.705027663351661,4.239990347989452,0.17497863062208752,-0.17497863062208752,0,4.972509005670556,4.969365281414288
6585.0,0.7590030000000053,5.756734862717386,4.222754614867544,0.17016209825155645,-0.17016209825155645,0,4.989744738792465,4.986775967849576
6594.0,0.7538760000000124,5.722263396473569,4.222754614867544,0.16901266790973365,-0.16901266790973365,0,4.972509005670556,4.969572709841942
6603.0,0.7680960000000061,5.722263396473569,4.239990347989452,0.1722006724856524,-0.1722006724856524,0,4.981126872231511,4.978085982009798
6612.0,0.7736519999999397,5.773970595839295,4.222754614867544,0.1734462810245835,-0.1734462810245835,0,4.998362605353419,4.995282141629609
6621.0,0.7913510000000257,5.756734862717386,4.205518881745635,0.17741424818277515,-0.17741424818277515,0,4.981126872231511,4.977892324457502
6630.0,0.8084720000000145,5.773970595839295,4.188283148623727,0.18125263259517269,-0.18125263259517269,0,4.981126872231511,4.9777472547977375
6639.0,0.8279719999999701,5.860149261448836,4.188283148623727,0.1856243688279646,-0.1856243688279646,0,5.024216205036281,5.020693675249204
6648.0,0.8619690000000223,5.8084420620831105,4.136575949258002,0.1932462107103643,-0.1932462107103643,0,4.972509005670556,4.968649761374132
6657.0,0.8652340000000318,5.8084420620831105,4.119340216136093,0.19397819628985863,-0.19397819628985863,0,4.963891139109602,4.95999317355343
6666.0,0.8693849999999314,5.877384994570744,4.119340216136093,0.19490881562841872,-0.19490881562841872,0,4.998362605353419,4.9944463306764035
6675.0,0.8696899999999924,5.791206328961202,4.1710474155018185,0.19497719406694544,-0.19497719406694544,0,4.98112687223151,4.977212309364983
6684.0,0.8544919999999991,5.825677795205019,4.136575949258002,0.19156993010458168,-0.19156993010458168,0,4.98112687223151,4.977338866998588
6693.0,0.8446350000000309,5.825677795205019,4.15381168237991,0.18936007348680786,-0.18936007348680786,0,4.9897447387924645,4.986052464334235
6702.0,0.8359679999999843,5.739499129595478,4.119340216136093,0.18741700487501825,-0.18741700487501825,0,4.9294196728657855,4.925762504376979
6711.0,0.8226930000000376,5.773970595839295,4.1710474155018185,0.18444086136269972,-0.18444086136269972,0,4.972509005670556,4.969001233149182
6720.0,0.8212280000000209,5.773970595839295,4.1710474155018185,0.1841124206662316,-0.1841124206662316,0,4.972509005670556,4.96901370031018
6729.0,0.8042299999999333,5.722263396473569,4.136575949258002,0.1803016118208188,-0.1803016118208188,0,4.9294196728657855,4.926038544094026
6738.0,0.7965700000000772,5.773970595839295,4.15381168237991,0.1785843041519658,-0.1785843041519658,0,4.963891139109602,4.960594455225534
6747.0,0.7892149999999257,5.705027663351661,4.188283148623727,0.17693537492155967,-0.17693537492155967,0,4.946655405987694,4.943418353648951
6757.0,0.8804320000000758,6.325514055740361,4.619176476671435,0.1973854602522338,-0.1973854602522338,0,5.472345266205898,5.468700780969229
6766.0,0.7918089999999538,5.739499129595478,4.188283148623727,0.17751692793632942,-0.17751692793632942,0,4.963891139109602,4.960641071473917
6775.0,0.8015749999999948,5.756734862717386,4.136575949258002,0.17970638311836648,-0.17970638311836648,0,4.946655405987694,4.943304969331466
6784.0,0.8255000000000173,5.791206328961202,4.15381168237991,0.18507016718861694,-0.18507016718861694,0,4.972509005670556,4.968973206806917
6793.0,0.8585209999999762,5.860149261448836,4.15381168237991,0.1924731980677539,-0.1924731980677539,0,5.006980471914373,5.003175281037098
6802.0,0.8931270000000191,5.8946207276926526,4.119340216136093,0.20023157263557595,-0.20023157263557595,0,5.006980471914373,5.002852654365184
6811.0,0.9145810000000166,5.842913528326927,4.033161550526552,0.20504137925806418,-0.20504137925806418,0,4.938037539426739,4.933639377534819
6820.0,0.9408269999999801,5.998035126424103,4.015925817404644,0.21092551203580565,-0.21092551203580565,0,5.006980471914373,5.0023639962203745
6829.0,0.9803470000000134,6.015270859546011,4.033161550526552,0.2197855641342916,-0.2197855641342916,0,5.024216205036282,5.019222955828143
6838.0,1.0343930000000292,6.066978058911736,3.981454351160827,0.23190222343880848,-0.23190222343880848,0,5.024216205036281,5.018634337734554
6847.0,1.0794369999999713,6.153156724521278,3.9642186180389185,0.24200070994496617,-0.24200070994496617,0,5.058687671280098,5.052627966488253
6856.0,1.115386999999985,6.170392457643186,3.9125114186731933,0.2500603980254425,-0.2500603980254425,0,5.04145193815819,5.03493824794719
6865.0,1.1252139999999875,6.135920991399369,3.981454351160827,0.25226352889517345,-0.25226352889517345,0,5.058687671280098,5.052114311373079
6873.0,1.001891999999989,5.498198865888761,3.4988538237473934,0.22461577219252798,-0.22461577219252798,0,4.498526344818077,4.492641369261024
6882.0,1.1235040000000451,6.1876281907650945,3.9642186180389185,0.25188016125630996,-0.25188016125630996,0,5.0759234044020065,5.069374317806224
6891.0,1.1322329999999807,6.1876281907650945,3.9125114186731933,0.253837129747379,-0.253837129747379,0,5.0500698047191435,5.043365595641827
6900.0,1.1095890000000106,6.135920991399369,3.981454351160827,0.24876053511889512,-0.24876053511889512,0,5.058687671280098,5.052295194008478
6909.0,1.0772700000000286,6.204863923887003,4.067633016770368,0.24151488674413382,-0.24151488674413382,0,5.1362484703286855,5.130325464143333
6918.0,1.0528869999999761,6.066978058911736,4.015925817404644,0.23604842292030626,-0.23604842292030626,0,5.04145193815819,5.0356988960504925
6927.0,1.0180360000000077,6.032506592667919,4.0503972836484605,0.2282351214100888,-0.2282351214100888,0,5.04145193815819,5.036087920411667
6936.0,0.9988099999999652,6.049742325789827,4.033161550526552,0.22392481367613828,-0.22392481367613828,0,5.04145193815819,5.0362810196179
6944.0,0.8914490000000508,5.429255933401127,3.6022682224788434,0.1998553791279604,-0.1998553791279604,0,4.515762077939986,4.511159102279668
6953.0,1.03793299999993,6.084213792033644,4.084868749892276,0.23269586170874107,-0.23269586170874107,0,5.08454127096296,5.079012941654738
6962.0,1.0385740000000474,6.118685258277461,4.0503972836484605,0.23283956852544563,-0.23283956852544563,0,5.08454127096296,5.0789906023559235
6971.0,1.0278319999999639,6.084213792033644,4.0503972836484605,0.23043130234015727,-0.23043130234015727,0,5.067305537841053,5.061856629687826
6980.0,1.027100000000021,6.066978058911736,4.0503972836484605,0.23026719408773877,-0.23026719408773877,0,5.058687671280098,5.053240337419102
6989.0,1.016784999999972,6.084213792033644,4.084868749892276,0.22795465771637644,-0.22795465771637644,0,5.08454127096296,5.079235522439371
6998.0,1.0181270000000369,6.1014495251555525,4.033161550526552,0.22825552284584838,-0.22825552284584838,0,5.067305537841053,5.061951238179873
7007.0,1.022216999999975,6.1014495251555525,4.067633016770368,0.22917246649671455,-0.22917246649671455,0,5.08454127096296,5.079171338513461
7015.0,0.9065550000000364,5.429255933401127,3.6022682224788434,0.2032420174629677,-0.2032420174629677,0,4.515762077939986,4.511002072535387
7024.0,1.0139160000000018,6.118685258277461,4.102104483014185,0.227311452011157,-0.227311452011157,0,5.110394870645823,5.10514408699914
7033.0,1.0036010000000035,6.049742325789827,4.084868749892276,0.22499891563980606,-0.22499891563980606,0,5.067305537841052,5.062124431836503
7042.0,1.004852999999967,6.118685258277461,4.084868749892276,0.2252796035251039,-0.2252796035251039,0,5.101777004084869,5.0966065440959945
7051.0,1.028717000000028,6.204863923887003,4.033161550526552,0.2306297119076604,-0.2306297119076604,0,5.119012737206777,5.113582894493895
7059.0,0.9598079999999445,5.5154345990106695,3.550561023113118,0.2151808928273265,-0.2151808928273265,0,4.532997811061894,4.527650127391132
7068.0,1.0809020000000389,6.135920991399369,4.102104483014185,0.2423291506414457,-0.2423291506414457,0,5.119012737206777,5.11305340507386
7077.0,0.9958799999999827,6.015270859546011,4.15381168237991,0.2232679322832135,-0.2232679322832135,0,5.08454127096296,5.079477973196878
7086.0,0.8731080000000216,5.8084420620831105,4.2572260811113605,0.19574348096150157,-0.19574348096150157,0,5.032834071597236,5.02893987801669
7095.0,0.7551879999999584,5.705027663351661,4.291697547355177,0.16930680729112857,-0.16930680729112857,0,4.998362605353419,4.995439479165372
7104.0,0.663178000000057,5.705027663351661,4.395111946086627,0.1486789380203762,-0.1486789380203762,0,5.0500698047191435,5.047845307171574
7113.0,0.6755669999999608,5.705027663351661,4.308933280477085,0.1514564477735948,-0.1514564477735948,0,5.006980471914373,5.00464612155905
7122.0,0.6993099999999762,5.670556197107844,4.343404746720902,0.15677942897233746,-0.15677942897233746,0,5.006980471914373,5.004484038547922
7131.0,0.694855000000045,5.722263396473569,4.343404746720902,0.15578065538685892,-0.15578065538685892,0,5.032834071597236,5.030378970699619
7140.0,0.6389469999999949,5.567141798376394,4.395111946086627,0.1432465513200022,-0.1432465513200022,0,4.98112687223151,4.979039617906423
7149.0,0.5883789999999913,5.549906065254485,4.395111946086627,0.1319096304061385,-0.1319096304061385,0,4.972509005670556,4.970736457464858
7158.0,0.5552359999999572,5.532670332132577,4.395111946086627,0.12447924815157944,-0.12447924815157944,0,4.963891139109602,4.962310390154142
7167.0,0.5454410000000813,5.463727399644944,4.36064047984281,0.12228329141313064,-0.12228329141313064,0,4.912183939743877,4.910643216049335
7176.0,0.5379339999999906,5.5154345990106695,4.481290611696169,0.1206002850592824,-0.1206002850592824,0,4.998362605353419,4.996892624499462
7185.0,0.5233149999999713,5.429255933401127,4.446819145452352,0.11732282803428676,-0.11732282803428676,0,4.938037539426739,4.936630498972557
7194.0,0.4885249999999641,5.446491666523036,4.46405487857426,0.10952320221176323,-0.10952320221176323,0,4.955273272548649,4.954051370265721
7203.0,0.4797670000000412,5.360313000913494,4.46405487857426,0.10755973216424826,-0.10755973216424826,0,4.912183939743877,4.910996909873983
7213.0,0.4894410000000238,5.946327927058378,4.998362605353419,0.10972856171891746,-0.10972856171891746,0,5.472345266205899,5.47123718818227
7222.0,0.40661599999997794,5.308605801547769,4.532997811061894,0.09115989230958328,-0.09115989230958328,0,4.920801806304832,4.919952367254439
7231.0,0.3742680000000084,5.239662869060136,4.532997811061894,0.083907742378376,-0.083907742378376,0,4.886330340061015,4.8856062885251195
7240.0,0.37194799999999517,5.239662869060136,4.515762077939986,0.08338761786247044,-0.08338761786247044,0,4.877712473500061,4.876995905993951
7249.0,0.3651119999999876,5.325841534669677,4.584705010427618,0.08185504407336958,-0.08185504407336958,0,4.955273272548648,4.9545935408988395
7258.0,0.3472600000000345,5.2224271359382275,4.584705010427618,0.07785277560015039,-0.07785277560015039,0,4.9035660731829225,4.902945543434891
7268.0,0.36334199999996075,5.791206328961202,5.101777004084869,0.08145822493838617,-0.08145822493838617,0,5.446491666523036,5.44588017294379
7277.0,0.2986760000000387,5.187955669694411,4.636412209793344,0.06696065082402586,-0.06696065082402586,0,4.912183939743877,4.911726173060447
7286.0,0.27563500000000013,5.1362484703286855,4.619176476671435,0.06179505212965885,-0.06179505212965885,0,4.87771247350006,4.87731998221816
7295.0,0.25961299999995485,5.170719936572502,4.636412209793344,0.05820305428749733,-0.05820305428749733,0,4.9035660731829225,4.90321966036021
7304.0,0.24154600000004217,5.101777004084869,4.653647942915252,0.05415258461992554,-0.05415258461992554,0,4.87771247350006,4.877411263758534
7314.0,0.24993899999997227,5.722263396473569,5.153484203450594,0.05603422473282813,-0.05603422473282813,0,5.437873799962082,5.437584330995173
7323.0,0.22491500000000614,5.119012737206777,4.653647942915252,0.05042405409234166,-0.05042405409234166,0,4.886330340061015,4.886069596535075
7332.0,0.23712099999997516,5.067305537841052,4.722590875402886,0.05316053678246701,-0.05316053678246701,0,4.894948206621969,4.894659204686425
7341.0,0.2118840000000065,5.153484203450594,4.67088367603716,0.047502613330821675,-0.047502613330821675,0,4.912183939743877,4.911953716694514
7350.0,0.19241299999998754,5.032834071597236,4.722590875402886,0.04313737865446431,-0.04313737865446431,0,4.877712473500061,4.877521543064855
7360.0,0.19940200000001485,5.618848997742119,5.2224271359382275,0.04470425375862697,-0.04470425375862697,0,5.420638066840173,5.42045349048626
7369.0,0.15051300000000897,5.032834071597236,4.739826608524794,0.03374375054398713,-0.03374375054398713,0,4.886330340061015,4.886213726552489
7378.0,0.15698200000001575,5.0500698047191435,4.774298074768611,0.035194046015270465,-0.035194046015270465,0,4.912183939743877,4.9120577688082445
7387.0,0.14849899999998425,5.067305537841052,4.757062341646702,0.03329222865819374,-0.03329222865819374,0,4.912183939743877,4.9120710123274325
7396.0,0.13238499999998232,4.981126872231511,4.774298074768611,0.029679605188687178,-0.029679605188687178,0,4.877712473500061,4.877622139088543
7405.0,0.12252800000006493,5.0500698047191435,4.757062341646702,0.027469748570924768,-0.027469748570924768,0,4.9035660731829225,4.903489063574856
7415.0,0.12426799999997312,5.549906065254485,5.360313000913494,0.02785984195783112,-0.02785984195783112,0,5.45510953308399,5.455038371355949
7424.0,0.1159659999999703,5.032834071597236,4.808769541012427,0.0259986032806653,-0.0259986032806653,0,4.920801806304832,4.920733091515448
7433.0,0.1021430000000451,5.0155983384753275,4.808769541012427,0.02289960277062974,-0.02289960277062974,0,4.912183939743877,4.91213054030239
7442.0,0.0928339999999536,4.981126872231511,4.774298074768611,0.020812603150550113,-0.020812603150550113,0,4.877712473500061,4.877668051722782
7451.0,0.08935600000004336,5.032834071597236,4.808769541012427,0.020032864759919722,-0.020032864759919722,0,4.920801806304832,4.920761008198328
7461.0,0.09979199999998557,5.480963132766853,5.343077267791585,0.022372528315061663,-0.022372528315061663,0,5.412020200279219,5.41197395092853
7470.0,0.08245900000002358,5.032834071597236,4.808769541012427,0.018486615283113517,-0.018486615283113517,0,4.920801806304832,4.920767063130212
7479.0,0.07897900000000366,4.946655405987694,4.8432410072562435,0.017706428509255173,-0.017706428509255173,0,4.894948206621969,4.894916178752998
7488.0,0.07275399999994386,4.946655405987694,4.826005274134335,0.0163108357887704,-0.0163108357887704,0,4.886330340061015,4.8863031129114285
7497.0,0.07305900000000483,4.963891139109602,4.826005274134335,0.01637921422729712,-0.01637921422729712,0,4.894948206621969,4.894920797789257
7506.0,0.07302900000003888,4.998362605353419,4.826005274134335,0.01637248847925429,-0.01637248847925429,0,4.912183939743877,4.912156646520023
7516.0,0.07314999999998298,5.532670332132577,5.429255933401127,0.0163996156630453,-0.0163996156630453,0,5.480963132766853,5.480938596064185
7525.0,0.058228000000012436,4.963891139109602,4.87771247350006,0.013054228582750894,-0.013054228582750894,0,4.920801806304832,4.92078448950784
7534.0,0.049224999999960425,4.981126872231511,4.826005274134335,0.011035831592794856,-0.011035831592794856,0,4.9035660731829225,4.903553651652217
7543.0,0.05151299999999986,4.981126872231511,4.87771247350006,0.01154878197745245,-0.01154878197745245,0,4.9294196728657855,4.929406143028464
7552.0,0.07055699999998435,4.998362605353419,4.860476740378152,0.0158182868398838,-0.0158182868398838,0,4.9294196728657855,4.92939428800967
7561.0,0.0726620000000381,4.981126872231511,4.87771247350006,0.016290210161436766,-0.016290210161436766,0,4.9294196728657855,4.929392753066737
7570.0,0.05667200000001756,4.981126872231511,4.808769541012427,0.01270538645053462,-0.01270538645053462,0,4.894948206621969,4.894931712465956
7580.0,0.059325999999977494,5.532670332132577,5.463727399644944,0.013300390961390057,-0.013300390961390057,0,5.49819886588876,5.498182778204292
7589.0,0.04904099999999622,4.9294196728657855,4.826005274134335,0.010994580338093364,-0.010994580338093364,0,4.87771247350006,4.8777000810187445
7598.0,0.04861499999999115,4.981126872231511,4.826005274134335,0.010899074715775633,-0.010899074715775633,0,4.9035660731829225,4.903553957600723
7607.0,0.03793299999999225,4.912183939743877,4.860476740378152,0.008504260026607176,-0.008504260026607176,0,4.886330340061015,4.886322939384644
7616.0,0.03616399999999484,4.9294196728657855,4.860476740378152,0.008107665083232038,-0.008107665083232038,0,4.894948206621969,4.89494149180547
7626.0,0.02911299999997682,5.446491666523036,5.429255933401127,0.006526890099767173,-0.006526890099767173,0,5.437873799962082,5.437869882957301
7635.0,0.022797000000040663,4.87771247350006,4.8432410072562435,0.0051108959435570405,-0.0051108959435570405,0,4.860476740378152,4.860474053238026
7644.0,0.012755999999955503,4.9294196728657855,4.912183939743877,0.002859788071047502,-0.002859788071047502,0,4.920801806304832,4.920800975300947
7653.0,0.012085000000024921,4.9294196728657855,4.894948206621969,0.002709355506334344,-0.002709355506334344,0,4.912183939743877,4.912183192551177
7662.0,0.02261400000005497,4.963891139109602,4.912183939743877,0.005069868880452415,-0.005069868880452415,0,4.938037539426739,4.938034936747585
7671.0,0.021422999999951193,4.894948206621969,4.87771247350006,0.004802856682825711,-0.004802856682825711,0,4.886330340061015,4.886327979650876
7681.0,0.004517000000023683,5.480963132766853,5.446491666523036,0.0010126734648035712,-0.0010126734648035712,0,5.463727399644944,5.463727305797132
7690.0,-0.0039980000000325545,4.860476740378152,4.981126872231511,-0.0008963180235325254,0.0008963180235325254,0,4.920801806304832,4.920801724660948
7699.0,-0.056273999999970535,4.826005274134335,4.946655405987694,-0.012616158193054582,0.012616158193054582,0,4.886330340061015,4.886314050647152
7708.0,-0.07031299999998647,4.860476740378152,4.946655405987694,-0.01576358408907383,0.01576358408907383,0,4.9035660731829225,4.90354073368081
7717.0,-0.050079000000029364,4.8432410072562435,4.9294196728657855,-0.011227291220646866,0.011227291220646866,0,4.886330340061015,4.886317440669957
7726.0,-0.029083999999989375,4.9294196728657855,4.9294196728657855,-0.006520388543321206,0.006520388543321206,0,4.9294196728657855,4.929415360450351
7736.0,-0.015196999999963783,5.394784467157311,5.377548734035402,-0.0034070397707554813,0.0034070397707554813,0,5.386166600596356,5.386165523026065
7745.0,-0.0042120000000136,4.912183939743877,4.9294196728657855,-0.0009442950262882557,0.0009442950262882557,0,4.920801806304832,4.9208017157001045
7754.0,0.00921699999998217,4.87771247350006,4.860476740378152,0.0020663739927003592,-0.0020663739927003592,0,4.869094606939106,4.869094168468033
7763.0,0.020201999999983244,4.9294196728657855,4.87771247350006,0.004529118737178994,-0.004529118737178994,0,4.9035660731829225,4.903563981493595
7772.0,0.03018200000000532,4.912183939743877,4.9294196728657855,0.006766550921971778,-0.006766550921971778,0,4.920801806304832,4.920797153985079
7781.0,0.03732300000002298,4.9294196728657855,4.9294196728657855,0.008367503149587955,-0.008367503149587955,0,4.9294196728657855,4.929412571121332
7791.0,0.006286999999999604,5.5154345990106695,5.446491666523036,0.0014094925997755747,-0.0014094925997755747,0,5.480963132766853,5.48096295152609
7800.0,0.012145999999986227,4.87771247350006,4.826005274134335,0.00272303119402828,-0.00272303119402828,0,4.851858873817198,4.8518581096659865
7809.0,0.02874700000000543,4.9294196728657855,4.860476740378152,0.006444835973557922,-0.006444835973557922,0,4.894948206621969,4.894943963684662
7818.0,0.03427199999999453,4.894948206621969,4.791533807890519,0.007683494572849344,-0.007683494572849344,0,4.843241007256244,4.843234911884677
7828.0,0.07556099999997443,5.463727399644944,5.377548734035402,0.016940141614699037,-0.016940141614699037,0,5.420638066840173,5.420611595378151
7837.0,0.04995700000000498,4.9294196728657855,4.860476740378152,0.011199939845236175,-0.011199939845236175,0,4.894948206621969,4.894935392964316
7846.0,0.03430200000001137,4.87771247350006,4.8432410072562435,0.007690220320903585,-0.007690220320903585,0,4.860476740378152,4.860470656600327
7855.0,0.02896099999998648,4.963891139109602,4.894948206621969,0.006492812976313652,-0.006492812976313652,0,4.9294196728657855,4.929415396639584
7864.0,0.009583000000055335,4.912183939743877,4.8432410072562435,0.0021484281189324285,-0.0021484281189324285,0,4.87771247350006,4.877712000330181
7874.0,0.03155499999996361,5.446491666523036,5.360313000913494,0.007074365991072017,-0.007074365991072017,0,5.403402333718265,5.403397702398079
7883.0,0.042603000000035675,4.87771247350006,4.8432410072562435,0.009551234806472542,-0.009551234806472542,0,4.860476740378152,4.860467355808063
7892.0,0.03015099999995908,4.946655405987694,4.808769541012427,0.006759600982309265,-0.006759600982309265,0,4.87771247350006,4.877707788796943
7901.0,0.031707999999983354,4.8432410072562435,4.87771247350006,0.007108667306133811,-0.007108667306133811,0,4.860476740378152,4.860471541947222
7911.0,0.023559000000051167,5.429255933401127,5.394784467157311,0.005281729944041192,-0.005281729944041192,0,5.412020200279219,5.412017622966757
7920.0,0.009582999999953557,4.9294196728657855,4.912183939743877,0.002148428118909611,-0.002148428118909611,0,4.920801806304832,4.920801337300281
7929.0,-0.007934999999951137,4.894948206621969,4.894948206621969,-0.0017789603593368884,0.0017789603593368884,0,4.894948206621969,4.894947883360157
7938.0,-0.010284000000053648,4.912183939743877,4.9294196728657855,-0.002305586431711236,0.002305586431711236,0,4.920801806304832,4.920801266174946
7947.0,-0.010040999999983381,4.826005274134335,4.912183939743877,-0.0022511078724867205,0.0022511078724867205,0,4.869094606939106,4.869094086525853
7956.0,-0.01150499999997071,4.9294196728657855,4.87771247350006,-0.0025793243773465442,0.0025793243773465442,0,4.9035660731829225,4.903565394789107
7966.0,-0.01855400000003171,5.446491666523036,5.480963132766853,-0.00415965097761768,0.00415965097761768,0,5.463727399644944,5.463725816214838
7975.0,0.00976500000001163,4.87771247350006,4.912183939743877,0.0021892309904287814,-0.0021892309904287814,0,4.894948206621969,4.894947717056929
7984.0,0.0170289999999813,4.946655405987694,4.87771247350006,0.0038177587850411025,-0.0038177587850411025,0,4.912183939743877,4.912182456086757
7993.0,0.015747000000001152,4.894948206621969,4.826005274134335,0.0035303451516890405,-0.0035303451516890405,0,4.860476740378152,4.86047545820363
8002.0,0.021729000000041562,4.981126872231511,4.860476740378152,0.004871459312960708,-0.004871459312960708,0,4.920801806304832,4.920799394638364
8012.0,0.027159999999964317,5.394784467157311,5.394784467157311,0.006089043901679136,-0.006089043901679136,0,5.394784467157311,5.394781030836505
8021.0,0.013611000000002954,4.9294196728657855,4.894948206621969,0.0030514718904963768,-0.0030514718904963768,0,4.912183939743877,4.912182991938099
8030.0,0.026367000000009348,4.894948206621969,4.860476740378152,0.005911259961555288,-0.005911259961555288,0,4.87771247350006,4.877708891555415
8039.0,0.006836000000007575,4.860476740378152,4.912183939743877,0.0015325737891008608,-0.0015325737891008608,0,4.886330340061015,4.88633009971214
8048.0,-0.0035090000000073795,4.912183939743877,4.9294196728657855,-0.0007866883303043112,0.0007866883303043112,0,4.920801806304832,4.9208017434207285
8058.0,-0.0295409999999898,5.394784467157311,5.429255933401127,-0.006622844105290043,0.006622844105290043,0,5.412020200279219,5.412016147960674
8067.0,-0.02316300000001205,4.9294196728657855,4.946655405987694,-0.005192950069766292,0.005192950069766292,0,4.938037539426739,4.93803480890981
8076.0,-0.020355000000002982,4.894948206621969,4.9294196728657855,-0.004563420052240788,0.004563420052240788,0,4.912183939743877,4.912181820009994
8085.0,-0.017303999999974538,4.87771247350006,4.946655405987694,-0.0038794114755021777,0.0038794114755021777,0,4.912183939743877,4.912182407780934
8094.0,-0.033813000000037084,4.826005274134335,4.894948206621969,-0.007580590627686779,0.007580590627686779,0,4.860476740378152,4.8604708285979825
8103.0,-0.044861000000007374,4.860476740378152,4.998362605353419,-0.010057459443064487,0.010057459443064487,0,4.9294196728657855,4.929409410809484
8113.0,-0.03604099999994105,5.429255933401127,5.498198865888761,-0.008080089516213074,0.008080089516213074,0,5.463727399644944,5.46372142475513
8122.0,-0.03756800000005026,4.8432410072562435,4.946655405987694,-0.008422430092006198,0.008422430092006198,0,4.894948206621969,4.894940959856072
8131.0,-0.03573599999998186,4.9294196728657855,4.912183939743877,-0.008011711077709168,0.008011711077709168,0,4.920801806304832,4.920795284239304
8140.0,-0.011321999999985016,4.8432410072562435,4.860476740378152,-0.0025382973142419186,0.0025382973142419186,0,4.851858873817198,4.851858209847735
8149.0,-0.004974000000024107,4.9294196728657855,4.894948206621969,-0.001115129026772408,0.001115129026772408,0,4.912183939743877,4.912183813167998
8159.0,0.0031740000000313436,5.412020200279219,5.394784467157311,0.0007115841437461642,-0.0007115841437461642,0,5.403402333718265,5.403402286863223
8168.0,0.00555399999997654,4.9294196728657855,4.894948206621969,0.0012451601557373897,-0.0012451601557373897,0,4.912183939743877,4.912183781927839
8177.0,0.022979999999975468,4.9294196728657855,4.894948206621969,0.005151923006650258,-0.005151923006650258,0,4.912183939743877,4.912181238031577
8186.0,0.03927600000003548,4.912183939743877,4.826005274134335,0.008805349347675993,-0.008805349347675993,0,4.869094606939106,4.869086644467059
8195.0,0.032867000000011484,4.963891139109602,4.894948206621969,0.007368505372489728,-0.007368505372489728,0,4.9294196728657855,4.929414165378162
8204.0,0.023925999999950178,4.912183939743877,4.87771247350006,0.005364008261835899,-0.005364008261835899,0,4.894948206621969,4.8949452675801
8214.0,0.03961200000004091,5.549906065254485,5.446491666523036,0.008880677725842412,-0.008880677725842412,0,5.49819886588876,5.498191693243667
8223.0,0.029021999999998674,4.912183939743877,4.8432410072562435,0.006506488664018997,-0.006506488664018997,0,4.87771247350006,4.877708133714462
8232.0,0.015319999999966681,4.912183939743877,4.9294196728657855,0.0034346153377630352,-0.0034346153377630352,0,4.920801806304832,4.920800607657248
8241.0,0.017151000000005686,4.9294196728657855,4.912183939743877,0.0038451101604517926,-0.0038451101604517926,0,4.920801806304832,4.92080030401808
8250.0,0.011719000000002646,4.87771247350006,4.87771247350006,0.0026273013801136834,-0.0026273013801136834,0,4.87771247350006,4.877711765923396
8259.0,0.007507000000039934,4.963891139109602,4.946655405987694,0.0016830063538368367,-0.0016830063538368367,0,4.955273272548649,4.9552729867401215
8269.0,-0.024597000000033425,5.394784467157311,5.463727399644944,-0.005514440826583284,0.005514440826583284,0,5.429255933401127,5.4292531328092615
8278.0,-0.01272599999998955,4.946655405987694,4.912183939743877,-0.0028530623230046707,0.0028530623230046707,0,4.9294196728657855,4.929418847204487
8287.0,-0.012664999999977356,4.8432410072562435,4.87771247350006,-0.002839386635299326,0.002839386635299326,0,4.860476740378152,4.86047591101344
8296.0,-0.014313000000030666,4.894948206621969,4.946655405987694,-0.0032088543948834572,0.0032088543948834572,0,4.920801806304832,4.92080076002946
8305.0,-0.015471999999957024,4.912183939743877,4.912183939743877,-0.0034686924612165565,0.0034686924612165565,0,4.912183939743877,4.912182715052066
8314.0,-0.012970000000038328,4.87771247350006,4.9294196728657855,-0.00290776507382605,0.00290776507382605,0,4.9035660731829225,4.903565211021547
8324.0,0.0020449999999691613,5.498198865888761,5.446491666523036,0.00045847182543307856,-0.00045847182543307856,0,5.472345266205899,5.472345247000138
8333.0,-0.0007019999999768223,4.860476740378152,4.894948206621969,-0.00015738250437567154,0.00015738250437567154,0,4.87771247350006,4.877712470961004
8342.0,0.026061999999999263,5.0155983384753275,4.87771247350006,0.005842881523039972,-0.005842881523039972,0,4.946655405987694,4.946651954578742
8351.0,0.035858000000057136,4.9294196728657855,4.860476740378152,0.008039062453131266,-0.008039062453131266,0,4.894948206621969,4.894941604958699
8360.0,0.04104599999996051,4.963891139109602,4.894948206621969,0.009202168482636587,-0.009202168482636587,0,4.9294196728657855,4.929411083231483
8369.0,0.0361329999999486,4.912183939743877,4.87771247350006,0.008100715143569524,-0.008100715143569524,0,4.894948206621969,4.894941503561806
8378.0,0.04141200000003368,4.946655405987694,4.912183939743877,0.009284222608868657,-0.009284222608868657,0,4.9294196728657855,4.9294109296850825
8388.0,0.028899999999974283,5.498198865888761,5.429255933401127,0.006479137288608308,-0.006479137288608308,0,5.463727399644944,5.463723557867737
8397.0,0.011841000000027033,4.860476740378152,4.912183939743877,0.002654652755524373,-0.002654652755524373,0,4.886330340061015,4.886329618929153
8406.0,-0.010283999999951872,4.981126872231511,4.894948206621969,-0.002305586431688418,0.002305586431688418,0,4.938037539426739,4.938037001142789
8415.0,-0.011688000000058181,4.8432410072562435,4.87771247350006,-0.002620351440473988,0.002620351440473988,0,4.860476740378152,4.860476034035247
8424.0,-0.011382999999997211,4.894948206621969,4.894948206621969,-0.0025519730019472634,0.0025519730019472634,0,4.894948206621969,4.894947541388691
8434.0,-0.020263999999973945,5.412020200279219,5.480963132766853,-0.004543018616481203,0.004543018616481203,0,5.446491666523036,5.446489771740539
8443.0,-0.016571000000002365,4.860476740378152,4.912183939743877,-0.0037150790314754017,0.0037150790314754017,0,4.886330340061015,4.886328927734007
8452.0,-0.0327460000000165,4.860476740378152,4.9294196728657855,-0.007341378188687311,0.007341378188687311,0,4.894948206621969,4.89494270110756
8461.0,-0.034483999999967666,4.8432410072562435,4.9294196728657855,-0.007731023192399937,0.007731023192399937,0,4.886330340061015,4.886324223686215
8470.0,-0.033387000000032016,4.894948206621969,4.946655405987694,-0.007485085005369047,0.007485085005369047,0,4.920801806304832,4.920796113335566
8480.0,-0.03723100000001543,5.412020200279219,5.463727399644944,-0.008346877522231505,0.008346877522231505,0,5.437873799962082,5.437867393798692
8489.0,-0.03420999999995294,4.912183939743877,4.963891139109602,-0.007669594693535726,0.007669594693535726,0,4.938037539426739,4.938031583195311
8498.0,-0.031342000000011964,4.826005274134335,4.946655405987694,-0.00702661317992456,0.00702661317992456,0,4.886330340061015,4.886325287113392
8507.0,-0.029265999999996562,4.894948206621969,4.9294196728657855,-0.006561191414828968,0.006561191414828968,0,4.912183939743877,4.91217955781257
8516.0,-0.01883000000005435,4.912183939743877,4.9294196728657855,-0.004221527859687028,0.004221527859687028,0,4.920801806304832,4.920799995487917
8525.0,-0.01016199999997837,4.87771247350006,4.9294196728657855,-0.0022782350562891374,0.0022782350562891374,0,4.9035660731829225,4.903565543925405
8534.0,-0.0035399999999518425,4.9294196728657855,4.912183939743877,-0.0007936382699440069,0.0007936382699440069,0,4.920801806304832,4.9208017423047306
8544.0,-0.013061000000016474,5.394784467157311,5.412020200279219,-0.0029281665095742264,0.0029281665095742264,0,5.403402333718265,5.403401540312695
8553.0,-0.021453999999997433,4.894948206621969,4.912183939743877,-0.004809806622488225,0.004809806622488225,0,4.9035660731829225,4.903563714257382
8562.0,-0.01950099999998493,4.860476740378152,4.87771247350006,-0.004371960424400186,0.004371960424400186,0,4.869094606939106,4.869092644142343
8571.0,-0.005919999999998818,4.894948206621969,4.894948206621969,-0.0013272142819580502,0.0013272142819580502,0,4.894948206621969,4.8949480266918055
8581.0,0.006407999999943705,5.429255933401127,5.412020200279219,0.0014366197835665826,-0.0014366197835665826,0,5.420638066840173,5.4206378764676115
8590.0,-0.009917999999980482,4.808769541012427,4.946655405987694,-0.0022235323054791666,0.0022235323054791666,0,4.87771247350006,4.877711966594099
8599.0,-0.02725200000002275,4.894948206621969,4.9294196728657855,-0.006109669529046994,0.006109669529046994,0,4.912183939743877,4.912180140163235
8608.0,-0.0549929999999689,4.826005274134335,4.912183939743877,-0.012328968751299385,0.012328968751299385,0,4.869094606939106,4.869078996783983
8617.0,-0.032074000000005626,4.9294196728657855,4.9294196728657855,-0.007190721432354471,0.007190721432354471,0,4.9294196728657855,4.9294144281924135
8626.0,-0.019989000000031596,4.860476740378152,4.946655405987694,-0.004481365926031536,0.004481365926031536,0,4.9035660731829225,4.903564025267332
8636.0,0.0032659999999880007,5.480963132766853,5.446491666523036,0.0007322097710912047,-0.0007322097710912047,0,5.463727399644944,5.46372735058169
8645.0,0.006530000000018982,4.894948206621969,4.860476740378152,0.001463971158988681,-0.001463971158988681,0,4.87771247350006,4.877712253803001
8654.0,0.008240000000012107,4.87771247350006,4.860476740378152,0.0018473387978636127,-0.0018473387978636127,0,4.869094606939106,4.86909425649706
8663.0,0.014404000000008814,4.894948206621969,4.894948206621969,0.0032292558306316332,-0.0032292558306316332,0,4.894948206621969,4.894947141432985
8672.0,0.005555000000005939,4.87771247350006,4.87771247350006,0.0012453843473456629,-0.0012453843473456629,0,4.87771247350006,4.877712314513435
8682.0,0.002043999999990652,5.463727399644944,5.394784467157311,0.0004582476338362144,-0.0004582476338362144,0,5.429255933401127,5.429255914061519
8691.0,-0.007659999999957897,4.791533807890519,4.894948206621969,-0.0017173076688758132,0.0017173076688758132,0,4.843241007256244,4.843240702761637
8700.0,-0.023529000000085214,4.860476740378152,4.8432410072562435,-0.0052750041959983614,0.0052750041959983614,0,4.851858873817198,4.851856006284041
8710.0,-0.024840999999980424,5.377548734035402,5.377548734035402,-0.005569143577381846,0.005569143577381846,0,5.377548734035402,5.377545850255378
8719.0,-0.009307999999960319,4.8432410072562435,4.826005274134335,-0.0020867754284485357,0.0020867754284485357,0,4.834623140695289,4.834622690334962
8728.0,0.02477999999996823,4.808769541012427,4.860476740378152,0.0055554678896765014,-0.0055554678896765014,0,4.834623140695289,4.834619948711693
8737.0,-0.013854999999949954,4.8432410072562435,4.8432410072562435,-0.0031061746412949383,0.0031061746412949383,0,4.8432410072562435,4.843240011196177
8747.0,-0.04296800000007944,5.360313000913494,5.446491666523036,-0.009633064741096339,0.009633064741096339,0,5.403402333718265,5.403393746386545
8756.0,-0.032806999999977805,4.8432410072562435,4.9294196728657855,-0.007355053876381247,0.007355053876381247,0,4.886330340061015,4.886324804113907
8765.0,-0.027984000000016416,4.894948206621969,4.9294196728657855,-0.006273777781476905,0.006273777781476905,0,4.912183939743877,4.912179933305542
8774.0,-0.02774099999994615,4.8432410072562435,4.894948206621969,-0.00621929922225239,0.00621929922225239,0,4.869094606939106,4.869090634873544
8783.0,-0.004760999999970682,4.912183939743877,4.912183939743877,-0.001067376215602133,0.001067376215602133,0,4.912183939743877,4.912183823777949
8793.0,-0.007507000000039934,5.360313000913494,5.429255933401127,-0.0016830063538368367,0.0016830063538368367,0,5.394784467157311,5.394784204623575
8802.0,-0.005066000000031654,4.860476740378152,4.894948206621969,-0.0011357546541288573,0.0011357546541288573,0,4.87771247350006,4.877712341270588
8811.0,-0.028167999999980618,4.8432410072562435,4.87771247350006,-0.006315029036178395,0.006315029036178395,0,4.860476740378152,4.860472637895531
8820.0,-0.03826899999999769,4.826005274134335,4.860476740378152,-0.008579588404773597,0.008579588404773597,0,4.8432410072562435,4.843233407996155
8830.0,-0.018004999999972852,5.412020200279219,5.446491666523036,-0.004036569788280985,0.004036569788280985,0,5.429255933401127,5.42925443282229
8839.0,-0.02114900000003824,4.826005274134335,4.8432410072562435,-0.004741428183984318,0.004741428183984318,0,4.834623140695289,4.834620815674725
8848.0,-0.019408999999977385,4.87771247350006,4.860476740378152,-0.004351334797043737,0.004351334797043737,0,4.869094606939106,4.869092662618446
8858.0,0.027466000000003796,5.412020200279219,5.308605801547769,0.006157646531802724,-0.006157646531802724,0,5.360313000913494,5.360309463797119
8867.0,0.063353999999976,4.912183939743877,4.791533807890519,0.014203434732965413,-0.014203434732965413,0,4.851858873817198,4.851838081018302
8876.0,0.06042500000002283,4.912183939743877,4.826005274134335,0.013546777531648901,-0.013546777531648901,0,4.869094606939106,4.86907576067471
8885.0,0.03405800000001349,4.894948206621969,4.826005274134335,0.007635517570093614,-0.007635517570093614,0,4.860476740378152,4.860470742617398
8894.0,0.048858999999989036,4.981126872231511,4.826005274134335,0.010953777466585603,-0.010953777466585603,0,4.9035660731829225,4.90355383567911
8904.0,0.05578600000002565,5.412020200279219,5.360313000913494,0.01250675269144605,-0.01250675269144605,0,5.386166600596356,5.386152079894915
8913.0,0.043791999999978876,4.912183939743877,4.87771247350006,0.009817798620859882,-0.009817798620859882,0,4.894948206621969,4.894938360749252
8922.0,0.013305999999992872,4.8432410072562435,4.826005274134335,0.002983093451981061,-0.002983093451981061,0,4.834623140695289,4.834622220367891
8931.0,0.0006710000000323593,4.860476740378152,4.860476740378152,0.00015043256473597588,-0.00015043256473597588,0,4.860476740378152,4.860476738050195
8941.0,-0.0015560000000457643,5.360313000913494,5.463727399644944,-0.000348842132227682,0.000348842132227682,0,5.412020200279219,5.412020189035549
8950.0,-0.04437299999996071,4.808769541012427,4.894948206621969,-0.009948053941433136,0.009948053941433136,0,4.851858873817198,4.85184867450249
8959.0,-0.07067800000003024,4.860476740378152,4.946655405987694,-0.015845414023697626,0.015845414023697626,0,4.9035660731829225,4.903540469921575
8969.0,-0.06494199999999563,5.274134335303953,5.412020200279219,-0.014559450996441065,0.014559450996441065,0,5.343077267791585,5.343057427939029
8978.0,-0.05200200000002503,4.860476740378152,4.9294196728657855,-0.011658411670680663,0.011658411670680663,0,4.894948206621969,4.894934322437754
8987.0,-0.049742999999973045,4.791533807890519,4.912183939743877,-0.011151962842469037,0.011151962842469037,0,4.851858873817198,4.851846055533123
8996.0,-0.01870799999997907,4.87771247350006,4.8432410072562435,-0.004194176484264929,0.004194176484264929,0,4.860476740378152,4.860474930748284
9006.0,-0.0014640000000382182,5.394784467157311,5.429255933401127,-0.0003282165048712326,0.0003282165048712326,0,5.412020200279219,5.412020190326636
9015.0,-0.002533000000015827,4.894948206621969,4.860476740378152,-0.0005678773270644287,0.0005678773270644287,0,4.87771247350006,4.877712440442691
9024.0,0.03045600000002005,4.963891139109602,4.8432410072562435,0.00682797942083599,-0.00682797942083599,0,4.9035660731829225,4.903561318654132
9033.0,0.05020200000003226,4.912183939743877,4.826005274134335,0.01125486678765442,-0.01125486678765442,0,4.869094606939106,4.869081598212655
9042.0,0.05136099999995862,4.963891139109602,4.860476740378152,0.011514704853987518,-0.011514704853987518,0,4.912183939743877,4.9121704424303
9052.0,0.06622299999999726,5.463727399644944,5.343077267791585,0.014846640438196262,-0.014846640438196262,0,5.403402333718265,5.403381934630169
9061.0,0.0632320000000025,4.963891139109602,4.826005274134335,0.014176083357566132,-0.014176083357566132,0,4.894948206621969,4.894927675255902
9070.0,0.06381299999998433,4.9294196728657855,4.826005274134335,0.014306338678139387,-0.014306338678139387,0,4.87771247350006,4.877691491020198
9079.0,0.05841000000007051,4.912183939743877,4.87771247350006,0.013095031454270064,-0.013095031454270064,0,4.894948206621969,4.894930690496451
9088.0,0.03005999999998093,4.894948206621969,4.860476740378152,0.0067391995465610885,-0.0067391995465610885,0,4.87771247350006,4.87770781790455
9098.0,-0.021453999999997433,5.377548734035402,5.446491666523036,-0.004809806622488225,0.004809806622488225,0,5.412020200279219,5.412018062892091
9107.0,-0.056122000000031085,4.826005274134335,4.912183939743877,-0.01258208106961247,0.01258208106961247,0,4.869094606939106,4.869078349258521
9116.0,-0.07650700000000002,4.757062341646702,4.946655405987694,-0.01715222686989609,0.01715222686989609,0,4.851858873817198,4.851828544361933
9125.0,-0.07757600000002851,4.860476740378152,4.946655405987694,-0.017391887692100694,0.017391887692100694,0,4.9035660731829225,4.903535228461322
9135.0,-0.07525599999996434,5.308605801547769,5.480963132766853,-0.016871763176183722,0.016871763176183722,0,5.394784467157311,5.394758078062338
9144.0,-0.045716000000003934,4.8432410072562435,4.9294196728657855,-0.010249143262501953,0.010249143262501953,0,4.886330340061015,4.88631959040301
9153.0,-0.017119999999959445,4.912183939743877,4.894948206621969,-0.003838160220789279,0.003838160220789279,0,4.9035660731829225,4.90356457106055
9162.0,-0.003876000000008166,4.87771247350006,4.8432410072562435,-0.0008689666481218357,0.0008689666481218357,0,4.860476740378152,4.8604766626993
9171.0,0.025298999999959357,4.981126872231511,4.87771247350006,0.005671823330947547,-0.005671823330947547,0,4.9294196728657855,4.92941640949098
9181.0,0.048706000000020185,5.429255933401127,5.343077267791585,0.010919476151535218,-0.010919476151535218,0,5.386166600596356,5.386155531293074
9190.0,0.06094400000001396,4.963891139109602,4.826005274134335,0.013663132972919947,-0.013663132972919947,0,4.894948206621969,4.894929134188255
9199.0,0.07287599999996826,4.946655405987694,4.774298074768611,0.01633818716418109,-0.01633818716418109,0,4.860476740378152,4.860449272081215
9208.0,0.07604999999999959,4.946655405987694,4.87771247350006,0.01704977130792725,-0.01704977130792725,0,4.912183939743877,4.912154349403394
9217.0,0.07217399999999143,4.963891139109602,4.8432410072562435,0.016180804659805415,-0.016180804659805415,0,4.9035660731829225,4.903539372621873
9227.0,0.06173700000001982,5.480963132766853,5.308605801547769,0.013840916913055204,-0.013840916913055204,0,5.394784467157311,5.39476670751065
9236.0,0.05993599999999766,4.981126872231511,4.87771247350006,0.013437147838420687,-0.013437147838420687,0,4.9294196728657855,4.929401356733669
9245.0,0.040131000000032044,4.8432410072562435,4.826005274134335,0.008997033167113458,-0.008997033167113458,0,4.834623140695289,4.834614769137631
9254.0,0.014709999999997406,4.963891139109602,4.826005274134335,0.003297858460743813,-0.003297858460743813,0,4.894948206621969,4.894947095473886
9264.0,0.022521999999945645,5.446491666523036,5.377548734035402,0.005049243253073148,-0.005049243253073148,0,5.412020200279219,5.412017844793263
9273.0,0.03723100000001543,4.894948206621969,4.87771247350006,0.008346877522231505,-0.008346877522231505,0,4.886330340061015,4.8863232109453225
9282.0,0.03173800000005108,4.912183939743877,4.860476740378152,0.00711539305419946,-0.00711539305419946,0,4.886330340061015,4.886325159265649
9291.0,0.033447999999942434,4.894948206621969,4.826005274134335,0.007498760693051575,-0.007498760693051575,0,4.860476740378152,4.860470955540258
9300.0,0.05761700000001376,5.032834071597236,4.791533807890519,0.012917247514123398,-0.012917247514123398,0,4.912183939743878,4.912166945761648
9310.0,0.14038100000004744,5.618848997742119,5.256898602182044,0.03147224123575223,-0.03147224123575223,0,5.437873799962082,5.4377826269002565
9319.0,0.19979799999995218,5.1362484703286855,4.636412209793344,0.04479303363287906,-0.04479303363287906,0,4.886330340061015,4.886124505648155
9328.0,0.2792660000000319,5.205191402816319,4.532997811061894,0.06260909183537385,-0.06260909183537385,0,4.869094606939107,4.868690202728933
9337.0,0.3484810000000024,5.239662869060136,4.532997811061894,0.07812651354579711,-0.07812651354579711,0,4.886330340061015,4.885702606413744
9346.0,0.4481499999999851,5.463727399644944,4.429583412330444,0.10047146629385122,-0.10047146629385122,0,4.946655405987694,4.945624133559846
9355.0,0.5426329999999705,5.480963132766853,4.395111946086627,0.12165376139558232,-0.12165376139558232,0,4.938037539426739,4.936521401143378
9364.0,0.5957650000000363,5.601613264620211,4.291697547355177,0.13356550957617294,-0.13356550957617294,0,4.946655405987694,4.944821110796633
9373.0,0.6521599999999509,5.722263396473569,4.2572260811113605,0.14620879495301853,-0.14620879495301853,0,4.989744738792465,4.987557027955075
9382.0,0.7653510000000172,5.8084420620831105,4.188283148623727,0.17158526653903738,-0.17158526653903738,0,4.998362605353419,4.995341084207217
9391.0,0.8606869999999912,5.980799393302195,4.119340216136093,0.1929587970770008,-0.1929587970770008,0,5.0500698047191435,5.046258719152709
9400.0,0.9748840000000151,6.1014495251555525,3.981454351160827,0.2185608054143024,-0.2185608054143024,0,5.04145193815819,5.036503849787474
9409.0,1.0787960000000067,6.1876281907650945,3.94698288491701,0.24185700312829586,-0.24185700312829586,0,5.067305537841053,5.061250232827234
9418.0,1.1943969999999842,6.342749788862269,3.8608042193074685,0.26777377647434875,-0.26777377647434875,0,5.101777004084869,5.094328292804841
9427.0,1.309875999999988,6.601285785690894,3.7056826212102933,0.2936631984450024,-0.2936631984450024,0,5.153484203450594,5.144432384207716
9436.0,1.4435730000000182,6.584050052568986,3.550561023113118,0.32363694301510726,-0.32363694301510726,0,5.067305537841052,5.05600634989668
9445.0,1.601317999999972,6.721935917544253,3.378203691894035,0.35900204722244733,-0.35900204722244733,0,5.050069804719144,5.035828917194164
9453.0,1.5208130000000413,6.084213792033644,2.9645460969682347,0.34095350232904154,-0.34095350232904154,0,4.524379944500939,4.509907387056471
9462.0,1.78417999999998,7.014943380616694,3.2058463606749514,0.39999817188925,-0.39999817188925,0,5.110394870645823,5.092373403778982
9471.0,1.9613030000000176,7.0666505799824195,2.9128388976025095,0.43970766095400554,-0.43970766095400554,0,4.9897447387924645,4.966608863542958
9480.0,2.1012270000000135,7.118357779348145,2.8094244988710595,0.47107744662777756,-0.47107744662777756,0,4.963891139109602,4.936782530990839
9489.0,2.2187499999999574,7.187300711835778,2.6715386338957927,0.497425116232256,-0.497425116232256,0,4.9294196728657855,4.898274646386604
9499.0,2.5811770000000407,8.031851634809287,2.7577172995053347,0.5786782058551304,-0.5786782058551304,0,5.3947844671573115,5.355011448811829
9508.0,2.4302980000000094,7.411365242420587,2.326823971457626,0.5448524011849226,-0.5448524011849226,0,4.869094606939107,4.828479829114833
9517.0,2.5463559999999874,7.497543908030129,2.292352505213809,0.5708716300929444,-0.5708716300929444,0,4.894948206621969,4.850159141219072
9526.0,2.6655879999999965,7.497543908030129,2.1027594408728176,0.5976024431447123,-0.5976024431447123,0,4.800151674451473,4.748250753097672
9536.0,3.030883999999999,8.342094831003637,2.223409572726176,0.6794987384727947,-0.6794987384727947,0,5.2827522018649065,5.220442985127615
9545.0,2.7554320000000354,7.463072441786312,1.9648735758975509,0.6177447134062519,-0.6177447134062519,0,4.713973008841931,4.656027766845089
9555.0,3.098907999999968,8.342094831003637,2.1372309071166344,0.6947491479856142,-0.6947491479856142,0,5.239662869060136,5.172926006565664
9565.0,3.131743999999984,8.238680432272186,2.2061738396042676,0.7021107034184527,-0.7021107034184527,0,5.2224271359382275,5.155602338477328
9574.0,2.6730040000000073,7.411365242420587,1.9821093090194593,0.5992650480627896,-0.5992650480627896,0,4.696737275720023,4.642273749671116
9584.0,2.948821999999993,7.911201502955929,2.4647098364328928,0.661101127255553,-0.661101127255553,0,5.187955669694411,5.132142213501908
9593.0,2.426850000000014,6.96323618125097,2.4130026370671676,0.5440793885423236,-0.5440793885423236,0,4.688119409159069,4.647992276816714
9603.0,2.481231000000006,7.566486840517761,2.930074630724418,0.5562711520333987,-0.5562711520333987,0,5.24828073562109,5.212389101020212
9612.0,2.0668949999999855,6.704700184422345,2.7404815663834263,0.4633805005588197,-0.4633805005588197,0,4.722590875402886,4.695435389307166
9622.0,2.1933899999999857,7.411365242420587,3.22308209379686,0.4917396172136031,-0.4917396172136031,0,5.317223668108723,5.290659107147444
9631.0,1.8794549999999928,6.670228718178528,2.9990175632120515,0.42135802673951955,-0.42135802673951955,0,4.83462314069529,4.813404206420817
9640.0,1.8359990000000193,6.584050052568986,3.0162532963339594,0.4116155564968261,-0.4116155564968261,0,4.800151674451473,4.779887498802026
9650.0,1.929442999999993,7.2734793774453195,3.6022682224788434,0.4325649165244068,-0.4325649165244068,0,5.437873799962081,5.418612520084488
9659.0,1.6652530000000316,6.411692721349903,3.32649649252831,0.3733357372760088,-0.3733357372760088,0,4.869094606939107,4.853296776665678
9668.0,1.5612489999999308,6.325514055740361,3.4643823575035766,0.35001891393463613,-0.35001891393463613,0,4.894948206621969,4.881343469574184
9677.0,1.4293520000000968,6.23933539013082,3.585032489356935,0.3204487142476031,-0.3204487142476031,0,4.912183939743877,4.9009593318175035
9686.0,1.298583999999918,6.084213792033644,3.653975421844568,0.2911316268787919,-0.2911316268787919,0,4.869094606939106,4.859846353945995
9696.0,1.3104550000000637,6.566814319447078,4.239990347989452,0.29379300538239334,-0.29379300538239334,0,5.403402333718265,5.3950502070174515
9705.0,1.0635069999999336,5.929092193936469,3.9125114186731933,0.23842933773016112,-0.23842933773016112,0,4.920801806304832,4.914785293917768
9714.0,0.9840390000000064,5.842913528326927,3.998690084282735,0.22061327952770055,-0.22061327952770055,0,4.920801806304831,4.915685627646652
9723.0,0.9295660000000072,5.773970595839295,4.015925817404644,0.20840089040926907,-0.20840089040926907,0,4.894948206621969,4.890371359567174
9732.0,0.8537900000000224,5.773970595839295,4.119340216136093,0.191412547600206,-0.191412547600206,0,4.946655405987694,4.942850348236108
9741.0,0.8114010000000186,5.670556197107844,4.1710474155018185,0.18190928979650062,-0.18190928979650062,0,4.920801806304832,4.917363486877871
9751.0,0.8485419999999835,6.23933539013082,4.67088367603716,0.1902359900745694,-0.1902359900745694,0,5.45510953308399,5.451725900888187
9760.0,0.7181090000000352,5.618848997742119,4.239990347989452,0.1609940068923734,-0.1609940068923734,0,4.9294196728657855,4.926740562694716
9769.0,0.6639099999999998,5.549906065254485,4.308933280477085,0.1488430462727947,-0.1488430462727947,0,4.9294196728657855,4.927138036269653
9778.0,0.632872999999947,5.463727399644944,4.326169013598993,0.14188481153137406,-0.14188481153137406,0,4.894948206621969,4.892865131427882
9787.0,0.5751340000000615,5.498198865888761,4.326169013598993,0.12894021264187422,-0.12894021264187422,0,4.912183939743877,4.910468178954975
9796.0,0.5475769999999778,5.394784467157311,4.36064047984281,0.12276216467430048,-0.12276216467430048,0,4.87771247350006,4.876150862655038
9806.0,0.5811769999999614,5.980799393302195,4.894948206621969,0.130295002490817,-0.130295002490817,0,5.437873799962082,5.436297819327571
9815.0,0.49600200000003813,5.360313000913494,4.412347679208535,0.11119948281755725,-0.11119948281755725,0,4.886330340061015,4.885053543298239
9824.0,0.4681699999999612,5.274134335303953,4.46405487857426,0.10495978215952245,-0.10495978215952245,0,4.869094606939107,4.867955861303344
9833.0,0.4335030000000078,5.308605801547769,4.446819145452352,0.09718773190401789,-0.09718773190401789,0,4.87771247350006,4.876736934247129
9842.0,0.3925779999999914,5.256898602182044,4.532997811061894,0.0880126906051723,-0.0880126906051723,0,4.894948206621969,4.894152806966847
9852.0,0.4183960000000437,5.8084420620831105,5.0155983384753275,0.09380086937741372,-0.09380086937741372,0,5.412020200279219,5.411203128430229
9861.0,0.3423769999999885,5.2224271359382275,4.56746927730571,0.07675804800912615,-0.07675804800912615,0,4.894948206621969,4.894343790508114
9870.0,0.31970200000002313,5.153484203450594,4.515762077939986,0.07167450344099122,-0.07167450344099122,0,4.83462314069529,4.834089613128299
9879.0,0.3095699999999598,5.187955669694411,4.601940743549527,0.0694029941327335,-0.0694029941327335,0,4.894948206621969,4.894454498142347
9889.0,0.3253779999999732,5.687791930229753,5.08454127096296,0.07294701497212788,-0.07294701497212788,0,5.386166600596356,5.385671140505838
9898.0,0.27496400000001864,5.119012737206777,4.619176476671435,0.061644619564934285,-0.061644619564934285,0,4.869094606939106,4.8687034014764965
9907.0,0.25717100000001897,5.1362484703286855,4.601940743549527,0.05765557839620389,-0.05765557839620389,0,4.869094606939106,4.8687522591885335
9916.0,0.24493400000000368,5.0500698047191435,4.67088367603716,0.05491214576641602,-0.05491214576641602,0,4.860476740378152,4.860166107528334
9926.0,0.255432999999966,5.636084730864027,5.119012737206777,0.057265933392468445,-0.057265933392468445,0,5.377548734035402,5.377243139236283
9935.0,0.20016400000002535,4.998362605353419,4.653647942915252,0.04487508775911112,-0.04487508775911112,0,4.826005274134335,4.825796383584715
9944.0,0.18362499999999685,4.998362605353419,4.688119409159069,0.04116718285888369,-0.04116718285888369,0,4.843241007256244,4.843065878160443
9954.0,0.18615700000003416,5.567141798376394,5.205191402816319,0.04173483599435125,-0.04173483599435125,0,5.386166600596356,5.386004733507523
9963.0,0.14895599999998468,4.946655405987694,4.722590875402886,0.033394684220162583,-0.033394684220162583,0,4.83462314069529,4.834507747619519
9972.0,0.12637400000000537,5.032834071597236,4.722590875402886,0.028331989470980954,-0.028331989470980954,0,4.877712473500061,4.877630109702316
9981.0,0.12454199999993695,4.946655405987694,4.722590875402886,0.02792127045668392,-0.02792127045668392,0,4.83462314069529,4.834542472914904
9991.0,0.13769500000001186,5.532670332132577,5.29137006842586,0.030870062593626006,-0.030870062593626006,0,5.412020200279219,5.411932117526167
10000.0,0.10794100000007043,4.981126872231511,4.757062341646702,0.024199465677188507,-0.024199465677188507,0,4.869094606939107,4.869034440368557
10009.0,0.1013789999999249,4.946655405987694,4.739826608524794,0.02272832038691763,-0.02272832038691763,0,4.843241007256244,4.843187654179539
10018.0,0.10376000000005217,4.998362605353419,4.791533807890519,0.023262120590551355,-0.023262120590551355,0,4.894948206621969,4.89489290892773
10028.0,0.13232399999997013,5.498198865888761,5.274134335303953,0.029665929500981833,-0.029665929500981833,0,5.386166600596357,5.386084870092933
10037.0,0.09643600000004882,5.0155983384753275,4.739826608524794,0.021620141299830555,-0.021620141299830555,0,4.877712473500061,4.877664520958838
10046.0,0.09637399999995634,4.963891139109602,4.791533807890519,0.021606241420505528,-0.021606241420505528,0,4.877712473500061,4.877664605923208
10055.0,0.10586599999998264,4.9294196728657855,4.774298074768611,0.02373426810367837,-0.02373426810367837,0,4.851858873817198,4.851800808510544
10065.0,0.12020800000005163,5.532670332132577,5.29137006842586,0.026949624055019203,-0.026949624055019203,0,5.412020200279219,5.411953069172128
10074.0,0.10797199999996399,4.9294196728657855,4.739826608524794,0.024206415616816794,-0.024206415616816794,0,4.83462314069529,4.8345625191262975
10083.0,0.09783900000002395,4.963891139109602,4.757062341646702,0.021934682116985033,-0.021934682116985033,0,4.860476740378152,4.860427224575524
10092.0,0.09973099999997337,4.912183939743877,4.774298074768611,0.022358852627356318,-0.022358852627356318,0,4.843241007256244,4.8431893877302326
10102.0,0.10992500000002739,5.5154345990106695,5.29137006842586,0.02464426181491624,-0.02464426181491624,0,5.403402333718265,5.403346110684939
10111.0,0.07855199999996917,4.963891139109602,4.791533807890519,0.017610698695329167,-0.017610698695329167,0,4.877712473500061,4.877680672680231
10120.0,0.07043500000001086,4.912183939743877,4.774298074768611,0.01579093546448452,-0.01579093546448452,0,4.843241007256244,4.843215259808488
10129.0,0.0717769999999738,4.946655405987694,4.8432410072562435,0.016091800593933652,-0.016091800593933652,0,4.894948206621969,4.894921753549035
10139.0,0.0676270000000018,5.463727399644944,5.274134335303953,0.015161405446959014,-0.015161405446959014,0,5.3689308674744485,5.368909453665289
10148.0,0.06613099999998971,4.963891139109602,4.826005274134335,0.014826014810839812,-0.014826014810839812,0,4.894948206621969,4.894925749508538
10157.0,0.06601000000004562,4.912183939743877,4.791533807890519,0.014798887627048805,-0.014798887627048805,0,4.851858873817198,4.851836301086568
10166.0,0.07104499999998014,4.963891139109602,4.808769541012427,0.01592769234150374,-0.01592769234150374,0,4.886330340061015,4.88630437443085
10176.0,0.06732199999999171,5.480963132766853,5.325841534669677,0.015093027008443699,-0.015093027008443699,0,5.403402333718265,5.403381250235965
10185.0,0.052765000000064934,4.87771247350006,4.8432410072562435,0.011829469862773088,-0.011829469862773088,0,4.860476740378152,4.860462344928623
10194.0,0.04897999999993314,4.912183939743877,4.8432410072562435,0.010980904650376612,-0.010980904650376612,0,4.87771247350006,4.877700112600177
10203.0,0.04361000000002258,4.894948206621969,4.791533807890519,0.00977699574936353,-0.00977699574936353,0,4.843241007256244,4.843231137806224
10213.0,0.05047599999999611,5.463727399644944,5.343077267791585,0.011316295286507221,-0.011316295286507221,0,5.403402333718265,5.403390482474098
10222.0,0.050018000000017174,4.826005274134335,4.8432410072562435,0.01121361553294152,-0.01121361553294152,0,4.834623140695289,4.83461013605544
10231.0,0.04330499999996161,4.9294196728657855,4.808769541012427,0.009708617310836805,-0.009708617310836805,0,4.869094606939106,4.869084926346842
10241.0,0.03103600000007426,5.429255933401127,5.325841534669677,0.006958010549823789,-0.006958010549823789,0,5.377548734035402,5.3775442321397495
10250.0,0.020690999999957528,4.860476740378152,4.912183939743877,0.0046387484303957996,-0.0046387484303957996,0,4.886330340061015,4.886328138145327
10259.0,0.01110800000000397,4.894948206621969,4.791533807890519,0.0024903203114861883,-0.0024903203114861883,0,4.843241007256244,4.8432403669411155
10268.0,0.010376000000010306,4.8432410072562435,4.8432410072562435,0.0023262120590562766,-0.0023262120590562766,0,4.8432410072562435,4.843240448615697
10278.0,0.021363000000019287,5.446491666523036,5.343077267791585,0.004789405186740048,-0.004789405186740048,0,5.394784467157311,5.394782340983776
10287.0,0.011962999999949644,4.808769541012427,4.8432410072562435,0.0026820041309122454,-0.0026820041309122454,0,4.826005274134335,4.826004528876525
10296.0,0.011169000000016164,4.912183939743877,4.860476740378152,0.002503995999191533,-0.002503995999191533,0,4.886330340061015,4.886329698457825
10305.0,0.016601999999946826,4.860476740378152,4.826005274134335,0.0037220289711150972,-0.0037220289711150972,0,4.8432410072562435,4.843239577049802
10315.0,0.009399000000040243,5.394784467157311,5.412020200279219,0.00210717686421953,-0.00210717686421953,0,5.403402333718265,5.403401922847035
10324.0,0.00021399999998104584,4.87771247350006,4.826005274134335,4.7977002755730274e-05,-4.7977002755730274e-05,0,4.851858873817198,4.8518588735799835
10333.0,0.009826000000023826,4.808769541012427,4.860476740378152,0.0022029066781341262,-0.0022029066781341262,0,4.834623140695289,4.834622638801376
10342.0,0.005614999999988735,4.894948206621969,4.808769541012427,0.0012588358434427345,-0.0012588358434427345,0,4.851858873817198,4.851858710499112
10352.0,0.012818000000047985,5.308605801547769,5.377548734035402,0.0028736879503725287,-0.0028736879503725287,0,5.343077267791585,5.3430764949762235
10361.0,0.008727999999956996,4.860476740378152,4.87771247350006,0.0019567442994721453,-0.0019567442994721453,0,4.869094606939106,4.869094213759254
10370.0,0.0062250000000089,4.8432410072562435,4.757062341646702,0.0013955927204733656,-0.0013955927204733656,0,4.800151674451473,4.800151471558314
10380.0,0.0065920000000096865,5.360313000913494,5.412020200279219,0.0014778710382908902,-0.0014778710382908902,0,5.386166600596356,5.38616639784056
10389.0,-0.007904000000057563,4.8432410072562435,4.8432410072562435,-0.0017720104197086015,0.0017720104197086015,0,4.8432410072562435,4.843240683091019
10398.0,-0.02072099999997437,4.808769541012427,4.826005274134335,-0.00464547417845004,0.00464547417845004,0,4.817387407573381,4.817385167719854
10408.0,-0.008576000000017542,5.412020200279219,5.377548734035402,-0.0019226671760300326,0.0019226671760300326,0,5.394784467157311,5.394784124540616
10417.0,0.005066000000031654,4.791533807890519,4.826005274134335,0.0011357546541288573,-0.0011357546541288573,0,4.808769541012428,4.808769406887144
10426.0,-0.02572599999999383,4.791533807890519,4.946655405987694,-0.005767553144873552,0.005767553144873552,0,4.869094606939107,4.869091190176894
10436.0,-0.13662700000001277,5.343077267791585,5.377548734035402,-0.030630625963029675,0.030630625963029675,0,5.360313000913494,5.360225485317962
10445.0,0.04830900000000256,5.0500698047191435,4.722590875402886,0.010830472085663453,-0.010830472085663453,0,4.886330340061015,4.88631832382945
10454.0,0.2504580000000143,5.239662869060136,4.5502335441838015,0.056150580174110586,-0.056150580174110586,0,4.894948206621969,4.894624578957654
10463.0,0.4069519999999834,5.343077267791585,4.446819145452352,0.0912352206877497,-0.0912352206877497,0,4.894948206621969,4.894091002425022
10472.0,0.5250549999999813,5.5154345990106695,4.343404746720902,0.11771292142121594,-0.11771292142121594,0,4.9294196728657855,4.927994705591183
10481.0,0.6235649999999867,5.584377531498302,4.308933280477085,0.13979803610292554,-0.13979803610292554,0,4.946655405987693,4.944647899513338
10490.0,0.7231140000000038,5.670556197107844,4.205518881745635,0.1621160858587855,-0.1621160858587855,0,4.938037539426739,4.9353189705755955
10499.0,0.7958380000000326,5.825677795205019,4.15381168237991,0.1784201958995245,-0.1784201958995245,0,4.9897447387924645,4.986466312044521
10509.0,0.9745179999999928,6.549578586325169,4.481290611696169,0.21847875128808172,-0.21847875128808172,0,5.5154345990106695,5.510955966984726
10517.0,0.8666680000000022,5.377548734035402,3.6022682224788434,0.1942996870466642,-0.1942996870466642,0,4.489908478257123,4.485540764588712
10526.0,1.063080000000001,6.118685258277461,3.895275685551285,0.2383336079162579,-0.2383336079162579,0,5.006980471914373,5.001026806575749
10535.0,1.145447000000017,6.222099657008911,3.8090970199417433,0.256799597572015,-0.256799597572015,0,5.0155983384753275,5.008638554243603
10544.0,1.2882079999999587,6.325514055740361,3.688446888088385,0.28880541481974703,-0.28880541481974703,0,5.006980471914373,4.99806160003056
10553.0,1.410156000000071,6.515107120081353,3.550561023113118,0.3161451322617068,-0.3161451322617068,0,5.032834071597236,5.0220097113241025
10562.0,1.523742999999973,6.618521518812803,3.5160895568693014,0.34161038372195496,-0.34161038372195496,0,5.067305537841052,5.05466720993094
10571.0,1.6131589999999483,6.65299298505662,3.378203691894035,0.3616566999779603,-0.3616566999779603,0,5.0155983384753275,5.001097331788497
10580.0,1.7133790000000995,6.773643116909978,3.2403178269187682,0.38412518229857906,-0.38412518229857906,0,5.006980471914373,4.990282269169616
10589.0,1.8126219999999753,6.85982178251952,3.136903428187318,0.40637462942429264,-0.40637462942429264,0,4.998362605353419,4.979362285763129
10598.0,1.934508999999923,6.980471914372878,2.9645460969682347,0.43370067117851285,-0.43370067117851285,0,4.972509005670556,4.950179940693545
10607.0,2.057892000000086,7.0666505799824195,2.895603164480601,0.4613621035688979,-0.4613621035688979,0,4.98112687223151,4.955585829014592
10616.0,2.1923219999999866,7.135593512470053,2.6543029007738843,0.49150018058300676,-0.49150018058300676,0,4.894948206621969,4.864330543077862
10626.0,2.541320999999951,7.962908702321654,2.878367431358693,0.5697428253784667,-0.5697428253784667,0,5.420638066840174,5.3830944693338845
10635.0,2.3029480000000127,7.187300711835778,2.6025957014081595,0.5163016007107017,-0.5163016007107017,0,4.894948206621969,4.860837679676209
10644.0,2.3976739999999666,7.290715110567228,2.3957669039452596,0.5375383743716347,-0.5375383743716347,0,4.8432410072562435,4.804313957303645
10653.0,2.4668580000000433,7.325186576811045,2.3095882383357176,0.5530488461424296,-0.5530488461424296,0,4.817387407573381,4.775244138046059
10663.0,2.806549000000047,8.20420896602837,2.4647098364328928,0.6292047155094409,-0.6292047155094409,0,5.334459401230632,5.284153687624552
10672.0,2.615722999999948,7.37689377617677,2.2406453058480844,0.5864231289268211,-0.5864231289268211,0,4.808769541012428,4.760665377290165
10682.0,2.9574280000000277,8.255916165394096,2.326823971457626,0.6630305201796373,-0.6630305201796373,0,5.291370068425861,5.233584013282248
10691.0,2.740631000000009,7.4458367086644035,1.9476378427756424,0.6144264535097486,-0.6144264535097486,0,4.696737275720023,4.639008485821111
10701.0,3.187896999999959,8.548923628466538,1.9476378427756424,0.714699734427705,-0.714699734427705,0,5.2482807356210905,5.173811875879638
10710.0,3.039886000000022,7.566486840517761,1.826987710922284,0.6815169112711426,-0.6815169112711426,0,4.6967372757200225,4.623874699051687
10720.0,3.1853639999999435,8.290387631637913,2.1544666402385424,0.7141318571006405,-0.7141318571006405,0,5.2224271359382275,5.152424804912975
10730.0,3.1362000000000463,8.342094831003637,1.9648735758975509,0.7031097011955624,-0.7031097011955624,0,5.153484203450594,5.081308132379116
10739.0,2.8714290000000013,7.549251107395853,1.8442234440441925,0.6437502666265683,-0.6437502666265683,0,4.6967372757200225,4.631573145209139
10749.0,3.2422179999999683,8.428273496613178,1.8959306434099175,0.7268780464226828,-0.7268780464226828,0,5.162102070011548,5.083694242509567
10759.0,3.3243719999999817,8.566159361588445,1.7408090453127425,0.745296283267281,-0.745296283267281,0,5.153484203450594,5.06711527289112
10768.0,3.119995000000015,7.79055137110257,1.4305658491183924,0.6994766762902963,-0.6994766762902963,0,4.610558610110481,4.522252536453551
10778.0,3.5457760000000236,8.61786656095417,1.6029231803374757,0.7949332006461247,-0.7949332006461247,0,5.110394870645822,5.008732746907503
10788.0,3.645691000000012,8.807459625295163,1.3271514503869422,0.817333304528194,-0.817333304528194,0,5.067305537841053,4.94991029471906
10798.0,3.712096999999944,8.859166824660887,1.3271514503869422,0.8322209720294834,-0.8322209720294834,0,5.093159137523915,4.972353986653642
10808.0,3.710266000000007,8.686809493441803,1.3788586497526674,0.8318104772068174,-0.8318104772068174,0,5.032834071597235,4.913958023637482
10818.0,3.705628000000039,8.807459625295163,1.2237370516554922,0.8307706765582229,-0.8307706765582229,0,5.0155983384753275,4.89050258197243
10828.0,3.8072509999999617,8.82469535841707,1.1892655854116756,0.8535536996959505,-0.8535536996959505,0,5.006980471914373,4.874939568456318
10838.0,3.869446000000113,8.997052689636154,0.9824367879487754,0.8674972963626056,-0.8674972963626056,0,4.989744738792465,4.845974848988117
10848.0,4.000365999999926,8.997052689636154,0.913493855461142,0.8968484608547904,-0.8968484608547904,0,4.955273272548649,4.80226616805912
10858.0,4.045105000000062,8.997052689636154,0.861786656095417,0.9068785689224785,-0.9068785689224785,0,4.9294196728657855,4.772669465734532
10868.0,4.0936279999999945,9.065995622123788,0.7411365242420587,0.9177570180108863,-0.9177570180108863,0,4.903566073182923,4.742765826903992
10878.0,4.02563399999989,8.962581223392338,0.8790223892173253,0.9025133342460869,-0.9025133342460869,0,4.920801806304832,4.765398441716493
10888.0,4.004761000000027,8.859166824660887,0.8962581223392337,0.8978337829442061,-0.8978337829442061,0,4.87771247350006,4.72360605579416
10899.0,4.382019000000103,9.945018011341112,0.8790223892173253,0.9824118582116268,-0.9824118582116268,0,5.412020200279219,5.241491352786509
10909.0,4.128661999999949,8.979816956514245,0.758372257363967,0.9256113465842084,-0.9256113465842084,0,4.869094606939106,4.706559576826677
10919.0,4.128174000000055,9.014288422758062,0.706665057998242,0.9255019410826112,-0.9255019410826112,0,4.860476740378152,4.698001562131785
10929.0,4.066772999999837,8.704045226563712,1.016908254192592,0.9117363525476768,-0.9117363525476768,0,4.860476740378152,4.706916226727225
10940.0,4.048767000000038,9.117702821489512,1.516744514727934,0.9076995585678332,-0.9076995585678332,0,5.317223668108723,5.187169482183956
10950.0,3.4049680000000944,8.083558834175012,1.671866112825109,0.7633652295964807,-0.7633652295964807,0,4.87771247350006,4.784294408644692
10960.0,3.1730349999999716,7.980144435443562,1.9304021096537343,0.7113677988435076,-0.7113677988435076,0,4.955273272548649,4.879977195728204
10970.0,2.9550779999999466,7.7388441717368455,2.257881038969993,0.6625036699156661,-0.6625036699156661,0,4.998362605353419,4.93859214832569
10980.0,2.687256000000026,7.532015374273945,2.6025957014081595,0.6024602267699677,-0.6024602267699677,0,5.067305537841052,5.0217922346439074
10990.0,2.3883049999999937,7.325186576811045,2.826660231992968,0.5354379232554807,-0.5354379232554807,0,5.0759234044020065,5.041484272121127
10999.0,1.952270999999978,6.515107120081353,2.826660231992968,0.43768276240760356,-0.43768276240760356,0,4.67088367603716,4.6469135139801905
11009.0,2.0263670000000378,7.204536444957687,3.343732225650218,0.4542944633258573,-0.4542944633258573,0,5.274134335303953,5.251773813550863
11018.0,1.712891000000002,6.44616418759372,3.1024319619435015,0.3840157767969363,-0.3840157767969363,0,4.774298074768611,4.756845594680495
11028.0,1.8018180000000028,6.980471914372878,3.6195039556007518,0.4039524633597249,-0.4039524633597249,0,5.299987934986815,5.282991988504373
11037.0,1.5380860000000205,6.256571123252728,3.3609679587721266,0.3448259638648926,-0.3448259638648926,0,4.808769541012428,4.795253806733071
11046.0,1.4317630000000374,6.153156724521278,3.481618090625485,0.3209892401992454,-0.3209892401992454,0,4.817387407573381,4.8058581023723255
11056.0,1.4553829999998973,6.75640738378807,4.084868749892276,0.32628464583094635,-0.32628464583094635,0,5.420638066840173,5.410221060421277
11065.0,1.2115480000000916,5.946327927058378,3.791861286819835,0.27161888663482336,-0.27161888663482336,0,4.869094606939107,4.861152155156608
11074.0,1.1031500000000207,5.911856460814561,3.9297471517951017,0.24731696539566603,-0.24731696539566603,0,4.920801806304832,4.91433895218379
11083.0,0.980773999999997,5.8084420620831105,3.9642186180389185,0.21988129394820619,-0.21988129394820619,0,4.886330340061015,4.881209652967615
11093.0,0.9727169999999197,6.291042589496544,4.532997811061894,0.2180749822134358,-0.2180749822134358,0,5.412020200279219,5.407513781962832
11102.0,0.7897950000000309,5.618848997742119,4.1710474155018185,0.17706540605055887,-0.17706540605055887,0,4.894948206621969,4.891677672289427
11111.0,0.7203979999999514,5.584377531498302,4.188283148623727,0.16150718146860504,-0.16150718146860504,0,4.886330340061015,4.883608062442624
11120.0,0.6708370000000364,5.498198865888761,4.222754614867544,0.15039602149765516,-0.15039602149765516,0,4.860476740378152,4.85811100642323
11129.0,0.6334840000000475,5.5154345990106695,4.326169013598993,0.14202179260002437,-0.14202179260002437,0,4.920801806304832,4.918723349015674
11139.0,0.6462399999999012,6.015270859546011,4.826005274134335,0.14488158067104906,-0.14488158067104906,0,5.420638066840173,5.4186794166307175
11148.0,0.5623780000000551,5.429255933401127,4.36064047984281,0.1260804245708153,-0.1260804245708153,0,4.894948206621969,4.893305750924325
11157.0,0.5245360000000919,5.377548734035402,4.377876212964718,0.1175965659799677,-0.1175965659799677,0,4.87771247350006,4.876280522179565
11166.0,0.491210999999847,5.274134335303953,4.446819145452352,0.11012538085385523,-0.11012538085385523,0,4.860476740378152,4.859220566480246
11175.0,0.4641730000000598,5.343077267791585,4.429583412330444,0.10406368832762102,-0.10406368832762102,0,4.886330340061015,4.885212852586674
11185.0,0.4825439999999531,5.8946207276926526,4.998362605353419,0.10818231224209984,-0.10818231224209984,0,5.446491666523036,5.445410275256529
11194.0,0.41821200000002856,5.256898602182044,4.46405487857426,0.09375961812270081,-0.09375961812270081,0,4.860476740378152,4.8595666256419205
11203.0,0.39733900000006384,5.343077267791585,4.532997811061894,0.08908006682079725,-0.08908006682079725,0,4.938037539426739,4.937228818081422
11212.0,0.39367699999998584,5.2224271359382275,4.515762077939986,0.08825907717541974,-0.08825907717541974,0,4.869094606939107,4.868290666837458
11221.0,0.3922729999999304,5.274134335303953,4.515762077939986,0.08794431216664558,-0.08794431216664558,0,4.894948206621969,4.89415361667198
11231.0,0.43139700000002645,5.842913528326927,4.998362605353419,0.09671558439087946,-0.09671558439087946,0,5.420638066840173,5.419770207656728
11240.0,0.38958700000004753,5.187955669694411,4.584705010427618,0.08734213352455358,-0.08734213352455358,0,4.886330340061015,4.885546934380197
11249.0,0.3145139999999162,5.119012737206777,4.653647942915252,0.07051139741144026,-0.07051139741144026,0,4.886330340061015,4.885820512693273
11258.0,0.1835329999999893,4.946655405987694,4.722590875402886,0.04114655723152724,-0.04114655723152724,0,4.83462314069529,4.834447960905762
11268.0,0.11102300000004332,5.446491666523036,5.256898602182044,0.024890424193566813,-0.024890424193566813,0,5.35169513435254,5.351637235165547
11277.0,-0.004578000000035877,4.808769541012427,4.912183939743877,-0.001026349152508916,0.001026349152508916,0,4.860476740378152,4.860476632002798
11286.0,-0.06738299999990213,4.722590875402886,4.963891139109602,-0.015106702696126226,0.015106702696126226,0,4.843241007256244,4.843217432907791
11296.0,-0.13409399999999694,5.2224271359382275,5.5154345990106695,-0.030062748635965246,0.030062748635965246,0,5.3689308674744485,5.368846640188138
11305.0,-0.1729740000000442,4.601940743549527,5.08454127096296,-0.03877931810937775,0.03877931810937775,0,4.8432410072562435,4.843085377556083
11314.0,-0.23046800000005505,4.619176476671435,5.08454127096296,-0.05166899005649359,0.05166899005649359,0,4.851858873817198,4.851583143567432
11323.0,-0.31188999999992223,4.481290611696169,5.205191402816319,-0.06992311864862766,0.06992311864862766,0,4.843241007256244,4.842733504911383
11333.0,-0.4229740000000795,5.0155983384753275,5.877384994570744,-0.09482721852992262,0.09482721852992262,0,5.446491666523036,5.445661157919588
11342.0,-0.44152799999990766,4.36064047984281,5.343077267791585,-0.09898686950749468,0.09898686950749468,0,4.851858873817198,4.850838994034556
11351.0,-0.506714000000003,4.36064047984281,5.446491666523036,-0.11360102325476852,0.11360102325476852,0,4.9035660731829225,4.902234412199857
11360.0,-0.6042479999999659,4.274461814233269,5.601613264620211,-0.13546732693322683,0.13546732693322683,0,4.938037539426739,4.93614636731051
11369.0,-0.6868890000000986,4.274461814233269,5.636084730864027,-0.15399474508787092,0.15399474508787092,0,4.955273272548649,4.952836329674069
11378.0,-0.7642220000000058,4.119340216136093,5.756734862717386,-0.1713321542207357,0.1713321542207357,0,4.938037539426739,4.934984377774567
11387.0,-0.8308710000000082,4.136575949258002,5.8084420620831105,-0.1862743002812497,0.1862743002812497,0,4.972509005670556,4.968922874671209
11396.0,-0.9279789999999661,4.033161550526552,5.929092193936469,-0.20804509833739027,0.20804509833739027,0,4.981126872231511,4.97662595152143
11405.0,-0.9887689999999818,4.067633016770368,6.015270859546011,-0.22167370580365156,0.22167370580365156,0,5.04145193815819,5.036398319640871
11414.0,-1.0604859999999727,3.998690084282735,6.032506592667919,-0.23775205490148815,0.23775205490148815,0,5.015598338475327,5.009733811551273
11423.0,-1.0917360000000282,3.9642186180389185,6.170392457643186,-0.24475804245406765,0.24475804245406765,0,5.067305537841053,5.061114038752066
11432.0,-1.1459960000000249,3.9297471517951017,6.1876281907650945,-0.2569226787613403,0.2569226787613403,0,5.058687671280098,5.051838210990974
11441.0,-1.2122800000000342,3.8608042193074685,6.256571123252728,-0.2717829948872419,0.2717829948872419,0,5.058687671280098,5.050974938483929
11450.0,-1.2715459999999272,3.84356848618556,6.377221255106086,-0.28506993435251204,0.28506993435251204,0,5.110394870645823,5.101949827933737
11459.0,-1.332702000000016,3.6712111549664765,6.44616418759372,-0.2987805959450054,0.2987805959450054,0,5.058687671280098,5.049182095947366
11467.0,-1.2694100000000308,3.2058463606749514,5.860149261448836,-0.2845910610913422,0.2845910610913422,0,4.532997811061893,4.523269825689333
11476.0,-1.5573119999999612,3.481618090625485,6.739171650666162,-0.3491362715988203,0.3491362715988203,0,5.110394870645823,5.09719465641469
11485.0,-1.6838979999999906,3.481618090625485,6.704700184422345,-0.3775157896893633,0.3775157896893633,0,5.093159137523915,5.0777133744237215
11494.0,-1.7086190000000054,3.4126751581378514,6.808114583153794,-0.383058030274551,0.383058030274551,0,5.110394870645823,5.094370813178336
11503.0,-1.7499390000000317,3.378203691894035,6.825350316275703,-0.3923216272560632,0.3923216272560632,0,5.101777004084869,5.084876810882432
11512.0,-1.779358000000048,3.3092607594064014,6.825350316275703,-0.39891711998595397,0.39891711998595397,0,5.067305537841052,5.04959913086093
11520.0,-1.6187129999999756,2.9473103638463263,6.1014495251555525,-0.3629018601337091,0.3629018601337091,0,4.524379944500939,4.507952479167627
11529.0,-1.8129269999999345,3.292025026284493,6.790878850031886,-0.4064430078627965,0.4064430078627965,0,5.04145193815819,5.022983154335315
11538.0,-1.8069460000000253,3.378203691894035,6.842586049397611,-0.405102117893156,0.405102117893156,0,5.110394870645823,5.092399593075797
11547.0,-1.8242800000000166,3.3092607594064014,6.877057515641428,-0.4089882551167124,0.4089882551167124,0,5.093159137523915,5.074600773453732
11556.0,-1.8092649999999582,3.22308209379686,6.808114583153794,-0.40562201821744187,0.40562201821744187,0,5.015598338475327,4.996960541580683
11565.0,-1.854858000000061,3.2747892931625846,6.928764715007153,-0.41584358591295906,0.41584358591295906,0,5.101777004084869,5.0825106263831294
11574.0,-1.919006999999949,3.188610627553043,6.946000448129062,-0.4302252529692421,0.4302252529692421,0,5.067305537841053,5.046345845023569
11583.0,-1.8704220000000256,3.2403178269187682,6.842586049397611,-0.41933290400153206,0.41933290400153206,0,5.04145193815819,5.021646983803175
11591.0,-1.6796259999999943,2.878367431358693,6.170392457643186,-0.37655804316697794,0.37655804316697794,0,4.524379944500939,4.506491132999787
11600.0,-1.9448250000000014,3.1713748944311346,6.877057515641428,-0.43601343174148344,0.43601343174148344,0,5.024216205036281,5.00254896761769
11609.0,-1.9067380000000107,3.188610627553043,6.928764715007153,-0.4274746462082176,0.4274746462082176,0,5.058687671280098,5.037976248389468
11618.0,-1.9024049999999004,3.1713748944311346,6.911528981885245,-0.42650322399810414,0.42650322399810414,0,5.04145193815819,5.020742929341983
11627.0,-1.9568480000000354,3.033489029455868,6.842586049397611,-0.4387088873685156,0.4387088873685156,0,4.938037539426739,4.915410077961935
11636.0,-1.96362299999998,3.2058463606749514,6.928764715007153,-0.4402277854698997,0.4402277854698997,0,5.067305537841053,5.045431412844803
11645.0,-1.9477540000000562,3.1024319619435015,6.946000448129062,-0.4366700889428228,0.4366700889428228,0,5.024216205036281,5.002232680668761
11654.0,-1.9416500000000423,3.085196228821593,6.928764715007153,-0.43530162340615186,0.43530162340615186,0,5.006980471914373,4.985034597340178
11663.0,-1.956359999999938,3.0679604956996847,6.928764715007153,-0.43859948186687286,0.43859948186687286,0,4.998362605353419,4.976003001623021
11672.0,-2.0263060000000253,3.0507247625777763,6.946000448129062,-0.45428078763815194,0.45428078763815194,0,4.998362605353419,4.974323166326739
11681.0,-1.9677740000000323,2.981781830090143,6.911528981885245,-0.441158404808494,0.441158404808494,0,4.946655405987694,4.923582736363381
11690.0,-1.9679559999999885,3.0507247625777763,6.928764715007153,-0.4411992076799904,0.4411992076799904,0,4.9897447387924645,4.967036786856367
11699.0,-2.0220339999999273,2.9645460969682347,6.96323618125097,-0.45332304111574384,0.45332304111574384,0,4.963891139109602,4.939504573184896
11708.0,-1.9768680000001133,2.981781830090143,6.842586049397611,-0.44319720323420964,0.44319720323420964,0,4.912183939743877,4.888829212499029
11718.0,-2.2447509999999444,3.2747892931625846,7.704372705493029,-0.5032543220675906,0.5032543220675906,0,5.489580999327806,5.4623903920867365
11727.0,-2.0646359999999846,2.9473103638463263,6.928764715007153,-0.4628740517306195,0.4628740517306195,0,4.938037539426739,4.912488645141113
11736.0,-2.040100000000065,2.9128388976025095,6.946000448129062,-0.45737328659176435,0.45737328659176435,0,4.9294196728657855,4.904286062622142
11745.0,-2.028319999999999,2.9645460969682347,7.049414846860511,-0.45473230952393395,0.45473230952393395,0,5.006980471914373,4.982533928042201
11754.0,-2.108154999999978,2.930074630724418,6.946000448129062,-0.47263064604422345,0.47263064604422345,0,4.938037539426739,4.911330301151236
11763.0,-2.0821529999999107,2.826660231992968,7.032179113738603,-0.46680121601726915,0.46680121601726915,0,4.9294196728657855,4.9028118125058135
11772.0,-2.1522220000001027,2.895603164480601,7.014943380616694,-0.48251009735557865,0.48251009735557865,0,4.955273272548648,4.927313786808234
11781.0,-2.181152000000043,2.7404815663834263,7.101122046226236,-0.48899596039222976,0.48899596039222976,0,4.920801806304832,4.891107367344127
11790.0,-2.183898999999938,2.7749530326272427,6.997707647494787,-0.4896118147220271,0.4896118147220271,0,4.886330340061015,4.8566922061986215
11800.0,-2.356933000000016,3.136903428187318,7.721608438614937,-0.5284045843275134,0.5284045843275134,0,5.429255933401127,5.398458093522022
11809.0,-2.152770999999907,2.8611316982367847,6.85982178251952,-0.48263317854485827,0.48263317854485827,0,4.860476740378152,4.832089967689887
11818.0,-2.0532840000000845,2.9128388976025095,6.894293248763336,-0.46032902866834613,0.46032902866834613,0,4.9035660731829225,4.878054435390829
11827.0,-2.008605999999961,2.9645460969682347,6.894293248763336,-0.45031259628836345,0.45031259628836345,0,4.9294196728657855,4.905279684575413
11836.0,-2.0552980000000582,2.930074630724418,6.928764715007153,-0.46078055055412814,0.46078055055412814,0,4.9294196728657855,4.903997973048534
11846.0,-2.26721199999998,3.22308209379686,7.6526655061273035,-0.5082898896329813,0.5082898896329813,0,5.437873799962082,5.409787968200941
11855.0,-2.03973399999989,2.826660231992968,6.894293248763336,-0.4572912324655095,0.4572912324655095,0,4.860476740378152,4.834779148353565
11864.0,-2.1246940000001593,2.7404815663834263,7.032179113738603,-0.4763385509444851,0.4763385509444851,0,4.886330340061015,4.858050294552172
11873.0,-2.1547859999999615,2.826660231992968,6.911528981885245,-0.48308492462225994,0.48308492462225994,0,4.869094606939107,4.840485278594303
11882.0,-2.0811150000000302,2.826660231992968,6.997707647494787,-0.46656850513474984,0.46656850513474984,0,4.912183939743877,4.885564455696309
11892.0,-2.297546999999954,3.1541391613092262,7.669901239249212,-0.5150907418700034,0.5150907418700034,0,5.412020200279219,5.382783402937525
11901.0,-2.043578999999903,2.826660231992968,6.842586049397611,-0.4581532491739802,0.4581532491739802,0,4.83462314069529,4.80877304048764
11910.0,-2.0422970000000755,2.930074630724418,6.911528981885245,-0.4578658355406624,0.4578658355406624,0,4.920801806304832,4.895677693838747
11919.0,-2.0427250000000376,2.9128388976025095,6.85982178251952,-0.45796178954617384,0.45796178954617384,0,4.886330340061015,4.861038997448509
11928.0,-2.021453999999975,2.878367431358693,6.928764715007153,-0.45319300998677886,0.45319300998677886,0,4.903566073182923,4.878665593175777
11938.0,-2.2483819999999763,3.2403178269187682,7.68713697237112,-0.5040683617733056,0.5040683617733056,0,5.463727399644944,5.436236009683625
11947.0,-2.068848000000049,2.8094244988710595,6.877057515641428,-0.46381834675691913,0.46381834675691913,0,4.8432410072562435,4.816686382496519
11956.0,-2.0744019999999748,2.7749530326272427,6.980471914372878,-0.46506350691264514,0.46506350691264514,0,4.87771247350006,4.850907838790565
11965.0,-2.1158749999999698,2.826660231992968,7.032179113738603,-0.4743614052092077,0.4743614052092077,0,4.9294196728657855,4.901956522093869
11974.0,-2.1140139999999645,2.792188765749151,6.946000448129062,-0.47394418463847615,0.47394418463847615,0,4.869094606939107,4.841350776654481
11984.0,-2.3344110000000704,3.1713748944311346,7.721608438614937,-0.5233553410744402,0.5233553410744402,0,5.446491666523036,5.416493691790404
11993.0,-2.0884710000000073,2.8094244988710595,6.96323618125097,-0.46821765855671865,0.46821765855671865,0,4.886330340061015,4.859374987651395
12002.0,-2.158049999999941,2.792188765749151,6.980471914372878,-0.483816686010146,0.483816686010146,0,4.886330340061015,4.857479183347538
12011.0,-2.1518859999999953,2.7060101001396095,6.997707647494787,-0.4824347689773894,0.4824347689773894,0,4.851858873817198,4.82257034806546
12020.0,-2.155335000000071,2.8611316982367847,6.946000448129062,-0.48320800581160805,0.48320800581160805,0,4.903566073182923,4.875217125187056
12030.0,-2.3193050000000337,3.32649649252831,7.58372257363967,-0.5199687027394214,0.5199687027394214,0,5.45510953308399,5.42627376975665
12039.0,-1.9104309999999314,3.033489029455868,6.635757251934711,-0.428302585793212,0.428302585793212,0,4.83462314069529,4.8128376842082305
12048.0,-1.752044999999962,3.2403178269187682,6.618521518812803,-0.3927937747691902,0.3927937747691902,0,4.9294196728657855,4.91183308793823
12057.0,-1.7339170000000372,3.2403178269187682,6.618521518812803,-0.3887296294139131,0.3887296294139131,0,4.9294196728657855,4.912192242948505
12066.0,-1.6896669999999776,3.3092607594064014,6.618521518812803,-0.37880915103946466,0.37880915103946466,0,4.963891139109602,4.94774903047771
12075.0,-1.6559749999999864,3.4126751581378514,6.497871386959445,-0.37125568759559174,0.37125568759559174,0,4.955273272548649,4.939975070656915
12084.0,-1.5571600000000727,3.447146624381668,6.377221255106086,-0.34910219447538965,0.34910219447538965,0,4.912183939743877,4.898645780809146
12094.0,-1.6019279999999922,4.0503972836484605,6.96323618125097,-0.35913880409947796,0.35913880409947796,0,5.506816732449716,5.494280823934087
12103.0,-1.3144530000000454,3.74015408745411,6.153156724521278,-0.29468932340591447,0.29468932340591447,0,4.946655405987694,4.937355314423838
12112.0,-1.171142999999943,3.84356848618556,5.980799393302195,-0.26256042496882287,0.26256042496882287,0,4.912183939743877,4.904838111016662
12121.0,-1.0180659999999737,4.015925817404644,5.842913528326927,-0.22824184715813164,0.22824184715813164,0,4.9294196728657855,4.923958117416295
12130.0,-0.8730780000000048,4.1710474155018185,5.670556197107844,-0.19573675521344733,0.19573675521344733,0,4.920801806304832,4.916821627145527
12139.0,-0.6885070000000332,4.36064047984281,5.463727399644944,-0.154357487099378,0.154357487099378,0,4.912183939743877,4.909729691270002
12148.0,-0.5425719999999583,4.446819145452352,5.377548734035402,-0.12164008570787697,0.12164008570787697,0,4.912183939743877,4.910664947834041
12158.0,-0.4248349999999827,5.119012737206777,5.825677795205019,-0.0952444391006314,0.0952444391006314,0,5.472345266205898,5.471513139702147
12167.0,-0.27407800000002674,4.688119409159069,5.119012737206777,-0.06144598580584571,0.06144598580584571,0,4.9035660731829225,4.903180388353995
12176.0,-0.18283100000001248,4.757062341646702,5.08454127096296,-0.04098917472715157,0.04098917472715157,0,4.920801806304832,4.92063091070456
12185.0,-0.12805199999997374,4.774298074768611,4.998362605353419,-0.028708182978596508,0.028708182978596508,0,4.886330340061015,4.886245964693323
12194.0,-0.10980200000002449,4.791533807890519,4.946655405987694,-0.024616686247908685,0.024616686247908685,0,4.869094606939107,4.869032365038197
12204.0,-0.07318099999997833,5.394784467157311,5.446491666523036,-0.016406565602696405,0.016406565602696405,0,5.420638066840173,5.420613237690429
12213.0,-0.031708000000085126,4.8432410072562435,4.87771247350006,-0.007108667306156629,0.007108667306156629,0,4.860476740378152,4.860471541947222
12222.0,0.016876000000063333,4.963891139109602,4.808769541012427,0.0037834574700021262,-0.0037834574700021262,0,4.886330340061015,4.886328874937856
12231.0,0.06582700000005992,4.894948206621969,4.757062341646702,0.014757860563944179,-0.014757860563944179,0,4.826005274134335,4.825982705015196
12241.0,0.11718699999998915,5.567141798376394,5.239662869060136,0.026272341226323426,-0.026272341226323426,0,5.403402333718265,5.403338405662089
12250.0,0.18441800000000272,5.08454127096296,4.584705010427618,0.041344966799018945,-0.041344966799018945,0,4.834623140695289,4.834445888912816
12259.0,0.26464799999994026,5.067305537841052,4.584705010427618,0.059331859001963666,-0.059331859001963666,0,4.826005274134335,4.82563968323751
12268.0,0.3195499999999819,5.205191402816319,4.481290611696169,0.07164042631752629,-0.07164042631752629,0,4.843241007256244,4.842708274592254
12278.0,0.41745000000001803,5.791206328961202,4.963891139109602,0.09358878412221666,-0.09358878412221666,0,5.377548734035402,5.376729686531249
12287.0,0.43057199999994494,5.308605801547769,4.429583412330444,0.09653062631947341,-0.09653062631947341,0,4.869094606939106,4.868130174483772
12296.0,0.45636000000003124,5.343077267791585,4.412347679208535,0.102312079343672,-0.102312079343672,0,4.87771247350006,4.876629970924194
12306.0,0.5302729999999524,5.8946207276926526,4.8432410072562435,0.1188827531987869,-0.1188827531987869,0,5.3689308674744485,5.367602445261455
12315.0,0.505707000000067,5.412020200279219,4.395111946086627,0.11337526231188895,-0.11337526231188895,0,4.9035660731829225,4.902241714333471
12324.0,0.5433959999999596,5.377548734035402,4.308933280477085,0.12182481958766334,-0.12182481958766334,0,4.8432410072562435,4.84169074675243
12333.0,0.5592960000000313,5.377548734035402,4.326169013598993,0.12538946605442558,-0.12538946605442558,0,4.851858873817198,4.850220239959466
12342.0,0.5699159999999887,5.498198865888761,4.239990347989452,0.12777038086428041,-0.12777038086428041,0,4.869094606939107,4.867390684628338
12352.0,0.6452630000000329,6.032506592667919,4.808769541012427,0.14466254547623514,-0.14466254547623514,0,5.420638066840173,5.418683935110661
12361.0,0.5919800000000063,5.463727399644944,4.291697547355177,0.13271694436379927,-0.13271694436379927,0,4.877712473500061,4.87588158490938
12370.0,0.6129460000000079,5.498198865888761,4.274461814233269,0.13741734548466755,-0.13741734548466755,0,4.886330340061015,4.884368535307104
12379.0,0.625579999999939,5.463727399644944,4.274461814233269,0.14024978218030437,-0.14024978218030437,0,4.869094606939107,4.867045515558344
12389.0,0.7014770000000715,6.1014495251555525,4.757062341646702,0.15726525217320406,-0.15726525217320406,0,5.429255933401127,5.426944351383138
12398.0,0.6459039999998958,5.567141798376394,4.291697547355177,0.14480625229288266,-0.14480625229288266,0,4.9294196728657855,4.927258080225492
12407.0,0.6629640000000759,5.549906065254485,4.2572260811113605,0.1486309610176205,-0.1486309610176205,0,4.9035660731829225,4.901275404157897
12416.0,0.6646119999999766,5.618848997742119,4.222754614867544,0.1490004287771704,-0.1490004287771704,0,4.920801806304832,4.91850138134618
12425.0,0.6698000000000326,5.549906065254485,4.308933280477085,0.15016353480670994,-0.15016353480670994,0,4.9294196728657855,4.927097403347345
12434.0,0.6951599999999533,5.636084730864027,4.222754614867544,0.15584903382535142,-0.15584903382535142,0,4.9294196728657855,4.926906394689738
12443.0,0.7126460000000368,5.670556197107844,4.239990347989452,0.1597692481723842,-0.1597692481723842,0,4.955273272548649,4.952645072335136
12452.0,0.7428290000000206,5.653320463985936,4.188283148623727,0.16653602328595282,-0.16653602328595282,0,4.920801806304832,4.917922639762216
12462.0,0.8441460000000057,6.377221255106086,4.705355142280977,0.18925044379357966,-0.18925044379357966,0,5.541288198693532,5.537984457896222
12471.0,0.7825629999999333,5.791206328961202,4.205518881745635,0.1754440523871717,-0.1754440523871717,0,4.998362605353419,4.995207363766586
12480.0,0.8054810000000198,5.722263396473569,4.188283148623727,0.18058207551454256,-0.18058207551454256,0,4.955273272548649,4.951905857152914
12489.0,0.8261100000000375,5.8084420620831105,4.136575949258002,0.18520692406564757,-0.18520692406564757,0,4.972509005670556,4.968963806027274
12498.0,0.8296819999999123,5.825677795205019,4.1710474155018185,0.18600773646682814,-0.18600773646682814,0,4.998362605353419,4.994808317577596
12507.0,0.8438110000000806,5.791206328961202,4.15381168237991,0.18917533960703292,-0.18917533960703292,0,4.972509005670556,4.968814803317482
12516.0,0.8848569999999902,5.877384994570744,4.15381168237991,0.1983775080896581,-0.1983775080896581,0,5.015598338475327,5.011561342585432
12525.0,0.8940119999999817,5.929092193936469,4.119340216136093,0.20042998220305625,-0.20042998220305625,0,5.024216205036281,5.020090094400383
12534.0,0.8995060000000772,5.877384994570744,4.136575949258002,0.20166169086271937,-0.20166169086271937,0,5.006980471914373,5.002798747189548
12543.0,0.8923039999999456,5.877384994570744,4.1710474155018185,0.20004706294737504,-0.20004706294737504,0,5.024216205036281,5.0201209671782046
12552.0,0.8852229999999616,5.860149261448836,4.15381168237991,0.19845956221586736,-0.19845956221586736,0,5.006980471914373,5.002935225466105
12561.0,0.8750000000000219,5.825677795205019,4.15381168237991,0.19616765147188428,-0.19616765147188428,0,4.9897447387924645,4.985782573405105
12570.0,0.869872999999978,5.825677795205019,4.119340216136093,0.19501822113005007,-0.19501822113005007,0,4.972509005670556,4.968574016326585
12578.0,0.7540280000000537,5.274134335303953,3.7229183543322018,0.1690467450331986,-0.1690467450331986,0,4.498526344818077,4.495256798286533
12587.0,0.8616339999999445,5.825677795205019,4.188283148623727,0.19317110652378333,-0.19317110652378333,0,5.006980471914373,5.003156670148794
12596.0,0.8793330000000305,5.929092193936469,4.1710474155018185,0.19713907368197495,-0.19713907368197495,0,5.0500698047191435,5.0461069861515195
12605.0,0.8866880000000292,5.929092193936469,4.119340216136093,0.19878800291234686,-0.19878800291234686,0,5.024216205036281,5.020157329551308
12614.0,0.9017029999999858,5.877384994570744,4.188283148623727,0.20215423981159458,-0.20215423981159458,0,5.032834071597236,5.028662253799704
12623.0,0.91409299999997,5.963563660180286,4.15381168237991,0.20493197375643282,-0.20493197375643282,0,5.058687671280098,5.054405637660194
12632.0,0.9191590000000016,5.998035126424103,4.205518881745635,0.20606772841056167,-0.20606772841056167,0,5.10177700408487,5.097488900005793
12641.0,0.9322509999999625,5.980799393302195,4.1710474155018185,0.2090028448597756,-0.2090028448597756,0,5.0759234044020065,5.071485882054439
12650.0,0.9253850000000399,5.998035126424103,4.15381168237991,0.20746354532264333,-0.20746354532264333,0,5.0759234044020065,5.071545421900616
12659.0,0.9222410000000254,5.998035126424103,4.1710474155018185,0.2067586869269514,-0.2067586869269514,0,5.08454127096296,5.080203515960873
12667.0,0.833404000000024,5.308605801547769,3.6712111549664765,0.18684217760831412,-0.18684217760831412,0,4.489908478257123,4.48589330293676
12676.0,0.9754029999999043,6.049742325789827,4.119340216136093,0.2186771608555506,-0.2186771608555506,0,5.08454127096296,5.079671074288573
12685.0,1.0085450000001126,6.118685258277461,4.015925817404644,0.22610731891854705,-0.22610731891854705,0,5.067305537841053,5.062043741752195
12694.0,1.0356449999999924,6.118685258277461,4.102104483014185,0.2321829113241063,-0.2321829113241063,0,5.110394870645823,5.104917043373954
12703.0,1.0541679999999778,6.118685258277461,4.033161550526552,0.23633561236206146,-0.23633561236206146,0,5.0759234044020065,5.0701905117599155
12712.0,1.0515449999999624,6.135920991399369,4.084868749892276,0.23574755779084572,-0.23574755779084572,0,5.110394870645823,5.104740050943498
12721.0,1.057586000000007,6.118685258277461,4.033161550526552,0.2371018992566176,-0.2371018992566176,0,5.0759234044020065,5.070153349809615
12729.0,0.929839999999971,5.377548734035402,3.653975421844568,0.20846231890812186,-0.20846231890812186,0,4.515762077939986,4.510778077123932
12738.0,1.0235600000000693,6.135920991399369,4.119340216136093,0.22947355581779477,-0.22947355581779477,0,5.127630603767731,5.122298999509664
12747.0,1.0118409999999138,6.084213792033644,4.15381168237991,0.22684625443764686,-0.22684625443764686,0,5.119012737206777,5.113810284535889
12756.0,0.9890740000000428,6.066978058911736,4.1710474155018185,0.22174208424217828,-0.22174208424217828,0,5.119012737206777,5.114047808570842
12765.0,0.9535529999999696,6.015270859546011,4.188283148623727,0.2137785743588103,-0.2137785743588103,0,5.10177700408487,5.09715681005498
12773.0,0.8085930000000096,5.325841534669677,3.7229183543322018,0.18127975977897512,-0.18127975977897512,0,4.524379944500939,4.520635850289227
12782.0,0.9309090000001013,5.998035126424103,4.15381168237991,0.2087019797303493,-0.2087019797303493,0,5.0759234044020065,5.071493075925811
12791.0,0.9604489999998582,6.1014495251555525,4.188283148623727,0.21532459964398543,-0.21532459964398543,0,5.14486633688964,5.140206319938253
12800.0,0.9762570000000751,6.049742325789827,4.1710474155018185,0.21886862048342545,-0.21886862048342545,0,5.110394870645823,5.105551971100937
12809.0,0.9507449999999605,6.049742325789827,4.205518881745635,0.2131490443412848,-0.2131490443412848,0,5.127630603767731,5.123059317911629
12817.0,0.8569940000000197,5.360313000913494,3.7056826212102933,0.19213085749199502,-0.19213085749199502,0,4.532997811061893,4.528792448589108
12826.0,0.9566649999999594,6.032506592667919,4.188283148623727,0.21447625862324285,-0.21447625862324285,0,5.110394870645823,5.105749964109288
12835.0,0.9295660000000581,5.980799393302195,4.15381168237991,0.20840089040928048,-0.20840089040928048,0,5.067305537841053,5.062882761690327
12844.0,0.9251100000000466,6.032506592667919,4.1710474155018185,0.20740189263218226,-0.20740189263218226,0,5.101777004084869,5.097422475670646
12853.0,0.9685059999999355,6.118685258277461,4.136575949258002,0.21713091137875581,-0.21713091137875581,0,5.127630603767731,5.122862662840806
12861.0,0.9211420000000309,5.480963132766853,3.6367396887226597,0.20651230035670395,-0.20651230035670395,0,4.558851410744756,4.553983601729698
12870.0,1.0997319999999915,6.1876281907650945,4.067633016770368,0.2465506785011099,-0.2465506785011099,0,5.127630603767731,5.121451755764743
12879.0,1.0134270000000274,5.929092193936469,4.205518881745635,0.2272018223179402,-0.2272018223179402,0,5.067305537841053,5.062069422379105
12888.0,0.8461919999999025,5.842913528326927,4.308933280477085,0.1897091398105982,-0.1897091398105982,0,5.0759234044020065,5.072299692741554
12897.0,0.7629390000000981,5.791206328961202,4.326169013598993,0.17104451639579818,-0.17104451639579818,0,5.058687671280097,5.055736863018678
12906.0,0.7152099999999971,5.722263396473569,4.343404746720902,0.1603440754390883,-0.1603440754390883,0,5.032834071597236,5.0302331467840915
12915.0,0.7262580000000183,5.773970595839295,4.291697547355177,0.16282094425447743,-0.16282094425447743,0,5.032834071597236,5.030144269399003
12924.0,0.7282100000000014,5.773970595839295,4.36064047984281,0.1632585662609572,-0.1632585662609572,0,5.067305537841053,5.064625738588116
12933.0,0.7347409999999989,5.756734862717386,4.291697547355177,0.16472276161154273,-0.16472276161154273,0,5.024216205036282,5.021459745265812
12941.0,0.6458740000000316,5.0500698047191435,3.8780399524293765,0.14479952654486264,-0.14479952654486264,0,4.4640548785742595,4.461667335603272
12950.0,0.6932989999998466,5.705027663351661,4.308933280477085,0.155431813254597,-0.155431813254597,0,5.006980471914373,5.004522069895854
12959.0,0.6766350000001126,5.601613264620211,4.46405487857426,0.15169588440422535,-0.15169588440422535,0,5.032834071597236,5.0305200230681635
12968.0,0.6448370000000279,5.653320463985936,4.36064047984281,0.14456703985391742,-0.14456703985391742,0,5.006980471914373,5.004859495352655
12977.0,0.6200559999999793,5.618848997742119,4.46405487857426,0.13901134777262122,-0.13901134777262122,0,5.04145193815819,5.039511118941741
12986.0,0.5740969999999052,5.498198865888761,4.446819145452352,0.12870772595089475,-0.12870772595089475,0,4.972509005670556,4.970825345966793
12995.0,0.512695000000014,5.498198865888761,4.498526344818077,0.11494191322443192,-0.11494191322443192,0,4.998362605353419,4.9970282148913885
13004.0,0.46057100000011725,5.412020200279219,4.498526344818077,0.10325615017837479,-0.10325615017837479,0,4.955273272548649,4.954188615867602
13013.0,0.45843500000001725,5.377548734035402,4.5502335441838015,0.10277727691715932,-0.10277727691715932,0,4.963891139109602,4.962820054177085
13023.0,0.49523899999989646,6.032506592667919,5.0155983384753275,0.11102842462544199,-0.11102842462544199,0,5.524052465571623,5.522927502192971
13032.0,0.4223029999999454,5.325841534669677,4.584705010427618,0.09467678596516384,-0.09467678596516384,0,4.955273272548648,4.954363981850995
13041.0,0.4025880000000303,5.394784467157311,4.532997811061894,0.09025684853801932,-0.09025684853801932,0,4.963891139109602,4.96306456614746
13050.0,0.459228000000074,5.601613264620211,4.326169013598993,0.10295506085730598,-0.10295506085730598,0,4.963891139109602,4.962805915958597
13059.0,0.7031859999999843,5.756734862717386,4.188283148623727,0.1576483956204593,-0.1576483956204593,0,4.972509005670556,4.9699484003156345
13068.0,0.8733519999999177,5.773970595839295,4.15381168237991,0.19579818371228874,-0.19579818371228874,0,4.963891139109602,4.959929169705379
13077.0,0.7805790000000272,5.584377531498302,4.274461814233269,0.17499925624945536,-0.17499925624945536,0,4.9294196728657855,4.926260783787502
13086.0,0.6490480000000121,5.394784467157311,4.498526344818077,0.1455111106885974,-0.1455111106885974,0,4.946655405987694,4.944498972097332
13095.0,0.34173500000004536,5.08454127096296,4.87771247350006,0.07661411700085896,-0.07661411700085896,0,4.98112687223151,4.980537526663568
13104.0,-0.09747300000005256,4.653647942915252,5.394784467157311,-0.02185262799077578,0.02185262799077578,0,5.024216205036281,5.024168422223107
13113.0,-0.4699090000000435,4.515762077939986,5.601613264620211,-0.10534965135486617,0.10534965135486617,0,5.058687671280098,5.057578291201123
13122.0,-0.6372069999999341,4.395111946086627,5.618848997742119,-0.1428564579330616,0.1428564579330616,0,5.006980471914373,5.004912983960974
13131.0,-0.6260379999999688,4.636412209793344,5.463727399644944,-0.14035246193388148,0.14035246193388148,0,5.0500698047191435,5.048107455216089
13140.0,-0.3751830000000896,4.826005274134335,5.205191402816319,-0.08411287769393336,0.08411287769393336,0,5.015598338475327,5.014892181927042
13149.0,-0.0551149999999424,5.170719936572502,4.998362605353419,-0.012356320126698664,0.012356320126698664,0,5.08454127096296,5.084526252711099
13158.0,0.1622929999999729,5.308605801547769,4.8432410072562435,0.036384727611794745,-0.036384727611794745,0,5.0759234044020065,5.075792730201997
13166.0,0.2465820000000061,4.87771247350006,4.188283148623727,0.055281613525988746,-0.055281613525988746,0,4.532997811061893,4.5326587992357625
13175.0,0.4598389999999709,5.636084730864027,4.56746927730571,0.10309204192591066,-0.10309204192591066,0,5.101777004084869,5.100724198450569
13184.0,0.584350000000116,5.549906065254485,4.498526344818077,0.1310063624429891,-0.1310063624429891,0,5.024216205036281,5.022490234180716
13193.0,0.5101319999999304,5.463727399644944,4.636412209793344,0.11436731014930185,-0.11436731014930185,0,5.0500698047191435,5.048766555559235
13202.0,0.38006599999998286,5.325841534669677,4.757062341646702,0.08520760528492337,-0.08520760528492337,0,5.04145193815819,5.040729732724698
13211.0,0.26544199999997553,5.2224271359382275,4.808769541012427,0.0595098671337072,-0.0595098671337072,0,5.015598338475327,5.015244733701271
13220.0,0.20367400000001123,5.153484203450594,4.808769541012427,0.0456620002810123,-0.0456620002810123,0,4.98112687223151,4.980917342804829
13229.0,0.13531500000001578,5.067305537841052,4.808769541012427,0.030336486581623374,-0.030336486581623374,0,4.938037539426739,4.9379442931362
13238.0,0.1453250000000547,5.119012737206777,4.791533807890519,0.032580644514470396,-0.032580644514470396,0,4.955273272548649,4.955166051010698
13247.0,0.15991199999994743,5.032834071597236,4.808769541012427,0.03585092740818384,-0.03585092740818384,0,4.920801806304832,4.920671146273774
13256.0,0.11700400000005434,5.032834071597236,4.774298074768611,0.02623131416323021,-0.02623131416323021,0,4.903566073182923,4.903495864530367
13266.0,0.12915099999996818,5.618848997742119,5.360313000913494,0.028954569548843942,-0.028954569548843942,0,5.489580999327806,5.489504598717064
13275.0,0.08599800000004781,4.894948206621969,4.826005274134335,0.019280029361472068,-0.019280029361472068,0,4.860476740378152,4.86043849990687
13284.0,0.05322299999999298,4.998362605353419,4.808769541012427,0.011932149616327381,-0.011932149616327381,0,4.9035660731829225,4.903551550202184
13293.0,0.027832000000026075,4.912183939743877,4.894948206621969,0.006239700658023384,-0.006239700658023384,0,4.9035660731829225,4.903562103221399
13302.0,0.012938999999890309,4.912183939743877,4.826005274134335,0.002900815134140719,-0.002900815134140719,0,4.869094606939106,4.869093742775855
13312.0,0.02209500000006384,5.429255933401127,5.412020200279219,0.004953513439181369,-0.004953513439181369,0,5.420638066840173,5.420635803514182
13321.0,0.015197999999993182,4.87771247350006,4.860476740378152,0.0034072639623637544,-0.0034072639623637544,0,4.869094606939106,4.86909341477909
13330.0,0.020629999999894445,4.946655405987694,4.8432410072562435,0.004625072742679046,-0.004625072742679046,0,4.894948206621969,4.894946021341363
13339.0,0.02307100000015717,4.860476740378152,4.860476740378152,0.005172324442444069,-0.005172324442444069,0,4.860476740378152,4.860473988290358
13348.0,0.03662099999994438,4.9294196728657855,4.8432410072562435,0.008210120645189466,-0.008210120645189466,0,4.886330340061015,4.886323442125791
13358.0,0.04150400000004122,5.463727399644944,5.394784467157311,0.009304848236225106,-0.009304848236225106,0,5.429255933401127,5.429247959610484
13367.0,0.04998800000000033,4.946655405987694,4.860476740378152,0.01120688978488728,-0.01120688978488728,0,4.9035660731829225,4.903553265811373
13376.0,0.054320999999907145,4.946655405987694,4.8432410072562435,0.012178311994955135,-0.012178311994955135,0,4.894948206621969,4.89493305557859
13385.0,0.04919400000006685,4.912183939743877,4.8432410072562435,0.011028881653166569,-0.011028881653166569,0,4.87771247350006,4.877700004351868
13394.0,0.0465699999999711,4.963891139109602,4.860476740378152,0.010440602890331146,-0.010440602890331146,0,4.912183939743877,4.912172843060603
13404.0,0.061279999999968505,5.480963132766853,5.325841534669677,0.01373846135107496,-0.01373846135107496,0,5.403402333718265,5.403384864789491
13413.0,0.06970200000003869,4.963891139109602,4.808769541012427,0.015626603020457742,-0.015626603020457742,0,4.886330340061015,4.886305346827947
13422.0,0.06109600000005519,4.912183939743877,4.791533807890519,0.013697210096384877,-0.013697210096384877,0,4.851858873817198,4.851839536749245
13431.0,0.05938699999983702,4.998362605353419,4.808769541012427,0.013314066649061174,-0.013314066649061174,0,4.9035660731829225,4.903547991478711
13441.0,0.07891900000012263,5.532670332132577,5.343077267791585,0.01769297701318092,-0.01769297701318092,0,5.437873799962081,5.437845008000511
13450.0,0.08117599999996315,4.87771247350006,4.791533807890519,0.018198977458141773,-0.018198977458141773,0,4.83462314069529,4.834588885122443
13459.0,0.0693360000000673,4.981126872231511,4.808769541012427,0.01554454889424849,-0.01554454889424849,0,4.894948206621969,4.894923517281189
13468.0,0.06823799999994958,4.912183939743877,4.774298074768611,0.0152983865155751,-0.0152983865155751,0,4.843241007256244,4.843216840968646
13478.0,0.09149099999996127,5.5154345990106695,5.325841534669677,0.020511513829492706,-0.020511513829492706,0,5.420638066840173,5.420599247943015
13487.0,0.09863299999995744,4.9294196728657855,4.791533807890519,0.022112690248705744,-0.022112690248705744,0,4.860476740378152,4.860426430306116
13496.0,0.08258099999999709,4.981126872231511,4.826005274134335,0.018513966658512796,-0.018513966658512796,0,4.9035660731829225,4.903531114026399
13505.0,0.06616200000008685,4.963891139109602,4.826005274134335,0.014832964750513735,-0.014832964750513735,0,4.894948206621969,4.894925728449461
13514.0,0.060486000000035026,4.9294196728657855,4.826005274134335,0.013560453219354247,-0.013560453219354247,0,4.87771247350006,4.877693621887509
13524.0,0.049742999999973045,5.498198865888761,5.412020200279219,0.011151962842469037,-0.011151962842469037,0,5.45510953308399,5.455098133345402
13533.0,0.042541999999921705,4.87771247350006,4.8432410072562435,0.00953755911874438,-0.00953755911874438,0,4.860476740378152,4.860467382662852
13542.0,0.03332500000014309,4.9294196728657855,4.8432410072562435,0.007471185126089656,-0.007471185126089656,0,4.886330340061015,4.886324627916485
13551.0,0.020079999999907967,4.860476740378152,4.8432410072562435,0.0045017673617568955,-0.0045017673617568955,0,4.851858873817198,4.8518567853434025
13560.0,0.017396000000083862,4.9294196728657855,4.87771247350006,0.003900037102881445,-0.003900037102881445,0,4.9035660731829225,4.903564522198925
13570.0,0.01690599999992751,5.446491666523036,5.412020200279219,0.0037901832180221398,-0.0037901832180221398,0,5.429255933401127,5.429254610417967
13579.0,0.005187999999954264,4.87771247350006,4.808769541012427,0.0011631060295167295,-0.0011631060295167295,0,4.8432410072562435,4.843240867589014
13588.0,-0.00335699999991526,4.87771247350006,4.963891139109602,-0.0007526112068279722,0.0007526112068279722,0,4.920801806304832,4.920801748746422
13597.0,-0.017090000000044382,4.8432410072562435,4.860476740378152,-0.003831434472757856,0.003831434472757856,0,4.851858873817198,4.851857361002217
13607.0,-0.020080000000009743,5.412020200279219,5.446491666523036,-0.004501767361779713,0.004501767361779713,0,5.429255933401127,5.429254067021699
13616.0,-0.02899199999993094,4.808769541012427,4.87771247350006,-0.006499762915953348,0.006499762915953348,0,4.8432410072562435,4.843236645610698
13625.0,-0.028564000000070627,4.860476740378152,4.946655405987694,-0.006403808910464705,0.006403808910464705,0,4.9035660731829225,4.90356189134033
13634.0,-0.030944999999994335,4.860476740378152,4.9294196728657855,-0.006937609114052795,0.006937609114052795,0,4.894948206621969,4.894943290049543
13643.0,-0.032715000000021144,4.860476740378152,4.9294196728657855,-0.007334428249036207,0.007334428249036207,0,4.894948206621969,4.894942711526534
13653.0,-0.04241900000002058,5.429255933401127,5.498198865888761,-0.009509983551759643,0.009509983551759643,0,5.463727399644944,5.463719122952577
13662.0,-0.028198999999975972,4.808769541012427,4.894948206621969,-0.0063219789758295,0.0063219789758295,0,4.851858873817198,4.851854754723789
13671.0,-0.020262999999944548,4.894948206621969,4.912183939743877,-0.0045427944248729295,0.0045427944248729295,0,4.9035660731829225,4.9035639688948045
13680.0,-0.015136999999980989,4.826005274134335,4.87771247350006,-0.0033935882746584096,0.0033935882746584096,0,4.851858873817198,4.851857686976807
13689.0,-0.025696000000129653,4.912183939743877,4.912183939743877,-0.005760827396853538,0.005760827396853538,0,4.912183939743877,4.912180561704856
13699.0,-0.02270499999988045,5.394784467157311,5.446491666523036,-0.005090270316166365,0.005090270316166365,0,5.420638066840173,5.420635676768758
13708.0,-0.003479000000041426,4.894948206621969,4.8432410072562435,-0.0007799625822614797,0.0007799625822614797,0,4.869094606939106,4.869094544467659
13717.0,-0.01635699999991954,4.9294196728657855,4.894948206621969,-0.0036671020286968537,0.0036671020286968537,0,4.912183939743877,4.912182570923267
13726.0,0.01544199999994018,4.860476740378152,4.87771247350006,0.003461966713162316,-0.003461966713162316,0,4.869094606939106,4.869093376192172
13735.0,0.037840999999984706,4.946655405987694,4.826005274134335,0.008483634399250728,-0.008483634399250728,0,4.886330340061015,4.88632297432271
13745.0,0.046020999999963126,5.446491666523036,5.360313000913494,0.010317521701005859,-0.010317521701005859,0,5.403402333718265,5.403392482727519
13754.0,0.04034400000003458,4.963891139109602,4.87771247350006,0.009044785978272324,-0.009044785978272324,0,4.920801806304832,4.920793493206423
13763.0,0.05609100000003573,4.9294196728657855,4.8432410072562435,0.012575131129961364,-0.012575131129961364,0,4.886330340061015,4.886314157627162
13772.0,0.059387999999917306,4.946655405987694,4.826005274134335,0.013314290840680856,-0.013314290840680856,0,4.886330340061015,4.88631219798269
13781.0,0.0526730000000065,4.981126872231511,4.860476740378152,0.01180884423540523,-0.01180884423540523,0,4.920801806304832,4.920787634919209
13791.0,0.06634500000012343,5.5154345990106695,5.412020200279219,0.014873991813629769,-0.014873991813629769,0,5.463727399644944,5.463707152092125
13800.0,0.05914299999989002,4.981126872231511,4.860476740378152,0.013259363898262613,-0.013259363898262613,0,4.920801806304832,4.920783939684119
13809.0,0.051391999999953974,4.912183939743877,4.8432410072562435,0.011521654793638623,-0.011521654793638623,0,4.87771247350006,4.877698865214966
13818.0,0.04534900000005404,4.963891139109602,4.87771247350006,0.010166864944695837,-0.010166864944695837,0,4.920801806304832,4.920791302657034
13827.0,0.04498299999998087,4.9294196728657855,4.826005274134335,0.010084810818463769,-0.010084810818463769,0,4.87771247350006,4.8777020470436305
13836.0,0.03509500000006812,4.912183939743877,4.894948206621969,0.00786800426105025,-0.00786800426105025,0,4.9035660731829225,4.90355976088267
13846.0,0.00787400000004072,5.463727399644944,5.412020200279219,0.0017652846716543612,-0.0017652846716543612,0,5.437873799962082,5.437873513425442
13855.0,-0.00531000000008043,4.87771247350006,4.894948206621969,-0.0011904574049502368,0.0011904574049502368,0,4.886330340061015,4.886330195044911
13864.0,-0.0061649999999243265,4.894948206621969,4.9294196728657855,-0.001382141224353476,0.001382141224353476,0,4.912183939743877,4.9121837452949535
13873.0,-0.013794000000039537,4.8432410072562435,4.8432410072562435,-0.003092498953612411,0.003092498953612411,0,4.8432410072562435,4.843240019947658
13882.0,-0.022583000000059614,4.912183939743877,4.946655405987694,-0.00506291894080131,0.00506291894080131,0,4.9294196728657855,4.929417072819228
13892.0,-0.02856399999996885,5.343077267791585,5.480963132766853,-0.006403808910441887,0.006403808910441887,0,5.412020200279219,5.412016410993532
13901.0,-0.0273440000000303,4.894948206621969,4.9294196728657855,-0.006130295156403443,0.006130295156403443,0,4.912183939743877,4.912180114465961
13910.0,-0.046387000000036295,4.808769541012427,4.9294196728657855,-0.010399575827237929,0.010399575827237929,0,4.869094606939106,4.869083499390459
13919.0,-0.04424999999985603,4.894948206621969,4.946655405987694,-0.009920478374402766,0.009920478374402766,0,4.920801806304832,4.920791806074001
13928.0,-0.04174800000009,4.860476740378152,4.963891139109602,-0.009359550987046486,0.009359550987046486,0,4.912183939743877,4.912175022054246
13938.0,-0.04937799999998017,5.343077267791585,5.463727399644944,-0.011070132907856649,0.011070132907856649,0,5.403402333718265,5.40339099246276
13947.0,-0.04077100000001816,4.912183939743877,4.981126872231511,-0.00914051579218692,0.00914051579218692,0,4.946655405987694,4.946646960597266
13956.0,-0.03430199999990959,4.826005274134335,4.912183939743877,-0.0076902203208807675,0.0076902203208807675,0,4.869094606939106,4.869088533529724
13965.0,-0.021729000000092452,4.87771247350006,4.87771247350006,-0.004871459312972118,0.004871459312972118,0,4.87771247350006,4.8777100408947955
13974.0,-0.026367000000060235,4.860476740378152,4.894948206621969,-0.005911259961566696,0.005911259961566696,0,4.87771247350006,4.877708891555415
13984.0,-0.032714999999919364,5.429255933401127,5.463727399644944,-0.007334428249013389,0.007334428249013389,0,5.446491666523036,5.446486728086829
13993.0,-0.01635699999991954,4.9294196728657855,4.87771247350006,-0.0036671020286968537,0.0036671020286968537,0,4.9035660731829225,4.9035647019354185
14002.0,0.016173999999882956,4.860476740378152,4.826005274134335,0.0036260749655808193,-0.0036260749655808193,0,4.8432410072562435,4.843239649840762
14011.0,0.018250000000051027,4.87771247350006,4.860476740378152,0.004091496730710638,-0.004091496730710638,0,4.869094606939106,4.869092887893737
14021.0,0.02459699999993165,5.446491666523036,5.343077267791585,0.0055144408265604666,-0.0055144408265604666,0,5.394784467157311,5.394781648525002
14030.0,0.07202100000007347,4.998362605353419,4.757062341646702,0.01614650334476644,-0.01614650334476644,0,4.877712473500061,4.877685732786455
14039.0,0.13012699999995975,5.032834071597236,4.688119409159069,0.029173380552083825,-0.029173380552083825,0,4.860476740378152,4.860389080814894
14048.0,0.20581099999998795,5.119012737206777,4.67088367603716,0.046141097733801824,-0.046141097733801824,0,4.894948206621969,4.89473029547657
14057.0,0.280090000000084,5.239662869060136,4.5502335441838015,0.06279382571517161,-0.06279382571517161,0,4.894948206621969,4.894543481632358
14067.0,0.3965459999999053,5.791206328961202,4.981126872231511,0.08890228288062778,-0.08890228288062778,0,5.386166600596356,5.3854288871316935
14076.0,0.4279780000001205,5.343077267791585,4.429583412330444,0.09594907330474928,-0.09594907330474928,0,4.886330340061015,4.885380284688209
14085.0,0.47509799999997626,5.394784467157311,4.395111946086627,0.10651298157597976,-0.10651298157597976,0,4.894948206621969,4.8937775843828675
14094.0,0.5574949999998565,5.463727399644944,4.308933280477085,0.12498569697975684,-0.12498569697975684,0,4.886330340061015,4.884710073831271
14103.0,0.6163940000000031,5.584377531498302,4.239990347989452,0.13819035812726652,-0.13819035812726652,0,4.912183939743877,4.910204337928869
14113.0,0.7290650000000488,6.204863923887003,4.705355142280977,0.16345025008040606,-0.16345025008040606,0,5.45510953308399,5.452615517603798
14122.0,0.7108149999999978,5.670556197107844,4.222754614867544,0.15935875334969543,-0.15935875334969543,0,4.946655405987694,4.944034589885731
14131.0,0.7647710000000139,5.773970595839295,4.188283148623727,0.171455235410061,-0.171455235410061,0,4.981126872231511,4.978102385364512
14140.0,0.8146360000000112,5.8084420620831105,4.15381168237991,0.1826345496279407,-0.1826345496279407,0,4.98112687223151,4.977687683333539
14149.0,0.8640140000000932,5.860149261448836,4.119340216136093,0.19370468253582018,-0.19370468253582018,0,4.9897447387924645,4.9858719578162445
14158.0,0.8939209999999017,5.998035126424103,4.15381168237991,0.20040958076728524,-0.20040958076728524,0,5.0759234044020065,5.0718376707639905
14167.0,0.9533080000000441,5.998035126424103,4.084868749892276,0.2137236474164149,-0.2137236474164149,0,5.04145193815819,5.036760061969035
14175.0,0.8682250000000774,5.412020200279219,3.6195039556007518,0.19464875337050017,-0.19464875337050017,0,4.515762077939986,4.511402309436814
14184.0,1.0108639999999438,6.153156724521278,4.084868749892276,0.22662721924281012,-0.22662721924281012,0,5.119012737206777,5.113792064484533
14193.0,1.0260620000000389,6.118685258277461,4.067633016770368,0.23003448320519668,-0.23003448320519668,0,5.093159137523914,5.0877548951967615
14202.0,1.042237000000002,6.135920991399369,4.015925817404644,0.23366078236239718,-0.23366078236239718,0,5.0759234044020065,5.070311125834383
14211.0,1.0858759999999612,6.291042589496544,4.015925817404644,0.24344427966819526,-0.24344427966819526,0,5.153484203450594,5.147452462653781
14219.0,1.008788999999958,5.549906065254485,3.5333252899912098,0.22616202166932278,-0.22616202166932278,0,4.541615677622848,4.535706506683077
14228.0,1.1782230000000502,6.342749788862269,3.94698288491701,0.26414770150875655,-0.26414770150875655,0,5.14486633688964,5.137715098886947
14237.0,1.207030999999966,6.411692721349903,3.94698288491701,0.270606213169997,-0.270606213169997,0,5.179337803133457,5.171864449426444
14246.0,1.2585449999999445,6.428928454471811,3.8780399524293765,0.2821552193390463,-0.2821552193390463,0,5.153484203450594,5.14528091765695
14254.0,1.153807999999973,5.687791930229753,3.42991089125976,0.2586740635536696,-0.2586740635536696,0,4.558851410744756,4.551058509717057
14263.0,1.3219000000001024,6.4806356538375365,3.7746255536979265,0.2963588782636542,-0.2963588782636542,0,5.127630603767732,5.1184575091581745
14272.0,1.3385619999999812,6.549578586325169,3.8263327530636517,0.300094358730855,-0.300094358730855,0,5.187955669694411,5.178666578357732
14281.0,1.3715819999999617,6.549578586325169,3.8090970199417433,0.30749716541839506,-0.30749716541839506,0,5.179337803133456,5.169558909283881
14289.0,1.2260129999999598,5.773970595839295,3.378203691894035,0.2748618181531261,-0.2748618181531261,0,4.576087143866665,4.567258279586895
14298.0,1.3624879999999824,6.584050052568986,3.8263327530636517,0.3054583669927023,-0.3054583669927023,0,5.205191402816319,5.19558703110531
14307.0,1.3514400000000628,6.532342853203261,3.7746255536979265,0.302981498177336,-0.302981498177336,0,5.153484203450594,5.143925954423132
14315.0,1.2154540000000147,5.773970595839295,3.42991089125976,0.2724945790309766,-0.2724945790309766,0,4.601940743549527,4.5933444004648205
14324.0,1.3906249999999676,6.566814319447078,3.8090970199417433,0.31176644608922954,-0.31176644608922954,0,5.187955669694411,5.177914072714576
14333.0,1.3924560000000066,6.618521518812803,3.7746255536979265,0.31217694091191833,-0.31217694091191833,0,5.1965735362553644,5.186476888588422
14341.0,1.2529300000001085,5.825677795205019,3.343732225650218,0.2808963834956378,-0.2808963834956378,0,4.584705010427618,4.575456648877755
14350.0,1.400207999999921,6.549578586325169,3.8090970199417433,0.3139148742081392,-0.3139148742081392,0,5.179337803133456,5.169148043115
14359.0,1.4019769999999694,6.601285785690894,3.791861286819835,0.31431146915152575,-0.31431146915152575,0,5.1965735362553644,5.1863584744737
14367.0,1.2730100000000164,5.860149261448836,3.292025026284493,0.2853981508573947,-0.2853981508573947,0,4.576087143866665,4.566467570179171
14376.0,1.4759529999999614,6.635757251934711,3.74015408745411,0.33089626707756253,-0.33089626707756253,0,5.187955669694411,5.176562238575453
14385.0,1.5178830000001096,6.739171650666162,3.6712111549664765,0.34029662093612817,-0.34029662093612817,0,5.205191402816319,5.193068406250587
14393.0,1.353209999999988,5.980799393302195,3.22308209379686,0.3033783173122966,-0.3033783173122966,0,4.601940743549527,4.5910089918401065
14402.0,1.5015869999999987,6.704700184422345,3.7229183543322018,0.33664319459509107,-0.33664319459509107,0,5.213809269377274,5.202027677953361
14411.0,1.52648999999997,6.601285785690894,3.6712111549664765,0.3422262380517751,-0.3422262380517751,0,5.1362484703286855,5.1238980545168396
14420.0,1.5150139999999865,6.65299298505662,3.6712111549664765,0.3396534152308745,-0.3396534152308745,0,5.162102070011548,5.149969523292289
14428.0,1.3267209999999032,5.929092193936469,3.292025026284493,0.2974397059753192,-0.2974397059753192,0,4.610558610110481,4.600157604359065
14437.0,1.4560550000000099,6.601285785690894,3.6712111549664765,0.32643530258730197,-0.32643530258730197,0,5.1362484703286855,5.125006564994424
14446.0,1.4688720000000792,6.584050052568986,3.7056826212102933,0.32930876634607764,-0.32930876634607764,0,5.14486633688964,5.1334833283044565
14454.0,1.3358769999999751,5.946327927058378,3.22308209379686,0.299492404280337,-0.299492404280337,0,4.584705010427619,4.574028555070132
14463.0,1.5029900000000755,6.549578586325169,3.653975421844568,0.3369577354122683,-0.3369577354122683,0,5.101777004084869,5.089732612564231
14472.0,1.5057989999999615,6.618521518812803,3.6195039556007518,0.33758748962136786,-0.33758748962136786,0,5.119012737206777,5.106895707477058
14481.0,1.5383909999999796,6.704700184422345,3.6195039556007518,0.34489434230339655,-0.34489434230339655,0,5.1621020700115485,5.149514932626314
14489.0,1.3874510000000888,5.998035126424103,3.188610627553043,0.3110548619455176,-0.3110548619455176,0,4.593322876988573,4.5817659321176665
14498.0,1.6024779999998768,6.687464451300436,3.6022682224788434,0.35926210948037735,-0.35926210948037735,0,5.14486633688964,5.131160484188063
14507.0,1.5295410000000491,6.463399920715628,3.6712111549664765,0.3429102466285251,-0.3429102466285251,0,5.067305537841053,5.054811529939737
14516.0,1.42211899999997,6.411692721349903,3.757389820576018,0.3188271363926076,-0.3188271363926076,0,5.08454127096296,5.073858032103101
14525.0,1.317444000000091,6.44616418759372,3.7229183543322018,0.295359880486556,-0.295359880486556,0,5.08454127096296,5.075332652939008
14534.0,1.319640999999898,6.44616418759372,3.8263327530636517,0.29585242943540835,-0.29585242943540835,0,5.1362484703286855,5.127165901511097
14542.0,1.1718140000000772,5.636084730864027,3.378203691894035,0.2627108575335817,-0.2627108575335817,0,4.507144211379031,4.499003330253925
14551.0,1.298888999999979,6.377221255106086,3.8780399524293765,0.2912000053173186,-0.2912000053173186,0,5.127630603767731,5.11886805608097
14560.0,1.2523809999999986,6.291042589496544,3.84356848618556,0.28077330230628966,-0.28077330230628966,0,5.067305537841052,5.059070234025574
14569.0,1.1984859999999948,6.170392457643186,3.9642186180389185,0.2686904959336295,-0.2686904959336295,0,5.067305537841053,5.059847389462879
14578.0,1.1408080000000707,6.222099657008911,4.015925817404644,0.25575957273182354,-0.25575957273182354,0,5.119012737206777,5.112328060441454
14587.0,1.088866999999905,6.153156724521278,4.084868749892276,0.24411483674881398,-0.24411483674881398,0,5.119012737206777,5.112957011371485
14595.0,0.9092410000000211,5.325841534669677,3.688446888088385,0.2038441961050825,-0.2038441961050825,0,4.507144211379031,4.502385883204109
14604.0,0.9472659999999191,5.998035126424103,4.188283148623727,0.21236908175902333,-0.21236908175902333,0,5.093159137523915,5.088594203436745
14613.0,0.8727410000000209,5.877384994570744,4.239990347989452,0.19566120264368406,-0.19566120264368406,0,5.058687671280098,5.054806930996424
14622.0,0.8181770000000435,5.756734862717386,4.239990347989452,0.18342841208950442,-0.18342841208950442,0,4.998362605353419,4.9949214921538285
14631.0,0.7591549999999957,5.791206328961202,4.326169013598993,0.17019617537500997,-0.17019617537500997,0,5.058687671280097,5.055766033624287
14640.0,0.6962890000000155,5.670556197107844,4.343404746720902,0.15610214614366452,-0.15610214614366452,0,5.006980471914373,5.004505543912334
14649.0,0.6239620000000043,5.601613264620211,4.412347679208535,0.1398870401687973,-0.1398870401687973,0,5.006980471914373,5.00499964971916
14658.0,0.6018070000000085,5.567141798376394,4.412347679208535,0.13492007523353028,-0.13492007523353028,0,4.9897447387924645,4.9878969807936695
14667.0,0.5430299999998863,5.463727399644944,4.481290611696169,0.12174276546143127,-0.12174276546143127,0,4.972509005670556,4.971004704139853
14676.0,0.5164180000001042,5.429255933401127,4.46405487857426,0.11577657855751478,-0.11577657855751478,0,4.946655405987694,4.945288098381808
14685.0,0.46527099999997396,5.377548734035402,4.515762077939986,0.10430985070624876,-0.10430985070624876,0,4.946655405987694,4.945547592800912
14694.0,0.43768299999999666,5.308605801547769,4.498526344818077,0.09812485279904676,-0.09812485279904676,0,4.9035660731829225,4.902577851409818
14703.0,0.4027710000000669,5.343077267791585,4.5502335441838015,0.09029787560113536,-0.09029787560113536,0,4.946655405987693,4.945826129139128
14713.0,0.4205939999999308,5.877384994570744,5.0500698047191435,0.09429364251788577,-0.09429364251788577,0,5.463727399644943,5.462909231581077
14722.0,0.3482050000000307,5.2224271359382275,4.619176476671435,0.07806463666373917,-0.07806463666373917,0,4.920801806304832,4.920180373603211
14731.0,0.3455810000000367,5.274134335303953,4.56746927730571,0.07747635790092657,-0.07747635790092657,0,4.920801806304832,4.920188842805851
14740.0,0.3226320000000057,5.153484203450594,4.636412209793344,0.072331384833916,-0.072331384833916,0,4.894948206621969,4.894412389528892
14749.0,0.3054199999999369,5.2224271359382275,4.601940743549527,0.06847259898574745,-0.06847259898574745,0,4.912183939743877,4.911704868300552
14758.0,0.2886960000000675,5.153484203450594,4.619176476671435,0.06472321863924449,-0.06472321863924449,0,4.886330340061015,4.8859004577893925
14768.0,0.3102420000000216,5.722263396473569,5.1362484703286855,0.06955365088907775,-0.06955365088907775,0,5.429255933401127,5.42880916538319
14777.0,0.255797999999908,5.170719936572502,4.584705010427618,0.05734776332706942,-0.05734776332706942,0,4.87771247350006,4.87737416655199
14786.0,0.24774200000001276,5.0500698047191435,4.653647942915252,0.05554167578394153,-0.05554167578394153,0,4.851858873817198,4.851540467132145
14795.0,0.23956300000001285,5.153484203450594,4.619176476671435,0.053708012673783265,-0.053708012673783265,0,4.886330340061015,4.8860343169969624
14805.0,0.26647899999997926,5.636084730864027,5.205191402816319,0.05974235382465243,-0.05974235382465243,0,5.420638066840173,5.420308357704442
14814.0,0.23327700000004264,5.0500698047191435,4.56746927730571,0.05229874426561596,-0.05229874426561596,0,4.808769541012427,4.808484455949279
14823.0,0.2360229999999592,5.1362484703286855,4.705355142280977,0.05291437440381644,-0.05291437440381644,0,4.920801806304832,4.920516785374673
14832.0,0.2293090000000269,5.032834071597236,4.601940743549527,0.05140915199013767,-0.05140915199013767,0,4.817387407573381,4.8171125730037705
14842.0,0.2341310000000098,5.739499129595478,5.119012737206777,0.05249020389344515,-0.05249020389344515,0,5.429255933401127,5.429001381883905
14851.0,0.27374199999991955,5.153484203450594,4.515762077939986,0.061370657427656475,-0.061370657427656475,0,4.83462314069529,4.834231967985501
14860.0,0.3586430000000317,5.205191402816319,4.515762077939986,0.08040474860209765,-0.08040474860209765,0,4.860476740378152,4.8598084685878415
14869.0,0.4176630000000206,5.325841534669677,4.481290611696169,0.09363653693337554,-0.09363653693337554,0,4.9035660731829225,4.902665626171552
14879.0,0.47412200000008653,5.825677795205019,4.912183939743877,0.10629417057276269,-0.10629417057276269,0,5.3689308674744485,5.367871312964981
14888.0,0.4395749999999461,5.325841534669677,4.46405487857426,0.09854902330941805,-0.09854902330941805,0,4.894948206621969,4.893948741127563
14897.0,0.45452899999999224,5.360313000913494,4.446819145452352,0.10190158452098323,-0.10190158452098323,0,4.9035660731829225,4.902498352973749
14906.0,0.4575799999999698,5.308605801547769,4.429583412330444,0.10258559309771044,-0.10258559309771044,0,4.869094606939106,4.868005433418231
14916.0,0.5104980000000036,5.929092193936469,4.912183939743877,0.11444936427553391,-0.11444936427553391,0,5.420638066840173,5.419419546725886
14925.0,0.4663699999999684,5.325841534669677,4.395111946086627,0.1045562372764962,-0.1045562372764962,0,4.860476740378152,4.85934216626446
14934.0,0.47308300000002396,5.360313000913494,4.429583412330444,0.10606123549860091,-0.10606123549860091,0,4.894948206621969,4.893789112965454
14943.0,0.48602299999999454,5.377548734035402,4.429583412330444,0.10896227482436131,-0.10896227482436131,0,4.9035660731829225,4.902344502255632
14952.0,0.49054000000001824,5.29137006842586,4.395111946086627,0.10997494828916489,-0.10997494828916489,0,4.8432410072562435,4.8419821388264115
14962.0,0.5307620000000284,6.015270859546011,4.946655405987694,0.11899238289202653,-0.11899238289202653,0,5.480963132766853,5.4796595534572905
14971.0,0.4780269999999294,5.394784467157311,4.412347679208535,0.10716963877729627,-0.10716963877729627,0,4.9035660731829225,4.902383526615957
14980.0,0.49340800000006096,5.360313000913494,4.395111946086627,0.11061792980279887,-0.11061792980279887,0,4.87771247350006,4.876446276314271
14989.0,0.5068359999999256,5.446491666523036,4.343404746720902,0.1136283746301564,-0.1136283746301564,0,4.894948206621969,4.893612971699375
14998.0,0.5253910000000376,5.446491666523036,4.377876212964718,0.11778824979939376,-0.11778824979939376,0,4.912183939743877,4.910755474432245
15007.0,0.5728760000000899,5.463727399644944,4.326169013598993,0.12843398800528227,-0.12843398800528227,0,4.894948206621969,4.893241158073337
15017.0,0.6882319999999382,6.204863923887003,4.757062341646702,0.1542958344088941,-0.1542958344088941,0,5.480963132766853,5.478754197764534
15026.0,0.6647950000000131,5.618848997742119,4.205518881745635,0.14904145584028644,-0.14904145584028644,0,4.912183939743877,4.909876874128788
15035.0,0.7212519999999185,5.687791930229753,4.239990347989452,0.16169864109643423,-0.16169864109643423,0,4.963891139109602,4.961202621888488
15044.0,0.7868660000000777,5.825677795205019,4.15381168237991,0.17640874884924235,-0.17640874884924235,0,4.9897447387924645,4.986539736089541
15053.0,0.8574219999999817,5.8084420620831105,4.136575949258002,0.19222681149750648,-0.19222681149750648,0,4.972509005670556,4.968690317835126
15062.0,0.9006949999999695,5.8946207276926526,4.0503972836484605,0.2019282546770953,-0.2019282546770953,0,4.972509005670556,4.968269146395816
15071.0,0.9432989999999837,5.963563660180286,4.0503972836484605,0.21147971367516472,-0.21147971367516472,0,5.006980471914373,5.0023525481943265
15080.0,0.981079000000058,5.998035126424103,4.0503972836484605,0.2199496723867329,-0.2199496723867329,0,5.024216205036282,5.0192224250276904
15089.0,1.008545000000011,6.032506592667919,4.033161550526552,0.22610731891852423,-0.22610731891852423,0,5.032834071597236,5.027556032081679
15098.0,1.0197139999999763,6.049742325789827,4.015925817404644,0.22861131491770437,-0.22861131491770437,0,5.032834071597236,5.027431050218331
15107.0,1.0058590000000263,5.980799393302195,4.015925817404644,0.22550514027640942,-0.22550514027640942,0,4.998362605353419,4.993080995030544
15116.0,0.9891970000000457,5.929092193936469,4.102104483014185,0.22176965980918584,-0.22176965980918584,0,5.015598338475327,5.010535967227819
15125.0,0.9692379999998783,5.980799393302195,4.084868749892276,0.2172950196311743,-0.2172950196311743,0,5.032834071597236,5.027978687844563
15134.0,0.9309089999999995,5.860149261448836,4.119340216136093,0.20870197973032648,-0.20870197973032648,0,4.9897447387924645,4.985250000920319
15143.0,0.9003290000000999,5.860149261448836,4.084868749892276,0.20184620055090888,-0.20184620055090888,0,4.972509005670556,4.968283552874306
15152.0,0.8552249999998696,5.842913528326927,4.188283148623727,0.19173426254858564,-0.19173426254858564,0,5.015598338475327,5.011835780906249
15161.0,0.8224490000000398,5.739499129595478,4.205518881745635,0.18438615861188973,-0.18438615861188973,0,4.972509005670556,4.969011120621001
15170.0,0.8095090000000692,5.739499129595478,4.188283148623727,0.18148511928612934,-0.18148511928612934,0,4.963891139109602,4.960494310050134
15179.0,0.7887570000000486,5.739499129595478,4.1710474155018185,0.17683269516801678,-0.17683269516801678,0,4.955273272548649,4.952040502528558
15188.0,0.7760619999999018,5.705027663351661,4.2572260811113605,0.17398658278462897,-0.17398658278462897,0,4.981126872231511,4.978025856567758
15197.0,0.7682500000000553,5.739499129595478,4.239990347989452,0.17223519799232248,-0.17223519799232248,0,4.989744738792465,4.986706514385653
15206.0,0.7719109999999512,5.773970595839295,4.239990347989452,0.17305596344605748,-0.17305596344605748,0,5.006980471914373,5.003921023330654
15215.0,0.7810670000000229,5.705027663351661,4.205518881745635,0.1751086617510753,-0.1751086617510753,0,4.955273272548649,4.9521101168270185
15224.0,0.7907109999999887,5.791206328961202,4.1710474155018185,0.17727076555769028,-0.17727076555769028,0,4.98112687223151,4.977890278044364
15233.0,0.7937619999999662,5.773970595839295,4.188283148623727,0.17795477413441746,-0.17795477413441746,0,4.981126872231511,4.977868987083447
15242.0,0.821471999999968,5.773970595839295,4.188283148623727,0.18416712341703018,-0.18416712341703018,0,4.981126872231511,4.977637821419446
15251.0,0.8414920000000458,5.842913528326927,4.084868749892276,0.1886554392827242,-0.1886554392827242,0,4.963891139109602,4.960194770750636
15260.0,0.8638910000000903,5.842913528326927,4.119340216136093,0.19367710696881263,-0.19367710696881263,0,4.98112687223151,4.977250483497902
15269.0,0.8606569999998727,5.739499129595478,4.15381168237991,0.19295207132892375,-0.19295207132892375,0,4.946655405987694,4.942797976760213
15278.0,0.8502200000000537,5.825677795205019,4.119340216136093,0.19061218358220777,-0.19061218358220777,0,4.972509005670556,4.968749590378783
15287.0,0.8350219999999587,5.791206328961202,4.1710474155018185,0.1872049196198212,-0.1872049196198212,0,4.98112687223151,4.977517809068738
15296.0,0.8433229999999831,5.705027663351661,4.119340216136093,0.18906593410539016,-0.18906593410539016,0,4.912183939743877,4.908452831698147
15305.0,0.8317870000000679,5.842913528326927,4.136575949258002,0.18647965978840392,-0.18647965978840392,0,4.9897447387924645,4.9861595158231715
15315.0,0.9188839999999066,6.3944569882279945,4.584705010427618,0.20600607572007779,-0.20600607572007779,0,5.489580999327806,5.485612462123198
15324.0,0.825377999999993,5.756734862717386,4.1710474155018185,0.18504281581320625,-0.18504281581320625,0,4.963891139109602,4.960356031302034
15333.0,0.8286750000001799,5.756734862717386,4.119340216136093,0.1857819755239942,-0.1857819755239942,0,4.938037539426739,4.9344483164749295
15342.0,0.8046259999999723,5.739499129595478,4.188283148623727,0.1803903916950937,-0.1803903916950937,0,4.963891139109602,4.960535120590056
15351.0,0.8048709999998979,5.670556197107844,4.136575949258002,0.1804453186374891,-0.1804453186374891,0,4.9035660731829225,4.90016661643609
15360.0,0.807860999999965,5.756734862717386,4.15381168237991,0.18111565152653378,-0.18111565152653378,0,4.955273272548649,4.951878332460394
15369.0,0.802918000000038,5.722263396473569,4.15381168237991,0.1800074724394353,-0.1800074724394353,0,4.938037539426739,4.934675512283729
15378.0,0.8034660000000675,5.722263396473569,4.15381168237991,0.18013032943716373,-0.18013032943716373,0,4.938037539426739,4.934670926658003
15387.0,0.7911379999999723,5.722263396473569,4.136575949258002,0.17736649537160487,-0.17736649537160487,0,4.9294196728657855,4.926147610161842
15397.0,0.9058229999999918,6.377221255106086,4.56746927730571,0.20307790921052638,-0.20307790921052638,0,5.472345266205898,5.468475817048638
15406.0,0.8485720000000513,5.791206328961202,4.067633016770368,0.19024271582263505,-0.19024271582263505,0,4.9294196728657855,4.925637790217374
15415.0,0.8948969999999951,5.8946207276926526,4.0503972836484605,0.20062839177054795,-0.20062839177054795,0,4.972509005670556,4.968323478350348
15424.0,0.9447019999999589,5.929092193936469,4.033161550526552,0.2117942544923192,-0.2117942544923192,0,4.981126872231511,4.976462532986027
15433.0,0.992066000000067,6.015270859546011,3.998690084282735,0.2224128655144167,-0.2224128655144167,0,5.006980471914373,5.001841092175807
15442.0,1.027159999999953,6.066978058911736,3.981454351160827,0.23028064558382444,-0.23028064558382444,0,5.024216205036281,5.018711976597697
15451.0,1.0572509999999802,6.084213792033644,3.9125114186731933,0.23702679507004804,-0.23702679507004804,0,4.998362605353419,4.992476703607432
15460.0,1.0894780000000055,6.1014495251555525,3.94698288491701,0.2442518178174643,-0.2442518178174643,0,5.024216205036281,5.018006730429564
15469.0,1.117676000000003,6.153156724521278,3.895275685551285,0.25057357260169694,-0.25057357260169694,0,5.024216205036281,5.017651127936439
15478.0,1.1324459999999323,6.170392457643186,3.9297471517951017,0.2538848825585264,-0.2538848825585264,0,5.0500698047191435,5.043373727043356
15486.0,0.9889530000000987,5.446491666523036,3.4988538237473934,0.22171495705838729,-0.22171495705838729,0,4.472672745135215,4.466917301805719
15495.0,1.10876399999998,6.153156724521278,3.94698288491701,0.2485755770475005,-0.2485755770475005,0,5.0500698047191435,5.043660247410138
15504.0,1.0961309999999256,6.153156724521278,3.998690084282735,0.24574336454343773,-0.24574336454343773,0,5.0759234044020065,5.069707787434986
15513.0,1.0816650000000787,6.084213792033644,3.981454351160827,0.24250020883353812,-0.24250020883353812,0,5.032834071597236,5.026738322113992
15522.0,1.0643919999999978,6.084213792033644,4.015925817404644,0.23862774729766423,-0.23862774729766423,0,5.0500698047191435,5.044197230740135
15531.0,1.0646970000000588,6.1876281907650945,4.015925817404644,0.23869612573619095,-0.23869612573619095,0,5.10177700408487,5.095940065582358
15540.0,1.0578609999998985,6.135920991399369,4.084868749892276,0.23716355194705585,-0.23716355194705585,0,5.110394870645823,5.104672050245279
15549.0,1.0441900000000655,6.066978058911736,4.067633016770368,0.23409862856049662,-0.23409862856049662,0,5.067305537841052,5.06168999979744
15557.0,0.8893429999998659,5.394784467157311,3.6195039556007518,0.19938323161477634,-0.19938323161477634,0,4.507144211379031,4.50256430692921
15566.0,0.989014000000009,6.032506592667919,4.033161550526552,0.2217286327460698,-0.2217286327460698,0,5.032834071597236,5.027758120396748
15575.0,1.0005490000001493,6.032506592667919,4.0503972836484605,0.22431468287150483,-0.22431468287150483,0,5.04145193815819,5.036270288591735
15584.0,1.0197749999999883,6.135920991399369,4.067633016770368,0.2286249906054097,-0.2286249906054097,0,5.101777004084869,5.096444644810509
15593.0,1.036071999999976,6.084213792033644,4.015925817404644,0.23227864113802088,-0.23227864113802088,0,5.0500698047191435,5.044504975233666
15602.0,1.0265499999999328,6.049742325789827,4.067633016770368,0.2301438887067938,-0.2301438887067938,0,5.058687671280097,5.0532537136715465
15611.0,1.0136720000000548,6.1014495251555525,4.015925817404644,0.22725674926035844,-0.22725674926035844,0,5.058687671280098,5.053366398982623
15620.0,0.9914549999999664,6.066978058911736,4.119340216136093,0.22227588444576638,-0.22227588444576638,0,5.093159137523914,5.088133384531789
15629.0,1.0048219999999206,6.015270859546011,4.033161550526552,0.22527265358544138,-0.22527265358544138,0,5.024216205036282,5.018970983114668
15637.0,0.8964850000001674,5.412020200279219,3.6195039556007518,0.20098440803405782,-0.20098440803405782,0,4.515762077939986,4.511114394711599
15646.0,0.9970699999999043,6.084213792033644,4.0503972836484605,0.2235347202891977,-0.2235347202891977,0,5.067305537841053,5.062177340707116
15655.0,1.0090330000000067,6.153156724521278,4.102104483014185,0.22621672442014418,-0.22621672442014418,0,5.127630603767731,5.1224418621858705
15664.0,1.0578610000000004,6.222099657008911,4.033161550526552,0.23716355194707867,-0.23716355194707867,0,5.127630603767732,5.121895623695975
15673.0,1.0734870000000574,6.1014495251555525,4.033161550526552,0.2406667699149767,-0.2406667699149767,0,5.067305537841053,5.061354370206498
15682.0,1.0107420000000213,5.980799393302195,4.119340216136093,0.22659986786742223,-0.22659986786742223,0,5.0500698047191435,5.0448165741008015
15691.0,0.9241329999999748,5.929092193936469,4.188283148623727,0.20718285743732268,-0.20718285743732268,0,5.058687671280098,5.054321907889048
15699.0,0.7144779999999525,5.1362484703286855,3.8608042193074685,0.16017996718664698,-0.16017996718664698,0,4.498526344818077,4.495619129600142
15708.0,0.697265000000007,5.687791930229753,4.308933280477085,0.1563209571469044,-0.1563209571469044,0,4.998362605353419,4.995872779682606
15717.0,0.6932990000000501,5.687791930229753,4.291697547355177,0.15543181325464264,-0.15543181325464264,0,4.989744738792465,4.987277521305301
15727.0,0.7449339999999726,6.23933539013082,4.739826608524794,0.16700794660748297,-0.16700794660748297,0,5.489580999327806,5.486994262150105
15736.0,0.6625360000000121,5.549906065254485,4.377876212964718,0.14853500701208622,-0.14853500701208622,0,4.963891139109602,4.961639035102852
15745.0,0.6411749999999498,5.601613264620211,4.274461814233269,0.1437460502085399,-0.1437460502085399,0,4.938037539426739,4.9359083218344715
15754.0,0.6063839999999642,5.549906065254485,4.36064047984281,0.1359462001944195,-0.1359462001944195,0,4.955273272548648,4.953382354630753
15763.0,0.5930179999999885,5.498198865888761,4.36064047984281,0.13294965524634136,-0.13294965524634136,0,4.9294196728657855,4.927603670085015
15772.0,0.5742180000000527,5.584377531498302,4.429583412330444,0.1287348531347314,-0.1287348531347314,0,5.006980471914373,5.005304099042771
15781.0,0.5361330000000193,5.429255933401127,4.446819145452352,0.12019651598465929,-0.12019651598465929,0,4.938037539426739,4.936560759685863
15790.0,0.5028079999999779,5.429255933401127,4.46405487857426,0.11272533085859245,-0.11272533085859245,0,4.946655405987694,4.945359189415219
15799.0,0.45452899999999224,5.360313000913494,4.429583412330444,0.10190158452098323,-0.10190158452098323,0,4.894948206621969,4.8938782175709035
15808.0,0.43951400000003565,5.325841534669677,4.515762077939986,0.09853534762173552,-0.09853534762173552,0,4.920801806304832,4.919808837431067
15818.0,0.4915160000000098,5.980799393302195,4.963891139109602,0.11019375929240477,-0.11019375929240477,0,5.472345266205899,5.471226503000512
15827.0,0.4056999999999183,5.29137006842586,4.481290611696169,0.09095453280242906,-0.09095453280242906,0,4.886330340061015,4.885478195030963
15836.0,0.40112400000014475,5.325841534669677,4.498526344818077,0.08992863203318233,-0.08992863203318233,0,4.912183939743877,4.911355102950367
15845.0,0.3857419999999329,5.256898602182044,4.5502335441838015,0.08648011681606003,-0.08648011681606003,0,4.9035660731829225,4.902799687586955
15854.0,0.3844599999999019,5.239662869060136,4.56746927730571,0.08619270318269656,-0.08619270318269656,0,4.9035660731829225,4.9028051495854
15863.0,0.3680420000000719,5.308605801547769,4.5502335441838015,0.08251192546631718,-0.08251192546631718,0,4.9294196728657855,4.928725142722648
15873.0,0.3732299999999244,5.722263396473569,5.08454127096296,0.0836750314958111,-0.0836750314958111,0,5.403402333718265,5.4027523088241605
15882.0,0.3118290000001136,5.205191402816319,4.584705010427618,0.06990944296096795,-0.06990944296096795,0,4.894948206621969,4.894447049494694
15891.0,0.2884520000000187,5.187955669694411,4.653647942915252,0.06466851588842311,-0.06466851588842311,0,4.920801806304832,4.920375673664335
15900.0,0.2666009999999019,5.170719936572502,4.601940743549527,0.059769705200040296,-0.059769705200040296,0,4.886330340061015,4.885963587245858
15909.0,0.24328700000008155,5.153484203450594,4.67088367603716,0.054542902198462986,-0.054542902198462986,0,4.912183939743877,4.911880424528372
15919.0,0.25079299999999033,5.653320463985936,5.170719936572502,0.05622568436066873,-0.05622568436066873,0,5.412020200279219,5.411727577056512
15928.0,0.22259499999999285,5.119012737206777,4.705355142280977,0.04990392957643609,-0.04990392957643609,0,4.912183939743877,4.911930017012289
15937.0,0.22198499999997268,5.119012737206777,4.653647942915252,0.04976717269940546,-0.04976717269940546,0,4.886330340061015,4.886076345240897
15946.0,0.19805899999997162,5.067305537841052,4.739826608524794,0.04440316443755816,-0.04440316443755816,0,4.9035660731829225,4.903364819666839
15955.0,0.17120400000011915,5.101777004084869,4.688119409159069,0.03838249897441715,-0.03838249897441715,0,4.894948206621969,4.894797461156665
15965.0,0.18872099999994357,5.584377531498302,5.2224271359382275,0.04230966326104397,-0.04230966326104397,0,5.403402333718265,5.403236509023948
15974.0,0.17846599999997914,5.067305537841052,4.688119409159069,0.04001057838580152,-0.04001057838580152,0,4.87771247350006,4.877548135490639
15983.0,0.16442900000007288,5.0155983384753275,4.757062341646702,0.03686360087301023,-0.03686360087301023,0,4.886330340061015,4.886191194888619
15992.0,0.15325899999992554,5.0155983384753275,4.739826608524794,0.03435938068218761,-0.03435938068218761,0,4.877712473500061,4.877591364777306
16001.0,0.14721700000000412,5.0155983384753275,4.739826608524794,0.033004815024841684,-0.033004815024841684,0,4.877712473500061,4.877600725275994
16011.0,0.15563999999995104,5.5154345990106695,5.29137006842586,0.034893180885798514,-0.034893180885798514,0,5.403402333718265,5.4032896251464475
16020.0,0.12463400000004628,5.067305537841052,4.774298074768611,0.02794189608406319,-0.02794189608406319,0,4.920801806304832,4.920722406313657
16029.0,0.11273099999997765,4.998362605353419,4.826005274134335,0.0252733434492252,-0.0252733434492252,0,4.912183939743877,4.912118904939653
16038.0,0.10022000000004944,5.0155983384753275,4.722590875402886,0.02246848232059594,-0.02246848232059594,0,4.869094606939107,4.869042720286602
16047.0,0.08569399999996535,4.963891139109602,4.8432410072562435,0.01921187511454221,-0.01921187511454221,0,4.9035660731829225,4.903528432437742
16057.0,0.10302699999997822,5.532670332132577,5.360313000913494,0.023097788146501763,-0.023097788146501763,0,5.446491666523036,5.4464426777201815
16066.0,0.08624300000007509,5.0155983384753275,4.808769541012427,0.019334956303890313,-0.019334956303890313,0,4.912183939743877,4.912145870938945
16075.0,0.07464599999994417,4.946655405987694,4.8432410072562435,0.01673500629915309,-0.01673500629915309,0,4.894948206621969,4.894919596591656
16084.0,0.07305900000005572,5.032834071597236,4.826005274134335,0.016379214227308533,-0.016379214227308533,0,4.9294196728657855,4.929392449117779
16093.0,0.06304899999991503,4.946655405987694,4.826005274134335,0.014135056294438689,-0.014135056294438689,0,4.886330340061015,4.8863098923011705
16103.0,0.08154300000001483,5.532670332132577,5.325841534669677,0.018281255775970708,-0.018281255775970708,0,5.4292559334011266,5.429225144397432
16112.0,0.07617200000012576,5.032834071597236,4.8432410072562435,0.01707712268336076,-0.01707712268336076,0,4.938037539426739,4.938008000059192
16121.0,0.07574399999996012,4.912183939743877,4.860476740378152,0.016981168677803665,-0.016981168677803665,0,4.886330340061015,4.886300832687381
16130.0,0.06530799999991613,4.981126872231511,4.8432410072562435,0.014641505122638907,-0.014641505122638907,0,4.912183939743877,4.912162114983117
16139.0,0.053955000000037535,4.912183939743877,4.860476740378152,0.012096257868768702,-0.012096257868768702,0,4.886330340061015,4.886315367385416
16148.0,0.07678199999994237,5.0155983384753275,4.87771247350006,0.017213879560345754,-0.017213879560345754,0,4.946655405987694,4.946625449127848
16157.0,0.06384300000005207,4.946655405987694,4.860476740378152,0.014313064426205037,-0.014313064426205037,0,4.9035660731829225,4.903545182435168
16167.0,0.06628399999990768,5.549906065254485,5.360313000913494,0.01486031612587879,-0.01486031612587879,0,5.45510953308399,5.455089286518012
16176.0,0.04986600000007772,4.981126872231511,4.87771247350006,0.011179538409499408,-0.011179538409499408,0,4.9294196728657855,4.929406994360184
16185.0,0.06091299999991683,4.946655405987694,4.8432410072562435,0.013656183033246025,-0.013656183033246025,0,4.894948206621969,4.894929155239833
16194.0,0.051819000000039334,5.032834071597236,4.87771247350006,0.011617384607576038,-0.011617384607576038,0,4.955273272548649,4.955259651085872
16203.0,0.04766800000008882,4.912183939743877,4.826005274134335,0.010686765269004535,-0.010686765269004535,0,4.869094606939106,4.869082878322895
16212.0,0.0383309999999375,4.981126872231511,4.9294196728657855,0.008593488284064397,-0.008593488284064397,0,4.955273272548649,4.955265820902643
16222.0,0.02801499999996088,5.463727399644944,5.394784467157311,0.006280727721116601,-0.006280727721116601,0,5.429255933401127,5.42925230039028
16231.0,0.021301000000028582,4.9294196728657855,4.8432410072562435,0.004775505307437839,-0.004775505307437839,0,4.886330340061015,4.886328006284277
16240.0,0.02154500000007736,4.963891139109602,4.894948206621969,0.0048302080582592185,-0.0048302080582592185,0,4.9294196728657855,4.929417306255148
16249.0,0.02233900000001084,4.860476740378152,4.894948206621969,0.0050082161899799305,-0.0050082161899799305,0,4.87771247350006,4.8777099023642165
16258.0,0.01885999999996941,4.963891139109602,4.860476740378152,0.004228253607718451,-0.004228253607718451,0,4.912183939743877,4.912182119769297
16268.0,0.03326399999992734,5.412020200279219,5.394784467157311,0.0074575094383386754,-0.0074575094383386754,0,5.403402333718265,5.403397187469142
16277.0,0.03369200000009299,4.9294196728657855,4.912183939743877,0.0075534634438957715,-0.0075534634438957715,0,4.920801806304832,4.9207960089890275
16286.0,0.024291999999972454,4.860476740378152,4.87771247350006,0.00544606238805656,-0.00544606238805656,0,4.869094606939106,4.869091561233178
16295.0,-0.00036700000005167517,4.894948206621969,4.912183939743877,-8.227831782893339e-05,8.227831782893339e-05,0,4.9035660731829225,4.9035660724926355
16304.0,-0.033385999999951725,4.87771247350006,4.963891139109602,-0.007484860813749365,0.007484860813749365,0,4.920801806304832,4.920796113397213
16313.0,-0.07336400000001492,4.808769541012427,4.9294196728657855,-0.016447592665812437,0.016447592665812437,0,4.869094606939106,4.869066823281164
16323.0,-0.05468799999995882,5.412020200279219,5.498198865888761,-0.012260590312784068,0.012260590312784068,0,5.45510953308399,5.455095754177834
16332.0,-0.042846000000105945,4.8432410072562435,4.894948206621969,-0.009605713365697058,0.009605713365697058,0,4.869094606939106,4.869085131659943
16341.0,-0.02832100000000036,4.9294196728657855,4.9294196728657855,-0.00634933035124019,0.00634933035124019,0,4.9294196728657855,4.92941558374897
16350.0,-0.008910999999942689,4.894948206621969,4.9294196728657855,-0.001997771362576771,0.001997771362576771,0,4.912183939743877,4.912183533494934
16359.0,0.00024400000004877709,4.912183939743877,4.860476740378152,5.470275082137948e-05,-5.470275082137948e-05,0,4.886330340061015,4.886330339754806
16369.0,-0.007141000000119435,5.480963132766853,5.429255933401127,-0.001600952227638994,0.001600952227638994,0,5.45510953308399,5.455109298156954
16378.0,0.014466000000152184,4.894948206621969,4.9294196728657855,0.003243155709968069,-0.003243155709968069,0,4.912183939743877,4.912182869121812
16387.0,0.04199199999993522,4.963891139109602,4.912183939743877,0.00941425373782223,-0.00941425373782223,0,4.938037539426739,4.938028565177294
16396.0,0.004149999999972008,4.87771247350006,4.808769541012427,0.0009303951469746378,-0.0009303951469746378,0,4.8432410072562435,4.843240917886444
16405.0,0.022400000000023033,4.894948206621969,4.87771247350006,0.005021891877685276,-0.005021891877685276,0,4.886330340061015,4.886327759447882
16415.0,0.036498999999919984,5.394784467157311,5.377548734035402,0.008182769269778775,-0.008182769269778775,0,5.386166600596356,5.38616038487993
16424.0,0.04614300000008929,4.9294196728657855,4.808769541012427,0.010344873076439366,-0.010344873076439366,0,4.869094606939106,4.869083615936242
16433.0,0.06451399999998264,4.946655405987694,4.808769541012427,0.014463496990918194,-0.014463496990918194,0,4.87771247350006,4.877691025622023
16442.0,0.044066999999921225,4.9294196728657855,4.860476740378152,0.009879451311309548,-0.009879451311309548,0,4.894948206621969,4.894938236332546
16451.0,0.0460820000000771,4.946655405987694,4.826005274134335,0.010331197388734023,-0.010331197388734023,0,4.886330340061015,4.886319416776642
16461.0,0.04418899999994561,5.412020200279219,5.360313000913494,0.009906802686720239,-0.009906802686720239,0,5.386166600596356,5.386157489594135
16470.0,0.0015869999999902273,4.946655405987694,4.946655405987694,0.0003557920718673777,-0.0003557920718673777,0,4.946655405987694,4.946655393192382
16479.0,0.027588000000079074,4.87771247350006,4.826005274134335,0.006184997907224822,-0.006184997907224822,0,4.851858873817198,4.851854931489145
16488.0,0.02654999999999504,4.9294196728657855,4.860476740378152,0.0059522870246599136,-0.0059522870246599136,0,4.894948206621969,4.894944587437742
16497.0,0.03509599999994485,4.9294196728657855,4.791533807890519,0.007868228452624297,-0.007868228452624297,0,4.860476740378152,4.8604703704931715
16507.0,0.02178900000002436,5.463727399644944,5.446491666523036,0.00488491080905778,-0.00488491080905778,0,5.45510953308399,5.455107345923617
16516.0,0.027405000000042493,4.946655405987694,4.87771247350006,0.006143970844108788,-0.006143970844108788,0,4.912183939743877,4.912180097237882
16525.0,0.0339349999999597,4.860476740378152,4.8432410072562435,0.007607942003074651,-0.007607942003074651,0,4.851858873817198,4.8518529090046485
16534.0,0.009583000000055335,4.9294196728657855,4.87771247350006,0.0021484281189324285,-0.0021484281189324285,0,4.9035660731829225,4.903565602518211
16544.0,-0.010132000000063307,5.360313000913494,5.463727399644944,-0.0022715093082577146,0.0022715093082577146,0,5.412020200279219,5.412019723541818
16553.0,-0.0065919999999079085,4.860476740378152,4.946655405987694,-0.0014778710382680725,0.0014778710382680725,0,4.9035660731829225,4.903565850460185
16562.0,-0.009704000000101215,4.912183939743877,4.860476740378152,-0.0021755553027462543,0.0021755553027462543,0,4.886330340061015,4.886329855733068
16571.0,-0.016480000000024215,4.87771247350006,4.9294196728657855,-0.0036946775957272253,0.0036946775957272253,0,4.9035660731829225,4.903564681235105
16580.0,-0.0035399999998500646,4.946655405987694,4.9294196728657855,-0.0007936382699211892,0.0007936382699211892,0,4.938037539426739,4.9380374756500265
16589.0,0.006042999999899938,4.8432410072562435,4.826005274134335,0.0013547898489427864,-0.0013547898489427864,0,4.834623140695289,4.834622950870642
16599.0,0.00866699999999569,5.498198865888761,5.429255933401127,0.001943068611778209,-0.001943068611778209,0,5.463727399644944,5.463727054123902
16608.0,0.01446499999997012,4.87771247350006,4.8432410072562435,0.0032429315183255696,-0.0032429315183255696,0,4.860476740378152,4.860475658515803
16617.0,0.027466000000054686,4.9294196728657855,4.87771247350006,0.006157646531814133,-0.006157646531814133,0,4.9035660731829225,4.903562206851824
16626.0,0.020874000000045,4.894948206621969,4.87771247350006,0.004679775493523243,-0.004679775493523243,0,4.886330340061015,4.886328099079521
16635.0,0.012816999999967698,4.9294196728657855,4.87771247350006,0.0028734637587528467,-0.0028734637587528467,0,4.9035660731829225,4.90356523124246
16645.0,0.0018920000000511986,5.480963132766853,5.429255933401127,0.000424170510394102,-0.000424170510394102,0,5.45510953308399,5.455109516592602
16654.0,-0.00476000000009395,4.826005274134335,4.894948206621969,-0.0010671520240280866,0.0010671520240280866,0,4.860476740378152,4.860476623221878
16663.0,-0.020141999999898668,4.912183939743877,4.946655405987694,-0.004515667241059104,0.004515667241059104,0,4.9294196728657855,4.929417604520173
16672.0,-0.020874000000045,4.826005274134335,4.87771247350006,-0.004679775493523243,0.004679775493523243,0,4.851858873817198,4.8518566168569475
16681.0,-0.028137000000087047,4.8432410072562435,4.9294196728657855,-0.0063080790965501085,0.0063080790965501085,0,4.886330340061015,4.886326267996301
16691.0,-0.018371999999973635,5.377548734035402,5.446491666523036,-0.00411884810609851,0.00411884810609851,0,5.412020200279219,5.412018632880169
16700.0,-0.024657999999943843,4.894948206621969,4.963891139109602,-0.005528116514265811,0.005528116514265811,0,4.9294196728657855,4.929416572953431
16709.0,-0.026367000000060235,4.87771247350006,4.946655405987694,-0.005911259961566696,0.005911259961566696,0,4.912183939743877,4.912180382804878
16718.0,-0.03479000000000715,4.894948206621969,4.912183939743877,-0.007799625822523526,0.007799625822523526,0,4.9035660731829225,4.9035598701222805
16727.0,-0.027466000000054686,4.87771247350006,4.9294196728657855,-0.006157646531814133,0.006157646531814133,0,4.9035660731829225,4.903562206851824
16737.0,-0.03137199999987614,5.377548734035402,5.429255933401127,-0.007033338927944574,0.007033338927944574,0,5.403402333718265,5.403397756146296
16746.0,-0.021362000000040775,4.894948206621969,4.912183939743877,-0.004789180995143184,0.004789180995143184,0,4.9035660731829225,4.903563734445289
16755.0,-0.009461000000030948,4.860476740378152,4.87771247350006,-0.002121076743521739,0.002121076743521739,0,4.869094606939106,4.869094144945618
16764.0,-0.010802999999993889,4.9294196728657855,4.946655405987694,-0.002421941872970873,0.002421941872970873,0,4.938037539426739,4.93803694548439
16773.0,0.00256299999998178,4.9294196728657855,4.87771247350006,0.0005746030751072602,-0.0005746030751072602,0,4.9035660731829225,4.903566039515805
16782.0,0.015136999999980989,4.9294196728657855,4.860476740378152,0.0033935882746584096,-0.0033935882746584096,0,4.894948206621969,4.894947030204169
16792.0,0.02575700000004007,5.498198865888761,5.412020200279219,0.005774503084536065,-0.005774503084536065,0,5.45510953308399,5.4551064765973845
16801.0,0.02844200000004624,4.912183939743877,4.860476740378152,0.006376457535054015,-0.006376457535054015,0,4.886330340061015,4.88632617944413
16810.0,0.04498299999998087,4.946655405987694,4.87771247350006,0.010084810818463769,-0.010084810818463769,0,4.912183939743877,4.912173587108714
16819.0,0.04284700000008445,4.894948206621969,4.826005274134335,0.009605937557293921,-0.009605937557293921,0,4.860476740378152,4.860467247646014
16828.0,0.0361329999999486,4.9294196728657855,4.946655405987694,0.008100715143569524,-0.008100715143569524,0,4.938037539426739,4.93803089491941
16838.0,0.026427999999970652,5.463727399644944,5.412020200279219,0.005924935649249224,-0.005924935649249224,0,5.437873799962082,5.437870572080559
16847.0,0.01696800000001999,4.860476740378152,4.912183939743877,0.0038040830973471666,-0.0038040830973471666,0,4.886330340061015,4.886328859251721
16856.0,-0.0020139999999738093,4.998362605353419,4.860476740378152,-0.00045152188578197406,0.00045152188578197406,0,4.9294196728657855,4.929419652182631
16865.0,-0.0003060000000394809,4.8432410072562435,4.894948206621969,-6.860263012358853e-05,6.860263012358853e-05,0,4.869094606939106,4.869094606455807
16874.0,0.00012200000002438854,4.912183939743877,4.894948206621969,2.735137541068974e-05,-2.735137541068974e-05,0,4.9035660731829225,4.903566073106642
16883.0,-0.016967000000041484,4.860476740378152,4.894948206621969,-0.0038038589057503027,0.0038038589057503027,0,4.87771247350006,4.877710990272346
16893.0,-0.015380999999927987,5.480963132766853,5.480963132766853,-0.003448291025456971,0.003448291025456971,0,5.480963132766853,5.480962048038934
16902.0,-0.009705000000079725,4.894948206621969,4.946655405987694,-0.002175779494343118,0.002175779494343118,0,4.920801806304832,4.920801325270786
16911.0,-0.020080000000009743,4.87771247350006,4.912183939743877,-0.004501767361779713,0.004501767361779713,0,4.894948206621969,4.894946136513468
16920.0,-0.02288799999991703,4.9294196728657855,4.912183939743877,-0.005131297379282399,0.005131297379282399,0,4.920801806304832,4.92079913090018
16929.0,-0.007934999999951137,4.894948206621969,4.912183939743877,-0.0017789603593368884,0.0017789603593368884,0,4.9035660731829225,4.903565750488237
16938.0,0.013671999999913372,4.946655405987694,4.87771247350006,0.003065147578178904,-0.003065147578178904,0,4.912183939743877,4.912182983388237
16948.0,0.022949000000031004,5.412020200279219,5.377548734035402,0.005144973067010562,-0.005144973067010562,0,5.394784467157311,5.394782013769213
16957.0,0.04302999999991748,4.946655405987694,4.894948206621969,0.009646964620364322,-0.009646964620364322,0,4.920801806304832,4.920792349896024
16966.0,0.04003900000007538,4.912183939743877,4.87771247350006,0.008976407539768418,-0.008976407539768418,0,4.894948206621969,4.894939976025372
16975.0,0.044066999999921225,4.963891139109602,4.894948206621969,0.009879451311309548,-0.009879451311309548,0,4.9294196728657855,4.929409772305089
16984.0,0.033875000000129565,4.946655405987694,4.860476740378152,0.007594490507011806,-0.007594490507011806,0,4.9035660731829225,4.903560191684097
16993.0,0.02770999999989991,4.946655405987694,4.894948206621969,0.006212349282589877,-0.006212349282589877,0,4.920801806304832,4.920797884758675
17003.0,0.030029000000036467,5.480963132766853,5.412020200279219,0.006732249606921393,-0.006732249606921393,0,5.446491666523036,5.4464875055923665
17012.0,0.007384999999964656,4.860476740378152,4.860476740378152,0.001655654978414738,-0.001655654978414738,0,4.860476740378152,4.860476458390055
17021.0,-0.017090000000044382,4.946655405987694,4.963891139109602,-0.003831434472757856,0.003831434472757856,0,4.955273272548649,4.9552717913056235
17030.0,-0.026854999999954235,4.860476740378152,4.912183939743877,-0.00602066546316382,0.00602066546316382,0,4.886330340061015,4.886326630796228
17039.0,-0.01678499999998341,4.894948206621969,4.963891139109602,-0.003763056034231132,0.003763056034231132,0,4.9294196728657855,4.929418236461707
17048.0,-0.024657999999943843,4.87771247350006,4.912183939743877,-0.005528116514265811,0.005528116514265811,0,4.894948206621969,4.894945084993244
17058.0,-0.053284000000106954,5.429255933401127,5.498198865888761,-0.011945825304055543,0.011945825304055543,0,5.463727399644944,5.463714340070356
17067.0,-0.03198199999999808,4.894948206621969,4.946655405987694,-0.007170095804998022,0.007170095804998022,0,4.920801806304832,4.9207965823989355
17076.0,-0.02825900000000966,4.8432410072562435,4.87771247350006,-0.00633543047193798,0.00633543047193798,0,4.860476740378152,4.860472611345653
17085.0,-0.023742999999964483,4.894948206621969,4.963891139109602,-0.005322981198731274,0.005322981198731274,0,4.9294196728657855,4.929416798745544
17094.0,-0.03997800000006319,4.808769541012427,4.946655405987694,-0.008962731852063073,0.008962731852063073,0,4.87771247350006,4.87770423742521
17104.0,-0.021850999999913284,5.429255933401127,5.480963132766853,-0.004898810688337172,0.004898810688337172,0,5.45510953308399,5.455107333414988
17113.0,-0.016479000000045707,4.87771247350006,4.9294196728657855,-0.003694453404130361,0.003694453404130361,0,4.9035660731829225,4.903564681404025
17122.0,-0.01690699999990602,4.912183939743877,4.9294196728657855,-0.003790407409619004,0.003790407409619004,0,4.920801806304832,4.9208003464587975
17131.0,-0.01165800000004134,4.912183939743877,4.912183939743877,-0.0026136256924197475,0.0026136256924197475,0,4.912183939743877,4.912183244428118
17140.0,-0.006408000000096371,4.860476740378152,4.87771247350006,-0.0014366197836008091,0.0014366197836008091,0,4.869094606939106,4.869094395002094
17149.0,-0.016296999999987634,4.912183939743877,4.894948206621969,-0.003653650532611191,0.003653650532611191,0,4.9035660731829225,4.9035647120104935
17159.0,-0.03137199999987614,5.377548734035402,5.480963132766853,-0.007033338927944574,0.007033338927944574,0,5.429255933401127,5.4292513773181135
17168.0,-0.018799000000058998,4.912183939743877,4.912183939743877,-0.004214577920035924,0.004214577920035924,0,4.912183939743877,4.912182131723508
17177.0,-0.0070189999999932685,4.87771247350006,4.894948206621969,-0.0015736008522054866,0.0015736008522054866,0,4.886330340061015,4.886330086677905
17186.0,-0.003111999999989751,4.9294196728657855,4.894948206621969,-0.0006976842644325463,0.0006976842644325463,0,4.912183939743877,4.912183890196738
17195.0,-0.013427999999966371,4.860476740378152,4.912183939743877,-0.003010444827380342,0.003010444827380342,0,4.886330340061015,4.8863294126749635
17205.0,-0.025818000000052264,5.394784467157311,5.446491666523036,-0.00578817877224141,0.00578817877224141,0,5.420638066840173,5.420634976452421
17214.0,-0.039062000000003545,4.894948206621969,4.9294196728657855,-0.008757372344908854,0.008757372344908854,0,4.912183939743877,4.912176133406339
17223.0,-0.027955000000028974,4.826005274134335,4.912183939743877,-0.006267276225030938,0.006267276225030938,0,4.869094606939106,4.869090573152339
17232.0,-0.0062249999999580115,4.860476740378152,4.912183939743877,-0.0013955927204619568,0.0013955927204619568,0,4.886330340061015,4.8863301407567
17241.0,-0.0018920000000511986,4.8432410072562435,4.894948206621969,-0.000424170510394102,0.000424170510394102,0,4.869094606939106,4.869094588462807
17251.0,0.005858999999986623,5.5154345990106695,5.463727399644944,0.0013135385942527051,-0.0013135385942527051,0,5.489580999327806,5.489580842173569
17260.0,0.008240000000012107,4.87771247350006,4.87771247350006,0.0018473387978636127,-0.0018473387978636127,0,4.87771247350006,4.877712123678265
17269.0,0.012939000000093863,4.894948206621969,4.826005274134335,0.0029008151341863545,-0.0029008151341863545,0,4.860476740378152,4.860475874706951
17278.0,0.008240000000012107,4.894948206621969,4.87771247350006,0.0018473387978636127,-0.0018473387978636127,0,4.886330340061015,4.886329990855103
17287.0,0.009154999999991467,4.860476740378152,4.87771247350006,0.00205247411339815,-0.00205247411339815,0,4.869094606939106,4.8690941743471186
17297.0,-0.01562500000007854,5.446491666523036,5.480963132766853,-0.0035029937763011686,0.0035029937763011686,0,5.463727399644944,5.463726276685944
17306.0,-0.02313199999996581,4.791533807890519,4.8432410072562435,-0.005186000130103779,0.005186000130103779,0,4.817387407573381,4.817384616086386
17315.0,-0.02978499999998769,4.894948206621969,4.912183939743877,-0.006677546856100013,0.006677546856100013,0,4.9035660731829225,4.903561526521671
17324.0,-0.02313199999996581,4.8432410072562435,4.826005274134335,-0.005186000130103779,0.005186000130103779,0,4.834623140695289,4.834620359231376
17334.0,0.005615000000039624,5.360313000913494,5.325841534669677,0.0012588358434541436,-0.0012588358434541436,0,5.343077267791585,5.34307711949838
17343.0,0.00042699999988180437,4.860476740378152,4.894948206621969,9.572981389177866e-05,-9.572981389177866e-05,0,4.87771247350006,4.8777124725606535
17352.0,-0.018615999999920637,4.8432410072562435,4.9294196728657855,-0.004173550856897071,0.004173550856897071,0,4.886330340061015,4.886328557550354
17361.0,-0.01788299999999935,4.8432410072562435,4.912183939743877,-0.004009218412881705,0.004009218412881705,0,4.87771247350006,4.877710825737195
17371.0,-0.0420530000000492,5.343077267791585,5.412020200279219,-0.009427929425550392,0.009427929425550392,0,5.377548734035402,5.37754046918228
17380.0,-0.022155999999974255,4.87771247350006,4.963891139109602,-0.0049671891268638965,0.0049671891268638965,0,4.920801806304832,4.920799299107637
17389.0,-0.007629000000013433,4.826005274134335,4.860476740378152,-0.0017103577292361175,0.0017103577292361175,0,4.8432410072562435,4.843240705251829
17398.0,-0.009949000000026723,4.860476740378152,4.894948206621969,-0.00223048224514168,0.00223048224514168,0,4.87771247350006,4.877711963515882
17408.0,-0.03289799999995595,5.429255933401127,5.446491666523036,-0.007375455312129424,0.007375455312129424,0,5.437873799962082,5.437868798245912
17417.0,-0.030579000000022945,4.808769541012427,4.860476740378152,-0.006855554987843544,0.006855554987843544,0,4.834623140695289,4.834618279933036
17426.0,-0.027343000000051788,4.8432410072562435,4.963891139109602,-0.006130070964806579,0.006130070964806579,0,4.9035660731829225,4.90356224092967
17435.0,-0.042969000000007064,4.8432410072562435,4.8432410072562435,-0.009633288932681793,0.009633288932681793,0,4.8432410072562435,4.84323142689671
17444.0,-0.0106809999999695,4.9294196728657855,4.9294196728657855,-0.002394590497560183,0.002394590497560183,0,4.9294196728657855,4.929419091249386
17454.0,-0.007568999999979749,5.394784467157311,5.412020200279219,-0.0016969062331276367,0.0016969062331276367,0,5.403402333718265,5.403402067265972
17463.0,0.012389999999984115,4.9294196728657855,4.791533807890519,0.0027777339448382507,-0.0027777339448382507,0,4.860476740378152,4.8604759464892915
17472.0,0.03332600000001982,4.9294196728657855,4.808769541012427,0.007471409317663703,-0.007471409317663703,0,4.869094606939106,4.8690888737964135
17481.0,0.063353999999976,4.9294196728657855,4.8432410072562435,0.014203434732965413,-0.014203434732965413,0,4.886330340061015,4.886309695532898
17491.0,0.06835999999997397,5.463727399644944,5.360313000913494,0.01532573789098579,-0.01532573789098579,0,5.412020200279219,5.411998498746165
17500.0,0.04339600000009242,4.860476740378152,4.774298074768611,0.009729018746619208,-0.009729018746619208,0,4.817387407573381,4.817377582632863
17509.0,0.054686999999878534,4.963891139109602,4.826005274134335,0.012260366121164388,-0.012260366121164388,0,4.894948206621969,4.8949328493916475
17518.0,0.0484010000000101,4.8432410072562435,4.87771247350006,0.010851097713019902,-0.010851097713019902,0,4.860476740378152,4.86046462764021
17528.0,0.033447000000065695,5.429255933401127,5.377548734035402,0.007498536501477528,-0.007498536501477528,0,5.403402333718265,5.403397130583995
17537.0,0.008911000000044467,4.9294196728657855,4.87771247350006,0.0019977713625995886,-0.0019977713625995886,0,4.9035660731829225,4.903565666213709
17546.0,-0.004577000000057368,4.8432410072562435,4.912183939743877,-0.001026124960912052,0.001026124960912052,0,4.87771247350006,4.877712365561657
17555.0,-0.02179000000000287,4.808769541012427,4.87771247350006,-0.004885135000654644,0.004885135000654644,0,4.8432410072562435,4.843238543437623
17565.0,-0.06878599999997904,5.29137006842586,5.463727399644944,-0.015421243513303522,0.015421243513303522,0,5.377548734035402,5.377526616674336
17574.0,-0.075866999999963,4.87771247350006,4.946655405987694,-0.01700874424481122,0.01700874424481122,0,4.912183939743877,4.9121544916379385
17583.0,-0.05639700000007521,4.791533807890519,4.946655405987694,-0.012643733760084954,0.012643733760084954,0,4.869094606939107,4.869078186661754
17592.0,-0.05822700000003393,4.860476740378152,4.9294196728657855,-0.013054004391154029,0.013054004391154029,0,4.894948206621969,4.8949307994334035
17602.0,-0.04009999999988402,5.412020200279219,5.412020200279219,-0.008990083227428128,0.008990083227428128,0,5.412020200279219,5.412012733434475
17611.0,-0.006470000000087075,4.87771247350006,4.87771247350006,-0.0014505196629030182,0.0014505196629030182,0,4.87771247350006,4.8777122578244585
17620.0,0.011718999999951756,4.912183939743877,4.87771247350006,0.0026273013801022746,-0.0026273013801022746,0,4.894948206621969,4.894947501528028
17629.0,0.01672300000009448,4.860476740378152,4.826005274134335,0.0037491561549517407,-0.0037491561549517407,0,4.8432410072562435,4.843239556126354
17638.0,0.04480000000004607,4.963891139109602,4.8432410072562435,0.010043783755370551,-0.010043783755370551,0,4.9035660731829225,4.903555785512412
17648.0,0.06310999999992722,5.429255933401127,5.343077267791585,0.014148731982144034,-0.014148731982144034,0,5.386166600596356,5.386148016099451
17657.0,0.0783090000000007,4.963891139109602,4.8432410072562435,0.01755622013612747,-0.01755622013612747,0,4.9035660731829225,4.903534640491885
17666.0,0.06829799999998326,4.946655405987694,4.774298074768611,0.01531183801168358,-0.01531183801168358,0,4.860476740378152,4.8604526147238625
17675.0,0.06420900000002346,4.981126872231511,4.87771247350006,0.014395118552414288,-0.014395118552414288,0,4.9294196728657855,4.929398652043001
17684.0,0.05786099999996076,4.9294196728657855,4.8432410072562435,0.01297195026492196,-0.01297195026492196,0,4.886330340061015,4.886313120217241
17694.0,0.041443000000029026,5.377548734035402,5.360313000913494,0.009291172548519761,-0.009291172548519761,0,5.3689308674744485,5.368922828079084
17703.0,-0.019226000000042577,4.87771247350006,4.9294196728657855,-0.00431030773395052,0.00431030773395052,0,4.9035660731829225,4.903564178718956
17712.0,-0.05218500000001072,4.808769541012427,4.912183939743877,-0.011699438733785289,0.011699438733785289,0,4.860476740378152,4.860462658244713
17721.0,-0.07342499999992533,4.826005274134335,5.0155983384753275,-0.016461268353494967,0.016461268353494967,0,4.920801806304832,4.920774262858881
17731.0,-0.09759600000005546,5.343077267791585,5.463727399644944,-0.021880203557783334,0.021880203557783334,0,5.403402333718265,5.403358028568952
17740.0,-0.0761099999999315,4.8432410072562435,4.963891139109602,-0.017063222804012915,0.017063222804012915,0,4.9035660731829225,4.903536381016725
17749.0,-0.0509039999999582,4.8432410072562435,4.9294196728657855,-0.011412249292018683,0.011412249292018683,0,4.886330340061015,4.8863170121625314
17758.0,-0.025634000000138952,4.860476740378152,4.860476740378152,-0.00574692751755133,0.00574692751755133,0,4.860476740378152,4.860473342857391
17767.0,-0.013305999999941984,4.894948206621969,4.894948206621969,-0.0029830934519696523,0.0029830934519696523,0,4.894948206621969,4.894947297639515
17777.0,0.012938999999992085,5.394784467157311,5.343077267791585,0.0029008151341635368,-0.0029008151341635368,0,5.3689308674744485,5.368930083806161
17786.0,0.04534899999995226,4.894948206621969,4.8432410072562435,0.01016686494467302,-0.01016686494467302,0,4.869094606939106,4.869083992263548
17795.0,0.057068000000107574,4.912183939743877,4.791533807890519,0.01279416632482093,-0.01279416632482093,0,4.851858873817198,4.8518420024334175
17804.0,0.07043499999995997,4.981126872231511,4.826005274134335,0.01579093546447311,-0.01579093546447311,0,4.9035660731829225,4.903540641273079
17814.0,0.09198000000003734,5.532670332132577,5.377548734035402,0.020621143522732328,-0.020621143522732328,0,5.45510953308399,5.4550705500925805
17823.0,0.08117699999994167,4.946655405987694,4.774298074768611,0.018199201649738636,-0.018199201649738636,0,4.860476740378152,4.8604426581651445
17832.0,0.06451399999998264,4.946655405987694,4.774298074768611,0.014463496990918194,-0.014463496990918194,0,4.860476740378152,4.860455213977639
17841.0,0.061035000000043,4.894948206621969,4.826005274134335,0.013683534408679534,-0.013683534408679534,0,4.860476740378152,4.860457478129915
17850.0,0.04480000000004607,4.946655405987694,4.894948206621969,0.010043783755370551,-0.010043783755370551,0,4.920801806304832,4.920791555936543
17860.0,0.009032999999967078,5.412020200279219,5.377548734035402,0.0020251227379874605,-0.0020251227379874605,0,5.394784467157311,5.394784087052827
17869.0,0.009826999999900558,4.9294196728657855,4.87771247350006,0.002203130869708173,-0.002203130869708173,0,4.9035660731829225,4.903565578245182
17878.0,0.02954100000004069,4.912183939743877,4.826005274134335,0.006622844105301452,-0.006622844105301452,0,4.869094606939106,4.869090102463223
17887.0,0.024475000000009038,4.912183939743877,4.860476740378152,0.005487089451172595,-0.005487089451172595,0,4.886330340061015,4.886327259122666
17897.0,0.027954000000050463,5.480963132766853,5.377548734035402,0.0062670520334340745,-0.0062670520334340745,0,5.429255933401127,5.429252316011823
17906.0,0.053955000000037535,4.9294196728657855,4.757062341646702,0.012096257868768702,-0.012096257868768702,0,4.843241007256244,4.843225897011932
17915.0,0.11688200000002995,5.032834071597236,4.739826608524794,0.02620396278781952,-0.02620396278781952,0,4.886330340061015,4.886260016265871
17924.0,0.1781009999998845,5.032834071597236,4.601940743549527,0.03992874845116631,-0.03992874845116631,0,4.817387407573381,4.817221610546754
17933.0,0.2813110000000011,5.239662869060136,4.636412209793344,0.06306756366080693,-0.06306756366080693,0,4.938037539426739,4.937633338793152
17943.0,0.3881220000000817,5.8946207276926526,5.0155983384753275,0.0870136928280969,-0.0870136928280969,0,5.45510953308399,5.454411164845516
17952.0,0.4204720000000082,5.377548734035402,4.429583412330444,0.0942662911424979,-0.0942662911424979,0,4.9035660731829225,4.902651704027486
17961.0,0.5045769999999244,5.480963132766853,4.343404746720902,0.11312192580195618,-0.11312192580195618,0,4.912183939743877,4.910864266318032
17970.0,0.567992999999993,5.532670332132577,4.326169013598993,0.12733926041424662,-0.12733926041424662,0,4.9294196728657855,4.927750819536213
17979.0,0.6359869999999955,5.601613264620211,4.239990347989452,0.14258294417902317,-0.14258294417902317,0,4.920801806304832,4.918697239982397
17988.0,0.7349240000000354,5.8084420620831105,4.205518881745635,0.16476378867465877,-0.16476378867465877,0,5.006980471914373,5.004200820130757
17997.0,0.8433839999999952,5.8946207276926526,4.102104483014185,0.1890796097930955,-0.1890796097930955,0,4.998362605353419,4.994672153938946
18006.0,0.9177240000000016,6.032506592667919,4.067633016770368,0.20574601346214783,-0.20574601346214783,0,5.0500698047191435,5.045720287309434
18015.0,1.0332650000000472,6.204863923887003,3.94698288491701,0.23164933531211507,-0.23164933531211507,0,5.0759234044020065,5.07037345868517
18024.0,1.14837599999997,6.256571123252728,3.84356848618556,0.2574562547733315,-0.2574562547733315,0,5.050069804719144,5.043127713343525
18033.0,1.2541499999999453,6.3944569882279945,3.74015408745411,0.2811698972496534,-0.2811698972496534,0,5.067305537841053,5.058957175197716
18042.0,1.383729000000079,6.566814319447078,3.6367396887226597,0.31022042080405443,-0.31022042080405443,0,5.101777004084869,5.091539669272838
18050.0,1.3513179999999367,6.015270859546011,3.11966769506541,0.30295414680190247,-0.30295414680190247,0,4.567469277305711,4.556358578685537
18059.0,1.6801759999999808,6.894293248763336,3.2747892931625846,0.3766813485479001,-0.3766813485479001,0,5.08454127096296,5.068682013914391
18068.0,1.8514400000000317,6.980471914372878,3.1713748944311346,0.41507729901840296,-0.41507729901840296,0,5.0759234044020065,5.056359775715123
18077.0,1.941712000000033,7.032179113738603,3.0507247625777763,0.43531552328545403,-0.43531552328545403,0,5.04145193815819,5.019438489401077
18086.0,2.0324090000000608,7.1528292455919615,2.8094244988710595,0.45564902898322607,-0.45564902898322607,0,4.981126872231511,4.9557741581886745
18095.0,2.1964719999999587,7.221772178079595,2.723245833261518,0.4924305757299814,-0.4924305757299814,0,4.972509005670556,4.942414354828701
18104.0,2.3095709999999667,7.325186576811045,2.585359968286251,0.5177864216886324,-0.5177864216886324,0,4.955273272548648,4.920987012443922
18113.0,2.454712000000006,7.394129509298678,2.3440597045795344,0.5503258149483898,-0.5503258149483898,0,4.869094606939107,4.827873258119913
18123.0,2.864928999999948,8.238680432272186,2.4991813026767096,0.6422930212156225,-0.6422930212156225,0,5.3689308674744485,5.317139599195322
18132.0,2.6262200000000044,7.3596580430548615,2.171702373360451,0.5887764681696913,-0.5887764681696913,0,4.765680208207656,4.716127883704772
18142.0,2.9674080000001006,8.32485909788173,2.2406453058480844,0.6652679523644415,-0.6652679523644415,0,5.282752201864907,5.223185723397555
18151.0,2.731322999999947,7.48030817490822,1.9821093090194593,0.6123396780812772,-0.6123396780812772,0,4.73120874196384,4.674583469779982
18161.0,3.0614620000000436,8.32485909788173,2.1027594408728176,0.6863540692690414,-0.6863540692690414,0,5.213809269377274,5.147838355755096
18170.0,2.7986449999999388,7.4458367086644035,1.9304021096537343,0.6274327050897209,-0.6274327050897209,0,4.688119409159069,4.627702298613046
18180.0,3.080506000000028,8.273151898516003,2.1027594408728176,0.6906235741314728,-0.6906235741314728,0,5.187955669694411,5.12112191633729
18190.0,3.072447999999972,7.980144435443562,2.292352505213809,0.6888170382051055,-0.6888170382051055,0,5.1362484703286855,5.072981892196832
18199.0,2.4619150000000145,6.911528981885245,2.4130026370671676,0.5519406670553083,-0.5519406670553083,0,4.662265809476207,4.620923705940347
18209.0,2.550903000000028,7.600958306761578,2.7749530326272427,0.5718910293058022,-0.5718910293058022,0,5.187955669694411,5.148685230011797
18218.0,2.0711059999999697,6.721935917544253,2.723245833261518,0.4643245713934997,-0.4643245713934997,0,4.722590875402886,4.695230073726112
18228.0,2.1724849999999454,7.2390079112015036,3.2058463606749514,0.4870528917804287,-0.4870528917804287,0,5.2224271359382275,5.196077555008794
18237.0,1.8360599999999805,6.532342853203261,2.9645460969682347,0.41162923218452,-0.41162923218452,0,4.748444475085748,4.727893715392563
18247.0,1.993530000000094,7.2390079112015036,3.481618090625485,0.44693268370143324,-0.44693268370143324,0,5.360313000913495,5.339266074197592
18256.0,1.7216800000000219,6.4806356538375365,3.1713748944311346,0.3859861967841252,-0.3859861967841252,0,4.826005274134335,4.80865754392407
18265.0,1.6259149999999036,6.44616418759372,3.32649649252831,0.3645164880490078,-0.3645164880490078,0,4.886330340061015,4.8712926516319035
18275.0,1.7019050000000733,6.997707647494787,3.791861286819835,0.38155280786087226,-0.38155280786087226,0,5.394784467157311,5.380068878839946
18284.0,1.4067989999999524,6.153156724521278,3.585032489356935,0.31539252105483323,-0.31539252105483323,0,4.869094606939107,4.858164390897634
18293.0,1.2931520000001187,6.170392457643186,3.7056826212102933,0.2899138180984994,-0.2899138180984994,0,4.938037539426739,4.928993342452454
18302.0,1.2058099999998455,6.084213792033644,3.7746255536979265,0.270332475224316,-0.270332475224316,0,4.9294196728657855,4.921599621744324
18311.0,1.1293950000000565,5.929092193936469,3.8608042193074685,0.25320087398182206,-0.25320087398182206,0,4.894948206621969,4.888110635666239
18320.0,1.0443110000000095,5.929092193936469,3.9297471517951017,0.23412575574428765,-0.23412575574428765,0,4.9294196728657855,4.923633185521522
18329.0,0.9857790000000165,5.911856460814561,4.015925817404644,0.2210033729146297,-0.2210033729146297,0,4.963891139109602,4.958794193978069
18339.0,1.0432740000000058,6.377221255106086,4.532997811061894,0.2338932690533424,-0.2338932690533424,0,5.45510953308399,5.449956015178406
18348.0,0.8740839999999622,5.756734862717386,4.1710474155018185,0.19596229196473006,-0.19596229196473006,0,4.963891139109602,4.959927072069867
18357.0,0.8018800000000558,5.687791930229753,4.15381168237991,0.1797747615568932,-0.1797747615568932,0,4.920801806304832,4.917439918154043
18366.0,0.729064999999947,5.584377531498302,4.308933280477085,0.16345025008038325,-0.16345025008038325,0,4.946655405987693,4.943911795543638
18375.0,0.6541139999999419,5.567141798376394,4.291697547355177,0.14664686534270344,-0.14664686534270344,0,4.9294196728657855,4.927202819385633
18384.0,0.6132200000001244,5.532670332132577,4.308933280477085,0.1374787739835546,-0.1374787739835546,0,4.920801806304831,4.918852418350878
18393.0,0.5868529999999624,5.446491666523036,4.343404746720902,0.13156751402196507,-0.13156751402196507,0,4.894948206621969,4.893158351846996
18402.0,0.5510869999999637,5.498198865888761,4.395111946086627,0.12354907719620166,-0.12354907719620166,0,4.946655405987694,4.945093861892802
18412.0,0.5850830000000373,5.998035126424103,4.894948206621969,0.13117069488700447,-0.13117069488700447,0,5.446491666523036,5.444896505062438
18421.0,0.49584900000001836,5.343077267791585,4.46405487857426,0.11116518150249545,-0.11116518150249545,0,4.9035660731829225,4.902296305001338
18430.0,0.4729009999999659,5.360313000913494,4.412347679208535,0.10602043262708175,-0.10602043262708175,0,4.886330340061015,4.885169662854454
18439.0,0.43560800000001065,5.239662869060136,4.446819145452352,0.09765965522555944,-0.09765965522555944,0,4.843241007256244,4.842250068648269
18449.0,0.455260999999935,5.842913528326927,4.981126872231511,0.10206569277340174,-0.10206569277340174,0,5.412020200279219,5.411051894808535
18458.0,0.37597600000004455,5.187955669694411,4.498526344818077,0.08429066163405721,-0.08429066163405721,0,4.843241007256244,4.842503956627276
18467.0,0.3557740000000104,5.153484203450594,4.498526344818077,0.07976154289686681,-0.07976154289686681,0,4.826005274134335,4.825343236549649
18476.0,0.33453399999999406,5.187955669694411,4.5502335441838015,0.07499971327713431,-0.07499971327713431,0,4.869094606939106,4.868514606211718
18486.0,0.3610839999999891,5.722263396473569,5.067305537841052,0.08095200030179422,-0.08095200030179422,0,5.394784467157311,5.394174958832397
18495.0,0.30078099999999064,5.170719936572502,4.601940743549527,0.067432574145556,-0.067432574145556,0,4.886330340061015,4.885863533250119
18504.0,0.2726440000000054,5.101777004084869,4.601940743549527,0.06112449504902872,-0.06112449504902872,0,4.851858873817198,4.851472867992934
18513.0,0.2531740000000158,5.067305537841052,4.653647942915252,0.056759484564279636,-0.056759484564279636,0,4.860476740378152,4.860144761598653
18523.0,0.26922599999997615,5.687791930229753,5.101777004084869,0.060358208154472584,-0.060358208154472584,0,5.394784467157311,5.3944458490077345
18532.0,0.22210699999999706,5.0155983384753275,4.601940743549527,0.04979452407481615,-0.04979452407481615,0,4.808769541012428,4.8085112744866745
18541.0,0.20202699999998733,5.0500698047191435,4.67088367603716,0.04529275671303644,-0.04529275671303644,0,4.860476740378152,4.8602654005009605
18551.0,0.20336900000005204,5.618848997742119,5.187955669694411,0.04559362184250839,-0.04559362184250839,0,5.403402333718265,5.4032096795084215
18560.0,0.17431600000000713,4.981126872231511,4.67088367603716,0.03908018323882688,-0.03908018323882688,0,4.826005274134335,4.8258468859228
18569.0,0.13671899999996942,4.981126872231511,4.705355142280977,0.030651251590374715,-0.030651251590374715,0,4.843241007256244,4.843143940749396
18578.0,0.13549799999995057,4.9294196728657855,4.739826608524794,0.03037751364471659,-0.03037751364471659,0,4.83462314069529,4.834527670909678
18588.0,0.1581420000000224,5.532670332132577,5.205191402816319,0.03545410827322325,-0.03545410827322325,0,5.3689308674744485,5.368813700508813
18597.0,0.12554900000002564,4.912183939743877,4.739826608524794,0.028147031399597726,-0.028147031399597726,0,4.826005274134335,4.825923168148723
18606.0,0.11914100000003104,4.981126872231511,4.722590875402886,0.026710411616019735,-0.026710411616019735,0,4.851858873817198,4.851785300304441
18616.0,0.12347400000003964,5.532670332132577,5.308605801547769,0.02768183382611041,-0.02768183382611041,0,5.420638066840173,5.420567355943194
18625.0,0.10980199999992271,4.981126872231511,4.774298074768611,0.02461668624788587,-0.02461668624788587,0,4.877712473500061,4.877650329395685
18634.0,0.10607900000003606,4.981126872231511,4.739826608524794,0.023782020914848646,-0.023782020914848646,0,4.860476740378152,4.860418523554463
18643.0,0.0992439999999561,4.9294196728657855,4.774298074768611,0.02224967131733324,-0.02224967131733324,0,4.851858873817198,4.851807845272638
18652.0,0.10632299999998306,4.998362605353419,4.791533807890519,0.023836723665647208,-0.023836723665647208,0,4.894948206621969,4.894890143394557
18662.0,0.11254900000012313,5.498198865888761,5.29137006842586,0.025232540577751664,-0.025232540577751664,0,5.394784467157311,5.394725437488774
18671.0,0.09747299999984901,4.9294196728657855,4.722590875402886,0.021852627990730147,-0.021852627990730147,0,4.826005274134335,4.825955776740791
18680.0,0.09082000000003068,4.981126872231511,4.774298074768611,0.020361081264779545,-0.020361081264779545,0,4.877712473500061,4.877669958219109
18690.0,0.1160889999999732,5.498198865888761,5.256898602182044,0.026026178847672853,-0.026026178847672853,0,5.377548734035402,5.3774857228737565
18699.0,0.09820600000007564,4.981126872231511,4.774298074768611,0.022016960434813965,-0.022016960434813965,0,4.877712473500061,4.8776627619689075
18708.0,0.08660800000006798,4.894948206621969,4.774298074768611,0.0194167862385027,-0.0194167862385027,0,4.83462314069529,4.834584144302067
18717.0,0.08605999999993673,4.963891139109602,4.774298074768611,0.01929392924075146,-0.01929392924075146,0,4.869094606939107,4.869056366516981
18727.0,0.10644500000000745,5.446491666523036,5.308605801547769,0.0238640750410579,-0.0238640750410579,0,5.377548734035402,5.377495775028732
18736.0,0.08288600000005805,4.912183939743877,4.739826608524794,0.018582345097039522,-0.018582345097039522,0,4.826005274134335,4.82596948782377
18745.0,0.06310999999992722,4.963891139109602,4.826005274134335,0.014148731982144034,-0.014148731982144034,0,4.894948206621969,4.894927754405527
18754.0,0.06097500000000931,4.9294196728657855,4.808769541012427,0.013670082912571052,-0.013670082912571052,0,4.869094606939106,4.869075414587682
18764.0,0.08306800000001435,5.5154345990106695,5.343077267791585,0.018623147968535876,-0.018623147968535876,0,5.429255933401127,5.429223985562966
18773.0,0.06591799999993629,4.894948206621969,4.808769541012427,0.014778261999669537,-0.014778261999669537,0,4.851858873817198,4.851836365667244
18782.0,0.061340999999980696,4.946655405987694,4.860476740378152,0.013752137038780303,-0.013752137038780303,0,4.9035660731829225,4.903546787752813
18791.0,0.05346600000006325,4.912183939743877,4.826005274134335,0.011986628175551895,-0.011986628175551895,0,4.869094606939106,4.869079851644095
18801.0,0.045959999999950936,5.429255933401127,5.377548734035402,0.010303846013300515,-0.010303846013300515,0,5.403402333718265,5.403392509224629
18810.0,0.04022200000011197,4.963891139109602,4.808769541012427,0.009017434602884452,-0.009017434602884452,0,4.886330340061015,4.886322017413381
18819.0,0.041382000000016836,4.87771247350006,4.826005274134335,0.009277496860814416,-0.009277496860814416,0,4.851858873817198,4.8518500035925936
18828.0,0.04235799999990661,4.946655405987694,4.826005274134335,0.00949630786403148,-0.00949630786403148,0,4.886330340061015,4.8863211109107105
18838.0,0.04278599999997048,5.377548734035402,5.325841534669677,0.00959226186956576,-0.00959226186956576,0,5.351695134352539,5.351686537691937
18847.0,0.02520700000005359,4.9294196728657855,4.8432410072562435,0.0056511977036139156,-0.0056511977036139156,0,4.886330340061015,4.8863270719144865
18856.0,0.03143399999996862,4.860476740378152,4.826005274134335,0.0070472388072696,-0.0070472388072696,0,4.8432410072562435,4.843235880098124
18865.0,0.0315550000000145,4.826005274134335,4.808769541012427,0.007074365991083426,-0.007074365991083426,0,4.817387407573381,4.817382213188006
18875.0,0.02600100000008885,5.463727399644944,5.360313000913494,0.005829205835357445,-0.005829205835357445,0,5.412020200279219,5.4120170607202525
18884.0,0.011656999999859275,4.8432410072562435,4.8432410072562435,0.002613401500777248,-0.002613401500777248,0,4.8432410072562435,4.843240302163733
18893.0,0.029114000000057108,4.9294196728657855,4.87771247350006,0.006527114291386855,-0.006527114291386855,0,4.9035660731829225,4.903561728961998
18902.0,0.020507999999971833,4.8432410072562435,4.808769541012427,0.004597721367291173,-0.004597721367291173,0,4.826005274134335,4.826003083989917
18912.0,0.011231000000057757,5.412020200279219,5.446491666523036,0.002517895878505151,-0.002517895878505151,0,5.429255933401127,5.429255349540042
18921.0,-0.0037849999999791293,4.8432410072562435,4.894948206621969,-0.0008485652123622505,0.0008485652123622505,0,4.869094606939106,4.869094532994845
18930.0,-0.0030510000000793344,4.826005274134335,4.8432410072562435,-0.0006840085767500191,0.0006840085767500191,0,4.834623140695289,4.834623092307939
18939.0,-0.010192999999973723,4.894948206621969,4.8432410072562435,-0.0022851849959402417,0.0022851849959402417,0,4.869094606939106,4.869094070677516
18949.0,0.00921600000000366,5.377548734035402,5.394784467157311,0.0020661498011034954,-0.0020661498011034954,0,5.386166600596356,5.386166204304729
18958.0,0.00610400000001391,4.894948206621969,4.826005274134335,0.001368465536670949,-0.001368465536670949,0,4.860476740378152,4.860476547722975
18967.0,0.007262999999940268,4.826005274134335,4.8432410072562435,0.0016283036030040484,-0.0016283036030040484,0,4.834623140695289,4.834622866487688
18977.0,-0.0007329999999212853,5.394784467157311,5.377548734035402,-0.0001643324440153672,0.0001643324440153672,0,5.386166600596356,5.386166598089451
18986.0,0.0003049999999591936,4.826005274134335,4.826005274134335,6.837843850390664e-05,-6.837843850390664e-05,0,4.826005274134335,4.826005273649917
18995.0,-0.006897000000070657,4.8432410072562435,4.8432410072562435,-0.0015462494768176144,0.0015462494768176144,0,4.8432410072562435,4.84324076042904
19005.0,0.008606000000085273,5.360313000913494,5.343077267791585,0.001929392924095682,-0.001929392924095682,0,5.351695134352539,5.3516947865593405
19014.0,0.00024500000002728665,4.826005274134335,4.8432410072562435,5.492694241824366e-05,-5.492694241824366e-05,0,4.834623140695289,4.834623140383272
19023.0,0.009581999999975048,4.87771247350006,4.8432410072562435,0.0021482039273127466,-0.0021482039273127466,0,4.860476740378152,4.860476265647203
19032.0,-0.008728000000007884,4.705355142280977,4.9294196728657855,-0.001956744299483554,0.001956744299483554,0,4.817387407573381,4.817387009959557
19042.0,-0.11883499999999156,5.377548734035402,5.429255933401127,-0.02664180898589615,0.02664180898589615,0,5.403402333718265,5.403336653869815
19051.0,-0.021057000000081583,4.9294196728657855,4.739826608524794,-0.004720802556639278,0.004720802556639278,0,4.83462314069529,4.8346208349796544
19060.0,0.19244300000005526,5.170719936572502,4.619176476671435,0.04314410440252996,-0.04314410440252996,0,4.894948206621969,4.894757476299036
19069.0,0.3708499999999792,5.325841534669677,4.395111946086627,0.08314145548381986,-0.08314145548381986,0,4.860476740378152,4.859759233275005
19079.0,0.5597530000000827,6.049742325789827,4.87771247350006,0.12549192161640582,-0.12549192161640582,0,5.463727399644943,5.462270077308529
19088.0,0.6073609999999342,5.584377531498302,4.2572260811113605,0.13616523538925623,-0.13616523538925623,0,4.920801806304832,4.918884179256138
19097.0,0.6875610000001093,5.687791930229753,4.205518881745635,0.15414540184420378,-0.15414540184420378,0,4.946655405987694,4.944200547556777
19106.0,0.7744749999999115,5.687791930229753,4.136575949258002,0.1736307907127616,-0.1736307907127616,0,4.912183939743877,4.909040148480779
19115.0,0.8263550000000648,5.842913528326927,4.136575949258002,0.1852618510080658,-0.1852618510080658,0,4.9897447387924645,4.98620613404635
19124.0,0.9341429999999119,5.946327927058378,3.9642186180389185,0.20942701537014688,-0.20942701537014688,0,4.955273272548649,4.950670808816458
19133.0,1.0076910000000436,5.998035126424103,3.9297471517951017,0.22591585929069505,-0.22591585929069505,0,4.963891139109602,4.958527247450777
19142.0,1.136901999999944,6.222099657008911,3.757389820576018,0.25488388033562465,-0.25488388033562465,0,4.9897447387924645,4.982830061549433
19151.0,1.274475000000084,6.359985521984178,3.7229183543322018,0.2857265915538742,-0.2857265915538742,0,5.04145193815819,5.032789536761485
19160.0,1.372496999999941,6.3944569882279945,3.6195039556007518,0.3077023007339296,-0.3077023007339296,0,5.006980471914373,4.99678083277951
19169.0,1.4513550000000515,6.532342853203261,3.5677967562350266,0.3253816020594052,-0.3253816020594052,0,5.0500698047191435,5.03865273707652
19178.0,1.5468749999999387,6.670228718178528,3.4126751581378514,0.3467963838520587,-0.3467963838520587,0,5.04145193815819,5.028210708286604
19187.0,1.6716310000001111,6.75640738378807,3.2747892931625846,0.37476563131155544,-0.37476563131155544,0,5.0155983384753275,4.99979557766868
19196.0,1.8190919999998587,6.842586049397611,3.11966769506541,0.40782514908715,-0.40782514908715,0,4.981126872231511,4.961906299865078
19205.0,1.9298100000000447,6.997707647494787,2.981781830090143,0.43264719484223574,-0.43264719484223574,0,4.989744738792465,4.967626129370687
19214.0,2.1019889999999735,7.0666505799824195,2.7404815663834263,0.4712482806282503,-0.4712482806282503,0,4.9035660731829225,4.875915476403977
19223.0,2.1943360000000625,7.118357779348145,2.688774367017701,0.49195170246881154,-0.49195170246881154,0,4.9035660731829225,4.873143840251427
19232.0,2.2537230000000013,7.0666505799824195,2.619831434530068,0.5052657691178956,-0.5052657691178956,0,4.8432410072562435,4.810541434709389
19242.0,2.5869139999999518,7.928437236077837,2.826660231992968,0.5799643930739611,-0.5799643930739611,0,5.377548734035402,5.338143730610211
19251.0,2.39135800000003,7.256243644323411,2.430238370189076,0.5361223802154245,-0.5361223802154245,0,4.8432410072562435,4.804848051003009
19260.0,2.4426269999999812,7.256243644323411,2.4130026370671676,0.5476164594420555,-0.5476164594420555,0,4.834623140695289,4.794416430951192
19270.0,2.7589719999999365,8.014615901687378,2.585359968286251,0.6185383516761845,-0.6185383516761845,0,5.299987934986815,5.25262712428064
19279.0,2.5046389999999943,7.325186576811045,2.292352505213809,0.5615190290455718,-0.5615190290455718,0,4.808769541012427,4.765143249026682
19289.0,2.8646240000000907,8.221444699150279,2.378531170823351,0.6422246427771414,-0.6422246427771414,0,5.299987934986815,5.246386491514166
19298.0,2.6704099999999285,7.4458367086644035,1.9648735758975509,0.5986834950480083,-0.5986834950480083,0,4.705355142280977,4.650723260381494
19308.0,3.0637820000000566,8.32485909788173,2.1372309071166344,0.686874193784947,-0.686874193784947,0,5.231045002499182,5.165698501528036
19317.0,2.926390999999975,7.6526655061273035,1.6891018459470175,0.6560722854382166,-0.6560722854382166,0,4.67088367603716,4.599599720653249
19327.0,3.3164669999999967,8.359330564125546,1.9993450421413674,0.743524048655987,-0.743524048655987,0,5.179337803133457,5.100208462634989
19337.0,3.1995239999999545,8.393802030369361,2.068287974629001,0.7173064101804622,-0.7173064101804622,0,5.231045002499181,5.158712607482046
19346.0,2.9124150000000806,7.618194039883487,1.7580447784346507,0.6529389836131307,-0.6529389836131307,0,4.688119409159069,4.619208442230411
19356.0,3.3230590000000064,8.41103776349127,1.9821093090194593,0.7450019196942779,-0.7450019196942779,0,5.1965735362553644,5.116808169421874
19365.0,2.9956669999999064,7.721608438614937,1.5512159809717507,0.6716033828363338,-0.6716033828363338,0,4.636412209793344,4.558045260665693
19375.0,3.4227900000000813,8.600630827832262,1.6891018459470175,0.767360772321657,-0.767360772321657,0,5.14486633688964,5.052222292777381
19385.0,3.4987790000000687,8.669573760319896,1.5856874472155673,0.784396867941879,-0.784396867941879,0,5.127630603767732,5.027801358101429
19395.0,3.6117559999998488,8.704045226563712,1.516744514727934,0.8097253625250737,-0.8097253625250737,0,5.110394870645823,5.002318404194976
19405.0,3.662779999999976,8.755752425929437,1.309915717265034,0.8211645148093321,-0.8211645148093321,0,5.032834071597235,4.913681815896213
19414.0,3.3511360000000594,7.99738016856547,1.1203226529240422,0.7512965472947195,-0.7512965472947195,0,4.558851410744756,4.446395811672682
19424.0,3.831847999999995,8.910874024026612,1.1203226529240422,0.8590681405225338,-0.8590681405225338,0,5.015598338475327,4.879393311477278
19435.0,4.3237300000000785,9.703717747634396,1.2065013185335838,0.9693439539411706,-0.9693439539411706,0,5.45510953308399,5.2981015017618684
19445.0,3.8513799999999754,8.807459625295163,1.0341439873145004,0.863447050886585,-0.863447050886585,0,4.920801806304832,4.779631064466961
19455.0,3.9132689999999855,9.031524155879971,0.8962581223392337,0.8773220449230937,-0.8773220449230937,0,4.963891139109602,4.814845968016799
19465.0,4.069153000000087,9.065995622123788,0.8445509229735088,0.9122699285597365,-0.9122699285597365,0,4.955273272548649,4.7970923433425945
19475.0,4.138243999999924,9.031524155879971,0.7411365242420587,0.9277595505115211,-0.9277595505115211,0,4.886330340061015,4.723411351305483
19485.0,4.001892000000108,8.893638290904704,0.8273151898516004,0.8971905772389981,-0.8971905772389981,0,4.860476740378152,4.704781397939757
19496.0,4.366332999999808,9.548596149537222,0.9652010548268671,0.9788951887475748,-0.9788951887475748,0,5.256898602182044,5.088243666848253
19506.0,3.9520880000000207,9.065995622123788,0.7756079904858754,0.886024938708801,-0.886024938708801,0,4.920801806304832,4.766937145656204
19516.0,4.122314000000089,8.962581223392338,0.6894293248763337,0.9241881782967617,-0.9241881782967617,0,4.826005274134336,4.663772117690412
19527.0,4.504273,9.738189213878213,0.8100794567296921,1.0098201782836531,-1.0098201782836531,0,5.274134335303953,5.096575287326243
19537.0,3.9311520000000866,8.514452162222721,1.1203226529240422,0.8813312633359983,-0.8813312633359983,0,4.817387407573381,4.674860363827514
19547.0,3.598571999999931,8.32485909788173,1.3271514503869422,0.8067696204485146,-0.8067696204485146,0,4.826005274134336,4.710046761516692
19558.0,3.7079470000000736,8.945345490270428,1.8097519778003759,0.8312905768825316,-0.8312905768825316,0,5.377548734035402,5.275761265405358
19568.0,3.176817999999892,7.980144435443562,1.8097519778003759,0.7122159156726533,-0.7122159156726533,0,4.894948206621969,4.816293350947304
19578.0,2.9794930000000237,7.704372705493029,2.068287974629001,0.667977307870753,-0.667977307870753,0,4.886330340061015,4.821883076462623
19588.0,2.739989999999943,7.514779641152036,2.3957669039452596,0.6142827466930554,-0.6142827466930554,0,4.955273272548648,4.905247344936353
19598.0,2.4973140000000633,7.4458367086644035,2.688774367017701,0.5598768255632656,-0.5598768255632656,0,5.067305537841053,5.02859456161491
19608.0,2.311219000000071,7.2734793774453195,2.9990175632120515,0.5181558894482279,-0.5181558894482279,0,5.1362484703286855,5.105163019631249
19618.0,2.114256999999933,7.17006497871387,3.11966769506541,0.47399866319767786,-0.47399866319767786,0,5.14486633688964,5.119359299742079
19627.0,1.7713629999999614,6.342749788862269,3.0507247625777763,0.3971247081304858,-0.3971247081304858,0,4.6967372757200225,4.677777562456729
19637.0,1.8362420000000386,7.014943380616694,3.5333252899912098,0.41167003505603916,-0.41167003505603916,0,5.274134335303952,5.256239934748121
19646.0,1.546386999999943,6.273806856374636,3.32649649252831,0.34668697835043877,-0.34668697835043877,0,4.800151674451473,4.786413193162863
19655.0,1.4511720000000148,6.170392457643186,3.5160895568693014,0.32534057499628916,-0.32534057499628916,0,4.8432410072562435,4.831483561361223
19665.0,1.486754999999875,6.704700184422345,4.015925817404644,0.3333179847589137,-0.3333179847589137,0,5.360313000913495,5.3492972767473645
19674.0,1.2003790000001262,5.946327927058378,3.757389820576018,0.26911489063564326,-0.26911489063564326,0,4.851858873817198,4.844018456218837
19683.0,1.076293999999986,5.756734862717386,3.84356848618556,0.24129607574088252,-0.24129607574088252,0,4.800151674451473,4.793850558822058
19693.0,1.0509029999999175,6.325514055740361,4.446819145452352,0.23560362678255573,-0.23560362678255573,0,5.386166600596356,5.380860861775421
19702.0,0.8579710000000915,5.722263396473569,4.067633016770368,0.19234989268685457,-0.19234989268685457,0,4.894948206621969,4.891062998431655
19711.0,0.7891849999999089,5.567141798376394,4.1710474155018185,0.17692864917350543,-0.17692864917350543,0,4.869094606939106,4.8658162100209505
19720.0,0.7026980000000904,5.549906065254485,4.188283148623727,0.1575389901188622,-0.1575389901188622,0,4.869094606939106,4.86649745491267
19729.0,0.6448969999999598,5.5154345990106695,4.274461814233269,0.14458049135000306,-0.14458049135000306,0,4.894948206621969,4.892779659846651
19739.0,0.6887819999999246,6.049742325789827,4.808769541012427,0.15441913978981625,-0.15441913978981625,0,5.4292559334011266,5.427032312517446
19748.0,0.5949090000000612,5.480963132766853,4.343404746720902,0.1333736015651386,-0.1333736015651386,0,4.912183939743877,4.910349765106297
19757.0,0.5486450000001296,5.429255933401127,4.36064047984281,0.12300160130493105,-0.12300160130493105,0,4.894948206621969,4.8933849476795945
19766.0,0.5122069999999165,5.360313000913494,4.412347679208535,0.11483250772278916,-0.11483250772278916,0,4.886330340061015,4.884968788149985
19775.0,0.48980800000007546,5.412020200279219,4.429583412330444,0.10981084003674639,-0.10981084003674639,0,4.920801806304832,4.919564709679982
19785.0,0.5287469999998725,5.877384994570744,4.9294196728657855,0.11854063681460206,-0.11854063681460206,0,5.403402333718265,5.40209246114606
19794.0,0.44592300000011054,5.308605801547769,4.412347679208535,0.09997219159693319,-0.09997219159693319,0,4.860476740378152,4.859440135186032
19803.0,0.4270019999998236,5.29137006842586,4.498526344818077,0.09573026230144094,-0.09573026230144094,0,4.894948206621969,4.894006209645434
19812.0,0.4257200000000979,5.187955669694411,4.498526344818077,0.09544284866814592,-0.09544284866814592,0,4.843241007256244,4.842296083762934
19821.0,0.3947139999999896,5.274134335303953,4.498526344818077,0.08849156386636496,-0.08849156386636496,0,4.886330340061015,4.885524173276253
19831.0,0.4165650000000046,5.773970595839295,4.998362605353419,0.09339037455472496,-0.09339037455472496,0,5.386166600596357,5.385352925127111
19840.0,0.3623050000001097,5.239662869060136,4.498526344818077,0.08122573824747517,-0.08122573824747517,0,4.869094606939107,4.868413306520468
19849.0,0.372863999999953,5.2224271359382275,4.5502335441838015,0.08359297736960185,-0.08359297736960185,0,4.886330340061015,4.885612068368507
19859.0,0.3644410000000061,5.618848997742119,5.153484203450594,0.08170461150864501,-0.08170461150864501,0,5.386166600596356,5.385545847391299
19868.0,0.19274899999989117,5.0155983384753275,4.653647942915252,0.04321270703260792,-0.04321270703260792,0,4.83462314069529,4.834429760008405
19877.0,0.10931400000002871,4.860476740378152,4.808769541012427,0.024507280746288745,-0.024507280746288745,0,4.834623140695289,4.834561024953134
19886.0,0.026427999999970652,4.8432410072562435,4.87771247350006,0.005924935649249224,-0.005924935649249224,0,4.860476740378152,4.860473129079647
19896.0,-0.07031199999995708,5.325841534669677,5.463727399644944,-0.015763359897465554,0.015763359897465554,0,5.394784467157311,5.394761433566972
19905.0,-0.11895799999999446,4.688119409159069,4.981126872231511,-0.026669384552903703,0.026669384552903703,0,4.83462314069529,4.834549516189522
19914.0,-0.15710500000012043,4.688119409159069,5.032834071597236,-0.035221621582300834,0.035221621582300834,0,4.860476740378152,4.8603489673821745
19924.0,-0.2501219999998562,5.0500698047191435,5.670556197107844,-0.056075251795909935,0.056075251795909935,0,5.360313000913494,5.36001873271233
19933.0,-0.2905880000000169,4.532997811061894,5.1362484703286855,-0.06514738914961576,0.06514738914961576,0,4.83462314069529,4.834182550499017
19942.0,-0.37829600000005786,4.377876212964718,5.29137006842586,-0.08481078614996276,0.08481078614996276,0,4.834623140695289,4.833872731012164
19951.0,-0.4321899999998796,4.429583412330444,5.325841534669677,-0.09689336833098049,0.09689336833098049,0,4.87771247350006,4.87674221116311
19961.0,-0.5606080000001301,4.791533807890519,5.980799393302195,-0.1256836054358547,0.1256836054358547,0,5.386166600596357,5.3846827680068134
19970.0,-0.5639649999998418,4.343404746720902,5.532670332132577,-0.12643621664263704,0.12643621664263704,0,4.938037539426739,4.936395918324279
19979.0,-0.6510619999999858,4.1710474155018185,5.584377531498302,-0.14596263257437936,0.14596263257437936,0,4.87771247350006,4.875483389835832
19988.0,-0.7326660000001146,4.222754614867544,5.653320463985936,-0.16425756403807823,0.16425756403807823,0,4.938037539426739,4.935249645362736
19997.0,-0.824034999999848,4.102104483014185,5.860149261448836,-0.18474172649211462,0.18474172649211462,0,4.98112687223151,4.977595115685305
20006.0,-0.8870850000001486,4.119340216136093,5.911856460814561,-0.19887700697824143,0.19887700697824143,0,5.015598338475327,5.0115309827763745
20015.0,-0.9657589999999386,4.033161550526552,5.980799393302195,-0.21651505704893564,0.21651505704893564,0,5.006980471914373,5.002123276192212
20024.0,-1.0266730000001394,4.0503972836484605,6.1014495251555525,-0.230171464273847,0.230171464273847,0,5.0759234044020065,5.070492884541368
20033.0,-1.104552999999894,3.9642186180389185,6.135920991399369,-0.2476315062127977,0.2476315062127977,0,5.0500698047191435,5.043718497056119
20042.0,-1.1347050000000352,3.94698288491701,6.170392457643186,-0.25439133138674946,0.25439133138674946,0,5.058687671280098,5.051982727027005
20051.0,-1.1798089999998584,3.8608042193074685,6.291042589496544,-0.2645032693889814,0.2645032693889814,0,5.0759234044020065,5.068632475959679
20059.0,-1.132630000000049,3.32649649252831,5.687791930229753,-0.2539261338132621,0.2539261338132621,0,4.507144211379031,4.499489617082941
20068.0,-1.3788450000000037,3.74015408745411,6.515107120081353,-0.30912546902142196,0.30912546902142196,0,5.127630603767732,5.1176151750304895
20077.0,-1.5352169999999992,3.5677967562350266,6.635757251934711,-0.34418275815966176,0.34418275815966176,0,5.101777004084869,5.089079706643093
20086.0,-1.594787999999953,3.5160895568693014,6.704700184422345,-0.35753807606345867,0.35753807606345867,0,5.110394870645823,5.096619156579984
20095.0,-1.6577760000001613,3.4643823575035766,6.670228718178528,-0.37165945667026046,0.37165945667026046,0,5.067305537841053,5.052257727868836
20104.0,-1.706358999999924,3.4126751581378514,6.773643116909978,-0.3825513572547311,0.3825513572547311,0,5.093159137523914,5.0771499925349515
20112.0,-1.5268559999999411,3.033489029455868,5.980799393302195,-0.34230829217798436,0.34230829217798436,0,4.507144211379031,4.492692722168995
20121.0,-1.7308960000000255,3.395439425015943,6.739171650666162,-0.3880523465852287,0.3880523465852287,0,5.067305537841053,5.05075339295966
20130.0,-1.7320560000001342,3.32649649252831,6.75640738378807,-0.38831240884320434,0.38831240884320434,0,5.04145193815819,5.024668615407099
20139.0,-1.7593379999998684,3.343732225650218,6.75640738378807,-0.3944288041202371,0.3944288041202371,0,5.050069804719144,5.032816168329452
20148.0,-1.7893070000000746,3.32649649252831,6.808114583153794,-0.40114760223109563,0.40114760223109563,0,5.067305537841052,5.049448342379572
20157.0,-1.7542720000000402,3.292025026284493,6.790878850031886,-0.3932930494661539,0.3932930494661539,0,5.04145193815819,5.024149579887846
20166.0,-1.8136600000000593,3.3092607594064014,6.928764715007153,-0.4066073403068575,0.4066073403068575,0,5.119012737206777,5.100712518125168
20175.0,-1.8366089999998867,3.2575535600406766,6.825350316275703,-0.41175231337382245,0.41175231337382245,0,5.04145193815819,5.022401466692241
20184.0,-1.8324579999999362,3.2747892931625846,6.894293248763336,-0.410821694035251,0.410821694035251,0,5.08454127096296,5.065703176954647
20192.0,-1.6790160000000758,2.8438959651148763,6.1876281907650945,-0.3764212862899701,0.3764212862899701,0,4.515762077939986,4.497758493886566
20201.0,-1.920348999999912,3.1541391613092262,6.96323618125097,-0.4305261180986912,0.4305261180986912,0,5.058687671280098,5.037562917654364
20210.0,-1.9635620000000695,3.188610627553043,6.96323618125097,-0.4402141097822172,0.4402141097822172,0,5.0759234044020065,5.054006635472441
20219.0,-1.974427000000054,3.136903428187318,6.96323618125097,-0.44264995153449027,0.44264995153449027,0,5.0500698047191435,5.027670052691325
20228.0,-1.947509000000029,3.11966769506541,6.877057515641428,-0.43661516200040457,0.43661516200040457,0,4.998362605353419,4.976397590012381
20237.0,-1.9514159999999308,3.085196228821593,7.049414846860511,-0.43749107858815467,0.43749107858815467,0,5.067305537841052,5.045257966038366
20246.0,-2.0472419999999594,3.0507247625777763,6.946000448129062,-0.45897446301095457,0.45897446301095457,0,4.998362605353419,4.973830092638067
20255.0,-1.9935910000000043,3.033489029455868,6.894293248763336,-0.44694635938911575,0.44694635938911575,0,4.963891139109602,4.940470483151984
20264.0,-1.9763790000000372,3.1024319619435015,6.946000448129062,-0.44308757354097,0.44308757354097,0,5.024216205036281,5.001589123314304
20273.0,-2.002685999999962,3.0679604956996847,6.825350316275703,-0.4489853820064054,0.4489853820064054,0,4.946655405987694,4.923127869573527
20282.0,-1.9462280000000782,3.033489029455868,6.946000448129062,-0.43632797255866074,0.43632797255866074,0,4.9897447387924645,4.9674620405170655
20291.0,-1.9647219999999745,3.1024319619435015,6.877057515641428,-0.44047417204014716,0.44047417204014716,0,4.9897447387924645,4.967311447312614
20300.0,-1.939758000000093,2.981781830090143,6.877057515641428,-0.43487745289578056,0.43487745289578056,0,4.9294196728657855,4.906957643204418
20309.0,-1.965636999999852,3.0679604956996847,6.877057515641428,-0.44067930735565886,0.44067930735565886,0,4.972509005670556,4.949887066488814
20318.0,-2.0057980000000537,3.0507247625777763,6.928764715007153,-0.4496830662708608,0.4496830662708608,0,4.9897447387924645,4.966165683686505
20327.0,-2.004212000000042,2.878367431358693,6.911528981885245,-0.4493274983905903,0.4493274983905903,0,4.894948206621969,4.870446985102809
20336.0,-2.019225999999918,2.9990175632120515,6.928764715007153,-0.4526935110982183,0.4526935110982183,0,4.963891139109602,4.939723786514625
20346.0,-2.2548219999999954,3.32649649252831,7.6526655061273035,-0.505512155688143,0.505512155688143,0,5.489580999327806,5.4623813444088
20355.0,-2.0096430000000662,2.8611316982367847,6.96323618125097,-0.45054508297933155,0.45054508297933155,0,4.912183939743877,4.887505051272152
20364.0,-2.068665000000012,2.895603164480601,6.96323618125097,-0.46377731969380315,0.46377731969380315,0,4.9294196728657855,4.903502424263564
20373.0,-2.096862999999908,2.895603164480601,6.946000448129062,-0.47009907447801297,0.47009907447801297,0,4.920801806304832,4.894164071464478
20382.0,-2.071472000000043,2.878367431358693,7.014943380616694,-0.4644066255197318,0.4644066255197318,0,4.946655405987694,4.920620053327175
20391.0,-2.087706999999938,2.826660231992968,6.911528981885245,-0.4680463761730179,0.4680463761730179,0,4.869094606939107,4.842212187906038
20400.0,-2.113343000000034,2.878367431358693,7.032179113738603,-0.473793752073763,0.473793752073763,0,4.955273272548648,4.928210122685366
20410.0,-2.371520999999989,2.9990175632120515,7.756079904858753,-0.5316750914128464,0.5316750914128464,0,5.377548734035402,5.345446256623732
20419.0,-2.1495970000000284,2.8611316982367847,6.946000448129062,-0.48192159440114635,0.48192159440114635,0,4.903566073182923,4.8753655042491335
20428.0,-2.1398920000000503,2.895603164480601,6.96323618125097,-0.47974581490682605,0.47974581490682605,0,4.9294196728657855,4.901714512156342
20437.0,-2.073974999999991,2.930074630724418,6.894293248763336,-0.46496777709873055,0.46496777709873055,0,4.912183939743877,4.88626596941599
20446.0,-2.0053709999999683,2.930074630724418,6.980471914372878,-0.4495873364569234,0.4495873364569234,0,4.955273272548649,4.9311092637895015
20456.0,-2.291504000000054,3.1713748944311346,7.68713697237112,-0.5137359520210606,0.5137359520210606,0,5.429255933401127,5.400296750426248
20465.0,-2.1235959999999396,2.7577172995053347,7.083886313104328,-0.4760923885657889,0.4760923885657889,0,4.920801806304832,4.892729576075726
20474.0,-2.148681999999947,2.7749530326272427,6.980471914372878,-0.48171645908558897,0.48171645908558897,0,4.87771247350006,4.848986439058977
20483.0,-2.160522000000047,2.7577172995053347,6.980471914372878,-0.4843708876495279,0.4843708876495279,0,4.869094606939107,4.839933104554495
20492.0,-2.172057999999962,2.7577172995053347,6.96323618125097,-0.4869571619665141,0.4869571619665141,0,4.860476740378152,4.830987588825474
20502.0,-2.369019000000121,3.136903428187318,7.618194039883487,-0.5311141640254674,0.5311141640254674,0,5.377548734035402,5.346316604889281
20511.0,-2.0761719999998998,2.9128388976025095,6.894293248763336,-0.46546032604760573,0.46546032604760573,0,4.9035660731829225,4.877490582594696
20520.0,-2.01513599999998,2.878367431358693,6.808114583153794,-0.4517765674473522,0.4517765674473522,0,4.8432410072562435,4.8183645705772475
20529.0,-2.0050050000000987,2.9128388976025095,6.825350316275703,-0.44950528233073694,0.44950528233073694,0,4.869094606939106,4.844679648435803
20539.0,-2.241699999999967,3.2058463606749514,7.618194039883487,-0.5025703134908635,0.5025703134908635,0,5.412020200279219,5.384417727698638
20548.0,-2.0389399999999567,2.895603164480601,6.842586049397611,-0.45711322433378876,0.45711322433378876,0,4.869094606939106,4.843775640028053
20557.0,-1.993529999999992,2.878367431358693,6.928764715007153,-0.4469326837014104,0.4469326837014104,0,4.903566073182923,4.879339652358246
20566.0,-2.0114140000000718,2.878367431358693,6.842586049397611,-0.4509421263059118,0.4509421263059118,0,4.860476740378152,4.835728117218507
20576.0,-2.247985999999937,3.136903428187318,7.6526655061273035,-0.5039795818990307,0.5039795818990307,0,5.394784467157311,5.366654853808272
20585.0,-2.039428000000054,2.826660231992968,6.877057515641428,-0.45722262983543155,0.45722262983543155,0,4.851858873817198,4.826150068001684
20594.0,-2.0699469999999414,2.878367431358693,6.85982178251952,-0.46406473332714376,0.46406473332714376,0,4.869094606939107,4.842925206289564
20603.0,-2.042418999999998,2.826660231992968,6.928764715007153,-0.45789318691605024,0.45789318691605024,0,4.87771247350006,4.85198562105996
20612.0,-2.047912999999992,2.792188765749151,6.928764715007153,-0.4591248955756906,0.4591248955756906,0,4.860476740378152,4.834396488426291
20622.0,-2.370300000000072,3.085196228821593,7.704372705493029,-0.5314013534672112,0.5314013534672112,0,5.394784467157311,5.363268242297049
20631.0,-2.166625999999959,2.7404815663834263,6.946000448129062,-0.485739353186176,0.485739353186176,0,4.843241007256244,4.813750379512957
20640.0,-2.115234000000005,2.8438959651148763,6.877057515641428,-0.4742176983925374,0.4742176983925374,0,4.860476740378152,4.832964748959808
20650.0,-2.192932000000007,3.42991089125976,7.37689377617677,-0.4916369374600374,0.4916369374600374,0,5.403402333718265,5.3778875026521895
20659.0,-1.73040800000003,3.136903428187318,6.65299298505662,-0.38794294108360877,0.38794294108360877,0,4.894948206621969,4.877448812016975
20668.0,-1.7521359999999402,3.2575535600406766,6.549578586325169,-0.3928141762049384,0.3928141762049384,0,4.9035660731829225,4.885977771618531
20677.0,-1.7116699999999831,3.2575535600406766,6.601285785690894,-0.38374203885127817,0.38374203885127817,0,4.9294196728657855,4.912671909377787
20686.0,-1.6862799999999947,3.2747892931625846,6.532342853203261,-0.37804981408457106,0.37804981408457106,0,4.9035660731829225,4.887307110412909
20695.0,-1.608642000000128,3.4643823575035766,6.428928454471811,-0.3606440265132024,0.3606440265132024,0,4.946655405987694,4.932299338195647
20704.0,-1.5132449999999382,3.5160895568693014,6.325514055740361,-0.339256820287488,0.339256820287488,0,4.920801806304831,4.908135983360058
20714.0,-1.5203249999999437,4.102104483014185,6.842586049397611,-0.3408440968273988,0.3408440968273988,0,5.472345266205898,5.461064864713328
20723.0,-1.2296140000000257,3.84356848618556,6.032506592667919,-0.2756691321107983,0.2756691321107983,0,4.938037539426739,4.929969221452403
20732.0,-1.0805049999999703,3.9642186180389185,5.877384994570744,-0.2422401465755625,0.2422401465755625,0,4.920801806304832,4.91461867170997
20741.0,-0.9187010000000735,4.136575949258002,5.670556197107844,-0.20596504865700738,0.20596504865700738,0,4.9035660731829225,4.899138610094411
20750.0,-0.7417609999999707,4.239990347989452,5.5154345990106695,-0.16629658665534508,0.16629658665534508,0,4.877712473500061,4.874831119948912
20759.0,-0.5709829999999584,4.429583412330444,5.412020200279219,-0.12800959330326847,0.12800959330326847,0,4.920801806304832,4.919120924816482
20769.0,-0.45391900000007385,4.998362605353419,5.8084420620831105,-0.10176482764397543,0.10176482764397543,0,5.403402333718265,5.402438889663358
20778.0,-0.27276599999992795,4.636412209793344,5.067305537841052,-0.061151846424416595,0.061151846424416595,0,4.851858873817198,4.851472786148392
20787.0,-0.19982899999999842,4.688119409159069,5.032834071597236,-0.044799983572541564,0.044799983572541564,0,4.860476740378152,4.8602700284869504
20796.0,-0.13482700000002001,4.774298074768611,4.963891139109602,-0.03022708108000343,0.03022708108000343,0,4.869094606939107,4.869000750022138
20806.0,-0.10369899999998909,5.377548734035402,5.463727399644944,-0.023248444902834602,0.023248444902834602,0,5.420638066840173,5.420588209528223
20815.0,-0.06573400000002297,4.791533807890519,4.9294196728657855,-0.014737010744979457,0.014737010744979457,0,4.860476740378152,4.860454394659534
20824.0,-0.027587999999977297,4.87771247350006,4.860476740378152,-0.006184997907202005,0.006184997907202005,0,4.869094606939106,4.869090678665398
20833.0,-0.003418000000029232,4.8432410072562435,4.8432410072562435,-0.0007662868945561348,0.0007662868945561348,0,4.8432410072562435,4.843240946636135
20843.0,0.05511399999996389,5.5154345990106695,5.308605801547769,0.0123560959351018,-0.0123560959351018,0,5.412020200279219,5.412006090180929
20852.0,0.10083100000004812,4.963891139109602,4.688119409159069,0.022605463389223434,-0.022605463389223434,0,4.826005274134335,4.825952288695516
20861.0,0.15026800000008345,5.0500698047191435,4.688119409159069,0.0336888236015917,-0.0336888236015917,0,4.869094606939106,4.868977904975704
20870.0,0.23724399999987628,5.153484203450594,4.532997811061894,0.05318811234945175,-0.05318811234945175,0,4.843241007256244,4.842947777061333
20880.0,0.3353270000000508,5.705027663351661,5.067305537841052,0.07517749721728098,-0.07517749721728098,0,5.386166600596356,5.385640188209365
20889.0,0.3605959999999933,5.256898602182044,4.46405487857426,0.08084259480017428,-0.08084259480017428,0,4.860476740378152,4.859800070089236
20898.0,0.4091179999999475,5.239662869060136,4.46405487857426,0.09172081969698519,-0.09172081969698519,0,4.851858873817198,4.850986583591448
20908.0,0.4998780000000463,5.860149261448836,4.860476740378152,0.11206844946567908,-0.11206844946567908,0,5.360313000913494,5.359131617948494
20917.0,0.4888920000000158,5.377548734035402,4.377876212964718,0.10960548052959217,-0.10960548052959217,0,4.87771247350006,4.876468446841807
20926.0,0.5096430000000579,5.325841534669677,4.343404746720902,0.11425768045610786,-0.11425768045610786,0,4.834623140695289,4.833259520393536
20935.0,0.5317999999999089,5.429255933401127,4.343404746720902,0.11922509377454579,-0.11922509377454579,0,4.886330340061015,4.88485832767434
20945.0,0.6123649999999752,6.032506592667919,4.739826608524794,0.1372870901640829,-0.1372870901640829,0,5.386166600596356,5.3843923222484555
20954.0,0.5647590000000806,5.394784467157311,4.36064047984281,0.12661422477442622,-0.12661422477442622,0,4.87771247350006,4.876051377067023
20963.0,0.5833130000000105,5.480963132766853,4.308933280477085,0.13077387575202107,-0.13077387575202107,0,4.894948206621969,4.893176939918527
20972.0,0.5963739999999252,5.463727399644944,4.326169013598993,0.13370204226157248,-0.13370204226157248,0,4.894948206621969,4.8930983334134766
20981.0,0.6108400000000774,5.480963132766853,4.274461814233269,0.13694519797154053,-0.13694519797154053,0,4.877712473500061,4.875761440221531
20991.0,0.6844479999999376,6.1876281907650945,4.774298074768611,0.15344749338812871,-0.15344749338812871,0,5.480963132766853,5.478780223461699
21000.0,0.6362309999999426,5.498198865888761,4.2572260811113605,0.14263764692982173,-0.14263764692982173,0,4.877712473500061,4.87559408421483
21009.0,0.6358030000000823,5.498198865888761,4.291697547355177,0.14254169292433308,-0.14254169292433308,0,4.894948206621969,4.892842224170247
21018.0,0.6494139999999834,5.601613264620211,4.222754614867544,0.14559316481480664,-0.14559316481480664,0,4.912183939743877,4.909984548772584
21027.0,0.6689449999999851,5.498198865888761,4.274461814233269,0.14997185098726107,-0.14997185098726107,0,4.886330340061015,4.883993983973367
21036.0,0.6807250000000509,5.584377531498302,4.239990347989452,0.1526128280550915,-0.1526128280550915,0,4.912183939743877,4.909769911201604
21046.0,0.7794189999999188,6.273806856374636,4.739826608524794,0.17473919399147977,-0.17473919399147977,0,5.506816732449715,5.503991872157231
21055.0,0.7118530000000818,5.636084730864027,4.205518881745635,0.15959146423226034,-0.15959146423226034,0,4.920801806304832,4.9181603215605065
21064.0,0.7316290000000091,5.722263396473569,4.2572260811113605,0.1640250773471102,-0.1640250773471102,0,4.989744738792465,4.9869918852793145
21073.0,0.7692869999999572,5.739499129595478,4.205518881745635,0.1724676846832449,-0.1724676846832449,0,4.972509005670556,4.969448259891839
21082.0,0.7781369999999895,5.670556197107844,4.222754614867544,0.17445178035813913,-0.17445178035813913,0,4.946655405987694,4.943515178731862
21091.0,0.7875980000000204,5.791206328961202,4.1710474155018185,0.17657285710166087,-0.17657285710166087,0,4.98112687223151,4.977915685325923
21100.0,0.813598000000029,5.8084420620831105,4.188283148623727,0.18240183874539861,-0.18240183874539861,0,4.998362605353419,4.994948575113834
21109.0,0.8303229999998769,5.842913528326927,4.1710474155018185,0.18615144328349845,-0.18615144328349845,0,5.006980471914373,5.003425073116961
21118.0,0.8637080000001555,5.8946207276926526,4.1710474155018185,0.1936360799057194,-0.1936360799057194,0,5.032834071597236,5.029001432240536
21127.0,0.8833619999998549,5.8946207276926526,4.136575949258002,0.19804234164511295,-0.19804234164511295,0,5.015598338475327,5.011570034454357
21136.0,0.8935550000000321,5.842913528326927,4.15381168237991,0.20032752664109882,-0.20032752664109882,0,4.998362605353419,4.994235918995177
21145.0,0.8931879999999804,5.8946207276926526,4.1710474155018185,0.20024524832326987,-0.20024524832326987,0,5.032834071597236,5.02873570079049
21154.0,0.8973390000000327,5.8946207276926526,4.119340216136093,0.2011758676618642,-0.2011758676618642,0,5.006980471914373,5.002813683866904
21163.0,0.8886720000000371,5.860149261448836,4.1710474155018185,0.199232799050086,-0.199232799050086,0,5.015598338475327,5.0115313728018265
21172.0,0.8699950000000024,5.911856460814561,4.15381168237991,0.19504557250546076,-0.19504557250546076,0,5.032834071597236,5.0289407834152975
21181.0,0.8622440000000664,5.877384994570744,4.205518881745635,0.19330786340083678,-0.19330786340083678,0,5.04145193815819,5.037645898309318
21190.0,0.8707269999999452,5.860149261448836,4.1710474155018185,0.19520968075787926,-0.19520968075787926,0,5.015598338475327,5.011693751455615
21198.0,0.7780149999999652,5.256898602182044,3.7056826212102933,0.17442442898272842,-0.17442442898272842,0,4.481290611696169,4.477795839146463
21207.0,0.8948980000000754,5.911856460814561,4.136575949258002,0.20062861596216763,-0.20062861596216763,0,5.024216205036281,5.0200871127864835
21216.0,0.8995969999999536,5.911856460814561,4.222754614867544,0.20168209229844475,-0.20168209229844475,0,5.067305537841053,5.0631829373330834
21225.0,0.8972169999999066,5.980799393302195,4.1710474155018185,0.20114851628643068,-0.20114851628643068,0,5.0759234044020065,5.071812689936403
21234.0,0.9006960000000498,5.946327927058378,4.205518881745635,0.20192847886871498,-0.20192847886871498,0,5.0759234044020065,5.071790865975402
21243.0,0.9160150000000888,5.946327927058378,4.136575949258002,0.20536287001489256,-0.20536287001489256,0,5.04145193815819,5.037136275747672
21252.0,0.9215089999999808,6.015270859546011,4.15381168237991,0.20659457867451006,-0.20659457867451006,0,5.08454127096296,5.080204916716025
21261.0,0.9398189999999638,5.946327927058378,4.136575949258002,0.21069952690130636,-0.21069952690130636,0,5.04145193815819,5.03690941144001
21270.0,0.9514770000000051,5.998035126424103,4.136575949258002,0.21331315259372613,-0.21331315259372613,0,5.067305537841053,5.062666238888621
21278.0,0.8463140000000287,5.377548734035402,3.7056826212102933,0.1897364911860317,-0.1897364911860317,0,4.541615677622848,4.537519683459816
21287.0,0.9533080000000441,6.084213792033644,4.136575949258002,0.2137236474164149,-0.2137236474164149,0,5.110394870645823,5.105764618164219
21296.0,0.9893189999998665,6.032506592667919,4.1710474155018185,0.2217970111845509,-0.2217970111845509,0,5.101777004084869,5.096798070978259
21305.0,0.9991449999999922,6.118685258277461,4.084868749892276,0.22399991786270784,-0.22399991786270784,0,5.101777004084869,5.0966650156430715
21314.0,1.0370490000000478,6.153156724521278,4.084868749892276,0.23249767633288046,-0.23249767633288046,0,5.119012737206777,5.113518608840009
21322.0,0.9332880000000681,5.446491666523036,3.6022682224788434,0.20923533155074364,-0.20923533155074364,0,4.524379944500939,4.519341985007872
21331.0,1.0377199999998765,6.204863923887003,4.136575949258002,0.2326481088975708,-0.2326481088975708,0,5.170719936572502,5.165278086541623
21340.0,1.0740360000000653,6.204863923887003,4.084868749892276,0.24078985110430198,-0.24078985110430198,0,5.14486633688964,5.138993685724335
21349.0,1.0671380000000161,6.1014495251555525,4.102104483014185,0.2392433774358875,-0.2392433774358875,0,5.101777004084869,5.095955046804015
21357.0,0.922546999999963,5.480963132766853,3.653975421844568,0.20682728955705215,-0.20682728955705215,0,4.56746927730571,4.562600406312403
21366.0,1.0187980000000183,6.118685258277461,4.136575949258002,0.22840595541057296,-0.22840595541057296,0,5.127630603767731,5.12235553764233
21375.0,0.9910279999999829,6.049742325789827,4.188283148623727,0.22218015463185178,-0.22218015463185178,0,5.119012737206777,5.114034525649094
21384.0,0.9842530000000385,6.1014495251555525,4.188283148623727,0.22066125653046767,-0.22066125653046767,0,5.14486633688964,5.139972848655712
21392.0,0.8731079999999707,5.463727399644944,3.74015408745411,0.19574348096149016,-0.19574348096149016,0,4.601940743549527,4.5976334105518735
21401.0,0.9641729999999269,6.015270859546011,4.188283148623727,0.21615948916866515,-0.21615948916866515,0,5.10177700408487,5.09705348669873
21410.0,0.9301140000000876,6.015270859546011,4.222754614867544,0.20852374740700888,-0.20852374740700888,0,5.119012737206777,5.114637629295093
21419.0,0.9272460000000449,6.049742325789827,4.188283148623727,0.2078807658933749,-0.2078807658933749,0,5.119012737206777,5.114653795146137
21428.0,0.9365239999999374,5.998035126424103,4.188283148623727,0.2099608155737578,-0.2099608155737578,0,5.093159137523915,5.088696996323593
21436.0,0.8463130000000502,5.412020200279219,3.7229183543322018,0.18973626699443483,-0.18973626699443483,0,4.56746927730571,4.5633951013446294
21445.0,0.9454349999999819,6.084213792033644,4.222754614867544,0.21195858693635738,-0.21195858693635738,0,5.153484203450594,5.148985089578947
21454.0,0.950500000000035,6.015270859546011,4.188283148623727,0.21309411739888937,-0.21309411739888937,0,5.10177700408487,5.0971863026158735
21463.0,0.9644779999999878,6.084213792033644,4.188283148623727,0.21622786760719187,-0.21622786760719187,0,5.1362484703286855,5.131543924367095
21472.0,0.997742000000017,6.204863923887003,4.067633016770368,0.22368537704555336,-0.22368537704555336,0,5.1362484703286855,5.131166225124131
21480.0,0.9518429999998747,5.429255933401127,3.6195039556007518,0.21339520671991255,-0.21339520671991255,0,4.524379944500939,4.519148401892154
21489.0,1.0449830000000204,5.998035126424103,4.222754614867544,0.23427641250062048,-0.23427641250062048,0,5.110394870645823,5.104867938501577
21498.0,0.8902590000000273,5.911856460814561,4.308933280477085,0.19958859112195337,-0.19958859112195337,0,5.110394870645823,5.106404235596649
21507.0,0.7573849999999689,5.791206328961202,4.326169013598993,0.16979935624002657,-0.16979935624002657,0,5.058687671280097,5.055779628835569
21516.0,0.7327270000001268,5.791206328961202,4.343404746720902,0.16427123972578359,-0.16427123972578359,0,5.067305537841052,5.064589770911738
21525.0,0.7249749999999069,5.756734862717386,4.343404746720902,0.16253330642949426,-0.16253330642949426,0,5.0500698047191435,5.047404332303989
21534.0,0.7212529999999988,5.722263396473569,4.343404746720902,0.1616988652880539,-0.1616988652880539,0,5.032834071597236,5.030189046734236
21542.0,0.6554560000000066,5.1362484703286855,3.8608042193074685,0.14694773047217538,-0.14694773047217538,0,4.498526344818077,4.496079205571685
21551.0,0.7404180000000292,5.756734862717386,4.308933280477085,0.16599549733429908,-0.16599549733429908,0,5.032834071597236,5.030041289284249
21560.0,0.7155759999999685,5.722263396473569,4.377876212964718,0.16042612956529756,-0.16042612956529756,0,5.0500698047191435,5.047477848242706
21569.0,0.6967769999999095,5.705027663351661,4.326169013598993,0.15621155164526163,-0.15621155164526163,0,5.015598338475327,5.013120852807141
21578.0,0.6658940000001095,5.601613264620211,4.412347679208535,0.14928784241055668,-0.14928784241055668,0,5.006980471914373,5.004724666820948
21587.0,0.5999759999999695,5.567141798376394,4.395111946086627,0.13450958041084152,-0.13450958041084152,0,4.98112687223151,4.979286322546938
21596.0,0.5647580000000003,5.532670332132577,4.481290611696169,0.12661400058280653,-0.12661400058280653,0,5.006980471914373,5.00536257241883
21605.0,0.5337520000000956,5.446491666523036,4.498526344818077,0.1196627157810712,-0.1196627157810712,0,4.972509005670556,4.971056630227492
21614.0,0.504577999999903,5.5154345990106695,4.515762077939986,0.11312214999355305,-0.11312214999355305,0,5.0155983384753275,5.014310375901678
21623.0,0.47753899999993366,5.446491666523036,4.515762077939986,0.10706023327567633,-0.10706023327567633,0,4.981126872231511,4.979966629170638
21632.0,0.4331050000000625,5.308605801547769,4.601940743549527,0.09709850364656067,-0.09709850364656067,0,4.955273272548648,4.954317371496911
21641.0,0.38983199999997303,5.377548734035402,4.5502335441838015,0.087397060466949,-0.087397060466949,0,4.963891139109602,4.963116564321005
21651.0,0.4064940000000553,5.8946207276926526,5.0500698047191435,0.0911325409341954,-0.0911325409341954,0,5.472345266205898,5.471582056004459
21660.0,0.4127199999999918,5.463727399644944,4.429583412330444,0.09252835784625422,-0.09252835784625422,0,4.946655405987694,4.945780705900225
21669.0,0.6186519999999239,5.842913528326927,4.222754614867544,0.13869658276384705,-0.13869658276384705,0,5.032834071597236,5.030873385842669
21678.0,0.9116820000000803,5.756734862717386,4.119340216136093,0.2043914478048019,-0.2043914478048019,0,4.938037539426739,4.93369435843828
21687.0,0.796509000000065,5.687791930229753,4.2572260811113605,0.17857062846426044,-0.17857062846426044,0,4.972509005670556,4.9692383835138365
21696.0,0.6835939999999704,5.463727399644944,4.412347679208535,0.15325603376029953,-0.15325603376029953,0,4.938037539426739,4.935633901300319
21705.0,0.4351810000000271,5.119012737206777,4.8432410072562435,0.09756392541164485,-0.09756392541164485,0,4.98112687223151,4.980170937080533
21714.0,0.0033559999999367503,4.774298074768611,5.239662869060136,0.000752387015231108,-0.000752387015231108,0,5.006980471914373,5.006980415262326
21723.0,-0.41436700000001575,4.429583412330444,5.532670332132577,-0.09289760141423009,0.09289760141423009,0,4.98112687223151,4.980250096417806
21732.0,-0.6146849999999885,4.412347679208535,5.618848997742119,-0.13780721467998847,0.13780721467998847,0,5.015598338475327,5.013678540477801
21741.0,-0.6423949999999902,4.532997811061894,5.480963132766853,-0.14401956396260115,0.14401956396260115,0,5.006980471914373,5.004891825834747
21750.0,-0.4222409999999547,4.860476740378152,5.256898602182044,-0.09466288608586163,0.09466288608586163,0,5.058687671280098,5.0578008339505764
21759.0,-0.12152099999997625,5.08454127096296,5.0500698047191435,-0.027243987628010963,0.027243987628010963,0,5.067305537841052,5.067232300954944
21768.0,0.12121499999993676,5.239662869060136,4.87771247350006,0.027175384997887374,-0.027175384997887374,0,5.058687671280098,5.058614585938539
21776.0,0.2338260000000506,4.860476740378152,4.188283148623727,0.05242182545494124,-0.05242182545494124,0,4.524379944500939,4.5240745976070205
21785.0,0.40026899999999555,5.498198865888761,4.584705010427618,0.08973694821371063,-0.08973694821371063,0,5.04145193815819,5.040646876941652
21794.0,0.5469969999999236,5.618848997742119,4.532997811061894,0.12263213354531269,-0.12263213354531269,0,5.0759234044020065,5.074425584481565
21803.0,0.5237420000000567,5.463727399644944,4.584705010427618,0.11741855784822418,-0.11741855784822418,0,5.024216205036281,5.0228341458758194
21812.0,0.41149899999997297,5.394784467157311,4.705355142280977,0.0922546199005961,-0.0922546199005961,0,5.0500698047191435,5.049223423745834
21821.0,0.3016360000000381,5.325841534669677,4.757062341646702,0.06762425796500489,-0.06762425796500489,0,5.04145193815819,5.040997008721314
21830.0,0.22698999999999214,5.1362484703286855,4.87771247350006,0.05088925166582898,-0.05088925166582898,0,5.006980471914373,5.00672170898912
21839.0,0.16418399999994382,5.119012737206777,4.757062341646702,0.03680867393056917,-0.03680867393056917,0,4.938037539426739,4.937900172727613
21848.0,0.1388550000000694,4.998362605353419,4.757062341646702,0.031130124851590196,-0.031130124851590196,0,4.877712473500061,4.877613077703945
21857.0,0.14709499999997974,5.0500698047191435,4.774298074768611,0.032977463649430994,-0.032977463649430994,0,4.912183939743877,4.912073160734584
21867.0,0.1398929999999499,5.567141798376394,5.343077267791585,0.03136283573410947,-0.03136283573410947,0,5.45510953308399,5.455019340755433
21876.0,0.11779799999998782,5.0155983384753275,4.808769541012427,0.02640932229495092,-0.02640932229495092,0,4.912183939743877,4.912112917728992
21885.0,0.09130800000002647,5.032834071597236,4.791533807890519,0.02047048676639949,-0.02047048676639949,0,4.912183939743878,4.912141261344592
21894.0,0.055237000000068565,4.912183939743877,4.826005274134335,0.012383671502132173,-0.012383671502132173,0,4.869094606939106,4.869078857955071
21903.0,0.049743999999951556,4.946655405987694,4.946655405987694,0.0111521870340659,-0.0111521870340659,0,4.946655405987694,4.946642834786414
21912.0,0.01714999999997629,4.894948206621969,4.860476740378152,0.0038448859688435194,-0.0038448859688435194,0,4.87771247350006,4.877710958104688
21922.0,0.014160999999989436,5.429255933401127,5.360313000913494,0.003174777271418527,-0.003174777271418527,0,5.394784467157311,5.394783532956907
21931.0,0.012695000000045087,4.912183939743877,4.894948206621969,0.0028461123833649748,-0.0028461123833649748,0,4.9035660731829225,4.903565247214786
21940.0,0.010924999999916498,4.894948206621969,4.860476740378152,0.002449293248358745,-0.002449293248358745,0,4.87771247350006,4.877711858548767
21949.0,0.021240000000016388,4.981126872231511,4.8432410072562435,0.004761829619732494,-0.004761829619732494,0,4.912183939743877,4.912181631252064
21959.0,0.03436300000002357,5.394784467157311,5.394784467157311,0.0077038960086089295,-0.0077038960086089295,0,5.394784467157311,5.394778966481306
21968.0,0.032349000000049755,4.946655405987694,4.87771247350006,0.007252374122826956,-0.007252374122826956,0,4.912183939743877,4.912178585767381
21977.0,0.05194099999996195,4.894948206621969,4.8432410072562435,0.01164473598296391,-0.01164473598296391,0,4.869094606939106,4.869080682058979
21986.0,0.05566399999995037,4.9294196728657855,4.791533807890519,0.012479401316023951,-0.012479401316023951,0,4.860476740378152,4.8604607166386655
21995.0,0.04809600000015269,4.912183939743877,4.8432410072562435,0.010782719274538813,-0.010782719274538813,0,4.87771247350006,4.8777005547557195
22005.0,0.06848099999981629,5.463727399644944,5.377548734035402,0.015352865074753981,-0.015352865074753981,0,5.420638066840173,5.420616323648728
22014.0,0.05413800000017589,4.998362605353419,4.739826608524794,0.012137284931907555,-0.012137284931907555,0,4.869094606939107,4.869079468919348
22023.0,0.06060799999995763,4.912183939743877,4.8432410072562435,0.013587804594742119,-0.013587804594742119,0,4.87771247350006,4.877693546945711
22032.0,0.06060799999995763,4.963891139109602,4.808769541012427,0.013587804594742119,-0.013587804594742119,0,4.886330340061015,4.886311443069017
22042.0,0.07305899999995395,5.463727399644944,5.377548734035402,0.016379214227285714,-0.016379214227285714,0,5.420638066840173,5.420613319405385
22051.0,0.06652800000005823,4.963891139109602,4.774298074768611,0.014915018876722986,-0.014915018876722986,0,4.869094606939107,4.869071754582558
22060.0,0.061036000000021504,4.9294196728657855,4.8432410072562435,0.013683758600276397,-0.013683758600276397,0,4.886330340061015,4.886311178574124
22069.0,0.06133999999990041,4.9294196728657855,4.791533807890519,0.013751912847160621,-0.013751912847160621,0,4.860476740378152,4.860457282201789
22078.0,0.06805400000013805,5.0155983384753275,4.791533807890519,0.015257135260907837,-0.015257135260907837,0,4.903566073182923,4.903542325154466
22088.0,0.09539799999986301,5.498198865888761,5.29137006842586,0.021387430417242826,-0.021387430417242826,0,5.394784467157311,5.394742057221711
22097.0,0.09368900000005195,4.946655405987694,4.8432410072562435,0.021004286970010395,-0.021004286970010395,0,4.894948206621969,4.894903137380114
22106.0,0.08691400000000568,4.9294196728657855,4.808769541012427,0.01948538886860347,-0.01948538886860347,0,4.869094606939106,4.8690556126153
22115.0,0.07220500000008856,4.963891139109602,4.774298074768611,0.01618775459947934,-0.01618775459947934,0,4.869094606939107,4.869067688116786
22125.0,0.06762699999984913,5.463727399644944,5.394784467157311,0.015161405446924788,-0.015161405446924788,0,5.429255933401127,5.429234763268413
22134.0,0.0647580000001332,4.894948206621969,4.774298074768611,0.014518199741762392,-0.014518199741762392,0,4.83462314069529,4.834601338632067
22143.0,0.07086199999994355,4.963891139109602,4.826005274134335,0.015886665278387706,-0.015886665278387706,0,4.894948206621969,4.8949224214447415
22152.0,0.02423099999996026,4.87771247350006,4.808769541012427,0.005432386700351215,-0.005432386700351215,0,4.8432410072562435,4.8432379605058955
22161.0,0.012573000000020698,4.9294196728657855,4.894948206621969,0.002818761007954285,-0.002818761007954285,0,4.912183939743877,4.912183130988588
22171.0,0.018616000000022413,5.412020200279219,5.394784467157311,0.004173550856919889,-0.004173550856919889,0,5.403402333718265,5.403400721903875
22180.0,0.024047999999923676,4.894948206621969,4.860476740378152,0.0053913596372351805,-0.0053913596372351805,0,4.87771247350006,4.877709493917398
22189.0,0.004516000000045173,4.87771247350006,4.87771247350006,0.0010124492732067072,-0.0010124492732067072,0,4.87771247350006,4.877712368424832
22198.0,-0.00921600000000366,4.8432410072562435,4.894948206621969,-0.0020661498011034954,0.0020661498011034954,0,4.869094606939106,4.869094168552184
22208.0,-0.02691699999994494,5.480963132766853,5.463727399644944,-0.006034565342466029,0.006034565342466029,0,5.472345266205899,5.472341938927173
22217.0,-0.018737000000068293,4.8432410072562435,4.894948206621969,-0.004200678040733714,0.004200678040733714,0,4.869094606939106,4.869092794879053
22226.0,-0.01965400000000467,4.87771247350006,4.912183939743877,-0.004406261739461981,0.004406261739461981,0,4.894948206621969,4.8949462234169765
22235.0,-0.03246999999999386,4.774298074768611,4.912183939743877,-0.0072795013066179635,0.0072795013066179635,0,4.843241007256244,4.843235535528825
22244.0,-0.042541999999921705,4.860476740378152,4.9294196728657855,-0.00953755911874438,0.00953755911874438,0,4.894948206621969,4.894938914461715
22254.0,-0.049926999999988134,5.412020200279219,5.498198865888761,-0.011193214097181936,0.011193214097181936,0,5.45510953308399,5.455098048854129
22263.0,-0.03033400000009744,4.808769541012427,4.912183939743877,-0.006800628045448117,0.006800628045448117,0,4.860476740378152,4.860471982232909
22272.0,-0.026305999999946265,4.87771247350006,4.87771247350006,-0.005897584273838534,0.005897584273838534,0,4.87771247350006,4.8777089081543865
22281.0,-0.018616000000022413,4.826005274134335,4.894948206621969,-0.004173550856919889,0.004173550856919889,0,4.860476740378152,4.86047494843528
22291.0,-0.030517999999908976,5.463727399644944,5.429255933401127,-0.006841879300115381,0.006841879300115381,0,5.446491666523036,5.446487369102916
22300.0,-0.011718000000176802,4.87771247350006,4.912183939743877,-0.002627077188551046,0.002627077188551046,0,4.894948206621969,4.894947501648357
22309.0,-0.002380999999821929,4.894948206621969,4.894948206621969,-0.000533800203565272,0.000533800203565272,0,4.894948206621969,4.89494817751618
22318.0,0.005187999999954264,4.87771247350006,4.87771247350006,0.0011631060295167295,-0.0011631060295167295,0,4.87771247350006,4.877712334826903
22327.0,0.009154999999991467,4.894948206621969,4.894948206621969,0.00205247411339815,-0.00205247411339815,0,4.894948206621969,4.894947776316146
22336.0,0.0032349999999926487,4.9294196728657855,4.894948206621969,0.0007252598314401002,-0.0007252598314401002,0,4.912183939743877,4.912183886202693
22346.0,0.012878999999958401,5.480963132766853,5.394784467157311,0.002887363638055056,-0.002887363638055056,0,5.437873799962082,5.4378730333581835
22355.0,0.01055899999994511,4.946655405987694,4.894948206621969,0.0023672391221494934,-0.0023672391221494934,0,4.920801806304832,4.920801236887996
22364.0,0.026672000000121206,4.894948206621969,4.860476740378152,0.005979638400093421,-0.005979638400093421,0,4.87771247350006,4.877708808208006
22373.0,0.052857000000021595,4.981126872231511,4.8432410072562435,0.01185009549011813,-0.01185009549011813,0,4.912183939743877,4.912169643473822
22382.0,0.041319999999924355,4.9294196728657855,4.87771247350006,0.009263596981489389,-0.009263596981489389,0,4.9035660731829225,4.9035573227772415
22392.0,0.06005899999994967,5.498198865888761,5.377548734035402,0.013464723405416833,-0.013464723405416833,0,5.437873799962082,5.437857127981157
22401.0,0.08020000000007338,4.981126872231511,4.826005274134335,0.017980166454924708,-0.017980166454924708,0,4.9035660731829225,4.90353310085038
22410.0,0.07226599999999897,4.9294196728657855,4.791533807890519,0.016201430287161867,-0.016201430287161867,0,4.860476740378152,4.860449733050524
22419.0,0.06292699999999242,4.981126872231511,4.87771247350006,0.014107704919050817,-0.014107704919050817,0,4.9294196728657855,4.929399483063616
22428.0,0.04095500000003325,4.912183939743877,4.826005274134335,0.00918176704689982,-0.00918176704689982,0,4.869094606939106,4.869085949146355
22437.0,0.0484010000000101,4.998362605353419,4.87771247350006,0.010851097713019902,-0.010851097713019902,0,4.938037539426739,4.938025615310228
22447.0,0.03918399999992615,5.446491666523036,5.377548734035402,0.008784723720296726,-0.008784723720296726,0,5.412020200279219,5.412013070377039
22456.0,0.025696000000027877,4.87771247350006,4.9294196728657855,0.005760827396830721,-0.005760827396830721,0,4.9035660731829225,4.903562689113043
22465.0,-0.002685999999984678,4.946655405987694,4.894948206621969,-0.0006021786421148141,0.0006021786421148141,0,4.920801806304832,4.920801769458283
22474.0,-0.012695000000045087,4.860476740378152,4.87771247350006,-0.0028461123833649748,0.0028461123833649748,0,4.869094606939106,4.869093775123373
22483.0,-0.014404000000059702,4.9294196728657855,4.946655405987694,-0.0032292558306430425,0.0032292558306430425,0,4.938037539426739,4.938036483529376
22493.0,-0.034179999999986985,5.360313000913494,5.463727399644944,-0.007662868945492895,0.007662868945492895,0,5.412020200279219,5.412014774871472
22502.0,-0.0324099999998584,4.894948206621969,4.946655405987694,-0.007266049810486665,0.007266049810486665,0,4.920801806304832,4.920796441645475
22511.0,-0.04321200000007733,4.826005274134335,4.912183939743877,-0.009687767491906309,0.009687767491906309,0,4.869094606939106,4.869084968606069
22520.0,-0.025268999999942518,4.860476740378152,4.963891139109602,-0.0056650975828933066,0.0056650975828933066,0,4.912183939743877,4.912180672678207
22529.0,-0.04962200000002894,4.8432410072562435,4.946655405987694,-0.011124835658678028,0.011124835658678028,0,4.894948206621969,4.894935563454466
22539.0,-0.04840000000003159,5.343077267791585,5.446491666523036,-0.010850873521423039,0.010850873521423039,0,5.394784467157311,5.3947735536614285
22548.0,-0.030823000000071724,4.87771247350006,4.9294196728657855,-0.006910257738664923,0.006910257738664923,0,4.9035660731829225,4.903561203979814
22557.0,-0.040710999999984475,4.826005274134335,4.912183939743877,-0.00912706429607844,0.00912706429607844,0,4.869094606939106,4.869086052000854
22566.0,-0.02459699999993165,4.894948206621969,4.87771247350006,-0.0055144408265604666,0.0055144408265604666,0,4.886330340061015,4.886327228408604
22575.0,-0.02398700000001326,4.8432410072562435,4.912183939743877,-0.005377683949552653,0.005377683949552653,0,4.87771247350006,4.877709508903142
22585.0,-0.026732999999929844,5.377548734035402,5.446491666523036,-0.00599331408775313,0.00599331408775313,0,5.412020200279219,5.412016881625862
22594.0,-0.017151000000056576,4.87771247350006,4.912183939743877,-0.0038451101604632014,0.0038451101604632014,0,4.894948206621969,4.894946696386519
22603.0,-0.02667200000001943,4.87771247350006,4.894948206621969,-0.005979638400070603,0.005979638400070603,0,4.886330340061015,4.886326681267608
22612.0,-0.01300099999998279,4.9294196728657855,4.87771247350006,-0.002914715013465746,0.002914715013465746,0,4.9035660731829225,4.903565206895266
22622.0,0.0043949999999992944,5.377548734035402,5.394784467157311,0.0009853220893928814,-0.0009853220893928814,0,5.386166600596356,5.386166510470841
22631.0,0.019592000000013966,4.998362605353419,4.826005274134335,0.0043923618601597715,-0.0043923618601597715,0,4.912183939743877,4.912181975365988
22640.0,0.0567630000000466,4.9294196728657855,4.791533807890519,0.012725787886294205,-0.012725787886294205,0,4.860476740378152,4.860460077667689
22649.0,0.11999499999999821,5.0500698047191435,4.739826608524794,0.026901871243848928,-0.026901871243848928,0,4.894948206621969,4.894874209750011
22658.0,0.18243399999989307,5.067305537841052,4.636412209793344,0.040900170661256986,-0.040900170661256986,0,4.851858873817198,4.8516861525171695
22668.0,0.30224600000005825,5.739499129595478,5.067305537841052,0.06776101484203552,-0.06776101484203552,0,5.403402333718265,5.4029758584897705
22677.0,0.34924300000001296,5.256898602182044,4.46405487857426,0.07829734754628126,-0.07829734754628126,0,4.860476740378152,4.859841999468877
22686.0,0.4159549999999845,5.29137006842586,4.412347679208535,0.09325361767769433,-0.09325361767769433,0,4.851858873817198,4.850955543958114
22695.0,0.48351999999994466,5.429255933401127,4.36064047984281,0.10840112324533972,-0.10840112324533972,0,4.894948206621969,4.893733907582129
22705.0,0.6039430000000068,6.118685258277461,4.808769541012427,0.13539894849472292,-0.13539894849472292,0,5.463727399644943,5.462026092128584
22714.0,0.5919800000000063,5.446491666523036,4.326169013598993,0.13271694436379927,-0.13271694436379927,0,4.886330340061015,4.884505062592051
22723.0,0.635437000000009,5.584377531498302,4.2572260811113605,0.142459638798101,-0.142459638798101,0,4.920801806304832,4.918702916890112
22732.0,0.685302999999985,5.653320463985936,4.205518881745635,0.1536391772075776,-0.1536391772075776,0,4.9294196728657855,4.92697458287263
22741.0,0.7459110000000444,5.670556197107844,4.188283148623727,0.16722698180234255,-0.16722698180234255,0,4.9294196728657855,4.926520339981257
22750.0,0.8024290000000638,5.8946207276926526,4.136575949258002,0.1798978427462185,-0.1798978427462185,0,5.015598338475327,5.012273572537416
22759.0,0.8417359999999928,5.842913528326927,4.136575949258002,0.18871014203352277,-0.18871014203352277,0,4.9897447387924645,4.986073343873615
22768.0,0.8771359999999183,5.860149261448836,4.136575949258002,0.1966465247330541,-0.1966465247330541,0,4.998362605353419,4.994381186020128
22777.0,0.9147950000000485,5.980799393302195,4.084868749892276,0.2050893562608313,-0.2050893562608313,0,5.032834071597236,5.028508047583899
22786.0,0.9495239999999416,6.015270859546011,4.033161550526552,0.21287530639562668,-0.21287530639562668,0,5.024216205036282,5.0195315025944796
22795.0,0.9945669999999562,6.032506592667919,4.067633016770368,0.2229735687101989,-0.2229735687101989,0,5.0500698047191435,5.044962734924347
22804.0,1.0604860000000746,6.222099657008911,4.015925817404644,0.23775205490151097,-0.23775205490151097,0,5.119012737206777,5.113234396785003
22812.0,0.9708260000000506,5.549906065254485,3.5677967562350266,0.2176510358946842,-0.2176510358946842,0,4.558851410744756,4.553409782878472
22821.0,1.1384269999999432,6.222099657008911,3.998690084282735,0.25522577252818984,-0.25522577252818984,0,5.110394870645823,5.10372068297041
22830.0,1.1264650000000231,6.256571123252728,4.015925817404644,0.2525439925888858,-0.2525439925888858,0,5.136248470328686,5.129744511603954
22839.0,1.1171880000000072,6.256571123252728,3.998690084282735,0.250464167100077,-0.250464167100077,0,5.127630603767732,5.121216406041607
22848.0,1.1583860000001107,6.3082783226184524,3.9642186180389185,0.2597004127062013,-0.2597004127062013,0,5.1362484703286855,5.129339339232084
22856.0,1.0803219999997302,5.722263396473569,3.4643823575035766,0.24219911951240083,-0.24219911951240083,0,4.593322876988573,4.586545846769372
22865.0,1.2645260000000573,6.497871386959445,3.84356848618556,0.28349610930873254,-0.28349610930873254,0,5.170719936572502,5.162425842584335
22874.0,1.3082889999999978,6.4806356538375365,3.84356848618556,0.293307406373135,-0.293307406373135,0,5.1621020700115485,5.153217115960324
22882.0,1.199585000000091,5.773970595839295,3.395439425015943,0.26893688250389974,-0.26893688250389974,0,4.584705010427619,4.5762781150594325
22891.0,1.337280000000052,6.549578586325169,3.8263327530636517,0.2998069450975143,-0.2998069450975143,0,5.187955669694411,5.178684301333437
22900.0,1.3725589999999317,6.532342853203261,3.7746255536979265,0.30771620061323185,-0.30771620061323185,0,5.153484203450594,5.143626013804467
22909.0,1.3991089999999267,6.532342853203261,3.7746255536979265,0.31366848763789174,-0.31366848763789174,0,5.153484203450594,5.143242441145807
22917.0,1.2344970000001225,5.842913528326927,3.4126751581378514,0.2767638597018339,-0.2767638597018339,0,4.62779434323239,4.618938673249167
22926.0,1.4017940000000346,6.618521518812803,3.8263327530636517,0.3142704420884325,-0.3142704420884325,0,5.2224271359382275,5.212282195542113
22935.0,1.3609619999998006,6.497871386959445,3.8608042193074685,0.3051162506084946,-0.3051162506084946,0,5.179337803133457,5.169761748451839
22943.0,1.1752930000000168,5.739499129595478,3.42991089125976,0.26349082011582037,-0.26349082011582037,0,4.584705010427619,4.576647526524157
22952.0,1.3117070000002307,6.549578586325169,3.8263327530636517,0.2940736932677368,-0.2940736932677368,0,5.187955669694411,5.179034334756679
22961.0,1.3720089999999452,6.635757251934711,3.7746255536979265,0.3075928952323097,-0.3075928952323097,0,5.205191402816319,5.195397236816746
22969.0,1.2963259999999972,5.911856460814561,3.292025026284493,0.29062540224221134,-0.29062540224221134,0,4.601940743549527,4.591998464438925
22978.0,1.499571999999843,6.670228718178528,3.7229183543322018,0.3361914485176666,-0.3361914485176666,0,5.1965735362553644,5.184801742597554
22986.0,1.3485110000001097,6.015270859546011,3.2747892931625846,0.30232484097601947,-0.30232484097601947,0,4.645030076354298,4.634305294838426
22995.0,1.5143429999999543,6.687464451300436,3.688446888088385,0.33950298266613854,-0.33950298266613854,0,5.187955669694411,5.175891995969801
23004.0,1.5240480000000338,6.635757251934711,3.7229183543322018,0.34167876216048165,-0.34167876216048165,0,5.179337803133457,5.167157828878606
23013.0,1.5314330000001004,6.704700184422345,3.6712111549664765,0.3433344171389192,-0.3433344171389192,0,5.187955669694411,5.17559397785505
23021.0,1.3500979999999982,6.015270859546011,3.3092607594064014,0.302680633047864,-0.302680633047864,0,4.662265809476207,4.651587375332372
23030.0,1.5087279999999146,6.670228718178528,3.688446888088385,0.3382441468226844,-0.3382441468226844,0,5.179337803133457,5.167352016117806
23038.0,1.3275759999999508,5.8946207276926526,3.3092607594064014,0.29763138979476805,-0.29763138979476805,0,4.601940743549527,4.591539073866939
23047.0,1.481140000000039,6.704700184422345,3.7229183543322018,0.3320591489155052,-0.3320591489155052,0,5.213809269377274,5.20234493028768
23056.0,1.5111689999999738,6.635757251934711,3.688446888088385,0.3387913985224038,-0.3387913985224038,0,5.162102070011548,5.150055433202547
23064.0,1.3475960000000287,6.032506592667919,3.188610627553043,0.3021197056604621,-0.3021197056604621,0,4.6105586101104805,4.599674419121085
23073.0,1.6420889999999901,6.704700184422345,3.550561023113118,0.36814256301463427,-0.36814256301463427,0,5.127630603767732,5.113121973991191
23082.0,1.5037239999999754,6.635757251934711,3.6712111549664765,0.3371222920478806,-0.3371222920478806,0,5.153484203450594,5.141519928782911
23091.0,1.4605710000001568,6.618521518812803,3.7056826212102933,0.3274477518605315,-0.3274477518605315,0,5.162102070011548,5.150867880148679
23100.0,1.5172119999999754,6.584050052568986,3.585032489356935,0.3401461883713694,-0.3401461883713694,0,5.08454127096296,5.072142715001911
23108.0,1.379882999999884,5.8946207276926526,3.2058463606749514,0.3093581799039412,-0.3093581799039412,0,4.550233544183802,4.538771618044308
23117.0,1.5153800000000597,6.601285785690894,3.7056826212102933,0.3397354693571066,-0.3397354693571066,0,5.153484203450594,5.1413837849309845
23126.0,1.4237059999999602,6.4806356538375365,3.791861286819835,0.31918292846447505,-0.31918292846447505,0,5.1362484703286855,5.125644139166955
23135.0,1.3340459999999361,6.44616418759372,3.8090970199417433,0.2990819094576483,-0.2990819094576483,0,5.127630603767732,5.118323271172301
23143.0,1.2067260000001088,5.825677795205019,3.343732225650218,0.2705378347315159,-0.2705378347315159,0,4.584705010427618,4.576123703079909
23152.0,1.3635249999998842,6.463399920715628,3.8090970199417433,0.3056908536836247,-0.3056908536836247,0,5.1362484703286855,5.126536386718007
23161.0,1.3566290000000976,6.428928454471811,3.8263327530636517,0.3041448283984724,-0.3041448283984724,0,5.127630603767732,5.11802402770811
23170.0,1.296875000000005,6.3944569882279945,3.9297471517951017,0.29074848343153664,-0.29074848343153664,0,5.162102070011548,5.153446295835872
23178.0,1.108702999999866,5.670556197107844,3.5160895568693014,0.24856190135977232,-0.24856190135977232,0,4.593322876988573,4.586226462137738
23187.0,1.195374000000005,6.204863923887003,4.015925817404644,0.2679928116691969,-0.2679928116691969,0,5.110394870645823,5.103049128506799
23196.0,1.107727000000078,6.1876281907650945,4.067633016770368,0.2483430903565781,-0.2483430903565781,0,5.127630603767731,5.121361783993788
23205.0,1.0335080000000156,6.049742325789827,4.119340216136093,0.23170381387131678,-0.23170381387131678,0,5.08454127096296,5.079074660979318
23214.0,0.9549560000000465,5.980799393302195,4.1710474155018185,0.2140931151759876,-0.2140931151759876,0,5.0759234044020065,5.071267438204515
23222.0,0.810363999999913,5.239662869060136,3.757389820576018,0.18167680310553258,-0.18167680310553258,0,4.498526344818077,4.494760666535798
23231.0,0.8425900000000617,5.8946207276926526,4.2572260811113605,0.1889016016613748,-0.1889016016613748,0,5.0759234044020065,5.07231876732957
23240.0,0.7667239999999754,5.705027663351661,4.326169013598993,0.17189308160813763,-0.17189308160813763,0,5.015598338475327,5.012598978384952
23249.0,0.6781010000000569,5.670556197107844,4.395111946086627,0.1520245492922789,-0.1520245492922789,0,5.032834071597236,5.030502263199466
23258.0,0.6304929999999,5.653320463985936,4.429583412330444,0.14135123551936002,-0.14135123551936002,0,5.04145193815819,5.039441998325304
23267.0,0.5980830000000417,5.498198865888761,4.429583412330444,0.13408518570887337,-0.13408518570887337,0,4.963891139109602,4.962060010310962
23276.0,0.548157000000032,5.532670332132577,4.429583412330444,0.12289219580328829,-0.12289219580328829,0,4.98112687223151,4.979592827873638
23285.0,0.4894410000000238,5.463727399644944,4.515762077939986,0.10972856171891746,-0.10972856171891746,0,4.989744738792465,4.988527704176654
23294.0,0.4785769999998141,5.360313000913494,4.481290611696169,0.1072929441581956,-0.1072929441581956,0,4.920801806304832,4.919623131867686
23303.0,0.45391800000009536,5.429255933401127,4.498526344818077,0.10176460345237856,-0.10176460345237856,0,4.963891139109602,4.962839099284844
23313.0,0.46710199999991114,5.860149261448836,5.0155983384753275,0.10472034552891471,-0.10472034552891471,0,5.437873799962082,5.436859642525335
23322.0,0.39263900000020713,5.256898602182044,4.584705010427618,0.08802636629292328,-0.08802636629292328,0,4.920801806304832,4.920010975163611
23331.0,0.3674319999998482,5.274134335303953,4.56746927730571,0.08237516858924092,-0.08237516858924092,0,4.920801806304832,4.920108894359775
23340.0,0.3544309999999672,5.187955669694411,4.56746927730571,0.07946045357579799,-0.07946045357579799,0,4.87771247350006,4.877062750562958
23349.0,0.32556200000014096,5.2224271359382275,4.601940743549527,0.07298826622687501,-0.07298826622687501,0,4.912183939743877,4.911639607626858
23358.0,0.30078099999999064,5.205191402816319,4.601940743549527,0.067432574145556,-0.067432574145556,0,4.9035660731829225,4.903100721785661
23368.0,0.3212280000000521,5.739499129595478,5.119012737206777,0.07201661982516466,-0.07201661982516466,0,5.429255933401127,5.428776799020552
23377.0,0.2723999999998548,5.1362484703286855,4.601940743549527,0.06106979229818452,-0.06106979229818452,0,4.869094606939106,4.868710517783588
23386.0,0.25219700000004575,5.08454127096296,4.653647942915252,0.05654044936944289,-0.05654044936944289,0,4.869094606939106,4.868765719658448
23395.0,0.2448119999999793,5.153484203450594,4.636412209793344,0.05488479439100533,-0.05488479439100533,0,4.894948206621969,4.894639676424694
23405.0,0.26513700000001633,5.687791930229753,5.205191402816319,0.05944148869520329,-0.05944148869520329,0,5.446491666523036,5.446166694014892
23414.0,0.22680599999997705,5.08454127096296,4.619176476671435,0.050848000411116076,-0.050848000411116076,0,4.851858873817198,4.851591835609332
23423.0,0.2276000000000123,5.1362484703286855,4.653647942915252,0.05102600854285961,-0.05102600854285961,0,4.894948206621969,4.894681627627304
23432.0,0.22644100000008593,5.08454127096296,4.636412209793344,0.050766170476526505,-0.050766170476526505,0,4.860476740378152,4.860211079286497
23441.0,0.24121100000001525,5.119012737206777,4.636412209793344,0.05407748043335599,-0.05407748043335599,0,4.87771247350006,4.877411997131364
23451.0,0.259216000000039,5.653320463985936,5.119012737206777,0.05811405022164838,-0.05811405022164838,0,5.386166600596356,5.385852344380767
23460.0,0.2687379999999804,5.1362484703286855,4.5502335441838015,0.060248802652852644,-0.060248802652852644,0,4.8432410072562435,4.842864934490542
23469.0,0.35583499999992085,5.274134335303953,4.515762077939986,0.07977521858454933,-0.07977521858454933,0,4.894948206621969,4.8942943496706235
23478.0,0.41217000000000537,5.2224271359382275,4.481290611696169,0.09240505246533208,-0.09240505246533208,0,4.851858873817198,4.850974018031611
23488.0,0.4707639999999892,5.946327927058378,4.894948206621969,0.10554133517429222,-0.10554133517429222,0,5.420638066840173,5.419601161128043
23497.0,0.43176299999989604,5.274134335303953,4.481290611696169,0.0967976385170659,-0.0967976385170659,0,4.877712473500061,4.876745913334713
23506.0,0.43920900000007645,5.29137006842586,4.429583412330444,0.09846696918323161,-0.09846696918323161,0,4.860476740378152,4.859471754374107
23515.0,0.4367069999999033,5.325841534669677,4.446819145452352,0.09790604179578406,-0.09790604179578406,0,4.886330340061015,4.8853417915191795
23525.0,0.4938350000000446,5.8946207276926526,4.9294196728657855,0.11071365961671348,-0.11071365961671348,0,5.412020200279219,5.410879061703248
23534.0,0.4565430000000678,5.412020200279219,4.446819145452352,0.10235310640678803,-0.10235310640678803,0,4.9294196728657855,4.928347137220612
23543.0,0.4833990000000006,5.377548734035402,4.412347679208535,0.10837399606154871,-0.10837399606154871,0,4.894948206621969,4.89373719954175
23552.0,0.48187200000004404,5.343077267791585,4.412347679208535,0.10803165548578982,-0.10803165548578982,0,4.87771247350006,4.876505604993723
23561.0,0.4794309999999849,5.377548734035402,4.46405487857426,0.10748440378607042,-0.10748440378607042,0,4.920801806304832,4.919618163298863
23571.0,0.5162969999999565,5.946327927058378,4.87771247350006,0.11574945137367813,-0.11574945137367813,0,5.412020200279219,5.410770672552992
23580.0,0.49279799999993906,5.377548734035402,4.429583412330444,0.11048117292574543,-0.11048117292574543,0,4.9035660731829225,4.902310221966713
23589.0,0.4953610000000226,5.377548734035402,4.36064047984281,0.1110557760008755,-0.1110557760008755,0,4.869094606939106,4.86781467445325
23598.0,0.5118410000000468,5.360313000913494,4.395111946086627,0.11475045359660273,-0.11475045359660273,0,4.87771247350006,4.876349944562449
23607.0,0.5432130000000247,5.5154345990106695,4.36064047984281,0.12178379252457013,-0.12178379252457013,0,4.938037539426739,4.936515725933192
23616.0,0.5753780000000595,5.532670332132577,4.326169013598993,0.12899491539268418,-0.12899491539268418,0,4.9294196728657855,4.927707164960108
23626.0,0.6862789999999765,6.118685258277461,4.808769541012427,0.15385798821081748,-0.15385798821081748,0,5.463727399644943,5.461530906618714
23635.0,0.6400149999998413,5.636084730864027,4.308933280477085,0.1434859879505643,-0.1434859879505643,0,4.972509005670556,4.970402700651226
23644.0,0.689026000000177,5.687791930229753,4.239990347989452,0.15447384254068328,-0.15447384254068328,0,4.963891139109602,4.961437314732601
23653.0,0.7538449999999153,5.773970595839295,4.205518881745635,0.16900571797005975,-0.16900571797005975,0,4.989744738792465,4.9868129322423185
23662.0,0.8267820000000484,5.911856460814561,4.119340216136093,0.1853575808219804,-0.1853575808219804,0,5.015598338475327,5.012064536517238
23671.0,0.8864139999999127,5.8946207276926526,4.084868749892276,0.1987265744134598,-0.1987265744134598,0,4.9897447387924645,4.985658535406287
23680.0,0.9406130000001007,5.963563660180286,4.084868749892276,0.21087753503307272,-0.21087753503307272,0,5.024216205036281,5.0196375805453215
23689.0,0.9932859999999037,6.066978058911736,4.0503972836484605,0.22268637926843232,-0.22268637926843232,0,5.058687671280098,5.0535924850109755
23698.0,1.0203239999999962,5.998035126424103,4.033161550526552,0.228748071794735,-0.228748071794735,0,5.0155983384753275,5.010184102574631
23707.0,1.019837000000081,5.963563660180286,4.033161550526552,0.22863889048473474,-0.22863889048473474,0,4.998362605353419,4.992940973667931
23715.0,0.9036249999999012,5.412020200279219,3.6195039556007518,0.2025851360700087,-0.2025851360700087,0,4.515762077939986,4.511040203101529
23724.0,1.0062260000000778,5.963563660180286,4.033161550526552,0.22558741859423836,-0.22558741859423836,0,4.998362605353419,4.993084462122214
23733.0,0.9754030000001079,5.946327927058378,4.084868749892276,0.21867716085559624,-0.21867716085559624,0,5.015598338475327,5.01066954267419
23742.0,0.9324339999997955,5.946327927058378,4.084868749892276,0.209043871922846,-0.209043871922846,0,5.015598338475327,5.011093576589697
23751.0,0.8998410000000023,5.860149261448836,4.1710474155018185,0.20173679504926612,-0.20173679504926612,0,5.015598338475327,5.011428644749337
23760.0,0.8785400000001773,5.8084420620831105,4.15381168237991,0.1969612897418739,-0.1969612897418739,0,4.98112687223151,4.977127698157945
23769.0,0.8450929999998062,5.860149261448836,4.205518881745635,0.18946275324032794,-0.18946275324032794,0,5.032834071597236,5.029173276943456
23778.0,0.8109130000001247,5.773970595839295,4.205518881745635,0.18179988429490349,-0.18179988429490349,0,4.989744738792465,4.986352756996599
23787.0,0.7971799999998938,5.773970595839295,4.2572260811113605,0.1787210610289508,-0.1787210610289508,0,5.0155983384753275,5.012343117882905
23796.0,0.7822880000001435,5.773970595839295,4.2572260811113605,0.17538239969675626,-0.17538239969675626,0,5.0155983384753275,5.012463478991426
23805.0,0.7816159999999291,5.722263396473569,4.222754614867544,0.17523174294037777,-0.17523174294037777,0,4.972509005670556,4.969352872241367
23814.0,0.7819210000000919,5.756734862717386,4.205518881745635,0.17530012137892734,-0.17530012137892734,0,4.981126872231511,4.977968872953695
23823.0,0.7787479999998864,5.756734862717386,4.1710474155018185,0.1745887614267438,-0.1745887614267438,0,4.963891139109602,4.96074377473248
23832.0,0.7849120000001375,5.756734862717386,4.222754614867544,0.17597067845956887,-0.17597067845956887,0,4.989744738792465,4.986570042840644
23841.0,0.8096919999999023,5.791206328961202,4.188283148623727,0.18152614634919972,-0.18152614634919972,0,4.9897447387924645,4.986359162181415
23850.0,0.8226929999999868,5.842913528326927,4.1710474155018185,0.18444086136268828,-0.18444086136268828,0,5.006980471914373,5.003490039625395
23859.0,0.8345949999998734,5.739499129595478,4.136575949258002,0.18710918980588379,-0.18710918980588379,0,4.938037539426739,4.934401171617514
23868.0,0.8324590000001805,5.791206328961202,4.188283148623727,0.18663031654475956,-0.18663031654475956,0,4.9897447387924645,4.986166323073703
23878.0,0.9446409999998449,6.497871386959445,4.584705010427618,0.21178057880459103,-0.21178057880459103,0,5.541288198693532,5.5371221881552835
23887.0,0.8572990000000806,5.773970595839295,4.1710474155018185,0.19219923593052174,-0.19219923593052174,0,4.972509005670556,4.968700305454618
23896.0,0.8366700000000629,5.8084420620831105,4.084868749892276,0.18757438737941673,-0.18757438737941673,0,4.946655405987693,4.942992312752354
23905.0,0.8348389999999222,5.860149261448836,4.1710474155018185,0.18716389255670515,-0.18716389255670515,0,5.015598338475327,5.01200860469771
23914.0,0.8457029999999283,5.756734862717386,4.15381168237991,0.18959951011738138,-0.18959951011738138,0,4.955273272548649,4.951553235993174
23923.0,0.8380130000001061,5.773970595839295,4.15381168237991,0.18787547670048554,-0.18787547670048554,0,4.963891139109602,4.960242930130123
23932.0,0.8350220000000605,5.8084420620831105,4.136575949258002,0.187204919619844,-0.187204919619844,0,4.972509005670556,4.968886996605438
23941.0,0.8369139999999081,5.739499129595478,4.188283148623727,0.1876290901301925,-0.1876290901301925,0,4.963891139109602,4.9602607076199945
23950.0,0.8334960000000825,5.773970595839295,4.1710474155018185,0.186862803235682,-0.186862803235682,0,4.972509005670556,4.968908616720728
23959.0,0.8201910000000172,5.8084420620831105,4.1710474155018185,0.18387993397528637,-0.18387993397528637,0,4.9897447387924645,4.986266913548333
23968.0,0.8110349999999454,5.687791930229753,4.1710474155018185,0.18182723567026854,-0.18182723567026854,0,4.9294196728657855,4.925988857776364
23977.0,0.7849120000001375,5.722263396473569,4.1710474155018185,0.17597067845956887,-0.17597067845956887,0,4.946655405987694,4.943449989473777
23986.0,0.762450999999797,5.739499129595478,4.1710474155018185,0.1709351108941098,-0.1709351108941098,0,4.955273272548649,4.952252326554344
23995.0,0.7932130000000601,5.705027663351661,4.1710474155018185,0.177831692945115,-0.177831692945115,0,4.938037539426739,4.934759874737008
24004.0,0.8133539999999803,5.825677795205019,4.136575949258002,0.18234713599457725,-0.18234713599457725,0,4.98112687223151,4.9776944095725835
24013.0,0.8416750000001841,5.877384994570744,4.119340216136093,0.18869646634586307,-0.18869646634586307,0,4.998362605353419,4.994691694814373
24022.0,0.8907469999998195,5.860149261448836,4.119340216136093,0.1996979966235277,-0.1996979966235277,0,4.9897447387924645,4.985628937718706
24031.0,0.9368899999999089,5.963563660180286,4.033161550526552,0.21004286969996705,-0.21004286969996705,0,4.998362605353419,4.9937856892315375
24040.0,0.982543999999922,5.998035126424103,4.015925817404644,0.22027811308316678,-0.22027811308316678,0,5.006980471914373,5.00194625696699
24049.0,1.0366210000002893,6.032506592667919,3.94698288491701,0.23240172232741463,-0.23240172232741463,0,4.9897447387924645,4.984096780638623
24058.0,1.050292999999999,6.135920991399369,3.981454351160827,0.2354668699055479,-0.2354668699055479,0,5.058687671280098,5.052958818649123
24067.0,1.0797120000000153,6.153156724521278,3.981454351160827,0.24206236263543865,-0.24206236263543865,0,5.067305537841053,5.061258615287478
24076.0,1.1143799999999981,6.222099657008911,3.9642186180389185,0.2498346370825515,-0.2498346370825515,0,5.093159137523915,5.086729668155838
24085.0,1.1354979999998884,6.153156724521278,3.94698288491701,0.2545691153268505,-0.2545691153268505,0,5.0500698047191435,5.043348181366976
24094.0,1.1060790000000755,6.204863923887003,4.015925817404644,0.24797362259700537,-0.24797362259700537,0,5.110394870645823,5.104103275633383
24103.0,1.0985109999998708,6.135920991399369,4.033161550526552,0.24627694055542895,-0.24627694055542895,0,5.08454127096296,5.078323932638337
24111.0,0.9813230000001067,5.5154345990106695,3.5333252899912098,0.2200043751375543,-0.2200043751375543,0,4.524379944500939,4.518773882155735
24120.0,1.115111999999941,6.256571123252728,4.033161550526552,0.24999874533497,-0.24999874533497,0,5.14486633688964,5.138509009379851
24129.0,1.1169440000000603,6.1876281907650945,3.998690084282735,0.25040946434927847,-0.25040946434927847,0,5.093159137523915,5.086719919360814
24138.0,1.0739739999997693,6.118685258277461,4.067633016770368,0.24077595122493134,-0.24077595122493134,0,5.093159137523914,5.087239460719651
24147.0,1.0628660000001215,6.1876281907650945,4.0503972836484605,0.238285630913525,-0.238285630913525,0,5.119012737206777,5.113225663923048
24155.0,0.9339599999999771,5.429255933401127,3.6367396887226597,0.20938598830705366,-0.20938598830705366,0,4.532997811061893,4.527974865402682
24164.0,1.038941000000099,6.066978058911736,4.015925817404644,0.23292184684327455,-0.23292184684327455,0,5.04145193815819,5.035849994782833
24173.0,1.0173339999999291,6.170392457643186,4.0503972836484605,0.2280777389056903,-0.2280777389056903,0,5.110394870645823,5.105086257375309
24182.0,1.037964000000129,6.153156724521278,4.119340216136093,0.2327028116484378,-0.2327028116484378,0,5.1362484703286855,5.130772194019119
24191.0,1.041991999999873,6.084213792033644,4.033161550526552,0.23360585541995613,-0.23360585541995613,0,5.058687671280098,5.053073600067111
24200.0,1.0269769999999163,6.1014495251555525,4.067633016770368,0.2302396185207084,-0.2302396185207084,0,5.08454127096296,5.079121304828821
24209.0,1.012329000000215,6.1014495251555525,4.033161550526552,0.22695565993933525,-0.22695565993933525,0,5.067305537841053,5.0620119358092115
24217.0,0.8912359999998956,5.343077267791585,3.653975421844568,0.1998076263167673,-0.1998076263167673,0,4.498526344818076,4.493934947168533
24226.0,0.9896240000000293,6.1014495251555525,4.102104483014185,0.22186538962310043,-0.22186538962310043,0,5.101777004084869,5.096768720778678
24235.0,0.9644770000000094,6.1014495251555525,4.119340216136093,0.216227643415595,-0.216227643415595,0,5.110394870645823,5.105649322058156
24244.0,0.9787600000000232,6.032506592667919,4.084868749892276,0.21942977206242423,-0.21942977206242423,0,5.058687671280097,5.0537537801440475
24253.0,0.9929199999998306,6.1014495251555525,4.136575949258002,0.22260432514220024,-0.22260432514220024,0,5.119012737206777,5.113996096588368
24261.0,0.89660700000009,5.480963132766853,3.6022682224788434,0.2010117594094457,-0.2010117594094457,0,4.541615677622848,4.536976876964459
24270.0,1.0628660000001215,6.170392457643186,4.015925817404644,0.238285630913525,-0.238285630913525,0,5.093159137523915,5.087335830305969
24279.0,1.1381829999999964,6.256571123252728,3.981454351160827,0.25517106977739124,-0.25517106977739124,0,5.119012737206777,5.112338302046604
24288.0,1.101441000000006,6.118685258277461,4.102104483014185,0.24693382194838795,-0.24693382194838795,0,5.110394870645823,5.104200421010406
24297.0,0.9437249999997852,5.8946207276926526,4.205518881745635,0.2115752192974368,-0.2115752192974368,0,5.0500698047191435,5.0455171325421375
24306.0,0.8106690000000758,5.756734862717386,4.291697547355177,0.18174518154408212,-0.18174518154408212,0,5.024216205036282,5.020861256619769
24315.0,0.6772460000001113,5.705027663351661,4.36064047984281,0.15183286547285285,-0.15183286547285285,0,5.032834071597236,5.030503928686056
24324.0,0.6416019999999334,5.601613264620211,4.308933280477085,0.14384178002245449,-0.14384178002245449,0,4.955273272548648,4.953150876549364
24333.0,0.662230999999951,5.705027663351661,4.343404746720902,0.1484666285735595,-0.1484666285735595,0,5.024216205036281,5.02198316407277
24342.0,0.6793220000000758,5.705027663351661,4.326169013598993,0.15229828723793704,-0.15229828723793704,0,5.015598338475327,5.013243332362698
24351.0,0.6755369999999948,5.601613264620211,4.36064047984281,0.15144972202555196,-0.15144972202555196,0,4.98112687223151,4.978789939625139
24360.0,0.63830499999995,5.601613264620211,4.326169013598993,0.14310262031171217,-0.14310262031171217,0,4.963891139109602,4.961795206907205
24369.0,0.5867920000000519,5.532670332132577,4.412347679208535,0.13155383833428255,-0.13155383833428255,0,4.972509005670556,4.970747413318653
24378.0,0.5725100000000166,5.463727399644944,4.412347679208535,0.1283519338790502,-0.1283519338790502,0,4.938037539426739,4.936351228055131
24387.0,0.532958999999937,5.480963132766853,4.429583412330444,0.11948493184090171,-0.11948493184090171,0,4.955273272548649,4.953816995742062
24396.0,0.5047610000001431,5.412020200279219,4.429583412330444,0.11316317705671472,-0.11316317705671472,0,4.920801806304832,4.919488055792194
24405.0,0.4907229999997495,5.412020200279219,4.46405487857426,0.11001597535221247,-0.11001597535221247,0,4.938037539426739,4.936801086015452
24414.0,0.4781490000000556,5.463727399644944,4.446819145452352,0.10719699015272978,-0.10719699015272978,0,4.955273272548649,4.95410187655154
24423.0,0.4498290000000338,5.325841534669677,4.515762077939986,0.10084788399308645,-0.10084788399308645,0,4.920801806304832,4.919761697681707
24433.0,0.4582519999999807,5.8946207276926526,4.998362605353419,0.10273624985404328,-0.10273624985404328,0,5.446491666523036,5.445516383204129
24442.0,0.38732899999992315,5.274134335303953,4.56746927730571,0.08683590888792742,-0.08683590888792742,0,4.920801806304832,4.92003183647315
24451.0,0.39990300000002416,5.274134335303953,4.532997811061894,0.08965489408750138,-0.08965489408750138,0,4.903566073182923,4.902741970487757
24460.0,0.38061500000009263,5.325841534669677,4.532997811061894,0.08533068647427147,-0.08533068647427147,0,4.9294196728657855,4.92867647963371
24469.0,0.34838800000016906,5.205191402816319,4.5502335441838015,0.07810566372687802,-0.07810566372687802,0,4.87771247350006,4.877084421708103
24479.0,0.36157299999975984,5.825677795205019,5.067305537841052,0.0810616299949654,-0.0810616299949654,0,5.446491666523036,5.445885600338745
24488.0,0.3106690000000052,5.153484203450594,4.584705010427618,0.06964938070299234,-0.06964938070299234,0,4.869094606939106,4.868594834152544
24497.0,0.2905270000001065,5.170719936572502,4.601940743549527,0.06513371346193324,-0.06513371346193324,0,4.886330340061015,4.885894814536106
24506.0,0.28356900000002366,5.205191402816319,4.619176476671435,0.06357378829741028,-0.06357378829741028,0,4.912183939743877,4.91177113562722
24515.0,0.2679449999999236,5.067305537841052,4.67088367603716,0.06007101871270598,-0.06007101871270598,0,4.869094606939106,4.86872348033906
24525.0,0.27709900000003834,5.722263396473569,5.187955669694411,0.062123268634530084,-0.062123268634530084,0,5.45510953308399,5.454754984931616
24534.0,0.22241199999995626,5.101777004084869,4.653647942915252,0.04986290251332006,-0.04986290251332006,0,4.87771247350006,4.877457090539715
24543.0,0.20898500000007017,5.153484203450594,4.739826608524794,0.0468526818775594,-0.0468526818775594,0,4.946655405987694,4.946433147838879
24552.0,0.20446799999984294,5.119012737206777,4.67088367603716,0.045840008412710194,-0.045840008412710194,0,4.894948206621969,4.89473312992601
24561.0,0.18530200000013938,4.998362605353419,4.705355142280977,0.04154315217493661,-0.04154315217493661,0,4.851858873817198,4.851680868529733
24570.0,0.1601570000000765,5.101777004084869,4.688119409159069,0.0359058543506249,-0.0359058543506249,0,4.894948206621969,4.894816286569373
24580.0,0.1903069999998535,5.584377531498302,5.308605801547769,0.042665231141291664,-0.042665231141291664,0,5.446491666523036,5.4463244574828895
24589.0,0.1723630000001473,5.067305537841052,4.774298074768611,0.03864233704077307,-0.03864233704077307,0,4.920801806304832,4.920649952439891
24598.0,0.14672900000000835,5.067305537841052,4.688119409159069,0.032895409523221744,-0.032895409523221744,0,4.87771247350006,4.877601385764756
24607.0,0.13256800000001892,4.998362605353419,4.791533807890519,0.029720632251803214,-0.029720632251803214,0,4.894948206621969,4.894857941527034
24616.0,0.13659699999994504,5.032834071597236,4.739826608524794,0.030623900214964025,-0.030623900214964025,0,4.886330340061015,4.886234292594846
24626.0,0.14538599999996513,5.532670332132577,5.274134335303953,0.03259432020215292,-0.03259432020215292,0,5.403402333718265,5.40330397263585
24635.0,0.12768500000012561,5.032834071597236,4.739826608524794,0.02862590466081321,-0.02862590466081321,0,4.886330340061015,4.8862464162932255
24644.0,0.1143799999998568,4.998362605353419,4.826005274134335,0.025643035400371966,-0.025643035400371966,0,4.912183939743877,4.9121169884386395
24653.0,0.10986300000003668,4.963891139109602,4.808769541012427,0.02463036193561403,-0.02463036193561403,0,4.886330340061015,4.886268248880535
24662.0,0.09716799999988981,5.0500698047191435,4.826005274134335,0.02178424955222624,-0.02178424955222624,0,4.938037539426739,4.937989464562139
24672.0,0.10070799999994344,5.532670332132577,5.360313000913494,0.022577887822193065,-0.022577887822193065,0,5.446491666523036,5.446444858217248
24681.0,0.077271000000222,5.0500698047191435,4.8432410072562435,0.017323509253631013,-0.017323509253631013,0,4.946655405987693,4.946625058975356
24690.0,0.06848100000001985,4.9294196728657855,4.8432410072562435,0.015352865074799616,-0.015352865074799616,0,4.886330340061015,4.886306218989107
24699.0,0.07714899999999404,4.998362605353419,4.774298074768611,0.01729615787817469,-0.01729615787817469,0,4.886330340061015,4.886299712618769
24708.0,0.06445299999986867,4.963891139109602,4.87771247350006,0.014449821303190032,-0.014449821303190032,0,4.920801806304832,4.9207805890312795
24717.0,0.07055699999998435,4.946655405987694,4.8432410072562435,0.0158182868398838,-0.0158182868398838,0,4.894948206621969,4.894922645150157
24726.0,0.06774900000007707,5.032834071597236,4.894948206621969,0.015188756822381112,-0.015188756822381112,0,4.963891139109602,4.963867897139131
24736.0,0.06164499999996138,5.498198865888761,5.377548734035402,0.013820291285687345,-0.013820291285687345,0,5.437873799962082,5.437856235833085
24745.0,0.049926999999988134,4.981126872231511,4.894948206621969,0.011193214097181936,-0.011193214097181936,0,4.938037539426739,4.938024852494092
24754.0,0.0540770000001637,4.963891139109602,4.8432410072562435,0.01212360924420221,-0.01212360924420221,0,4.9035660731829225,4.903551083737184
24763.0,0.05895999999964988,4.981126872231511,4.808769541012427,0.013218336835100942,-0.013218336835100942,0,4.894948206621969,4.894930353762446
24772.0,0.06823700000017463,4.981126872231511,4.826005274134335,0.01529816232402387,-0.01529816232402387,0,4.9035660731829225,4.9035422037558245
24781.0,0.07373099999996481,4.9294196728657855,4.826005274134335,0.016529870983618553,-0.016529870983618553,0,4.87771247350006,4.877684461907576
24791.0,0.08837900000007329,5.532670332132577,5.377548734035402,0.019813829565082975,-0.019813829565082975,0,5.45510953308399,5.455073542667213
24800.0,0.05285600000014486,4.912183939743877,4.860476740378152,0.011849871298544083,-0.011849871298544083,0,4.886330340061015,4.886315971122398
24809.0,0.049804999999760194,5.0155983384753275,4.87771247350006,0.01116586272172561,-0.01116586272172561,0,4.946655405987694,4.94664280148769
24818.0,0.03808600000001199,4.912183939743877,4.860476740378152,0.008538561341668971,-0.008538561341668971,0,4.886330340061015,4.886322879564201
24827.0,0.025757000000141847,4.963891139109602,4.87771247350006,0.005774503084558884,-0.005774503084558884,0,4.920801806304832,4.920798417892767
24836.0,0.027708999999921397,4.946655405987694,4.912183939743877,0.006212125090993012,-0.006212125090993012,0,4.9294196728657855,4.929415758518202
24846.0,0.014893000000135766,5.446491666523036,5.429255933401127,0.0033388855238826653,-0.0033388855238826653,0,5.437873799962082,5.437872774912421
24855.0,0.019898000000053446,4.946655405987694,4.912183939743877,0.00446096449028336,-0.00446096449028336,0,4.9294196728657855,4.929417654328455
24864.0,0.011107999999851305,4.894948206621969,4.87771247350006,0.0024903203114519617,-0.0024903203114519617,0,4.886330340061015,4.886329705462767
24873.0,0.012451000000098087,4.946655405987694,4.894948206621969,0.002791409632566413,-0.002791409632566413,0,4.920801806304832,4.920801014545555
24882.0,0.022704999999778673,4.912183939743877,4.860476740378152,0.005090270316143547,-0.005090270316143547,0,4.886330340061015,4.886327688627896
24891.0,0.028931000000122303,4.912183939743877,4.894948206621969,0.006486087228293638,-0.006486087228293638,0,4.9035660731829225,4.903561783508669
24901.0,0.003783999999898842,5.429255933401127,5.394784467157311,0.0008483410207425686,-0.0008483410207425686,0,5.412020200279219,5.412020133789282
24910.0,-0.019164999999928607,4.791533807890519,4.9294196728657855,-0.004296632046222357,0.004296632046222357,0,4.860476740378152,4.860474840898723
24919.0,-0.049072000000042464,4.8432410072562435,4.9294196728657855,-0.011001530277755878,0.011001530277755878,0,4.886330340061015,4.886317954220071
24928.0,-0.05310099999996859,4.808769541012427,4.912183939743877,-0.01190479824091669,0.01190479824091669,0,4.860476740378152,4.860462159542582
24938.0,-0.04663100000018685,5.446491666523036,5.5154345990106695,-0.010454278578082126,0.010454278578082126,0,5.480963132766853,5.4809531622595795
24947.0,-0.016112999999768986,4.894948206621969,4.87771247350006,-0.0036123992778526568,0.0036123992778526568,0,4.886330340061015,4.886329004757947
24956.0,-0.00891099999984091,4.9294196728657855,4.912183939743877,-0.001997771362553953,0.001997771362553953,0,4.920801806304832,4.920801400771107
24965.0,-0.002686000000086456,4.894948206621969,4.87771247350006,-0.0006021786421376318,0.0006021786421376318,0,4.886330340061015,4.886330302955434
24974.0,0.0150149999999566,4.912183939743877,4.87771247350006,0.0033662368992477196,-0.0033662368992477196,0,4.894948206621969,4.894947049133998
24983.0,0.017821999999885377,4.894948206621969,4.87771247350006,0.003995542725153542,-0.003995542725153542,0,4.886330340061015,4.886328706483032
24993.0,0.013672000000116927,5.429255933401127,5.480963132766853,0.0030651475782245393,-0.0030651475782245393,0,5.45510953308399,5.455108671933685
25002.0,-0.008422999999946912,4.981126872231511,4.946655405987694,-0.0018883658609568296,0.0018883658609568296,0,4.963891139109602,4.963890779918785
25011.0,0.0023199999998097347,4.8432410072562435,4.826005274134335,0.0005201245158599271,-0.0005201245158599271,0,4.834623140695289,4.834623112716855
25020.0,0.028686000000095017,4.946655405987694,4.826005274134335,0.0064311602858753945,-0.0064311602858753945,0,4.886330340061015,4.886326107224631
25030.0,0.04419000000012768,5.412020200279219,5.29137006842586,0.009907026878362738,-0.009907026878362738,0,5.351695134352539,5.351685963295596
25039.0,0.06762699999984913,4.9294196728657855,4.826005274134335,0.015161405446924788,-0.015161405446924788,0,4.87771247350006,4.877688907906153
25048.0,0.06030200000012171,4.912183939743877,4.808769541012427,0.013519201964664166,-0.013519201964664166,0,4.860476740378152,4.860457936826851
25057.0,0.049072999999817415,4.87771247350006,4.791533807890519,0.011001754469307108,-0.011001754469307108,0,4.83462314069529,4.834610621855342
25067.0,0.05053700000011008,5.463727399644944,5.377548734035402,0.011329970974235385,-0.011329970974235385,0,5.420638066840173,5.42062622543591
25076.0,0.014891999999953701,4.912183939743877,4.87771247350006,0.0033386613322401656,-0.0033386613322401656,0,4.894948206621969,4.894947068020155
25085.0,0.032592999999793204,4.963891139109602,4.8432410072562435,0.007307076873579882,-0.007307076873579882,0,4.9035660731829225,4.903560628026812
25094.0,0.018677000000034607,4.87771247350006,4.808769541012427,0.004187226544625234,-0.004187226544625234,0,4.8432410072562435,4.843239197131112
25103.0,0.023315000000307725,4.87771247350006,4.87771247350006,0.005227027193288266,-0.005227027193288266,0,4.87771247350006,4.877709672823524
25113.0,0.02368199999995229,5.480963132766853,5.412020200279219,0.0053093055110259284,-0.0053093055110259284,0,5.446491666523036,5.446489078633816
25122.0,0.02648899999988107,4.87771247350006,4.8432410072562435,0.005938611336931751,-0.005938611336931751,0,4.860476740378152,4.860473112389531
25131.0,0.021483999999963387,4.912183939743877,4.894948206621969,0.004816532370531056,-0.004816532370531056,0,4.9035660731829225,4.903563707655611
25140.0,0.007568999999979749,4.860476740378152,4.912183939743877,0.0016969062331276367,-0.0016969062331276367,0,4.886330340061015,4.886330045405218
25149.0,-0.0023199999998097347,4.946655405987694,4.87771247350006,-0.0005201245158599271,0.0005201245158599271,0,4.912183939743877,4.91218391220594
25159.0,-0.006225000000161567,5.412020200279219,5.429255933401127,-0.0013955927205075921,0.0013955927205075921,0,5.420638066840173,5.4206378871856895
25168.0,-0.011962999999796978,4.8432410072562435,4.912183939743877,-0.002682004130878019,0.002682004130878019,0,4.87771247350006,4.877711736115083
25177.0,-0.010132000000266862,4.912183939743877,4.87771247350006,-0.00227150930830335,0.00227150930830335,0,4.894948206621969,4.894947679566578
25186.0,0.001831000000140782,4.87771247350006,4.860476740378152,0.0004104948227115749,-0.0004104948227115749,0,4.869094606939106,4.8690945896354245
25195.0,0.011230999999854201,4.894948206621969,4.87771247350006,0.0025178958784595157,-0.0025178958784595157,0,4.886330340061015,4.886329691331019
25205.0,0.012695000000146865,5.446491666523036,5.412020200279219,0.0028461123833877925,-0.0028461123833877925,0,5.429255933401127,5.4292551874024335
25214.0,0.019896999999871382,4.946655405987694,4.894948206621969,0.004460740298640861,-0.004460740298640861,0,4.920801806304832,4.920799784404558
25223.0,0.027466000000054686,4.9294196728657855,4.826005274134335,0.006157646531814133,-0.006157646531814133,0,4.87771247350006,4.877708586347319
25232.0,0.022949000000031004,4.9294196728657855,4.912183939743877,0.005144973067010562,-0.005144973067010562,0,4.920801806304832,4.9207991166204685
25241.0,0.020507999999971833,4.912183939743877,4.894948206621969,0.004597721367291173,-0.004597721367291173,0,4.9035660731829225,4.903563917701299
25251.0,0.01904299999990422,5.463727399644944,5.429255933401127,0.004269280670811668,-0.004269280670811668,0,5.446491666523036,5.44648999325034
25260.0,-0.00024400000004877709,4.894948206621969,4.912183939743877,-5.470275082137948e-05,5.470275082137948e-05,0,4.9035660731829225,4.903566072877798
25269.0,-0.013671999999709816,4.826005274134335,4.946655405987694,-0.0030651475781332685,0.0030651475781332685,0,4.886330340061015,4.88632937854609
25278.0,-0.036377000000099156,4.9294196728657855,4.963891139109602,-0.008155417894413722,0.008155417894413722,0,4.946655405987694,4.946648683110571
25287.0,-0.04187000000011439,4.8432410072562435,4.894948206621969,-0.009386902362457174,0.009386902362457174,0,4.869094606939106,4.8690855584217
25296.0,-0.023314999999900613,4.912183939743877,4.946655405987694,-0.005227027193196995,0.005227027193196995,0,4.9294196728657855,4.929416901533045
25306.0,-0.014282000000035313,5.377548734035402,5.480963132766853,-0.0032019044552323525,0.0032019044552323525,0,5.429255933401127,5.429254989153925
25315.0,-0.032958999999866366,4.87771247350006,4.894948206621969,-0.007389130999811951,0.007389130999811951,0,4.886330340061015,4.8863247531144385
25324.0,-0.029908000000092364,4.860476740378152,4.9294196728657855,-0.006705122423130385,0.006705122423130385,0,4.894948206621969,4.894943614047003
25333.0,-0.036377000000099156,4.826005274134335,4.894948206621969,-0.008155417894413722,0.008155417894413722,0,4.860476740378152,4.860469898040485
25342.0,-0.03271399999983908,4.9294196728657855,4.946655405987694,-0.007334204057393707,0.007334204057393707,0,4.938037539426739,4.938032092867903
25352.0,-0.02832100000000036,5.412020200279219,5.446491666523036,-0.00634933035124019,0.00634933035124019,0,5.429255933401127,5.429252220704457
25361.0,-0.009520999999962854,4.946655405987694,4.9294196728657855,-0.0021345282396074017,0.0021345282396074017,0,4.938037539426739,4.938037078087189
25370.0,-0.00024400000004877709,4.894948206621969,4.912183939743877,-5.470275082137948e-05,5.470275082137948e-05,0,4.9035660731829225,4.903566072877798
25379.0,0.010619999999957306,4.9294196728657855,4.87771247350006,0.002380914809854838,-0.002380914809854838,0,4.9035660731829225,4.903565495143203
25388.0,0.011595999999948857,4.912183939743877,4.87771247350006,0.0025997258130947207,-0.0025997258130947207,0,4.894948206621969,4.894947516251368
25397.0,0.025513000000093072,4.87771247350006,4.87771247350006,0.0057198003337375035,-0.0057198003337375035,0,4.87771247350006,4.877709119870435
25407.0,0.031249999999953527,5.532670332132577,5.446491666523036,0.007005987552556702,-0.007005987552556702,0,5.489580999327806,5.48957652841956
25416.0,0.024291999999870677,4.912183939743877,4.860476740378152,0.005446062388033742,-0.005446062388033742,0,4.886330340061015,4.88632730502284
25425.0,0.03173800000025464,4.963891139109602,4.912183939743877,0.007115393054245096,-0.007115393054245096,0,4.938037539426739,4.93803241288336
25434.0,0.028442999999821195,4.894948206621969,4.894948206621969,0.006376681726605244,-0.006376681726605244,0,4.894948206621969,4.8949440531543145
25443.0,0.023314999999900613,4.946655405987694,4.860476740378152,0.005227027193196995,-0.005227027193196995,0,4.9035660731829225,4.903563287057534
25452.0,0.012085000000024921,4.894948206621969,4.826005274134335,0.002709355506334344,-0.002709355506334344,0,4.860476740378152,4.860475985207911
25462.0,0.02294900000023456,5.446491666523036,5.412020200279219,0.005144973067056197,-0.005144973067056197,0,5.429255933401127,5.429253495590391
25471.0,0.014648999999883434,4.912183939743877,4.912183939743877,0.0032841827730156507,-0.0032841827730156507,0,4.912183939743877,4.912182841876513
25480.0,0.001464999999864061,4.87771247350006,4.860476740378152,0.0003284406964338702,-0.0003284406964338702,0,4.869094606939106,4.869094595861726
25489.0,-0.0017089999999128382,4.912183939743877,4.963891139109602,-0.00038314344725524967,0.00038314344725524967,0,4.938037539426739,4.938037524562239
25498.0,-0.020385999999947446,4.894948206621969,4.912183939743877,-0.0045703699918804835,0.0045703699918804835,0,4.9035660731829225,4.903563943270481
25508.0,-0.019165000000132163,5.463727399644944,5.463727399644944,-0.004296632046267993,0.004296632046267993,0,5.463727399644944,5.463725710226986
25517.0,-0.015624999999874987,4.87771247350006,4.894948206621969,-0.003502993776255533,0.003502993776255533,0,4.886330340061015,4.886329084415369
25526.0,-0.014527000000062601,4.860476740378152,4.946655405987694,-0.003256831397650596,0.003256831397650596,0,4.9035660731829225,4.903564991544969
25535.0,-0.011352000000103637,4.894948206621969,4.894948206621969,-0.002545023062318977,0.002545023062318977,0,4.894948206621969,4.894947545007096
25544.0,-0.009765999999786586,4.894948206621969,4.894948206621969,-0.00218945518198001,0.00218945518198001,0,4.894948206621969,4.894947716962725
25553.0,0.009521999999941364,4.963891139109602,4.912183939743877,0.002134752431204266,-0.002134752431204266,0,4.938037539426739,4.938037077979031
25563.0,0.03442399999993398,5.463727399644944,5.412020200279219,0.007717571696291457,-0.007717571696291457,0,5.437873799962082,5.43786832335749
25572.0,0.03942800000007671,4.946655405987694,4.860476740378152,0.008839426471140922,-0.008839426471140922,0,4.9035660731829225,4.903558105379233
25581.0,0.03234899999994798,4.912183939743877,4.860476740378152,0.007252374122804138,-0.007252374122804138,0,4.886330340061015,4.886324957871077
25590.0,0.030518000000010752,4.9294196728657855,4.8432410072562435,0.0068418793001381985,-0.0068418793001381985,0,4.886330340061015,4.886325549668151
25599.0,0.043211999999975555,4.963891139109602,4.87771247350006,0.009687767491883492,-0.009687767491883492,0,4.920801806304832,4.920792269265273
25609.0,0.031249999999953527,5.394784467157311,5.394784467157311,0.007005987552556702,-0.007005987552556702,0,5.394784467157311,5.3947799179672735
25618.0,0.010010000000038918,4.946655405987694,4.894948206621969,0.002244157932847025,-0.002244157932847025,0,4.920801806304832,4.9208012945606825
25627.0,-0.00878900000002008,4.8432410072562435,4.912183939743877,-0.001970419987188899,0.001970419987188899,0,4.87771247350006,4.877712075490913
25636.0,-0.002929999999728122,4.963891139109602,4.912183939743877,-0.0006568813928677404,0.0006568813928677404,0,4.938037539426739,4.938037495734789
25645.0,-0.025634000000138952,4.860476740378152,4.912183939743877,-0.00574692751755133,0.00574692751755133,0,4.886330340061015,4.886326960421906
25654.0,-0.02441400000009862,4.87771247350006,4.963891139109602,-0.005473413763490067,0.005473413763490067,0,4.920801806304832,4.920798762031876
25664.0,-0.02868699999986997,5.429255933401127,5.463727399644944,-0.0064313844774266235,0.0064313844774266235,0,5.446491666523036,5.446487869300916
25673.0,-0.04064900000009555,4.808769541012427,4.912183939743877,-0.009113164416799048,0.009113164416799048,0,4.860476740378152,4.860468196057184
25682.0,-0.04016099999979444,4.912183939743877,4.963891139109602,-0.009003758915110655,0.009003758915110655,0,4.938037539426739,4.938029330731076
25691.0,-0.04528900000012213,4.826005274134335,4.963891139109602,-0.010153413448610173,0.010153413448610173,0,4.894948206621969,4.894937674138073
25700.0,-0.033324999999939535,4.9294196728657855,4.9294196728657855,-0.007471185126044021,0.007471185126044021,0,4.9294196728657855,4.9294140110927245
25710.0,-0.04187000000011439,5.343077267791585,5.446491666523036,-0.009386902362457174,0.009386902362457174,0,5.394784467157311,5.394776299840181
25719.0,-0.031006000000108308,4.87771247350006,4.963891139109602,-0.006951284801780957,0.006951284801780957,0,4.920801806304832,4.920796896130096
25728.0,-0.02221599999990616,4.87771247350006,4.8432410072562435,-0.004980640622949559,0.004980640622949559,0,4.860476740378152,4.860474188460434
25737.0,-0.00390699999990174,4.860476740378152,4.860476740378152,-0.0008759165877501226,0.0008759165877501226,0,4.860476740378152,4.860476661452783
25746.0,0.0004889999998725082,4.894948206621969,4.894948206621969,0.0001096296931939877,-0.0001096296931939877,0,4.894948206621969,4.894948205394308
25756.0,-0.0032960000000048432,5.377548734035402,5.463727399644944,-0.0007389355191454451,0.0007389355191454451,0,5.420638066840173,5.420638016471546
25765.0,-0.012695999999921818,4.9294196728657855,4.9294196728657855,-0.0028463365749390214,0.0028463365749390214,0,4.9294196728657855,4.929418851102737
25774.0,-0.022461000000137007,4.894948206621969,4.87771247350006,-0.005035567565413438,0.005035567565413438,0,4.886330340061015,4.886327745373629
25783.0,-0.0090329999998653,4.912183939743877,4.912183939743877,-0.002025122737964643,0.002025122737964643,0,4.912183939743877,4.912183522300065
25792.0,0.01684600000009738,4.894948206621969,4.860476740378152,0.0037767317219592946,-0.0037767317219592946,0,4.87771247350006,4.877711011352151
25802.0,0.01220700000004931,5.412020200279219,5.429255933401127,0.0027367068817450335,-0.0027367068817450335,0,5.420638066840173,5.4206373760006485
25811.0,-0.022461000000137007,4.8432410072562435,4.9294196728657855,-0.005035567565413438,0.005035567565413438,0,4.886330340061015,4.886327745179916
25820.0,-0.06066899999996983,4.8432410072562435,4.946655405987694,-0.013601480282447464,0.013601480282447464,0,4.894948206621969,4.8949293075619975
25829.0,-0.05273400000012047,4.894948206621969,4.998362605353419,-0.011822519923133393,0.011822519923133393,0,4.946655405987694,4.946641276576966
25838.0,-0.03222699999992359,4.8432410072562435,4.860476740378152,-0.0072250227473934486,0.0072250227473934486,0,4.851858873817198,4.851853494329363
25847.0,-0.014648000000108479,4.9294196728657855,4.9294196728657855,-0.0032839585814644218,0.0032839585814644218,0,4.9294196728657855,4.929418578986476
25857.0,-0.006714000000034075,5.429255933401127,5.446491666523036,-0.00150522241370158,0.00150522241370158,0,5.437873799962082,5.437873591636166
25866.0,0.005615000000039624,4.87771247350006,4.791533807890519,0.0012588358434541436,-0.0012588358434541436,0,4.83462314069529,4.834622976794874
25875.0,0.024902000000196173,4.87771247350006,4.860476740378152,0.005582819265132826,-0.005582819265132826,0,4.869094606939106,4.869091406350458
25884.0,0.014160999999989436,4.8432410072562435,4.87771247350006,0.003174777271418527,-0.003174777271418527,0,4.860476740378152,4.8604757035113195
25894.0,0.035643999999770755,5.480963132766853,5.446491666523036,0.007991085450307083,-0.007991085450307083,0,5.463727399644944,5.463721555834024
25903.0,-0.0019529999999616152,4.8432410072562435,4.87771247350006,-0.0004378461980766292,0.0004378461980766292,0,4.860476740378152,4.86047672065666
25912.0,-0.01928699999974944,4.9294196728657855,4.894948206621969,-0.004323983421587412,0.004323983421587412,0,4.912183939743877,4.912182036613601
25921.0,-0.0268560000001363,4.808769541012427,4.87771247350006,-0.00602088965480632,0.00602088965480632,0,4.8432410072562435,4.843237264627428
25931.0,-0.015747000000102932,5.394784467157311,5.394784467157311,-0.003530345151711858,0.003530345151711858,0,5.394784467157311,5.394783312029338
25940.0,0.0043949999999992944,4.826005274134335,4.8432410072562435,0.0009853220893928814,-0.0009853220893928814,0,4.834623140695289,4.8346230402880135
25949.0,0.005737000000064012,4.757062341646702,4.860476740378152,0.0012861872188648332,-0.0012861872188648332,0,4.808769541012428,4.808769368986221
25958.0,-0.03344699999996392,4.9294196728657855,4.9294196728657855,-0.00749853650145471,0.00749853650145471,0,4.9294196728657855,4.929413969562373
25968.0,-0.04052700000007116,5.343077267791585,5.446491666523036,-0.00908581304138836,0.00908581304138836,0,5.394784467157311,5.394776815377353
25977.0,-0.03405799999986082,4.87771247350006,4.87771247350006,-0.007635517570059387,0.007635517570059387,0,4.87771247350006,4.877706497233344
25986.0,-0.021973000000243006,4.774298074768611,4.87771247350006,-0.004926162063816315,0.004926162063816315,0,4.826005274134335,4.826002759648917
25995.0,-0.024657999999740287,4.87771247350006,4.912183939743877,-0.005528116514220176,0.005528116514220176,0,4.894948206621969,4.894945084993244
26005.0,-0.010498000000136473,5.360313000913494,5.360313000913494,-0.002353563434489784,0.002353563434489784,0,5.360313000913494,5.360312484221648
26014.0,-0.0074459999999768505,4.826005274134335,4.894948206621969,-0.0016693306661200828,0.0016693306661200828,0,4.860476740378152,4.86047645369796
26023.0,-0.012450999999894533,4.8432410072562435,4.8432410072562435,-0.002791409632520778,0.002791409632520778,0,4.8432410072562435,4.843240202839761
26032.0,-0.02185100000021862,4.826005274134335,4.87771247350006,-0.004898810688405625,0.004898810688405625,0,4.851858873817198,4.851856400640436
26042.0,-0.03222699999992359,5.412020200279219,5.446491666523036,-0.0072250227473934486,0.0072250227473934486,0,5.429255933401127,5.429251125982662
26051.0,-0.020506999999993326,4.826005274134335,4.860476740378152,-0.00459749717569431,0.00459749717569431,0,4.8432410072562435,4.843238825118946
26060.0,-0.0150149999999566,4.894948206621969,4.894948206621969,-0.0033662368992477196,0.0033662368992477196,0,4.894948206621969,4.894947049148349
26069.0,-0.007813000000028526,4.860476740378152,4.826005274134335,-0.0017516089839490162,0.0017516089839490162,0,4.8432410072562435,4.843240690508369
26079.0,0.03686600000017522,5.463727399644944,5.360313000913494,0.008265047587653345,-0.008265047587653345,0,5.412020200279219,5.412013888668614
26088.0,0.06530699999983583,4.946655405987694,4.826005274134335,0.014641280931019225,-0.014641280931019225,0,4.886330340061015,4.886308401476688
26097.0,0.04809599999984735,4.894948206621969,4.826005274134335,0.010782719274470361,-0.010782719274470361,0,4.860476740378152,4.860464779364827
26106.0,0.03796400000019116,4.946655405987694,4.860476740378152,0.008511209966303918,-0.008511209966303918,0,4.9035660731829225,4.9035586860972415
26116.0,0.06555200000006668,5.429255933401127,5.308605801547769,0.014696207873483105,-0.014696207873483105,0,5.3689308674744485,5.368910751311043
26125.0,0.051269000000052856,4.894948206621969,4.8432410072562435,0.011494079226653887,-0.011494079226653887,0,4.869094606939106,4.86908104004007
26134.0,0.023925999999797512,4.894948206621969,4.808769541012427,0.005364008261801673,-0.005364008261801673,0,4.851858873817198,4.851855908476642
26143.0,0.02185100000021862,4.860476740378152,4.8432410072562435,0.004898810688405625,-0.004898810688405625,0,4.851858873817198,4.851856400702856
26153.0,-0.0001230000000028981,5.360313000913494,5.446491666523036,-2.7575567007553915e-05,2.7575567007553915e-05,0,5.403402333718265,5.403402333647897
26162.0,-0.023559000000152947,4.808769541012427,4.860476740378152,-0.005281729944064011,0.005281729944064011,0,4.834623140695289,4.834620255522735
26171.0,-0.056274999999949046,4.8432410072562435,4.981126872231511,-0.012616382384651447,0.012616382384651447,0,4.912183939743877,4.912167734764719
26180.0,-0.06286599999998023,4.791533807890519,4.9294196728657855,-0.014094029231345472,0.014094029231345472,0,4.860476740378152,4.8604563020147395
26189.0,-0.057129000000119765,4.912183939743877,4.9294196728657855,-0.012807842012526275,0.012807842012526275,0,4.920801806304832,4.92078513824004
26199.0,-0.06408699999999906,5.360313000913494,5.429255933401127,-0.014367767177003598,0.014367767177003598,0,5.394784467157311,5.39476533385687
26208.0,-0.031860000000075474,4.8432410072562435,4.9294196728657855,-0.00714274442961015,0.00714274442961015,0,4.886330340061015,4.886325119099645
26217.0,-0.014037999999986537,4.87771247350006,4.894948206621969,-0.003147201704410973,0.003147201704410973,0,4.886330340061015,4.886329326528813
26226.0,0.005615000000039624,4.860476740378152,4.808769541012427,0.0012588358434541436,-0.0012588358434541436,0,4.834623140695289,4.834622976803205
26236.0,0.021363000000121063,5.480963132766853,5.429255933401127,0.004789405186762866,-0.004789405186762866,0,5.45510953308399,5.455107430568551
26245.0,0.036742999999968766,4.894948206621969,4.8432410072562435,0.008237472020600154,-0.008237472020600154,0,4.869094606939106,4.869087638732672
26254.0,0.04687500000003207,4.981126872231511,4.826005274134335,0.01050898132885787,-0.01050898132885787,0,4.9035660731829225,4.90355480934525
26263.0,0.04687500000003207,4.87771247350006,4.791533807890519,0.01050898132885787,-0.01050898132885787,0,4.83462314069529,4.8346117181844495
26273.0,0.07116699999990275,5.480963132766853,5.360313000913494,0.01595504371689161,-0.01595504371689161,0,5.420638066840173,5.42061458313834
26282.0,0.0689690000001174,4.9294196728657855,4.808769541012427,0.015462270576442375,-0.015462270576442375,0,4.869094606939106,4.869070052404362
26291.0,0.05529799999997898,4.912183939743877,4.774298074768611,0.0123973471898147,-0.0123973471898147,0,4.843241007256244,4.8432251372416655
26300.0,0.04040599999982172,4.87771247350006,4.860476740378152,0.009058685857528899,-0.009058685857528899,0,4.869094606939106,4.8690861803382575
26310.0,0.007690000000229183,5.377548734035402,5.446491666523036,0.0017240334169870979,-0.0017240334169870979,0,5.412020200279219,5.412019925667201
26319.0,-0.03137200000018147,4.87771247350006,4.9294196728657855,-0.007033338928013027,0.007033338928013027,0,4.9035660731829225,4.903561028980953
26328.0,-0.062134000000037444,4.826005274134335,4.9294196728657855,-0.01392992097892697,0.01392992097892697,0,4.87771247350006,4.877692580638415
26337.0,-0.07934600000000444,4.826005274134335,4.981126872231511,-0.017788706827072696,0.017788706827072696,0,4.9035660731829225,4.903533799308601
26346.0,-0.061888999999806606,4.791533807890519,4.9294196728657855,-0.01387499403646309,0.01387499403646309,0,4.860476740378152,4.860456932339443
26356.0,-0.05700700000009538,5.394784467157311,5.429255933401127,-0.012780490637115585,0.012780490637115585,0,5.412020200279219,5.4120051096191375
26365.0,-0.03405800000006437,4.826005274134335,4.912183939743877,-0.007635517570105023,0.007635517570105023,0,4.869094606939106,4.869088619626075
26374.0,-0.02746599999985113,4.8432410072562435,4.912183939743877,-0.006157646531768497,0.006157646531768497,0,4.87771247350006,4.877708586590008
26383.0,-0.005493000000218791,4.946655405987694,4.87771247350006,-0.0012314844680890891,0.0012314844680890891,0,4.912183939743877,4.9121837853697095
26393.0,0.032349000000151534,5.429255933401127,5.325841534669677,0.0072523741228497736,-0.0072523741228497736,0,5.377548734035402,5.3775438431711295
26402.0,0.04687500000003207,4.9294196728657855,4.8432410072562435,0.01050898132885787,-0.01050898132885787,0,4.886330340061015,4.886319038441362
26411.0,0.062622000000135,4.894948206621969,4.757062341646702,0.014039326480569728,-0.014039326480569728,0,4.826005274134335,4.82598484920134
26420.0,0.0786129999998796,4.963891139109602,4.774298074768611,0.017624374383011693,-0.017624374383011693,0,4.869094606939107,4.86906269820445
26430.0,0.0931399999999422,5.463727399644944,5.325841534669677,0.02088120578066229,-0.02088120578066229,0,5.394784467157311,5.394744049317143
26439.0,0.06738300000000391,4.912183939743877,4.808769541012427,0.015106702696149044,-0.015106702696149044,0,4.860476740378152,4.86045326154526
26448.0,0.058594000000187385,5.0155983384753275,4.860476740378152,0.01313628270900578,-0.01313628270900578,0,4.938037539426739,4.938020062485043
26457.0,0.06127899999968466,4.894948206621969,4.791533807890519,0.013738237159409642,-0.013738237159409642,0,4.843241007256244,4.843221520353236
26466.0,0.021362000000142555,4.963891139109602,4.87771247350006,0.004789180995166001,-0.004789180995166001,0,4.920801806304832,4.920799475587396
26476.0,0.024535999999919452,5.429255933401127,5.394784467157311,0.005500765138855121,-0.005500765138855121,0,5.412020200279219,5.412017404770385
26485.0,0.03198300000007837,4.894948206621969,4.860476740378152,0.007170319996617704,-0.007170319996617704,0,4.87771247350006,4.877707203196843
26494.0,0.026245000000035847,4.894948206621969,4.860476740378152,0.005883908586156007,-0.005883908586156007,0,4.87771247350006,4.8777089246259795
26503.0,0.012084999999821365,4.87771247350006,4.8432410072562435,0.0027093555062887085,-0.0027093555062887085,0,4.860476740378152,4.860475985236398
26512.0,0.035643999999974314,4.998362605353419,4.826005274134335,0.007991085450352719,-0.007991085450352719,0,4.912183939743877,4.912177437851744
26522.0,0.09814500000006343,5.532670332132577,5.274134335303953,0.022003284747108623,-0.022003284747108623,0,5.403402333718265,5.403357508650861
26531.0,0.16076600000021993,5.119012737206777,4.653647942915252,0.03604238703608149,-0.03604238703608149,0,4.886330340061015,4.886197116124492
26540.0,0.24743699999995178,5.1362484703286855,4.601940743549527,0.055473297345414806,-0.055473297345414806,0,4.869094606939106,4.868777682144776
26549.0,0.32385200000004605,5.239662869060136,4.515762077939986,0.07260489858797727,-0.07260489858797727,0,4.877712473500061,4.877169211305606
26559.0,0.4484869999997655,5.946327927058378,4.87771247350006,0.10054701886356886,-0.10054701886356886,0,5.412020200279219,5.411077258720368
26568.0,0.4865720000000025,5.412020200279219,4.412347679208535,0.1090853560136866,-0.1090853560136866,0,4.912183939743877,4.910960509152298
26577.0,0.5766599999999886,5.567141798376394,4.326169013598993,0.12928232902602482,-0.12928232902602482,0,4.946655405987693,4.944939933230171
26586.0,0.6419680000002101,5.670556197107844,4.274461814233269,0.1439238341487322,-0.1439238341487322,0,4.972509005670556,4.970385744957333
26595.0,0.7286379999999635,5.756734862717386,4.205518881745635,0.16335452026646866,-0.16335452026646866,0,4.981126872231511,4.978384226833576
26604.0,0.806273999999873,5.8946207276926526,4.1710474155018185,0.1807598594546436,-0.1807598594546436,0,5.032834071597236,5.029493653408541
26613.0,0.8747560000000749,5.980799393302195,4.102104483014185,0.1961129487210857,-0.1961129487210857,0,5.04145193815819,5.037505650626444
26622.0,0.9715580000000951,6.049742325789827,4.033161550526552,0.21781514414712552,-0.21781514414712552,0,5.04145193815819,5.03655886937576
26631.0,1.0910639999999154,6.291042589496544,3.895275685551285,0.244607385697712,-0.244607385697712,0,5.093159137523914,5.086955366980185
26639.0,1.0828859999997924,5.756734862717386,3.343732225650218,0.24277394677912778,-0.24277394677912778,0,4.550233544183802,4.543288032525424
26648.0,1.3723140000003116,6.566814319447078,3.688446888088385,0.30766127367090484,-0.30766127367090484,0,5.127630603767731,5.117650585520015
26657.0,1.5189209999998883,6.704700184422345,3.447146624381668,0.34052933181862466,-0.34052933181862466,0,5.0759234044020065,5.063259095884263
26666.0,1.6979980000000696,6.911528981885245,3.2747892931625846,0.3806768912730993,-0.3806768912730993,0,5.093159137523915,5.0769772055317945
26675.0,1.8359379999998544,6.911528981885245,3.11966769506541,0.4116018808090865,-0.4116018808090865,0,5.0155983384753275,4.99608482720615
26684.0,1.9295649999999156,6.980471914372878,3.085196228821593,0.43259226789979466,-0.43259226789979466,0,5.032834071597236,5.0112071500113435
26693.0,2.008545000000254,7.083886313104328,2.9473103638463263,0.45029892060072657,-0.45029892060072657,0,5.015598338475327,4.991559820097011
26702.0,2.141845999999991,7.2390079112015036,2.7749530326272427,0.4801838852964995,-0.4801838852964995,0,5.006980471914373,4.97872582008328
26711.0,2.2700190000000102,7.2390079112015036,2.619831434530068,0.5089191954589098,-0.5089191954589098,0,4.9294196728657855,4.89647111736772
26720.0,2.3819579999998077,7.3596580430548615,2.4474741033109844,0.5340149791595624,-0.5340149791595624,0,4.9035660731829225,4.865788394914114
26729.0,2.5062260000000864,7.411365242420587,2.257881038969993,0.561874821117462,-0.561874821117462,0,4.83462314069529,4.7906078566951455
26739.0,2.888061000000016,8.376566297247454,2.378531170823351,0.6474790213457491,-0.6474790213457491,0,5.377548734035402,5.323335602032186
26748.0,2.710204999999853,7.463072441786312,2.188938106482359,0.6076051998369326,-0.6076051998369326,0,4.826005274134335,4.773824669788558
26757.0,2.7482910000002723,7.549251107395853,1.9476378427756424,0.6161437611786929,-0.6161437611786929,0,4.748444475085748,4.690582243910833
26767.0,3.0817879999998556,8.359330564125546,2.171702373360451,0.6909109877647907,-0.6909109877647907,0,5.265516468742998,5.20020912934873
26776.0,2.833495999999958,7.549251107395853,1.9648735758975509,0.6352460065999498,-0.6352460065999498,0,4.7570623416467015,4.696129163651743
26786.0,3.149902000000231,8.30762336475982,2.188938106482359,0.7061815745218526,-0.7061815745218526,0,5.24828073562109,5.180490999233273
26795.0,2.722777999999772,7.428600975542495,1.9821093090194593,0.610423960844864,-0.610423960844864,0,4.705355142280977,4.6489797927983085
26805.0,2.888550000000092,7.911201502955929,2.619831434530068,0.6475886510389888,-0.6475886510389888,0,5.265516468742998,5.214056619905065
26814.0,2.3199459999997947,6.894293248763336,2.5681242351643427,0.5201124095560462,-0.5201124095560462,0,4.731208741963839,4.6958902443845
26824.0,2.3488770000001207,7.566486840517761,3.11966769506541,0.5265984967843854,-0.5265984967843854,0,5.343077267791585,5.312189601506622
26833.0,1.992432000000078,6.773643116909978,2.930074630724418,0.44668652132278264,-0.44668652132278264,0,4.851858873817198,4.82778553825435
26842.0,1.9418949999999677,6.75640738378807,2.9990175632120515,0.43535655034854726,-0.43535655034854726,0,4.877712473500061,4.855166692061573
26851.0,1.8688959999999457,6.75640738378807,3.085196228821593,0.4189907876173472,-0.4189907876173472,0,4.920801806304832,4.900293019074112
26861.0,1.9866940000000355,7.290715110567228,3.5677967562350266,0.44540010991232093,-0.44540010991232093,0,5.429255933401127,5.40873195976793
26870.0,1.6853030000001263,6.4806356538375365,3.3092607594064014,0.37783077888975714,-0.37783077888975714,0,4.894948206621969,4.8787748952260115
26879.0,1.6110839999998605,6.532342853203261,3.447146624381668,0.3611915024044502,-0.3611915024044502,0,4.9897447387924645,4.9753791385251445
26888.0,1.5328369999998503,6.463399920715628,3.5333252899912098,0.3436491821476249,-0.3436491821476249,0,4.998362605353419,4.985507477184636
26897.0,1.4224850000001448,6.273806856374636,3.6367396887226597,0.3189091905188625,-0.3189091905188625,0,4.955273272548648,4.944277124910866
26906.0,1.3005370000000833,6.1876281907650945,3.7746255536979265,0.29156947307691417,-0.29156947307691417,0,4.981126872231511,4.972092323804459
26915.0,1.2126469999998823,6.1014495251555525,3.8263327530636517,0.2718652732050252,-0.2718652732050252,0,4.963891139109602,4.956056355968132
26924.0,1.1124270000000365,5.998035126424103,3.981454351160827,0.24939679088447486,-0.24939679088447486,0,4.989744738792465,4.983261557149657
26933.0,1.0241699999999876,5.877384994570744,4.015925817404644,0.2296103126948026,-0.2296103126948026,0,4.946655405987694,4.9411414734619115
26942.0,0.9382319999999735,5.877384994570744,4.084868749892276,0.210343734829439,-0.210343734829439,0,4.98112687223151,4.976544243249914
26951.0,0.8602299999999908,5.739499129595478,4.15381168237991,0.19285634151503198,-0.19285634151503198,0,4.946655405987694,4.942801798462957
26960.0,0.7841790000000127,5.687791930229753,4.188283148623727,0.17580634601550787,-0.17580634601550787,0,4.938037539426739,4.934837527471013
26969.0,0.7423099999998768,5.636084730864027,4.239990347989452,0.16641966784464754,-0.16641966784464754,0,4.938037539426739,4.935178742606342
26979.0,0.7403560000001402,6.135920991399369,4.774298074768611,0.1659815974550197,-0.1659815974550197,0,5.45510953308399,5.452546356492864
26988.0,0.6334230000000353,5.532670332132577,4.308933280477085,0.14200811691231904,-0.14200811691231904,0,4.920801806304831,4.918721942255639
26997.0,0.6051030000000134,5.498198865888761,4.36064047984281,0.13565901075267572,-0.13565901075267572,0,4.9294196728657855,4.927528945293586
27006.0,0.5587149999998968,5.429255933401127,4.429583412330444,0.1252592107338181,-0.1252592107338181,0,4.9294196728657855,4.927812507061766
27015.0,0.5128180000002205,5.377548734035402,4.412347679208535,0.11496948879148511,-0.11496948879148511,0,4.894948206621969,4.893585379700854
27024.0,0.4859619999998806,5.377548734035402,4.395111946086627,0.10894859913663316,-0.10894859913663316,0,4.886330340061015,4.88510382858842
27034.0,0.5023189999999019,5.8946207276926526,4.981126872231511,0.11261570116535283,-0.11261570116535283,0,5.437873799962082,5.436699797812468
27043.0,0.4316410000000752,5.343077267791585,4.446819145452352,0.09677028714170084,-0.09677028714170084,0,4.894948206621969,4.893983870240495
27052.0,0.41455099999992906,5.239662869060136,4.498526344818077,0.09293885266892017,-0.09293885266892017,0,4.869094606939107,4.868202705024019
27061.0,0.4003899999999396,5.274134335303953,4.46405487857426,0.08976407539750164,-0.08976407539750164,0,4.869094606939107,4.868261639417575
27070.0,0.3759770000002266,5.256898602182044,4.532997811061894,0.08429088582569971,-0.08429088582569971,0,4.894948206621969,4.894218639937053
27080.0,0.3992919999999237,5.722263396473569,5.0500698047191435,0.08951791301885106,-0.08951791301885106,0,5.386166600596356,5.385419958048247
27089.0,0.33056600000008013,5.205191402816319,4.532997811061894,0.07411012100167884,-0.07411012100167884,0,4.869094606939107,4.868528010570698
27098.0,0.2980959999998827,5.0500698047191435,4.5502335441838015,0.06683061969501525,-0.06683061969501525,0,4.800151674451472,4.799685250460484
27108.0,0.30371100000012585,5.653320463985936,5.119012737206777,0.06808945553851502,-0.06808945553851502,0,5.386166600596356,5.385735213646474
27117.0,0.26074199999981346,5.119012737206777,4.584705010427618,0.058456166605764776,-0.058456166605764776,0,4.851858873817198,4.851505696159267
27126.0,0.25524900000020534,5.0500698047191435,4.601940743549527,0.057224682137812594,-0.057224682137812594,0,4.826005274134335,4.8256653046929205
27135.0,0.22595199999980634,5.08454127096296,4.601940743549527,0.05065654078324125,-0.05065654078324125,0,4.8432410072562435,4.84297545605498
27145.0,0.21875000000008182,5.549906065254485,5.205191402816319,0.04904191286798818,-0.04904191286798818,0,5.377548734035402,5.377324893056137
27154.0,0.18579099999980833,5.0155983384753275,4.688119409159069,0.04165278186808496,-0.04165278186808496,0,4.851858873817198,4.851679887170523
27163.0,0.16626000000021368,5.032834071597236,4.67088367603716,0.03727409569572181,-0.03727409569572181,0,4.851858873817198,4.8517155027973455
27173.0,0.1744380000001333,5.5154345990106695,5.239662869060136,0.03910753461426039,-0.03910753461426039,0,5.377548734035402,5.377406443874815
27182.0,0.13928299999982793,5.0155983384753275,4.705355142280977,0.031226078857056024,-0.031226078857056024,0,4.860476740378152,4.86037633543193
27191.0,0.12512200000004206,4.946655405987694,4.739826608524794,0.02805130158568313,-0.02805130158568313,0,4.843241007256244,4.843159737855686
27200.0,0.1282960000000225,5.0155983384753275,4.688119409159069,0.028762885729417886,-0.028762885729417886,0,4.851858873817198,4.851773522515444
27210.0,0.1353759999999262,5.498198865888761,5.29137006842586,0.0303501622693059,-0.0303501622693059,0,5.394784467157311,5.394699065316981
27219.0,0.1113280000001043,4.946655405987694,4.757062341646702,0.024958802632093536,-0.024958802632093536,0,4.851858873817198,4.851794654376089
27228.0,0.10754399999979834,4.981126872231511,4.757062341646702,0.0241104616112597,-0.0241104616112597,0,4.869094606939107,4.869034882124018
27238.0,0.12438900000012078,5.446491666523036,5.239662869060136,0.027886969141667765,-0.027886969141667765,0,5.343077267791585,5.343004467182325
27247.0,0.10669000000003474,4.963891139109602,4.774298074768611,0.02391900198347614,-0.02391900198347614,0,4.869094606939107,4.869035835723528
27256.0,0.10339299999984783,4.9294196728657855,4.791533807890519,0.023179842272688198,-0.023179842272688198,0,4.860476740378152,4.860421457319894
27265.0,0.10400400000015184,5.0155983384753275,4.705355142280977,0.023316823341384144,-0.023316823341384144,0,4.860476740378152,4.860420756246519
27275.0,0.10253899999988067,5.480963132766853,5.274134335303953,0.022988382644859005,-0.022988382644859005,0,5.377548734035402,5.377499580228112
27284.0,0.098633000000161,4.912183939743877,4.791533807890519,0.02211269024875138,-0.02211269024875138,0,4.851858873817198,4.851808476736441
27293.0,0.09973099999997337,5.0155983384753275,4.739826608524794,0.022358852627356318,-0.022358852627356318,0,4.877712473500061,4.877661188170379
27302.0,0.09155300000005374,4.894948206621969,4.774298074768611,0.020525413708817733,-0.020525413708817733,0,4.83462314069529,4.83457956413327
27312.0,0.0925290000000453,5.5154345990106695,5.308605801547769,0.020744224712057613,-0.020744224712057613,0,5.412020200279219,5.4119804299836005
27321.0,0.07849199999983372,4.946655405987694,4.791533807890519,0.01759724719919787,-0.01759724719919787,0,4.869094606939107,4.869062800341616
27330.0,0.08715800000005446,4.963891139109602,4.757062341646702,0.01954009161942485,-0.01954009161942485,0,4.860476740378152,4.8604374455225505
27339.0,0.08789099999997574,4.963891139109602,4.791533807890519,0.019704424063440217,-0.019704424063440217,0,4.877712473500061,4.877672661723079
27349.0,0.09277299999989053,5.429255933401127,5.325841534669677,0.020798927462833357,-0.020798927462833357,0,5.377548734035402,5.377508508409525
27358.0,0.07263200000017392,4.981126872231511,4.808769541012427,0.016283484413416753,-0.016283484413416753,0,4.894948206621969,4.89492111421361
27367.0,0.06921399999994113,4.87771247350006,4.791533807890519,0.015517197518814982,-0.015517197518814982,0,4.83462314069529,4.834598236925245
27376.0,0.06726000000000101,4.912183939743877,4.826005274134335,0.01507912712914149,-0.01507912712914149,0,4.869094606939106,4.869071255960577
27386.0,0.07507400000000804,5.463727399644944,5.325841534669677,0.01683096030468737,-0.01683096030468737,0,5.394784467157311,5.3947582079593115
27395.0,0.05407699999996014,4.894948206621969,4.791533807890519,0.012123609244156574,-0.012123609244156574,0,4.843241007256244,4.84322583167809
27404.0,0.044432999999994394,4.946655405987694,4.774298074768611,0.009961505437541618,-0.009961505437541618,0,4.860476740378152,4.86046652919024
27414.0,0.04504400000009484,5.377548734035402,5.360313000913494,0.01009848650619193,-0.01009848650619193,0,5.3689308674744485,5.368921370292943
27423.0,0.03967299999990044,4.946655405987694,4.826005274134335,0.008894353413513531,-0.008894353413513531,0,4.886330340061015,4.8863222438640985
27432.0,0.03527900000008321,4.8432410072562435,4.791533807890519,0.00790925551576315,-0.00790925551576315,0,4.817387407573381,4.8173809146351125
27441.0,0.0319819999998963,4.894948206621969,4.860476740378152,0.007170095804975204,-0.007170095804975204,0,4.87771247350006,4.877707203526406
27451.0,0.04040500000004677,5.463727399644944,5.343077267791585,0.00905846166597767,-0.00905846166597767,0,5.403402333718265,5.4033947398192375
27460.0,0.026612000000087524,4.87771247350006,4.808769541012427,0.00596618690398494,-0.00596618690398494,0,4.8432410072562435,4.843237332325668
27469.0,0.025389999999886618,4.912183939743877,4.826005274134335,0.005692224766684314,-0.005692224766684314,0,4.869094606939106,4.869091279428565
27478.0,0.026855999999932743,4.8432410072562435,4.860476740378152,0.006020889654760684,-0.006020889654760684,0,4.851858873817198,4.851855138013491
27488.0,0.028564000000070627,5.463727399644944,5.394784467157311,0.006403808910464705,-0.006403808910464705,0,5.429255933401127,5.429252156605606
27497.0,0.016480000000024215,4.808769541012427,4.826005274134335,0.0036946775957272253,-0.0036946775957272253,0,4.817387407573381,4.817385990759759
27506.0,0.007812000000050016,4.826005274134335,4.860476740378152,0.0017513847923521521,-0.0017513847923521521,0,4.8432410072562435,4.843240690589446
27515.0,0.01257299999991892,4.826005274134335,4.826005274134335,0.0028187610079314675,-0.0028187610079314675,0,4.826005274134335,4.82600445094713
27525.0,0.008301000000126079,5.412020200279219,5.394784467157311,0.0018610144855917754,-0.0018610144855917754,0,5.403402333718265,5.403402013236539
27534.0,0.002807999999907289,4.8432410072562435,4.774298074768611,0.0006295300175026861,-0.0006295300175026861,0,4.808769541012428,4.808769499803507
27543.0,-0.0057380000000425225,4.808769541012427,4.860476740378152,-0.0012864114104616973,0.0012864114104616973,0,4.834623140695289,4.83462296954425
27553.0,0.00024500000002728665,5.412020200279219,5.394784467157311,5.492694241824366e-05,-5.492694241824366e-05,0,5.403402333718265,5.403402333439091
27562.0,0.0024410000000591693,4.808769541012427,4.791533807890519,0.0005472516997193881,-0.0005472516997193881,0,4.800151674451473,4.800151643256064
27571.0,0.014282000000035313,4.894948206621969,4.87771247350006,0.0032019044552323525,-0.0032019044552323525,0,4.886330340061015,4.886329290989419
27581.0,0.0026859999998829005,5.360313000913494,5.360313000913494,0.0006021786420919964,-0.0006021786420919964,0,5.360313000913494,5.360312967089059
27590.0,0.008422999999946912,4.87771247350006,4.826005274134335,0.0018883658609568296,-0.0018883658609568296,0,4.851858873817198,4.851858506326453
27599.0,-0.007324999999727416,4.860476740378152,4.826005274134335,-0.001642203482260622,0.001642203482260622,0,4.8432410072562435,4.843240728840799
27608.0,-0.008178000000123182,4.826005274134335,4.87771247350006,-0.0018334389185842214,0.0018334389185842214,0,4.851858873817198,4.851858527393956
27618.0,0.008422999999946912,5.429255933401127,5.377548734035402,0.0018883658609568296,-0.0018883658609568296,0,5.403402333718265,5.403402003740344
27627.0,0.005003999999939172,4.808769541012427,4.826005274134335,0.0011218547748038305,-0.0011218547748038305,0,4.817387407573381,4.8173872769463415
27636.0,0.00976599999999014,4.808769541012427,4.963891139109602,0.0021894551820256453,-0.0021894551820256453,0,4.886330340061015,4.886329849414555
27646.0,-0.10034199999987027,5.239662869060136,5.446491666523036,-0.022495833695960993,0.022495833695960993,0,5.343077267791585,5.343029893833446
27655.0,-0.06848100000001985,4.9294196728657855,4.791533807890519,-0.015352865074799616,0.015352865074799616,0,4.860476740378152,4.860452488010901
27664.0,0.14453100000001945,5.119012737206777,4.5502335441838015,0.03240263638272687,-0.03240263638272687,0,4.834623140695289,4.834514182841087
27673.0,0.3262939999998802,5.274134335303953,4.515762077939986,0.07315237447924788,-0.07315237447924788,0,4.894948206621969,4.8943983901114
27682.0,0.4763179999999148,5.480963132766853,4.36064047984281,0.1067864953300182,-0.1067864953300182,0,4.920801806304832,4.919628347482641
27692.0,0.6629640000000759,6.118685258277461,4.757062341646702,0.1486309610176205,-0.1486309610176205,0,5.437873799962082,5.435811471223559
27701.0,0.6782230000000813,5.618848997742119,4.188283148623727,0.1520519006676896,-0.1520519006676896,0,4.9035660731829225,4.901159302486189
27710.0,0.7458489999999519,5.722263396473569,4.188283148623727,0.1672130819230175,-0.1672130819230175,0,4.955273272548649,4.952385538383648
27719.0,0.8082280000000167,5.791206328961202,4.119340216136093,0.18119792984436273,-0.18119792984436273,0,4.955273272548648,4.951867254229635
27728.0,0.8951420000000223,5.929092193936469,4.015925817404644,0.20068331871296619,-0.20068331871296619,0,4.972509005670556,4.96830987570161
27737.0,1.004271999999934,6.084213792033644,3.9125114186731933,0.22514934820451923,-0.22514934820451923,0,4.998362605353419,4.993050713481629
27746.0,1.0896000000000299,6.1014495251555525,3.8780399524293765,0.24427916919287498,-0.24427916919287498,0,4.9897447387924645,4.983467269611197
27755.0,1.2174069999999764,6.291042589496544,3.7746255536979265,0.27293242522905325,-0.27293242522905325,0,5.032834071597235,5.02496351978149
27764.0,1.3437500000000373,6.428928454471811,3.6367396887226597,0.3012574647603945,-0.3012574647603945,0,5.032834071597236,5.023103758538366
27773.0,1.4479979999998307,6.532342853203261,3.550561023113118,0.3246289908525088,-0.3246289908525088,0,5.04145193815819,5.030052197332021
27782.0,1.55249000000008,6.635757251934711,3.378203691894035,0.34805521969553566,-0.34805521969553566,0,5.006980471914373,4.993531609674382
27791.0,1.6912840000000355,6.808114583153794,3.3609679587721266,0.37917166885939774,-0.37917166885939774,0,5.08454127096296,5.068680951070644
27800.0,1.8167729999999258,6.842586049397611,3.136903428187318,0.4073052487628641,-0.4073052487628641,0,4.9897447387924645,4.9706430020990116
27809.0,1.915770999999978,6.946000448129062,2.9990175632120515,0.42949976894620506,-0.42949976894620506,0,4.972509005670556,4.95074358455471
27818.0,2.0517580000002082,6.96323618125097,2.878367431358693,0.45998691228420696,-0.45998691228420696,0,4.920801806304832,4.895197214844471
27827.0,2.138916000000059,7.049414846860511,2.688774367017701,0.47952700390358616,-0.47952700390358616,0,4.869094606939106,4.840084673194438
27836.0,2.224486999999818,7.135593512470053,2.6543029007738843,0.49871130345107517,-0.49871130345107517,0,4.894948206621969,4.863443256944744
27846.0,2.5679940000000507,7.945672969199745,2.826660231992968,0.5757226879701569,-0.5757226879701569,0,5.386166600596357,5.347345085024905
27855.0,2.354247999999908,7.204536444957687,2.4474741033109844,0.5278026298769726,-0.5278026298769726,0,4.826005274134335,4.788877461632659
27864.0,2.3970940000002177,7.135593512470053,2.430238370189076,0.5374083432427152,-0.5374083432427152,0,4.7829159413295645,4.744177440423798
27874.0,2.7568360000000403,8.066323101053104,2.516417035798618,0.6180594784150147,-0.6180594784150147,0,5.291370068425861,5.243267160412506
27883.0,2.542358999999933,7.256243644323411,2.292352505213809,0.5699755362610087,-0.5699755362610087,0,4.77429807476861,4.729289258798138
27893.0,2.851318000000047,8.152501766662645,2.326823971457626,0.639241549325149,-0.639241549325149,0,5.239662869060136,5.185623915163519
27902.0,2.60815400000007,7.325186576811045,2.1544666402385424,0.5847262226937163,-0.5847262226937163,0,4.739826608524794,4.690604680447408
27912.0,3.014770999999721,8.273151898516003,2.2061738396042676,0.675886339194828,-0.675886339194828,0,5.239662869060135,5.177541427230739
27921.0,2.787720000000124,7.532015374273945,2.016580775263276,0.624983411841385,-0.624983411841385,0,4.774298074768611,4.716206559209357
27931.0,3.1070549999999426,8.255916165394096,2.119995173994726,0.6965756369645131,-0.6965756369645131,0,5.187955669694411,5.120373585301721
27940.0,2.789428999999833,7.600958306761578,1.9131663765318259,0.6253665552885946,-0.6253665552885946,0,4.757062341646702,4.69692184641677
27950.0,3.2673340000002473,8.479980695978904,1.8959306434099175,0.7325088426905942,-0.7325088426905942,0,5.187955669694411,5.108521445451368
27960.0,3.378173999999847,8.531687895344628,1.8614591771661009,0.7573582398209537,-0.7573582398209537,0,5.1965735362553644,5.111240515047438
27969.0,3.102539000000101,7.773315637980661,1.5512159809717507,0.695563187691352,-0.695563187691352,0,4.662265809476206,4.578907813082972
27979.0,3.5140379999998705,8.704045226563712,1.6373946465812923,0.7878178075919025,-0.7878178075919025,0,5.170719936572502,5.072050512929154
27989.0,3.549438,8.600630827832262,1.5856874472155673,0.7957541902914794,-0.7957541902914794,0,5.093159137523915,4.990646370405612
27998.0,3.2114260000001464,7.842258570468295,1.2926799841431256,0.7199747386237261,-0.7199747386237261,0,4.56746927730571,4.469373451515364
28008.0,3.6289060000000286,8.73851669280753,1.4478015822403005,0.8135702484939628,-0.8135702484939628,0,5.093159137523915,4.981530932625025
28018.0,3.653199000000081,8.772988159051346,1.413330115996484,0.819016535073639,-0.819016535073639,0,5.093159137523915,4.978924475667188
28028.0,3.7211909999998216,8.73851669280753,1.309915717265034,0.8342597704551534,-0.8342597704551534,0,5.024216205036281,4.901915245681753
28038.0,3.717651000000175,8.704045226563712,1.258208517899309,0.8334661321852779,-0.8334661321852779,0,4.981126872231511,4.856677779250384
28048.0,3.7790529999998625,8.979816956514245,1.0686154535583172,0.8472319449116951,-0.8472319449116951,0,5.024216205036281,4.888741455367228
28058.0,3.958251999999865,9.048759889001879,0.9307295885830504,0.8874068557415348,-0.8874068557415348,0,4.9897447387924645,4.839586694850451
28068.0,4.067017000000089,8.876402557782795,0.8273151898516004,0.9117910552985439,-0.9117910552985439,0,4.851858873817197,4.692934362960466
28078.0,4.033812999999991,8.997052689636154,0.8100794567296921,0.904346997356268,-0.904346997356268,0,4.903566073182923,4.74622189268791
28089.0,4.444213999999949,9.927782278219205,0.8790223892173253,0.9963554548782135,-0.9963554548782135,0,5.403402333718265,5.229848540466693
28099.0,4.0615240000002775,8.859166824660887,0.8100794567296921,0.9105595708305461,-0.9105595708305461,0,4.83462314069529,4.675592387600102
28109.0,3.9039299999998773,8.772988159051346,0.913493855461142,0.8752283195549599,-0.8752283195549599,0,4.843241007256244,4.694629174896505
28120.0,4.282470999999963,9.634774815146763,1.0686154535583172,0.960094032647341,-0.960094032647341,0,5.35169513435254,5.191100648375802
28130.0,3.970215000000069,8.84193109153898,0.8100794567296921,0.890088859872504,-0.890088859872504,0,4.826005274134336,4.6713602042043165
28140.0,4.072509999999901,8.859166824660887,0.8100794567296921,0.9130225397665417,-0.9130225397665417,0,4.83462314069529,4.6750615104411235
28151.0,4.371458999999976,9.462417483927679,1.0858511866802254,0.9800443948978349,-0.9800443948978349,0,5.274134335303952,5.109074972809703
28161.0,3.628784999999983,8.290387631637913,1.2754442510212172,0.8135431213101489,-0.8135431213101489,0,4.7829159413295645,4.663037518859412
28172.0,3.6959230000001626,8.859166824660887,1.775280511556559,0.8285948970639254,-0.8285948970639254,0,5.317223668108723,5.214677002764103
28182.0,3.180418999999856,7.962908702321654,1.7925162446784675,0.7130232296303026,-0.7130232296303026,0,4.87771247350006,4.798379512338201
28192.0,2.9655770000000614,7.7388441717368455,2.1372309071166344,0.6648574575417527,-0.6648574575417527,0,4.93803753942674,4.87560356045407
28202.0,2.702392000000028,7.48030817490822,2.4474741033109844,0.6058535908530293,-0.6058535908530293,0,4.963891139109602,4.9158296691356895
28212.0,2.450683999999855,7.342422309932953,2.7577172995053347,0.5494227711767803,-0.5494227711767803,0,5.0500698047191435,5.01325774963877
28222.0,2.208374000000049,7.135593512470053,3.1024319619435015,0.4950989041732225,-0.4950989041732225,0,5.119012737206777,5.0910725504957774
28231.0,1.8009030000000235,6.342749788862269,2.981781830090143,0.40374732804419033,-0.40374732804419033,0,4.662265809476207,4.642377929601621
28241.0,1.8454590000000208,6.997707647494787,3.5333252899912098,0.41373640904873954,-0.41373640904873954,0,5.265516468742998,5.247428438264602
28250.0,1.5372320000000532,6.153156724521278,3.3609679587721266,0.34463450423706343,-0.34463450423706343,0,4.757062341646702,4.743482311885492
28260.0,1.56518499999982,6.773643116909978,3.8780399524293765,0.3509013320788322,-0.3509013320788322,0,5.325841534669677,5.313416799781258
28269.0,1.2645260000000573,5.946327927058378,3.6367396887226597,0.28349610930873254,-0.28349610930873254,0,4.791533807890518,4.782660763152308
28278.0,1.1477060000001198,5.860149261448836,3.791861286819835,0.257306046400238,-0.257306046400238,0,4.826005274134335,4.818834901973295
28288.0,1.1394040000000152,6.497871386959445,4.308933280477085,0.2554448077230494,-0.2554448077230494,0,5.403402333718265,5.397118814532488
28297.0,0.950805000000096,5.756734862717386,3.981454351160827,0.2131624958374161,-0.2131624958374161,0,4.869094606939107,4.8642763691584365
28306.0,0.8819589999999815,5.618848997742119,4.067633016770368,0.19772780082798128,-0.19772780082798128,0,4.8432410072562435,4.83910446740415
28315.0,0.7889399999998816,5.636084730864027,4.119340216136093,0.1768737222310872,-0.1768737222310872,0,4.87771247350006,4.874429815482343
28325.0,0.7993159999999937,6.118685258277461,4.653647942915252,0.17919993429016626,-0.17919993429016626,0,5.386166600596356,5.383132157101615
28334.0,0.6547849999999743,5.412020200279219,4.308933280477085,0.1467972979074394,-0.1467972979074394,0,4.860476740378152,4.858232655517234
28343.0,0.610230000000159,5.498198865888761,4.291697547355177,0.13680844109453272,-0.13680844109453272,0,4.894948206621969,4.893008124281936
28352.0,0.5760499999998667,5.412020200279219,4.326169013598993,0.12914557214897138,-0.12914557214897138,0,4.869094606939106,4.867361318882788
28362.0,0.6062010000000293,5.998035126424103,4.860476740378152,0.13590517313132627,-0.13590517313132627,0,5.429255933401127,5.427536921158781
28371.0,0.5239260000000717,5.412020200279219,4.412347679208535,0.11745980910293707,-0.11745980910293707,0,4.912183939743877,4.910765541893393
28380.0,0.493285999999833,5.29137006842586,4.412347679208535,0.11059057842734255,-0.11059057842734255,0,4.851858873817198,4.850588591259396
28389.0,0.464721999999966,5.325841534669677,4.446819145452352,0.10418676951692347,-0.10418676951692347,0,4.886330340061015,4.885210937903752
28398.0,0.43737699999995716,5.308605801547769,4.481290611696169,0.09805625016892318,-0.09805625016892318,0,4.894948206621969,4.8939593127783425
28408.0,0.47021499999998123,5.842913528326927,4.963891139109602,0.10541825398496693,-0.10541825398496693,0,5.403402333718265,5.402367455761318
28417.0,0.4104010000001606,5.29137006842586,4.498526344818077,0.09200845752199116,-0.09200845752199116,0,4.894948206621969,4.894078012147464
28426.0,0.38476500000006464,5.187955669694411,4.498526344818077,0.0862610816212461,-0.0862610816212461,0,4.843241007256244,4.842469103045426
28435.0,0.3543700000000568,5.2224271359382275,4.498526344818077,0.07944677788811547,-0.07944677788811547,0,4.860476740378152,4.859823956616307
28445.0,0.39660699999981575,5.8084420620831105,5.0155983384753275,0.0889159585683103,-0.0889159585683103,0,5.412020200279219,5.411285997300778
28454.0,0.3686520000000921,5.153484203450594,4.515762077939986,0.08264868234334781,-0.08264868234334781,0,4.83462314069529,4.833913766747889
28463.0,0.3608399999998385,5.205191402816319,4.56746927730571,0.08089729755095003,-0.08089729755095003,0,4.886330340061015,4.885657956115438
28472.0,0.2646490000001223,4.963891139109602,4.688119409159069,0.05933208319360617,-0.05933208319360617,0,4.826005274134335,4.825640296167904
28482.0,0.17333900000013885,5.532670332132577,5.308605801547769,0.03886114804401295,-0.03886114804401295,0,5.420638066840173,5.420498712781787
28491.0,0.05358899999986259,4.8432410072562435,4.826005274134335,0.012014203742513814,-0.012014203742513814,0,4.834623140695289,4.834608212863536
28500.0,-0.04357900000002723,4.774298074768611,4.912183939743877,-0.009770045809712425,0.009770045809712425,0,4.843241007256244,4.843231150958655
28509.0,-0.10327099999982343,4.757062341646702,4.981126872231511,-0.023152490897277507,0.023152490897277507,0,4.869094606939107,4.869039533800048
28519.0,-0.15844800000016365,5.170719936572502,5.567141798376394,-0.03552271090336965,0.03552271090336965,0,5.3689308674744485,5.368813195683245
28528.0,-0.1846919999998139,4.688119409159069,5.08454127096296,-0.041406395297837524,0.041406395297837524,0,4.886330340061015,4.886154623112326
28537.0,-0.27612300000025036,4.498526344818077,5.205191402816319,-0.061904457631335834,0.061904457631335834,0,4.851858873817198,4.851461901155792
28546.0,-0.33850099999992944,4.532997811061894,5.239662869060136,-0.07588908136099291,0.07588908136099291,0,4.886330340061015,4.885738039784625
28556.0,-0.4586180000000538,4.860476740378152,5.877384994570744,-0.10281830398027535,0.10281830398027535,0,5.3689308674744485,5.367937726727262
28565.0,-0.468384000000044,4.446819145452352,5.429255933401127,-0.105007759162301,0.105007759162301,0,4.938037539426739,4.936910283010004
28574.0,-0.5571289999999869,4.291697547355177,5.394784467157311,-0.1249036428535704,0.1249036428535704,0,4.843241007256244,4.841610126694366
28583.0,-0.6105960000000287,4.308933280477085,5.567141798376394,-0.13689049522071917,0.13689049522071917,0,4.938037539426739,4.9361100242423355
28592.0,-0.7064199999998967,4.1710474155018185,5.653320463985936,-0.15837343126027972,0.15837343126027972,0,4.912183939743877,4.909573690209964
28601.0,-0.7717289999998931,4.1710474155018185,5.791206328961202,-0.1730151605745383,0.1730151605745383,0,4.98112687223151,4.978043651755452
28611.0,-0.969604000000155,4.515762077939986,6.4806356538375365,-0.21737707375745202,0.21737707375745202,0,5.498198865888761,5.493766102498613
28620.0,-0.9288329999998315,4.119340216136093,5.946327927058378,-0.20823655796519666,0.20823655796519666,0,5.032834071597236,5.028386063329787
28629.0,-0.991455999999945,3.998690084282735,5.998035126424103,-0.22227610863736325,0.22227610863736325,0,4.998362605353419,4.993223650124772
28637.0,-0.9031980000001212,3.6022682224788434,5.360313000913494,-0.20248940625613973,0.20248940625613973,0,4.481290611696169,4.476541523053535
28646.0,-1.0607910000001355,3.9642186180389185,6.1014495251555525,-0.2378204333400377,0.2378204333400377,0,5.032834071597236,5.026962068470163
28655.0,-1.1033929999999892,3.8608042193074685,6.23933539013082,-0.24737144395486774,0.24737144395486774,0,5.050069804719144,5.043670533341827
28664.0,-1.220336999999908,3.8608042193074685,6.3082783226184524,-0.2735893066219666,0.2735893066219666,0,5.08454127096296,5.07675038322599
28673.0,-1.3435059999999885,3.688446888088385,6.4806356538375365,-0.30120276200957313,0.30120276200957313,0,5.08454127096296,5.07492859887496
28682.0,-1.4580080000000732,3.6367396887226597,6.549578586325169,-0.3268731487854014,0.3268731487854014,0,5.093159137523914,5.081787682268433
28691.0,-1.5532230000000014,3.4988538237473934,6.618521518812803,-0.348219552139551,0.348219552139551,0,5.058687671280098,5.04551674397043
28700.0,-1.6053460000000215,3.4643823575035766,6.721935917544253,-0.3599050909940341,0.3599050909940341,0,5.093159137523915,5.0790795735145045
28708.0,-1.5268559999999411,3.085196228821593,5.998035126424103,-0.34230829217798436,0.34230829217798436,0,4.541615677622848,4.527335523983001
28717.0,-1.6984859999999637,3.395439425015943,6.773643116909978,-0.3807862967746964,0.3807862967746964,0,5.08454127096296,5.0686260681138995
28726.0,-1.7326660000000524,3.4643823575035766,6.75640738378807,-0.38844916572021215,0.38844916572021215,0,5.110394870645823,5.094038099696552
28735.0,-1.788695999999974,3.343732225650218,6.808114583153794,-0.40101062116244535,0.40101062116244535,0,5.0759234044020065,5.058138613956671
28744.0,-1.7928470000001282,3.32649649252831,6.842586049397611,-0.40194124050106245,0.40194124050106245,0,5.08454127096296,5.06664357499297
28753.0,-1.807616999999854,3.3092607594064014,6.790878850031886,-0.4052525504578463,0.4052525504578463,0,5.0500698047191435,5.031770942746461
28761.0,-1.6170660000001553,2.930074630724418,6.1014495251555525,-0.3625326165657789,0.3625326165657789,0,4.515762077939986,4.499304365172264
28770.0,-1.80187999999979,3.3092607594064014,6.790878850031886,-0.4039663632389815,0.4039663632389815,0,5.0500698047191435,5.031885953601235
28779.0,-1.8002930000001052,3.3092607594064014,6.825350316275703,-0.4036105711671826,0.4036105711671826,0,5.067305537841052,5.049183489100874
28788.0,-1.8349599999999058,3.1541391613092262,6.85982178251952,-0.41138262142265286,0.41138262142265286,0,5.006980471914373,4.987584387805267
28797.0,-1.8712159999999591,3.1713748944311346,6.877057515641428,-0.41951091213325276,0.41951091213325276,0,5.024216205036281,5.00414248381957
28806.0,-1.8962410000001582,3.136903428187318,6.773643116909978,-0.4251213069653932,0.4251213069653932,0,4.955273272548648,4.934414671798324
28815.0,-1.87817299999986,3.1541391613092262,6.842586049397611,-0.42107061310613325,0.42107061310613325,0,4.998362605353419,4.978035203920234
28824.0,-1.8962410000001582,3.2403178269187682,6.808114583153794,-0.4251213069653932,0.4251213069653932,0,5.024216205036281,5.003832812774385
28833.0,-1.8756099999997764,3.11966769506541,6.808114583153794,-0.4204960100310032,0.4204960100310032,0,4.963891139109602,4.943437450918009
28842.0,-1.8812260000002015,3.0679604956996847,6.946000448129062,-0.42175507006614543,0.42175507006614543,0,5.006980471914373,4.986303476999169
28851.0,-1.9737539999998612,3.0507247625777763,6.928764715007153,-0.44249907058651494,0.44249907058651494,0,4.9897447387924645,4.966904345935537
28860.0,-2.0267339999999874,2.981781830090143,6.928764715007153,-0.45437674164366343,0.45437674164366343,0,4.955273272548649,4.930833675669825
28869.0,-1.9980470000001176,3.0162532963339594,6.85982178251952,-0.4479453571662368,0.4479453571662368,0,4.938037539426739,4.914387145644371
28878.0,-1.9892580000000974,3.033489029455868,6.928764715007153,-0.4459749371790479,0.4459749371790479,0,4.981126872231511,4.957842245065506
28888.0,-2.2199699999997944,3.32649649252831,7.600958306761578,-0.4976986299862716,0.4976986299862716,0,5.463727399644944,5.437297220949807
28897.0,-1.9350589999999093,3.033489029455868,6.894293248763336,-0.433823976559435,0.433823976559435,0,4.963891139109602,4.94181021148075
28906.0,-1.970459000000242,2.981781830090143,6.894293248763336,-0.4417603592590576,0.4417603592590576,0,4.938037539426739,4.914885142542202
28915.0,-2.0003659999999486,2.9990175632120515,6.808114583153794,-0.44846525749049987,0.44846525749049987,0,4.9035660731829225,4.87971513333368
28924.0,-1.9515379999999551,3.0507247625777763,6.842586049397611,-0.4375184299635654,0.4375184299635654,0,4.946655405987694,4.924234264084974
28933.0,-2.000733000000204,2.981781830090143,6.894293248763336,-0.4485475358083744,0.4485475358083744,0,4.938037539426739,4.914177232611253
28942.0,-2.0434569999998784,2.9473103638463263,6.928764715007153,-0.45812589779856955,0.45812589779856955,0,4.938037539426739,4.913003146682925
28951.0,-1.9962149999999983,2.981781830090143,6.842586049397611,-0.44753463815192834,0.44753463815192834,0,4.912183939743877,4.888375569279864
28961.0,-2.230834999999982,3.2058463606749514,7.721608438614937,-0.5001344717385903,0.5001344717385903,0,5.463727399644944,5.43649713659698
28970.0,-2.1020509999998622,2.8094244988710595,6.877057515641428,-0.47126218050752966,0.47126218050752966,0,4.8432410072562435,4.8158405644696485
28979.0,-2.045776000000117,2.895603164480601,6.877057515641428,-0.4586457981229239,0.4586457981229239,0,4.886330340061015,4.860881812087929
28988.0,-2.047607999999829,2.878367431358693,6.894293248763336,-0.459056517137141,0.459056517137141,0,4.886330340061015,4.860752848162314
28998.0,-2.3249510000001194,3.1541391613092262,7.68713697237112,-0.5212344885225382,0.5212344885225382,0,5.420638066840173,5.390729917556124
29007.0,-2.0065919999998854,2.895603164480601,6.842586049397611,-0.4498610744025587,0.4498610744025587,0,4.869094606939106,4.844561996943233
29016.0,-2.0535890000001453,2.792188765749151,6.825350316275703,-0.4603974071068729,0.4603974071068729,0,4.808769541012427,4.7824319845414305
29025.0,-2.0847170000000745,2.826660231992968,6.877057515641428,-0.4673760432840189,0.4673760432840189,0,4.851858873817198,4.825013038445062
29035.0,-2.239745999999823,3.2058463606749514,7.600958306761578,-0.5021322431011442,0.5021322431011442,0,5.403402333718265,5.375828727321792
29044.0,-2.03833000000014,2.878367431358693,6.877057515641428,-0.45697646745680376,0.45697646745680376,0,4.87771247350006,4.85234422846316
29053.0,-2.0513909999999527,2.7577172995053347,6.894293248763336,-0.45990463396633235,0.45990463396633235,0,4.826005274134335,4.799577283097621
29062.0,-2.0924080000000784,2.878367431358693,6.825350316275703,-0.4691003008925572,0.4691003008925572,0,4.851858873817198,4.8250867674280435
29072.0,-2.3026119999998036,3.11966769506541,7.721608438614937,-0.5162262723324897,0.5162262723324897,0,5.420638066840174,5.3911120258081215
29081.0,-2.071533000000055,2.8094244988710595,6.894293248763336,-0.4644203012074371,0.4644203012074371,0,4.851858873817198,4.825255723737318
29090.0,-2.0626220000000104,2.7577172995053347,6.980471914372878,-0.4624225298448375,0.4624225298448375,0,4.869094606939107,4.842475746545517
29099.0,-2.1595460000000553,2.723245833261518,6.946000448129062,-0.484152076646288,0.484152076646288,0,4.83462314069529,4.805195435994131
29109.0,-2.419188999999874,3.1024319619435015,7.6526655061273035,-0.5423618566818054,0.5423618566818054,0,5.377548734035402,5.34480132255325
29118.0,-2.0877690000000304,2.8094244988710595,6.894293248763336,-0.46806027605234296,0.46806027605234296,0,4.851858873817198,4.824843507316222
29127.0,-2.0881350000001038,2.878367431358693,6.928764715007153,-0.46814233017857504,0.46814233017857504,0,4.903566073182923,4.877020173449595
29136.0,-2.049315999999967,2.826660231992968,6.894293248763336,-0.45943943639284507,0.45943943639284507,0,4.860476740378152,4.834540684569749
29146.0,-2.2536620000001926,3.1541391613092262,7.669901239249212,-0.5052520934302358,0.5052520934302358,0,5.412020200279219,5.38387390446956
29155.0,-2.0937499999999396,2.9128388976025095,6.877057515641428,-0.4694011660219835,0.4694011660219835,0,4.894948206621969,4.868415855494128
29164.0,-2.0507820000000128,2.8094244988710595,6.928764715007153,-0.45976810128092144,0.45976810128092144,0,4.869094606939107,4.843051658281594
29173.0,-2.0667719999999825,2.8438959651148763,6.911528981885245,-0.46335292499181213,0.46335292499181213,0,4.87771247350006,4.8514669256589595
29183.0,-2.3179929999998334,3.1024319619435015,7.68713697237112,-0.5196745633579696,0.5196745633579696,0,5.394784467157311,5.364716958121738
29192.0,-2.0885010000001767,2.826660231992968,6.773643116909978,-0.4682243843048071,0.4682243843048071,0,4.800151674451473,4.773089379014147
29201.0,-2.0146489999999626,2.8438959651148763,6.85982178251952,-0.4516673861373291,0.4516673861373291,0,4.851858873817198,4.826847077617449
29211.0,-2.261717999999884,3.22308209379686,7.549251107395853,-0.5070581809733181,0.5070581809733181,0,5.386166600596356,5.358100945560725
29220.0,-2.031250000000033,2.8438959651148763,6.842586049397611,-0.45538919091687013,0.45538919091687013,0,4.8432410072562435,4.817802338729751
29229.0,-2.0280770000000308,2.826660231992968,6.928764715007153,-0.45467783096473224,0.45467783096473224,0,4.87771247350006,4.852340499775522
29238.0,-2.1097409999998877,2.792188765749151,6.946000448129062,-0.47298621392447115,0.47298621392447115,0,4.869094606939107,4.841461039100987
29248.0,-2.3254390000000136,3.1713748944311346,7.600958306761578,-0.5213438940241353,0.5213438940241353,0,5.386166600596356,5.356257091852066
29257.0,-2.0036619999999536,2.9128388976025095,6.773643116909978,-0.4492041930096453,0.4492041930096453,0,4.8432410072562435,4.8188024459094425
29266.0,-1.9149170000002143,3.085196228821593,6.687464451300436,-0.4293083093184215,0.4293083093184215,0,4.886330340061015,4.864740364394715
29275.0,-1.7911380000000119,3.1541391613092262,6.549578586325169,-0.40155809705376155,0.40155809705376155,0,4.851858873817198,4.83309379497104
29285.0,-1.8454589999998172,3.6022682224788434,7.2390079112015036,-0.4137364090486939,0.4137364090486939,0,5.420638066840174,5.402977258908132
29294.0,-1.6523440000000564,3.378203691894035,6.428928454471811,-0.37044164788989953,0.37044164788989953,0,4.903566073182923,4.888178367299262
29303.0,-1.5743410000000952,3.395439425015943,6.497871386959445,-0.35295403038389567,0.35295403038389567,0,4.946655405987694,4.93277433802422
29312.0,-1.503661999999883,3.585032489356935,6.342749788862269,-0.33710839216855554,0.33710839216855554,0,4.963891139109602,4.951548805503979
29321.0,-1.4003899999998775,3.6367396887226597,6.222099657008911,-0.3139556770796355,0.3139556770796355,0,4.9294196728657855,4.918728592427401
29330.0,-1.2702640000000998,3.8090970199417433,6.170392457643186,-0.2847825207191942,0.2847825207191942,0,4.9897447387924645,4.981163438619578
29339.0,-1.1665039999999967,3.895275685551285,6.015270859546011,-0.2615204001286314,0.2615204001286314,0,4.955273272548649,4.948060130141618
29348.0,-1.0327150000001626,4.0503972836484605,5.842913528326927,-0.23152602993121574,0.23152602993121574,0,4.946655405987694,4.941064045752506
29357.0,-0.8631589999999439,4.239990347989452,5.705027663351661,-0.1935129987163485,0.1935129987163485,0,4.972509005670556,4.968664905129883
29366.0,-0.7019040000000552,4.291697547355177,5.498198865888761,-0.15736098198711865,0.15736098198711865,0,4.894948206621969,4.89238195066334
29376.0,-0.5811770000000124,4.998362605353419,5.8946207276926526,-0.1302950024908284,0.1302950024908284,0,5.446491666523036,5.444923233429116
29385.0,-0.3725580000000153,4.584705010427618,5.2224271359382275,-0.08352437473950107,0.08352437473950107,0,4.9035660731829225,4.9028518594243335
29394.0,-0.24597199999988417,4.688119409159069,5.0500698047191435,-0.0551448566489353,0.0551448566489353,0,4.869094606939106,4.86878193411984
29403.0,-0.1638190000001545,4.774298074768611,5.0155983384753275,-0.036726843996002415,0.036726843996002415,0,4.894948206621969,4.894810347771072
29412.0,-0.12231399999993121,4.757062341646702,4.963891139109602,-0.02742177156813481,0.02742177156813481,0,4.860476740378152,4.860399353307336
29422.0,-0.0892329999998369,5.343077267791585,5.498198865888761,-0.020005289192866534,0.020005289192866534,0,5.420638066840173,5.420601144115392
29431.0,-0.04211499999993812,4.774298074768611,4.87771247350006,-0.009441829304829783,0.009441829304829783,0,4.826005274134335,4.825996036875519
29440.0,-0.017944000000113324,4.9294196728657855,4.860476740378152,-0.004022894100609867,0.004022894100609867,0,4.894948206621969,4.894946553440903
29449.0,0.015381000000029765,4.894948206621969,4.826005274134335,0.003448291025479789,-0.003448291025479789,0,4.860476740378152,4.8604755171128975
29459.0,0.08947699999988568,5.532670332132577,5.308605801547769,0.020059991943687912,-0.020059991943687912,0,5.420638066840173,5.420600933656765
29468.0,0.12939500000001697,5.032834071597236,4.688119409159069,0.029009272299665323,-0.029009272299665323,0,4.860476740378152,4.860390064232666
29477.0,0.19567899999982286,5.08454127096296,4.636412209793344,0.04386958842552129,-0.04386958842552129,0,4.860476740378152,4.860278352396515
29486.0,0.27282700000004195,5.187955669694411,4.584705010427618,0.06116552211214475,-0.06116552211214475,0,4.886330340061015,4.885946096555442
29496.0,0.3653560000000873,5.739499129595478,5.0155983384753275,0.08190974682420236,-0.08190974682420236,0,5.377548734035402,5.376922190151038
29505.0,0.37939500000005233,5.256898602182044,4.395111946086627,0.08505717272021021,-0.08505717272021021,0,4.826005274134335,4.825249877777133
29514.0,0.4288329999999644,5.29137006842586,4.412347679208535,0.09614075712415251,-0.09614075712415251,0,4.851858873817198,4.850898761179765
29524.0,0.5220950000001345,5.877384994570744,4.8432410072562435,0.11704931428027114,-0.11704931428027114,0,5.360313000913494,5.359023519576578
29533.0,0.4875479999999941,5.360313000913494,4.377876212964718,0.10930416701692648,-0.10930416701692648,0,4.869094606939106,4.867855623728753
29542.0,0.5177010000001138,5.343077267791585,4.291697547355177,0.11606421638247512,-0.11606421638247512,0,4.817387407573381,4.815973056605564
29551.0,0.5253899999997538,5.360313000913494,4.36064047984281,0.11778802560772844,-0.11778802560772844,0,4.860476740378152,4.8590349265460215
29561.0,0.6064450000000782,6.032506592667919,4.808769541012427,0.13595987588214767,-0.13595987588214767,0,5.420638066840173,5.418911863444812
29570.0,0.565307999999885,5.394784467157311,4.308933280477085,0.12673730596370586,-0.12673730596370586,0,4.851858873817198,4.850183518834026
29579.0,0.590942000000024,5.480963132766853,4.274461814233269,0.13248423348125718,-0.13248423348125718,0,4.877712473500061,4.875886404477125
29588.0,0.5850829999999356,5.480963132766853,4.326169013598993,0.13117069488698166,-0.13117069488698166,0,4.9035660731829225,4.901788015841412
29598.0,0.6647950000002167,6.066978058911736,4.774298074768611,0.14904145584033207,-0.14904145584033207,0,5.420638066840173,5.418560817956416
29607.0,0.6169439999999895,5.532670332132577,4.274461814233269,0.1383136635081887,-0.1383136635081887,0,4.9035660731829225,4.901584021530375
29616.0,0.6379389999998769,5.5154345990106695,4.222754614867544,0.14302056618548012,-0.14302056618548012,0,4.869094606939107,4.866957957982488
29625.0,0.6566159999999115,5.532670332132577,4.308933280477085,0.14720779273010534,-0.14720779273010534,0,4.920801806304831,4.918566956218316
29634.0,0.6685800000000941,5.618848997742119,4.274461814233269,0.1498900210526715,-0.1498900210526715,0,4.946655405987694,4.9443434963914505
29643.0,0.6751699999999432,5.584377531498302,4.274461814233269,0.151367443707723,-0.151367443707723,0,4.9294196728657855,4.927055715751996
29653.0,0.7690430000000102,6.222099657008911,4.688119409159069,0.1724129819324463,-0.1724129819324463,0,5.45510953308399,5.452332255602961
29662.0,0.7114259999999965,5.687791930229753,4.2572260811113605,0.15949573441832293,-0.15949573441832293,0,4.972509005670556,4.969899234579254
29671.0,0.7180180000002098,5.618848997742119,4.222754614867544,0.16097360545665945,-0.16097360545665945,0,4.920801806304832,4.918117158586268
29680.0,0.744750999999936,5.670556197107844,4.205518881745635,0.16696691954436693,-0.16696691954436693,0,4.938037539426739,4.93515400426303
29689.0,0.7701409999998227,5.791206328961202,4.188283148623727,0.17265914431105125,-0.17265914431105125,0,4.9897447387924645,4.9866815059524985
29698.0,0.7825930000003063,5.739499129595478,4.222754614867544,0.1754507781353058,-0.1754507781353058,0,4.981126872231511,4.977966882097808
29707.0,0.8048099999997839,5.791206328961202,4.205518881745635,0.18043164294976094,-0.18043164294976094,0,4.998362605353419,4.995025617886895
29716.0,0.8251950000001599,5.842913528326927,4.188283148623727,0.18500178875013584,-0.18500178875013584,0,5.015598338475327,5.012095073191717
29725.0,0.8360599999997375,5.773970595839295,4.188283148623727,0.18743763050231765,-0.18743763050231765,0,4.981126872231511,4.977512951565721
29734.0,0.8497310000000794,5.877384994570744,4.1710474155018185,0.19050255388899096,-0.19050255388899096,0,5.024216205036281,5.0205019503239114
29743.0,0.8675540000001468,5.8946207276926526,4.15381168237991,0.194498320805787,-0.194498320805787,0,5.024216205036281,5.020340038991684
29752.0,0.8736569999998769,5.8946207276926526,4.1710474155018185,0.19586656215079265,-0.19586656215079265,0,5.032834071597236,5.028912744085485
29761.0,0.8939210000000035,5.8946207276926526,4.15381168237991,0.20040958076730805,-0.20040958076730805,0,5.024216205036281,5.020101177087307
29770.0,0.8891600000001346,5.946327927058378,4.136575949258002,0.19934220455172874,-0.19934220455172874,0,5.04145193815819,5.037385271123442
29779.0,0.8854980000000566,5.877384994570744,4.205518881745635,0.19852121490635125,-0.19852121490635125,0,5.04145193815819,5.037438115033829
29787.0,0.7982179999997742,5.274134335303953,3.7056826212102933,0.17895377191147005,-0.17895377191147005,0,4.489908478257123,4.486235067399392
29796.0,0.900757000000062,5.929092193936469,4.205518881745635,0.20194215455642034,-0.20194215455642034,0,5.067305537841053,5.0631674692572854
29805.0,0.9066160000001504,5.911856460814561,4.1710474155018185,0.20325569315069586,-0.20325569315069586,0,5.04145193815819,5.037234682672725
29814.0,0.8940430000000279,5.980799393302195,4.222754614867544,0.20043693214271877,-0.20043693214271877,0,5.10177700408487,5.097724617204541
29823.0,0.8973389999998292,5.980799393302195,4.1710474155018185,0.20117586766181858,-0.20117586766181858,0,5.0759234044020065,5.07181157347906
29832.0,0.897582999999878,5.911856460814561,4.188283148623727,0.20123057041263995,-0.20123057041263995,0,5.0500698047191435,5.045945987816907
29841.0,0.9130860000001356,5.980799393302195,4.136575949258002,0.20470621281357607,-0.20470621281357607,0,5.058687671280098,5.0544096515007215
29850.0,0.9161370000001132,5.980799393302195,4.205518881745635,0.20539022139030327,-0.20539022139030327,0,5.093159137523915,5.088894090389509
29858.0,0.8275149999999697,5.325841534669677,3.7056826212102933,0.18552191326599576,-0.18552191326599576,0,4.515762077939986,4.51183027154714
29867.0,0.9261469999999487,6.015270859546011,4.205518881745635,0.20763437932310466,-0.20763437932310466,0,5.110394870645823,5.106046546561859
29876.0,0.9300539999998504,5.998035126424103,4.15381168237991,0.20851029591085476,-0.20851029591085476,0,5.0759234044020065,5.071501198248901
29885.0,0.9263919999999759,5.963563660180286,4.205518881745635,0.2076893062655229,-0.2076893062655229,0,5.08454127096296,5.080175147454811
29894.0,0.9370110000001582,6.049742325789827,4.15381168237991,0.2100699968838265,-0.2100699968838265,0,5.101777004084869,5.097304170264233
29903.0,0.9715579999998916,6.084213792033644,4.136575949258002,0.2178151441470799,-0.2178151441470799,0,5.110394870645823,5.105585929862311
29911.0,0.8830569999999974,5.412020200279219,3.6712111549664765,0.19797396320663185,-0.19797396320663185,0,4.541615677622848,4.537143817943236
29920.0,1.0157470000002442,6.170392457643186,4.119340216136093,0.22772194683389138,-0.22772194683389138,0,5.14486633688964,5.139627438896525
29929.0,1.032592999999731,6.23933539013082,4.119340216136093,0.23149867855571377,-0.23149867855571377,0,5.179337803133457,5.173947931139033
29938.0,1.07226500000006,6.135920991399369,4.102104483014185,0.2403928077777217,-0.2403928077777217,0,5.119012737206777,5.113148071633196
29946.0,0.9609379999999342,5.5154345990106695,3.6367396887226597,0.21543422933722503,-0.21543422933722503,0,4.576087143866665,4.5708037034187505
29955.0,1.076416000000214,6.23933539013082,4.102104483014185,0.24132342711633886,-0.24132342711633886,0,5.170719936572502,5.164849061313125
29964.0,1.0620109999999723,6.170392457643186,4.15381168237991,0.23809394709405332,-0.23809394709405332,0,5.162102070011548,5.156404362095916
29972.0,0.9232179999997919,5.446491666523036,3.688446888088385,0.2069777221217425,-0.2069777221217425,0,4.56746927730571,4.562608204801418
29981.0,1.0316159999999646,6.1876281907650945,4.136575949258002,0.23127964336092266,-0.23127964336092266,0,5.162102070011548,5.156717950422153
29990.0,1.0146490000002284,6.049742325789827,4.1710474155018185,0.2274757844552408,-0.2274757844552408,0,5.110394870645823,5.105164259738364
29999.0,0.9682619999998867,6.049742325789827,4.188283148623727,0.21707620862793445,-0.21707620862793445,0,5.119012737206777,5.114260260915417
30008.0,0.9448239999999832,6.049742325789827,4.205518881745635,0.21182160586772988,-0.21182160586772988,0,5.127630603767731,5.123115993320369
30016.0,0.8314210000000964,5.343077267791585,3.7056826212102933,0.18639760566219465,-0.18639760566219465,0,4.524379944500939,4.520416235165218
30025.0,0.9620360000001538,6.049742325789827,4.205518881745635,0.21568039171592124,-0.21568039171592124,0,5.127630603767731,5.122950265875813
30034.0,0.9493409999998034,6.1014495251555525,4.188283148623727,0.21283427933248783,-0.21283427933248783,0,5.14486633688964,5.140313324246083
30043.0,0.9359129999999387,6.015270859546011,4.239990347989452,0.20982383450513029,-0.20982383450513029,0,5.127630603767732,5.123211387626135
30051.0,0.8319089999999905,5.325841534669677,3.757389820576018,0.18650701116379179,-0.18650701116379179,0,4.541615677622848,4.537674181612743
30060.0,0.9195560000001209,6.066978058911736,4.222754614867544,0.20615673247645627,-0.20615673247645627,0,5.14486633688964,5.140604867048049
30069.0,0.9061280000000528,5.998035126424103,4.222754614867544,0.2031462876490531,-0.2031462876490531,0,5.110394870645823,5.106237284708632
30078.0,0.9207759999999577,6.1014495251555525,4.188283148623727,0.20643024623047188,-0.20643024623047188,0,5.14486633688964,5.140582810927235
30086.0,0.8979489999999511,5.567141798376394,3.6367396887226597,0.20131262453887203,-0.20131262453887203,0,4.601940743549527,4.597343075746981
30095.0,1.089110999999954,6.084213792033644,4.136575949258002,0.24416953949963538,-0.24416953949963538,0,5.110394870645823,5.104354335419863
30104.0,1.0120849999999628,5.980799393302195,4.188283148623727,0.22690095718846823,-0.22690095718846823,0,5.08454127096296,5.079325184458037
30113.0,0.8350829999999709,5.929092193936469,4.326169013598993,0.18721859530752655,-0.18721859530752655,0,5.127630603767731,5.12413112209591
30122.0,0.7764899999999656,5.791206328961202,4.36064047984281,0.17408253679016325,-0.17408253679016325,0,5.0759234044020065,5.0728807411444805
30131.0,0.7684320000001134,5.842913528326927,4.36064047984281,0.17227600086384165,-0.17227600086384165,0,5.101777004084869,5.098808419452617
30139.0,0.6910399999998454,5.239662869060136,3.8608042193074685,0.1549253644263968,-0.1549253644263968,0,4.550233544183802,4.547536766646403
30148.0,0.7684330000002954,5.825677795205019,4.343404746720902,0.17227622505548415,-0.17227622505548415,0,5.08454127096296,5.081562200583386
30157.0,0.730590999999925,5.756734862717386,4.395111946086627,0.16379236646454529,-0.16379236646454529,0,5.0759234044020065,5.073234621445093
30166.0,0.6906739999999758,5.705027663351661,4.343404746720902,0.15484331030021037,-0.15484331030021037,0,5.024216205036281,5.021787377973157
30175.0,0.6787109999999753,5.670556197107844,4.326169013598993,0.15216130616928672,-0.15216130616928672,0,4.998362605353419,4.996005672638574
30184.0,0.6761469999999132,5.670556197107844,4.395111946086627,0.15158647890255977,-0.15158647890255977,0,5.032834071597236,5.030515672531429
30193.0,0.6357420000000701,5.636084730864027,4.429583412330444,0.14252801723662772,-0.14252801723662772,0,5.032834071597236,5.030787804423458
30202.0,0.5933839999998581,5.5154345990106695,4.446819145452352,0.1330317093725278,-0.1330317093725278,0,4.981126872231511,4.979330762517366
30211.0,0.5432130000002283,5.5154345990106695,4.481290611696169,0.12178379252461576,-0.12178379252461576,0,4.998362605353419,4.996863645307879
30220.0,0.5070799999999743,5.429255933401127,4.46405487857426,0.11368307738097778,-0.11368307738097778,0,4.946655405987694,4.945337078976294
30229.0,0.4530030000000142,5.394784467157311,4.56746927730571,0.10155946813682121,-0.10155946813682121,0,4.98112687223151,4.9800846781372385
30238.0,0.42956499999990716,5.377548734035402,4.5502335441838015,0.09630486537657103,-0.09630486537657103,0,4.963891139109602,4.962950671639484
30247.0,0.41784700000013747,5.29137006842586,4.515762077939986,0.09367778818811125,-0.09367778818811125,0,4.9035660731829225,4.9026658846223
30256.0,0.40124500000008884,5.394784467157311,4.5502335441838015,0.08995575921697332,-0.08995575921697332,0,4.972509005670556,4.9716896258423
30265.0,0.40551799999965665,5.412020200279219,4.532997811061894,0.09091372993086425,-0.09091372993086425,0,4.972509005670556,4.971671579670768
30274.0,0.494995000000153,5.653320463985936,4.36064047984281,0.11097372187468907,-0.11097372187468907,0,5.006980471914373,5.005730332005218
30283.0,0.7784419999999487,5.791206328961202,4.188283148623727,0.17452015879664304,-0.17452015879664304,0,4.9897447387924645,4.98661518473114
30292.0,0.8460690000000014,5.739499129595478,4.136575949258002,0.18968156424361346,-0.18968156424361346,0,4.938037539426739,4.9343006254333535
30302.0,0.8306890000001537,6.1876281907650945,4.8432410072562435,0.18623349740977616,-0.18623349740977616,0,5.5154345990106695,5.512245958210668
30311.0,0.5753169999999455,5.343077267791585,4.653647942915252,0.128981239704956,-0.128981239704956,0,4.998362605353419,4.996691345985764
30320.0,0.20959499999998857,4.860476740378152,5.032834071597236,0.046989438754567216,-0.046989438754567216,0,4.946655405987694,4.9464321715148545
30329.0,-0.2491449999998861,4.653647942915252,5.412020200279219,-0.05585621660107319,0.05585621660107319,0,5.032834071597236,5.032522375441703
30338.0,-0.561157999999913,4.395111946086627,5.618848997742119,-0.1258069108167312,0.1258069108167312,0,5.006980471914373,5.005376797286707
30346.0,-0.5914300000003251,3.94698288491701,5.032834071597236,-0.13259363898294557,0.13259363898294557,0,4.489908478257123,4.487922978809153
30355.0,-0.6107179999998494,4.601940743549527,5.394784467157311,-0.13691784659608422,0.13691784659608422,0,4.998362605353419,4.996476566321165
30364.0,-0.29943900000012946,4.963891139109602,5.187955669694411,-0.06713170901612969,0.06713170901612969,0,5.0759234044020065,5.075479320675575
30373.0,-0.006469000000006788,5.119012737206777,4.963891139109602,-0.0014502954712833362,0.0014502954712833362,0,5.04145193815819,5.041451729502548
30382.0,0.20678700000008127,5.343077267791585,4.791533807890519,0.046359908737064526,-0.046359908737064526,0,5.067305537841053,5.067092852008859
30391.0,0.3304440000000557,5.567141798376394,4.653647942915252,0.07408276962626816,-0.07408276962626816,0,5.110394870645823,5.109853665571884
30400.0,0.5549319999999764,5.636084730864027,4.532997811061894,0.12441109390467239,-0.12441109390467239,0,5.08454127096296,5.083001804229457
30409.0,0.5747070000000271,5.601613264620211,4.56746927730571,0.1288444828279482,-0.1288444828279482,0,5.08454127096296,5.082892559819243
30418.0,0.4814449999998569,5.446491666523036,4.653647942915252,0.10793592567182958,-0.10793592567182958,0,5.0500698047191435,5.048909597232042
30426.0,0.3266600000001569,4.739826608524794,4.274461814233269,0.07323442860552558,-0.07323442860552558,0,4.507144211379032,4.506547765528856
30435.0,0.25769100000003947,5.274134335303953,4.791533807890519,0.05777215802908321,-0.05777215802908321,0,5.032834071597236,5.032501756064433
30444.0,0.18225099999995828,5.08454127096296,4.826005274134335,0.04085914359816377,-0.04085914359816377,0,4.955273272548648,4.955104712617947
30454.0,0.1436759999998702,5.636084730864027,5.256898602182044,0.03221095256325517,-0.03221095256325517,0,5.446491666523036,5.446396304510239
30463.0,0.1391610000000071,5.0500698047191435,4.791533807890519,0.031198727481690967,-0.031198727481690967,0,4.920801806304832,4.920702838357509
30472.0,0.15100100000000474,5.067305537841052,4.808769541012427,0.03385315604560707,-0.03385315604560707,0,4.938037539426739,4.93792142229448
30481.0,0.10559000000006177,5.032834071597236,4.722590875402886,0.02367239122163184,-0.02367239122163184,0,4.877712473500061,4.877654973239418
30490.0,0.11657800000004927,4.963891139109602,4.860476740378152,0.026135808540912474,-0.026135808540912474,0,4.912183939743877,4.9121144043111435
30499.0,0.08788999999999723,4.946655405987694,4.757062341646702,0.019704199871843353,-0.019704199871843353,0,4.851858873817198,4.851818848029282
30509.0,0.05700700000009538,5.5154345990106695,5.463727399644944,0.012780490637115585,-0.012780490637115585,0,5.489580999327806,5.489566121698727
30518.0,0.03723099999986276,4.912183939743877,4.8432410072562435,0.00834687752219728,-0.00834687752219728,0,4.87771247350006,4.877705331454326
30527.0,0.015991999999926662,4.912183939743877,4.87771247350006,0.0035852720940844664,-0.0035852720940844664,0,4.894948206621969,4.894946893601928
30536.0,0.01806600000013771,4.87771247350006,4.826005274134335,0.004050245476020556,-0.004050245476020556,0,4.851858873817198,4.851857183233644
30545.0,0.016234999999793373,4.894948206621969,4.894948206621969,0.0036397506532633464,-0.0036397506532633464,0,4.894948206621969,4.894946853412622
30555.0,0.010132000000266862,5.429255933401127,5.446491666523036,0.00227150930830335,-0.00227150930830335,0,5.437873799962082,5.4378733255333795
30564.0,0.024413999999895065,4.963891139109602,4.8432410072562435,0.005473413763444432,-0.005473413763444432,0,4.9035660731829225,4.903563017981411
30573.0,0.03576699999997721,4.860476740378152,4.860476740378152,0.008018661017360273,-0.008018661017360273,0,4.860476740378152,4.860470125924809
30582.0,0.025879000000166238,4.946655405987694,4.808769541012427,0.005801854459969573,-0.005801854459969573,0,4.87771247350006,4.87770902227105
30592.0,0.03393499999985792,5.446491666523036,5.394784467157311,0.0076079420030518334,-0.0076079420030518334,0,5.420638066840173,5.420632727799642
30601.0,0.0465089999999589,4.912183939743877,4.774298074768611,0.0104269272026258,-0.0104269272026258,0,4.843241007256244,4.843229781047691
30610.0,0.050659000000134465,4.9294196728657855,4.826005274134335,0.011357322349646074,-0.011357322349646074,0,4.87771247350006,4.877699249807238
30619.0,0.054077999999735095,4.894948206621969,4.757062341646702,0.012123833435707802,-0.012123833435707802,0,4.826005274134335,4.825990042422414
30629.0,0.06909100000014179,5.498198865888761,5.377548734035402,0.015489621951853064,-0.015489621951853064,0,5.437873799962082,5.437851736517201
30638.0,0.07092300000005752,4.87771247350006,4.791533807890519,0.015900340966115867,-0.015900340966115867,0,4.83462314069529,4.83459699192753
30647.0,0.06469699999991745,4.946655405987694,4.757062341646702,0.014504524054011411,-0.014504524054011411,0,4.851858873817198,4.851837185207542
30656.0,0.06408699999999906,4.946655405987694,4.826005274134335,0.014367767177003598,-0.014367767177003598,0,4.886330340061015,4.88630921348464
30666.0,0.08960000000009213,5.498198865888761,5.308605801547769,0.020087567510741103,-0.020087567510741103,0,5.403402333718265,5.403364984064577
30675.0,0.07568399999992644,4.981126872231511,4.808769541012427,0.016967717181695183,-0.016967717181695183,0,4.894948206621969,4.894918789549448
30684.0,0.07434000000010825,4.87771247350006,4.757062341646702,0.01666640366907514,-0.01666640366907514,0,4.817387407573381,4.817358573471449
30693.0,0.07897999999993127,4.998362605353419,4.826005274134335,0.01770665270084063,-0.01770665270084063,0,4.912183939743877,4.912152017179334
30703.0,0.0969240000000446,5.463727399644944,5.325841534669677,0.021729546801450495,-0.021729546801450495,0,5.394784467157311,5.394740698533868
30712.0,0.08190899999988444,4.9294196728657855,4.791533807890519,0.01836330990215714,-0.01836330990215714,0,4.860476740378152,4.860442044666824
30721.0,0.05493099999992731,4.9294196728657855,4.791533807890519,0.012315068871985767,-0.012315068871985767,0,4.860476740378152,4.8604611358687375
30730.0,0.05932700000010867,4.9294196728657855,4.791533807890519,0.013300615153021148,-0.013300615153021148,0,4.860476740378152,4.860458538360287
30740.0,0.07849100000005876,5.498198865888761,5.325841534669677,0.01759702300764664,-0.01759702300764664,0,5.412020200279219,5.411991585151746
30749.0,0.062134000000037444,4.860476740378152,4.774298074768611,0.01392992097892697,-0.01392992097892697,0,4.817387407573381,4.81736726626127
30758.0,0.05529799999997898,4.9294196728657855,4.826005274134335,0.0123973471898147,-0.0123973471898147,0,4.87771247350006,4.8776967170623475
30767.0,0.030395000000007853,4.8432410072562435,4.87771247350006,0.006814303733130645,-0.006814303733130645,0,4.860476740378152,4.860471963557553
30777.0,0.023314999999900613,5.463727399644944,5.360313000913494,0.005227027193196995,-0.005227027193196995,0,5.412020200279219,5.412017675871756
30786.0,0.01379399999993776,4.912183939743877,4.860476740378152,0.0030924989535895935,-0.0030924989535895935,0,4.886330340061015,4.886329361431452
30795.0,0.008179000000101692,4.87771247350006,4.87771247350006,0.0018336631101810855,-0.0018336631101810855,0,4.87771247350006,4.8777121288384935
30804.0,0.022827000000006616,4.9294196728657855,4.894948206621969,0.005117621691599872,-0.005117621691599872,0,4.912183939743877,4.9121812738875885
30813.0,-0.0019530000001651707,4.826005274134335,4.8432410072562435,-0.0004378461981222646,0.0004378461981222646,0,4.834623140695289,4.834623120868521
30823.0,-0.015868999999720208,5.412020200279219,5.463727399644944,-0.003557696527031277,0.003557696527031277,0,5.437873799962082,5.437872636135273
30832.0,-0.02563500000011746,4.808769541012427,4.9294196728657855,-0.005747151709148193,0.005747151709148193,0,4.869094606939106,4.8690912146463265
30841.0,-0.029174999999967526,4.8432410072562435,4.946655405987694,-0.006540789979069383,0.006540789979069383,0,4.894948206621969,4.894943836131334
30850.0,-0.05309999999999008,4.826005274134335,4.912183939743877,-0.011904574049319827,0.011904574049319827,0,4.869094606939106,4.869080052965666
30860.0,-0.06359900000010506,5.377548734035402,5.446491666523036,-0.014258361675406474,0.014258361675406474,0,5.412020200279219,5.412001417268463
30869.0,-0.03979500000012839,4.87771247350006,4.894948206621969,-0.008921704788969856,0.008921704788969856,0,4.886330340061015,4.8863221952100355
30878.0,-0.026245000000035847,4.791533807890519,4.860476740378152,-0.005883908586156007,0.005883908586156007,0,4.826005274134335,4.826001687098463
30887.0,-0.03320299999991514,4.87771247350006,4.946655405987694,-0.007443833750633331,0.007443833750633331,0,4.912183939743877,4.912178299351028
30896.0,-0.029052999999943135,4.808769541012427,4.912183939743877,-0.006513438603658693,0.006513438603658693,0,4.860476740378152,4.860472375618331
30906.0,-0.020262999999944548,5.446491666523036,5.446491666523036,-0.0045427944248729295,0.0045427944248729295,0,5.446491666523036,5.446489772003437
30915.0,-0.014527000000062601,4.8432410072562435,4.87771247350006,-0.003256831397650596,0.003256831397650596,0,4.860476740378152,4.8604756492217565
30924.0,0.005126999999942069,4.946655405987694,4.87771247350006,0.0011494303418113844,-0.0011494303418113844,0,4.912183939743877,4.912183805256332
30933.0,0.017456000000015768,4.9294196728657855,4.87771247350006,0.003913488598967108,-0.003913488598967108,0,4.9035660731829225,4.903564511481579
30942.0,0.018799000000058998,4.912183939743877,4.860476740378152,0.004214577920035924,-0.004214577920035924,0,4.886330340061015,4.886328522423526
30952.0,0.008545000000174857,5.5154345990106695,5.463727399644944,0.0019157172364131548,-0.0019157172364131548,0,5.489580999327806,5.489580665053333
30961.0,0.02526899999984074,4.860476740378152,4.894948206621969,0.005665097582870489,-0.005665097582870489,0,4.87771247350006,4.877709183669115
30970.0,0.03063900000005663,4.963891139109602,4.860476740378152,0.006869006483952024,-0.006869006483952024,0,4.912183939743877,4.912179136543299
30979.0,0.034545999999958374,4.912183939743877,4.894948206621969,0.007744923071702147,-0.007744923071702147,0,4.9035660731829225,4.903559956827445
30988.0,0.04125999999999245,4.963891139109602,4.860476740378152,0.009250145485403727,-0.009250145485403727,0,4.912183939743877,4.912175229316215
30997.0,0.044310999999970006,4.946655405987694,4.826005274134335,0.009934154062130928,-0.009934154062130928,0,4.886330340061015,4.886320240236845
31007.0,0.057129000000119765,5.498198865888761,5.325841534669677,0.012807842012526275,-0.012807842012526275,0,5.412020200279219,5.412005041269682
31016.0,0.05993700000002705,4.981126872231511,4.826005274134335,0.01343737203002896,-0.01343737203002896,0,4.9035660731829225,4.903547657286074
31025.0,0.05602999999992176,4.912183939743877,4.860476740378152,0.012561455442233202,-0.012561455442233202,0,4.886330340061015,4.886314193608866
31034.0,0.06115700000006739,4.963891139109602,4.8432410072562435,0.013710885784090222,-0.013710885784090222,0,4.9035660731829225,4.903546901855513
31044.0,0.05871599999980466,5.463727399644944,5.377548734035402,0.013163634084325198,-0.013163634084325198,0,5.420638066840173,5.420622082426202
31053.0,0.049926999999988134,4.912183939743877,4.860476740378152,0.011193214097181936,-0.011193214097181936,0,4.886330340061015,4.886317519493487
31062.0,0.027466000000054686,4.946655405987694,4.860476740378152,0.006157646531814133,-0.006157646531814133,0,4.9035660731829225,4.903562206660739
31071.0,0.00866699999999569,4.894948206621969,4.87771247350006,0.001943068611778209,-0.001943068611778209,0,4.886330340061015,4.886329953725394
31080.0,0.014160000000010926,4.963891139109602,4.912183939743877,0.003174553079821663,-0.003174553079821663,0,4.938037539426739,4.938036518974759
31089.0,-0.0020749999997824484,4.860476740378152,4.912183939743877,-0.0004651975734416835,0.0004651975734416835,0,4.886330340061015,4.886330317916089
31099.0,-0.009278000000096142,5.394784467157311,5.480963132766853,-0.002080049680428522,0.002080049680428522,0,5.437873799962082,5.4378734021156045
31108.0,-0.03735299999988715,4.8432410072562435,4.9294196728657855,-0.008374228897607968,0.008374228897607968,0,4.886330340061015,4.886323163611207
31117.0,-0.050903000000183246,4.860476740378152,4.998362605353419,-0.011412025100467453,0.011412025100467453,0,4.9294196728657855,4.929406460430919
31126.0,-0.042236999999962506,4.87771247350006,4.912183939743877,-0.009469180680240474,0.009469180680240474,0,4.894948206621969,4.894939047562566
31135.0,-0.04504400000009484,4.808769541012427,4.9294196728657855,-0.01009848650619193,0.01009848650619193,0,4.869094606939106,4.869084133251022
31145.0,-0.060057999999869376,5.429255933401127,5.446491666523036,-0.013464499213797151,0.013464499213797151,0,5.437873799962082,5.4378571305461065
31154.0,-0.038329999999857214,4.791533807890519,4.912183939743877,-0.008593264092444715,0.008593264092444715,0,4.851858873817198,4.851851262772331
31163.0,-0.03564500000035993,4.860476740378152,4.9294196728657855,-0.007991309642040853,0.007991309642040853,0,4.894948206621969,4.894941683154646
31172.0,-0.03808600000001199,4.808769541012427,4.894948206621969,-0.008538561341668971,0.008538561341668971,0,4.851858873817198,4.851851359933032
31181.0,-0.03344699999976036,4.894948206621969,4.9294196728657855,-0.007498536501409075,0.007498536501409075,0,4.912183939743877,4.91217821635848
31191.0,-0.02539100000006868,5.377548734035402,5.429255933401127,-0.005692448958326814,0.005692448958326814,0,5.403402333718265,5.403399335173273
31200.0,-0.014160000000010926,4.860476740378152,4.87771247350006,-0.003174553079821663,0.003174553079821663,0,4.869094606939106,4.869093572063383
31209.0,-0.022339000000112616,4.894948206621969,4.912183939743877,-0.005008216190002748,0.005008216190002748,0,4.9035660731829225,4.903563515627169
31218.0,-0.002440999999855614,4.9294196728657855,4.894948206621969,-0.0005472516996737528,0.0005472516996737528,0,4.912183939743877,4.9121839092596655
31227.0,0.025879000000166238,4.894948206621969,4.894948206621969,0.005801854459969573,-0.005801854459969573,0,4.894948206621969,4.894944768232196
31237.0,0.022338999999705504,5.343077267791585,5.343077267791585,0.005008216189911477,-0.005008216189911477,0,5.343077267791585,5.343074920622378
31246.0,0.021972000000060943,4.998362605353419,4.87771247350006,0.004925937872173815,-0.004925937872173815,0,4.938037539426739,4.93803508212792
31255.0,0.06591800000013985,4.963891139109602,4.774298074768611,0.014778261999715173,-0.014778261999715173,0,4.869094606939107,4.86907217172822
31264.0,0.1353759999999262,5.08454127096296,4.67088367603716,0.0303501622693059,-0.0303501622693059,0,4.87771247350006,4.877617883618239
31274.0,0.2425540000000585,5.705027663351661,5.08454127096296,0.0543785697544248,-0.0543785697544248,0,5.394784467157311,5.394509515406427
31283.0,0.30590799999993273,5.205191402816319,4.498526344818077,0.0685820044873674,-0.0685820044873674,0,4.851858873817198,4.851371654246289
31292.0,0.3876949999999963,5.29137006842586,4.46405487857426,0.08691796301415948,-0.08691796301415948,0,4.87771247350006,4.8769326425968345
31301.0,0.4591069999999263,5.308605801547769,4.377876212964718,0.10292793367346934,-0.10292793367346934,0,4.8432410072562435,4.842137501355824
31311.0,0.5655520000001374,6.049742325789827,4.826005274134335,0.12679200871457286,-0.12679200871457286,0,5.437873799962081,5.43637732406156
31320.0,0.5751950000001246,5.5154345990106695,4.308933280477085,0.12895388832959095,-0.12895388832959095,0,4.912183939743877,4.910466338996749
31329.0,0.635253999999769,5.584377531498302,4.291697547355177,0.14241861173493933,-0.14241861173493933,0,4.938037539426739,4.935949401105873
31338.0,0.6896970000000058,5.670556197107844,4.222754614867544,0.15462427510537363,-0.15462427510537363,0,4.946655405987694,4.944187878383469
31347.0,0.7205810000000897,5.756734862717386,4.205518881745635,0.1615482085317439,-0.1615482085317439,0,4.981126872231511,4.978444492186517
31356.0,0.7567139999999365,5.670556197107844,4.239990347989452,0.16964892367529058,-0.16964892367529058,0,4.955273272548649,4.952310307710249
31365.0,0.78442400000004,5.791206328961202,4.1710474155018185,0.1758612729579261,-0.1758612729579261,0,4.98112687223151,4.977941487720766
31374.0,0.8133539999997766,5.860149261448836,4.119340216136093,0.18234713599453162,-0.18234713599453162,0,4.9897447387924645,4.986312279947608
31383.0,0.8833010000002498,5.877384994570744,4.084868749892276,0.19802866595749888,-0.19802866595749888,0,4.98112687223151,4.977064414503163
31392.0,0.9735110000000567,6.066978058911736,4.102104483014185,0.21825299034520215,-0.21825299034520215,0,5.08454127096296,5.079683424471606
31401.0,1.0076899999999633,6.1014495251555525,4.033161550526552,0.22591563509907536,-0.22591563509907536,0,5.067305537841053,5.0620602523930796
31410.0,1.0458989999999784,6.084213792033644,4.0503972836484605,0.2344817720077519,-0.2344817720077519,0,5.067305537841053,5.061663763264622
31419.0,1.0700679999998461,6.153156724521278,3.981454351160827,0.23990025882877808,-0.23990025882877808,0,5.067305537841053,5.061365929993358
31427.0,0.9599610000001677,5.549906065254485,3.5677967562350266,0.21521519414243392,-0.21521519414243392,0,4.558851410744756,4.553530647454356
31436.0,1.1047360000000324,6.1876281907650945,3.998690084282735,0.24767253327593655,-0.24767253327593655,0,5.093159137523915,5.0868595994974095
31445.0,1.156249999999909,6.3082783226184524,3.9642186180389185,0.259221539444963,-0.259221539444963,0,5.1362484703286855,5.129364733518082
31454.0,1.1730960000000064,6.342749788862269,3.895275685551285,0.2629982711669223,-0.2629982711669223,0,5.119012737206777,5.111865872212091
31463.0,1.1993410000000422,6.342749788862269,3.9297471517951017,0.2688821797530783,-0.2688821797530783,0,5.1362484703286855,5.12881939354025
31471.0,1.0826409999999687,5.670556197107844,3.5160895568693014,0.24271901983675517,-0.24271901983675517,0,4.593322876988573,4.586555271246821
31480.0,1.2631839999999925,6.463399920715628,3.8263327530636517,0.28319524417926056,-0.28319524417926056,0,5.14486633688964,5.136550186439742
31489.0,1.3117679999999374,6.497871386959445,3.84356848618556,0.2940873689553737,-0.2940873689553737,0,5.170719936572502,5.161796631792683
31498.0,1.337280000000052,6.463399920715628,3.791861286819835,0.2998069450975143,-0.2998069450975143,0,5.127630603767732,5.1182610570961655
31506.0,1.191650000000038,5.825677795205019,3.395439425015943,0.26715792214454004,-0.26715792214454004,0,4.6105586101104805,4.602269739719485
31515.0,1.3620609999999986,6.584050052568986,3.84356848618556,0.3053626371787877,-0.3053626371787877,0,5.213809269377273,5.204237828942586
31523.0,1.2316890000000118,5.8084420620831105,3.4126751581378514,0.27613432968428564,-0.27613432968428564,0,4.6105586101104805,4.60172376753059
31532.0,1.3709720000000432,6.515107120081353,3.84356848618556,0.3073604085413873,-0.3073604085413873,0,5.179337803133457,5.169603397126267
31541.0,1.3499759999999739,6.549578586325169,3.8090970199417433,0.30265328167245337,-0.30265328167245337,0,5.179337803133456,5.169863480224994
31550.0,1.3662099999997888,6.584050052568986,3.8090970199417433,0.3062928081341198,-0.3062928081341198,0,5.1965735362553644,5.186889471460424
31558.0,1.2575690000001565,5.860149261448836,3.3609679587721266,0.28193640833585204,-0.28193640833585204,0,4.610558610110481,4.6012918694095895
31567.0,1.4421389999999459,6.65299298505662,3.7746255536979265,0.3233154522582789,-0.3233154522582789,0,5.213809269377273,5.20300264454491
31575.0,1.2760000000001852,5.8946207276926526,3.378203691894035,0.28606848374646215,-0.28606848374646215,0,4.636412209793344,4.626923832609744
31584.0,1.4074709999999633,6.532342853203261,3.74015408745411,0.31554317781116603,-0.31554317781116603,0,5.1362484703286855,5.1258245786477765
31593.0,1.4354249999999118,6.635757251934711,3.74015408745411,0.3218102298445773,-0.3218102298445773,0,5.187955669694411,5.177176783616
31601.0,1.3281249999999587,5.998035126424103,3.292025026284493,0.29775447098409336,-0.29775447098409336,0,4.645030076354298,4.634649874457915
31610.0,1.5257570000001504,6.739171650666162,3.653975421844568,0.34206190560778255,-0.34206190560778255,0,5.1965735362553644,5.184288194775363
31619.0,1.5328369999998503,6.670228718178528,3.653975421844568,0.3436491821476249,-0.3436491821476249,0,5.162102070011548,5.149657999407892
31628.0,1.50976500000002,6.618521518812803,3.6712111549664765,0.3384766335136524,-0.3384766335136524,0,5.14486633688964,5.13279502370321
31636.0,1.3125000000000837,5.946327927058378,3.292025026284493,0.29425147720783784,-0.29425147720783784,0,4.619176476671435,4.6090067812202165
31645.0,1.4957279999998085,6.635757251934711,3.653975421844568,0.3353296560007927,-0.3353296560007927,0,5.14486633688964,5.132992924122672
31654.0,1.5180660000001462,6.601285785690894,3.7229183543322018,0.3403376479992442,-0.3403376479992442,0,5.162102070011548,5.149994422724652
31662.0,1.3251960000000056,5.929092193936469,3.292025026284493,0.29709781378277683,-0.29709781378277683,0,4.610558610110481,4.600181392399858
31671.0,1.4833979999999598,6.635757251934711,3.688446888088385,0.33256537355208576,-0.33256537355208576,0,5.162102070011548,5.15049213165711
31680.0,1.4777829999999204,6.75640738378807,3.6022682224788434,0.3313065377086316,-0.3313065377086316,0,5.179337803133457,5.1677139214112335
31689.0,1.6621100000000466,6.85982178251952,3.3609679587721266,0.3726311030719252,-0.3726311030719252,0,5.110394870645823,5.0951114713464785
31697.0,1.5883789999998783,5.911856460814561,3.188610627553043,0.356101232088261,-0.356101232088261,0,4.550233544183802,4.535035421994018
31706.0,1.523437000000137,6.670228718178528,3.6367396887226597,0.341541781091877,-0.341541781091877,0,5.153484203450594,5.141154458476937
31715.0,1.461791999999972,6.584050052568986,3.6367396887226597,0.327721489806144,-0.327721489806144,0,5.110394870645823,5.098985926415183
31724.0,1.460815000000002,6.497871386959445,3.74015408745411,0.3275024546113073,-0.3275024546113073,0,5.119012737206777,5.107765547910577
31733.0,1.4102789999998704,6.428928454471811,3.7746255536979265,0.31617270782866874,-0.31617270782866874,0,5.101777004084869,5.091310492550547
31741.0,1.1750490000001717,5.653320463985936,3.3609679587721266,0.2634361173650446,-0.2634361173650446,0,4.507144211379031,4.498941835831523
31750.0,1.323607999999935,6.3944569882279945,3.7746255536979265,0.29674179751928975,-0.29674179751928975,0,5.08454127096296,5.075298977268842
31759.0,1.3536380000000519,6.44616418759372,3.791861286819835,0.30347427131783083,-0.30347427131783083,0,5.119012737206777,5.109403923430205
31768.0,1.33569299999996,6.428928454471811,3.8780399524293765,0.29945115302562414,-0.29945115302562414,0,5.153484203450594,5.14424788789262
31777.0,1.2871090000000152,6.342749788862269,3.8780399524293765,0.288559028249511,-0.288559028249511,0,5.110394870645823,5.101772386118831
31785.0,1.1013189999999817,5.584377531498302,3.481618090625485,0.24690647057297727,-0.24690647057297727,0,4.532997811061893,4.525911604642719
31794.0,1.1776120000000516,6.256571123252728,3.9642186180389185,0.264010720440129,-0.264010720440129,0,5.110394870645823,5.103232340220851
31803.0,1.1170660000000847,6.1876281907650945,4.0503972836484605,0.2504368157246891,-0.2504368157246891,0,5.119012737206777,5.1126217394697715
31812.0,1.0632319999997877,6.1014495251555525,4.084868749892276,0.2383676850396658,-0.2383676850396658,0,5.093159137523914,5.087365138175588
31821.0,1.0095210000001043,6.066978058911736,4.136575949258002,0.22632612992178694,-0.22632612992178694,0,5.101777004084869,5.096579618962482
31829.0,0.836547999999835,5.308605801547769,3.7229183543322018,0.18754703600396042,-0.18754703600396042,0,4.515762077939986,4.511749673189161
31838.0,0.8824470000002826,5.842913528326927,4.205518881745635,0.19783720632966967,-0.19783720632966967,0,5.024216205036281,5.020220160334742
31847.0,0.7878409999998872,5.756734862717386,4.343404746720902,0.17662733566083974,-0.17662733566083974,0,5.0500698047191435,5.046922504812883
31856.0,0.7326660000001146,5.670556197107844,4.326169013598993,0.16425756403807823,-0.16425756403807823,0,4.998362605353419,4.995616387522258
31865.0,0.6660159999998284,5.618848997742119,4.36064047984281,0.14931519378589891,-0.14931519378589891,0,4.9897447387924645,4.987476215124425
31874.0,0.6105960000000287,5.618848997742119,4.395111946086627,0.13689049522071917,-0.13689049522071917,0,5.006980471914373,5.005081960776685
31883.0,0.5670160000002264,5.480963132766853,4.446819145452352,0.1271202252194555,-0.1271202252194555,0,4.963891139109602,4.96224642713009
31892.0,0.5345459999998254,5.480963132766853,4.46405487857426,0.11984072391274628,-0.11984072391274628,0,4.972509005670556,4.971050296167114
31901.0,0.4959719999999195,5.446491666523036,4.498526344818077,0.11119275706948019,-0.11119275706948019,0,4.972509005670556,4.971254879825661
31911.0,0.5161130000000432,5.929092193936469,4.998362605353419,0.11570820011898805,-0.11570820011898805,0,5.463727399644944,5.462493670214756
31920.0,0.4296880000001136,5.394784467157311,4.56746927730571,0.09633244094362421,-0.09633244094362421,0,4.98112687223151,4.980189165681164
31929.0,0.40893499999991095,5.29137006842586,4.5502335441838015,0.09167979263386916,-0.09167979263386916,0,4.920801806304831,4.91994311905165
31938.0,0.3720709999998963,5.274134335303953,4.532997811061894,0.08341519342945518,-0.08341519342945518,0,4.903566073182923,4.902852663993134
31947.0,0.35302700000021714,5.274134335303953,4.584705010427618,0.07914568856709228,-0.07914568856709228,0,4.9294196728657855,4.92878130398241
31956.0,0.335326999999949,5.187955669694411,4.56746927730571,0.07517749721725815,-0.07517749721725815,0,4.87771247350006,4.877130891314014
31966.0,0.3767089999999658,5.773970595839295,5.101777004084869,0.08445499407807257,-0.08445499407807257,0,5.437873799962082,5.437215575994163
31975.0,0.30078099999999064,5.153484203450594,4.5502335441838015,0.067432574145556,-0.067432574145556,0,4.851858873817198,4.851388526285573
31984.0,0.2866209999999797,5.1362484703286855,4.619176476671435,0.06425802106573435,-0.06425802106573435,0,4.87771247350006,4.877288075828827
31993.0,0.27539099999990047,5.153484203450594,4.636412209793344,0.06174034937882606,-0.06174034937882606,0,4.894948206621969,4.8945577967961515
32002.0,0.2642820000000706,5.08454127096296,4.636412209793344,0.05924980487577724,-0.05924980487577724,0,4.860476740378152,4.860114880868764
32012.0,0.2684330000000212,5.722263396473569,5.119012737206777,0.060180424214348736,-0.060180424214348736,0,5.420638066840173,5.42030299642793
32021.0,0.2204590000001982,5.067305537841052,4.67088367603716,0.04942505631528907,-0.04942505631528907,0,4.869094606939106,4.868843358957786
32030.0,0.234618999999802,5.119012737206777,4.653647942915252,0.05259960939501946,-0.05259960939501946,0,4.886330340061015,4.886046613522231
32039.0,0.23132300000000072,5.119012737206777,4.636412209793344,0.051860673875919645,-0.051860673875919645,0,4.87771247350006,4.877436125077434
32049.0,0.27636700000009556,5.653320463985936,5.119012737206777,0.06195916038211158,-0.06195916038211158,0,5.386166600596356,5.385809387487368
32058.0,0.21813999999995987,5.1362484703286855,4.688119409159069,0.048905155990934736,-0.048905155990934736,0,4.912183939743877,4.91194000334322
32067.0,0.22839400000004756,5.101777004084869,4.619176476671435,0.051204016674603135,-0.051204016674603135,0,4.860476740378152,4.86020638543607
32076.0,0.31323199999988516,5.187955669694411,4.481290611696169,0.07022398377807679,-0.07022398377807679,0,4.83462314069529,4.834110475747316
32086.0,0.4168699999999638,5.842913528326927,4.963891139109602,0.09345875299322887,-0.09345875299322887,0,5.403402333718265,5.402588894932431
32095.0,0.40515200000019413,5.239662869060136,4.446819145452352,0.09083167580476909,-0.09083167580476909,0,4.843241007256244,4.842383753296646
32104.0,0.4334710000000339,5.325841534669677,4.412347679208535,0.09718055777276992,-0.09718055777276992,0,4.869094606939106,4.868116506390056
32113.0,0.4572759999997856,5.308605801547769,4.429583412330444,0.10251743885075776,-0.10251743885075776,0,4.869094606939106,4.868006879653707
32123.0,0.4910880000000477,5.860149261448836,4.912183939743877,0.11009780528689331,-0.11009780528689331,0,5.386166600596356,5.385032941696123
32132.0,0.45678799999989156,5.412020200279219,4.446819145452352,0.10240803334916064,-0.10240803334916064,0,4.9294196728657855,4.92834598616781
32141.0,0.4737540000000563,5.29137006842586,4.446819145452352,0.1062116680633369,-0.1062116680633369,0,4.869094606939106,4.867927839725539
32150.0,0.46484400000019394,5.343077267791585,4.412347679208535,0.1042141208923798,-0.1042141208923798,0,4.87771247350006,4.8765893626296375
32159.0,0.4591069999999263,5.377548734035402,4.429583412330444,0.10292793367346934,-0.10292793367346934,0,4.9035660731829225,4.902476011664245
32169.0,0.5113519999999707,5.911856460814561,4.946655405987694,0.11464082390336311,-0.11464082390336311,0,5.429255933401127,5.428036375663551
32178.0,0.4731449999999129,5.412020200279219,4.446819145452352,0.10607513537788031,-0.10607513537788031,0,4.9294196728657855,4.928267743188975
32187.0,0.47937000000007446,5.377548734035402,4.36064047984281,0.1074707280983879,-0.1074707280983879,0,4.869094606939106,4.867895945599863
32196.0,0.4982909999999543,5.394784467157311,4.429583412330444,0.11171265739378888,-0.11171265739378888,0,4.912183939743877,4.9109017989450106
32205.0,0.5305169999998993,5.446491666523036,4.36064047984281,0.11893745594958546,-0.11893745594958546,0,4.9035660731829225,4.902106423539777
32214.0,0.5468750000001027,5.412020200279219,4.377876212964718,0.12260478216994763,-0.12260478216994763,0,4.894948206621969,4.893396197995829
32224.0,0.6214600000000348,6.084213792033644,4.791533807890519,0.1393261127813954,-0.1393261127813954,0,5.437873799962082,5.436064311119528
32233.0,0.5922860000000457,5.480963132766853,4.308933280477085,0.13278554699392286,-0.13278554699392286,0,4.894948206621969,4.893122059131527
32242.0,0.6076659999998935,5.480963132766853,4.239990347989452,0.13623361382776014,-0.13623361382776014,0,4.860476740378152,4.858537112447995
32251.0,0.6730950000001608,5.670556197107844,4.239990347989452,0.15090224613428133,-0.15090224613428133,0,4.955273272548649,4.952928482719416
32260.0,0.7211919999999866,5.705027663351661,4.1710474155018185,0.16168518960034856,-0.16168518960034856,0,4.938037539426739,4.935327541117433
32269.0,0.7840569999997847,5.722263396473569,4.15381168237991,0.17577899464005153,-0.17577899464005153,0,4.938037539426739,4.934831441269507
32278.0,0.843384000000097,5.877384994570744,4.136575949258002,0.18907960979311833,-0.18907960979311833,0,5.006980471914373,5.003303655365935
32287.0,0.9029540000000724,5.911856460814561,4.084868749892276,0.20243470350531834,-0.20243470350531834,0,4.998362605353419,4.994127763054002
32296.0,0.9479979999999637,5.929092193936469,4.0503972836484605,0.21253319001146465,-0.21253319001146465,0,4.989744738792465,4.985059689434172
32305.0,0.9813229999999032,6.032506592667919,4.033161550526552,0.22000437513750867,-0.22000437513750867,0,5.032834071597236,5.027836622761261
32314.0,0.9959720000001937,5.998035126424103,4.0503972836484605,0.22328855791061558,-0.22328855791061558,0,5.024216205036282,5.019069931988431
32323.0,0.9982909999998214,5.963563660180286,4.0503972836484605,0.223808458234833,-0.223808458234833,0,5.006980471914373,5.001798218681328
32332.0,0.9858400000001304,6.049742325789827,4.084868749892276,0.22101704860235788,-0.22101704860235788,0,5.067305537841052,5.062305881269208
32341.0,0.9887699999998586,5.980799393302195,4.033161550526552,0.22167392999522562,-0.22167392999522562,0,5.006980471914373,5.001889468329633
32350.0,0.961792000000105,5.8946207276926526,4.136575949258002,0.21562568896509987,-0.21562568896509987,0,5.015598338475327,5.010824168364083
32359.0,0.944580000000138,6.015270859546011,4.136575949258002,0.21176690311695415,-0.21176690311695415,0,5.0759234044020065,5.07135635725281
32368.0,0.921996999999773,5.929092193936469,4.1710474155018185,0.20670398417608438,-0.20670398417608438,0,5.0500698047191435,5.04571368965747
32377.0,0.8935539999999519,5.825677795205019,4.188283148623727,0.20032730244947913,-0.20032730244947913,0,5.006980471914373,5.0028685043862975
32386.0,0.8460700000001834,5.860149261448836,4.239990347989452,0.18968178843525596,-0.18968178843525596,0,5.0500698047191435,5.046417861027077
32395.0,0.809935999999951,5.8084420620831105,4.205518881745635,0.18158084910002112,-0.18158084910002112,0,5.006980471914373,5.003605103135847
32404.0,0.801636000000007,5.722263396473569,4.239990347989452,0.17972005880607184,-0.17972005880607184,0,4.981126872231511,4.977814909253656
32413.0,0.7783199999999243,5.8084420620831105,4.205518881745635,0.17449280742123233,-0.17449280742123233,0,5.006980471914373,5.0038632096598255
32422.0,0.7700199999999803,5.756734862717386,4.205518881745635,0.17263201712728307,-0.17263201712728307,0,4.981126872231511,4.978064175507388
32431.0,0.7752679999999682,5.722263396473569,4.239990347989452,0.17380857465290828,-0.17380857465290828,0,4.981126872231511,4.97802898704435
32440.0,0.7816170000001113,5.773970595839295,4.239990347989452,0.17523196713202027,-0.17523196713202027,0,5.006980471914373,5.003843680390344
32449.0,0.7806389999999591,5.756734862717386,4.205518881745635,0.17501270774554104,-0.17501270774554104,0,4.981126872231511,4.977979209093681
32458.0,0.796509000000065,5.722263396473569,4.188283148623727,0.17857062846426044,-0.17857062846426044,0,4.955273272548649,4.951980374898538
32467.0,0.8297119999997765,5.860149261448836,4.15381168237991,0.18601446221484813,-0.18601446221484813,0,5.006980471914373,5.003426075170637
32476.0,0.860596000000064,5.8084420620831105,4.136575949258002,0.19293839564126405,-0.19293839564126405,0,4.972509005670556,4.968662030184802
32485.0,0.8518060000000653,5.825677795205019,4.15381168237991,0.1909677514624783,-0.1909677514624783,0,4.9897447387924645,4.985989582185709
32494.0,0.8530280000000627,5.842913528326927,4.136575949258002,0.19124171359973327,-0.19124171359973327,0,4.9897447387924645,4.985974304520084
32503.0,0.8483879999998326,5.773970595839295,4.1710474155018185,0.1902014645678765,-0.1902014645678765,0,4.972509005670556,4.968778973269173
32512.0,0.838623000000228,5.791206328961202,4.1710474155018185,0.18801223357753902,-0.18801223357753902,0,4.98112687223151,4.977486651952811
32521.0,0.8487549999998842,5.842913528326927,4.15381168237991,0.19028374288570546,-0.19028374288570546,0,4.998362605353419,4.994638840013353
32530.0,0.8393559999999458,5.773970595839295,4.15381168237991,0.18817656602150873,-0.18817656602150873,0,4.963891139109602,4.960231241869407
32539.0,0.825072999999932,5.791206328961202,4.222754614867544,0.18497443737467953,-0.18497443737467953,0,5.006980471914373,5.003481799464099
32548.0,0.8389890000000977,5.825677795205019,4.136575949258002,0.18809428770372544,-0.18809428770372544,0,4.98112687223151,4.977474903811008
32557.0,0.8360600000001446,5.739499129595478,4.136575949258002,0.18743763050240891,-0.18743763050240891,0,4.938037539426739,4.934388409959864
32566.0,0.8183589999998979,5.739499129595478,4.136575949258002,0.18346921496097793,-0.18346921496097793,0,4.938037539426739,4.9345411125732985
32575.0,0.803710999999993,5.773970595839295,4.15381168237991,0.18018525637955915,-0.18018525637955915,0,4.963891139109602,4.960535149582509
32585.0,0.8906249999999987,6.342749788862269,4.636412209793344,0.1996706452481626,-0.1996706452481626,0,5.489580999327806,5.4858639947234575
32594.0,0.8027340000000229,5.722263396473569,4.1710474155018185,0.1799662211847224,-0.1799662211847224,0,4.946655405987694,4.943302938947898
32603.0,0.801636000000007,5.8084420620831105,4.136575949258002,0.17972005880607184,-0.17972005880607184,0,4.972509005670556,4.96917051924545
32612.0,0.8101809999999783,5.739499129595478,4.15381168237991,0.18163577604243936,-0.18163577604243936,0,4.946655405987694,4.9432366683301545
32621.0,0.8321529999998357,5.739499129595478,4.136575949258002,0.18656171391456752,-0.18656171391456752,0,4.938037539426739,4.9344223944459555
32630.0,0.8583990000002572,5.877384994570744,4.067633016770368,0.1924458466924117,-0.1924458466924117,0,4.972509005670556,4.968662524586463
32639.0,0.8989249999999427,5.8084420620831105,4.0503972836484605,0.2015314355421119,-0.2015314355421119,0,4.9294196728657855,4.925170948022462
32648.0,0.923706000000093,5.963563660180286,3.998690084282735,0.2070871276234309,-0.2070871276234309,0,4.981126872231511,4.976654886633695
32657.0,0.9779059999998525,6.084213792033644,4.033161550526552,0.2192383124345494,-0.2192383124345494,0,5.058687671280098,5.053741783477939
32666.0,1.045776000000179,6.015270859546011,3.9642186180389185,0.23445419644078996,-0.23445419644078996,0,4.989744738792465,4.984005297540115
32675.0,1.0839839999998082,6.1014495251555525,3.9642186180389185,0.24302010915777836,-0.24302010915777836,0,5.032834071597236,5.026703055297138
32684.0,1.1179200000002554,6.204863923887003,3.8780399524293765,0.25062827535256393,-0.25062827535256393,0,5.04145193815819,5.034887439368695
32693.0,1.1383059999997958,6.135920991399369,3.9297471517951017,0.25519864534435316,-0.25519864534435316,0,5.032834071597236,5.026053916636063
32702.0,1.1494139999998505,6.170392457643186,3.94698288491701,0.25768896565585075,-0.25768896565585075,0,5.058687671280098,5.051808198896825
32711.0,1.1445310000001607,6.23933539013082,3.9297471517951017,0.2565942380649064,-0.2565942380649064,0,5.08454127096296,5.07773123007949
32719.0,1.0109869999999468,5.480963132766853,3.5160895568693014,0.22665479480981768,-0.22665479480981768,0,4.498526344818077,4.492544805351865
32728.0,1.1132810000002074,6.066978058911736,3.9297471517951017,0.2495882505123497,-0.2495882505123497,0,4.998362605353419,4.991847871204208
32737.0,1.0672609999999174,6.118685258277461,3.998690084282735,0.23927095300287224,-0.23927095300287224,0,5.058687671280098,5.052781429606123
32746.0,1.0479729999997822,6.032506592667919,3.981454351160827,0.2349467453895967,-0.2349467453895967,0,5.006980471914373,5.001238423483605
32755.0,1.0283210000001417,6.032506592667919,3.998690084282735,0.23054093203341972,-0.23054093203341972,0,5.015598338475327,5.010083487600806
32764.0,1.0277100000000412,6.1014495251555525,4.015925817404644,0.2304039509647694,-0.2304039509647694,0,5.058687671280098,5.053218276580372
32773.0,1.0144039999999974,6.066978058911736,4.0503972836484605,0.22742085751277694,-0.22742085751277694,0,5.058687671280098,5.053373928712835
32782.0,1.0068359999999963,5.980799393302195,4.067633016770368,0.22572417547124615,-0.22572417547124615,0,5.024216205036281,5.018964386651723
32791.0,1.007567999999939,6.1014495251555525,4.033161550526552,0.22588828372366468,-0.22588828372366468,0,5.067305537841053,5.062061520086875
32800.0,1.0157470000000408,6.049742325789827,4.033161550526552,0.22772194683384575,-0.22772194683384575,0,5.04145193815819,5.036104492344186
32809.0,1.005982000000029,6.032506592667919,4.033161550526552,0.22553271584341697,-0.22553271584341697,0,5.032834071597236,5.027582775219869
32818.0,0.9921869999999092,6.066978058911736,4.102104483014185,0.22243999269818487,-0.22243999269818487,0,5.08454127096296,5.079495572423196
32826.0,0.8980709999999755,5.463727399644944,3.6195039556007518,0.2013399759142827,-0.2013399759142827,0,4.541615677622848,4.536969231803454
32835.0,1.0000000000001414,5.998035126424103,4.102104483014185,0.22419160168217953,-0.22419160168217953,0,5.0500698047191435,5.044920735395369
32844.0,0.9658210000000311,6.032506592667919,4.084868749892276,0.21652895692826069,-0.21652895692826069,0,5.058687671280097,5.05388315501207
32853.0,0.9587399999999453,6.049742325789827,4.084868749892276,0.21494145619673016,-0.21494145619673016,0,5.067305537841052,5.062576538401167
32862.0,0.9938970000000041,6.015270859546011,4.067633016770368,0.22282336033708264,-0.22282336033708264,0,5.04145193815819,5.036345857231031
32871.0,1.0172109999999264,6.118685258277461,4.084868749892276,0.22805016333868275,-0.22805016333868275,0,5.101777004084869,5.0964788182753775
32880.0,1.0544440000001531,6.222099657008911,3.981454351160827,0.23639748924416504,-0.23639748924416504,0,5.10177700408487,5.0960343033228535
32889.0,1.094237999999896,6.170392457643186,3.981454351160827,0.24531896984144677,-0.24531896984144677,0,5.0759234044020065,5.069719846148651
32897.0,0.9818119999999793,5.412020200279219,3.585032489356935,0.22011400483074828,-0.22011400483074828,0,4.498526344818077,4.492921915636771
32906.0,1.0214840000001046,5.963563660180286,4.119340216136093,0.2290081340527106,-0.2290081340527106,0,5.04145193815819,5.0360803421653255
32915.0,0.8649900000000847,5.773970595839295,4.188283148623727,0.19392349353906008,-0.19392349353906008,0,4.981126872231511,4.977258848036068
32924.0,0.7454839999996538,5.670556197107844,4.308933280477085,0.16713125198833667,-0.16713125198833667,0,4.9897447387924645,4.986895243957446
32933.0,0.6520990000002949,5.722263396473569,4.326169013598993,0.14619511926539305,-0.14619511926539305,0,5.024216205036281,5.022048852623984
32942.0,0.6673589999998717,5.601613264620211,4.291697547355177,0.14961628310696773,-0.14961628310696773,0,4.946655405987694,4.944354110527172
32951.0,0.6749259999998944,5.618848997742119,4.343404746720902,0.15131274095690164,-0.15131274095690164,0,4.98112687223151,4.978792096540442
32961.0,0.7230230000001274,6.256571123252728,4.791533807890519,0.16209568442306013,-0.16209568442306013,0,5.524052465571623,5.521633364646844
32970.0,0.6057129999999318,5.5154345990106695,4.36064047984281,0.1357957676296835,-0.1357957676296835,0,4.938037539426739,4.93614561685609
32979.0,0.5880120000000923,5.549906065254485,4.395111946086627,0.1318273520883438,-0.1318273520883438,0,4.972509005670556,4.970738666775843
32988.0,0.5583500000000057,5.5154345990106695,4.377876212964718,0.12517738079922852,-0.12517738079922852,0,4.946655405987694,4.945051172646524
32997.0,0.5388180000000254,5.429255933401127,4.36064047984281,0.12079847043517725,-0.12079847043517725,0,4.894948206621969,4.893440419594251
33006.0,0.5275879999999462,5.480963132766853,4.446819145452352,0.11828079874826895,-0.11828079874826895,0,4.963891139109602,4.962467108620135
33015.0,0.5125740000001716,5.394784467157311,4.429583412330444,0.11491478604066373,-0.11491478604066373,0,4.912183939743877,4.910827275095243
33024.0,0.49609299999996537,5.394784467157311,4.429583412330444,0.111219884253294,-0.111219884253294,0,4.912183939743877,4.910913080691254
33033.0,0.4901129999998311,5.412020200279219,4.446819145452352,0.10987921847520465,-0.10987921847520465,0,4.9294196728657855,4.928183673186897
33043.0,0.5113519999999707,5.929092193936469,4.998362605353419,0.11464082390336311,-0.11464082390336311,0,5.463727399644944,5.462516319104484
33052.0,0.4393309999998973,5.343077267791585,4.515762077939986,0.09849432055859667,-0.09849432055859667,0,4.9294196728657855,4.928428998288094
33061.0,0.4058840000001369,5.325841534669677,4.532997811061894,0.0909957840571876,-0.0909957840571876,0,4.9294196728657855,4.928574549739111
33070.0,0.3657230000001389,5.256898602182044,4.498526344818077,0.0819920251420313,-0.0819920251420313,0,4.877712473500061,4.8770193115339815
33079.0,0.34558099999983316,5.256898602182044,4.601940743549527,0.07747635790088092,-0.07747635790088092,0,4.9294196728657855,4.928808236412968
33088.0,0.3287349999999393,5.205191402816319,4.56746927730571,0.07369962617896726,-0.07369962617896726,0,4.886330340061015,4.885772261447906
33098.0,0.36633300000026087,5.8084420620831105,5.08454127096296,0.08212878201908475,-0.08212878201908475,0,5.446491666523036,5.445869809604812
33107.0,0.30847199999979125,5.239662869060136,4.653647942915252,0.0691568317540487,-0.0691568317540487,0,4.946655405987694,4.946170351877871
33116.0,0.2796630000001004,5.1362484703286855,4.636412209793344,0.06269809590125702,-0.06269809590125702,0,4.886330340061015,4.885927085639371
33125.0,0.2581779999997514,5.187955669694411,4.653647942915252,0.057881339339037836,-0.057881339339037836,0,4.920801806304832,4.920460418888227
33134.0,0.24060100000030044,5.08454127096296,4.636412209793344,0.05394072355639381,-0.05394072355639381,0,4.860476740378152,4.860176818567415
33143.0,0.22949199999985995,5.1362484703286855,4.67088367603716,0.051450179053208075,-0.051450179053208075,0,4.9035660731829225,4.90329556869302
33153.0,0.2429199999999281,5.687791930229753,5.187955669694411,0.054460623880611236,-0.054460623880611236,0,5.437873799962082,5.437600530324488
33162.0,0.2165530000000714,5.067305537841052,4.688119409159069,0.04854936391909017,-0.04854936391909017,0,4.87771247350006,4.877470512694591
33171.0,0.21899399999992702,5.119012737206777,4.67088367603716,0.049096615618763925,-0.049096615618763925,0,4.894948206621969,4.894701487481189
33180.0,0.2103270000001349,5.067305537841052,4.739826608524794,0.04715354700703135,-0.04715354700703135,0,4.9035660731829225,4.903339117565057
33189.0,0.19592299999987164,5.1362484703286855,4.739826608524794,0.043924291176342674,-0.043924291176342674,0,4.938037539426739,4.937841880594844
33199.0,0.18493700000004473,5.636084730864027,5.29137006842586,0.0414613222403014,-0.0414613222403014,0,5.463727399644943,5.463569935810064
33208.0,0.1427000000000822,4.963891139109602,4.739826608524794,0.03199214156006093,-0.03199214156006093,0,4.851858873817198,4.851753346259397
33217.0,0.13159200000002735,5.0500698047191435,4.688119409159069,0.02950182124856333,-0.02950182124856333,0,4.869094606939106,4.869005110081741
33226.0,0.12695299999997928,4.998362605353419,4.791533807890519,0.02846179640834907,-0.02846179640834907,0,4.894948206621969,4.894865425869726
33235.0,0.14111299999978666,5.0500698047191435,4.757062341646702,0.0316363494881251,-0.0316363494881251,0,4.9035660731829225,4.9034639310499735
33245.0,0.13964800000012614,5.584377531498302,5.343077267791585,0.031307908791736866,-0.031307908791736866,0,5.463727399644943,5.4636376587904
33254.0,0.11084000000000674,5.0155983384753275,4.791533807890519,0.024849397130450777,-0.024849397130450777,0,4.903566073182923,4.90350307789628
33263.0,0.10888699999984157,4.998362605353419,4.791533807890519,0.024411550932328514,-0.024411550932328514,0,4.894948206621969,4.894887309269061
33272.0,0.09204100000015131,4.963891139109602,4.791533807890519,0.02063481921046049,-0.02063481921046049,0,4.877712473500061,4.87766881338324
33281.0,0.08569299999998684,5.0155983384753275,4.808769541012427,0.019211650922945345,-0.019211650922945345,0,4.912183939743877,4.91214635493971
33290.0,0.0909429999999318,4.946655405987694,4.808769541012427,0.020388656831764284,-0.020388656831764284,0,4.87771247350006,4.877669853630649
33300.0,0.09191900000012691,5.532670332132577,5.325841534669677,0.0206074678350498,-0.0206074678350498,0,5.4292559334011266,5.42921681042851
33309.0,0.0801999999999716,4.946655405987694,4.8432410072562435,0.01798016645490189,-0.01798016645490189,0,4.894948206621969,4.894915180818995
33318.0,0.08129899999996605,4.998362605353419,4.860476740378152,0.018226553025149327,-0.018226553025149327,0,4.9294196728657855,4.92938597023523
33327.0,0.08703600000003006,5.0500698047191435,4.860476740378152,0.01951274024401416,-0.01951274024401416,0,4.955273272548648,4.955234840562393
33336.0,0.07568300000015148,4.9294196728657855,4.808769541012427,0.016967492990143954,-0.016967492990143954,0,4.869094606939106,4.86906503908152
33345.0,0.06176799999996428,4.998362605353419,4.894948206621969,0.0138478668526949,-0.0138478668526949,0,4.946655405987694,4.946636020844806
33355.0,0.04968299999993936,5.463727399644944,5.360313000913494,0.011138511346360557,-0.011138511346360557,0,5.412020200279219,5.412008737150657
33364.0,0.05236799999984375,4.998362605353419,4.826005274134335,0.011740465796855688,-0.011740465796855688,0,4.912183939743877,4.912169905214109
33373.0,0.050659000000134465,4.981126872231511,4.860476740378152,0.011357322349646074,-0.011357322349646074,0,4.920801806304832,4.920788697908213
33382.0,0.062134000000037444,4.981126872231511,4.8432410072562435,0.01392992097892697,-0.01392992097892697,0,4.912183939743877,4.912164184807994
33391.0,0.06616199999998507,4.998362605353419,4.860476740378152,0.014832964750490917,-0.014832964750490917,0,4.9294196728657855,4.929397351942873
33400.0,0.06481899999994184,4.9294196728657855,4.808769541012427,0.014531875429422102,-0.014531875429422102,0,4.869094606939106,4.869072918470486
33410.0,0.062378000000086226,5.5154345990106695,5.412020200279219,0.013984623729748348,-0.013984623729748348,0,5.463727399644944,5.463709501034497
33419.0,0.04894999999981452,4.946655405987694,4.826005274134335,0.010974178902299554,-0.010974178902299554,0,4.886330340061015,4.8863180148090555
33428.0,0.05590900000028299,4.946655405987694,4.826005274134335,0.012534328258510648,-0.012534328258510648,0,4.886330340061015,4.886314261271053
33437.0,0.04284599999969883,4.894948206621969,4.860476740378152,0.009605713365605787,-0.009605713365605787,0,4.87771247350006,4.877703015110142
33446.0,0.036865000000196706,4.9294196728657855,4.9294196728657855,0.00826482339605648,-0.00826482339605648,0,4.9294196728657855,4.929412744346173
33456.0,0.03369199999978765,5.498198865888761,5.429255933401127,0.0075534634438273185,-0.0075534634438273185,0,5.463727399644944,5.46372217820954
33465.0,0.020264000000126615,4.894948206621969,4.87771247350006,0.004543018616515429,-0.004543018616515429,0,4.886330340061015,4.886328228141892
33474.0,0.013671000000138418,4.946655405987694,4.9294196728657855,0.003064923386627675,-0.003064923386627675,0,4.938037539426739,4.938036588261303
33483.0,0.0012210000000188394,4.87771247350006,4.860476740378152,0.00027373794565812616,-0.00027373794565812616,0,4.869094606939106,4.869094599244381
33492.0,0.0052489999997629025,4.9294196728657855,4.8432410072562435,0.001176781717176439,-0.001176781717176439,0,4.886330340061015,4.8863301983470135
33501.0,0.024292000000074233,4.894948206621969,4.860476740378152,0.0054460623880793774,-0.0054460623880793774,0,4.87771247350006,4.87770943314679
33511.0,0.014404000000059702,5.463727399644944,5.446491666523036,0.0032292558306430425,-0.0032292558306430425,0,5.45510953308399,5.4551085772721555
33520.0,-0.0039059999999232304,4.87771247350006,4.9294196728657855,-0.0008756923961532584,0.0008756923961532584,0,4.9035660731829225,4.903565994988966
33529.0,-0.049072000000042464,4.808769541012427,4.9294196728657855,-0.011001530277755878,0.011001530277755878,0,4.869094606939106,4.869082176313342
33538.0,-0.07385300000019276,4.87771247350006,4.946655405987694,-0.01655722235907488,0.01655722235907488,0,4.912183939743877,4.912156034358002
33547.0,-0.05248999999986814,4.808769541012427,4.912183939743877,-0.011767817172266378,0.011767817172266378,0,4.860476740378152,4.860462493155774
33557.0,-0.01721199999996699,5.480963132766853,5.463727399644944,-0.0038587858481457286,0.0038587858481457286,0,5.472345266205899,5.472343905705156
33566.0,0.006225999999936521,4.826005274134335,4.8432410072562435,0.0013958169120588209,-0.0013958169120588209,0,4.834623140695289,4.8346229391996545
33575.0,0.00988800000001453,4.894948206621969,4.912183939743877,0.0022168065574363354,-0.0022168065574363354,0,4.9035660731829225,4.903565572093955
33584.0,0.008299999999944015,4.894948206621969,4.912183939743877,0.0018607902939492757,-0.0018607902939492757,0,4.9035660731829225,4.903565720118358
33593.0,0.008911000000044467,4.9294196728657855,4.894948206621969,0.0019977713625995886,-0.0019977713625995886,0,4.912183939743877,4.912183533494934
33602.0,0.013061999999994984,4.963891139109602,4.946655405987694,0.0029283907011710907,-0.0029283907011710907,0,4.955273272548649,4.955272407258752
33612.0,0.010497999999932917,5.480963132766853,5.429255933401127,0.0023535634344441485,-0.0023535634344441485,0,5.45510953308399,5.455109025359585
33621.0,0.010619999999957306,4.963891139109602,4.87771247350006,0.002380914809854838,-0.002380914809854838,0,4.920801806304832,4.9208012302616115
33630.0,0.016602000000252158,4.826005274134335,4.774298074768611,0.0037220289711835507,-0.0037220289711835507,0,4.800151674451473,4.800150231382979
33639.0,0.028563999999867074,4.9294196728657855,4.826005274134335,0.0064038089104190695,-0.0064038089104190695,0,4.87771247350006,4.877708269344463
33649.0,0.04699700000005646,5.480963132766853,5.360313000913494,0.010536332704268559,-0.010536332704268559,0,5.420638066840173,5.420627825634114
33658.0,0.058227999999910664,4.87771247350006,4.774298074768611,0.013054228582728075,-0.013054228582728075,0,4.826005274134335,4.82598761651656
33667.0,0.04309100000013323,4.963891139109602,4.87771247350006,0.0096606403081153,-0.0096606403081153,0,4.920801806304832,4.920792322600587
33676.0,0.042723999999878,4.860476740378152,4.791533807890519,0.009578361990240732,-0.009578361990240732,0,4.826005274134335,4.82599576840204
33686.0,0.0347900000002107,5.463727399644944,5.377548734035402,0.007799625822569161,-0.007799625822569161,0,5.420638066840173,5.420632455147233
33695.0,0.023193999999854734,4.894948206621969,4.860476740378152,0.00519990000938317,-0.00519990000938317,0,4.87771247350006,4.877709701783315
33704.0,0.0357659999999987,4.9294196728657855,4.860476740378152,0.00801843682576341,-0.00801843682576341,0,4.894948206621969,4.894941638790629
33713.0,0.03283699999984198,4.8432410072562435,4.826005274134335,0.007361779624401261,-0.007361779624401261,0,4.834623140695289,4.834617535720961
33722.0,0.024048000000025455,4.9294196728657855,4.87771247350006,0.005391359637257998,-0.005391359637257998,0,4.9035660731829225,4.903563109264422
33732.0,0.011108000000258415,5.463727399644944,5.446491666523036,0.0024903203115432325,-0.0024903203115432325,0,5.45510953308399,5.4551089646527124
33741.0,0.03149399999979875,4.912183939743877,4.87771247350006,0.007060690303332446,-0.007060690303332446,0,4.894948206621969,4.894943114240419
33750.0,0.03198300000007837,4.912183939743877,4.87771247350006,0.007170319996617704,-0.007170319996617704,0,4.894948206621969,4.894942954876559
33759.0,-0.005370999999990847,4.8432410072562435,4.8432410072562435,-0.001204133092632764,0.001204133092632764,0,4.8432410072562435,4.843240857569656
33768.0,-0.017334000000194937,4.912183939743877,4.912183939743877,-0.0038861372236020536,0.0038861372236020536,0,4.912183939743877,4.912182402540099
33778.0,-0.01379399999993776,5.412020200279219,5.429255933401127,-0.0030924989535895935,0.0030924989535895935,0,5.420638066840173,5.420637184695719
33787.0,-0.006469999999985297,4.87771247350006,4.912183939743877,-0.0014505196628802003,0.0014505196628802003,0,4.894948206621969,4.894947991703123
33796.0,-0.014160000000010926,4.9294196728657855,4.894948206621969,-0.003174553079821663,0.003174553079821663,0,4.912183939743877,4.912182913936589
33805.0,0.0012210000000188394,4.87771247350006,4.894948206621969,0.00027373794565812616,-0.00027373794565812616,0,4.886330340061015,4.886330332393431
33814.0,0.01599099999994815,4.946655405987694,4.87771247350006,0.003585047902487602,-0.003585047902487602,0,4.912183939743877,4.91218263144634
33824.0,0.013306000000043762,5.429255933401127,5.377548734035402,0.00298309345199247,-0.00298309345199247,0,5.403402333718265,5.403401510251152
33833.0,0.027710000000103464,4.963891139109602,4.912183939743877,0.006212349282635512,-0.006212349282635512,0,4.938037539426739,4.9380336315690725
33842.0,0.03930599999984877,4.894948206621969,4.8432410072562435,0.008812075095684598,-0.008812075095684598,0,4.869094606939106,4.869086632698275
33851.0,0.030029000000138244,4.912183939743877,4.912183939743877,0.006732249606944211,-0.006732249606944211,0,4.912183939743877,4.912179326406767
33860.0,0.013061999999994984,4.963891139109602,4.912183939743877,0.0029283907011710907,-0.0029283907011710907,0,4.938037539426739,4.93803667109546
33869.0,0.0006099999999183872,4.860476740378152,4.9294196728657855,0.00013675687700781327,-0.00013675687700781327,0,4.894948206621969,4.894948204711492
33879.0,-0.00866699999999569,5.498198865888761,5.5154345990106695,-0.001943068611778209,0.001943068611778209,0,5.506816732449716,5.506816389645087
33888.0,-0.022827000000006616,4.826005274134335,4.87771247350006,-0.005117621691599872,0.005117621691599872,0,4.851858873817198,4.851856174771919
33897.0,-0.023314999999900613,4.946655405987694,4.981126872231511,-0.005227027193196995,0.005227027193196995,0,4.963891139109602,4.963888387022662
33906.0,-0.03503400000005592,4.8432410072562435,4.894948206621969,-0.007854328573344905,0.007854328573344905,0,4.869094606939106,4.869088271870556
33915.0,-0.026612000000087524,4.860476740378152,4.912183939743877,-0.00596618690398494,0.00596618690398494,0,4.886330340061015,4.8863266976197135
33924.0,-0.03491199999982798,4.87771247350006,4.9294196728657855,-0.007826977197888581,0.007826977197888581,0,4.9035660731829225,4.903559826386502
33934.0,-0.04052700000007116,5.394784467157311,5.498198865888761,-0.00908581304138836,0.00908581304138836,0,5.446491666523036,5.446484087399414
33943.0,-0.038818999999933275,4.9294196728657855,4.946655405987694,-0.008702893785684339,0.008702893785684339,0,4.938037539426739,4.938029870346272
33952.0,-0.022827000000006616,4.826005274134335,4.894948206621969,-0.005117621691599872,0.005117621691599872,0,4.860476740378152,4.860474046059385
33961.0,-0.028686000000095017,4.946655405987694,4.946655405987694,-0.0064311602858753945,0.0064311602858753945,0,4.946655405987694,4.946651225408414
33970.0,-0.0150149999999566,4.8432410072562435,4.946655405987694,-0.0033662368992477196,0.0033662368992477196,0,4.894948206621969,4.894947049019177
33980.0,-0.0024410000000591693,5.446491666523036,5.412020200279219,-0.0005472516997193881,0.0005472516997193881,0,5.429255933401127,5.429255905820236
33989.0,0.006714000000034075,4.894948206621969,4.894948206621969,0.00150522241370158,-0.00150522241370158,0,4.894948206621969,4.894947975190067
33998.0,0.008421999999968403,4.946655405987694,4.894948206621969,0.0018881416693599653,-0.0018881416693599653,0,4.920801806304832,4.920801444049134
34007.0,0.03149500000018437,4.946655405987694,4.894948206621969,0.007060914495020581,-0.007060914495020581,0,4.920801806304832,4.920796740279544
34016.0,0.028441999999842683,4.912183939743877,4.860476740378152,0.00637645753500838,-0.00637645753500838,0,4.886330340061015,4.88632617944413
34025.0,0.03161600000002669,4.981126872231511,4.87771247350006,0.007088041678788771,-0.007088041678788771,0,4.9294196728657855,4.9294145763444135
34035.0,0.02954100000004069,5.429255933401127,5.446491666523036,0.006622844105301452,-0.006622844105301452,0,5.437873799962082,5.437869766940443
34044.0,0.03442399999993398,4.946655405987694,4.860476740378152,0.007717571696291457,-0.007717571696291457,0,4.9035660731829225,4.903559999500954
34053.0,0.021484000000166942,4.912183939743877,4.8432410072562435,0.004816532370576692,-0.004816532370576692,0,4.87771247350006,4.877710095323205
34062.0,0.013427999999864593,4.9294196728657855,4.912183939743877,0.003010444827357524,-0.003010444827357524,0,4.920801806304832,4.920800885438307
34071.0,0.013306000000043762,4.9294196728657855,4.860476740378152,0.00298309345199247,-0.00298309345199247,0,4.894948206621969,4.894947297594433
34080.0,0.0062249999999580115,4.87771247350006,4.912183939743877,0.0013955927204619568,-0.0013955927204619568,0,4.894948206621969,4.894948007671644
34090.0,-0.0061029999999336225,5.480963132766853,5.446491666523036,-0.001368241345051267,0.001368241345051267,0,5.463727399644944,5.463727228323904
34099.0,-0.013184000000019373,4.860476740378152,4.9294196728657855,-0.0029557420765817803,0.0029557420765817803,0,4.894948206621969,4.894947314187386
34108.0,-0.010132000000063307,4.912183939743877,4.912183939743877,-0.0022715093082577146,0.0022715093082577146,0,4.912183939743877,4.912183414544315
34117.0,0.0008549999999456738,4.894948206621969,4.87771247350006,0.00019168381942605693,-0.00019168381942605693,0,4.886330340061015,4.886330336301261
34126.0,-0.0032959999998012877,4.87771247350006,4.963891139109602,-0.0007389355190998096,0.0007389355190998096,0,4.920801806304832,4.920801750819203
34135.0,-0.014769999999929312,4.9294196728657855,4.912183939743877,-0.003311309956829476,0.003311309956829476,0,4.920801806304832,4.920800692177097
34145.0,-0.01306200000019854,5.446491666523036,5.480963132766853,-0.002928390701216726,0.002928390701216726,0,5.463727399644944,5.4637266148734
34154.0,0.001098999999994451,4.946655405987694,4.912183939743877,0.0002463865702474364,-0.0002463865702474364,0,4.9294196728657855,4.929419666708156
34163.0,0.0018309999999372266,4.8432410072562435,4.894948206621969,0.00041049482266593946,-0.00041049482266593946,0,4.869094606939106,4.86909458963499
34172.0,0.019653000000229716,4.963891139109602,4.87771247350006,0.004406037547910752,-0.004406037547910752,0,4.920801806304832,4.920799833593409
34181.0,0.027221999999802356,4.912183939743877,4.8432410072562435,0.006102943780947118,-0.006102943780947118,0,4.87771247350006,4.87770865534354
34190.0,0.028686000000095017,4.963891139109602,4.860476740378152,0.0064311602858753945,-0.0064311602858753945,0,4.912183939743877,4.912179729360752
34200.0,0.039062999999982057,5.5154345990106695,5.412020200279219,0.008757596536505718,-0.008757596536505718,0,5.463727399644944,5.463720380424068
34209.0,0.037963999999987605,4.894948206621969,4.860476740378152,0.008511209966258282,-0.008511209966258282,0,4.87771247350006,4.877705047741104
34218.0,0.031249999999953527,4.981126872231511,4.87771247350006,0.007005987552556702,-0.007005987552556702,0,4.9294196728657855,4.929414693660147
34227.0,0.02331500000010417,4.8432410072562435,4.87771247350006,0.005227027193242631,-0.005227027193242631,0,4.860476740378152,4.8604739297348125
34236.0,0.003783999999898842,4.9294196728657855,4.912183939743877,0.0008483410207425686,-0.0008483410207425686,0,4.920801806304832,4.920801733178061
34246.0,-0.011351999999900081,5.394784467157311,5.412020200279219,-0.0025450230622733414,0.0025450230622733414,0,5.403402333718265,5.403401734359067
34255.0,-0.017823000000067445,4.87771247350006,4.946655405987694,-0.003995766916796041,0.003995766916796041,0,4.912183939743877,4.912182314506322
34264.0,-0.005737000000064012,4.894948206621969,4.9294196728657855,-0.0012861872188648332,0.0012861872188648332,0,4.912183939743877,4.9121837713566725
34273.0,-0.021851000000015063,4.8432410072562435,4.912183939743877,-0.00489881068835999,0.00489881068835999,0,4.87771247350006,4.877710013378971
34282.0,-0.04040499999984322,4.912183939743877,4.946655405987694,-0.009058461665932034,0.009058461665932034,0,4.9294196728657855,4.929411349723454
34291.0,-0.036499000000123544,4.8432410072562435,4.981126872231511,-0.00818276926982441,0.00818276926982441,0,4.912183939743877,4.9121771229423885
34301.0,-0.03674299999976521,5.412020200279219,5.463727399644944,-0.008237472020554519,0.008237472020554519,0,5.437873799962082,5.437867560633547
34310.0,-0.03564500000015638,4.808769541012427,4.912183939743877,-0.007991309641995218,0.007991309641995218,0,4.860476740378152,4.860470170227544
34319.0,-0.047118999999877294,4.894948206621969,4.894948206621969,-0.010563684079633614,0.010563684079633614,0,4.894948206621969,4.894936808030314
34328.0,-0.030273000000187022,4.8432410072562435,4.9294196728657855,-0.00678695235776559,0.00678695235776559,0,4.886330340061015,4.88632562627432
34337.0,-0.022216999999884673,4.894948206621969,4.912183939743877,-0.004980864814546423,0.004980864814546423,0,4.9035660731829225,4.903563543486029
34347.0,-0.031249999999953527,5.446491666523036,5.446491666523036,-0.007005987552556702,0.007005987552556702,0,5.446491666523036,5.446487160521404
34356.0,-0.010010000000038918,4.87771247350006,4.912183939743877,-0.002244157932847025,0.002244157932847025,0,4.894948206621969,4.89494769218277
34365.0,0.0020759999999645133,4.912183939743877,4.912183939743877,0.0004654217650841831,-0.0004654217650841831,0,4.912183939743877,4.912183917694884
34374.0,-0.007203000000110139,4.8432410072562435,4.860476740378152,-0.001614852106941203,0.001614852106941203,0,4.851858873817198,4.851858605079441
34383.0,-0.01623499999999693,4.912183939743877,4.912183939743877,-0.0036397506533089818,0.0036397506533089818,0,4.912183939743877,4.9121825912826305
34393.0,-0.015136999999980989,5.360313000913494,5.429255933401127,-0.0033935882746584096,0.0033935882746584096,0,5.394784467157311,5.394783399745975
34402.0,-0.0017090000001163937,4.894948206621969,4.87771247350006,-0.00038314344730088515,0.00038314344730088515,0,4.886330340061015,4.886330325039582
34411.0,0.006104000000115688,4.87771247350006,4.87771247350006,0.0013684655366937666,-0.0013684655366937666,0,4.87771247350006,4.877712281535301
34420.0,-0.0008549999999456738,4.894948206621969,4.963891139109602,-0.00019168381942605693,0.00019168381942605693,0,4.9294196728657855,4.929419669138726
34429.0,-0.02343700000012856,4.87771247350006,4.9294196728657855,-0.00525437856865332,0.00525437856865332,0,4.9035660731829225,4.903563257962587
34439.0,-0.06140200000009467,5.308605801547769,5.463727399644944,-0.013765812726508467,0.013765812726508467,0,5.386166600596356,5.386149005896177
34448.0,-0.03991699999974566,4.912183939743877,4.912183939743877,-0.008949056164289275,0.008949056164289275,0,4.912183939743877,4.912175788032962
34457.0,-0.02209400000008533,4.860476740378152,4.860476740378152,-0.004953289247584505,0.004953289247584505,0,4.860476740378152,4.860474216443096
34466.0,-0.0004890000000760637,4.912183939743877,4.9294196728657855,-0.00010962969323962314,0.00010962969323962314,0,4.920801806304832,4.920801805083617
34475.0,0.006836000000058464,4.912183939743877,4.826005274134335,0.0015325737891122696,-0.0015325737891122696,0,4.869094606939106,4.8690943657273005
34485.0,0.007568999999979749,5.429255933401127,5.429255933401127,0.0016969062331276367,-0.0016969062331276367,0,5.429255933401127,5.42925566821833
34494.0,0.02111799999989022,4.9294196728657855,4.860476740378152,0.004734478244298987,-0.004734478244298987,0,4.894948206621969,4.894945916875554
34503.0,0.008301000000126079,4.826005274134335,4.87771247350006,0.0018610144855917754,-0.0018610144855917754,0,4.851858873817198,4.8518585168949375
34512.0,0.0019529999999616152,4.9294196728657855,4.894948206621969,0.0004378461980766292,-0.0004378461980766292,0,4.912183939743877,4.912183920229985
34522.0,-0.015502999999850598,5.360313000913494,5.394784467157311,-0.003475642400844843,0.003475642400844843,0,5.377548734035402,5.377547610827506
34531.0,-0.0019530000001651707,4.826005274134335,4.87771247350006,-0.0004378461981222646,0.0004378461981222646,0,4.851858873817198,4.851858854060365
34540.0,-0.011108999999829814,4.8432410072562435,4.826005274134335,-0.002490544503048826,0.002490544503048826,0,4.834623140695289,4.834622499194369
34549.0,-0.011839999999997635,4.860476740378152,4.87771247350006,-0.0026544285639161004,0.0026544285639161004,0,4.869094606939106,4.869093883394784
34559.0,0.02331500000010417,5.377548734035402,5.429255933401127,0.005227027193242631,-0.005227027193242631,0,5.403402333718265,5.403399805457559
34568.0,-0.020996000000272946,4.826005274134335,4.894948206621969,-0.004707126868979568,0.004707126868979568,0,4.860476740378152,4.86047446095748
34577.0,-0.036010999999822435,4.8432410072562435,4.9294196728657855,-0.008073363768136017,0.008073363768136017,0,4.886330340061015,4.88632367001075
34586.0,-0.040283000000022384,4.791533807890519,4.894948206621969,-0.00903111029056698,0.00903111029056698,0,4.843241007256244,4.843232586238425
34596.0,-0.04760699999997484,5.412020200279219,5.429255933401127,-0.010673089581276373,0.010673089581276373,0,5.420638066840173,5.42062755933197
34605.0,-0.03137300000015998,4.808769541012427,4.860476740378152,-0.007033563119609891,0.007033563119609891,0,4.834623140695289,4.834618024231718
34614.0,-0.016844999999915317,4.894948206621969,4.894948206621969,-0.003776507530316795,0.003776507530316795,0,4.894948206621969,4.894946749813626
34623.0,-0.010864000000006082,4.860476740378152,4.894948206621969,-0.002435617560676218,0.002435617560676218,0,4.87771247350006,4.877711865396785
34633.0,-0.013061999999994984,5.394784467157311,5.394784467157311,-0.0029283907011710907,0.0029283907011710907,0,5.394784467157311,5.39478367236465
34642.0,-0.020507999999971833,4.860476740378152,4.894948206621969,-0.004597721367291173,0.004597721367291173,0,4.87771247350006,4.877710306573274
34651.0,-0.03601100000002599,4.808769541012427,4.87771247350006,-0.008073363768181652,0.008073363768181652,0,4.8432410072562435,4.84323427804655
34660.0,-0.013548999999910473,4.894948206621969,4.912183939743877,-0.00303757201117135,0.00303757201117135,0,4.9035660731829225,4.90356513235033
34670.0,-0.02441400000009862,5.343077267791585,5.394784467157311,-0.005473413763490067,0.005473413763490067,0,5.3689308674744485,5.368928077446945
34679.0,0.005003999999939172,4.912183939743877,4.894948206621969,0.0011218547748038305,-0.0011218547748038305,0,4.9035660731829225,4.903565944851628
34688.0,0.024170000000049843,4.912183939743877,4.8432410072562435,0.005418711012668688,-0.005418711012668688,0,4.87771247350006,4.8777094634960285
34697.0,0.05920399999990222,4.946655405987694,4.791533807890519,0.013273039585967959,-0.013273039585967959,0,4.869094606939107,4.869076511448642
34706.0,0.06738300000020746,4.9294196728657855,4.8432410072562435,0.01510670269619468,-0.01510670269619468,0,4.886330340061015,4.886306986279991
34716.0,0.0423589999999869,5.394784467157311,5.360313000913494,0.009496532055651163,-0.009496532055651163,0,5.377548734035402,5.37754034872445
34725.0,0.04760699999997484,4.963891139109602,4.826005274134335,0.010673089581276373,-0.010673089581276373,0,4.894948206621969,4.894936568394977
34734.0,0.04382299999987245,4.860476740378152,4.791533807890519,0.00982474856048817,-0.00982474856048817,0,4.826005274134335,4.825995273077178
34743.0,0.030518000000010752,4.894948206621969,4.860476740378152,0.0068418793001381985,-0.0068418793001381985,0,4.87771247350006,4.877707674956888
34753.0,0.02160600000019133,5.446491666523036,5.360313000913494,0.0048438837459873815,-0.0048438837459873815,0,5.403402333718265,5.403400162430035
34762.0,0.008912000000022976,4.8432410072562435,4.87771247350006,0.001997995554196453,-0.001997995554196453,0,4.860476740378152,4.860476329715151
34771.0,-0.007325000000134527,4.87771247350006,4.894948206621969,-0.0016422034823518929,0.0016422034823518929,0,4.886330340061015,4.886330064103369
34780.0,-0.04333499999997845,4.774298074768611,4.912183939743877,-0.009715343058891046,0.009715343058891046,0,4.843241007256244,4.84323126102069
34790.0,-0.07788099999993682,5.377548734035402,5.480963132766853,-0.01746026613059319,0.01746026613059319,0,5.429255933401127,5.429227855319585
34799.0,-0.05419899999998453,4.774298074768611,4.894948206621969,-0.012150960619567263,0.012150960619567263,0,4.83462314069529,4.834607868756752
34808.0,-0.04345700000000284,4.826005274134335,4.9294196728657855,-0.009742694434301735,0.009742694434301735,0,4.87771247350006,4.87770274245513
34817.0,-0.04138200000022039,4.826005274134335,4.9294196728657855,-0.009277496860860051,0.009277496860860051,0,4.87771247350006,4.877703649549469
34827.0,-0.018553999999828156,5.446491666523036,5.429255933401127,-0.004159650977572045,0.004159650977572045,0,5.437873799962082,5.437872209015624
34836.0,-0.0006110000001004523,4.9294196728657855,4.894948206621969,-0.0001369810686503129,0.0001369810686503129,0,4.912183939743877,4.912183937833928
34845.0,0.01855500000001022,4.87771247350006,4.894948206621969,0.004159875169214545,-0.004159875169214545,0,4.886330340061015,4.886328569345094
34854.0,0.02709999999998152,4.9294196728657855,4.8432410072562435,0.006075592405582064,-0.006075592405582064,0,4.886330340061015,4.88632656261983
34864.0,0.03332500000014309,5.412020200279219,5.325841534669677,0.007471185126089656,-0.007471185126089656,0,5.3689308674744485,5.368925668848961
34873.0,0.03662099999994438,4.981126872231511,4.8432410072562435,0.008210120645189466,-0.008210120645189466,0,4.912183939743877,4.9121770772952225
34882.0,0.05920399999990222,4.912183939743877,4.791533807890519,0.013273039585967959,-0.013273039585967959,0,4.851858873817198,4.851840715845848
34891.0,0.07543899999989914,4.963891139109602,4.808769541012427,0.01691279023927694,-0.01691279023927694,0,4.886330340061015,4.886301063286105
34900.0,0.05517600000015815,4.946655405987694,4.826005274134335,0.012369995814449645,-0.012369995814449645,0,4.886330340061015,4.886314680110154
34910.0,0.052491000000050206,5.429255933401127,5.394784467157311,0.011768041363908877,-0.011768041363908877,0,5.412020200279219,5.412007405822999
34919.0,0.021971999999857387,4.912183939743877,4.87771247350006,0.00492593787212818,-0.00492593787212818,0,4.894948206621969,4.894945728031255
34928.0,-0.021849999999832996,4.826005274134335,4.87771247350006,-0.00489858649671749,0.00489858649671749,0,4.851858873817198,4.851856400866799
34937.0,-0.03784199999996322,4.860476740378152,4.963891139109602,-0.008483858590847592,0.008483858590847592,0,4.912183939743877,4.912176612690128
34947.0,-0.0625000000001106,5.274134335303953,5.498198865888761,-0.014011975105159039,0.014011975105159039,0,5.386166600596357,5.386148366902423
34956.0,-0.07226600000010075,4.808769541012427,4.963891139109602,-0.016201430287184685,0.016201430287184685,0,4.886330340061015,4.886303474263129
34965.0,-0.06982399999985951,4.860476740378152,4.946655405987694,-0.015653954395822796,0.015653954395822796,0,4.9035660731829225,4.903541084905612
34974.0,-0.05334500000001737,4.860476740378152,4.946655405987694,-0.01195950099173807,0.01195950099173807,0,4.9035660731829225,4.903551487872082
34983.0,-0.024535999999919452,4.912183939743877,4.912183939743877,-0.005500765138855121,0.005500765138855121,0,4.912183939743877,4.912180859811507
34993.0,-0.0015870000002955605,5.360313000913494,5.343077267791585,-0.00035579207193583084,0.00035579207193583084,0,5.351695134352539,5.351695122525602
35002.0,0.013672000000116927,4.9294196728657855,4.87771247350006,0.0030651475782245393,-0.0030651475782245393,0,4.9035660731829225,4.9035651151670665
35011.0,0.028931000000122303,4.87771247350006,4.791533807890519,0.006486087228293638,-0.006486087228293638,0,4.83462314069529,4.834618789517178
35020.0,0.05847099999998093,4.963891139109602,4.808769541012427,0.013108707141952591,-0.013108707141952591,0,4.886330340061015,4.88631275216089
35030.0,0.08129899999996605,5.5154345990106695,5.308605801547769,0.018226553025149327,-0.018226553025149327,0,5.412020200279219,5.411989497719665
35039.0,0.07434100000008675,4.946655405987694,4.826005274134335,0.016666627860672002,-0.016666627860672002,0,4.886330340061015,4.886301912142418
35048.0,0.07580599999995082,4.981126872231511,4.808769541012427,0.016995068557105874,-0.016995068557105874,0,4.894948206621969,4.894918694635255
35057.0,0.06713799999997662,4.87771247350006,4.774298074768611,0.0150517757537308,-0.0150517757537308,0,4.826005274134335,4.825981799200393
35066.0,0.05957099999995389,4.998362605353419,4.860476740378152,0.013355317903796892,-0.013355317903796892,0,4.9294196728657855,4.929401577588703
35076.0,0.055542000000027764,5.394784467157311,5.377548734035402,0.01245204994063608,-0.01245204994063608,0,5.386166600596356,5.38615220693435
35085.0,0.032715000000021144,4.894948206621969,4.8432410072562435,0.007334428249036207,-0.007334428249036207,0,4.869094606939106,4.869089082784495
35094.0,0.019286999999952995,4.912183939743877,4.8432410072562435,0.004323983421633047,-0.004323983421633047,0,4.87771247350006,4.877710556847987
35103.0,0.020141000000123716,4.912183939743877,4.894948206621969,0.004515443049507875,-0.004515443049507875,0,4.9035660731829225,4.903563994157614
35112.0,0.025024999999995516,4.946655405987694,4.87771247350006,0.005610394832094745,-0.005610394832094745,0,4.912183939743877,4.912180735665007
35122.0,0.03613199999986831,5.446491666523036,5.343077267791585,0.008100490951949842,-0.008100490951949842,0,5.394784467157311,5.394778384998547
35131.0,0.07092300000005752,5.0155983384753275,4.791533807890519,0.015900340966115867,-0.015900340966115867,0,4.903566073182923,4.903540280639498
35140.0,0.11633299999981843,5.0155983384753275,4.705355142280977,0.026080881598448596,-0.026080881598448596,0,4.860476740378152,4.860406696719216
35149.0,0.19336000000019518,5.119012737206777,4.619176476671435,0.043349688101303865,-0.043349688101303865,0,4.869094606939106,4.868901137110083
35159.0,0.31994599999991924,5.8084420620831105,5.032834071597236,0.07172920619177837,-0.07172920619177837,0,5.420638066840173,5.420161107137798
35168.0,0.37841800000008224,5.29137006842586,4.481290611696169,0.08483813752537346,-0.08483813752537346,0,4.886330340061015,4.885588923563112
35177.0,0.46386699999981673,5.446491666523036,4.412347679208535,0.10399508569745179,-0.10399508569745179,0,4.9294196728657855,4.928310876505061
35186.0,0.5363770000001699,5.463727399644944,4.36064047984281,0.12025121873550348,-0.12025121873550348,0,4.912183939743877,4.910693973008686
35195.0,0.600829999999835,5.567141798376394,4.239990347989452,0.13470104003864788,-0.13470104003864788,0,4.9035660731829225,4.901682606946265
35204.0,0.6580809999999792,5.687791930229753,4.291697547355177,0.14753623342658484,-0.14753623342658484,0,4.989744738792465,4.9875216366196335
35213.0,0.7579350000001589,5.739499129595478,4.188283148623727,0.16992266162099434,-0.16992266162099434,0,4.963891139109602,4.960912933139888
35222.0,0.8432620000000726,5.929092193936469,4.119340216136093,0.18905225841770762,-0.18905225841770762,0,5.024216205036281,5.020544683102999
35231.0,0.9636229999998387,6.135920991399369,3.94698288491701,0.2160361837877202,-0.2160361837877202,0,5.04145193815819,5.0366025970756425
35240.0,1.0865470000000954,6.1876281907650945,3.9642186180389185,0.24359471223295406,-0.24359471223295406,0,5.0759234044020065,5.069797167383907
35249.0,1.1735839999999005,6.291042589496544,3.8608042193074685,0.2631076766685195,-0.2631076766685195,0,5.0759234044020065,5.068709007848528
35258.0,1.255982000000268,6.497871386959445,3.7229183543322018,0.2815806162640075,-0.2815806162640075,0,5.110394870645823,5.102047077910519
35267.0,1.4282219999998018,6.601285785690894,3.5677967562350266,0.3201953777376361,-0.3201953777376361,0,5.08454127096296,5.073524386355153
35275.0,1.4350590000000423,5.998035126424103,2.9990175632120515,0.32172817571839085,-0.32172817571839085,0,4.498526344818077,4.485666535836754
35284.0,1.7258299999997904,6.877057515641428,3.22308209379686,0.3869165919310542,-0.3869165919310542,0,5.0500698047191435,5.03315263493589
35293.0,1.8681640000002067,6.980471914372878,3.1024319619435015,0.41882667936497436,-0.41882667936497436,0,5.04145193815819,5.021241451485345
35302.0,1.984497000000025,6.997707647494787,2.9473103638463263,0.44490756096342293,-0.44490756096342293,0,4.972509005670556,4.9489501625635945
35311.0,2.0408939999999984,7.032179113738603,2.878367431358693,0.4575512947234851,-0.4575512947234851,0,4.955273272548648,4.930008313838898
35321.0,2.4095460000000903,7.945672969199745,2.981781830090143,0.5401999770668329,-0.5401999770668329,0,5.463727399644944,5.430697182857223
35330.0,2.3081049999998187,7.290715110567228,2.516417035798618,0.5174577568005332,-0.5174577568005332,0,4.9035660731829225,4.868632388036565
35339.0,2.45825200000006,7.411365242420587,2.3440597045795344,0.5511194532183568,-0.5511194532183568,0,4.87771247350006,4.836399388852773
35348.0,2.5389410000001074,7.411365242420587,2.257881038969993,0.5692092493664982,-0.5692092493664982,0,4.83462314069529,4.789492031613786
35358.0,2.911620999999944,8.32485909788173,2.3095882383357176,0.6527609754813644,-0.6527609754813644,0,5.317223668108723,5.260955119138892
35367.0,2.711180999999845,7.428600975542495,2.1027594408728176,0.6078240108401725,-0.6078240108401725,0,4.765680208207656,4.711958473651677
35377.0,3.016236000000196,8.30762336475982,2.119995173994726,0.6762147798913988,-0.6762147798913988,0,5.213809269377273,5.149988040105845
35386.0,2.800292999999839,7.463072441786312,1.878694910288009,0.6278021728492708,-0.6278021728492708,0,4.67088367603716,4.609322577135077
35396.0,3.1081539999999372,8.20420896602837,2.1544666402385424,0.6968220235347604,-0.6968220235347604,0,5.179337803133456,5.1123451399988316
35406.0,2.989868000000157,7.99738016856547,2.2061738396042676,0.6703032957382352,-0.6703032957382352,0,5.101777004084869,5.040164590165638
35415.0,2.575806000000101,7.083886313104328,2.188938106482359,0.5774740727625091,-0.5774740727625091,0,4.636412209793344,4.588494540904659
35425.0,2.6523439999997906,7.756079904858753,2.7749530326272427,0.5946332495719878,-0.5946332495719878,0,5.265516468742998,5.223370645413865
35434.0,2.2061760000002635,6.877057515641428,2.6025957014081595,0.4946061310327733,-0.4946061310327733,0,4.739826608524794,4.708086598158178
35444.0,2.2857669999996846,7.4458367086644035,3.033489029455868,0.5124497648021273,-0.5124497648021273,0,5.239662869060136,5.209687226508279
35453.0,1.978149000000064,6.584050052568986,2.878367431358693,0.44348439267595346,-0.44348439267595346,0,4.731208741963839,4.7069818563917405
35463.0,2.0953370000000318,7.37689377617677,3.2747892931625846,0.46975695809387374,-0.46975695809387374,0,5.325841534669677,5.301795088693966
35472.0,1.7962650000001574,6.601285785690894,3.0679604956996847,0.4027075273956186,-0.4027075273956186,0,4.83462314069529,4.815451772637603
35481.0,1.716307999999849,6.549578586325169,3.22308209379686,0.38478183949984995,-0.38478183949984995,0,4.886330340061015,4.869330726051323
35491.0,1.8511970000000633,7.204536444957687,3.653975421844568,0.41502282045920125,-0.41502282045920125,0,5.429255933401127,5.411621957253573
35500.0,1.5908199999999373,6.377221255106086,3.42991089125976,0.35664848378798036,-0.35664848378798036,0,4.9035660731829225,4.889394583278085
35509.0,1.5000000000000084,6.325514055740361,3.5333252899912098,0.33628740252322364,-0.33628740252322364,0,4.9294196728657855,4.917011899604504
35518.0,1.3922119999999578,6.1876281907650945,3.6367396887226597,0.31212223816109697,-0.31212223816109697,0,4.912183939743877,4.901595162134112
35527.0,1.2664790000002224,6.049742325789827,3.8263327530636517,0.2839339555068548,-0.2839339555068548,0,4.938037539426739,4.929465855323407
35536.0,1.1419679999998738,6.032506592667919,3.8780399524293765,0.2560196349897307,-0.2560196349897307,0,4.955273272548648,4.948348866889615
35545.0,1.0196539999999426,5.8946207276926526,3.998690084282735,0.22859786342159588,-0.22859786342159588,0,4.946655405987694,4.9411824582386625
35555.0,1.0310050000000677,6.428928454471811,4.46405487857426,0.231142662292318,-0.231142662292318,0,5.446491666523036,5.441430020128983
35564.0,0.8477789999998927,5.722263396473569,4.15381168237991,0.19006493188246557,-0.19006493188246557,0,4.938037539426739,4.934289812423515
35573.0,0.7933350000000845,5.705027663351661,4.205518881745635,0.17785904432052568,-0.17785904432052568,0,4.955273272548649,4.952010079025083
35582.0,0.7480469999999408,5.601613264620211,4.239990347989452,0.16770585506351238,-0.16770585506351238,0,4.920801806304832,4.917891030279187
35591.0,0.6949460000001758,5.584377531498302,4.239990347989452,0.15580105682264134,-0.15580105682264134,0,4.912183939743877,4.909668079134072
35600.0,0.6437989999999438,5.5154345990106695,4.343404746720902,0.14433432897135248,-0.14433432897135248,0,4.9294196728657855,4.927277790205243
35609.0,0.5952149999999988,5.446491666523036,4.326169013598993,0.1334422041952394,-0.1334422041952394,0,4.886330340061015,4.884485070786129
35619.0,0.6152339999998947,6.049742325789827,4.860476740378152,0.13793029586929093,-0.13793029586929093,0,5.45510953308399,5.453345704951849
35628.0,0.5349120000001022,5.325841534669677,4.343404746720902,0.11992277803902399,-0.11992277803902399,0,4.834623140695289,4.833121013997642
35637.0,0.5219729999999065,5.394784467157311,4.412347679208535,0.11702196290481481,-0.11702196290481481,0,4.9035660731829225,4.902156206518709
35646.0,0.49658200000004143,5.360313000913494,4.429583412330444,0.11132951394653363,-0.11132951394653363,0,4.894948206621969,4.8936711518763
35655.0,0.4628899999998467,5.325841534669677,4.446819145452352,0.10377605050261504,-0.10377605050261504,0,4.886330340061015,4.885219743091005
35665.0,0.48950200000013777,5.8946207276926526,4.963891139109602,0.10974223740664561,-0.10974223740664561,0,5.429255933401127,5.428138962605328
35674.0,0.4072269999999766,5.274134335303953,4.5502335441838015,0.09129687337821077,-0.09129687337821077,0,4.912183939743877,4.911331122486619
35683.0,0.39025900000005836,5.2224271359382275,4.498526344818077,0.08749279028088643,-0.08749279028088643,0,4.860476740378152,4.859685073878358
35692.0,0.3684080000000433,5.239662869060136,4.515762077939986,0.08259397959252643,-0.08259397959252643,0,4.877712473500061,4.877009477890624
35702.0,0.38110299999998665,5.722263396473569,5.032834071597236,0.08544009197586859,-0.08544009197586859,0,5.377548734035402,5.376867316350441
35711.0,0.3020019999998059,5.170719936572502,4.56746927730571,0.06770631209116851,-0.06770631209116851,0,4.869094606939106,4.868622124476749
35720.0,0.2852790000001186,5.101777004084869,4.601940743549527,0.06395715593630803,-0.06395715593630803,0,4.851858873817198,4.851436266893426
35729.0,0.25988700000007137,5.08454127096296,4.584705010427618,0.05826448278638435,-0.05826448278638435,0,4.834623140695289,4.834271151519471
35739.0,0.27514700000005526,5.670556197107844,5.08454127096296,0.06168564662805032,-0.06168564662805032,0,5.377548734035402,5.377193919281266
35748.0,0.23559599999997563,4.998362605353419,4.653647942915252,0.05281864458990184,-0.05281864458990184,0,4.826005274134335,4.825715891974276
35757.0,0.22387600000004537,5.0500698047191435,4.653647942915252,0.0501911190182027,-0.0501911190182027,0,4.851858873817198,4.851598854347255
35767.0,0.22033699999997025,5.584377531498302,5.1362484703286855,0.04939770493983274,-0.04939770493983274,0,5.360313000913494,5.3600850060837395
35776.0,0.17895499999974987,4.981126872231511,4.688119409159069,0.04012020807897269,-0.04012020807897269,0,4.83462314069529,4.834456527197239
35785.0,0.16919000000014534,5.067305537841052,4.688119409159069,0.03793097708863518,-0.03793097708863518,0,4.87771247350006,4.8775647741245365
35794.0,0.14416499999994628,4.9294196728657855,4.739826608524794,0.0323205822564948,-0.0323205822564948,0,4.83462314069529,4.834515067460882
35804.0,0.14501899999991344,5.584377531498302,5.205191402816319,0.032512041884323994,-0.032512041884323994,0,5.394784467157311,5.394686380662198
35813.0,0.13061600000023935,4.963891139109602,4.774298074768611,0.029283010245369084,-0.029283010245369084,0,4.869094606939107,4.869006521104298
35822.0,0.1289059999999409,4.981126872231511,4.757062341646702,0.0288996426064257,-0.0288996426064257,0,4.869094606939107,4.869008799446795
35831.0,0.12353499999995005,4.981126872231511,4.739826608524794,0.027695509513792935,-0.027695509513792935,0,4.860476740378152,4.860397787689209
35841.0,0.10852100000017552,5.463727399644944,5.256898602182044,0.024329496806187716,-0.024329496806187716,0,5.360313000913495,5.360257767604558
35850.0,0.09765599999978382,4.998362605353419,4.774298074768611,0.021893655053823364,-0.021893655053823364,0,4.886330340061015,4.886281266731368
35859.0,0.10498000000014339,4.9294196728657855,4.722590875402886,0.023535634344624027,-0.023535634344624027,0,4.826005274134335,4.825947859086549
35868.0,0.10253899999988067,4.963891139109602,4.739826608524794,0.022988382644859005,-0.022988382644859005,0,4.851858873817198,4.851804385554097
35878.0,0.11023000000008835,5.498198865888761,5.274134335303953,0.024712640253442966,-0.024712640253442966,0,5.386166600596357,5.386109884076021
35887.0,0.10131799999986182,4.894948206621969,4.757062341646702,0.022714644699200877,-0.022714644699200877,0,4.826005274134335,4.825951808401285
35896.0,0.09936600000008228,4.963891139109602,4.774298074768611,0.022277022692766747,-0.022277022692766747,0,4.869094606939107,4.869043627635056
35906.0,0.11242600000012024,5.463727399644944,5.239662869060136,0.02520496501074411,-0.02520496501074411,0,5.35169513435254,5.351635755204898
35915.0,0.08898999999997019,4.998362605353419,4.791533807890519,0.019950810633687654,-0.019950810633687654,0,4.894948206621969,4.894907531256882
35924.0,0.09838799999993014,4.9294196728657855,4.739826608524794,0.0220577633062875,-0.0220577633062875,0,4.83462314069529,4.834572803323873
35933.0,0.09558100000000137,4.963891139109602,4.791533807890519,0.02142845748038168,-0.02142845748038168,0,4.877712473500061,4.877665390414259
35943.0,0.0957029999998222,5.480963132766853,5.308605801547769,0.021455808855746734,-0.021455808855746734,0,5.394784467157311,5.394741790404355
35952.0,0.08520500000009285,4.9294196728657855,4.774298074768611,0.01910224542134822,-0.01910224542134822,0,4.851858873817198,4.851821260933933
35961.0,0.07873600000008606,4.9294196728657855,4.826005274134335,0.017651949950064885,-0.017651949950064885,0,4.87771247350006,4.8776805299101955
35970.0,0.07031199999995708,4.912183939743877,4.739826608524794,0.015763359897465554,-0.015763359897465554,0,4.826005274134335,4.825979521905511
35980.0,0.06665100000006113,5.498198865888761,5.360313000913494,0.01494259444373054,-0.01494259444373054,0,5.429255933401127,5.429235367427487
35989.0,0.06274399999995584,4.894948206621969,4.808769541012427,0.014066677855934783,-0.014066677855934783,0,4.851858873817198,4.851838481036738
35998.0,0.05651800000001932,4.894948206621969,4.774298074768611,0.01267086094387596,-0.01267086094387596,0,4.83462314069529,4.834606533931422
36008.0,0.06433100000004784,5.480963132766853,5.29137006842586,0.014422469927824979,-0.014422469927824979,0,5.386166600596356,5.386147285284928
36017.0,0.04626499999991013,4.8432410072562435,4.826005274134335,0.010372224451804421,-0.010372224451804421,0,4.834623140695289,4.834612014387469
36026.0,0.051392000000055754,4.912183939743877,4.791533807890519,0.011521654793661441,-0.011521654793661441,0,4.851858873817198,4.851845191587836
36035.0,0.05309999999999008,4.860476740378152,4.791533807890519,0.011904574049319827,-0.011904574049319827,0,4.826005274134335,4.825990590616684
36045.0,0.046021000000064906,5.463727399644944,5.360313000913494,0.010317521701028677,-0.010317521701028677,0,5.412020200279219,5.412010364702326
36054.0,0.03698700000001754,4.894948206621969,4.791533807890519,0.008292174771421535,-0.008292174771421535,0,4.843241007256244,4.843233907893517
36063.0,0.0358890000000016,4.894948206621969,4.826005274134335,0.008046012392770963,-0.008046012392770963,0,4.860476740378152,4.860470080389611
36073.0,0.03515599999987676,5.429255933401127,5.343077267791585,0.00788167994870996,-0.00788167994870996,0,5.386166600596356,5.3861608335305
36082.0,0.028930999999918747,4.87771247350006,4.8432410072562435,0.006486087228248003,-0.006486087228248003,0,4.860476740378152,4.86047241263392
36091.0,0.0327150000002247,4.894948206621969,4.87771247350006,0.007334428249081842,-0.007334428249081842,0,4.886330340061015,4.8863248355299636
36100.0,0.023680999999770223,4.826005274134335,4.808769541012427,0.00530908131938343,-0.00530908131938343,0,4.817387407573381,4.817384482086328
36109.0,0.015381000000233321,4.9294196728657855,4.87771247350006,0.0034482910255254243,-0.0034482910255254243,0,4.9035660731829225,4.9035648606942
36119.0,0.011840999999976145,5.377548734035402,5.360313000913494,0.0026546527555129642,-0.0026546527555129642,0,5.3689308674744485,5.368930211180086
36128.0,0.009642999999783687,4.8432410072562435,4.8432410072562435,0.002161879614972456,-0.002161879614972456,0,4.8432410072562435,4.843240524756739
36137.0,0.004273000000178461,4.8432410072562435,4.808769541012427,0.0009579707140278271,-0.0009579707140278271,0,4.826005274134335,4.826005179053672
36147.0,-0.0010990000001980065,5.377548734035402,5.377548734035402,-0.00024638657029307185,0.00024638657029307185,0,5.377548734035402,5.377548728390977
36156.0,0.0065920000002132415,4.8432410072562435,4.826005274134335,0.0014778710383365255,-0.0014778710383365255,0,4.834623140695289,4.834622914813196
36165.0,0.005370999999990847,4.774298074768611,4.808769541012427,0.001204133092632764,-0.001204133092632764,0,4.791533807890518,4.791533656586651
36175.0,0.0026859999998829005,5.446491666523036,5.394784467157311,0.0006021786420919964,-0.0006021786420919964,0,5.420638066840173,5.420638033391402
36184.0,0.015991000000151707,4.808769541012427,4.826005274134335,0.003585047902533238,-0.003585047902533238,0,4.817387407573381,4.817386073592618
36193.0,0.0029299999999316774,4.894948206621969,4.808769541012427,0.0006568813929133759,-0.0006568813929133759,0,4.851858873817198,4.851858829346902
36203.0,0.00976500000001163,5.377548734035402,5.377548734035402,0.0021892309904287814,-0.0021892309904287814,0,5.377548734035402,5.3775482884112
36212.0,0.009033000000068856,4.826005274134335,4.8432410072562435,0.002025122738010278,-0.002025122738010278,0,4.834623140695289,4.834622716553172
36221.0,-0.011596000000152413,4.860476740378152,4.860476740378152,-0.002599725813140356,0.002599725813140356,0,4.860476740378152,4.860476045119928
36230.0,-0.007691000000004137,4.774298074768611,4.860476740378152,-0.0017242576085383266,0.0017242576085383266,0,4.817387407573381,4.817387098972303
36240.0,-0.013183000000040863,5.429255933401127,5.412020200279219,-0.002955517884984916,0.002955517884984916,0,5.420638066840173,5.420637261113431
36249.0,0.0019529999999616152,4.791533807890519,4.860476740378152,0.0004378461980766292,-0.0004378461980766292,0,4.826005274134335,4.826005254271212
36258.0,-0.02648899999988107,4.791533807890519,4.912183939743877,-0.005938611336931751,0.005938611336931751,0,4.851858873817198,4.851855238868344
36268.0,-0.13623099999987187,5.29137006842586,5.308605801547769,-0.030541846088731957,0.030541846088731957,0,5.299987934986815,5.29989993633397
36277.0,0.04248099999980773,5.032834071597236,4.722590875402886,0.009523883431016218,-0.009523883431016218,0,4.877712473500061,4.877703166276219
36286.0,0.2534180000000646,5.239662869060136,4.532997811061894,0.05681418731510102,-0.05681418731510102,0,4.886330340061015,4.885998344422387
36295.0,0.42065400000006625,5.308605801547769,4.377876212964718,0.09430709401401707,-0.09430709401401707,0,4.8432410072562435,4.842314558110876
36305.0,0.6112059999999471,6.084213792033644,4.791533807890519,0.13702725209772698,-0.13702725209772698,0,5.437873799962082,5.4361235008770645
36314.0,0.6428219999999737,5.618848997742119,4.2572260811113605,0.14411529377651575,-0.14411529377651575,0,4.938037539426739,4.935895310505931
36323.0,0.7205809999998861,5.636084730864027,4.1710474155018185,0.16154820853169824,-0.16154820853169824,0,4.9035660731829225,4.90084669678207
36332.0,0.7714850000000479,5.825677795205019,4.15381168237991,0.17296045782376257,-0.17296045782376257,0,4.9897447387924645,4.986663680787335
36341.0,0.8426510000001757,5.791206328961202,4.067633016770368,0.18891527734910296,-0.18891527734910296,0,4.9294196728657855,4.925690315881349
36350.0,0.9324949999999095,5.963563660180286,4.033161550526552,0.20905754761057416,-0.20905754761057416,0,4.998362605353419,4.993828462345126
36359.0,1.0551759999998924,6.153156724521278,3.895275685551285,0.2365615974965379,-0.2365615974965379,0,5.024216205036281,5.018363321412288
36368.0,1.173950000000177,6.273806856374636,3.8090970199417433,0.2631897307947972,-0.2631897307947972,0,5.04145193815819,5.034165273962536
36377.0,1.3079829999998565,6.377221255106086,3.6712111549664765,0.2932388037429886,-0.2932388037429886,0,5.024216205036281,5.01502284091204
36386.0,1.4250490000000033,6.532342853203261,3.6195039556007518,0.31948401778554386,-0.31948401778554386,0,5.0759234044020065,5.065014993085407
36395.0,1.5343019999999181,6.635757251934711,3.5333252899912098,0.34397762284410444,-0.34397762284410444,0,5.08454127096296,5.071779825447317
36403.0,1.4539790000001471,5.963563660180286,2.9473103638463263,0.3259698808222406,-0.3259698808222406,0,4.455437012013306,4.442061428179484
36412.0,1.7713629999999614,6.773643116909978,3.2403178269187682,0.3971247081304858,-0.3971247081304858,0,5.006980471914373,4.989142525387386
36422.0,2.0800780000000265,7.600958306761578,3.447146624381668,0.4663360184438046,-0.4663360184438046,0,5.524052465571623,5.501361444799885
36431.0,1.9705809999998594,7.118357779348145,2.8611316982367847,0.44178771063437705,-0.44178771063437705,0,4.9897447387924645,4.966154693429586
36440.0,2.0964360000000264,7.014943380616694,2.8438959651148763,0.47000334466412114,-0.47000334466412114,0,4.9294196728657855,4.902543383782527
36449.0,2.2043450000001226,7.083886313104328,2.6543029007738843,0.4941956362100617,-0.4941956362100617,0,4.869094606939106,4.838084896819944
36458.0,2.265502999999965,7.083886313104328,2.6543029007738843,0.5079067461857032,-0.5079067461857032,0,4.869094606939106,4.836375718598852
36467.0,2.3056640000001667,7.118357779348145,2.5508885020424343,0.5169105051009051,-0.5169105051009051,0,4.83462314069529,4.799869249824335
36477.0,2.6517339999996685,8.083558834175012,2.6370671676519764,0.5944964926949343,-0.5944964926949343,0,5.360313000913494,5.317146482493311
36486.0,2.466919000000259,7.204536444957687,2.378531170823351,0.5530625218301806,-0.5530625218301806,0,4.791533807890519,4.750064102679802
36496.0,2.751463999999867,8.100794567296921,2.516417035798618,0.6168551211307395,-0.6168551211307395,0,5.3086058015477695,5.260733469748079
36505.0,2.5429690000000553,7.2390079112015036,2.223409572726176,0.5701122931380622,-0.5701122931380622,0,4.73120874196384,4.685198430408481
36515.0,2.913940999999957,8.221444699150279,2.3095882383357176,0.6532810999972699,-0.6532810999972699,0,5.265516468742998,5.209003218522148
36524.0,2.7357169999999678,7.463072441786312,2.0510522415070924,0.6133247759790732,-0.6133247759790732,0,4.757062341646702,4.701536716224878
36534.0,3.1069340000001007,8.342094831003637,2.1027594408728176,0.6965485097807449,-0.6965485097807449,0,5.2224271359382275,5.154629965511451
36543.0,2.817260999999961,7.4458367086644035,1.9476378427756424,0.6316062559466408,-0.6316062559466408,0,4.696737275720023,4.635923092642644
36553.0,3.172972999999879,8.359330564125546,2.068287974629001,0.7113538989641826,-0.7113538989641826,0,5.213809269377274,5.142534337563453
36562.0,2.866089000000158,7.58372257363967,1.775280511556559,0.642553083473621,-0.642553083473621,0,4.679501542598114,4.61297464316447
36572.0,3.1987309999999995,8.393802030369361,1.878694910288009,0.7171286262403384,-0.7171286262403384,0,5.1362484703286855,5.05925273123267
36582.0,3.286743000000021,8.445509229735087,1.8097519778003759,0.7368601774875924,-0.7368601774875924,0,5.127630603767732,5.044844182451271
36592.0,3.3387449999997916,8.497216429100812,1.7580447784346507,0.748518589158216,-0.748518589158216,0,5.127630603767731,5.040987129902556
36601.0,3.1138920000001833,7.773315637980661,1.3788586497526674,0.6981084349452678,-0.6981084349452678,0,4.576087143866665,4.486165921811087
36611.0,3.536865000000081,8.583395094710355,1.4822730484841173,0.792935429283548,-0.792935429283548,0,5.032834071597236,4.927007045648646
36621.0,3.5620120000001005,8.566159361588445,1.4478015822403005,0.7985731754910533,-0.7985731754910533,0,5.006980471914373,4.898459523794936
36631.0,3.561156999999748,8.514452162222721,1.3960943828745755,0.798381491671536,-0.798381491671536,0,4.955273272548649,4.844592969616596
36641.0,3.541504000000129,8.583395094710355,1.3788586497526674,0.7939754541237622,-0.7939754541237622,0,4.981126872231511,4.870912203881328
36651.0,3.602538999999968,8.652338027197986,1.2926799841431256,0.807658988532396,-0.807658988532396,0,4.972509005670556,4.855589320018737
36662.0,4.0111079999998065,9.531360416415312,1.361622916630759,0.8992567270400332,-0.8992567270400332,0,5.446491666523036,5.312709486076695
36672.0,3.714111000000121,8.73851669280753,1.0858511866802254,0.8326724939153111,-0.8326724939153111,0,4.912183939743877,4.780390020403891
36682.0,3.8295899999999725,8.73851669280753,0.9824367879487754,0.8585619158859304,-0.8585619158859304,0,4.860476740378152,4.718200450065854
36692.0,3.930420000000144,8.910874024026612,0.8445509229735088,0.8811671550835798,-0.8811671550835798,0,4.87771247350006,4.726004071625748
36702.0,3.9760739999999535,8.910874024026612,0.861786656095417,0.8914023984667339,-0.8914023984667339,0,4.886330340061014,4.732807937358595
36713.0,4.386718999999959,9.703717747634396,0.9824367879487754,0.9834655587395008,-0.9834655587395008,0,5.343077267791585,5.174292852621439
36723.0,3.8964850000000824,8.755752425929437,0.9652010548268671,0.8735592130804823,-0.8735592130804823,0,4.860476740378152,4.7140623741562635
36733.0,3.8376460000000714,8.704045226563712,1.0341439873145004,0.8603680034291039,-0.8603680034291039,0,4.869094606939107,4.728409730087109
36744.0,4.259521999999931,9.703717747634396,1.0513797204364088,0.9549490595803304,-0.9549490595803304,0,5.377548734035402,5.2176695428038995
36754.0,3.9215079999999176,8.704045226563712,0.9652010548268671,0.8791691595293377,-0.8791691595293377,0,4.83462314069529,4.686770518637171
36764.0,3.888061999999932,8.61786656095417,0.9996725210706837,0.8716708472194798,-0.8716708472194798,0,4.808769541012427,4.663792067611691
36775.0,4.183838000000005,9.479653217049588,1.2237370516554922,0.9379813423986352,-0.9379813423986352,0,5.35169513435254,5.202417384426724
36785.0,3.675903000000085,8.41103776349127,1.3443871835088506,0.8241065811982313,-0.8241065811982313,0,4.87771247350006,4.7585656591753915
36795.0,3.471557999999838,8.30762336475982,1.5339802478498423,0.7782941483524375,-0.7782941483524375,0,4.920801806304831,4.819691133598748
36805.0,3.3391110000000683,8.049087367931195,1.7580447784346507,0.7486006432844937,-0.7486006432844937,0,4.9035660731829225,4.816004216783515
36815.0,3.1613770000001336,7.79055137110257,2.1372309071166344,0.7087541731511335,-0.7087541731511335,0,4.963891139109602,4.893552110539897
36825.0,2.7982179999998533,7.549251107395853,2.4474741033109844,0.6273369752757835,-0.6273369752757835,0,4.998362605353419,4.947075413015024
36835.0,2.482055000000058,7.37689377617677,2.826660231992968,0.5564558859131965,-0.5564558859131965,0,5.101777004084869,5.064713055440583
36845.0,2.1987310000000617,7.135593512470053,3.11966769506541,0.49293702455820443,-0.49293702455820443,0,5.127630603767732,5.10003277260222
36854.0,1.804443000000077,6.411692721349903,2.9645460969682347,0.4045409663141572,-0.4045409663141572,0,4.688119409159069,4.668146263279856
36864.0,1.8487550000000257,6.842586049397611,3.550561023113118,0.414475344567885,-0.414475344567885,0,5.1965735362553644,5.178340535834064
36874.0,1.6801759999997772,6.75640738378807,3.7746255536979265,0.37668134854785446,-0.37668134854785446,0,5.265516468742998,5.250950586467669
36883.0,1.3488770000001828,6.032506592667919,3.481618090625485,0.30240689510225155,-0.30240689510225155,0,4.7570623416467015,4.7467498864974145
36892.0,1.212524000000083,5.929092193936469,3.74015408745411,0.27183769763806326,-0.27183769763806326,0,4.83462314069529,4.826592365308713
36902.0,1.2187500000000195,6.411692721349903,4.222754614867544,0.27323351455012207,-0.27323351455012207,0,5.317223668108723,5.309910607528268
36911.0,0.9893799999999805,5.722263396473569,3.9642186180389185,0.22181068687227906,-0.22181068687227906,0,4.843241007256244,4.83799844078746
36920.0,0.8880619999999151,5.653320463985936,3.998690084282735,0.19909604217303253,-0.19909604217303253,0,4.826005274134335,4.821780319445172
36930.0,0.8912349999997135,6.204863923887003,4.532997811061894,0.1998074021251248,-0.1998074021251248,0,5.3689308674744485,5.365124985331054
36939.0,0.7299800000002318,5.549906065254485,4.188283148623727,0.16365538539598623,-0.16365538539598623,0,4.869094606939106,4.866292064664869
36948.0,0.6898200000000086,5.5154345990106695,4.222754614867544,0.15465185067238119,-0.15465185067238119,0,4.869094606939107,4.8665965945346255
36957.0,0.6405030000001425,5.412020200279219,4.239990347989452,0.1435953934522527,-0.1435953934522527,0,4.826005274134335,4.823838545729108
36967.0,0.6558839999999687,6.049742325789827,4.774298074768611,0.14704368447768684,-0.14704368447768684,0,5.412020200279219,5.40999569788497
36976.0,0.5801999999998387,5.394784467157311,4.326169013598993,0.13007596729594603,-0.13007596729594603,0,4.860476740378152,4.858715908773926
36985.0,0.5472409999999723,5.308605801547769,4.377876212964718,0.12268683629613407,-0.12268683629613407,0,4.8432410072562435,4.841673392601001
36994.0,0.5166010000001408,5.377548734035402,4.395111946086627,0.11581760562063081,-0.11581760562063081,0,4.886330340061015,4.884944365227991
37004.0,0.5323490000000186,5.8946207276926526,4.894948206621969,0.1193481749638939,-0.1193481749638939,0,5.394784467157311,5.393453383423104
37013.0,0.4365239999999685,5.239662869060136,4.481290611696169,0.09786501473269084,-0.09786501473269084,0,4.860476740378152,4.859485768649243
37022.0,0.40893499999991095,5.256898602182044,4.481290611696169,0.09167979263386916,-0.09167979263386916,0,4.869094606939107,4.868226219382424
37031.0,0.3841549999999427,5.205191402816319,4.429583412330444,0.08612432474419265,-0.08612432474419265,0,4.817387407573381,4.816612720788452
37041.0,0.42224200000013673,5.842913528326927,5.032834071597236,0.09466311027750413,-0.09466311027750413,0,5.437873799962082,5.437045443739725
37050.0,0.3609609999998844,5.205191402816319,4.5502335441838015,0.08092442473476386,-0.08092442473476386,0,4.87771247350006,4.877038281846963
37059.0,0.3503420000001092,5.205191402816319,4.515762077939986,0.07854373411655151,-0.07854373411655151,0,4.860476740378152,4.859839039519188
37068.0,0.3543700000000568,5.274134335303953,4.46405487857426,0.07944677788811547,-0.07944677788811547,0,4.869094606939107,4.868442077155748
37078.0,0.4086919999998407,5.722263396473569,5.067305537841052,0.09162531407464464,-0.09162531407464464,0,5.394784467157311,5.394003676814096
37087.0,0.3370360000000654,5.153484203450594,4.619176476671435,0.07556064066455905,-0.07556064066455905,0,4.886330340061015,4.885744472384271
37096.0,0.20544399999983448,4.963891139109602,4.67088367603716,0.046058819415950074,-0.046058819415950074,0,4.817387407573381,4.817167035798517
37106.0,0.14477600000004673,5.412020200279219,5.274134335303953,0.032457563325145114,-0.032457563325145114,0,5.343077267791585,5.342978669211801
37115.0,0.02917400000019257,4.826005274134335,4.894948206621969,0.006540565787518154,-0.006540565787518154,0,4.860476740378152,4.860472339462682
37124.0,-0.05651800000022287,4.739826608524794,4.9294196728657855,-0.012670860943921596,0.012670860943921596,0,4.83462314069529,4.834606530130862
37133.0,-0.11535699999982688,4.774298074768611,4.963891139109602,-0.025862070595208713,0.025862070595208713,0,4.869094606939107,4.869025899491071
37143.0,-0.17687900000019247,5.119012737206777,5.618848997742119,-0.03965478631397978,0.03965478631397978,0,5.3689308674744485,5.368784110918497
37152.0,-0.21215899999984708,4.653647942915252,5.1362484703286855,-0.04756426602124852,0.04756426602124852,0,4.894948206621969,4.894716569038529
37161.0,-0.2932129999999894,4.446819145452352,5.170719936572502,-0.06573589210402524,0.06573589210402524,0,4.808769541012428,4.808317741242896
37170.0,-0.3836659999998666,4.498526344818077,5.274134335303953,-0.08601469505095304,0.08601469505095304,0,4.886330340061015,4.885568660063906
37180.0,-0.50537200000004,4.826005274134335,5.8946207276926526,-0.11330015812531939,0.11330015812531939,0,5.360313000913494,5.359104005424467
37189.0,-0.5135490000001847,4.36064047984281,5.394784467157311,-0.11513337285230675,0.11513337285230675,0,4.87771247350006,4.87633883501344
37198.0,-0.5832519999999983,4.274461814233269,5.480963132766853,-0.1307602000643157,0.1307602000643157,0,4.877712473500061,4.875933593535273
37207.0,-0.6510010000000754,4.2572260811113605,5.601613264620211,-0.14594895688669685,0.14594895688669685,0,4.9294196728657855,4.927219711196564
37216.0,-0.7226570000000542,4.1710474155018185,5.670556197107844,-0.16201363029682808,0.16201363029682808,0,4.920801806304832,4.918073817319964
37226.0,-0.8874509999998147,4.653647942915252,6.3944569882279945,-0.19895906110438225,0.19895906110438225,0,5.524052465571623,5.520382339299175
37235.0,-0.8875729999998391,4.067633016770368,5.860149261448836,-0.19898641247979293,0.19898641247979293,0,4.963891139109602,4.959774191897621
37244.0,-0.9279790000000678,4.084868749892276,5.963563660180286,-0.20804509833741308,0.20804509833741308,0,5.024216205036281,5.0197595656583385
37253.0,-1.0157470000002442,3.9642186180389185,5.980799393302195,-0.22772194683389138,0.22772194683389138,0,4.972509005670556,4.967081439739813
37262.0,-1.0654290000000015,3.9297471517951017,6.153156724521278,-0.23886023398860945,0.23886023398860945,0,5.04145193815819,5.035516857909087
37270.0,-1.035400999999842,3.447146624381668,5.5154345990106695,-0.2321282085732621,0.2321282085732621,0,4.481290611696169,4.474956861826602
37279.0,-1.202147999999971,3.8608042193074685,6.256571123252728,-0.2695114855789842,0.2695114855789842,0,5.058687671280098,5.051102965983687
37288.0,-1.2623290000000469,3.8090970199417433,6.325514055740361,-0.2830035603598345,0.2830035603598345,0,5.067305537841052,5.058909987269732
37297.0,-1.3155520000000398,3.688446888088385,6.3944569882279945,-0.29493570997616186,0.29493570997616186,0,5.04145193815819,5.032188685795883
37306.0,-1.4094239999999247,3.653975421844568,6.497871386959445,-0.31598102400924266,0.31598102400924266,0,5.0759234044020065,5.065295677362167
37315.0,-1.5275880000000877,3.42991089125976,6.65299298505662,-0.34247240043044846,0.34247240043044846,0,5.04145193815819,5.028567896548942
37324.0,-1.6495359999999455,3.4988538237473934,6.670228718178528,-0.36981211787235124,0.36981211787235124,0,5.08454127096296,5.069736535342969
37333.0,-1.7159419999999794,3.5160895568693014,6.790878850031886,-0.3846997853736635,0.3846997853736635,0,5.153484203450594,5.13761993933114
37341.0,-1.5195310000000102,3.0162532963339594,6.015270859546011,-0.3406660886956781,0.3406660886956781,0,4.515762077939986,4.501422425101837
37350.0,-1.695434999999986,3.395439425015943,6.75640738378807,-0.3801022881979692,0.3801022881979692,0,5.0759234044020065,5.060051422728398
37359.0,-1.7580570000001212,3.3092607594064014,6.842586049397611,-0.3941416146785389,0.3941416146785389,0,5.0759234044020065,5.058649301316861
37368.0,-1.811400999999753,3.3092607594064014,6.911528981885245,-0.40610089147858885,0.40610089147858885,0,5.110394870645823,5.092125105509865
37377.0,-1.8535160000003017,3.3092607594064014,6.842586049397611,-0.4155427207835556,0.4155427207835556,0,5.0759234044020065,5.056739316379827
37386.0,-1.8597409999998527,3.2403178269187682,6.877057515641428,-0.41693831350392624,0.41693831350392624,0,5.058687671280098,5.039137766538666
37395.0,-1.8469239999998848,3.2575535600406766,6.790878850031886,-0.4140648497451734,0.4140648497451734,0,5.024216205036281,5.004921452900036
37403.0,-1.6744380000001418,2.878367431358693,6.1014495251555525,-0.37539493713748406,0.37539493713748406,0,4.489908478257123,4.472064991072033
37412.0,-1.8835449999998293,3.188610627553043,6.85982178251952,-0.4222749703903629,0.4222749703903629,0,5.024216205036281,5.003936587381648
37421.0,-1.8491210000000988,3.2575535600406766,6.773643116909978,-0.41455739869411706,0.41455739869411706,0,5.015598338475327,4.996242103145507
37430.0,-1.861449999999969,3.2403178269187682,6.825350316275703,-0.41732145695122713,0.41732145695122713,0,5.032834071597236,5.013200985684703
37439.0,-1.846191999999942,3.1541391613092262,6.825350316275703,-0.4139007414927549,0.4139007414927549,0,4.9897447387924645,4.970081476237649
37448.0,-1.9044190000000778,3.188610627553043,6.877057515641428,-0.42695474588393173,0.42695474588393173,0,5.032834071597236,5.012123467107634
37457.0,-1.9257810000000168,2.981781830090143,6.877057515641428,-0.4317439268790521,0.4317439268790521,0,4.9294196728657855,4.907276431654631
37467.0,-2.1739499999999112,3.42991089125976,7.566486840517761,-0.4873813324768854,0.4873813324768854,0,5.49819886588876,5.473318721606039
37476.0,-1.932495000000051,3.1024319619435015,6.825350316275703,-0.4332491492927537,0.4332491492927537,0,4.963891139109602,4.942128640456914
37485.0,-1.8889160000002272,3.0679604956996847,6.790878850031886,-0.4234791034830869,0.4234791034830869,0,4.9294196728657855,4.908428891839596
37494.0,-1.875488999999934,3.0507247625777763,6.85982178251952,-0.420468882847235,0.420468882847235,0,4.955273272548648,4.934563589633578
37503.0,-1.9665519999999332,3.0507247625777763,6.842586049397611,-0.44088444267121624,0.44088444267121624,0,4.946655405987694,4.92389194829398
37512.0,-1.9495849999999935,3.0679604956996847,6.825350316275703,-0.43708058376548875,0.43708058376548875,0,4.946655405987694,4.924345166875184
37521.0,-1.8929450000001533,3.0679604956996847,6.842586049397611,-0.42438237144624774,0.42438237144624774,0,4.955273272548648,4.93424346837981
37530.0,-1.9737539999998612,3.0162532963339594,6.911528981885245,-0.44249907058651494,0.44249907058651494,0,4.963891139109602,4.940858435760591
37539.0,-1.9888920000000243,2.9473103638463263,6.96323618125097,-0.4458928830528158,0.4458928830528158,0,4.955273272548649,4.93157644692704
37548.0,-2.064208999999899,2.9645460969682347,7.032179113738603,-0.46277832191668206,0.46277832191668206,0,4.998362605353419,4.973036638249598
37557.0,-2.1249999999998934,2.981781830090143,7.014943380616694,-0.4764071535745402,0.4764071535745402,0,4.998362605353419,4.971629431097195
37566.0,-2.0803220000000753,2.895603164480601,6.997707647494787,-0.466390721194626,0.466390721194626,0,4.946655405987694,4.920487537443779
37575.0,-2.0610349999999187,2.9990175632120515,7.049414846860511,-0.4620667377729473,0.4620667377729473,0,5.024216205036281,4.999181527779927
37584.0,-2.084717000000278,2.826660231992968,7.032179113738603,-0.4673760432840645,0.4673760432840645,0,4.9294196728657855,4.902747235205077
37593.0,-2.1445319999998738,2.826660231992968,7.032179113738603,-0.4807860639385915,0.4807860639385915,0,4.9294196728657855,4.901219568412436
37603.0,-2.4012449999999643,3.2058463606749514,7.773315637980661,-0.5383389625812411,0.5383389625812411,0,5.489580999327806,5.458160740817775
37612.0,-2.1511230000001085,2.895603164480601,6.997707647494787,-0.4822637107853312,0.4822637107853312,0,4.946655405987694,4.918703830196925
37621.0,-2.1240229999999234,2.878367431358693,6.911528981885245,-0.4761881183797035,0.4761881183797035,0,4.894948206621969,4.86747573249134
37630.0,-2.0599370000001063,2.930074630724418,6.928764715007153,-0.4618205753943424,0.4618205753943424,0,4.9294196728657855,4.903884664061361
37639.0,-2.0494379999999914,2.878367431358693,6.946000448129062,-0.4594667877682557,0.4594667877682557,0,4.912183939743877,4.88661777893968
37648.0,-2.0952149999998038,2.878367431358693,6.911528981885245,-0.4697296067184174,0.4697296067184174,0,4.894948206621969,4.868204996450759
37658.0,-2.279175000000082,3.2058463606749514,7.7388441717368455,-0.5109718937639277,0.5109718937639277,0,5.472345266205899,5.443957538979902
37667.0,-2.0883790000001525,2.8438959651148763,6.928764715007153,-0.4681970329293964,0.4681970329293964,0,4.886330340061015,4.859560952568563
37676.0,-2.094847999999956,2.8438959651148763,6.85982178251952,-0.4696473284006341,0.4696473284006341,0,4.851858873817198,4.8248467387767935
37685.0,-2.0444339999998484,2.8438959651148763,6.877057515641428,-0.4583449329934063,0.4583449329934063,0,4.860476740378152,4.834749628340443
37694.0,-2.019897000000154,2.895603164480601,6.842586049397611,-0.4528439436629999,0.4528439436629999,0,4.869094606939106,4.844240002204776
37704.0,-2.275513000000004,2.930074630724418,7.807787104224478,-0.5101509041185501,0.5101509041185501,0,5.3689308674744485,5.338911322105686
37713.0,-2.261107999999966,2.7749530326272427,6.842586049397611,-0.5069214240963102,0.5069214240963102,0,4.808769541012427,4.776832392839633
37722.0,-2.0445560000000764,2.895603164480601,6.842586049397611,-0.4583722843688626,0.4583722843688626,0,4.869094606939106,4.843637907815159
37732.0,-2.2059329999997863,3.22308209379686,7.635429773005395,-0.4945516524734575,0.4945516524734575,0,5.429255933401127,5.402630412034665
37741.0,-1.9743650000001653,2.895603164480601,6.825350316275703,-0.44263605165521086,0.44263605165521086,0,4.860476740378152,4.83669779369742
37750.0,-2.036865000000072,2.878367431358693,6.928764715007153,-0.4566480267603243,0.4566480267603243,0,4.903566073182923,4.878289790420086
37759.0,-2.08593799999989,2.7577172995053347,6.946000448129062,-0.46764978122963136,0.46764978122963136,0,4.851858873817198,4.82460598431541
37768.0,-2.0646969999999967,2.895603164480601,6.894293248763336,-0.46288772741832485,0.46288772741832485,0,4.894948206621969,4.869052724127357
37778.0,-2.3065189999999087,3.188610627553043,7.704372705493029,-0.5171021889202855,0.5171021889202855,0,5.446491666523036,5.417283994176849
37787.0,-2.097778000000091,2.826660231992968,6.946000448129062,-0.4703042097935931,0.4703042097935931,0,4.886330340061015,4.859231214861378
37796.0,-2.0860589999999357,2.7577172995053347,6.980471914372878,-0.4676769084134452,0.4676769084134452,0,4.869094606939107,4.841877089036537
37805.0,-2.125366999999945,2.8438959651148763,6.928764715007153,-0.47648943189236914,0.47648943189236914,0,4.886330340061015,4.858619161970138
37815.0,-2.3400880000001005,3.085196228821593,7.635429773005395,-0.5246280767971966,0.5246280767971966,0,5.360313000913494,5.3295024930514625
37824.0,-2.0590820000001604,2.8438959651148763,6.911528981885245,-0.4616288915749163,0.4616288915749163,0,4.87771247350006,4.851659026182115
37833.0,-2.081664999999915,2.8094244988710595,6.85982178251952,-0.4666918105156492,0.4666918105156492,0,4.83462314069529,4.807723824277388
37842.0,-2.0814210000000695,2.7577172995053347,6.877057515641428,-0.46663710776487344,0.46663710776487344,0,4.817387407573381,4.790172780435837
37852.0,-2.357909999999986,3.1024319619435015,7.68713697237112,-0.52862361952235,0.52862361952235,0,5.394784467157311,5.3636892663573565
37861.0,-2.105956999999989,2.7577172995053347,6.85982178251952,-0.47213787290372855,0.47213787290372855,0,4.808769541012428,4.780899840233835
37870.0,-2.063719999999823,2.9128388976025095,6.825350316275703,-0.4626686922234425,0.4626686922234425,0,4.869094606939106,4.843248997763787
37880.0,-2.167481000000108,3.3092607594064014,7.290715110567228,-0.4859310370056477,0.4859310370056477,0,5.299987934986815,5.274362793261496
37889.0,-1.791381999999857,3.1713748944311346,6.601285785690894,-0.40161279980453735,0.40161279980453735,0,4.886330340061015,4.8676750296738
37898.0,-1.7091060000001246,3.1713748944311346,6.497871386959445,-0.3831672115845969,0.3831672115845969,0,4.83462314069529,4.817540739078274
37907.0,-1.6516109999999316,3.3092607594064014,6.4806356538375365,-0.37027731544583853,0.37027731544583853,0,4.894948206621969,4.879410638661431
37917.0,-1.783692000000035,3.74015408745411,7.135593512470053,-0.3998887663876415,0.3998887663876415,0,5.437873799962082,5.421686356403628
37926.0,-1.5155030000000627,3.447146624381668,6.359985521984178,-0.33976304492411413,0.33976304492411413,0,4.9035660731829225,4.89072650480685
37935.0,-1.4310299999999125,3.6367396887226597,6.3082783226184524,-0.3208249077551844,0.3208249077551844,0,4.972509005670556,4.961403214300285
37944.0,-1.341308999999978,3.688446888088385,6.170392457643186,-0.30071021306067514,0.30071021306067514,0,4.9294196728657855,4.919663795229804
37953.0,-1.219847999999832,3.84356848618556,6.066978058911736,-0.273479676928727,0.273479676928727,0,4.955273272548648,4.947349767209608
37962.0,-1.086426000000253,3.94698288491701,5.980799393302195,-0.24356758504918588,0.24356758504918588,0,4.963891139109602,4.957667472234645
37971.0,-0.9686279999999599,4.067633016770368,5.791206328961202,-0.2171582627541665,0.2171582627541665,0,4.9294196728657855,4.92449390073941
37980.0,-0.8289800000000372,4.222754614867544,5.567141798376394,-0.1858503539624753,0.1858503539624753,0,4.894948206621969,4.891356492033486
37990.0,-0.7109370000001239,4.87771247350006,6.1014495251555525,-0.15938610472512893,0.15938610472512893,0,5.489580999327806,5.487239634971856
37999.0,-0.48828099999991537,4.515762077939986,5.274134335303953,-0.10946849946094185,0.10946849946094185,0,4.894948206621969,4.89371723966962
38008.0,-0.3410649999999915,4.653647942915252,5.119012737206777,-0.07646390862771986,0.07646390862771986,0,4.886330340061015,4.885730817651098
38017.0,-0.22314399999989903,4.722590875402886,5.119012737206777,-0.05002701076573857,0.05002701076573857,0,4.920801806304832,4.92054711476837
38026.0,-0.15918000000010643,4.774298074768611,4.963891139109602,-0.035686819155788155,0.035686819155788155,0,4.869094606939107,4.868963783792978
38036.0,-0.13049299999982936,5.29137006842586,5.5154345990106695,-0.02925543467827026,0.02925543467827026,0,5.403402333718265,5.403323103112442
38045.0,-0.06897000000009591,4.860476740378152,4.894948206621969,-0.015462494768039238,0.015462494768039238,0,4.87771247350006,4.877687965092791
38054.0,-0.040283000000022384,4.826005274134335,4.9294196728657855,-0.00903111029056698,0.00903111029056698,0,4.87771247350006,4.8777041120078515
38063.0,-0.003051999999956066,4.912183939743877,4.791533807890519,-0.0006842327683240656,0.0006842327683240656,0,4.851858873817198,4.851858825562821
38073.0,0.04382299999987245,5.412020200279219,5.325841534669677,0.00982474856048817,-0.00982474856048817,0,5.3689308674744485,5.368921877634392
38082.0,0.08728100000026091,4.981126872231511,4.739826608524794,0.01956766718647804,-0.01956766718647804,0,4.860476740378152,4.8604373280921145
38091.0,0.1567379999998652,5.032834071597236,4.653647942915252,0.03513934326442627,-0.03513934326442627,0,4.843241007256244,4.843113342814181
38100.0,0.2124020000001209,5.0500698047191435,4.619176476671435,0.04761874458051867,-0.04761874458051867,0,4.834623140695289,4.834388180299527
38110.0,0.31567399999992285,5.773970595839295,4.998362605353419,0.07077145966939304,-0.07077145966939304,0,5.386166600596357,5.385699289530159
38119.0,0.3288579999999422,5.170719936572502,4.498526344818077,0.07372720174597482,-0.07372720174597482,0,4.83462314069529,4.834058347751318
38128.0,0.38977000000018586,5.256898602182044,4.429583412330444,0.08738316058769244,-0.08738316058769244,0,4.843241007256244,4.842447119384101
38138.0,0.48889199999981225,5.911856460814561,4.894948206621969,0.10960548052954654,-0.10960548052954654,0,5.403402333718265,5.402281116270169
38147.0,0.4576409999998802,5.274134335303953,4.343404746720902,0.10259926878539297,-0.10259926878539297,0,4.808769541012428,4.807665066468486
38156.0,0.48608400000010854,5.360313000913494,4.377876212964718,0.10897595051208948,-0.10897595051208948,0,4.869094606939106,4.867863050413983
38165.0,0.5166019999999157,5.394784467157311,4.36064047984281,0.11581782981218204,-0.11581782981218204,0,4.87771247350006,4.876322461485362
38175.0,0.5988770000000769,5.946327927058378,4.791533807890519,0.13426319384061688,-0.13426319384061688,0,5.3689308674744485,5.367233277912016
38184.0,0.5554200000000741,5.446491666523036,4.291697547355177,0.12452049940631515,-0.12452049940631515,0,4.869094606939107,4.8674805246816675
38193.0,0.5710449999999491,5.429255933401127,4.308933280477085,0.1280234931825707,-0.1280234931825707,0,4.869094606939106,4.867389910221691
38202.0,0.5986320000000496,5.429255933401127,4.2572260811113605,0.13420826689819865,-0.13420826689819865,0,4.843241007256244,4.841355063258429
38212.0,0.6699220000001588,6.1014495251555525,4.757062341646702,0.15019088618214343,-0.15019088618214343,0,5.429255933401127,5.427147514884401
38221.0,0.6246339999996081,5.446491666523036,4.239990347989452,0.14003769692503887,-0.14003769692503887,0,4.843241007256244,4.841185966730222
38230.0,0.6293950000002912,5.549906065254485,4.326169013598993,0.14110507314080073,-0.14110507314080073,0,4.938037539426739,4.935991407167336
38239.0,0.6390380000000749,5.5154345990106695,4.291697547355177,0.14326695275577317,-0.14326695275577317,0,4.903566073182923,4.901441532433761
38248.0,0.6478269999998914,5.5154345990106695,4.274461814233269,0.14523737274291645,-0.14523737274291645,0,4.894948206621969,4.892759924205977
38258.0,0.7180170000000277,6.1876281907650945,4.705355142280977,0.16097338126501695,-0.16097338126501695,0,5.446491666523036,5.444069707743218
38267.0,0.66442899999994,5.567141798376394,4.274461814233269,0.14895940171405436,-0.14895940171405436,0,4.920801806304832,4.9185093391959605
38276.0,0.7000729999999143,5.601613264620211,4.222754614867544,0.15695048716440707,-0.15695048716440707,0,4.912183939743877,4.909628328808604
38285.0,0.7097170000000836,5.705027663351661,4.222754614867544,0.15911259097106767,-0.15911259097106767,0,4.963891139109602,4.961285138824862
38294.0,0.7348640000001035,5.670556197107844,4.188283148623727,0.1647503371785731,-0.1647503371785731,0,4.9294196728657855,4.926605503017969
38303.0,0.7553709999998933,5.653320463985936,4.205518881745635,0.16934783435422177,-0.16934783435422177,0,4.9294196728657855,4.926449548373355
38312.0,0.7719719999999634,5.773970595839295,4.222754614867544,0.17306963913376283,-0.17306963913376283,0,4.998362605353419,4.995295492165397
38321.0,0.7905280000001557,5.687791930229753,4.205518881745635,0.17722973849461987,-0.17722973849461987,0,4.946655405987694,4.9434110767987915
38330.0,0.8085929999999077,5.756734862717386,4.119340216136093,0.1812797597789523,-0.1812797597789523,0,4.938037539426739,4.934619971622616
38339.0,0.8148200000000264,5.8084420620831105,4.188283148623727,0.18267580088265362,-0.18267580088265362,0,4.998362605353419,4.994938323547467
38348.0,0.82092299999996,5.825677795205019,4.205518881745635,0.18404404222770487,-0.18404404222770487,0,5.015598338475327,5.012135182370811
38357.0,0.8446039999999337,5.825677795205019,4.15381168237991,0.18935312354713393,-0.18935312354713393,0,4.9897447387924645,4.986052735023408
38366.0,0.8602299999999908,5.911856460814561,4.15381168237991,0.19285634151503198,-0.19285634151503198,0,5.032834071597236,5.029027580095267
38375.0,0.8884270000002134,5.825677795205019,4.119340216136093,0.19917787210771337,-0.19917787210771337,0,4.972509005670556,4.968404598395223
38384.0,0.895995999999786,5.911856460814561,4.188283148623727,0.20087477834074974,-0.20087477834074974,0,5.0500698047191435,5.045960537510341
38393.0,0.9045409999999608,5.980799393302195,4.1710474155018185,0.20279049557716292,-0.20279049557716292,0,5.0759234044020065,5.071745398395836
38402.0,0.9090579999999845,5.911856460814561,4.1710474155018185,0.20380316904196646,-0.20380316904196646,0,5.04145193815819,5.037211965649347
38411.0,0.90441900000014,5.8946207276926526,4.136575949258002,0.20276314420179786,-0.20276314420179786,0,5.015598338475327,5.011375973732711
38420.0,0.8884279999999882,5.946327927058378,4.188283148623727,0.1991780962992646,-0.1991780962992646,0,5.067305537841053,5.063275002993116
38429.0,0.8859859999999506,5.877384994570744,4.1710474155018185,0.19863062040794835,-0.19863062040794835,0,5.024216205036281,5.020178677025553
38438.0,0.8948969999999951,5.877384994570744,4.1710474155018185,0.20062839177054795,-0.20062839177054795,0,5.024216205036281,5.020097164172354
38447.0,0.893432999999906,5.980799393302195,4.136575949258002,0.20030017526566532,-0.20030017526566532,0,5.058687671280098,5.054591575830456
38456.0,0.8979490000001547,5.929092193936469,4.222754614867544,0.20131262453891766,-0.20131262453891766,0,5.0759234044020065,5.07182084328192
38464.0,0.7941899999998265,5.274134335303953,3.74015408745411,0.1780507281399061,-0.1780507281399061,0,4.507144211379032,4.503527341077385
38473.0,0.9072260000000688,6.015270859546011,4.205518881745635,0.20339245002770368,-0.20339245002770368,0,5.110394870645823,5.10622215935898
38482.0,0.9028320000000479,5.911856460814561,4.1710474155018185,0.20240735212990765,-0.20240735212990765,0,5.04145193815819,5.037269763798017
38491.0,0.9031990000000997,5.963563660180286,4.205518881745635,0.2024896304477366,-0.2024896304477366,0,5.08454127096296,5.080390733188775
38500.0,0.9155269999997877,6.066978058911736,4.188283148623727,0.20525346451320417,-0.20525346451320417,0,5.127630603767731,5.1233859246630775
38509.0,0.9254150000002094,6.015270859546011,4.205518881745635,0.2074702710707318,-0.2074702710707318,0,5.110394870645823,5.106053407543792
38517.0,0.8509520000000982,5.412020200279219,3.6367396887226597,0.1907762918346491,-0.1907762918346491,0,4.524379944500939,4.52020348448265
38526.0,1.0111089999999712,6.153156724521278,4.067633016770368,0.22668214618522836,-0.22668214618522836,0,5.110394870645823,5.105158438303416
38535.0,1.0445549999999566,6.084213792033644,4.119340216136093,0.2341804584950862,-0.2341804584950862,0,5.101777004084869,5.096205925283403
38544.0,1.051025999999717,6.153156724521278,4.084868749892276,0.23563120234951762,-0.23563120234951762,0,5.119012737206777,5.11336980300597
38553.0,1.0703120000000985,6.1876281907650945,4.084868749892276,0.23995496157964508,-0.23995496157964508,0,5.1362484703286855,5.130409951365877
38561.0,0.9573980000000842,5.463727399644944,3.6022682224788434,0.21464059106730385,-0.21464059106730385,0,4.532997811061894,4.527703385112411
38570.0,1.0852050000000306,6.153156724521278,4.102104483014185,0.24329384710348212,-0.24329384710348212,0,5.127630603767731,5.121630558777447
38579.0,1.0562740000001118,6.170392457643186,4.102104483014185,0.23680775987523411,-0.23680775987523411,0,5.1362484703286855,5.130569808451101
38588.0,1.016967999999856,6.066978058911736,4.119340216136093,0.22799568477945825,-0.22799568477945825,0,5.093159137523914,5.0878718717759295
38597.0,0.9885250000000348,5.998035126424103,4.119340216136093,0.221619003052853,-0.221619003052853,0,5.058687671280098,5.053668336604673
38606.0,0.9664309999999495,6.066978058911736,4.119340216136093,0.2166657138052685,-0.2166657138052685,0,5.093159137523914,5.0883834741709535
38614.0,0.8618159999999008,5.394784467157311,3.74015408745411,0.19321190939527969,-0.19321190939527969,0,4.56746927730571,4.563250698007618
38623.0,0.9665529999999739,5.998035126424103,4.15381168237991,0.21669306518067918,-0.21669306518067918,0,5.0759234044020065,5.0711478651316
38632.0,0.9516600000002452,6.066978058911736,4.1710474155018185,0.2133541796568878,-0.2133541796568878,0,5.119012737206777,5.1144157574393425
38641.0,0.957030999999829,6.015270859546011,4.15381168237991,0.2145583127494293,-0.2145583127494293,0,5.08454127096296,5.079864695710972
38650.0,0.9384770000000008,5.980799393302195,4.205518881745635,0.21039866177185723,-0.21039866177185723,0,5.093159137523915,5.088683860002232
38658.0,0.8227539999998972,5.360313000913494,3.7056826212102933,0.18445453705037082,-0.18445453705037082,0,4.532997811061893,4.529121294054528
38667.0,0.9227290000001229,6.015270859546011,4.222754614867544,0.20686809242859416,-0.20686809242859416,0,5.119012737206777,5.11470673090807
38676.0,0.932618000000116,5.998035126424103,4.188283148623727,0.20908512317762734,-0.20908512317762734,0,5.093159137523915,5.088734084902844
38685.0,0.919554999999939,6.1014495251555525,4.274461814233269,0.20615650828481377,-0.20615650828481377,0,5.187955669694411,5.18373435465017
38694.0,0.9187010000001753,6.015270859546011,4.205518881745635,0.2059650486570302,-0.2059650486570302,0,5.110394870645823,5.106116085745162
38702.0,0.8419189999998258,5.394784467157311,3.688446888088385,0.18875116909659317,-0.18875116909659317,0,4.541615677622848,4.537556161338406
38711.0,1.035889000000143,6.204863923887003,4.0503972836484605,0.2322376140749505,-0.2322376140749505,0,5.127630603767732,5.1221390522930506
38720.0,1.1007079999998812,6.118685258277461,4.205518881745635,0.24676948950432695,-0.24676948950432695,0,5.162102070011548,5.1560063829711265
38729.0,0.9561770000000653,5.877384994570744,4.239990347989452,0.21436685312164572,-0.21436685312164572,0,5.058687671280098,5.054030635313492
38738.0,0.7867429999998712,5.877384994570744,4.274461814233269,0.17638117328218916,-0.17638117328218916,0,5.0759234044020065,5.072783765848564
38746.0,0.6770020000000625,5.170719936572502,3.84356848618556,0.15177816272203146,-0.15177816272203146,0,4.507144211379031,4.504534492920618
38755.0,0.7672120000000731,5.722263396473569,4.308933280477085,0.1720024871097804,-0.1720024871097804,0,5.015598338475327,5.01259224559954
38764.0,0.7205809999998861,5.8084420620831105,4.326169013598993,0.16154820853169824,-0.16154820853169824,0,5.067305537841052,5.064676356187157
38773.0,0.7429199999999988,5.756734862717386,4.326169013598993,0.166556424721701,-0.166556424721701,0,5.04145193815819,5.038646657500074
38782.0,0.7458490000001555,5.722263396473569,4.36064047984281,0.16721308192306314,-0.16721308192306314,0,5.04145193815819,5.038629943703676
38791.0,0.7086189999998641,5.756734862717386,4.326169013598993,0.15886642859237146,-0.15886642859237146,0,5.04145193815819,5.038899512041286
38800.0,0.6734610000000304,5.670556197107844,4.429583412330444,0.15098430026046777,-0.15098430026046777,0,5.0500698047191435,5.047779839739794
38809.0,0.6529550000000155,5.618848997742119,4.395111946086627,0.14638702727637032,-0.14638702727637032,0,5.006980471914373,5.004809600288096
38818.0,0.5866690000000491,5.584377531498302,4.46405487857426,0.131526262767275,-0.131526262767275,0,5.024216205036281,5.022473910141393
38827.0,0.5249029999998382,5.480963132766853,4.446819145452352,0.11767884429772818,-0.11767884429772818,0,4.963891139109602,4.9624815596577045
38836.0,0.5321039999999914,5.480963132766853,4.515762077939986,0.11929324802147566,-0.11929324802147566,0,4.998362605353419,4.99692629832707
38845.0,0.5042730000000456,5.463727399644944,4.481290611696169,0.11305377155507196,-0.11305377155507196,0,4.972509005670556,4.971211686378336
38854.0,0.47143500000002153,5.394784467157311,4.515762077939986,0.10569176773902819,-0.10569176773902819,0,4.955273272548649,4.954137580123555
38863.0,0.4429929999999753,5.412020200279219,4.515762077939986,0.09931531020397417,-0.09931531020397417,0,4.963891139109602,4.962889760184282
38872.0,0.4188240000001075,5.29137006842586,4.601940743549527,0.093896823382948,-0.093896823382948,0,4.946655405987693,4.9457601358708185
38881.0,0.40856899999983776,5.377548734035402,4.498526344818077,0.09159773850763708,-0.09159773850763708,0,4.938037539426739,4.937181442942288
38890.0,0.42431600000014424,5.480963132766853,4.46405487857426,0.09512808365939458,-0.09512808365939458,0,4.972509005670556,4.9715897186342906
38900.0,0.6490479999999103,6.3082783226184524,4.705355142280977,0.14551111068857456,-0.14551111068857456,0,5.506816732449715,5.5048537910767035
38908.0,0.7705079999998743,5.2224271359382275,3.7056826212102933,0.17274142262888018,-0.17274142262888018,0,4.46405487857426,4.460617791791783
38918.0,0.9200440000002186,6.359985521984178,4.67088367603716,0.206266137978099,-0.206266137978099,0,5.5154345990106695,5.511489666633082
38927.0,0.7304689999999007,5.463727399644944,4.395111946086627,0.16376501508913457,-0.16376501508913457,0,4.9294196728657855,4.926669447755442
38936.0,0.49951199999997314,5.256898602182044,4.739826608524794,0.111986395339447,-0.111986395339447,0,4.998362605353419,4.997105213680076
38945.0,0.06323200000005338,4.774298074768611,5.187955669694411,0.014176083357577541,-0.014176083357577541,0,4.981126872231511,4.981106665239157
38954.0,-0.38891600000001514,4.532997811061894,5.567141798376394,-0.08719170095981761,0.08719170095981761,0,5.0500698047191435,5.049309307507701
38963.0,-0.6265869999999768,4.377876212964718,5.636084730864027,-0.14047554312320676,0.14047554312320676,0,5.006980471914373,5.004979554069989
38971.0,-0.6002200000001201,4.033161550526552,4.963891139109602,-0.1345642831616857,0.1345642831616857,0,4.498526344818077,4.496493403689733
38980.0,-0.5126949999998104,4.688119409159069,5.343077267791585,-0.1149419132243863,0.1149419132243863,0,5.015598338475327,5.014276176129584
38989.0,-0.19079600000013314,5.032834071597236,5.067305537841052,-0.042774860834576926,0.042774860834576926,0,5.0500698047191435,5.0498886575616675
38998.0,0.06897000000009591,5.205191402816319,4.946655405987694,0.015462494768039238,-0.015462494768039238,0,5.0759234044020065,5.075899838026039
39007.0,0.22985800000013668,5.360313000913494,4.757062341646702,0.05153223317948578,-0.05153223317948578,0,5.058687671280098,5.058424279388866
39016.0,0.38171399999988354,5.601613264620211,4.619176476671435,0.08557707304447326,-0.08557707304447326,0,5.110394870645823,5.1096718244790456
39025.0,0.5754399999999483,5.532670332132577,4.46405487857426,0.12900881527196356,-0.12900881527196356,0,4.998362605353419,4.996679378474493
39034.0,0.5443109999998371,5.5154345990106695,4.601940743549527,0.12202995490317506,-0.12202995490317506,0,5.058687671280098,5.057204392829023
39043.0,0.43188500000032753,5.412020200279219,4.688119409159069,0.09682498989256785,-0.09682498989256785,0,5.0500698047191435,5.049137062974248
39052.0,0.3018799999999851,5.29137006842586,4.774298074768611,0.06767896071580344,-0.06767896071580344,0,5.032834071597236,5.032377874376655
39061.0,0.22228999999993188,5.205191402816319,4.774298074768611,0.04983555113790937,-0.04983555113790937,0,4.989744738792465,4.9894954241206175
39070.0,0.15344200000006392,5.067305537841052,4.808769541012427,0.034400407745326454,-0.034400407745326454,0,4.938037539426739,4.937917637915987
39079.0,0.13879399999995543,5.032834071597236,4.739826608524794,0.031116449163862036,-0.031116449163862036,0,4.886330340061015,4.88623117822546
39088.0,0.13879399999995543,5.032834071597236,4.791533807890519,0.031116449163862036,-0.031116449163862036,0,4.912183939743878,4.91208532896011
39097.0,0.13366700000001336,5.032834071597236,4.705355142280977,0.02996701882205065,-0.02996701882205065,0,4.869094606939107,4.869002288623714
39106.0,0.1075440000000019,5.032834071597236,4.808769541012427,0.024110461611305332,-0.024110461611305332,0,4.920801806304832,4.920742709702543
39116.0,0.10070799999994344,5.532670332132577,5.377548734035402,0.022577887822193065,-0.022577887822193065,0,5.45510953308399,5.455062800976384
39125.0,0.08312999999990328,4.981126872231511,4.808769541012427,0.018637047847815266,-0.018637047847815266,0,4.894948206621969,4.894912716617924
39134.0,0.052855999999941304,4.9294196728657855,4.87771247350006,0.011849871298498448,-0.011849871298498448,0,4.9035660731829225,4.903551754752611
39143.0,0.029908000000092364,4.894948206621969,4.826005274134335,0.006705122423130385,-0.006705122423130385,0,4.860476740378152,4.860472115228561
39153.0,0.030272999999983466,5.412020200279219,5.394784467157311,0.006786952357719955,-0.006786952357719955,0,5.403402333718265,5.40339807133115
39162.0,0.016479000000045707,4.826005274134335,4.8432410072562435,0.003694453404130361,-0.003694453404130361,0,4.834623140695289,4.834621729104049
39171.0,0.017212000000170546,4.912183939743877,4.894948206621969,0.003858785848191364,-0.003858785848191364,0,4.9035660731829225,4.903564554872873
39180.0,0.017455999999812212,4.894948206621969,4.8432410072562435,0.003913488598921473,-0.003913488598921473,0,4.869094606939106,4.8690930341808585
39189.0,0.03356999999996682,4.946655405987694,4.808769541012427,0.007526112068462264,-0.007526112068462264,0,4.87771247350006,4.877706666107757
39199.0,0.03210400000012425,5.446491666523036,5.377548734035402,0.00719744718043153,-0.00719744718043153,0,5.412020200279219,5.412015414147886
39208.0,0.040649999999870505,4.912183939743877,4.8432410072562435,0.009113388608350278,-0.009113388608350278,0,4.87771247350006,4.877703959490352
39217.0,0.04931600000009124,4.9294196728657855,4.808769541012427,0.011056233028577257,-0.011056233028577257,0,4.869094606939106,4.869082052389249
39226.0,0.04736299999992607,4.912183939743877,4.8432410072562435,0.010618386830454993,-0.010618386830454993,0,4.87771247350006,4.877700915277824
39236.0,0.05236900000002582,5.5154345990106695,5.343077267791585,0.011740689988498188,-0.011740689988498188,0,5.429255933401127,5.429243235707579
39245.0,0.05346600000006325,4.894948206621969,4.826005274134335,0.011986628175551895,-0.011986628175551895,0,4.860476740378152,4.860461959335629
39254.0,0.06140200000009467,5.0155983384753275,4.791533807890519,0.013765812726508467,-0.013765812726508467,0,4.903566073182923,4.903546740778594
39263.0,0.06725999999979745,4.894948206621969,4.826005274134335,0.015079127129095853,-0.015079127129095853,0,4.860476740378152,4.860453348653133
39273.0,0.08129900000016961,5.498198865888761,5.325841534669677,0.018226553025194964,-0.018226553025194964,0,5.412020200279219,5.411989501145762
39282.0,0.07714899999999404,4.981126872231511,4.791533807890519,0.01729615787817469,-0.01729615787817469,0,4.886330340061015,4.886299717193114
39291.0,0.07531700000007831,4.87771247350006,4.791533807890519,0.016885438863911886,-0.016885438863911886,0,4.83462314069529,4.834593651521272
39300.0,0.07946799999982528,4.963891139109602,4.826005274134335,0.017816058202437753,-0.017816058202437753,0,4.894948206621969,4.8949157781122405
39309.0,0.07800300000016476,4.9294196728657855,4.791533807890519,0.01748761750604952,-0.01748761750604952,0,4.860476740378152,4.860445274808873
39319.0,0.09728999999991421,5.532670332132577,5.29137006842586,0.02181160092763693,-0.02181160092763693,0,5.412020200279219,5.41197622624944
39328.0,0.08178700000006361,4.9294196728657855,4.791533807890519,0.018335958526792085,-0.018335958526792085,0,4.860476740378152,4.860442147944344
39337.0,0.08264199999980573,4.9294196728657855,4.791533807890519,0.018527642346172508,-0.018527642346172508,0,4.860476740378152,4.860441420914306
39346.0,0.06372000000015095,4.963891139109602,4.826005274134335,0.0142854888592203,-0.0142854888592203,0,4.894948206621969,4.894927357128848
39356.0,0.06872599999984358,5.463727399644944,5.325841534669677,0.015407792017172224,-0.015407792017172224,0,5.394784467157311,5.394762460960371
39365.0,0.05956999999997538,4.963891139109602,4.860476740378152,0.013355093712200027,-0.013355093712200027,0,4.912183939743877,4.912165783124976
39374.0,0.05346700000024531,4.912183939743877,4.808769541012427,0.011986852367194396,-0.011986852367194396,0,4.860476740378152,4.860461957853248
39383.0,0.05578599999987298,4.963891139109602,4.8432410072562435,0.012506752691411823,-0.012506752691411823,0,4.9035660731829225,4.90355012134566
39393.0,0.02502400000001701,5.446491666523036,5.377548734035402,0.005610170640497881,-0.005610170640497881,0,5.412020200279219,5.412017292375607
39402.0,0.023560000000131455,4.87771247350006,4.860476740378152,0.005281954135660874,-0.005281954135660874,0,4.869094606939106,4.869091742022267
39411.0,0.02038599999974389,4.894948206621969,4.860476740378152,0.004570369991834848,-0.004570369991834848,0,4.87771247350006,4.877710332278223
39420.0,0.0123290000000737,4.860476740378152,4.860476740378152,0.0027640582571557236,-0.0027640582571557236,0,4.860476740378152,4.860475954445351
39429.0,0.007201999999928073,4.87771247350006,4.894948206621969,0.0016146279152987034,-0.0016146279152987034,0,4.886330340061015,4.886330073293214
39439.0,-0.022216999999884673,5.377548734035402,5.480963132766853,-0.004980864814546423,0.004980864814546423,0,5.429255933401127,5.429253648442618
39448.0,-0.02819799999999746,4.894948206621969,4.9294196728657855,-0.006321754784232636,0.006321754784232636,0,4.912183939743877,4.9121798717950345
39457.0,-0.02783200000012785,4.860476740378152,4.894948206621969,-0.0062397006580462025,0.0062397006580462025,0,4.87771247350006,4.877708482458884
39466.0,-0.0336910000000127,4.8432410072562435,4.946655405987694,-0.0075532392522760896,0.0075532392522760896,0,4.894948206621969,4.894942378400133
39475.0,-0.031860999999850426,4.808769541012427,4.860476740378152,-0.007142968621161379,0.007142968621161379,0,4.834623140695289,4.834617863823153
39485.0,-0.04797300000004801,5.377548734035402,5.463727399644944,-0.010755143707508442,0.010755143707508442,0,5.420638066840173,5.4206273965018505
39494.0,-0.04211499999993812,4.87771247350006,4.912183939743877,-0.009441829304829783,0.009441829304829783,0,4.894948206621969,4.894939100397206
39503.0,-0.03625500000007476,4.808769541012427,4.9294196728657855,-0.008128066519003031,0.008128066519003031,0,4.869094606939106,4.869087821748546
39512.0,-0.028197999999793905,4.912183939743877,4.9294196728657855,-0.006321754784187001,0.006321754784187001,0,4.920801806304832,4.920797745517765
39522.0,-0.03820800000023994,5.377548734035402,5.412020200279219,-0.008565912717125297,0.008565912717125297,0,5.394784467157311,5.394777666563947
39531.0,-0.022582999999957838,4.87771247350006,4.894948206621969,-0.005062918940778492,0.005062918940778492,0,4.886330340061015,4.8863277171103014
39540.0,0.006348000000164465,4.87771247350006,4.87771247350006,0.001423168287515146,-0.001423168287515146,0,4.87771247350006,4.877712265881443
39549.0,0.005858999999884845,4.87771247350006,4.826005274134335,0.0013135385942298875,-0.0013135385942298875,0,4.851858873817198,4.8518586960057055
39558.0,0.011353000000082146,4.9294196728657855,4.912183939743877,0.002545247253915841,-0.002545247253915841,0,4.920801806304832,4.920801148048067
39568.0,0.02514599999983784,5.394784467157311,5.429255933401127,0.005637522015862935,-0.005637522015862935,0,5.412020200279219,5.412017264041938
39577.0,0.02819799999999746,4.946655405987694,4.87771247350006,0.006321754784232636,-0.006321754784232636,0,4.912183939743877,4.912179871644781
39586.0,0.02453700000010152,4.894948206621969,4.826005274134335,0.005500989330497621,-0.005500989330497621,0,4.860476740378152,4.86047362727029
39595.0,0.026610999999905457,4.981126872231511,4.894948206621969,0.00596596271234244,-0.00596596271234244,0,4.938037539426739,4.938033935223434
39604.0,0.035767000000180765,4.912183939743877,4.860476740378152,0.008018661017405908,-0.008018661017405908,0,4.886330340061015,4.886323760420443
39614.0,0.0571279999999377,5.463727399644944,5.325841534669677,0.012807617820883774,-0.012807617820883774,0,5.394784467157311,5.394769261621738
39623.0,0.04699800000003497,4.981126872231511,4.826005274134335,0.010536556895865424,-0.010536556895865424,0,4.9035660731829225,4.90355475015528
39632.0,0.06298799999980105,4.9294196728657855,4.8432410072562435,0.014121380606710527,-0.014121380606710527,0,4.886330340061015,4.886309933371854
39641.0,0.060547000000148996,4.963891139109602,4.860476740378152,0.013574128907082409,-0.013574128907082409,0,4.912183939743877,4.912165182675693
39650.0,0.05078099999975175,4.9294196728657855,4.808769541012427,0.011384673724965494,-0.011384673724965494,0,4.869094606939106,4.86908129541281
39660.0,0.047851000000023625,5.5154345990106695,5.394784467157311,0.010727792332097752,-0.010727792332097752,0,5.45510953308399,5.455098983408587
39669.0,0.05114800000000697,4.963891139109602,4.826005274134335,0.011466952042840062,-0.011466952042840062,0,4.894948206621969,4.89493477271713
39678.0,0.044067000000124784,4.87771247350006,4.87771247350006,0.009879451311355184,-0.009879451311355184,0,4.87771247350006,4.8777024684763495
39687.0,0.023560000000131455,4.9294196728657855,4.8432410072562435,0.005281954135660874,-0.005281954135660874,0,4.886330340061015,4.886327485036611
39696.0,0.0019529999999616152,4.8432410072562435,4.912183939743877,0.0004378461980766292,-0.0004378461980766292,0,4.87771247350006,4.877712453847521
39706.0,0.0029299999999316774,5.446491666523036,5.446491666523036,0.0006568813929133759,-0.0006568813929133759,0,5.446491666523036,5.446491626911008
39715.0,-0.0008550000001492293,4.826005274134335,4.912183939743877,-0.00019168381947169235,0.00019168381947169235,0,4.869094606939106,4.86909460316576
39724.0,-0.018431999999803765,4.912183939743877,4.912183939743877,-0.004132299602161355,0.004132299602161355,0,4.912183939743877,4.912182201627885
39733.0,-0.033448000000145986,4.826005274134335,4.912183939743877,-0.00749876069309721,0.00749876069309721,0,4.869094606939106,4.869088832178038
39742.0,-0.03857399999990599,4.860476740378152,4.946655405987694,-0.008647966843266094,0.008647966843266094,0,4.9035660731829225,4.903558446801409
39752.0,-0.041016000000147226,5.377548734035402,5.394784467157311,-0.009195442734627982,0.009195442734627982,0,5.386166600596356,5.386158751210608
39761.0,-0.039061999999799986,4.826005274134335,4.946655405987694,-0.008757372344863219,0.008757372344863219,0,4.886330340061015,4.88632249132066
39770.0,-0.041382000000016836,4.860476740378152,4.912183939743877,-0.009277496860814416,0.009277496860814416,0,4.886330340061015,4.886321532416127
39779.0,-0.04797300000004801,4.791533807890519,4.912183939743877,-0.010755143707508442,0.010755143707508442,0,4.851858873817198,4.8518469515233855
39789.0,-0.05065999999990942,5.429255933401127,5.480963132766853,-0.011357546541197304,0.011357546541197304,0,5.45510953308399,5.455097709642072
39798.0,-0.04296800000013033,4.8432410072562435,4.894948206621969,-0.009633064741107747,0.009633064741107747,0,4.869094606939106,4.8690850776233265
39807.0,-0.026977999999957133,4.912183939743877,4.912183939743877,-0.006048241030171374,0.006048241030171374,0,4.912183939743877,4.912180216229204
39816.0,-0.011718999999951756,4.8432410072562435,4.87771247350006,-0.0026273013801022746,0.0026273013801022746,0,4.860476740378152,4.860476030283422
39825.0,-0.018065999999934156,4.8432410072562435,4.9294196728657855,-0.004050245475974921,0.004050245475974921,0,4.886330340061015,4.886328661321082
39835.0,-0.02368199999995229,5.463727399644944,5.463727399644944,-0.0053093055110259284,0.0053093055110259284,0,5.463727399644944,5.463724820022739
39844.0,0.002807999999907289,4.826005274134335,4.894948206621969,0.0006295300175026861,-0.0006295300175026861,0,4.860476740378152,4.860476699607668
39853.0,0.02111799999989022,4.9294196728657855,4.860476740378152,0.004734478244298987,-0.004734478244298987,0,4.894948206621969,4.894945916875554
39862.0,0.017089999999942602,4.87771247350006,4.826005274134335,0.0038314344727350385,-0.0038314344727350385,0,4.851858873817198,4.851857360964035
39871.0,0.04016100000020155,4.998362605353419,4.808769541012427,0.009003758915201925,-0.009003758915201925,0,4.9035660731829225,4.9035578039175665
39881.0,0.09655799999997143,5.567141798376394,5.2224271359382275,0.021647492675218427,-0.021647492675218427,0,5.394784467157311,5.394740991179187
39890.0,0.1667479999999041,5.032834071597236,4.688119409159069,0.037383501197273294,-0.037383501197273294,0,4.860476740378152,4.860332801486717
39899.0,0.2523190000000701,5.187955669694411,4.584705010427618,0.05656780074485358,-0.05656780074485358,0,4.886330340061015,4.886001685793843
39908.0,0.32446299999994294,5.205191402816319,4.498526344818077,0.07274187965658194,-0.07274187965658194,0,4.851858873817198,4.851310767176397
39918.0,0.4566649999998887,5.946327927058378,4.9294196728657855,0.10238045778215309,-0.10238045778215309,0,5.437873799962082,5.436901795966933
39927.0,0.48559600000001096,5.429255933401127,4.412347679208535,0.10886654501044672,-0.10886654501044672,0,4.920801806304832,4.919585013434906
39936.0,0.5251459999999085,5.446491666523036,4.326169013598993,0.1177333228569527,-0.1177333228569527,0,4.886330340061015,4.884893760945305
39945.0,0.5833740000002263,5.498198865888761,4.308933280477085,0.13078755143977205,-0.13078755143977205,0,4.9035660731829225,4.901796878915345
39954.0,0.6268310000000256,5.549906065254485,4.274461814233269,0.14053024587402815,-0.14053024587402815,0,4.912183939743877,4.910140661340188
39963.0,0.6735840000000333,5.636084730864027,4.2572260811113605,0.15101187582747533,-0.15101187582747533,0,4.946655405987694,4.9443064995844335
39972.0,0.7301029999998275,5.756734862717386,4.205518881745635,0.16368296096290252,-0.16368296096290252,0,4.981126872231511,4.978373197078183
39981.0,0.7971190000001869,5.773970595839295,4.15381168237991,0.1787073853413139,-0.1787073853413139,0,4.963891139109602,4.96058991450646
39990.0,0.8471679999999958,5.8946207276926526,4.1710474155018185,0.18992795081386088,-0.18992795081386088,0,5.032834071597236,5.029146637754524
39999.0,0.8858639999997227,5.998035126424103,4.205518881745635,0.19860326903249204,-0.19860326903249204,0,5.10177700408487,5.097793529761986
40008.0,0.921143000000213,5.946327927058378,4.102104483014185,0.20651252454834645,-0.20651252454834645,0,5.024216205036281,5.01983062180828
40017.0,0.9453119999998773,5.980799393302195,4.119340216136093,0.21193101136932702,-0.21193101136932702,0,5.0500698047191435,5.045473667834329
40026.0,0.9827880000001744,6.153156724521278,3.998690084282735,0.2203328158340338,-0.2203328158340338,0,5.0759234044020065,5.070924615263111
40035.0,1.0609129999999565,6.170392457643186,4.0503972836484605,0.23784778471540274,-0.23784778471540274,0,5.110394870645823,5.104622639422619
40044.0,1.1083989999998853,6.1876281907650945,3.981454351160827,0.2484937471128653,-0.2484937471128653,0,5.08454127096296,5.078183414362826
40052.0,0.9920650000000885,5.584377531498302,3.5333252899912098,0.22241264132281982,-0.22241264132281982,0,4.558851410744756,4.553149807021045
40061.0,1.1376959999998772,6.204863923887003,3.9642186180389185,0.25506188846734534,-0.25506188846734534,0,5.08454127096296,5.077833354531576
40070.0,1.144775000000006,6.273806856374636,3.981454351160827,0.2566489408156821,-0.2566489408156821,0,5.127630603767731,5.12088602075719
40079.0,1.155762000000015,6.3082783226184524,3.94698288491701,0.2591121339433659,-0.2591121339433659,0,5.127630603767731,5.120734350202486
40088.0,1.1956780000001892,6.377221255106086,3.895275685551285,0.2680609659161496,-0.2680609659161496,0,5.1362484703286855,5.128839801945727
40096.0,1.1070560000000458,5.670556197107844,3.4643823575035766,0.2481926577918421,-0.2481926577918421,0,4.56746927730571,4.560329238569304
40105.0,1.2740479999999985,6.4806356538375365,3.8608042193074685,0.2856308617399368,-0.2856308617399368,0,5.170719936572502,5.16231594097059
40114.0,1.2897949999998979,6.4806356538375365,3.895275685551285,0.289161206891603,-0.289161206891603,0,5.187955669694411,5.179390630151904
40122.0,1.1569819999998519,5.722263396473569,3.42991089125976,0.25938564769738154,-0.25938564769738154,0,4.576087143866665,4.5682691805185875
40131.0,1.271973000000216,6.428928454471811,3.84356848618556,0.2851656641664951,-0.2851656641664951,0,5.1362484703286855,5.1278232982325775
40140.0,1.345580999999771,6.601285785690894,3.7746255536979265,0.30166795958301484,-0.30166795958301484,0,5.187955669694411,5.178516022195719
40149.0,1.3995360000001138,6.549578586325169,3.7746255536979265,0.31376421745185196,-0.31376421745185196,0,5.162102070011548,5.1518639435074505
40157.0,1.247558999999914,5.825677795205019,3.378203691894035,0.27969225040295936,-0.27969225040295936,0,4.601940743549527,4.5928299521173575
40166.0,1.41137700000009,6.584050052568986,3.791861286819835,0.3164188702073649,-0.3164188702073649,0,5.187955669694411,5.177593832624938
40175.0,1.4094229999999464,6.635757251934711,3.791861286819835,0.3159807998176458,-0.3159807998176458,0,5.213809269377273,5.203505381308928
40183.0,1.2601320000000364,5.791206328961202,3.32649649252831,0.2825110114109365,-0.2825110114109365,0,4.558851410744756,4.549446147160742
40192.0,1.4284670000000326,6.601285785690894,3.757389820576018,0.32025030468009996,-0.32025030468009996,0,5.179337803133456,5.168673596610722
40201.0,1.4559329999998838,6.670228718178528,3.74015408745411,0.3264079512118685,-0.3264079512118685,0,5.205191402816319,5.194124278104386
40209.0,1.3243400000000813,5.980799393302195,3.3092607594064014,0.2969059057717539,-0.2969059057717539,0,4.645030076354298,4.634732394617126
40218.0,1.4930419999999256,6.635757251934711,3.7056826212102933,0.3347274773587007,-0.3347274773587007,0,5.170719936572502,5.158993925018072
40227.0,1.4779060000001267,6.618521518812803,3.7229183543322018,0.3313341132756848,-0.3313341132756848,0,5.170719936572502,5.159252379585883
40235.0,1.312743999999929,5.980799393302195,3.292025026284493,0.2943061799586136,-0.2943061799586136,0,4.636412209793344,4.626259624046274
40244.0,1.5015870000001004,6.670228718178528,3.7229183543322018,0.3366431945951139,-0.3366431945951139,0,5.1965735362553644,5.184770230584041
40253.0,1.4930419999999256,6.670228718178528,3.7056826212102933,0.3347274773587007,-0.3347274773587007,0,5.187955669694411,5.176251349129647
40261.0,1.3220210000000465,5.946327927058378,3.3092607594064014,0.2963860054474452,-0.2963860054474452,0,4.62779434323239,4.617511362937262
40270.0,1.4943849999999688,6.704700184422345,3.7056826212102933,0.3350285666797695,-0.3350285666797695,0,5.205191402816319,5.193487620715407
40279.0,1.4743650000000945,6.618521518812803,3.7056826212102933,0.3305402508141211,-0.3305402508141211,0,5.162102070011548,5.150655632801589
40287.0,1.3040769999999333,5.842913528326927,3.3609679587721266,0.29236311134683535,-0.29236311134683535,0,4.601940743549527,4.591968190744483
40296.0,1.4992680000000658,6.704700184422345,3.688446888088385,0.3361232942708052,-0.3361232942708052,0,5.1965735362553644,5.1847585346586795
40305.0,1.5274659999998597,6.687464451300436,3.653975421844568,0.3424450490549922,-0.3424450490549922,0,5.170719936572502,5.158373753501445
40313.0,1.3626709999999171,5.946327927058378,3.22308209379686,0.3054993940557955,-0.3054993940557955,0,4.584705010427619,4.573598152636494
40322.0,1.5178220000000975,6.704700184422345,3.6022682224788434,0.34028294524842284,-0.34028294524842284,0,5.153484203450594,5.14119224391578
40331.0,1.5725099999999546,6.75640738378807,3.585032489356935,0.35254353556118406,-0.35254353556118406,0,5.170719936572502,5.157525736523065
40340.0,1.615234000000036,6.687464451300436,3.6022682224788434,0.36212189755147045,-0.36212189755147045,0,5.14486633688964,5.13094264986229
40348.0,1.3944089999999683,5.8946207276926526,3.2747892931625846,0.31261478710999496,-0.31261478710999496,0,4.584705010427618,4.573158910338787
40357.0,1.5012210000000272,6.549578586325169,3.7056826212102933,0.3365611404688818,-0.3365611404688818,0,5.127630603767731,5.11572054050408
40366.0,1.38720700000004,6.515107120081353,3.74015408745411,0.31100015919469626,-0.31100015919469626,0,5.127630603767732,5.11749380396376
40375.0,1.3614500000001017,6.44616418759372,3.8090970199417433,0.305225656110183,-0.305225656110183,0,5.127630603767732,5.11793836337417
40383.0,1.2111820000000184,5.705027663351661,3.3609679587721266,0.2715368325085913,-0.2715368325085913,0,4.532997811061894,4.524314522430233
40392.0,1.3425290000000185,6.377221255106086,3.84356848618556,0.3009837268147364,-0.3009837268147364,0,5.110394870645823,5.100984007085983
40401.0,1.278930999999892,6.359985521984178,3.8608042193074685,0.2867255893309268,-0.2867255893309268,0,5.110394870645823,5.101866640495396
40410.0,1.2232659999998612,6.273806856374636,3.998690084282735,0.27424596382328315,-0.27424596382328315,0,5.1362484703286855,5.1285700464379005
40419.0,1.164795000000084,6.204863923887003,4.015925817404644,0.2611372566813762,-0.2611372566813762,0,5.110394870645823,5.103419241515168
40427.0,0.9710700000002012,5.480963132766853,3.6195039556007518,0.2177057386455284,-0.2177057386455284,0,4.550233544183802,4.544809479565247
40436.0,1.0281979999999353,6.015270859546011,4.136575949258002,0.23051335646636653,-0.23051335646636653,0,5.0759234044020065,5.070513521199285
40445.0,0.9508059999998709,5.980799393302195,4.15381168237991,0.21316272002896733,-0.21316272002896733,0,5.067305537841053,5.062678654649612
40454.0,0.8951410000000438,5.929092193936469,4.239990347989452,0.20068309452136934,-0.20068309452136934,0,5.08454127096296,5.080473937227236
40463.0,0.8395999999999946,5.825677795205019,4.2572260811113605,0.18823126877233012,-0.18823126877233012,0,5.04145193815819,5.037855066498954
40472.0,0.7770989999999055,5.756734862717386,4.308933280477085,0.17421906947557422,-0.17421906947557422,0,5.032834071597236,5.029758002695026
40481.0,0.7178959999999818,5.722263396473569,4.274461814233269,0.1609462540812031,-0.1609462540812031,0,4.998362605353419,4.995718151861193
40490.0,0.6770020000000625,5.618848997742119,4.395111946086627,0.15177816272203146,-0.15177816272203146,0,5.006980471914373,5.0046468791122765
40499.0,0.6284180000001176,5.5154345990106695,4.412347679208535,0.14088603794591834,-0.14088603794591834,0,4.963891139109602,4.961868120531421
40508.0,0.568969999999963,5.498198865888761,4.429583412330444,0.12755829560908336,-0.12755829560908336,0,4.963891139109602,4.962233848745472
40517.0,0.5300290000000054,5.429255933401127,4.46405487857426,0.11882805044798835,-0.11882805044798835,0,4.946655405987694,4.945215106632691
40526.0,0.48596200000008416,5.446491666523036,4.515762077939986,0.10894859913667879,-0.10894859913667879,0,4.981126872231511,4.9799253541238135
40535.0,0.45556599999969066,5.325841534669677,4.5502335441838015,0.10213407121186001,-0.10213407121186001,0,4.938037539426739,4.9369751099888735
40544.0,0.41235400000012223,5.343077267791585,4.532997811061894,0.09244630372006779,-0.09244630372006779,0,4.938037539426739,4.937166558784042
40553.0,0.37182600000007254,5.29137006842586,4.515762077939986,0.08336026648708257,-0.08336026648708257,0,4.9035660731829225,4.9028532136854475
40563.0,0.4288329999999644,5.842913528326927,5.101777004084869,0.09614075712415251,-0.09614075712415251,0,5.472345266205898,5.471497053454995
40572.0,0.36120600000011527,5.29137006842586,4.56746927730571,0.08097935167722774,-0.08097935167722774,0,4.9294196728657855,4.928751051370483
40581.0,0.3310549999997491,5.2224271359382275,4.584705010427618,0.0742197506948272,-0.0742197506948272,0,4.9035660731829225,4.903002096655272
40590.0,0.30981400000026305,5.187955669694411,4.601940743549527,0.06945769688361192,-0.06945769688361192,0,4.894948206621969,4.89445371968306
40599.0,0.2868650000000285,5.170719936572502,4.636412209793344,0.06431272381655573,-0.06431272381655573,0,4.9035660731829225,4.903143126205302
40608.0,0.27819899999980774,5.119012737206777,4.601940743549527,0.06236987939632875,-0.06236987939632875,0,4.860476740378152,4.8600754885190725
40618.0,0.2929679999999621,5.722263396473569,5.119012737206777,0.065680965161607,-0.065680965161607,0,5.420638066840173,5.420238952943605
40627.0,0.256592000000045,5.101777004084869,4.619176476671435,0.05752577145883577,-0.05752577145883577,0,4.860476740378152,4.860135514812729
40636.0,0.2502440000000841,5.08454127096296,4.653647942915252,0.05610260317136626,-0.05610260317136626,0,4.869094606939106,4.8687707931961945
40645.0,0.2338870000000628,5.119012737206777,4.67088367603716,0.05243550114264659,-0.05243550114264659,0,4.894948206621969,4.894666792477776
40655.0,0.2534180000000646,5.653320463985936,5.119012737206777,0.05681418731510102,-0.05681418731510102,0,5.386166600596356,5.3858662442014795
40664.0,0.24230999999980615,5.170719936572502,4.688119409159069,0.054323867003557784,-0.054323867003557784,0,4.9294196728657855,4.929119647868383
40673.0,0.2489010000000409,5.032834071597236,4.619176476671435,0.05580151385029745,-0.05580151385029745,0,4.826005274134335,4.825682105914614
40682.0,0.21704099999996543,5.1362484703286855,4.67088367603716,0.048658769420687295,-0.048658769420687295,0,4.9035660731829225,4.903324122547078
40692.0,0.2659909999999835,5.705027663351661,5.0500698047191435,0.05963294832303249,-0.05963294832303249,0,5.377548734035402,5.377216892314009
40701.0,0.3255619999999374,5.2224271359382275,4.498526344818077,0.07298826622682937,-0.07298826622682937,0,4.860476740378152,4.859925759138508
40710.0,0.41760200000011016,5.343077267791585,4.46405487857426,0.09362286124569301,-0.09362286124569301,0,4.9035660731829225,4.902665329298457
40719.0,0.4300539999999832,5.256898602182044,4.429583412330444,0.09641449506981065,-0.09641449506981065,0,4.843241007256244,4.842274590526915
40728.0,0.4298090000001595,5.325841534669677,4.429583412330444,0.09635956812743804,-0.09635956812743804,0,4.87771247350006,4.876752869105567
40738.0,0.49182199999994747,5.877384994570744,4.963891139109602,0.11026236192250555,-0.11026236192250555,0,5.420638066840173,5.4195089756474815
40747.0,0.44445799999983937,5.29137006842586,4.412347679208535,0.09964375090040806,-0.09964375090040806,0,4.851858873817198,4.850827544498073
40756.0,0.4565430000000678,5.325841534669677,4.412347679208535,0.10235310640678803,-0.10235310640678803,0,4.869094606939106,4.868009651312187
40765.0,0.457397000000035,5.29137006842586,4.412347679208535,0.10254456603461723,-0.10254456603461723,0,4.851858873817198,4.8507666438625705
40775.0,0.5222169999999553,5.911856460814561,4.912183939743877,0.1170766656556362,-0.1170766656556362,0,5.412020200279219,5.4107434304582425
40784.0,0.4693600000000355,5.412020200279219,4.429583412330444,0.10522657016554088,-0.10522657016554088,0,4.920801806304832,4.919665807301175
40793.0,0.47985899999994697,5.308605801547769,4.36064047984281,0.10758035779158188,-0.10758035779158188,0,4.834623140695289,4.833415052296485
40802.0,0.4774169999999093,5.360313000913494,4.46405487857426,0.10703288190026564,-0.10703288190026564,0,4.912183939743877,4.911008505736749
40812.0,0.5384520000001558,5.980799393302195,4.912183939743877,0.12071641630899081,-0.12071641630899081,0,5.446491666523036,5.44514140510656
40821.0,0.5062250000000287,5.343077267791585,4.395111946086627,0.11349139356155172,-0.11349139356155172,0,4.869094606939106,4.86775986520192
40830.0,0.5009769999998371,5.429255933401127,4.343404746720902,0.11231483603588088,-0.11231483603588088,0,4.886330340061015,4.885023947901059
40839.0,0.5235600000002021,5.394784467157311,4.36064047984281,0.11737775497675064,-0.11737775497675064,0,4.87771247350006,4.876284783086824
40848.0,0.5583489999998237,5.480963132766853,4.291697547355177,0.12517715660758602,-0.12517715660758602,0,4.886330340061015,4.88470371647662
40858.0,0.6751710000001253,6.153156724521278,4.757062341646702,0.1513676678993655,-0.1513676678993655,0,5.45510953308399,5.452975844294304
40867.0,0.6425779999999249,5.549906065254485,4.205518881745635,0.14406059102569438,-0.14406059102569438,0,4.87771247350006,4.8755454707111285
40876.0,0.6981200000001563,5.636084730864027,4.205518881745635,0.15651264096637607,-0.15651264096637607,0,4.920801806304832,4.918261172109789
40885.0,0.7534179999999316,5.705027663351661,4.188283148623727,0.16890998815614514,-0.16890998815614514,0,4.946655405987694,4.943705063309369
40894.0,0.8096929999998808,5.722263396473569,4.136575949258002,0.1815263705407966,-0.1815263705407966,0,4.9294196728657855,4.925992506342023
40903.0,0.8623039999999983,5.860149261448836,4.084868749892276,0.19332131489692242,-0.19332131489692242,0,4.972509005670556,4.9686324739079515
40912.0,0.9045410000001644,5.946327927058378,4.0503972836484605,0.20279049557720855,-0.20279049557720855,0,4.998362605353419,4.99410163989943
40921.0,0.9396979999998161,5.911856460814561,4.067633016770368,0.21067239971746973,-0.21067239971746973,0,4.9897447387924645,4.985147335834812
40930.0,0.9787590000000447,5.998035126424103,4.015925817404644,0.21942954787082736,-0.21942954787082736,0,5.006980471914373,5.001984900990511
40939.0,0.9904789999999749,6.015270859546011,4.0503972836484605,0.22205707344252648,-0.22205707344252648,0,5.032834071597236,5.027750179085788
40948.0,1.007080000000045,5.998035126424103,4.015925817404644,0.22577887822206755,-0.22577887822206755,0,5.006980471914373,5.00169215840115
40957.0,0.9976810000001066,6.049742325789827,4.119340216136093,0.22367170135787084,-0.22367170135787084,0,5.08454127096296,5.079446453635047
40966.0,0.9907220000000452,6.015270859546011,4.102104483014185,0.222111552001751,-0.222111552001751,0,5.058687671280098,5.053639415061221
40975.0,0.974731999999872,5.946327927058378,4.136575949258002,0.21852672829081463,-0.21852672829081463,0,5.04145193815819,5.036566211106486
40984.0,0.9409179999998564,5.911856460814561,4.102104483014185,0.210945913471531,-0.210945913471531,0,5.006980471914373,5.002393987472644
40993.0,0.9030760000000968,5.911856460814561,4.188283148623727,0.20246205488072905,-0.20246205488072905,0,5.0500698047191435,5.0458954300282866
41002.0,0.8592530000002243,5.791206328961202,4.1710474155018185,0.19263730632024087,-0.19263730632024087,0,4.98112687223151,4.977305582497182
41011.0,0.8275149999997661,5.8084420620831105,4.188283148623727,0.18552191326595013,-0.18552191326595013,0,4.998362605353419,4.9948309170425915
41020.0,0.8109130000001247,5.8084420620831105,4.205518881745635,0.18179988429490349,-0.18179988429490349,0,5.006980471914373,5.00359696414844
41029.0,0.7893059999999548,5.722263396473569,4.222754614867544,0.17695577635731924,-0.17695577635731924,0,4.972509005670556,4.969290529126473
41038.0,0.7778319999998268,5.722263396473569,4.222754614867544,0.1743834019195896,-0.1743834019195896,0,4.972509005670556,4.969383326137028
41047.0,0.7645270000001686,5.739499129595478,4.239990347989452,0.17140053265928523,-0.17140053265928523,0,4.989744738792465,4.9867358609695245
41056.0,0.7659909999998507,5.670556197107844,4.205518881745635,0.17172874916407663,-0.17172874916407663,0,4.938037539426739,4.934987352766578
41065.0,0.7709959999999718,5.739499129595478,4.188283148623727,0.17285082813052294,-0.17285082813052294,0,4.963891139109602,4.960809511797281
41074.0,0.7692870000002625,5.773970595839295,4.188283148623727,0.17246768468331333,-0.17246768468331333,0,4.981126872231511,4.9780665969292475
41083.0,0.7877200000000448,5.739499129595478,4.205518881745635,0.17660020847707156,-0.17660020847707156,0,4.972509005670556,4.969299982269449
41092.0,0.8215329999996748,5.825677795205019,4.15381168237991,0.18418079910466706,-0.18418079910466706,0,4.9897447387924645,4.986251447076473
41101.0,0.8391110000001221,5.842913528326927,4.119340216136093,0.18812163907913612,-0.18812163907913612,0,4.98112687223151,4.977469405032235
41110.0,0.8624270000000012,5.773970595839295,4.188283148623727,0.19334889046392997,-0.19334889046392997,0,4.981126872231511,4.977281707054491
41119.0,0.8681639999998617,5.8946207276926526,4.15381168237991,0.19463507768274918,-0.19463507768274918,0,5.024216205036281,5.02033459330418
41128.0,0.872193000000195,5.842913528326927,4.1710474155018185,0.19553834564600125,-0.19553834564600125,0,5.006980471914373,5.003057943518365
41137.0,0.8674309999999403,5.8084420620831105,4.136575949258002,0.1944707452387338,-0.1944707452387338,0,4.972509005670556,4.968600761553031
41146.0,0.8581540000000263,5.825677795205019,4.15381168237991,0.1923909197499478,-0.1923909197499478,0,4.9897447387924645,4.985933475524952
41155.0,0.8419190000000294,5.791206328961202,4.15381168237991,0.1887511690966388,-0.1887511690966388,0,4.972509005670556,4.9688313306934555
41164.0,0.8197029999999197,5.739499129595478,4.15381168237991,0.1837705284736436,-0.1837705284736436,0,4.946655405987694,4.94315593050918
41173.0,0.8233640000000192,5.791206328961202,4.119340216136093,0.18459129392742427,-0.18459129392742427,0,4.955273272548648,4.951738641868568
41182.0,0.8231199999999704,5.739499129595478,4.15381168237991,0.1845365911766029,-0.1845365911766029,0,4.946655405987694,4.943126728556598
41191.0,0.8133540000001838,5.739499129595478,4.188283148623727,0.18234713599462288,-0.18234713599462288,0,4.963891139109602,4.960462001802459
41201.0,0.8997810000000704,6.3944569882279945,4.56746927730571,0.20172334355318045,-0.20172334355318045,0,5.480963132766853,5.477149361555804
41210.0,0.8007809999998577,5.687791930229753,4.15381168237991,0.17952837498660015,-0.17952837498660015,0,4.920801806304832,4.9174491166273775
41219.0,0.7830809999999968,5.670556197107844,4.1710474155018185,0.1755601836368573,-0.1755601836368573,0,4.920801806304832,4.917599058876226
41228.0,0.7846680000000887,5.722263396473569,4.119340216136093,0.17591597570874748,-0.17591597570874748,0,4.920801806304832,4.917575191905856
41237.0,0.7902829999997213,5.722263396473569,4.119340216136093,0.17717481155211035,-0.17717481155211035,0,4.920801806304832,4.917528899320779
41246.0,0.8299560000000289,5.773970595839295,4.136575949258002,0.18606916496571516,-0.18606916496571516,0,4.955273272548649,4.951686150408413
41255.0,0.8752440000001724,5.946327927058378,4.0503972836484605,0.19622235422272846,-0.19622235422272846,0,4.998362605353419,4.99437281173681
41264.0,0.9234619999998407,5.877384994570744,4.0503972836484605,0.20703242487256387,-0.20703242487256387,0,4.963891139109602,4.959429244724761
41273.0,0.9713140000002499,5.946327927058378,4.033161550526552,0.21776044139634979,-0.21776044139634979,0,4.989744738792465,4.984820144650536
41282.0,1.0047599999998282,6.084213792033644,4.015925817404644,0.22525875370611634,-0.22525875370611634,0,5.0500698047191435,5.044835646668987
41291.0,1.0618900000001301,6.032506592667919,3.9642186180389185,0.2380668199102851,-0.2380668199102851,0,4.998362605353419,4.992452006274807
41300.0,1.080688999999782,6.1014495251555525,3.9642186180389185,0.24228139783022978,-0.24228139783022978,0,5.032834071597236,5.026740191435911
41309.0,1.1142569999999952,6.204863923887003,3.9297471517951017,0.24980706151554394,-0.24980706151554394,0,5.067305537841053,5.060836333055968
41318.0,1.1337889999999755,6.153156724521278,3.9125114186731933,0.25418597187959524,-0.25418597187959524,0,5.032834071597236,5.026096898850633
41327.0,1.1217050000001327,6.118685258277461,3.9125114186731933,0.2514768405649034,-0.2514768405649034,0,5.015598338475327,5.008989250917965
41336.0,1.1340330000000243,6.204863923887003,3.8780399524293765,0.2542406746304166,-0.2542406746304166,0,5.04145193815819,5.0346973110627635
41345.0,1.134398999999894,6.153156724521278,3.981454351160827,0.25432272875660306,-0.25432272875660306,0,5.067305537841053,5.060632031807443
41354.0,1.1193850000001193,6.153156724521278,3.9642186180389185,0.25095671604899783,-0.25095671604899783,0,5.058687671280098,5.052172204452997
41363.0,1.0952150000000695,6.135920991399369,3.998690084282735,0.24553800503632914,-0.24553800503632914,0,5.067305537841052,5.061093426307972
41371.0,0.9477539999999148,5.446491666523036,3.5333252899912098,0.21247848726064325,-0.21247848726064325,0,4.489908478257123,4.484652798173973
41380.0,1.0301509999998968,6.032506592667919,4.084868749892276,0.23095120266444316,-0.23095120266444316,0,5.058687671280097,5.053223051176423
41389.0,1.0064700000001265,6.032506592667919,4.067633016770368,0.22564212134505973,-0.22564212134505973,0,5.0500698047191435,5.044839981264158
41398.0,0.9786379999999988,6.066978058911736,4.084868749892276,0.21940242068701352,-0.21940242068701352,0,5.0759234044020065,5.071002042387999
41407.0,0.9730219999999806,6.049742325789827,4.067633016770368,0.21814336065196252,-0.21814336065196252,0,5.058687671280097,5.053804705181028
41416.0,0.9739989999999508,6.066978058911736,4.119340216136093,0.21836239584679926,-0.21836239584679926,0,5.093159137523914,5.088308509526884
41425.0,0.9945070000001262,6.1014495251555525,4.067633016770368,0.22296011721413608,-0.22296011721413608,0,5.08454127096296,5.0794580240647464
41434.0,1.0146479999998428,6.1014495251555525,4.102104483014185,0.22747556026355267,-0.22747556026355267,0,5.101777004084869,5.096512695851234
41442.0,0.9150390000000973,5.446491666523036,3.6022682224788434,0.2051440590116527,-0.2051440590116527,0,4.524379944500939,4.519536710569108
41451.0,1.0314939999999402,6.118685258277461,4.067633016770368,0.23125229198551198,-0.23125229198551198,0,5.093159137523914,5.087697631102739
41460.0,1.0267340000000498,6.170392457643186,4.119340216136093,0.23018513996152953,-0.23018513996152953,0,5.14486633688964,5.139513698154738
41469.0,1.0524900000000095,6.153156724521278,4.084868749892276,0.2359594188544459,-0.2359594188544459,0,5.119012737206777,5.11335410218772
41477.0,0.924193999999987,5.498198865888761,3.6195039556007518,0.20719653312502803,-0.20719653312502803,0,4.558851410744756,4.553943520713119
41486.0,1.0266119999998218,6.1014495251555525,4.084868749892276,0.2301577885860732,-0.2301577885860732,0,5.093159137523914,5.087756655363044
41495.0,1.0028070000000702,6.1014495251555525,4.102104483014185,0.22482090750808537,-0.22482090750808537,0,5.101777004084869,5.096634634459424
41504.0,1.038941000000099,6.222099657008911,4.033161550526552,0.23292184684327455,-0.23292184684327455,0,5.127630603767732,5.122098539693775
41513.0,1.1130370000001586,6.204863923887003,4.015925817404644,0.2495335477615283,-0.2495335477615283,0,5.110394870645823,5.104024046543975
41522.0,1.0728759999999569,6.084213792033644,4.119340216136093,0.2405297888463264,-0.2405297888463264,0,5.101777004084869,5.095900342773418
41530.0,0.8576659999997251,5.29137006842586,3.7056826212102933,0.1922815142482594,-0.1922815142482594,0,4.498526344818076,4.494291993764553
41539.0,0.8269040000000728,5.8084420620831105,4.308933280477085,0.1853849321973911,-0.1853849321973911,0,5.058687671280097,5.055218384213936
41548.0,0.7034909999999436,5.687791930229753,4.326169013598993,0.1577167740589632,-0.1577167740589632,0,5.006980471914373,5.00445175271658
41557.0,0.6439210000001717,5.687791930229753,4.36064047984281,0.14436168034680882,-0.14436168034680882,0,5.024216205036281,5.022106823164093
41566.0,0.6662599999998773,5.653320463985936,4.308933280477085,0.1493698965367203,-0.1493698965367203,0,4.98112687223151,4.978847422129376
41575.0,0.6766360000001929,5.670556197107844,4.377876212964718,0.15169610859584504,-0.15169610859584504,0,5.024216205036281,5.021889314372129
41584.0,0.6745600000000248,5.705027663351661,4.343404746720902,0.15123068683071522,-0.15123068683071522,0,5.024216205036281,5.021899305759838
41593.0,0.6271979999998737,5.567141798376394,4.395111946086627,0.14061252419181144,-0.14061252419181144,0,4.98112687223151,4.979115624665876
41602.0,0.5739740000001058,5.498198865888761,4.412347679208535,0.12868015038393282,-0.12868015038393282,0,4.955273272548649,4.953583074791128
41611.0,0.5358890000000722,5.532670332132577,4.429583412330444,0.12014181323386072,-0.12014181323386072,0,4.98112687223151,4.979660693237397
41620.0,0.5534669999999089,5.463727399644944,4.412347679208535,0.1240826532081929,-0.1240826532081929,0,4.938037539426739,4.936461488320058
41629.0,0.5549309999997944,5.5154345990106695,4.446819145452352,0.12441086971302989,-0.12441086971302989,0,4.981126872231511,4.979555894618805
41639.0,0.5751960000001031,6.066978058911736,4.912183939743877,0.12895411252118782,-0.12895411252118782,0,5.489580999327806,5.488050113774548
41648.0,0.46435500000011787,5.360313000913494,4.498526344818077,0.10410449119914018,-0.10410449119914018,0,4.9294196728657855,4.928312301109076
41657.0,0.4637449999999959,5.394784467157311,4.481290611696169,0.10396773432208674,-0.10396773432208674,0,4.938037539426739,4.936933985104687
41666.0,0.4438479999997174,5.343077267791585,4.46405487857426,0.0995069940233546,-0.0995069940233546,0,4.9035660731829225,4.90254858657536
41675.0,0.42468300000019593,5.325841534669677,4.515762077939986,0.09521036197722352,-0.09521036197722352,0,4.920801806304832,4.919874701310269
41684.0,0.39941400000015165,5.325841534669677,4.5502335441838015,0.08954526439430739,-0.08954526439430739,0,4.938037539426739,4.937220811737491
41693.0,0.39184499999976474,5.2224271359382275,4.5502335441838015,0.08784835816108848,-0.08784835816108848,0,4.886330340061015,4.885537097013357
41702.0,0.36486800000019326,5.325841534669677,4.56746927730571,0.08180034132260525,-0.08180034132260525,0,4.946655405987693,4.9459752064760085
41712.0,0.3829349999999024,5.8084420620831105,5.101777004084869,0.0858508109901314,-0.0858508109901314,0,5.45510953308399,5.454431269060257
41721.0,0.304565000000093,5.2224271359382275,4.619176476671435,0.06828091516634421,-0.06828091516634421,0,4.920801806304832,4.920326357560532
41730.0,0.28002999999994854,5.170719936572502,4.67088367603716,0.06278037421904033,-0.06278037421904033,0,4.920801806304832,4.92040033925183
41739.0,0.2561029999997654,5.101777004084869,4.601940743549527,0.057416141765550516,-0.057416141765550516,0,4.851858873817198,4.851518279449063
41748.0,0.24060100000030044,5.170719936572502,4.67088367603716,0.05394072355639381,-0.05394072355639381,0,4.920801806304832,4.92050542575301
41758.0,0.2778319999999596,5.722263396473569,5.153484203450594,0.06228760107854545,-0.06228760107854545,0,5.437873799962082,5.437516123612404
41767.0,0.23400900000008718,5.101777004084869,4.688119409159069,0.05246285251805728,-0.05246285251805728,0,4.894948206621969,4.894666586280597
41776.0,0.22814899999981672,5.1362484703286855,4.653647942915252,0.05114908973213926,-0.05114908973213926,0,4.894948206621969,4.894680340138438
41785.0,0.22277800000002942,5.067305537841052,4.705355142280977,0.04994495663955213,-0.04994495663955213,0,4.886330340061015,4.886074756834926
41794.0,0.21862800000005742,5.119012737206777,4.67088367603716,0.04901456149257749,-0.04901456149257749,0,4.894948206621969,4.894702311402323
41804.0,0.20446799999984294,5.601613264620211,5.205191402816319,0.045840008412710194,-0.045840008412710194,0,5.403402333718265,5.403207639406874
41813.0,0.1734619999999382,5.032834071597236,4.688119409159069,0.03888872361097487,-0.03888872361097487,0,4.860476740378152,4.8603209774895735
41822.0,0.16149900000014122,5.0500698047191435,4.757062341646702,0.03620671948009685,-0.03620671948009685,0,4.9035660731829225,4.903432288519902
41831.0,0.15637199999979204,5.0155983384753275,4.739826608524794,0.0350572891381942,-0.0350572891381942,0,4.877712473500061,4.877586395077998
41840.0,0.1467290000002119,5.08454127096296,4.757062341646702,0.032895409523267374,-0.032895409523267374,0,4.920801806304832,4.920691735734617
41850.0,0.15551700000004992,5.584377531498302,5.308605801547769,0.034865605318813775,-0.034865605318813775,0,5.446491666523036,5.446380002665128
41859.0,0.12548900000009372,4.998362605353419,4.791533807890519,0.028133579903512066,-0.028133579903512066,0,4.894948206621969,4.894867324040742
41868.0,0.10632299999998306,5.0155983384753275,4.808769541012427,0.023836723665647208,-0.023836723665647208,0,4.912183939743877,4.912126080420838
41877.0,0.10400399999974473,4.998362605353419,4.757062341646702,0.023316823341292873,-0.023316823341292873,0,4.877712473500061,4.8776567098879156
41886.0,0.09521400000015325,5.032834071597236,4.8432410072562435,0.021346179162598383,-0.021346179162598383,0,4.938037539426739,4.93799138536772
41895.0,0.09875499999998182,4.9294196728657855,4.774298074768611,0.022140041624116435,-0.022140041624116435,0,4.851858873817198,4.851808346886726
41905.0,0.08837900000007329,5.584377531498302,5.343077267791585,0.019813829565082975,-0.019813829565082975,0,5.463727399644943,5.463691455732012
41914.0,0.08325199999992768,4.946655405987694,4.8432410072562435,0.018664399223225957,-0.018664399223225957,0,4.894948206621969,4.894912619435073
41923.0,0.08813500000002451,4.998362605353419,4.808769541012427,0.019759126814261598,-0.019759126814261598,0,4.9035660731829225,4.903526248666456
41932.0,0.0784909999998552,4.946655405987694,4.826005274134335,0.017597023007601006,-0.017597023007601006,0,4.886330340061015,4.886298649673135
41941.0,0.08142100000019399,4.946655405987694,4.791533807890519,0.01825390440060565,-0.01825390440060565,0,4.869094606939107,4.869060382293259
41951.0,0.0781249999999856,5.532670332132577,5.325841534669677,0.017514968881414572,-0.017514968881414572,0,5.4292559334011266,5.429227671418212
41960.0,0.07385299999978565,4.9294196728657855,4.8432410072562435,0.01655722235898361,-0.01655722235898361,0,4.886330340061015,4.8863022862301095
41969.0,0.06665000000028617,5.0155983384753275,4.87771247350006,0.014942370252179312,-0.014942370252179312,0,4.946655405987694,4.946632833536242
41978.0,0.04455599999979373,4.946655405987694,4.826005274134335,0.009989081004503537,-0.009989081004503537,0,4.886330340061015,4.886320128242536
41987.0,0.05871600000000821,4.998362605353419,4.894948206621969,0.013163634084370834,-0.013163634084370834,0,4.946655405987694,4.946637889174545
41996.0,0.06982400000006307,4.981126872231511,4.860476740378152,0.015653954395868433,-0.015653954395868433,0,4.920801806304832,4.92077690373109
42006.0,0.060913000000018605,5.5154345990106695,5.377548734035402,0.013656183033268843,-0.013656183033268843,0,5.446491666523036,5.446474543542525
42015.0,0.06030300000010022,5.0155983384753275,4.8432410072562435,0.01351942615626103,-0.01351942615626103,0,4.9294196728657855,4.929401128113782
42024.0,0.06433099999984428,4.9294196728657855,4.8432410072562435,0.014422469927779343,-0.014422469927779343,0,4.886330340061015,4.886309053897248
42033.0,0.061522999999936996,5.0155983384753275,4.894948206621969,0.013792939910276657,-0.013792939910276657,0,4.955273272548649,4.955254073578808
42042.0,0.039917000000152775,4.946655405987694,4.808769541012427,0.008949056164380546,-0.008949056164380546,0,4.87771247350006,4.877704262539824
42051.0,0.04235799999980483,4.946655405987694,4.912183939743877,0.009496307864008664,-0.009496307864008664,0,4.9294196728657855,4.929410525671946
42061.0,0.046387000000138075,5.480963132766853,5.412020200279219,0.010399575827260747,-0.010399575827260747,0,5.446491666523036,5.446481737634802
42070.0,0.03149399999979875,4.894948206621969,4.826005274134335,0.007060690303332446,-0.007060690303332446,0,4.860476740378152,4.860471611686153
42079.0,0.024292000000074233,4.946655405987694,4.894948206621969,0.0054460623880793774,-0.0054460623880793774,0,4.920801806304832,4.920798792529008
42088.0,0.021973000000243006,4.826005274134335,4.826005274134335,0.004926162063816315,-0.004926162063816315,0,4.826005274134335,4.826002759937569
42097.0,0.017456000000015768,4.9294196728657855,4.860476740378152,0.003913488598967108,-0.003913488598967108,0,4.894948206621969,4.894946642137054
42107.0,0.018798999999855442,5.429255933401127,5.377548734035402,0.0042145779199902885,-0.0042145779199902885,0,5.403402333718265,5.403400690025597
42116.0,0.02648899999988107,4.946655405987694,4.894948206621969,0.005938611336931751,-0.005938611336931751,0,4.920801806304832,4.920798222738473
42125.0,0.023804000000180233,4.894948206621969,4.894948206621969,0.005336656886482254,-0.005336656886482254,0,4.894948206621969,4.8949452975123995
42134.0,0.00878900000002008,4.860476740378152,4.894948206621969,0.001970419987188899,-0.001970419987188899,0,4.87771247350006,4.877712075505821
42143.0,-0.028565000000049138,4.894948206621969,4.946655405987694,-0.006404033102061569,0.006404033102061569,0,4.920801806304832,4.92079763902462
42153.0,-0.06823699999997107,5.360313000913494,5.498198865888761,-0.015298162323978235,0.015298162323978235,0,5.429255933401127,5.429234377029281
42162.0,-0.04467800000002168,4.912183939743877,4.9294196728657855,-0.010016432379959861,0.010016432379959861,0,4.920801806304832,4.920791611938394
42171.0,-0.03808600000001199,4.791533807890519,4.912183939743877,-0.008538561341668971,0.008538561341668971,0,4.851858873817198,4.851851359364021
42180.0,-0.04040500000004677,4.912183939743877,4.946655405987694,-0.00905846166597767,0.00905846166597767,0,4.9294196728657855,4.929411349723454
42189.0,-0.01415999999980737,4.894948206621969,4.912183939743877,-0.0031745530797760275,0.0031745530797760275,0,4.9035660731829225,4.903565045582289
42198.0,0.01135299999987859,4.894948206621969,4.894948206621969,0.0025452472538702053,-0.0025452472538702053,0,4.894948206621969,4.894947544890527
42208.0,0.0061029999999336225,5.498198865888761,5.412020200279219,0.001368241345051267,-0.001368241345051267,0,5.45510953308399,5.455109361483301
42217.0,0.01416000000021448,4.826005274134335,4.894948206621969,0.003174553079867298,-0.003174553079867298,0,4.860476740378152,4.860475703618643
42226.0,0.015136999999777433,4.9294196728657855,4.894948206621969,0.0033935882746127743,-0.0033935882746127743,0,4.912183939743877,4.912182767497562
42235.0,0.013306000000043762,4.894948206621969,4.826005274134335,0.00298309345199247,-0.00298309345199247,0,4.860476740378152,4.86047582490297
42244.0,0.016357000000021316,4.946655405987694,4.912183939743877,0.0036671020287196714,-0.0036671020287196714,0,4.9294196728657855,4.929418308831375
42254.0,0.033814000000015595,5.446491666523036,5.377548734035402,0.0075808148192836435,-0.0075808148192836435,0,5.412020200279219,5.412014890709208
42263.0,0.042602000000057164,4.9294196728657855,4.8432410072562435,0.009551010614875679,-0.009551010614875679,0,4.886330340061015,4.886321004974135
42272.0,0.05224600000002292,4.912183939743877,4.757062341646702,0.011713114421490634,-0.011713114421490634,0,4.83462314069529,4.834608948093287
42281.0,0.05065899999993091,4.860476740378152,4.808769541012427,0.011357322349600438,-0.011357322349600438,0,4.834623140695289,4.834609800262953
42291.0,0.04077199999989489,5.532670332132577,5.429255933401127,0.009140739983760967,-0.009140739983760967,0,5.480963132766853,5.480955509983419
42300.0,0.03625500000007476,4.87771247350006,4.826005274134335,0.008128066519003031,-0.008128066519003031,0,4.851858873817198,4.85185206537492
42309.0,0.03015099999995908,4.894948206621969,4.87771247350006,0.006759600982309265,-0.006759600982309265,0,4.886330340061015,4.886325664539836
42318.0,0.02539099999986513,4.946655405987694,4.87771247350006,0.0056924489582811785,-0.0056924489582811785,0,4.912183939743877,4.912180641258037
42327.0,0.023193000000079782,4.894948206621969,4.860476740378152,0.005199675817831941,-0.005199675817831941,0,4.87771247350006,4.8777097020223135
42337.0,0.03576699999997721,5.429255933401127,5.360313000913494,0.008018661017360273,-0.008018661017360273,0,5.394784467157311,5.394778507563956
42346.0,0.01977500000005055,4.860476740378152,4.8432410072562435,0.004433388923275806,-0.004433388923275806,0,4.851858873817198,4.851856848306197
42355.0,0.026732999999929844,4.946655405987694,4.87771247350006,0.00599331408775313,-0.00599331408775313,0,4.912183939743877,4.9121802833719785
42364.0,0.02490299999997113,4.808769541012427,4.808769541012427,0.005583043456684055,-0.005583043456684055,0,4.808769541012427,4.808766300022974
42374.0,0.020386000000151002,5.480963132766853,5.394784467157311,0.004570369991926119,-0.004570369991926119,0,5.437873799962082,5.437871879212981
42383.0,-0.0017090000001163937,4.860476740378152,4.894948206621969,-0.00038314344730088515,0.00038314344730088515,0,4.87771247350006,4.877712458451947
42392.0,-0.001464999999864061,4.894948206621969,4.894948206621969,-0.0003284406964338702,0.0003284406964338702,0,4.894948206621969,4.8949481956031295
42401.0,-0.01733399999999138,4.87771247350006,4.912183939743877,-0.003886137223556418,0.003886137223556418,0,4.894948206621969,4.89494666398638
42410.0,-0.019408999999977385,4.860476740378152,4.9294196728657855,-0.004351334797043737,0.004351334797043737,0,4.894948206621969,4.894946272480734
42420.0,-0.023438000000107068,5.480963132766853,5.429255933401127,-0.0052546027602501846,0.0052546027602501846,0,5.45510953308399,5.455107002296022
42429.0,0.001831000000140782,4.8432410072562435,4.8432410072562435,0.0004104948227115749,-0.0004104948227115749,0,4.8432410072562435,4.843240989860248
42438.0,0.02343799999990351,4.963891139109602,4.87771247350006,0.005254602760204549,-0.005254602760204549,0,4.920801806304832,4.920799000568599
42447.0,0.02502400000001701,4.87771247350006,4.860476740378152,0.005610170640497881,-0.005610170640497881,0,4.869094606939106,4.869091374912989
42456.0,0.022582999999957838,4.946655405987694,4.894948206621969,0.005062918940778492,-0.005062918940778492,0,4.920801806304832,4.920799201664729
42466.0,0.02307100000005539,5.446491666523036,5.412020200279219,0.005172324442421251,-0.005172324442421251,0,5.429255933401127,5.429253469602047
42475.0,0.022582999999957838,4.87771247350006,4.87771247350006,0.005062918940778492,-0.005062918940778492,0,4.87771247350006,4.87770984592334
42484.0,0.018188999999937054,4.9294196728657855,4.860476740378152,0.004077821042982475,-0.004077821042982475,0,4.894948206621969,4.89494650798903
42493.0,0.00354000000005362,4.826005274134335,4.87771247350006,0.0007936382699668246,-0.0007936382699668246,0,4.851858873817198,4.851858808906038
42503.0,-0.007568999999979749,5.429255933401127,5.429255933401127,-0.0016969062331276367,0.0016969062331276367,0,5.429255933401127,5.42925566821833
42512.0,-0.022582999999957838,4.8432410072562435,4.894948206621969,-0.005062918940778492,0.005062918940778492,0,4.869094606939106,4.869091974637602
42521.0,-0.025390000000090174,4.87771247350006,4.946655405987694,-0.0056922247667299496,0.0056922247667299496,0,4.912183939743877,4.912180641517847
42530.0,-0.028319999999818296,4.87771247350006,4.894948206621969,-0.00634910615959769,0.00634910615959769,0,4.886330340061015,4.886326215163539
42539.0,-0.03369200000019476,4.860476740378152,4.981126872231511,-0.007553463443918589,0.007553463443918589,0,4.920801806304832,4.9207960081354205
42548.0,-0.03881799999995477,4.87771247350006,4.912183939743877,-0.008702669594087473,0.008702669594087473,0,4.894948206621969,4.894940470358547
42558.0,-0.050171000000036915,5.412020200279219,5.463727399644944,-0.011247916848003315,0.011247916848003315,0,5.437873799962082,5.437862166914693
42567.0,-0.025512999999889516,4.894948206621969,4.9294196728657855,-0.005719800333691868,0.005719800333691868,0,4.912183939743877,4.9121806096074465
42576.0,-0.026732999999929844,4.8432410072562435,4.9294196728657855,-0.00599331408775313,0.00599331408775313,0,4.886330340061015,4.886326664238448
42585.0,-0.020629999999996224,4.894948206621969,4.9294196728657855,-0.004625072742701864,0.004625072742701864,0,4.912183939743877,4.912181762347094
42594.0,-0.015259000000005376,4.894948206621969,4.87771247350006,-0.0034209396500690993,0.0034209396500690993,0,4.886330340061015,4.886329142550881
42604.0,-0.01062000000016086,5.429255933401127,5.532670332132577,-0.0023809148099004735,0.0023809148099004735,0,5.480963132766853,5.480962615589584
42613.0,0.007935000000052914,4.9294196728657855,4.8432410072562435,0.001778960359359706,-0.001778960359359706,0,4.886330340061015,4.8863300162038925
42622.0,0.007201999999928073,4.87771247350006,4.87771247350006,0.0016146279152987034,-0.0016146279152987034,0,4.87771247350006,4.87771220626177
42631.0,0.01757800000004016,4.946655405987694,4.860476740378152,0.003940839974377798,-0.003940839974377798,0,4.9035660731829225,4.903564489497576
42640.0,0.03479000000000715,4.87771247350006,4.8432410072562435,0.007799625822523526,-0.007799625822523526,0,4.860476740378152,4.860470482266683
42650.0,0.05297799999996569,5.5154345990106695,5.394784467157311,0.011877222673909137,-0.011877222673909137,0,5.45510953308399,5.455096601614058
42659.0,0.03662099999994438,4.912183939743877,4.8432410072562435,0.008210120645189466,-0.008210120645189466,0,4.87771247350006,4.877705563569962
42668.0,0.019164999999928607,4.946655405987694,4.894948206621969,0.004296632046222357,-0.004296632046222357,0,4.920801806304832,4.920799930437166
42677.0,0.017457000000197835,4.912183939743877,4.87771247350006,0.003913712790609608,-0.003913712790609608,0,4.894948206621969,4.894946642015999
42686.0,0.02245999999995494,4.894948206621969,4.87771247350006,0.005035343373770938,-0.005035343373770938,0,4.886330340061015,4.886327745604664
42695.0,-0.0013420000000647185,4.963891139109602,4.894948206621969,-0.00030086512947195176,0.00030086512947195176,0,4.9294196728657855,4.9294196636837455
42705.0,0.00708000000010724,5.394784467157311,5.446491666523036,0.001587276539933649,-0.001587276539933649,0,5.420638066840173,5.420637834440967
42714.0,0.013060999999812918,4.946655405987694,4.912183939743877,0.002928166509528591,-0.002928166509528591,0,4.9294196728657855,4.929418803162836
42723.0,0.0010990000001980065,4.87771247350006,4.894948206621969,0.00024638657029307185,-0.00024638657029307185,0,4.886330340061015,4.886330333849141
42732.0,-0.027222000000005908,4.894948206621969,4.9294196728657855,-0.0061029437809927535,0.0061029437809927535,0,4.912183939743877,4.912180148524056
42741.0,-0.014648000000108479,4.894948206621969,4.946655405987694,-0.0032839585814644218,0.0032839585814644218,0,4.920801806304832,4.920800710479549
42750.0,-0.006836000000058464,4.87771247350006,4.912183939743877,-0.0015325737891122696,0.0015325737891122696,0,4.894948206621969,4.894947966699985
42760.0,-0.018798999999855442,5.446491666523036,5.429255933401127,-0.0042145779199902885,0.0042145779199902885,0,5.437873799962082,5.437872166722299
42769.0,-0.017822000000088933,4.826005274134335,4.946655405987694,-0.003995542725199177,0.003995542725199177,0,4.886330340061015,4.886328706239093
42778.0,0.007202000000131629,4.963891139109602,4.8432410072562435,0.001614627915344339,-0.001614627915344339,0,4.9035660731829225,4.903565807313383
42787.0,0.017577999999836603,4.894948206621969,4.860476740378152,0.0039408399743321625,-0.0039408399743321625,0,4.87771247350006,4.877710881523688
42796.0,0.027222000000209464,4.981126872231511,4.87771247350006,0.006102943781038389,-0.006102943781038389,0,4.9294196728657855,4.929415894532733
42806.0,0.04577599999983406,5.463727399644944,5.412020200279219,0.010262594758564798,-0.010262594758564798,0,5.437873799962082,5.437864115758806
42815.0,0.036133000000050375,4.9294196728657855,4.860476740378152,0.008100715143592343,-0.008100715143592343,0,4.894948206621969,4.8949415033124755
42824.0,0.038452000000085154,4.946655405987694,4.8432410072562435,0.00862061546790104,-0.00862061546790104,0,4.894948206621969,4.894940614801965
42833.0,0.014892999999728655,4.894948206621969,4.894948206621969,0.0033388855237913946,-0.0033388855237913946,0,4.894948206621969,4.894947067881354
42842.0,0.030883000000308965,4.946655405987694,4.87771247350006,0.006923709234819039,-0.006923709234819039,0,4.912183939743877,4.912179060036648
42852.0,0.018554999999806664,5.446491666523036,5.429255933401127,0.004159875169168909,-0.004159875169168909,0,5.437873799962082,5.4378722088441265
42861.0,0.0019530000001651707,4.912183939743877,4.912183939743877,0.0004378461981222646,-0.0004378461981222646,0,4.912183939743877,4.912183920230225
42870.0,-0.014282000000035313,4.87771247350006,4.912183939743877,-0.0032019044552323525,0.0032019044552323525,0,4.894948206621969,4.894947159387604
42879.0,-0.010864000000209638,4.894948206621969,4.963891139109602,-0.0024356175607218532,0.0024356175607218532,0,4.9294196728657855,4.9294190711193
42888.0,-0.018066999999912667,4.860476740378152,4.860476740378152,-0.004050469667571785,0.004050469667571785,0,4.860476740378152,4.860475052653176
42897.0,-0.031004999999722685,4.860476740378152,4.963891139109602,-0.006951060610092822,0.006951060610092822,0,4.912183939743877,4.912179021104237
42907.0,-0.03198300000007837,5.412020200279219,5.480963132766853,-0.007170319996617704,0.007170319996617704,0,5.446491666523036,5.44648694646793
42916.0,-0.02685500000015779,4.826005274134335,4.860476740378152,-0.006020665463209456,0.006020665463209456,0,4.8432410072562435,4.843237265048327
42925.0,-0.030884000000083917,4.860476740378152,4.981126872231511,-0.006923933426370267,0.006923933426370267,0,4.920801806304832,4.920796934335716
42934.0,-0.05029299999985774,4.860476740378152,4.894948206621969,-0.011275268223368369,0.011275268223368369,0,4.87771247350006,4.8776994414945785
42943.0,-0.03735399999986566,4.912183939743877,4.946655405987694,-0.008374453089204833,0.008374453089204833,0,4.9294196728657855,4.929412559232256
42953.0,-0.029907000000113856,5.394784467157311,5.446491666523036,-0.0067048982315335215,0.0067048982315335215,0,5.420638066840173,5.420633920037636
42962.0,-0.02917500000017108,4.87771247350006,4.9294196728657855,-0.006540789979115018,0.006540789979115018,0,4.9035660731829225,4.903561710738825
42971.0,-0.00817799999971607,4.9294196728657855,4.912183939743877,-0.0018334389184929505,0.0018334389184929505,0,4.920801806304832,4.920801464743805
42980.0,-0.005616000000221689,4.860476740378152,4.87771247350006,-0.001259060035096643,0.001259060035096643,0,4.869094606939106,4.869094444153497
42989.0,0.00878900000002008,4.9294196728657855,4.912183939743877,0.001970419987188899,-0.001970419987188899,0,4.920801806304832,4.920801411799371
42999.0,-0.015746999999899376,5.377548734035402,5.446491666523036,-0.003530345151666223,0.003530345151666223,0,5.412020200279219,5.4120190487832796
43008.0,-0.03283700000004553,4.894948206621969,4.9294196728657855,-0.007361779624446897,0.007361779624446897,0,4.912183939743877,4.912178423218453
43017.0,-0.03063900000005663,4.87771247350006,4.894948206621969,-0.006869006483952024,0.006869006483952024,0,4.886330340061015,4.886325511966758
43026.0,0.011351999999900081,4.860476740378152,4.894948206621969,0.0025450230622733414,-0.0025450230622733414,0,4.87771247350006,4.877711809539036
43035.0,0.001587000000092005,4.912183939743877,4.912183939743877,0.00035579207189019536,-0.00035579207189019536,0,4.912183939743877,4.9121839268587735
43044.0,-0.015013999999774534,4.826005274134335,4.894948206621969,-0.0033660127076052203,0.0033660127076052203,0,4.860476740378152,4.86047557479214
43054.0,-0.041138000000171614,5.377548734035402,5.446491666523036,-0.009222794110038672,0.009222794110038672,0,5.412020200279219,5.4120123415505255
43063.0,-0.04724099999990168,4.826005274134335,4.912183939743877,-0.010591035455044303,0.010591035455044303,0,4.869094606939106,4.869083087506019
43072.0,-0.02697800000016069,4.9294196728657855,4.894948206621969,-0.00604824103021701,0.00604824103021701,0,4.912183939743877,4.91218021618336
43081.0,-0.015013999999774534,4.87771247350006,4.912183939743877,-0.0033660127076052203,0.0033660127076052203,0,4.894948206621969,4.89494704928817
43090.0,0.0031729999997983896,4.912183939743877,4.912183939743877,0.0007113599520922557,-0.0007113599520922557,0,4.912183939743877,4.912183888235935
43100.0,0.010742999999960203,5.463727399644944,5.412020200279219,0.002408490376862392,-0.002408490376862392,0,5.437873799962082,5.437873266577492
43109.0,0.015746999999899376,4.8432410072562435,4.826005274134335,0.003530345151666223,-0.003530345151666223,0,4.834623140695289,4.834621851724966
43118.0,0.0052490000001700135,4.87771247350006,4.860476740378152,0.0011767817172677096,-0.0011767817172677096,0,4.869094606939106,4.869094464734077
43127.0,0.010986000000030471,4.860476740378152,4.87771247350006,0.0024629689360869075,-0.0024629689360869075,0,4.869094606939106,4.869093984006682
43137.0,0.011963000000000534,5.463727399644944,5.429255933401127,0.0026820041309236543,-0.0026820041309236543,0,5.446491666523036,5.446491006169792
43146.0,-0.021239999999914612,4.808769541012427,4.8432410072562435,-0.004761829619709676,0.004761829619709676,0,4.826005274134335,4.826002924852402
43155.0,-0.025025000000199072,4.8432410072562435,4.912183939743877,-0.00561039483214038,0.00561039483214038,0,4.87771247350006,4.877709246775314
43164.0,-0.011962999999796978,4.826005274134335,4.860476740378152,-0.002682004130878019,0.002682004130878019,0,4.8432410072562435,4.843240264650664
43174.0,-0.013672000000116927,5.360313000913494,5.343077267791585,-0.0030651475782245393,0.0030651475782245393,0,5.351695134352539,5.351694256579097
43183.0,0.016357999999999828,4.8432410072562435,4.8432410072562435,0.0036673262203165357,-0.0036673262203165357,0,4.8432410072562435,4.843239618797997
43192.0,-0.015381000000029765,4.757062341646702,4.894948206621969,-0.003448291025479789,0.003448291025479789,0,4.826005274134335,4.826004041941981
43202.0,-0.03503400000005592,5.394784467157311,5.394784467157311,-0.007854328573344905,0.007854328573344905,0,5.394784467157311,5.394778749562878
43211.0,-0.04565399999980967,4.8432410072562435,4.8432410072562435,-0.010235243383154109,0.010235243383154109,0,4.8432410072562435,4.8432301921991305
43220.0,-0.03149500000018437,4.860476740378152,4.9294196728657855,-0.007060914495020581,0.007060914495020581,0,4.894948206621969,4.894943113727596
43229.0,-0.024657999999943843,4.8432410072562435,4.87771247350006,-0.005528116514265811,0.005528116514265811,0,4.860476740378152,4.860473596609705
43239.0,-0.0090329999998653,5.394784467157311,5.429255933401127,-0.002025122737964643,0.002025122737964643,0,5.412020200279219,5.412019821385282
43248.0,-0.015503000000054154,4.87771247350006,4.87771247350006,-0.0034756424008904785,0.0034756424008904785,0,4.87771247350006,4.8777112352059255
43257.0,-0.02050800000017539,4.791533807890519,4.894948206621969,-0.004597721367336809,0.004597721367336809,0,4.843241007256244,4.843238824684992
43266.0,-0.017943999999909768,4.912183939743877,4.87771247350006,-0.004022894100564231,0.004022894100564231,0,4.894948206621969,4.894946553502393
43276.0,-0.025269000000044294,5.343077267791585,5.446491666523036,-0.005665097582916124,0.005665097582916124,0,5.394784467157311,5.394781492408939
43285.0,-0.026610999999905457,4.894948206621969,4.9294196728657855,-0.00596596271234244,0.00596596271234244,0,4.912183939743877,4.912180316802396
43294.0,-0.01977500000005055,4.860476740378152,4.912183939743877,-0.004433388923275806,0.004433388923275806,0,4.886330340061015,4.8863283287893555
43303.0,0.0036620000000780087,4.87771247350006,4.808769541012427,0.0008209896453775143,-0.0008209896453775143,0,4.8432410072562435,4.843240937668737
43313.0,0.028564000000070627,5.446491666523036,5.343077267791585,0.006403808910464705,-0.006403808910464705,0,5.394784467157311,5.394780666032994
43322.0,0.05798400000006544,4.87771247350006,4.757062341646702,0.012999525831952331,-0.012999525831952331,0,4.817387407573381,4.817369865570129
43331.0,0.07226499999991869,4.9294196728657855,4.8432410072562435,0.016201206095542185,-0.016201206095542185,0,4.886330340061015,4.886303479686424
43340.0,0.043334999999774894,4.87771247350006,4.757062341646702,0.00971534305884541,-0.00971534305884541,0,4.817387407573381,4.81737760948182
43350.0,0.051758000000128916,5.463727399644944,5.377548734035402,0.011603708919893511,-0.011603708919893511,0,5.420638066840173,5.420625646336835
43359.0,0.03735299999988715,4.894948206621969,4.826005274134335,0.008374228897607968,-0.008374228897607968,0,4.860476740378152,4.860469525954057
43368.0,0.03942900000025878,4.894948206621969,4.8432410072562435,0.008839650662783423,-0.008839650662783423,0,4.869094606939106,4.869086582712835
43377.0,0.009887999999810973,4.894948206621969,4.8432410072562435,0.0022168065573907,-0.0022168065573907,0,4.869094606939106,4.869094102289937
43387.0,-0.0031739999999804546,5.343077267791585,5.412020200279219,-0.0007115841437347553,0.0007115841437347553,0,5.377548734035402,5.377548686953281
43396.0,-0.01757800000004016,4.860476740378152,4.894948206621969,-0.003940839974377798,0.003940839974377798,0,4.87771247350006,4.877710881523688
43405.0,-0.039916999999949215,4.774298074768611,4.860476740378152,-0.00894905616433491,0.00894905616433491,0,4.817387407573381,4.817379094788896
43414.0,-0.051391999999852195,4.8432410072562435,4.963891139109602,-0.011521654793615806,0.011521654793615806,0,4.9035660731829225,4.903552535272852
43424.0,-0.07031200000016063,5.325841534669677,5.498198865888761,-0.01576335989751119,0.01576335989751119,0,5.412020200279219,5.411997237970867
43433.0,-0.0599369999998235,4.808769541012427,4.912183939743877,-0.013437372029983324,0.013437372029983324,0,4.860476740378152,4.86045816376744
43442.0,-0.04162600000006561,4.8432410072562435,4.87771247350006,-0.009332199611635795,0.009332199611635795,0,4.860476740378152,4.8604677812977375
43451.0,-0.021362000000142555,4.860476740378152,4.87771247350006,-0.004789180995166001,0.004789180995166001,0,4.869094606939106,4.869092251643957
43461.0,0.012695000000146865,5.412020200279219,5.360313000913494,0.0028461123833877925,-0.0028461123833877925,0,5.386166600596356,5.386165848619928
43470.0,0.03247099999997237,4.8432410072562435,4.774298074768611,0.007279725498214828,-0.007279725498214828,0,4.808769541012428,4.808764030555427
43479.0,0.034179999999885205,4.946655405987694,4.860476740378152,0.007662868945470077,-0.007662868945470077,0,4.9035660731829225,4.903560085297114
43488.0,0.032715000000021144,4.894948206621969,4.8432410072562435,0.007334428249036207,-0.007334428249036207,0,4.869094606939106,4.869089082784495
43498.0,0.06591799999993629,5.532670332132577,5.360313000913494,0.014778261999669537,-0.014778261999669537,0,5.446491666523036,5.446471612282154
43507.0,0.063110000000029,4.9294196728657855,4.808769541012427,0.014148731982166853,-0.014148731982166853,0,4.869094606939106,4.86907404705101
43516.0,0.05786100000006254,4.9294196728657855,4.826005274134335,0.012971950264944777,-0.012971950264944777,0,4.87771247350006,4.877695222635742
43525.0,0.04467800000002168,4.946655405987694,4.826005274134335,0.010016432379959861,-0.010016432379959861,0,4.886330340061015,4.886320072243634
43535.0,0.052855999999941304,5.394784467157311,5.360313000913494,0.011849871298498448,-0.011849871298498448,0,5.377548734035402,5.377535677865403
43544.0,0.013915999999962148,4.912183939743877,4.87771247350006,0.003119850329000283,-0.003119850329000283,0,4.894948206621969,4.894947212374086
43553.0,-0.024901999999992618,4.791533807890519,4.946655405987694,-0.005582819265087191,0.005582819265087191,0,4.869094606939107,4.869091405548168
43562.0,-0.063110000000029,4.8432410072562435,4.946655405987694,-0.014148731982166853,0.014148731982166853,0,4.894948206621969,4.894927756180683
43571.0,-0.07519600000003243,4.791533807890519,4.946655405987694,-0.01685831168009806,0.01685831168009806,0,4.869094606939107,4.869065415449891
43581.0,-0.08618099999988084,5.325841534669677,5.532670332132577,-0.019321056424542467,0.019321056424542467,0,5.4292559334011266,5.429221542394284
43590.0,-0.06420900000002346,4.860476740378152,4.912183939743877,-0.014395118552414288,0.014395118552414288,0,4.886330340061015,4.886309135611469
43599.0,-0.04565400000001323,4.791533807890519,4.87771247350006,-0.010235243383199744,0.010235243383199744,0,4.83462314069529,4.834612305499445
43608.0,-0.01635799999979627,4.860476740378152,4.87771247350006,-0.0036673262202709003,0.0036673262202709003,0,4.869094606939106,4.869093225848872
43618.0,0.009887999999810973,5.463727399644944,5.394784467157311,0.0022168065573907,-0.0022168065573907,0,5.429255933401127,5.429255480813437
43627.0,0.03479000000000715,4.9294196728657855,4.8432410072562435,0.007799625822523526,-0.007799625822523526,0,4.886330340061015,4.886324114655295
43636.0,0.043823000000076,4.963891139109602,4.774298074768611,0.009824748560533805,-0.009824748560533805,0,4.869094606939107,4.869084691133612
43645.0,0.06738300000000391,4.912183939743877,4.8432410072562435,0.015106702696149044,-0.015106702696149044,0,4.87771247350006,4.877689079109363
43654.0,0.06921399999994113,4.946655405987694,4.774298074768611,0.015517197518814982,-0.015517197518814982,0,4.860476740378152,4.860451963251682
43664.0,0.08203099999990883,5.5154345990106695,5.308605801547769,0.01839066127756783,-0.01839066127756783,0,5.412020200279219,5.411988942356016
43673.0,0.09667999999999582,4.963891139109602,4.774298074768611,0.021674844050629114,-0.021674844050629114,0,4.869094606939107,4.869046346426
43682.0,0.06188900000021372,4.87771247350006,4.8432410072562435,0.01387499403655436,-0.01387499403655436,0,4.860476740378152,4.860456936075614
43691.0,0.04772999999997774,4.9294196728657855,4.8432410072562435,0.010700665148283927,-0.010700665148283927,0,4.886330340061015,4.886318622399752
43701.0,0.02685499999975068,5.446491666523036,5.360313000913494,0.006020665463118185,-0.006020665463118185,0,5.403402333718265,5.403398979286937
43710.0,0.021973000000243006,4.87771247350006,4.894948206621969,0.004926162063816315,-0.004926162063816315,0,4.886330340061015,4.886327856895942
43719.0,0.019530999999798217,4.894948206621969,4.8432410072562435,0.004378686172408792,-0.004378686172408792,0,4.869094606939106,4.8690926380492945
43728.0,0.019043000000107772,4.87771247350006,4.8432410072562435,0.004269280670857303,-0.004269280670857303,0,4.860476740378152,4.860474865358778
43738.0,0.02709999999998152,5.429255933401127,5.343077267791585,0.006075592405582064,-0.006075592405582064,0,5.386166600596356,5.386163173748178
43747.0,0.041382000000016836,4.894948206621969,4.774298074768611,0.009277496860814416,-0.009277496860814416,0,4.83462314069529,4.834614237714593
43756.0,0.08703600000003006,5.032834071597236,4.791533807890519,0.01951274024401416,-0.01951274024401416,0,4.912183939743878,4.912145161438406
43765.0,0.14306599999995182,5.08454127096296,4.67088367603716,0.032074195686247364,-0.032074195686247364,0,4.87771247350006,4.877606832449728
43775.0,0.2509770000000054,5.722263396473569,5.1362484703286855,0.05626693561538163,-0.05626693561538163,0,5.429255933401127,5.428963540057329
43784.0,0.3247069999999917,5.256898602182044,4.515762077939986,0.07279658240740332,-0.07279658240740332,0,4.886330340061015,4.885785034694969
43793.0,0.38000499999997067,5.274134335303953,4.46405487857426,0.08519392959721801,-0.08519392959721801,0,4.869094606939107,4.868344278146253
43802.0,0.46154700000021054,5.429255933401127,4.395111946086627,0.1034749611816375,-0.1034749611816375,0,4.912183939743877,4.911082267909736
43811.0,0.5335699999998339,5.5154345990106695,4.377876212964718,0.1196219129095064,-0.1196219129095064,0,4.946655405987694,4.945190341909071
43820.0,0.6066890000001269,5.584377531498302,4.291697547355177,0.13601457863296904,-0.13601457863296904,0,4.938037539426739,4.936132856939828
43829.0,0.6823729999998498,5.739499129595478,4.222754614867544,0.15298229581461859,-0.15298229581461859,0,4.981126872231511,4.978723804977159
43838.0,0.8009039999998606,5.825677795205019,4.136575949258002,0.1795559505536077,-0.1795559505536077,0,4.98112687223151,4.977798569833026
43847.0,0.8933100000003101,5.980799393302195,4.119340216136093,0.20027259969874903,-0.20027259969874903,0,5.0500698047191435,5.045964746524568
43856.0,1.0161129999999103,6.170392457643186,3.981454351160827,0.2278040009600322,-0.2278040009600322,0,5.0759234044020065,5.070572438495427
43865.0,1.1336669999999511,6.222099657008911,3.8780399524293765,0.25415862050418453,-0.25415862050418453,0,5.0500698047191435,5.043326708718127
43874.0,1.2294929999999797,6.377221255106086,3.7746255536979265,0.2756420049269845,-0.2756420049269845,0,5.0759234044020065,5.067936907782958
43883.0,1.3333739999999252,6.549578586325169,3.6712111549664765,0.29893125270131543,-0.29893125270131543,0,5.110394870645823,5.100934203019708
43891.0,1.3000480000000072,5.980799393302195,3.2058463606749514,0.29145984338367453,-0.29145984338367453,0,4.593322876988573,4.5831945514089725
43900.0,1.5952150000001402,6.75640738378807,3.343732225650218,0.3576338058774189,-0.3576338058774189,0,5.050069804719144,5.03586556981832
43909.0,1.7701419999999424,6.877057515641428,3.2575535600406766,0.3968509701848276,-0.3968509701848276,0,5.067305537841053,5.0496408917233335
43918.0,1.8901370000000424,7.014943380616694,3.085196228821593,0.4237528414286994,-0.4237528414286994,0,5.0500698047191435,5.029339877011519
43927.0,1.99133299999988,7.101122046226236,2.981781830090143,0.44644013475248956,-0.44644013475248956,0,5.04145193815819,5.018021120321533
43936.0,2.1063230000002657,7.204536444957687,2.723245833261518,0.47221992703000626,-0.47221992703000626,0,4.963891139109602,4.936157347419975
43945.0,2.264647999999816,7.221772178079595,2.6543029007738843,0.5077150623662314,-0.5077150623662314,0,4.938037539426739,4.9055145806120874
43955.0,2.634522000000109,8.118030300418829,2.688774367017701,0.5906377068468799,-0.5906377068468799,0,5.403402333718265,5.36139417921369
43964.0,2.492308999999942,7.307950843689136,2.326823971457626,0.5587547465968192,-0.5587547465968192,0,4.817387407573381,4.774593698090986
43973.0,2.5379640000001373,7.4458367086644035,2.223409572726176,0.5689902141716615,-0.5689902141716615,0,4.83462314069529,4.78909362483345
43982.0,2.6445319999999444,7.514779641152036,2.1544666402385424,0.5928818647796813,-0.5928818647796813,0,4.834623140695289,4.784374635455077
43992.0,2.9943839999997954,8.290387631637913,2.2406453058480844,0.6713157450113507,-0.6713157450113507,0,5.265516468742998,5.2048604418878845
44001.0,2.7189940000002806,7.497543908030129,1.9821093090194593,0.6095756198242127,-0.6095756198242127,0,4.739826608524794,4.683712990454941
44011.0,3.1088869999998585,8.428273496613178,2.1372309071166344,0.6969863559787758,-0.6969863559787758,0,5.2827522018649065,5.215756440416001
44020.0,2.863280999999844,7.532015374273945,1.8959306434099175,0.6419235534560269,-0.6419235534560269,0,4.713973008841931,4.65030028049296
44030.0,3.0775150000002878,8.186973232906462,2.2406453058480844,0.6899530170508997,-0.6899530170508997,0,5.213809269377274,5.149737740424317
44040.0,2.934203999999698,8.100794567296921,2.326823971457626,0.6578238944220972,-0.6578238944220972,0,5.213809269377274,5.156640010141317
44049.0,2.569335999999912,6.911528981885245,2.3440597045795344,0.5760235530995832,-0.5760235530995832,0,4.62779434323239,4.581993153426164
44059.0,2.4484860000000697,7.497543908030129,2.9645460969682347,0.548929998036331,-0.548929998036331,0,5.231045002499181,5.196262437658282
44068.0,2.0139160000000413,6.721935917544253,2.7749530326272427,0.4515030536933137,-0.4515030536933137,0,4.748444475085748,4.7228794871886635
44078.0,2.149292000000375,7.411365242420587,3.292025026284493,0.48185321596271086,-0.48185321596271086,0,5.35169513435254,5.326534055933043
44087.0,1.8658449999995612,6.635757251934711,3.1024319619435015,0.41830677904052876,-0.41830677904052876,0,4.869094606939107,4.848610966409901
44096.0,1.8011480000002544,6.601285785690894,3.136903428187318,0.40380225498665423,-0.40380225498665423,0,4.869094606939106,4.850101012431493
44105.0,1.747191999999933,6.566814319447078,3.2575535600406766,0.3917057729262202,-0.3917057729262202,0,4.912183939743877,4.89470920980398
44114.0,1.6650389999999997,6.497871386959445,3.343732225650218,0.3732877602732417,-0.3732877602732417,0,4.920801806304832,4.905132011311386
44124.0,1.728515999999877,7.049414846860511,3.895275685551285,0.38751877057319184,-0.38751877057319184,0,5.472345266205898,5.457464606587402
44133.0,1.4273679999998345,6.273806856374636,3.6367396887226597,0.3200039181098069,-0.3200039181098069,0,4.955273272548648,4.944201831631587
44142.0,1.3107910000003744,6.170392457643186,3.7229183543322018,0.2938683337606282,-0.2938683337606282,0,4.946655405987694,4.937390276497964
44151.0,1.1914059999997857,5.980799393302195,3.84356848618556,0.267103219393673,-0.267103219393673,0,4.912183939743877,4.904582430770812
44160.0,1.1040040000000897,5.8946207276926526,3.895275685551285,0.24750842502351805,-0.24750842502351805,0,4.894948206621969,4.888433640541287
44169.0,1.006713999999972,5.860149261448836,4.067633016770368,0.22569682409583547,-0.22569682409583547,0,4.963891139109602,4.95859689617895
44178.0,0.9263910000002009,5.773970595839295,4.0503972836484605,0.20768908207397166,-0.20768908207397166,0,4.912183939743878,4.907660972336115
44187.0,0.8297119999997765,5.687791930229753,4.1710474155018185,0.18601446221484813,-0.18601446221484813,0,4.9294196728657855,4.925829216098036
44197.0,0.8354500000002262,6.273806856374636,4.67088367603716,0.18730087362540113,-0.18730087362540113,0,5.472345266205898,5.469072846005579
44206.0,0.687377999999564,5.532670332132577,4.239990347989452,0.15410437478097366,-0.15410437478097366,0,4.886330340061015,4.883859013901858
44215.0,0.655151000000251,5.532670332132577,4.308933280477085,0.1468793520337171,-0.1468793520337171,0,4.920801806304831,4.9185769104264985
44224.0,0.6260990000000828,5.549906065254485,4.343404746720902,0.14036613762160965,-0.14036613762160965,0,4.946655405987693,4.944635141427451
44233.0,0.5966789999996809,5.463727399644944,4.308933280477085,0.13377042070003076,-0.13377042070003076,0,4.886330340061015,4.884474447939611
44242.0,0.5607910000002685,5.480963132766853,4.377876212964718,0.12572463249899354,-0.12572463249899354,0,4.9294196728657855,4.927796888489802
44252.0,0.6224370000002083,6.032506592667919,4.87771247350006,0.13954514797627776,-0.13954514797627776,0,5.45510953308399,5.453305420190745
44261.0,0.5225829999998249,5.377548734035402,4.412347679208535,0.11715871978182263,-0.11715871978182263,0,4.894948206621969,4.893533007689087
44270.0,0.4978029999998567,5.343077267791585,4.412347679208535,0.11160325189214612,-0.11160325189214612,0,4.87771247350006,4.876424519477476
44279.0,0.4473869999999961,5.239662869060136,4.46405487857426,0.1003004081017702,-0.1003004081017702,0,4.851858873817198,4.850815819250386
44288.0,0.42273000000003075,5.274134335303953,4.46405487857426,0.09477251577910126,-0.09477251577910126,0,4.869094606939107,4.868166122510192
44298.0,0.43859800000017957,5.8084420620831105,5.0155983384753275,0.09832998811462694,-0.09832998811462694,0,5.412020200279219,5.4111223404157816
44307.0,0.3690189999999402,5.187955669694411,4.46405487857426,0.08273096066113111,-0.08273096066113111,0,4.826005274134335,4.825292306650388
44316.0,0.3454589999998088,5.205191402816319,4.584705010427618,0.07744900652547024,-0.07744900652547024,0,4.894948206621969,4.894333145147861
44326.0,0.3531490000002415,5.722263396473569,5.032834071597236,0.07917303994250297,-0.07917303994250297,0,5.377548734035402,5.376963598484618
44335.0,0.28918500000004177,5.101777004084869,4.56746927730571,0.0648328483324613,-0.0648328483324613,0,4.834623140695289,4.834187161004175
44344.0,0.27551299999992485,5.119012737206777,4.601940743549527,0.06176770075423675,-0.06176770075423675,0,4.860476740378152,4.860083198308671
44353.0,0.25415000000000737,5.067305537841052,4.601940743549527,0.05697829556751952,-0.05697829556751952,0,4.834623140695289,4.8342866386874865
44363.0,0.27307099999988715,5.670556197107844,5.119012737206777,0.061220224862920496,-0.061220224862920496,0,5.394784467157311,5.394436226414176
44372.0,0.23083500000010673,5.0500698047191435,4.601940743549527,0.05175126837432253,-0.05175126837432253,0,4.826005274134335,4.825727223729645
44381.0,0.21789599999991108,5.032834071597236,4.601940743549527,0.048850453240113355,-0.048850453240113355,0,4.817387407573381,4.817139247842242
44391.0,0.21667399999971018,5.618848997742119,5.187955669694411,0.04857649110281273,-0.04857649110281273,0,5.403402333718265,5.4031836484939015
44400.0,0.1851810000000935,4.946655405987694,4.688119409159069,0.04151602499112278,-0.04151602499112278,0,4.817387407573381,4.817208397072818
44409.0,0.16540500000006444,4.998362605353419,4.653647942915252,0.03708241187625011,-0.03708241187625011,0,4.826005274134335,4.82586263026667
44418.0,0.1489260000002223,4.946655405987694,4.739826608524794,0.033387958472165385,-0.033387958472165385,0,4.843241007256244,4.843125875219453
44428.0,0.15185599999995042,5.5154345990106695,5.256898602182044,0.03404483986503313,-0.03404483986503313,0,5.386166600596357,5.386058946641658
44437.0,0.12097099999988799,4.981126872231511,4.757062341646702,0.027120682247065993,-0.027120682247065993,0,4.869094606939107,4.869019038081014
44446.0,0.1135260000000932,4.9294196728657855,4.722590875402886,0.02545157577258841,-0.02545157577258841,0,4.826005274134335,4.825938130947511
44456.0,0.11486800000015791,5.532670332132577,5.274134335303953,0.025752440902060362,-0.025752440902060362,0,5.403402333718265,5.403340931974002
44465.0,0.09875499999977827,4.9294196728657855,4.722590875402886,0.022140041624070798,-0.022140041624070798,0,4.826005274134335,4.825954466184147
44474.0,0.11120599999987635,4.998362605353419,4.739826608524794,0.024931451256637212,-0.024931451256637212,0,4.869094606939107,4.869030734345261
44483.0,0.10534700000019506,4.9294196728657855,4.757062341646702,0.023617912662452962,-0.023617912662452962,0,4.843241007256244,4.843183404042355
44493.0,0.10656700000003184,5.480963132766853,5.29137006842586,0.023891426416468586,-0.023891426416468586,0,5.386166600596356,5.38611359734508
44502.0,0.09533699999995258,4.998362605353419,4.774298074768611,0.0213737547295603,-0.0213737547295603,0,4.886330340061015,4.886283569677184
44511.0,0.09423800000016169,4.912183939743877,4.705355142280977,0.0211273681593585,-0.0211273681593585,0,4.808769541012428,4.808723108579679
44521.0,0.10559099999983673,5.5154345990106695,5.308605801547769,0.02367261541318307,-0.02367261541318307,0,5.412020200279219,5.4119684091430225
44530.0,0.10144000000008976,4.9294196728657855,4.722590875402886,0.0227419960746572,-0.0227419960746572,0,4.826005274134335,4.825951665889345
44539.0,0.09985399999997627,4.9294196728657855,4.774298074768611,0.022386428194363872,-0.022386428194363872,0,4.851858873817198,4.851807216064326
44548.0,0.09057599999988013,4.894948206621969,4.739826608524794,0.02030637851393535,-0.02030637851393535,0,4.817387407573381,4.817344599056538
44558.0,0.10900900000006952,5.5154345990106695,5.343077267791585,0.024438902307784838,-0.024438902307784838,0,5.429255933401127,5.429200916527487
44567.0,0.09997500000002216,4.981126872231511,4.757062341646702,0.022413555378177696,-0.022413555378177696,0,4.869094606939107,4.869042993077182
44576.0,0.0866699999999569,4.912183939743877,4.791533807890519,0.019430686117782092,-0.019430686117782092,0,4.851858873817198,4.851819960340773
44585.0,0.07434100000008675,4.946655405987694,4.826005274134335,0.016666627860672002,-0.016666627860672002,0,4.886330340061015,4.886301912142418
44595.0,0.06909199999991675,5.429255933401127,5.256898602182044,0.015489846143404293,-0.015489846143404293,0,5.343077267791585,5.343054809174468
44604.0,0.06445300000007223,4.963891139109602,4.826005274134335,0.014449821303235667,-0.014449821303235667,0,4.894948206621969,4.894926874690693
44613.0,0.05517600000015815,4.912183939743877,4.757062341646702,0.012369995814449645,-0.012369995814449645,0,4.83462314069529,4.834607311598406
44622.0,0.06713899999975158,4.912183939743877,4.826005274134335,0.015051999945282028,-0.015051999945282028,0,4.869094606939106,4.869071339900711
44632.0,0.05981400000022771,5.498198865888761,5.377548734035402,0.013409796463067043,-0.013409796463067043,0,5.437873799962082,5.437857263723858
44641.0,0.04296899999970173,4.860476740378152,4.791533807890519,0.009633288932613341,-0.009633288932613341,0,4.826005274134335,4.82599565906888
44650.0,0.04016100000020155,4.946655405987694,4.808769541012427,0.009003758915201925,-0.009003758915201925,0,4.87771247350006,4.8777041618512715
44659.0,0.040648999999891994,4.860476740378152,4.826005274134335,0.009113164416753413,-0.009113164416753413,0,4.8432410072562435,4.843232433390436
44669.0,0.05200199999997414,5.480963132766853,5.360313000913494,0.011658411670669255,-0.011658411670669255,0,5.420638066840173,5.420625528193922
44678.0,0.04248100000001129,4.860476740378152,4.808769541012427,0.009523883431061853,-0.009523883431061853,0,4.834623140695289,4.834613759748434
44687.0,0.04321300000015762,4.87771247350006,4.8432410072562435,0.009687991683525991,-0.009687991683525991,0,4.860476740378152,4.860467085143857
44696.0,0.03271400000004263,4.9294196728657855,4.8432410072562435,0.007334204057439343,-0.007334204057439343,0,4.886330340061015,4.886324835455541
44706.0,0.030639999999831587,5.394784467157311,5.412020200279219,0.006869230675503253,-0.006869230675503253,0,5.403402333718265,5.403397967358886
44715.0,0.019897999999849893,4.912183939743877,4.826005274134335,0.004460964490237725,-0.004460964490237725,0,4.869094606939106,4.869092563258313
44724.0,0.01062000000016086,4.808769541012427,4.8432410072562435,0.0023809148099004735,-0.0023809148099004735,0,4.826005274134335,4.826004686813531
44733.0,0.0186760000000561,4.912183939743877,4.826005274134335,0.00418700235302837,-0.00418700235302837,0,4.869094606939106,4.869092806568254
44743.0,0.010742999999756649,5.377548734035402,5.343077267791585,0.0024084903768167567,-0.0024084903768167567,0,5.360313000913494,5.36031245981776
44752.0,-0.0006109999996933412,4.826005274134335,4.87771247350006,-0.000136981068559042,0.000136981068559042,0,4.851858873817198,4.85185887188347
44761.0,0.002807999999907289,4.894948206621969,4.826005274134335,0.0006295300175026861,-0.0006295300175026861,0,4.860476740378152,4.860476699607668
44771.0,0.00024400000004877709,5.377548734035402,5.412020200279219,5.470275082137948e-05,-5.470275082137948e-05,0,5.394784467157311,5.394784466879967
44780.0,0.0014650000000676164,4.894948206621969,4.826005274134335,0.0003284406964795056,-0.0003284406964795056,0,4.860476740378152,4.860476729280607
44789.0,-0.002686000000086456,4.826005274134335,4.8432410072562435,-0.0006021786421376318,0.0006021786421376318,0,4.834623140695289,4.834623103192856
44798.0,0.010009999999835362,4.894948206621969,4.826005274134335,0.0022441579328013896,-0.0022441579328013896,0,4.860476740378152,4.860476222270812
44808.0,0.020385999999947446,5.360313000913494,5.343077267791585,0.0045703699918804835,-0.0045703699918804835,0,5.351695134352539,5.351693182791018
44817.0,0.01757800000004016,4.8432410072562435,4.860476740378152,0.003940839974377798,-0.003940839974377798,0,4.851858873817198,4.851857273372768
44826.0,0.008301000000126079,4.8432410072562435,4.860476740378152,0.0018610144855917754,-0.0018610144855917754,0,4.851858873817198,4.851858516903945
44836.0,-0.0052490000001700135,5.360313000913494,5.412020200279219,-0.0011767817172677096,0.0011767817172677096,0,5.386166600596356,5.38616647204045
44845.0,0.008422999999946912,4.894948206621969,4.8432410072562435,0.0018883658609568296,-0.0018883658609568296,0,4.869094606939106,4.869094240749286
44854.0,-0.0009769999999700624,4.791533807890519,4.826005274134335,-0.00021903519483674666,0.00021903519483674666,0,4.808769541012428,4.808769536023933
44863.0,0.006714000000237631,4.87771247350006,4.826005274134335,0.0015052224137472154,-0.0015052224137472154,0,4.851858873817198,4.851858640323321
44873.0,0.004882999999893293,5.308605801547769,5.377548734035402,0.001094727590990005,-0.001094727590990005,0,5.343077267791585,5.343077155639142
44882.0,-0.06372099999992589,4.739826608524794,4.946655405987694,-0.01428571305077153,0.01428571305077153,0,4.843241007256244,4.843219929082626
44891.0,-0.12524399999986288,4.808769541012427,4.808769541012427,-0.028078652961048185,0.028078652961048185,0,4.808769541012427,4.808687566758349
44901.0,0.09509299999990381,5.618848997742119,5.187955669694411,0.021319051978738922,-0.021319051978738922,0,5.403402333718265,5.403360210226998
44910.0,0.2869870000000529,5.308605801547769,4.498526344818077,0.06434007519196641,-0.06434007519196641,0,4.9035660731829225,4.903141124576065
44919.0,0.4499509999998546,5.377548734035402,4.377876212964718,0.1008752353684515,-0.1008752353684515,0,4.87771247350006,4.876658667278669
44928.0,0.5710449999997455,5.549906065254485,4.308933280477085,0.12802349318252504,-0.12802349318252504,0,4.9294196728657855,4.927731362779523
44937.0,0.655151000000251,5.636084730864027,4.274461814233269,0.1468793520337171,-0.1468793520337171,0,4.955273272548649,4.953056167952926
44946.0,0.7351080000001523,5.653320463985936,4.15381168237991,0.1648050399293945,-0.1648050399293945,0,4.9035660731829225,4.900732985137568
44956.0,0.8887939999998579,6.44616418759372,4.636412209793344,0.19926015042545106,-0.19926015042545106,0,5.541288198693532,5.537611496222736
44965.0,0.8996580000000676,5.946327927058378,4.067633016770368,0.2016957679861729,-0.2016957679861729,0,5.006980471914373,5.0027759003884515
44973.0,0.8902589999999255,5.343077267791585,3.5677967562350266,0.19958859112193056,-0.19958859112193056,0,4.455437012013306,4.450790275219274
44982.0,1.0921629999999098,6.1876281907650945,3.8780399524293765,0.24485377226795943,-0.24485377226795943,0,5.032834071597236,5.0265611945568445
44991.0,1.2025140000000443,6.3082783226184524,3.791861286819835,0.2695935397052162,-0.2695935397052162,0,5.0500698047191435,5.042419579478089
45000.0,1.3267830000003011,6.377221255106086,3.6712111549664765,0.29745360585471264,-0.29745360585471264,0,5.024216205036281,5.014757648628056
45009.0,1.4301749999995599,6.497871386959445,3.5677967562350266,0.3206332239356671,-0.3206332239356671,0,5.032834071597236,5.021725542101908
45018.0,1.5579840000002774,6.635757251934711,3.447146624381668,0.3492869283552216,-0.3492869283552216,0,5.04145193815819,5.028084664102085
45027.0,1.6339109999996635,6.739171650666162,3.292025026284493,0.3663091240960044,-0.3663091240960044,0,5.0155983384753275,5.00053533995098
45036.0,1.776489000000332,6.75640738378807,3.2575535600406766,0.39827391428079156,-0.39827391428079156,0,5.006980471914373,4.989087791768467
45045.0,1.8547369999997099,6.894293248763336,3.0507247625777763,0.4158164587290768,-0.4158164587290768,0,4.972509005670556,4.95228163977408
45054.0,2.023681000000053,6.96323618125097,2.895603164480601,0.4536922846837425,-0.4536922846837425,0,4.9294196728657855,4.9046021689476476
45063.0,2.1408690000004276,7.101122046226236,2.7749530326272427,0.47996485010175405,-0.47996485010175405,0,4.938037539426739,4.909655297941722
45073.0,2.4744879999998317,7.928437236077837,2.9473103638463263,0.5547594280632169,-0.5547594280632169,0,5.437873799962082,5.402773842201453
45082.0,2.304199000000099,7.1528292455919615,2.5681242351643427,0.5165820644044256,-0.5165820644044256,0,4.860476740378152,4.825970939482487
45091.0,2.3493649999996076,7.101122046226236,2.5681242351643427,0.5267079022858913,-0.5267079022858913,0,4.83462314069529,4.798713417239931
45100.0,2.35754400000032,7.221772178079595,2.378531170823351,0.5285415653962093,-0.5285415653962093,0,4.800151674451473,4.762201979152122
45110.0,2.707763999999794,8.014615901687378,2.6543029007738843,0.6070579481372131,-0.6070579481372131,0,5.334459401230632,5.289608688844346
45119.0,2.460693000000119,7.290715110567228,2.2406453058480844,0.5516667049180761,-0.5516667049180761,0,4.765680208207656,4.722802487085155
45129.0,2.8131099999998073,8.083558834175012,2.430238370189076,0.6306756366080236,-0.6306756366080236,0,5.256898602182044,5.205693434724869
45138.0,2.5880130000001498,7.342422309932953,2.1544666402385424,0.580210779644254,-0.580210779644254,0,4.748444475085748,4.699976070953904
45148.0,2.95605500000012,8.152501766662645,2.188938106482359,0.6627227051105484,-0.6627227051105484,0,5.170719936572502,5.110361140989689
45158.0,3.0463869999999513,8.290387631637913,2.068287974629001,0.6829743808736625,-0.6829743808736625,0,5.179337803133457,5.113189563649834
45167.0,2.805907999999879,7.4458367086644035,1.8614591771661009,0.629061008692725,-0.629061008692725,0,4.653647942915252,4.591444070134925
45177.0,3.2103269999999484,8.376566297247454,1.8959306434099175,0.719728352053433,-0.719728352053433,0,5.1362484703286855,5.059163111814852
45187.0,3.2336419999998487,8.32485909788173,1.878694910288009,0.72495537924663,-0.72495537924663,0,5.10177700408487,5.023099137742232
45197.0,3.2238770000002446,8.30762336475982,1.826987710922284,0.7227661482562925,-0.7227661482562925,0,5.067305537841052,4.987619014671938
45206.0,2.9432380000001523,7.514779641152036,1.6546303797032007,0.6598492413517956,-0.6598492413517956,0,4.584705010427618,4.511451436927752
45216.0,3.3161619999998337,8.462744962856995,1.6201589134593841,0.7434556702174375,-0.7434556702174375,0,5.04145193815819,4.951400871707979
45226.0,3.433716000000078,8.514452162222721,1.5512159809717507,0.7698102897616355,-0.7698102897616355,0,5.032834071597236,4.934692414715908
45236.0,3.510253999999972,8.566159361588445,1.4305658491183924,0.7869694665711598,-0.7869694665711598,0,4.998362605353419,4.891831657062426
45246.0,3.5849609999999283,8.72128095968562,1.3443871835088506,0.8037181485580183,-0.8037181485580183,0,5.032834071597235,4.91919300283268
45256.0,3.66735799999991,8.669573760319896,1.3271514503869422,0.8221908639618182,-0.8221908639618182,0,4.998362605353419,4.879521161045686
45266.0,3.663086000000117,8.61786656095417,1.2926799841431256,0.8212331174394785,-0.8212331174394785,0,4.955273272548648,4.8350569011274915
45276.0,3.6190180000002177,8.652338027197986,1.361622916630759,0.8113534419365721,-0.8113534419365721,0,5.006980471914373,4.892126176591743
45286.0,3.680908999999574,8.82469535841707,1.2065013185335838,0.8252288843561376,-0.8252288843561376,0,5.015598338475327,4.8911002298615225
45296.0,3.815551000000211,8.84193109153898,1.0341439873145004,0.8554144899899682,-0.8554144899899682,0,4.93803753942674,4.798850804730171
45307.0,4.370727999999808,9.807132146365847,1.0341439873145004,0.9798805108369676,-0.9798805108369676,0,5.420638066840174,5.25461148175654
45317.0,4.01159700000029,8.876402557782795,0.913493855461142,0.8993663567333641,-0.8993663567333641,0,4.894948206621969,4.741069852203919
45327.0,4.031615999999778,8.997052689636154,0.7928437236077837,0.9038544484073243,-0.9038544484073243,0,4.894948206621969,4.737409679066669
45337.0,4.022095000000222,9.014288422758062,0.7928437236077837,0.9017199201678082,-0.9017199201678082,0,4.9035660731829225,4.7465244599119725
45347.0,4.087401999999854,8.772988159051346,0.9824367879487754,0.9163612010987818,-0.9163612010987818,0,4.877712473500061,4.7219725730963615
45358.0,4.273682000000146,9.66924628139058,0.9996725210706837,0.9581236126601976,-0.9581236126601976,0,5.334459401230632,5.171918552178461
45368.0,3.9173579999999455,8.82469535841707,0.913493855461142,0.878238764382363,-0.878238764382363,0,4.869094606939107,4.7199179818905
45378.0,3.974365000000041,8.876402557782795,0.8445509229735088,0.8910192550194787,-0.8910192550194787,0,4.860476740378152,4.706503733821601
45388.0,4.122558999999709,9.014288422758062,0.8100794567296921,0.9242431052390886,-0.9242431052390886,0,4.912183939743877,4.750614056046988
45399.0,4.376220000000251,9.393474551440045,1.258208517899309,0.9811117711135054,-0.9811117711135054,0,5.325841534669677,5.167432439576496
45409.0,3.4978029999998737,8.152501766662645,1.5856874472155673,0.7841780569385934,-0.7841780569385934,0,4.869094606939107,4.768211201884124
45419.0,3.246094000000129,7.980144435443562,1.878694910288009,0.727747013070839,-0.727747013070839,0,4.9294196728657855,4.849508675567429
45429.0,2.9913330000000213,7.842258570468295,2.223409572726176,0.6706317364346691,-0.6706317364346691,0,5.032834071597236,4.971213565569831
45439.0,2.792113999999941,7.669901239249212,2.481945569554801,0.6259685097391353,-0.6259685097391353,0,5.0759234044020065,5.025534648875376
45449.0,2.5169680000000683,7.394129509298678,2.8094244988710595,0.5642830873027276,-0.5642830873027276,0,5.101777004084869,5.063552877878765
45458.0,2.0104980000002155,6.463399920715628,2.8438959651148763,0.4507367667988032,-0.4507367667988032,0,4.653647942915252,4.628288215488687
45468.0,2.053832999999787,7.135593512470053,3.2747892931625846,0.460452109857603,-0.460452109857603,0,5.205191402816319,5.181837022969114
45477.0,1.7055659999996637,6.411692721349903,3.1541391613092262,0.3823735733145388,-0.3823735733145388,0,4.7829159413295645,4.765767693857547
45487.0,1.7655030000003016,6.980471914372878,3.653975421844568,0.3958109453447047,-0.3958109453447047,0,5.317223668108723,5.30100080797804
45496.0,1.4887699999997257,6.135920991399369,3.447146624381668,0.33376973083626976,-0.33376973083626976,0,4.791533807890518,4.778981979112424
45506.0,1.5185550000002221,6.687464451300436,3.94698288491701,0.34044727769248384,-0.34044727769248384,0,5.317223668108723,5.305598562224884
45515.0,1.2209469999998264,5.911856460814561,3.7229183543322018,0.27372606349897444,-0.27372606349897444,0,4.817387407573381,4.809212939788247
45524.0,1.075439000000244,5.791206328961202,3.8263327530636517,0.2411043919215021,-0.2411043919215021,0,4.808769541012427,4.802476496316065
45534.0,1.0844729999998843,6.377221255106086,4.429583412330444,0.243129738851018,-0.243129738851018,0,5.403402333718265,5.3977588538047385
45543.0,0.8894040000001834,5.722263396473569,4.033161550526552,0.19939690730255014,-0.19939690730255014,0,4.877712473500061,4.873517012140878
45552.0,0.8215329999998784,5.636084730864027,4.102104483014185,0.1841807991047127,-0.1841807991047127,0,4.869094606939106,4.865526839109702
45561.0,0.7766119999997865,5.584377531498302,4.1710474155018185,0.17410988816552833,-0.17410988816552833,0,4.87771247350006,4.874541787381883
45570.0,0.7197260000001441,5.549906065254485,4.222754614867544,0.16135652471231782,-0.16135652471231782,0,4.886330340061015,4.883618552907906
45580.0,0.7441410000000176,6.118685258277461,4.739826608524794,0.16683016266735912,-0.16683016266735912,0,5.429255933401127,5.426652742680388
45589.0,0.6462399999997994,5.498198865888761,4.308933280477085,0.14488158067102624,-0.14488158067102624,0,4.9035660731829225,4.901395309741339
45598.0,0.5783690000003086,5.446491666523036,4.326169013598993,0.12966547247337135,-0.12966547247337135,0,4.886330340061015,4.8845879856981185
45607.0,0.5375979999997815,5.325841534669677,4.36064047984281,0.12052495668107034,-0.12052495668107034,0,4.8432410072562435,4.841727063668285
45617.0,0.5568849999999381,5.980799393302195,4.87771247350006,0.12484894010274902,-0.12484894010274902,0,5.429255933401127,5.427806082440763
45626.0,0.4829100000005352,5.29137006842586,4.412347679208535,0.108264366368446,-0.108264366368446,0,4.851858873817198,4.8506414480584885
45635.0,0.4482419999997382,5.205191402816319,4.446819145452352,0.10049209192115062,-0.10049209192115062,0,4.826005274134335,4.824952852443891
45644.0,0.4172359999996299,5.29137006842586,4.481290611696169,0.09354080711936966,-0.09354080711936966,0,4.886330340061015,4.8854290588592
45654.0,0.4445810000004529,5.791206328961202,4.963891139109602,0.09967132646755252,-0.09967132646755252,0,5.377548734035402,5.376619792621144
45663.0,0.38256800000005425,5.256898602182044,4.515762077939986,0.0857685326723481,-0.0857685326723481,0,4.886330340061015,4.885573428947609
45672.0,0.3747560000002078,5.187955669694411,4.46405487857426,0.08401714788004158,-0.08401714788004158,0,4.826005274134335,4.825269971072779
45681.0,0.3522949999994601,5.205191402816319,4.515762077939986,0.07898158031449123,-0.07898158031449123,0,4.860476740378152,4.859831911355345
45691.0,0.4008790000004228,5.842913528326927,4.998362605353419,0.08987370509083253,-0.08987370509083253,0,5.420638066840173,5.419888627966364
45700.0,0.37768499999975386,5.1362484703286855,4.56746927730571,0.08467380508126682,-0.08467380508126682,0,4.851858873817198,4.851117642510086
45709.0,0.30834999999997037,5.119012737206777,4.601940743549527,0.06912948037868365,-0.06912948037868365,0,4.860476740378152,4.8599838147411525
45718.0,0.1899409999999839,4.998362605353419,4.739826608524794,0.04258317701510523,-0.04258317701510523,0,4.869094606939107,4.86890827850954
45728.0,0.11914100000013282,5.394784467157311,5.29137006842586,0.026710411616042554,-0.026710411616042554,0,5.343077267791585,5.3430104991959055
45737.0,0.00976499999960452,4.8432410072562435,4.87771247350006,0.0021892309903375103,-0.0021892309903375103,0,4.860476740378152,4.860476247340934
45746.0,-0.06982399999965597,4.722590875402886,4.9294196728657855,-0.015653954395777162,0.015653954395777162,0,4.826005274134335,4.825979874563856
45756.0,-0.12329100000010483,5.2224271359382275,5.5154345990106695,-0.02764080676301719,0.02764080676301719,0,5.3689308674744485,5.3688596644482445
45765.0,-0.17309600000027214,4.56746927730571,5.067305537841052,-0.03880666948483407,0.03880666948483407,0,4.817387407573381,4.81723068910698
45774.0,-0.23095699999952046,4.584705010427618,5.0500698047191435,-0.05177861974959631,0.05177861974959631,0,4.817387407573381,4.81710851582193
45784.0,-0.3591300000001507,4.981126872231511,5.791206328961202,-0.08051392991214355,0.08051392991214355,0,5.386166600596356,5.3855615100860454
45793.0,-0.37597699999981954,4.446819145452352,5.205191402816319,-0.08429088582560844,0.08429088582560844,0,4.826005274134335,4.825264765015073
45802.0,-0.44140600000008684,4.395111946086627,5.343077267791585,-0.09895951813212962,0.09895951813212962,0,4.869094606939106,4.868079688913388
45811.0,-0.5104980000000036,4.343404746720902,5.412020200279219,-0.11444936427553391,0.11444936427553391,0,4.87771247350006,4.876354056854204
45821.0,-0.6616210000000328,4.757062341646702,6.118685258277461,-0.14832987169655168,0.14832987169655168,0,5.437873799962082,5.435819813260096
45830.0,-0.6601570000001472,4.2572260811113605,5.601613264620211,-0.14800165519171465,0.14800165519171465,0,4.9294196728657855,4.927157439462152
45839.0,-0.7329100000001634,4.15381168237991,5.722263396473569,-0.1643122667888996,0.1643122667888996,0,4.938037539426739,4.935235709800091
45848.0,-0.8132319999997523,4.136575949258002,5.8084420620831105,-0.1823197846191209,0.1823197846191209,0,4.972509005670556,4.969073347966593
45857.0,-0.9140630000001058,4.033161550526552,5.911856460814561,-0.2049252480084128,0.2049252480084128,0,4.972509005670556,4.968136713657545
45866.0,-0.9902339999999477,4.067633016770368,6.032506592667919,-0.22200214650010824,0.22200214650010824,0,5.0500698047191435,5.045007060411048
45875.0,-1.0646969999998552,3.9642186180389185,6.084213792033644,-0.23869612573614532,0.23869612573614532,0,5.024216205036281,5.018294379129021
45884.0,-1.0996100000000688,4.015925817404644,6.1014495251555525,-0.24652332712572203,0.24652332712572203,0,5.058687671280098,5.052427942763794
45893.0,-1.1481930000000353,3.8608042193074685,6.204863923887003,-0.2574152277102383,0.2574152277102383,0,5.032834071597236,5.025891255909586
45901.0,-1.074463000000049,3.395439425015943,5.618848997742119,-0.2408855809182166,0.2408855809182166,0,4.507144211379031,4.500309735808162
45910.0,-1.3251949999998236,3.7746255536979265,6.342749788862269,-0.29709758959113436,0.29709758959113436,0,5.058687671280098,5.049395283904898
45919.0,-1.4125979999997016,3.6367396887226597,6.549578586325169,-0.3166926081529318,0.3166926081529318,0,5.093159137523914,5.082482019691138
45928.0,-1.5100100000004546,3.653975421844568,6.584050052568986,-0.33853156045616195,0.33853156045616195,0,5.119012737206777,5.106878880817813
45937.0,-1.5523680000000557,3.5333252899912098,6.618521518812803,-0.348027868320125,0.348027868320125,0,5.0759234044020065,5.0628494912968485
45946.0,-1.5866699999997618,3.5677967562350266,6.721935917544253,-0.3557180886409601,0.3557180886409601,0,5.14486633688964,5.131369206378539
45954.0,-1.4650880000001805,3.11966769506541,5.980799393302195,-0.3284604253253351,0.3284604253253351,0,4.550233544183802,4.53715959793629
45963.0,-1.6698000000000721,3.395439425015943,6.842586049397611,-0.37435513648886665,0.37435513648886665,0,5.119012737206777,5.103678742177405
45972.0,-1.7541499999998122,3.4643823575035766,6.842586049397611,-0.39326569809069756,0.39326569809069756,0,5.153484203450594,5.136793746466797
45981.0,-1.7946780000000655,3.3092607594064014,6.911528981885245,-0.4023517353237284,0.4023517353237284,0,5.110394870645823,5.092458130397415
45990.0,-1.8269040000000105,3.3092607594064014,6.946000448129062,-0.409576533879525,0.409576533879525,0,5.127630603767732,5.109079320177134
45998.0,-1.6492919999998967,2.9645460969682347,6.153156724521278,-0.3697574151215298,0.3697574151215298,0,4.558851410744756,4.541914681562857
46007.0,-1.9031980000002624,3.188610627553043,6.85982178251952,-0.42668100793831926,0.42668100793831926,0,5.024216205036281,5.0035154004312234
46016.0,-1.8762210000000803,3.3092607594064014,6.946000448129062,-0.4206329910996991,0.4206329910996991,0,5.127630603767732,5.108073313262535
46025.0,-1.8933099999998408,3.2575535600406766,6.842586049397611,-0.42446420138079166,0.42446420138079166,0,5.0500698047191435,5.029852609120852
46034.0,-1.8620609999998659,3.2747892931625846,6.928764715007153,-0.4174584380198318,0.4174584380198318,0,5.101777004084869,5.0823620513187455
46043.0,-1.8526609999999488,3.2747892931625846,6.946000448129062,-0.41535103696403824,0.41535103696403824,0,5.110394870645823,5.091189021391289
46051.0,-1.692871000000331,2.8438959651148763,6.135920991399369,-0.37952746093133355,0.37952746093133355,0,4.489908478257123,4.471560860014073
46060.0,-1.9329839999997198,3.188610627553043,7.014943380616694,-0.433358778985902,0.433358778985902,0,5.101777004084869,5.080579872682935
46069.0,-1.9479979999999015,3.292025026284493,6.928764715007153,-0.4367247916935985,0.4367247916935985,0,5.110394870645823,5.089237826195346
46078.0,-1.9250480000000956,3.1024319619435015,6.980471914372878,-0.43157959443503674,0.43157959443503674,0,5.04145193815819,5.020005332134044
46087.0,-1.9599610000003092,3.1541391613092262,6.96323618125097,-0.43940679582461345,0.43940679582461345,0,5.058687671280098,5.036691887865519
46096.0,-1.9604499999997744,3.136903428187318,6.911528981885245,-0.4395164255177162,0.4395164255177162,0,5.024216205036281,5.00207761218195
46105.0,-1.9837639999999002,3.085196228821593,6.96323618125097,-0.44474322851936193,0.44474322851936193,0,5.024216205036281,5.001354076644147
46114.0,-1.9646000000001536,3.136903428187318,7.014943380616694,-0.4404468206647821,0.4404468206647821,0,5.0759234044020065,5.053794526052448
46123.0,-1.9802239999998466,3.1024319619435015,6.877057515641428,-0.4439495902493951,0.4439495902493951,0,4.9897447387924645,4.966960070845958
46132.0,-1.9843750000000007,3.033489029455868,6.980471914372878,-0.4448802095880123,0.4448802095880123,0,5.006980471914373,4.983861071384974
46141.0,-2.000610999999976,3.1024319619435015,6.911528981885245,-0.4485201844329181,0.4485201844329181,0,5.006980471914373,4.9837658173393695
46150.0,-1.9564209999998483,3.033489029455868,6.946000448129062,-0.4386131575545554,0.4386131575545554,0,4.9897447387924645,4.9672307367978865
46159.0,-1.986206000000345,3.0507247625777763,7.014943380616694,-0.44529070441076946,0.44529070441076946,0,5.032834071597235,5.0097950774352045
46168.0,-1.976683999999793,2.981781830090143,6.928764715007153,-0.4431559519794283,0.4431559519794283,0,4.955273272548649,4.9320112560314655
46177.0,-2.0571290000001987,2.9990175632120515,7.014943380616694,-0.4611910453768397,0.4611910453768397,0,5.006980471914373,4.982002643280873
46186.0,-2.078125000000065,2.878367431358693,6.980471914372878,-0.465898172245728,0.465898172245728,0,4.9294196728657855,4.903181423551403
46195.0,-2.0572509999996127,2.895603164480601,6.946000448129062,-0.46121839675211346,0.46121839675211346,0,4.920801806304832,4.895146998019662
46204.0,-2.10424800000028,2.9128388976025095,7.049414846860511,-0.471754729456519,0.471754729456519,0,4.98112687223151,4.954527432563543
46213.0,-2.1013189999999193,2.826660231992968,6.997707647494787,-0.4710980722551112,0.4710980722551112,0,4.912183939743877,4.885053080308218
46222.0,-2.119262000000054,2.981781830090143,7.014943380616694,-0.47512074216412414,0.47512074216412414,0,4.998362605353419,4.971771584927191
46231.0,-2.146607000000063,2.8611316982367847,7.049414846860511,-0.4812512615121245,0.4812512615121245,0,4.955273272548648,4.927270868137922
46240.0,-2.1386719999998065,2.878367431358693,6.997707647494787,-0.47947230115271916,0.47947230115271916,0,4.93803753942674,4.910291961990529
46249.0,-2.052978000000045,2.9128388976025095,7.049414846860511,-0.46026042603822254,0.46026042603822254,0,4.98112687223151,4.955790119821504
46258.0,-2.152954000000249,2.8611316982367847,7.0666505799824195,-0.48267420560804275,0.48267420560804275,0,4.963891139109602,4.9357454493965385
46268.0,-2.3951419999996237,3.1024319619435015,7.807787104224478,-0.5369707212360986,0.5369707212360986,0,5.45510953308399,5.423184315409939
46277.0,-2.1448970000001717,2.878367431358693,6.997707647494787,-0.4808678938732724,0.4808678938732724,0,4.93803753942674,4.910132705577965
46286.0,-2.153808999999991,2.826660231992968,7.014943380616694,-0.4828658894274232,0.4828658894274232,0,4.920801806304831,4.892340990912262
46295.0,-2.117675999999941,2.9128388976025095,6.928764715007153,-0.47476517428383086,0.47476517428383086,0,4.920801806304832,4.89372905150192
46304.0,-2.0478510000001027,2.8438959651148763,6.946000448129062,-0.4591109956964112,0.4591109956964112,0,4.894948206621969,4.869211570069541
46313.0,-2.0760500000000786,2.9645460969682347,6.894293248763336,-0.4654329746722407,0.4654329746722407,0,4.9294196728657855,4.903653803985918
46322.0,-2.0969239999997167,2.8094244988710595,6.980471914372878,-0.47011275016567267,0.47011275016567267,0,4.894948206621969,4.8677969947628625
46332.0,-2.3607180000000967,3.136903428187318,7.773315637980661,-0.5292531495398984,0.5292531495398984,0,5.45510953308399,5.424273952713971
46341.0,-2.102905000000033,2.878367431358693,6.946000448129062,-0.4714536401354045,0.4714536401354045,0,4.912183939743877,4.885286463386217
46350.0,-2.069702000000118,2.8611316982367847,6.946000448129062,-0.4640098063847712,0.4640098063847712,0,4.903566073182923,4.8773928879909825
46359.0,-2.006957999999755,2.9645460969682347,6.877057515641428,-0.44994312852874513,0.44994312852874513,0,4.920801806304832,4.89668268601893
46368.0,-2.0313720000002604,2.895603164480601,6.96323618125097,-0.4554165422923265,0.4554165422923265,0,4.9294196728657855,4.904415762868607
46377.0,-2.0500490000000915,2.8438959651148763,6.894293248763336,-0.45960376883690607,0.45960376883690607,0,4.869094606939107,4.843247034988399
46387.0,-2.2507320000000575,3.22308209379686,7.7388441717368455,-0.5045952120372769,0.5045952120372769,0,5.480963132766853,5.453370337027288
46396.0,-2.072631999999846,2.9645460969682347,6.877057515641428,-0.4646666877776389,0.4646666877776389,0,4.920801806304832,4.895100135386453
46405.0,-2.02172900000007,2.878367431358693,6.894293248763336,-0.4532546626772627,0.4532546626772627,0,4.886330340061015,4.861386471386783
46414.0,-2.0595700000000545,2.8094244988710595,6.911528981885245,-0.4617382970765134,0.4617382970765134,0,4.860476740378152,4.834194470511792
46423.0,-2.1064449999996797,2.8611316982367847,7.032179113738603,-0.4722472784052801,0.4722472784052801,0,4.946655405987694,4.9196561723526955
46432.0,-2.096558000000254,2.792188765749151,6.980471914372878,-0.4700306960395775,0.4700306960395775,0,4.886330340061015,4.859074502218675
46442.0,-2.3142089999999342,3.1541391613092262,7.7388441717368455,-0.518826222337227,0.518826222337227,0,5.446491666523036,5.416913019987065
46451.0,-2.1420900000000396,2.723245833261518,7.049414846860511,-0.4802385880473209,0.4802385880473209,0,4.886330340061015,4.857488782562179
46460.0,-2.194701999999932,2.7060101001396095,6.928764715007153,-0.492033756594998,0.492033756594998,0,4.817387407573381,4.7868582275482225
46469.0,-2.1772460000001197,2.688774367017701,6.997707647494787,-0.4881202679960765,0.4881202679960765,0,4.843241007256244,4.813139435497329
46479.0,-2.402221999999731,3.0679604956996847,7.6526655061273035,-0.5385579977760322,0.5385579977760322,0,5.360313000913494,5.327770369050626
46488.0,-2.1037600000001824,2.8094244988710595,6.790878850031886,-0.4716453239548762,0.4716453239548762,0,4.800151674451473,4.772605824582992
46498.0,-2.1789549999998292,3.395439425015943,7.290715110567228,-0.48850341144328613,0.48850341144328613,0,5.343077267791585,5.3176196971786025
46507.0,-1.7561029999999775,3.1713748944311346,6.44616418759372,-0.3937035442888198,0.3937035442888198,0,4.808769541012428,4.790695456162568
46516.0,-1.663940999999984,3.2403178269187682,6.515107120081353,-0.3730415978945911,0.3730415978945911,0,4.877712473500061,4.861754625964538
46525.0,-1.6331780000001492,3.343732225650218,6.463399920715628,-0.3661447916520803,0.3661447916520803,0,4.903566073182923,4.888458958997424
46534.0,-1.5935059999998202,3.395439425015943,6.44616418759372,-0.35725066243007236,0.35725066243007236,0,4.920801806304832,4.906543700726986
46544.0,-1.718018000000351,3.84356848618556,7.083886313104328,-0.38516520713883895,0.38516520713883895,0,5.463727399644944,5.448926117582001
46553.0,-1.4438469999996768,3.653975421844568,6.273806856374636,-0.32369837151389164,0.32369837151389164,0,4.963891139109602,4.952597109364884
46562.0,-1.3062750000001258,3.688446888088385,6.1014495251555525,-0.2928558844873759,0.2928558844873759,0,4.894948206621969,4.885654446946306
46571.0,-1.1833490000001157,3.9125114186731933,6.015270859546011,-0.2652969076589939,0.2652969076589939,0,4.963891139109602,4.956488423614832
46580.0,-1.0482180000000132,3.94698288491701,5.842913528326927,-0.23500167233206057,0.23500167233206057,0,4.894948206621969,4.8890994288486045
46589.0,-0.8991699999999699,4.119340216136093,5.687791930229753,-0.20158636248453013,0.20158636248453013,0,4.9035660731829225,4.899319786073549
46598.0,-0.7507330000000273,4.343404746720902,5.549906065254485,-0.16830803370565,0.16830803370565,0,4.946655405987693,4.94375158533958
46607.0,-0.592406999999888,4.446819145452352,5.394784467157311,-0.13281267417769105,0.13281267417769105,0,4.920801806304832,4.918993745721394
46617.0,-0.46667499999992756,5.067305537841052,5.791206328961202,-0.1046246157150001,0.1046246157150001,0,5.4292559334011266,5.42824363559347
46626.0,-0.2966300000002437,4.705355142280977,5.170719936572502,-0.06650195480703014,0.06650195480703014,0,4.938037539426739,4.937588804305035
46635.0,-0.2088630000000458,4.722590875402886,5.067305537841052,-0.04682533050214871,0.04682533050214871,0,4.894948206621969,4.894723977300532
46644.0,-0.14221199999998466,4.826005274134335,4.998362605353419,-0.03188273605841817,0.03188273605841817,0,4.912183939743877,4.912080443044607
46653.0,-0.10998499999985752,4.739826608524794,4.981126872231511,-0.024657713310979087,0.024657713310979087,0,4.860476740378152,4.86041415743198
46663.0,-0.06982400000006307,5.429255933401127,5.480963132766853,-0.015653954395868433,0.015653954395868433,0,5.45510953308399,5.455087072464515
46672.0,-0.042236999999962506,4.8432410072562435,4.912183939743877,-0.009469180680240474,0.009469180680240474,0,4.87771247350006,4.877703281731559
46681.0,0.004517000000023683,4.912183939743877,4.826005274134335,0.0010126734648035712,-0.0010126734648035712,0,4.869094606939106,4.869094501623035
46690.0,0.05261200000029964,4.9294196728657855,4.791533807890519,0.01179516854776834,-0.01179516854776834,0,4.860476740378152,4.8604624255906685
46700.0,0.10498099999991835,5.5154345990106695,5.256898602182044,0.023535858536175257,-0.023535858536175257,0,5.386166600596357,5.3861151495394655
46709.0,0.14269999999967511,5.101777004084869,4.619176476671435,0.031992141559969656,-0.031992141559969656,0,4.860476740378152,4.860371195980325
46718.0,0.23291000000009274,5.067305537841052,4.584705010427618,0.05221646594780984,-0.05221646594780984,0,4.826005274134335,4.825722105171777
46727.0,0.30236799999987907,5.205191402816319,4.532997811061894,0.06778836621740057,-0.06778836621740057,0,4.869094606939107,4.868620537789946
46737.0,0.4123540000003258,5.842913528326927,4.981126872231511,0.09244630372011343,-0.09244630372011343,0,5.412020200279219,5.411225774404611
46746.0,0.4191889999997951,5.256898602182044,4.395111946086627,0.09397865331749193,-0.09397865331749193,0,4.826005274134335,4.825083152519586
46755.0,0.4567870000003202,5.377548734035402,4.429583412330444,0.10240780915765504,-0.10240780915765504,0,4.9035660731829225,4.902486996855032
46764.0,0.4841309999997398,5.308605801547769,4.377876212964718,0.10853810431392158,-0.10853810431392158,0,4.8432410072562435,4.842013976702887
46774.0,0.5628670000000294,5.946327927058378,4.860476740378152,0.1261900542640321,-0.1261900542640321,0,5.403402333718265,5.401914435887718
46783.0,0.5197749999999177,5.429255933401127,4.308933280477085,0.11652918976431993,-0.11652918976431993,0,4.869094606939106,4.8676821395104675
46792.0,0.5432130000002283,5.360313000913494,4.326169013598993,0.12178379252461576,-0.12178379252461576,0,4.8432410072562435,4.841692997881152
46801.0,0.5773919999999314,5.463727399644944,4.291697547355177,0.12944643727844332,-0.12944643727844332,0,4.877712473500061,4.8759706587171765
46811.0,0.6510009999998718,6.084213792033644,4.791533807890519,0.1459489568866512,-0.1459489568866512,0,5.437873799962082,5.435888296920501
46820.0,0.6047369999999402,5.429255933401127,4.274461814233269,0.13557695662644365,-0.13557695662644365,0,4.851858873817198,4.8499386339862784
46829.0,0.601928000000258,5.498198865888761,4.326169013598993,0.13494720241738972,-0.13494720241738972,0,4.912183939743877,4.9103046886879005
46838.0,0.6065679999998774,5.480963132766853,4.2572260811113605,0.1359874514491096,-0.1359874514491096,0,4.869094606939107,4.867166381985044
46847.0,0.6254879999999824,5.463727399644944,4.274461814233269,0.14022915655295934,-0.14022915655295934,0,4.869094606939107,4.867046117803977
46857.0,0.708252000000016,6.153156724521278,4.705355142280977,0.15878415027458817,-0.15878415027458817,0,5.429255933401127,5.426893659775103
46866.0,0.6511230000000998,5.5154345990106695,4.274461814233269,0.14597630826210753,-0.14597630826210753,0,4.894948206621969,4.892737616676694
46875.0,0.673828000000082,5.601613264620211,4.222754614867544,0.1510665785782967,-0.1510665785782967,0,4.912183939743877,4.909816204601687
46884.0,0.6885989999995827,5.636084730864027,4.239990347989452,0.15437811272663177,-0.15437811272663177,0,4.938037539426739,4.935577158670203
46893.0,0.6998290000000691,5.549906065254485,4.222754614867544,0.15689578441363133,-0.15689578441363133,0,4.886330340061015,4.883766291335699
46902.0,0.7009280000002671,5.653320463985936,4.239990347989452,0.1571421709839244,-0.1571421709839244,0,4.946655405987694,4.944109540933285
46912.0,0.8107909999998967,6.273806856374636,4.688119409159069,0.18177253291944717,-0.18177253291944717,0,5.480963132766853,5.477887342943841
46921.0,0.752075000000092,5.653320463985936,4.205518881745635,0.16860889883512198,-0.16860889883512198,0,4.9294196728657855,4.926475386412721
46930.0,0.7518310000000432,5.756734862717386,4.188283148623727,0.16855419608430058,-0.16855419608430058,0,4.972509005670556,4.9695822276764305
46939.0,0.782226000000051,5.773970595839295,4.205518881745635,0.17536849981743124,-0.17536849981743124,0,4.989744738792465,4.986588256451389
46948.0,0.8165289999999392,5.739499129595478,4.15381168237991,0.18305894432990885,-0.18305894432990885,0,4.946655405987694,4.943182947447461
46957.0,0.8315429999997137,5.860149261448836,4.1710474155018185,0.18642495703751408,-0.18642495703751408,0,5.015598338475327,5.012036860128991
46966.0,0.849121000000161,5.791206328961202,4.1710474155018185,0.19036579701198314,-0.19036579701198314,0,4.98112687223151,4.977395058143943
46975.0,0.8638909999998867,5.842913528326927,4.1710474155018185,0.193677106968767,-0.193677106968767,0,5.006980471914373,5.003132166124947
46984.0,0.886597000000051,5.929092193936469,4.188283148623727,0.19876760147659867,-0.19876760147659867,0,5.058687671280098,5.054668894094872
46993.0,0.9124760000002173,5.929092193936469,4.136575949258002,0.20456945593656825,-0.20456945593656825,0,5.032834071597236,5.028546542650975
47002.0,0.9071039999996373,5.860149261448836,4.136575949258002,0.2033650986522017,-0.2033650986522017,0,4.998362605353419,4.994104878888459
47011.0,0.8880620000001187,5.929092193936469,4.15381168237991,0.1990960421730782,-0.1990960421730782,0,5.04145193815819,5.037400351520024
47019.0,0.782226000000051,5.239662869060136,3.7056826212102933,0.17536849981743124,-0.17536849981743124,0,4.472672745135215,4.469135290731001
47028.0,0.8895270000001863,5.860149261448836,4.136575949258002,0.1994244828695577,-0.1994244828695577,0,4.998362605353419,4.994268059346005
47037.0,0.8935539999997483,5.963563660180286,4.188283148623727,0.2003273024494335,-0.2003273024494335,0,5.0759234044020065,5.071851152290089
47046.0,0.9019779999998773,5.929092193936469,4.119340216136093,0.20221589250203284,-0.20221589250203284,0,5.024216205036281,5.020016341217948
47055.0,0.8906250000002022,5.860149261448836,4.205518881745635,0.19967064524820827,-0.19967064524820827,0,5.032834071597236,5.028768722004669
47064.0,0.8894039999997763,5.929092193936469,4.15381168237991,0.19939690730245885,-0.19939690730245885,0,5.04145193815819,5.037388113814001
47073.0,0.8818359999999786,5.8946207276926526,4.1710474155018185,0.19770022526097372,-0.19770022526097372,0,5.032834071597236,5.028839077444598
47082.0,0.8835450000005021,5.842913528326927,4.136575949258002,0.19808336870836588,-0.19808336870836588,0,4.9897447387924645,4.985700078947608
47091.0,0.8793949999997158,5.963563660180286,4.222754614867544,0.1971529735612087,-0.1971529735612087,0,5.093159137523915,5.089233596820658
47100.0,0.8986810000000974,5.963563660180286,4.1710474155018185,0.20147673279133615,-0.20147673279133615,0,5.067305537841053,5.063176524416512
47109.0,0.9003909999999888,5.946327927058378,4.205518881745635,0.20186010043018826,-0.20186010043018826,0,5.0759234044020065,5.071793660453276
47118.0,0.911742999999889,5.998035126424103,4.1710474155018185,0.20440512349246162,-0.20440512349246162,0,5.08454127096296,5.0803015693411435
47126.0,0.8153079999999203,5.325841534669677,3.6712111549664765,0.18278520638425075,-0.18278520638425075,0,4.498526344818076,4.494688469047748
47135.0,0.9600829999999886,6.049742325789827,4.1710474155018185,0.21524254551779898,-0.21524254551779898,0,5.110394870645823,5.1057108607321195
47144.0,1.0343010000000725,6.170392457643186,4.102104483014185,0.23188159781146345,-0.23188159781146345,0,5.1362484703286855,5.1308031760669985
47153.0,1.0411379999999057,6.153156724521278,4.084868749892276,0.23341439579212694,-0.23341439579212694,0,5.119012737206777,5.1134752799714
47162.0,1.0698240000002044,6.153156724521278,4.015925817404644,0.23984555607804797,-0.23984555607804797,0,5.08454127096296,5.07863512140613
47170.0,0.9637449999998631,5.5154345990106695,3.6367396887226597,0.21606353516313087,-0.21606353516313087,0,4.576087143866665,4.570772854634127
47179.0,1.0700690000000281,6.170392457643186,4.0503972836484605,0.23990048302042058,-0.23990048302042058,0,5.110394870645823,5.104522780562416
47188.0,1.066040000000102,6.1014495251555525,4.102104483014185,0.23899721505725977,-0.23899721505725977,0,5.101777004084869,5.0959669976017565
47197.0,1.0471189999998152,6.135920991399369,4.084868749892276,0.23475528576176752,-0.23475528576176752,0,5.110394870645823,5.1047874623223475
47206.0,1.031616000000168,6.153156724521278,4.15381168237991,0.2312796433609683,-0.2312796433609683,0,5.153484203450594,5.148101335018426
47214.0,0.8956299999999163,5.360313000913494,3.7056826212102933,0.20079272421456332,-0.20079272421456332,0,4.532997811061893,4.528405389064944
47223.0,0.9797360000000147,6.084213792033644,4.205518881745635,0.2196485830656641,-0.2196485830656641,0,5.14486633688964,5.140023734561899
47232.0,0.9276129999999947,6.032506592667919,4.1710474155018185,0.20796304421118103,-0.20796304421118103,0,5.101777004084869,5.097398914890787
47241.0,0.9222410000002289,5.963563660180286,4.205518881745635,0.20675868692699703,-0.20675868692699703,0,5.08454127096296,5.080214131516293
47250.0,0.9205319999997054,6.049742325789827,4.222754614867544,0.20637554347960488,-0.20637554347960488,0,5.1362484703286855,5.131972975304386
47258.0,0.8372799999999813,5.412020200279219,3.74015408745411,0.18771114425642454,-0.18771114425642454,0,4.576087143866665,4.57211018670189
47267.0,0.9422610000003068,6.049742325789827,4.205518881745635,0.21124700279269107,-0.21124700279269107,0,5.127630603767731,5.123140417037257
47276.0,0.9592289999996143,6.1014495251555525,4.15381168237991,0.21505108588987853,-0.21505108588987853,0,5.127630603767731,5.122959627484418
47285.0,0.9624020000000234,6.084213792033644,4.239990347989452,0.2157624458421077,-0.2157624458421077,0,5.162102070011548,5.1574514118994035
47293.0,0.8618160000003079,5.412020200279219,3.7229183543322018,0.19321190939537095,-0.19321190939537095,0,4.56746927730571,4.563244708813998
47302.0,0.9665529999997703,6.066978058911736,4.222754614867544,0.21669306518063355,-0.21669306518063355,0,5.14486633688964,5.140158836390423
47311.0,0.9791260000000963,6.170392457643186,4.1710474155018185,0.21951182618865628,-0.21951182618865628,0,5.170719936572502,5.1658873987941805
47319.0,0.9167480000000101,5.446491666523036,3.653975421844568,0.20552720245890793,-0.20552720245890793,0,4.550233544183802,4.545413422811064
47328.0,1.0883789999998075,6.23933539013082,4.102104483014185,0.24400543124717122,-0.24400543124717122,0,5.170719936572502,5.16471811045505
47337.0,1.0487060000001107,6.015270859546011,4.222754614867544,0.23511107783370333,-0.23511107783370333,0,5.119012737206777,5.113453004243023
47346.0,0.8688970000001901,5.860149261448836,4.2572260811113605,0.1947994101268558,-0.1947994101268558,0,5.058687671280098,5.0548452783000695
47355.0,0.7407220000000099,5.773970595839295,4.326169013598993,0.16606365158120612,-0.16606365158120612,0,5.0500698047191435,5.047284652280152
47364.0,0.7344969999996448,5.860149261448836,4.395111946086627,0.1646680588606529,-0.1646680588606529,0,5.127630603767731,5.1249337613121275
47372.0,0.6719970000001448,5.1362484703286855,3.8608042193074685,0.15065608375563078,-0.15065608375563078,0,4.498526344818077,4.495954251781164
47381.0,0.7550050000002273,5.877384994570744,4.343404746720902,0.16926578022808098,-0.16926578022808098,0,5.110394870645823,5.107529707570761
47390.0,0.7602539999999901,5.773970595839295,4.343404746720902,0.17044256194525742,-0.17044256194525742,0,5.058687671280098,5.055760478848759
47399.0,0.7235110000000214,5.722263396473569,4.377876212964718,0.16220508992465726,-0.16220508992465726,0,5.0500698047191435,5.047420094032956
47408.0,0.6926269999997339,5.756734862717386,4.377876212964718,0.15528115649824137,-0.15528115649824137,0,5.067305537841053,5.064883338182867
47417.0,0.6684570000000912,5.653320463985936,4.395111946086627,0.14986244548566394,-0.14986244548566394,0,5.024216205036281,5.021947189919242
47426.0,0.6546630000001534,5.636084730864027,4.377876212964718,0.14676994653207434,-0.14676994653207434,0,5.006980471914373,5.0047963508203175
47435.0,0.6033939999996935,5.601613264620211,4.498526344818077,0.1352758673053292,-0.1352758673053292,0,5.0500698047191435,5.048237166320188
47444.0,0.545532000000263,5.532670332132577,4.532997811061894,0.12230369284892445,-0.12230369284892445,0,5.032834071597236,5.031333904950484
47453.0,0.514282000000106,5.480963132766853,4.515762077939986,0.11529770529632212,-0.11529770529632212,0,4.998362605353419,4.997020861302767
47462.0,0.490233999999877,5.498198865888761,4.532997811061894,0.10990634565901848,-0.10990634565901848,0,5.0155983384753275,5.0143833599233005
47471.0,0.46753000000007683,5.394784467157311,4.56746927730571,0.1048162995344718,-0.1048162995344718,0,4.98112687223151,4.980016787087061
47480.0,0.43273899999968407,5.394784467157311,4.532997811061894,0.09701644952026015,-0.09701644952026015,0,4.963891139109602,4.962936159164887
47489.0,0.3999020000000456,5.343077267791585,4.56746927730571,0.08965466989590451,-0.08965466989590451,0,4.955273272548648,4.95445742981788
47498.0,0.3869630000002571,5.360313000913494,4.498526344818077,0.08675385476178661,-0.08675385476178661,0,4.9294196728657855,4.928650581094946
47507.0,0.44470199999968457,5.601613264620211,4.446819145452352,0.0996984536511838,-0.0996984536511838,0,5.024216205036281,5.0232140943908705
47516.0,0.6870120000001014,5.739499129595478,4.205518881745635,0.15402232065487848,-0.15402232065487848,0,4.972509005670556,4.970067441221374
47525.0,0.8641360000001176,5.8084420620831105,4.136575949258002,0.19373203391123087,-0.19373203391123087,0,4.972509005670556,4.968630357975934
47534.0,0.7977289999996982,5.670556197107844,4.2572260811113605,0.17884414221823045,-0.17884414221823045,0,4.963891139109602,4.960606237273293
47543.0,0.6757820000000222,5.377548734035402,4.481290611696169,0.1515046489679702,-0.1515046489679702,0,4.9294196728657855,4.927073771133291
47552.0,0.41125400000035284,5.187955669694411,4.791533807890519,0.09219969295826913,-0.09219969295826913,0,4.989744738792465,4.988891787176173
47561.0,-0.04785100000022718,4.705355142280977,5.256898602182044,-0.010727792332143387,0.010727792332143387,0,4.981126872231511,4.981115284597187
47570.0,-0.4527589999997619,4.498526344818077,5.618848997742119,-0.1015047653859542,0.1015047653859542,0,5.058687671280098,5.057656991463224
47579.0,-0.6347660000000784,4.395111946086627,5.687791930229753,-0.14230920623338786,0.14230920623338786,0,5.04145193815819,5.039411156247951
47588.0,-0.6385489999999988,4.56746927730571,5.480963132766853,-0.14315732306253356,0.14315732306253356,0,5.024216205036281,5.022160988802704
47597.0,-0.413086000000065,4.808769541012427,5.274134335303953,-0.09261041197248629,0.09261041197248629,0,5.04145193815819,5.040599723412107
47606.0,-0.09899899999982704,5.067305537841052,5.067305537841052,-0.02219474437489218,0.02219474437489218,0,5.067305537841052,5.067256932168218
47615.0,0.1134030000000903,5.325841534669677,4.8432410072562435,0.025424000205580857,-0.025424000205580857,0,5.08454127096296,5.08447756545381
47624.0,0.25768999999965386,5.394784467157311,4.653647942915252,0.057771933837395074,-0.057771933837395074,0,5.024216205036281,5.023882271324863
47632.0,0.3641360000000469,4.998362605353419,4.067633016770368,0.0816362330701411,-0.0816362330701411,0,4.532997811061893,4.5322550645749295
47641.0,0.5775149999999344,5.567141798376394,4.532997811061894,0.12947401284545088,-0.12947401284545088,0,5.0500698047191435,5.048393359566925
47650.0,0.5379640000000583,5.463727399644944,4.601940743549527,0.12060701080734805,-0.12060701080734805,0,5.032834071597236,5.031378935098475
47659.0,0.4055170000000852,5.394784467157311,4.688119409159069,0.09091350573935866,-0.09091350573935866,0,5.04145193815819,5.040628366957025
47668.0,0.28405800000009973,5.187955669694411,4.791533807890519,0.0636834179906499,-0.0636834179906499,0,4.989744738792465,4.989337755316493
47677.0,0.21581999999974302,5.187955669694411,4.808769541012427,0.048385031474983534,-0.048385031474983534,0,4.998362605353419,4.998128096708275
47686.0,0.1646729999999181,5.067305537841052,4.791533807890519,0.036918303623785974,-0.036918303623785974,0,4.9294196728657855,4.929281322827501
47695.0,0.14038100000045456,5.08454127096296,4.739826608524794,0.0314722412358435,-0.0314722412358435,0,4.912183939743877,4.912082997655913
47705.0,0.14648399999977751,5.618848997742119,5.308605801547769,0.03284048258075786,-0.03284048258075786,0,5.463727399644943,5.4636286266016745
47714.0,0.1364750000001242,4.963891139109602,4.808769541012427,0.03059654883959897,-0.03059654883959897,0,4.886330340061015,4.886234526117738
47723.0,0.12719700000002807,5.08454127096296,4.808769541012427,0.02851649915917045,-0.02851649915917045,0,4.946655405987693,4.946573148115625
47732.0,0.09167499999967102,4.912183939743877,4.8432410072562435,0.02055276508413715,-0.02055276508413715,0,4.87771247350006,4.877669171273161
47741.0,0.06335400000028134,4.981126872231511,4.87771247350006,0.014203434733033867,-0.014203434733033867,0,4.9294196728657855,4.929399208134213
47750.0,0.03430200000011315,4.946655405987694,4.894948206621969,0.007690220320926403,-0.007690220320926403,0,4.920801806304832,4.9207957970186325
47760.0,0.019042999999700664,5.394784467157311,5.360313000913494,0.004269280670766032,-0.004269280670766032,0,5.377548734035402,5.377547039310075
47769.0,0.01611299999997254,4.894948206621969,4.8432410072562435,0.003612399277898292,-0.003612399277898292,0,4.869094606939106,4.869093266875693
47778.0,0.016845999999893824,4.826005274134335,4.8432410072562435,0.0037767317219136592,-0.0037767317219136592,0,4.834623140695289,4.834621665529504
47787.0,0.016358000000203383,4.946655405987694,4.808769541012427,0.003667326220362171,-0.003667326220362171,0,4.87771247350006,4.877711094578755
47797.0,0.02502400000001701,5.394784467157311,5.360313000913494,0.005610170640497881,-0.005610170640497881,0,5.377548734035402,5.377545807580077
47806.0,0.03552199999994993,4.894948206621969,4.826005274134335,0.007963734074942028,-0.007963734074942028,0,4.860476740378152,4.860470215902646
47815.0,0.03552300000013199,4.87771247350006,4.860476740378152,0.007963958266584529,-0.007963958266584529,0,4.869094606939106,4.869088093951804
47825.0,0.05725099999973704,5.463727399644944,5.308605801547769,0.012835193387845693,-0.012835193387845693,0,5.386166600596356,5.386151304406409
47834.0,0.05004900000021608,4.981126872231511,4.8432410072562435,0.01122056547263826,-0.01122056547263826,0,4.912183939743877,4.9121711220844455
47843.0,0.04309099999992967,4.894948206621969,4.826005274134335,0.009660640308069665,-0.009660640308069665,0,4.860476740378152,4.860467139222328
47852.0,0.062499999999907054,4.963891139109602,4.808769541012427,0.014011975105113404,-0.014011975105113404,0,4.886330340061015,4.886310244846436
47861.0,0.060913000000018605,4.894948206621969,4.791533807890519,0.013656183033268843,-0.013656183033268843,0,4.843241007256244,4.843221752434857
47871.0,0.0699459999998839,5.5154345990106695,5.360313000913494,0.015681305771233486,-0.015681305771233486,0,5.437873799962082,5.437851185254587
47880.0,0.060547000000148996,4.9294196728657855,4.8432410072562435,0.013574128907082409,-0.013574128907082409,0,4.886330340061015,4.886311484373277
47889.0,0.06347600000010216,4.912183939743877,4.774298074768611,0.01423078610839892,-0.01423078610839892,0,4.843241007256244,4.843220096155145
47898.0,0.07055699999998435,4.998362605353419,4.808769541012427,0.0158182868398838,-0.0158182868398838,0,4.9035660731829225,4.903540549942571
47908.0,0.08544899999993806,5.446491666523036,5.343077267791585,0.019156948172123964,-0.019156948172123964,0,5.394784467157311,5.394750451071059
47917.0,0.0755620000001056,4.963891139109602,4.739826608524794,0.01694036580633013,-0.01694036580633013,0,4.851858873817198,4.851829284492879
47926.0,0.07739199999986075,4.912183939743877,4.757062341646702,0.01735063643735357,-0.01735063643735357,0,4.83462314069529,4.834591998746521
47935.0,0.09008800000018968,4.946655405987694,4.791533807890519,0.02019697301238386,-0.02019697301238386,0,4.869094606939107,4.869052708392143
47945.0,0.09667999999979227,5.463727399644944,5.274134335303953,0.02167484405058348,-0.02167484405058348,0,5.3689308674744485,5.368887102744622
47954.0,0.08117700000014522,4.912183939743877,4.791533807890519,0.018199201649784273,-0.018199201649784273,0,4.851858873817198,4.8518247365246046
47963.0,0.06823699999976751,4.9294196728657855,4.791533807890519,0.0152981623239326,-0.0152981623239326,0,4.860476740378152,4.860452660525654
47973.0,0.06359900000010506,5.480963132766853,5.325841534669677,0.014258361675406474,-0.014258361675406474,0,5.403402333718265,5.403383517637332
47982.0,0.05395500000013931,4.946655405987694,4.860476740378152,0.012096257868791519,-0.012096257868791519,0,4.9035660731829225,4.903551152400432
47991.0,0.04724099999990168,4.8432410072562435,4.791533807890519,0.010591035455044303,-0.010591035455044303,0,4.817387407573381,4.817375765074385
48000.0,0.028564000000070627,4.912183939743877,4.860476740378152,0.006403808910464705,-0.006403808910464705,0,4.886330340061015,4.886326143674265
48010.0,0.036742999999968766,5.412020200279219,5.360313000913494,0.008237472020600154,-0.008237472020600154,0,5.386166600596356,5.38616030136773
48019.0,0.021606999999966285,4.87771247350006,4.860476740378152,0.0048441079375386095,-0.0048441079375386095,0,4.869094606939106,4.869092197308602
48028.0,0.01806600000013771,4.9294196728657855,4.87771247350006,0.004050245476020556,-0.004050245476020556,0,4.9035660731829225,4.903564400427237
48037.0,0.007568999999979749,4.87771247350006,4.860476740378152,0.0016969062331276367,-0.0016969062331276367,0,4.869094606939106,4.869094311247632
48046.0,0.007323999999748906,4.87771247350006,4.894948206621969,0.0016419792906637578,-0.0016419792906637578,0,4.886330340061015,4.88633006417871
48056.0,-0.012939999999970595,5.360313000913494,5.394784467157311,-0.0029010393257604006,0.0029010393257604006,0,5.377548734035402,5.377547951512156
48065.0,-0.025755999999756227,4.860476740378152,4.912183939743877,-0.005774278892870749,0.005774278892870749,0,4.886330340061015,4.886326928175928
48074.0,-0.04614299999988574,4.826005274134335,4.912183939743877,-0.01034487307639373,0.01034487307639373,0,4.869094606939106,4.869083616762621
48083.0,-0.03820800000003638,4.808769541012427,4.912183939743877,-0.008565912717079661,0.008565912717079661,0,4.860476740378152,4.860469191427855
48093.0,-0.044922000000274014,5.429255933401127,5.480963132766853,-0.010071135130826876,0.010071135130826876,0,5.45510953308399,5.455100236315415
48102.0,-0.03625499999987121,4.860476740378152,4.912183939743877,-0.008128066518957396,0.008128066518957396,0,4.886330340061015,4.886323579652574
48111.0,-0.026854999999954235,4.912183939743877,4.912183939743877,-0.00602066546316382,0.00602066546316382,0,4.912183939743877,4.912180250104785
48120.0,-0.0268560000001363,4.808769541012427,4.87771247350006,-0.00602088965480632,0.00602088965480632,0,4.8432410072562435,4.843237264627428
48129.0,-0.021972000000060943,4.87771247350006,4.9294196728657855,-0.004925937872173815,0.004925937872173815,0,4.9035660731829225,4.903563598910145
48139.0,-0.02441399999969151,5.377548734035402,5.446491666523036,-0.005473413763398796,0.005473413763398796,0,5.412020200279219,5.412017432417167
48148.0,-0.008545000000174857,4.860476740378152,4.87771247350006,-0.0019157172364131548,0.0019157172364131548,0,4.869094606939106,4.869094230074012
48157.0,-0.011109000000033368,4.894948206621969,4.912183939743877,-0.0024905445030944614,0.0024905445030944614,0,4.9035660731829225,4.9035654407014
48166.0,-0.003051000000181112,4.894948206621969,4.894948206621969,-0.0006840085767728369,0.0006840085767728369,0,4.894948206621969,4.894948158831093
48175.0,0.011474000000128024,4.946655405987694,4.894948206621969,0.0025723744377296664,-0.0025723744377296664,0,4.920801806304832,4.920801133925429
48185.0,0.017822000000088933,5.412020200279219,5.377548734035402,0.003995542725199177,-0.003995542725199177,0,5.394784467157311,5.394782987532114
48194.0,0.018433000000189388,4.946655405987694,4.860476740378152,0.00413252379384949,-0.00413252379384949,0,4.9035660731829225,4.903564331688839
48203.0,0.029662999999861522,4.894948206621969,4.8432410072562435,0.006650195480666506,-0.006650195480666506,0,4.869094606939106,4.869090065408441
48212.0,0.026610999999905457,4.946655405987694,4.860476740378152,0.00596596271234244,-0.00596596271234244,0,4.9035660731829225,4.903562443638668
48221.0,0.04357999999980218,4.9294196728657855,4.791533807890519,0.009770270001263653,-0.009770270001263653,0,4.860476740378152,4.860466918595112
48231.0,0.06311000000023255,5.463727399644944,5.429255933401127,0.014148731982212488,-0.014148731982212488,0,5.446491666523036,5.446473288857149
48240.0,0.06396499999997467,4.981126872231511,4.808769541012427,0.014340415801592909,-0.014340415801592909,0,4.894948206621969,4.894927194146209
48249.0,0.05725100000014415,4.9294196728657855,4.826005274134335,0.012835193387936964,-0.012835193387936964,0,4.87771247350006,4.877695584451242
48258.0,0.04589800000006201,4.981126872231511,4.860476740378152,0.010289946134021124,-0.010289946134021124,0,4.920801806304832,4.9207910460097235
48267.0,0.05139199999964864,4.912183939743877,4.8432410072562435,0.01152165479357017,-0.01152165479357017,0,4.87771247350006,4.877698865214966
48277.0,0.05102500000000408,5.480963132766853,5.377548734035402,0.011439376475832508,-0.011439376475832508,0,5.429255933401127,5.429243881034263
48286.0,0.04968300000034647,4.912183939743877,4.808769541012427,0.011138511346451828,-0.011138511346451828,0,4.860476740378152,4.860463976199322
48295.0,0.03503399999985237,4.894948206621969,4.912183939743877,0.00785432857329927,-0.00785432857329927,0,4.9035660731829225,4.903559782806873
48304.0,0.02880899999989436,4.946655405987694,4.9294196728657855,0.006458735852837313,-0.006458735852837313,0,4.938037539426739,4.938033315548122
48313.0,-0.0023200000002168457,4.860476740378152,4.8432410072562435,-0.0005201245159511981,0.0005201245159511981,0,4.851858873817198,4.851858845938155
48323.0,-0.010497999999525805,5.429255933401127,5.446491666523036,-0.002353563434352878,0.002353563434352878,0,5.437873799962082,5.437873290638569
48332.0,-0.015381000000233321,4.8432410072562435,4.860476740378152,-0.0034482910255254243,0.0034482910255254243,0,4.851858873817198,4.851857648436955
48341.0,-0.00817799999971607,4.894948206621969,4.87771247350006,-0.0018334389184929505,0.0018334389184929505,0,4.886330340061015,4.886329996090373
48350.0,-0.03137200000038503,4.808769541012427,4.912183939743877,-0.007033338928058662,0.007033338928058662,0,4.860476740378152,4.8604716510237065
48360.0,-0.04260299999983212,5.377548734035402,5.463727399644944,-0.009551234806426907,0.009551234806426907,0,5.420638066840173,5.420629651628024
48369.0,-0.04186999999991083,4.860476740378152,4.963891139109602,-0.009386902362411539,0.009386902362411539,0,4.912183939743877,4.912174969857981
48378.0,-0.03515600000008032,4.791533807890519,4.860476740378152,-0.007881679948755596,0.007881679948755596,0,4.826005274134335,4.825998837762992
48387.0,-0.04736399999990458,4.894948206621969,4.9294196728657855,-0.010618611022051857,0.010618611022051857,0,4.912183939743877,4.912172462578687
48396.0,-0.0385740000003131,4.826005274134335,4.912183939743877,-0.008647966843357365,0.008647966843357365,0,4.869094606939106,4.869086926557337
48406.0,-0.03662099999974082,5.412020200279219,5.498198865888761,-0.00821012064514383,0.00821012064514383,0,5.45510953308399,5.45510335445715
48415.0,-0.03442399999993398,4.8432410072562435,4.87771247350006,-0.007717571696291457,0.007717571696291457,0,4.860476740378152,4.860470613247788
48424.0,-0.033813000000240644,4.826005274134335,4.963891139109602,-0.0075805906277324146,0.0075805906277324146,0,4.894948206621969,4.894942335604523
48433.0,-0.028564999999845582,4.894948206621969,4.9294196728657855,-0.006404033102015934,0.006404033102015934,0,4.912183939743877,4.912179765216507
48442.0,-0.019043000000107772,4.8432410072562435,4.87771247350006,-0.004269280670857303,0.004269280670857303,0,4.860476740378152,4.860474865358778
48452.0,-0.024170000000049843,5.498198865888761,5.463727399644944,-0.005418711012668688,0.005418711012668688,0,5.480963132766853,5.480960454159356
48461.0,0.009155999999868198,4.826005274134335,4.894948206621969,0.0020526983049721967,-0.0020526983049721967,0,4.860476740378152,4.860476306904036
48470.0,0.016235000000200485,4.894948206621969,4.826005274134335,0.003639750653354617,-0.003639750653354617,0,4.860476740378152,4.8604753775030325
48479.0,0.016357000000021316,4.912183939743877,4.739826608524794,0.0036671020287196714,-0.0036671020287196714,0,4.826005274134335,4.826003880443259
48489.0,0.05920500000008428,5.480963132766853,5.360313000913494,0.013273263777610457,-0.013273263777610457,0,5.420638066840173,5.420621814089227
48498.0,0.12475499999999039,5.0500698047191435,4.688119409159069,0.027969023267854196,-0.027969023267854196,0,4.869094606939106,4.869014168071137
48507.0,0.2064210000000081,5.08454127096296,4.619176476671435,0.04627785461083246,-0.04627785461083246,0,4.851858873817198,4.851637677295489
48516.0,0.26769999999989635,5.2224271359382275,4.56746927730571,0.06001609177028774,-0.06001609177028774,0,4.894948206621969,4.89457867174224
48526.0,0.37158300000020583,5.825677795205019,4.998362605353419,0.08330578792790369,-0.08330578792790369,0,5.412020200279219,5.411375398685585
48535.0,0.40759200000007123,5.29137006842586,4.446819145452352,0.09137870331284598,-0.09137870331284598,0,4.869094606939106,4.8682308898271405
48544.0,0.48290999999972095,5.412020200279219,4.36064047984281,0.10826436636826346,-0.10826436636826346,0,4.886330340061015,4.885117384451771
48553.0,0.537231999999912,5.412020200279219,4.343404746720902,0.12044290255488391,-0.12044290255488391,0,4.87771247350006,4.876208125862139
48562.0,0.6063230000000538,5.567141798376394,4.291697547355177,0.13593252450673698,-0.13593252450673698,0,4.9294196728657855,4.927514728781084
48571.0,0.66345199999997,5.618848997742119,4.2572260811113605,0.1487403665192176,-0.1487403665192176,0,4.938037539426739,4.935755707897418
48581.0,0.7957770000001222,6.325514055740361,4.705355142280977,0.17840652021184195,-0.17840652021184195,0,5.5154345990106695,5.512488114614259
48590.0,0.7720939999999877,5.773970595839295,4.205518881745635,0.17309699050917352,-0.17309699050917352,0,4.989744738792465,4.98666941462569
48599.0,0.8118900000000947,5.825677795205019,4.15381168237991,0.18201891948974025,-0.18201891948974025,0,4.9897447387924645,4.986332879757318
48608.0,0.85217299999971,5.842913528326927,4.136575949258002,0.19105002978021596,-0.19105002978021596,0,4.9897447387924645,4.985981849463739
48617.0,0.8840330000001926,5.963563660180286,4.084868749892276,0.19819277420991738,-0.19819277420991738,0,5.024216205036281,5.0201711047831985
48625.0,0.8525389999999867,5.343077267791585,3.6022682224788434,0.19113208390649364,-0.19113208390649364,0,4.472672745135214,4.4684351239821964
48634.0,0.9989020000001254,6.066978058911736,4.0503972836484605,0.22394543930352895,-0.22394543930352895,0,5.058687671280098,5.05353480896738
48643.0,1.0384519999998194,6.153156724521278,4.0503972836484605,0.23281221714998931,-0.23281221714998931,0,5.10177700408487,5.096240003522128
48652.0,1.0695800000001556,6.135920991399369,4.033161550526552,0.23979085332722658,-0.23979085332722658,0,5.08454127096296,5.078646445079496
48661.0,1.0709229999999954,6.153156724521278,3.998690084282735,0.24009194264824976,-0.24009194264824976,0,5.0759234044020065,5.06998979601776
48670.0,1.0817869999997978,6.204863923887003,4.0503972836484605,0.24252756020888033,-0.24252756020888033,0,5.127630603767732,5.121642665021721
48678.0,0.9874260000000403,5.584377531498302,3.5160895568693014,0.22137261648260556,-0.22137261648260556,0,4.5502335441838015,4.544568171547012
48687.0,1.1345220000001004,6.256571123252728,3.981454351160827,0.25435030432365624,-0.25435030432365624,0,5.119012737206777,5.112381069551747
48696.0,1.1674800000001917,6.3082783226184524,3.94698288491701,0.26173921113191695,-0.26173921113191695,0,5.127630603767731,5.120594155907335
48705.0,1.2080079999996307,6.411692721349903,3.895275685551285,0.2708252483647653,-0.2708252483647653,0,5.153484203450594,5.145937767878243
48713.0,1.0959470000000124,5.687791930229753,3.4988538237473934,0.24570211328874764,-0.24570211328874764,0,4.593322876988573,4.586375482048718
48722.0,1.2784430000002014,6.3944569882279945,3.8263327530636517,0.2866161838293753,-0.2866161838293753,0,5.110394870645823,5.101843128276729
48731.0,1.32263199999974,6.566814319447078,3.8090970199417433,0.2965229865160043,-0.2965229865160043,0,5.187955669694411,5.178868737033515
48740.0,1.3791499999999628,6.549578586325169,3.791861286819835,0.30919384745992584,-0.30919384745992584,0,5.170719936572502,5.160805133265842
48748.0,1.224732000000111,5.825677795205019,3.4126751581378514,0.27457462871140514,-0.27457462871140514,0,4.619176476671435,4.610450345022038
48757.0,1.377929000000351,6.532342853203261,3.8608042193074685,0.308920109514359,-0.308920109514359,0,5.1965735362553644,5.186777373638533
48766.0,1.3562009999995246,6.566814319447078,3.8263327530636517,0.304048874392824,-0.304048874392824,0,5.1965735362553644,5.187048111973219
48774.0,1.1939700000000513,5.756734862717386,3.4126751581378514,0.2676780466604456,-0.2676780466604456,0,4.584705010427619,4.576373576192301
48783.0,1.3688970000002607,6.549578586325169,3.791861286819835,0.3068952109679456,-0.3068952109679456,0,5.170719936572502,5.1609514619253645
48792.0,1.3785400000000445,6.618521518812803,3.7746255536979265,0.309057090582918,-0.309057090582918,0,5.1965735362553644,5.186676931489757
48800.0,1.2657469999998725,5.8946207276926526,3.3609679587721266,0.283769847254345,-0.283769847254345,0,4.62779434323239,4.618427156562175
48809.0,1.45922799999991,6.635757251934711,3.74015408745411,0.32714666253941704,-0.32714666253941704,0,5.187955669694411,5.176817885555357
48818.0,1.4672849999999873,6.635757251934711,3.757389820576018,0.32895297427418746,-0.32895297427418746,0,5.1965735362553644,5.185345565806325
48826.0,1.3054199999999765,5.8946207276926526,3.292025026284493,0.29266420066790416,-0.29266420066790416,0,4.593322876988573,4.583230702224354
48835.0,1.479247999999988,6.635757251934711,3.7229183543322018,0.33163497840511114,-0.33163497840511114,0,5.179337803133457,5.167860233303585
48844.0,1.49157800000004,6.670228718178528,3.7229183543322018,0.3343992608538637,-0.3343992608538637,0,5.1965735362553644,5.184926349142838
48852.0,1.3198240000002397,5.963563660180286,3.3092607594064014,0.29589345649859283,-0.29589345649859283,0,4.636412209793344,4.626173805281256
48861.0,1.4794919999996294,6.687464451300436,3.74015408745411,0.33168968115584124,-0.33168968115584124,0,5.213809269377274,5.2023932465726554
48870.0,1.471924000000239,6.65299298505662,3.7229183543322018,0.32999299911444735,-0.32999299911444735,0,5.187955669694411,5.17660154300365
48878.0,1.3208009999998027,5.929092193936469,3.32649649252831,0.2961124916933383,-0.2961124916933383,0,4.62779434323239,4.617553304369193
48887.0,1.5040280000003632,6.721935917544253,3.7229183543322018,0.3371904462948789,-0.3371904462948789,0,5.2224271359382275,5.210618193957312
48895.0,1.3421629999999454,5.998035126424103,3.292025026284493,0.3009016726885043,-0.3009016726885043,0,4.645030076354298,4.63443031362434
48904.0,1.5203859999997524,6.687464451300436,3.7056826212102933,0.3408577725150585,-0.3408577725150585,0,5.1965735362553644,5.18444978633209
48913.0,1.5111080000000634,6.739171650666162,3.6712111549664765,0.33877772283472124,-0.33877772283472124,0,5.205191402816319,5.193175871111891
48921.0,1.3498540000001529,5.998035126424103,3.292025026284493,0.3026259302970883,-0.3026259302970883,0,4.645030076354298,4.634309062265684
48930.0,1.544920999999897,6.670228718178528,3.688446888088385,0.3463583134623624,-0.3463583134623624,0,5.179337803133457,5.166772936393329
48939.0,1.556275000000161,6.721935917544253,3.653975421844568,0.34890378490792073,-0.34890378490792073,0,5.187955669694411,5.175164974195238
48947.0,1.401854999999945,6.066978058911736,3.2403178269187682,0.31428411777611504,-0.31428411777611504,0,4.653647942915252,4.642018555521764
48956.0,1.59484899999966,6.790878850031886,3.6022682224788434,0.35755175175109555,-0.35755175175109555,0,5.1965735362553644,5.183069477648023
48965.0,1.56176800000038,6.635757251934711,3.74015408745411,0.3501352693760098,-0.3501352693760098,0,5.187955669694411,5.175205551077211
48973.0,1.330932000000091,5.791206328961202,3.32649649252831,0.2983837768100448,-0.2983837768100448,0,4.558851410744756,4.548364513844483
48982.0,1.3874509999996818,6.549578586325169,3.791861286819835,0.31105486194542636,-0.31105486194542636,0,5.170719936572502,5.16068587527013
48991.0,1.3889160000001566,6.549578586325169,3.8090970199417433,0.31138330264199715,-0.31138330264199715,0,5.179337803133456,5.169311114411851
49000.0,1.3854979999999237,6.515107120081353,3.8090970199417433,0.31061701574739536,-0.31061701574739536,0,5.1621020700115485,5.152105098444797
49008.0,1.2003180000000122,5.722263396473569,3.481618090625485,0.2691012149479151,-0.2691012149479151,0,4.601940743549527,4.593605561998488
49017.0,1.2816159999997963,6.377221255106086,3.895275685551285,0.2873275437814219,-0.2873275437814219,0,5.1362484703286855,5.127739966090552
49026.0,1.217285000000359,6.1876281907650945,3.981454351160827,0.27290507385373386,-0.27290507385373386,0,5.08454127096296,5.076876445855431
49035.0,1.1418459999998494,6.1876281907650945,3.998690084282735,0.25599228361431997,-0.25599228361431997,0,5.093159137523915,5.08643028296679
49043.0,0.9521480000001392,5.446491666523036,3.653975421844568,0.2134635851584849,-0.2134635851584849,0,4.550233544183802,4.545034734489009
49052.0,0.9970709999997811,6.066978058911736,4.205518881745635,0.22353494448077174,-0.22353494448077174,0,5.1362484703286855,5.131227458677396
49061.0,0.9396970000000411,5.963563660180286,4.205518881745635,0.2106721755259185,-0.2106721755259185,0,5.08454127096296,5.0800490207332665
49070.0,0.8840329999997855,5.963563660180286,4.239990347989452,0.1981927742098261,-0.1981927742098261,0,5.10177700408487,5.097819408069823
49079.0,0.8266600000002275,5.791206328961202,4.274461814233269,0.18533022944661534,-0.18533022944661534,0,5.032834071597236,5.029346435960695
49088.0,0.7692870000002625,5.773970595839295,4.395111946086627,0.17246768468331333,-0.17246768468331333,0,5.08454127096296,5.081564245035398
49097.0,0.7219239999997258,5.773970595839295,4.36064047984281,0.16184929785272142,-0.16184929785272142,0,5.067305537841053,5.064671764881826
49105.0,0.5939939999997765,5.0155983384753275,3.94698288491701,0.13316846624953563,-0.13316846624953563,0,4.481290611696169,4.479284849471424
49114.0,0.6223150000003875,5.584377531498302,4.377876212964718,0.1395177966009127,-0.1395177966009127,0,4.98112687223151,4.979145144832078
49123.0,0.555907999999561,5.549906065254485,4.481290611696169,0.12462990490782101,-0.12462990490782101,0,5.015598338475327,5.014032900572596
49132.0,0.523682000000023,5.446491666523036,4.498526344818077,0.11740510635211569,-0.11740510635211569,0,4.972509005670556,4.971110891841544
49142.0,0.5302730000002577,5.998035126424103,5.032834071597236,0.11888275319885536,-0.11888275319885536,0,5.5154345990106695,5.514143948468161
49151.0,0.4372559999997077,5.360313000913494,4.515762077939986,0.09802912298506371,-0.09802912298506371,0,4.938037539426739,4.937057642650158
49160.0,0.41455100000053974,5.308605801547769,4.584705010427618,0.09293885266905708,-0.09293885266905708,0,4.946655405987693,4.945777867173671
49169.0,0.3967279999994545,5.377548734035402,4.56746927730571,0.08894308575203286,-0.08894308575203286,0,4.972509005670556,4.971708430191194
49178.0,0.36840800000024687,5.239662869060136,4.584705010427618,0.08259397959257207,-0.08259397959257207,0,4.912183939743877,4.911486619085551
49187.0,0.33545000000015546,5.239662869060136,4.56746927730571,0.07520507278431135,-0.07520507278431135,0,4.9035660731829225,4.902986752669238
49196.0,0.30371100000012585,5.205191402816319,4.636412209793344,0.06808945553851502,-0.06808945553851502,0,4.920801806304832,4.9203292174775015
49205.0,0.3017569999997786,5.170719936572502,4.636412209793344,0.06765138514875026,-0.06765138514875026,0,4.9035660731829225,4.903098080084225
49215.0,0.3222660000001361,5.791206328961202,5.101777004084869,0.07224933070772957,-0.07224933070772957,0,5.446491666523036,5.446010599567346
49224.0,0.27856400000010595,5.1362484703286855,4.636412209793344,0.06245170933100959,-0.06245170933100959,0,4.886330340061015,4.885930248381207
49233.0,0.27807699999978336,5.170719936572502,4.653647942915252,0.06234252802091806,-0.06234252802091806,0,4.912183939743877,4.911787282205605
49242.0,0.2578119999998818,5.101777004084869,4.636412209793344,0.0577992852128514,-0.0577992852128514,0,4.869094606939106,4.868750801123472
49251.0,0.24096700000017005,5.101777004084869,4.636412209793344,0.05402277768258024,-0.05402277768258024,0,4.869094606939106,4.868794256706917
49261.0,0.25805700000011267,5.705027663351661,5.170719936572502,0.05785421215531528,-0.05785421215531528,0,5.437873799962082,5.437565322802918
49270.0,0.23193300000012268,5.032834071597236,4.619176476671435,0.0519974307529731,-0.0519974307529731,0,4.826005274134335,4.82572466213305
49279.0,0.23950199999969532,5.119012737206777,4.636412209793344,0.053694336986009464,-0.053694336986009464,0,4.87771247350006,4.8774162394577765
49288.0,0.24560600000001456,5.08454127096296,4.601940743549527,0.055062802522748866,-0.055062802522748866,0,4.8432410072562435,4.842927254689996
49298.0,0.26953099999983354,5.653320463985936,5.153484203450594,0.06042658659295368,-0.06042658659295368,0,5.403402333718265,5.403063764312485
49307.0,0.26562499999991035,5.205191402816319,4.515762077939986,0.059550894196800416,-0.059550894196800416,0,4.860476740378152,4.86011012763258
49316.0,0.3344720000000033,5.187955669694411,4.498526344818077,0.0749858133978321,-0.0749858133978321,0,4.843241007256244,4.8426576726938375
49325.0,0.3935550000002668,5.29137006842586,4.46405487857426,0.0882317258000775,-0.0882317258000775,0,4.87771247350006,4.876908896225755
49335.0,0.4594729999999995,5.842913528326927,4.963891139109602,0.1030099877997014,-0.1030099877997014,0,5.403402333718265,5.402414185810478
49344.0,0.4414059999996797,5.29137006842586,4.446819145452352,0.09895951813203835,-0.09895951813203835,0,4.869094606939106,4.868081684682459
49353.0,0.4365240000003756,5.360313000913494,4.46405487857426,0.09786501473278211,-0.09786501473278211,0,4.912183939743877,4.911201184971317
49362.0,0.4326169999998632,5.274134335303953,4.412347679208535,0.09698909814489509,-0.09698909814489509,0,4.843241007256244,4.842262429873173
49372.0,0.5102539999999548,5.963563660180286,4.9294196728657855,0.11439466152471253,-0.11439466152471253,0,5.446491666523036,5.445279823205271
49381.0,0.47631799999971125,5.343077267791585,4.429583412330444,0.10678649532997257,-0.10678649532997257,0,4.886330340061015,4.885153632006816
49390.0,0.47753900000054433,5.343077267791585,4.395111946086627,0.10706023327581324,-0.10706023327581324,0,4.869094606939106,4.867906793677033
49399.0,0.48242199999962343,5.360313000913494,4.446819145452352,0.1081549608666207,-0.1081549608666207,0,4.9035660731829225,4.902363338296656
49408.0,0.48803700000007016,5.325841534669677,4.412347679208535,0.10941379671016611,-0.10941379671016611,0,4.869094606939106,4.867854861135192
49418.0,0.5239260000004788,5.929092193936469,4.894948206621969,0.11745980910302835,-0.11745980910302835,0,5.412020200279219,5.410734288479775
49427.0,0.479735999999537,5.394784467157311,4.412347679208535,0.10755278222448307,-0.10755278222448307,0,4.9035660731829225,4.902375059239661
49436.0,0.4699709999999324,5.377548734035402,4.412347679208535,0.10536355123414555,-0.10536355123414555,0,4.894948206621969,4.8938035203284365
49445.0,0.5122070000005271,5.429255933401127,4.377876212964718,0.11483250772292607,-0.11483250772292607,0,4.9035660731829225,4.902206448981019
49454.0,0.5522459999996865,5.480963132766853,4.343404746720902,0.12380891526248913,-0.12380891526248913,0,4.912183939743877,4.910603273337053
49464.0,0.6557620000003515,6.066978058911736,4.774298074768611,0.14701633310236742,-0.14701633310236742,0,5.420638066840173,5.418616851135637
49473.0,0.6147459999995936,5.584377531498302,4.326169013598993,0.13782089036760253,-0.13782089036760253,0,4.955273272548648,4.953326493314954
49482.0,0.6389160000000504,5.584377531498302,4.274461814233269,0.14323960138036249,-0.14323960138036249,0,4.9294196728657855,4.927302599853158
49491.0,0.7006830000000362,5.670556197107844,4.188283148623727,0.15708724404146052,-0.15708724404146052,0,4.9294196728657855,4.926860990186055
49500.0,0.7556159999999206,5.756734862717386,4.188283148623727,0.16940276129664003,-0.16940276129664003,0,4.972509005670556,4.969552713518048
49509.0,0.8049310000000334,5.825677795205019,4.15381168237991,0.1804587701336204,-0.1804587701336204,0,4.9897447387924645,4.986391052162037
49518.0,0.8837889999997367,5.8946207276926526,4.067633016770368,0.19813807145900472,-0.19813807145900472,0,4.98112687223151,4.977054674086518
49527.0,0.9492190000001861,5.980799393302195,4.084868749892276,0.2128069279571684,-0.2128069279571684,0,5.032834071597236,5.0281768704839624
49536.0,0.9919430000000641,5.998035126424103,4.033161550526552,0.22238528994740914,-0.22238528994740914,0,5.0155983384753275,5.0104805880863275
49545.0,1.0119629999997348,6.032506592667919,4.067633016770368,0.2268736058130119,-0.2268736058130119,0,5.0500698047191435,5.044782843931104
49554.0,1.0100099999999768,6.084213792033644,4.102104483014185,0.2264357596149809,-0.2264357596149809,0,5.093159137523914,5.087936827743694
49563.0,1.02539100000021,6.032506592667919,4.067633016770368,0.22988405064050635,-0.22988405064050635,0,5.0500698047191435,5.04464186822924
49572.0,1.0214840000001046,6.015270859546011,4.067633016770368,0.2290081340527106,-0.2290081340527106,0,5.04145193815819,5.036059002758154
49580.0,0.873046999999755,5.343077267791585,3.6022682224788434,0.19572980527373918,-0.19572980527373918,0,4.472672745135214,4.4682291537816985
49589.0,0.9499510000003324,5.946327927058378,4.15381168237991,0.21297103620963254,-0.21297103620963254,0,5.0500698047191435,5.0454402668218155
49598.0,0.9313969999996901,5.911856460814561,4.102104483014185,0.20881138523187795,-0.20881138523187795,0,5.006980471914373,5.002486196641145
49607.0,0.9033200000003491,5.8946207276926526,4.188283148623727,0.20251675763159604,-0.20251675763159604,0,5.04145193815819,5.037270252758833
49616.0,0.8493650000002098,5.8084420620831105,4.188283148623727,0.19042049976280453,-0.19042049976280453,0,4.998362605353419,4.994642184505762
49625.0,0.8090819999997803,5.791206328961202,4.239990347989452,0.18138938947214628,-0.18138938947214628,0,5.015598338475327,5.012241706286826
49634.0,0.7934569999999053,5.756734862717386,4.239990347989452,0.17788639569589074,-0.17788639569589074,0,4.998362605353419,4.995126069570924
49643.0,0.7744140000002047,5.705027663351661,4.222754614867544,0.17361711502512472,-0.17361711502512472,0,4.963891139109602,4.960788871023482
49652.0,0.7724610000000395,5.722263396473569,4.188283148623727,0.17317926882700246,-0.17317926882700246,0,4.955273272548649,4.952176008416016
49661.0,0.7575689999996786,5.773970595839295,4.239990347989452,0.169840607494671,-0.169840607494671,0,5.006980471914373,5.004033546489313
49670.0,0.7612300000001853,5.687791930229753,4.222754614867544,0.17066137294854294,-0.17066137294854294,0,4.955273272548649,4.95227177110575
49680.0,0.8579099999995704,6.359985521984178,4.67088367603716,0.19233621699903514,-0.19233621699903514,0,5.5154345990106695,5.512003980288451
49689.0,0.7866210000002539,5.773970595839295,4.205518881745635,0.17635382190686974,-0.17635382190686974,0,4.989744738792465,4.986552724477145
49698.0,0.8083500000000411,5.773970595839295,4.15381168237991,0.1812252812197734,-0.1812252812197734,0,4.963891139109602,4.960496340597041
49707.0,0.8398439999998398,5.842913528326927,4.188283148623727,0.18828597152310586,-0.18828597152310586,0,5.015598338475327,5.011969739403753
49716.0,0.8632809999999683,5.877384994570744,4.1710474155018185,0.19354035009175918,-0.19354035009175918,0,5.024216205036281,5.02038270199046
49725.0,0.8813480000002881,5.8084420620831105,4.119340216136093,0.19759081975942225,-0.19759081975942225,0,4.963891139109602,4.959846831523471
49734.0,0.8742669999995918,5.8084420620831105,4.084868749892276,0.1960033190277548,-0.1960033190277548,0,4.946655405987693,4.942656161981775
49743.0,0.8461920000002079,5.825677795205019,4.15381168237991,0.18970913981066664,-0.18970913981066664,0,4.9897447387924645,4.986038856034838
49752.0,0.8488770000001122,5.705027663351661,4.102104483014185,0.19031109426116177,-0.19031109426116177,0,4.9035660731829225,4.899776530074141
49761.0,0.8369140000001117,5.791206328961202,4.15381168237991,0.18762909013023812,-0.18762909013023812,0,4.972509005670556,4.968874873366733
49770.0,0.8339839999999764,5.756734862717386,4.119340216136093,0.1869722087372791,-0.1869722087372791,0,4.938037539426739,4.934402236310236
49779.0,0.8068849999999734,5.739499129595478,4.15381168237991,0.1808968405232939,-0.1808968405232939,0,4.946655405987694,4.943264396607997
49788.0,0.8085930000003149,5.739499129595478,4.1710474155018185,0.18127975977904356,-0.18127975977904356,0,4.955273272548649,4.951876046431696
49797.0,0.8063969999994688,5.722263396473569,4.1710474155018185,0.1807874350215599,-0.1807874350215599,0,4.946655405987694,4.943272308099923
49806.0,0.79492200000038,5.670556197107844,4.136575949258002,0.17821483639246152,-0.17821483639246152,0,4.9035660731829225,4.900250045122533
49816.0,0.8742669999999988,6.342749788862269,4.619176476671435,0.1960033190278461,-0.1960033190278461,0,5.480963132766853,5.4773735699858035
49825.0,0.7783209999999028,5.756734862717386,4.15381168237991,0.1744930316128292,-0.1744930316128292,0,4.955273272548649,4.95212181256707
49834.0,0.7888179999996536,5.705027663351661,4.1710474155018185,0.17684637085563085,-0.17684637085563085,0,4.938037539426739,4.934796056421629
49843.0,0.8073730000004781,5.773970595839295,4.136575949258002,0.18100624602502793,-0.18100624602502793,0,4.955273272548649,4.951878484906381
49852.0,0.8203129999996345,5.791206328961202,4.119340216136093,0.1839072853506058,-0.1839072853506058,0,4.955273272548648,4.951764757687631
49861.0,0.8618159999999008,5.8084420620831105,4.119340216136093,0.19321190939527969,-0.19321190939527969,0,4.963891139109602,4.9600238694074985
49870.0,0.9145510000002033,5.929092193936469,4.084868749892276,0.20503465351005556,-0.20503465351005556,0,5.006980471914373,5.002641467809456
49879.0,0.9577630000001789,5.946327927058378,4.0503972836484605,0.21472242100193906,-0.21472242100193906,0,4.998362605353419,4.993586318945978
49888.0,0.9875489999996362,5.998035126424103,4.015925817404644,0.22140019204952185,-0.22140019204952185,0,5.006980471914373,5.0018949296043385
49897.0,1.0214850000002869,6.084213792033644,4.015925817404644,0.2290083582443531,-0.2290083582443531,0,5.0500698047191435,5.044660274670346
49906.0,1.060790999999932,6.066978058911736,3.9297471517951017,0.23782043333999206,-0.23782043333999206,0,4.998362605353419,4.992446446665703
49915.0,1.095459000000322,6.1014495251555525,3.9125114186731933,0.24559270778719616,-0.24559270778719616,0,5.006980471914373,5.000669420000895
49924.0,1.1320799999996556,6.153156724521278,3.9125114186731933,0.2538028284322487,-0.2538028284322487,0,5.032834071597236,5.026117144859727
49933.0,1.1357419999999372,6.1876281907650945,3.9297471517951017,0.25462381807767187,-0.25462381807767187,0,5.058687671280098,5.051959942030995
49942.0,1.1249999999999554,6.153156724521278,3.9642186180389185,0.25221555189240635,-0.25221555189240635,0,5.058687671280098,5.052106828231004
49950.0,0.9978030000003345,5.480963132766853,3.4988538237473934,0.22369905273332716,-0.22369905273332716,0,4.489908478257123,4.484064200059217
49959.0,1.1174309999995686,6.1876281907650945,3.981454351160827,0.2505186456591874,-0.2505186456591874,0,5.08454127096296,5.078079613010875
49968.0,1.092041000000089,6.118685258277461,3.9642186180389185,0.24482642089259438,-0.24482642089259438,0,5.04145193815819,5.035236537073821
49977.0,1.0698249999999794,6.1014495251555525,4.015925817404644,0.23984578026959918,-0.23984578026959918,0,5.058687671280098,5.052761771598283
49986.0,1.0478510000003685,6.118685258277461,4.033161550526552,0.2349193940143229,-0.2349193940143229,0,5.0759234044020065,5.070258878766772
49995.0,1.0236819999996865,6.1014495251555525,4.084868749892276,0.2295009071931142,-0.2295009071931142,0,5.093159137523914,5.087787392629236
50004.0,1.0273440000003753,6.1014495251555525,4.0503972836484605,0.2303218968386286,-0.2303218968386286,0,5.0759234044020065,5.070485797140094
50013.0,0.9956049999995314,6.066978058911736,4.119340216136093,0.22320627959264974,-0.22320627959264974,0,5.093159137523914,5.088091295631191
50021.0,0.869872999999978,5.343077267791585,3.653975421844568,0.19501822113005007,-0.19501822113005007,0,4.498526344818076,4.494152058204764
50030.0,0.9704590000001007,6.032506592667919,4.102104483014185,0.21756875757687807,-0.21756875757687807,0,5.067305537841052,5.0624669390280665
50039.0,1.0039060000000646,6.1014495251555525,4.084868749892276,0.22506729407833279,-0.22506729407833279,0,5.093159137523914,5.087992572502774
50048.0,1.0295409999997749,6.135920991399369,4.084868749892276,0.23081444578738972,-0.23081444578738972,0,5.110394870645823,5.104973798823311
50057.0,1.0344240000004825,6.118685258277461,4.067633016770368,0.23190917337856226,-0.23190917337856226,0,5.093159137523914,5.08766661848237
50066.0,1.0270999999999193,6.118685258277461,4.067633016770368,0.23026719408771595,-0.23026719408771595,0,5.093159137523914,5.087743975804367
50074.0,0.907469999999914,5.463727399644944,3.6367396887226597,0.2034471527784794,-0.2034471527784794,0,4.550233544183802,4.545502965273393
50083.0,1.0187989999997933,6.084213792033644,4.015925817404644,0.22840617960212417,-0.22840617960212417,0,5.0500698047191435,5.044688632729667
50092.0,1.0156250000000164,6.118685258277461,4.102104483014185,0.22769459545843507,-0.22769459545843507,0,5.110394870645823,5.1051264030342764
50101.0,1.0363770000002406,6.153156724521278,4.102104483014185,0.23234701957659326,-0.23234701957659326,0,5.127630603767731,5.122157362066973
50110.0,1.03906299999992,6.204863923887003,4.0503972836484605,0.2329491982186396,-0.2329491982186396,0,5.127630603767732,5.1221054126004475
50118.0,0.9509270000001204,5.532670332132577,3.5677967562350266,0.2131898472128268,-0.2131898472128268,0,4.5502335441838015,4.545005893179957
50127.0,1.12011799999943,6.204863923887003,4.067633016770368,0.2511210484928763,-0.2511210484928763,0,5.1362484703286855,5.129845983216942
50136.0,1.0466300000003497,6.015270859546011,4.1710474155018185,0.2346456560686648,-0.2346456560686648,0,5.093159137523915,5.08758122878478
50145.0,0.9162599999999126,5.860149261448836,4.205518881745635,0.20541779695726517,-0.20541779695726517,0,5.032834071597236,5.0285316648169
50154.0,0.7805180000001167,5.8084420620831105,4.343404746720902,0.17498558056177285,-0.17498558056177285,0,5.0759234044020065,5.072846096474727
50163.0,0.682128999999801,5.722263396473569,4.326169013598993,0.15292759306379722,-0.15292759306379722,0,5.024216205036281,5.021844793449905
50172.0,0.6630860000001003,5.705027663351661,4.36064047984281,0.14865831239303118,-0.14865831239303118,0,5.032834071597236,5.030600279442126
50181.0,0.6826169999998986,5.722263396473569,4.343404746720902,0.15303699856543998,-0.15303699856543998,0,5.032834071597236,5.030464623981866
50190.0,0.6857910000004896,5.653320463985936,4.326169013598993,0.15374858270931163,-0.15374858270931163,0,4.9897447387924645,4.987335242980793
50199.0,0.6694329999998792,5.670556197107844,4.36064047984281,0.1500812564888582,-0.1500812564888582,0,5.015598338475327,5.01331561874721
50208.0,0.6501469999999047,5.618848997742119,4.395111946086627,0.145757497258822,-0.145757497258822,0,5.006980471914373,5.004828218849379
50217.0,0.6284179999997105,5.567141798376394,4.377876212964718,0.14088603794582708,-0.14088603794582708,0,4.972509005670556,4.970485496426958
50226.0,0.5837399999998923,5.567141798376394,4.446819145452352,0.13086960556591284,-0.13086960556591284,0,5.006980471914373,5.005249440067491
50235.0,0.5385740000003838,5.480963132766853,4.412347679208535,0.12074376768444713,-0.12074376768444713,0,4.946655405987694,4.945165088024339
50244.0,0.5002439999997124,5.429255933401127,4.481290611696169,0.11215050359181987,-0.11215050359181987,0,4.955273272548649,4.9539929420598465
50253.0,0.473633000000214,5.412020200279219,4.481290611696169,0.1061845408795687,-0.1061845408795687,0,4.946655405987694,4.945505969626214
50262.0,0.4477540000000478,5.343077267791585,4.498526344818077,0.10038268641959913,-0.10038268641959913,0,4.920801806304832,4.9197706578226805
50271.0,0.44677800000025975,5.412020200279219,4.498526344818077,0.10016387541640488,-0.10016387541640488,0,4.955273272548649,4.954252588382969
50280.0,0.44164999999972854,5.377548734035402,4.5502335441838015,0.09901422088285973,-0.09901422088285973,0,4.963891139109602,4.962897027303042
50289.0,0.42602500000026067,5.325841534669677,4.515762077939986,0.09551122710669546,-0.09551122710669546,0,4.920801806304832,4.919868834455869
50298.0,0.40014699999986936,5.343077267791585,4.515762077939986,0.08970959683827712,-0.08970959683827712,0,4.9294196728657855,4.9285977910059255
50308.0,0.40380799999996886,5.8084420620831105,5.067305537841052,0.09053036229205777,-0.09053036229205777,0,5.437873799962081,5.437116865088793
50317.0,0.3422859999998068,5.274134335303953,4.584705010427618,0.07673764657333235,-0.07673764657333235,0,4.9294196728657855,4.928819551218845
50326.0,0.33496100000028295,5.205191402816319,4.56746927730571,0.07509544309111736,-0.07509544309111736,0,4.886330340061015,4.885750925927834
50335.0,0.32421799999971207,5.170719936572502,4.56746927730571,0.07268695271411806,-0.07268695271411806,0,4.869094606939106,4.8685500660336025
50344.0,0.30468800000009594,5.239662869060136,4.636412209793344,0.06830849073335177,-0.06830849073335177,0,4.938037539426739,4.9375633794504585
50354.0,0.30737300000000034,5.705027663351661,5.170719936572502,0.0689104451838469,-0.0689104451838469,0,5.437873799962082,5.437436169511247
50363.0,0.25732400000019134,5.170719936572502,4.688119409159069,0.057689879711299914,-0.057689879711299914,0,4.9294196728657855,4.9290813197044105
50372.0,0.23290999999968562,5.08454127096296,4.619176476671435,0.052216465947718574,-0.052216465947718574,0,4.851858873817198,4.851577269944551
50381.0,0.20532200000021722,5.067305537841052,4.722590875402886,0.04603146804063066,-0.04603146804063066,0,4.894948206621969,4.894731515379637
50390.0,0.21313500000024574,5.153484203450594,4.653647942915252,0.04778307702457967,-0.04778307702457967,0,4.9035660731829225,4.903332671245729
50400.0,0.2409669999993558,5.618848997742119,5.170719936572502,0.054022777682397695,-0.054022777682397695,0,5.394784467157311,5.394513531226692
50409.0,0.20898400000049877,5.101777004084869,4.705355142280977,0.046852457686053804,-0.046852457686053804,0,4.9035660731829225,4.903341890051213
50418.0,0.17358399999955546,5.0500698047191435,4.722590875402886,0.03891607498629429,-0.03891607498629429,0,4.886330340061015,4.886175204124893
50427.0,0.1708990000004653,5.067305537841052,4.722590875402886,0.0383141205359817,-0.0383141205359817,0,4.894948206621969,4.89479807978533
50436.0,0.16210899999965248,5.032834071597236,4.739826608524794,0.0363434763570134,-0.0363434763570134,0,4.886330340061015,4.886195066602218
50446.0,0.15771500000044592,5.567141798376394,5.274134335303953,0.03535837845939992,-0.03535837845939992,0,5.420638066840173,5.420522666333641
50455.0,0.13305699999989143,5.0500698047191435,4.757062341646702,0.029830261944997202,-0.029830261944997202,0,4.9035660731829225,4.903475260221567
50464.0,0.1367179999995838,4.963891139109602,4.757062341646702,0.03065102739868658,-0.03065102739868658,0,4.860476740378152,4.8603800540934365
50473.0,0.13427800000031737,5.0155983384753275,4.739826608524794,0.030103999890746597,-0.030103999890746597,0,4.877712473500061,4.877619504759556
50482.0,0.11645499999963925,5.0155983384753275,4.826005274134335,0.02610823297381365,-0.02610823297381365,0,4.920801806304832,4.920732521003753
50492.0,0.12011700000032793,5.584377531498302,5.325841534669677,0.02692922261932807,-0.02692922261932807,0,5.45510953308399,5.455043028720441
50501.0,0.09960900000015255,5.0155983384753275,4.826005274134335,0.02233150125199126,-0.02233150125199126,0,4.920801806304832,4.92075111605231
50510.0,0.09741299999971355,4.9294196728657855,4.791533807890519,0.021839176494598846,-0.021839176494598846,0,4.860476740378152,4.860427667169371
50519.0,0.0786130000002867,5.0155983384753275,4.826005274134335,0.017624374383102964,-0.017624374383102964,0,4.920801806304832,4.920770233107129
50528.0,0.0817869999996565,4.946655405987694,4.826005274134335,0.018335958526700814,-0.018335958526700814,0,4.886330340061015,4.886295932330782
50537.0,0.07934599999980088,4.963891139109602,4.774298074768611,0.017788706827027063,-0.017788706827027063,0,4.869094606939107,4.869062100392162
50547.0,0.07641600000047988,5.532670332132577,5.377548734035402,0.017131825434250594,-0.017131825434250594,0,5.45510953308399,5.4550826265103725
50556.0,0.06860299999963712,4.946655405987694,4.791533807890519,0.015380216450119034,-0.015380216450119034,0,4.869094606939107,4.8690703098837105
50565.0,0.06787100000030502,4.998362605353419,4.860476740378152,0.015216108197837438,-0.015216108197837438,0,4.9294196728657855,4.929396183935479
50574.0,0.06420900000002346,4.9294196728657855,4.826005274134335,0.014395118552414288,-0.014395118552414288,0,4.87771247350006,4.877691229794772
50583.0,0.06274399999995584,4.998362605353419,4.8432410072562435,0.014066677855934783,-0.014066677855934783,0,4.920801806304832,4.920781695823898
50593.0,0.06127999999966317,5.498198865888761,5.412020200279219,0.013738461351006506,-0.013738461351006506,0,5.45510953308399,5.45509223222156
50602.0,0.07250900000037458,4.9294196728657855,4.808769541012427,0.016255908846454836,-0.016255908846454836,0,4.869094606939106,4.869067467095755
50611.0,0.06372099999992589,4.998362605353419,4.8432410072562435,0.01428571305077153,-0.01428571305077153,0,4.920801806304832,4.92078106466281
50620.0,0.06543000000004229,4.9294196728657855,4.860476740378152,0.014668856498072414,-0.014668856498072414,0,4.894948206621969,4.894926226351291
50629.0,0.06298800000000461,5.0155983384753275,4.8432410072562435,0.014121380606756162,-0.014121380606756162,0,4.9294196728657855,4.92939943994377
50638.0,0.05981499999959555,4.912183939743877,4.8432410072562435,0.013410020654527,-0.013410020654527,0,4.87771247350006,4.877694038975976
50648.0,0.06420900000043056,5.532670332132577,5.412020200279219,0.014395118552505559,-0.014395118552505559,0,5.472345266205898,5.472326330673116
50657.0,0.036375999999917086,4.963891139109602,4.860476740378152,0.008155193702771221,-0.008155193702771221,0,4.912183939743877,4.912177169393091
50666.0,0.04125999999999245,4.894948206621969,4.87771247350006,0.009250145485403727,-0.009250145485403727,0,4.886330340061015,4.886321584489684
50675.0,0.036864999999789594,4.981126872231511,4.826005274134335,0.00826482339596521,-0.00826482339596521,0,4.9035660731829225,4.903559106390521
50684.0,0.022706000000164293,4.894948206621969,4.860476740378152,0.005090494507831682,-0.005090494507831682,0,4.87771247350006,4.877709817189663
50694.0,0.020262999999944548,5.480963132766853,5.429255933401127,0.0045427944248729295,-0.0045427944248729295,0,5.45510953308399,5.4551076415148225
50703.0,0.016845999999893824,4.894948206621969,4.8432410072562435,0.0037767317219136592,-0.0037767317219136592,0,4.869094606939106,4.869093142180319
50712.0,0.005371000000397958,4.912183939743877,4.912183939743877,0.0012041330927240349,-0.0012041330927240349,0,4.912183939743877,4.912183792158154
50721.0,0.02343799999990351,4.912183939743877,4.8432410072562435,0.005254602760204549,-0.005254602760204549,0,4.87771247350006,4.877709643053887
50730.0,0.03271399999963553,4.87771247350006,4.860476740378152,0.007334204057348072,-0.007334204057348072,0,4.869094606939106,4.869089083260634
50740.0,0.02539100000006868,5.446491666523036,5.412020200279219,0.005692448958326814,-0.005692448958326814,0,5.429255933401127,5.429252949173142
50749.0,0.0017090000001163937,4.8432410072562435,4.912183939743877,0.00038314344730088515,-0.00038314344730088515,0,4.87771247350006,4.877712458451384
50758.0,-0.03076200000005953,4.894948206621969,4.981126872231511,-0.006896582050959578,0.006896582050959578,0,4.938037539426739,4.938032723100836
50767.0,-0.061522999999936996,4.8432410072562435,4.912183939743877,-0.013792939910276657,0.013792939910276657,0,4.87771247350006,4.877692971166404
50776.0,-0.05688499999986743,4.860476740378152,4.998362605353419,-0.012753139261659259,0.012753139261659259,0,4.9294196728657855,4.9294031725904075
50785.0,-0.04248000000023633,4.860476740378152,4.9294196728657855,-0.009523659239510623,0.009523659239510623,0,4.894948206621969,4.894938941526379
50795.0,-0.01342799999966104,5.412020200279219,5.446491666523036,-0.003010444827311889,0.003010444827311889,0,5.429255933401127,5.429255098768591
50804.0,-0.015137000000184543,4.894948206621969,4.894948206621969,-0.003393588274704045,0.003393588274704045,0,4.894948206621969,4.894947030262512
50813.0,0.00048800000009755417,4.894948206621969,4.8432410072562435,0.00010940550164275896,-0.00010940550164275896,0,4.869094606939106,4.869094605709934
50822.0,0.010009999999835362,4.912183939743877,4.87771247350006,0.0022441579328013896,-0.0022441579328013896,0,4.894948206621969,4.89494769218277
50831.0,0.009766000000193696,4.894948206621969,4.860476740378152,0.002189455182071281,-0.002189455182071281,0,4.87771247350006,4.877711982104437
50841.0,0.029296999999991913,5.532670332132577,5.498198865888761,0.0065681413544800725,-0.0065681413544800725,0,5.5154345990106695,5.515430688089825
50850.0,0.01098599999962336,4.912183939743877,4.860476740378152,0.0024629689359956367,-0.0024629689359956367,0,4.886330340061015,4.886329719310448
50859.0,0.02368199999995229,4.894948206621969,4.826005274134335,0.0053093055110259284,-0.0053093055110259284,0,4.860476740378152,4.860473840444747
50868.0,0.029541000000447803,4.860476740378152,4.826005274134335,0.0066228441053927225,-0.0066228441053927225,0,4.8432410072562435,4.843236479032482
50878.0,0.0449219999998669,5.429255933401127,5.360313000913494,0.010071135130735605,-0.010071135130735605,0,5.394784467157311,5.394775066259124
50887.0,0.06323199999964628,4.9294196728657855,4.8432410072562435,0.01417608335748627,-0.01417608335748627,0,4.886330340061015,4.886309774965655
