log,direction,parameter,value,mean_X_mm,mean_Y_mm,rms_closure_mm,rms_change_from_baseline_mm
12866,CW,gyro_bias_dps,-0.3,17.530925749000083,9.72451865897924,20.974513272146606,20.818633928440484
12866,CW,gyro_bias_dps,-0.295,17.451038474687266,9.38300038256889,20.752999024133526,20.46901570152222
12866,CW,gyro_bias_dps,-0.29,17.36962629758518,9.041991620255658,20.534005435317766,20.119480234442882
12866,CW,gyro_bias_dps,-0.285,17.286691705498903,8.701498761056154,20.317608421870077,19.77002787349602
12866,CW,gyro_bias_dps,-0.27999999999999997,17.202237212918316,8.361528182322775,20.103886183204114,19.42065896527345
12866,CW,gyro_bias_dps,-0.27499999999999997,17.116265360966214,8.022086249631581,19.892919222511285,19.071373856661438
12866,CW,gyro_bias_dps,-0.27,17.028778717341606,7.6831793166686,19.684790360743325,18.722172894833594
12866,CW,gyro_bias_dps,-0.265,16.939779876267313,7.344813725122196,19.479584743171745,18.373056427251882
12866,CW,gyro_bias_dps,-0.26,16.849271458432828,7.006995804569215,19.2773898375718,18.024024801658477
12866,CW,gyro_bias_dps,-0.255,16.75725611093951,6.669731872368084,19.078295423054556,17.675078366076793
12866,CW,gyro_bias_dps,-0.25,16.663736507243264,6.333028233546702,18.882393568477816,17.32621746880436
12866,CW,gyro_bias_dps,-0.245,16.568715347100397,5.996891180690932,18.689778599350557,16.977442458409996
12866,CW,gyro_bias_dps,-0.24,16.47219535650645,5.66132699383561,18.50054705207345,16.628753683728164
12866,CW,gyro_bias_dps,-0.235,16.37417928764207,5.326341940357883,18.31479761435434,16.280151493859996
12866,CW,gyro_bias_dps,-0.22999999999999998,16.27466991881274,4.991942274864823,18.132631050570662,15.931636238165066
12866,CW,gyro_bias_dps,-0.22499999999999998,16.173670054392254,4.658134239084586,17.95415011088661,15.583208266259184
12866,CW,gyro_bias_dps,-0.21999999999999997,16.07118252476132,4.324924061760441,17.779459422899198,15.234867928011518
12866,CW,gyro_bias_dps,-0.21499999999999997,15.967210186250304,3.9923179585373645,17.60866536463118,14.886615573538137
12866,CW,gyro_bias_dps,-0.21,15.861755921078293,3.660322131862176,17.44187591772942,14.538451553204267
12866,CW,gyro_bias_dps,-0.205,15.754822637292454,3.3289427708647734,17.27920049978193,14.190376217611405
12866,CW,gyro_bias_dps,-0.19999999999999998,15.646413268707807,2.9981860512597107,17.120749774797027,13.842389917601698
12866,CW,gyro_bias_dps,-0.195,15.536530774844163,2.668058135236265,16.966635440970244,13.494493004251435
12866,CW,gyro_bias_dps,-0.19,15.425178140869297,2.338565171345624,16.8169699950625,13.146685828863546
12866,CW,gyro_bias_dps,-0.185,15.312358377531723,2.0097132944060947,16.671866472882403,12.798968742973091
12866,CW,gyro_bias_dps,-0.18,15.198074521101443,1.6815086253830032,16.531438165609842,12.451342098332358
12866,CW,gyro_bias_dps,-0.175,15.082329633301152,1.3539572712937455,16.39579831195209,12.103806246915125
12866,CW,gyro_bias_dps,-0.16999999999999998,14.96512680125088,1.0270653250944064,16.265059766457757,11.756361540909097
12866,CW,gyro_bias_dps,-0.16499999999999998,14.84646913739989,0.7008388655764861,16.139334644606603,11.40900833271292
12866,CW,gyro_bias_dps,-0.15999999999999998,14.726359779463383,0.3752839572669586,16.018733945711425,11.061746974937899
12866,CW,gyro_bias_dps,-0.155,14.604801890354338,0.05040665030948048,15.90336715504739,10.71457782038973
12866,CW,gyro_bias_dps,-0.15,14.481798658122193,-0.2737870196225913,15.7933418270635,10.36750122208313
12866,CW,gyro_bias_dps,-0.145,14.357353295887469,-0.5972910314458432,15.688763151964107,10.020517533224272
12866,CW,gyro_bias_dps,-0.13999999999999999,14.231469041772698,-0.9200993787622338,15.58973350840058,9.673627107213694
12866,CW,gyro_bias_dps,-0.13499999999999998,14.104149158835867,-1.242206069966801,15.496352005473831,9.326830297638864
12866,CW,gyro_bias_dps,-0.12999999999999998,13.975396935008325,-1.5636051283489223,15.408714017682678,8.980127458274946
12866,CW,gyro_bias_dps,-0.12499999999999997,13.845215683022298,-1.8842905921979423,15.326910716834714,8.633518943076481
12866,CW,gyro_bias_dps,-0.12,13.713608740343625,-2.2042565149042614,15.251028605348564,8.287005106175553
12866,CW,gyro_bias_dps,-0.11499999999999999,13.580579469106283,-2.523496965063191,15.181149055661917,7.9405863018784
12866,CW,gyro_bias_dps,-0.10999999999999999,13.446131256041713,-2.8420060265746088,15.117347860708767,7.594262884663016
12866,CW,gyro_bias_dps,-0.10499999999999998,13.310267512411041,-3.159777798751952,15.059694800609623,7.248035209169701
12866,CW,gyro_bias_dps,-0.09999999999999998,13.17299167393312,-3.476806396414838,15.00825323077341,6.901903630204724
12866,CW,gyro_bias_dps,-0.09499999999999997,13.034307200716034,-3.7930859499957252,14.963079696606728,6.555868502732035
12866,CW,gyro_bias_dps,-0.09,12.894217577189057,-4.108610605643639,14.924223579867178,6.20993018186858
12866,CW,gyro_bias_dps,-0.08499999999999999,12.752726312025539,-4.4233745253146255,14.891726781456384,5.864089022886967
12866,CW,gyro_bias_dps,-0.07999999999999999,12.609836938080116,-4.737371886886547,14.865623445111039,5.518345381202304
12866,CW,gyro_bias_dps,-0.07499999999999998,12.465553012311648,-5.050596884249012,14.84593972594398,5.1726996123756495
12866,CW,gyro_bias_dps,-0.06999999999999998,12.31987811570832,-5.363043727405807,14.832693607249144,4.827152072106216
12866,CW,gyro_bias_dps,-0.06499999999999997,12.172815853226098,-5.674706642571891,14.825894768341533,4.481703116235118
12866,CW,gyro_bias_dps,-0.06,12.024369853703138,-5.9855798722825515,14.825544505419774,4.136353100726873
12866,CW,gyro_bias_dps,-0.05499999999999999,11.874543769794991,-6.2956576754774005,14.831635706726592,3.7911023816823404
12866,CW,gyro_bias_dps,-0.04999999999999999,11.723341277898271,-6.604934327612511,14.84415288241995,3.4459513153223975
12866,CW,gyro_bias_dps,-0.044999999999999984,11.570766078075394,-6.913404120751568,14.863072248747867,3.100900257989462
12866,CW,gyro_bias_dps,-0.03999999999999998,11.416821893982046,-7.22106136366159,14.888361865310745,2.7559495661464726
12866,CW,gyro_bias_dps,-0.034999999999999976,11.26151247279106,-7.5279003819177435,14.919981823413572,2.411099596366378
12866,CW,gyro_bias_dps,-0.02999999999999997,11.104841585119356,-7.833915517995183,14.957884482750584,2.0663507053341843
12866,CW,gyro_bias_dps,-0.024999999999999967,10.946813024946618,-8.139101131368363,15.002014753032325,1.7217032498380365
12866,CW,gyro_bias_dps,-0.019999999999999962,10.787430609547027,-8.443451598606202,15.052310416590114,1.377157586770896
12866,CW,gyro_bias_dps,-0.014999999999999958,10.62669817940673,-8.746961313468205,15.108702487488,1.0327140731235973
12866,CW,gyro_bias_dps,-0.010000000000000009,10.464619598149692,-9.049624687003325,15.171115602354096,0.6883730659801298
12866,CW,gyro_bias_dps,-0.0050000000000000044,10.301198752458731,-9.351436147638708,15.239468437832059,0.34413492251858996
12866,CW,gyro_bias_dps,0.0,10.136439551999365,-9.65239014128457,15.313674149478512,0.0
12866,CW,gyro_bias_dps,0.0050000000000000044,9.970345929340601,-9.952481131421234,15.393640826825363,0.3440313442294113
12866,CW,gyro_bias_dps,0.010000000000000009,9.802921839877763,-10.251703599197004,15.47927195945877,0.6879587527440425
12866,CW,gyro_bias_dps,0.015000000000000013,9.634171261753682,-10.550052043518622,15.570466909091595,1.0317818680394577
12866,CW,gyro_bias_dps,0.020000000000000018,9.464098195776206,-10.84752098115381,15.667121382867709,1.3755003325457182
12866,CW,gyro_bias_dps,0.025000000000000022,9.292706665341711,-11.144104946811012,15.7691279034421,1.7191137886172032
12866,CW,gyro_bias_dps,0.030000000000000027,9.12000071635639,-11.43979849324901,15.876376271771043,2.0626218785506203
12866,CW,gyro_bias_dps,0.03500000000000003,8.945984417151431,-11.734596191354399,15.988754018914591,2.406024244576991
12866,CW,gyro_bias_dps,0.040000000000000036,8.770661858406196,-12.028492630244648,16.106146843650052,2.749320528873261
12866,CW,gyro_bias_dps,0.04500000000000004,8.594037153063415,-12.321482417351524,16.228439033094897,3.0925103735605113
12866,CW,gyro_bias_dps,0.050000000000000044,8.41611443625186,-12.6135601785243,16.355513864048735,3.4355934207150236
12866,CW,gyro_bias_dps,0.05499999999999999,8.236897865200968,-12.904720558106215,16.487253983138885,3.77856931236156
12866,CW,gyro_bias_dps,0.06,8.05639161915999,-13.194958219039473,16.623541764386584,4.121437690488057
12866,CW,gyro_bias_dps,0.065,7.874599899315558,-13.484267842945815,16.76425964311463,4.464198197040983
12866,CW,gyro_bias_dps,0.07,7.691526928707572,-13.772644130222579,16.909290425583915,4.806850473934605
12866,CW,gyro_bias_dps,0.07500000000000001,7.507176952145846,-14.06008180012941,17.058517574032237,5.149394163051647
12866,CW,gyro_bias_dps,0.08000000000000002,7.321554236129941,-14.34657559087923,17.21182546713771,5.491828906247345
12866,CW,gyro_bias_dps,0.08500000000000002,7.134663068758459,-14.632120259727117,17.369099636173797,5.834154345355292
12866,CW,gyro_bias_dps,0.09000000000000002,6.9465077596491485,-14.916710583058432,17.530226977377087,6.176370122189146
12866,CW,gyro_bias_dps,0.09500000000000003,6.757092639853681,-15.200341356478281,17.695095941238343,6.5184758785472665
12866,CW,gyro_bias_dps,0.10000000000000003,6.566422061770345,-15.483007394897777,17.86359669958501,6.860471256215668
12866,CW,gyro_bias_dps,0.10500000000000004,6.374500399060116,-15.764703532623537,18.035621291463013,7.202355896973305
12866,CW,gyro_bias_dps,0.11000000000000004,6.181332046560419,-16.045424623443022,18.21106374891549,7.544129442593635
12866,CW,gyro_bias_dps,0.11500000000000005,5.986921420197928,-16.32516554071399,18.389820203828318,7.885791534851427
12866,CW,gyro_bias_dps,0.12,5.791272956905982,-16.603921177448694,18.5717889770575,8.227341815522346
12866,CW,gyro_bias_dps,0.125,5.594391114529048,-16.881686446400682,18.75687065107472,8.568779926391827
12866,CW,gyro_bias_dps,0.13,5.396280371742796,-17.158456280150585,18.944968127381493,8.910105509254677
12866,CW,gyro_bias_dps,0.135,5.1969452279641475,-17.43422563118894,19.135986669907215,9.251318205918453
12866,CW,gyro_bias_dps,0.14,4.9963902032645136,-17.708989472008057,19.329833935617675,9.592417658212018
12866,CW,gyro_bias_dps,0.14500000000000002,4.794619838275525,-17.982742795178886,19.52641999347259,9.933403507985764
12866,CW,gyro_bias_dps,0.15000000000000002,4.591638694109633,-18.255480613439943,19.725657332889313,10.274275397114586
12866,CW,gyro_bias_dps,0.15500000000000003,4.387451352262042,-18.527197959778256,19.92746086275243,10.615032967504247
12866,CW,gyro_bias_dps,0.16000000000000003,4.182062414526309,-18.797889887513623,20.13174790201135,10.95567586109278
12866,CW,gyro_bias_dps,0.16500000000000004,3.9754765029058037,-19.067551470383524,20.3384381628082,11.296203719855344
12866,CW,gyro_bias_dps,0.17000000000000004,3.7676982595167146,-19.336177802622466,20.547453727027282,11.636616185808894
12866,CW,gyro_bias_dps,0.17500000000000004,3.5587323465053715,-19.603763999046826,20.758719017112217,11.976912901014035
12866,CW,gyro_bias_dps,0.18,3.348583445952431,-19.87030519513568,20.972160761912136,12.31709350758055
12866,CW,gyro_bias_dps,0.185,3.137256259783021,-20.135796547110203,21.187707958265193,12.657157647668939
12866,CW,gyro_bias_dps,0.19,2.9247555096783118,-20.400233232019207,21.405291828985344,12.997104963496051
12866,CW,gyro_bias_dps,0.195,2.711085936975155,-20.663610447815575,21.624845777828114,13.336935097340119
12866,CW,gyro_bias_dps,0.2,2.4962523025853445,-20.925923413437193,21.846305341987538,13.676647691539248
12866,CW,gyro_bias_dps,0.20500000000000002,2.2802593868952044,-21.187167368890186,22.069608142616087,14.01624238850164
12866,CW,gyro_bias_dps,0.21000000000000002,2.0631119896743257,-21.4473375753224,22.294693833792802,14.355718830704244
12866,CW,gyro_bias_dps,0.21500000000000002,1.8448149299839998,-21.706429315106924,22.521504050353027,14.695076660699167
12866,CW,gyro_bias_dps,0.22000000000000003,1.6253730460832911,-21.964437891920774,22.74998235492133,15.034315521117648
12866,CW,gyro_bias_dps,0.22500000000000003,1.4047911953334733,-22.2213586308191,22.98007418445801,15.373435054671909
12866,CW,gyro_bias_dps,0.23000000000000004,1.1830742541066912,-22.477186878315273,23.2117267966077,15.71243490415881
12866,CW,gyro_bias_dps,0.23500000000000004,0.9602271176900559,-22.73191800246027,23.444889216086473,16.051314712466432
12866,CW,gyro_bias_dps,0.24000000000000005,0.7362547001903522,-22.98554739291593,23.679512181314006,16.390074122575403
12866,CW,gyro_bias_dps,0.24500000000000005,0.5111619344397468,-23.2380704610354,23.915548091492287,16.72871277756457
12866,CW,gyro_bias_dps,0.25000000000000006,0.28495377190129145,-23.48948263993291,24.152950954267364,17.067230320610108
12866,CW,gyro_bias_dps,0.25500000000000006,0.05763518257185751,-23.739779384567555,24.39167633414019,17.405626394995878
12866,CW,gyro_bias_dps,0.26000000000000006,-0.17078884511261094,-23.9889561718113,24.63168130170705,17.74390064411109
12866,CW,gyro_bias_dps,0.26500000000000007,-0.40031330437577706,-24.237008500528155,24.872924383859022,18.08205271145872
12866,CW,gyro_bias_dps,0.2700000000000001,-0.6309331701930659,-24.483931891648798,25.11536551500129,18.42008224065689
12866,CW,gyro_bias_dps,0.2750000000000001,-0.862643399393437,-24.729721888239432,25.358965989355283,18.757988875441306
12866,CW,gyro_bias_dps,0.27999999999999997,-1.095438930753312,-24.974374055583816,25.603688414418905,19.09577225967394
12866,CW,gyro_bias_dps,0.285,-1.329314685094846,-25.217883981246075,25.849496665585818,19.433432037338875
12866,CW,gyro_bias_dps,0.29,-1.5642655653856081,-25.460247275153527,26.096355841997994,19.770967852555387
12866,CW,gyro_bias_dps,0.295,-1.8002864568310997,-25.701459569661097,26.344232223609744,20.108379349571873
12866,CW,gyro_bias_dps,0.3,-2.0373722269814607,-25.941516519627918,26.593093229507435,20.445666172778353
12866,CW,gyro_gain_pct,-0.5,14.259711383236777,-1.5083113524504257,15.68341530695349,9.203361796748867
12866,CW,gyro_gain_pct,-0.49,14.190738047188415,-1.6816263336839938,15.638199840491943,9.01593311031317
12866,CW,gyro_gain_pct,-0.48,14.121185803968592,-1.854543890985849,15.59447960048603,8.828638862394284
12866,CW,gyro_gain_pct,-0.47,14.051056349582245,-2.0270621650656837,15.552262572238154,8.64147922539802
12866,CW,gyro_gain_pct,-0.46,13.980351385996437,-2.199179303482299,15.511556397572209,8.454454371771513
12866,CW,gyro_gain_pct,-0.45,13.909072621110658,-2.370893460666866,15.472368362701962,8.267564473996762
12866,CW,gyro_gain_pct,-0.44,13.837221768732956,-2.542202797933112,15.434705386395581,8.080809704597163
12866,CW,gyro_gain_pct,-0.43,13.764800548551033,-2.7131054835077295,15.398574008464086,7.894190236127131
12866,CW,gyro_gain_pct,-0.42,13.691810686102167,-2.883599692541611,15.363980378606204,7.707706241174701
12866,CW,gyro_gain_pct,-0.41000000000000003,13.618253912753039,-3.0536836071265383,15.33093024566302,7.5213578923649305
12866,CW,gyro_gain_pct,-0.4,13.544131965662723,-3.2233554163217946,15.299428947289481,7.335145362347676
12866,CW,gyro_gain_pct,-0.39,13.469446587765196,-3.3926133161636813,15.269481400107493,7.149068823807886
12866,CW,gyro_gain_pct,-0.38,13.394199527735509,-3.5614555096908815,15.241092090346891,6.963128449455867
12866,CW,gyro_gain_pct,-0.37,13.318392539962655,-3.729880206958444,15.214265065018642,6.777324412028459
12866,CW,gyro_gain_pct,-0.36,13.242027384525022,-3.897885625053834,15.189003923658555,6.591656884292212
12866,CW,gyro_gain_pct,-0.35,13.165105827160005,-4.065469988122118,15.165311810654211,6.406126039033017
12866,CW,gyro_gain_pct,-0.33999999999999997,13.08762963923748,-4.232631527376202,15.143191408193612,6.220732049063523
12866,CW,gyro_gain_pct,-0.32999999999999996,13.009600597731355,-4.399368481120485,15.122644929860689,6.035475087214559
12866,CW,gyro_gain_pct,-0.32,12.931020485194836,-4.565679094760287,15.103674114898274,5.850355326343341
12866,CW,gyro_gain_pct,-0.31,12.851891089724722,-4.731561620833906,15.086280223159584,5.665372939315471
12866,CW,gyro_gain_pct,-0.3,12.772214204944088,-4.897014319010236,15.07046403077618,5.480528099025836
12866,CW,gyro_gain_pct,-0.29000000000000004,12.69199162996506,-5.062035456124147,15.05622582654994,5.29582097837727
12866,CW,gyro_gain_pct,-0.28,12.611225169367753,-5.2266233061816365,15.043565409085687,5.111251750292279
12866,CW,gyro_gain_pct,-0.27,12.529916633165703,-5.390776150384761,15.032482084682634,4.92682058770232
12866,CW,gyro_gain_pct,-0.26,12.448067836785663,-5.554492277140719,15.02297466598766,4.742527663557556
12866,CW,gyro_gain_pct,-0.25,12.36568060102918,-5.717769982086315,15.015041471415376,4.558373150812379
12866,CW,gyro_gain_pct,-0.24,12.282756752055183,-5.880607568099867,15.008680325354087,4.374357222435164
12866,CW,gyro_gain_pct,-0.22999999999999998,12.199298121342872,-6.0430033453200505,15.003888559131752,4.190480051399499
12866,CW,gyro_gain_pct,-0.21999999999999997,12.115306545669318,-6.204955631162045,15.000663012771659,4.0067418106866155
12866,CW,gyro_gain_pct,-0.21000000000000002,12.030783867078094,-6.366462750329845,14.999000037502245,3.823142673286067
12866,CW,gyro_gain_pct,-0.2,11.945731932851595,-6.527523034841385,14.998895499041744,3.639682812187073
12866,CW,gyro_gain_pct,-0.19,11.86015259548185,-6.6881348240362515,15.000344781624959,3.456362400383698
12866,CW,gyro_gain_pct,-0.18,11.774047712644506,-6.848296464594273,15.003342792776357,3.273181610873474
12866,CW,gyro_gain_pct,-0.16999999999999998,11.687419147165588,-7.008006310555368,15.007883968797758,3.0901406166492884
12866,CW,gyro_gain_pct,-0.15999999999999998,11.600268766999557,-7.167262723328872,15.013962280972423,2.9072395907080537
12866,CW,gyro_gain_pct,-0.14999999999999997,11.512598445192157,-7.326064071713756,15.02157124243916,2.724478706040385
12866,CW,gyro_gain_pct,-0.14,11.42441005986027,-7.484408731913902,15.030703915746802,2.5418581356347136
12866,CW,gyro_gain_pct,-0.13,11.33570549415499,-7.642295087551804,15.041352921027602,2.3593780524721404
12866,CW,gyro_gain_pct,-0.12,11.246486636242457,-7.799721529683689,15.05351044479496,2.177038629531677
12866,CW,gyro_gain_pct,-0.10999999999999999,11.15675537926477,-7.956686456818557,15.067168249314829,1.9948400397795365
12866,CW,gyro_gain_pct,-0.09999999999999998,11.0665136213182,-8.11318827492887,15.082317682531206,1.81278245617553
12866,CW,gyro_gain_pct,-0.08999999999999997,10.975763265421325,-8.269225397467517,15.098949688508604,1.6308660516687936
12866,CW,gyro_gain_pct,-0.08000000000000002,10.884506219485298,-8.424796245383835,15.117054818364853,1.4490909991946586
12866,CW,gyro_gain_pct,-0.07,10.792744396287754,-8.579899247136655,15.136623241653112,1.2674574716771116
12866,CW,gyro_gain_pct,-0.06,10.70047971344177,-8.73453283871172,15.157644758161641,1.0859656420233412
12866,CW,gyro_gain_pct,-0.04999999999999999,10.607714093366075,-8.888695463629073,15.180108810087729,0.9046156831291059
12866,CW,gyro_gain_pct,-0.03999999999999998,10.514449463257415,-9.042385572967556,15.204004494571034,0.7234077678688314
12866,CW,gyro_gain_pct,-0.02999999999999997,10.420687755060953,-9.195601625375684,15.229320576519578,0.5423420690977961
12866,CW,gyro_gain_pct,-0.020000000000000018,10.326430905440043,-9.348342087077492,15.25604550170767,0.36141875965686954
12866,CW,gyro_gain_pct,-0.010000000000000009,10.231680855749005,-9.500605431902489,15.28416741012113,0.18063801235935156
12866,CW,gyro_gain_pct,0.0,10.136439551999365,-9.65239014128457,15.313674149478512,0.0
12866,CW,gyro_gain_pct,0.010000000000000009,10.040708944837002,-9.80369470428675,15.344553288930449,0.18049510465233087
12866,CW,gyro_gain_pct,0.020000000000000018,9.944490989507926,-9.954517617608735,15.376792132872781,0.36084712885268216
12866,CW,gyro_gain_pct,0.030000000000000027,9.84778764582984,-10.104857385602406,15.410377734849758,0.5410558998825438
12866,CW,gyro_gain_pct,0.040000000000000036,9.750600878162412,-10.254712520287024,15.44529691151537,0.7211212450525452
12866,CW,gyro_gain_pct,0.050000000000000044,9.652932655379345,-10.404081541360677,15.481536256614806,0.9010429917013223
12866,CW,gyro_gain_pct,0.06000000000000005,9.55478495083869,-10.552962976213951,15.519082154950175,1.0808209671972573
12866,CW,gyro_gain_pct,0.07000000000000006,9.4561597423487,-10.701355359944818,15.55792079630687,1.2604549989432832
12866,CW,gyro_gain_pct,0.07999999999999996,9.357059012145669,-10.849257235370363,15.59803818930806,1.4399449143728928
12866,CW,gyro_gain_pct,0.08999999999999997,9.257484746858836,-10.996667153037857,15.639420175161469,1.6192905409531286
12866,CW,gyro_gain_pct,0.09999999999999998,9.157438937480425,-11.14358367124213,15.682052441283142,1.7984917061895915
12866,CW,gyro_gain_pct,0.10999999999999999,9.056923579339264,-11.290005356037705,15.725920534766288,1.9775482376250777
12866,CW,gyro_gain_pct,0.12,8.955940672069527,-11.43593078124618,15.771009875663573,2.15645996283734
12866,CW,gyro_gain_pct,0.13,8.854492219579924,-11.581358528474208,15.817305770074007,2.335226709445874
12866,CW,gyro_gain_pct,0.14,8.752580230024886,-11.726287187125354,15.86479342300569,2.5138483051117997
12866,CW,gyro_gain_pct,0.15000000000000002,8.650206715773766,-11.870715354409844,15.913457950990988,2.6923245775370663
12866,CW,gyro_gain_pct,0.16000000000000003,8.54737369338243,-12.014641635359817,15.96328439444634,2.8706553544679863
12866,CW,gyro_gain_pct,0.17000000000000004,8.444083183561224,-12.15806464283961,16.014257729750213,3.04884046369599
12866,CW,gyro_gain_pct,0.18000000000000005,8.34033721114597,-12.300982997557435,16.066362881028375,3.2268797330581136
12866,CW,gyro_gain_pct,0.19000000000000006,8.23613780507053,-12.443395328081305,16.119584731641776,3.404772990440045
12866,CW,gyro_gain_pct,0.20000000000000007,8.13148699833016,-12.585300270842561,16.17390813533858,3.5825200637745027
12866,CW,gyro_gain_pct,0.20999999999999996,8.026386827958277,-12.726696470155469,16.229317927099135,3.7601207810446895
12866,CW,gyro_gain_pct,0.21999999999999997,7.920839334992183,-12.867582578227836,16.285798933634805,3.937574970288034
12866,CW,gyro_gain_pct,0.22999999999999998,7.814846564445679,-13.007957255167685,16.343335983538633,4.114882459590797
12866,CW,gyro_gain_pct,0.24,7.708410565275744,-13.147819168996886,16.40191391709121,4.29204307709427
12866,CW,gyro_gain_pct,0.25,7.6015333903547795,-13.287166995666928,16.46151759571702,4.4690566509976
12866,CW,gyro_gain_pct,0.26,7.494217096438296,-13.425999419061862,16.522131911069458,4.645923009553504
12866,CW,gyro_gain_pct,0.27,7.386463744137768,-13.564315131015496,16.58374179376777,4.8226419810735495
12866,CW,gyro_gain_pct,0.28,7.27827539788691,-13.702112831320312,16.646332221767633,4.99921339392922
12866,CW,gyro_gain_pct,0.29000000000000004,7.169654125912689,-13.839391227738611,16.70988822836867,5.175637076552597
12866,CW,gyro_gain_pct,0.30000000000000004,7.060602000206541,-13.976149036011838,16.774394909865432,5.3519128574362265
12866,CW,gyro_gain_pct,0.31000000000000005,6.951121096490715,-14.11238497987315,16.83983743283735,5.528040565137337
12866,CW,gyro_gain_pct,0.32000000000000006,6.841213494189423,-14.248097791054795,16.90620104108074,5.704020028276426
12866,CW,gyro_gain_pct,0.33000000000000007,6.730881276401055,-14.383286209303094,16.973471062199895,5.879851075540026
12866,CW,gyro_gain_pct,0.33999999999999997,6.620126529862023,-14.51794898238453,17.041632913831375,6.0555335356825735
12866,CW,gyro_gain_pct,0.35,6.508951344921206,-14.652084866095958,17.110672109544254,6.23106723752448
12866,CW,gyro_gain_pct,0.36,6.397357815507144,-14.785692624278601,17.180574264393023,6.406452009958447
12866,CW,gyro_gain_pct,0.37,6.285348039097971,-14.918771028822766,17.251325100142893,6.5816876819457635
12866,CW,gyro_gain_pct,0.38,6.172924116690683,-15.051318859680805,17.3229104501696,6.756774082520725
12866,CW,gyro_gain_pct,0.39,6.0600881527702315,-15.183334904877404,17.395316264046055,6.9317110407925595
12866,CW,gyro_gain_pct,0.4,5.946842255279057,-15.314817960513391,17.46852861181122,7.106498385941588
12866,CW,gyro_gain_pct,0.41000000000000003,5.833188535588329,-15.445766830784112,17.542533687952332,7.2811359472275825
12866,CW,gyro_gain_pct,0.42000000000000004,5.719129108463813,-15.576180327982206,17.61731781507839,7.455623553986663
12866,CW,gyro_gain_pct,0.43000000000000005,5.604666092036496,-15.706057272507314,17.692867447316875,7.629961035633112
12866,CW,gyro_gain_pct,0.44000000000000006,5.489801607773643,-15.835396492875565,17.769169173433596,7.804148221659377
12866,CW,gyro_gain_pct,0.45000000000000007,5.374537780446849,-15.964196825731994,17.846209719688655,7.97818494164143
12866,CW,gyro_gain_pct,0.45999999999999996,5.2588767380990245,-16.092457115856018,17.923975952424996,8.152071025238316
12866,CW,gyro_gain_pct,0.47,5.142820612018409,-16.22017621616727,18.002454880414493,8.325806302188287
12866,CW,gyro_gain_pct,0.48,5.026371536701845,-16.347352987743044,18.08163365696641,8.4993906023205
12866,CW,gyro_gain_pct,0.49,4.909531649829773,-16.473986299816556,18.16149958179365,8.67282375554539
12866,CW,gyro_gain_pct,0.5,4.79230309223135,-16.600075029792926,18.242040102668692,8.846105591863731
12866,CW,wheel_relative_pct,-2.0,10.188536036330106,-9.651032301146483,15.348325602415434,0.052396705117694765
12866,CW,wheel_relative_pct,-1.95,10.187233624221472,-9.651066247150435,15.34745808944456,0.05108678748948816
12866,CW,wheel_relative_pct,-1.9,10.1859312121132,-9.65110019315415,15.346590639243253,0.04977686986148029
12866,CW,wheel_relative_pct,-1.85,10.184628800005385,-9.651134139156648,15.345723251822037,0.04846695223397584
12866,CW,wheel_relative_pct,-1.8,10.183326387897115,-9.65116808516143,15.344855927193821,0.04715703460605073
12866,CW,wheel_relative_pct,-1.75,10.18202397578923,-9.651202031164166,15.34398866536585,0.04584711697845352
12866,CW,wheel_relative_pct,-1.7,10.180721563680777,-9.651235977167834,15.343121466351091,0.04453719935030529
12866,CW,wheel_relative_pct,-1.65,10.179419151572734,-9.651269923171276,15.342254330159557,0.04322728172266484
12866,CW,wheel_relative_pct,-1.6,10.178116739464144,-9.65130386917483,15.341387256801582,0.041917364094376505
12866,CW,wheel_relative_pct,-1.55,10.17681432735551,-9.651337815178625,15.340520246288248,0.040607446466065115
12866,CW,wheel_relative_pct,-1.5,10.175511915246876,-9.651371761181327,15.339653298629896,0.03929752883776994
12866,CW,wheel_relative_pct,-1.45,10.174209503138787,-9.65140570718546,15.338786413838132,0.037987611209970476
12866,CW,wheel_relative_pct,-1.4,10.172907091030629,-9.651439653188447,15.337919591922335,0.03667769358220633
12866,CW,wheel_relative_pct,-1.35,10.171604678922199,-9.651473599191513,15.337052832893482,0.03536777595410445
12866,CW,wheel_relative_pct,-1.2999999999999998,10.170302266814474,-9.651507545195296,15.33618613676351,0.03405785832669988
12866,CW,wheel_relative_pct,-1.25,10.16899985470568,-9.651541491197543,15.335319503540138,0.03274794069813507
12866,CW,wheel_relative_pct,-1.2,10.16769744259816,-9.651575437202302,15.33445293323861,0.03143802307098691
12866,CW,wheel_relative_pct,-1.15,10.166395030489321,-9.65160938320489,15.333586425864436,0.03012810544249099
12866,CW,wheel_relative_pct,-1.1,10.16509261838155,-9.651643329209287,15.332719981432808,0.028818187814972463
12866,CW,wheel_relative_pct,-1.0499999999999998,10.163790206272347,-9.651677275212876,15.331853599950923,0.027508270186132035
12866,CW,wheel_relative_pct,-1.0,10.162487794165191,-9.651711221215908,15.330987281431893,0.026198352559249936
12866,CW,wheel_relative_pct,-0.95,10.16118538205617,-9.651745167219417,15.330121025884363,0.02488843493064069
12866,CW,wheel_relative_pct,-0.8999999999999999,10.159882969947649,-9.651779113222563,15.329254833319977,0.023578517302419444
12866,CW,wheel_relative_pct,-0.8499999999999999,10.158580557839741,-9.651813059226253,15.328388703750582,0.022268599674858766
12866,CW,wheel_relative_pct,-0.7999999999999998,10.157278145731789,-9.65184700522924,15.327522637185035,0.020958682047216938
12866,CW,wheel_relative_pct,-0.75,10.155975733623132,-9.651880951233943,15.326656633635366,0.0196487644189118
12866,CW,wheel_relative_pct,-0.7,10.154673321514974,-9.651914897235974,15.325790693110058,0.018338846791046175
12866,CW,wheel_relative_pct,-0.6499999999999999,10.153370909407476,-9.651948843240143,15.324924815623518,0.01702892916391723
12866,CW,wheel_relative_pct,-0.5999999999999999,10.152068497298478,-9.651982789243664,15.324059001182702,0.01571901153522861
12866,CW,wheel_relative_pct,-0.5499999999999998,10.150766085190208,-9.652016735246946,15.323193249800251,0.014409093907270387
12866,CW,wheel_relative_pct,-0.5,10.14946367308146,-9.652050681249658,15.322327561485851,0.01309917627891862
12866,CW,wheel_relative_pct,-0.44999999999999996,10.14816126097303,-9.65208462725352,15.321461936251557,0.011789258650654723
12866,CW,wheel_relative_pct,-0.3999999999999999,10.146858848865667,-9.65211857325728,15.320596374108039,0.01047934102366624
12866,CW,wheel_relative_pct,-0.34999999999999987,10.145556436757124,-9.652152519260563,15.319730875063952,0.009169423395415866
12866,CW,wheel_relative_pct,-0.2999999999999998,10.144254024648262,-9.652186465264197,15.318865439131653,0.007859505766894504
12866,CW,wheel_relative_pct,-0.25,10.142951612540674,-9.652220411267388,15.31800006632197,0.006549588139610979
12866,CW,wheel_relative_pct,-0.19999999999999996,10.141649200432767,-9.652254357271408,15.317134756645306,0.005239670512042638
12866,CW,wheel_relative_pct,-0.1499999999999999,10.140346788323745,-9.652288303274782,15.316269510111185,0.003929752883353697
12866,CW,wheel_relative_pct,-0.09999999999999987,10.139044376215907,-9.652322249278052,15.315404326731828,0.002619835255801707
12866,CW,wheel_relative_pct,-0.04999999999999982,10.137741964107272,-9.652356195281323,15.314539206516969,0.0013099176274990623
12866,CW,wheel_relative_pct,0.0,10.136439551999365,-9.65239014128457,15.313674149478512,0.0
12866,CW,wheel_relative_pct,0.050000000000000266,10.135137139890526,-9.652424087287693,15.312809155625304,0.0013099176285851556
12866,CW,wheel_relative_pct,0.10000000000000009,10.133834727782892,-9.652458033291452,15.311944224970603,0.0026198352558284847
12866,CW,wheel_relative_pct,0.1499999999999999,10.132532315674961,-9.652491979294506,15.311079357522795,0.003929752883490029
12866,CW,wheel_relative_pct,0.20000000000000018,10.131229903565918,-9.652525925298779,15.310214553293553,0.005239670512252867
12866,CW,wheel_relative_pct,0.25,10.129927491457625,-9.652559871302127,15.30934981229357,0.006549588140206853
12866,CW,wheel_relative_pct,0.30000000000000027,10.1286250793494,-9.652593817305341,15.308485134533326,0.007859505768110633
12866,CW,wheel_relative_pct,0.3500000000000001,10.127322667241037,-9.652627763308782,15.3076205200239,0.009169423396122462
12866,CW,wheel_relative_pct,0.40000000000000036,10.126020255132607,-9.65266170931245,15.306755968775693,0.010479341024297524
12866,CW,wheel_relative_pct,0.4500000000000002,10.124717843025042,-9.652695655315778,15.305891480800069,0.011789258651493101
12866,CW,wheel_relative_pct,0.5,10.12341543091643,-9.65272960131873,15.305027056106312,0.013099176279788799
12866,CW,wheel_relative_pct,0.5500000000000003,10.122113018807955,-9.652763547322513,15.304162694706482,0.014409093907986982
12866,CW,wheel_relative_pct,0.6000000000000001,10.120810606699479,-9.652797493325954,15.303298396610904,0.015719011536037535
12866,CW,wheel_relative_pct,0.6500000000000004,10.119508194591186,-9.652831439329589,15.302434161830424,0.017028929164050917
12866,CW,wheel_relative_pct,0.7000000000000002,10.11820578248321,-9.652865385332632,15.30156999037547,0.018338846791691663
12866,CW,wheel_relative_pct,0.75,10.116903370374938,-9.652899331336323,15.300705882257116,0.01964876441968002
12866,CW,wheel_relative_pct,0.8000000000000003,10.115600958267033,-9.652933277340685,15.29984183748665,0.02095868204723886
12866,CW,wheel_relative_pct,0.8500000000000001,10.114298546158533,-9.652967223343149,15.298977856072423,0.02226859967542625
12866,CW,wheel_relative_pct,0.9000000000000004,10.11299613404999,-9.653001169346874,15.298113938027765,0.023578517303614543
12866,CW,wheel_relative_pct,0.9500000000000002,10.111693721942288,-9.653035115350065,15.29725008336231,0.024888434931005923
12866,CW,wheel_relative_pct,1.0,10.110391309833926,-9.653069061353415,15.296386292086922,0.026198352559024748
12866,CW,wheel_relative_pct,1.0500000000000003,10.109088897725314,-9.653103007357412,15.29552256421229,0.027508270187355435
12866,CW,wheel_relative_pct,1.1,10.107786485617272,-9.653136953360615,15.294658899749598,0.028818187815067
12866,CW,wheel_relative_pct,1.1500000000000004,10.106484073508113,-9.653170899363488,15.293795298708028,0.030128105443809238
12866,CW,wheel_relative_pct,1.2000000000000002,10.105181661400229,-9.653204845366849,15.292931761100384,0.0314380230714142
12866,CW,wheel_relative_pct,1.25,10.103879249292504,-9.65323879137103,15.292068286937482,0.03274794069885329
12866,CW,wheel_relative_pct,1.3000000000000003,10.10257683718371,-9.65327273737464,15.291204876228019,0.03405785832732927
12866,CW,wheel_relative_pct,1.35,10.101274425075577,-9.653306683377878,15.290341528984085,0.03536777595516337
12866,CW,wheel_relative_pct,1.4000000000000004,10.09997201296785,-9.653340629380796,15.289478245216502,0.036677693582430955
12866,CW,wheel_relative_pct,1.4500000000000002,10.098669600859012,-9.653374575384339,15.28861502493492,0.03798761121099344
12866,CW,wheel_relative_pct,1.5,10.097367188750741,-9.65340852138803,15.28775186815149,0.03929752883894707
12866,CW,wheel_relative_pct,1.5500000000000003,10.096064776641878,-9.65344246739187,15.286888774876155,0.04060744646755173
12866,CW,wheel_relative_pct,1.6,10.094762364534654,-9.653476413395435,15.286025745120705,0.04191736409448182
12866,CW,wheel_relative_pct,1.6500000000000004,10.093459952426041,-9.653510359398831,15.28516277889415,0.043227281722734684
12866,CW,wheel_relative_pct,1.7000000000000002,10.092157540317817,-9.653544305401374,15.284299876208014,0.04453719935061603
12866,CW,wheel_relative_pct,1.75,10.09085512820975,-9.653578251405246,15.283437037074162,0.045847116978358436
12866,CW,wheel_relative_pct,1.8000000000000003,10.089552716100547,-9.653612197408757,15.282574261501091,0.047157034607241605
12866,CW,wheel_relative_pct,1.85,10.0882503039928,-9.653646143412743,15.2817115495027,0.04846695223468834
12866,CW,wheel_relative_pct,1.9000000000000004,10.086947891884734,-9.653680089415264,15.28084890108637,0.04977686986246557
12866,CW,wheel_relative_pct,1.9500000000000002,10.085645479776371,-9.653714035418806,15.279986316265123,0.05108678749045727
12866,CW,wheel_relative_pct,2.0,10.084343067668147,-9.653747981422987,15.279123795049617,0.05239670511847576
12866,CW,yaw_time_shift_ms,-20.0,9.609360456054286,-9.828801378084313,15.104763545459331,0.6026074334416599
12866,CW,yaw_time_shift_ms,-19.5,9.620993818306555,-9.80940563110612,15.098542618794257,0.5841329684782189
12866,CW,yaw_time_shift_ms,-19.0,9.632670432550686,-9.787663752875279,15.090875370955628,0.5654485220984427
12866,CW,yaw_time_shift_ms,-18.5,9.643503525630468,-9.784106880852642,15.094459262467742,0.5520468120919986
12866,CW,yaw_time_shift_ms,-18.0,9.654350831719238,-9.778212478034822,15.096559802279529,0.5381055828297026
12866,CW,yaw_time_shift_ms,-17.5,9.668012202241016,-9.79204075361688,15.113529419100953,0.5272310955811574
12866,CW,yaw_time_shift_ms,-17.0,9.681686591369203,-9.803539402782793,15.129014263936867,0.5162221439384043
12866,CW,yaw_time_shift_ms,-16.5,9.694841358672397,-9.813358796099806,15.143273844789986,0.5056697192215757
12866,CW,yaw_time_shift_ms,-16.0,9.70801518961348,-9.820844749646188,15.156048292428236,0.49467895096558057
12866,CW,yaw_time_shift_ms,-15.5,9.721210261230476,-9.82599687333725,15.167339135613492,0.4831111061404703
12866,CW,yaw_time_shift_ms,-15.0,9.734428750563485,-9.828814793862444,15.177148557862115,0.47084694091768836
12866,CW,yaw_time_shift_ms,-14.5,9.74767283460974,-9.829298154672085,15.18547939773847,0.457787551075554
12866,CW,yaw_time_shift_ms,-14.0,9.760944690286465,-9.827446615978635,15.192335150080837,0.4438555634359373
12866,CW,yaw_time_shift_ms,-13.5,9.774246494400108,-9.823259854750665,15.197719968136893,0.4289969484613482
12866,CW,yaw_time_shift_ms,-13.0,9.787580423599342,-9.816737564714504,15.201638666601935,0.4131838142076023
12866,CW,yaw_time_shift_ms,-12.5,9.800948654347327,-9.80787945634703,15.20409672556356,0.396418671128415
12866,CW,yaw_time_shift_ms,-12.0,9.814353362880592,-9.79668525687423,15.205100295349505,0.3787408594682206
12866,CW,yaw_time_shift_ms,-11.5,9.82779672516906,-9.783154710268377,15.20465620226906,0.36023613543578953
12866,CW,yaw_time_shift_ms,-11.0,9.84128091688351,-9.767287577242632,15.202771955268233,0.34105084689964255
12866,CW,yaw_time_shift_ms,-10.5,9.854848565501971,-9.749227127455777,15.199491337524258,0.3213502305433857
12866,CW,yaw_time_shift_ms,-10.0,9.868460441353022,-9.728829911628656,15.194787476177211,0.30151900919520597
12866,CW,yaw_time_shift_ms,-9.5,9.879792026243104,-9.71773820941255,15.194293662943691,0.28582183917452053
12866,CW,yaw_time_shift_ms,-9.0,9.891149733001612,-9.704306824006323,15.192354695915318,0.2698886057210227
12866,CW,yaw_time_shift_ms,-8.5,9.90464420931221,-9.720853467580707,15.21115167286385,0.2594377846737515
12866,CW,yaw_time_shift_ms,-8.0,9.918146255974397,-9.735068091685287,15.228480065451395,0.24971142529514168
12866,CW,yaw_time_shift_ms,-7.5,9.931618831093601,-9.747418049784551,15.244716426789289,0.24063139946096235
12866,CW,yaw_time_shift_ms,-7.0,9.945104000937658,-9.757434055585112,15.259483646143257,0.23168644820134057
12866,CW,yaw_time_shift_ms,-6.5,9.958603945406344,-9.765115692049402,15.272782620791988,0.2225785524597695
12866,CW,yaw_time_shift_ms,-6.0,9.972120844482447,-9.770462558922622,15.284614908889393,0.21303564791424073
12866,CW,yaw_time_shift_ms,-5.5,9.985656878188342,-9.773474272734688,15.294982728735977,0.20281366740513707
12866,CW,yaw_time_shift_ms,-5.0,9.999214226552862,-9.774150466795163,15.303888958966734,0.19169664684843798
12866,CW,yaw_time_shift_ms,-4.5,10.012795069574782,-9.772490791191023,15.311337139644326,0.1794954784773078
12866,CW,yaw_time_shift_ms,-4.0,10.026401587179453,-9.76849491278349,15.317331474249155,0.16604583640298592
12866,CW,yaw_time_shift_ms,-3.5,10.040035959188595,-9.762162515207525,15.321876832575061,0.15120568895075193
12866,CW,yaw_time_shift_ms,-3.0,10.053700365281315,-9.753493298862873,15.324978754502487,0.13485269317748416
12866,CW,yaw_time_shift_ms,-2.5,10.067396984951461,-9.742486980920285,15.326643454671016,0.11688166286882395
12866,CW,yaw_time_shift_ms,-2.0,10.081127997477802,-9.729143295311724,15.32687782803751,0.09720222071224852
12866,CW,yaw_time_shift_ms,-1.5,10.09489558188493,-9.713461992723433,15.325689456317765,0.07573668838307464
12866,CW,yaw_time_shift_ms,-1.0,10.108701916901282,-9.695442840602038,15.323086615322921,0.05241823087942835
12866,CW,yaw_time_shift_ms,-0.5,10.122549180927399,-9.675085623141275,15.3190782831843,0.027189248808056087
12866,CW,yaw_time_shift_ms,0.0,10.136439551999365,-9.65239014128457,15.313674149478512,0.0
12866,CW,yaw_time_shift_ms,0.5,10.150182443462473,-9.67195073319034,15.334726955250055,0.02455158733477381
12866,CW,yaw_time_shift_ms,1.0,10.163927136251846,-9.689177856662695,15.354327368147727,0.04726686080840576
12866,CW,yaw_time_shift_ms,1.5,10.177675812068106,-9.704071033666253,15.372474285703563,0.06821523518381324
12866,CW,yaw_time_shift_ms,2.0,10.191430652848771,-9.71662980297,15.389167277661347,0.08747760471114624
12866,CW,yaw_time_shift_ms,2.5,10.20519384073325,-9.726853720136774,15.404406582376362,0.1051482617400318
12866,CW,yaw_time_shift_ms,3.0,10.218967558028385,-9.73474235753422,15.418193104154946,0.12133704140801795
12866,CW,yaw_time_shift_ms,3.5,10.23275398716496,-9.740295304325116,15.430528411499177,0.13617165127291245
12866,CW,yaw_time_shift_ms,4.0,10.246555310662824,-9.743512166463608,15.441414736274455,0.149800097126449
12866,CW,yaw_time_shift_ms,4.5,10.260373711096076,-9.744392566699707,15.450854973780432,0.16239304833840043
12866,CW,yaw_time_shift_ms,5.0,10.27421137105648,-9.74293614456975,15.45885268370702,0.1741458975042887
12866,CW,yaw_time_shift_ms,5.5,10.28807047310545,-9.739142556402408,15.465412091977337,0.18528016616683085
12866,CW,yaw_time_shift_ms,6.0,10.301953199751779,-9.733011475304886,15.470538093474913,0.19604380896086163
12866,CW,yaw_time_shift_ms,6.5,10.315861733407383,-9.724542591168722,15.474236255648552,0.20670990685206012
12866,CW,yaw_time_shift_ms,7.0,10.329798256343565,-9.713735610666266,15.47651282297985,0.21757326582109315
12866,CW,yaw_time_shift_ms,7.5,10.343764950667856,-9.700590257238265,15.477374722334872,0.22894460385001775
12866,CW,yaw_time_shift_ms,8.0,10.357763998275322,-9.685106271104711,15.476829569180035,0.24114234648856697
12866,CW,yaw_time_shift_ms,8.5,10.371645591245692,-9.667627294685122,15.475093928770484,0.2542008633389165
12866,CW,yaw_time_shift_ms,9.0,10.385563897517454,-9.647808345033662,15.471966210768251,0.2686516748462377
12866,CW,yaw_time_shift_ms,9.5,10.401026710749374,-9.657578895357517,15.488581931317404,0.28440507875289306
12866,CW,yaw_time_shift_ms,10.0,10.416509620779243,-9.665019032544489,15.503769078485076,0.3004100459223921
12866,CW,yaw_time_shift_ms,10.5,10.430173233586629,-9.68224694669783,15.523551076088392,0.31620861807111195
12866,CW,yaw_time_shift_ms,11.0,10.443837927914227,-9.697137306263722,15.541891102756344,0.33247720414116205
12866,CW,yaw_time_shift_ms,11.5,10.457842964454176,-9.70990365536403,15.559013787219882,0.3493340107052024
12866,CW,yaw_time_shift_ms,12.0,10.47185207302157,-9.720333727607805,15.57469614163966,0.36604907949271637
12866,CW,yaw_time_shift_ms,12.5,10.485867438585547,-9.728427084492761,15.588939070140432,0.38245243893808234
12866,CW,yaw_time_shift_ms,13.0,10.4998912462901,-9.734183304329031,15.601744142493205,0.39844296847256233
12866,CW,yaw_time_shift_ms,13.5,10.513925681420597,-9.737601982232558,15.613113593187247,0.4139739830394158
12866,CW,yaw_time_shift_ms,14.0,10.527972929359612,-9.738682730127493,15.623050321382784,0.4290426678084164
12866,CW,yaw_time_shift_ms,14.5,10.542035175551018,-9.73742517674118,15.631557891741481,0.44368239375012103
12866,CW,yaw_time_shift_ms,15.0,10.556114605468201,-9.73382896760313,15.638640536130811,0.4579570957494626
12866,CW,yaw_time_shift_ms,15.5,10.570213404567813,-9.727893765040847,15.644303156185085,0.4719570674722691
12866,CW,yaw_time_shift_ms,16.0,10.584333758260891,-9.719619248176503,15.64855132672935,0.4857956752411577
12866,CW,yaw_time_shift_ms,16.5,10.598477851870006,-9.709005112930992,15.651391300062519,0.49960660884599456
12866,CW,yaw_time_shift_ms,17.0,10.612647870592628,-9.696051072007322,15.652830011078537,0.5135413762882876
12866,CW,yaw_time_shift_ms,17.5,10.626643606696756,-9.681776212688657,15.653375078396948,0.5272151505362624
12866,CW,yaw_time_shift_ms,18.0,10.640669153821728,-9.66515932038269,15.652529472298152,0.541291795801169
12866,CW,yaw_time_shift_ms,18.5,10.657009210663341,-9.667812735748191,15.665686079463692,0.5582945635532772
12866,CW,yaw_time_shift_ms,19.0,10.673372671881747,-9.668138264154004,15.677438910155784,0.5752720760904668
12866,CW,yaw_time_shift_ms,19.5,10.687699199169515,-9.685356892330299,15.69814397627215,0.5904893206228987
12866,CW,yaw_time_shift_ms,20.0,10.702034362788163,-9.700239380993333,15.717423118108526,0.6059928136177656
12867,CW,gyro_bias_dps,-0.3,26.9693528111241,19.751642797823063,33.5362018934065,21.876377521723672
12867,CW,gyro_bias_dps,-0.295,26.93164311123828,19.385059231290917,33.28697077410679,21.507517324696593
12867,CW,gyro_bias_dps,-0.29,26.892332196588562,19.018811862632738,33.03899961861081,21.13879314362439
12867,CW,gyro_bias_dps,-0.285,26.851421834769713,18.65290734533074,32.792313546991636,20.770205404159267
12867,CW,gyro_bias_dps,-0.27999999999999997,26.808913821059196,18.287352324226056,32.54693829146057,20.401754531838236
12867,CW,gyro_bias_dps,-0.27499999999999997,26.76480997837457,17.922153435392783,32.30290020939286,20.033440952068545
12867,CW,gyro_bias_dps,-0.27,26.71911215722764,17.557317306038435,32.06022629637094,19.66526509013778
12867,CW,gyro_bias_dps,-0.265,26.671822235688502,17.192850554374008,31.81894419919436,19.29722737119676
12867,CW,gyro_bias_dps,-0.26,26.622942119338838,16.828759789509526,31.57908222883912,18.929328220265266
12867,CW,gyro_bias_dps,-0.255,26.572473741230624,16.465051611333024,31.34066937331927,18.561568062221408
12867,CW,gyro_bias_dps,-0.25,26.520419061840222,16.101732610399768,31.10373531042094,18.193947321801353
12867,CW,gyro_bias_dps,-0.245,26.466780069027777,15.738809367816362,30.868310420265026,17.826466423594262
12867,CW,gyro_bias_dps,-0.24,26.4115587779914,15.376288455126177,30.63442579764783,17.459125792037394
12867,CW,gyro_bias_dps,-0.235,26.3547572312209,15.014176434198385,30.402113264116405,17.091925851414985
12867,CW,gyro_bias_dps,-0.22999999999999998,26.29637749845176,14.652479857111222,30.17140537971898,16.72486702585046
12867,CW,gyro_bias_dps,-0.22499999999999998,26.23642167662249,14.29120526604088,29.94233545438375,16.357949739306292
12867,CW,gyro_bias_dps,-0.21999999999999997,26.174891889826107,13.930359193144387,29.714937558847968,15.991174415575056
12867,CW,gyro_bias_dps,-0.21499999999999997,26.111790289261307,13.569948160453407,29.489246535085165,15.62454147828168
12867,CW,gyro_bias_dps,-0.21,26.04711905319068,13.209978679756011,29.26529800615401,15.258051350875803
12867,CW,gyro_bias_dps,-0.205,25.98088038688629,12.850457252483022,29.043128385382957,14.891704456624915
12867,CW,gyro_bias_dps,-0.19999999999999998,25.913076522584515,12.491390369601413,28.8227748848303,14.525501218616672
12867,CW,gyro_bias_dps,-0.195,25.843709719440334,12.132784511500166,28.60427552291601,14.159442059753864
12867,CW,gyro_bias_dps,-0.19,25.772782263472436,11.774646147872762,28.387669131129996,13.793527402743505
12867,CW,gyro_bias_dps,-0.185,25.700296467515546,11.416981737615265,28.172995359739453,13.427757670102556
12867,CW,gyro_bias_dps,-0.18,25.626254671171864,11.059797728705552,27.960294682372307,13.062133284145695
12867,CW,gyro_bias_dps,-0.175,25.550659240759863,10.703100558098447,27.749608399379873,12.69665466698725
12867,CW,gyro_bias_dps,-0.16999999999999998,25.473512569260357,10.346896651612804,27.540978639855002,12.331322240534428
12867,CW,gyro_bias_dps,-0.16499999999999998,25.394817076271217,9.991192423821417,27.33444836220038,11.966136426485633
12867,CW,gyro_bias_dps,-0.15999999999999998,25.314575207947904,9.635994277934913,27.130061353098124,11.60109764631939
12867,CW,gyro_bias_dps,-0.155,25.23278943695352,9.281308605703703,26.92786222477995,11.236206321302554
12867,CW,gyro_bias_dps,-0.15,25.149462262411543,8.927141787293682,26.727896410440444,10.871462872474043
12867,CW,gyro_bias_dps,-0.145,25.06459620984399,8.573500191189146,26.530210157656683,10.506867720651035
12867,CW,gyro_bias_dps,-0.13999999999999999,24.97819383112153,8.22039017407161,26.33485051967508,10.142421286414962
12867,CW,gyro_bias_dps,-0.13499999999999998,24.89025770441119,7.867818080722316,26.141865344420587,9.778123990119115
12867,CW,gyro_bias_dps,-0.12999999999999998,24.800790434116653,7.515790243903268,25.951303261056367,9.41397625187401
12867,CW,gyro_bias_dps,-0.12499999999999997,24.709794650826733,7.164312984253149,25.76321366396553,9.049978491548826
12867,CW,gyro_bias_dps,-0.12,24.617273011260455,6.813392610179767,25.577646693981613,8.68613112876887
12867,CW,gyro_bias_dps,-0.11499999999999999,24.52322819820538,6.463035417748221,25.394653216706637,8.322434582906315
12867,CW,gyro_bias_dps,-0.10999999999999999,24.427662920469107,6.113247690575326,25.21428479778153,7.958889273081173
12867,CW,gyro_bias_dps,-0.10499999999999998,24.33057991281539,5.764035699722024,25.03659367492205,7.59549561815545
12867,CW,gyro_bias_dps,-0.09999999999999998,24.23198193591022,5.415405703583201,24.861632726590397,7.232254036727605
12867,CW,gyro_bias_dps,-0.09499999999999997,24.13187177626303,5.067363947784793,24.689455437141106,6.86916494713265
12867,CW,gyro_bias_dps,-0.09,24.03025224616813,4.719916665072105,24.520115858296045,6.506228767433498
12867,CW,gyro_bias_dps,-0.08499999999999999,23.92712618364667,4.373070075208591,24.35366856681637,6.143445915422779
12867,CW,gyro_bias_dps,-0.07999999999999999,23.822496452384986,4.026830384860569,24.190168618232715,5.78081680860949
12867,CW,gyro_bias_dps,-0.07499999999999998,23.716365941680646,3.681203787502466,24.02967149653383,5.418341864227747
12867,CW,gyro_bias_dps,-0.06999999999999998,23.608737566375204,3.3361964633016212,23.872233059679896,5.056021499222021
12867,CW,gyro_bias_dps,-0.06499999999999997,23.49961426679672,2.9918145790170114,23.71790948087996,4.693856130248115
12867,CW,gyro_bias_dps,-0.06,23.388999008702378,2.648064287892521,23.566757185547974,4.331846173669221
12867,CW,gyro_bias_dps,-0.05499999999999999,23.276894783211333,2.3049517295522604,23.418832783876507,3.969992045550413
12867,CW,gyro_bias_dps,-0.04999999999999999,23.16330460674442,1.9624830298966003,23.27419299901419,3.6082941616563042
12867,CW,gyro_bias_dps,-0.044999999999999984,23.04823152096485,1.6206643009963613,23.132894590835324,3.24675293744677
12867,CW,gyro_bias_dps,-0.03999999999999998,22.931678592712114,1.279501640986075,22.994994275316497,2.8853687880693073
12867,CW,gyro_bias_dps,-0.034999999999999976,22.813648913941005,0.9390011339684975,22.860548639583357,2.524142128364445
12867,CW,gyro_bias_dps,-0.02999999999999997,22.694145601654782,0.5991688498998883,22.729614052699365,2.1630733728499107
12867,CW,gyro_bias_dps,-0.024999999999999967,22.57317179784595,0.2600108444940247,22.60224657232882,1.8021629357255557
12867,CW,gyro_bias_dps,-0.019999999999999962,22.450730669428232,-0.07846684088212896,22.47850184741095,1.4414112308668736
12867,CW,gyro_bias_dps,-0.014999999999999958,22.326825408173363,-0.41625817931370646,22.3584350170511,1.080818671819644
12867,CW,gyro_bias_dps,-0.010000000000000009,22.201459230643604,-0.753357158437393,22.242100605851277,0.7203856717979487
12867,CW,gyro_bias_dps,-0.0050000000000000044,22.074635378129983,-1.0897577805463015,22.1295524159629,0.36011264367932116
12867,CW,gyro_bias_dps,0.0,21.94635711658225,-1.425454062691267,22.020843416161156,0.0
12867,CW,gyro_bias_dps,0.0050000000000000044,21.816627736543865,-1.7604400367815969,21.916025628310948,0.3599518470472869
12867,CW,gyro_bias_dps,0.010000000000000009,21.685450553085047,-2.094709749685296,21.81515001161458,0.7197424856165667
12867,CW,gyro_bias_dps,0.015000000000000013,21.552828905737464,-2.4282572633343307,21.71826634508526,1.079371504215394
12867,CW,gyro_bias_dps,0.020000000000000018,21.418766158420453,-2.7610766548224204,21.625423108713843,1.4388384917083545
12867,CW,gyro_bias_dps,0.025000000000000022,21.28326569938097,-3.093162016503436,21.53666736386829,1.7981430373154348
12867,CW,gyro_bias_dps,0.030000000000000027,21.14633094111707,-3.424507456098263,21.452044633451255,2.15728473062591
12867,CW,gyro_bias_dps,0.03500000000000003,21.007965320314042,-3.755107096785616,21.371598782424908,2.5162631615914313
12867,CW,gyro_bias_dps,0.040000000000000036,20.868172297773164,-4.084955077310758,21.295371899303795,2.8750779205389234
12867,CW,gyro_bias_dps,0.04500000000000004,20.726955358342412,-4.4140455520758,21.223404179255972,3.233728598166323
12867,CW,gyro_bias_dps,0.050000000000000044,20.584318010844278,-4.742372691249398,21.155733809472743,3.5922147855569273
12867,CW,gyro_bias_dps,0.05499999999999999,20.440263788008792,-5.069930680853486,21.092396857477386,3.9505360741709725
12867,CW,gyro_bias_dps,0.06,20.29479624639773,-5.396713722868208,21.033427163045236,4.308692055857261
12867,CW,gyro_bias_dps,0.065,20.14791896633765,-5.722716035330438,20.97885623442679,4.666682322856079
12867,CW,gyro_bias_dps,0.07,19.99963555184422,-6.047931852432635,20.928713149531013,5.024506467805317
12867,CW,gyro_bias_dps,0.07500000000000001,19.849949630553102,-6.372355424610464,20.883024462738312,5.382164083734332
12867,CW,gyro_bias_dps,0.08000000000000002,19.698864853645386,-6.695981018651333,20.841814117979556,5.739654764078966
12867,CW,gyro_bias_dps,0.08500000000000002,19.54638489577269,-7.018802917787037,20.805103368685277,6.096978102682401
12867,CW,gyro_bias_dps,0.09000000000000002,19.392513454988556,-7.340815421789818,20.77291070519066,6.454133693797141
12867,CW,gyro_bias_dps,0.09500000000000003,19.237254252670642,-7.6620128470627265,20.745251790108497,6.811121132084624
12867,CW,gyro_bias_dps,0.10000000000000003,19.080611033448008,-7.982389526747966,20.72213940217453,7.167940012630415
12867,CW,gyro_bias_dps,0.10500000000000004,18.92258756512531,-8.301939810812495,20.703583388967623,7.524589930939323
12867,CW,gyro_bias_dps,0.11000000000000004,18.76318763860768,-8.620658066143733,20.689590628883863,7.881070482940083
12867,CW,gyro_bias_dps,0.11500000000000005,18.602415067828428,-8.938538676648943,20.680165002660537,8.237381264991956
12867,CW,gyro_bias_dps,0.12,18.440273689668334,-9.255576043346945,20.675307374663394,8.593521873888113
12867,CW,gyro_bias_dps,0.125,18.27676736388339,-9.571764584459652,20.675015584106294,8.949491906855704
12867,CW,gyro_bias_dps,0.13,18.111899973023537,-9.887098735509914,20.679284446268408,9.305290961565131
12867,CW,gyro_bias_dps,0.135,17.945675422364275,-10.201572949413707,20.688105763722785,9.660918636129416
12867,CW,gyro_bias_dps,0.14,17.778097639817837,-10.515181696572824,20.70146834747137,10.016374529112312
12867,CW,gyro_bias_dps,0.14500000000000002,17.6091705758643,-10.827919464965282,20.71935804786869,10.371658239526436
12867,CW,gyro_bias_dps,0.15000000000000002,17.438898203470945,-11.139780760243218,20.741757795082332,10.726769366843095
12867,CW,gyro_bias_dps,0.15500000000000003,17.267284518009525,-11.450760105819745,20.768647648792584,11.081707510993265
12867,CW,gyro_bias_dps,0.16000000000000003,17.094333537185186,-11.760852042960233,20.80000485678418,11.436472272367599
12867,CW,gyro_bias_dps,0.16500000000000004,16.920049300950087,-12.070051130879744,20.835803921981455,11.791063251828897
12867,CW,gyro_bias_dps,0.17000000000000004,16.744435871428937,-12.378351946827593,20.876016677456533,12.145480050708096
12867,CW,gyro_bias_dps,0.17500000000000004,16.567497332832954,-12.685749086180953,20.920612368867285,12.499722270812912
12867,CW,gyro_bias_dps,0.18,16.38923779138629,-12.992237162534627,20.969557743761303,12.853789514428662
12867,CW,gyro_bias_dps,0.185,16.20966137524126,-13.297810807788585,21.022817147113187,13.207681384321363
12867,CW,gyro_bias_dps,0.19,16.028772234398275,-13.60246467224415,21.080352622471544,13.561397483747276
12867,CW,gyro_bias_dps,0.195,15.846574540622147,-13.906193424685103,21.142124018030817,13.914937416450229
12867,CW,gyro_bias_dps,0.2,15.663072487363706,-14.208991752471912,21.208089096973175,14.268300786668803
12867,CW,gyro_bias_dps,0.20500000000000002,15.478270289677539,-14.510854361625672,21.278203651374138,14.621487199135908
12867,CW,gyro_bias_dps,0.21000000000000002,15.292172184134188,-14.811775976924242,21.352421619001433,14.974496259092394
12867,CW,gyro_bias_dps,0.21500000000000002,15.104782428743125,-15.111751341977447,21.43069520231802,15.327327572276438
12867,CW,gyro_bias_dps,0.22000000000000003,14.916105302865617,-15.410775219328888,21.512974989044714,15.679980744942522
12867,CW,gyro_bias_dps,0.22500000000000003,14.726145107136063,-15.708842390530549,21.599210073611093,16.032455383851467
12867,CW,gyro_bias_dps,0.23000000000000004,14.53490616336967,-16.00594765623638,21.68934817889352,16.384751096284255
12867,CW,gyro_bias_dps,0.23500000000000004,14.342392814486562,-16.302085836287393,21.783335777647984,16.736867490040797
12867,CW,gyro_bias_dps,0.24000000000000005,14.148609424420352,-16.59725176979482,21.881118213063957,17.088804173444633
12867,CW,gyro_bias_dps,0.24500000000000005,13.95356037803881,-16.89144031523143,21.982639817940306,17.44056075534871
12867,CW,gyro_bias_dps,0.25000000000000006,13.757250081054508,-17.184646350510274,22.08784403197085,17.792136845135577
12867,CW,gyro_bias_dps,0.25500000000000006,13.55968295994021,-17.476864773068108,22.19667351671736,18.143532052719355
12867,CW,gyro_bias_dps,0.26000000000000006,13.360863461841905,-17.76809049996267,22.309070267871316,18.494745988561153
12867,CW,gyro_bias_dps,0.26500000000000007,13.160796054494835,-18.058318467942833,22.424975724416463,18.845778263659405
12867,CW,gyro_bias_dps,0.2700000000000001,12.959485226132756,-18.347543633535803,22.544330874404263,19.1966284895587
12867,CW,gyro_bias_dps,0.2750000000000001,12.756935485406279,-18.635760973135234,22.667076357063735,19.547296278355024
12867,CW,gyro_bias_dps,0.27999999999999997,12.553151361288542,-18.922965483077338,22.793152560991086,19.89778124269692
12867,CW,gyro_bias_dps,0.285,12.348137402994507,-19.209152179728495,22.92249971825927,20.248082995790288
12867,CW,gyro_bias_dps,0.29,12.141898179885402,-19.494316099566447,23.055057994263798,20.598201151404606
12867,CW,gyro_bias_dps,0.295,11.934438281387429,-19.778452299259687,23.19076757320758,20.948135323871647
12867,CW,gyro_bias_dps,0.3,11.72576231689859,-20.061555855750747,23.329568739132032,21.297885128092286
12867,CW,gyro_gain_pct,-0.5,24.784985677925714,8.05009050954942,26.11165774319671,9.957114969230103
12867,CW,gyro_gain_pct,-0.49,24.743516016297416,7.852114062325643,26.01042702980526,9.753753865966432
12867,CW,gyro_gain_pct,-0.48,24.701397679293336,7.654450948224633,25.909899870099146,9.55056184537234
12867,CW,gyro_gain_pct,-0.47,24.658632094452013,7.457103252195725,25.810081632281666,9.347539103877512
12867,CW,gyro_gain_pct,-0.46,24.615220696055825,7.260073053209908,25.710977712571843,9.14468583775974
12867,CW,gyro_gain_pct,-0.45,24.57116492511841,7.063362424246373,25.61259353426423,8.942002243155319
12867,CW,gyro_gain_pct,-0.44,24.526466229352536,6.8669734322677645,25.51493454672205,8.739488516052305
12867,CW,gyro_gain_pct,-0.43,24.48112606314612,6.6709081381972055,25.418006224332537,8.537144852288586
12867,CW,gyro_gain_pct,-0.42,24.43514588754183,6.4751685969004935,25.321814065420376,8.334971447555057
12867,CW,gyro_gain_pct,-0.41000000000000003,24.388527170208476,6.279756857159453,25.226363591102995,8.132968497387383
12867,CW,gyro_gain_pct,-0.4,24.3412713854201,6.084674961658027,25.1316603441091,7.931136197174327
12867,CW,gyro_gain_pct,-0.39,24.293380014028344,5.889924946951885,25.037709887536703,7.729474742145681
12867,CW,gyro_gain_pct,-0.38,24.244854543439352,5.6955088434552295,24.944517803570438,7.527984327379474
12867,CW,gyro_gain_pct,-0.37,24.19569646758948,5.501428675415957,24.852089692144308,7.326665147797354
12867,CW,gyro_gain_pct,-0.36,24.145907286918554,5.307686460893296,24.76043116955192,7.125517398161012
12867,CW,gyro_gain_pct,-0.35,24.09548850834856,5.114284211743313,24.669547867011598,6.9245412730784
12867,CW,gyro_gain_pct,-0.33999999999999997,24.04444164525328,4.921223933589056,24.57944542916783,6.723736966991869
12867,CW,gyro_gain_pct,-0.32999999999999996,23.992768217440585,4.728507625805378,24.490129512554724,6.523104674184547
12867,CW,gyro_gain_pct,-0.32,23.9404697511186,4.536137281500953,24.40160578399079,6.322644588778713
12867,CW,gyro_gain_pct,-0.31,23.88754777887916,4.344114887491503,24.313879918934862,6.122356904731328
12867,CW,gyro_gain_pct,-0.3,23.834003839667844,4.152442424283936,24.22695759977729,5.922241815835245
12867,CW,gyro_gain_pct,-0.29000000000000004,23.77983947875864,3.9611218660530882,24.14084451408041,5.722299515715338
12867,CW,gyro_gain_pct,-0.28,23.725056247730663,3.770155180623033,24.05554635276724,5.522530197829263
12867,CW,gyro_gain_pct,-0.27,23.66965570444115,3.5795443294499365,23.971068808252618,5.322934055468545
12867,CW,gyro_gain_pct,-0.26,23.613639413001238,3.389291267595206,23.887417572520665,5.12351128175061
12867,CW,gyro_gain_pct,-0.25,23.55700894374936,3.1993979437107667,23.804598335147883,4.92426206962314
12867,CW,gyro_gain_pct,-0.24,23.49976587322749,3.0098663000203603,23.722616781273445,4.725186611863081
12867,CW,gyro_gain_pct,-0.22999999999999998,23.441911784153127,2.8206982722961014,23.641478589510847,4.526285101072337
12867,CW,gyro_gain_pct,-0.21999999999999997,23.383448265394964,2.63189578983845,23.561189429809545,4.327557729675254
12867,CW,gyro_gain_pct,-0.21000000000000002,23.324376911947024,2.4434607754619266,23.48175496126235,4.129004689923458
12867,CW,gyro_gain_pct,-0.2,23.26469932490329,2.255395145470254,23.403180829858776,3.930626173888717
12867,CW,gyro_gain_pct,-0.19,23.204417111430644,2.067700809641508,23.32547266618525,3.73242237346571
12867,CW,gyro_gain_pct,-0.18,23.143531884744174,1.880379671203127,23.24863608307483,3.5343934803659236
12867,CW,gyro_gain_pct,-0.16999999999999998,23.08204526407951,1.6934336268207288,23.172676673203867,3.3365396861228422
12867,CW,gyro_gain_pct,-0.15999999999999998,23.019958874670237,1.5068645665733356,23.09760000664227,3.138861182086728
12867,CW,gyro_gain_pct,-0.14999999999999997,22.957274347717906,1.320674373933798,23.02341162834762,2.9413581594213087
12867,CW,gyro_gain_pct,-0.14,22.893993320367237,1.1348649257578587,22.950117055616392,2.74403080911044
12867,CW,gyro_gain_pct,-0.13,22.830117435681654,0.9494380922540244,22.877721775487345,2.546879321946393
12867,CW,gyro_gain_pct,-0.12,22.765648342612394,0.764395736975007,22.806231242094054,2.349903888536883
12867,CW,gyro_gain_pct,-0.10999999999999999,22.70058769597988,0.5797397167919826,22.735650873984046,2.1531046992990146
12867,CW,gyro_gain_pct,-0.09999999999999998,22.63493715643815,0.3954718818828269,22.66598605137925,1.9564819444618269
12867,CW,gyro_gain_pct,-0.08999999999999997,22.56869839045587,0.2115940757084104,22.59724211341077,1.7600358140618724
12867,CW,gyro_gain_pct,-0.08000000000000002,22.501873070285704,0.028108134996966783,22.52942435530343,1.5637664979434267
12867,CW,gyro_gain_pct,-0.07,22.434462873939992,-0.15498411027211886,22.46253802552864,1.3676741857592551
12867,CW,gyro_gain_pct,-0.06,22.366469485162725,-0.3376808368932188,22.39658832291839,1.1717590669626459
12867,CW,gyro_gain_pct,-0.04999999999999999,22.297894593402248,-0.5199802284436827,22.331580393746425,0.9760213308143054
12867,CW,gyro_gain_pct,-0.03999999999999998,22.228739893786404,-0.7018804753074164,22.267519328780907,0.7804611663755778
12867,CW,gyro_gain_pct,-0.02999999999999997,22.159007087095368,-0.8833797746881032,22.204410160306317,0.5850787625122039
12867,CW,gyro_gain_pct,-0.020000000000000018,22.08869787973358,-1.064476330631885,22.142257859118345,0.38987430788661814
12867,CW,gyro_gain_pct,-0.010000000000000009,22.01781398370456,-1.2451683540404814,22.08106733149781,0.19484799096256744
12867,CW,gyro_gain_pct,0.0,21.94635711658225,-1.425454062691267,22.020843416161156,0.0
12867,CW,gyro_gain_pct,0.010000000000000009,21.87432900148449,-1.6053316812521075,21.96159088119497,0.19466947694341674
12867,CW,gyro_gain_pct,0.020000000000000018,21.80173136704741,-1.7847994413007882,21.90331442097663,0.3891602520158395
12867,CW,gyro_gain_pct,0.030000000000000027,21.728565947398057,-1.9638555813393281,21.846018653081824,0.583472137568953
12867,CW,gyro_gain_pct,0.040000000000000036,21.654834482122645,-2.142498346815626,21.789708115179458,0.7776049461662692
12867,CW,gyro_gain_pct,0.050000000000000044,21.580538716246632,-2.3207259901322685,21.734387261932678,0.9715584905734579
12867,CW,gyro_gain_pct,0.06000000000000005,21.505680400203346,-2.498536770672615,21.68006046188837,1.1653325837706765
12867,CW,gyro_gain_pct,0.07000000000000006,21.43026128980705,-2.6759289548100353,21.626731994371386,1.358927038945932
12867,CW,gyro_gain_pct,0.07999999999999996,21.354283146225544,-2.852900815929206,21.57440604638562,1.5523416695011567
12867,CW,gyro_gain_pct,0.08999999999999997,21.277747735952154,-3.0294506344391947,21.5230867095228,1.745576289050842
12867,CW,gyro_gain_pct,0.09999999999999998,21.200656830781828,-3.2055766977904794,21.472777976888974,1.9386307114223558
12867,CW,gyro_gain_pct,0.10999999999999999,21.123012207779333,-3.381277300493025,21.423483740040695,2.131504750660186
12867,CW,gyro_gain_pct,0.12,21.044815649252836,-3.5565507441307203,21.375207785947254,2.3241982210258647
12867,CW,gyro_gain_pct,0.13,20.966068942728224,-3.7313953373761137,21.327953793978665,2.5167109369969967
12867,CW,gyro_gain_pct,0.14,20.886773880919215,-3.9058093960083964,21.281725332919482,2.709042713271158
12867,CW,gyro_gain_pct,0.15000000000000002,20.806932261701924,-4.079791242930639,21.23652585802012,2.9011933647678676
12867,CW,gyro_gain_pct,0.16000000000000003,20.726545888083344,-4.253339208180864,21.192358708079063,3.0931627066267833
12867,CW,gyro_gain_pct,0.17000000000000004,20.645616568177957,-4.426451628948837,21.149227102575438,3.2849505542087334
12867,CW,gyro_gain_pct,0.18000000000000005,20.564146115177483,-4.599126849596689,21.10713413884198,3.476556723101933
12867,CW,gyro_gain_pct,0.19000000000000006,20.482136347323852,-4.771363221666877,21.066082789288824,3.6679810291171138
12867,CW,gyro_gain_pct,0.20000000000000007,20.399589087878915,-4.943159103901484,21.026075898680727,3.8592232882923128
12867,CW,gyro_gain_pct,0.20999999999999996,20.316506165101213,-5.11451286225689,20.98711618147937,4.0502833168925605
12867,CW,gyro_gain_pct,0.21999999999999997,20.232889412214785,-5.285422869917864,20.94920621924,4.241160931411254
12867,CW,gyro_gain_pct,0.22999999999999998,20.148740667379183,-5.4558875073128545,20.912348458077364,4.4318559485723
12867,CW,gyro_gain_pct,0.24,20.06406177366505,-5.625905162130243,20.876545206207837,4.6223681853312595
12867,CW,gyro_gain_pct,0.25,19.97885457902612,-5.795474229329716,20.841798631562853,4.812697458873957
12867,CW,gyro_gain_pct,0.26,19.893120936268065,-5.964593111160729,20.80811075947957,5.002843586621578
12867,CW,gyro_gain_pct,0.27,19.80686270302249,-6.133260217173484,20.775483470478456,5.1928063862283675
12867,CW,gyro_gain_pct,0.28,19.720081741717216,-6.301473964234776,20.743918498125275,5.382585675584569
12867,CW,gyro_gain_pct,0.29000000000000004,19.632779919549968,-6.469232776543356,20.713417426987405,5.572181272817774
12867,CW,gyro_gain_pct,0.30000000000000004,19.54495910845726,-6.636535085642402,20.683981690678667,5.761592996293735
12867,CW,gyro_gain_pct,0.31000000000000005,19.45662118508867,-6.803379330434211,20.65561257000865,5.950820664617049
12867,CW,gyro_gain_pct,0.32000000000000006,19.367768030778073,-6.969763957194857,20.6283111912299,6.139864096633212
12867,CW,gyro_gain_pct,0.33000000000000007,19.278401531511463,-7.135687419583883,20.602078524385163,6.3287231114275615
12867,CW,gyro_gain_pct,0.33999999999999997,19.188523577904835,-7.3011481786650165,20.576915381775475,6.517397528330009
12867,CW,gyro_gain_pct,0.35,19.098136065170117,-7.4661447029149715,20.55282241652377,6.705887166914113
12867,CW,gyro_gain_pct,0.36,19.007240893089694,-7.630675468237496,20.52980012126183,6.8941918469980905
12867,CW,gyro_gain_pct,0.37,18.91583996598522,-7.794738957976324,20.507848826926985,7.082311388645737
12867,CW,gyro_gain_pct,0.38,18.823935192692034,-7.958333662932466,20.486968701685,7.270245612170389
12867,CW,gyro_gain_pct,0.39,18.731528486529122,-8.121458081369667,20.46715974996439,7.457994338129994
12867,CW,gyro_gain_pct,0.4,18.638621765268773,-8.284110719035823,20.448421811619372,7.645557387335793
12867,CW,gyro_gain_pct,0.41000000000000003,18.545216951110753,-8.446290089171033,20.43075456121654,7.832934580848658
12867,CW,gyro_gain_pct,0.42000000000000004,18.4513159706484,-8.60799471252069,20.414157507441573,8.02012573998165
12867,CW,gyro_gain_pct,0.43000000000000005,18.356920754850012,-8.769223117350919,20.398629992649166,8.207130686300122
12867,CW,gyro_gain_pct,0.44000000000000006,18.262033239017182,-8.929973839455965,20.38417119251633,8.393949241623414
12867,CW,gyro_gain_pct,0.45000000000000007,18.166655362764914,-9.090245422177054,20.370780115850433,8.58058122802745
12867,CW,gyro_gain_pct,0.45999999999999996,18.070789069988155,-9.2500364164105,20.358455604510038,8.767026467844381
12867,CW,gyro_gain_pct,0.47,17.974436308837447,-9.409345380622051,20.34719633346771,8.95328478366345
12867,CW,gyro_gain_pct,0.48,17.877599031681164,-9.568170880857178,20.337000810989657,9.139355998334418
12867,CW,gyro_gain_pct,0.49,17.780279195089133,-9.726511490755138,20.327867378966705,9.325239934964548
12867,CW,gyro_gain_pct,0.5,17.68247875979216,-9.88436579155748,20.319794213351933,9.510936416922098
12867,CW,wheel_relative_pct,-2.0,22.000550922849516,-1.4060681619413118,22.073630532398198,0.057597682902585115
12867,CW,wheel_relative_pct,-1.95,21.99919607769332,-1.4065528094597426,22.072310561287054,0.05615774083059146
12867,CW,wheel_relative_pct,-1.9,21.997841232536075,-1.4070374569792534,22.070990605176988,0.054717798757220895
12867,CW,wheel_relative_pct,-1.85,21.99648638737913,-1.407522104497525,22.069670664071868,0.05327785668457617
12867,CW,wheel_relative_pct,-1.8,21.99513154222302,-1.4080067520166153,22.068350737975006,0.05183791461246876
12867,CW,wheel_relative_pct,-1.75,21.99377669706639,-1.4084913995359216,22.067030826887773,0.050397972539758265
12867,CW,wheel_relative_pct,-1.7,21.992421851909967,-1.4089760470534998,22.06571093081339,0.04895803046781912
12867,CW,wheel_relative_pct,-1.65,21.991067006752722,-1.4094606945725672,22.06439104975378,0.047518088394616034
12867,CW,wheel_relative_pct,-1.6,21.989712161596458,-1.4099453420909298,22.0630711837133,0.04607814632258362
12867,CW,wheel_relative_pct,-1.55,21.988357316439693,-1.4104299896100998,22.061751332693216,0.04463820424978714
12867,CW,wheel_relative_pct,-1.5,21.987002471282608,-1.4109146371288603,22.060431496696335,0.04319826217684218
12867,CW,wheel_relative_pct,-1.45,21.98564762612607,-1.4113992846483143,22.05911167572633,0.04175832010418176
12867,CW,wheel_relative_pct,-1.4,21.984292780969145,-1.4118839321666656,22.057791869784907,0.04031837803153546
12867,CW,wheel_relative_pct,-1.35,21.982937935812856,-1.412368579685483,22.05647207887575,0.03887843595930221
12867,CW,wheel_relative_pct,-1.2999999999999998,21.981583090656024,-1.4128532272043912,22.055152303000398,0.03743849388653854
12867,CW,wheel_relative_pct,-1.25,21.980228245499347,-1.4133378747222423,22.053832542162198,0.035998551814277614
12867,CW,wheel_relative_pct,-1.2,21.978873400342785,-1.4138225222412075,22.052512796364,0.03455860974174317
12867,CW,wheel_relative_pct,-1.15,21.977518555185906,-1.4143071697596952,22.05119306560788,0.03311866766906738
12867,CW,wheel_relative_pct,-1.1,21.976163710029347,-1.4147918172797405,22.04987334989731,0.03167872559620403
12867,CW,wheel_relative_pct,-1.0499999999999998,21.974808864872056,-1.4152764647973641,22.04855364923375,0.03023878352346232
12867,CW,wheel_relative_pct,-1.0,21.973454019715994,-1.415761112316136,22.047233963622084,0.028798841451466415
12867,CW,wheel_relative_pct,-0.95,21.972099174559048,-1.4162457598355445,22.045914293062776,0.027358899378426442
12867,CW,wheel_relative_pct,-0.8999999999999999,21.970744329402805,-1.4167304073536116,22.044594637560138,0.02591895730649089
12867,CW,wheel_relative_pct,-0.8499999999999999,21.969389484246086,-1.4172150548729292,22.0432749971157,0.024479015233705586
12867,CW,wheel_relative_pct,-0.7999999999999998,21.96803463908975,-1.4176997023911553,22.041955371732982,0.023039073161632725
12867,CW,wheel_relative_pct,-0.75,21.96667979393171,-1.4181843499099727,22.040635761412712,0.02159913108775694
12867,CW,wheel_relative_pct,-0.7,21.96532494877574,-1.4186689974283582,22.039316166161246,0.0201591890159986
12867,CW,wheel_relative_pct,-0.6499999999999999,21.963970103619157,-1.4191536449480053,22.037996585978746,0.01871924694319632
12867,CW,wheel_relative_pct,-0.5999999999999999,21.9626152584626,-1.4196382924670274,22.03667702086844,0.017279304870690477
12867,CW,wheel_relative_pct,-0.5499999999999998,21.96126041330558,-1.4201229399853332,22.035357470832572,0.015839362797950368
12867,CW,wheel_relative_pct,-0.5,21.95990556814893,-1.4206075875036277,22.034037935874675,0.014399420725542223
12867,CW,wheel_relative_pct,-0.44999999999999996,21.958550722992186,-1.4210922350227064,22.03271841599704,0.01295947865283605
12867,CW,wheel_relative_pct,-0.3999999999999999,21.957195877836124,-1.4215768825415693,22.031398911203127,0.011519536580785921
12867,CW,wheel_relative_pct,-0.34999999999999987,21.955841032679064,-1.4220615300596364,22.030079421493916,0.010079594508136402
12867,CW,wheel_relative_pct,-0.2999999999999998,21.954486187522207,-1.4225461775788517,22.028759946873432,0.008639652435201109
12867,CW,wheel_relative_pct,-0.25,21.953131342365783,-1.4230308250969756,22.027440487344478,0.007199710363109825
12867,CW,wheel_relative_pct,-0.19999999999999996,21.95177649720922,-1.4235154726163501,22.026121042909388,0.005759768290475823
12867,CW,wheel_relative_pct,-0.1499999999999999,21.95042165205216,-1.424000120135395,22.024801613570364,0.0043198262174429835
12867,CW,wheel_relative_pct,-0.09999999999999987,21.94906680689603,-1.424484767654303,22.023482199331557,0.0028798841453512255
12867,CW,wheel_relative_pct,-0.04999999999999982,21.94771196173908,-1.424969415173075,22.022162800193954,0.0014399420725009079
12867,CW,wheel_relative_pct,0.0,21.94635711658225,-1.425454062691267,22.020843416161156,0.0
12867,CW,wheel_relative_pct,0.050000000000000266,21.94500227142571,-1.425938710209914,22.019524047236146,0.001439942072408551
12867,CW,wheel_relative_pct,0.10000000000000009,21.94364742626833,-1.4264233577296637,22.01820469342056,0.0028798841459766085
12867,CW,wheel_relative_pct,0.1499999999999999,21.942292581112337,-1.4269080052471395,22.016885354719037,0.00431982621749383
12867,CW,wheel_relative_pct,0.20000000000000018,21.9409377359553,-1.4273926527667982,22.01556603113228,0.005759768290687453
12867,CW,wheel_relative_pct,0.25,21.939582890798285,-1.4278773002852632,22.01424672266373,0.007199710363479924
12867,CW,wheel_relative_pct,0.30000000000000027,21.93822804564231,-1.428361947803569,22.01292742931731,0.00863965243519362
12867,CW,wheel_relative_pct,0.3500000000000001,21.936873200484957,-1.4288465953225,22.011608151093277,0.010079594508461704
12867,CW,wheel_relative_pct,0.40000000000000036,21.9355183553286,-1.4293312428411582,22.01028888799672,0.01151953658069368
12867,CW,wheel_relative_pct,0.4500000000000002,21.934163510172333,-1.4298158903601461,22.008969640029413,0.012959478652980024
12867,CW,wheel_relative_pct,0.5,21.93280866501518,-1.4303005378786793,22.007650407193175,0.014399420725862455
12867,CW,wheel_relative_pct,0.5500000000000003,21.931453819858508,-1.4307851853966214,22.006331189491977,0.015839362798172236
12867,CW,wheel_relative_pct,0.6000000000000001,21.93009897470163,-1.4312698329159956,22.005011986928064,0.01727930487113951
12867,CW,wheel_relative_pct,0.6500000000000004,21.92874412954534,-1.4317544804351314,22.003692799504783,0.018719246943485836
12867,CW,wheel_relative_pct,0.7000000000000002,21.927389284388436,-1.432239127953494,22.002373627223683,0.02015918901609216
12867,CW,wheel_relative_pct,0.75,21.92603443923151,-1.432723775472391,22.001054470088082,0.021599131088940012
12867,CW,wheel_relative_pct,0.8000000000000003,21.92467959407536,-1.4332084229916404,21.99973532810155,0.023039073161160474
12867,CW,wheel_relative_pct,0.8500000000000001,21.92332474891889,-1.4336930705103215,21.99841620126563,0.024479015233558096
12867,CW,wheel_relative_pct,0.9000000000000004,21.921969903762033,-1.43417771802948,21.99709708958305,0.025918957306403256
12867,CW,wheel_relative_pct,0.9500000000000002,21.920615058604835,-1.434662365547831,21.995777993056567,0.0273588993793235
12867,CW,wheel_relative_pct,1.0,21.919260213448297,-1.43514701306666,21.994458911689907,0.028798841451760215
12867,CW,wheel_relative_pct,1.0500000000000003,21.91790536829153,-1.4356316605853294,21.993139845484926,0.030238783524377946
12867,CW,wheel_relative_pct,1.1,21.91655052313456,-1.4361163081034647,21.991820794444255,0.031678725597016094
12867,CW,wheel_relative_pct,1.1500000000000004,21.915195677978158,-1.436600955622282,21.99050175857158,0.03311866766933509
12867,CW,wheel_relative_pct,1.2000000000000002,21.913840832821485,-1.4370856031412473,21.989182737868703,0.03455860974197389
12867,CW,wheel_relative_pct,1.25,21.912485987664446,-1.4375702506600647,21.98786373233827,0.035998551814890194
12867,CW,wheel_relative_pct,1.3000000000000003,21.911131142508452,-1.4380548981785979,21.986544741984403,0.037438493886747796
12867,CW,wheel_relative_pct,1.35,21.909776297351595,-1.4385395456972674,21.985225766807915,0.03887843595944171
12867,CW,wheel_relative_pct,1.4000000000000004,21.908421452194737,-1.4390241932160621,21.983906806812495,0.04031837803217816
12867,CW,wheel_relative_pct,1.4500000000000002,21.907066607038153,-1.4395088407354137,21.982587862001065,0.04175832010486343
12867,CW,wheel_relative_pct,1.5,21.90571176188155,-1.4399934882536627,21.98126893237602,0.043198262177199354
12867,CW,wheel_relative_pct,1.5500000000000003,21.90435691672451,-1.4404781357726506,21.97995001793978,0.044638204250184
12867,CW,wheel_relative_pct,1.6,21.903002071568288,-1.4409627832915022,21.978631118696292,0.046078146322336706
12867,CW,wheel_relative_pct,1.6500000000000004,21.901647226410933,-1.4414474308099443,21.977312234646277,0.04751808839543188
12867,CW,wheel_relative_pct,1.7000000000000002,21.90029238125503,-1.441932078328557,21.975993365795198,0.04895803046720815
12867,CW,wheel_relative_pct,1.75,21.89893753609806,-1.4424167258473517,21.97467451214315,0.05039797254010835
12867,CW,wheel_relative_pct,1.8000000000000003,21.897582690941043,-1.4429013733662146,21.973355673693963,0.05183791461301588
12867,CW,wheel_relative_pct,1.85,21.896227845784892,-1.4433860208852365,21.97203685045123,0.053277856685150414
12867,CW,wheel_relative_pct,1.9000000000000004,21.894873000628582,-1.4438706684034515,21.970718042416692,0.05471779875717031
12867,CW,wheel_relative_pct,1.9500000000000002,21.893518155471657,-1.4443553159217344,21.969399249592602,0.056157740829831174
12867,CW,wheel_relative_pct,2.0,21.89216331031405,-1.444839963441916,21.968080471981793,0.05759768290373007
12867,CW,yaw_time_shift_ms,-20.0,21.47403163262577,-1.8636326385102506,21.584016398342037,0.6448514203242719
12867,CW,yaw_time_shift_ms,-19.5,21.48306472587499,-1.8372888050129177,21.59069437950192,0.6204507678829068
12867,CW,yaw_time_shift_ms,-19.0,21.49201640070919,-1.808556104107197,21.597125735539805,0.5948785506267904
12867,CW,yaw_time_shift_ms,-18.5,21.49779812963061,-1.796198710565011,21.601853357007784,0.5824791486939832
12867,CW,yaw_time_shift_ms,-18.0,21.503471168457985,-1.7814524432682788,21.606283887072024,0.568727759312023
12867,CW,yaw_time_shift_ms,-17.5,21.517464706928035,-1.7891828596222807,21.620842838347354,0.562864814510787
12867,CW,yaw_time_shift_ms,-17.0,21.531337410499667,-1.7945458592657473,21.635087488503405,0.5559159634202149
12867,CW,yaw_time_shift_ms,-16.5,21.544116158966563,-1.7985995693595895,21.648129312081885,0.549152992316546
12867,CW,yaw_time_shift_ms,-16.0,21.556781375706578,-1.8002813071920627,21.660861828551457,0.5410743608693809
12867,CW,yaw_time_shift_ms,-15.5,21.569335440178747,-1.799590589665513,21.673287157838647,0.5315873700144905
12867,CW,yaw_time_shift_ms,-15.0,21.581780732713263,-1.7965269516099738,21.68540819021619,0.5206143699803325
12867,CW,yaw_time_shift_ms,-14.5,21.594119634463823,-1.7910899457710456,21.697228584844066,0.5080919816910413
12867,CW,yaw_time_shift_ms,-14.0,21.60635452736731,-1.7832791428198789,21.70875276845339,0.4939707595656336
12867,CW,yaw_time_shift_ms,-13.5,21.618487794106773,-1.7730941313459083,21.7199859341616,0.47821541062539
12867,CW,yaw_time_shift_ms,-13.0,21.63052181805856,-1.7605345178552625,21.73093404039564,0.4608057448698862
12867,CW,yaw_time_shift_ms,-12.5,21.642458983256688,-1.7455999267719904,21.741603809947296,0.44173863439337846
12867,CW,yaw_time_shift_ms,-12.0,21.654301674349632,-1.728290000429638,21.75200272912841,0.4210314316952883
12867,CW,yaw_time_shift_ms,-11.5,21.666052276554478,-1.7086043990797521,21.762139047023787,0.39872759203040953
12867,CW,yaw_time_shift_ms,-11.0,21.67771317561767,-1.68654280088017,21.772021774837395,0.3749057544920475
12867,CW,yaw_time_shift_ms,-10.5,21.68873568478814,-1.661886964616997,21.781108071178313,0.3499726794779695
12867,CW,yaw_time_shift_ms,-10.0,21.69967475888668,-1.6348507840236948,21.789962708579413,0.32389154443972523
12867,CW,yaw_time_shift_ms,-9.5,21.70761379477483,-1.6149080686668185,21.796346721244134,0.30504620939013777
12867,CW,yaw_time_shift_ms,-9.0,21.71545575531652,-1.5925750100280425,21.802479462953766,0.28525932186321984
12867,CW,yaw_time_shift_ms,-8.5,21.729781028907176,-1.603086134019918,21.817502804048186,0.280323587715839
12867,CW,yaw_time_shift_ms,-8.0,21.743980622879256,-1.6112282826665933,21.832230598493258,0.27493120104245855
12867,CW,yaw_time_shift_ms,-7.5,21.75743885087793,-1.6174214752857552,21.846079179072785,0.2695272881800476
12867,CW,yaw_time_shift_ms,-7.0,21.770778007892954,-1.6212428869088285,21.85963489559761,0.2631547804580545
12867,CW,yaw_time_shift_ms,-6.5,21.78400047218374,-1.6226920100177948,21.872899160981675,0.25561427785590585
12867,CW,yaw_time_shift_ms,-6.0,21.797108622957968,-1.6217683550245965,21.885874154225395,0.24673625164438037
12867,CW,yaw_time_shift_ms,-5.5,21.81010484032754,-1.618471450268919,21.898562818754275,0.23637696969006827
12867,CW,yaw_time_shift_ms,-5.0,21.822991505265257,-1.6128008420214655,21.910968860885934,0.2244146927944204
12867,CW,yaw_time_shift_ms,-4.5,21.835770999569377,-1.6047560944790462,21.92309674842706,0.21074627286753903
12867,CW,yaw_time_shift_ms,-4.0,21.84844570580624,-1.5943367897632696,21.934951709366775,0.1952841942483575
12867,CW,yaw_time_shift_ms,-3.5,21.8610180072842,-1.5815425279221471,21.946539730712402,0.17795404772486412
12867,CW,yaw_time_shift_ms,-3.0,21.873490288001154,-1.566372926922463,21.957867557402544,0.15869240038795318
12867,CW,yaw_time_shift_ms,-2.5,21.885864932603816,-1.5488276226577455,21.968942691329538,0.13744501357681416
12867,CW,yaw_time_shift_ms,-2.0,21.89814432634346,-1.5289062689359754,21.979773390444393,0.11416535929470162
12867,CW,yaw_time_shift_ms,-1.5,21.910330855038136,-1.5066085374828844,21.990368667947237,0.08881338840821996
12867,CW,yaw_time_shift_ms,-1.0,21.92242690502635,-1.4819341179379761,22.000738291536607,0.06135450893282366
12867,CW,yaw_time_shift_ms,-0.5,21.934434863122533,-1.4548827178545367,22.01089278271732,0.03175873841884728
12867,CW,yaw_time_shift_ms,0.0,21.94635711658225,-1.425454062691267,22.020843416161156,0.0
12867,CW,yaw_time_shift_ms,0.5,21.960640916537365,-1.4385514502529417,22.035913349184,0.01939774934511894
12867,CW,yaw_time_shift_ms,1.0,21.974795374335667,-1.4492778883514574,22.050705661610667,0.03713584312720031
12867,CW,yaw_time_shift_ms,1.5,21.98882286755843,-1.4576328093868482,22.06521953514702,0.053337651711041
12867,CW,yaw_time_shift_ms,2.0,22.002725774891452,-1.4636156637013187,22.07945491696857,0.06814952724394248
12867,CW,yaw_time_shift_ms,2.5,22.016506476090534,-1.467225919588418,22.093412517658066,0.08174415097678224
12867,CW,yaw_time_shift_ms,3.0,22.030167351933756,-1.468463063287834,22.107093809254632,0.09432359405957728
12867,CW,yaw_time_shift_ms,3.5,22.043710784178074,-1.4673265989846187,22.120501023431242,0.10612155876214738
12867,CW,yaw_time_shift_ms,4.0,22.05713915551926,-1.4638160488083714,22.13363714979639,0.11740407748917092
12867,CW,yaw_time_shift_ms,4.5,22.070454849549105,-1.457930952834488,22.146505934310365,0.12846782756271735
12867,CW,yaw_time_shift_ms,5.0,22.083660250709933,-1.4496708690851392,22.159111877811878,0.139635281937591
12867,CW,yaw_time_shift_ms,5.5,22.09675774425316,-1.439035373521358,22.171460234655257,0.15124627496087029
12867,CW,yaw_time_shift_ms,6.0,22.109749716199964,-1.4260240600455518,22.18355701145168,0.16364625800048796
12867,CW,yaw_time_shift_ms,6.5,22.122638553291132,-1.4106365405047996,22.195408965894583,0.17717242368747885
12867,CW,yaw_time_shift_ms,7.0,22.13542664295096,-1.3928724446770162,22.207023605684213,0.19213966802200833
12867,CW,yaw_time_shift_ms,7.5,22.148116373242896,-1.372731420281616,22.218409187523072,0.2088286477554656
12867,CW,yaw_time_shift_ms,8.0,22.160710132824555,-1.3502131329702252,22.229574716179265,0.2274777643482124
12867,CW,yaw_time_shift_ms,8.5,22.172734936622987,-1.3255928968154307,22.2400724732578,0.24775698571194976
12867,CW,yaw_time_shift_ms,9.0,22.184668892226135,-1.2985946094647942,22.250370040937987,0.27033191317992383
12867,CW,yaw_time_shift_ms,9.5,22.20362615194397,-1.3037730572845363,22.26958166562898,0.28491181112334885
12867,CW,yaw_time_shift_ms,10.0,22.222465374379407,-1.3065894583018463,22.288538341770334,0.30089465319441117
12867,CW,yaw_time_shift_ms,10.5,22.23774963790479,-1.3174408629928962,22.304414794764263,0.3110717961479226
12867,CW,yaw_time_shift_ms,11.0,22.252901447522095,-1.3259250124036839,22.320023309184084,0.3226182703807547
12867,CW,yaw_time_shift_ms,11.5,22.26720669808169,-1.3317181577487986,22.334613878869835,0.33460762445936454
12867,CW,yaw_time_shift_ms,12.0,22.281386522999856,-1.335137826136804,22.348939120690634,0.34735966176102134
12867,CW,yaw_time_shift_ms,12.5,22.295443305497884,-1.3361834969703978,22.363000560266585,0.360713559230765
12867,CW,yaw_time_shift_ms,13.0,22.30937942980945,-1.334854667615184,22.376800475620662,0.3745735556072391
12867,CW,yaw_time_shift_ms,13.5,22.32319728114569,-1.3311508533930692,22.390341895458516,0.38889924901747713
12867,CW,yaw_time_shift_ms,14.0,22.3368992456436,-1.3250715875925152,22.403628597541378,0.4036966291650819
12867,CW,yaw_time_shift_ms,14.5,22.350487710328412,-1.3166164214567289,22.416665107175668,0.41901009572513453
12867,CW,yaw_time_shift_ms,15.0,22.363965063070122,-1.3057849241905388,22.429456695795764,0.43491541744596807
12867,CW,yaw_time_shift_ms,15.5,22.377333692539217,-1.2925766829539953,22.442009379639135,0.4515134718541061
12867,CW,yaw_time_shift_ms,16.0,22.390595988163227,-1.2769913028627458,22.454329918508037,0.4689245915927191
12867,CW,yaw_time_shift_ms,16.5,22.40375434009129,-1.2590284069897961,22.466425814617466,0.48728337936968114
12867,CW,yaw_time_shift_ms,17.0,22.416811139139032,-1.2386876363543364,22.478305311493227,0.506733908987136
12867,CW,yaw_time_shift_ms,17.5,22.429795779232744,-1.2172894252257378,22.490067957594967,0.5269398173514855
12867,CW,yaw_time_shift_ms,18.0,22.44268298277816,-1.1935122902709736,22.501629298038075,0.5484596699511843
12867,CW,yaw_time_shift_ms,18.5,22.46182809022205,-1.1912932910806262,22.52060065438628,0.5667294957081338
12867,CW,yaw_time_shift_ms,19.0,22.480864937138676,-1.1867080869519442,22.539340408050855,0.5859305627475712
12867,CW,yaw_time_shift_ms,19.5,22.497447480026473,-1.1989574036376325,22.556525663930454,0.596371684532457
12867,CW,yaw_time_shift_ms,20.0,22.513898817021232,-1.2088416203374663,22.57345950055004,0.6080509576526129
12868,CW,gyro_bias_dps,-0.3,23.78070154748375,16.239939573788867,28.98362360758,21.358275097468013
12868,CW,gyro_bias_dps,-0.295,23.725158666120116,15.883875949683397,28.737404931170726,20.998538568191496
12868,CW,gyro_bias_dps,-0.29,23.668057389384035,15.528225628533495,28.492646564860234,20.638922571930454
12868,CW,gyro_bias_dps,-0.285,23.60939981000515,15.172995075562984,28.24938247290921,20.279427476422978
12868,CW,gyro_bias_dps,-0.27999999999999997,23.549188047546135,14.818190745991206,28.007647564953537,19.920053649422943
12868,CW,gyro_bias_dps,-0.27499999999999997,23.4874242483535,14.463819084926069,27.76747771840541,19.560801458699395
12868,CW,gyro_bias_dps,-0.27,23.424110585512427,14.109886527247772,27.528909800775683,19.20167127202943
12868,CW,gyro_bias_dps,-0.265,23.359249258795625,13.75639949750149,27.29198169184189,18.84266345719723
12868,CW,gyro_bias_dps,-0.26,23.292842494617297,13.403364409785615,27.05673230557899,18.48377838199068
12868,CW,gyro_bias_dps,-0.255,23.22489254598952,13.050787667638621,26.823201611759792,18.12501641419634
12868,CW,gyro_bias_dps,-0.25,23.15540169246042,12.698675663933045,26.59143065710923,17.766377921597527
12868,CW,gyro_bias_dps,-0.245,23.08437224007705,12.347034780761636,26.36146158592782,17.407863271970133
12868,CW,gyro_bias_dps,-0.24,23.011806521328868,11.995871389326146,26.133337660030815,17.049472833076635
12868,CW,gyro_bias_dps,-0.235,22.937706895101815,11.645191849833463,25.907103277896685,16.691206972669576
12868,CW,gyro_bias_dps,-0.22999999999999998,22.862075746618892,11.295002511379687,25.682803992847155,16.333066058479133
12868,CW,gyro_bias_dps,-0.22499999999999998,22.78491548739878,10.945309711845937,25.46048653014471,15.97505045821804
12868,CW,gyro_bias_dps,-0.21999999999999997,22.70622855519871,10.596119777782462,25.240198802791866,15.6171605395696
12868,CW,gyro_bias_dps,-0.21499999999999997,22.626017413960767,10.247439024310108,25.021989925882863,15.25939667019427
12868,CW,gyro_bias_dps,-0.21,22.544284553763283,9.89927375499958,24.805910229293374,14.901759217714888
12868,CW,gyro_bias_dps,-0.205,22.46103249076632,9.551630261773653,24.59201126850655,14.544248549723758
12868,CW,gyro_bias_dps,-0.19999999999999998,22.376263767155045,9.204514824793534,24.380345833340197,14.186865033772952
12868,CW,gyro_bias_dps,-0.195,22.28998095108925,8.857933712349165,24.170967954348903,13.829609037369698
12868,CW,gyro_bias_dps,-0.19,22.202186636646296,8.511893180759875,23.963932906640586,13.472480927980374
12868,CW,gyro_bias_dps,-0.185,22.112883443769284,8.166399474255025,23.759297210838103,13.115481073016792
12868,CW,gyro_bias_dps,-0.18,22.022074018206695,7.8214588248806765,23.55711863090903,12.758609839843981
12868,CW,gyro_bias_dps,-0.175,21.929761031461247,7.4770774523773635,23.357456168565044,12.401867595763884
12868,CW,gyro_bias_dps,-0.16999999999999998,21.835947180731704,7.133261564088093,23.16037005392852,12.045254708025297
12868,CW,gyro_bias_dps,-0.16499999999999998,21.740635188855343,6.790017354841268,22.96592173213484,11.688771543809393
12868,CW,gyro_bias_dps,-0.15999999999999998,21.643827804250257,6.447351006851522,22.774173845554305,11.332418470233584
12868,CW,gyro_bias_dps,-0.155,21.54552780086151,6.105268689607522,22.585190211286267,10.976195854342514
12868,CW,gyro_bias_dps,-0.15,21.445737978097576,5.76377655977451,22.399035793576452,10.620104063111166
12868,CW,gyro_bias_dps,-0.145,21.344461160776653,5.422880761079034,22.215776670812723,10.26414346343287
12868,CW,gyro_bias_dps,-0.13999999999999999,21.241700199064304,5.082587424213761,22.035479996739987,9.908314422124887
12868,CW,gyro_bias_dps,-0.13499999999999998,21.137457968414516,4.74290266672291,21.858213955540407,9.552617305915206
12868,CW,gyro_bias_dps,-0.12999999999999998,21.03173736951403,4.403832592906736,21.684047710440197,9.197052481449292
12868,CW,gyro_bias_dps,-0.12499999999999997,20.924541328214946,4.0653832937129435,21.51305134547914,8.841620315280107
12868,CW,gyro_bias_dps,-0.12,20.81587279547898,3.727560846632798,21.345295800141834,8.48632117386651
12868,CW,gyro_bias_dps,-0.11499999999999999,20.70573474731616,3.3903713155947,21.180852796520963,8.131155423567002
12868,CW,gyro_bias_dps,-0.10999999999999999,20.594130184720917,3.0538207508681126,21.019794758729866,7.7761234306424125
12868,CW,gyro_bias_dps,-0.10499999999999998,20.48106213361293,2.7179151889518836,20.862194724309113,7.421225561245974
12868,CW,gyro_bias_dps,-0.09999999999999998,20.36653364476997,2.3826606524795695,20.70812624739176,7.066462181424835
12868,CW,gyro_bias_dps,-0.09499999999999997,20.250547793771624,2.048063150106998,20.557663293463307,6.711833657110834
12868,CW,gyro_bias_dps,-0.09,20.133107680930152,1.7141286764222172,20.410880125559324,6.357340354125649
12868,CW,gyro_bias_dps,-0.08499999999999999,20.01421643123181,1.3808632118304445,20.267851181839802,6.002982638167439
12868,CW,gyro_bias_dps,-0.07999999999999999,19.893877194267294,1.0482727224635027,20.128650944510635,5.648760874815577
12868,CW,gyro_bias_dps,-0.07499999999999998,19.772093144170935,0.7163631600702729,19.99335380015812,5.294675429521281
12868,CW,gyro_bias_dps,-0.06999999999999998,19.648867479556476,0.38514046192135537,19.86203389161855,4.940726667609532
12868,CW,gyro_bias_dps,-0.06499999999999997,19.524203423448192,0.05461055070204566,19.73476496159609,4.586914954269048
12868,CW,gyro_bias_dps,-0.06,19.398104223218162,-0.27522066558065034,19.611620188342002,4.233240654556619
12868,CW,gyro_bias_dps,-0.05499999999999999,19.270573150517816,-0.6043472937063825,19.49267201378582,3.8797041333855544
12868,CW,gyro_bias_dps,-0.04999999999999999,19.141613501213214,-0.9327634553344865,19.37799196462694,3.5263057555294393
12868,CW,gyro_bias_dps,-0.044999999999999984,19.011228595317288,-1.2604632871089052,19.267650466985987,3.1730458856134462
12868,CW,gyro_bias_dps,-0.03999999999999998,18.879421776921276,-1.5874409407540953,19.161716655329183,2.8199248881137478
12868,CW,gyro_bias_dps,-0.034999999999999976,18.746196414129304,-1.9136905831770945,19.06025817648947,2.4669431273523195
12868,CW,gyro_bias_dps,-0.02999999999999997,18.6115558989889,-2.239206396562281,18.963340989702733,2.1141009674967046
12868,CW,gyro_bias_dps,-0.024999999999999967,18.475503647418577,-2.563982578476555,18.871029163693922,1.761398772548876
12868,CW,gyro_bias_dps,-0.019999999999999962,18.338043099147832,-2.8880133419580263,18.783384671953236,1.4088369063541337
12868,CW,gyro_bias_dps,-0.014999999999999958,18.199177717636665,-3.2112929156230736,18.700467187400857,1.05641573258509
12868,CW,gyro_bias_dps,-0.010000000000000009,18.058910990015715,-3.533815543759681,18.62233387778412,0.7041356147457342
12868,CW,gyro_bias_dps,-0.0050000000000000044,17.917246427009967,-3.855575486423959,18.54903920315203,0.35199691616652484
12868,CW,gyro_bias_dps,0.0,17.774187562867336,-4.176567019537652,18.480634716873645,0.0
12868,CW,gyro_bias_dps,0.0050000000000000044,17.629737955292512,-4.49678443498824,18.417168871682325,0.35185477078368055
12868,CW,gyro_bias_dps,0.010000000000000009,17.483901185372723,-4.816222040720993,18.358686832249283,0.7035670333975458
12868,CW,gyro_bias_dps,0.015000000000000013,17.336680857502664,-5.134874160835397,18.305230295813814,1.0551364252429478
12868,CW,gyro_bias_dps,0.020000000000000018,17.18808059932162,-5.4527351356824285,18.25683732239659,1.4065625839105511
12868,CW,gyro_bias_dps,0.025000000000000022,17.0381040616277,-5.769799321958897,18.213542176037777,1.7578451471881134
12868,CW,gyro_bias_dps,0.030000000000000027,16.886754918316342,-6.0860610928071655,18.17537517853231,2.108983753063764
12868,CW,gyro_bias_dps,0.03500000000000003,16.734036866301086,-6.401514837899606,18.142362576962036,2.459978039722138
12868,CW,gyro_bias_dps,0.040000000000000036,16.579953625438748,-6.71615496354085,18.114526426308764,2.8108276455552748
12868,CW,gyro_bias_dps,0.04500000000000004,16.424508938462033,-7.0299758927634795,18.09188448827228,3.1615322091654527
12868,CW,gyro_bias_dps,0.050000000000000044,16.26770657089628,-7.342972065415756,18.074450147267747,3.512091369365692
12868,CW,gyro_bias_dps,0.05499999999999999,16.10955031098872,-7.6551379382554385,18.062232344473454,3.862504765182684
12868,CW,gyro_bias_dps,0.06,15.950043969635681,-7.966467985049621,18.055235530585673,4.212772035864939
12868,CW,gyro_bias_dps,0.065,15.789191380300712,-8.276956696660069,18.053459637757843,4.562892820881666
12868,CW,gyro_bias_dps,0.07,15.626996398943948,-8.586598581138537,18.056900071051043,4.9128667599274065
12868,CW,gyro_bias_dps,0.07500000000000001,15.4634629039414,-8.895388163820655,18.065547719475653,5.2626934929282045
12868,CW,gyro_bias_dps,0.08000000000000002,15.298594796013026,-9.20331998741401,18.079388986546693,5.612372660039674
12868,CW,gyro_bias_dps,0.08500000000000002,15.132395998138055,-9.51038861209032,18.098405840047487,5.961903901654773
12868,CW,gyro_bias_dps,0.09000000000000002,14.964870455486539,-9.8165886155811,18.122575880547135,6.311286858406744
12868,CW,gyro_bias_dps,0.09500000000000003,14.796022135332327,-10.12191459326225,18.15187242797093,6.660521171171618
12868,CW,gyro_bias_dps,0.10000000000000003,14.62585502698273,-10.426361158247015,18.186264625427384,7.0096064810698575
12868,CW,gyro_bias_dps,0.10500000000000004,14.454373141692418,-10.729922941476957,18.225717559273413,7.3585424294743795
12868,CW,gyro_bias_dps,0.11000000000000004,14.281580512589835,-11.032594591807527,18.270192394304633,7.7073286580075075
12868,CW,gyro_bias_dps,0.11500000000000005,14.107481194595902,-11.334370776105834,18.31964652281547,8.05596480855285
12868,CW,gyro_bias_dps,0.12,13.932079264341747,-11.635246179328874,18.374033726167387,8.404450523250333
12868,CW,gyro_bias_dps,0.125,13.755378820094393,-11.935215504621443,18.433304347460993,8.752785444504978
12868,CW,gyro_bias_dps,0.13,13.577383981667618,-12.234273473397433,18.497405473794295,9.10096921498819
12868,CW,gyro_bias_dps,0.135,13.398098890350616,-12.532414825431044,18.56628112661837,9.449001477639687
12868,CW,gyro_bias_dps,0.14,13.217527708818261,-12.829634318949696,18.639872458632716,9.796881875679631
12868,CW,gyro_bias_dps,0.14500000000000002,13.03567462105541,-13.125926730705293,18.718117955694698,10.144610052594869
12868,CW,gyro_bias_dps,0.15000000000000002,12.852543832270545,-13.42128685608061,18.800953642266226,10.492185652161997
12868,CW,gyro_bias_dps,0.15500000000000003,12.668139568818741,-13.715709509161423,18.88831328890536,10.839608318435397
12868,CW,gyro_bias_dps,0.16000000000000003,12.482466078112612,-14.009189522829605,18.980128620428363,11.186877695759751
12868,CW,gyro_bias_dps,0.16500000000000004,12.29552762854271,-14.30172174884449,19.076329523411125,11.533993428768195
12868,CW,gyro_bias_dps,0.17000000000000004,12.107328509394643,-14.593301057935752,19.176844251792723,11.880955162391745
12868,CW,gyro_bias_dps,0.17500000000000004,11.917873030763053,-14.883922339878325,19.281599629418285,12.22776254185505
12868,CW,gyro_bias_dps,0.18,11.727165523471466,-15.173580503584128,19.390521248502303,12.574415212684139
12868,CW,gyro_bias_dps,0.185,11.535210338981846,-15.462270477184052,19.50353366304362,12.920912820710612
12868,CW,gyro_bias_dps,0.19,11.342011849314304,-15.74998720811161,19.620560576379507,13.267255012072537
12868,CW,gyro_bias_dps,0.195,11.14757444696204,-16.036725663189337,19.741525022148643,13.613441433220519
12868,CW,gyro_bias_dps,0.2,10.951902544802374,-16.322480828705228,19.866349538036456,13.959471730916738
12868,CW,gyro_bias_dps,0.20500000000000002,10.75500057601505,-16.60724771050401,19.994956331822912,14.305345552243745
12868,CW,gyro_bias_dps,0.21000000000000002,10.556872993991828,-16.891021334064316,20.127267439289607,14.65106254460545
12868,CW,gyro_bias_dps,0.21500000000000002,10.35752427225491,-17.17379674458051,20.26320487370642,14.996622355727865
12868,CW,gyro_bias_dps,0.22000000000000003,10.15695890436641,-17.45556900704621,20.402690766664026,15.342024633665856
12868,CW,gyro_bias_dps,0.22500000000000003,9.955181403840857,-17.73633320633569,20.545647500127753,15.687269026806716
12868,CW,gyro_bias_dps,0.23000000000000004,9.752196304062318,-18.01608444728322,20.691997829657094,16.03235518387046
12868,CW,gyro_bias_dps,0.23500000000000004,9.54800815818935,-18.29481785476321,20.841664998804035,16.37728275391557
12868,CW,gyro_bias_dps,0.24000000000000005,9.342621539073866,-18.572528573775493,20.994572844791396,16.722051386344077
12868,CW,gyro_bias_dps,0.24500000000000005,9.136041039168822,-18.849211769516398,21.15064589557803,17.06666073089912
12868,CW,gyro_bias_dps,0.25000000000000006,8.928271270440337,-19.124862627466417,21.30980945853616,17.41111043767489
12868,CW,gyro_bias_dps,0.25500000000000006,8.71931686427863,-19.399476353462443,21.47198970094047,17.755400157114455
12868,CW,gyro_bias_dps,0.26000000000000006,8.509182471406485,-19.673048173781844,21.637113722559764,18.09952954001857
12868,CW,gyro_bias_dps,0.26500000000000007,8.297872761796157,-19.945573335217397,21.805109620633207,18.44349823754323
12868,CW,gyro_bias_dps,0.2700000000000001,8.085392424569932,-20.21704710515536,21.97590654755211,18.787305901207766
12868,CW,gyro_bias_dps,0.2750000000000001,7.871746167916444,-20.487464771653755,22.149434761593415,19.13095218289557
12868,CW,gyro_bias_dps,0.27999999999999997,7.656938718998594,-20.75682164351789,22.325625671047653,19.474436734857044
12868,CW,gyro_bias_dps,0.285,7.440974823860552,-21.02511305038113,22.504411872104445,19.81775920971753
12868,CW,gyro_bias_dps,0.29,7.2238592473386,-21.29233434277494,22.68572718085033,20.160919260473907
12868,CW,gyro_bias_dps,0.295,7.005596772968374,-21.558480892206774,22.86950665975617,20.50391654050086
12868,CW,gyro_bias_dps,0.3,6.786192202894517,-21.823548091241594,23.055686639011927,20.846750703558058
12868,CW,gyro_gain_pct,-0.5,21.113581217128512,4.800181880152661,21.857077796358872,9.625705441442589
12868,CW,gyro_gain_pct,-0.49,21.061322387474455,4.611365470249962,21.765042739886447,9.429227592158071
12868,CW,gyro_gain_pct,-0.48,21.00844468107698,4.422897479106735,21.67388556676174,9.23290877641827
12868,CW,gyro_gain_pct,-0.47,20.95494964202744,4.23477988457073,21.583614015447804,9.036749167257321
12868,CW,gyro_gain_pct,-0.46,20.90083882077092,4.047014658121031,21.49423584918328,8.840748937627955
12868,CW,gyro_gain_pct,-0.45,20.846113774074958,3.859603764855592,21.40575885327522,8.64490826040575
12868,CW,gyro_gain_pct,-0.44,20.790776065010096,3.6725491634654532,21.318190832289076,8.44922730838514
12868,CW,gyro_gain_pct,-0.43,20.734827262919385,3.4858528062183836,21.231539607118485,8.253706254279853
12868,CW,gyro_gain_pct,-0.42,20.678268943392347,3.2995166389339943,21.145813011945737,8.05834527071685
12868,CW,gyro_gain_pct,-0.41000000000000003,20.621102688245696,3.1135426009702085,21.061018891097298,7.863144530243801
12868,CW,gyro_gain_pct,-0.4,20.56333008548943,2.9279326251992304,20.97716509576975,7.668104205320692
12868,CW,gyro_gain_pct,-0.39,20.504952729307682,2.742688637985668,20.89425948065639,7.473224468319273
12868,CW,gyro_gain_pct,-0.38,20.445972220025602,2.5578125591748857,20.81230990044827,7.278505491526764
12868,CW,gyro_gain_pct,-0.37,20.386390164092745,2.373306302067408,20.731324206234486,7.083947447142228
12868,CW,gyro_gain_pct,-0.36,20.32620817404802,2.1891717733976406,20.65131024177164,6.889550507270444
12868,CW,gyro_gain_pct,-0.35,20.265427868499252,2.0054108733202383,20.57227583965589,6.695314843928145
12868,CW,gyro_gain_pct,-0.33999999999999997,20.20405087209349,1.8220254953876178,20.4942288173719,6.501240629038589
12868,CW,gyro_gain_pct,-0.32999999999999996,20.14207881549371,1.6390175265331663,20.41717697323757,6.307328034433305
12868,CW,gyro_gain_pct,-0.32,20.079513335351567,1.4563888470452184,20.34112808223394,6.113577231844416
12868,CW,gyro_gain_pct,-0.31,20.016356074278725,1.2741413305614515,20.26608989172782,5.91998839291455
12868,CW,gyro_gain_pct,-0.3,19.952608680825414,1.0922768440369168,20.192070117091962,5.726561689185885
12868,CW,gyro_gain_pct,-0.29000000000000004,19.88827280944838,0.9107972477303292,20.119076437211874,5.533297292100873
12868,CW,gyro_gain_pct,-0.28,19.823350120487543,0.7297043951888782,20.04711648990024,5.340195373005819
12868,CW,gyro_gain_pct,-0.27,19.75784228013938,0.549000133223501,19.976197867208025,5.147256103143722
12868,CW,gyro_gain_pct,-0.26,19.691750960430067,0.3686863018958775,19.906328110640008,4.954479653658422
12868,CW,gyro_gain_pct,-0.25,19.625077839187156,0.1887647344962488,19.837514706275435,4.761866195588448
12868,CW,gyro_gain_pct,-0.24,19.557824600014918,0.009237257528138799,19.769765079806024,4.569415899870046
12868,CW,gyro_gain_pct,-0.22999999999999998,19.489992932265135,-0.16989430931220112,19.703086591482457,4.377128937332517
12868,CW,gyro_gain_pct,-0.21999999999999997,19.42158453101597,-0.34862815315191253,19.63748653099081,4.185005478700928
12868,CW,gyro_gain_pct,-0.21000000000000002,19.35260109703636,-0.5269624679599019,19.572972112238133,3.99304569459137
12868,CW,gyro_gain_pct,-0.2,19.283044336765624,-0.7048954545658376,19.509550468084708,3.801249755510723
12868,CW,gyro_gain_pct,-0.19,19.212915962284136,-0.8824253206739854,19.44722864500134,3.6096178318587433
12868,CW,gyro_gain_pct,-0.18,19.14221769128587,-1.0595502808883566,19.386013597671365,3.4181500939193104
12868,CW,gyro_gain_pct,-0.16999999999999998,19.070951247052427,-1.2362685567214498,19.325912183540954,3.226846711867956
12868,CW,gyro_gain_pct,-0.15999999999999998,18.99911835842577,-1.4125783766149311,19.266931157322627,3.03570785576754
12868,CW,gyro_gain_pct,-0.14999999999999997,18.92672075977807,-1.5884779759607341,19.209077165457668,2.8447336955621467
12868,CW,gyro_gain_pct,-0.14,18.85376019099117,-1.7639655971114052,19.152356740554914,2.653924401085561
12868,CW,gyro_gain_pct,-0.13,18.780238397420202,-1.9390394894030465,19.09677629579184,2.4632801420503507
12868,CW,gyro_gain_pct,-0.12,18.706157129873645,-2.113697909169673,19.04234211931379,2.2728010880523093
12868,CW,gyro_gain_pct,-0.10999999999999999,18.631518144582355,-2.2879391197577887,18.989060368615334,2.082487408569973
12868,CW,gyro_gain_pct,-0.09999999999999998,18.55632320317202,-2.4617613915492145,18.936937064925274,1.8923392729581268
12868,CW,gyro_gain_pct,-0.08999999999999997,18.480574072637204,-2.6351630019699313,18.88597808760153,1.7023568504534967
12868,CW,gyro_gain_pct,-0.08000000000000002,18.40427252531372,-2.808142235511332,18.836189168543108,1.5125403101705073
12868,CW,gyro_gain_pct,-0.07,18.327420338848448,-2.9806973837490434,18.787575886627515,1.322889821095813
12868,CW,gyro_gain_pct,-0.06,18.2500192961729,-3.15282674535365,18.74014366218648,1.133405552093331
12868,CW,gyro_gain_pct,-0.04999999999999999,18.172071185478625,-3.324528626107701,18.69389775153034,0.9440876719034538
12868,CW,gyro_gain_pct,-0.03999999999999998,18.093577800184335,-3.495801338924889,18.648843241522187,0.7549363491369646
12868,CW,gyro_gain_pct,-0.02999999999999997,18.014540938912045,-3.6666432038669656,18.60498504422465,0.5659517522747602
12868,CW,gyro_gain_pct,-0.020000000000000018,17.934962405453824,-3.8370525481520756,18.562327891612526,0.37713404967118924
12868,CW,gyro_gain_pct,-0.010000000000000009,17.854844008753638,-4.007027706179656,18.52087633038899,0.18848340954893433
12868,CW,gyro_gain_pct,0.0,17.774187562867336,-4.176567019537652,18.480634716873645,0.0
12868,CW,gyro_gain_pct,0.010000000000000009,17.692994886943506,-4.345668837026312,18.44160721201945,0.18831601101845935
12868,CW,gyro_gain_pct,0.020000000000000018,17.611267805192938,-4.514331514668811,18.403797776533604,0.3764644556826355
12868,CW,gyro_gain_pct,0.030000000000000027,17.529008146858907,-4.682553415725147,18.367210166124543,0.5644451663023299
12868,CW,gyro_gain_pct,0.040000000000000036,17.446217746189383,-4.85033291071287,18.331847926891154,0.7522579753267953
12868,CW,gyro_gain_pct,0.050000000000000044,17.362898442410255,-5.017668377415726,18.29771439085457,0.9399027153396458
12868,CW,gyro_gain_pct,0.06000000000000005,17.279052079697273,-5.18455820090154,18.264812671648215,1.1273792190623
12868,CW,gyro_gain_pct,0.07000000000000006,17.194680507144405,-5.351000773540386,18.233145660369978,1.314687319359613
12868,CW,gyro_gain_pct,0.07999999999999996,17.109785578739206,-5.516994495016263,18.202716021615128,1.5018268492365374
12868,CW,gyro_gain_pct,0.08999999999999997,17.0243691533346,-5.682537772338174,18.173526189688932,1.688797641836325
12868,CW,gyro_gain_pct,0.09999999999999998,16.938433094614833,-5.84762901986046,18.14557836501098,1.87559953044864
12868,CW,gyro_gain_pct,0.10999999999999999,16.851979271076083,-6.012266659296313,18.118874510730844,2.0622323485064356
12868,CW,gyro_gain_pct,0.12,16.765009555988694,-6.176449119728909,18.09341634953824,2.248695929587896
12868,CW,gyro_gain_pct,0.13,16.677525827374506,-6.34017483762841,18.069205360704757,2.4349901074177143
12868,CW,gyro_gain_pct,0.14,16.589529967976933,-6.503442256866231,18.04624277734381,2.621114715868622
12868,CW,gyro_gain_pct,0.15000000000000002,16.501023865232536,-6.666249828726836,18.024529583902545,2.807069588960763
12868,CW,gyro_gain_pct,0.16000000000000003,16.41200941123725,-6.8285960119223885,18.00406651388857,2.9928545608656507
12868,CW,gyro_gain_pct,0.17000000000000004,16.32248850273013,-6.990479272609321,17.98485404785745,3.1784694659039223
12868,CW,gyro_gain_pct,0.18000000000000005,16.23246304104839,-7.15189808439859,17.966892411621114,3.3639141385512223
12868,CW,gyro_gain_pct,0.19000000000000006,16.141934932112484,-7.312850928370073,17.950181574739972,3.549188413433044
12868,CW,gyro_gain_pct,0.20000000000000007,16.050906086388544,-7.473336293086959,17.93472124925263,3.73429212533141
12868,CW,gyro_gain_pct,0.20999999999999996,15.959378418864912,-7.633352674607806,17.92051088868024,3.919225109181824
12868,CW,gyro_gain_pct,0.21999999999999997,15.867353849017537,-7.7928985765015,17.907549687286654,4.103987200078633
12868,CW,gyro_gain_pct,0.22999999999999998,15.774834300787688,-7.951972509859479,17.895836579617857,4.288578233272532
12868,CW,gyro_gain_pct,0.24,15.681821702548064,-8.110572993308187,17.885370240297622,4.472998044172915
12868,CW,gyro_gain_pct,0.25,15.588317987074584,-8.268698553021455,17.876149084102877,4.657246468348645
12868,CW,gyro_gain_pct,0.26,15.494325091519045,-8.426347722736978,17.868171266309115,4.841323341531557
12868,CW,gyro_gain_pct,0.27,15.399844957380243,-8.583519043764534,17.861434683303557,5.0252284996127425
12868,CW,gyro_gain_pct,0.28,15.304879530470725,-8.740211065000608,17.85593697346715,5.2089617786489155
12868,CW,gyro_gain_pct,0.29000000000000004,15.209430760891996,-8.896422342939308,17.851675518330637,5.392523014858339
12868,CW,gyro_gain_pct,0.30000000000000004,15.113500603004217,-9.052151441689706,17.848647443994754,5.575912044628116
12868,CW,gyro_gain_pct,0.31000000000000005,15.017091015394453,-9.207396932981567,17.84684962280848,5.75912870451017
12868,CW,gyro_gain_pct,0.32000000000000006,14.920203960854087,-9.362157396180908,17.846278675318402,5.942172831222347
12868,CW,gyro_gain_pct,0.33000000000000007,14.822841406339899,-9.51643141830192,17.84693097246008,6.125044261653917
12868,CW,gyro_gain_pct,0.33999999999999997,14.725005322950755,-9.670217594017823,17.848802638012124,6.307742832862975
12868,CW,gyro_gain_pct,0.35,14.626697685900876,-9.823514525674408,17.851889551295635,6.4902683820776925
12868,CW,gyro_gain_pct,0.36,14.527920474481585,-9.976320823298886,17.856187350101546,6.672620746699095
12868,CW,gyro_gain_pct,0.37,14.42867567204064,-10.128635104615853,17.86169143387201,6.854799764302238
12868,CW,gyro_gain_pct,0.38,14.328965265948842,-10.280455995052796,17.868396967089314,7.036805272633123
12868,CW,gyro_gain_pct,0.39,14.228791247568097,-10.431782127756662,17.876298882895746,7.21863710961652
12868,CW,gyro_gain_pct,0.4,14.128155612228056,-10.582612143603933,17.885391886926534,7.400295113352337
12868,CW,gyro_gain_pct,0.41000000000000003,14.027060359191433,-10.732944691210445,17.89567046133834,7.581779122118174
12868,CW,gyro_gain_pct,0.42000000000000004,13.925507491625899,-10.882778426940217,17.9071288690367,7.763088974368022
12868,CW,gyro_gain_pct,0.43000000000000005,13.823499016577353,-11.032112014923758,17.91976115809786,7.944224508738268
12868,CW,gyro_gain_pct,0.44000000000000006,13.721036944933644,-11.180944127061219,17.93356116634954,8.125185564045282
12868,CW,gyro_gain_pct,0.45000000000000007,13.618123291400547,-11.329273443037119,17.948522526137,8.305971979287223
12868,CW,gyro_gain_pct,0.45999999999999996,13.514760074471656,-11.477098650329992,17.96463866923754,8.486583593644733
12868,CW,gyro_gain_pct,0.47,13.410949316395318,-11.624418444221567,17.98190283192118,8.66702024648237
12868,CW,gyro_gain_pct,0.48,13.306693043149403,-11.771231527809869,18.000308060156733,8.847281777349872
12868,CW,gyro_gain_pct,0.49,13.201993284406921,-11.917536612017159,18.01984721493355,9.027368025983533
12868,CW,gyro_gain_pct,0.5,13.096852073508307,-12.063332415599529,18.040512977707625,9.207278832305796
12868,CW,wheel_relative_pct,-2.0,17.826053302377137,-4.165609922993815,18.528187791257427,0.0530738866507329
12868,CW,wheel_relative_pct,-1.95,17.82475665888912,-4.165883850407295,18.5269985989485,0.05174703948427455
12868,CW,wheel_relative_pct,-1.9,17.823460015401565,-4.16615777782099,18.525809425335268,0.050420192318146415
12868,CW,wheel_relative_pct,-1.85,17.82216337191403,-4.166431705234641,18.524620270420908,0.04909334515206975
12868,CW,wheel_relative_pct,-1.8,17.82086672842606,-4.166705632648325,18.523431134208632,0.04776649798558243
12868,CW,wheel_relative_pct,-1.75,17.819570084938345,-4.166979560061042,18.522242016702496,0.046439650819546804
12868,CW,wheel_relative_pct,-1.7,17.818273441450447,-4.167253487475341,18.52105291790616,0.04511280365295771
12868,CW,wheel_relative_pct,-1.65,17.816976797963072,-4.167527414888923,18.51986383782347,0.043785956487052594
12868,CW,wheel_relative_pct,-1.6,17.815680154474876,-4.167801342303028,18.518674776457033,0.042459109320252465
12868,CW,wheel_relative_pct,-1.55,17.81438351098734,-4.168075269716678,18.517485733811725,0.04113226215420878
12868,CW,wheel_relative_pct,-1.5,17.813086867499305,-4.168349197129919,18.51629670988967,0.03980541498770398
12868,CW,wheel_relative_pct,-1.45,17.811790224011723,-4.168623124543148,18.51510770469593,0.03847856782163533
12868,CW,wheel_relative_pct,-1.4,17.8104935805241,-4.168897051956298,18.513918718233253,0.037151720655565365
12868,CW,wheel_relative_pct,-1.35,17.809196937036518,-4.169170979370131,18.512729750506104,0.035824873489451
12868,CW,wheel_relative_pct,-1.2999999999999998,17.807900293548528,-4.169444906784361,18.511540801516762,0.03449802632280014
12868,CW,wheel_relative_pct,-1.25,17.80660365006122,-4.169718834197556,18.5103518712702,0.033171179157025533
12868,CW,wheel_relative_pct,-1.2,17.80530700657298,-4.16999276161115,18.509162959768577,0.03184433199028461
12868,CW,wheel_relative_pct,-1.15,17.80401036308542,-4.170266689024913,18.50797406701702,0.03051748482414823
12868,CW,wheel_relative_pct,-1.1,17.80271371959798,-4.170540616438655,18.506785193018512,0.02919063765817303
12868,CW,wheel_relative_pct,-1.0499999999999998,17.801417076110237,-4.170814543852953,18.50559633777654,0.02786379049171974
12868,CW,wheel_relative_pct,-1.0,17.800120432622066,-4.171088471265648,18.504407501293823,0.02653694332523421
12868,CW,wheel_relative_pct,-0.95,17.79882378913444,-4.1713623986793325,18.503218683575714,0.025210096159082943
12868,CW,wheel_relative_pct,-0.8999999999999999,17.797527145646406,-4.17163632609329,18.502029884624935,0.02388324899248307
12868,CW,wheel_relative_pct,-0.8499999999999999,17.796230502158846,-4.1719102535057235,18.500841104445087,0.02255640182658993
12868,CW,wheel_relative_pct,-0.7999999999999998,17.79493385867115,-4.172184180919783,18.49965234304028,0.021229554660262797
12868,CW,wheel_relative_pct,-0.75,17.793637215183388,-4.172458108333319,18.498463600413565,0.019902707493992977
12868,CW,wheel_relative_pct,-0.7,17.792340571695444,-4.172732035747368,18.49727487656872,0.01857586032745598
12868,CW,wheel_relative_pct,-0.6499999999999999,17.791043928207976,-4.173005963160358,18.49608617150957,0.017249013161547998
12868,CW,wheel_relative_pct,-0.5999999999999999,17.789747284720374,-4.173279890574588,18.49489748523986,0.015922165995315533
12868,CW,wheel_relative_pct,-0.5499999999999998,17.788450641232725,-4.1735538179875675,18.493708817762492,0.014595318829219973
12868,CW,wheel_relative_pct,-0.5,17.787153997744348,-4.173827745401366,18.492520169081118,0.013268471662319143
12868,CW,wheel_relative_pct,-0.44999999999999996,17.785857354257267,-4.174101672815516,18.491331539201017,0.011941624496581434
12868,CW,wheel_relative_pct,-0.3999999999999999,17.784560710769075,-4.17437560022978,18.490142928123582,0.010614777329736478
12868,CW,wheel_relative_pct,-0.34999999999999987,17.783264067281586,-4.174649527642498,18.48895433585368,0.009287930163848978
12868,CW,wheel_relative_pct,-0.2999999999999998,17.781967423793752,-4.174923455056103,18.48776576239479,0.007961082997556
12868,CW,wheel_relative_pct,-0.25,17.78067078030606,-4.175197382470435,18.48657720775055,0.006634235831164528
12868,CW,wheel_relative_pct,-0.19999999999999996,17.77937413681841,-4.1754713098842675,18.48538867192448,0.0053073886649091465
12868,CW,wheel_relative_pct,-0.1499999999999999,17.778077493330194,-4.175745237297031,18.48420015491937,0.00398054149842333
12868,CW,wheel_relative_pct,-0.09999999999999987,17.776780849842908,-4.176019164709271,18.48301165674043,0.0026536943328513397
12868,CW,wheel_relative_pct,-0.04999999999999982,17.77548420635487,-4.176293092124195,18.481823177390606,0.0013268471660104328
12868,CW,wheel_relative_pct,0.0,17.774187562867336,-4.176567019537652,18.480634716873645,0.0
12868,CW,wheel_relative_pct,0.050000000000000266,17.77289091937946,-4.176840946951552,18.4794462751926,0.0013268471664760538
12868,CW,wheel_relative_pct,0.10000000000000009,17.771594275891495,-4.177114874365236,18.47825785235158,0.0026536943329666996
12868,CW,wheel_relative_pct,0.1499999999999999,17.770297632404162,-4.177388801778784,18.477069448354673,0.003980541498812661
12868,CW,wheel_relative_pct,0.20000000000000018,17.76900098891597,-4.177662729191923,18.475881063203893,0.005307388665486808
12868,CW,wheel_relative_pct,0.25,17.767704345428434,-4.177936656606301,18.474692696905105,0.006634235831660575
12868,CW,wheel_relative_pct,0.30000000000000027,17.76640770194108,-4.178210584019962,18.473504349460825,0.007961082997594354
12868,CW,wheel_relative_pct,0.3500000000000001,17.765111058453158,-4.1784845114327025,18.47231602087397,0.009287930163810191
12868,CW,wheel_relative_pct,0.40000000000000036,17.763814414965235,-4.178758438847046,18.471127711149073,0.010614777330452775
12868,CW,wheel_relative_pct,0.4500000000000002,17.762517771477224,-4.179032366259742,18.469939420289503,0.011941624496795783
12868,CW,wheel_relative_pct,0.5,17.76122112798946,-4.179306293673551,18.468751148299113,0.013268471663115662
12868,CW,wheel_relative_pct,0.5500000000000003,17.75992448450163,-4.179580221087837,18.467562895181562,0.01459531882958425
12868,CW,wheel_relative_pct,0.6000000000000001,17.75862784101464,-4.179854148500965,18.466374660941174,0.015922165995016807
12868,CW,wheel_relative_pct,0.6500000000000004,17.757331197526106,-4.180128075914899,18.465186445579263,0.01724901316218166
12868,CW,wheel_relative_pct,0.7000000000000002,17.756034554038273,-4.180402003328413,18.463998249101788,0.01857586032846181
12868,CW,wheel_relative_pct,0.75,17.75473791055117,-4.180675930742245,18.46281007151218,0.01990270749413543
12868,CW,wheel_relative_pct,0.8000000000000003,17.753441267063227,-4.180949858155645,18.46162191281254,0.02122955466061168
12868,CW,wheel_relative_pct,0.8500000000000001,17.75214462357585,-4.181223785569648,18.460433773008372,0.02255640182658762
12868,CW,wheel_relative_pct,0.9000000000000004,17.75084798008779,-4.181497712982991,18.459245652101576,0.023883248993116928
12868,CW,wheel_relative_pct,0.9500000000000002,17.749551336600188,-4.181771640395823,18.458057550096996,0.025210096159092647
12868,CW,wheel_relative_pct,1.0,17.748254693112404,-4.182045567809223,18.456869466997937,0.026536943325360593
12868,CW,wheel_relative_pct,1.0500000000000003,17.74695804962471,-4.182319495223692,18.45568140280821,0.02786379049176724
12868,CW,wheel_relative_pct,1.1,17.74566140613672,-4.182593422636671,18.454493357530886,0.029190637658146806
12868,CW,wheel_relative_pct,1.1500000000000004,17.74436476264932,-4.182867350050435,18.45330533117074,0.03051748482410488
12868,CW,wheel_relative_pct,1.2000000000000002,17.7430681191614,-4.183141277464358,18.452117323730217,0.031844331990657546
12868,CW,wheel_relative_pct,1.25,17.741771475673524,-4.183415204878145,18.450929335213694,0.033171179157041604
12868,CW,wheel_relative_pct,1.3000000000000003,17.740474832185736,-4.183689132292386,18.449741365624618,0.0344980263235241
12868,CW,wheel_relative_pct,1.35,17.739178188697565,-4.183963059704956,18.44855341496597,0.03582487348994778
12868,CW,wheel_relative_pct,1.4000000000000004,17.73788154521044,-4.184236987118789,18.447365483243377,0.037151720655686477
12868,CW,wheel_relative_pct,1.4500000000000002,17.736584901722587,-4.184510914532439,18.44617757045857,0.038478567822062035
12868,CW,wheel_relative_pct,1.5,17.735288258235073,-4.1847848419461116,18.44498967661614,0.03980541498812955
12868,CW,wheel_relative_pct,1.5500000000000003,17.733991614746948,-4.185058769359671,18.44380180171885,0.041132262154773114
12868,CW,wheel_relative_pct,1.6,17.732694971259843,-4.1853326967730595,18.442613945771797,0.04245910932035358
12868,CW,wheel_relative_pct,1.6500000000000004,17.731398327770876,-4.185606624187142,18.4414261087763,0.043785956487928546
12868,CW,wheel_relative_pct,1.7000000000000002,17.730101684284044,-4.1858805516009285,18.44023829073945,0.045112803653359596
12868,CW,wheel_relative_pct,1.75,17.728805040795738,-4.186154479013771,18.439050491661284,0.04643965082004009
12868,CW,wheel_relative_pct,1.8000000000000003,17.727508397307723,-4.1864284064272965,18.437862711547844,0.047766497986576124
12868,CW,wheel_relative_pct,1.85,17.726211753820756,-4.186702333841822,18.436674950403134,0.049093345152259625
12868,CW,wheel_relative_pct,1.9000000000000004,17.724915110332972,-4.186976261255734,18.435487208229116,0.05042019231862226
12868,CW,wheel_relative_pct,1.9500000000000002,17.723618466845164,-4.187250188669077,18.434299485029797,0.051747039484926156
12868,CW,wheel_relative_pct,2.0,17.72232182335706,-4.187524116081681,18.43311178080891,0.0530738866513372
12868,CW,yaw_time_shift_ms,-20.0,17.50625393286789,-4.5199745886629445,18.307936253371906,0.44521340726333936
12868,CW,yaw_time_shift_ms,-19.5,17.510603205018562,-4.495662280976864,18.30600468425267,0.4235177837450623
12868,CW,yaw_time_shift_ms,-19.0,17.51496005465892,-4.468948936899085,18.303529117791964,0.40042652701818926
12868,CW,yaw_time_shift_ms,-18.5,17.516579799901546,-4.458427341973857,18.302203435543067,0.3910307109883705
12868,CW,yaw_time_shift_ms,-18.0,17.518178825433733,-4.445505286869218,18.300282333632133,0.3800508024263743
12868,CW,yaw_time_shift_ms,-17.5,17.52614013045129,-4.455945100460349,18.31035260021271,0.38185808658520365
12868,CW,yaw_time_shift_ms,-17.0,17.53406669916319,-4.46400479178202,18.319814103119175,0.3823485234817769
12868,CW,yaw_time_shift_ms,-16.5,17.541207194638126,-4.470587800301871,18.328200505827763,0.3824848379845271
12868,CW,yaw_time_shift_ms,-16.0,17.548320059364322,-4.474786587279493,18.335980711457992,0.381029246488513
12868,CW,yaw_time_shift_ms,-15.5,17.55540771608421,-4.476600740711535,18.343156041545377,0.37788054497441315
12868,CW,yaw_time_shift_ms,-15.0,17.562472587868818,-4.47602986655653,18.34972869360551,0.37295787626677346
12868,CW,yaw_time_shift_ms,-14.5,17.569517098063763,-4.4730735887224,18.35570174057999,0.36619782414810464
12868,CW,yaw_time_shift_ms,-14.0,17.57654367025259,-4.467731549069162,18.361079130697586,0.35755245039577965
12868,CW,yaw_time_shift_ms,-13.5,17.583554728221067,-4.460003407409215,18.36586568772659,0.34698826421043055
12868,CW,yaw_time_shift_ms,-13.0,17.590552695900147,-4.449888841500183,18.37006711158859,0.3344862137487734
12868,CW,yaw_time_shift_ms,-12.5,17.597539997335115,-4.437387547042681,18.37368997937152,0.3200429463710357
12868,CW,yaw_time_shift_ms,-12.0,17.604519056639674,-4.422499237685566,18.376741746695103,0.30367384705109585
12868,CW,yaw_time_shift_ms,-11.5,17.611492297951486,-4.405223645009835,18.37923074942836,0.2854188358268739
12868,CW,yaw_time_shift_ms,-11.0,17.61846214539073,-4.385560518536624,18.38116620575599,0.26535280288810575
12868,CW,yaw_time_shift_ms,-10.5,17.6251934402027,-4.363406607504885,18.382315974135057,0.24363239997673755
12868,CW,yaw_time_shift_ms,-10.0,17.631926851510684,-4.338863195941758,18.382933600556527,0.22046422234739727
12868,CW,yaw_time_shift_ms,-9.5,17.635048802344205,-4.321971577875843,18.3816636315287,0.20575388186672033
12868,CW,yaw_time_shift_ms,-9.0,17.638161414724276,-4.3026807067279265,18.379841168842077,0.18990820731765667
12868,CW,yaw_time_shift_ms,-8.5,17.646151712497613,-4.3154153666644675,18.39040043115797,0.19272644259156754
12868,CW,yaw_time_shift_ms,-8.0,17.654103898086078,-4.32576785147121,18.40037005260657,0.1948812159642837
12868,CW,yaw_time_shift_ms,-7.5,17.661767427673862,-4.334339761596891,18.409688373029596,0.19664499521833775
12868,CW,yaw_time_shift_ms,-7.0,17.66939853699255,-4.340527160638681,18.418416950037287,0.1971142344241988
12868,CW,yaw_time_shift_ms,-6.5,17.676999649435515,-4.34432961509624,18.426556403415223,0.19606712691169528
12868,CW,yaw_time_shift_ms,-6.0,17.68457318878948,-4.345746709441732,18.434108229284952,0.19333324093104023
12868,CW,yaw_time_shift_ms,-5.5,17.692121579184438,-4.344778046113083,18.441074799116958,0.18878076856601902
12868,CW,yaw_time_shift_ms,-5.0,17.69964724505426,-4.3414232455136474,18.447459359141224,0.18230693905971684
12868,CW,yaw_time_shift_ms,-4.5,17.707152611097467,-4.335681946011334,18.45326603013942,0.17383089995671902
12868,CW,yaw_time_shift_ms,-4.0,17.71464010222894,-4.327553803936678,18.458499807602823,0.16328845048947657
12868,CW,yaw_time_shift_ms,-3.5,17.72211214353872,-4.317038493576365,18.463166562263783,0.15062813956844612
12868,CW,yaw_time_shift_ms,-3.0,17.729571160256548,-4.304135707177283,18.467273040991756,0.13580836149644238
12868,CW,yaw_time_shift_ms,-2.5,17.737019577697218,-4.288845154939179,18.47082686801892,0.11879518028467798
12868,CW,yaw_time_shift_ms,-2.0,17.74445982122477,-4.271166565010981,18.47383654652113,0.09956068749555157
12868,CW,yaw_time_shift_ms,-1.5,17.751894316214408,-4.2510996834932255,18.476311460522325,0.07808175277100363
12868,CW,yaw_time_shift_ms,-1.0,17.759325487999924,-4.228644274429018,18.47826187709612,0.05433906524632676
12868,CW,yaw_time_shift_ms,-0.5,17.766755761838407,-4.203800119802883,18.479698948881744,0.028316392041992287
12868,CW,yaw_time_shift_ms,0.0,17.774187562867336,-4.176567019537652,18.480634716873645,0.0
12868,CW,yaw_time_shift_ms,0.5,17.78248832650006,-4.19196386747235,18.492052519486684,0.017644132733279177
12868,CW,yaw_time_shift_ms,1.0,17.790746749339313,-4.20497725317806,18.502898317465686,0.03320708649550815
12868,CW,yaw_time_shift_ms,1.5,17.79896525219751,-4.2156066839592885,18.51317024989902,0.046754809991534294
12868,CW,yaw_time_shift_ms,2.0,17.807146256435793,-4.223851685087993,18.522867335168577,0.05837183044306336
12868,CW,yaw_time_shift_ms,2.5,17.81529218392027,-4.229711799806466,18.531989468779706,0.06816730834942154
12868,CW,yaw_time_shift_ms,3.0,17.823405456983505,-4.233186589330603,18.54053742158016,0.07628309329170685
12868,CW,yaw_time_shift_ms,3.5,17.831488498375712,-4.234275632838171,18.54851283834599,0.08290420926597919
12868,CW,yaw_time_shift_ms,4.0,17.839543731226808,-4.2329785274796,18.55591823676111,0.08827193296476585
12868,CW,yaw_time_shift_ms,4.5,17.847573579002823,-4.229294888367576,18.562757006756616,0.09269883397473348
12868,CW,yaw_time_shift_ms,5.0,17.855580465463664,-4.223224348578242,18.56903341022339,0.09658340405149662
12868,CW,yaw_time_shift_ms,5.5,17.863566814616433,-4.214766559146597,18.5747525810782,0.10041891970605334
12868,CW,yaw_time_shift_ms,6.0,17.87153505068168,-4.203921189071195,18.579920525695552,0.10478763141322221
12868,CW,yaw_time_shift_ms,6.5,17.879487598039873,-4.190687925303314,18.584544123661242,0.11033024030550366
12868,CW,yaw_time_shift_ms,7.0,17.887426881197666,-4.175066472749324,18.58863112888017,0.11768705676186476
12868,CW,yaw_time_shift_ms,7.5,17.895355324742173,-4.157056554266239,18.59219017099325,0.12742308324462032
12868,CW,yaw_time_shift_ms,8.0,17.90327535329652,-4.136657910658334,18.59523075710474,0.13996473657013905
12868,CW,yaw_time_shift_ms,8.5,17.911093092097484,-4.114980002401046,18.598053537171484,0.1549964986864289
12868,CW,yaw_time_shift_ms,9.0,17.918906925004467,-4.090911785965625,18.600375913903896,0.1730131248876803
12868,CW,yaw_time_shift_ms,9.5,17.92931588938518,-4.097900820165012,18.61187412055153,0.17889568458288158
12868,CW,yaw_time_shift_ms,10.0,17.939696576280106,-4.1025097998112985,18.622822218051752,0.18635724542548288
12868,CW,yaw_time_shift_ms,10.5,17.94886017856238,-4.1153800184246165,18.634433188439747,0.19048074304541307
12868,CW,yaw_time_shift_ms,11.0,17.957979629959436,-4.125868456377669,18.6454818579349,0.1963786735907124
12868,CW,yaw_time_shift_ms,11.5,17.966682031207416,-4.133773522940293,18.655576076311306,0.2032865160179126
12868,CW,yaw_time_shift_ms,12.0,17.975346515501702,-4.139293220669378,18.66510761516636,0.21102157890688186
12868,CW,yaw_time_shift_ms,12.5,17.98397550474683,-4.142427105313265,18.67407740295625,0.2193141434688307
12868,CW,yaw_time_shift_ms,13.0,17.99257142130532,-4.143174750598109,18.682487238343427,0.22800327095072398
12868,CW,yaw_time_shift_ms,13.5,18.001136687948975,-4.141535748222782,18.690339789116234,0.23702142296731207
12868,CW,yaw_time_shift_ms,14.0,18.0096737278162,-4.137509707852848,18.697638591472998,0.24637915133357782
12868,CW,yaw_time_shift_ms,14.5,18.018184964373244,-4.131096257127399,18.704388049665152,0.2561512313339733
12868,CW,yaw_time_shift_ms,15.0,18.026672821370585,-4.122295041650602,18.710593435979508,0.2664642665859817
12868,CW,yaw_time_shift_ms,15.5,18.035139722795567,-4.111105724993706,18.716260891056777,0.2774852919283112
12868,CW,yaw_time_shift_ms,16.0,18.04358809283542,-4.0975279886886256,18.721397424547593,0.2894108722107885
12868,CW,yaw_time_shift_ms,16.5,18.05202035583352,-4.081561532231262,18.726010916081925,0.3024564067117839
12868,CW,yaw_time_shift_ms,17.0,18.06043893624519,-4.063206073069523,18.73011011654244,0.316845656719531
12868,CW,yaw_time_shift_ms,17.5,18.0684885284566,-4.043950031040379,18.733922398611554,0.3316747372351328
12868,CW,yaw_time_shift_ms,18.0,18.076529192669977,-4.0223023275714125,18.7372358239246,0.34818355207161217
12868,CW,yaw_time_shift_ms,18.5,18.088978242379948,-4.023116507143834,18.74934795781862,0.3590408957321336
12868,CW,yaw_time_shift_ms,19.0,18.10140518321855,-4.021553958413676,18.76093024296586,0.370982427153572
12868,CW,yaw_time_shift_ms,19.5,18.111407783727895,-4.035807904881461,18.77363475953255,0.3748060625705624
12868,CW,yaw_time_shift_ms,20.0,18.121366780803964,-4.047681545798843,18.785792908141282,0.38017016125409236
12869,CCW,gyro_bias_dps,-0.3,7.639630610552809,-18.042270548690826,19.84205603306396,17.112752250559318
12869,CCW,gyro_bias_dps,-0.295,7.707922118815304,-17.76913606179103,19.621959294535507,16.831424653134814
12869,CCW,gyro_bias_dps,-0.29,7.777448988415313,-17.49619757770351,19.404185867963015,16.54996943584595
12869,CCW,gyro_bias_dps,-0.285,7.848210725687773,-17.22346021245796,19.188820778874653,16.268386387231665
12869,CCW,gyro_bias_dps,-0.27999999999999997,7.920206816027121,-16.950929081240034,18.975952018708995,15.986675295858914
12869,CCW,gyro_bias_dps,-0.27499999999999997,7.993436723889363,-16.678609298306682,18.765670599948734,15.704835950324556
12869,CCW,gyro_bias_dps,-0.27,8.067899892792957,-16.40650597689691,18.558070604647284,15.422868139253731
12869,CCW,gyro_bias_dps,-0.265,8.143595745315292,-16.13462422915423,18.35324922515852,15.140771651310407
12869,CCW,gyro_bias_dps,-0.26,8.220523683091596,-15.86296916603377,18.151306795727418,14.858546275193435
12869,CCW,gyro_bias_dps,-0.255,8.298683086818551,-15.59154589721837,17.952346813537293,14.5761917996388
12869,CCW,gyro_bias_dps,-0.25,8.378073316252085,-15.320359531039845,17.75647594765562,14.293708013429624
12869,CCW,gyro_bias_dps,-0.245,8.45869371020883,-15.04941517438433,17.563804034211614,14.011094705389606
12869,CCW,gyro_bias_dps,-0.24,8.54054358656506,-14.778717932611348,17.37444405605745,13.728351664390665
12869,CCW,gyro_bias_dps,-0.235,8.62362224226249,-14.508272909468747,17.18851210504469,13.445478679354068
12869,CCW,gyro_bias_dps,-0.22999999999999998,8.7079289533056,-14.238085207009174,17.006127324952736,13.162475539256352
12869,CCW,gyro_bias_dps,-0.22499999999999998,8.793462974766907,-13.968159925494598,16.827411833047062,12.879342033121793
12869,CCW,gyro_bias_dps,-0.21999999999999997,8.88022354078755,-13.698502163326463,16.65249061821362,12.59607795003951
12869,CCW,gyro_bias_dps,-0.21499999999999997,8.968209864578512,-13.42911701694779,16.481491413521056,12.312683079155661
12869,CCW,gyro_bias_dps,-0.21,9.057421138429845,-13.160009580761741,16.314544541162935,12.029157209677011
12869,CCW,gyro_bias_dps,-0.205,9.147856533706705,-12.891184947045229,16.15178272769128,11.745500130875788
12869,CCW,gyro_bias_dps,-0.19999999999999998,9.239515200857614,-12.622648205867836,15.993340887604484,11.461711632094456
12869,CCW,gyro_bias_dps,-0.195,9.332396269419245,-12.354404444999847,15.839355873446433,11.177791502742028
12869,CCW,gyro_bias_dps,-0.19,9.426498848016626,-12.086458749830076,15.689966190803696,10.893739532301577
12869,CCW,gyro_bias_dps,-0.185,9.521822024372387,-11.818816203280962,15.54531167683918,10.609555510331354
12869,CCW,gyro_bias_dps,-0.18,9.618364865310081,-11.551481885722044,15.405533141321554,10.325239226467318
12869,CCW,gyro_bias_dps,-0.175,9.716126416758812,-11.284460874883841,15.270771969525724,10.04079047042547
12869,CCW,gyro_bias_dps,-0.16999999999999998,9.815105703762196,-11.017758245771827,15.14116968685906,9.75620903200265
12869,CCW,gyro_bias_dps,-0.16499999999999998,9.915301730480678,-10.751379070584779,15.016867485612899,9.471494701084296
12869,CCW,gyro_bias_dps,-0.15999999999999998,10.016713480200973,-10.4853284186246,14.898005714871978,9.186647267641336
12869,CCW,gyro_bias_dps,-0.155,10.119339915343904,-10.219611356213118,14.784723335316855,8.90166652173491
12869,CCW,gyro_bias_dps,-0.15,10.223179977467225,-9.954232946606071,14.677157341396624,8.616552253519684
12869,CCW,gyro_bias_dps,-0.145,10.328232587276853,-9.68919824990768,14.575442154165888,8.331304253245381
12869,CCW,gyro_bias_dps,-0.13999999999999999,10.434496644635441,-9.424512322987848,14.47970898890344,8.045922311261355
12869,CCW,gyro_bias_dps,-0.13499999999999998,10.541971028568195,-9.16018021938894,14.39008520246321,7.760406218013156
12869,CCW,gyro_bias_dps,-0.12999999999999998,10.650654597274002,-8.896206989250528,14.306693626176836,7.474755764053268
12869,CCW,gyro_bias_dps,-0.12499999999999997,10.760546188130775,-8.632597679215953,14.229651890852644,7.1889707400379095
12869,CCW,gyro_bias_dps,-0.12,10.871644617711969,-8.369357332350578,14.159071751203314,6.903050936730036
12869,CCW,gyro_bias_dps,-0.11499999999999999,10.98394868178491,-8.106490988057356,14.09505841759265,6.616996145007252
12869,CCW,gyro_bias_dps,-0.10999999999999999,11.097457155335405,-7.8440036819882675,14.037709903535617,6.330806155855733
12869,CCW,gyro_bias_dps,-0.10499999999999998,11.212168792563556,-7.581900445960187,13.987116397653388,6.04448076037961
12869,CCW,gyro_bias_dps,-0.09999999999999998,11.328082326906724,-7.320186307870353,13.94335966900565,5.758019749799355
12869,CCW,gyro_bias_dps,-0.09499999999999997,11.445196471042845,-7.0588662916122775,13.906512514577841,5.471422915458696
12869,CCW,gyro_bias_dps,-0.09,11.56350991690481,-6.79794541698533,13.876638257490546,5.1846900488211
12869,CCW,gyro_bias_dps,-0.08499999999999999,11.683021335692796,-6.537428699617296,13.853790303956103,4.897820941479428
12869,CCW,gyro_bias_dps,-0.07999999999999999,11.803729377884974,-6.277321150871357,13.838011766274192,4.610815385151586
12869,CCW,gyro_bias_dps,-0.07499999999999998,11.92563267325163,-6.017627777764892,13.829335158243678,4.323673171686586
12869,CCW,gyro_bias_dps,-0.06999999999999998,12.04872983086634,-5.758353582886341,13.827782168206628,4.036394093069147
12869,CCW,gyro_bias_dps,-0.06499999999999997,12.173019439121436,-5.499503564303484,13.833363513663793,3.748977941415368
12869,CCW,gyro_bias_dps,-0.06,12.298500065737926,-5.241082715485403,13.846078879977728,3.4614245089835056
12869,CCW,gyro_bias_dps,-0.05499999999999999,12.425170257784838,-4.983096025212925,13.86591694419449,3.173733588169699
12869,CCW,gyro_bias_dps,-0.04999999999999999,12.553028541688809,-4.725548477495815,13.892855483465892,2.8859049715148775
12869,CCW,gyro_bias_dps,-0.044999999999999984,12.682073423249495,-4.468445051487673,13.9268615660699,2.59793845170648
12869,CCW,gyro_bias_dps,-0.03999999999999998,12.812303387658517,-4.21179072139787,13.96789182156699,2.3098338215766137
12869,CCW,gyro_bias_dps,-0.034999999999999976,12.943716899508264,-3.955590456411332,14.015892785290754,2.0215908741116366
12869,CCW,gyro_bias_dps,-0.02999999999999997,13.076312402813665,-3.6998492206006004,14.070801311212017,1.7332094024493074
12869,CCW,gyro_bias_dps,-0.024999999999999967,13.210088321023136,-3.4445719728412256,14.132545046177121,1.4446891998834457
12869,CCW,gyro_bias_dps,-0.019999999999999962,13.345043057041153,-3.189763666729982,14.20104295776444,1.1560300598665967
12869,CCW,gyro_bias_dps,-0.014999999999999958,13.481174993237914,-2.9354292504943684,14.276205907384893,0.8672317760104957
12869,CCW,gyro_bias_dps,-0.010000000000000009,13.618482491470695,-2.681573666913644,14.357937259945775,0.578294142091639
12869,CCW,gyro_bias_dps,-0.0050000000000000044,13.756963893101215,-2.428201853232936,14.446133521234614,0.2892169520527412
12869,CCW,gyro_bias_dps,0.0,13.896617519012306,-2.175318741072155,14.540684994265089,0.0
12869,CCW,gyro_bias_dps,0.0050000000000000044,14.037441669626697,-1.9229292563537193,14.641476446120793,0.2893569197840295
12869,CCW,gyro_bias_dps,0.010000000000000009,14.179434624923942,-1.6710383192080491,14.748387777231367,0.578854012845865
12869,CCW,gyro_bias_dps,0.015000000000000013,14.322594644460628,-1.4196508438913313,14.86129468562997,0.8684914845575145
12869,CCW,gyro_bias_dps,0.020000000000000018,14.466919967391277,-1.1687717387030916,14.980069319397645,1.158269540113146
12869,CCW,gyro_bias_dps,0.025000000000000022,14.61240881248391,-0.9184059059032599,15.10458091126664,1.448188384523387
12869,CCW,gyro_bias_dps,0.030000000000000027,14.759059378141387,-0.6685582416222801,15.23469639018451,1.7382482226184754
12869,CCW,gyro_bias_dps,0.03500000000000003,14.906869842424907,-0.41923363578267187,15.370280965453126,2.02844925904268
12869,CCW,gyro_bias_dps,0.040000000000000036,15.055838363069961,-0.1704369720109355,15.511198679888814,2.3187916982526184
12869,CCW,gyro_bias_dps,0.04500000000000004,15.2059630775095,0.07782687244542572,15.657312929272127,2.609275744515207
12869,CCW,gyro_bias_dps,0.050000000000000044,15.357242102894407,0.3255530267989982,15.808486946099416,2.899901601902373
12869,CCW,gyro_bias_dps,0.05499999999999999,15.509673536115361,0.5727366268098294,15.964584246370569,3.190669474291449
12869,CCW,gyro_bias_dps,0.06,15.663255453826173,0.8193728148689544,16.125469038786658,3.481579565363398
12869,CCW,gyro_bias_dps,0.065,15.817985912463609,1.0654567400809036,16.2910065963015,3.7726320785978738
12869,CCW,gyro_bias_dps,0.07,15.973862948272336,1.3109835583486578,16.461063590478197,4.063827217272908
12869,CCW,gyro_bias_dps,0.07500000000000001,16.130884577325627,1.5559484324549246,16.635508389516563,4.355165184459529
12869,CCW,gyro_bias_dps,0.08000000000000002,16.289048795550023,1.8003465321491539,16.814211321175236,4.6466461830226695
12869,CCW,gyro_bias_dps,0.08500000000000002,16.4483535787494,2.044173034226959,16.99704490209081,4.9382704156156185
12869,CCW,gyro_bias_dps,0.09000000000000002,16.608796882628145,2.2874231226204538,17.183884035213683,5.230038084683116
12869,CCW,gyro_bias_dps,0.09500000000000003,16.770376642815997,2.530091988471743,17.37460617723572,5.521949392450531
12869,CCW,gyro_bias_dps,0.10000000000000003,16.933090774892047,2.772174830224301,17.569091478000306,5.814004540928002
12869,CCW,gyro_bias_dps,0.10500000000000004,17.09693717441096,3.0136668537025946,17.767222893931045,6.106203731906002
12869,CCW,gyro_bias_dps,0.11000000000000004,17.261913716928074,3.2545632721955506,17.968886277544314,6.398547166952337
12869,CCW,gyro_bias_dps,0.11500000000000005,17.428018258022757,3.4948593065424247,18.17397044509267,6.691035047411666
12869,CCW,gyro_bias_dps,0.12,17.59524863332888,3.734550185209167,18.382367224350837,6.9836675743993055
12869,CCW,gyro_bias_dps,0.125,17.763602658557442,3.9736311443771806,18.593971484480207,7.2764449488018865
12869,CCW,gyro_bias_dps,0.13,17.933078129525416,4.212097428025258,18.808681149842336,7.569367371275592
12869,CCW,gyro_bias_dps,0.135,18.10367282218258,4.449944288010028,19.026397199525988,7.862435042241486
12869,CCW,gyro_bias_dps,0.14,18.275384492636817,4.687166984149964,19.24702365425434,8.155648161883132
12869,CCW,gyro_bias_dps,0.14500000000000002,18.448210877185193,4.923760784307461,19.470467552238365,8.449006930145972
12869,CCW,gyro_bias_dps,0.15000000000000002,18.622149692340894,5.159720964469676,19.696638915414212,8.742511546732402
12869,CCW,gyro_bias_dps,0.15500000000000003,18.79719863485966,5.395042808837626,19.925450707407393,9.036162211104513
12869,CCW,gyro_bias_dps,0.16000000000000003,18.973355381773604,5.629721609897487,20.156818784449882,9.329959122474843
12869,CCW,gyro_bias_dps,0.16500000000000004,19.15061759041323,5.86375266851155,20.390661840362075,9.623902479807942
12869,CCW,gyro_bias_dps,0.17000000000000004,19.328982898442632,6.097131293996157,20.626901346625296,9.917992481817226
12869,CCW,gyro_bias_dps,0.17500000000000004,19.508448923888523,6.329852804205301,20.865461488454205,10.212229326963973
12869,CCW,gyro_bias_dps,0.18,19.68901326516766,6.561912525611445,21.1062690976874,10.506613213452315
12869,CCW,gyro_bias_dps,0.185,19.870673501120404,6.793305793387432,21.349253583243147,10.801144339228824
12869,CCW,gyro_bias_dps,0.19,20.053427191038715,7.024027951487936,21.594346859781748,11.095822901978607
12869,CCW,gyro_bias_dps,0.195,20.237271874700696,7.254074352731036,21.84148327516199,11.39064909912456
12869,CCW,gyro_bias_dps,0.2,20.422205072399993,7.483440358879633,22.090599537189007,11.685623127823975
12869,CCW,gyro_bias_dps,0.20500000000000002,20.608224284977176,7.712121340723648,22.341634640104374,11.980745184966677
12869,CCW,gyro_bias_dps,0.21000000000000002,20.79532699385379,7.940112678159508,22.59452979120361,12.276015467172385
12869,CCW,gyro_bias_dps,0.21500000000000002,20.983510661062837,8.167409760272943,22.84922833790789,12.571434170788516
12869,CCW,gyro_bias_dps,0.22000000000000003,21.172772729282975,8.3940079854177,23.105675695580363,12.86700149188685
12869,CCW,gyro_bias_dps,0.22500000000000003,21.363110621874057,8.619902761297944,23.363819276328936,13.1627176262636
12869,CCW,gyro_bias_dps,0.23000000000000004,21.554521742904626,8.845089505048588,23.62360841898603,13.458582769433557
12869,CCW,gyro_bias_dps,0.23500000000000004,21.747003477191175,9.069563643316105,23.884994320454446,13.754597116630887
12869,CCW,gyro_bias_dps,0.24000000000000005,21.94055319032925,9.293320612339556,24.147929968537373,14.050760862805364
12869,CCW,gyro_bias_dps,0.24500000000000005,22.13516822873146,9.516355858029105,24.41237007637662,14.347074202620684
12869,CCW,gyro_bias_dps,0.25000000000000006,22.33084591965819,9.738664836048335,24.678271018573106,14.643537330451434
12869,CCW,gyro_bias_dps,0.25500000000000006,22.52758357125672,9.960243011890725,24.94559076906814,14.94015044037977
12869,CCW,gyro_bias_dps,0.26000000000000006,22.725378472593455,10.18108586096704,25.214288840822125,15.236913726197637
12869,CCW,gyro_bias_dps,0.26500000000000007,22.924227893690748,10.40118886867436,25.484326227322555,15.53382738139585
12869,CCW,gyro_bias_dps,0.2700000000000001,23.124129085566484,10.620547530488015,25.75566534595147,15.830891599173649
12869,CCW,gyro_bias_dps,0.2750000000000001,23.32507928026546,10.83915735202934,26.028269983188896,16.128106572424066
12869,CCW,gyro_bias_dps,0.27999999999999997,23.527075690900823,11.057013849155926,26.302105241682547,16.425472493742685
12869,CCW,gyro_bias_dps,0.285,23.730115511685334,11.274112548030487,26.57713748913215,16.722989555413374
12869,CCW,gyro_bias_dps,0.29,23.934195917976446,11.490448985210142,26.853334309007664,17.020657949419032
12869,CCW,gyro_bias_dps,0.295,24.13931406631,11.706018707716748,27.13066445303198,17.31847786742908
12869,CCW,gyro_bias_dps,0.3,24.345467094437755,11.920817273123406,27.409097795426245,17.616449500803288
12869,CCW,gyro_gain_pct,-0.5,18.241892890055148,3.0045940848894914,18.89882617679655,6.797975069219496
12869,CCW,gyro_gain_pct,-0.49,18.143020770209183,2.9060432000469425,18.786763003371206,6.657782160121229
12869,CCW,gyro_gain_pct,-0.48,18.044629803201907,2.807256448427991,18.6755195701198,6.517764261952159
12869,CCW,gyro_gain_pct,-0.47,17.946720525127695,2.7082356869722544,18.56510664749832,6.377921238269812
12869,CCW,gyro_gain_pct,-0.46,17.849293465182928,2.608982773602462,18.45553515680951,6.2382529524393195
12869,CCW,gyro_gain_pct,-0.45,17.752349145656922,2.509499567191605,18.346816169755087,6.098759267622402
12869,CCW,gyro_gain_pct,-0.44,17.655888081938247,2.409787927543229,18.23896090781846,5.959440046787641
12869,CCW,gyro_gain_pct,-0.43,17.559910782509952,2.309849715366157,18.131980741438657,5.820295152707711
12869,CCW,gyro_gain_pct,-0.42,17.464417748952904,2.209686792244205,18.02588718898563,5.681324447958893
12869,CCW,gyro_gain_pct,-0.41000000000000003,17.369409475942597,2.1093010206155034,17.920691915509064,5.542527794923633
12869,CCW,gyro_gain_pct,-0.4,17.27488645125254,2.0086942637454177,17.8164067312657,5.403905055791443
12869,CCW,gyro_gain_pct,-0.39,17.180849155750934,1.9078683857015384,17.713043589998293,5.2654560925589795
12869,CCW,gyro_gain_pct,-0.38,17.087298063401725,1.8068252513293763,17.610614586965095,5.127180767030804
12869,CCW,gyro_gain_pct,-0.37,16.99423364127001,1.7055667262271115,17.50913195671032,4.989078940824395
12869,CCW,gyro_gain_pct,-0.36,16.901656349514134,1.6040946767206008,17.408608070545295,4.851150475365871
12869,CCW,gyro_gain_pct,-0.35,16.809566641392145,1.5024109698343822,17.309055433752313,4.7133952318909085
12869,CCW,gyro_gain_pct,-0.33999999999999997,16.71796496326085,1.400517473271575,17.210486682485925,4.575813071449778
12869,CCW,gyro_gain_pct,-0.32999999999999996,16.626851754573998,1.298416055388183,17.11291458035546,4.438403854905229
12869,CCW,gyro_gain_pct,-0.32,16.536227447887608,1.1961085851659192,17.016352014693748,4.301167442935074
12869,CCW,gyro_gain_pct,-0.31,16.446092468859025,1.0935969321875638,16.920811992481067,4.164103696032854
12869,CCW,gyro_gain_pct,-0.3,16.35644723624396,0.9908829666096957,16.82630763591917,4.0272124745035915
12869,CCW,gyro_gain_pct,-0.29000000000000004,16.2672921619049,0.8879685591459101,16.732852177657694,3.890493638476417
12869,CCW,gyro_gain_pct,-0.28,16.178627650805605,0.7848555810314366,16.640458955633058,3.7539470478934813
12869,CCW,gyro_gain_pct,-0.27,16.09045410101719,0.6815459040034924,16.54914140753941,3.6175725625177333
12869,CCW,gyro_gain_pct,-0.26,16.002771903714006,0.5780414002770697,16.458913064893718,3.4813700419311115
12869,CCW,gyro_gain_pct,-0.25,15.915581443183509,0.4743439425163857,16.369787546713077,3.3453393455383478
12869,CCW,gyro_gain_pct,-0.24,15.828883096816776,0.3704554038130176,16.281778552760272,3.2094803325632886
12869,CCW,gyro_gain_pct,-0.22999999999999998,15.742677235120869,0.2663776576591566,16.19489985638709,3.073792862055092
12869,CCW,gyro_gain_pct,-0.21999999999999997,15.656964221712382,0.16211257792287412,16.109165296931703,2.9382767928845706
12869,CCW,gyro_gain_pct,-0.21000000000000002,15.5717444133237,0.057662038823725226,16.024588771688872,2.8029319837480497
12869,CCW,gyro_gain_pct,-0.2,15.487018159803574,-0.04697208509058015,15.9411842274322,2.667758293169142
12869,CCW,gyro_gain_pct,-0.19,15.402785804120095,-0.15178791897522856,15.858965651487905,2.532755579495306
12869,CCW,gyro_gain_pct,-0.18,15.319047682358951,-0.2567835877046619,15.777947062349584,2.397923700903051
12869,CCW,gyro_gain_pct,-0.16999999999999998,15.235804123730077,-0.3619572159040999,15.698142499847913,2.263262515397034
12869,CCW,gyro_gain_pct,-0.15999999999999998,15.153055450567695,-0.4673069279709459,15.619566014847406,2.12877188081144
12869,CCW,gyro_gain_pct,-0.14999999999999997,15.070801978335135,-0.5728308481003168,15.542231658496512,1.994451654813118
12869,CCW,gyro_gain_pct,-0.14,14.989044015621038,-0.6785271003119575,15.466153471006022,1.8603016948961166
12869,CCW,gyro_gain_pct,-0.13,14.907781864149252,-0.7843938084714125,15.391345469985197,1.7263218583907556
12869,CCW,gyro_gain_pct,-0.12,14.8270158187775,-0.8904290963188742,15.317821638317971,1.5925120024585235
12869,CCW,gyro_gain_pct,-0.10999999999999999,14.746746167499486,-0.9966310874901673,15.245595911594933,1.4588719840959483
12869,CCW,gyro_gain_pct,-0.09999999999999998,14.666973191450188,-1.1029979055432768,15.174682165114135,1.3254016601359773
12869,CCW,gyro_gain_pct,-0.08999999999999997,14.587697164906672,-1.2095276739825223,15.105094200447306,1.1921008872473855
12869,CCW,gyro_gain_pct,-0.08000000000000002,14.508918355288596,-1.3162185162854896,15.036845731595843,1.058969521933528
12869,CCW,gyro_gain_pct,-0.07,14.430637023172427,-1.4230685559250915,14.969950370756466,0.9260074205412214
12869,CCW,gyro_gain_pct,-0.06,14.352853422277144,-1.5300759163927657,14.904421613676941,0.7932144392533066
12869,CCW,gyro_gain_pct,-0.04999999999999999,14.275567799482587,-1.6372387212291386,14.840272824681591,0.6605904340931961
12869,CCW,gyro_gain_pct,-0.03999999999999998,14.19878039482428,-1.74455509404267,14.777517221327813,0.528135260926104
12869,CCW,gyro_gain_pct,-0.02999999999999997,14.12249144150062,-1.8520231585361215,14.716167858758373,0.39584877546052666
12869,CCW,gyro_gain_pct,-0.020000000000000018,14.046701165874833,-1.959641038532802,14.656237613753468,0.2637308332470026
12869,CCW,gyro_gain_pct,-0.010000000000000009,13.971409787476773,-2.067406858000317,14.597739168522855,0.13178128967914612
12869,CCW,gyro_gain_pct,0.0,13.896617519012306,-2.175318741072155,14.540684994265089,0.0
12869,CCW,gyro_gain_pct,0.010000000000000009,13.822324566360635,-2.2833748120763673,14.485087334523163,0.13161318070419037
12869,CCW,gyro_gain_pct,0.020000000000000018,13.748531128580566,-2.3915731955594213,14.430958188380158,0.2630583975005717
12869,CCW,gyro_gain_pct,0.030000000000000027,13.675237397914543,-2.4999120163068653,14.378309293527874,0.3943357956058721
12869,CCW,gyro_gain_pct,0.040000000000000036,13.602443559794278,-2.608389399371447,14.327152109253282,0.5254455203871307
12869,CCW,gyro_gain_pct,0.050000000000000044,13.530149792842554,-2.7170034700987244,14.277497799376205,0.6563877173630909
12869,CCW,gyro_gain_pct,0.06000000000000005,13.458356268876742,-2.8257523541461778,14.229357215190273,0.7871625321996786
12869,CCW,gyro_gain_pct,0.07000000000000006,13.387063152915493,-2.934634177511427,14.18274087845588,0.9177701107098366
12869,CCW,gyro_gain_pct,0.07999999999999996,13.31627060318092,-3.043647066558637,14.137658964483435,1.0482105988562127
12869,CCW,gyro_gain_pct,0.08999999999999997,13.245978771106389,-3.1527891480355605,14.094121285364915,1.1784841427418786
12869,CCW,gyro_gain_pct,0.09999999999999998,13.176187801333413,-3.262058549105663,14.052137273394614,1.308590888619974
12869,CCW,gyro_gain_pct,0.10999999999999999,13.106897831727816,-3.3714533973679424,14.0117159647515,1.4385309828831152
12869,CCW,gyro_gain_pct,0.12,13.038108993372793,-3.480971820881314,13.972865983461494,1.5683045720680728
12869,CCW,gyro_gain_pct,0.13,12.969821410581199,-3.5906119481899337,13.935595525730601,1.697911802852044
12869,CCW,gyro_gain_pct,0.14,12.902035200898581,-3.7003719083498425,13.899912344675135,1.827352822054745
12869,CCW,gyro_gain_pct,0.15000000000000002,12.834750475105647,-3.8102498309465913,13.865823735511277,1.9566277766329794
12869,CCW,gyro_gain_pct,0.16000000000000003,12.767967337226514,-3.920243846126117,13.8333365212632,2.0857368136837398
12869,CCW,gyro_gain_pct,0.17000000000000004,12.70168588453214,-4.030352084613369,13.802457039031305,2.2146800804391114
12869,CCW,gyro_gain_pct,0.18000000000000005,12.63590620754601,-4.140572677741946,13.773191126879635,2.343457724270252
12869,CCW,gyro_gain_pct,0.19000000000000006,12.57062839004882,-4.250903757472625,13.745544111389593,2.472069892681397
12869,CCW,gyro_gain_pct,0.20000000000000007,12.505852509084843,-4.361343456421271,13.71952079593097,2.600516733312051
12869,CCW,gyro_gain_pct,0.20999999999999996,12.44157863496514,-4.471889907880559,13.695125449691627,2.728798393934838
12869,CCW,gyro_gain_pct,0.21999999999999997,12.377806831277713,-4.582541245844491,13.672361797522292,2.8569150224528035
12869,CCW,gyro_gain_pct,0.22999999999999998,12.314537154887308,-4.693295605035045,13.65123301062107,2.984866766903457
12869,CCW,gyro_gain_pct,0.24,12.251769655945122,-4.804151120921221,13.631741698112714,3.1126537754518346
12869,CCW,gyro_gain_pct,0.25,12.189504377892831,-4.91510592974505,13.613889899550541,3.2402761963917115
12869,CCW,gyro_gain_pct,0.26,12.12774135746929,-5.026158168548095,13.597679078377823,3.367734178147119
12869,CCW,gyro_gain_pct,0.27,12.06648062471686,-5.137305975191763,13.583110116373977,3.4950278692672194
12869,CCW,gyro_gain_pct,0.28,12.005722202984794,-5.248547488379903,13.570183309109355,3.6221574184263385
12869,CCW,gyro_gain_pct,0.29000000000000004,11.945466108938968,-5.359880847687265,13.558898362443093,3.749122974424741
12869,CCW,gyro_gain_pct,0.30000000000000004,11.885712352566951,-5.471304193580775,13.549254390063469,3.8759246861860275
12869,CCW,gyro_gain_pct,0.31000000000000005,11.826460937180741,-5.582815667442714,13.541249912090423,4.002562702757856
12869,CCW,gyro_gain_pct,0.32000000000000006,11.767711859429323,-5.694413411595366,13.534882854758731,4.129037173308074
12869,CCW,gyro_gain_pct,0.33000000000000007,11.709465109298867,-5.8060955693212595,13.530150551165425,4.255348247124224
12869,CCW,gyro_gain_pct,0.33999999999999997,11.651720670125837,-5.9178602848923205,13.527049743105179,4.381496073614061
12869,CCW,gyro_gain_pct,0.35,11.594478518597384,-6.029705703591334,13.525576583963021,4.5074808023053565
12869,CCW,gyro_gain_pct,0.36,11.537738624761165,-6.141629971733089,13.525726642673416,4.633302582841776
12869,CCW,gyro_gain_pct,0.37,11.481500952030956,-6.253631236689079,13.527494908725055,4.7589615649831405
12869,CCW,gyro_gain_pct,0.38,11.425765457196757,-6.365707646912827,13.530875798195588,4.8844578986044525
12869,CCW,gyro_gain_pct,0.39,11.370532090426446,-6.477857351960951,13.53586316078315,5.009791733695265
12869,CCW,gyro_gain_pct,0.4,11.315800795276232,-6.590078502517175,13.542450287824101,5.134963220357757
12869,CCW,gyro_gain_pct,0.41000000000000003,11.261571508696942,-6.702369250417332,13.550629921254664,5.2599725088073805
12869,CCW,gyro_gain_pct,0.42000000000000004,11.207844161042043,-6.814727748670835,13.560394263487165,5.3848197493695595
12869,CCW,gyro_gain_pct,0.43000000000000005,11.154618676074573,-6.927152151481759,13.571734988158436,5.5095050924773314
12869,CCW,gyro_gain_pct,0.44000000000000006,11.101894970971193,-7.039640614278954,13.584643251716807,5.634028688677371
12869,CCW,gyro_gain_pct,0.45000000000000007,11.049672956336327,-7.152191293732386,13.59910970579988,5.758390688620063
12869,CCW,gyro_gain_pct,0.45999999999999996,10.99795253620157,-7.264802347778487,13.615124510351395,5.882591243063969
12869,CCW,gyro_gain_pct,0.47,10.946733608042587,-7.377471935644382,13.632677347446101,6.0066305028715155
12869,CCW,gyro_gain_pct,0.48,10.896016062776335,-7.49019821787117,13.651757435746102,6.130508619012948
12869,CCW,gyro_gain_pct,0.49,10.845799784778,-7.602979356334136,13.672353545563382,6.254225742558131
12869,CCW,gyro_gain_pct,0.5,10.796084651883643,-7.715813514269873,13.69445401445684,6.377782024682117
12869,CCW,wheel_relative_pct,-2.0,13.95790210646951,-2.167118857007273,14.597948198810139,0.061950124440299736
12869,CCW,wheel_relative_pct,-1.95,13.956369991782958,-2.1673238541083935,14.596516152168284,0.06040137132923984
12869,CCW,wheel_relative_pct,-1.9,13.954837877096384,-2.1675288512102417,14.595084129361869,0.05885261821805366
12869,CCW,wheel_relative_pct,-1.85,13.95330576241015,-2.1677338483117916,14.593652130397901,0.05730386510729989
12869,CCW,wheel_relative_pct,-1.8,13.951773647723462,-2.167938845413933,14.59222015528339,0.05575511199595894
12869,CCW,wheel_relative_pct,-1.75,13.950241533036706,-2.168143842516058,14.590788204024744,0.05420635888454884
12869,CCW,wheel_relative_pct,-1.7,13.948709418350655,-2.168348839616157,14.589356276630037,0.05265760577411587
12869,CCW,wheel_relative_pct,-1.65,13.947177303664285,-2.168553836718151,14.587924373105881,0.05110885266312083
12869,CCW,wheel_relative_pct,-1.6,13.94564518897846,-2.168758833820571,14.586492493459499,0.049560099552619585
12869,CCW,wheel_relative_pct,-1.55,13.944113074291455,-2.1689638309217374,14.585060637696536,0.0480113464410662
12869,CCW,wheel_relative_pct,-1.5,13.942580959604971,-2.1691688280228525,14.583628805825466,0.046462593330101755
12869,CCW,wheel_relative_pct,-1.45,13.9410488449191,-2.169373825125201,14.582196997853632,0.04491384021948282
12869,CCW,wheel_relative_pct,-1.4,13.939516730231981,-2.169578822227271,14.58076521378658,0.04336508710776361
12869,CCW,wheel_relative_pct,-1.35,13.93798461554643,-2.1697838193279253,14.57933345363336,0.04181633399775856
12869,CCW,wheel_relative_pct,-1.2999999999999998,13.936452500859104,-2.1699888164294117,14.57790171739794,0.04026758088586262
12869,CCW,wheel_relative_pct,-1.25,13.934920386172848,-2.1701938135312226,14.576470005090352,0.03871882777503361
12869,CCW,wheel_relative_pct,-1.2,13.933388271486569,-2.170398810633317,14.575038316716922,0.037170074664125516
12869,CCW,wheel_relative_pct,-1.15,13.93185615680036,-2.1706038077348566,14.573606652283974,0.03562132155333401
12869,CCW,wheel_relative_pct,-1.1,13.93032404211399,-2.170808804837056,14.572175011799104,0.03407256844230468
12869,CCW,wheel_relative_pct,-1.0499999999999998,13.92879192742762,-2.1710138019379093,14.57074339526896,0.03252381533146693
12869,CCW,wheel_relative_pct,-1.0,13.927259812740932,-2.171218799039495,14.569311802700721,0.030975062220184764
12869,CCW,wheel_relative_pct,-0.95,13.92572769805463,-2.171423796140941,14.567880234102008,0.02942630910936889
12869,CCW,wheel_relative_pct,-0.8999999999999999,13.924195583368283,-2.171628793242872,14.566448689479326,0.027877555998397415
12869,CCW,wheel_relative_pct,-0.8499999999999999,13.922663468681913,-2.1718337903446816,14.56501716883977,0.02632880288741705
12869,CCW,wheel_relative_pct,-0.7999999999999998,13.921131353995019,-2.172038787446989,14.563585672190225,0.024780049775874117
12869,CCW,wheel_relative_pct,-0.75,13.91959923930865,-2.172243784548037,14.562154199538249,0.02323129666498263
12869,CCW,wheel_relative_pct,-0.7,13.918067124622098,-2.1724487816492535,14.560722750890715,0.02168254355390911
12869,CCW,wheel_relative_pct,-0.6499999999999999,13.916535009935705,-2.1726537787516045,14.559291326255044,0.020133790442831423
12869,CCW,wheel_relative_pct,-0.5999999999999999,13.915002895248994,-2.172858775852943,14.557859925637572,0.018585037331575266
12869,CCW,wheel_relative_pct,-0.5499999999999998,13.91347078056317,-2.1730637729538556,14.556428549046514,0.017036284221271646
12869,CCW,wheel_relative_pct,-0.5,13.911938665877097,-2.1732687700560698,14.554997196488248,0.015487531110567068
12869,CCW,wheel_relative_pct,-0.44999999999999996,13.910406551190544,-2.1734737671568984,14.55356586796903,0.013938777999495593
12869,CCW,wheel_relative_pct,-0.3999999999999999,13.90887443650372,-2.1736787642594892,14.552134563496827,0.012390024887997236
12869,CCW,wheel_relative_pct,-0.34999999999999987,13.907342321817897,-2.1738837613602997,14.550703283079512,0.010841271777722853
12869,CCW,wheel_relative_pct,-0.2999999999999998,13.905810207131276,-2.174088758462438,14.54927202672282,0.009292518666434782
12869,CCW,wheel_relative_pct,-0.25,13.904278092444041,-2.174293755564309,14.547840794433684,0.007743765554590958
12869,CCW,wheel_relative_pct,-0.19999999999999996,13.90274597775824,-2.1744987526661816,14.546409586221323,0.006195012444176413
12869,CCW,wheel_relative_pct,-0.1499999999999999,13.901213863071666,-2.174703749766967,14.544978402090619,0.004646259333127786
12869,CCW,wheel_relative_pct,-0.09999999999999987,13.899681748385433,-2.1749087468684882,14.543547242049778,0.003097506222330813
12869,CCW,wheel_relative_pct,-0.04999999999999982,13.898149633698996,-2.1751137439706505,14.542116106105919,0.0015487531112134425
12869,CCW,wheel_relative_pct,0.0,13.896617519012306,-2.175318741072155,14.540684994265089,0.0
12869,CCW,wheel_relative_pct,0.050000000000000266,13.895085404326528,-2.1755237381740526,14.53925390653617,0.0015487531103638077
12869,CCW,wheel_relative_pct,0.10000000000000009,13.89355328964,-2.1757287352752845,14.53782284292495,0.0030975062214639937
12869,CCW,wheel_relative_pct,0.1499999999999999,13.892021174952948,-2.175933732376799,14.53639180343799,0.004646259333087717
12869,CCW,wheel_relative_pct,0.20000000000000018,13.890489060266464,-2.1761387294780903,14.534960788084,0.006195012444102273
12869,CCW,wheel_relative_pct,0.25,13.888956945580162,-2.1763437265803445,14.533529796869878,0.007743765555022538
12869,CCW,wheel_relative_pct,0.30000000000000027,13.887424830894224,-2.1765487236814045,14.532098829802528,0.009292518665485229
12869,CCW,wheel_relative_pct,0.3500000000000001,13.885892716207469,-2.1767537207832937,14.530667886887905,0.010841271776821775
12869,CCW,wheel_relative_pct,0.40000000000000036,13.884360601520848,-2.176958717884543,14.529236968134407,0.01239002488802349
12869,CCW,wheel_relative_pct,0.4500000000000002,13.882828486834365,-2.1771637149869805,14.527806073549094,0.013938777999177102
12869,CCW,wheel_relative_pct,0.5,13.881296372148153,-2.1773687120885206,14.52637520313931,0.015487531109952813
12869,CCW,wheel_relative_pct,0.5500000000000003,13.879764257461762,-2.17757370919042,14.524944356911398,0.017036284220976087
12869,CCW,wheel_relative_pct,0.6000000000000001,13.878232142776051,-2.1777787062914995,14.523513534873237,0.018585037331163984
12869,CCW,wheel_relative_pct,0.6500000000000004,13.876700028089022,-2.1779837033936786,14.522082737030967,0.020133790442865455
12869,CCW,wheel_relative_pct,0.7000000000000002,13.875167913403128,-2.178188700494888,14.520651963393117,0.02168254355329352
12869,CCW,wheel_relative_pct,0.75,13.873635798716283,-2.1783936975971363,14.519221213965434,0.023231296664836105
12869,CCW,wheel_relative_pct,0.8000000000000003,13.87210368402982,-2.1785986946985476,14.51779048875603,0.024780049775796342
12869,CCW,wheel_relative_pct,0.8500000000000001,13.870571569342701,-2.1788036917997333,14.516359787771144,0.02632880288743708
12869,CCW,wheel_relative_pct,0.9000000000000004,13.869039454656171,-2.179008688901549,14.514929111019244,0.027877555998540957
12869,CCW,wheel_relative_pct,0.9500000000000002,13.86750733997062,-2.1792136860033215,14.513498458507895,0.029426309108718463
12869,CCW,wheel_relative_pct,1.0,13.86597522528432,-2.179418683104015,14.512067830242199,0.03097506221945376
12869,CCW,wheel_relative_pct,1.0500000000000003,13.864443110598085,-2.179623680207345,14.5106372262308,0.032523815330482354
12869,CCW,wheel_relative_pct,1.1,13.862910995911012,-2.1798286773080724,14.509206646479525,0.03407256844203376
12869,CCW,wheel_relative_pct,1.1500000000000004,13.861378881224983,-2.180033674409625,14.507776090997275,0.03562132155261582
12869,CCW,wheel_relative_pct,1.2000000000000002,13.85984676653868,-2.1802386715106463,14.506345559790304,0.03717007466345062
12869,CCW,wheel_relative_pct,1.25,13.85831465185197,-2.180443668612304,14.504915052865519,0.038718827774698705
12869,CCW,wheel_relative_pct,1.3000000000000003,13.85678253716576,-2.180648665714197,14.503484570231041,0.04026758088559173
12869,CCW,wheel_relative_pct,1.35,13.855250422479298,-2.180853662815519,14.502054111892825,0.04181633399653027
12869,CCW,wheel_relative_pct,1.4000000000000004,13.853718307792906,-2.1810586599180057,14.500623677859387,0.043365087107651065
12869,CCW,wheel_relative_pct,1.4500000000000002,13.85218619310633,-2.181263657019362,14.499193268137063,0.04491384021875059
12869,CCW,wheel_relative_pct,1.5,13.850654078420302,-2.181468654120932,14.497762882733538,0.046462593329414215
12869,CCW,wheel_relative_pct,1.5500000000000003,13.849121963733387,-2.181673651222758,14.496332521655,0.048011346440901846
12869,CCW,wheel_relative_pct,1.6,13.847589849047358,-2.181878648324502,14.494902184910147,0.04956009955151497
12869,CCW,wheel_relative_pct,1.6500000000000004,13.846057734361148,-2.1820836454256836,14.493471872505287,0.05110885266225489
12869,CCW,wheel_relative_pct,1.7000000000000002,13.844525619674323,-2.1822886425279813,14.49204158444734,0.052657605773727405
12869,CCW,wheel_relative_pct,1.75,13.842993504988112,-2.182493639629565,14.490611320744327,0.054206358884544406
12869,CCW,wheel_relative_pct,1.8000000000000003,13.841461390301538,-2.182698636731294,14.48918108140274,0.05575511199567559
12869,CCW,wheel_relative_pct,1.85,13.839929275614917,-2.1829036338322623,14.48775086643011,0.05730386510681722
12869,CCW,wheel_relative_pct,1.9000000000000004,13.838397160928753,-2.1831086309345276,14.486320675834138,0.05885261821762173
12869,CCW,wheel_relative_pct,1.9500000000000002,13.83686504624236,-2.1833136280354886,14.484890509621277,0.060401371328509826
12869,CCW,wheel_relative_pct,2.0,13.835332931555445,-2.183518625136968,14.483460367798756,0.061950124439995834
12869,CCW,yaw_time_shift_ms,-20.0,15.296308183950396,-1.0310520404953194,15.784126569629043,1.8105946964013744
12869,CCW,yaw_time_shift_ms,-19.5,15.259303635883953,-1.0500208136532823,15.748862238876812,1.7698542420663084
12869,CCW,yaw_time_shift_ms,-19.0,15.222206438588477,-1.0667776050580868,15.713390683619737,1.7305067434871082
12869,CCW,yaw_time_shift_ms,-18.5,15.190611997071596,-1.100555528642251,15.684742303992042,1.6845230761492531
12869,CCW,yaw_time_shift_ms,-18.0,15.158943749937862,-1.1321065602647866,15.655947380543065,1.6399192806279166
12869,CCW,yaw_time_shift_ms,-17.5,15.124562674327695,-1.1766880329325158,15.625543657405158,1.5850101697096164
12869,CCW,yaw_time_shift_ms,-17.0,15.090085387684848,-1.2190413293527034,15.595018242250765,1.5315221794261207
12869,CCW,yaw_time_shift_ms,-16.5,15.055109195502018,-1.260185064714116,15.56403929137075,1.4784844775097268
12869,CCW,yaw_time_shift_ms,-16.0,15.020031950100634,-1.299100915462723,15.532903740856991,1.4268110247113408
12869,CCW,yaw_time_shift_ms,-15.5,14.984852284269323,-1.3357899070957664,15.50159330996086,1.3764724663965413
12869,CCW,yaw_time_shift_ms,-15.0,14.949568832947033,-1.3702530780613411,15.470090553855954,1.3274423965256863
12869,CCW,yaw_time_shift_ms,-14.5,14.914180233246224,-1.4024914797506292,15.438378868784973,1.2796981952269018
12869,CCW,yaw_time_shift_ms,-14.0,14.878685124474327,-1.4325061764866547,15.406442497217718,1.2332220034164667
12869,CCW,yaw_time_shift_ms,-13.5,14.843082148147255,-1.46029824551607,15.37426653303425,1.1880018544859596
12869,CCW,yaw_time_shift_ms,-13.0,14.807369948012546,-1.4858687770018073,15.341836926792137,1.1440329852309266
12869,CCW,yaw_time_shift_ms,-12.5,14.771547170066196,-1.5092188740125643,15.309140491089536,1.101319349706895
12869,CCW,yaw_time_shift_ms,-12.0,14.735612462574977,-1.5303496525124523,15.276164906067805,1.0598753599701078
12869,CCW,yaw_time_shift_ms,-11.5,14.699564476088176,-1.5492622413559674,15.242898725068764,1.0197278754641168
12869,CCW,yaw_time_shift_ms,-11.0,14.663401863463491,-1.565957782271785,15.209331380498979,0.9809184565156385
12869,CCW,yaw_time_shift_ms,-10.5,14.627177913764331,-1.580566110301163,15.17554110725944,0.9434568461496949
12869,CCW,yaw_time_shift_ms,-10.0,14.590837337097877,-1.592959306655952,15.141432516960927,0.9074684438079041
12869,CCW,yaw_time_shift_ms,-9.5,14.557193349124669,-1.6207905853610278,15.111460459119494,0.863713096798512
12869,CCW,yaw_time_shift_ms,-9.0,14.523472610584623,-1.6464003758419694,15.081240495494969,0.8213308193332244
12869,CCW,yaw_time_shift_ms,-8.5,14.489597472677179,-1.6942329233435154,15.053473122458406,0.7646696297413549
12869,CCW,yaw_time_shift_ms,-8.0,14.455631235512465,-1.7398338465069094,15.025538682686777,0.7096329999026586
12869,CCW,yaw_time_shift_ms,-7.5,14.421452382147118,-1.7837480221263362,14.99740773054462,0.6557720377517238
12869,CCW,yaw_time_shift_ms,-7.0,14.387178641484184,-1.8254311383139985,14.969069122169596,0.6034597975265329
12869,CCW,yaw_time_shift_ms,-6.5,14.352808639445993,-1.8648841979997044,14.940502449319734,0.5526470748654542
12869,CCW,yaw_time_shift_ms,-6.0,14.318341004050694,-1.9021082170841446,14.91168816722787,0.5032814904733056
12869,CCW,yaw_time_shift_ms,-5.5,14.283774365429077,-1.9371042244393166,14.88260759850048,0.45530736960208673
12869,CCW,yaw_time_shift_ms,-5.0,14.249107355846059,-1.9698732618936248,14.853242937009911,0.4086656351995214
12869,CCW,yaw_time_shift_ms,-4.5,14.214338609720539,-2.0004163842219507,14.823577251810807,0.36329371850482745
12869,CCW,yaw_time_shift_ms,-4.0,14.17946676364195,-2.028734659142922,14.79359449112118,0.31912549115294325
12869,CCW,yaw_time_shift_ms,-3.5,14.144490456387757,-2.05482916730616,14.763279486410445,0.2760912230440235
12869,CCW,yaw_time_shift_ms,-3.0,14.109408328949758,-2.078701002282292,14.732617956631533,0.23411757028291452
12869,CCW,yaw_time_shift_ms,-2.5,14.074219024545368,-2.100351270555211,14.701596512622913,0.19312759739269525
12869,CCW,yaw_time_shift_ms,-2.0,14.03892118863762,-2.1197810915135284,14.67020266172552,0.15304083778724567
12869,CCW,yaw_time_shift_ms,-1.5,14.003513468961273,-2.1369915974386338,14.63842481265384,0.11377339601058316
12869,CCW,yaw_time_shift_ms,-1.0,13.96799451552979,-2.151983933501222,14.606252280629759,0.07523809455252749
12869,CCW,yaw_time_shift_ms,-0.5,13.93236298066554,-2.1647592577424284,14.573675292847033,0.03734466723874369
12869,CCW,yaw_time_shift_ms,0.0,13.896617519012306,-2.175318741072155,14.540684994265089,0.0
12869,CCW,yaw_time_shift_ms,0.5,13.863384293468744,-2.226452607131718,14.516251025925111,0.061037549392446114
12869,CCW,yaw_time_shift_ms,1.0,13.830064853210706,-2.275350485287942,14.491600860062679,0.12025535581684119
12869,CCW,yaw_time_shift_ms,1.5,13.796657813896264,-2.3220133308875193,14.466710135497822,0.17767647149472723
12869,CCW,yaw_time_shift_ms,2.0,13.763161793185327,-2.366442112285077,14.441555380737663,0.2333253151992444
12869,CCW,yaw_time_shift_ms,2.5,13.729575410758912,-2.408637810840689,14.416114016345135,0.2872277610539503
12869,CCW,yaw_time_shift_ms,3.0,13.695897288342575,-2.4486014209087315,14.390364357182209,0.33941123261391337
12869,CCW,yaw_time_shift_ms,3.5,13.662126049722223,-2.4863339498331856,14.364285614568734,0.3899048023738297
12869,CCW,yaw_time_shift_ms,4.0,13.62826032076182,-2.521836417933417,14.337857898410077,0.43873929676616275
12869,CCW,yaw_time_shift_ms,4.5,13.59429872942776,-2.555109858497451,14.311062219345033,0.4859474066848685
12869,CCW,yaw_time_shift_ms,5.0,13.560239905801541,-2.586155317776209,14.28388049094569,0.5315638034932462
12869,CCW,yaw_time_shift_ms,5.5,13.526082482102652,-2.61497385497386,14.256295532027671,0.5756252603631661
12869,CCW,yaw_time_shift_ms,6.0,13.491825092709586,-2.641566542233774,14.228291069105817,0.6181707787099071
12869,CCW,yaw_time_shift_ms,6.5,13.457466374173668,-2.665934464636442,14.199851739033605,0.6592417193644727
12869,CCW,yaw_time_shift_ms,7.0,13.4230049652376,-2.688078720188237,14.170963091875324,0.6988819379319213
12869,CCW,yaw_time_shift_ms,7.5,13.388439506864074,-2.708000419808383,14.141611594054181,0.7371379236270638
12869,CCW,yaw_time_shift_ms,8.0,13.353768642243017,-2.7257006873252863,14.111784631794208,0.7740589406946403
12869,CCW,yaw_time_shift_ms,8.5,13.31920684930376,-2.7414462596780154,14.081800398261475,0.80972028859914
12869,CCW,yaw_time_shift_ms,9.0,13.284536564739664,-2.7549716472564314,14.051318582199778,0.8441415299875258
12869,CCW,yaw_time_shift_ms,9.5,13.249023677144942,-2.7905330058526987,14.024586329107178,0.8944376484355029
12869,CCW,yaw_time_shift_ms,10.0,13.21338715943773,-2.8238619924757757,13.997419165203645,0.9432956619701275
12869,CCW,yaw_time_shift_ms,10.5,13.181269808584124,-2.8725942152004293,13.976752446439447,1.0002606579528948
12869,CCW,yaw_time_shift_ms,11.0,13.149065905711428,-2.9190861295591604,13.955750227332192,1.0558646522189166
12869,CCW,yaw_time_shift_ms,11.5,13.116168880590612,-2.9639141600767873,13.93376272767306,1.110892447699096
12869,CCW,yaw_time_shift_ms,12.0,13.083185720057212,-3.0065073740771284,13.911400395004279,1.1644439491960934
12869,CCW,yaw_time_shift_ms,12.5,13.050115043365304,-3.0468667590564165,13.888640378802553,1.2164879869331036
12869,CCW,yaw_time_shift_ms,13.0,13.016955471799701,-3.0849933155033566,13.865460756764637,1.2670053218536375
12869,CCW,yaw_time_shift_ms,13.5,12.983705628699521,-3.1208880568855593,13.841840534632347,1.3159860512002963
12869,CCW,yaw_time_shift_ms,14.0,12.95036413947189,-3.15455200964968,13.817759646065904,1.3634277538387305
12869,CCW,yaw_time_shift_ms,14.5,12.916929631615721,-3.185986213208422,13.793198952633706,1.4093341498150742
12869,CCW,yaw_time_shift_ms,15.0,12.883400734739212,-3.2151917199277165,13.768140243951454,1.453714123690343
12869,CCW,yaw_time_shift_ms,15.5,12.84977608057759,-3.24216959512557,13.742566238027273,1.4965810094691117
12869,CCW,yaw_time_shift_ms,16.0,12.81605430301288,-3.2669209170571962,13.716460581854706,1.5379520665701925
12869,CCW,yaw_time_shift_ms,16.5,12.782234038094884,-3.289446776911497,13.689807852303806,1.577848097420366
12869,CCW,yaw_time_shift_ms,17.0,12.748313924058175,-3.3097482787943875,13.662593557343621,1.6162931715004445
12869,CCW,yaw_time_shift_ms,17.5,12.714663514787935,-3.328274307521582,13.635337306627012,1.6533462192531208
12869,CCW,yaw_time_shift_ms,18.0,12.680909014833741,-3.344575831882433,13.60749282714311,1.6889965349235023
12869,CCW,yaw_time_shift_ms,18.5,12.643583991102172,-3.3745152646733785,13.579788373406425,1.7367275378494869
12869,CCW,yaw_time_shift_ms,19.0,12.606132744538058,-3.402226372308539,13.551520957701873,1.783025789254878
12869,CCW,yaw_time_shift_ms,19.5,12.574301753248779,-3.4449080787029787,13.532745979828727,1.835582192211529
12869,CCW,yaw_time_shift_ms,20.0,12.542358774522972,-3.4853483019527642,13.51347767351587,1.8867111613816383
12870,CCW,gyro_bias_dps,-0.3,8.711452974803615,-16.45834719553836,19.008896217614126,16.936549518729663
12870,CCW,gyro_bias_dps,-0.295,8.787046668333279,-16.19026944941226,18.809369721180826,16.658804053171338
12870,CCW,gyro_bias_dps,-0.29,8.863856354993526,-15.92241640720402,18.612750304408337,16.380910312468508
12870,CCW,gyro_bias_dps,-0.285,8.941881428383363,-15.654793113079496,18.41913723132212,16.102868017301347
12870,CCW,gyro_bias_dps,-0.27999999999999997,9.021121261427856,-15.387404609908184,18.22863252975533,15.824676888680479
12870,CCW,gyro_bias_dps,-0.27499999999999997,9.101575206374559,-15.1202559391883,18.041340966676213,15.546336647960796
12870,CCW,gyro_bias_dps,-0.27,9.183242594794432,-14.853352140958355,17.85737000877092,15.267847016841767
12870,CCW,gyro_bias_dps,-0.265,9.266122737584055,-14.58669825371295,17.676829766770712,14.989207717370165
12870,CCW,gyro_bias_dps,-0.26,9.35021492496926,-14.320299314318683,17.499832921948872,14.710418471943598
12870,CCW,gyro_bias_dps,-0.255,9.43551842650147,-14.054160357930934,17.326494633178502,14.431479003316825
12870,CCW,gyro_bias_dps,-0.25,9.52203249106542,-13.788286417906173,17.15693242294554,14.152389034600558
12870,CCW,gyro_bias_dps,-0.245,9.609756346876543,-13.522682525722994,16.99126604071538,13.87314828927186
12870,CCW,gyro_bias_dps,-0.24,9.698689201488696,-13.257353710893653,16.82961730209379,13.593756491172089
12870,CCW,gyro_bias_dps,-0.235,9.78883024179388,-12.992305000877607,16.672109902297795,13.314213364510083
12870,CCW,gyro_bias_dps,-0.22999999999999998,9.88017863402681,-12.727541421003144,16.518869202577118,13.034518633870734
12870,CCW,gyro_bias_dps,-0.22499999999999998,9.972733523768124,-12.46306799437732,16.370021988351176,12.754672024213736
12870,CCW,gyro_bias_dps,-0.21999999999999997,10.06649403594913,-12.198889741805719,16.225696198057065,12.474673260881014
12870,CCW,gyro_bias_dps,-0.21499999999999997,10.161459274857771,-11.935011681703992,16.08602062192614,12.19452206959547
12870,CCW,gyro_bias_dps,-0.21,10.257628324139683,-11.671438830017545,15.951124570220866,11.91421817647037
12870,CCW,gyro_bias_dps,-0.205,10.355000246808686,-11.408176200133335,15.82113751080819,11.633761308007157
12870,CCW,gyro_bias_dps,-0.19999999999999998,10.453574085247396,-11.145228802797913,15.696188676348932,11.353151191103267
12870,CCW,gyro_bias_dps,-0.195,10.553348861213816,-10.882601646031038,15.576406641844635,11.072387553053536
12870,CCW,gyro_bias_dps,-0.19,10.654323575852299,-10.620299735043181,15.461918873788983,10.791470121553767
12870,CCW,gyro_bias_dps,-0.185,10.756497209694407,-10.358328072149122,15.352851252701404,10.510398624704822
12870,CCW,gyro_bias_dps,-0.18,10.859868722668216,-10.096691656686454,15.249327571428095,10.229172791017515
12870,CCW,gyro_bias_dps,-0.175,10.96443705410527,-9.835395484924954,15.15146901217757,9.947792349410959
12870,CCW,gyro_bias_dps,-0.16999999999999998,11.070201122749632,-9.574444549990812,15.059393605904189,9.66625702922316
12870,CCW,gyro_bias_dps,-0.16499999999999998,11.177159826764797,-9.313843841775363,14.973215678224319,9.384566560208686
12870,CCW,gyro_bias_dps,-0.15999999999999998,11.28531204373894,-9.053598346853112,14.893045286685762,9.102720672545884
12870,CCW,gyro_bias_dps,-0.155,11.394656630700434,-8.793713048398581,14.818987654747676,8.820719096838317
12870,CCW,gyro_bias_dps,-0.15,11.505192424120718,-8.534192926097024,14.75114260829315,8.53856156411643
12870,CCW,gyro_bias_dps,-0.145,11.61691823992469,-8.275042956067201,14.689604020960228,8.256247805847009
12870,CCW,gyro_bias_dps,-0.13999999999999999,11.729832873505028,-8.016268110772234,14.634459274837052,7.973777553930525
12870,CCW,gyro_bias_dps,-0.13499999999999998,11.843935099725012,-7.757873358935453,14.585788743273824,7.691150540707429
12870,CCW,gyro_bias_dps,-0.12999999999999998,11.959223672935718,-7.499863665458288,14.54366530263951,7.408366498960915
12870,CCW,gyro_bias_dps,-0.12499999999999997,12.075697326980071,-7.242243991332854,14.508153879710854,7.12542516192054
12870,CCW,gyro_bias_dps,-0.12,12.193354775211537,-6.985019293563073,14.479311041185952,6.842326263266639
12870,CCW,gyro_bias_dps,-0.11499999999999999,12.312194710497966,-6.7281945250737305,14.457184631344754,6.5590695371315455
12870,CCW,gyro_bias_dps,-0.10999999999999999,12.432215805239366,-6.471774634627754,14.441813463380296,6.275654718101542
12870,CCW,gyro_bias_dps,-0.10499999999999998,12.553416711375826,-6.215764566749902,14.43322706915414,5.992081541228802
12870,CCW,gyro_bias_dps,-0.09999999999999998,12.675796060402968,-5.9601692616306945,14.431445511318744,5.708349742023215
12870,CCW,gyro_bias_dps,-0.09499999999999997,12.799352463381434,-5.704993655049959,14.436479260793245,5.424459056464094
12870,CCW,gyro_bias_dps,-0.09,12.924084510955776,-5.4502426782898485,14.448329141529365,5.140409220997985
12870,CCW,gyro_bias_dps,-0.08499999999999999,13.04999077335899,-5.1959212580547,14.466986343408042,4.856199972549902
12870,CCW,gyro_bias_dps,-0.07999999999999999,13.177069800436765,-4.942034316378553,14.49243250300791,4.571831048514342
12870,CCW,gyro_bias_dps,-0.07499999999999998,13.30532012165213,-4.6885867705534165,14.5246398508432,4.2873021867737044
12870,CCW,gyro_bias_dps,-0.06999999999999998,13.434740246106822,-4.435583533030255,14.56357142263192,4.002613125685425
12870,CCW,gyro_bias_dps,-0.06499999999999997,13.565328662554226,-4.183029511351155,14.609181331137636,3.7177636041000324
12870,CCW,gyro_bias_dps,-0.06,13.697083839410492,-3.9309296080512497,14.661415094224262,3.4327533613542944
12870,CCW,gyro_bias_dps,-0.05499999999999999,13.830004224776212,-3.679288720585806,14.720210014025831,3.1475821372807817
12870,CCW,gyro_bias_dps,-0.04999999999999999,13.96408824645091,-3.4281117412386437,14.7854956014425,2.8622496722052793
12870,CCW,gyro_bias_dps,-0.044999999999999984,14.099334311943494,-3.1774035570426933,14.857194039729718,2.5767557069567335
12870,CCW,gyro_bias_dps,-0.03999999999999998,14.23574080849885,-2.9271690496963187,14.935220680621535,2.291099982865173
12870,CCW,gyro_bias_dps,-0.034999999999999976,14.373306103105392,-2.6774130954758313,15.019484566221923,2.005282241766978
12870,CCW,gyro_bias_dps,-0.02999999999999997,14.512028542518078,-2.42814056515613,15.109888969934186,1.7193022260082271
12870,CCW,gyro_bias_dps,-0.024999999999999967,14.65190645327375,-2.1793563239252407,15.206331949775944,1.4331596784480052
12870,CCW,gyro_bias_dps,-0.019999999999999962,14.7929381417086,-1.931065231301676,15.308706907706217,1.1468543424625606
12870,CCW,gyro_bias_dps,-0.014999999999999958,14.935121893980044,-1.68327214104866,15.416903148940834,0.8603859619442518
12870,CCW,gyro_bias_dps,-0.010000000000000009,15.07845597608041,-1.4359819010943666,15.530806435675778,0.5737542813110633
12870,CCW,gyro_bias_dps,-0.0050000000000000044,15.222938633858643,-1.1891993534463865,15.650299530177838,0.28695904550619367
12870,CCW,gyro_bias_dps,0.0,15.368568093039903,-0.9429293341071002,15.775262722749716,0.0
12870,CCW,gyro_bias_dps,0.0050000000000000044,15.515342559244846,-0.6971766729933861,15.905574340688304,0.28712310920400397
12870,CCW,gyro_bias_dps,0.010000000000000009,15.663260218008599,-0.45194619385298224,16.041111234962884,0.5744105355657222
12870,CCW,gyro_bias_dps,0.015000000000000013,15.812319234802908,-0.207242714177638,16.181749241949994,0.8618625320099566
12870,CCW,gyro_bias_dps,0.020000000000000018,15.962517755055273,0.03692895487417047,16.327363618144986,1.149479350916503
12870,CCW,gyro_bias_dps,0.025000000000000022,16.113853904171698,0.2805640085644825,16.477829446337132,1.437261244122502
12870,CCW,gyro_bias_dps,0.030000000000000027,16.266325787554727,0.5236576486569128,16.633022012244872,1.7252084629156328
12870,CCW,gyro_bias_dps,0.03500000000000003,16.419931490629914,0.7662050834997374,16.79281715110198,2.0133212580332778
12870,CCW,gyro_bias_dps,0.040000000000000036,16.57466907886435,1.0082015281107437,16.957091564086223,2.301599879659801
12870,CCW,gyro_bias_dps,0.04500000000000004,16.73053659778957,1.2496422042540538,17.125723104877867,2.590044577418567
12870,CCW,gyro_bias_dps,0.050000000000000044,16.887532073026797,1.4905223405310473,17.298591036948494,2.878655600376841
12870,CCW,gyro_bias_dps,0.05499999999999999,17.045653510307783,1.730837172456917,17.475576262443425,3.1674331970368037
12870,CCW,gyro_bias_dps,0.06,17.204898895497262,1.9705819425443103,17.656561523753393,3.456377615332702
12870,CCW,gyro_bias_dps,0.065,17.365266194618677,2.2097519003871917,17.841431579043604,3.7454891026300245
12870,CCW,gyro_bias_dps,0.07,17.52675335387937,2.4483423027428883,18.03007335312974,4.034767905722938
12870,CCW,gyro_bias_dps,0.07500000000000001,17.689358299691435,2.686348413611533,18.222376065187504,4.324214270826536
12870,CCW,gyro_bias_dps,0.08000000000000002,17.853078938699195,2.92376550432317,18.418231334854628,4.613828443579759
12870,CCW,gyro_bias_dps,0.08500000000000002,18.01791315780408,3.160588853615157,18.617533268287257,4.903610669038053
12870,CCW,gyro_bias_dps,0.09000000000000002,18.18385882419009,3.3968137477167035,18.82017852575595,5.193561191672506
12870,CCW,gyro_bias_dps,0.09500000000000003,18.35091378534805,3.6324354804325396,19.026066372334185,5.483680255367253
12870,CCW,gyro_bias_dps,0.10000000000000003,18.51907586910577,3.867449353218342,19.235098713211425,5.773968103413614
12870,CCW,gyro_bias_dps,0.10500000000000004,18.688342883646396,4.101850675269039,19.447180115082556,6.064424978507823
12870,CCW,gyro_bias_dps,0.11000000000000004,18.858712617546484,4.335634763598629,19.66221781505151,6.355051122752667
12870,CCW,gyro_bias_dps,0.11500000000000005,19.030182839793678,4.568796943120193,19.880121718351866,6.645846777648059
12870,CCW,gyro_bias_dps,0.12,19.202751299820715,4.801332546729656,20.100804386178872,6.936812184093318
12870,CCW,gyro_bias_dps,0.125,19.376415727527252,5.033236915383069,20.324181014788167,7.227947582377988
12870,CCW,gyro_bias_dps,0.13,19.55117383331292,5.264505398183969,20.55016940698899,7.519253212185825
12870,CCW,gyro_bias_dps,0.135,19.727023308106048,5.4951333524604795,20.77868993702942,7.81072931258913
12870,CCW,gyro_bias_dps,0.14,19.9039618233867,5.7251161438457565,21.009665509816415,8.102376122041836
12870,CCW,gyro_bias_dps,0.14500000000000002,20.081987031223274,5.954449146363406,21.24302151534684,8.394193878384426
12870,CCW,gyro_bias_dps,0.15000000000000002,20.26109656429701,6.183127742503226,21.478685779108304,8.686182818833455
12870,CCW,gyro_bias_dps,0.15500000000000003,20.44128803593428,6.411147323304777,21.716588509179733,8.978343179983275
12870,CCW,gyro_bias_dps,0.16000000000000003,20.622559040136117,6.638503288438149,21.956662240665267,9.270675197801774
12870,CCW,gyro_bias_dps,0.16500000000000004,20.804907151607587,6.865191046284704,22.19884177803845,9.563179107627384
12870,CCW,gyro_bias_dps,0.17000000000000004,20.98832992579121,7.0912060140169215,22.443064135916117,9.855855144167027
12870,CCW,gyro_bias_dps,0.17500000000000004,21.172824898893985,7.316543617675329,22.689268478713558,10.148703541488347
12870,CCW,gyro_bias_dps,0.18,21.35838958792592,7.541199292256418,22.937396059604392,10.441724533026461
12870,CCW,gyro_bias_dps,0.185,21.545021490725503,7.765168481788746,23.187390159116426,10.734918351574482
12870,CCW,gyro_bias_dps,0.19,21.732718085993543,7.988446639410253,23.43919602369996,11.028285229279492
12870,CCW,gyro_bias_dps,0.195,21.921476833326913,8.211029227453636,23.6927608045371,11.32182539764463
12870,CCW,gyro_bias_dps,0.2,22.11129517325162,8.432911717519985,23.94803349681862,11.615539087521226
12870,CCW,gyro_bias_dps,0.20500000000000002,22.302170527253338,8.654089590566734,24.204964879702366,11.909426529111144
12870,CCW,gyro_bias_dps,0.21000000000000002,22.494100297813656,8.874558336976422,24.46350745711918,12.203487951957287
12870,CCW,gyro_bias_dps,0.21500000000000002,22.68708186844585,9.094313456649896,24.723615399581522,12.497723584952043
12870,CCW,gyro_bias_dps,0.22000000000000003,22.881112603722386,9.313350459070923,24.985244487092135,12.792133656319523
12870,CCW,gyro_bias_dps,0.22500000000000003,23.07618984931537,9.531664863396916,25.248352053289317,13.086718393625263
12870,CCW,gyro_bias_dps,0.23000000000000004,23.272310932028926,9.749252198533034,25.512896930874465,13.381478023767473
12870,CCW,gyro_bias_dps,0.23500000000000004,23.469473159837456,9.966108003209742,25.778839398407523,13.676412772975832
12870,CCW,gyro_bias_dps,0.24000000000000005,23.667673821915354,10.182227826067088,26.04614112850217,13.97152286680861
12870,CCW,gyro_bias_dps,0.24500000000000005,23.866910188677092,10.397607225727096,26.31476513747019,14.26680853014846
12870,CCW,gyro_bias_dps,0.25000000000000006,24.06717951181447,10.612241770878157,26.58467573643117,14.562269987203674
12870,CCW,gyro_bias_dps,0.25500000000000006,24.268479024330325,10.826127040349592,26.855838483894388,14.857907461502043
12870,CCW,gyro_bias_dps,0.26000000000000006,24.470805940574813,11.039258623191525,27.12822013982616,15.153721175887872
12870,CCW,gyro_bias_dps,0.26500000000000007,24.674157456286274,11.25163211875353,27.40178862119953,15.449711352522346
12870,CCW,gyro_bias_dps,0.2700000000000001,24.87853074862401,11.463243136760694,27.676512959004384,15.745878212876608
12870,CCW,gyro_bias_dps,0.2750000000000001,25.083922976212556,11.674087297394681,27.95236325672181,16.042221977734798
12870,CCW,gyro_bias_dps,0.27999999999999997,25.290331279171188,11.884160231368428,28.229310650215115,16.338742867184283
12870,CCW,gyro_bias_dps,0.285,25.497752779161875,12.09345758000698,28.507327269048897,16.635441100620916
12870,CCW,gyro_bias_dps,0.29,25.706184579419208,12.301974995322311,28.78638619916907,16.932316896739145
12870,CCW,gyro_bias_dps,0.295,25.915623764796624,12.509708140092176,29.06646144694926,17.229370473534328
12870,CCW,gyro_bias_dps,0.3,26.12606740180122,12.716652687937309,29.34752790454652,17.526602048297626
12870,CCW,gyro_gain_pct,-0.5,19.891541766353363,3.9452247369254096,20.593816521474388,6.7539559171765795
12870,CCW,gyro_gain_pct,-0.49,19.78955657034494,3.8527825793660524,20.47633976856153,6.614199239384257
12870,CCW,gyro_gain_pct,-0.48,19.688033939931778,3.7600942513176774,20.359565281784704,6.474635890971793
12870,CCW,gyro_gain_pct,-0.47,19.586974446340765,3.6671615543736307,20.24350157977898,6.335265725951406
12870,CCW,gyro_gain_pct,-0.46,19.486378654058605,3.5739862912303684,20.12815730686079,6.1960885979414995
12870,CCW,gyro_gain_pct,-0.45,19.386247120830923,3.480570265663176,20.013541233582053,6.057104360167252
12870,CCW,gyro_gain_pct,-0.44,19.28658039765994,3.3869152824967217,19.899662257195743,5.918312865457213
12870,CCW,gyro_gain_pct,-0.43,19.18737902880457,3.2930231475848,19.786529402032063,5.77971396624856
12870,CCW,gyro_gain_pct,-0.42,19.088643551781026,3.1988956677849467,19.674151819774835,5.641307514587352
12870,CCW,gyro_gain_pct,-0.41000000000000003,18.990374497360403,3.1045346509317246,19.562538789629265,5.503093362127774
12870,CCW,gyro_gain_pct,-0.4,18.892572389568567,3.009941905812191,19.451699718380183,5.365071360132074
12870,CCW,gyro_gain_pct,-0.39,18.795237745687018,2.915119242142235,19.3416441403324,5.227241359474321
12870,CCW,gyro_gain_pct,-0.38,18.698371076254897,2.820068470543915,19.232381717126614,5.089603210643135
12870,CCW,gyro_gain_pct,-0.37,18.60197288506049,2.7247914025148043,19.123922237410557,4.952156763733601
12870,CCW,gyro_gain_pct,-0.36,18.506043669152177,2.6292898504095144,19.01627561639139,4.814901868459424
12870,CCW,gyro_gain_pct,-0.35,18.41058391882857,2.5335656274106846,18.90945189521756,4.677838374144119
12870,CCW,gyro_gain_pct,-0.33999999999999997,18.31559411764663,2.4376205475095487,18.803461240223942,4.540966129731628
12870,CCW,gyro_gain_pct,-0.32999999999999996,18.221074742416977,2.3414564254710273,18.698313941998865,4.4042849837757405
12870,CCW,gyro_gain_pct,-0.32,18.12702626320704,2.2450750768215926,18.59402041429117,4.267794784452279
12870,CCW,gyro_gain_pct,-0.31,18.03344914333841,2.148478317817015,18.49059119272699,4.131495379552908
12870,CCW,gyro_gain_pct,-0.3,17.940343839389833,2.0516679654192975,18.388036933346676,3.9953866164880583
12870,CCW,gyro_gain_pct,-0.29000000000000004,17.84771080119731,1.9546458372701998,18.286368410941076,3.8594683422868683
12870,CCW,gyro_gain_pct,-0.28,17.755550471853574,1.8574137516725002,18.185596517182077,3.72374040360121
12870,CCW,gyro_gain_pct,-0.27,17.663863287712182,1.7599735275588322,18.085732258543388,3.588202646704272
12870,CCW,gyro_gain_pct,-0.26,17.5726496783833,1.6623269844705704,17.986786753990256,3.4528549174902383
12870,CCW,gyro_gain_pct,-0.25,17.481910066739623,1.5644759425306554,17.888771232446864,3.317697061477418
12870,CCW,gyro_gain_pct,-0.24,17.391644868913044,1.4664222224252008,17.791697030016053,3.18272892381015
12870,CCW,gyro_gain_pct,-0.22999999999999998,17.301854494300823,1.3681676453681484,17.695575586956778,3.0479503492553235
12870,CCW,gyro_gain_pct,-0.21999999999999997,17.212539345559456,1.26971403309174,17.600418444393583,2.9133611822098233
12870,CCW,gyro_gain_pct,-0.21000000000000002,17.123699818615385,1.1710632078034209,17.50623724077371,2.778961266693366
12870,CCW,gyro_gain_pct,-0.2,17.035336302657676,1.0722169921785798,17.413043708033925,2.6447504463572735
12870,CCW,gyro_gain_pct,-0.19,16.947449180146872,0.9731772093263252,17.32084966749848,2.5107285644826915
12870,CCW,gyro_gain_pct,-0.18,16.860038826808953,0.8739456827673472,17.22966702547083,2.3768954639778888
12870,CCW,gyro_gain_pct,-0.16999999999999998,16.773105611643473,0.7745242364102914,17.139507768541147,2.2432509873852435
12870,CCW,gyro_gain_pct,-0.15999999999999998,16.686649896921654,0.6749146945259739,17.050383958575203,2.109794976877374
12870,CCW,gyro_gain_pct,-0.14999999999999997,16.60067203819176,0.5751188817231935,16.962307727398006,1.9765272742618025
12870,CCW,gyro_gain_pct,-0.14,16.515172384275708,0.4751386229257598,16.87529127114836,1.8434477209790072
12870,CCW,gyro_gain_pct,-0.13,16.430151277275286,0.3749757433460175,16.78934684431389,1.7105561581047954
12870,CCW,gyro_gain_pct,-0.12,16.345609052573174,0.27463206846254806,16.704486753430015,1.5778524263523168
12870,CCW,gyro_gain_pct,-0.10999999999999999,16.26154603883481,0.17410942399547621,16.62072335044177,1.4453363660718392
12870,CCW,gyro_gain_pct,-0.09999999999999998,16.177962558009995,0.07340963587617537,16.538069025722205,1.3130078172480517
12870,CCW,gyro_gain_pct,-0.08999999999999997,16.094858925337782,-0.027465469763072292,16.456536200747994,1.1808666195122912
12870,CCW,gyro_gain_pct,-0.08000000000000002,16.012235449345894,-0.12851406662987513,16.37613732042258,1.0489126121293753
12870,CCW,gyro_gain_pct,-0.07,15.930092431854472,-0.22973432828523316,16.296884845049576,0.9171456340081476
12870,CCW,gyro_gain_pct,-0.06,15.848430167979814,-0.3311244281698237,16.218791241955795,0.7855655237007161
12870,CCW,gyro_gain_pct,-0.04999999999999999,15.76724894613526,-0.43268253963039527,16.141868976759866,0.6541721194014194
12870,CCW,gyro_gain_pct,-0.03999999999999998,15.686549048033612,-0.534406835943021,16.066130504288143,0.5229652589484738
12870,CCW,gyro_gain_pct,-0.02999999999999997,15.606330748695019,-0.6362954903373307,15.991588259149289,0.39194477982726617
12870,CCW,gyro_gain_pct,-0.020000000000000018,15.526594316441537,-0.7383466760195674,15.918254645948581,0.2611105191680124
12870,CCW,gyro_gain_pct,-0.010000000000000009,15.447340012907443,-0.8405585661982287,15.846142029176228,0.13046231374960635
12870,CCW,gyro_gain_pct,0.0,15.368568093039903,-0.9429293341071002,15.775262722749716,0.0
12870,CCW,gyro_gain_pct,0.010000000000000009,15.290278805099978,-1.0454571530318568,15.705628979229967,0.1302765860054763
12870,CCW,gyro_gain_pct,0.020000000000000018,15.212472390669154,-1.148140196328886,15.637252978721133,0.26036760853749863
12870,CCW,gyro_gain_pct,0.030000000000000027,15.135149084651948,-1.2509766374566276,15.570146817458454,0.39027323221820226
12870,CCW,gyro_gain_pct,0.040000000000000036,15.058309115279599,-1.3539646499931564,15.504322496098476,0.5199936220136269
12870,CCW,gyro_gain_pct,0.050000000000000044,14.981952704108744,-1.4571024076629626,15.439791907720796,0.6495289432389452
12870,CCW,gyro_gain_pct,0.06000000000000005,14.90608006603552,-1.560388084361731,15.376566825574843,0.778879361551213
12870,CCW,gyro_gain_pct,0.07000000000000006,14.830691409288715,-1.6638198541784406,15.314658890554009,0.9080450429530463
12870,CCW,gyro_gain_pct,0.07999999999999996,14.755786935439755,-1.7673958914204022,15.254079598451352,1.0370261537892227
12870,CCW,gyro_gain_pct,0.08999999999999997,14.681366839403996,-1.8711143706375544,15.194840286992733,1.1658228607468473
12870,CCW,gyro_gain_pct,0.09999999999999998,14.607431309446929,-1.9749734666465926,15.13695212268141,1.2944353308531409
12870,CCW,gyro_gain_pct,0.10999999999999999,14.533980527184122,-2.0789713545529276,15.080426087468211,1.4228637314755903
12870,CCW,gyro_gain_pct,0.12,14.461014667592872,-2.1831062097744436,15.025272965287307,1.5511082303163848
12870,CCW,gyro_gain_pct,0.13,14.388533899007893,-2.2873762080695608,14.971503328460866,1.6791689954192834
12870,CCW,gyro_gain_pct,0.14,14.316538383130341,-2.3917795255576166,14.919127524024109,1.807046195163118
12870,CCW,gyro_gain_pct,0.15000000000000002,14.245028275031677,-2.4963143387392726,14.868155659988417,1.9347399982583828
12870,CCW,gyro_gain_pct,0.16000000000000003,14.174003723158307,-2.60097882453121,14.818597591575498,2.0622505737553993
12870,CCW,gyro_gain_pct,0.17000000000000004,14.103464869334994,-2.7057711602777497,14.770462907453869,2.1895780910324847
12870,CCW,gyro_gain_pct,0.18000000000000005,14.033411848771015,-2.810689523778147,14.723760916015593,2.3167227197989524
12870,CCW,gyro_gain_pct,0.19000000000000006,13.963844790065195,-2.9157320933172386,14.678500631727072,2.4436846300976534
12870,CCW,gyro_gain_pct,0.20000000000000007,13.89476381520742,-3.02089704768121,14.63469076158276,2.5704639923003194
12870,CCW,gyro_gain_pct,0.20999999999999996,13.826169039585967,-3.1261825661806766,14.592339691709228,2.6970609771044627
12870,CCW,gyro_gain_pct,0.21999999999999997,13.75806057199593,-3.231586828682546,14.551455474159116,2.8234757555366365
12870,CCW,gyro_gain_pct,0.22999999999999998,13.690438514637275,-3.3371080156246293,14.512045813909737,2.949708498948484
12870,CCW,gyro_gain_pct,0.24,13.623302963124525,-3.4427443080426414,14.474118056138948,3.075759379015288
12870,CCW,gyro_gain_pct,0.25,13.556654006492499,-3.548493887597677,14.437679173794422,3.20162856773832
12870,CCW,gyro_gain_pct,0.26,13.490491727197831,-3.654354936591112,14.40273575549744,3.3273162374385366
12870,CCW,gyro_gain_pct,0.27,13.424816201129556,-3.760325637995541,14.36929399383256,3.452822560758303
12870,CCW,gyro_gain_pct,0.28,13.359627497609313,-3.8664041754764398,14.337359674045159,3.5781477106623263
12870,CCW,gyro_gain_pct,0.29000000000000004,13.29492567940074,-3.972588733412087,14.306938163199705,3.7032918604314466
12870,CCW,gyro_gain_pct,0.30000000000000004,13.23071080271418,-4.078877496922613,14.278034399826241,3.8282551836659957
12870,CCW,gyro_gain_pct,0.31000000000000005,13.166982917211545,-4.1852686518866475,14.250652884093666,3.953037854280201
12870,CCW,gyro_gain_pct,0.32000000000000006,13.103742066013023,-4.291760384970026,14.224797668548893,4.077640046504882
12870,CCW,gyro_gain_pct,0.33000000000000007,13.040988285702293,-4.398350883648426,14.200472349451598,4.202061934886108
12870,CCW,gyro_gain_pct,0.33999999999999997,12.978721606334807,-4.505038336228063,14.177680058736762,4.326303694280338
12870,CCW,gyro_gain_pct,0.35,12.91694205143865,-4.611820931870236,14.15642345663452,4.450365499857543
12870,CCW,gyro_gain_pct,0.36,12.855649638026966,-4.718696860614308,14.136704724984885,4.574247527096099
12870,CCW,gyro_gain_pct,0.37,12.794844376601622,-4.825664313402875,14.118525561258894,4.697949951784883
12870,CCW,gyro_gain_pct,0.38,12.734526271155506,-4.932721482101089,14.101887173315605,4.82147295002119
12870,CCW,gyro_gain_pct,0.39,12.674695319187549,-5.0398665595221885,14.086790274929717,4.944816698206351
12870,CCW,gyro_gain_pct,0.4,12.615351511702215,-5.147097739450423,14.073235082081757,5.067981373048751
12870,CCW,gyro_gain_pct,0.41000000000000003,12.55649483321631,-5.25441321666499,14.061221310049989,5.190967151562963
12870,CCW,gyro_gain_pct,0.42000000000000004,12.49812526177043,-5.361811186959852,14.05074817130925,5.313774211063489
12870,CCW,gyro_gain_pct,0.43000000000000005,12.44024276893133,-5.469289847168203,14.041814374239694,5.436402729166597
12870,CCW,gyro_gain_pct,0.44000000000000006,12.382847319801112,-5.576847395188007,14.034418122666533,5.55885288379056
12870,CCW,gyro_gain_pct,0.45000000000000007,12.325938873022029,-5.684482030002269,14.028557116217204,5.681124853153375
12870,CCW,gyro_gain_pct,0.45999999999999996,12.269517380786283,-5.792191951701042,14.024228551515366,5.803218815768552
12870,CCW,gyro_gain_pct,0.47,12.21358278883979,-5.899975361504668,14.021429124190043,5.925134950446913
12870,CCW,gyro_gain_pct,0.48,12.158135036491966,-6.007830461790296,14.020155031714635,6.046873436296538
12870,CCW,gyro_gain_pct,0.49,12.103174056621128,-6.11575545610916,14.020401977044399,6.168434452717544
12870,CCW,gyro_gain_pct,0.5,12.04869977568353,-6.223748549213828,14.022165173063184,6.289818179404831
12870,CCW,wheel_relative_pct,-2.0,15.429819487112832,-0.9355743225799322,15.834377756529097,0.06173597987044915
12870,CCW,wheel_relative_pct,-1.95,15.428288202261138,-0.9357581978686256,15.832899636868554,0.06019258037373973
12870,CCW,wheel_relative_pct,-1.9,15.426756917408602,-0.9359420731563318,15.831421529666226,0.05864918087635818
12870,CCW,wheel_relative_pct,-1.85,15.425225632556907,-0.936125948444755,15.829943434927264,0.057105781379693576
12870,CCW,wheel_relative_pct,-1.8,15.423694347705077,-0.9363098237320528,15.8284653526541,0.05556238188301426
12870,CCW,wheel_relative_pct,-1.75,15.422163062853906,-0.9364936990212606,15.826987282851182,0.05401898238678407
12870,CCW,wheel_relative_pct,-1.7,15.420631778002189,-0.9366775743087856,15.82550922552068,0.052475582890214104
12870,CCW,wheel_relative_pct,-1.65,15.419100493150268,-0.9368614495971223,15.824031180666404,0.05093218339333504
12870,CCW,wheel_relative_pct,-1.6,15.41756920829862,-0.9370453248856776,15.822553148292679,0.049388783896689215
12870,CCW,wheel_relative_pct,-1.55,15.41603792344647,-0.9372292001735729,15.821075128401619,0.04784538439965762
12870,CCW,wheel_relative_pct,-1.5,15.414506638594707,-0.937413075461334,15.819597120998102,0.04630198490299155
12870,CCW,wheel_relative_pct,-1.45,15.412975353743104,-0.9375969507501118,15.818119126085282,0.04475858540639595
12870,CCW,wheel_relative_pct,-1.4,15.411444068890683,-0.9377808260374799,15.81664114366549,0.043215185909134576
12870,CCW,wheel_relative_pct,-1.35,15.409912784038806,-0.9379647013264574,15.815163173743874,0.0416717864122432
12870,CCW,wheel_relative_pct,-1.2999999999999998,15.408381499187112,-0.9381485766148956,15.813685216323435,0.0401283869155374
12870,CCW,wheel_relative_pct,-1.25,15.406850214335645,-0.938332451902491,15.812207271407727,0.0385849874192201
12870,CCW,wheel_relative_pct,-1.2,15.40531892948402,-0.9385163271906144,15.810729338999812,0.037041587922655606
12870,CCW,wheel_relative_pct,-1.15,15.403787644631711,-0.9387002024787925,15.809251419102734,0.035498188425435236
12870,CCW,wheel_relative_pct,-1.1,15.402256359779518,-0.9388840777669607,15.807773511720868,0.033954788928298126
12870,CCW,wheel_relative_pct,-1.0499999999999998,15.40072507492771,-0.9390679530549206,15.80629561685784,0.032411389431569716
12870,CCW,wheel_relative_pct,-1.0,15.399193790076106,-0.9392518283429936,15.804817734517119,0.030867989935056076
12870,CCW,wheel_relative_pct,-0.95,15.397662505224798,-0.9394357036314339,15.803339864702409,0.029324590438743553
12870,CCW,wheel_relative_pct,-0.8999999999999999,15.396131220372103,-0.939619578919865,15.80186200741514,0.027781190941107748
12870,CCW,wheel_relative_pct,-0.8499999999999999,15.394599935520977,-0.9398034542077198,15.80038416266217,0.026237791445081655
12870,CCW,wheel_relative_pct,-0.7999999999999998,15.393068650668829,-0.9399873294966994,15.79890633044441,0.024694391947902645
12870,CCW,wheel_relative_pct,-0.75,15.391537365817749,-0.9401712047841656,15.797428510767064,0.023150992451954473
12870,CCW,wheel_relative_pct,-0.7,15.390006080965303,-0.9403550800722599,15.795950703631645,0.021607592954597406
12870,CCW,wheel_relative_pct,-0.6499999999999999,15.388474796113291,-0.9405389553604451,15.79447290904326,0.020064193457659137
12870,CCW,wheel_relative_pct,-0.5999999999999999,15.386943511261553,-0.9407228306484285,15.792995127005526,0.01852079396098694
12870,CCW,wheel_relative_pct,-0.5499999999999998,15.38541222640988,-0.940906705936954,15.79151735752147,0.01697739446431123
12870,CCW,wheel_relative_pct,-0.5,15.383880941558209,-0.9410905812255294,15.790039600594811,0.015433994967675247
12870,CCW,wheel_relative_pct,-0.44999999999999996,15.38234965670615,-0.9412744565137942,15.788561856228286,0.01389059547068045
12870,CCW,wheel_relative_pct,-0.3999999999999999,15.380818371854502,-0.9414583318018828,15.787084124426638,0.012347195974108409
12870,CCW,wheel_relative_pct,-0.34999999999999987,15.379287087002103,-0.9416422070895891,15.785606405191968,0.010803796476829941
12870,CCW,wheel_relative_pct,-0.2999999999999998,15.377755802151205,-0.9418260823775355,15.784128698530058,0.009260396981010709
12870,CCW,wheel_relative_pct,-0.25,15.376224517298988,-0.9420099576661023,15.782651004441812,0.007716997483808754
12870,CCW,wheel_relative_pct,-0.19999999999999996,15.374693232447317,-0.942193832955222,15.781173322932572,0.006173597987082253
12870,CCW,wheel_relative_pct,-0.1499999999999999,15.373161947595417,-0.9423777082422944,15.779695654004914,0.004630198490379337
12870,CCW,wheel_relative_pct,-0.09999999999999987,15.371630662743542,-0.9425615835308363,15.778217997663011,0.0030867989935225225
12870,CCW,wheel_relative_pct,-0.04999999999999982,15.370099377891439,-0.9427454588193598,15.776740353909814,0.0015433994964432363
12870,CCW,wheel_relative_pct,0.0,15.368568093039903,-0.9429293341071002,15.775262722749716,0.0
12870,CCW,wheel_relative_pct,0.050000000000000266,15.36703680818773,-0.9431132093950396,15.773785104185258,0.0015433994970529342
12870,CCW,wheel_relative_pct,0.10000000000000009,15.365505523336015,-0.9432970846832781,15.772307498220625,0.003086798993725912
12870,CCW,wheel_relative_pct,0.1499999999999999,15.363974238484616,-0.9434809599714982,15.770829904859443,0.0046301984900489705
12870,CCW,wheel_relative_pct,0.20000000000000018,15.362442953632216,-0.943664835260256,15.769352324104245,0.006173597987455017
12870,CCW,wheel_relative_pct,0.25,15.360911668780636,-0.9438487105482721,15.767874755960069,0.007716997483965764
12870,CCW,wheel_relative_pct,0.30000000000000027,15.359380383929011,-0.9440325858362165,15.766397200429461,0.009260396980485716
12870,CCW,wheel_relative_pct,0.3500000000000001,15.35784909907693,-0.9442164611254021,15.764919657516012,0.01080379647764585
12870,CCW,wheel_relative_pct,0.40000000000000036,15.356317814225168,-0.9444003364121756,15.763442127223472,0.012347195974174361
12870,CCW,wheel_relative_pct,0.4500000000000002,15.35478652937386,-0.9445842117004488,15.761964609556014,0.013890595470446892
12870,CCW,wheel_relative_pct,0.5,15.353255244521302,-0.9447680869893269,15.760487104515468,0.015433994968022138
12870,CCW,wheel_relative_pct,0.5500000000000003,15.35172395966988,-0.9449519622772797,15.75900961210737,0.01697739446432996
12870,CCW,wheel_relative_pct,0.6000000000000001,15.350192674817823,-0.9451358375655424,15.757532132333951,0.01852079396134869
12870,CCW,wheel_relative_pct,0.6500000000000004,15.348661389966287,-0.9453197128539557,15.756054665199727,0.0200641934578555
12870,CCW,wheel_relative_pct,0.7000000000000002,15.347130105114115,-0.9455035881421316,15.754577210706985,0.02160759295495868
12870,CCW,wheel_relative_pct,0.75,15.345598820262285,-0.9456874634302566,15.75309976886038,0.023150992451714626
12870,CCW,wheel_relative_pct,0.8000000000000003,15.34406753541091,-0.9458713387185653,15.751622339663498,0.024694391948046315
12870,CCW,wheel_relative_pct,0.8500000000000001,15.342536250559283,-0.9460552140063356,15.750144923119397,0.02623779144456595
12870,CCW,wheel_relative_pct,0.9000000000000004,15.341004965707294,-0.9462390892952314,15.748667519231343,0.027781190941576172
12870,CCW,wheel_relative_pct,0.9500000000000002,15.339473680855122,-0.946422964582841,15.747190128003108,0.029324590438634397
12870,CCW,wheel_relative_pct,1.0,15.337942396003518,-0.9466068398708728,15.745712749438912,0.03086798993514059
12870,CCW,wheel_relative_pct,1.0500000000000003,15.336411111151346,-0.9467907151591461,15.74423538354149,0.03241138943227115
12870,CCW,wheel_relative_pct,1.1,15.334879826299971,-0.9469745904471673,15.742758030315516,0.03395478892856772
12870,CCW,wheel_relative_pct,1.1500000000000004,15.333348541447481,-0.9471584657354292,15.741280689762625,0.035498188425981576
12870,CCW,wheel_relative_pct,1.2000000000000002,15.3318172565964,-0.94734234102377,15.739803361889134,0.03704158792202841
12870,CCW,wheel_relative_pct,1.25,15.330285971744274,-0.9475262163123659,15.738326046695976,0.038584987419133965
12870,CCW,wheel_relative_pct,1.3000000000000003,15.32875468689249,-0.9477100915999742,15.73684874418812,0.040128386915789536
12870,CCW,wheel_relative_pct,1.35,15.327223402040705,-0.9478939668877928,15.735371454368803,0.04167178641248238
12870,CCW,wheel_relative_pct,1.4000000000000004,15.325692117188941,-0.9480778421764733,15.733894177241774,0.04321518590926877
12870,CCW,wheel_relative_pct,1.4500000000000002,15.32416083233693,-0.9482617174645952,15.732416912809972,0.04475858540617415
12870,CCW,wheel_relative_pct,1.5,15.322629547485349,-0.9484455927526867,15.730939661078137,0.04630198490269883
12870,CCW,wheel_relative_pct,1.5500000000000003,15.321098262633427,-0.9486294680408293,15.729462422048732,0.04784538439954627
12870,CCW,wheel_relative_pct,1.6,15.319566977781642,-0.9488133433286606,15.727985195725843,0.0493887838962123
12870,CCW,wheel_relative_pct,1.6500000000000004,15.318035692930811,-0.9489972186177595,15.726507982114187,0.05093218339211917
12870,CCW,wheel_relative_pct,1.7000000000000002,15.316504408077503,-0.949181093905431,15.725030781213432,0.052475582890316466
12870,CCW,wheel_relative_pct,1.75,15.314973123226741,-0.9493649691935169,15.723553593032507,0.054018982385971644
12870,CCW,wheel_relative_pct,1.8000000000000003,15.31344183837441,-0.9495488444815336,15.722076417570834,0.05556238188321762
12870,CCW,wheel_relative_pct,1.85,15.31191055352233,-0.9497327197697636,15.720599254833576,0.05710578138023192
12870,CCW,wheel_relative_pct,1.9000000000000004,15.310379268670772,-0.9499165950586466,15.719122104824983,0.05864918087682636
12870,CCW,wheel_relative_pct,1.9500000000000002,15.308847983818783,-0.9501004703462655,15.717644967547406,0.06019258037368479
12870,CCW,wheel_relative_pct,2.0,15.307316698967224,-0.9502843456346284,15.71616784300563,0.06173597987021953
12870,CCW,yaw_time_shift_ms,-20.0,16.723403683478704,0.26206353762534906,17.08815977463994,1.8154732118785273
12870,CCW,yaw_time_shift_ms,-19.5,16.688060154121512,0.24061331260949678,17.052800645719483,1.7747165056441825
12870,CCW,yaw_time_shift_ms,-19.0,16.652634593012113,0.2213699064555236,17.017419703638016,1.7354142123081056
12870,CCW,yaw_time_shift_ms,-18.5,16.62281353748574,0.18501611506306723,16.987332476731684,1.688857486208593
12870,CCW,yaw_time_shift_ms,-18.0,16.592919118323813,0.15088052518376677,16.957271708754973,1.6437530699916554
12870,CCW,yaw_time_shift_ms,-17.5,16.559599782347572,0.1054792051921826,16.924005745616224,1.588662747166575
12870,CCW,yaw_time_shift_ms,-17.0,16.526188213696308,0.062297280200926154,16.89078153923722,1.5350480429735698
12870,CCW,yaw_time_shift_ms,-16.5,16.492199240556374,0.019823606780923698,16.85705939118058,1.4815177551041248
12870,CCW,yaw_time_shift_ms,-16.0,16.458114016743117,-0.02043088896180194,16.823350306554904,1.4294154641801908
12870,CCW,yaw_time_shift_ms,-15.5,16.423931211197623,-0.05846727803411191,16.789637686155416,1.3787140422510404
12870,CCW,yaw_time_shift_ms,-15.0,16.38964949513843,-0.09428664414394987,16.755905702954564,1.3293891180117474
12870,CCW,yaw_time_shift_ms,-14.5,16.355267542079492,-0.127890083680472,16.722139308560987,1.281419870411001
12870,CCW,yaw_time_shift_ms,-14.0,16.320784027846592,-0.15927870571077563,16.68832423960177,1.2347899513220162
12870,CCW,yaw_time_shift_ms,-13.5,16.286197630599712,-0.18845363196164974,16.654447024058,1.1894885549179577
12870,CCW,yaw_time_shift_ms,-13.0,16.251507030844436,-0.2154159968204233,16.620494987564424,1.1455116527007239
12870,CCW,yaw_time_shift_ms,-12.5,16.216710911453355,-0.24016694731615687,16.586456259709724,1.1028634138275966
12870,CCW,yaw_time_shift_ms,-12.0,16.181807957685646,-0.26270764311097494,16.552319780355145,1.0615578295077677
12870,CCW,yaw_time_shift_ms,-11.5,16.1467968572018,-0.28303925649499034,16.518075305984237,1.0216205569665158
12870,CCW,yaw_time_shift_ms,-11.0,16.11167630007983,-0.3011629723711714,16.483713416112856,0.9830909910970801
12870,CCW,yaw_time_shift_ms,-10.5,16.07654121343553,-0.31706122838461254,16.44934037896597,0.9461138670868042
12870,CCW,yaw_time_shift_ms,-10.0,16.041293930926848,-0.33075343882476105,16.41483342118579,0.9106726436711512
12870,CCW,yaw_time_shift_ms,-9.5,16.00951879434094,-0.3606659124710653,16.383928377548656,0.8669640561761156
12870,CCW,yaw_time_shift_ms,-9.0,15.977669500981142,-0.388364342827213,16.352958139820004,0.8246900614643848
12870,CCW,yaw_time_shift_ms,-8.5,15.944826830061242,-0.4373316905040291,16.321772703801084,0.7675276163973357
12870,CCW,yaw_time_shift_ms,-8.0,15.91189712489322,-0.484075542485958,16.290591548021688,0.7120313143419428
12870,CCW,yaw_time_shift_ms,-7.5,15.878662126610493,-0.5293835984160836,16.259176282559707,0.6574912654648221
12870,CCW,yaw_time_shift_ms,-7.0,15.845336926246592,-0.5724692745047051,16.227729961748796,0.6045517655421375
12870,CCW,yaw_time_shift_ms,-6.5,15.811920186418433,-0.6133336196326482,16.196233955674348,0.5531674750768258
12870,CCW,yaw_time_shift_ms,-6.0,15.778410571971904,-0.6519776954006886,16.16467043083951,0.5032900001352589
12870,CCW,yaw_time_shift_ms,-5.5,15.744806749986491,-0.6884025761181818,16.133022356052866,0.45486775015113445
12870,CCW,yaw_time_shift_ms,-5.0,15.711107389804443,-0.7226093487926782,16.101273508245576,0.4078458043969019
12870,CCW,yaw_time_shift_ms,-4.5,15.677311163044783,-0.7545991131174908,16.069408478210043,0.36216579061611665
12870,CCW,yaw_time_shift_ms,-4.0,15.643416743619468,-0.7843729814688224,16.03741267630372,0.31776577974132336
12870,CCW,yaw_time_shift_ms,-3.5,15.609422807751798,-0.8119320788886121,16.00527233814537,0.274580200977634
12870,CCW,yaw_time_shift_ms,-3.0,15.57532803399845,-0.8372775430789303,15.972974530335115,0.23253978177930001
12870,CCW,yaw_time_shift_ms,-2.5,15.54113110326141,-0.8604105243896285,15.940507156208353,0.19157151741746295
12870,CCW,yaw_time_shift_ms,-2.0,15.50683069880904,-0.8813321858094397,15.907858961669664,0.15159867486942294
12870,CCW,yaw_time_shift_ms,-1.5,15.472425506295782,-0.9000437029532385,15.875019541119743,0.11254083558081943
12870,CCW,yaw_time_shift_ms,-1.0,15.437914213774707,-0.916546264058087,15.841979343495442,0.07431398127559295
12870,CCW,yaw_time_shift_ms,-0.5,15.403295511719103,-0.9308410699627607,15.808729678459292,0.036830626414806486
12870,CCW,yaw_time_shift_ms,0.0,15.368568093039903,-0.9429293341071002,15.775262722749716,0.0
12870,CCW,yaw_time_shift_ms,0.5,15.336201829184528,-0.9955011914043453,15.746602284669954,0.061777448041801526
12870,CCW,yaw_time_shift_ms,1.0,15.303754042567448,-1.0458455565605775,15.717906191752075,0.12170781461840074
12870,CCW,yaw_time_shift_ms,1.5,15.271223385911208,-1.0939634308786232,15.68915206578184,0.17981215356107383
12870,CCW,yaw_time_shift_ms,2.0,15.238608514070211,-1.1398558284194835,15.660318341456074,0.23611276400408027
12870,CCW,yaw_time_shift_ms,2.5,15.205908084048474,-1.1835237759908253,15.631384271734792,0.29063327313132364
12870,CCW,yaw_time_shift_ms,3.0,15.173120755020637,-1.2249683131390499,15.602329933004873,0.3433987242352713
12870,CCW,yaw_time_shift_ms,3.5,15.140245188345466,-1.2641904921425577,15.573136230082431,0.3944356702979987
12870,CCW,yaw_time_shift_ms,4.0,15.107280047586277,-1.3011913779944364,15.543784901100413,0.44377227325961194
12870,CCW,yaw_time_shift_ms,4.5,15.074223998530579,-1.33597204840066,15.514258522315547,0.4914384091434931
12870,CCW,yaw_time_shift_ms,5.0,15.041075709203914,-1.3685335937659786,15.48454051285645,0.5374657791171756
12870,CCW,yaw_time_shift_ms,5.5,15.007833849891927,-1.3988771171871348,15.454615139466469,0.5818880265328419
12870,CCW,yaw_time_shift_ms,6.0,14.974497093156355,-1.4270037344422974,15.424467521255638,0.6247408599051132
12870,CCW,yaw_time_shift_ms,6.5,14.941064113851803,-1.4529145739757496,15.394083634503668,0.6660621816826781
12870,CCW,yaw_time_shift_ms,7.0,14.907533589145533,-1.476610776898383,15.363450317545508,0.7058922225714945
12870,CCW,yaw_time_shift_ms,7.5,14.873904198534934,-1.4980934969660282,15.332555275764978,0.7442736809805917
12870,CCW,yaw_time_shift_ms,8.0,14.840174623865824,-1.5173639005779407,15.301387086728095,0.781251867048649
12870,CCW,yaw_time_shift_ms,8.5,14.806486944926178,-1.53479908830992,15.270095934013899,0.8170578674458724
12870,CCW,yaw_time_shift_ms,9.0,14.772695728722942,-1.5500228693991502,15.238511371146256,0.8515473503446542
12870,CCW,yaw_time_shift_ms,9.5,14.738108353624398,-1.5860244187657018,15.208248430792867,0.9015224309892521
12870,CCW,yaw_time_shift_ms,10.0,14.703400207360824,-1.6198061880210517,15.177737066548763,0.949999933046028
12870,CCW,yaw_time_shift_ms,10.5,14.672431617728853,-1.6698657894202398,15.152821297205024,1.0075322211009379
12870,CCW,yaw_time_shift_ms,11.0,14.641380368676323,-1.7176919315421997,15.12776194784738,1.0636424427926616
12870,CCW,yaw_time_shift_ms,11.5,14.609365351687325,-1.764114304409236,15.101775458029858,1.1194715791925383
12870,CCW,yaw_time_shift_ms,12.0,14.57726952778405,-1.8083102056845006,15.075611631116672,1.1737696056654046
12870,CCW,yaw_time_shift_ms,12.5,14.545091552642338,-1.8502806659737616,15.049249267165724,1.2265071193484083
12870,CCW,yaw_time_shift_ms,13.0,14.512830084089364,-1.8900267286182597,15.022668027506324,1.2776658528995906
12870,CCW,yaw_time_shift_ms,13.5,14.480483782120837,-1.927549449692546,14.995848438183925,1.327236231979646
12870,CCW,yaw_time_shift_ms,14.0,14.44805130891666,-1.9628498979895455,14.96877189333318,1.375215633696047
12870,CCW,yaw_time_shift_ms,14.5,14.415531328861448,-1.995929155017464,14.941420658533893,1.4216071308899885
12870,CCW,yaw_time_shift_ms,15.0,14.382922508561956,-2.0267883149846155,14.913777874174633,1.4664185792688946
12870,CCW,yaw_time_shift_ms,15.5,14.35022351686241,-2.0554284847904896,14.885827558863385,1.5096619506478464
12870,CCW,yaw_time_shift_ms,16.0,14.317433024867682,-2.081850784018452,14.857554612937948,1.551352845724842
12870,CCW,yaw_time_shift_ms,16.5,14.284549705956442,-2.1060563449252214,14.828944822084654,1.5915101398898064
12870,CCW,yaw_time_shift_ms,17.0,14.25157223580195,-2.12804631242511,14.79998486112755,1.630155729078418
12870,CCW,yaw_time_shift_ms,17.5,14.218637693925894,-2.1486598580063374,14.770873829914118,1.6678413238614709
12870,CCW,yaw_time_shift_ms,18.0,14.185604068109068,-2.1670565935863193,14.741388425975247,1.704057486852298
12870,CCW,yaw_time_shift_ms,18.5,14.148914382464955,-2.1969805766617254,14.710173109880609,1.7511291409063403
12870,CCW,yaw_time_shift_ms,19.0,14.112106719667622,-2.2246864006699583,14.678596771712751,1.7967174036882003
12870,CCW,yaw_time_shift_ms,19.5,14.080508900624363,-2.2676977753252103,14.65450309904837,1.8495762835603429
12870,CCW,yaw_time_shift_ms,20.0,14.048797153824262,-2.3084812125600607,14.630104259021738,1.9009432652639888
12871,CCW,gyro_bias_dps,-0.3,7.244898535354286,-16.545246813097304,18.589697363018807,17.0391429649365
12871,CCW,gyro_bias_dps,-0.295,7.317146718551816,-16.27438229922948,18.372878805305614,16.759590015755986
12871,CCW,gyro_bias_dps,-0.29,7.390622027476752,-16.00372576631859,18.15862411327252,16.479891357009947
12871,CCW,gyro_bias_dps,-0.285,7.465323930056911,-15.733282306263106,17.947031439830592,16.20004674889404
12871,CCW,gyro_bias_dps,-0.27999999999999997,7.541251873341935,-15.463057009994879,17.73820245349569,15.920055951877426
12871,CCW,gyro_bias_dps,-0.27499999999999997,7.618405283512243,-15.193054967384253,17.532242393108113,15.639918726692915
12871,CCW,gyro_bias_dps,-0.27,7.696783565871624,-14.923281267163599,17.329260111818254,15.359634834350395
12871,CCW,gyro_bias_dps,-0.265,7.776386104850485,-14.653740996835845,17.12936810848217,15.079204036132626
12871,CCW,gyro_bias_dps,-0.26,7.857212264004124,-14.384439242595636,16.93268254448071,14.798626093604751
12871,CCW,gyro_bias_dps,-0.255,7.939261386013254,-14.115381089238317,16.73932324378664,14.517900768611554
12871,CCW,gyro_bias_dps,-0.25,8.022532792685706,-13.846571620079294,16.54941367398134,14.237027823284262
12871,CCW,gyro_bias_dps,-0.245,8.107025784957363,-13.57801591686325,16.363080905749307,13.956007020038731
12871,CCW,gyro_bias_dps,-0.24,8.192739642892729,-13.309719059684408,16.18045554827502,13.674838121583242
12871,CCW,gyro_bias_dps,-0.235,8.279673625688588,-13.041686126899094,16.0016716578412,13.393520890919
12871,CCW,gyro_bias_dps,-0.22999999999999998,8.36782697167323,-12.773922195041866,15.826866616856387,13.11205509134521
12871,CCW,gyro_bias_dps,-0.22499999999999998,8.457198898311912,-12.506432338734266,15.65618098049921,12.830440486455418
12871,CCW,gyro_bias_dps,-0.21999999999999997,8.54778860220722,-12.239221630608139,15.489758288185083,12.548676840149472
12871,CCW,gyro_bias_dps,-0.21499999999999997,8.639595259104771,-11.972295141213817,15.327744837085428,12.266763916628888
12871,CCW,gyro_bias_dps,-0.21,8.732618023895839,-11.70565793893923,15.170289415105175,11.984701480404633
12871,CCW,gyro_bias_dps,-0.205,8.826856030618433,-11.43931508992072,15.017542990883623,11.702489296297406
12871,CCW,gyro_bias_dps,-0.19999999999999998,8.922308392466835,-11.173271657960143,14.869658358714153,11.420127129440246
12871,CCW,gyro_bias_dps,-0.195,9.01897420179264,-10.90753270443841,14.726789736624514,11.137614745282328
12871,CCW,gyro_bias_dps,-0.19,9.116852530108599,-10.642103288230256,14.589092316377897,10.854951909591927
12871,CCW,gyro_bias_dps,-0.185,9.215942428098037,-10.376988465621434,14.45672176474062,10.572138388460013
12871,CCW,gyro_bias_dps,-0.18,9.316242925617553,-10.112193290218944,14.32983367606181,10.289173948300071
12871,CCW,gyro_bias_dps,-0.175,9.417753031703047,-9.847722812867573,14.208582977051869,10.006058355852913
12871,CCW,gyro_bias_dps,-0.16999999999999998,9.520471734577473,-9.58358208156599,14.093123285555022,9.722791378189777
12871,CCW,gyro_bias_dps,-0.16499999999999998,9.624398001655731,-9.319776141381338,13.983606226134652,9.439372782716108
12871,CCW,gyro_bias_dps,-0.15999999999999998,9.729530779553603,-9.056310034359942,13.88018070639282,9.155802337169892
12871,CCW,gyro_bias_dps,-0.155,9.835868994093289,-8.793188799447394,13.782992159104724,8.872079809630012
12871,CCW,gyro_bias_dps,-0.15,9.943411550313636,-8.530417472399142,13.692181756418789,8.588204968514288
12871,CCW,gyro_bias_dps,-0.145,10.052157332475781,-8.268001085698781,13.607885603562398,8.304177582586552
12871,CCW,gyro_bias_dps,-0.13999999999999999,10.162105204070599,-8.005944668468027,13.530233920607294,8.019997420955503
12871,CCW,gyro_bias_dps,-0.13499999999999998,10.273254007832474,-7.744253246387397,13.459350221906156,7.735664253080721
12871,CCW,gyro_bias_dps,-0.12999999999999998,10.385602565743397,-7.482931841604364,13.395350503668322,7.451177848771807
12871,CCW,gyro_bias_dps,-0.12499999999999997,10.499149679045127,-7.221985472654164,13.338342450903777,7.166537978194867
12871,CCW,gyro_bias_dps,-0.12,10.613894128246738,-6.9614191543715,13.288424675390843,6.881744411874262
12871,CCW,gyro_bias_dps,-0.11499999999999999,10.729834673138384,-6.701237897804643,13.245685996576073,6.596796920692579
12871,CCW,gyro_bias_dps,-0.10999999999999999,10.846970052797975,-6.441446710131089,13.210204777178305,6.3116952758958975
12871,CCW,gyro_bias_dps,-0.10499999999999998,10.965298985604454,-6.182050594575374,13.182048324886509,6.026439249098284
12871,CCW,gyro_bias_dps,-0.09999999999999998,11.084820169248314,-5.9230545503193754,13.161272370746216,5.741028612280524
12871,CCW,gyro_bias_dps,-0.09499999999999997,11.205532280743228,-5.664463572417863,13.147920633782839,5.455463137793579
12871,CCW,gyro_bias_dps,-0.09,11.327433976436714,-5.406282651717549,13.142024480001677,5.169742598365607
12871,CCW,gyro_bias_dps,-0.08499999999999999,11.45052389202765,-5.148516774765919,13.14360268224166,4.883866767096386
12871,CCW,gyro_bias_dps,-0.07999999999999999,11.57480064256904,-4.8911709237324885,13.152661285483136,4.597835417470647
12871,CCW,gyro_bias_dps,-0.07499999999999998,11.700262822489913,-4.634250076318972,13.1691935801812,4.311648323352078
12871,CCW,gyro_bias_dps,-0.06999999999999998,11.826909005605694,-4.377759205675515,13.193180184041644,4.025305258988334
12871,CCW,gyro_bias_dps,-0.06499999999999997,11.954737745131457,-4.121703280318789,13.224589230531453,3.7388059990170137
12871,CCW,gyro_bias_dps,-0.06,12.083747573695632,-3.866087264041718,13.263376660323784,3.452150318463089
12871,CCW,gyro_bias_dps,-0.05499999999999999,12.213937003354477,-3.610916115833683,13.309486609945553,3.1653379927465237
12871,CCW,gyro_bias_dps,-0.04999999999999999,12.345304525607935,-3.35619478979321,13.362851890128523,2.8783687976817682
12871,CCW,gyro_bias_dps,-0.044999999999999984,12.477848611414311,-3.1019282350423696,13.423394544883545,2.5912425094803924
12871,CCW,gyro_bias_dps,-0.03999999999999998,12.611567711204179,-2.8481213956439575,13.491026481116727,2.3039589047555076
12871,CCW,gyro_bias_dps,-0.034999999999999976,12.746460254897647,-2.59477921051685,13.565650157731335,2.016517760524345
12871,CCW,gyro_bias_dps,-0.02999999999999997,12.882524651920585,-2.341906613349562,13.64715932260639,1.7289188542085878
12871,CCW,gyro_bias_dps,-0.024999999999999967,13.019759291220794,-2.0895085325160707,13.735439785633522,1.4411619636381983
12871,CCW,gyro_bias_dps,-0.019999999999999962,13.1581625412824,-1.8375898909942776,13.830370216079356,1.1532468670572504
12871,CCW,gyro_bias_dps,-0.014999999999999958,13.297732750148793,-1.5861556062768436,13.931822952936718,0.8651733431202814
12871,CCW,gyro_bias_dps,-0.010000000000000009,13.438468245431476,-1.3352105902889775,14.039664817505699,0.5769411709003951
12871,CCW,gyro_bias_dps,-0.0050000000000000044,13.580367334337712,-1.0847597493063716,14.153757918340867,0.28855012988966866
12871,CCW,gyro_bias_dps,0.0,13.723428303682681,-0.8348079838658379,14.273960439590432,0.0
12871,CCW,gyro_bias_dps,0.0050000000000000044,13.867649419906844,-0.5853601886831747,14.400127404920157,0.288709438431671
12871,CCW,gyro_bias_dps,0.010000000000000009,14.013028929100074,-0.336421252572287,14.532111410328655,0.5775784046403513
12871,CCW,gyro_bias_dps,0.015000000000000013,14.15956505701613,-0.08799605835695275,14.669763320321934,0.8666071174317405
12871,CCW,gyro_bias_dps,0.020000000000000018,14.30725600909518,0.15991051721376195,14.81293292311415,1.155795795181708
12871,CCW,gyro_bias_dps,0.025000000000000022,14.456099970482887,0.40729360354557115,14.961469541591654,1.4451446558292247
12871,CCW,gyro_bias_dps,0.030000000000000027,14.606095106049406,0.6541483362878253,15.11522259784953,1.7346539168780035
12871,CCW,gyro_bias_dps,0.03500000000000003,14.757239560411676,0.9004698574127353,15.274042130049994,2.0243237953903086
12871,CCW,gyro_bias_dps,0.040000000000000036,14.909531457953562,1.1462533153030954,15.43777926120943,2.314154507987389
12871,CCW,gyro_bias_dps,0.04500000000000004,15.062968902847638,1.391493864834772,15.606286620264143,2.6041462708462255
12871,CCW,gyro_bias_dps,0.050000000000000044,15.217549979077262,1.6361866674578522,15.779418716401565,2.894299299694657
12871,CCW,gyro_bias_dps,0.05499999999999999,15.373272750456,1.8803268912857454,15.95703226816248,3.1846138098124737
12871,CCW,gyro_bias_dps,0.06,15.530135260653173,2.1239097111741274,16.138986489257928,3.4750900160262415
12871,CCW,gyro_bias_dps,0.065,15.688135533215108,2.3669303088061207,16.32514333334251,3.7657281327078858
12871,CCW,gyro_bias_dps,0.07,15.84727157158834,2.6093838727762035,16.51536770024564,4.056528373772074
12871,CCW,gyro_bias_dps,0.07500000000000001,16.0075413591436,2.851265598674584,16.709527606304754,4.347490952675283
12871,CCW,gyro_bias_dps,0.08000000000000002,16.168942859196296,3.0925706891646407,16.907494321532134,4.638616082406432
12871,CCW,gyro_bias_dps,0.08500000000000002,16.331474015035973,3.3332943540763127,17.109142476390197,4.929903975496157
12871,CCW,gyro_bias_dps,0.09000000000000002,16.49513274994713,3.5734318104796783,17.314350140898718,5.221354844003584
12871,CCW,gyro_bias_dps,0.09500000000000003,16.659916967234267,3.8129782827739853,17.522998878770593,5.5129688995198425
12871,CCW,gyro_bias_dps,0.10000000000000003,16.82582455024824,4.051929002767372,17.73497377915507,5.804746353162832
12871,CCW,gyro_bias_dps,0.10500000000000004,16.99285336241037,4.290279209761596,17.950163468461145,6.0966874155763096
12871,CCW,gyro_bias_dps,0.11000000000000004,17.161001247239007,4.528024150634753,18.168460104596313,6.3887922969268125
12871,CCW,gyro_bias_dps,0.11500000000000005,17.330266028375625,4.765159079923073,18.38975935580673,6.681061206901242
12871,CCW,gyro_bias_dps,0.12,17.500645509610536,5.001679259904322,18.613960366156086,6.973494354704105
12871,CCW,gyro_bias_dps,0.125,17.672137474912596,5.23757996068019,18.840965709520276,7.266091949056585
12871,CCW,gyro_bias_dps,0.13,17.844739688451114,5.472856460259045,19.07068133381135,7.558854198191732
12871,CCW,gyro_bias_dps,0.135,18.018449894626475,5.70750404463776,19.303016497012205,7.851781309853107
12871,CCW,gyro_bias_dps,0.14,18.193265818102578,5.94151800788514,19.53788369643443,8.144873491295577
12871,CCW,gyro_bias_dps,0.14500000000000002,18.369185163823794,6.174893652221492,19.775198592461763,8.438130949274825
12871,CCW,gyro_bias_dps,0.15000000000000002,18.546205617054238,6.407626288105023,20.0148799279556,8.731553890054471
12871,CCW,gyro_bias_dps,0.15500000000000003,18.724324843400336,6.639711234309615,20.256849444303697,9.025142519396537
12871,CCW,gyro_bias_dps,0.16000000000000003,18.903540488843987,6.871143818010019,20.50103179503772,9.318897042564018
12871,CCW,gyro_bias_dps,0.16500000000000004,19.083850179768092,7.10191937486154,20.74735445779271,9.612817664314402
12871,CCW,gyro_bias_dps,0.17000000000000004,19.26525152299114,7.332033249080911,20.995747645317305,9.906904588899415
12871,CCW,gyro_bias_dps,0.17500000000000004,19.447742105792326,7.561480793532935,21.24614421611775,10.2011580200638
12871,CCW,gyro_bias_dps,0.18,19.631319495945966,7.790257369805339,21.498479585269962,10.495578161039512
12871,CCW,gyro_bias_dps,0.185,19.815981241751047,8.01835834829511,21.752691635833177,10.790165214547178
12871,CCW,gyro_bias_dps,0.19,20.00172487206221,8.245779108288627,22.00872063124627,11.084919382791963
12871,CCW,gyro_bias_dps,0.195,20.188547896321257,8.47251503804062,22.26650912902122,11.379840867459786
12871,CCW,gyro_bias_dps,0.2,20.376447804591955,8.698561534857987,22.52600189600262,11.6749298697188
12871,CCW,gyro_bias_dps,0.20500000000000002,20.565422067586564,8.923914005179162,22.787145825396447,11.97018659021244
12871,CCW,gyro_bias_dps,0.21000000000000002,20.75546813670301,9.148567864656934,23.049889855759364,12.265611229061376
12871,CCW,gyro_bias_dps,0.21500000000000002,20.946583444056046,9.372518538237454,23.314184892070735,12.561203985858691
12871,CCW,gyro_bias_dps,0.22000000000000003,21.13876540251231,9.595761460239109,23.57998372899905,12.856965059667239
12871,CCW,gyro_bias_dps,0.22500000000000003,21.332011405721254,9.818292074438851,23.84724097643816,13.152894649020604
12871,CCW,gyro_bias_dps,0.23000000000000004,21.526318828151467,10.04010583414482,24.11591298736391,13.448992951915756
12871,CCW,gyro_bias_dps,0.23500000000000004,21.721685025122884,10.261198202285087,24.385957788045598,13.745260165816616
12871,CCW,gyro_bias_dps,0.24000000000000005,21.918107332842418,10.48156465148148,24.65733501061879,14.04169648764695
12871,CCW,gyro_bias_dps,0.24500000000000005,22.115583068439037,10.701200664130562,24.93000582802556,14.338302113789167
12871,CCW,gyro_bias_dps,0.25000000000000006,22.31410953000061,10.920101732487565,25.203932891302554,14.635077240086428
12871,CCW,gyro_bias_dps,0.25500000000000006,22.513683996604346,11.138263358739417,25.479080269179928,14.93202206183142
12871,CCW,gyro_bias_dps,0.26000000000000006,22.714303728359234,11.355681055092997,25.755413389983623,15.229136773775426
12871,CCW,gyro_bias_dps,0.26500000000000007,22.91596596643901,11.57235034384484,26.03289898576214,15.526421570115536
12871,CCW,gyro_bias_dps,0.2700000000000001,23.118667933116694,11.788266757470408,26.31150503861623,15.823876644499883
12871,CCW,gyro_bias_dps,0.2750000000000001,23.322406831806394,12.003425838697149,26.59120072916754,16.121502190022923
12871,CCW,gyro_bias_dps,0.27999999999999997,23.52717984709627,12.217823140582022,26.871956387101818,16.419298399219283
12871,CCW,gyro_bias_dps,0.285,23.732984144790727,12.43145422659837,27.153743443746173,16.717265464070845
12871,CCW,gyro_bias_dps,0.29,23.939816871941776,12.644314670709065,27.43653438658722,17.015403575995848
12871,CCW,gyro_bias_dps,0.295,24.147675156893136,12.856400057443512,27.72030271569874,17.31371292584909
12871,CCW,gyro_bias_dps,0.3,24.356556109317673,13.067705981980655,28.005022901994057,17.6121937039221
12871,CCW,gyro_gain_pct,-0.5,18.187242501787658,4.18377359703469,19.077268188377843,6.784044201448284
12871,CCW,gyro_gain_pct,-0.49,18.086241337058073,4.0885800918983275,18.95879645763037,6.643789415012024
12871,CCW,gyro_gain_pct,-0.48,17.985711245084143,3.993145806666047,18.841051812825352,6.503723486346486
12871,CCW,gyro_gain_pct,-0.47,17.885652774493064,3.8974725713794784,18.72404405823579,6.3638462836826575
12871,CCW,gyro_gain_pct,-0.46,17.786066467079603,3.8015622170923864,18.607783162187335,6.22415767492684
12871,CCW,gyro_gain_pct,-0.45,17.686952857804933,3.705416575850042,18.4922792582476,6.084657527663864
12871,CCW,gyro_gain_pct,-0.44,17.588312474796567,3.609037480658839,18.3775426463058,5.9453457091544175
12871,CCW,gyro_gain_pct,-0.43,17.490145839348497,3.512426765464928,18.263583793534195,5.8062220863388845
12871,CCW,gyro_gain_pct,-0.42,17.392453465919495,3.4155862651258486,18.150413335217156,5.667286525834664
12871,CCW,gyro_gain_pct,-0.41000000000000003,17.295235862137154,3.318517815390341,18.03804207544879,5.528538893942793
12871,CCW,gyro_gain_pct,-0.4,17.198493528790824,3.2212232528691005,17.92648098766855,5.389979056641574
12871,CCW,gyro_gain_pct,-0.39,17.102226959838095,3.123704415010102,17.81574121505084,5.2516068795913835
12871,CCW,gyro_gain_pct,-0.38,17.006436642402218,3.0259631400752065,17.705834070715817,5.113422228134988
12871,CCW,gyro_gain_pct,-0.37,16.911123056771725,2.928001267115609,17.59677103775754,4.975424967298498
12871,CCW,gyro_gain_pct,-0.36,16.816286676402342,2.829820635945032,17.488563769081665,4.8376149617914335
12871,CCW,gyro_gain_pct,-0.35,16.721927967917622,2.7314230871138285,17.38122408703349,4.699992076006844
12871,CCW,gyro_gain_pct,-0.33999999999999997,16.628047391104452,2.6328104618891723,17.274763982801726,4.562556174023373
12871,CCW,gyro_gain_pct,-0.32999999999999996,16.53464539892393,2.533984602224397,17.16919561560481,4.425307119607743
12871,CCW,gyro_gain_pct,-0.32,16.441722437499926,2.4349473507364974,17.06453131160752,4.288244776209804
12871,CCW,gyro_gain_pct,-0.31,16.34927894612913,2.3357005506814787,16.96078356260074,4.151369006969632
12871,CCW,gyro_gain_pct,-0.3,16.257315357277413,2.2362460459286226,16.857965024390232,4.014679674714202
12871,CCW,gyro_gain_pct,-0.29000000000000004,16.165832096582584,2.136585680936309,16.75608851490711,3.8781766419609944
12871,CCW,gyro_gain_pct,-0.28,16.074829582851976,2.036721300727013,16.655167012003922,3.7418597709152013
12871,CCW,gyro_gain_pct,-0.27,15.984308228070471,1.9366547508612455,16.555213650946722,3.605728923475228
12871,CCW,gyro_gain_pct,-0.26,15.894268437394363,1.8363878774142293,16.45624172155965,3.4697839612288486
12871,CCW,gyro_gain_pct,-0.25,15.804710609156178,1.7359225269527863,16.358264665027516,3.3340247454583145
12871,CCW,gyro_gain_pct,-0.24,15.715635134867876,1.635260546503249,16.261296070336158,3.1984511371367033
12871,CCW,gyro_gain_pct,-0.22999999999999998,15.627042399216952,1.5344037835362854,16.165349670324797,3.0630629969324956
12871,CCW,gyro_gain_pct,-0.21999999999999997,15.538932780073855,1.4333540859360234,16.07043933735378,2.927860185209095
12871,CCW,gyro_gain_pct,-0.21000000000000002,15.451306648489776,1.3321133019746896,15.976579078553437,2.792842562023677
12871,CCW,gyro_gain_pct,-0.2,15.364164368699813,1.2306832802932781,15.88378303065251,2.65800998713192
12871,CCW,gyro_gain_pct,-0.19,15.277506298124763,1.1290658698709826,15.792065454364856,2.523362319985422
12871,CCW,gyro_gain_pct,-0.18,15.191332787372108,1.0272629200039596,15.701440728321366,2.3888994197338573
12871,CCW,gyro_gain_pct,-0.16999999999999998,15.105644180239869,0.9252762802787607,15.611923342534372,2.254621145225712
12871,CCW,gyro_gain_pct,-0.15999999999999998,15.020440813718096,0.8231078005498034,15.523527891379716,2.120527355010599
12871,CCW,gyro_gain_pct,-0.14999999999999997,14.935723017988721,0.720759330912292,15.436269066080397,1.986617907336636
12871,CCW,gyro_gain_pct,-0.14,14.85149111643218,0.6182327216798249,15.350161646690495,1.852892660155588
12871,CCW,gyro_gain_pct,-0.13,14.767745425625503,0.5155298233560373,15.265220493552214,1.7193514711185676
12871,CCW,gyro_gain_pct,-0.12,14.684486255346338,0.41265248661458714,15.18146053822996,1.5859941975810221
12871,CCW,gyro_gain_pct,-0.10999999999999999,14.601713908578608,0.3096025622723829,15.098896773908956,1.4528206966040424
12871,CCW,gyro_gain_pct,-0.09999999999999998,14.519428681507998,0.20638190126394065,15.017544245237913,1.3198308249497348
12871,CCW,gyro_gain_pct,-0.08999999999999997,14.437630863534036,0.10299235462011538,14.937418037636116,1.1870244390907225
12871,CCW,gyro_gain_pct,-0.08000000000000002,14.356320737263582,-0.000564226561422032,14.85853326602552,1.0544013952011113
12871,CCW,gyro_gain_pct,-0.07,14.27549857851975,-0.10428599113546114,14.780905063017972,0.9219615491655756
12871,CCW,gyro_gain_pct,-0.06,14.195164656344469,-0.20817108793773115,14.70454856653553,0.7897047565762076
12871,CCW,gyro_gain_pct,-0.04999999999999999,14.115319232997717,-0.3122176658070558,14.629478906865584,0.6576308727332582
12871,CCW,gyro_gain_pct,-0.03999999999999998,14.035962563964176,-0.4164238736109766,14.555711193165356,0.5257397526474586
12871,CCW,gyro_gain_pct,-0.02999999999999997,13.957094897956381,-0.5207878602688488,14.483260499412193,0.39403125104117187
12871,CCW,gyro_gain_pct,-0.020000000000000018,13.87871647691652,-0.6253077747760252,14.412141849802673,0.26250522234916107
12871,CCW,gyro_gain_pct,-0.010000000000000009,13.800827536021188,-0.7299817662331399,14.342370203622984,0.13116152071608167
12871,CCW,gyro_gain_pct,0.0,13.723428303682681,-0.8348079838658379,14.273960439590432,0.0
12871,CCW,gyro_gain_pct,0.010000000000000009,13.646519001555703,-0.9397845770451724,14.206927339692564,0.1309794862220255
12871,CCW,gyro_gain_pct,0.020000000000000018,13.570099844537912,-1.044909695323168,14.14128557253225,0.2617770846638423
12871,CCW,gyro_gain_pct,0.030000000000000027,13.494171040777497,-1.1501814884473205,14.077049676208567,0.39239294231908445
12871,CCW,gyro_gain_pct,0.040000000000000036,13.418732791672983,-1.2555981063876387,14.014234040749106,0.522827206464757
12871,CCW,gyro_gain_pct,0.050000000000000044,13.343785291879863,-1.3611576993638401,13.952852890129888,0.6530800246616253
12871,CCW,gyro_gain_pct,0.06000000000000005,13.269328729314385,-1.466858417866257,13.89292026390847,0.7831515447501289
12871,CCW,gyro_gain_pct,0.07000000000000006,13.195363285153054,-1.5726984126800914,13.834449998497828,0.9130419148526246
12871,CCW,gyro_gain_pct,0.07999999999999996,13.121889133847503,-1.6786758349103181,13.77745570814405,1.0427512833671977
12871,CCW,gyro_gain_pct,0.08999999999999997,13.048906443117222,-1.7847888360096449,13.721950765605708,1.1722797989753158
12871,CCW,gyro_gain_pct,0.09999999999999998,12.976415373959549,-1.8910355677938298,13.667948282615892,1.3016276106320446
12871,CCW,gyro_gain_pct,0.10999999999999999,12.904416080654096,-1.9974141824757539,13.615461090160155,1.430794867571965
12871,CCW,gyro_gain_pct,0.12,12.832908710767356,-2.1039228326798325,13.564501718613096,1.5597817193012045
12871,CCW,gyro_gain_pct,0.13,12.761893405155387,-2.2105596714755493,13.515082377794123,1.6885883156050419
12871,CCW,gyro_gain_pct,0.14,12.691370297968955,-2.3173228523938803,13.467214936996859,1.8172148065403395
12871,CCW,gyro_gain_pct,0.15000000000000002,12.621339516661896,-2.4242105294550327,13.42091090505098,1.9456613424360778
12871,CCW,gyro_gain_pct,0.16000000000000003,12.551801181989367,-2.531220857192473,13.376181410464934,2.0739280738957686
12871,CCW,gyro_gain_pct,0.17000000000000004,12.482755408020648,-2.6383519906752126,13.3330371817349,2.2020151517911266
12871,CCW,gyro_gain_pct,0.18000000000000005,12.414202302136436,-2.7456020855333394,13.291488527855522,2.3299227272666965
12871,CCW,gyro_gain_pct,0.19000000000000006,12.346141965039896,-2.8529692979798,13.251545319122869,2.457650951733604
12871,CCW,gyro_gain_pct,0.20000000000000007,12.278574490759024,-2.960451784836829,13.21321696828204,2.585199976872749
12871,CCW,gyro_gain_pct,0.20999999999999996,12.211499966654765,-3.0680477035578235,13.176512412091117,2.712569954630551
12871,CCW,gyro_gain_pct,0.21999999999999997,12.14491847342074,-3.175755212251518,13.141440093364283,2.839761037221077
12871,CCW,gyro_gain_pct,0.22999999999999998,12.078830085094456,-3.2835724697061535,13.108007943576387,2.966773377122965
12871,CCW,gyro_gain_pct,0.24,12.013234869060511,-3.391497635414504,13.076223366079109,3.093607127080059
12871,CCW,gyro_gain_pct,0.25,11.948132886054555,-3.4995288695952396,13.046093220005801,3.2202624400999937
12871,CCW,gyro_gain_pct,0.26,11.883524190174148,-3.6076643332152827,13.017623804930272,3.3467394694489006
12871,CCW,gyro_gain_pct,0.27,11.819408828878318,-3.715902188020375,12.990820846340162,3.473038368660047
12871,CCW,gyro_gain_pct,0.28,11.755786842998805,-3.8242405965499415,12.965689481987987,3.5991592915223363
12871,CCW,gyro_gain_pct,0.29000000000000004,11.692658266740272,-3.932677722166379,12.942234249177469,3.72510239208742
12871,CCW,gyro_gain_pct,0.30000000000000004,11.630023127694267,-4.041211729078425,12.920459073052887,3.8508678246639363
12871,CCW,gyro_gain_pct,0.31000000000000005,11.567881446837555,-4.14984078235924,12.900367255919566,3.976455743816577
12871,CCW,gyro_gain_pct,0.32000000000000006,11.506233238542858,-4.258563047977401,12.881961467675517,4.101866304368901
12871,CCW,gyro_gain_pct,0.33000000000000007,11.44507851058329,-4.3673766928173805,12.865243737373412,4.22709966140074
12871,CCW,gyro_gain_pct,0.33999999999999997,11.384417264138756,-4.476279884697855,12.850215445965762,4.352155970242784
12871,CCW,gyro_gain_pct,0.35,11.324249493806724,-4.585270792404181,12.836877320274239,4.477035386481181
12871,CCW,gyro_gain_pct,0.36,11.264575187600325,-4.694347585705474,12.825229428189962,4.601738065955853
12871,CCW,gyro_gain_pct,0.37,11.205394326962255,-4.803508435380434,12.815271175159557,4.726264164757303
12871,CCW,gyro_gain_pct,0.38,11.146706886768992,-4.912751513238622,12.807001301955133,4.850613839225392
12871,CCW,gyro_gain_pct,0.39,11.088512835338339,-5.022074992145045,12.80041788374991,4.974787245949674
12871,CCW,gyro_gain_pct,0.4,11.030812134432585,-5.13147704604534,12.795518330501633,5.098784541770897
12871,CCW,gyro_gain_pct,0.41000000000000003,10.973604739271423,-5.240955849984724,12.792299388653921,5.22260588377412
12871,CCW,gyro_gain_pct,0.42000000000000004,10.91689059853602,-5.350509580134397,12.790757144143088,5.3462514292918675
12871,CCW,gyro_gain_pct,0.43000000000000005,10.860669654373783,-5.460136413813492,12.790887026698533,5.469721335903071
12871,CCW,gyro_gain_pct,0.44000000000000006,10.804941842410267,-5.569834529511152,12.792683815430873,5.593015761428941
12871,CCW,gyro_gain_pct,0.45000000000000007,10.749707091753521,-5.679602106912962,12.796141645673158,5.7161348639365155
12871,CCW,gyro_gain_pct,0.45999999999999996,10.694965325002045,-5.789437326918171,12.801254017051853,5.839078801731823
12871,CCW,gyro_gain_pct,0.47,10.640716458250495,-5.89933837167158,12.80801380275859,5.961847733368021
12871,CCW,gyro_gain_pct,0.48,10.586960401102942,-6.009303424575276,12.816413259977063,6.084441817631631
12871,CCW,gyro_gain_pct,0.49,10.53369705667319,-6.119330670320508,12.826444041423388,6.20686121355249
12871,CCW,gyro_gain_pct,0.5,10.480926321596167,-6.229418294906965,12.838097207955403,6.329106080398411
12871,CCW,wheel_relative_pct,-2.0,13.784163041574539,-0.8259136255274264,14.331566522200745,0.0614022021479466
12871,CCW,wheel_relative_pct,-1.95,13.782644673127129,-0.8261359844851164,14.330125985913746,0.05986714709424583
12871,CCW,wheel_relative_pct,-1.9,13.78112630467956,-0.826358343443735,14.328685469255252,0.05833209204024147
12871,CCW,wheel_relative_pct,-1.85,13.779607936232196,-0.8265807024014613,14.32724497223095,0.05679703698659532
12871,CCW,wheel_relative_pct,-1.8,13.778089567785287,-0.8268030613607109,14.325804494847649,0.05526198193315009
12871,CCW,wheel_relative_pct,-1.75,13.776571199337763,-0.8270254203185594,14.324364037109735,0.053726926879326765
12871,CCW,wheel_relative_pct,-1.7,13.775052830890832,-0.8272477792774318,14.322923599024675,0.05219187182590985
12871,CCW,wheel_relative_pct,-1.65,13.7735344624429,-0.8274701382358728,14.32148318059653,0.05065681677159823
12871,CCW,wheel_relative_pct,-1.6,13.772016093996172,-0.8276924971943259,14.320042781833472,0.049121761718475876
12871,CCW,wheel_relative_pct,-1.55,13.77049772554867,-0.8279148561533894,14.318602402739678,0.04758670666447897
12871,CCW,wheel_relative_pct,-1.5,13.76897935710183,-0.8281372151119669,14.317162043322183,0.04605165161123268
12871,CCW,wheel_relative_pct,-1.45,13.767460988654307,-0.8283595740695958,14.315721703585991,0.04451659655741936
12871,CCW,wheel_relative_pct,-1.4,13.765942620206578,-0.828581933028184,14.314281383537361,0.04298154150324879
12871,CCW,wheel_relative_pct,-1.35,13.764424251759284,-0.8288042919873349,14.312841083182594,0.04144648644947675
12871,CCW,wheel_relative_pct,-1.2999999999999998,13.762905883312465,-0.8290266509458434,14.311400802527928,0.039911431396246484
12871,CCW,wheel_relative_pct,-1.25,13.761387514864827,-0.8292490099041124,14.309960541578192,0.038376376342239886
12871,CCW,wheel_relative_pct,-1.2,13.759869146417737,-0.8294713688617683,14.308520300340172,0.03684132128885212
12871,CCW,wheel_relative_pct,-1.15,13.758350777970259,-0.8296937278201995,14.307080078819446,0.0353062662349777
12871,CCW,wheel_relative_pct,-1.1,13.756832409522826,-0.8299160867792196,14.30563987702222,0.03377121118106983
12871,CCW,wheel_relative_pct,-1.0499999999999998,13.755314041075417,-0.8301384457378645,14.304199694954391,0.03223615612722231
12871,CCW,wheel_relative_pct,-1.0,13.753795672629213,-0.8303608046963887,14.302759532623027,0.03070110107460147
12871,CCW,wheel_relative_pct,-0.95,13.752277304180371,-0.8305831636543971,14.301319390030208,0.02916604601944456
12871,CCW,wheel_relative_pct,-0.8999999999999999,13.750758935734098,-0.8308055226133888,14.299879267187277,0.027630990966675022
12871,CCW,wheel_relative_pct,-0.8499999999999999,13.74924056728662,-0.831027881570634,14.29843916409641,0.02609593591297013
12871,CCW,wheel_relative_pct,-0.7999999999999998,13.747722198839915,-0.8312502405293116,14.296999080765474,0.02456088085983834
12871,CCW,wheel_relative_pct,-0.75,13.74620383039221,-0.8314725994884128,14.295559017198757,0.023025825805645314
12871,CCW,wheel_relative_pct,-0.7,13.74468546194496,-0.8316949584464297,14.294118973403558,0.02149077075205167
12871,CCW,wheel_relative_pct,-0.6499999999999999,13.743167093497414,-0.8319173174054064,14.292678949385273,0.0199557156980296
12871,CCW,wheel_relative_pct,-0.5999999999999999,13.74164872505005,-0.8321396763637509,14.291238945150248,0.018420660644283573
12871,CCW,wheel_relative_pct,-0.5499999999999998,13.740130356602275,-0.8323620353216924,14.289798960703823,0.01688560559018653
12871,CCW,wheel_relative_pct,-0.5,13.738611988155299,-0.8325843942808013,14.288358996053086,0.015350550536707768
12871,CCW,wheel_relative_pct,-0.44999999999999996,13.73709361970855,-0.8328067532386421,14.286919051203808,0.013815495483633547
12871,CCW,wheel_relative_pct,-0.3999999999999999,13.73557525126048,-0.833029112197839,14.28547912616023,0.012280440429068498
12871,CCW,wheel_relative_pct,-0.34999999999999987,13.734056882813979,-0.8332514711556556,14.284039220931211,0.010745385376251516
12871,CCW,wheel_relative_pct,-0.2999999999999998,13.732538514366615,-0.8334738301143225,14.282599335520365,0.009210330322458785
12871,CCW,wheel_relative_pct,-0.25,13.73102014591941,-0.8336961890730492,14.281159469934599,0.007675275268823589
12871,CCW,wheel_relative_pct,-0.19999999999999996,13.729501777471636,-0.8339185480314448,14.279719624179345,0.006140220214649118
12871,CCW,wheel_relative_pct,-0.1499999999999999,13.7279834090245,-0.8341409069894766,14.278279798261641,0.004605165161174351
12871,CCW,wheel_relative_pct,-0.09999999999999987,13.726465040576864,-0.834363265948366,14.276839992186583,0.003070110107073603
12871,CCW,wheel_relative_pct,-0.04999999999999982,13.724946672129818,-0.8345856249061953,14.27540020596098,0.0015350550537186448
12871,CCW,wheel_relative_pct,0.0,13.723428303682681,-0.8348079838658379,14.273960439590432,0.0
12871,CCW,wheel_relative_pct,0.050000000000000266,13.721909935235795,-0.8350303428238,14.272520693080955,0.0015350550532180218
12871,CCW,wheel_relative_pct,0.10000000000000009,13.720391566787658,-0.8352527017823895,14.271080966437475,0.0030701101077686174
12871,CCW,wheel_relative_pct,0.1499999999999999,13.718873198340884,-0.8354750607404562,14.269641259668258,0.004605165160898404
12871,CCW,wheel_relative_pct,0.20000000000000018,13.717354829893452,-0.8356974196987721,14.26820157277749,0.006140220214701645
12871,CCW,wheel_relative_pct,0.25,13.71583646144668,-0.8359197786573809,14.266761905772317,0.007675275267899441
12871,CCW,wheel_relative_pct,0.30000000000000027,13.714318092998928,-0.8361421376161331,14.265322258657541,0.009210330322087954
12871,CCW,wheel_relative_pct,0.3500000000000001,13.712799724551427,-0.8363644965743248,14.263882631440062,0.010745385375965944
12871,CCW,wheel_relative_pct,0.40000000000000036,13.71128135610429,-0.8365868555331673,14.262443024126073,0.012280440429557286
12871,CCW,wheel_relative_pct,0.4500000000000002,13.709762987657086,-0.8368092144916837,14.261003436720964,0.013815495483160802
12871,CCW,wheel_relative_pct,0.5,13.70824461920979,-0.8370315734493559,14.259563869231018,0.015350550536731122
12871,CCW,wheel_relative_pct,0.5500000000000003,13.7067262507627,-0.8372539324083241,14.258124321662958,0.016885605590337627
12871,CCW,wheel_relative_pct,0.6000000000000001,13.705207882315268,-0.8374762913673208,14.256684794021407,0.018420660644227375
12871,CCW,wheel_relative_pct,0.6500000000000004,13.703689513868289,-0.8376986503249156,14.255245286313551,0.019955715697489468
12871,CCW,wheel_relative_pct,0.7000000000000002,13.70217114542072,-0.8379210092833219,14.253805798544695,0.021490770751441717
12871,CCW,wheel_relative_pct,0.75,13.700652776972834,-0.8381433682410588,14.252366330720882,0.023025825805630805
12871,CCW,wheel_relative_pct,0.8000000000000003,13.699134408526447,-0.8383657272005351,14.250926882849825,0.024560880858554984
12871,CCW,wheel_relative_pct,0.8500000000000001,13.697616040078923,-0.8385880861593549,14.249487454935414,0.02609593591254828
12871,CCW,wheel_relative_pct,0.9000000000000004,13.696097671631652,-0.8388104451166178,14.248048046984655,0.027630990966063376
12871,CCW,wheel_relative_pct,0.9500000000000002,13.694579303183719,-0.8390328040764323,14.246608659002796,0.02916604602057606
12871,CCW,wheel_relative_pct,1.0,13.69306093473715,-0.8392551630340102,14.245169290997854,0.03070110107341767
12871,CCW,wheel_relative_pct,1.0500000000000003,13.69154256628958,-0.8394775219925066,14.243729942973523,0.03223615612738457
12871,CCW,wheel_relative_pct,1.1,13.690024197842309,-0.839699880950505,14.242290614937351,0.03377121118099308
12871,CCW,wheel_relative_pct,1.1500000000000004,13.68850582939499,-0.839922239910156,14.24085130689512,0.03530626623489214
12871,CCW,wheel_relative_pct,1.2000000000000002,13.686987460947739,-0.8401445988686091,14.239412018852638,0.03684132128853802
12871,CCW,wheel_relative_pct,1.25,13.685469092500238,-0.8403669578266687,14.23797275081584,0.03837637634240119
12871,CCW,wheel_relative_pct,1.3000000000000003,13.683950724053556,-0.840589316784967,14.236533502791689,0.039911431395449094
12871,CCW,wheel_relative_pct,1.35,13.682432355605897,-0.8408116757435238,14.235094274784974,0.04144648644952413
12871,CCW,wheel_relative_pct,1.4000000000000004,13.680913987157805,-0.8410340347022001,14.2336550668018,0.04298154150402837
12871,CCW,wheel_relative_pct,1.4500000000000002,13.679395618710918,-0.8412563936608961,14.232215878850164,0.04451659655735849
12871,CCW,wheel_relative_pct,1.5,13.67787725026401,-0.8414787526188178,14.230776710934562,0.04605165161059017
12871,CCW,wheel_relative_pct,1.5500000000000003,13.676358881816759,-0.8417011115776866,14.229337563061293,0.04758670666432643
12871,CCW,wheel_relative_pct,1.6,13.674840513369555,-0.8419234705353474,14.227898435236233,0.049121761717803906
12871,CCW,wheel_relative_pct,1.6500000000000004,13.673322144921622,-0.8421458294942787,14.226459327465284,0.05065681677220511
12871,CCW,wheel_relative_pct,1.7000000000000002,13.671803776474325,-0.8423681884530311,14.225020239755317,0.052191871825946194
12871,CCW,wheel_relative_pct,1.75,13.670285408027144,-0.8425905474115595,14.223581172112334,0.053726926879536514
12871,CCW,wheel_relative_pct,1.8000000000000003,13.66876703957987,-0.8428129063696254,14.222142124542035,0.055261981933163014
12871,CCW,wheel_relative_pct,1.85,13.66724867113262,-0.8430352653281311,14.220703097050546,0.05679703698681075
12871,CCW,wheel_relative_pct,1.9000000000000004,13.665730302685393,-0.8432576242866581,14.219264089644334,0.058332092040454565
12871,CCW,wheel_relative_pct,1.9500000000000002,13.664211934238164,-0.843479983245345,14.217825102329037,0.05986714709410793
12871,CCW,wheel_relative_pct,2.0,13.662693565791027,-0.8437023422039787,14.2163861351111,0.06140220214767284
12871,CCW,yaw_time_shift_ms,-20.0,15.05087889090139,0.36861249524318557,15.52015547773691,1.7943426946032988
12871,CCW,yaw_time_shift_ms,-19.5,15.016635110310244,0.3463584494462776,15.486760483927517,1.7539964063916829
12871,CCW,yaw_time_shift_ms,-19.0,14.982298937033397,0.32630642170384583,15.45335753489418,1.7150982588544448
12871,CCW,yaw_time_shift_ms,-18.5,14.95245212342354,0.2905720509082652,15.424103254650202,1.6688643884633467
12871,CCW,yaw_time_shift_ms,-18.0,14.922522143015204,0.2570513117629766,15.394889750693148,1.6240802990961618
12871,CCW,yaw_time_shift_ms,-17.5,14.889682395102886,0.21100931514732685,15.362763782300169,1.5687946759324136
12871,CCW,yaw_time_shift_ms,-17.0,14.856737488647514,0.1671802583927228,15.330701007417344,1.5149910128960031
12871,CCW,yaw_time_shift_ms,-16.5,14.823537388273962,0.12500165434958213,15.298546084288425,1.4621534586920115
12871,CCW,yaw_time_shift_ms,-16.0,14.790226517262704,0.08503606610904021,15.266416814549359,1.410742190385579
12871,CCW,yaw_time_shift_ms,-15.5,14.756803544255968,0.04728241005599578,15.234295371962046,1.3607302796463387
12871,CCW,yaw_time_shift_ms,-15.0,14.723267140287021,0.011739589925010563,15.202164772662938,1.3120936303615085
12871,CCW,yaw_time_shift_ms,-14.5,14.689615978797907,-0.02159350317776969,15.170008882727306,1.2648117867660786
12871,CCW,yaw_time_shift_ms,-14.0,14.65584873565474,-0.05271799077115915,15.1378124256278,1.2188688717999758
12871,CCW,yaw_time_shift_ms,-13.5,14.62196408916875,-0.08163500698732662,15.105560989625909,1.1742546730154266
12871,CCW,yaw_time_shift_ms,-13.0,14.587960720113324,-0.10834569856138217,15.073241035113819,1.1309658944485748
12871,CCW,yaw_time_shift_ms,-12.5,14.553837311738926,-0.13285122482111192,15.040839901944326,1.0890075931538887
12871,CCW,yaw_time_shift_ms,-12.0,14.519592549797721,-0.15515275767814743,15.008345816779052,1.0483948177876166
12871,CCW,yaw_time_shift_ms,-11.5,14.485225122554766,-0.17525148161318144,14.975747900467502,1.0091544625719309
12871,CCW,yaw_time_shift_ms,-11.0,14.450733720809898,-0.19314859367148146,14.94303617550291,0.9713273415934383
12871,CCW,yaw_time_shift_ms,-10.5,14.416269660687908,-0.20879410025117268,14.91033559653414,0.9351149488565368
12871,CCW,yaw_time_shift_ms,-10.0,14.381678740844041,-0.22223957456615578,14.877503616509781,0.9004472479238197
12871,CCW,yaw_time_shift_ms,-9.5,14.350923948301011,-0.2532828793815881,14.84875077527109,0.8567384323370818
12871,CCW,yaw_time_shift_ms,-9.0,14.320086692556469,-0.2821172832514243,14.819948543451261,0.814472063366627
12871,CCW,yaw_time_shift_ms,-8.5,14.287887606823414,-0.33128719019389974,14.79028571899224,0.7575258366820669
12871,CCW,yaw_time_shift_ms,-8.0,14.255587918182119,-0.3782398219692837,14.760642825473358,0.7022528575505919
12871,CCW,yaw_time_shift_ms,-7.5,14.223157785582066,-0.42335926741859353,14.730989432482213,0.6483404814721087
12871,CCW,yaw_time_shift_ms,-7.0,14.190623217348342,-0.4662623784657356,14.701314668697531,0.5960286123914439
12871,CCW,yaw_time_shift_ms,-6.5,14.15798287501084,-0.5069502160917843,14.671598395478446,0.5452716754166799
12871,CCW,yaw_time_shift_ms,-6.0,14.125235422434525,-0.5454238539444191,14.641821344993302,0.4960209811098414
12871,CCW,yaw_time_shift_ms,-5.5,14.092379525833895,-0.5816843783331827,14.611965127040412,0.44822457801331156
12871,CCW,yaw_time_shift_ms,-5.0,14.059413853794808,-0.6157328882181823,14.582012235742539,0.40182711413579913
12871,CCW,yaw_time_shift_ms,-4.5,14.026337077291283,-0.6475704951945801,14.55194605614215,0.3567697111088065
12871,CCW,yaw_time_shift_ms,-4.0,13.993147869701966,-0.677198323485964,14.521750870737135,0.3129898551580821
12871,CCW,yaw_time_shift_ms,-3.5,13.95984490682988,-0.7046175099415336,14.491411866001,0.2704213094206738
12871,CCW,yaw_time_shift_ms,-3.0,13.926426866921702,-0.7298292040125155,14.460915138912815,0.22899405243019144
12871,CCW,yaw_time_shift_ms,-2.5,13.892892430682627,-0.7528345677520875,14.430247703532357,0.18863424772675513
12871,CCW,yaw_time_shift_ms,-2.0,13.859240281295502,-0.7736347757991175,14.399397497659223,0.14926424961576326
12871,CCW,yaw_time_shift_ms,-1.5,13.825469104441186,-0.7922310153723465,14.368353389606746,0.11080264987251033
12871,CCW,yaw_time_shift_ms,-1.0,13.791577588312862,-0.8086244862563063,14.337105185111547,0.07316436979117744
12871,CCW,yaw_time_shift_ms,-0.5,13.757564423633813,-0.8228164007919709,14.305643634421433,0.03626080130933881
12871,CCW,yaw_time_shift_ms,0.0,13.723428303682681,-0.8348079838658379,14.273960439590432,0.0
12871,CCW,yaw_time_shift_ms,0.5,13.692012012214217,-0.8872880717715376,14.247393059039732,0.061211464013239236
12871,CCW,yaw_time_shift_ms,1.0,13.660499932675156,-0.9375464536216797,14.220800121477684,0.1205733596980631
12871,CCW,yaw_time_shift_ms,1.5,13.628890714411341,-0.9855841427732657,14.194157289151535,0.17810652028178955
12871,CCW,yaw_time_shift_ms,2.0,13.597183009014476,-1.0314021653016154,14.167441116292206,0.23383302433513603
12871,CCW,yaw_time_shift_ms,2.5,13.565375470336608,-1.0750015599831257,14.14062905518801,0.2877762797731779
12871,CCW,yaw_time_shift_ms,3.0,13.533466754513892,-1.116383378287884,14.113699462005982,0.3399611133807888
12871,CCW,yaw_time_shift_ms,3.5,13.501455519980937,-1.1555486843730391,14.086631602383525,0.3904138660974569
12871,CCW,yaw_time_shift_ms,4.0,13.469340427489078,-1.1924985550692697,14.059405656855757,0.4391624942546539
12871,CCW,yaw_time_shift_ms,4.5,13.437120140126535,-1.2272340798716286,14.032002726161704,0.48623667695153244
12871,CCW,yaw_time_shift_ms,5.0,13.404793323336275,-1.2597563609325448,14.004404836465314,0.5316679296952393
12871,CCW,yaw_time_shift_ms,5.5,13.372358644930546,-1.2900665130496378,13.976594944541574,0.5754897243679199
12871,CCW,yaw_time_shift_ms,6.0,13.339814775113723,-1.3181656636529724,13.948556942977735,0.6177376155064853
12871,CCW,yaw_time_shift_ms,6.5,13.307160386500072,-1.3440549528018224,13.920275665417341,0.6584493728010455
12871,CCW,yaw_time_shift_ms,7.0,13.274394154126458,-1.367735533168704,13.891736891890789,0.6976651195658717
12871,CCW,yaw_time_shift_ms,7.5,13.241514755475759,-1.3892085700301777,13.862927354285736,0.7354274768107124
12871,CCW,yaw_time_shift_ms,8.0,13.208520870494226,-1.4084752412578383,13.83383474197831,0.7717817123635727
12871,CCW,yaw_time_shift_ms,8.5,13.17528081622056,-1.4263496993860216,13.804417128700576,0.8074609000460349
12871,CCW,yaw_time_shift_ms,9.0,13.141923345480972,-1.442018975307495,13.774696510602524,0.8418151731556094
12871,CCW,yaw_time_shift_ms,9.5,13.107259827297138,-1.4765419704993719,13.745844809440483,0.8908097768448148
12871,CCW,yaw_time_shift_ms,10.0,13.072459483263197,-1.5088514509222732,13.716732180766515,0.9383114975979051
12871,CCW,yaw_time_shift_ms,10.5,13.041724945859732,-1.5593203699498588,13.693591833062259,0.9961040344427088
12871,CCW,yaw_time_shift_ms,11.0,13.010895846720473,-1.6075659716602757,13.670315774741367,1.0524772117645889
12871,CCW,yaw_time_shift_ms,11.5,12.979866478814234,-1.6539832504043148,13.646834627782205,1.1077194143033642
12871,CCW,yaw_time_shift_ms,12.0,12.948741864699969,-1.6981797050720175,13.62317389370887,1.1614344334864528
12871,CCW,yaw_time_shift_ms,12.5,12.917520656197485,-1.7401563779789668,13.599310483320888,1.2135913993293903
12871,CCW,yaw_time_shift_ms,13.0,12.88620150738709,-1.77991432414034,13.575222257072697,1.2641708497913025
12871,CCW,yaw_time_shift_ms,13.5,12.85478307463652,-1.8174546112553855,13.550888028513835,1.3131622186268903
12871,CCW,yaw_time_shift_ms,14.0,12.823264016611029,-1.8527783197046788,13.5262875676127,1.3605620444359454
12871,CCW,yaw_time_shift_ms,14.5,12.791642994295717,-1.8858865425373623,13.501401604037548,1.4063726794595723
12871,CCW,yaw_time_shift_ms,15.0,12.759918671013725,-1.9167803854599783,13.47621183043812,1.4506013509976419
12871,CCW,yaw_time_shift_ms,15.5,12.728089712442147,-1.945460966827484,13.450700905772191,1.4932594758966593
12871,CCW,yaw_time_shift_ms,16.0,12.696154786632405,-1.9719294176335453,13.424852458735483,1.534362159629357
12871,CCW,yaw_time_shift_ms,16.5,12.664112564027505,-1.9961868815033128,13.398651091335777,1.5739278321457715
12871,CCW,yaw_time_shift_ms,17.0,12.631961717479498,-2.018234514674778,13.372082382654835,1.611977986587249
12871,CCW,yaw_time_shift_ms,17.5,12.59946867950041,-2.039309982754496,13.345125484589534,1.6495974702070386
12871,CCW,yaw_time_shift_ms,18.0,12.566863097099622,-2.0581755673022473,13.317778148357075,1.6857432300344748
12871,CCW,yaw_time_shift_ms,18.5,12.530102695826576,-2.0872994334406854,13.288003838787281,1.7322363173538362
12871,CCW,yaw_time_shift_ms,19.0,12.493208210596526,-2.114212294086303,13.257848958715181,1.777255547108955
12871,CCW,yaw_time_shift_ms,19.5,12.4621748442441,-2.1564878121693996,13.236048499461399,1.8293093070636948
12871,CCW,yaw_time_shift_ms,20.0,12.431011568739859,-2.1965418304150175,13.213928670013777,1.879867470805941
12885,CW,gyro_bias_dps,-0.3,13.877753588551013,16.78917338863075,22.523228333480212,19.631572594890258
12885,CW,gyro_bias_dps,-0.295,13.818670956508253,16.462051181714845,22.236906786752535,19.30121984120259
12885,CW,gyro_bias_dps,-0.29,13.758120630483313,16.135362684024198,21.95149063306526,18.970972153934593
12885,CW,gyro_bias_dps,-0.285,13.696104798035662,15.809114060600711,21.66701046456966,18.640829635904872
12885,CW,gyro_bias_dps,-0.27999999999999997,13.632625672527615,15.483311466065198,21.383498382370234,18.310792390162693
12885,CW,gyro_bias_dps,-0.27499999999999997,13.567685493077988,15.157961044500302,21.10098808374179,17.98086051997902
12885,CW,gyro_bias_dps,-0.27,13.501286524506828,14.833068929358035,20.819514954865728,17.651034128858257
12885,CW,gyro_bias_dps,-0.265,13.433431057295525,14.508641243336502,20.5391161694014,17.3213133205258
12885,CW,gyro_bias_dps,-0.26,13.364121407527682,14.18468409828157,20.259830793267344,16.99169819893244
12885,CW,gyro_bias_dps,-0.255,13.293359916844452,13.86120359507587,19.981699896010745,16.662188868252137
12885,CW,gyro_bias_dps,-0.25,13.221148952389308,13.538205823539931,19.704766669147645,16.33278543288687
12885,CW,gyro_bias_dps,-0.245,13.14749090676312,13.215696862310471,19.42907655187297,16.00348799745387
12885,CW,gyro_bias_dps,-0.24,13.072388197962663,12.893682778750463,19.15467736457473,15.674296666797268
12885,CW,gyro_bias_dps,-0.235,12.99584326933848,12.572169628829817,18.88161945055019,15.345211545977808
12885,CW,gyro_bias_dps,-0.22999999999999998,12.917858589535376,12.25116345702852,18.609955826373596,15.016232740278458
12885,CW,gyro_bias_dps,-0.22499999999999998,12.838436652443965,11.930670296227868,18.339742341330815,14.687360355202227
12885,CW,gyro_bias_dps,-0.21999999999999997,12.75757997714129,11.610696167602281,18.071037846339753,14.358594496466685
12885,CW,gyro_bias_dps,-0.21499999999999997,12.675291107842872,11.291247080519337,17.803904372786736,14.029935270010036
12885,CW,gyro_bias_dps,-0.21,12.591572613844004,10.97232903242941,17.538407321635983,13.701382781983755
12885,CW,gyro_bias_dps,-0.205,12.506427089467229,10.653948008765848,17.274615663191145,13.372937138757026
12885,CW,gyro_bias_dps,-0.19999999999999998,12.419857154005467,10.336109982835751,17.012602147796244,13.044598446910923
12885,CW,gyro_bias_dps,-0.195,12.331865451669795,10.018820915724087,16.752443527736112,12.716366813246486
12885,CW,gyro_bias_dps,-0.19,12.242454651525213,9.702086756177176,16.494220790460908,12.388242344769269
12885,CW,gyro_bias_dps,-0.185,12.151627447445913,9.38591344050991,16.238019403237665,12.060225148702772
12885,CW,gyro_bias_dps,-0.18,12.059386558045139,9.070306892498525,15.983929569082951,11.732315332479518
12885,CW,gyro_bias_dps,-0.175,11.965734726627806,8.75527302327564,15.732046493766726,11.404513003741855
12885,CW,gyro_bias_dps,-0.16999999999999998,11.870674721130626,8.440817731230732,15.482470663405012,11.076818270343702
12885,CW,gyro_bias_dps,-0.16499999999999998,11.774209334056309,8.126946901904295,15.235308131910584,10.749231240343914
12885,CW,gyro_bias_dps,-0.15999999999999998,11.676341382425903,7.8136664078889,14.990670817315332,10.421752022012532
12885,CW,gyro_bias_dps,-0.155,11.577073707712088,7.50098210872427,14.748676805528685,10.094380723824637
12885,CW,gyro_bias_dps,-0.15,11.476409175780919,7.188899850795861,14.50945065973922,9.767117454460278
12885,CW,gyro_bias_dps,-0.145,11.374350676834592,6.87742546723374,14.273123733115229,9.439962322805005
12885,CW,gyro_bias_dps,-0.13999999999999999,11.270901125346882,6.566564777814142,14.03983448186266,9.11291543795012
12885,CW,gyro_bias_dps,-0.13499999999999998,11.166063460006034,6.256323588851967,13.80972877503213,8.785976909187097
12885,CW,gyro_bias_dps,-0.12999999999999998,11.059840643651137,5.946707693106669,13.582960196656622,8.459146846012054
12885,CW,gyro_bias_dps,-0.12499999999999997,10.952235663209285,5.637722869677259,13.359690334904952,8.132425358120097
12885,CW,gyro_bias_dps,-0.12,10.843251529636381,5.32937488390437,13.140089051953241,7.805812555407725
12885,CW,gyro_bias_dps,-0.11499999999999999,10.73289127785531,5.021669487270105,12.924334727124753,7.479308547971885
12885,CW,gyro_bias_dps,-0.10999999999999999,10.621157966687246,4.714612417298611,12.712614464651043,7.15291344610701
12885,CW,gyro_bias_dps,-0.10499999999999998,10.508054678794405,4.408209397455039,12.505124256108395,6.826627360305029
12885,CW,gyro_bias_dps,-0.09999999999999998,10.393584520613945,4.1024661370487365,12.302069086169269,6.500450401255473
12885,CW,gyro_bias_dps,-0.09499999999999997,10.277750622290887,3.7973883311324697,12.103662968924747,6.174382679841598
12885,CW,gyro_bias_dps,-0.09,10.160556137618755,3.49298166040478,11.910128900629886,5.848424307142487
12885,CW,gyro_bias_dps,-0.08499999999999999,10.042004243971656,3.189251791114555,11.721698713370834,5.522575394433087
12885,CW,gyro_bias_dps,-0.07999999999999999,9.922098142238223,2.886204374955696,11.538612813008076,5.196836053176631
12885,CW,gyro_bias_dps,-0.07499999999999998,9.8008410567566,2.5838450489799696,11.361119783845425,4.87120639503337
12885,CW,gyro_bias_dps,-0.06999999999999998,9.678236235248573,2.282179435489115,11.189475841918075,4.545686531850152
12885,CW,gyro_bias_dps,-0.06499999999999997,9.554286948753974,1.9812131419472052,11.023944118836777,4.220276575668426
12885,CW,gyro_bias_dps,-0.06,9.428996491559747,1.6809517608757574,10.864793758779456,3.894976638714331
12885,CW,gyro_bias_dps,-0.05499999999999999,9.302368181136284,1.381400869762183,10.712298812797282,3.5697868334036493
12885,CW,gyro_bias_dps,-0.04999999999999999,9.174405358067816,1.0825660309665295,10.566736917142272,3.2447072723427275
12885,CW,gyro_bias_dps,-0.044999999999999984,9.045111385984933,0.7844527916138532,10.428387746091364,2.919738068317056
12885,CW,gyro_bias_dps,-0.03999999999999998,8.914489651496229,0.4870666835144334,10.297531234767247,2.5948793343048444
12885,CW,gyro_bias_dps,-0.034999999999999976,8.7825435641171,0.19041322305708946,10.174445573854468,2.270131183464603
12885,CW,gyro_bias_dps,-0.02999999999999997,8.64927655620222,-0.10550208888229236,10.059404985840468,1.9454937291379697
12885,CW,gyro_bias_dps,-0.024999999999999967,8.514692082875195,-0.40067376703490254,9.952677301335553,1.6209670848491806
12885,CW,gyro_bias_dps,-0.019999999999999962,8.37879362196029,-0.6950963418309357,9.854521363940808,1.2965513643067288
12885,CW,gyro_bias_dps,-0.014999999999999958,8.241584673906118,-0.9887643594996689,9.765184302532393,0.9722466813947173
12885,CW,gyro_bias_dps,-0.010000000000000009,8.10306876172108,-1.281672382155898,9.684898720353008,0.6480531501808822
12885,CW,gyro_bias_dps,-0.0050000000000000044,7.963249430899259,-1.5738149879003913,9.613879860049785,0.3239708849081157
12885,CW,gyro_bias_dps,0.0,7.82213024934872,-1.8651867709056433,9.552322812245954,0.0
12885,CW,gyro_bias_dps,0.0050000000000000044,7.679714807316259,-2.1557823415139525,9.50039984145035,0.3238593899463131
12885,CW,gyro_bias_dps,0.010000000000000009,7.536006717322152,-2.445596326328689,9.458257906367564,0.6476071701570403
12885,CW,gyro_bias_dps,0.015000000000000013,7.391009614081054,-2.7346233683051535,9.426016451409483,0.9712432256843404
12885,CW,gyro_bias_dps,0.020000000000000018,7.244727154430211,-3.022858126841379,9.403765541986706,1.2947674414059132
12885,CW,gyro_bias_dps,0.025000000000000022,7.097163017256389,-3.310295277872149,9.391564407850952,1.6181797020279634
12885,CW,gyro_bias_dps,0.030000000000000027,6.948320903421427,-3.5969295139585484,9.389440446620636,1.94147989208518
12885,CW,gyro_bias_dps,0.03500000000000003,6.798204535687978,-3.882755544377983,9.397388724206222,2.26466789594099
12885,CW,gyro_bias_dps,0.040000000000000036,6.646817658645864,-4.167768095218878,9.415371991059121,2.587743597791811
12885,CW,gyro_bias_dps,0.04500000000000004,6.494164038632744,-4.451961909462159,9.443321214102282,2.9107068816623483
12885,CW,gyro_bias_dps,0.050000000000000044,6.340247463664468,-4.735331747079476,9.481136605151846,3.233557631411596
12885,CW,gyro_bias_dps,0.05499999999999999,6.185071743354501,-5.017872385118437,9.52868910880523,3.5562957307320566
12885,CW,gyro_bias_dps,0.06,6.028640708839544,-5.299578617794384,9.585822297375676,3.8789210631524917
12885,CW,gyro_bias_dps,0.065,5.8709582127030675,-5.580445256573751,9.652354608262721,4.201433512034048
12885,CW,gyro_bias_dps,0.07,5.712028128896304,-5.860467130266454,9.728081850874206,4.523832960575767
12885,CW,gyro_bias_dps,0.07500000000000001,5.551854352663599,-6.13963908511721,9.812779905974068,4.846119291817255
12885,CW,gyro_bias_dps,0.08000000000000002,5.39044080046192,-6.417955984884941,9.90620754006046,5.168292388633581
12885,CW,gyro_bias_dps,0.08500000000000002,5.2277914098873,-6.6954127109360915,10.008109260733507,5.490352133739635
12885,CW,gyro_bias_dps,0.09000000000000002,5.063910139589848,-6.97200416233153,10.118218145227166,5.81229840969389
12885,CW,gyro_bias_dps,0.09500000000000003,4.898800969199806,-7.247725255908381,10.236258582786437,6.134131098893179
12885,CW,gyro_bias_dps,0.10000000000000003,4.7324678992458304,-7.522570926373419,10.361948881441712,6.455850083581038
12885,CW,gyro_bias_dps,0.10500000000000004,4.564914951078845,-7.796536126382284,10.495003700249264,6.777455245841157
12885,CW,gyro_bias_dps,0.11000000000000004,4.3961461667856385,-8.069615826629308,10.635136278614905,7.098946467605269
12885,CW,gyro_bias_dps,0.11500000000000005,4.22616560911681,-8.341805015933186,10.782060444245488,7.4203236306508185
12885,CW,gyro_bias_dps,0.12,4.054977361399847,-8.613098701315698,10.935492390277123,7.74158661659942
12885,CW,gyro_bias_dps,0.125,3.8825855274606966,-8.8834919080963,11.095152219914587,8.062735306925658
12885,CW,gyro_bias_dps,0.13,3.7089942315422606,-9.152979679965473,11.260765263320257,8.383769582948766
12885,CW,gyro_bias_dps,0.135,3.5342076182233315,-9.421557079077832,11.432063176583322,8.704689325841375
12885,CW,gyro_bias_dps,0.14,3.3582298523337615,-9.689219186129685,11.608784836326532,9.025494416627033
12885,CW,gyro_bias_dps,0.14500000000000002,3.1810651188761767,-9.95596110044346,11.79067704608769,9.346184736180353
12885,CW,gyro_bias_dps,0.15000000000000002,3.002717622940986,-10.221777940052254,11.977495072160812,9.666760165230894
12885,CW,gyro_bias_dps,0.15500000000000003,2.8231915896234567,-10.486664841778634,12.169003027226637,9.987220584360792
12885,CW,gyro_bias_dps,0.16000000000000003,2.642491263941224,-10.750616961322294,12.364974120121937,10.307565874010784
12885,CW,gyro_bias_dps,0.16500000000000004,2.4606209107494124,-11.013629473335822,12.565190789505468,10.627795914476518
12885,CW,gyro_bias_dps,0.17000000000000004,2.277584814655552,-11.275697571508237,12.769444738283614,10.9479105859121
12885,CW,gyro_bias_dps,0.17500000000000004,2.0933872799412483,-11.536816468647293,12.977536884442504,11.267909768329496
12885,CW,gyro_bias_dps,0.18,1.9080326304698247,-11.796981396759396,13.189277242576573,11.587793341603033
12885,CW,gyro_bias_dps,0.185,1.7215252096049198,-12.056187607126526,13.404484748984775,11.907561185465669
12885,CW,gyro_bias_dps,0.19,1.5338693801267482,-12.314430370389221,13.622987041780823,12.227213179512168
12885,CW,gyro_bias_dps,0.195,1.3450695241423773,-12.571704976627563,13.844620206031498,12.546749203203648
12885,CW,gyro_bias_dps,0.2,1.1551300430018727,-12.828006735435668,14.069228492636814,12.866169135863688
12885,CW,gyro_bias_dps,0.20500000000000002,0.9640553572148065,-13.083330976002582,14.296664018422252,13.18547285667981
12885,CW,gyro_bias_dps,0.21000000000000002,0.7718499063569197,-13.337673047191368,14.526786453784357,13.50466024470896
12885,CW,gyro_bias_dps,0.21500000000000002,0.5785181489907927,-13.591028317617383,14.75946270320529,13.823731178874713
12885,CW,gyro_bias_dps,0.22000000000000003,0.3840645625715979,-13.843392175722148,14.994566583054809,14.142685537969065
12885,CW,gyro_bias_dps,0.22500000000000003,0.18849364336540475,-14.094760029854308,15.23197850030368,14.461523200653986
12885,CW,gyro_bias_dps,0.23000000000000004,-0.008190093643906948,-14.345127308343455,15.47158513506049,14.780244045462073
12885,CW,gyro_bias_dps,0.23500000000000004,-0.20598211483734302,-14.594489459579744,15.713279129261622,15.098847950798552
12885,CW,gyro_bias_dps,0.24000000000000005,-0.4048778680546093,-14.842841952086667,15.956958783312903,15.417334794941508
12885,CW,gyro_bias_dps,0.24500000000000005,-0.6048727826810592,-15.090180274600744,16.202527762061315,15.735704456046031
12885,CW,gyro_bias_dps,0.25000000000000006,-0.805962269733891,-15.33649993613891,16.449894811084558,16.053956812137184
12885,CW,gyro_bias_dps,0.25500000000000006,-1.0081417219561217,-15.581796466082256,16.69897348401409,16.37209174112093
12885,CW,gyro_bias_dps,0.26000000000000006,-1.211406513905331,-15.82606541424526,16.949681881308855,16.69010912078045
12885,CW,gyro_bias_dps,0.26500000000000007,-1.4157520020392895,-16.069302350950103,17.201942400723496,17.008008828775026
12885,CW,gyro_bias_dps,0.2700000000000001,-1.621173524812093,-16.311502867103762,17.455681499537537,17.32579074264743
12885,CW,gyro_bias_dps,0.2750000000000001,-1.8276664027636342,-16.552662574265195,17.710829468454836,17.64345473981933
12885,CW,gyro_bias_dps,0.27999999999999997,-2.035225938608437,-16.792777104725097,17.967320217015374,17.961000697596784
12885,CW,gyro_bias_dps,0.285,-2.2438474173253553,-17.031842111570427,18.225091070235777,18.27842849316441
12885,CW,gyro_bias_dps,0.29,-2.4535261062562315,-17.26985326876561,18.48408257617248,18.595738003597788
12885,CW,gyro_bias_dps,0.295,-2.6642572551892725,-17.506806271215147,18.744238324010478,18.912929105852502
12885,CW,gyro_bias_dps,0.3,-2.876036096458324,-17.74269683484126,19.00550477229926,19.23000167677452
12885,CW,gyro_gain_pct,-0.5,11.112542127254027,5.744926882859079,13.543451059520066,8.297805066336283
12885,CW,gyro_gain_pct,-0.49,11.05932346500656,5.583365058095319,13.429798667566178,8.128283219145194
12885,CW,gyro_gain_pct,-0.48,11.005564770226579,5.4221586964260045,13.317134086604002,7.9589062733080445
12885,CW,gyro_gain_pct,-0.47,10.951267615836036,5.26130953567399,13.205477171232264,7.789674267930649
12885,CW,gyro_gain_pct,-0.46,10.896433580346592,5.100819307196559,13.09484822963459,7.620587242197719
12885,CW,gyro_gain_pct,-0.45,10.841064247836789,4.940689735863293,12.985268027161375,7.451645235369595
12885,CW,gyro_gain_pct,-0.44,10.785161207919804,4.780922540035124,12.876757789208332,7.282848286776495
12885,CW,gyro_gain_pct,-0.43,10.72872605572511,4.621519431556658,12.769339203357244,7.114196435830264
12885,CW,gyro_gain_pct,-0.42,10.671760391866247,4.462482115723082,12.66303442065007,6.945689722007456
12885,CW,gyro_gain_pct,-0.41000000000000003,10.614265822418474,4.303812291281792,12.557866055965075,6.7773281848676294
12885,CW,gyro_gain_pct,-0.4,10.55624395889065,4.145511650397952,12.45385718737011,6.609111864036805
12885,CW,gyro_gain_pct,-0.39,10.497696418200416,3.9875818786497463,12.35103135439338,6.441040799219013
12885,CW,gyro_gain_pct,-0.38,10.43862482264683,3.830024655004183,12.249412555097583,6.273115030188832
12885,CW,gyro_gain_pct,-0.37,10.379030799885708,3.672841651797796,12.149025241875053,6.105334596789871
12885,CW,gyro_gain_pct,-0.36,10.318915982900512,3.5160345347311703,12.049894315858875,5.937699538943653
12885,CW,gyro_gain_pct,-0.35,10.25828200997871,3.359604962839762,11.952045119843545,5.770209896638904
12885,CW,gyro_gain_pct,-0.33999999999999997,10.197130524682644,3.2035545884853946,11.855503429619072,5.602865709937845
12885,CW,gyro_gain_pct,-0.32999999999999996,10.13546317582668,3.0478850573324734,11.760295443603178,5.435667018970698
12885,CW,gyro_gain_pct,-0.32,10.073281617449311,2.892598008339428,11.666447770667169,5.2686138639419635
12885,CW,gyro_gain_pct,-0.31,10.010587508780532,2.737695073738121,11.573987416039493,5.1017062851237185
12885,CW,gyro_gain_pct,-0.3,9.947382514226593,2.583177879013749,11.482941765197975,4.934944322856772
12885,CW,gyro_gain_pct,-0.29000000000000004,9.883668303334366,2.4290480428972048,11.393338565608667,4.768328017554054
12885,CW,gyro_gain_pct,-0.28,9.819446550767907,2.275307177343359,11.305205906239838,4.601857409696703
12885,CW,gyro_gain_pct,-0.27,9.754718936279392,2.1219568875159665,11.218572194722872,4.435532539833485
12885,CW,gyro_gain_pct,-0.26,9.689487144686927,1.9689987717696453,11.133466132081653,4.269353448580556
12885,CW,gyro_gain_pct,-0.25,9.623752865842174,1.8164344216409631,11.049916684916782,4.103320176624823
12885,CW,gyro_gain_pct,-0.24,9.557517794608998,1.6642654218266215,10.96795305498379,3.9374327647206453
12885,CW,gyro_gain_pct,-0.22999999999999998,9.490783630829743,1.5124933501670512,10.887604646060979,3.7716912536856118
12885,CW,gyro_gain_pct,-0.21999999999999997,9.423552079305,1.3611197776343715,10.80890102807563,3.606095684406291
12885,CW,gyro_gain_pct,-0.21000000000000002,9.355824849759415,1.2101462683201476,10.731871898400184,3.4406460978375133
12885,CW,gyro_gain_pct,-0.2,9.287603656825013,1.0595743794118562,10.65654704031538,3.275342534999306
12885,CW,gyro_gain_pct,-0.19,9.21889022000039,0.9094056611826773,10.582956278577278,3.1101850369746606
12885,CW,gyro_gain_pct,-0.18,9.14968626363559,0.7596416569771349,10.51112943213486,2.945173644915554
12885,CW,gyro_gain_pct,-0.16999999999999998,9.07999351689748,0.6102839031918166,10.441096263964818,2.780308400035016
12885,CW,gyro_gain_pct,-0.15999999999999998,9.00981371374578,0.4613339292678802,10.372886428099248,2.615589343614964
12885,CW,gyro_gain_pct,-0.14999999999999997,8.939148592905212,0.3127932576687272,10.306529413888514,2.45101651699889
12885,CW,gyro_gain_pct,-0.14,8.86799989783476,0.1646634038690081,10.242054487595269,2.2865899615932332
12885,CW,gyro_gain_pct,-0.13,8.796369376707457,0.01694587634025311,10.179490631440318,2.1223097188702447
12885,CW,gyro_gain_pct,-0.12,8.72425878237409,-0.1303578234618726,10.118866480229375,1.9581758303651868
12885,CW,gyro_gain_pct,-0.10999999999999999,8.651669872344133,-0.27724620111980586,10.060210255756536,1.7941883376727565
12885,CW,gyro_gain_pct,-0.09999999999999998,8.578604408750016,-0.4237177692579621,10.003549699166573,1.6303472824523448
12885,CW,gyro_gain_pct,-0.08999999999999997,8.50506415832756,-0.5697710475629606,9.948912001542704,1.4666527064253947
12885,CW,gyro_gain_pct,-0.08000000000000002,8.431050892382018,-0.7154045627956634,9.896323732950194,1.3031046513744848
12885,CW,gyro_gain_pct,-0.07,8.356566386762438,-0.8606168488050457,9.845810770268972,1.1397031591434832
12885,CW,gyro_gain_pct,-0.06,8.281612421833893,-1.0054064465433838,9.797398224125912,0.9764482716358973
12885,CW,gyro_gain_pct,-0.04999999999999999,8.206190782454064,-1.1497719040798757,9.7511103652971,0.813340030816913
12885,CW,gyro_gain_pct,-0.03999999999999998,8.130303257935338,-1.293711776609348,9.706970550940877,0.6503784787122379
12885,CW,gyro_gain_pct,-0.02999999999999997,8.053951642026277,-1.4372246264736304,9.665001151112133,0.48756365740506474
12885,CW,gyro_gain_pct,-0.020000000000000018,7.977137732881329,-1.5803090231708552,9.625223475952794,0.3248956090386998
12885,CW,gyro_gain_pct,-0.010000000000000009,7.8998633330287475,-1.7229635433635964,9.587657704022698,0.16237437581794806
12885,CW,gyro_gain_pct,0.0,7.82213024934872,-1.8651867709056433,9.552322812245954,0.0
12885,CW,gyro_gain_pct,0.010000000000000009,7.743940293039008,-2.0069772968381927,9.519236507917107,0.16222747609402557
12885,CW,gyro_gain_pct,0.020000000000000018,7.665295279594124,-2.1483337194151657,9.488415163284854,0.32430801008721477
12885,CW,gyro_gain_pct,0.030000000000000027,7.586197028770448,-2.289254644112873,9.45987375314895,0.4862415595476231
12885,CW,gyro_gain_pct,0.040000000000000036,7.506647364563515,-2.429738683639164,9.433625795974665,0.6480280819829887
12885,CW,gyro_gain_pct,0.050000000000000044,7.426648115174521,-2.569784457949652,9.409683298957672,0.809667534846686
12885,CW,gyro_gain_pct,0.06000000000000005,7.3462011129874325,-2.709390594260492,9.38805670750363,0.9711598755360435
12885,CW,gyro_gain_pct,0.07000000000000006,7.2653081945366695,-2.848555727055543,9.368754859509064,1.1325050613900718
12885,CW,gyro_gain_pct,0.07999999999999996,7.183971200480937,-2.9872784981065705,9.351784944859935,1.2937030496958957
12885,CW,gyro_gain_pct,0.08999999999999997,7.102191975573919,-3.125557556480396,9.337152470469725,1.4547537976847935
12885,CW,gyro_gain_pct,0.09999999999999998,7.019972368637582,-3.263391558548926,9.324861231181695,1.6156572625307353
12885,CW,gyro_gain_pct,0.10999999999999999,6.937314232532162,-3.4007791680098194,9.31491328679662,1.776413401358455
12885,CW,gyro_gain_pct,0.12,6.8542194241275185,-3.5377190558861455,9.30730894542853,1.937022171234041
12885,CW,gyro_gain_pct,0.13,6.770689804275162,-3.674209900548328,9.302046753366087,2.0974835291734037
12885,CW,gyro_gain_pct,0.14,6.6867272377819065,-3.8102503877221467,9.2991234915281,2.2577974321388994
12885,CW,gyro_gain_pct,0.15000000000000002,6.602333593376147,-3.945839210497115,9.298534178561797,2.4179638370394385
12885,CW,gyro_gain_pct,0.16000000000000003,6.517510743688149,-4.080975069344345,9.30027208059065,2.5779827007319605
12885,CW,gyro_gain_pct,0.17000000000000004,6.432260565208457,-4.21565667211961,9.30432872750885,2.737853980021575
12885,CW,gyro_gain_pct,0.18000000000000005,6.346584938273622,-4.349882734084827,9.310693935733727,2.897577631663267
12885,CW,gyro_gain_pct,0.19000000000000006,6.260485747025223,-4.483651977910597,9.319355837203224,3.0571536123613927
12885,CW,gyro_gain_pct,0.20000000000000007,6.173964879390951,-4.616963133688796,9.330300914397228,3.2165818787665557
12885,CW,gyro_gain_pct,0.20999999999999996,6.087024227048891,-4.7498149389453035,9.34351404110216,3.375862387481157
12885,CW,gyro_gain_pct,0.21999999999999997,5.999665685403852,-4.882206138652862,9.358978528583677,3.5349950950590423
12885,CW,gyro_gain_pct,0.22999999999999998,5.911891153553052,-5.014135485235988,9.37667617679386,3.6939799580037245
12885,CW,gyro_gain_pct,0.24,5.823702534263385,-5.145601738584299,9.396587330225362,3.8528169327683157
12885,CW,gyro_gain_pct,0.25,5.735101733938654,-5.276603666064932,9.41869093796869,4.011505975759527
12885,CW,gyro_gain_pct,0.26,5.646090662593497,-5.407140042531478,9.442964617514912,4.170047043335445
12885,CW,gyro_gain_pct,0.27,5.556671233819861,-5.53720965032893,9.469384721831856,4.328440091804092
12885,CW,gyro_gain_pct,0.28,5.466845364762117,-5.666811279314777,9.49792640925417,4.486685077430842
12885,CW,gyro_gain_pct,0.29000000000000004,5.376614976089423,-5.795943726857979,9.52856371564959,4.644781956429049
12885,CW,gyro_gain_pct,0.30000000000000004,5.285981991962399,-5.924605797856293,9.56126962842611,4.802730684968936
12885,CW,gyro_gain_pct,0.31000000000000005,5.194948340007113,-6.052796304741117,9.596016161856449,4.960531219172383
12885,CW,gyro_gain_pct,0.32000000000000006,5.103515951284498,-6.180514067492368,9.63277443328161,5.118183515118505
12885,CW,gyro_gain_pct,0.33000000000000007,5.011686760261841,-6.307757913641604,9.671514739711856,5.27568752883851
12885,CW,gyro_gain_pct,0.33999999999999997,4.919462704785133,-6.434526678285772,9.712206634412263,5.433043216318861
12885,CW,gyro_gain_pct,0.35,4.826845726048918,-6.560819204096833,9.754819003043583,5.59025053350264
12885,CW,gyro_gain_pct,0.36,4.733837768566263,-6.686634341329556,9.7993201389866,5.7473094362892345
12885,CW,gyro_gain_pct,0.37,4.640440780139397,-6.811970947826251,9.845677817476997,5.9042198805313015
12885,CW,gyro_gain_pct,0.38,4.546656711834362,-6.936827889037284,9.893859368253667,6.060981822042545
12885,CW,gyro_gain_pct,0.39,4.452487517947179,-7.061204038019014,9.94383174638412,6.217595216591943
12885,CW,gyro_gain_pct,0.4,4.357935155977907,-7.185098275445012,9.995561601040851,6.374060019904194
12885,CW,gyro_gain_pct,0.41000000000000003,4.263001586597534,-7.308509489618961,10.049015341981246,6.530376187665443
12885,CW,gyro_gain_pct,0.42000000000000004,4.167688773625059,-7.431436576477722,10.104159203540595,6.686543675516566
12885,CW,gyro_gain_pct,0.43000000000000005,4.071998683991933,-7.5538784396066605,10.16095930596668,6.842562439062086
12885,CW,gyro_gain_pct,0.44000000000000006,3.975933287715679,-7.675833990236152,10.21938171395864,6.998432433859216
12885,CW,gyro_gain_pct,0.45000000000000007,3.8794945578719533,-7.797302147264941,10.279392492328231,7.15415361543062
12885,CW,gyro_gain_pct,0.45999999999999996,3.7826844705622533,-7.918281837256506,10.340957758666764,7.309725939256177
12885,CW,gyro_gain_pct,0.47,3.6855050048853855,-8.038771994452066,10.404043733003897,7.465149360777614
12885,CW,gyro_gain_pct,0.48,3.5879581429114067,-8.158771560777302,10.46861678440904,7.620423835395391
12885,CW,gyro_gain_pct,0.49,3.4900458696442227,-8.27827948584984,10.534643474539754,7.775549318474439
12885,CW,gyro_gain_pct,0.5,3.391770173004011,-8.397294726988434,10.602090598157192,7.930525765338394
12885,CW,wheel_relative_pct,-2.0,7.866463677456295,-1.8694331803583395,9.5894143266396,0.04512719361124723
12885,CW,wheel_relative_pct,-1.95,7.865355341753229,-1.8693270201215229,9.588486199014197,0.04399901377057522
12885,CW,wheel_relative_pct,-1.9,7.864247006050869,-1.8692208598855473,9.587558114296105,0.04287083393059465
12885,CW,wheel_relative_pct,-1.85,7.863138670348076,-1.8691146996491397,9.58663007249681,0.04174265409021062
12885,CW,wheel_relative_pct,-1.8,7.862030334645283,-1.869008539412698,9.585702073628756,0.04061447424985064
12885,CW,wheel_relative_pct,-1.75,7.860921998942558,-1.8689023791772912,9.584774117705075,0.039486294409572534
12885,CW,wheel_relative_pct,-1.7,7.8598136632393105,-1.8687962189401788,9.583846204736801,0.03835811456873691
12885,CW,wheel_relative_pct,-1.65,7.858705327537382,-1.8686900587038053,9.58291833473855,0.0372299347291444
12885,CW,wheel_relative_pct,-1.6,7.8575969918348845,-1.868583898467739,9.581990507721512,0.036101754889016235
12885,CW,wheel_relative_pct,-1.55,7.8564886561319325,-1.8684777382313882,9.581062723697926,0.034973575048596016
12885,CW,wheel_relative_pct,-1.5,7.855380320428798,-1.8683715779947079,9.580134982680445,0.03384539520777791
12885,CW,wheel_relative_pct,-1.45,7.854271984726461,-1.8682654177587097,9.579207284682168,0.03271721536788817
12885,CW,wheel_relative_pct,-1.4,7.85316364902369,-1.868159257522359,9.578279629715153,0.03158903552749246
12885,CW,wheel_relative_pct,-1.35,7.852055313321012,-1.8680530972859741,9.57735201779208,0.030460855687227992
12885,CW,wheel_relative_pct,-1.2999999999999998,7.850946977617991,-1.8679469370494188,9.576424448925033,0.029332675846581415
12885,CW,wheel_relative_pct,-1.25,7.849838641915312,-1.8678407768130683,9.57549692312693,0.028204496006360456
12885,CW,wheel_relative_pct,-1.2,7.848730306212883,-1.8677346165764903,9.574569440410674,0.027076316166310864
12885,CW,wheel_relative_pct,-1.15,7.847621970510568,-1.8676284563403556,9.573642000788654,0.025948136326408983
12885,CW,wheel_relative_pct,-1.1,7.846513634807593,-1.8675222961040618,9.572714604272019,0.024819956485784205
12885,CW,wheel_relative_pct,-1.0499999999999998,7.845405299104732,-1.8674161358681318,9.571787250874525,0.02369177664542036
12885,CW,wheel_relative_pct,-1.0,7.844296963402212,-1.86730997563144,9.570859940608559,0.02256359680518405
12885,CW,wheel_relative_pct,-0.95,7.843188627699829,-1.8672038153949415,9.569932673487475,0.021435416965246246
12885,CW,wheel_relative_pct,-0.8999999999999999,7.842080291996763,-1.8670976551592162,9.569005449521628,0.0203072371246478
12885,CW,wheel_relative_pct,-0.8499999999999999,7.840971956294084,-1.8669914949227633,9.568078268725978,0.019179057284369628
12885,CW,wheel_relative_pct,-0.7999999999999998,7.839863620591222,-1.8668853346867764,9.56715113111104,0.018050877443951886
12885,CW,wheel_relative_pct,-0.75,7.8387552848886575,-1.8667791744499596,9.566224036691212,0.016922697603711567
12885,CW,wheel_relative_pct,-0.7,7.837646949185933,-1.8666730142143593,9.565296985477874,0.01579451776342892
12885,CW,wheel_relative_pct,-0.6499999999999999,7.836538613483344,-1.866566853976508,9.564369977483544,0.014666337923111748
12885,CW,wheel_relative_pct,-0.5999999999999999,7.835430277780415,-1.8664606937413963,9.563443012721544,0.013538158082817723
12885,CW,wheel_relative_pct,-0.5499999999999998,7.834321942077713,-1.8663545335042044,9.56251609120338,0.012409978242438597
12885,CW,wheel_relative_pct,-0.5,7.83321360637517,-1.8662483732685815,9.561589212943202,0.0112817984022346
12885,CW,wheel_relative_pct,-0.44999999999999996,7.832105270672651,-1.8661422130318441,9.560662377952413,0.010153618562164877
12885,CW,wheel_relative_pct,-0.3999999999999999,7.83099693496938,-1.8660360527962667,9.559735586242999,0.009025438721331656
12885,CW,wheel_relative_pct,-0.34999999999999987,7.829888599267133,-1.8659298925599388,9.558808837829508,0.007897258881436177
12885,CW,wheel_relative_pct,-0.2999999999999998,7.828780263564158,-1.8658237323220874,9.557882132722975,0.006769079040830251
12885,CW,wheel_relative_pct,-0.25,7.827671927861661,-1.86571757208618,9.556955470936662,0.005640899200692087
12885,CW,wheel_relative_pct,-0.19999999999999996,7.826563592158891,-1.8656114118498976,9.556028852482545,0.004512719360385871
12885,CW,wheel_relative_pct,-0.1499999999999999,7.8254552564561894,-1.8655052516140926,9.555102277374273,0.0033845395201696615
12885,CW,wheel_relative_pct,-0.09999999999999987,7.824346920753146,-1.8653990913773442,9.554175745622905,0.0022563596794258293
12885,CW,wheel_relative_pct,-0.04999999999999982,7.823238585050854,-1.8652929311412663,9.553249257242724,0.0011281798396337898
12885,CW,wheel_relative_pct,0.0,7.82213024934872,-1.8651867709056433,9.552322812245954,0.0
12885,CW,wheel_relative_pct,0.050000000000000266,7.821021913645541,-1.865080610668508,9.551396410643683,0.0011281798408313139
12885,CW,wheel_relative_pct,0.10000000000000009,7.819913577942953,-1.8649744504326236,9.550470052450292,0.0022563596811556847
12885,CW,wheel_relative_pct,0.1499999999999999,7.81880524224066,-1.8648682901960456,9.549543737678395,0.0033845395208127274
12885,CW,wheel_relative_pct,0.20000000000000018,7.817696906537298,-1.864762129959638,9.5486174663391,0.004512719361929437
12885,CW,wheel_relative_pct,0.25,7.816588570834438,-1.8646559697232532,9.547691238446538,0.005640899202339165
12885,CW,wheel_relative_pct,0.30000000000000027,7.815480235131804,-1.8645498094870732,9.546765054012745,0.006769079042616422
12885,CW,wheel_relative_pct,0.3500000000000001,7.814371899429648,-1.8644436492504155,9.545838913050975,0.007897258882391973
12885,CW,wheel_relative_pct,0.40000000000000036,7.813263563726446,-1.864337489014804,9.54491281557263,0.009025438723145384
12885,CW,wheel_relative_pct,0.4500000000000002,7.812155228023926,-1.864231328778351,9.543986761591484,0.010153618563119759
12885,CW,wheel_relative_pct,0.5,7.811046892320792,-1.864125168542421,9.54306075111947,0.011281798403922428
12885,CW,wheel_relative_pct,0.5500000000000003,7.809938556618363,-1.864019008305411,9.542134784170008,0.012409978244082987
12885,CW,wheel_relative_pct,0.6000000000000001,7.808830220915889,-1.8639128480695262,9.541208860755386,0.013538158084123168
12885,CW,wheel_relative_pct,0.6500000000000004,7.807721885213027,-1.863806687833096,9.540282980888692,0.014666337924600523
12885,CW,wheel_relative_pct,0.7000000000000002,7.806613549510803,-1.8637005275970069,9.539357144582214,0.01579451776439852
12885,CW,wheel_relative_pct,0.75,7.805505213807737,-1.8635943673597126,9.538431351847414,0.016922697605070026
12885,CW,wheel_relative_pct,0.8000000000000003,7.804396878104694,-1.8634882071239758,9.537505602698685,0.018050877445612595
12885,CW,wheel_relative_pct,0.8500000000000001,7.8032885424020835,-1.8633820468874092,9.536579897148469,0.019179057285788025
12885,CW,wheel_relative_pct,0.9000000000000004,7.802180206699381,-1.8632758866515928,9.53565423520908,0.02030723712606554
12885,CW,wheel_relative_pct,0.9500000000000002,7.801071870996634,-1.8631697264150262,9.534728616893537,0.021435416966484693
12885,CW,wheel_relative_pct,1.0,7.799963535293818,-1.863063566177982,9.533803042213686,0.02256359680697507
12885,CW,wheel_relative_pct,1.0500000000000003,7.798855199591571,-1.8629574059423362,9.532877511184367,0.023691776646793148
12885,CW,wheel_relative_pct,1.1,7.797746863888847,-1.862851245706463,9.531952023815855,0.02481995648697538
12885,CW,wheel_relative_pct,1.1500000000000004,7.796638528186099,-1.8627450854698508,9.531026580121797,0.02594813632748675
12885,CW,wheel_relative_pct,1.2000000000000002,7.7955301924832385,-1.8626389252330342,9.530101180115036,0.027076316167968385
12885,CW,wheel_relative_pct,1.25,7.794421856780628,-1.8625327649961718,9.529175823808147,0.028204496008085764
12885,CW,wheel_relative_pct,1.3000000000000003,7.793313521077948,-1.8624266047605602,9.528250511214491,0.02933267584830931
12885,CW,wheel_relative_pct,1.35,7.792205185375474,-1.8623204445246757,9.527325242345968,0.03046085568847104
12885,CW,wheel_relative_pct,1.4000000000000004,7.791096849672272,-1.8622142842884273,9.526400017215144,0.03158903552915628
12885,CW,wheel_relative_pct,1.4500000000000002,7.789988513969661,-1.862108124051258,9.525474835835583,0.032717215369349496
12885,CW,wheel_relative_pct,1.5,7.788880178267368,-1.8620019638148277,9.524549698220053,0.0338453952092287
12885,CW,wheel_relative_pct,1.5500000000000003,7.787771842564325,-1.8618958035787045,9.523624604380318,0.03497357504992736
12885,CW,wheel_relative_pct,1.6,7.786663506861691,-1.8617896433423766,9.522699554329705,0.03610175489021764
12885,CW,wheel_relative_pct,1.6500000000000004,7.785555171159331,-1.861683483106799,9.521774548081991,0.03722993473008173
12885,CW,wheel_relative_pct,1.7000000000000002,7.784446835456151,-1.8615773228697663,9.52084958564777,0.03835811457095253
12885,CW,wheel_relative_pct,1.75,7.78333849975329,-1.8614711626338931,9.519924667041371,0.03948629441134431
12885,CW,wheel_relative_pct,1.8000000000000003,7.7822301640507705,-1.8613650023968262,9.518999792275553,0.04061447425157332
12885,CW,wheel_relative_pct,1.85,7.781121828347727,-1.8612588421605551,9.518074961362682,0.041742654092137704
12885,CW,wheel_relative_pct,1.9000000000000004,7.780013492645071,-1.8611526819249775,9.517150174315418,0.04287083393223523
12885,CW,wheel_relative_pct,1.9500000000000002,7.778905156942574,-1.8610465216885814,9.516225431147324,0.04399901377246601
12885,CW,wheel_relative_pct,2.0,7.777796821240645,-1.8609403614518327,9.51530073187062,0.045127193612057116
12885,CW,yaw_time_shift_ms,-20.0,6.638317724508488,-1.8141667743786343,8.542029750047387,1.2010783986547966
12885,CW,yaw_time_shift_ms,-19.5,6.666757346175518,-1.80500391341061,8.563664791382386,1.172562005827158
12885,CW,yaw_time_shift_ms,-19.0,6.695143627792459,-1.7935998547593044,8.584830746863366,1.1443384793064255
12885,CW,yaw_time_shift_ms,-18.5,6.7208318578062975,-1.7947745561344959,8.605825287390028,1.118347524841599
12885,CW,yaw_time_shift_ms,-18.0,6.746457937366609,-1.7937202955977682,8.626323021112151,1.0925688273501164
12885,CW,yaw_time_shift_ms,-17.5,6.779251879440767,-1.8115809178469022,8.657342055351396,1.0584102781637048
12885,CW,yaw_time_shift_ms,-17.0,6.811995133955724,-1.827212801519454,8.687897671777396,1.0246314423650744
12885,CW,yaw_time_shift_ms,-16.5,6.841980443745752,-1.841310702629619,8.715906035707198,0.993795178929281
12885,CW,yaw_time_shift_ms,-16.0,6.871919989260846,-1.853176119472107,8.743435107721474,0.9632115300768783
12885,CW,yaw_time_shift_ms,-15.5,6.901815498905785,-1.86280862784281,8.770481134582344,0.9328138044278693
12885,CW,yaw_time_shift_ms,-15.0,6.931668701585795,-1.870207818305289,8.797042056214607,0.902542968910985
12885,CW,yaw_time_shift_ms,-14.5,6.961481326672879,-1.8753732961667424,8.82311747963666,0.8723491020587272
12885,CW,yaw_time_shift_ms,-14.0,6.9912551039813025,-1.8783046814932618,8.848708654692613,0.8421931049857297
12885,CW,yaw_time_shift_ms,-13.5,7.02099176374129,-1.8790016091022494,8.873818451504242,0.8120487538697809
12885,CW,yaw_time_shift_ms,-13.0,7.050693036563189,-1.8774637285587459,8.89845133957018,0.781905203187896
12885,CW,yaw_time_shift_ms,-12.5,7.0803606534108665,-1.8736907041833206,8.922613368457945,0.751770080663925
12885,CW,yaw_time_shift_ms,-12.0,7.109996345575018,-1.8676822150391104,8.946312149989742,0.721673353366189
12885,CW,yaw_time_shift_ms,-11.5,7.139601844641584,-1.859437954939392,8.969556841845844,0.6916721884514491
12885,CW,yaw_time_shift_ms,-11.0,7.16917888246021,-1.8489576324404537,8.992358132484839,0.6618570769190277
12885,CW,yaw_time_shift_ms,-10.5,7.198989603008272,-1.8369398098356555,9.01497716499876,0.6320443988869271
12885,CW,yaw_time_shift_ms,-10.0,7.228770934046542,-1.8226870495487106,9.037172603945494,0.6027010366705068
12885,CW,yaw_time_shift_ms,-9.5,7.255324310678998,-1.8194124576412718,9.058948483052612,0.5760268722733084
12885,CW,yaw_time_shift_ms,-9.0,7.28181595098813,-1.8139068498561641,9.080248604084629,0.5496886180367189
12885,CW,yaw_time_shift_ms,-8.5,7.312975265255273,-1.835410897824056,9.110918526118526,0.5165755493447557
12885,CW,yaw_time_shift_ms,-8.0,7.344076222813305,-1.8546833305173436,9.141136914946538,0.48431606291428825
12885,CW,yaw_time_shift_ms,-7.5,7.374299814970027,-1.8721000986650211,9.170375371449122,0.4536359311139862
12885,CW,yaw_time_shift_ms,-7.0,7.404469290142697,-1.88728406444053,9.199145288449982,0.42359666281394276
12885,CW,yaw_time_shift_ms,-6.5,7.434586379821189,-1.9002347717038675,9.227440792741039,0.3940720499843298
12885,CW,yaw_time_shift_ms,-6.0,7.464652816094531,-1.910951779080176,9.255257651654498,0.36493399682735694
12885,CW,yaw_time_shift_ms,-5.5,7.494670331613224,-1.9194346599633945,9.282593246936038,0.33605343435291385
12885,CW,yaw_time_shift_ms,-5.0,7.524640659565966,-1.9256830025148362,9.309446550282775,0.30730124055732494
12885,CW,yaw_time_shift_ms,-4.5,7.554565533648133,-1.9296964096549005,9.33581810048447,0.27854913975626605
12885,CW,yaw_time_shift_ms,-4.0,7.584446688032517,-1.931474499078638,9.36170998211829,0.24967055658415468
12885,CW,yaw_time_shift_ms,-3.5,7.614285857340292,-1.9310169032373778,9.387125805743578,0.22054140346401394
12885,CW,yaw_time_shift_ms,-3.0,7.6440847766145,-1.9283232693480272,9.412070689539034,0.1910407846510301
12885,CW,yaw_time_shift_ms,-2.5,7.673845181285424,-1.923393259389843,9.436551242293264,0.16105160477433308
12885,CW,yaw_time_shift_ms,-2.0,7.70356880714512,-1.9162265500986109,9.460575547709588,0.1304610747504895
12885,CW,yaw_time_shift_ms,-1.5,7.733257390320295,-1.9068228329735688,9.484153149923227,0.09916111271254233
12885,CW,yaw_time_shift_ms,-1.0,7.762912667238197,-1.8951818142673005,9.507295040154938,0.06704864177189299
12885,CW,yaw_time_shift_ms,-0.5,7.792536374597671,-1.881303214990544,9.530013644425823,0.034025789918998274
12885,CW,yaw_time_shift_ms,0.0,7.82213024934872,-1.8651867709056433,9.552322812245954,0.0
12885,CW,yaw_time_shift_ms,0.5,7.852746625679219,-1.8904330599505101,9.583732509262296,0.03998931550207473
12885,CW,yaw_time_shift_ms,1.0,7.883297229472919,-1.9134468040303205,9.614699118435176,0.0785352804430427
12885,CW,yaw_time_shift_ms,1.5,7.913783793678045,-1.934227485107283,9.645211617024891,0.1156954902057183
12885,CW,yaw_time_shift_ms,2.0,7.944208051986834,-1.9527745999243051,9.675260626874048,0.15153187657395548
12885,CW,yaw_time_shift_ms,2.5,7.974571738811415,-1.969087660006005,9.704838385325305,0.18611094298699715
12885,CW,yaw_time_shift_ms,3.0,8.004876589255172,-1.9831661916621441,9.733938717704875,0.21950398739126112
12885,CW,yaw_time_shift_ms,3.5,8.035124339078198,-1.9950097359803636,9.762557011353238,0.25178730566086877
12885,CW,yaw_time_shift_ms,4.0,8.065316724669879,-2.004617848830969,9.790690191194011,0.2830423674577716
12885,CW,yaw_time_shift_ms,4.5,8.095455483026125,-2.0119901008655345,9.818336696804835,0.31335595528976556
12885,CW,yaw_time_shift_ms,5.0,8.125542351709964,-2.0171260775169912,9.845496460933752,0.34282025656919823
12885,CW,yaw_time_shift_ms,5.5,8.155579068826956,-2.020025378998048,9.872170889449185,0.37153289779605364
12885,CW,yaw_time_shift_ms,6.0,8.18556737300139,-2.020687620299884,9.898362842657278,0.39959690959705574
12885,CW,yaw_time_shift_ms,6.5,8.215509003335637,-2.01911243119298,9.924076617924596,0.4271206114798117
12885,CW,yaw_time_shift_ms,7.0,8.245405699389902,-2.015299456225546,9.949317933579024,0.454217405967839
12885,CW,yaw_time_shift_ms,7.5,8.27525920115006,-2.009248354720023,9.974093913997969,0.48100547323480025
12885,CW,yaw_time_shift_ms,8.0,8.305071248998638,-2.0009588007763113,9.998413075836787,0.5076073597502533
12885,CW,yaw_time_shift_ms,8.5,8.334078293539756,-1.9906947499416787,10.021556884440098,0.5334227679983637
12885,CW,yaw_time_shift_ms,9.0,8.363047654588149,-1.9781915783859971,10.044263627542472,0.5592804830464428
12885,CW,yaw_time_shift_ms,9.5,8.391991058164308,-1.9908489619104899,10.071704924546731,0.5903160354662085
12885,CW,yaw_time_shift_ms,10.0,8.420901473284971,-2.0012759352087643,10.098695037368447,0.6209092631777209
12885,CW,yaw_time_shift_ms,10.5,8.450218137505635,-2.0240169013129274,10.129062874239358,0.6551756239471884
12885,CW,yaw_time_shift_ms,11.0,8.479473227030212,-2.0445152762670773,10.158965514760894,0.6891353947077038
12885,CW,yaw_time_shift_ms,11.5,8.510011546452551,-2.064184265754443,10.189758525823793,0.724204019143237
12885,CW,yaw_time_shift_ms,12.0,8.54048302126073,-2.0816171785031656,10.220070899377767,0.7587170582106442
12885,CW,yaw_time_shift_ms,12.5,8.570889389990452,-2.096813524242384,10.249896246733007,0.7925931069593148
12885,CW,yaw_time_shift_ms,13.0,8.601232391898384,-2.1097728275031047,10.279229667200825,0.825781176082593
12885,CW,yaw_time_shift_ms,13.5,8.631513766936427,-2.120494627619564,10.308067725263362,0.8582543172330411
12885,CW,yaw_time_shift_ms,14.0,8.661735255715508,-2.1289784787283224,10.336408429107479,0.8900049433923382
12885,CW,yaw_time_shift_ms,14.5,8.69189859948158,-2.1352239497675782,10.364251210517034,0.9210413679909022
12885,CW,yaw_time_shift_ms,15.0,8.72200554008673,-2.139230624475533,10.391596906057455,0.9513852235464431
12885,CW,yaw_time_shift_ms,15.5,8.752057819955075,-2.140998101392745,10.41844773953144,0.9810695175411771
12885,CW,yaw_time_shift_ms,16.0,8.782057182055429,-2.140525993859717,10.444807305650071,1.0101371512836217
12885,CW,yaw_time_shift_ms,16.5,8.812005369880307,-2.1378139300181487,10.470680554888437,1.0386397752319507
12885,CW,yaw_time_shift_ms,17.0,8.841904127398948,-2.1328615528029102,10.496073779430786,1.0666368877835581
12885,CW,yaw_time_shift_ms,17.5,8.870794606910113,-2.126346626280042,10.519885994524715,1.0933758975113648
12885,CW,yaw_time_shift_ms,18.0,8.899640208529103,-2.117590675873328,10.54323464518381,1.1197272417544295
12885,CW,yaw_time_shift_ms,18.5,8.931410747981591,-2.126144214311762,10.573328002835298,1.1528000796559834
12885,CW,yaw_time_shift_ms,19.0,8.963139678759536,-2.132469469570026,10.60294906259648,1.1853458430349049
12885,CW,yaw_time_shift_ms,19.5,8.993303925703662,-2.1529695988730166,10.63380379491938,1.2197249908786105
12885,CW,yaw_time_shift_ms,20.0,9.023425749122111,-2.1712342437888426,10.664200104327682,1.253649406231688
12886,CW,gyro_bias_dps,-0.3,15.255359267916742,14.509296018958299,21.3897953324083,19.88142754466736
12886,CW,gyro_bias_dps,-0.295,15.189200464482246,14.179582493441751,21.114833147293812,19.546987260087892
12886,CW,gyro_bias_dps,-0.29,15.12157443097924,13.850325768867481,20.84107482082947,19.21264807181013
12886,CW,gyro_bias_dps,-0.285,15.052483433687666,13.52153196633476,20.568563029890587,18.878410153834306
12886,CW,gyro_bias_dps,-0.27999999999999997,14.981929764337655,13.193207196255196,20.29734252006623,18.544273680372438
12886,CW,gyro_bias_dps,-0.27499999999999997,14.909915740059706,12.8653575582494,20.027460218032672,18.210238825848702
12886,CW,gyro_bias_dps,-0.27,14.836443703336249,12.537989141046626,19.758965350003745,17.87630576490322
12886,CW,gyro_bias_dps,-0.265,14.761516021949046,12.211108022368695,19.491909566471904,17.54247467237919
12886,CW,gyro_bias_dps,-0.26,14.685135088929837,11.88472026883469,19.22634707349439,17.208745723331038
12886,CW,gyro_bias_dps,-0.255,14.607303322510642,11.55883193585114,18.962334770700867,16.87511909301848
12886,CW,gyro_bias_dps,-0.25,14.528023166068124,11.233449067507786,18.69993239620844,16.54159495690376
12886,CW,gyro_bias_dps,-0.245,14.44729708807506,10.908577696476414,18.439202678601426,16.20817349065401
12886,CW,gyro_bias_dps,-0.24,14.36512758204633,10.584223843899338,18.18021149605842,15.874854870132367
12886,CW,gyro_bias_dps,-0.235,14.281517166487651,10.260393519294734,17.92302804270056,15.541639271405145
12886,CW,gyro_bias_dps,-0.22999999999999998,14.19646838483943,9.93709272044573,17.667725002123102,15.208526870732614
12886,CW,gyro_bias_dps,-0.22499999999999998,14.10998380542353,9.614327433301673,17.414378728030687,14.875517844571645
12886,CW,gyro_bias_dps,-0.21999999999999997,14.02206602139222,9.292103631869429,17.163069431772147,14.542612369570058
12886,CW,gyro_bias_dps,-0.21499999999999997,13.93271765067102,8.970427278117189,16.913881376465344,14.209810622570036
12886,CW,gyro_bias_dps,-0.21,13.84194133590081,8.64930432186718,16.666903077249017,13.877112780601394
12886,CW,gyro_bias_dps,-0.205,13.749739744390718,8.328740700692856,16.422227507055112,13.54451902088227
12886,CW,gyro_bias_dps,-0.19999999999999998,13.656115568050927,8.008742339819275,16.179952307056926,13.212029520815792
12886,CW,gyro_bias_dps,-0.195,13.561071523345912,7.6893151520212655,15.94018000077168,12.87964445799175
12886,CW,gyro_bias_dps,-0.19,13.464610351234047,7.370465037517443,15.703018210471749,12.547364010179649
12886,CW,gyro_bias_dps,-0.185,13.366734817108204,7.052197883873896,15.468579874298495,12.215188355330833
12886,CW,gyro_bias_dps,-0.18,13.267447710742067,6.734519565899438,15.236983462093411,11.883117671574787
12886,CW,gyro_bias_dps,-0.175,13.166751846229863,6.417435945547117,15.00835318756894,11.5511521372189
12886,CW,gyro_bias_dps,-0.16999999999999998,13.064650061927637,6.100952871810955,14.782819213988745,11.219291930743964
12886,CW,gyro_bias_dps,-0.16499999999999998,12.961145220397407,5.785076180628948,14.560517850036764,10.887537230806895
12886,CW,gyro_bias_dps,-0.15999999999999998,12.856240208340818,5.469811694777741,14.341591731965469,10.555888216231263
12886,CW,gyro_bias_dps,-0.155,12.749937936550008,5.155165223780318,14.126189987564702,10.224345066016603
12886,CW,gyro_bias_dps,-0.15,12.642241339838211,4.841142563796677,13.91446837675221,9.892907959324084
12886,CW,gyro_bias_dps,-0.145,12.533153376982636,4.527749497532909,13.706589402976777,9.561577075483688
12886,CW,gyro_bias_dps,-0.13999999999999999,12.422677030665364,4.214991794138735,13.502722388828463,9.230352593990094
12886,CW,gyro_bias_dps,-0.13499999999999998,12.310815307408529,3.902875209107731,13.30304350852822,8.899234694498489
12886,CW,gyro_bias_dps,-0.12999999999999998,12.197571237516513,3.5914054841808705,13.107735769231248,8.568223556826243
12886,CW,gyro_bias_dps,-0.12499999999999997,12.082947875009268,3.280588347246339,12.916988932344951,8.23731936094763
12886,CW,gyro_bias_dps,-0.12,11.966948297562089,2.9704295122441864,12.730999365439608,7.906522286994989
12886,CW,gyro_bias_dps,-0.11499999999999999,11.849575606445365,2.6609346790649626,12.549969814770462,7.575832515255032
12886,CW,gyro_bias_dps,-0.10999999999999999,11.730832926454081,2.352109533454063,12.374109088053222,7.245250226165504
12886,CW,gyro_bias_dps,-0.10499999999999998,11.610723405852264,2.0439597469174826,12.203631637001651,6.914775600319376
12886,CW,gyro_bias_dps,-0.09999999999999998,11.489250216303025,1.7364909766186316,12.038757029209844,6.584408818454773
12886,CW,gyro_bias_dps,-0.09499999999999997,11.366416552806708,1.42970886528891,11.879709299499169,6.254150061460884
12886,CW,gyro_bias_dps,-0.09,11.242225633633893,1.1236190411257554,11.72671617172998,5.923999510369994
12886,CW,gyro_bias_dps,-0.08499999999999999,11.116680700263577,0.8182271176989389,11.580008143523036,5.593957346359265
12886,CW,gyro_bias_dps,-0.07999999999999999,10.98978501731276,0.5135386938550482,11.439817428311695,5.264023750747046
12886,CW,gyro_bias_dps,-0.07499999999999998,10.861541872472548,0.20955935362031824,11.306376751793449,4.934198904990347
12886,CW,gyro_bias_dps,-0.06999999999999998,10.731954576443082,-0.09370533388945432,11.17991800310733,4.604482990688203
12886,CW,gyro_bias_dps,-0.06499999999999997,10.601026462865093,-0.39624981456944397,11.060670744994308,4.274876189573917
12886,CW,gyro_bias_dps,-0.06,10.46876088825129,-0.6980685494187242,10.948860591741216,3.94537868351417
12886,CW,gyro_bias_dps,-0.05499999999999999,10.335161231920097,-0.9991560146345705,10.844707468759049,3.615990654507634
12886,CW,gyro_bias_dps,-0.04999999999999999,10.200230895929167,-1.2995067017045812,10.748423773060997,3.2867122846854966
12886,CW,gyro_bias_dps,-0.044999999999999984,10.063973305003605,-1.5991151175003666,10.660212459472907,2.9575437563079845
12886,CW,gyro_bias_dps,-0.03999999999999998,9.926391906469735,-1.8979757843729204,10.580265082901823,2.628485251761838
12886,CW,gyro_bias_dps,-0.034999999999999976,9.787490170182059,-2.1960832402462303,10.508759832015784,2.299536953556266
12886,CW,gyro_bias_dps,-0.02999999999999997,9.647271588458533,-2.493432038707533,10.445859594014186,1.9706990443253982
12886,CW,gyro_bias_dps,-0.024999999999999967,9.505739676007693,-2.790016749096708,10.39171009333457,1.641971706827818
12886,CW,gyro_bias_dps,-0.019999999999999962,9.362897969860137,-3.0858319566088994,10.346438148937898,1.3133551239360457
12886,CW,gyro_bias_dps,-0.014999999999999958,9.218750029293824,-3.380872262375351,10.310150094831895,0.9848494786426905
12886,CW,gyro_bias_dps,-0.010000000000000009,9.073299435765785,-3.6751322835593214,10.282930406686269,0.6564549540559458
12886,CW,gyro_bias_dps,-0.0050000000000000044,8.926549792842502,-3.968606653448819,10.264840573560969,0.32817173339703226
12886,CW,gyro_bias_dps,0.0,8.778504726122696,-4.261290021542902,10.2559182480179,0.0
12886,CW,gyro_bias_dps,0.0050000000000000044,8.629167883172613,-4.553177053647914,10.256176700492661,0.3280600626919099
12886,CW,gyro_bias_dps,0.010000000000000009,8.478542933442053,-4.844262431963171,10.265604594890538,0.6560082711292468
12886,CW,gyro_bias_dps,0.015000000000000013,8.326633568204079,-5.134540855170269,10.284166092693148,0.9838444416519413
12886,CW,gyro_bias_dps,0.020000000000000018,8.173443500472832,-5.424007038528657,10.311801282604558,1.3115683905006674
12886,CW,gyro_bias_dps,0.025000000000000022,8.01897646493303,-5.712655713956337,10.348426922793575,1.6391799338096016
12886,CW,gyro_bias_dps,0.030000000000000027,7.863236217866006,-6.000481630128047,10.393937473474914,1.9666788876165622
12886,CW,gyro_bias_dps,0.03500000000000003,7.706226537072939,-6.287479552554442,10.448206389417246,2.2940650678576153
12886,CW,gyro_bias_dps,0.040000000000000036,7.547951221802987,-6.57364426367717,10.511087635487906,2.6213382903736715
12886,CW,gyro_bias_dps,0.04500000000000004,7.388414092676567,-6.858970562954971,10.582417383613294,2.9484983709115413
12886,CW,gyro_bias_dps,0.050000000000000044,7.227618991608938,-7.143453266949609,10.662015846847225,3.275545125124729
12886,CW,gyro_bias_dps,0.05499999999999999,7.065569781736121,-7.427087209412344,10.749689205483458,3.6024783685738115
12886,CW,gyro_bias_dps,0.06,6.902270347337162,-7.709867241376742,10.84523158119359,3.9292979167343556
12886,CW,gyro_bias_dps,0.065,6.737724593759049,-7.99178823123732,10.948427017786896,4.256003584990883
12886,CW,gyro_bias_dps,0.07,6.57193644733677,-8.272845064843693,11.059051431103597,4.582595188647405
12886,CW,gyro_bias_dps,0.07500000000000001,6.404909855318988,-8.553032645578252,11.176874495317463,4.9090725429205655
12886,CW,gyro_bias_dps,0.08000000000000002,6.236648785789816,-8.832345894447235,11.301661438327047,5.235435462946651
12886,CW,gyro_bias_dps,0.08500000000000002,6.067157227587768,-9.110779750167012,11.43317472449175,5.561683763785938
12886,CW,gyro_bias_dps,0.09000000000000002,5.896439190231445,-9.388329169242093,11.571175608542536,5.88781726041656
12886,CW,gyro_bias_dps,0.09500000000000003,5.724498703839458,-9.664989126057355,11.715425549778312,6.2138357677440315
12886,CW,gyro_bias_dps,0.10000000000000003,5.551339819049508,-9.94075461295588,11.865687480437192,6.539739100598243
12886,CW,gyro_bias_dps,0.10500000000000004,5.376966606940596,-10.215620640328837,12.021726926419195,6.865527073740149
12886,CW,gyro_bias_dps,0.11000000000000004,5.201383158953331,-10.489582236694627,12.183312982065482,7.1911995018595904
12886,CW,gyro_bias_dps,0.11500000000000005,5.0245935868089875,-10.762634448781863,12.350219143674732,7.5167561995778
12886,CW,gyro_bias_dps,0.12,4.846602022429852,-11.034772341614836,12.522224008687072,7.842196981451105
12886,CW,gyro_bias_dps,0.125,4.667412617857463,-11.305990998593222,12.699111849136617,8.167521661971035
12886,CW,gyro_bias_dps,0.13,4.487029545172459,-11.576285521577267,12.880673069126129,8.492730055568458
12886,CW,gyro_bias_dps,0.135,4.305456996411726,-11.84565103096636,13.066704556699516,8.817821976613526
12886,CW,gyro_bias_dps,0.14,4.122699183489044,-12.114082665782599,13.257009940796744,9.14279723941825
12886,CW,gyro_bias_dps,0.14500000000000002,3.938760338110751,-12.381575583750271,13.451399763876454,9.467655658238355
12886,CW,gyro_bias_dps,0.15000000000000002,3.753644711692459,-12.648124961375675,13.649691580522795,9.792397047274738
12886,CW,gyro_bias_dps,0.15500000000000003,3.5673565752800185,-12.9137259940298,13.851709991843967,10.117021220675847
12886,CW,gyro_bias_dps,0.16000000000000003,3.3799002194622063,-13.178373896029814,14.05728662485125,10.441527992542907
12886,CW,gyro_bias_dps,0.16500000000000004,3.19127995428953,-13.44206390071015,14.266260065298798,10.765917176923587
12886,CW,gyro_bias_dps,0.17000000000000004,3.00150010919142,-13.704791260513435,14.478475751749958,11.09018858782342
12886,CW,gyro_bias_dps,0.17500000000000004,2.8105650328896443,-13.96655124705826,14.693785837806297,11.414342039199653
12886,CW,gyro_bias_dps,0.18,2.618479093314227,-14.227339151226897,14.912049028763555,11.738377344970996
12886,CW,gyro_bias_dps,0.185,2.4252466775214088,-14.487150283236929,15.133130398156661,12.06229431901251
12886,CW,gyro_bias_dps,0.19,2.230872191605067,-14.745979972720567,15.356901189027836,12.386092775161027
12886,CW,gyro_bias_dps,0.195,2.0353600606133795,-15.003823568802,15.583238604079984,12.709772527215973
12886,CW,gyro_bias_dps,0.2,1.838714728462469,-15.260676440177338,15.812025588303312,13.033333388943893
12886,CW,gyro_bias_dps,0.20500000000000002,1.6409406578519792,-15.516533975188281,16.043150607121564,13.356775174077747
12886,CW,gyro_bias_dps,0.21000000000000002,1.4420423301760366,-15.77139158189657,16.27650742263199,13.680097696318214
12886,CW,gyro_bias_dps,0.21500000000000002,1.2420242454378694,-16.025244688163742,16.511994870095233,14.003300769338702
12886,CW,gyro_bias_dps,0.22000000000000003,1.0408909221649991,-16.27808874172207,16.749516636429465,14.32638420678228
12886,CW,gyro_bias_dps,0.22500000000000003,0.8386468973177671,-16.52991921025739,16.988981042166444,14.649347822272322
12886,CW,gyro_bias_dps,0.23000000000000004,0.6352967262054335,-16.780731581472843,17.23030082799675,14.9721914294035
12886,CW,gyro_bias_dps,0.23500000000000004,0.43084498239607,-17.03052136317341,17.47339294684468,15.294914841753377
12886,CW,gyro_bias_dps,0.24000000000000005,0.22529625762997513,-17.2792840833343,17.718178362130757,15.617517872879052
12886,CW,gyro_bias_dps,0.24500000000000005,0.018655161731044246,-17.527015290172812,17.964581852752946,15.940000336317885
12886,CW,gyro_bias_dps,0.25000000000000006,-0.18907367748313392,-17.773710552229442,18.21253182514691,16.262362045596372
12886,CW,gyro_bias_dps,0.25500000000000006,-0.3978856142900895,-18.01936545842858,18.461960132632385,16.584602814222457
12886,CW,gyro_bias_dps,0.26000000000000006,-0.6077759851497604,-18.263975618165354,18.71280190220822,16.90672245569797
12886,CW,gyro_bias_dps,0.26500000000000007,-0.8187401087958733,-18.507536661364714,18.964995368779014,17.228720783511125
12886,CW,gyro_bias_dps,0.2700000000000001,-1.0307732863272576,-18.750044238557155,19.218481716822733,17.55059761114249
12886,CW,gyro_bias_dps,0.2750000000000001,-1.2438708012952475,-18.991494020958974,19.473204929386373,17.872352752073333
12886,CW,gyro_bias_dps,0.27999999999999997,-1.458027919793608,-19.231881700524674,19.72911164423881,18.193986019771305
12886,CW,gyro_bias_dps,0.285,-1.6732398905531682,-19.471202990035852,19.986151017065904,18.515497227710558
12886,CW,gyro_bias_dps,0.29,-1.889501945033021,-19.70945362315848,20.24427459143346,18.83688618936298
12886,CW,gyro_bias_dps,0.295,-2.106809297502218,-19.94662935452078,20.503436175343204,19.15815271820128
12886,CW,gyro_bias_dps,0.3,-2.3251571451459085,-20.18272595977394,20.76359172410747,19.479296627702933
12886,CW,gyro_gain_pct,-0.5,12.320984880674269,3.4915106997438783,13.206171690427329,8.531913389734394
12886,CW,gyro_gain_pct,-0.49,12.262918367553585,3.3267774190885007,13.107589325584138,8.357695786686564
12886,CW,gyro_gain_pct,-0.48,12.204303306160364,3.1624122430351465,13.010244666399986,8.183623007804961
12886,CW,gyro_gain_pct,-0.47,12.14514130744485,2.9984169312707762,12.914160146806532,8.009695132020838
12886,CW,gyro_gain_pct,-0.46,12.085433987995543,2.834793236888845,12.819358512223365,7.835912238314369
12886,CW,gyro_gain_pct,-0.45,12.025182970016932,2.671542906372099,12.725862808591813,7.662274405716192
12886,CW,gyro_gain_pct,-0.44,11.964389881299917,2.508667679576308,12.633696370031533,7.488781713306953
12886,CW,gyro_gain_pct,-0.43,11.903056355201192,2.3461692897075066,12.54288280507207,7.3154342402141435
12886,CW,gyro_gain_pct,-0.42,11.841184030607588,2.1840494633099183,12.453445981370619,7.142232065612841
12886,CW,gyro_gain_pct,-0.41000000000000003,11.778774551917422,2.0223099202478125,12.36541000888959,6.969175268727603
12886,CW,gyro_gain_pct,-0.4,11.715829569011225,1.8609523736818574,12.278799221445048,6.796263928825035
12886,CW,gyro_gain_pct,-0.39,11.652350737224651,1.6999785300608437,12.193638156586326,6.623498125220911
12886,CW,gyro_gain_pct,-0.38,11.588339717322196,1.5393900890983674,12.1099515337529,6.4508779372742415
12886,CW,gyro_gain_pct,-0.37,11.523798175471551,1.3791887437582773,12.027764230663134,6.278403444389242
12886,CW,gyro_gain_pct,-0.36,11.458727783214135,1.219376180234292,11.947101257891873,6.106074726010467
12886,CW,gyro_gain_pct,-0.35,11.393130217441762,1.0599540779390737,11.867987731610398,5.933891861628951
12886,CW,gyro_gain_pct,-0.33999999999999997,11.327007160367339,0.9009241094819572,11.790448844457774,5.761854930775532
12886,CW,gyro_gain_pct,-0.32999999999999996,11.260360299498483,0.7422879406545689,11.714509834526764,5.5899640130223585
12886,CW,gyro_gain_pct,-0.32,11.193191327611135,0.5840472304146488,11.64019595246417,5.418219187982971
12886,CW,gyro_gain_pct,-0.31,11.125501942721735,0.42620363086929275,11.567532426680968,5.24662053531079
12886,CW,gyro_gain_pct,-0.3,11.057293848060294,0.2687587872568088,11.496544426695385,5.075168134696987
12886,CW,gyro_gain_pct,-0.29000000000000004,10.988568752045694,0.11171433793206234,11.427257024634105,4.903862065872332
12886,CW,gyro_gain_pct,-0.28,10.9193283682524,-0.04492808564648385,11.3596951549256,4.732702408606528
12886,CW,gyro_gain_pct,-0.27,10.849574415391157,-0.20116685894322472,11.293883572265694,4.56168924270177
12886,CW,gyro_gain_pct,-0.26,10.779308617275888,-0.3570003643469818,11.229846807894711,4.390822648002264
12886,CW,gyro_gain_pct,-0.25,10.708532702798493,-0.5124269911977194,11.167609124301919,4.220102704384747
12886,CW,gyro_gain_pct,-0.24,10.6372484058998,-0.667445135798971,11.107194468442716,4.049529491760069
12886,CW,gyro_gain_pct,-0.22999999999999998,10.565457465545752,-0.8220532014314245,11.048626423606535,3.8791030900757586
12886,CW,gyro_gain_pct,-0.21999999999999997,10.493161625698372,-0.9762495983732264,10.991928160056744,3.7088235793105158
12886,CW,gyro_gain_pct,-0.21000000000000002,10.420362635284642,-1.130032743909635,10.937122384606981,3.538691039476895
12886,CW,gyro_gain_pct,-0.2,10.347062248173051,-1.2834010623513223,10.884231289312618,3.368705550619704
12886,CW,gyro_gain_pct,-0.19,10.273262223146048,-1.4363529850516443,10.833276499461544,3.1988671928137062
12886,CW,gyro_gain_pct,-0.18,10.19896432387127,-1.5888869504173044,10.784279021064952,3.0291760461661696
12886,CW,gyro_gain_pct,-0.16999999999999998,10.124170318874098,-1.741001403927487,10.737259188084893,2.8596321908126994
12886,CW,gyro_gain_pct,-0.15999999999999998,10.048881981505497,-1.892694798144055,10.692236609618867,2.690235706918433
12886,CW,gyro_gain_pct,-0.14999999999999997,9.97310108992433,-2.0439655927325475,10.649230117317686,2.5209866746767493
12886,CW,gyro_gain_pct,-0.14,9.896829427060926,-2.1948122544683657,10.608257713261063,2.3518851743119296
12886,CW,gyro_gain_pct,-0.13,9.82006878059019,-2.3452332572626347,10.569336518599881,2.1829312860688463
12886,CW,gyro_gain_pct,-0.12,9.742820942909088,-2.4952270821655476,10.532482723222353,2.014125090224755
12886,CW,gyro_gain_pct,-0.10999999999999999,9.66508771110116,-2.644792217387919,10.497711536735808,1.8454666670785909
12886,CW,gyro_gain_pct,-0.09999999999999998,9.586870886915994,-2.7939271583108733,10.465037141057602,1.6769560969576602
12886,CW,gyro_gain_pct,-0.08999999999999997,9.508172276734012,-2.9426304075049527,10.43447264489195,1.5085934602094362
12886,CW,gyro_gain_pct,-0.08000000000000002,9.428993691544019,-3.0909004747391804,10.406030040395123,1.3403788372075949
12886,CW,gyro_gain_pct,-0.07,9.349336946913331,-3.2387358769971457,10.379720162292324,1.1723123083488716
12886,CW,gyro_gain_pct,-0.06,9.269203862957875,-3.38613513849308,10.355552649731928,1.0043939540489968
12886,CW,gyro_gain_pct,-0.04999999999999999,9.188596264317244,-3.5330967906800197,10.333535911131783,0.8366238547491681
12886,CW,gyro_gain_pct,-0.03999999999999998,9.107515980120434,-3.679619372269258,10.313677092258656,0.6690020909064933
12886,CW,gyro_gain_pct,-0.02999999999999997,9.025964843968428,-3.8257014292384612,10.29598204778823,0.5015287430037682
12886,CW,gyro_gain_pct,-0.020000000000000018,8.943944693892036,-3.971341514850235,10.280455316521516,0.3342038915373443
12886,CW,gyro_gain_pct,-0.010000000000000009,8.861457372336394,-4.1165381896638,10.267100100483542,0.16702761702396496
12886,CW,gyro_gain_pct,0.0,8.778504726122696,-4.261290021542902,10.2559182480179,0.0
12886,CW,gyro_gain_pct,0.010000000000000009,8.695088606427998,-4.405595585676929,10.246910241059995,0.16687887898246326
12886,CW,gyro_gain_pct,0.020000000000000018,8.61121086874689,-4.549453464590249,10.240075186640029,0.333608939357954
12886,CW,gyro_gain_pct,0.030000000000000027,8.526873372874547,-4.692862248152551,10.235410812739556,0.5001901005404632
12886,CW,gyro_gain_pct,0.040000000000000036,8.442077982868478,-4.835820533595063,10.232913468495681,0.6666222819320405
12886,CW,gyro_gain_pct,0.050000000000000044,8.356826567025792,-4.9783269255229925,10.232578128800137,0.8329054029203843
12886,CW,gyro_gain_pct,0.06000000000000005,8.271120997852904,-5.120380035924836,10.23439840324181,0.9990393828777719
12886,CW,gyro_gain_pct,0.07000000000000006,8.184963152034447,-5.26197848419024,10.238366549354588,1.1650241411675488
12886,CW,gyro_gain_pct,0.07999999999999996,8.09835491040701,-5.403120897116958,10.244473490072279,1.3308595971392487
12886,CW,gyro_gain_pct,0.08999999999999997,8.011298157933538,-5.543805908923014,10.25270883528334,1.4965456701274684
12886,CW,gyro_gain_pct,0.09999999999999998,7.923794783667472,-5.6840321612661,10.26306090732788,1.6620822794626895
12886,CW,gyro_gain_pct,0.10999999999999999,7.835846680728105,-5.823798303246565,10.275516770270693,1.8274693444621881
12886,CW,gyro_gain_pct,0.12,7.747455746273568,-5.963102991423341,10.290062262752038,1.9927067844331734
12886,CW,gyro_gain_pct,0.13,7.658623881468361,-6.101944889824756,10.306682034188725,2.157794518674702
12886,CW,gyro_gain_pct,0.14,7.569352991453388,-6.240322669965076,10.32535958409668,2.3227324664832056
12886,CW,gyro_gain_pct,0.15000000000000002,7.479644985323716,-6.378235010845072,10.346077304262538,2.487520547140192
12886,CW,gyro_gain_pct,0.16000000000000003,7.389501776092061,-6.515680598974325,10.368816523509599,2.6521586799264947
12886,CW,gyro_gain_pct,0.17000000000000004,7.298925280664662,-6.652658128376925,10.39355755476086,2.8166467841154006
12886,CW,gyro_gain_pct,0.18000000000000005,7.207917419810087,-6.7891663006055065,10.420279744122086,2.98098477897719
12886,CW,gyro_gain_pct,0.19000000000000006,7.116480118132335,-6.925203824747461,10.448961521678218,3.145172583774314
12886,CW,gyro_gain_pct,0.20000000000000007,7.0246153040363195,-7.060769417440713,10.479580453718343,3.3092101177693776
12886,CW,gyro_gain_pct,0.20999999999999996,6.93232490970654,-7.195861802883508,10.512113296094046,3.4730973002207106
12886,CW,gyro_gain_pct,0.21999999999999997,6.839610871074001,-7.330479712846488,10.546536048408997,3.6368340503862813
12886,CW,gyro_gain_pct,0.22999999999999998,6.746475127783606,-7.464621886677321,10.58282400876059,3.800420287521104
12886,CW,gyro_gain_pct,0.24,6.652919623172329,-7.598287071317396,10.620951828775558,3.963855930879485
12886,CW,gyro_gain_pct,0.25,6.5589463042317675,-7.7314740213108735,10.660893568645283,4.127140899718875
12886,CW,gyro_gain_pct,0.26,6.464557121588678,-7.864181498812991,10.70262275193387,4.290275113293648
12886,CW,gyro_gain_pct,0.27,6.369754029466231,-7.99640827360164,10.74611241990612,4.453258490862036
12886,CW,gyro_gain_pct,0.28,6.274538985660092,-8.128153123089067,10.791335185165341,4.616090951685437
12886,CW,gyro_gain_pct,0.29000000000000004,6.178913951507593,-8.259414832327218,10.838263284382474,4.778772415025969
12886,CW,gyro_gain_pct,0.30000000000000004,6.082880891857826,-8.390192194024849,10.886868629948497,4.941302800153731
12886,CW,gyro_gain_pct,0.31000000000000005,5.986441775045046,-8.520484008547111,10.937122860351725,5.103682026337338
12886,CW,gyro_gain_pct,0.32000000000000006,5.889598572854129,-8.650289083935103,10.988997389158309,5.265910012855776
12886,CW,gyro_gain_pct,0.33000000000000007,5.792353260498226,-8.77960623591125,11.04246345244268,5.427986678991995
12886,CW,gyro_gain_pct,0.33999999999999997,5.694707816579831,-8.908434287885063,11.097492154550592,5.58991194403544
12886,CW,gyro_gain_pct,0.35,5.596664223071843,-9.036772070970187,11.15405451211884,5.751685727283792
12886,CW,gyro_gain_pct,0.36,5.498224465280077,-9.16461842398661,11.212121496236291,5.913307948042013
12886,CW,gyro_gain_pct,0.37,5.399390531817653,-9.291972193473976,11.27166407271521,6.074778525624623
12886,CW,gyro_gain_pct,0.38,5.300164414574806,-9.418832233698254,11.332653240398502,6.2360973793547405
12886,CW,gyro_gain_pct,0.39,5.200548108687281,-9.545197406663977,11.395060067484154,6.397264428568981
12886,CW,gyro_gain_pct,0.4,5.100543612510774,-9.67106658211585,11.458855725834786,6.558279592609703
12886,CW,gyro_gain_pct,0.41000000000000003,5.000152927586351,-9.796438637555331,11.524011523277334,6.7191427908352495
12886,CW,gyro_gain_pct,0.42000000000000004,4.899378058615275,-9.921312458244325,11.590498933886575,6.879853942614402
12886,CW,gyro_gain_pct,0.43000000000000005,4.798221013426746,-10.045686937215873,11.658289626271449,7.040412967330043
12886,CW,gyro_gain_pct,0.44000000000000006,4.6966838029500195,-10.169560975281183,11.727355489889925,7.2008197843781785
12886,CW,gyro_gain_pct,0.45000000000000007,4.594768441181714,-10.292933481037505,11.797668659422971,7.361074313169893
12886,CW,gyro_gain_pct,0.45999999999999996,4.492476945159706,-10.415803370879223,11.869201537253907,7.5211764731327335
12886,CW,gyro_gain_pct,0.47,4.38981133492905,-10.53816956899892,11.9419268140909,7.681126183708045
12886,CW,gyro_gain_pct,0.48,4.286773633522148,-10.660031007405383,12.015817487807928,7.840923364354453
12886,CW,gyro_gain_pct,0.49,4.183365866910412,-10.781386625920652,12.090846880522763,8.000567934550515
12886,CW,gyro_gain_pct,0.5,4.079590063995989,-10.902235372195047,12.166988654028499,8.160059813789212
12886,CW,wheel_relative_pct,-2.0,8.827183798391411,-4.274135156508521,10.303374130956172,0.050426146795611276
12886,CW,wheel_relative_pct,-1.95,8.825966821584938,-4.273814028134313,10.302187389942572,0.04916549312595752
12886,CW,wheel_relative_pct,-1.9,8.824749844778307,-4.273492899760129,10.30100066648953,0.04790483945611934
12886,CW,wheel_relative_pct,-1.85,8.82353286797147,-4.273171771385705,10.29981396060306,0.04664418578605568
12886,CW,wheel_relative_pct,-1.8,8.822315891165044,-4.272850643011372,10.298627272289957,0.04538353211641301
12886,CW,wheel_relative_pct,-1.75,8.821098914357412,-4.272529514637131,10.297440601554683,0.04412287844560981
12886,CW,wheel_relative_pct,-1.7,8.819881937550871,-4.272208386264185,10.296253948406097,0.042862224776156393
12886,CW,wheel_relative_pct,-1.65,8.81866496074458,-4.271887257889705,10.29506731284821,0.04160157110661609
12886,CW,wheel_relative_pct,-1.6,8.817447983938132,-4.271566129515975,10.293880694887616,0.040340917437108985
12886,CW,wheel_relative_pct,-1.55,8.81623100713141,-4.271245001140881,10.292694094529573,0.03908026376696466
12886,CW,wheel_relative_pct,-1.5,8.815014030324278,-4.270923872766991,10.291507511781116,0.03781961009674616
12886,CW,wheel_relative_pct,-1.45,8.81379705351751,-4.270602744393273,10.290320946648718,0.03655895642692871
12886,CW,wheel_relative_pct,-1.4,8.812580076711152,-4.270281616019065,10.289134399137867,0.03529830275736221
12886,CW,wheel_relative_pct,-1.35,8.811363099904247,-4.269960487645301,10.287947869254321,0.03403764908737235
12886,CW,wheel_relative_pct,-1.2999999999999998,8.810146123098026,-4.26963935927057,10.286761357004693,0.03277699541779903
12886,CW,wheel_relative_pct,-1.25,8.808929146291462,-4.269318230896749,10.285574862395151,0.03151634174816883
12886,CW,wheel_relative_pct,-1.2,8.807712169484262,-4.268997102522496,10.284388385430985,0.03025568807776485
12886,CW,wheel_relative_pct,-1.15,8.806495192678062,-4.268675974148766,10.283201926119895,0.02899503440849336
12886,CW,wheel_relative_pct,-1.1,8.805278215870795,-4.26835484577432,10.282015484465804,0.027734380738009944
12886,CW,wheel_relative_pct,-1.0499999999999998,8.804061239064094,-4.268033717400567,10.280829060476965,0.026473727068224606
12886,CW,wheel_relative_pct,-1.0,8.802844262257144,-4.267712589025962,10.279642654157888,0.025213073398003074
12886,CW,wheel_relative_pct,-0.95,8.801627285450559,-4.267391460650731,10.278456265515135,0.02395241972792803
12886,CW,wheel_relative_pct,-0.8999999999999999,8.8004103086437,-4.267070332277603,10.277269894556069,0.02269176605821195
12886,CW,wheel_relative_pct,-0.8499999999999999,8.79919333183716,-4.266749203902668,10.276083541285072,0.021431112388254576
12886,CW,wheel_relative_pct,-0.7999999999999998,8.797976355030505,-4.266428075528756,10.274897205709447,0.020170458718454198
12886,CW,wheel_relative_pct,-0.75,8.796759378223737,-4.2661069471551745,10.273710887834962,0.01890980504866091
12886,CW,wheel_relative_pct,-0.7,8.795542401417265,-4.265785818781046,10.272524587667665,0.017649151379036946
12886,CW,wheel_relative_pct,-0.6499999999999999,8.79432542460986,-4.265464690407782,10.27133830521321,0.016388497708675506
12886,CW,wheel_relative_pct,-0.5999999999999999,8.793108447804002,-4.2651435620327565,10.270152040478846,0.015127844039401067
12886,CW,wheel_relative_pct,-0.5499999999999998,8.791891470996735,-4.26482243365848,10.268965793469217,0.01386719036894305
12886,CW,wheel_relative_pct,-0.5,8.79067449419008,-4.264501305284864,10.267779564192127,0.012606536699251113
12886,CW,wheel_relative_pct,-0.44999999999999996,8.789457517383426,-4.264180176910804,10.266593352652725,0.011345883029461686
12886,CW,wheel_relative_pct,-0.3999999999999999,8.788240540577089,-4.263859048535994,10.265407158857487,0.010085229359764119
12886,CW,wheel_relative_pct,-0.34999999999999987,8.7870235637703,-4.263537920161968,10.26422098281212,0.008824575689819602
12886,CW,wheel_relative_pct,-0.2999999999999998,8.785806586963805,-4.263216791787977,10.263034824523512,0.0075639220201981616
12886,CW,wheel_relative_pct,-0.25,8.784589610156672,-4.26289566341328,10.26184868399685,0.006303268349737441
12886,CW,wheel_relative_pct,-0.19999999999999996,8.78337263335004,-4.262574535040858,10.260662561239823,0.005042614680399317
12886,CW,wheel_relative_pct,-0.1499999999999999,8.782155656543818,-4.262253406665605,10.259476456256934,0.0037819610107031883
12886,CW,wheel_relative_pct,-0.09999999999999987,8.780938679736982,-4.261932278291942,10.25829036905516,0.002521307340835017
12886,CW,wheel_relative_pct,-0.04999999999999982,8.779721702930441,-4.26161114991678,10.257104299639952,0.0012606536708154703
12886,CW,wheel_relative_pct,0.0,8.778504726122696,-4.261290021542902,10.2559182480179,0.0
12886,CW,wheel_relative_pct,0.050000000000000266,8.777287749316837,-4.260968893169081,10.254732214197048,0.00126065366897055
12886,CW,wheel_relative_pct,0.10000000000000009,8.776070772509934,-4.260647764795067,10.253546198180725,0.002521307339018164
12886,CW,wheel_relative_pct,0.1499999999999999,8.774853795703075,-4.260326636421928,10.252360199976886,0.003781961008759619
12886,CW,wheel_relative_pct,0.20000000000000018,8.773636818896057,-4.260005508047084,10.251174219589997,0.0050426146791222965
12886,CW,wheel_relative_pct,0.25,8.772419842090585,-4.259684379672808,10.249988257029035,0.006303268347829686
12886,CW,wheel_relative_pct,0.30000000000000027,8.771202865283248,-4.259363251298476,10.248802312296622,0.0075639220184221196
12886,CW,wheel_relative_pct,0.3500000000000001,8.769985888476526,-4.259042122924631,10.247616385402077,0.008824575688193469
12886,CW,wheel_relative_pct,0.40000000000000036,8.76876891166944,-4.2587209945504245,10.246430476349598,0.010085229358449441
12886,CW,wheel_relative_pct,0.4500000000000002,8.767551934862718,-4.258399866176399,10.24524458514648,0.011345883028353005
12886,CW,wheel_relative_pct,0.5,8.766334958056564,-4.258078737801895,10.244058711798846,0.012606536697768457
12886,CW,wheel_relative_pct,0.5500000000000003,8.76511798125016,-4.257757609427688,10.242872856312562,0.013867190367398084
12886,CW,wheel_relative_pct,0.6000000000000001,8.763901004443369,-4.257436481053674,10.241687018693518,0.015127844037318088
12886,CW,wheel_relative_pct,0.6500000000000004,8.762684027636737,-4.257115352679955,10.240501198948797,0.01638849770701358
12886,CW,wheel_relative_pct,0.7000000000000002,8.76146705082931,-4.2567942243060655,10.239315397083208,0.01764915137754429
12886,CW,wheel_relative_pct,0.75,8.760250074022792,-4.256473095931471,10.238129613104189,0.018909805047342448
12886,CW,wheel_relative_pct,0.8000000000000003,8.759033097216161,-4.256151967557935,10.236943847017908,0.020170458717012403
12886,CW,wheel_relative_pct,0.8500000000000001,8.757816120409506,-4.255830839182704,10.235758098830102,0.021431112387063907
12886,CW,wheel_relative_pct,0.9000000000000004,8.756599143602694,-4.255509710809349,10.234572368547392,0.022691766056867547
12886,CW,wheel_relative_pct,0.9500000000000002,8.75538216679613,-4.255188582435108,10.233386656175773,0.02395241972665577
12886,CW,wheel_relative_pct,1.0,8.754165189989044,-4.25486745406148,10.23220096172123,0.02521307339676721
12886,CW,wheel_relative_pct,1.0500000000000003,8.75294821318289,-4.254546325686931,10.23101528519064,0.02647372706621566
12886,CW,wheel_relative_pct,1.1,8.751731236376509,-4.254225197312462,10.229829626589844,0.02773438073588214
12886,CW,wheel_relative_pct,1.1500000000000004,8.75051425956965,-4.2539040689383345,10.2286439859249,0.028995034405865167
12886,CW,wheel_relative_pct,1.2000000000000002,8.749297282762495,-4.25358294056399,10.227458363201567,0.030255688076273664
12886,CW,wheel_relative_pct,1.25,8.748080305955636,-4.253261812190726,10.226272758427875,0.03151634174602551
12886,CW,wheel_relative_pct,1.3000000000000003,8.746863329149415,-4.25294068381587,10.225087171608536,0.032776995415623796
12886,CW,wheel_relative_pct,1.35,8.74564635234226,-4.252619555442232,10.22390160274973,0.03403764908585324
12886,CW,wheel_relative_pct,1.4000000000000004,8.744429375535356,-4.252298427067513,10.222716051858228,0.03529830275607198
12886,CW,wheel_relative_pct,1.4500000000000002,8.743212398728996,-4.25197729869326,10.221530518940847,0.03655895642561628
12886,CW,wheel_relative_pct,1.5,8.741995421922548,-4.2516561703199045,10.220345004003573,0.037819610095014104
12886,CW,wheel_relative_pct,1.5500000000000003,8.740778445115415,-4.251335041946004,10.21915950705134,0.039080263765323774
12886,CW,wheel_relative_pct,1.6,8.73956146830908,-4.25101391357075,10.217974028091794,0.04034091743505174
12886,CW,wheel_relative_pct,1.6500000000000004,8.738344491502584,-4.250692785196759,10.216788567130918,0.04160157110472358
12886,CW,wheel_relative_pct,1.7000000000000002,8.737127514695953,-4.250371656822199,10.215603124174558,0.04286222477462548
12886,CW,wheel_relative_pct,1.75,8.735910537888822,-4.250050528449288,10.214417699229562,0.044122878444592235
12886,CW,wheel_relative_pct,1.8000000000000003,8.73469356108203,-4.249729400074739,10.213232292301601,0.04538353211465828
12886,CW,wheel_relative_pct,1.85,8.733476584275603,-4.249408271700565,10.212046903397464,0.046644185784304154
12886,CW,wheel_relative_pct,1.9000000000000004,8.732259607469086,-4.249087143325994,10.21086153252342,0.047904839454086745
12886,CW,wheel_relative_pct,1.9500000000000002,8.731042630661477,-4.248766014953219,10.209676179684957,0.04916549312448898
12886,CW,wheel_relative_pct,2.0,8.72982565385514,-4.248444886577966,10.208490844889274,0.050426146794303565
12886,CW,yaw_time_shift_ms,-20.0,7.801269806923938,-4.23838694919092,9.453814298794939,0.9938531960598861
12886,CW,yaw_time_shift_ms,-19.5,7.826782315951687,-4.228173650542681,9.469266150259186,0.9681889105427792
12886,CW,yaw_time_shift_ms,-19.0,7.852254194487182,-4.215654976252608,9.483717269101415,0.9428034108359973
12886,CW,yaw_time_shift_ms,-18.5,7.874711488668117,-4.214287965871279,9.500775699470584,0.9197189739290926
12886,CW,yaw_time_shift_ms,-18.0,7.89711889900916,-4.210608642227976,9.516796505284143,0.8968267782627289
12886,CW,yaw_time_shift_ms,-17.5,7.921225221660848,-4.227488776179063,9.543625206173909,0.8715194528124982
12886,CW,yaw_time_shift_ms,-17.0,7.945287905656528,-4.24206271627578,9.569413087315704,0.8466013960780594
12886,CW,yaw_time_shift_ms,-16.5,7.969989579971388,-4.256660744166413,9.595607647351551,0.8213300458472772
12886,CW,yaw_time_shift_ms,-16.0,7.9946510799298265,-4.268951533348843,9.620760943177789,0.7963280335095952
12886,CW,yaw_time_shift_ms,-15.5,8.019274321591798,-4.27893457872633,9.644873375461517,0.7715054628880346
12886,CW,yaw_time_shift_ms,-15.0,8.043861221639077,-4.286609391250545,9.667946682611632,0.7467819272239862
12886,CW,yaw_time_shift_ms,-14.5,8.0684136973377,-4.29197549789933,9.689983927141888,0.7220883164485131
12886,CW,yaw_time_shift_ms,-14.0,8.09293366650984,-4.295032441688943,9.710989484315352,0.6973689048682037
12886,CW,yaw_time_shift_ms,-13.5,8.117423047496255,-4.295779781672456,9.730969032962536,0.6725838309400963
12886,CW,yaw_time_shift_ms,-13.0,8.1418837591272,-4.294217092932501,9.74992954841597,0.6477121165257337
12886,CW,yaw_time_shift_ms,-12.5,8.166317720682537,-4.290343966585931,9.76787929747341,0.6227554172172005
12886,CW,yaw_time_shift_ms,-12.0,8.19072685186875,-4.284160009782818,9.78482783533864,0.5977427481159202
12886,CW,yaw_time_shift_ms,-11.5,8.215113072775035,-4.275664845699976,9.800786004434341,0.5727364881021093
12886,CW,yaw_time_shift_ms,-11.0,8.239478303844702,-4.2648581135423,9.815765935052443,0.5478400198066226
12886,CW,yaw_time_shift_ms,-10.5,8.264064325761456,-4.2521421383630695,9.82996301315942,0.5228271527112236
12886,CW,yaw_time_shift_ms,-10.0,8.288630689306455,-4.237115407486101,9.843208325370874,0.4982741551279257
12886,CW,yaw_time_shift_ms,-9.5,8.313041891824833,-4.231419472034508,9.860458158974659,0.47370908066945894
12886,CW,yaw_time_shift_ms,-9.0,8.33740243393736,-4.223417170946948,9.876714953174453,0.44949993123634596
12886,CW,yaw_time_shift_ms,-8.5,8.361839888085342,-4.244100726710246,9.905554056835534,0.4233925121760479
12886,CW,yaw_time_shift_ms,-8.0,8.386226929070585,-4.262476510426415,9.93338169209294,0.39824057178129874
12886,CW,yaw_time_shift_ms,-7.5,8.4110334834666,-4.279731498432272,9.961056117414781,0.3735152880984372
12886,CW,yaw_time_shift_ms,-7.0,8.435792510427131,-4.294678179102436,9.987714272890816,0.34952650233580135
12886,CW,yaw_time_shift_ms,-6.5,8.46050592973263,-4.307316019158907,10.013354991679092,0.3261064622619332
12886,CW,yaw_time_shift_ms,-6.0,8.485175661869926,-4.317644501379152,10.037978427134586,0.30308496339738317
12886,CW,yaw_time_shift_ms,-5.5,8.509803628001304,-4.325663124596656,10.061586037331773,0.2802912974769758
12886,CW,yaw_time_shift_ms,-5.0,8.534391749927,-4.331371403698699,10.08418057172427,0.25755614677336797
12886,CW,yaw_time_shift_ms,-4.5,8.558941950058784,-4.334768869627567,10.10576605990233,0.23471334465537882
12886,CW,yaw_time_shift_ms,-4.0,8.583456151381233,-4.335855069379567,10.126347802346432,0.21160143810669035
12886,CW,yaw_time_shift_ms,-3.5,8.607936277418025,-4.334629566002843,10.145932363128995,0.18806500712340493
12886,CW,yaw_time_shift_ms,-3.0,8.632384252205679,-4.331091938600411,10.164527564499036,0.16395571637569561
12886,CW,yaw_time_shift_ms,-2.5,8.656802000250787,-4.3252417823236105,10.18214248325813,0.13913309375668062
12886,CW,yaw_time_shift_ms,-2.0,8.681191446500339,-4.317078708373595,10.198787448894091,0.11346504661533138
12886,CW,yaw_time_shift_ms,-1.5,8.705554516314852,-4.306602344000805,10.214474043395777,0.08682813872459526
12886,CW,yaw_time_shift_ms,-1.0,8.729893135423254,-4.2938123325033875,10.229215102665426,0.05910765898992755
12886,CW,yaw_time_shift_ms,-0.5,8.754209229898743,-4.2787083332218,10.243024719494404,0.030197516836910628
12886,CW,yaw_time_shift_ms,0.0,8.778504726122696,-4.261290021542902,10.2559182480179,0.0
12886,CW,yaw_time_shift_ms,0.5,8.803417718917718,-4.285766747314471,10.28682512706125,0.03519611884129397
12886,CW,yaw_time_shift_ms,1.0,8.828271998956257,-4.30793505941673,10.316745157324815,0.06876386416300752
12886,CW,yaw_time_shift_ms,1.5,8.853069488515962,-4.3277943643579535,10.345673047799304,0.1007641526076025
12886,CW,yaw_time_shift_ms,2.0,8.877812110735295,-4.345344084719898,10.373604846804296,0.13126388344821657
12886,CW,yaw_time_shift_ms,2.5,8.902501789579606,-4.360583659160374,10.400537920901924,0.16033644358765947
12886,CW,yaw_time_shift_ms,3.0,8.927140449814715,-4.373512542415256,10.42647093598887,0.18806221796794084
12886,CW,yaw_time_shift_ms,3.5,8.951730016965076,-4.384130205290001,10.451403840477234,0.21452909191841643
12886,CW,yaw_time_shift_ms,4.0,8.976272417285918,-4.392436134668822,10.475337850532764,0.23983292788895616
12886,CW,yaw_time_shift_ms,4.5,9.000769577728738,-4.39842983351042,10.49827543727702,0.2640779943532401
12886,CW,yaw_time_shift_ms,5.0,9.025223425905597,-4.402110820850487,10.52022031590389,0.28737731991623955
12886,CW,yaw_time_shift_ms,5.5,9.049635890056356,-4.403478631795371,10.541177436643325,0.3098529410354628
12886,CW,yaw_time_shift_ms,6.0,9.074008899019441,-4.402532817529209,10.56115297752304,0.33163600787522896
12886,CW,yaw_time_shift_ms,6.5,9.09834438219259,-4.3992729453058015,10.580154338839609,0.3528667103495625
12886,CW,yaw_time_shift_ms,7.0,9.122644269501667,-4.3936985984520565,10.598190139316008,0.37369398637094264
12886,CW,yaw_time_shift_ms,7.5,9.146910491370932,-4.385809376367069,10.61527021385839,0.3942749774368594
12886,CW,yaw_time_shift_ms,8.0,9.171144978683833,-4.375604894518494,10.631405612862363,0.4147742039562604
12886,CW,yaw_time_shift_ms,8.5,9.196030612666572,-4.364386821710582,10.647775843894458,0.43623251198117136
12886,CW,yaw_time_shift_ms,9.0,9.22088806564393,-4.350853145876113,10.663223285401903,0.45786140664782216
12886,CW,yaw_time_shift_ms,9.5,9.24637162401432,-4.365122741739446,10.690738731230258,0.4858436096583443
12886,CW,yaw_time_shift_ms,10.0,9.271826456964845,-4.377080966193693,10.717294815851222,0.513428010584702
12886,CW,yaw_time_shift_ms,10.5,9.295606754199776,-4.398544119361293,10.74625136773563,0.5420297608193541
12886,CW,yaw_time_shift_ms,11.0,9.319331249502511,-4.417689884495644,10.774228146627282,0.5703366324050221
12886,CW,yaw_time_shift_ms,11.5,9.343952417119521,-4.4355014292558055,10.802320891805861,0.5993574816802825
12886,CW,yaw_time_shift_ms,12.0,9.36851544561755,-4.451000554591099,10.829427053381483,0.6277804812270803
12886,CW,yaw_time_shift_ms,12.5,9.39302226515108,-4.464186704346526,10.855545176573369,0.6555144178627983
12886,CW,yaw_time_shift_ms,13.0,9.417474806688938,-4.475059338466361,10.880675049515126,0.6825047586537621
12886,CW,yaw_time_shift_ms,13.5,9.441875001982908,-4.483617932993309,10.90481768930356,0.7087259547456642
12886,CW,yaw_time_shift_ms,14.0,9.46622478352847,-4.489861980069691,10.927975329858599,0.7341758719341427
12886,CW,yaw_time_shift_ms,14.5,9.490526084530188,-4.49379098793554,10.950151411542366,0.7588717393018454
12886,CW,yaw_time_shift_ms,15.0,9.514780838878755,-4.495404480931382,10.971350572490453,0.7828471815484624
12886,CW,yaw_time_shift_ms,15.5,9.538990981105712,-4.4947019994927135,10.991578641575511,0.8061500247028373
12886,CW,yaw_time_shift_ms,16.0,9.563158446353327,-4.49168310015383,11.010842632975026,0.8288406519605063
12886,CW,yaw_time_shift_ms,16.5,9.587285170347581,-4.486347355546672,11.029150742284607,0.8509907468526973
12886,CW,yaw_time_shift_ms,17.0,9.611373089355197,-4.478694354396543,11.046512344101977,0.8726823031285389
12886,CW,yaw_time_shift_ms,17.5,9.63689911139063,-4.471501383248551,11.065470679146822,0.8959072752340826
12886,CW,yaw_time_shift_ms,18.0,9.662388683699579,-4.461991703198839,11.083497280439516,0.9187835413212959
12886,CW,yaw_time_shift_ms,18.5,9.689450123024084,-4.472861894087612,11.111129981738301,0.9476325687329747
12886,CW,yaw_time_shift_ms,19.0,9.716476913461246,-4.481426746073771,11.137813842151825,0.9759538785725618
12886,CW,yaw_time_shift_ms,19.5,9.73876297124391,-4.499868387397953,11.16440770982551,1.0022031316591544
12886,CW,yaw_time_shift_ms,20.0,9.761013857715033,-4.5159861924422895,11.19004528576179,1.027998147624202
12887,CW,gyro_bias_dps,-0.3,12.414805077920846,16.370806307864047,20.7951197491484,19.58422001550251
12887,CW,gyro_bias_dps,-0.295,12.358217168117472,16.044599945350978,20.501397001373263,19.2545126656116
12887,CW,gyro_bias_dps,-0.29,12.30016432821235,15.71880750681147,20.20840961369419,18.924914832207758
12887,CW,gyro_bias_dps,-0.285,12.240648636324341,15.393435130206115,19.91618445838361,18.595426642043456
12887,CW,gyro_bias_dps,-0.27999999999999997,12.17967219616953,15.068488943622118,19.624749922879335,18.266048221964024
12887,CW,gyro_bias_dps,-0.27499999999999997,12.117237137021926,14.743975065167422,19.334136012885814,17.936779698909508
12887,CW,gyro_bias_dps,-0.27,12.053345613663577,14.419899602860198,19.04437446348537,17.60762119990848
12887,CW,gyro_bias_dps,-0.265,11.987999806337985,14.096268654530434,18.75549885896208,17.27857285208458
12887,CW,gyro_bias_dps,-0.26,11.92120192070322,13.773088307705915,18.467544762047183,16.949634782647877
12887,CW,gyro_bias_dps,-0.255,11.852954187785917,13.450364639508575,18.18054985340852,16.620807118896423
12887,CW,gyro_bias_dps,-0.25,11.783258863925948,13.128103716551504,17.894554082232517,16.292089988215196
12887,CW,gyro_bias_dps,-0.245,11.712118230737929,12.806311594831026,17.60959982885107,15.96348351807586
12887,CW,gyro_bias_dps,-0.24,11.63953459505517,12.484994319622672,17.325732080405903,15.634987836034522
12887,CW,gyro_bias_dps,-0.235,11.565510288884706,12.164157925375571,17.042998620659613,15.306603069731356
12887,CW,gyro_bias_dps,-0.22999999999999998,11.490047669349497,11.843808435605798,16.761450235111106,14.978329346885106
12887,CW,gyro_bias_dps,-0.22499999999999998,11.413149118647562,11.523951862795183,16.481140932699184,14.650166795298064
12887,CW,gyro_bias_dps,-0.21999999999999997,11.334817043996305,11.204594208287142,16.20212818541727,14.322115542853671
12887,CW,gyro_bias_dps,-0.21499999999999997,11.255053877581418,10.885741462179055,15.924473187285805,13.994175717511755
12887,CW,gyro_bias_dps,-0.21,11.173862076505316,10.56739960322135,15.648241134208877,13.666347447310217
12887,CW,gyro_bias_dps,-0.205,11.09124412273427,10.249574598711888,15.373501526311545,13.338630860361832
12887,CW,gyro_bias_dps,-0.19999999999999998,11.007202523050864,9.93227240439495,15.100328494444925,13.011026084856761
12887,CW,gyro_bias_dps,-0.195,10.921739808992266,9.615498964357254,14.828801152583274,12.6835332490577
12887,CW,gyro_bias_dps,-0.19,10.834858536804358,9.299260210923581,14.559003977912456,12.356152481299766
12887,CW,gyro_bias_dps,-0.185,10.746561287384589,8.983562064554723,14.291027220398476,12.028883909988904
12887,CW,gyro_bias_dps,-0.18,10.656850666226887,8.668410433748182,14.024967343618686,11.701727663603098
12887,CW,gyro_bias_dps,-0.175,10.56572930337138,8.353811214929635,13.760927498566144,11.374683870686845
12887,CW,gyro_bias_dps,-0.16999999999999998,10.473199853342658,8.039770292357844,13.499018032010625,11.04775265985404
12887,CW,gyro_bias_dps,-0.16499999999999998,10.379264995099788,7.726293538018979,13.239357030787552,10.720934159784889
12887,CW,gyro_bias_dps,-0.15999999999999998,10.283927431978622,7.41338681152705,12.982070903062919,10.394228499225802
12887,CW,gyro_bias_dps,-0.155,10.187189891632944,7.101055960019005,12.727294997179287,10.067635806983992
12887,CW,gyro_bias_dps,-0.15,10.089055125982009,6.789306818061914,12.475174258084046,9.741156211935115
12887,CW,gyro_bias_dps,-0.145,9.989525911151896,6.478145207540467,12.22586392048436,9.414789843010656
12887,CW,gyro_bias_dps,-0.13999999999999999,9.888605047413375,6.1675769375690495,11.97953023685528,9.088536829206694
12887,CW,gyro_bias_dps,-0.13499999999999998,9.786295359131055,5.857607804383053,11.736351237006255,8.762397299577309
12887,CW,gyro_bias_dps,-0.12999999999999998,9.682599694700139,5.548243591241738,11.49651751418954,8.436371383234102
12887,CW,gyro_bias_dps,-0.12499999999999997,9.577520926488637,5.239490068329701,11.26023303055998,8.110459209346576
12887,CW,gyro_bias_dps,-0.12,9.471061950779927,4.931352992655343,11.027715932111258,7.784660907139333
12887,CW,gyro_bias_dps,-0.11499999999999999,9.363225687707494,4.6238381079536115,10.799199359956322,7.458976605890696
12887,CW,gyro_bias_dps,-0.10999999999999999,9.254015081203898,4.31695114458704,10.574932240938127,7.133406434934571
12887,CW,gyro_bias_dps,-0.10499999999999998,9.14343309893045,4.010697819446011,10.355180035911276,6.807950523654528
12887,CW,gyro_bias_dps,-0.09999999999999998,9.031482732225594,3.7050838358508713,10.140225418760032,6.482609001486509
12887,CW,gyro_bias_dps,-0.09499999999999997,8.918166996032914,3.400114883454569,9.930368853074505,6.1573819979139754
12887,CW,gyro_bias_dps,-0.09,8.80348892885072,3.095796638145566,9.725929026754752,5.832269642471809
12887,CW,gyro_bias_dps,-0.08499999999999999,8.687451592662295,2.7921347619486028,9.527243097486554,5.507272064740351
12887,CW,gyro_bias_dps,-0.07999999999999999,8.57005807287519,2.489134902926412,9.334666694603806,5.182389394343908
12887,CW,gyro_bias_dps,-0.07499999999999998,8.45131147825855,2.1868026950886814,9.14857361549898,4.857621760955127
12887,CW,gyro_bias_dps,-0.06999999999999998,8.331214940881887,1.8851437582890527,8.969355148197096,4.532969294288502
12887,CW,gyro_bias_dps,-0.06499999999999997,8.209771616047055,1.5841636981329885,8.797418946732515,4.208432124101508
12887,CW,gyro_bias_dps,-0.06,8.086984682226785,1.28386810587823,8.63318738362464,3.8840103801911736
12887,CW,gyro_bias_dps,-0.05499999999999999,7.962857341000768,0.9842625583418112,8.477095305230097,3.559704192395566
12887,CW,gyro_bias_dps,-0.04999999999999999,7.837392816987835,0.685352617804017,8.329587122483634,3.2355136905909125
12887,CW,gyro_bias_dps,-0.044999999999999984,7.710594357782725,0.3871438319109302,8.191113182983642,2.9114390046893153
12887,CW,gyro_bias_dps,-0.03999999999999998,7.582465233892753,0.08964173358600647,8.062125391724779,2.587480264644047
12887,CW,gyro_bias_dps,-0.034999999999999976,7.45300873866538,-0.2071481590735175,7.943072078007396,2.263637600437786
12887,CW,gyro_bias_dps,-0.02999999999999997,7.3222281882259495,-0.5032203428842763,7.834392145313449,1.939911142089124
12887,CW,gyro_bias_dps,-0.024999999999999967,7.190126921413184,-0.7985693296722843,7.736508588270997,1.6163010196509775
12887,CW,gyro_bias_dps,-0.019999999999999962,7.056708299704906,-1.0931896463700355,7.6498215141034,1.2928073632032173
12887,CW,gyro_bias_dps,-0.014999999999999958,6.921975707155866,-1.3870758351033714,7.574700861401845,0.9694303028598878
12887,CW,gyro_bias_dps,-0.010000000000000009,6.785932550328607,-1.680222453290901,7.511479061402921,0.6461699687616175
12887,CW,gyro_bias_dps,-0.0050000000000000044,6.648582258222587,-1.9726240737335048,7.460443930040786,0.32302649107635223
12887,CW,gyro_bias_dps,0.0,6.509928282210422,-2.264275284707298,7.421832106227653,0.0
12887,CW,gyro_bias_dps,0.0050000000000000044,6.369974095963107,-2.55517069005424,7.395823357160314,0.322909374245939
12887,CW,gyro_bias_dps,0.010000000000000009,6.228723195383486,-2.845304909278684,7.3825360510133455,0.6457015014184253
12887,CW,gyro_bias_dps,0.015000000000000013,6.086179098534035,-3.1346725776364566,7.382024049892267,0.9683762512528574
12887,CW,gyro_bias_dps,0.020000000000000018,5.942345345572744,-3.4232683462219256,7.394275203987902,1.2909334934578167
12887,CW,gyro_bias_dps,0.025000000000000022,5.797225498670855,-3.711086882063944,7.419211537364251,1.6133730977258351
12887,CW,gyro_bias_dps,0.030000000000000027,5.650823141954834,-3.9981228682183767,7.456691115879417,1.9356949337306621
12887,CW,gyro_bias_dps,0.03500000000000003,5.5031418814266315,-4.284371003850731,7.506511488579031,2.25789887112519
12887,CW,gyro_bias_dps,0.040000000000000036,5.354185344892858,-4.569826004332799,7.56841450621358,2.5799847795481767
12887,CW,gyro_bias_dps,0.04500000000000004,5.203957181894657,-4.854482601332381,7.6420922524932,2.901952528624638
12887,CW,gyro_bias_dps,0.050000000000000044,5.0524610636339276,-5.1383355428976305,7.727193781002305,3.2238019879631357
12887,CW,gyro_bias_dps,0.05499999999999999,4.8997006829006065,-5.421379593547021,7.82333233508146,3.5455330271577394
12887,CW,gyro_bias_dps,0.06,4.745679754000184,-5.703609534364534,7.930092737746108,3.8671455157946384
12887,CW,gyro_bias_dps,0.065,4.590402012677373,-5.985020163081549,8.047038669368789,4.188639323448796
12887,CW,gyro_bias_dps,0.07,4.433871216045622,-6.265606294166412,8.173719596384483,4.510014319684949
12887,CW,gyro_bias_dps,0.07500000000000001,4.276091142510358,-6.5453627589115175,8.30967716788874,4.831270374059305
12887,CW,gyro_bias_dps,0.08000000000000002,4.1170655916952,-6.824284405524452,8.454450952699784,5.152407356123603
12887,CW,gyro_bias_dps,0.08500000000000002,3.9567983843651975,-7.102366099211122,8.607583442154143,5.473425135423706
12887,CW,gyro_bias_dps,0.09000000000000002,3.7952933623545277,-7.379602722263883,8.768624290178511,5.79432358150054
12887,CW,gyro_bias_dps,0.09500000000000003,3.632554388487347,-7.65598917414693,8.937133799985292,6.115102563891925
12887,CW,gyro_bias_dps,0.10000000000000003,3.468585346503846,-7.931520371585054,9.112685695459946,6.435761952135191
12887,CW,gyro_bias_dps,0.10500000000000004,3.303390140982697,-8.206191248646155,9.294869235190511,6.756301615766129
12887,CW,gyro_bias_dps,0.11000000000000004,3.136972697263718,-8.479996756827518,9.483290739222682,7.076721424320952
12887,CW,gyro_bias_dps,0.11500000000000005,2.9693369613741654,-8.75293186514374,9.677574604255058,7.397021247338642
12887,CW,gyro_bias_dps,0.12,2.8004868999443944,-9.024991560207605,9.877363883590201,7.717200954361864
12887,CW,gyro_bias_dps,0.125,2.6304265001349223,-9.296170846319125,10.082320505185868,8.03726041493996
12887,CW,gyro_bias_dps,0.13,2.459159769559369,-9.56646474553927,10.292125195664525,8.357199498620526
12887,CW,gyro_bias_dps,0.135,2.286690736201831,-9.835868297788931,10.506477171350886,8.677018074965982
12887,CW,gyro_bias_dps,0.14,2.113023448337981,-10.104376560919013,10.725093649832647,8.996716013543226
12887,CW,gyro_bias_dps,0.14500000000000002,1.9381619744610135,-10.371984610801315,10.947709228062632,9.316293183929076
12887,CW,gyro_bias_dps,0.15000000000000002,1.7621104031944241,-10.638687541407695,11.17407516569198,9.635749455712359
12887,CW,gyro_bias_dps,0.15500000000000003,1.5848728432201824,-10.904480464892538,11.403958605682675,9.955084698490966
12887,CW,gyro_bias_dps,0.16000000000000003,1.406453423190578,-11.169358511678762,11.63714175823584,10.274298781880859
12887,CW,gyro_bias_dps,0.16500000000000004,1.2268562916527572,-11.433316830528748,11.873421068796418,10.593391575505237
12887,CW,gyro_bias_dps,0.17000000000000004,1.0460856169666386,-11.69635058864112,12.112606386454601,10.912362949009891
12887,CW,gyro_bias_dps,0.17500000000000004,0.8641455872216056,-11.958454971719004,12.354520145151024,11.231212772054388
12887,CW,gyro_bias_dps,0.18,0.6810404101592212,-12.219625184055792,12.59899656703984,11.549940914315778
12887,CW,gyro_bias_dps,0.185,0.4967743130839608,-12.479856448613646,12.845880894683772,11.868547245491998
12887,CW,gyro_bias_dps,0.19,0.31135154279056676,-12.739144007105528,13.095028656699986,12.187031635300091
12887,CW,gyro_bias_dps,0.195,0.12477636547171186,-12.997483120071854,13.346304969775547,12.505393953480132
12887,CW,gyro_bias_dps,0.2,-0.06294693335787542,-13.254869066963181,13.599583878672805,12.823634069795764
12887,CW,gyro_bias_dps,0.20500000000000002,-0.25181404894703974,-13.51129714621427,13.854747734799092,13.141751854032663
12887,CW,gyro_bias_dps,0.21000000000000002,-0.4418206573947373,-13.766762675325504,14.111686613164604,13.459747176004
12887,CW,gyro_bias_dps,0.21500000000000002,-0.6329624157277294,-14.021260990941983,14.370297766952127,13.77761990554943
12887,CW,gyro_bias_dps,0.22000000000000003,-0.8252349619904635,-14.274787448928782,14.63048511850544,14.095369912537068
12887,CW,gyro_bias_dps,0.22500000000000003,-1.0186339153269501,-14.52733742444732,14.892158785266743,14.412997066862747
12887,CW,gyro_bias_dps,0.23000000000000004,-1.2131548760661417,-14.778906312034712,15.155234638988384,14.730501238453462
12887,CW,gyro_bias_dps,0.23500000000000004,-1.4087934258072892,-15.029489525680868,15.419633896432897,15.047882297269348
12887,CW,gyro_bias_dps,0.24000000000000005,-1.6055451275052746,-15.279082498900811,15.685282739719556,15.365140113301608
12887,CW,gyro_bias_dps,0.24500000000000005,-1.8034055255555586,-15.527680684814367,15.952111964484374,15.682274556576388
12887,CW,gyro_bias_dps,0.25000000000000006,-2.0023701458815824,-15.77527955621946,16.220056654021732,15.999285497155228
12887,CW,gyro_bias_dps,0.25500000000000006,-2.2024344960202145,-16.02187460566868,16.489055877646962,16.31617280513684
12887,CW,gyro_bias_dps,0.26000000000000006,-2.403594065211473,-16.267461345542188,16.75905241157396,16.632936350658735
12887,CW,gyro_bias_dps,0.26500000000000007,-2.6058443244785394,-16.51203530812045,17.02999248068619,16.949576003893153
12887,CW,gyro_bias_dps,0.2700000000000001,-2.8091807267237754,-16.75559204566406,17.301825519676832,17.26609163505815
12887,CW,gyro_bias_dps,0.2750000000000001,-3.0135987068098076,-16.998127130483148,17.574503952090573,17.582483114411826
12887,CW,gyro_bias_dps,0.27999999999999997,-3.219093681651543,-17.23963615500812,17.84798298592463,17.898750312253863
12887,CW,gyro_bias_dps,0.285,-3.425661050298095,-17.480114731867424,18.122220424528432,18.214893098927387
12887,CW,gyro_bias_dps,0.29,-3.633296194032255,-17.719558493957358,18.39717649161088,18.53091134482424
12887,CW,gyro_bias_dps,0.295,-3.841994476448144,-17.957963094514593,18.672813669265732,18.8468049203804
12887,CW,gyro_bias_dps,0.3,-4.051751243546346,-18.195324207186605,18.949096548004928,19.162573696079743
12887,CW,gyro_gain_pct,-0.5,9.758440593490104,5.370302549927601,11.477646970977888,8.307710661978374
12887,CW,gyro_gain_pct,-0.49,9.70625511180658,5.2083929143777254,11.357228341181223,8.137881966594069
12887,CW,gyro_gain_pct,-0.48,9.653522032875367,5.0468323795464585,11.23782983357509,7.968202441373574
12887,CW,gyro_gain_pct,-0.47,9.600242902771082,4.885622718880472,11.119477854380124,7.798672136800856
12887,CW,gyro_gain_pct,-0.46,9.546419273305128,4.724765699456202,11.002199659514028,7.6292911033690185
12887,CW,gyro_gain_pct,-0.45,9.492052701991861,4.564263081962485,10.886023374217483,7.460059391577706
12887,CW,gyro_gain_pct,-0.44,9.43714475202828,4.404116620685511,10.770978011971515,7.2909770519376025
12887,CW,gyro_gain_pct,-0.43,9.381696992267598,4.244328063485398,10.657093492499934,7.122044134964738
12887,CW,gyro_gain_pct,-0.42,9.32571099719396,4.084899151784168,10.544400658685651,6.953260691186005
12887,CW,gyro_gain_pct,-0.41000000000000003,9.269188346894271,3.9258316205430672,10.432931292161076,6.7846267711331265
12887,CW,gyro_gain_pct,-0.4,9.212130627035572,3.767127198247033,10.322718127359753,6.616142425345812
12887,CW,gyro_gain_pct,-0.39,9.154539428837325,3.6087876068843,10.213794863754865,6.447807704367969
12887,CW,gyro_gain_pct,-0.38,9.09641634904699,3.450814561931941,10.106196176015947,6.279622658750992
12887,CW,gyro_gain_pct,-0.37,9.037762989910197,3.2932097723374794,9.999957721768645,6.111587339050874
12887,CW,gyro_gain_pct,-0.36,8.978580959151964,3.135974940499261,9.895116146652555,5.943701795828729
12887,CW,gyro_gain_pct,-0.35,8.918871869941835,2.979111762250875,9.791709086298887,5.775966079648319
12887,CW,gyro_gain_pct,-0.33999999999999997,8.858637340875498,2.8226219268453407,9.689775164890564,5.608380241080329
12887,CW,gyro_gain_pct,-0.32999999999999996,8.797878995943734,2.66650711693494,9.589353989877617,5.4409443306967455
12887,CW,gyro_gain_pct,-0.32,8.736598464508415,2.5107690085552803,9.490486142457227,5.273658399072836
12887,CW,gyro_gain_pct,-0.31,8.67479738127688,2.355409271109738,9.393213163372181,5.10652249678792
12887,CW,gyro_gain_pct,-0.3,8.61247738627053,2.2004295673482828,9.297577533570934,4.939536674418843
12887,CW,gyro_gain_pct,-0.29000000000000004,8.549640124806183,2.045831553358505,9.203622649284647,4.772700982550072
12887,CW,gyro_gain_pct,-0.28,8.486287247465725,1.8916168785411855,9.111392791017217,4.6060154717643895
12887,CW,gyro_gain_pct,-0.27,8.422420410064683,1.7377871855974263,9.02093308597803,4.439480192643584
12887,CW,gyro_gain_pct,-0.26,8.358041273637877,1.5843441105109832,8.932289463495142,4.273095195772333
12887,CW,gyro_gain_pct,-0.25,8.293151504401454,1.4312892825341579,8.845508602890083,4.106860531734688
12887,CW,gyro_gain_pct,-0.24,8.227752773729595,1.2786243241697774,8.760637873394684,3.9407762511134914
12887,CW,gyro_gain_pct,-0.22999999999999998,8.161846758131764,1.1263508511527107,8.677725265656607,3.774842404489486
12887,CW,gyro_gain_pct,-0.21999999999999997,8.095435139221241,0.9744704724406006,8.59681931441945,3.609059042445074
12887,CW,gyro_gain_pct,-0.21000000000000002,8.028519603689187,0.8229847901881271,8.517969012032527,3.4434262155551605
12887,CW,gyro_gain_pct,-0.2,7.961101843279835,0.6718953997407766,8.441223712483382,3.277943974396343
12887,CW,gyro_gain_pct,-0.19,7.893183554762572,0.5212038896174136,8.36663302570743,3.1126123695444248
12887,CW,gyro_gain_pct,-0.18,7.824766439903374,0.3709118414846785,8.294246702030817,2.947431451564368
12887,CW,gyro_gain_pct,-0.16999999999999998,7.75585220544192,0.22102083015616927,8.224114506690503,2.7824012710246246
12887,CW,gyro_gain_pct,-0.15999999999999998,7.686442563059972,0.07153242356599776,8.156286084475905,2.617521878484983
12887,CW,gyro_gain_pct,-0.14999999999999997,7.616539229355567,-0.07755181723933902,8.09081081467335,2.4527933245028963
12887,CW,gyro_gain_pct,-0.14,7.546143925819933,-0.226230338124401,8.027737656637894,2.2882156596277143
12887,CW,gyro_gain_pct,-0.13,7.475258378802527,-0.37450159186868176,7.967114986430468,2.123788934406363
12887,CW,gyro_gain_pct,-0.12,7.403884319491908,-0.5223640381916426,7.9089904251786045,1.959513199377902
12887,CW,gyro_gain_pct,-0.10999999999999999,7.332023483883518,-0.6698161437629551,7.853410659918636,1.7953885050748644
12887,CW,gyro_gain_pct,-0.09999999999999998,7.259677612754262,-0.8168563822191686,7.800421257910541,1.6314149020218522
12887,CW,gyro_gain_pct,-0.08999999999999997,7.186848451633955,-0.9634832341733954,7.750066475550679,1.4675924407391736
12887,CW,gyro_gain_pct,-0.08000000000000002,7.113537750779983,-1.1096951872388785,7.702389063211862,1.3039211717350363
12887,CW,gyro_gain_pct,-0.07,7.039747265147002,-1.255490736033528,7.657430067483147,1.1404011455129197
12887,CW,gyro_gain_pct,-0.06,6.9654787543615155,-1.4008683822031684,7.615228632462404,0.977032412564048
12887,CW,gyro_gain_pct,-0.04999999999999999,6.890733982694883,-1.5458266344278058,7.575821801881803,0.8138150233739819
12887,CW,gyro_gain_pct,-0.03999999999999998,6.815514719034468,-1.6903640084425888,7.53924432397074,0.6507490284159825
12887,CW,gyro_gain_pct,-0.02999999999999997,6.73982273685449,-1.8344790270508724,7.5055284610597734,0.4878344781502794
12887,CW,gyro_gain_pct,-0.020000000000000018,6.663659814193079,-1.9781702201291296,7.474703805994034,0.3250714230341047
12887,CW,gyro_gain_pct,-0.010000000000000009,6.5870277336200385,-2.1214361246539624,7.4467971074479005,0.16245991350733238
12887,CW,gyro_gain_pct,0.0,6.509928282210422,-2.264275284707298,7.421832106227653,0.0
12887,CW,gyro_gain_pct,0.010000000000000009,6.4323632515190186,-2.4066862514928062,7.399829384606085,0.1623082670693039
12887,CW,gyro_gain_pct,0.020000000000000018,6.354334437549118,-2.5486675833493564,7.380806230626415,0.32446483729566794
12887,CW,gyro_gain_pct,0.030000000000000027,6.2758436407272935,-2.6902178457641184,7.364776519192519,0.48646966028666017
12887,CW,gyro_gain_pct,0.040000000000000036,6.196892665873998,-2.8313356113856116,7.351750611577218,0.648322685663498
12887,CW,gyro_gain_pct,0.050000000000000044,6.117483322175803,-2.9720194600348124,7.341735274765913,0.8100238630593979
12887,CW,gyro_gain_pct,0.06000000000000005,6.0376174231591,-3.1122679787254697,7.334733621818214,0.9715731421257133
12887,CW,gyro_gain_pct,0.07000000000000006,5.957296786660277,-3.252079761667312,7.330745074115403,1.1329704725246517
12887,CW,gyro_gain_pct,0.07999999999999996,5.876523234796809,-3.391453410286215,7.329765346109153,1.2942158039365241
12887,CW,gyro_gain_pct,0.08999999999999997,5.795298593942244,-3.530387533232306,7.331786452824163,1.4553090860548927
12887,CW,gyro_gain_pct,0.09999999999999998,5.713624694697205,-3.668880746399316,7.336796740072318,1.6162502685929216
12887,CW,gyro_gain_pct,0.10999999999999999,5.6315033718576615,-3.8069316729271803,7.344780936986456,1.7770393012772534
12887,CW,gyro_gain_pct,0.12,5.548936464393364,-3.9445389432224034,7.355720230205781,1.9376761338519923
12887,CW,gyro_gain_pct,0.13,5.465925815411902,-4.081701194966513,7.3695923586896654,2.0981607160795894
12887,CW,gyro_gain_pct,0.14,5.3824732721371,-4.218417073132423,7.386371727927983,2.2584929977416377
12887,CW,gyro_gain_pct,0.15000000000000002,5.29858068587821,-4.3546852299906735,7.406029542007576,2.418672928635562
12887,CW,gyro_gain_pct,0.16000000000000003,5.214249911999377,-4.490504325125539,7.428533951847683,2.5787004585796156
12887,CW,gyro_gain_pct,0.17000000000000004,5.129482809895308,-4.6258730254462535,7.453850217702647,2.738575537410826
12887,CW,gyro_gain_pct,0.18000000000000005,5.044281242960187,-4.76079000519793,7.481940883931321,2.8982981149861344
12887,CW,gyro_gain_pct,0.19000000000000006,4.958647078560148,-4.895253945972319,7.512765963941759,3.0578681411813444
12887,CW,gyro_gain_pct,0.20000000000000007,4.872582188005708,-5.029263536723545,7.546283133183514,3.2172855658951303
12887,CW,gyro_gain_pct,0.20999999999999996,4.7860884465196705,-5.162817473774578,7.582447928051066,3.376550339046616
12887,CW,gyro_gain_pct,0.21999999999999997,4.699167733213722,-5.29591446083217,7.621213948624916,3.535662410576743
12887,CW,gyro_gain_pct,0.22999999999999998,4.611821931056079,-5.42855320899489,7.662533063222483,3.6946217304474187
12887,CW,gyro_gain_pct,0.24,4.52405292684598,-5.560732436767137,7.706355612865246,3.8534282486434086
12887,CW,gyro_gain_pct,0.25,4.4358626111811645,-5.692450870068763,7.752630613870816,4.012081915173214
12887,CW,gyro_gain_pct,0.26,4.347252878432596,-5.823707242247361,7.801305956960712,4.1705826800691135
12887,CW,gyro_gain_pct,0.27,4.258225626713761,-5.954500294086506,7.852328601400933,4.328930493386449
12887,CW,gyro_gain_pct,0.28,4.1687827578548875,-6.0848287738167866,7.905644762914291,4.487125305203038
12887,CW,gyro_gain_pct,0.29000000000000004,4.078926177370181,-6.214691437131501,7.961200094242623,4.645167065625779
12887,CW,gyro_gain_pct,0.30000000000000004,3.988657794431151,-6.344087047189442,8.018939857436285,4.803055724783673
12887,CW,gyro_gain_pct,0.31000000000000005,3.897979521838079,-6.473014374630134,8.078809087137428,4.960791232832276
12887,CW,gyro_gain_pct,0.32000000000000006,3.806893275992843,-6.601472197584587,8.140752744269552,5.118373539953664
12887,CW,gyro_gain_pct,0.33000000000000007,3.7154009768656806,-6.729459301680026,8.2047158597233,5.275802596354741
12887,CW,gyro_gain_pct,0.33999999999999997,3.6235045479684005,-6.85697448005767,8.270643667786906,5.433078352272877
12887,CW,gyro_gain_pct,0.35,3.53120591632844,-6.984016533375495,8.338481729184533,5.590200757969054
12887,CW,gyro_gain_pct,0.36,3.4385070124554886,-7.110584269824221,8.408176043733336,5.74716976373577
12887,CW,gyro_gain_pct,0.37,3.345409770315155,-7.236676505129947,8.479673152714524,5.90398531989011
12887,CW,gyro_gain_pct,0.38,3.251916127297977,-7.3622920625734425,8.552920231189875,6.060647376783469
12887,CW,gyro_gain_pct,0.39,3.1580280241941865,-7.487429772987639,8.627865170509834,6.217155884789968
12887,CW,gyro_gain_pct,0.4,3.0637474051605293,-7.612088474779194,8.70445665140713,6.373510794319322
12887,CW,gyro_gain_pct,0.41000000000000003,2.969076217693737,-7.736267013926659,8.782644208040292,6.529712055806446
12887,CW,gyro_gain_pct,0.42000000000000004,2.874016412600531,-7.859964244000241,8.862378283471186,6.685759619721928
12887,CW,gyro_gain_pct,0.43000000000000005,2.778569943966977,-7.983179026160201,8.943610277015742,6.841653436563452
12887,CW,gyro_gain_pct,0.44000000000000006,2.6827387691351303,-8.105910229175993,9.026292584006281,6.9973934568625555
12887,CW,gyro_gain_pct,0.45000000000000007,2.5865248486671133,-8.228156729424962,9.110378628426732,7.152979631179863
12887,CW,gyro_gain_pct,0.45999999999999996,2.489930146317897,-8.349917410913019,9.19582288898252,7.308411910114486
12887,CW,gyro_gain_pct,0.47,2.3929566290093134,-8.471191165270852,9.282580919065465,7.463690244292519
12887,CW,gyro_gain_pct,0.48,2.2956062667972446,-8.59197689176965,9.370609361157085,7.618814584375417
12887,CW,gyro_gain_pct,0.49,2.1978810328447707,-8.712273497329203,9.459865956130095,7.7737848810589005
12887,CW,gyro_gain_pct,0.5,2.099782903390178,-8.832079896522316,9.55030954792793,7.928601085071896
12887,CW,wheel_relative_pct,-2.0,6.55818918553282,-2.2749212207569487,7.46831086757848,0.04956883718844401
12887,CW,wheel_relative_pct,-1.95,6.556982662949554,-2.2746550723546535,7.467148414131549,0.048329616258288285
12887,CW,wheel_relative_pct,-1.9,6.555776140366561,-2.2743889239547115,7.465985985380084,0.047090395328895654
12887,CW,wheel_relative_pct,-1.85,6.554569617783477,-2.2741227755530873,7.464823581334468,0.04585117439904756
12887,CW,wheel_relative_pct,-1.8,6.553363095200552,-2.27385662715227,7.46366120200712,0.04461195346960428
12887,CW,wheel_relative_pct,-1.75,6.552156572617809,-2.27359047875085,7.4624988474091705,0.043372732540185796
12887,CW,wheel_relative_pct,-1.7,6.550950050034385,-2.2733243303491237,7.461336517551408,0.04213351160998008
12887,CW,wheel_relative_pct,-1.65,6.549743527451506,-2.2730581819480564,7.460174212446737,0.040894290680500545
12887,CW,wheel_relative_pct,-1.6,6.548537004868308,-2.272792033547057,7.4590119321058985,0.03965506975073958
12887,CW,wheel_relative_pct,-1.55,6.547330482284792,-2.2725258851455576,7.457849676540212,0.038415848820472165
12887,CW,wheel_relative_pct,-1.5,6.546123959701845,-2.272259736743854,7.456687445761985,0.03717662789078765
12887,CW,wheel_relative_pct,-1.45,6.544917437118852,-2.271993588343514,7.455525239783467,0.03593740696131257
12887,CW,wheel_relative_pct,-1.4,6.543710914536336,-2.271727439942606,7.454363058615046,0.03469818603224552
12887,CW,wheel_relative_pct,-1.35,6.542504391952912,-2.27146129154047,7.453200902267748,0.03345896510199508
12887,CW,wheel_relative_pct,-1.2999999999999998,6.541297869369487,-2.271195143139437,7.452038770754348,0.032219744171980896
12887,CW,wheel_relative_pct,-1.25,6.540091346787039,-2.2709289947377895,7.4508766640872,0.03098052324279218
12887,CW,wheel_relative_pct,-1.2,6.538884824203842,-2.2706628463368816,7.449714582275903,0.029741302313019958
12887,CW,wheel_relative_pct,-1.15,6.537678301620713,-2.270396697936701,7.4485525253336515,0.02850208138339007
12887,CW,wheel_relative_pct,-1.1,6.53647177903747,-2.2701305495342012,7.447390493270916,0.027262860453301417
12887,CW,wheel_relative_pct,-1.0499999999999998,6.535265256454499,-2.2698644011331113,7.446228486100209,0.026023639523651085
12887,CW,wheel_relative_pct,-1.0,6.534058733871461,-2.269598252732101,7.445066503833323,0.02478441859405275
12887,CW,wheel_relative_pct,-0.95,6.532852211288969,-2.2693321043304424,7.443904546481764,0.023545197664781806
12887,CW,wheel_relative_pct,-0.8999999999999999,6.531645688705657,-2.269065955928943,7.4427426140562725,0.02230597673481566
12887,CW,wheel_relative_pct,-0.8499999999999999,6.53043916612221,-2.2687998075279667,7.441580706569232,0.021066755804735864
12887,CW,wheel_relative_pct,-0.7999999999999998,6.529232643539285,-2.2685336591268537,7.4404188240327676,0.019827534875207005
12887,CW,wheel_relative_pct,-0.75,6.528026120956293,-2.2682675107260137,7.439256966457888,0.01858831394558136
12887,CW,wheel_relative_pct,-0.7,6.52681959837364,-2.2680013623242075,7.4380951338571135,0.017349093016228136
12887,CW,wheel_relative_pct,-0.6499999999999999,6.525613075790238,-2.267735213923834,7.436933326241018,0.01610987208636381
12887,CW,wheel_relative_pct,-0.5999999999999999,6.524406553207382,-2.2674690655217207,7.435771543621991,0.01487065115664171
12887,CW,wheel_relative_pct,-0.5499999999999998,6.523200030623729,-2.267202917121085,7.434609786010977,0.013631430226524986
12887,CW,wheel_relative_pct,-0.5,6.521993508041374,-2.2669367687193356,7.4334480534216,0.012392209297360334
12887,CW,wheel_relative_pct,-0.44999999999999996,6.5207869854581535,-2.26667062031878,7.432286345863907,0.011152988367668995
12887,CW,wheel_relative_pct,-0.3999999999999999,6.519580462875138,-2.266404471917542,7.431124663349987,0.009913767437933093
12887,CW,wheel_relative_pct,-0.34999999999999987,6.518373940292099,-2.2661383235150767,7.4299630058910875,0.008674546507991312
12887,CW,wheel_relative_pct,-0.2999999999999998,6.51716741770872,-2.265872175114521,7.428801373500103,0.007435325578170487
12887,CW,wheel_relative_pct,-0.25,6.515960895125954,-2.2656060267124873,7.427639766188006,0.006196104648511954
12887,CW,wheel_relative_pct,-0.19999999999999996,6.514754372542598,-2.2653398783122496,7.426478183967201,0.004956883718805929
12887,CW,wheel_relative_pct,-0.1499999999999999,6.513547849959286,-2.2650737299100228,7.425316626848126,0.0037176627885754567
12887,CW,wheel_relative_pct,-0.09999999999999987,6.512341327376862,-2.2648075815094217,7.424155094845099,0.0024784418596475533
12887,CW,wheel_relative_pct,-0.04999999999999982,6.511134804793869,-2.264541433107513,7.422993587967485,0.0012392209298918934
12887,CW,wheel_relative_pct,0.0,6.509928282210422,-2.264275284707298,7.421832106227653,0.0
12887,CW,wheel_relative_pct,0.050000000000000266,6.508721759627906,-2.264009136306322,7.420670649638301,0.0012392209291452432
12887,CW,wheel_relative_pct,0.10000000000000009,6.507515237044617,-2.2637429879044246,7.419509218209622,0.002478441859169567
12887,CW,wheel_relative_pct,0.1499999999999999,6.506308714461352,-2.2634768395034826,7.418347811954936,0.003717662789044237
12887,CW,wheel_relative_pct,0.20000000000000018,6.5051021918785406,-2.2632106911025063,7.417186430885884,0.0049568837184363465
12887,CW,wheel_relative_pct,0.25,6.503895669294889,-2.262944542700711,7.416025075012993,0.006196104648827528
12887,CW,wheel_relative_pct,0.30000000000000027,6.502689146712351,-2.2626783942992006,7.414863744350039,0.007435325578098191
12887,CW,wheel_relative_pct,0.3500000000000001,6.501482624129198,-2.2624122458987133,7.4137024389075235,0.008674546507786917
12887,CW,wheel_relative_pct,0.40000000000000036,6.500276101546137,-2.2621460974973844,7.412541158697716,0.009913767437458088
12887,CW,wheel_relative_pct,0.4500000000000002,6.4990695789628266,-2.261879949096169,7.411379903732389,0.011152988367434311
12887,CW,wheel_relative_pct,0.5,6.49786305637997,-2.2616138006947493,7.4102186740234615,0.012392209297022262
12887,CW,wheel_relative_pct,0.5500000000000003,6.496656533797295,-2.2613476522938187,7.409057469583499,0.013631430226257955
12887,CW,wheel_relative_pct,0.6000000000000001,6.49545001121412,-2.261081503891819,7.407896290422721,0.014870651156222938
12887,CW,wheel_relative_pct,0.6500000000000004,6.494243488631332,-2.2608153554906947,7.406735136554354,0.016109872085676078
12887,CW,wheel_relative_pct,0.7000000000000002,6.493036966048635,-2.2605492070897752,7.405574007990301,0.017349093014968266
12887,CW,wheel_relative_pct,0.75,6.491830443464619,-2.2602830586884695,7.404412904740887,0.01858831394559466
12887,CW,wheel_relative_pct,0.8000000000000003,6.490623920882035,-2.2600169102871974,7.403251826820462,0.019827534874892583
12887,CW,wheel_relative_pct,0.8500000000000001,6.489417398298087,-2.2597507618857775,7.40209077423836,0.02106675580550742
12887,CW,wheel_relative_pct,0.9000000000000004,6.488210875715458,-2.2594846134845965,7.400929747009015,0.02230597673479471
12887,CW,wheel_relative_pct,0.9500000000000002,6.487004353132829,-2.2592184650838023,7.399768745143509,0.02354519766400758
12887,CW,wheel_relative_pct,1.0,6.4857978305491315,-2.258952316681905,7.398607768652132,0.024784418594422854
12887,CW,wheel_relative_pct,1.0500000000000003,6.484591307966184,-2.2586861682800987,7.397446817548877,0.02602363952416894
12887,CW,wheel_relative_pct,1.1,6.48338478538326,-2.2584200198794293,7.396285891845462,0.02726286045357465
12887,CW,wheel_relative_pct,1.1500000000000004,6.482178262799948,-2.2581538714776683,7.3951249915525965,0.028502081383690942
12887,CW,wheel_relative_pct,1.2000000000000002,6.480971740217297,-2.257887723077249,7.393964116684328,0.02974130231280761
12887,CW,wheel_relative_pct,1.25,6.479765217634326,-2.25762157467575,7.392803267250175,0.03098052324251782
12887,CW,wheel_relative_pct,1.3000000000000003,6.478558695050879,-2.2573554262746827,7.391642443263374,0.03221974417254659
12887,CW,wheel_relative_pct,1.35,6.477352172467841,-2.2570892778736833,7.390481644736091,0.03345896510221046
12887,CW,wheel_relative_pct,1.4000000000000004,6.4761456498849155,-2.2568231294718997,7.38932087167997,0.03469818603187641
12887,CW,wheel_relative_pct,1.4500000000000002,6.4749391273022185,-2.2565569810712534,7.388160124107497,0.03593740696113508
12887,CW,wheel_relative_pct,1.5,6.473732604718907,-2.256290832668674,7.386999402029508,0.037176627891321604
12887,CW,wheel_relative_pct,1.5500000000000003,6.472526082136392,-2.2560246842688114,7.38583870546016,0.038415848820213185
12887,CW,wheel_relative_pct,1.6,6.4713195595530575,-2.2557585358675736,7.384678034409085,0.03965506975015333
12887,CW,wheel_relative_pct,1.6500000000000004,6.470113036969996,-2.2554923874656994,7.383517388889293,0.04089429068002381
12887,CW,wheel_relative_pct,1.7000000000000002,6.468906514386572,-2.2552262390641884,7.382356768912849,0.04213351161015295
12887,CW,wheel_relative_pct,1.75,6.46769999180367,-2.254960090662928,7.381196174492221,0.04337273253973673
12887,CW,wheel_relative_pct,1.8000000000000003,6.466493469220654,-2.2546939422616674,7.380035605638787,0.04461195346945278
12887,CW,wheel_relative_pct,1.85,6.465286946637752,-2.254427793861441,7.378875062365811,0.045851174398718456
12887,CW,wheel_relative_pct,1.9000000000000004,6.4640804240541,-2.2541616454604876,7.3777145446830215,0.04709039532901251
12887,CW,wheel_relative_pct,1.9500000000000002,6.46287390147188,-2.2538954970582155,7.376554052605262,0.04832961625815555
12887,CW,wheel_relative_pct,2.0,6.461667378888978,-2.2536293486564887,7.375393586143007,0.04956883718773399
12887,CW,yaw_time_shift_ms,-20.0,5.424927381376119,-2.2983823403957104,6.458627580853194,1.104525222139417
12887,CW,yaw_time_shift_ms,-19.5,5.452344343116943,-2.2865837741485393,6.47831249905522,1.0763296185999822
12887,CW,yaw_time_shift_ms,-19.0,5.4796907561031505,-2.2724747133647383,6.497206812480752,1.0483018885621582
12887,CW,yaw_time_shift_ms,-18.5,5.504110941690965,-2.269620639637128,6.517563044630291,1.0233586566625879
12887,CW,yaw_time_shift_ms,-18.0,5.528451030646602,-2.264450294893675,6.537078858873139,0.9985000056993018
12887,CW,yaw_time_shift_ms,-17.5,5.556743518927488,-2.279950445029942,6.567720558801732,0.9697410824995005
12887,CW,yaw_time_shift_ms,-17.0,5.58496153226281,-2.29314280467363,6.5975141440541085,0.9412458738764824
12887,CW,yaw_time_shift_ms,-16.5,5.612433951412276,-2.3063534663252314,6.626451717815333,0.9138450133245561
12887,CW,yaw_time_shift_ms,-16.0,5.639835904985057,-2.317254166935663,6.654539689968297,0.8866018185212495
12887,CW,yaw_time_shift_ms,-15.5,5.667169230066361,-2.325844402988673,6.681777968704054,0.8594348405568031
12887,CW,yaw_time_shift_ms,-15.0,5.694435764542777,-2.33212368686344,6.708168563465637,0.8322714289186999
12887,CW,yaw_time_shift_ms,-14.5,5.721637347067372,-2.336091546824787,6.733715546552321,0.8050492694682467
12887,CW,yaw_time_shift_ms,-14.0,5.748775817030605,-2.3377475270333092,6.7584250194367135,0.7777181848391241
12887,CW,yaw_time_shift_ms,-13.5,5.775853014529548,-2.3370911875372484,6.782305083510916,0.7502422973699576
12887,CW,yaw_time_shift_ms,-13.0,5.802870780331091,-2.334122104272774,6.80536581501877,0.722602686806884
12887,CW,yaw_time_shift_ms,-12.5,5.829830955842271,-2.3288398690686334,6.827619243928138,0.6948007161154658
12887,CW,yaw_time_shift_ms,-12.0,5.8567353830804,-2.3212440896407087,6.849079336480086,0.6668622503845465
12887,CW,yaw_time_shift_ms,-11.5,5.88358590463838,-2.3113343895902405,6.86976198116577,0.6388430560309607
12887,CW,yaw_time_shift_ms,-11.0,5.910384363650019,-2.2991104084061815,6.889684977896345,0.6108357362733858
12887,CW,yaw_time_shift_ms,-10.5,5.937814546073014,-2.285285284645022,6.909576986440158,0.582330263292208
12887,CW,yaw_time_shift_ms,-10.0,5.965191699828802,-2.2691496648139946,6.928746807362663,0.5541348297442952
12887,CW,yaw_time_shift_ms,-9.5,5.992129327857742,-2.2624468054754745,6.9506189113166394,0.5267352004583545
12887,CW,yaw_time_shift_ms,-9.0,6.01898646761988,-2.2534297396019385,6.971715052536595,0.499549897371201
12887,CW,yaw_time_shift_ms,-8.5,6.04687442995189,-2.272422034982469,7.003258473747936,0.4710724645869651
12887,CW,yaw_time_shift_ms,-8.0,6.074681591846843,-2.28910431995929,7.034001795407536,0.44334848591852144
12887,CW,yaw_time_shift_ms,-7.5,6.102404815958994,-2.3049003372157815,7.064161506235558,0.416462008855164
12887,CW,yaw_time_shift_ms,-7.0,6.130050069119989,-2.3183855514926903,7.0935144536966614,0.39014610770864816
12887,CW,yaw_time_shift_ms,-6.5,6.157619190865534,-2.3295594308186764,7.122057978337367,0.3642482329784421
12887,CW,yaw_time_shift_ms,-6.0,6.18511402162253,-2.338421459126425,7.149791463503603,0.33861507709681793
12887,CW,yaw_time_shift_ms,-5.5,6.212536402671162,-2.3449711362638483,7.176716295605037,0.3130939675428956
12887,CW,yaw_time_shift_ms,-5.0,6.239888176119007,-2.349207977975675,7.202835828611303,0.28753419025176175
12887,CW,yaw_time_shift_ms,-4.5,6.267171184869175,-2.3511315159227024,7.228155352579707,0.2617882013081142
12887,CW,yaw_time_shift_ms,-4.0,6.2943872725832986,-2.350741297667116,7.252682065982439,0.23571269427314862
12887,CW,yaw_time_shift_ms,-3.5,6.321538283651398,-2.3480368866779484,7.2764250516482205,0.20916950121759345
12887,CW,yaw_time_shift_ms,-3.0,6.3486260631643745,-2.3430178623320557,7.299395256105442,0.1820263163118637
12887,CW,yaw_time_shift_ms,-2.5,6.375652456873877,-2.3356838199097067,7.321605472100593,0.15415724077098264
12887,CW,yaw_time_shift_ms,-2.0,6.402619311164722,-2.3260343705962327,7.343070324111171,0.12544315631584876
12887,CW,yaw_time_shift_ms,-1.5,6.429528473025153,-2.3140691414788988,7.363806256626587,0.09577194074839616
12887,CW,yaw_time_shift_ms,-1.0,6.456381790008868,-2.299787775548327,7.383831524991618,0.06503854361109604
12887,CW,yaw_time_shift_ms,-0.5,6.483181110204055,-2.2831899316927204,7.403166188598129,0.03314494232530258
12887,CW,yaw_time_shift_ms,0.0,6.509928282210422,-2.264275284707298,7.421832106227653,0.0
12887,CW,yaw_time_shift_ms,0.5,6.537985414650916,-2.2872247955816647,7.454548018987686,0.03659417118983029
12887,CW,yaw_time_shift_ms,1.0,6.565953316238006,-2.307863405797991,7.4865063471310656,0.07169191546592625
12887,CW,yaw_time_shift_ms,1.5,6.5938338273065025,-2.3261905240135548,7.517698137613504,0.1053607587839636
12887,CW,yaw_time_shift_ms,2.0,6.621628789233341,-2.3422055748069623,7.548116507161807,0.13767400215131984
12887,CW,yaw_time_shift_ms,2.5,6.649340044402015,-2.355907998684961,7.577756594421044,0.1687110744794425
12887,CW,yaw_time_shift_ms,3.0,6.676969436180935,-2.367297252078288,7.606615516235406,0.19855786239383322
12887,CW,yaw_time_shift_ms,3.5,6.704518808880652,-2.3763728073462405,7.634692327879434,0.2273070029108588
12887,CW,yaw_time_shift_ms,4.0,6.731990007723676,-2.3831341527710266,7.661987987096903,0.25505812246203113
12887,CW,yaw_time_shift_ms,4.5,6.759384878820424,-2.3875807925644152,7.688505321775715,0.2819180034789447
12887,CW,yaw_time_shift_ms,5.0,6.786705269124672,-2.389712246865281,7.714249001066531,0.30800065789852005
12887,CW,yaw_time_shift_ms,5.5,6.813953026410445,-2.389528051737159,7.739225509810415,0.33342728596343557
12887,CW,yaw_time_shift_ms,6.0,6.841129999237888,-2.3870277591711555,7.763443126075833,0.35832609872856347
12887,CW,yaw_time_shift_ms,6.5,6.868238036917774,-2.3822109370841646,7.786911901647427,0.38283198432981835
12887,CW,yaw_time_shift_ms,7.0,6.8952789894803574,-2.3750771693191495,7.809643645290291,0.40708600153799623
12887,CW,yaw_time_shift_ms,7.5,6.922254707648494,-2.3656260556449182,7.831651908624816,0.4312346896933443
12887,CW,yaw_time_shift_ms,8.0,6.9491670427994,-2.3538572117503804,7.852951974417556,0.45542919179968677
12887,CW,yaw_time_shift_ms,8.5,6.976295642791706,-2.3411153874565342,7.874119149608234,0.4803295952130847
12887,CW,yaw_time_shift_ms,9.0,7.0033648041719285,-2.326055575239809,7.894608088205006,0.5054869366422688
12887,CW,yaw_time_shift_ms,9.5,7.032047946866806,-2.3394804089290004,7.925014410821268,0.5360247065497227
12887,CW,yaw_time_shift_ms,10.0,7.060673164824129,-2.350592801179141,7.95469582197815,0.5663105056560332
12887,CW,yaw_time_shift_ms,10.5,7.088129811943486,-2.370813845075827,7.986130012224638,0.5971974362842988
12887,CW,yaw_time_shift_ms,11.0,7.115497047525219,-2.3887189563896074,8.016816533847258,0.6279087991479086
12887,CW,yaw_time_shift_ms,11.5,7.1432448637528525,-2.4049222463053868,8.0473418406414,0.6588299986047057
12887,CW,yaw_time_shift_ms,12.0,7.170903309093956,-2.4188112154204644,8.077107513294605,0.6892894687513689
12887,CW,yaw_time_shift_ms,12.5,7.198474231658724,-2.4303853089362404,8.10611056630624,0.7192031116613652
12887,CW,yaw_time_shift_ms,13.0,7.22595948056005,-2.4396439879974197,8.134349849171185,0.7485209391009965
12887,CW,yaw_time_shift_ms,13.5,7.253360905884006,-2.446586729694866,8.161826014140516,0.7772201676549584
12887,CW,yaw_time_shift_ms,14.0,7.280680358645054,-2.4512130270622263,8.188541487096463,0.8053001128262967
12887,CW,yaw_time_shift_ms,14.5,7.3079196907652655,-2.4535223890804447,8.214500441444896,0.8327783892365238
12887,CW,yaw_time_shift_ms,15.0,7.3350807550374615,-2.45351434067461,8.239708774849817,0.8596880573457841
12887,CW,yaw_time_shift_ms,15.5,7.362165405094425,-2.451188422715711,8.264174088687069,0.8860754550072685
12887,CW,yaw_time_shift_ms,16.0,7.3891754953724105,-2.446544192020826,8.287905670069595,0.9119985225814534
12887,CW,yaw_time_shift_ms,16.5,7.4161128810855645,-2.4395812213479076,8.310914476311,0.93752548076625
12887,CW,yaw_time_shift_ms,17.0,7.442979418189088,-2.430299099400247,8.333213121670616,0.9627337563080599
12887,CW,yaw_time_shift_ms,17.5,7.470372242609938,-2.4214060091080682,8.356018037773516,0.9887954532848736
12887,CW,yaw_time_shift_ms,18.0,7.497697961919016,-2.4101933182655215,8.378133278836485,1.0146344302797368
12887,CW,yaw_time_shift_ms,18.5,7.528810742165684,-2.420150159450395,8.409994298160601,1.0472007786785382
12887,CW,yaw_time_shift_ms,19.0,7.55985875798699,-2.4277958361489027,8.44113897981098,1.0793798512077126
12887,CW,yaw_time_shift_ms,19.5,7.585534184979792,-2.4446247790009124,8.470180171089835,1.107840781300178
12887,CW,yaw_time_shift_ms,20.0,7.611143326230831,-2.45912917379178,8.498501668698879,1.1359752048751974
12888,CW,gyro_bias_dps,-0.3,11.709499560768927,18.653430276332653,22.286496560307363,19.43646424713129
12888,CW,gyro_bias_dps,-0.295,11.661531895977713,18.32830118191693,21.984440983726504,19.10895055877154
12888,CW,gyro_bias_dps,-0.29,11.61210250838742,18.003550989758036,21.682865357380578,18.78155590860219
12888,CW,gyro_bias_dps,-0.285,11.561213329032057,17.679185825739694,21.38178481269583,18.454280403254916
12888,CW,gyro_bias_dps,-0.27999999999999997,11.508866314487046,17.355211806496914,21.081215312564204,18.12712414938678
12888,CW,gyro_bias_dps,-0.27499999999999997,11.455063446831492,17.031635039322794,20.78117370772451,17.80008725369332
12888,CW,gyro_bias_dps,-0.27,11.399806733598506,16.708461622054095,20.481677797622705,17.473169822898072
12888,CW,gyro_bias_dps,-0.265,11.343098207735375,16.385697642968875,20.182746396200233,17.146371963756113
12888,CW,gyro_bias_dps,-0.26,11.284939927555389,16.063349180678006,19.88439940303492,16.819693783049612
12888,CW,gyro_bias_dps,-0.255,11.225333976695698,15.741422304022171,19.586657880351265,16.49313538759017
12888,CW,gyro_bias_dps,-0.25,11.164282464072858,15.41992307196782,19.289544136433065,16.16669688421935
12888,CW,gyro_bias_dps,-0.245,11.101787523830875,15.098857533494515,18.993081816034636,15.840378379798704
12888,CW,gyro_bias_dps,-0.24,11.037851315301804,14.778231727499474,18.697295998485483,15.514179981220007
12888,CW,gyro_bias_dps,-0.235,10.972476022956972,14.458051682687472,18.40221330418483,15.188101795398543
12888,CW,gyro_bias_dps,-0.22999999999999998,10.905663856356181,14.138323417463766,18.10786201031155,14.86214392926849
12888,CW,gyro_bias_dps,-0.22499999999999998,10.837417050105728,13.819052939838935,17.814272176657315,14.536306489792656
12888,CW,gyro_bias_dps,-0.21999999999999997,10.7677378638042,13.500246247313248,17.521475782529333,14.21058958394839
12888,CW,gyro_bias_dps,-0.21499999999999997,10.696628582002926,13.181909326782625,17.229506875860373,13.884993318738681
12888,CW,gyro_bias_dps,-0.21,10.624091514144357,12.86404815442852,16.93840173567805,13.559517801181387
12888,CW,gyro_bias_dps,-0.205,10.550128994525357,12.546668695617507,16.64819904930481,13.234163138314656
12888,CW,gyro_bias_dps,-0.19999999999999998,10.474743382239945,12.229776904797552,16.35894010571947,12.90892943719352
12888,CW,gyro_bias_dps,-0.195,10.39793706113046,11.91337872539475,16.07066900671346,12.583816804888766
12888,CW,gyro_bias_dps,-0.19,10.319712439738236,11.597480089707426,15.783432897614025,12.25882534848354
12888,CW,gyro_bias_dps,-0.185,10.240071951252343,11.2820869188129,15.497282219550181,11.933955175081035
12888,CW,gyro_bias_dps,-0.18,10.159018053455975,10.96720512245355,15.212270985389818,11.60920639179181
12888,CW,gyro_bias_dps,-0.175,10.076553228678268,10.652840598941248,14.928457081754306,11.284579105740203
12888,CW,gyro_bias_dps,-0.16999999999999998,9.992679983737366,10.33899923505552,14.64590259968109,10.960073424061756
12888,CW,gyro_bias_dps,-0.16499999999999998,9.907400849891541,10.025686905939802,14.364674196790194,10.635689453901469
12888,CW,gyro_bias_dps,-0.15999999999999998,9.82071838278639,9.712909475000924,14.084843494047915,10.311427302413813
12888,CW,gyro_bias_dps,-0.155,9.732635162395127,9.400672793808145,13.806487510489276,9.987287076759678
12888,CW,gyro_bias_dps,-0.15,9.643153792972635,9.088982701993563,13.529689139549504,9.663268884109483
12888,CW,gyro_bias_dps,-0.145,9.55227690299489,8.77784502714726,13.254537670892015,9.339372831635943
12888,CW,gyro_bias_dps,-0.13999999999999999,9.460007145108033,8.467265584721531,12.981129361925717,9.015599026518817
12888,CW,gyro_bias_dps,-0.13499999999999998,9.366347196071137,8.15725017792928,12.709568063396489,8.691947575941938
12888,CW,gyro_bias_dps,-0.12999999999999998,9.271299756701296,7.847804597642414,12.439965903656923,8.36841858709069
12888,CW,gyro_bias_dps,-0.12499999999999997,9.174867551814964,7.5389346222926745,12.172444036328617,8.045012167150727
12888,CW,gyro_bias_dps,-0.12,9.077053330177614,7.230646017775916,11.907133456105447,7.721728423312394
12888,CW,gyro_bias_dps,-0.11499999999999999,8.977859864439278,6.922944537347303,11.644175887275933,7.3985674627619575
12888,CW,gyro_bias_dps,-0.10999999999999999,8.877289951083252,6.615835921525695,11.383724749272474,7.075529392685576
12888,CW,gyro_bias_dps,-0.10499999999999998,8.775346410363113,6.309325897995905,11.125946202873932,6.752614320267377
12888,CW,gyro_bias_dps,-0.09999999999999998,8.672032086251694,6.003420181507022,10.87102027974471,6.42982235268793
12888,CW,gyro_bias_dps,-0.09499999999999997,8.567349846373464,5.698124473776124,10.61914209646983,6.107153597121526
12888,CW,gyro_bias_dps,-0.09,8.461302581953351,5.393444463393394,10.370523152154114,5.7846081607408095
12888,CW,gyro_bias_dps,-0.08499999999999999,8.353893207753504,5.089385825716908,10.125392705660188,5.4621861507073275
12888,CW,gyro_bias_dps,-0.07999999999999999,8.24512466201379,4.785954222782607,9.883999224603917,5.1398876741771975
12888,CW,gyro_bias_dps,-0.07499999999999998,8.134999906393091,4.483155303205433,9.646611892927545,4.817712838299175
12888,CW,gyro_bias_dps,-0.06999999999999998,8.023521925907243,4.1809947020785785,9.413522157022191,4.495661750209161
12888,CW,gyro_bias_dps,-0.06499999999999997,7.910693728868727,3.8794780408852945,9.185045281655576,4.173734517037328
12888,CW,gyro_bias_dps,-0.06,7.796518346826292,3.5786109273890587,8.96152187602938,3.851931245894733
12888,CW,gyro_bias_dps,-0.05499999999999999,7.680998834498678,3.2783989555538597,8.74331933694752,3.5302520438856844
12888,CW,gyro_bias_dps,-0.04999999999999999,7.564138269721025,2.978847705437431,8.530833140057103,3.2086970180998358
12888,CW,gyro_bias_dps,-0.044999999999999984,7.445939753373341,2.679962743098008,8.32448789145534,2.8872662756094623
12888,CW,gyro_bias_dps,-0.03999999999999998,7.326406409322203,2.3817496205029216,8.124738030968889,2.5659599234739754
12888,CW,gyro_bias_dps,-0.034999999999999976,7.20554138435773,2.0842138754273494,7.932068055673658,2.2447780687328867
12888,CW,gyro_bias_dps,-0.02999999999999997,7.083347848128119,1.787361031365208,7.746992109251584,1.9237208184092323
12888,CW,gyro_bias_dps,-0.024999999999999967,6.959828993074234,1.4911965974337478,7.570052761572308,1.6027882795070492
12888,CW,gyro_bias_dps,-0.019999999999999962,6.834988034371008,1.1957260682787934,7.401818786694126,1.2819805590118525
12888,CW,gyro_bias_dps,-0.014999999999999958,6.7088282098540954,0.9009549239784974,7.242881740446141,0.9612977638840744
12888,CW,gyro_bias_dps,-0.010000000000000009,6.581352779961844,0.6068886299548921,7.093851146295758,0.6407400010653035
12888,CW,gyro_bias_dps,-0.0050000000000000044,6.4525650276669015,0.31353263687680055,6.955348126050893,0.3203073774728333
12888,CW,gyro_bias_dps,0.0,6.322468258407843,0.020892380569887337,6.827997366244642,0.0
12888,CW,gyro_bias_dps,0.0050000000000000044,6.191065800026536,-0.2710267180781557,6.712417396169108,0.32018202448512934
12888,CW,gyro_bias_dps,0.010000000000000009,6.058361002699803,-0.5622192532097756,6.609209271181406,0.6402385891414152
12888,CW,gyro_bias_dps,0.015000000000000013,5.924357238871221,-0.8526798340870301,6.518943901808924,0.9601695871538466
12888,CW,gyro_bias_dps,0.020000000000000018,5.789057903185357,-1.1424030851877434,6.442148435368862,1.279974911737889
12888,CW,gyro_bias_dps,0.025000000000000022,5.652466412419107,-1.4313836462911353,6.379292264945546,1.5996544561356205
12888,CW,gyro_bias_dps,0.030000000000000027,5.514586205411433,-1.719616172573626,6.330773386649875,1.9192081136218262
12888,CW,gyro_bias_dps,0.03500000000000003,5.375420742997039,-2.007095334696544,6.2969059226437025,2.238635777501397
12888,CW,gyro_bias_dps,0.040000000000000036,5.234973507938411,-2.29381581890226,6.27790964862761,2.5579373411149064
12888,CW,gyro_bias_dps,0.04500000000000004,5.093248004852785,-2.579772327093599,6.273902292984517,2.8771126978315524
12888,CW,gyro_bias_dps,0.050000000000000044,4.950247760146022,-2.8649595769349845,6.284895207456492,3.1961617410587384
12888,CW,gyro_bias_dps,0.05499999999999999,4.805976321936759,-3.1493723019343975,6.310792760635177,3.5150843642388154
12888,CW,gyro_bias_dps,0.06,4.6604372599933415,-3.433005251536599,6.3513955071028185,3.833880460850457
12888,CW,gyro_bias_dps,0.065,4.5136341656586865,-3.7158531912110675,6.406406878684081,4.152549924410589
12888,CW,gyro_bias_dps,0.07,4.365570651778398,-3.9979109025391493,6.475442874050301,4.4710926484744995
12888,CW,gyro_bias_dps,0.07500000000000001,4.216250352629322,-4.279173183304636,6.558044024691405,4.789508526638759
12888,CW,gyro_bias_dps,0.08000000000000002,4.0656769238514014,-4.559634847579798,6.653688809986097,5.107797452538881
12888,CW,gyro_bias_dps,0.08500000000000002,3.9138540423693255,-4.839290725814317,6.761807684715355,5.425959319854161
12888,CW,gyro_bias_dps,0.09000000000000002,3.760785406325044,-5.118135664920715,6.881796955874438,5.743994022304651
12888,CW,gyro_bias_dps,0.09500000000000003,3.6064747350013704,-5.396164528366706,7.013031878311644,6.061901453658468
12888,CW,gyro_bias_dps,0.10000000000000003,3.4509257687497437,-5.673372196253081,7.154878502963218,6.379681507724442
12888,CW,gyro_bias_dps,0.10500000000000004,3.2941422689156754,-5.9497535654067635,7.306703981439128,6.697334078359482
12888,CW,gyro_bias_dps,0.11000000000000004,3.1361280177667368,-6.225303549467628,7.467885186462277,7.014859059469335
12888,CW,gyro_bias_dps,0.11500000000000005,2.976886818414573,-6.500017078966709,7.637815636656027,7.332256345004537
12888,CW,gyro_bias_dps,0.12,2.8164224947433922,-6.77388910142181,7.8159108109891875,7.649525828969014
12888,CW,gyro_bias_dps,0.125,2.6547388913342047,-7.046914581412648,8.001612002793388,7.96666740541261
12888,CW,gyro_bias_dps,0.13,2.4918398733853335,-7.319088500675548,8.194388899728368,8.283680968442665
12888,CW,gyro_bias_dps,0.135,2.3277293266426566,-7.590405858175837,8.393741089722425,8.600566412211819
12888,CW,gyro_bias_dps,0.14,2.162411157318752,-7.86086167020178,8.599198690113244,8.917323630929733
12888,CW,gyro_bias_dps,0.14500000000000002,1.9958892920174094,-8.13045097044951,8.81032228334722,9.233952518864838
12888,CW,gyro_bias_dps,0.15000000000000002,1.8281676776575295,-8.39916881009309,9.02670232243567,9.550452970333023
12888,CW,gyro_bias_dps,0.15500000000000003,1.659250281397476,-8.6670102578821,9.247958146487205,9.866824879711027
12888,CW,gyro_bias_dps,0.16000000000000003,1.4891410905526983,-8.933970400220801,9.473736723320297,10.183068141436406
12888,CW,gyro_bias_dps,0.16500000000000004,1.3178441125216522,-9.200044341241835,9.703711214300121,10.499182649999076
12888,CW,gyro_bias_dps,0.17000000000000004,1.1453633747062895,-9.465227202900257,9.937579436866242,10.815168299953795
12888,CW,gyro_bias_dps,0.17500000000000004,0.9717029244324067,-9.729514125045682,10.175062283078777,11.131024985912946
12888,CW,gyro_bias_dps,0.18,0.7968668288739081,-9.99290026551223,10.41590213823291,11.446752602553829
12888,CW,gyro_bias_dps,0.185,0.6208591749703828,-10.255380800191551,10.65986133170565,11.762351044614242
12888,CW,gyro_bias_dps,0.19,0.4436840693477507,-10.516950923118179,10.906720642769637,12.077820206897416
12888,CW,gyro_bias_dps,0.195,0.265345638239296,-10.777605846548727,11.15627787656156,12.393159984271694
12888,CW,gyro_bias_dps,0.2,0.08584802740772375,-11.037340801040807,11.408346519605557,12.708370271669514
12888,CW,gyro_bias_dps,0.20500000000000002,-0.09480459794342551,-11.296151035535626,11.662754479881807,13.023450964095018
12888,CW,gyro_bias_dps,0.21000000000000002,-0.276608053240534,-11.554031817431166,11.919342913126961,13.33840195661479
12888,CW,gyro_bias_dps,0.21500000000000002,-0.45955813462569495,-11.810978432669526,12.177965134695635,13.653223144368631
12888,CW,gyro_bias_dps,0.22000000000000003,-0.6436506190423643,-12.066986185807867,12.438485614584712,13.967914422565725
12888,CW,gyro_bias_dps,0.22500000000000003,-0.828881264310894,-12.322050400101613,12.70077905213846,14.282475686487325
12888,CW,gyro_bias_dps,0.23000000000000004,-1.0152458092123198,-12.576166417577122,12.964729526175663,14.596906831483828
12888,CW,gyro_bias_dps,0.23500000000000004,-1.202739973574421,-12.829329599116567,13.230229715921297,14.91120775298402
12888,CW,gyro_bias_dps,0.24000000000000005,-1.3913594583503937,-13.081535324528375,13.497180187890187,15.225378346488515
12888,CW,gyro_bias_dps,0.24500000000000005,-1.5810999457022263,-13.332778992625482,13.76548874389874,15.539418507571881
12888,CW,gyro_bias_dps,0.25000000000000006,-1.7719570990881948,-13.583056021304412,14.035069825467877,15.85332813188854
12888,CW,gyro_bias_dps,0.25500000000000006,-1.963926563342102,-13.832361847620394,14.305843970040954,16.167107115170232
12888,CW,gyro_bias_dps,0.26000000000000006,-2.157003964760065,-14.080691927859267,14.577737314701348,16.48075535322558
12888,CW,gyro_bias_dps,0.26500000000000007,-2.3511849111828043,-14.328041737616456,14.850681143324461,16.79427274194315
12888,CW,gyro_bias_dps,0.2700000000000001,-2.5464649920833153,-14.574406771871702,15.124611473371136,17.107659177293886
12888,CW,gyro_bias_dps,0.2750000000000001,-2.7428397786484995,-14.819782545061548,15.399468678805244,17.420914555328586
12888,CW,gyro_bias_dps,0.27999999999999997,-2.940304823866677,-15.064164591158397,15.67519714591828,17.734038772184356
12888,CW,gyro_bias_dps,0.285,-3.1388556626127184,-15.307548463734292,15.951744959064284,18.04703172407701
12888,CW,gyro_bias_dps,0.29,-3.3384878117343986,-15.549929736046739,16.22906361362688,18.359893307312568
12888,CW,gyro_bias_dps,0.295,-3.539196770135277,-15.79130400110381,16.50710775369808,18.672623418280246
12888,CW,gyro_bias_dps,0.3,-3.7409780188669854,-16.031666871739446,16.785834932243578,18.985221953458357
12888,CW,gyro_gain_pct,-0.5,9.296526632114706,7.689523991208842,12.370590063880304,8.234494998946717
12888,CW,gyro_gain_pct,-0.49,9.249946868338043,7.5273211363918335,12.233314355483117,8.065987582865777
12888,CW,gyro_gain_pct,-0.48,9.20281552433812,7.365451164437252,12.096682880236997,7.897635375613337
12888,CW,gyro_gain_pct,-0.47,9.155134096298298,7.2039158711636215,11.96071167595295,7.729438415392026
12888,CW,gyro_gain_pct,-0.46,9.106904086240615,7.042717046178177,11.825417415866363,7.56139674039086
12888,CW,gyro_gain_pct,-0.45,9.058127001999377,6.8818564728579075,11.690817436047192,7.393510388784195
12888,CW,gyro_gain_pct,-0.44,9.008804357193117,6.721335928334054,11.556929763907691,7.2257793987331524
12888,CW,gyro_gain_pct,-0.43,8.958937671203921,6.561157183472562,11.423773147828786,7.058203808386148
12888,CW,gyro_gain_pct,-0.42,8.908528469149633,6.401322002854135,11.291367087912654,6.8907836558761595
12888,CW,gyro_gain_pct,-0.41000000000000003,8.8575782818584,6.241832144756131,11.15973186787746,6.723518979320481
12888,CW,gyro_gain_pct,-0.4,8.806088645847604,6.0826893611374775,11.028888588103591,6.556409816825163
12888,CW,gyro_gain_pct,-0.39,8.754061103291225,5.923895397616695,10.898859199805775,6.389456206478081
12888,CW,gyro_gain_pct,-0.38,8.701497202001315,5.7654519934506085,10.769666540347442,6.222658186348495
12888,CW,gyro_gain_pct,-0.37,8.64839849539851,5.607360881527507,10.641334369661791,6.056015794495387
12888,CW,gyro_gain_pct,-0.36,8.594766542489538,5.449623788336839,10.513887407741606,5.88952906895679
12888,CW,gyro_gain_pct,-0.35,8.540602907837297,5.292242433960825,10.387351373160834,5.723198047756484
12888,CW,gyro_gain_pct,-0.33999999999999997,8.485909161538938,5.135218532048588,10.261753022563182,5.557022768897502
12888,CW,gyro_gain_pct,-0.32999999999999996,8.430686879200085,4.97855378980704,10.137120191043396,5.391003270369541
12888,CW,gyro_gain_pct,-0.32,8.374937641907604,4.8222499079764365,10.013481833308537,5.2251395901417625
12888,CW,gyro_gain_pct,-0.31,8.318663036202498,4.66630858081395,9.89086806551192,5.059431766162651
12888,CW,gyro_gain_pct,-0.3,8.2618646540589,4.510731496080064,9.76931020761464,4.893879836364956
12888,CW,gyro_gain_pct,-0.29000000000000004,8.204544092853371,4.355520335021334,9.648840826081484,4.728483838663588
12888,CW,gyro_gain_pct,-0.28,8.146702955342812,4.2006767723456395,9.529493776719322,4.563243810949529
12888,CW,gyro_gain_pct,-0.27,8.088342849631932,4.046202476212943,9.411304247407028,4.398159791094276
12888,CW,gyro_gain_pct,-0.26,8.029465389157053,3.892099108218974,9.294308800445098,4.233231816953634
12888,CW,gyro_gain_pct,-0.25,7.970072192651355,3.7383683233712532,9.178545414169863,4.068459926357605
12888,CW,gyro_gain_pct,-0.24,7.910164884123037,3.5850117700768918,9.064053523489571,3.9038441571155653
12888,CW,gyro_gain_pct,-0.22999999999999998,7.849745092827879,3.432031090128396,8.950874058891639,3.739384547017986
12888,CW,gyro_gain_pct,-0.21999999999999997,7.788814453244095,3.2794279186836546,8.839049483441789,3.5750811338329873
12888,CW,gyro_gain_pct,-0.21000000000000002,7.727374605044292,3.127203884247399,8.72862382722394,3.4109339553034834
12888,CW,gyro_gain_pct,-0.2,7.6654271930695135,2.9753606086598325,8.619642718615069,3.2469430491513855
12888,CW,gyro_gain_pct,-0.19,7.60297386730399,2.823899707079852,8.512153411700982,3.0831084530772626
12888,CW,gyro_gain_pct,-0.18,7.540016282848228,2.6728227879624797,8.406204809079515,2.919430204753762
12888,CW,gyro_gain_pct,-0.16999999999999998,7.476556099891309,2.522131453053987,8.301847479217612,2.755908341835035
12888,CW,gyro_gain_pct,-0.15999999999999998,7.412594983687495,2.3718272973648937,8.199133667446318,2.592542901947473
12888,CW,gyro_gain_pct,-0.14999999999999997,7.348134604522807,2.221911909163316,8.098117299603194,2.429333922694723
12888,CW,gyro_gain_pct,-0.14,7.283176637697989,2.0723868699494346,7.99885397725599,2.266281441652564
12888,CW,gyro_gain_pct,-0.13,7.217722763494612,1.9232537544500474,7.901400963354647,2.103385496374568
12888,CW,gyro_gain_pct,-0.12,7.151774667149698,1.7745141305962875,7.805817157101633,1.9406461243862738
12888,CW,gyro_gain_pct,-0.10999999999999999,7.085334038831479,1.6261695595141645,7.712163056765125,1.7780633631911062
12888,CW,gyro_gain_pct,-0.09999999999999998,7.0184025736080455,1.478221595498462,7.620500709098955,1.6156372502583485
12888,CW,gyro_gain_pct,-0.08999999999999997,6.950981971427495,1.3306717860110098,7.5308936440282945,1.4533678230379565
12888,CW,gyro_gain_pct,-0.08000000000000002,6.883073937081008,1.1835216716576156,7.4434067931875205,1.2912551189486405
12888,CW,gyro_gain_pct,-0.07,6.814680180189112,1.0367727861733669,7.358106390987451,1.1292991753834403
12888,CW,gyro_gain_pct,-0.06,6.745802415158027,0.8904266564102613,7.275059856825977,0.9675000297043767
12888,CW,gyro_gain_pct,-0.04999999999999999,6.676442361168552,0.7444848023210511,7.194335657240479,0.8058577192477505
12888,CW,gyro_gain_pct,-0.03999999999999998,6.606601742139264,0.598948736945465,7.116003146802651,0.6443722813203532
12888,CW,gyro_gain_pct,-0.02999999999999997,6.536282286703544,0.45381996639354155,7.040132386789443,0.48304375319898607
12888,CW,gyro_gain_pct,-0.020000000000000018,6.465485728178896,0.3090999898346922,6.966793940833885,0.32187217213167496
12888,CW,gyro_gain_pct,-0.010000000000000009,6.394213804543915,0.164790299480228,6.896058647026377,0.16085757533643455
12888,CW,gyro_gain_pct,0.0,6.322468258407843,0.020892380569887337,6.827997366244642,0.0
12888,CW,gyro_gain_pct,0.010000000000000009,6.25025083698381,-0.12259228864036231,6.762680706864232,0.16070051672035623
12888,CW,gyro_gain_pct,0.020000000000000018,6.177563292062109,-0.26566223689580964,6.700178726433889,0.3212439377002371
12888,CW,gyro_gain_pct,0.030000000000000027,6.104407379983809,-0.40831599995121903,6.640560611360059,0.48163022584276577
12888,CW,gyro_gain_pct,0.040000000000000036,6.030784861610596,-0.5505521205959554,6.583894336186323,0.6418593440903955
12888,CW,gyro_gain_pct,0.050000000000000044,5.956697502299062,-0.6923691486514258,6.530246304614315,0.8019312554099263
12888,CW,gyro_gain_pct,0.06000000000000005,5.882147071873692,-0.8337656409991154,6.479680974988793,0.9618459228055506
12888,CW,gyro_gain_pct,0.07000000000000006,5.807135344597532,-0.9747401615858393,6.432260473573999,1.1216033093126658
12888,CW,gyro_gain_pct,0.07999999999999996,5.7316640991461325,-1.1152912814412161,6.388044199544036,1.2812033780011745
12888,CW,gyro_gain_pct,0.08999999999999997,5.655735118577081,-1.255417578687468,6.347088426141749,1.4406460919741781
12888,CW,gyro_gain_pct,0.09999999999999998,5.579350190308628,-1.3951176385578605,6.3094459030041525,1.5999314143698293
12888,CW,gyro_gain_pct,0.10999999999999999,5.502511106084398,-1.5343900534010686,6.275165465012194,1.7590593083578687
12888,CW,gyro_gain_pct,0.12,5.425219661949882,-1.6732334227047658,6.244291653424659,1.918029737147195
12888,CW,gyro_gain_pct,0.13,5.34747765822392,-1.8116463530986606,6.21686435517269,2.0768426639779314
12888,CW,gyro_gain_pct,0.14,5.269286899471422,-1.9496274583783246,6.192918466299491,2.23549805213131
12888,CW,gyro_gain_pct,0.15000000000000002,5.19064919447369,-2.0871753595040787,6.172483585375973,2.3939958649189754
12888,CW,gyro_gain_pct,0.16000000000000003,5.111566356200501,-2.2242886846247414,6.155583742477329,2.5523360656928697
12888,CW,gyro_gain_pct,0.17000000000000004,5.032040201786299,-2.3609660690856913,6.142237168833396,2.7105186178401093
12888,CW,gyro_gain_pct,0.18000000000000005,4.952072552496975,-2.4972061554400966,6.132456111640658,2.8685434847849263
12888,CW,gyro_gain_pct,0.19000000000000006,4.871665233704721,-2.6330075934638786,6.126246697783127,3.026410629989717
12888,CW,gyro_gain_pct,0.20000000000000007,4.790820074858038,-2.7683690401669763,6.123608849276992,3.1841200169560877
12888,CW,gyro_gain_pct,0.20999999999999996,4.709538909457092,-2.9032891598049333,6.12453625226851,3.341671609222792
12888,CW,gyro_gain_pct,0.21999999999999997,4.627823575021807,-3.03776662388708,6.129016380340473,3.4990653703650616
12888,CW,gyro_gain_pct,0.22999999999999998,4.545675913064497,-3.1718001111989564,6.137030571787078,3.656301264003708
12888,CW,gyro_gain_pct,0.24,4.463097769063188,-3.3053883077988417,6.148554159413031,3.8133792537914615
12888,CW,gyro_gain_pct,0.25,4.380090992434089,-3.438529907045222,6.163556650407125,3.9702993034271348
12888,CW,gyro_gain_pct,0.26,4.296657436500891,-3.571223609593801,6.182001952832911,4.127061376644356
12888,CW,gyro_gain_pct,0.27,4.21279895846485,-3.7034681234216578,6.203848644511925,4.283665437224078
12888,CW,gyro_gain_pct,0.28,4.1285174193836385,-3.83526216382827,6.2290502793273,4.440111448982416
12888,CW,gyro_gain_pct,0.29000000000000004,4.043814684135873,-3.9666044534518505,6.257555725472916,4.596399375779195
12888,CW,gyro_gain_pct,0.30000000000000004,3.958692621393675,-4.097493722280296,6.289309529819358,4.7525291815175486
12888,CW,gyro_gain_pct,0.31000000000000005,3.8731531035992703,-4.227928707659748,6.32425230237023,4.908500830140195
12888,CW,gyro_gain_pct,0.32000000000000006,3.7871980069318623,-4.357908154307609,6.362321114768208,5.064314285633569
12888,CW,gyro_gain_pct,0.33000000000000007,3.700829211278619,-4.487430814323079,6.403449906956139,5.219969512028665
12888,CW,gyro_gain_pct,0.33999999999999997,3.614048600211072,-4.6164954471949615,6.447569896373455,5.375466473396428
12888,CW,gyro_gain_pct,0.35,3.5268580609505533,-4.745100819815559,6.494609984443047,5.530805133854175
12888,CW,gyro_gain_pct,0.36,3.4392594843450524,-4.87324570649132,6.544497155613224,5.685985457563414
12888,CW,gyro_gain_pct,0.37,3.3512547648368582,-5.00092888894959,6.597156864738102,5.841007408729087
12888,CW,gyro_gain_pct,0.38,3.2628458004342975,-5.128149156349593,6.6525134091952145,5.9958709516005255
12888,CW,gyro_gain_pct,0.39,3.1740344926852684,-5.254905305296575,6.710490282749402,6.150576050474347
12888,CW,gyro_gain_pct,0.4,3.084822746648547,-5.381196139847066,6.771010508743106,6.305122669690641
12888,CW,gyro_gain_pct,0.41000000000000003,2.9952124708609746,-5.507020471521196,6.833996950838067,6.459510773637632
12888,CW,gyro_gain_pct,0.42000000000000004,2.905205577315678,-5.632377119310968,6.8993726000494195,6.613740326747348
12888,CW,gyro_gain_pct,0.43000000000000005,2.8148039814234833,-5.757264909689752,6.96706083733249,6.767811293500984
12888,CW,gyro_gain_pct,0.44000000000000006,2.7240096019958173,-5.881682676625553,7.036985671462588,6.9217236384262835
12888,CW,gyro_gain_pct,0.45000000000000007,2.632824361207372,-6.0056292615855345,7.109071952311892,7.075477326098358
12888,CW,gyro_gain_pct,0.45999999999999996,2.541250184568844,-6.1291035135458625,7.183245560012047,7.229072321139729
12888,CW,gyro_gain_pct,0.47,2.449289000901308,-6.25210428900358,7.2594335707593185,7.382508588221163
12888,CW,gyro_gain_pct,0.48,2.356942742305546,-6.3746304519862065,7.337564400242021,7.535786092063652
12888,CW,gyro_gain_pct,0.49,2.264213344129439,-6.4966808740550395,7.417567925855653,7.688904797435818
12888,CW,gyro_gain_pct,0.5,2.1711027449469382,-6.618254434320295,7.499375589018629,7.841864669155626
12888,CW,wheel_relative_pct,-2.0,6.369909981286833,0.015486473153998759,6.871929828091807,0.047841303349122254
12888,CW,wheel_relative_pct,-1.95,6.368723938214975,0.015621620839885964,6.870830880230973,0.04664527076547118
12888,CW,wheel_relative_pct,-1.9,6.367537895143277,0.015756768525102417,6.869731964803496,0.04544923818209136
12888,CW,wheel_relative_pct,-1.85,6.366351852070738,0.0158919162093639,6.868633081824173,0.044253205597892614
12888,CW,wheel_relative_pct,-1.8,6.365165808998017,0.01602706389536479,6.867534231309035,0.04305717301334313
12888,CW,wheel_relative_pct,-1.75,6.3639797659271835,0.016162211580808616,6.866435413275454,0.04186114043078268
12888,CW,wheel_relative_pct,-1.7,6.362793722854758,0.01629735926591138,6.865336627736229,0.04066510784661781
12888,CW,wheel_relative_pct,-1.65,6.361607679783174,0.016432506951537106,6.864237874708795,0.039469075263265124
12888,CW,wheel_relative_pct,-1.6,6.360421636711362,0.016567654637617578,6.863139154207581,0.038273042679630005
12888,CW,wheel_relative_pct,-1.55,6.359235593639232,0.016702802322117804,6.862040466248901,0.037077010095813004
12888,CW,wheel_relative_pct,-1.5,6.3580495505671255,0.01683795000749342,6.860941810848119,0.03588097751193948
12888,CW,wheel_relative_pct,-1.45,6.356863507495428,0.016973097693812632,6.859843188021249,0.03468494492838605
12888,CW,wheel_relative_pct,-1.4,6.355677464422979,0.01710824537865392,6.8587445977833195,0.033488912344300896
12888,CW,wheel_relative_pct,-1.35,6.354491421351168,0.017243393064291013,6.857646040150487,0.03229287976066931
12888,CW,wheel_relative_pct,-1.2999999999999998,6.353305378278788,0.01737854074897314,6.856547515138214,0.03109684717659432
12888,CW,wheel_relative_pct,-1.25,6.352119335207112,0.01751368843488308,6.855449022762739,0.029900814593111363
12888,CW,wheel_relative_pct,-1.2,6.350933292135028,0.017648836120497436,6.854350563039148,0.02870478200927594
12888,CW,wheel_relative_pct,-1.15,6.349747249063194,0.017783983805577462,6.853252135983087,0.027508749425713998
12888,CW,wheel_relative_pct,-1.1,6.348561205991155,0.017919131491180452,6.852153741610566,0.026312716841909983
12888,CW,wheel_relative_pct,-1.0499999999999998,6.347375162919343,0.018054279176044474,6.851055379937388,0.02511668425838729
12888,CW,wheel_relative_pct,-1.0,6.346189119847168,0.01818942686157925,6.849957050978501,0.02392065167442074
12888,CW,wheel_relative_pct,-0.95,6.345003076775288,0.01832457454740961,6.848858754750889,0.022724619090740014
12888,CW,wheel_relative_pct,-0.8999999999999999,6.34381703370334,0.01845972223291028,6.847760491269339,0.02152858650702049
12888,CW,wheel_relative_pct,-0.8499999999999999,6.342630990630982,0.018594869917774304,6.8466622605496195,0.02033255392300509
12888,CW,wheel_relative_pct,-0.7999999999999998,6.341444947559353,0.01873001760321813,6.845564062608589,0.019136521339619246
12888,CW,wheel_relative_pct,-0.75,6.340258904486655,0.018865165289628293,6.844465897460092,0.01794048875504381
12888,CW,wheel_relative_pct,-0.7,6.339072861415502,0.019000312973980728,6.843367765122685,0.016744456172215975
12888,CW,wheel_relative_pct,-0.6499999999999999,6.337886818343486,0.019135460660095305,6.842269665609777,0.015548423588403741
12888,CW,wheel_relative_pct,-0.5999999999999999,6.336700775271379,0.0192706083455505,6.841171598937569,0.014352391004557647
12888,CW,wheel_relative_pct,-0.5499999999999998,6.3355147321992265,0.01940575603042589,6.840073565122308,0.013156358420655921
12888,CW,wheel_relative_pct,-0.5,6.3343286891276644,0.019540903716415415,6.838975564180226,0.011960325837274783
12888,CW,wheel_relative_pct,-0.44999999999999996,6.333142646055444,0.019676051402097983,6.837877596126199,0.010764293253329007
12888,CW,wheel_relative_pct,-0.3999999999999999,6.3319566029832455,0.01981119908726896,6.836779660976854,0.009568260669352999
12888,CW,wheel_relative_pct,-0.34999999999999987,6.330770559911616,0.01994634677233762,6.835681758747677,0.008372228086033964
12888,CW,wheel_relative_pct,-0.2999999999999998,6.329584516839577,0.02008149445799745,6.834583889454857,0.007176195502230393
12888,CW,wheel_relative_pct,-0.25,6.3283984737677885,0.020216642142816,6.833486053113931,0.005980162918716062
12888,CW,wheel_relative_pct,-0.19999999999999996,6.327212430695226,0.020351789828271193,6.832388249740145,0.00478413033438888
12888,CW,wheel_relative_pct,-0.1499999999999999,6.3260263876236875,0.020486937513931026,6.831290479351105,0.003588097751102829
12888,CW,wheel_relative_pct,-0.09999999999999987,6.32484034455174,0.020622085199693174,6.830192741961211,0.002392065167310415
12888,CW,wheel_relative_pct,-0.04999999999999982,6.323654301479792,0.02075723288521658,6.829095037587217,0.0011960325835904324
12888,CW,wheel_relative_pct,0.0,6.322468258407843,0.020892380569887337,6.827997366244642,0.0
12888,CW,wheel_relative_pct,0.050000000000000266,6.321282215335737,0.021027528256001914,6.826899727949261,0.0011960325839340624
12888,CW,wheel_relative_pct,0.10000000000000009,6.320096172263925,0.021162675941411635,6.825802122717552,0.0023920651675217426
12888,CW,wheel_relative_pct,0.1499999999999999,6.3189101291917265,0.021297823626298396,6.824704550564932,0.0035880977514276165
12888,CW,wheel_relative_pct,0.20000000000000018,6.3177240861191875,0.021432971311958225,6.8236070115070575,0.0047841303357748855
12888,CW,wheel_relative_pct,0.25,6.316538043047854,0.02156811899682225,6.822509505561763,0.005980162918768544
12888,CW,wheel_relative_pct,0.30000000000000027,6.315351999975474,0.021703266682709454,6.821412032742829,0.007176195502995842
12888,CW,wheel_relative_pct,0.3500000000000001,6.314165956903617,0.021838414367778114,6.8203145930675255,0.008372228086519853
12888,CW,wheel_relative_pct,0.40000000000000036,6.312979913832419,0.021973562053256047,6.819217186552102,0.009568260669489714
12888,CW,wheel_relative_pct,0.4500000000000002,6.311793870759425,0.022108709738904508,6.818119813210158,0.010764293254245655
12888,CW,wheel_relative_pct,0.5,6.310607827687386,0.022243857424268754,6.817022473060465,0.011960325838083747
12888,CW,wheel_relative_pct,0.5500000000000003,6.309421784615802,0.022379005109803528,6.8159251661186975,0.013156358421417604
12888,CW,wheel_relative_pct,0.6000000000000001,6.308235741543785,0.022514152795088192,6.814827892399575,0.014352391005214888
12888,CW,wheel_relative_pct,0.6500000000000004,6.307049698471905,0.02264930048035012,6.813730651920266,0.01554842358878342
12888,CW,wheel_relative_pct,0.7000000000000002,6.305863655399821,0.022784448166078164,6.812633444695666,0.01674445617274031
12888,CW,wheel_relative_pct,0.75,6.304677612327646,0.02291959585057839,6.811536270743287,0.017940488756522436
12888,CW,wheel_relative_pct,0.8000000000000003,6.303491569255447,0.02305474353725003,6.810439130077803,0.019136521340592856
12888,CW,wheel_relative_pct,0.8500000000000001,6.302305526183455,0.023189891221397828,6.809342022716598,0.020332553924242644
12888,CW,wheel_relative_pct,0.9000000000000004,6.301119483112006,0.023325038908240003,6.808244948675499,0.02152858650761593
12888,CW,wheel_relative_pct,0.9500000000000002,6.299933440039967,0.023460186593376876,6.807147907969646,0.02272461909136224
12888,CW,wheel_relative_pct,1.0,6.298747396968338,0.023595334278263637,6.806050900616735,0.023920651674685895
12888,CW,wheel_relative_pct,1.0500000000000003,6.29756135389614,0.023730481963423245,6.804953926631001,0.025116684258615844
12888,CW,wheel_relative_pct,1.1,6.2963753108235325,0.0238656296488557,6.803856986029629,0.026312716842959473
12888,CW,wheel_relative_pct,1.1500000000000004,6.295189267752062,0.024000777334674695,6.802760078829506,0.02750874942619754
12888,CW,wheel_relative_pct,1.2000000000000002,6.294003224680159,0.02413592501951598,6.801663205045529,0.02870478200981651
12888,CW,wheel_relative_pct,1.25,6.292817181608302,0.024271072704698325,6.80056636469449,0.029900814593414756
12888,CW,wheel_relative_pct,1.3000000000000003,6.291631138535763,0.024406220391244914,6.799469557791766,0.031096847177839122
12888,CW,wheel_relative_pct,1.35,6.290445095463701,0.024541368076165783,6.7983727843542665,0.03229287976159153
12888,CW,wheel_relative_pct,1.4000000000000004,6.289259052391844,0.02467651576160961,6.797276044398676,0.033488912345236176
12888,CW,wheel_relative_pct,1.4500000000000002,6.288073009320101,0.024811663447053434,6.796179337940565,0.03468494492874694
12888,CW,wheel_relative_pct,1.5,6.28688696624863,0.024946811132542733,6.795082664996802,0.03588097751197958
12888,CW,wheel_relative_pct,1.5500000000000003,6.285700923176319,0.02508195881806614,6.79398602558216,0.037077010096038275
12888,CW,wheel_relative_pct,1.6,6.284514880103984,0.02521710650312343,6.792889419713642,0.03827304268007435
12888,CW,wheel_relative_pct,1.6500000000000004,6.283328837032582,0.02535225418845357,6.7917928474084315,0.03946907526321172
12888,CW,wheel_relative_pct,1.7000000000000002,6.282142793959861,0.025487401874499938,6.790696308680752,0.04066510784778333
12888,CW,wheel_relative_pct,1.75,6.280956750887799,0.025622549560182506,6.789599803549066,0.04186114043164727
12888,CW,wheel_relative_pct,1.8000000000000003,6.279770707815919,0.025757697244910106,6.78850333202851,0.043057173015210955
12888,CW,wheel_relative_pct,1.85,6.278584664744471,0.025892844930910996,6.787406894135788,0.044253205598469444
12888,CW,wheel_relative_pct,1.9000000000000004,6.27739862167216,0.026027992615559013,6.78631048988644,0.04544923818247782
12888,CW,wheel_relative_pct,1.9500000000000002,6.276212578600689,0.02616314030194644,6.785214119297818,0.046645270765803534
12888,CW,wheel_relative_pct,2.0,6.27502653552799,0.026298287986287507,6.784117782384651,0.047841303350153755
12888,CW,yaw_time_shift_ms,-20.0,5.155808333616119,0.00298606585242851,5.780392188634286,1.1692767164416629
12888,CW,yaw_time_shift_ms,-19.5,5.185689353794965,0.014268177980636666,5.806782853657792,1.1392393063139024
12888,CW,yaw_time_shift_ms,-19.0,5.215459140553003,0.02785307226117766,5.833140430238516,1.109434445291241
12888,CW,yaw_time_shift_ms,-18.5,5.2417558880691555,0.03150136306078366,5.856293744315451,1.0830603109044885
12888,CW,yaw_time_shift_ms,-18.0,5.267932744905897,0.037460483940049014,5.879385344605708,1.056856283978907
12888,CW,yaw_time_shift_ms,-17.5,5.298183360311623,0.021330774086072778,5.906203853788607,1.026384992092555
12888,CW,yaw_time_shift_ms,-17.0,5.328318344945023,0.0075015268598235705,5.933000074766426,0.996253552855648
12888,CW,yaw_time_shift_ms,-16.5,5.358104143611081,-0.006148032786359181,5.959328230887831,0.9667062622030419
12888,CW,yaw_time_shift_ms,-16.0,5.387779255883993,-0.017492773317906087,5.985614429050754,0.9373888701639876
12888,CW,yaw_time_shift_ms,-15.5,5.4173455166268925,-0.026532133375371813,6.011846215020101,0.9082245951368649
12888,CW,yaw_time_shift_ms,-15.0,5.446804761830163,-0.03326556752472243,6.038014029671662,0.8791447519741971
12888,CW,yaw_time_shift_ms,-14.5,5.476158828571874,-0.037692546239156854,6.0641111473217295,0.8500902536029049
12888,CW,yaw_time_shift_ms,-14.0,5.505409554986886,-0.03981255591454556,6.090133615897286,0.8210133671546762
12888,CW,yaw_time_shift_ms,-13.5,5.534558780241582,-0.03962509885772079,6.1160801989818605,0.7918798144496979
12888,CW,yaw_time_shift_ms,-13.0,5.56360834449058,-0.037129693299254994,6.141952319718093,0.7626713351135034
12888,CW,yaw_time_shift_ms,-12.5,5.592560088849586,-0.03232587338267194,6.167754006529755,0.7333888665357585
12888,CW,yaw_time_shift_ms,-12.0,5.621415855367604,-0.025213189168050577,6.193491840580816,0.7040565395734202
12888,CW,yaw_time_shift_ms,-11.5,5.650177486985444,-0.01579120663533331,6.219174904821807,0.6747267418610228
12888,CW,yaw_time_shift_ms,-11.0,5.678846827507959,-0.004059507676970497,6.244814734511583,0.6454865579965444
12888,CW,yaw_time_shift_ms,-10.5,5.708155940148776,0.009176382705641117,6.271167747614718,0.6157573884391971
12888,CW,yaw_time_shift_ms,-10.0,5.737371102400743,0.024717891743739527,6.297498660776126,0.5863942540092195
12888,CW,yaw_time_shift_ms,-9.5,5.76547644069035,0.03165440551650818,6.323084613088403,0.5583097697690318
12888,CW,yaw_time_shift_ms,-9.0,5.793461023311783,0.04089734756014422,6.348604305292864,0.5305321296975479
12888,CW,yaw_time_shift_ms,-8.5,5.824163175292005,0.021471257778603103,6.3760198983189085,0.4993689319096798
12888,CW,yaw_time_shift_ms,-8.0,5.854742979282037,0.004347240241565941,6.403414922284273,0.46899747407346065
12888,CW,yaw_time_shift_ms,-7.5,5.88479913103115,-0.011927102071831541,6.4305265239763285,0.4398188523398707
12888,CW,yaw_time_shift_ms,-7.0,5.914736919361053,-0.02589616922028881,6.457588377553364,0.4112676714255649
12888,CW,yaw_time_shift_ms,-6.5,5.944558180688614,-0.03755937086957602,6.484586278242276,0.3832025307148393
12888,CW,yaw_time_shift_ms,-6.0,5.974264752644354,-0.046916132613625906,6.5115087415176,0.3554804607576001
12888,CW,yaw_time_shift_ms,-5.5,6.003858474040385,-0.053965895973090025,6.538346947577108,0.32795809311930363
12888,CW,yaw_time_shift_ms,-5.0,6.033341184837195,-0.05870811839504313,6.5650946874056455,0.30049280921243465
12888,CW,yaw_time_shift_ms,-4.5,6.062714726115746,-0.06114227326050923,6.591748310482487,0.2729438322215703
12888,CW,yaw_time_shift_ms,-4.0,6.091980940038161,-0.06126784987357041,6.618306674157785,0.24517323116581718
12888,CW,yaw_time_shift_ms,-3.5,6.121141669818075,-0.05908435347299701,6.644771094693542,0.21704681265878883
12888,CW,yaw_time_shift_ms,-3.0,6.15019875969349,-0.05459130522551732,6.671145299916745,0.18843488335157418
12888,CW,yaw_time_shift_ms,-2.5,6.179154054885475,-0.047788242228261876,6.697435383403583,0.1592128736657523
12888,CW,yaw_time_shift_ms,-2.0,6.208009401570121,-0.03867471750412506,6.723649760108152,0.12926182049665297
12888,CW,yaw_time_shift_ms,-1.5,6.236766646850105,-0.027250300014327423,6.749799123302433,0.09846871280286978
12888,CW,yaw_time_shift_ms,-1.0,6.265427638713026,-0.013514574642101707,6.775896402673267,0.06672670890872152
12888,CW,yaw_time_shift_ms,-0.5,6.293994226007294,0.002532857800383681,6.801956723433701,0.03393523793016794
12888,CW,yaw_time_shift_ms,0.0,6.322468258407843,0.020892380569887337,6.827997366244642,0.0
12888,CW,yaw_time_shift_ms,0.5,6.353036104045964,-0.002532845668429218,6.8559023375364365,0.03856261067467155
12888,CW,yaw_time_shift_ms,1.0,6.383474421127994,-0.023653474653667673,6.883782503106454,0.07564314905115886
12888,CW,yaw_time_shift_ms,1.5,6.413785044798374,-0.042468855693971366,6.911617051500696,0.11130607206427966
12888,CW,yaw_time_shift_ms,2.0,6.443969811563557,-0.05897835403939098,6.939387835043438,0.14562101205901237
12888,CW,yaw_time_shift_ms,2.5,6.474030559269226,-0.07318135086381972,6.967079317227069,0.1786630691314042
12888,CW,yaw_time_shift_ms,3.0,6.503969127067739,-0.08507724329554094,6.9946785212132285,0.21051308401134255
12888,CW,yaw_time_shift_ms,3.5,6.533787355378559,-0.09466544438729443,7.0221749796135935,0.24125788079534446
12888,CW,yaw_time_shift_ms,4.0,6.56348708586197,-0.10194538314124202,7.049560685678306,0.2709904672654277
12888,CW,yaw_time_shift_ms,4.5,6.593070161386867,-0.10691650449558665,7.076830045952887,0.2998101788115377
12888,CW,yaw_time_shift_ms,5.0,6.622538425996709,-0.10957826933284878,7.103979834453835,0.32782275078870343
12888,CW,yaw_time_shift_ms,5.5,6.651893724871002,-0.10993015447871812,7.131009148363286,0.35514030329743174
12888,CW,yaw_time_shift_ms,6.0,6.6811379043080255,-0.10797165269855213,7.157919365249046,0.3818812223557546
12888,CW,yaw_time_shift_ms,6.5,6.710272811673599,-0.10370227270358327,7.1847141017221805,0.40816992224374643
12888,CW,yaw_time_shift_ms,7.0,6.739300295384373,-0.09712153914925921,7.211399173517854,0.4341364759730127
12888,CW,yaw_time_shift_ms,7.5,6.7682222048670155,-0.08822899263255976,7.237982556861744,0.4599161041381151
12888,CW,yaw_time_shift_ms,8.0,6.797040390527331,-0.07702418969411155,7.264474351047831,0.4856485173187958
12888,CW,yaw_time_shift_ms,8.5,6.825236720415956,-0.06516169221604287,7.290599464555248,0.511212532993524
12888,CW,yaw_time_shift_ms,9.0,6.853331698448278,-0.050985545742935304,7.316649654271329,0.5368939808110953
12888,CW,yaw_time_shift_ms,9.5,6.8844507429515485,-0.06505630404930116,7.345500240737826,0.5697642127636816
12888,CW,yaw_time_shift_ms,10.0,6.915468108805908,-0.07681701391139768,7.374277517559649,0.602309650615201
12888,CW,yaw_time_shift_ms,10.5,6.94500573522032,-0.09717238137427557,7.4017943474627526,0.634996775602354
12888,CW,yaw_time_shift_ms,11.0,6.974416132331657,-0.11521504090719645,7.429228140416713,0.6674171781040803
12888,CW,yaw_time_shift_ms,11.5,7.004641195296562,-0.1319180484589424,7.457520514110813,0.7005583024996185
12888,CW,yaw_time_shift_ms,12.0,7.034736789201702,-0.14631289529063451,7.4856996104887905,0.7331787011375607
12888,CW,yaw_time_shift_ms,12.5,7.0647047574653925,-0.15839896713437157,7.513753628956509,0.765201121140093
12888,CW,yaw_time_shift_ms,13.0,7.094546944833587,-0.1681756656737093,7.541673092247208,0.7965798734103285
12888,CW,yaw_time_shift_ms,13.5,7.124265197345767,-0.17564240855415392,7.569450803392581,0.8272944050009065
12888,CW,yaw_time_shift_ms,14.0,7.153861362299426,-0.1807986293777958,7.597081804090795,0.8573445595649626
12888,CW,yaw_time_shift_ms,14.5,7.183337288217558,-0.18364377770755028,7.62456333448094,0.8867470568397923
12888,CW,yaw_time_shift_ms,15.0,7.2126948248218925,-0.18417731906798734,7.65189479434465,0.9155328533995012
12888,CW,yaw_time_shift_ms,15.5,7.241935822994288,-0.1823987349417507,7.679077705681372,0.9437451410781476
12888,CW,yaw_time_shift_ms,16.0,7.271062134743443,-0.17830752277907322,7.706115676637346,0.9714378063506773
12888,CW,yaw_time_shift_ms,16.5,7.30007561318032,-0.17190319598638554,7.733014366723345,0.9986742212497418
12888,CW,yaw_time_shift_ms,17.0,7.328978112477944,-0.16318528393495627,7.75978145322599,1.0255262699641743
12888,CW,yaw_time_shift_ms,17.5,7.357146378060065,-0.1557255161752437,7.786346398555316,1.0520296128416624
12888,CW,yaw_time_shift_ms,18.0,7.385204614837676,-0.145952116379965,7.812784610183457,1.0782070840175748
12888,CW,yaw_time_shift_ms,18.5,7.419007446226783,-0.15689027549012735,7.844462546473004,1.1133662534236608
12888,CW,yaw_time_shift_ms,19.0,7.4527016356162905,-0.16552305889291574,7.876023136431278,1.1480728858536258
12888,CW,yaw_time_shift_ms,19.5,7.480517930720384,-0.1827815013087161,7.902308994709939,1.178473119642165
12888,CW,yaw_time_shift_ms,20.0,7.50822776821874,-0.19771920360236664,7.928485695071241,1.2084735542244618
12890,CW,gyro_bias_dps,-0.3,15.258939466767265,16.991545129886852,22.922874341415575,20.434449436307613
12890,CW,gyro_bias_dps,-0.295,15.207381605431943,16.650529961903118,22.63761700870274,20.09016228267891
12890,CW,gyro_bias_dps,-0.29,15.1542774571476,16.309916585067008,22.353345650312196,19.745995766016023
12890,CW,gyro_bias_dps,-0.285,15.099629095585579,15.969711560713558,22.07009310050984,19.401950157173793
12890,CW,gyro_bias_dps,-0.27999999999999997,15.043438622149143,15.629921440102668,21.787893762412942,19.058025727007493
12890,CW,gyro_bias_dps,-0.27499999999999997,14.985708165925166,15.290552764298832,21.5067836947162,18.714222746366488
12890,CW,gyro_bias_dps,-0.27,14.926439883635316,14.951612064058157,21.226800703535584,18.37054148609482
12890,CW,gyro_bias_dps,-0.265,14.86563595958928,14.613105859708037,20.94798443964097,18.026982217025957
12890,CW,gyro_bias_dps,-0.26,14.80329860563395,14.275040661037133,20.670376501373788,17.68354520998503
12890,CW,gyro_bias_dps,-0.255,14.739430061104462,13.93742296716888,20.394020543532445,17.34023073577725
12890,CW,gyro_bias_dps,-0.25,14.674032592769823,13.600259266453884,20.118962392540407,16.997039065190922
12890,CW,gyro_bias_dps,-0.245,14.607108494788326,13.26355603635102,19.84525016819229,16.653970468994128
12890,CW,gyro_bias_dps,-0.24,14.538660088652659,12.927319743312273,19.572934412271145,16.311025217930887
12890,CW,gyro_bias_dps,-0.235,14.46868972313789,12.591556842665103,19.3020682243379,15.968203582716123
12890,CW,gyro_bias_dps,-0.22999999999999998,14.39719977424968,12.256273778504612,19.032707404983004,15.625505834039306
12890,CW,gyro_bias_dps,-0.22499999999999998,14.324192645172639,11.92147698356581,18.764910606789112,15.282932242550556
12890,CW,gyro_bias_dps,-0.21999999999999997,14.249670766216218,11.587172879124864,18.49873949327879,14.940483078871488
12890,CW,gyro_bias_dps,-0.21499999999999997,14.173636594758591,11.253367874870264,18.23425890602116,14.598158613578676
12890,CW,gyro_bias_dps,-0.21,14.096092615197609,10.920068368799411,17.971537040109872,14.255959117212083
12890,CW,gyro_bias_dps,-0.205,14.017041338890044,10.587280747096463,17.710645628081178,13.913884860262337
12890,CW,gyro_bias_dps,-0.19999999999999998,13.936485304100984,10.255011384025773,17.451660132356842,13.571936113176264
12890,CW,gyro_bias_dps,-0.195,13.854427075948115,9.92326664181545,17.194659946138184,13.230113146350636
12890,CW,gyro_bias_dps,-0.19,13.77086924634084,9.592052870541375,16.939728602605072,12.888416230125285
12890,CW,gyro_bias_dps,-0.185,13.685814433927067,9.26137640801893,16.686953992152368,12.546845634785624
12890,CW,gyro_bias_dps,-0.18,13.599265284038983,8.931243579690157,16.436428587206578,12.20540163056012
12890,CW,gyro_bias_dps,-0.175,13.511224468628052,8.601660698508045,16.188249673983997,11.864084487612066
12890,CW,gyro_bias_dps,-0.16999999999999998,13.421694686215096,8.272634064825002,15.942519590359144,11.522894476039705
12890,CW,gyro_bias_dps,-0.16499999999999998,13.330678661824686,7.944169966285858,15.699345968694482,11.181831865875372
12890,CW,gyro_bias_dps,-0.15999999999999998,13.23817914693061,7.6162746777114645,15.458841982212808,10.840896927079756
12890,CW,gyro_bias_dps,-0.155,13.144198919396171,7.288954460989055,15.22112659311315,10.50008992953996
12890,CW,gyro_bias_dps,-0.15,13.048740783411244,6.962215564960855,14.986324800217131,10.159411143065558
12890,CW,gyro_bias_dps,-0.145,12.951807569432708,6.636064225312316,14.754567883465121,9.818860837384877
12890,CW,gyro_bias_dps,-0.13999999999999999,12.853402134128919,6.310506664467039,14.525993642038937,9.478439282148791
12890,CW,gyro_bias_dps,-0.13499999999999998,12.753527360310477,5.985549091468476,14.30074662225557,9.138146746917585
12890,CW,gyro_bias_dps,-0.12999999999999998,12.652186156873086,5.661197701875778,14.078978330754495,8.797983501164843
12890,CW,gyro_bias_dps,-0.12499999999999997,12.549381458733455,5.337458677654718,13.860847427702295,8.457949814274363
12890,CW,gyro_bias_dps,-0.12,12.44511622676912,5.0143381870641175,13.64651989396264,8.118045955534514
12890,CW,gyro_bias_dps,-0.11499999999999999,12.339393447751286,4.691842384549102,13.436169165298852,7.778272194135377
12890,CW,gyro_bias_dps,-0.10999999999999999,12.232216134285569,4.369977410631941,13.229976225781842,7.43862879916748
12890,CW,gyro_bias_dps,-0.10499999999999998,12.123587324743449,4.04874939180687,13.028129651616243,7.099116039620124
12890,CW,gyro_bias_dps,-0.09999999999999998,12.01351008320321,3.7281644404282472,12.830825595690161,6.759734184377079
12890,CW,gyro_bias_dps,-0.09499999999999997,11.901987499376878,3.4082286545997023,12.6382677022184,6.420483502207741
12890,CW,gyro_bias_dps,-0.09,11.789022688554336,3.0889481180754728,12.450666940083952,6.08136426177632
12890,CW,gyro_bias_dps,-0.08499999999999999,11.674618791530225,2.7703289001464784,12.268241342723245,5.742376731629586
12890,CW,gyro_bias_dps,-0.07999999999999999,11.558778974540292,2.4523770555334408,12.09121564199831,5.403521180195754
12890,CW,gyro_bias_dps,-0.07499999999999998,11.441506429194146,2.13509862428491,11.919820783254844,5.064797875784804
12890,CW,gyro_bias_dps,-0.06999999999999998,11.322804372409337,1.8184996316657702,11.754293308961671,4.726207086582119
12890,CW,gyro_bias_dps,-0.06499999999999997,11.20267604634139,1.502586088052783,11.594874598969918,4.3877490806456985
12890,CW,gyro_bias_dps,-0.06,11.081124718317824,1.1873639888334993,11.441809956657703,4.049424125908585
12890,CW,gyro_bias_dps,-0.05499999999999999,10.958153680766372,0.8728393142907521,11.295347532090187,3.7112324901653726
12890,CW,gyro_bias_dps,-0.04999999999999999,10.833766251149836,0.5590180295097298,11.155737075997337,3.373174441081967
12890,CW,gyro_bias_dps,-0.044999999999999984,10.70796577189608,0.24590608426111657,11.0232285217904,3.0352502461813966
12890,CW,gyro_bias_dps,-0.03999999999999998,10.580755610324696,-0.06649058709223254,10.898070397173573,2.6974601728498384
12890,CW,gyro_bias_dps,-0.034999999999999976,10.45213915857894,-0.3781660657082398,10.7805080720408,2.359804488326572
12890,CW,gyro_bias_dps,-0.02999999999999997,10.322119833556144,-0.6891144483647054,10.670781855245648,2.022283459705777
12890,CW,gyro_bias_dps,-0.024999999999999967,10.190701076835353,-0.9993298475644679,10.56912495933854,1.6848973539319634
12890,CW,gyro_bias_dps,-0.019999999999999962,10.057886354604284,-1.308806391638268,10.475761359273976,1.3476464377963964
12890,CW,gyro_bias_dps,-0.014999999999999958,9.923679157589527,-1.6175382248435084,10.390903578070283,1.0105309779392342
12890,CW,gyro_bias_dps,-0.010000000000000009,9.788083000982102,-1.9255195074782137,10.31475043908255,0.6735512408353183
12890,CW,gyro_bias_dps,-0.0050000000000000044,9.651101424368154,-2.2327444159695915,10.247484830512933,0.33670749280514706
12890,CW,gyro_bias_dps,0.0,9.512737991649692,-2.539207142986709,10.189271532539335,0.0
12890,CW,gyro_bias_dps,0.0050000000000000044,9.372996290975493,-2.844901897533623,10.140255160572755,0.336570971591804
12890,CW,gyro_bias_dps,0.010000000000000009,9.23187993466595,-3.149822905057215,10.100558279197758,0.6730051561537086
12890,CW,gyro_bias_dps,0.015000000000000013,9.089392559136263,-3.453964407544743,10.070279740052426,1.009302288041987
12890,CW,gyro_bias_dps,0.020000000000000018,8.945537824825532,-3.7573206636240797,10.049493293084957,1.3454621017864925
12890,CW,gyro_bias_dps,0.025000000000000022,8.80031941611719,-4.059885948666772,10.038246514239272,1.6814843320977575
12890,CW,gyro_bias_dps,0.030000000000000027,8.653741041263993,-4.36165455488316,10.036560083960001,2.01736871386545
12890,CW,gyro_bias_dps,0.03500000000000003,8.505806432314648,-4.662620791428708,10.044427440278577,2.3531149821656907
12890,CW,gyro_bias_dps,0.040000000000000036,8.356519345033234,-4.9627789844960715,10.06181481822179,2.6887228722597207
12890,CW,gyro_bias_dps,0.04500000000000004,8.205883558823938,-5.2621234774182994,10.088661674615395,3.0241921195994395
12890,CW,gyro_bias_dps,0.050000000000000044,8.053902876653819,-5.5606486307664,10.124881484669405,3.3595224598294835
12890,CW,gyro_bias_dps,0.05499999999999999,7.9005811249745195,-5.858348822448147,10.17036288488889,3.694713628790789
12890,CW,gyro_bias_dps,0.06,7.745922153642573,-6.155218447803338,10.224971126425528,4.029765362521788
12890,CW,gyro_bias_dps,0.065,7.589929835843032,-6.451251919703452,10.28854979460298,4.36467739726222
12890,CW,gyro_bias_dps,0.07,7.432608068008085,-6.746443668648976,10.360922744280439,4.6994494694570665
12890,CW,gyro_bias_dps,0.07500000000000001,7.2739607697389825,-7.0407881428643915,10.441896197236844,5.034081315757365
12890,CW,gyro_bias_dps,0.08000000000000002,7.113991883724589,-7.33427980839748,10.531260946792269,5.368572673026094
12890,CW,gyro_bias_dps,0.08500000000000002,6.952705375664118,-7.626913149212339,10.628794616235712,5.702923278337118
12890,CW,gyro_bias_dps,0.09000000000000002,6.79010523418101,-7.918682667284713,10.734263921027024,6.037132868979983
12890,CW,gyro_bias_dps,0.09500000000000003,6.626195470746097,-8.209582882700726,10.847426889739872,6.371201182464263
12890,CW,gyro_bias_dps,0.10000000000000003,6.460980119596433,-8.499608333750166,10.968035004804975,6.705127956520192
12890,CW,gyro_bias_dps,0.10500000000000004,6.294463237650234,-8.788753577018701,11.095835230934782,7.038912929101202
12890,CW,gyro_bias_dps,0.11000000000000004,6.126648904424246,-9.07701318748533,11.230571906163217,7.372555838389586
12890,CW,gyro_bias_dps,0.11500000000000005,5.957541221955921,-9.364381758615707,11.37198847732339,7.7060564227970545
12890,CW,gyro_bias_dps,0.12,5.787144314715874,-9.650853902454832,11.519829068285937,8.039414420968045
12890,CW,gyro_bias_dps,0.125,5.615462329523484,-9.936424249718664,11.673839875136757,8.37262957178253
12890,CW,gyro_bias_dps,0.13,5.442499435468539,-10.22108744989082,11.833770387535427,8.70570161435941
12890,CW,gyro_bias_dps,0.135,5.268259823819721,-10.504838171310212,11.999374439696753,9.038630288058426
12890,CW,gyro_bias_dps,0.14,5.092747707945887,-10.787671101266676,12.170411097839622,9.371415332483764
12890,CW,gyro_bias_dps,0.14500000000000002,4.915967323228619,-11.069580946090252,12.346645393450528,9.704056487485671
12890,CW,gyro_bias_dps,0.15000000000000002,4.737922926975398,-11.35056243124625,12.527848913532553,10.036553493167506
12890,CW,gyro_bias_dps,0.15500000000000003,4.558618798337011,-11.630610301419392,12.713800260118568,10.36890608988105
12890,CW,gyro_bias_dps,0.16000000000000003,4.378059238218884,-11.909719320610202,12.90428539192538,10.701114018235717
12890,CW,gyro_bias_dps,0.16500000000000004,4.196248569193472,-12.187884272223062,13.099097861103118,11.033177019100254
12890,CW,gyro_bias_dps,0.17000000000000004,4.013191135417242,-12.46509995915493,13.298038957806048,11.365094833602768
12890,CW,gyro_bias_dps,0.17500000000000004,3.8288913025412286,-12.74136120388655,13.500917774771507,11.696867203136046
12890,CW,gyro_bias_dps,0.18,3.64335345762031,-13.016662848569023,13.70755120336502,12.02849386936018
12890,CW,gyro_bias_dps,0.185,3.4565820090316266,-13.290999755116378,13.917763871720668,12.359974574205445
12890,CW,gyro_bias_dps,0.19,3.2685813863810154,-13.564366805286307,14.131388034638174,12.691309059871216
12890,CW,gyro_bias_dps,0.195,3.0793560404153366,-13.836758900774782,14.348263423999411,13.022497068834664
12890,CW,gyro_bias_dps,0.2,2.8889104429342067,-14.108170963303326,14.568237067464658,13.353538343852334
12890,CW,gyro_bias_dps,0.20500000000000002,2.6972490866996623,-14.37859793470144,14.79116308231337,13.684432627960168
12890,CW,gyro_bias_dps,0.21000000000000002,2.5043764853484616,-14.648034776995598,15.016902450431834,14.015179664476888
12890,CW,gyro_bias_dps,0.21500000000000002,2.3102971732976356,-14.916476472495106,15.245322779617776,14.345779197008817
12890,CW,gyro_bias_dps,0.22000000000000003,2.115015705657038,-15.183918023878846,15.476298055641802,14.676230969451968
12890,CW,gyro_bias_dps,0.22500000000000003,1.9185366581396466,-15.450354454278624,15.709708388820516,15.006534725992616
12890,CW,gyro_bias_dps,0.23000000000000004,1.7208646269656582,-15.715780807367276,15.945439758263785,15.336690211115044
12890,CW,gyro_bias_dps,0.23500000000000004,1.5220042287757907,-15.980192147438345,16.18338375640402,15.666697169597459
12890,CW,gyro_bias_dps,0.24000000000000005,1.3219601005348296,-16.24358355949365,16.423437335965005,15.996555346520466
12890,CW,gyro_bias_dps,0.24500000000000005,1.1207368994423859,-16.505950149327894,16.665502561097632,16.32626448726876
12890,CW,gyro_bias_dps,0.25000000000000006,0.9183393028401042,-16.7672870436078,16.90948636405344,16.65582433753035
12890,CW,gyro_bias_dps,0.25500000000000006,0.7147720081176658,-17.02758938996102,17.155300308482143,16.985234643305283
12890,CW,gyro_bias_dps,0.26000000000000006,0.5100397326196344,-17.28685235705392,17.40286036014262,17.314495150903856
12890,CW,gyro_bias_dps,0.26500000000000007,0.30414721355018626,-17.54507113467082,17.652086665623962,17.64360560694818
12890,CW,gyro_bias_dps,0.2700000000000001,0.09709920788272938,-17.80224093380632,17.90290333949308,17.97256575838212
12890,CW,gyro_bias_dps,0.2750000000000001,-0.11109950773736728,-18.0583569867356,18.15523826007718,18.301375352465996
12890,CW,gyro_bias_dps,0.27999999999999997,-0.32044413708786124,-18.313414547100546,18.409022874039277,18.6300341367844
12890,CW,gyro_bias_dps,0.285,-0.5309298644610635,-18.5674088899887,18.66419200973529,18.95854185924547
12890,CW,gyro_bias_dps,0.29,-0.7425518547627916,-18.820335312016095,18.920683699295548,19.28689826808841
12890,CW,gyro_bias_dps,0.295,-0.9553052536081623,-19.072189131400783,19.178439009275984,19.61510311188081
12890,CW,gyro_bias_dps,0.3,-1.1691851874138592,-19.322965688046803,19.437401879708965,19.94315613952371
12890,CW,gyro_gain_pct,-0.5,12.714288704588217,5.6401737107528,14.11936886275247,8.82761054455339
12890,CW,gyro_gain_pct,-0.49,12.6639527298365,5.467475871815441,14.007001010565112,8.647194602211624
12890,CW,gyro_gain_pct,-0.48,12.613032257349346,5.295120711030381,13.895642253938407,8.466934446544602
12890,CW,gyro_gain_pct,-0.47,12.561528812265873,5.123110127473785,13.785311803349979,8.286830198169401
12890,CW,gyro_gain_pct,-0.46,12.509443925892583,4.951446013922464,13.676029265792627,8.106881977644234
12890,CW,gyro_gain_pct,-0.45,12.456779135671558,4.780130256830342,13.56781464588279,7.927089905461326
12890,CW,gyro_gain_pct,-0.44,12.403535985158829,4.609164736314392,13.460688346280705,7.7474541020527745
12890,CW,gyro_gain_pct,-0.43,12.349716023997962,4.4385513261293,13.354671167341085,7.567974687783959
12890,CW,gyro_gain_pct,-0.42,12.295320807896996,4.268291893650257,13.249784305939928,7.3886517829560505
12890,CW,gyro_gain_pct,-0.41000000000000003,12.24035189859585,4.098388299856344,13.146049353400343,7.209485507803622
12890,CW,gyro_gain_pct,-0.4,12.184810863850862,3.9288423993041306,13.043488292466057,7.030475982493154
12890,CW,gyro_gain_pct,-0.39,12.128699277400347,3.7596560401158285,12.942123493225264,6.851623327123684
12890,CW,gyro_gain_pct,-0.38,12.072018718944628,3.5908310639540217,12.841977707935435,6.67292766172346
12890,CW,gyro_gain_pct,-0.37,12.014770774115254,3.4223693060057827,12.743074064652276,6.494389106249875
12890,CW,gyro_gain_pct,-0.36,11.956957034454854,3.2542725949670057,12.645436059607022,6.316007780593439
12890,CW,gyro_gain_pct,-0.35,11.898579097388097,3.086542753016636,12.549087548227886,6.1377838045695166
12890,CW,gyro_gain_pct,-0.33999999999999997,11.839638566192708,2.919181595799614,12.45405273474352,5.9597172979175905
12890,CW,gyro_gain_pct,-0.32999999999999996,11.780137049981885,2.7521909324130776,12.360356160293918,5.781808380308286
12890,CW,gyro_gain_pct,-0.32,11.720076163669365,2.5855725653818924,12.268022689440532,5.6040571713333724
12890,CW,gyro_gain_pct,-0.31,11.659457527948302,2.4193282906454443,12.177077495033988,5.4264637905114625
12890,CW,gyro_gain_pct,-0.3,11.598282769262118,2.2534598975331166,12.087546041328542,5.2490283572805305
12890,CW,gyro_gain_pct,-0.29000000000000004,11.536553519782842,2.087969168752386,11.999454065298153,5.071750991004542
12890,CW,gyro_gain_pct,-0.28,11.474271417380578,1.922857880365882,11.912827556053337,4.894631810966286
12890,CW,gyro_gain_pct,-0.27,11.411438105598085,1.7581278017759019,11.827692732315006,4.717670936369376
12890,CW,gyro_gain_pct,-0.26,11.348055233625406,1.5937806957048337,11.744076017869347,4.540868486335704
12890,CW,gyro_gain_pct,-0.25,11.28412445627266,1.4298183181790365,11.662004014952561,4.364224579906613
12890,CW,gyro_gain_pct,-0.24,11.219647433942919,1.2662424185112968,11.581503475513344,4.187739336041133
12890,CW,gyro_gain_pct,-0.22999999999999998,11.154625832607962,1.1030547392792642,11.502601270316049,4.01141287361303
12890,CW,gyro_gain_pct,-0.21999999999999997,11.08906132377831,0.9402570163141718,11.425324355847366,3.835245311413474
12890,CW,gyro_gain_pct,-0.21000000000000002,11.0229555844792,0.7778509786764971,11.349699739014813,3.659236768145794
12890,CW,gyro_gain_pct,-0.2,10.956310297223695,0.6158383486449338,11.275754439622048,3.4833873624292098
12890,CW,gyro_gain_pct,-0.19,10.889127149982802,0.4542208416956782,11.203515450624392,3.3076972127944106
12890,CW,gyro_gain_pct,-0.18,10.821407836162962,0.29300016648369365,11.133009696198977,3.132166437682058
12890,CW,gyro_gain_pct,-0.16999999999999998,10.75315405457609,0.1321780248323762,11.064263987645692,2.9567951554477023
12890,CW,gyro_gain_pct,-0.15999999999999998,10.684367509413892,-0.028243888292092834,10.997304977188747,2.78158348435223
12890,CW,gyro_gain_pct,-0.14999999999999997,10.615049910221364,-0.18826388478978515,10.932159109741757,2.606531542569036
12890,CW,gyro_gain_pct,-0.14,10.545202971868866,-0.3478802834505018,10.868852572729413,2.431639448176502
12890,CW,gyro_gain_pct,-0.13,10.474828414523154,-0.5070914099637776,10.807411244076459,2.256907319161566
12890,CW,gyro_gain_pct,-0.12,10.403927963624028,-0.665895596941084,10.747860638500725,2.0823352734163723
12890,CW,gyro_gain_pct,-0.10999999999999999,10.332503349856234,-0.8242911839279031,10.690225852257173,1.907923428739726
12890,CW,gyro_gain_pct,-0.09999999999999998,10.260556309118488,-0.9822765174250663,10.634531506506752,1.7336719028307364
12890,CW,gyro_gain_pct,-0.08999999999999997,10.18808858250129,-1.1398499508972577,10.580801689519415,1.5595808132968878
12890,CW,gyro_gain_pct,-0.08000000000000002,10.115101916256458,-1.2970098447972078,10.52905989791455,1.3856502776440018
12890,CW,gyro_gain_pct,-0.07,10.04159806177015,-1.453754566576697,10.479328977187254,1.2118804132806142
12890,CW,gyro_gain_pct,-0.06,9.967578775535822,-1.6100824907038713,10.431631061778267,1.0382713375154689
12890,CW,gyro_gain_pct,-0.04999999999999999,9.893045819127405,-1.7659919986787032,10.385987514967356,0.8648231675572903
12890,CW,gyro_gain_pct,-0.03999999999999998,9.818000959171354,-1.921481479049453,10.342418868882886,0.69153602051288
12890,CW,gyro_gain_pct,-0.02999999999999997,9.742445967316007,-2.0765493274273923,10.3009447649392,0.518410013385812
12890,CW,gyro_gain_pct,-0.020000000000000018,9.666382620209674,-2.2311939465022874,10.26158389503731,0.3454452630775455
12890,CW,gyro_gain_pct,-0.010000000000000009,9.58981269946787,-2.3854137460577816,10.224353943848786,0.1726418863848798
12890,CW,gyro_gain_pct,0.0,9.512737991649692,-2.539207142986709,10.189271532539335,0.0
12890,CW,gyro_gain_pct,0.010000000000000009,9.435160288225074,-2.6925725613077587,10.156352164273324,0.17248027949344313
12890,CW,gyro_gain_pct,0.020000000000000018,9.357081385554192,-2.8455084321770414,10.125610171858765,0.3447988356151759
12890,CW,gyro_gain_pct,0.030000000000000027,9.27850308484958,-2.998013193905058,10.097058667861882,0.5169555519958682
12890,CW,gyro_gain_pct,0.040000000000000036,9.199427192159146,-3.1500852919734257,10.07070949756396,0.6889503123740601
12890,CW,gyro_gain_pct,0.050000000000000044,9.119855518330974,-3.3017231790447683,10.046573195056025,0.8607830005969512
12890,CW,gyro_gain_pct,0.06000000000000005,9.039789878984744,-3.4529253149824397,10.024658942816135,1.0324535006254036
12890,CW,gyro_gain_pct,0.07000000000000006,8.959232094490108,-3.603690166863464,10.004974535064894,1.2039616965314033
12890,CW,gyro_gain_pct,0.07999999999999996,8.878183989932518,-3.754016208987082,9.987526345161209,1.375307472495696
12890,CW,gyro_gain_pct,0.08999999999999997,8.796647395088849,-3.903901922898399,9.972319297318073,1.5464907128160954
12890,CW,gyro_gain_pct,0.09999999999999998,8.714624144396657,-4.053345797397514,9.959356842837595,1.717511301904508
12890,CW,gyro_gain_pct,0.10999999999999999,8.63211607692674,-4.202346328554176,9.948640941076539,1.8883691242884884
12890,CW,gyro_gain_pct,0.12,8.549125036355486,-4.350902019718353,9.940172045290968,2.059064064608628
12890,CW,gyro_gain_pct,0.13,8.465652870936491,-4.4990113815430846,9.933949093491876,2.229596007627678
12890,CW,gyro_gain_pct,0.14,8.381701433471585,-4.646672931989133,9.929969504379915,2.399964838223615
12890,CW,gyro_gain_pct,0.15000000000000002,8.29727258128339,-4.793885196341591,9.92822917841778,2.5701704413927295
12890,CW,gyro_gain_pct,0.16000000000000003,8.212368176186464,-4.940646707226494,9.92872250404114,2.74021270225375
12890,CW,gyro_gain_pct,0.17000000000000004,8.126990084456656,-5.0869560046178774,9.93144236895831,2.9100915060438326
12890,CW,gyro_gain_pct,0.18000000000000005,8.041140176808858,-5.2328116358599575,9.93638017649001,3.079806738124551
12890,CW,gyro_gain_pct,0.19000000000000006,7.954820328358801,-5.378212155668575,9.943525866790871,3.249358283977371
12890,CW,gyro_gain_pct,0.20000000000000007,7.868032418604434,-5.523156126156016,9.952867942849759,3.4187460292093856
12890,CW,gyro_gain_pct,0.20999999999999996,7.7807783313906835,-5.667642116835873,9.964393501034673,3.587969859551103
12890,CW,gyro_gain_pct,0.21999999999999997,7.693059954884552,-5.8116687046404305,9.97808826599252,3.75702966085913
12890,CW,gyro_gain_pct,0.22999999999999998,7.604879181543265,-5.955234473930159,9.993936629630099,3.9259253191156627
12890,CW,gyro_gain_pct,0.24,7.516237908087942,-6.0983380165087855,10.011921693916179,4.094656720430631
12890,CW,gyro_gain_pct,0.25,7.4271380354751955,-6.240977931635143,10.032025317192355,4.263223751041818
12890,CW,gyro_gain_pct,0.26,7.337581468865437,-6.383152826034712,10.054228163671741,4.431626297316249
12890,CW,gyro_gain_pct,0.27,7.247570117594137,-6.524861313913118,10.078509755795158,4.599864245752313
12890,CW,gyro_gain_pct,0.28,7.157105895149789,-6.666102016967375,10.104848529101842,4.767937482976212
12890,CW,gyro_gain_pct,0.29000000000000004,7.06619071913642,-6.806873564398382,10.133221889240959,4.935845895747893
12890,CW,gyro_gain_pct,0.30000000000000004,6.974826511248125,-6.947174592923602,10.163606270787325,5.103589370960303
12890,CW,gyro_gain_pct,0.31000000000000005,6.883015197241548,-7.087003746786342,10.195977197493272,5.271167795637814
12890,CW,gyro_gain_pct,0.32000000000000006,6.790758706904012,-7.226359677771666,10.23030934362416,5.438581056941871
12890,CW,gyro_gain_pct,0.33000000000000007,6.6980589740283225,-7.365241045214918,10.266576596032055,5.605829042167425
12890,CW,gyro_gain_pct,0.33999999999999997,6.604917936377615,-7.503646516011588,10.304752116623964,5.772911638745566
12890,CW,gyro_gain_pct,0.35,6.511337535664052,-7.641574764635561,10.344808404925507,5.939828734245866
12890,CW,gyro_gain_pct,0.36,6.417319717512259,-7.779024473144398,10.38671736039426,6.106580216376493
12890,CW,gyro_gain_pct,0.37,6.322866431435318,-7.915994331189995,10.430450344227811,6.273165972981691
12890,CW,gyro_gain_pct,0.38,6.227979630803498,-8.052483036034948,10.475978240379483,6.439585892048263
12890,CW,gyro_gain_pct,0.39,6.132661272816608,-8.188489292558359,10.523271515529553,6.605839861701445
12890,CW,gyro_gain_pct,0.4,6.036913318471511,-8.32401181326917,10.572300277791443,6.771927770209228
12890,CW,gyro_gain_pct,0.41000000000000003,5.940737732535604,-8.459049318318364,10.623034333944098,6.937849505983233
12890,CW,gyro_gain_pct,0.42000000000000004,5.844136483517923,-8.593600535504901,10.67544324500142,7.103604957575781
12890,CW,gyro_gain_pct,0.43000000000000005,5.747111543636834,-8.727664200292917,10.729496379967713,7.2691940136871676
12890,CW,gyro_gain_pct,0.44000000000000006,5.649664888793336,-8.861239055813291,10.78516296762656,7.43461656315843
12890,CW,gyro_gain_pct,0.45000000000000007,5.551798498542189,-8.994323852884486,10.842412146268792,7.599872494980273
12890,CW,gyro_gain_pct,0.45999999999999996,5.453514356059145,-9.126917350012139,10.901213011231263,7.7649616982873715
12890,CW,gyro_gain_pct,0.47,5.354814448115349,-9.259018313410262,10.961534660210516,7.92988406236605
12890,CW,gyro_gain_pct,0.48,5.255700765044298,-9.390625516997522,11.023346236253724,8.094639476645828
12890,CW,gyro_gain_pct,0.49,5.156175300716541,-9.521737742423408,11.086616968435996,8.259227830711659
12890,CW,gyro_gain_pct,0.5,5.056240052505404,-9.652353779063173,11.151316210151712,8.423649014294886
12890,CW,wheel_relative_pct,-2.0,9.561403902187454,-2.5500403088354573,10.237411349565845,0.05007115471501029
12890,CW,wheel_relative_pct,-1.95,9.560187254424273,-2.549769479689348,10.236207628304191,0.04881937584741272
12890,CW,wheel_relative_pct,-1.9,9.558970606660683,-2.5494986505435575,10.235003918571778,0.047567596979493906
12890,CW,wheel_relative_pct,-1.85,9.557753958897433,-2.549227821396687,10.233800220373094,0.04631581811165269
12890,CW,wheel_relative_pct,-1.8,9.55653731113407,-2.548956992250396,10.23259653371213,0.04506403924388376
12890,CW,wheel_relative_pct,-1.75,9.555320663370434,-2.5486861631040596,10.23139285859269,0.04381226037573834
12890,CW,wheel_relative_pct,-1.7,9.55410401560648,-2.548415333958178,10.230189195019154,0.04256048150750721
12890,CW,wheel_relative_pct,-1.65,9.552887367842981,-2.5481445048121145,10.228985542995705,0.041308702639535184
12890,CW,wheel_relative_pct,-1.6,9.551670720080164,-2.5478736756644027,10.227781902526713,0.04005692377196624
12890,CW,wheel_relative_pct,-1.55,9.55045407231646,-2.5476028465196805,10.226578273615525,0.03880514490414405
12890,CW,wheel_relative_pct,-1.5,9.549237424553302,-2.547332017373333,10.225374656266673,0.03755336603654414
12890,CW,wheel_relative_pct,-1.45,9.548020776789759,-2.547061188226871,10.224171050483877,0.036301587168504006
12890,CW,wheel_relative_pct,-1.4,9.54680412902601,-2.5467903590806715,10.2229674562713,0.03504980830035085
12890,CW,wheel_relative_pct,-1.35,9.54558748126235,-2.5465195299342325,10.22176387363305,0.033798029432191325
12890,CW,wheel_relative_pct,-1.2999999999999998,9.544370833499169,-2.5462487007881465,10.220560302574077,0.03254625056460134
12890,CW,wheel_relative_pct,-1.25,9.543154185735398,-2.5459778716418326,10.21935674309707,0.03129447169639633
12890,CW,wheel_relative_pct,-1.2,9.54193753797233,-2.545707042495917,10.218153195207544,0.030042692829019484
12890,CW,wheel_relative_pct,-1.15,9.540720890208785,-2.545436213349569,10.21694965890812,0.028790913960961485
12890,CW,wheel_relative_pct,-1.1,9.539504242445991,-2.545165384203267,10.215746134204633,0.02753913509370875
12890,CW,wheel_relative_pct,-1.0499999999999998,9.538287594682084,-2.5448945550573283,10.21454262109879,0.026287356225431782
12890,CW,wheel_relative_pct,-1.0,9.53707094691904,-2.5446237259108786,10.21333911959704,0.025035577357893395
12890,CW,wheel_relative_pct,-0.95,9.535854299155085,-2.544352896764951,10.212135629701741,0.023783798489584177
12890,CW,wheel_relative_pct,-0.8999999999999999,9.534637651391767,-2.544082067619138,10.210932151418346,0.02253201962197404
12890,CW,wheel_relative_pct,-0.8499999999999999,9.533421003628268,-2.5438112384723923,10.209728684750045,0.02128024075388827
12890,CW,wheel_relative_pct,-0.7999999999999998,9.532204355864497,-2.5435404093264538,10.208525229701152,0.020028461885716144
12890,CW,wheel_relative_pct,-0.75,9.530987708101861,-2.543269580179526,10.207321786276712,0.018776683018483252
12890,CW,wheel_relative_pct,-0.7,9.52977106033777,-2.542998751033804,10.206118354478882,0.017524904150070412
12890,CW,wheel_relative_pct,-0.6499999999999999,9.528554412574545,-2.5427279218866716,10.204914934313532,0.01627312528229144
12890,CW,wheel_relative_pct,-0.5999999999999999,9.527337764810841,-2.5424570927423362,10.203711525784453,0.0150213464145323
12890,CW,wheel_relative_pct,-0.5499999999999998,9.526121117047818,-2.5421862635954313,10.202508128895444,0.013769567546906615
12890,CW,wheel_relative_pct,-0.5,9.524904469284001,-2.5419154344485717,10.201304743649656,0.012517788678518861
12890,CW,wheel_relative_pct,-0.44999999999999996,9.523687821520161,-2.54164460530252,10.200101370053025,0.01126600981027782
12890,CW,wheel_relative_pct,-0.3999999999999999,9.522471173757186,-2.54137377615657,10.198898008109131,0.010014230942986608
12890,CW,wheel_relative_pct,-0.34999999999999987,9.52125452599348,-2.541102947009756,10.197694657821016,0.008762452074689293
12890,CW,wheel_relative_pct,-0.2999999999999998,9.520037878230028,-2.5408321178641473,10.196491319194248,0.007510673206939546
12890,CW,wheel_relative_pct,-0.25,9.518821230466802,-2.54056128871772,10.19528799223217,0.006258894339202793
12890,CW,wheel_relative_pct,-0.19999999999999996,9.517604582703234,-2.5402904595718154,10.194084676939275,0.005007115471289204
12890,CW,wheel_relative_pct,-0.1499999999999999,9.516387934939848,-2.54001963042532,10.19288137331911,0.0037553366033849676
12890,CW,wheel_relative_pct,-0.09999999999999987,9.515171287175963,-2.5397488012797567,10.191678081376194,0.0025035577352630527
12890,CW,wheel_relative_pct,-0.04999999999999982,9.513954639412963,-2.539477972133079,10.190474801115082,0.0012517788676993798
12890,CW,wheel_relative_pct,0.0,9.512737991649692,-2.539207142986709,10.189271532539335,0.0
12890,CW,wheel_relative_pct,0.050000000000000266,9.511521343886102,-2.538936313840088,10.18806827565292,0.0012517788682244561
12890,CW,wheel_relative_pct,0.10000000000000009,9.510304696122148,-2.538665484693797,10.186865030460003,0.002503557736579046
12890,CW,wheel_relative_pct,0.1499999999999999,9.50908804835908,-2.5383946555480863,10.185661796965972,0.0037553366039051756
12890,CW,wheel_relative_pct,0.20000000000000018,9.507871400595537,-2.5381238264019883,10.184458575173673,0.0050071154718631895
12890,CW,wheel_relative_pct,0.25,9.506654752832628,-2.53785299725547,10.18325536508808,0.0062588943393174275
12890,CW,wheel_relative_pct,0.30000000000000027,9.505438105068379,-2.5375821681097137,10.182052166711781,0.007510673207810191
12890,CW,wheel_relative_pct,0.3500000000000001,9.50422145730497,-2.537311338964048,10.180848980050792,0.008762452075593402
12890,CW,wheel_relative_pct,0.40000000000000036,9.503004809541654,-2.537040509817382,10.179645805108192,0.010014230943421455
12890,CW,wheel_relative_pct,0.4500000000000002,9.50178816177845,-2.536769680670261,10.178442641888669,0.011266009811202002
12890,CW,wheel_relative_pct,0.5,9.500571514014542,-2.536498851524482,10.17723949039573,0.012517788679482892
12890,CW,wheel_relative_pct,0.5500000000000003,9.49935486625127,-2.536228022378714,10.176036350634448,0.013769567547052462
12890,CW,wheel_relative_pct,0.6000000000000001,9.498138218487407,-2.5359571932322753,10.17483322260804,0.015021346415419667
12890,CW,wheel_relative_pct,0.6500000000000004,9.496921570724817,-2.5356863640864047,10.1736301063222,0.01627312528234586
12890,CW,wheel_relative_pct,0.7000000000000002,9.495704922960636,-2.5354155349395797,10.17242700177861,0.017524904151053414
12890,CW,wheel_relative_pct,0.75,9.494488275197273,-2.535144705793596,10.171223908983453,0.01877668301889089
12890,CW,wheel_relative_pct,0.8000000000000003,9.493271627433364,-2.5348738766469183,10.170020827939924,0.020028461887335775
12890,CW,wheel_relative_pct,0.8500000000000001,9.492054979670593,-2.534603047501355,10.168817758653907,0.021280240754355133
12890,CW,wheel_relative_pct,0.9000000000000004,9.490838331906934,-2.5343322183548254,10.1676147011269,0.022532019622493595
12890,CW,wheel_relative_pct,0.9500000000000002,9.489621684143936,-2.5340613892082957,10.166411655365,0.023783798490049548
12890,CW,wheel_relative_pct,1.0,9.488405036380005,-2.533790560062323,10.165208621371322,0.025035577358343
12890,CW,wheel_relative_pct,1.0500000000000003,9.487188388616437,-2.5335197309157023,10.164005599150462,0.026287356226365896
12890,CW,wheel_relative_pct,1.1,9.485971740853255,-2.5332489017699684,10.162802588707539,0.02753913509389362
12890,CW,wheel_relative_pct,1.1500000000000004,9.484755093089735,-2.5329780726238935,10.16159959004522,0.028790913961840518
12890,CW,wheel_relative_pct,1.2000000000000002,9.483538445326236,-2.53270724347841,10.160396603168438,0.030042692829597557
12890,CW,wheel_relative_pct,1.25,9.482321797562964,-2.5324364143308005,10.159193628081198,0.031294471697614026
12890,CW,wheel_relative_pct,1.3000000000000003,9.481105149799305,-2.532165585185396,10.15799066478773,0.03254625056551929
12890,CW,wheel_relative_pct,1.35,9.47988850203617,-2.531894756038548,10.156787713292482,0.03379802943326334
12890,CW,wheel_relative_pct,1.4000000000000004,9.478671854272307,-2.5316239268934053,10.155584773599058,0.035049808301246724
12890,CW,wheel_relative_pct,1.4500000000000002,9.477455206508717,-2.531353097747285,10.154381845711995,0.03630158716925435
12890,CW,wheel_relative_pct,1.5,9.476238558745104,-2.531082268600153,10.15317892963555,0.03755336603755247
12890,CW,wheel_relative_pct,1.5500000000000003,9.475021910981718,-2.5308114394547148,10.151976025374186,0.03880514490512032
12890,CW,wheel_relative_pct,1.6,9.473805263218514,-2.5305406103081283,10.150773132931771,0.04005692377288257
12890,CW,wheel_relative_pct,1.6500000000000004,9.472588615455674,-2.530269781162326,10.149570252312962,0.04130870264012324
12890,CW,wheel_relative_pct,1.7000000000000002,9.471371967692017,-2.5299989520157964,10.148367383520869,0.042560481508195455
12890,CW,wheel_relative_pct,1.75,9.470155319928017,-2.529728122870074,10.147164526559997,0.043812260376567796
12890,CW,wheel_relative_pct,1.8000000000000003,9.468938672165176,-2.5294572937235102,10.145961681435798,0.04506403924394496
12890,CW,wheel_relative_pct,1.85,9.467722024401178,-2.5291864645771627,10.144758848150612,0.04631581811230215
12890,CW,wheel_relative_pct,1.9000000000000004,9.466505376637452,-2.528915635430883,10.143556026709808,0.047567596980494634
12890,CW,wheel_relative_pct,1.9500000000000002,9.465288728874224,-2.5286448062843876,10.142353217117815,0.04881937584822017
12890,CW,wheel_relative_pct,2.0,9.464072081111203,-2.528373977138256,10.141150419378878,0.05007115471572026
12890,CW,yaw_time_shift_ms,-20.0,8.833587459767909,-2.6943482547682835,9.599271843986767,0.7053050055969888
12890,CW,yaw_time_shift_ms,-19.5,8.850333228064164,-2.678152478231391,9.610165352960983,0.6851372956546571
12890,CW,yaw_time_shift_ms,-19.0,8.867012194577,-2.65964601584501,9.620402010898408,0.6648395382776839
12890,CW,yaw_time_shift_ms,-18.5,8.88025533111977,-2.66190098636165,9.633021129733972,0.6518766667346062
12890,CW,yaw_time_shift_ms,-18.0,8.893418467939933,-2.6618482851761995,9.644932029546933,0.6385869967854305
12890,CW,yaw_time_shift_ms,-17.5,8.911334968286543,-2.6758515874421276,9.665379211777989,0.6237473347651826
12890,CW,yaw_time_shift_ms,-17.0,8.929176002451436,-2.6875492523130218,9.685126486014775,0.608913592525641
12890,CW,yaw_time_shift_ms,-16.5,8.946679970974765,-2.6968063056747384,9.703916461957384,0.5941568695130864
12890,CW,yaw_time_shift_ms,-16.0,8.964113170450014,-2.703756067032896,9.72200273701571,0.5791203774213832
12890,CW,yaw_time_shift_ms,-15.5,8.981477762395503,-2.7083980811353627,9.739385767718058,0.5636875842767023
12890,CW,yaw_time_shift_ms,-15.0,8.998775909016057,-2.7107319096418223,9.756067514069546,0.5477575645504197
12890,CW,yaw_time_shift_ms,-14.5,9.016009773164342,-2.710757131105356,9.772051428478381,0.531246449256461
12890,CW,yaw_time_shift_ms,-14.0,9.033181518300761,-2.7084733409830277,9.787342446344658,0.5140892196284913
12890,CW,yaw_time_shift_ms,-13.5,9.050293308463461,-2.7038801516284594,9.80194697825614,0.49624206767063594
12890,CW,yaw_time_shift_ms,-13.0,9.067347308218313,-2.696977192291217,9.815872903712458,0.4776856181632894
12890,CW,yaw_time_shift_ms,-12.5,9.084345682628737,-2.687764109122702,9.829129566360427,0.4584294093165593
12890,CW,yaw_time_shift_ms,-12.0,9.101290597217552,-2.6762405651559447,9.841727770636634,0.438518175093099
12890,CW,yaw_time_shift_ms,-11.5,9.118184217925773,-2.6624062403265043,9.853679779772905,0.41804067152332236
12890,CW,yaw_time_shift_ms,-11.0,9.135028711072891,-2.646260831453276,9.86499931508223,0.3971420413786006
12890,CW,yaw_time_shift_ms,-10.5,9.151852093108868,-2.6278033146250435,9.875593961159376,0.3760144045997622
12890,CW,yaw_time_shift_ms,-10.0,9.168630655016567,-2.607034435942592,9.885587828535186,0.3550037517807782
12890,CW,yaw_time_shift_ms,-9.5,9.184215262210547,-2.60107977092905,9.89819305110307,0.33818653079119937
12890,CW,yaw_time_shift_ms,-9.0,9.199722041070505,-2.592816454304773,9.910134777260467,0.32110427910105976
12890,CW,yaw_time_shift_ms,-8.5,9.21755900422247,-2.609507867336913,9.931200841339749,0.30674344716380053
12890,CW,yaw_time_shift_ms,-8.0,9.235314158344432,-2.6238936646957085,9.951597740788273,0.2931420346377697
12890,CW,yaw_time_shift_ms,-7.5,9.253157738307504,-2.6359194050337917,9.971407657508385,0.27984190122381897
12890,CW,yaw_time_shift_ms,-7.0,9.270923943737717,-2.645637996345954,9.990541148326512,0.26678169001269253
12890,CW,yaw_time_shift_ms,-6.5,9.28861493579593,-2.653048954258111,10.008996826420313,0.25371490541065184
12890,CW,yaw_time_shift_ms,-6.0,9.306232876422495,-2.6581518113004905,10.026774791811025,0.2404083235128182
12890,CW,yaw_time_shift_ms,-5.5,9.323779928292037,-2.6609461169130784,10.043876618713249,0.2266446622064452
12890,CW,yaw_time_shift_ms,-5.0,9.341258254784929,-2.661431437439421,10.060305344469615,0.21222413719249558
12890,CW,yaw_time_shift_ms,-4.5,9.358670019939586,-2.659607356125605,10.07606545999284,0.1969650596316467
12890,CW,yaw_time_shift_ms,-4.0,9.37601738842161,-2.6554734731231404,10.09116290170714,0.18070367527314937
12890,CW,yaw_time_shift_ms,-3.5,9.393302525482023,-2.6490294054834296,10.105605044906454,0.16329345096294762
12890,CW,yaw_time_shift_ms,-3.0,9.410527596920156,-2.6402747871567387,10.119400698492251,0.1446039952929983
12890,CW,yaw_time_shift_ms,-2.5,9.427694769044479,-2.629209268994498,10.132560101029934,0.12451976822969962
12890,CW,yaw_time_shift_ms,-2.0,9.444806208635645,-2.6158325187419336,10.145094918056227,0.10293869898929472
12890,CW,yaw_time_shift_ms,-1.5,9.4618640829068,-2.6001442210379424,10.157018240579896,0.07977079808795311
12890,CW,yaw_time_shift_ms,-1.0,9.478870559468215,-2.582144077415569,10.168344584701494,0.05493682119150874
12890,CW,yaw_time_shift_ms,-0.5,9.495827806287025,-2.5618318062960497,10.179089892275579,0.028367020140380898
12890,CW,yaw_time_shift_ms,0.0,9.512737991649692,-2.539207142986709,10.189271532539335,0.0
12890,CW,yaw_time_shift_ms,0.5,9.531052061232732,-2.5586144212416686,10.211292718905913,0.02682391770790347
12890,CW,yaw_time_shift_ms,1.0,9.549278112273191,-2.5757154679978838,10.232672799544595,0.05194116240433425
12890,CW,yaw_time_shift_ms,1.5,9.56741830510382,-2.5905097365055325,10.253405644229483,0.07542497487182759
12890,CW,yaw_time_shift_ms,2.0,9.585474800997236,-2.6029966969379643,10.2734866238346,0.09735867375694887
12890,CW,yaw_time_shift_ms,2.5,9.603449762125933,-2.6131758363846758,10.29291259339757,0.11783693222984284
12890,CW,yaw_time_shift_ms,3.0,9.621345351525292,-2.621046658850685,10.311681876728423,0.13696711628058703
12890,CW,yaw_time_shift_ms,3.5,9.639163733055033,-2.626608685262113,10.329794252532922,0.15487063556383482
12890,CW,yaw_time_shift_ms,4.0,9.656907071359182,-2.629861453458375,10.347250942013098,0.1716842322576088
12890,CW,yaw_time_shift_ms,4.5,9.674577531831597,-2.63080451819784,10.364054597927383,0.18756110294916503
12890,CW,yaw_time_shift_ms,5.0,9.692177280574743,-2.6294374511522505,10.38020929505386,0.20267171523528865
12890,CW,yaw_time_shift_ms,5.5,9.709708484360794,-2.6257598409082106,10.395720522025906,0.2172041494461895
12890,CW,yaw_time_shift_ms,6.0,9.727173310596845,-2.6197712929637986,10.410595174495175,0.23136377441027312
12890,CW,yaw_time_shift_ms,6.5,9.744573927283591,-2.6114714297314547,10.42484154956453,0.24537206530626166
12890,CW,yaw_time_shift_ms,7.0,9.761912502977452,-2.600859890530444,10.438469341444506,0.25946440350682887
12890,CW,yaw_time_shift_ms,7.5,9.779191206754627,-2.587936331587764,10.451489638277543,0.27388677275018536
12890,CW,yaw_time_shift_ms,8.0,9.796412208172114,-2.572700426040444,10.463914920066221,0.28889138514017143
12890,CW,yaw_time_shift_ms,8.5,9.813604061892738,-2.5551142032569714,10.475747568413215,0.30475655934748297
12890,CW,yaw_time_shift_ms,9.0,9.830742650866,-2.5352147579223696,10.487014591232919,0.3217106786863388
12890,CW,yaw_time_shift_ms,9.5,9.84932917385604,-2.540300139762212,10.505724581267694,0.34038010733879914
12890,CW,yaw_time_shift_ms,10.0,9.867854601422072,-2.5430717074785547,10.523819639512773,0.35904019541164467
12890,CW,yaw_time_shift_ms,10.5,9.886535631383435,-2.560607401231562,10.54574502893257,0.3784941412227432
12890,CW,yaw_time_shift_ms,11.0,9.905126379443981,-2.5758375737260963,10.567040112574624,0.3983570515385989
12890,CW,yaw_time_shift_ms,11.5,9.92334403574107,-2.588741628090861,10.58736371363548,0.41803045779133396
12890,CW,yaw_time_shift_ms,12.0,9.941476161359173,-2.59933674568789,10.60704873509821,0.43756753187283415
12890,CW,yaw_time_shift_ms,12.5,9.959524922583409,-2.607622420114126,10.626093278555388,0.45681690835465644
12890,CW,yaw_time_shift_ms,13.0,9.977492486568758,-2.6135981619070776,10.64449686692468,0.47568531439364303
12890,CW,yaw_time_shift_ms,13.5,9.99538102129684,-2.6172634985346805,10.662260432393355,0.4941256990087989
12890,CW,yaw_time_shift_ms,14.0,10.013192695539875,-2.6186179744012406,10.679386305715578,0.5121283870038925
12890,CW,yaw_time_shift_ms,14.5,10.030929678822849,-2.617661150844765,10.695878206813747,0.529714515108751
12890,CW,yaw_time_shift_ms,15.0,10.04859414138382,-2.614392606134129,10.711741236653307,0.5469311359401108
12890,CW,yaw_time_shift_ms,15.5,10.066188254137524,-2.608811935468668,10.72698187034914,0.5638475080556064
12890,CW,yaw_time_shift_ms,16.0,10.083714188634485,-2.600918750980759,10.741607951453972,0.5805522026006025
12890,CW,yaw_time_shift_ms,16.5,10.101174117024607,-2.5907126817306105,10.75562868739087,0.5971507449294315
12890,CW,yaw_time_shift_ms,17.0,10.118570212017039,-2.57819337370413,10.769054645964406,0.6137635766205042
12890,CW,yaw_time_shift_ms,17.5,10.135772289045303,-2.563355042314936,10.78177947693733,0.6303923213340157
12890,CW,yaw_time_shift_ms,18.0,10.152914929102327,-2.5462024583293443,10.79393451185118,0.6473137204075787
12890,CW,yaw_time_shift_ms,18.5,10.17336974297648,-2.5425760197618614,10.812194223945188,0.6678940875290881
12890,CW,yaw_time_shift_ms,19.0,10.193764363788933,-2.5366391774910655,10.829865179139448,0.6884506332517791
12890,CW,yaw_time_shift_ms,19.5,10.210871959177165,-2.551760539033398,10.849831866689954,0.705785432416405
12890,CW,yaw_time_shift_ms,20.0,10.227911349365376,-2.5645654663335335,10.869198337887473,0.723281108911591
