cntlog,x_original_mm,y_original_mm,x_recovered_mm,y_recovered_mm
10.0,-0.004741,5.515432,-0.0025256648154152717,5.308605200732473
19.0,-0.015706,10.169066,-0.009106003121595358,10.065662991159346
29.0,-0.031081,15.512121,-0.02099561585790683,15.44319858137488
38.0,-0.046671,20.320866,-0.034223255398096696,20.234714130938503
47.0,-0.06342,25.129606,-0.04847828962004448,25.07793415984157
57.0,-0.080239,30.472656,-0.06365366117794138,30.386518270913438
66.0,-0.094509,35.436527,-0.07577235442102292,35.24697990341617
75.0,-0.104321,40.245285,-0.08514845977646034,40.072976069454924
85.0,-0.115693,45.588348,-0.09350651478727913,45.45051830823299
94.0,-0.128641,50.397099,-0.1011676643881228,50.27651750143218
103.0,-0.1441,55.360966,-0.11054587419311698,55.06804213158266
113.0,-0.162052,60.876369,-0.12276813716555798,60.42834119824397
122.0,-0.174195,65.685127,-0.1333283122472378,65.20262759407754
131.0,-0.189231,70.804115,-0.14310797750491075,70.0458587275788
141.0,-0.20771,76.147163,-0.15510599357425386,75.42339407702433
150.0,-0.228474,80.955887,-0.16861033945517653,80.23214465604288
159.0,-0.258564,85.919685,-0.18578170306411146,85.0581193814475
169.0,-0.291838,91.090302,-0.20985534048449292,90.43561423006494
178.0,-0.326457,95.898949,-0.23499486352172066,95.29602595626041
187.0,-0.362555,100.707581,-0.26165945303297583,100.13919356166441
196.0,-0.402145,105.67131,-0.289512265563263,104.99959049654444
206.0,-0.445278,111.186577,-0.3215784705963286,110.37704362469168
215.0,-0.483102,115.840073,-0.35090269936937546,115.23743190479482
224.0,-0.524785,120.803787,-0.38058514575474367,120.08058195478759
234.0,-0.573566,126.146645,-0.41535242537544453,125.45801829780399
243.0,-0.624483,130.955139,-0.44915835001344717,130.30114132058875
252.0,-0.677105,135.918747,-0.4855369473807138,135.16148191991002
261.0,-0.72256,140.727295,-0.5208302423120276,140.0218305213058
271.0,-0.764724,146.070206,-0.5538631926521428,145.39927779776676
280.0,-0.799848,150.878845,-0.5778128113134547,150.27693147447485
289.0,-0.83168,155.842636,-0.5974288637217432,155.12013275718618
298.0,-0.858661,160.806458,-0.6130243833025255,159.94611283233584
308.0,-0.881972,165.977127,-0.6249946180852516,165.32364824369344
317.0,-0.902192,170.940979,-0.6318958972629732,170.1668843340275
326.0,-0.921747,175.74971,-0.6368294394380971,174.9928870864235
336.0,-0.944718,181.265091,-0.641622267125933,180.35319794462615
345.0,-0.967744,185.918686,-0.6469449404419668,185.1964360270992
354.0,-0.99723,190.882492,-0.6551841667673901,190.0396700261455
364.0,-1.039039,196.225403,-0.6707607568777159,195.41719620058353
373.0,-1.087482,201.189056,-0.69225558659224,200.2776254116772
382.0,-1.139777,205.997543,-0.7206202261173879,205.12078335888407
391.0,-1.198685,210.96109,-0.7540707177801993,210.0328534034259
401.0,-1.275465,216.475983,-0.800475818278843,215.42743828214728
410.0,-1.337481,221.284348,-0.8497232218080373,220.33937534924445
419.0,-1.393528,226.403046,-0.8942900315691916,225.25135711400554
428.0,-1.440976,231.211578,-0.9303471695654,230.1117001087495
437.0,-1.482261,236.020172,-0.9591281793731073,234.98932767013756
447.0,-1.524266,241.535446,-0.9839907046025124,240.41852667599565
456.0,-1.556464,246.499237,-1.0003149441487302,245.33068349119213
465.0,-1.582591,251.307938,-1.0104582539907536,250.1566781056978
474.0,-1.604979,256.116669,-1.0155440898359145,255.0343879277774
483.0,-1.621571,260.925415,-1.0157034997729573,259.9121003986726
493.0,-1.641829,266.268463,-1.0118998353609274,265.32411926231003
502.0,-1.663923,271.2323,-1.0084723957286317,270.1845947942322
511.0,-1.69115,276.040985,-1.0084445575179923,275.0623072676528
520.0,-1.725693,281.004761,-1.0136567361678455,279.95725269929
530.0,-1.774235,286.519989,-1.0264422483355153,285.3347862340626
539.0,-1.820735,291.328522,-1.044134969174178,290.19523077251654
548.0,-1.870542,296.137024,-1.0663301499379303,295.0384209224404
557.0,-1.921964,300.945526,-1.0918522776405852,299.93330259276803
567.0,-1.977308,306.28833,-1.120913065791587,305.2935368169745
576.0,-2.024066,311.096863,-1.1458535956594902,310.1367136075055
585.0,-2.064547,315.750336,-1.1674944446908484,314.96267036027757
595.0,-2.103311,320.920898,-1.1851464378702978,320.3229542963111
604.0,-2.134067,325.729584,-1.1945048539055072,325.18342202728167
613.0,-2.162487,330.848511,-1.198534948905064,330.00942561869215
623.0,-2.187253,336.191528,-1.1973791600504886,335.3869742285215
632.0,-2.204514,341.155396,-1.1909353386221102,340.2129752006658
641.0,-2.219693,345.964142,-1.1794412298657007,345.05620256884015
650.0,-2.232872,350.772888,-1.1645064788536026,349.9338921784145
660.0,-2.25162,356.2883,-1.146551509118994,355.294175108151
669.0,-2.270491,361.252167,-1.1295725334856739,360.1718580302488
678.0,-2.287354,365.905792,-1.1120726762373243,364.9978315756559
687.0,-2.302048,370.869659,-1.092726469400413,369.90997741858024
697.0,-2.308598,376.385101,-1.0665223248261348,375.30469824452564
706.0,-2.302928,381.193878,-1.034916878809447,380.130600025722
715.0,-2.281835,386.157715,-0.9908321863976862,385.0253497113961
724.0,-2.243205,390.966339,-0.9309405405198562,389.8854574400901
734.0,-2.160085,396.48114,-0.8381216829466593,395.2966816368786
743.0,-2.043316,401.598816,-0.7224523742001632,400.19026299990156
752.0,-1.885342,406.560181,-0.5700230572257767,405.0483489858721
761.0,-1.682481,411.364655,-0.37132635288986565,409.9565126626013
770.0,-1.411719,416.476501,-0.12118979088833953,414.8795818284354
780.0,-1.039863,421.979401,0.2250793072357108,420.36686608210266
789.0,-0.632866,426.926575,0.6086302424962227,425.3504910092672
798.0,-0.128571,432.020691,1.067207986884957,430.345081397404
806.0,0.395249,436.54068,1.5454160493772857,434.78344855300185
815.0,1.086828,441.612762,2.179802617553392,439.8282591161691
824.0,1.866064,446.515106,2.9097336697785283,444.80787952853257
833.0,2.75818,451.398163,3.7510797340935107,449.7698907732086
842.0,3.78526,456.254639,4.719182103342479,454.726299032744
851.0,4.993079,461.229126,5.826171679818334,459.6535476676426
860.0,6.354901,466.163666,7.069651306555711,464.49476519554656
869.0,7.818014,470.907043,8.448547961880003,469.2453487091292
878.0,9.447468,475.595856,9.975410798004201,473.93233795499896
887.0,11.138907,479.931244,11.661262965603024,478.5461708005711
897.0,13.228682,484.660858,13.715958822417289,483.5343492640056
906.0,15.21931,488.694977,15.736760711773814,487.8979056372568
915.0,17.465006,492.770905,17.9361607563056,492.15483359956386
925.0,20.188848,497.166016,20.585269273771047,496.73531624484536
934.0,22.9729,501.275665,23.124122539471824,500.6764693362356
944.0,26.21034,505.526245,26.18891630634072,504.9687335584607
953.0,29.107307,508.967804,29.08935441946145,508.6299646447249
963.0,32.661274,512.723572,32.531598181704084,512.5344460982925
973.0,36.286442,516.164734,36.126817070806425,516.1784401354896
983.0,40.339119,519.646729,39.951026666160914,519.6586363416347
992.0,43.995518,522.525452,43.51193402175717,522.6008685091388
1002.0,48.333794,525.644409,47.69619529146394,525.7546003633456
1011.0,52.207123,528.223877,51.538815144824135,528.4100526746539
1021.0,56.607677,530.938904,55.94198239581472,531.218230615951
1030.0,60.781303,533.327454,60.069375186279515,533.6520393564597
1040.0,65.503708,535.826904,64.74642653992534,536.1995437603367
1049.0,69.955185,538.023376,69.02669556342214,538.3531670604176
1058.0,74.327049,540.026123,73.4157688237823,540.4008534059207
1068.0,79.248688,542.106018,78.33932960031677,542.5201704533521
1077.0,83.866318,543.92749,82.82475946914808,544.3009696553308
1086.0,88.377655,545.592468,87.3366458239162,545.9644437369523
1096.0,93.594063,547.38385,92.42488973483505,547.7045024399631
1105.0,98.31572,548.915588,97.05648738165831,549.1784554180794
1114.0,103.060074,550.375488,101.64781857085565,550.5490298025118
1124.0,108.193848,551.856323,106.77703044734791,551.9828267122807
1133.0,112.833473,553.120483,111.4624723777572,553.2090474799775
1142.0,117.489319,554.323547,116.14873449635907,554.3619890490647
1152.0,122.682343,555.580933,121.40547963429239,555.5745606972146
1161.0,127.520081,556.692871,126.1563420294562,556.6009819781586
1170.0,132.369904,557.750916,130.88559362867824,557.5624944415356
1179.0,137.079163,558.724121,135.6593648171582,558.4764653293624
1189.0,142.491714,559.784485,140.96904678950062,559.4309163756001
1198.0,147.218628,560.667969,145.727534616276,560.235354383406
1207.0,152.105591,561.538452,150.51021411839383,560.9988727095712
1217.0,157.543961,562.457214,155.8621085163225,561.8033532883611
1226.0,162.138367,563.197327,160.64066289442962,562.478442142843
1235.0,167.045013,563.948975,165.49287296597893,563.1238686429707
1244.0,171.956512,564.668274,170.2643726290978,563.7214098243345
1254.0,177.078476,565.376709,175.65654992273443,564.3548480804898
1263.0,181.846191,566.003662,180.4707512820955,564.8844221790766
1272.0,186.771103,566.624573,185.32262173500663,565.3858522163763
1281.0,191.698975,567.221497,190.17731461555684,565.8591766396563
1291.0,197.006653,567.835449,195.53223657415143,566.3519658484331
1300.0,201.785934,568.367126,200.39168250981797,566.7737053088493
1309.0,206.567032,568.882324,205.20145757604362,567.16916797243
1318.0,211.350189,569.378052,210.06438215506716,567.5486986205548
1328.0,216.838669,569.922668,215.4617906890188,567.946120016376
1337.0,221.625488,570.381653,220.2934193393276,568.2813036076857
1346.0,226.413193,570.831238,225.14339598758025,568.6006163934642
1355.0,231.356598,571.281738,230.0114033181731,568.9081608673741
1365.0,236.679428,571.746521,235.39641148930164,569.2327936506232
1374.0,241.470963,572.153259,240.24903306980107,569.5090144685003
1383.0,246.263535,572.547607,245.06798569431015,569.7698257196176
1392.0,251.211472,572.945251,249.95641842648067,570.0223002105183
1402.0,256.538177,573.363342,255.36185346102465,570.2891985723624
1411.0,261.332733,573.732666,260.2513356196696,570.5204606872979
1420.0,266.12793,574.093811,265.10679976799014,570.7411460926386
1429.0,270.923798,574.445862,269.9798799759724,570.9536743512534
1439.0,276.597015,574.852783,275.40442262230005,571.1798536353257
1448.0,281.393829,575.191467,280.19213822838987,571.3711008767755
1457.0,286.19104,575.524536,285.10071084833083,571.5594247803125
1466.0,291.298218,575.872192,289.9406755895232,571.7375392333562
1476.0,296.629791,576.222717,295.36662459680196,571.9270052218137
1485.0,301.583557,576.539551,300.22448654281305,572.0864149368713
1494.0,306.383087,576.837341,305.06542024785057,572.2358950954207
1503.0,311.337646,577.141663,309.9582768911673,572.3789748405385
1513.0,316.843353,577.468872,315.33376794955126,572.5277238511593
1522.0,321.644073,577.746765,320.209849769601,572.6538391092274
1531.0,326.599762,578.032043,325.06889813727406,572.7716656952393
1540.0,331.555756,578.31189,329.9625220654363,572.8855199671385
1550.0,336.890747,578.605896,335.37320461919387,573.0058401678285
1559.0,341.692291,578.869629,340.2153805981998,573.1074041511406
1568.0,346.648956,579.137207,345.1093570098572,573.2049378768585
1577.0,351.296082,579.383545,349.9345037653268,573.295963665258
1587.0,356.631989,579.660522,355.3456851745286,573.391244329294
1596.0,361.589294,579.915833,360.2054960769627,573.4716939181112
1605.0,366.237061,580.149536,365.0481410313004,573.5476761567958
1614.0,371.194916,580.394287,369.90809531653485,573.6189396761303
1624.0,376.359528,580.645813,375.2679063789983,573.6922939020237
1633.0,381.317627,580.885437,380.1279758682453,573.7552121302901
1642.0,386.275787,581.124207,384.93637453904927,573.8149341629073
1652.0,391.612793,581.378967,390.33076972818856,573.8797414963808
1661.0,396.571136,581.613403,395.1909217829603,573.9359211034953
1670.0,401.529602,581.845215,400.06834156476083,573.9893556076944
1679.0,406.487946,582.079956,404.91131597071137,574.0401725111432
1689.0,411.825012,582.33313,410.34027912040625,574.0965561047337
1698.0,416.783325,582.568054,415.20049934195475,574.146491481047
1707.0,421.74176,582.801025,420.04350152269296,574.1945885883828
1716.0,426.700073,583.036011,424.90374970580825,574.2417239496431
1726.0,432.037018,583.292175,430.26380574885724,574.2942090250087
1735.0,436.84021,583.523621,435.1240275571916,574.3439897195444
1744.0,441.643463,583.753601,439.94976856315805,574.3944936729181
1754.0,446.98056,584.006226,445.30980862300726,574.4485864134074
1763.0,451.784027,584.231995,450.15282721796314,574.4950013170447
1772.0,456.432617,584.448853,454.9441570697082,574.5392108627941
1782.0,461.597748,584.689148,460.3042549875226,574.587229392589
1791.0,466.401398,584.911011,465.11283930144407,574.629435961701
1800.0,471.05011,585.125488,469.9558998365265,574.6712463419445
1810.0,476.215332,585.364014,475.298782607777,574.7168356199176
1819.0,481.018951,585.586304,480.14184515528285,574.75841223972
1828.0,485.977448,585.817932,484.98490376460904,574.8004450959103
1838.0,491.313843,586.084961,490.3104916440274,574.8524238512393
1847.0,496.271393,586.335938,495.17064199831935,574.9087503763634
1856.0,501.229828,586.568542,500.0135632098731,574.9644064007554
1865.0,506.034729,586.761169,504.891129301093,575.0021952869556
1875.0,511.547607,586.928589,510.33762062505997,575.0041269851675
1884.0,516.51062,587.022888,515.2323476471158,574.9575939316728
1893.0,521.474365,587.058655,520.1262363639942,574.8557549787985
1902.0,526.593262,587.025757,525.018446139118,574.6920434590639
1911.0,531.401062,586.930542,529.9079119951845,574.4604369223007
1920.0,536.362,586.760132,534.7763682360625,574.1600824570518
1930.0,542.041565,586.454712,540.2751349289939,573.7316158041235
1939.0,546.992065,586.090515,545.1815465590936,573.2559024164002
1948.0,551.932922,585.612854,550.1284404795482,572.6729226079711
1957.0,556.860779,585.015991,555.0094475261343,571.9837575171449
1966.0,561.771606,584.292175,559.8887782725187,571.1704118507919
1975.0,566.661194,583.43634,564.6773281752779,570.2420429570204
1984.0,571.674866,582.403259,569.5225170281975,569.162987712617
1994.0,576.870239,581.155518,574.7160141690205,567.8361331930761
2003.0,581.65686,579.840759,579.3497440285145,566.487476641093
2012.0,586.247498,578.408875,583.8872418919781,565.0025405327694
2022.0,591.278931,576.61084,588.9167331703294,563.1485791122566
2031.0,595.887207,574.76593,593.3447201136054,561.3178066353124
2041.0,600.763062,572.580811,598.0710961310056,559.1371215865043
2050.0,604.933228,570.51532,602.2601411218599,556.9941635655464
2060.0,609.451416,568.000854,606.8055520899314,554.422591221334
2069.0,613.546326,565.479736,610.7641096764011,551.9432816098342
2079.0,617.815857,562.562988,615.0291973851341,548.9896548785885
2089.0,621.938782,559.442444,619.1321734815039,545.842921363483
2098.0,625.756409,556.269775,622.6743556552949,542.8513893768921
2108.0,629.407837,552.856445,626.416458020513,539.358401931751
2118.0,633.229309,548.879456,629.9343872117507,535.6873347651681
2128.0,636.608093,544.965332,633.2649058421632,531.7999272670837
2137.0,639.376404,541.419495,636.0855014744386,528.1419180268244
2147.0,642.329407,537.174988,638.9754559396567,523.9585314650672
2157.0,644.951355,532.919556,641.6369501552646,519.6059946025357
2167.0,647.405396,528.368286,644.0470872292178,515.1093994590783
2177.0,649.511353,523.835205,646.1751815854682,510.51061703057286
2187.0,651.332642,519.180481,648.0015081695835,505.83934762054423
2197.0,652.810059,514.586182,649.5123437474808,501.12906359915576
2207.0,653.996094,509.908173,650.7191572196481,496.3496515480105
2217.0,654.916565,504.9953,651.6258192178994,491.4692643439193
2227.0,655.478455,500.375702,652.2121395200398,486.57483824737494
2237.0,655.750854,495.557404,652.473179265461,481.7213763494029
2248.0,655.671753,490.24939,652.3911900939356,476.378928177886
2258.0,655.272461,485.439941,651.9775575467455,471.5533824501705
2268.0,654.542419,480.669464,651.2351706919726,466.7848199137416
2279.0,653.335754,475.499817,650.0273868899192,461.58004009351015
2289.0,651.854736,470.725922,648.5886749129136,456.97347578231324
2300.0,649.90863,465.786896,646.6628407008143,452.1191058151917
2310.0,647.74939,461.278992,644.5563116918729,447.77711751022576
2320.0,645.369385,457.080658,642.1598150976315,443.608056636077
2331.0,642.498718,452.842285,639.1993770004748,439.24316267863264
2341.0,639.514343,449.049683,636.2192797036644,435.4911210565685
2352.0,635.815063,444.982056,632.6693245876004,431.63730662728693
2362.0,632.237915,441.490997,629.2007752258146,428.3565921576028
2373.0,628.224121,438.016663,625.1747736861871,425.0031791820919
2383.0,624.28302,434.942352,621.2936364405297,422.13488690508404
2393.0,620.482422,432.256805,617.1847022653452,419.41168323013824
2403.0,615.993958,429.358215,612.8646537144828,416.82970737618064
2413.0,611.69519,426.807892,608.4398184541265,414.4317391297398
2423.0,607.162109,424.320404,603.8504874689455,412.1640679648346
2433.0,602.55481,421.973236,599.1867376843757,410.0536818981138
2442.0,598.356018,419.966583,594.876143779911,408.2548115565208
2452.0,593.475464,417.791962,589.9874831660769,406.36932371934046
2461.0,589.185486,415.988464,585.5721599180871,404.793448023007
2471.0,584.216064,414.025513,580.5657890747134,403.13430849739393
2480.0,579.715698,412.331055,575.987732536294,401.7200261482177
2490.0,574.681335,410.541199,570.9040584038221,400.25208387555483
2499.0,570.125549,409.001984,566.2613630260435,398.9992294834876
2508.0,565.548401,407.527557,561.583032843659,397.8145128040395
2518.0,560.274719,405.912537,556.3340297325047,396.56885402806046
2527.0,555.660156,404.559631,551.6740000405958,395.5305643877061
2536.0,551.031006,403.257507,546.9175859025706,394.53018511395527
2546.0,545.70575,401.821686,541.6597899556693,393.48685522915827
2555.0,541.200928,400.654266,536.9162604347421,392.5984552122381
2564.0,536.535034,399.490875,532.1303876041436,391.7501301606832
2573.0,531.709717,398.326233,527.3540910985881,390.9476495407383
2583.0,526.673096,397.156189,522.0603357235356,390.10556314560785
2592.0,521.829956,396.068054,517.219948551204,389.376749062703
2601.0,516.97937,395.013428,512.4424112034366,388.6944999903984
2611.0,512.086792,393.990387,507.1473218426653,387.9800048182396
2620.0,507.221527,393.005798,502.3257779102877,387.366043702281
2629.0,502.502045,392.083374,497.517258507283,386.78714422456875
2638.0,497.776794,391.19104,492.72217909999756,386.2416716003245
2648.0,492.519775,390.23587,487.392287888033,385.6713952318983
2657.0,487.783173,389.405853,482.55608816729017,385.1862082526362
2666.0,482.889557,388.573608,477.6999062741688,384.7284131073394
2676.0,477.789612,387.721069,472.3951804781955,384.25462804853214
2685.0,473.045746,386.933746,467.58706374737807,383.8394890250648
2694.0,468.302246,386.144073,462.76139299051994,383.42731770052575
2704.0,462.863464,385.227814,457.3864436608028,382.96512818306115
2713.0,458.123535,384.417114,452.61319339015375,382.54694391039294
2722.0,453.233704,383.562805,447.7723090005265,382.11097089515073
2732.0,447.975189,382.615906,442.4354757457992,381.60980597319497
2741.0,443.095306,381.706543,437.5643568619501,381.1273966398261
2750.0,438.373932,380.793945,432.79897602798303,380.6274549038055
2759.0,433.812714,379.871124,427.9515320504154,380.0848999678936
2769.0,428.418976,378.718872,422.57860882968015,379.43554743473976
2778.0,423.576385,377.628174,417.7252920692149,378.7984961274657
2787.0,418.747528,376.47821,412.86218537592356,378.10586033028125
2796.0,414.085327,375.299957,407.9738407934985,377.3485711193037
2805.0,409.291504,374.011719,403.13037020953874,376.52982588408395
2814.0,404.51944,372.645142,398.1981474437019,375.61910897907103
2823.0,399.623413,371.150696,393.31522461834896,374.634888679079
2832.0,394.902008,369.618195,388.44988557219534,373.56713361201565
2841.0,390.064331,367.944519,383.5708856201121,372.4045562337361
2850.0,385.552643,366.280518,378.6815302097443,371.1406698845559
2859.0,381.080597,364.512756,373.8524764009526,369.7855071619615
2868.0,376.509674,362.577118,369.02220677899055,368.3118381313826
2877.0,371.987762,360.529541,364.22851769784836,366.72320663670706
2886.0,367.378754,358.302124,359.5239473015751,365.03482098138306
2895.0,362.96814,356.024719,354.79910661875437,363.2035738828743
2904.0,358.488129,353.548065,350.1247304626267,361.2470992561898
2913.0,354.083099,350.940369,345.5075589375607,359.1592025820337
2921.0,350.232605,348.515839,341.4465264615759,357.18432983333355
2930.0,346.114929,345.743652,336.98593092131495,354.85355609518666
2939.0,342.08551,342.844696,332.55411507374686,352.36125430178964
2948.0,337.903625,339.63092,328.2017671143399,349.7326373315234
2957.0,334.066437,336.481934,323.9781572435048,346.9957525237148
2966.0,330.333069,333.21051,319.81572953397705,344.1058077185689
2975.0,326.592896,329.715454,315.77576505280973,341.10445705875964
2984.0,323.075836,326.212524,311.84749824569275,337.98597239709807
2993.0,319.676514,322.595215,307.99499863523897,334.72078453359154
3002.0,316.397339,318.868683,304.2638603295992,331.3432076304824
3011.0,313.04776,314.794769,300.63336373311057,327.8328373515202
3019.0,310.266785,311.193268,297.5238148514644,324.6299493248207
3028.0,307.545319,307.418335,294.16994076412846,320.9471306320851
3037.0,304.778381,303.29715,290.89590678797873,317.10214603451465
3046.0,302.071442,298.952393,287.784515945742,313.19025700727474
3055.0,299.744934,294.922028,284.8172605263096,309.1893795793699
3064.0,297.413818,290.539551,281.9675426246562,305.06199123152675
3073.0,295.239655,286.077118,279.28089179251816,300.86752675755173
3082.0,293.214874,281.544952,276.75932460310355,296.61181311412423
3092.0,291.093353,276.267639,274.1108106303874,291.7542607736562
3101.0,289.34671,271.455811,271.88359430104305,287.29879981663163
3110.0,287.812378,266.735016,269.8164394245459,282.7858090170061
3119.0,286.445007,261.963165,267.8918280236292,278.17283820742404
3128.0,285.20871,256.995697,266.12895152218067,273.49567077667757
3137.0,284.148743,251.987625,264.54264377041983,268.79207183994475
3146.0,283.272064,246.944244,263.10454236098997,263.96907659544917
3155.0,282.64151,242.333511,261.8756009834954,259.230910174122
3164.0,282.134308,237.239685,260.80826729403594,254.40077575560608
3173.0,281.830902,232.28508,259.91346925379133,249.5006776561349
3182.0,281.70871,227.322693,259.21446251057205,244.65589618341122
3191.0,281.767365,222.359146,258.68876376665156,239.73725403986916
3200.0,282.011017,217.401245,258.34351262307945,234.80266172099928
3209.0,282.439453,212.455872,258.1835237729476,229.91032878942727
3219.0,283.095032,207.326874,258.21921555495516,224.41224577208772
3228.0,283.908417,202.430069,258.4441696968567,219.43620110274338
3237.0,284.930786,197.414185,258.8481801297615,214.52336547743099
3246.0,286.024872,192.890976,259.4303149402076,209.64579742353925
3255.0,287.365204,188.111465,260.1911291009738,204.77544424086202
3264.0,288.87738,183.383514,261.1273268057198,199.93574257971957
3273.0,290.505188,178.858643,262.224889158452,195.1831184776048
3282.0,292.2995,174.397171,263.506039965963,190.4230942214008
3292.0,294.427734,169.684738,265.12578208629424,185.2230262471212
3301.0,296.636749,165.239471,266.7588948907898,180.62682982595598
3310.0,299.006836,160.877945,268.5728770614059,176.06185230765806
3319.0,301.457367,156.740417,270.52530257825015,171.62958222839353
3329.0,304.357452,152.252884,272.8947009012339,166.76379203200494
3338.0,307.016846,148.433975,275.18366056927016,162.47603063684085
3347.0,309.996307,144.463699,277.6039961878349,158.3008297555084
3356.0,313.112885,140.600128,280.169776019701,154.21339770587605
3366.0,316.627106,136.575363,283.1759881169438,149.79625343429262
3375.0,320.008514,132.941299,285.9932053474222,145.96311774681558
3385.0,323.660553,129.280838,289.2540242601985,141.8397643867816
3394.0,326.955414,126.218063,292.32801468439806,138.23192027279774
3404.0,331.145416,122.631447,295.9241696609876,134.3269279628722
3413.0,334.907593,119.636391,299.2913295854785,130.94223356756223
3422.0,338.7742,116.77742,302.8020598072079,127.65604461852072
3432.0,343.19751,113.780296,306.8513501525269,124.14375146915681
3441.0,347.407288,111.150093,310.60305831004337,121.1356041324405
3451.0,351.754456,108.683159,314.85695594817804,117.98870850574635
3460.0,356.014191,106.451828,318.76242098648635,115.33348583881437
3469.0,360.478058,104.280609,322.8166991863717,112.7797386880391
3479.0,365.35379,102.095276,327.42559620491267,110.07667691255641
3488.0,369.794312,100.249756,331.59923645219345,107.7940535952765
3497.0,374.283508,98.526001,335.9570905476482,105.5647878802392
3507.0,379.488342,96.701271,340.85935990389527,103.23142653891827
3516.0,384.211487,95.174179,345.28840383558526,101.27169357100448
3525.0,388.816193,93.7882,349.81135829489,99.39995616833075
3534.0,393.447266,92.493011,354.3098072996391,97.65230532859059
3544.0,398.787567,91.114143,359.4264371178267,95.78565839434216
3553.0,403.461609,89.983864,363.99040391983766,94.21704947682503
3562.0,408.149323,88.911713,368.6103214339009,92.70688514569798
3572.0,413.370789,87.778175,373.74264453314515,91.10149111559537
3581.0,418.228851,86.758675,378.39579191016236,89.69705043279164
3590.0,422.939178,85.790573,383.0416685274252,88.32854251847813
3599.0,427.652313,84.83625,387.7101160460452,86.9758297220393
3609.0,432.89209,83.790741,392.91311220031486,85.48626815336064
3618.0,437.609711,82.85891,397.6221245794117,84.14995967137553
3627.0,442.480957,81.90435,402.283675408904,82.83583360496192
3636.0,447.352631,80.951935,406.99660725459955,81.51341485005146
3646.0,452.764557,79.88839,412.1912794995677,80.0577089338579
3655.0,457.481995,78.955597,416.85390283377967,78.74739328576769
3664.0,462.349915,77.984299,421.51473753523953,77.4307295701457
3673.0,467.216187,77.004768,426.18988601384956,76.10136098066161
3683.0,472.449036,75.925133,431.4077380719148,74.60108104327763
3692.0,477.15387,74.930679,436.0730738395281,73.2376748971917
3701.0,481.70105,73.940956,440.7475507770509,71.84435356501287
3710.0,486.392334,72.884521,445.4459335274881,70.41091344129904
3719.0,491.227173,71.760002,450.1008389137487,68.95354086741854
3729.0,496.4198,70.500961,455.3012643176875,67.2778640740902
3738.0,501.233398,69.288734,459.97931797085124,65.72383951528863
3747.0,506.035278,68.030869,464.65904527948726,64.1208572875663
3756.0,510.824463,66.725471,469.3065346470265,62.47768325848538
3765.0,515.74884,65.327347,473.9206252929699,60.79253680523733
3774.0,520.360596,63.965099,478.5166275433562,59.05866415353479
3783.0,525.25592,62.46838,483.14236925561863,57.25790629852863
3792.0,529.839905,61.015289,487.7011867433333,55.428498150633466
3802.0,535.077209,59.285934,492.7806062568972,53.32381571043334
3811.0,539.773804,57.679031,497.34410733328895,51.370696879767245
3820.0,544.450989,56.016441,501.86943356352305,49.37299264351441
3829.0,548.964661,54.357758,506.40279321098797,47.30894922730365
3838.0,553.748779,52.536648,510.8808140570811,45.207347693343756
3847.0,558.222168,50.772335,515.3337329908967,43.053069931667224
3856.0,562.673279,48.952415,519.7906783630772,40.828825595568986
3865.0,567.242493,47.012722,524.2033059606117,38.55529685671274
3874.0,571.78595,45.013474,528.5550422798805,36.239790579719234
3883.0,576.446533,42.896095,532.8761114122423,33.86754694455356
3892.0,580.938049,40.782703,537.1659381147715,31.43926253503592
3901.0,585.401001,38.6096,541.4228447227923,28.95371944713281
3911.0,590.167175,36.194679,546.1447482559754,26.10351842978705
3920.0,594.565735,33.894085,550.3123442394642,23.50338482239649
3929.0,598.792603,31.601067,554.4569661467347,20.834810754282035
3938.0,603.254517,29.091911,558.6045334894236,18.076312964700463
3947.0,607.543213,26.592445,562.681076589608,15.274314381915968
3956.0,611.792603,24.026739,566.7139218123599,12.409779670149533
3965.0,616.136353,21.318224,570.7441063695989,9.453220661912189
3974.0,620.44281,18.550831,574.6743885302932,6.477979419834053
3983.0,624.575745,15.801494,578.613849968329,3.401573674028455
3992.0,628.6651,12.987741,582.4785500594127,0.28639977087210466
4001.0,632.583496,10.200224,586.2939052512108,-2.889018312050518
4010.0,636.586304,7.264603,590.0728181513016,-6.134236673084769
4019.0,640.666748,4.173603,593.8143727875494,-9.448508484292315
4028.0,644.576355,1.115016,597.4659693712341,-12.785459502154183
4037.0,648.43811,-2.003824,601.0777600897262,-16.190629548825434
4046.0,652.251038,-5.182168,604.6609148624872,-19.675544269307572
4056.0,656.299133,-8.66948,608.5402612945537,-23.571806841167707
4065.0,660.128906,-12.066096,611.9979833339805,-27.15730307116555
4074.0,663.902893,-15.524632,615.3997524348263,-30.79592807270088
4083.0,667.624512,-19.039465,618.7549594704818,-34.50081868950457
4092.0,671.065186,-22.398922,622.0270990324293,-38.23355467374872
4101.0,674.558167,-25.925858,625.2701278074123,-42.059648119751785
4110.0,677.994446,-29.508036,628.4033805140374,-45.88745783054126
4119.0,681.369019,-33.148434,631.502035610998,-49.809442701072705
4128.0,684.780029,-36.965397,634.5308976883094,-53.785574395473304
4137.0,688.12146,-40.843452,637.4761908574756,-57.80264709396033
4146.0,691.292847,-44.662182,640.346738684323,-61.873467661248
4155.0,694.40033,-48.533058,643.1325644963483,-65.98192111552757
4164.0,697.436707,-52.459961,645.853338128362,-70.154332380085
4173.0,700.318115,-56.309849,648.491282124114,-74.35926599623265
4182.0,703.225281,-60.333336,651.0659616038893,-78.62337791944607
4191.0,706.067749,-64.402794,653.5511660457483,-82.90042813983763
4200.0,708.775146,-68.377007,655.93335762488,-87.15686353279838
4209.0,711.525146,-72.509514,658.3062087191015,-91.51688565723595
4219.0,714.490479,-77.159996,660.8554693399149,-96.34944061137789
4228.0,717.083618,-81.392708,663.076642622741,-100.75007324304505
4237.0,719.679443,-85.804749,665.24681225035,-105.25273828965916
4246.0,722.124451,-90.124702,667.3208052699111,-109.76259063710249
4255.0,724.57666,-94.618149,669.3100056450418,-114.29166135560178
4264.0,726.882202,-99.014145,671.231339353881,-118.86863546741527
4273.0,729.192444,-103.582191,673.0790152178646,-123.4758373451911
4282.0,731.357666,-108.048965,674.8642680518808,-128.1445096460957
4291.0,733.446228,-112.552101,676.5649927599196,-132.82629994305827
4300.0,735.39679,-116.947502,678.1723518682193,-137.50452571813088
4309.0,737.396484,-121.659782,679.7023000907818,-142.22675757152507
4318.0,739.328186,-126.400337,681.1632891142456,-147.0068349566634
4327.0,741.087646,-130.875656,682.5397717360765,-151.75811849875862
4336.0,742.848328,-135.516815,683.8638111732355,-156.56004982751733
4345.0,744.554504,-140.178268,685.1236084351503,-161.36141693489463
4354.0,746.200256,-144.861404,686.3187946994492,-166.16151375675344
4363.0,747.794067,-149.562469,687.4651495430111,-171.02664472181846
4373.0,749.496094,-154.808716,688.6582730843152,-176.39382712826287
4382.0,750.971497,-159.548279,689.6643916988098,-181.20187001403727
4391.0,752.40741,-164.299957,690.6273079305724,-186.08903864708796
4400.0,753.841858,-169.213882,691.5488060324967,-191.01925851450463
4409.0,755.186279,-173.992249,692.4153901504001,-195.90692126959792
4418.0,756.48114,-178.784271,693.2358806393058,-200.83748149052738
4427.0,757.68811,-183.439102,694.0043525510417,-205.77641656354317
4436.0,758.890076,-188.25528,694.7225812296674,-210.7229078755538
4445.0,760.05304,-193.081009,695.3990675285812,-215.710069902159
4454.0,761.213196,-198.066833,696.0202807369662,-220.6001897842235
4463.0,762.309021,-202.908264,696.6101550994288,-225.54626632566277
4472.0,763.372009,-207.757004,697.164953171906,-230.49640006285028
4481.0,764.395752,-212.614182,697.6842552683784,-235.45038333390255
4490.0,765.364197,-217.482681,698.158939101093,-240.4088407730897
4499.0,766.285645,-222.518082,698.5680527295638,-245.35584403566472
4508.0,767.08197,-227.260452,698.8977534429681,-250.23967607465738
4517.0,767.840759,-232.166016,699.160495233922,-255.19660879482007
4526.0,768.561462,-237.077316,699.3605617016418,-260.1219668244184
4535.0,769.268616,-241.833801,699.5283241051688,-265.06577663887833
4544.0,770.075989,-246.888733,699.7085946356333,-270.0436403828063
4553.0,770.9599,-251.930847,699.9432112816255,-275.08825732187734
4562.0,771.889771,-256.806854,700.2459975650795,-280.0601729872742
4571.0,772.865601,-261.673889,700.6195401737451,-285.06184196996657
4580.0,773.851013,-266.539001,701.0394992367583,-290.09441978038615
4589.0,774.823914,-271.406616,701.4703315100452,-295.1260784119741
4598.0,775.800598,-276.43158,701.8924667781544,-300.210361096368
4607.0,776.724121,-281.466583,702.280789714827,-305.2454788039681
4616.0,777.560547,-286.359497,702.6200449042857,-310.30141505062517
4625.0,778.397034,-291.566864,702.8978312793462,-315.3438390473122
4634.0,779.12323,-296.320496,703.1222526466668,-320.337160966084
4643.0,779.852295,-301.23056,703.3122583824547,-325.3836550811011
4652.0,780.586548,-306.296631,703.4753125315427,-330.36211249898986
4661.0,781.265991,-311.057159,703.6196679510329,-335.27217487850623
4670.0,781.932556,-315.819519,703.7500869802893,-340.148143484942
4679.0,782.59021,-320.583099,703.8692072379444,-345.05888288162095
4688.0,783.241028,-325.347626,703.9767575723307,-349.95264941375996
4697.0,783.921875,-330.421173,704.0752985369008,-354.8983232186008
4707.0,784.623047,-335.718048,704.1725552454809,-360.3611849439484
4716.0,785.249268,-340.48587,704.2504641457451,-365.23827518069805
4725.0,785.872131,-345.25412,704.3232901322801,-370.1671568679492
4734.0,786.492859,-350.022644,704.3922898411237,-375.0788561765447
4743.0,787.116516,-354.790802,704.4588838833168,-379.9044019632425
4753.0,787.818909,-360.087524,704.5350339680292,-385.33312383445406
4762.0,788.468933,-365.008667,704.605988556513,-390.2275577539062
4771.0,789.11731,-369.930023,704.6761367264057,-395.1047657880585
4780.0,789.761414,-374.851959,704.7423172371288,-399.9647919488684
4790.0,790.454224,-380.149933,704.8119422445012,-405.35912710766485
4799.0,791.073914,-384.91861,704.8709603184516,-410.2020085145669
4808.0,791.670898,-389.533813,704.9256036062983,-415.04494125883036
4817.0,792.283875,-394.303345,704.9760395008085,-419.922392969989
4827.0,792.959534,-399.603516,705.0268960313143,-425.33417421663364
4836.0,793.581726,-404.528259,705.0673979262574,-430.2461911806093
4845.0,794.197144,-409.453857,705.1009562520978,-435.1065520707617
4854.0,794.806946,-414.380157,705.1283564968343,-439.96695157803936
4863.0,795.415405,-419.30661,705.150626094091,-444.8446132144362
4873.0,796.064453,-424.610138,705.1693688475146,-450.2566009599345
4882.0,796.642761,-429.384003,705.1798804455573,-455.13430210703706
4891.0,797.217773,-434.158264,705.1847140775603,-460.01201218556173
4900.0,797.784119,-438.933563,705.1832803086571,-464.92419591606136
4910.0,798.408447,-444.240051,705.1736758543055,-470.3189718337001
4919.0,798.96875,-449.016052,705.1588350686126,-475.1621901031415
4928.0,799.522461,-453.792847,705.1382916623577,-480.05709520068626
4937.0,800.072144,-458.570099,705.1117847934986,-484.93473565074436
4947.0,800.690918,-464.05072,705.0742973861998,-490.34662601756844
4956.0,801.225708,-468.829651,705.0328886223599,-495.20692636405255
4965.0,801.756042,-473.6091,704.9855539359928,-500.0844091576261
4974.0,802.283813,-478.388824,704.9344847777566,-504.96185427932784
4984.0,802.869995,-483.699646,704.8748156862056,-510.33907196010324
4993.0,803.431702,-488.78775,704.8189483548107,-515.233701342068
5002.0,803.957642,-493.567657,704.7628089749386,-520.0766169746589
5011.0,804.482056,-498.347748,704.7045229806045,-524.9539811928616
5021.0,805.06488,-503.658936,704.6386803728126,-530.3311268239493
5030.0,805.591248,-508.438812,704.5793176528392,-535.1912410418698
5039.0,806.153625,-513.526855,704.5213057219614,-540.0686085275137
5048.0,806.685059,-518.306152,704.4657396320946,-544.9115307717818
5058.0,807.303711,-523.786804,704.4078898441328,-550.3060050602655
5067.0,807.866028,-528.71875,704.3608428305479,-555.1662540993858
5076.0,808.432129,-533.650269,704.3183960244424,-560.0265454911038
5085.0,809.000183,-538.581543,704.2798822007102,-564.8523970834503
5095.0,809.613647,-543.889282,704.2392506661553,-570.2642647579814
5104.0,810.184753,-548.82019,704.2043960225702,-575.124616524837
5113.0,810.742432,-553.596497,704.1708985193408,-579.9849778345582
5122.0,811.321472,-558.526489,704.1398183161066,-584.8453552031093
5132.0,811.972595,-564.003357,704.1084477153613,-590.2572844832864
5141.0,812.573181,-569.087036,704.0821815623958,-595.1521622176863
5150.0,813.153076,-574.016968,704.0551916827575,-600.0125640210513
5159.0,813.729126,-578.947327,704.0243368114805,-604.9246510555812
5169.0,814.367493,-584.42572,703.9870944870869,-610.3193069719815
5178.0,814.941406,-589.356323,703.9507040537165,-615.2141199083326
5187.0,815.495728,-594.133057,703.9127726643716,-620.0744486372832
5196.0,816.066345,-599.064026,703.872732360069,-624.9519967660224
5205.0,816.632263,-603.995544,703.8296064864686,-629.8467549934062
5215.0,817.256958,-609.475464,703.7776833765356,-635.2240530488965
5224.0,817.794556,-614.254089,703.7252614169889,-640.1014838185017
5233.0,818.331238,-619.032837,703.6674991358009,-644.9616173210537
5242.0,818.862061,-623.812195,703.6047394941443,-649.8561631807729
5251.0,819.406921,-628.746094,703.5372656136618,-654.7678836872076
5261.0,819.987183,-634.057556,703.4569818895138,-660.179308376868
5270.0,820.506165,-638.838257,703.3799503355647,-665.0564125498205
5279.0,821.039368,-643.773438,703.299080718828,-669.9334545917992
5288.0,821.572205,-648.708618,703.2149529416433,-674.8449180778678
5298.0,822.148865,-654.020508,703.1223049932775,-680.2389069362866
5307.0,822.685913,-658.955261,703.0396059737467,-685.1159183004628
5316.0,823.244629,-664.043701,702.9583316124805,-690.0274298331866
5325.0,823.771362,-668.823547,702.8805277739865,-694.8872838131404
5334.0,824.318115,-673.757263,702.8051273748583,-699.7471756765019
5344.0,824.937439,-679.237793,702.7262090836286,-705.1413828796406
5353.0,825.481995,-684.015625,702.6605264277287,-710.0186530959453
5362.0,826.012329,-688.638977,702.5997098091502,-714.8615122507495
5371.0,826.564026,-693.416016,702.541257166576,-719.773348398918
5381.0,827.198303,-698.894836,702.4800972852028,-725.1850230119319
5390.0,827.751892,-703.671631,702.4266936442365,-730.0796798943544
5399.0,828.306824,-708.448242,702.3746879285277,-734.9226416802762
5408.0,828.86615,-713.224365,702.3239629846014,-739.7828537254261
5418.0,829.511902,-718.701843,702.2702430618987,-745.2463170288204
5427.0,830.077148,-723.477295,702.2252469656527,-750.1065854879777
5436.0,830.660034,-728.40686,702.1805407156504,-755.0185659856069
5445.0,831.242554,-733.336426,702.1360707633966,-759.878839287295
5454.0,831.805054,-738.112183,702.0901845666408,-764.7908089039382
5464.0,832.441589,-743.590759,702.0362367073623,-770.1853236249824
5473.0,832.968201,-748.214539,701.9811384895644,-774.993777501746
5482.0,833.495056,-752.994385,701.9130052534406,-779.888251508996
5491.0,833.998047,-757.776794,701.8277717319327,-784.7135040570791
5501.0,834.521606,-763.094177,701.7034057197407,-790.1240951286022
5510.0,834.97229,-768.037537,701.5603168886337,-794.9824651978918
5519.0,835.37262,-772.82959,701.3813873995379,-799.8568947247253
5528.0,835.737915,-777.780029,701.1595939440992,-804.7813222015355
5538.0,836.066833,-783.112976,700.8594318042146,-810.2022743946611
5547.0,836.31665,-788.070557,700.5305442992399,-815.1207102558171
5556.0,836.506348,-793.030823,700.1413599553425,-820.0693212515813
5565.0,836.627441,-797.993225,699.6904725464722,-824.9953846139539
5574.0,836.678345,-802.956848,699.1649318036176,-829.9833735494384
5583.0,836.658508,-807.920715,698.5747456389637,-834.9120544614045
5592.0,836.559631,-813.038757,697.9079471483625,-839.8657408167896
5601.0,836.380188,-817.99939,697.157839683782,-844.8423619178793
5610.0,836.103333,-823.110901,696.3162253957497,-849.8392880534166
5619.0,835.743347,-828.217224,695.4026371326729,-854.7359176496628
5628.0,835.29126,-833.316223,694.3858920089439,-859.7001713465652
5637.0,834.744202,-838.405945,693.2823137140289,-864.62818514317
5645.0,834.19635,-842.784119,692.2319445428171,-868.9491717338146
5654.0,833.501404,-847.699097,690.9642098670421,-873.7840944349992
5663.0,832.680603,-852.751892,689.5874822624849,-878.6607948068373
5672.0,831.788086,-857.634888,688.1203789723227,-883.4930626976449
5681.0,830.793335,-862.498108,686.5538730707635,-888.2940276311681
5690.0,829.690613,-867.337952,684.8732539304086,-893.0927857247998
5699.0,828.409119,-872.454041,683.1051842494552,-897.8048286358443
5708.0,827.116089,-877.085693,681.2343896457944,-902.4398859478428
5717.0,825.667786,-881.833618,679.2171798431951,-907.0883749524692
5726.0,824.06366,-886.694824,677.0824830104158,-911.7030937270257
5735.0,822.362427,-891.522888,674.860117707335,-916.2378812074041
5744.0,820.567505,-896.316895,672.5562841498472,-920.6930554612704
5752.0,818.934814,-900.416077,670.3920287459921,-924.676027680854
5761.0,816.931335,-905.12677,667.8696691320632,-929.0908053552276
5770.0,814.891357,-909.6521,665.2910822241394,-933.3726879193431
5779.0,812.735535,-914.123413,662.5473498062738,-937.6942876026595
5788.0,810.398987,-918.67804,659.7065595171596,-941.9319802688027
5797.0,807.954468,-923.175659,656.7818077599453,-946.0700248036654
5806.0,805.398193,-927.610718,653.7370959062519,-950.163661124516
5814.0,803.116028,-931.387024,650.9376838275662,-953.7508490649959
5823.0,800.358643,-935.69989,647.7265271393029,-957.6708054598117
5832.0,797.487488,-939.937866,644.4372029837525,-961.4799740557049
5841.0,794.600281,-943.975708,641.0138545171527,-965.2393949170021
5850.0,791.607849,-947.936218,637.4695584747751,-968.932937521017
5859.0,788.426147,-951.94635,633.8555299815068,-972.5094383229139
5868.0,785.143372,-955.874146,630.1644686393387,-975.9812752404816
5876.0,782.238953,-959.195801,626.7628160408566,-979.0293131664874
5885.0,778.874573,-962.845642,622.8559124353658,-982.3635525949569
5894.0,775.199707,-966.628723,618.8510092478127,-985.6068764908296
5903.0,771.544617,-970.212646,614.8176088006469,-988.7027189882656
5911.0,768.323242,-973.227844,611.1412131533957,-991.3839016287226
5920.0,764.49408,-976.625183,606.97397865113,-994.2669108234635
5929.0,760.582214,-979.926941,602.7323718497213,-997.0393388488734
5938.0,756.70343,-983.024536,598.4045186276239,-999.7080925700146
5947.0,752.745483,-986.020386,593.9919287915756,-1002.2687916031326
5956.0,748.589172,-989.008606,589.5439476342688,-1004.6963519088879
5965.0,744.36377,-991.898254,585.0829568184927,-1006.9889023738672
5973.0,740.670105,-994.31189,581.005616518411,-1008.9696510283976
5982.0,736.453918,-996.931763,576.4310418641724,-1011.0679087640021
5991.0,732.049011,-999.539612,571.8094517287194,-1013.0604758048103
6000.0,727.594177,-1002.061279,567.1452225990857,-1014.9510803162054
6009.0,723.223755,-1004.414917,562.4582123287203,-1016.7366226479364
6018.0,718.809692,-1006.685608,557.7518563421401,-1018.4200245791986
6027.0,714.355225,-1008.876038,553.0137311911226,-1020.0118156420875
6036.0,709.864624,-1010.991394,548.2308877877317,-1021.5219930063582
6045.0,705.343079,-1013.039795,543.4726313312503,-1022.9359274939783
6054.0,700.652466,-1015.089844,538.676318078818,-1024.28017602078
6063.0,695.932129,-1017.070435,533.8772907814052,-1025.548857320248
6073.0,690.658264,-1019.2005,528.5414119963324,-1026.8749750977738
6082.0,686.035522,-1021.008911,523.7419045840206,-1027.999211243074
6091.0,681.394287,-1022.769287,518.8961813075127,-1029.0758640043869
6100.0,676.591064,-1024.539429,514.0561984836901,-1030.0976105339575
6109.0,671.917053,-1026.210938,509.2231914481056,-1031.0677761410707
6118.0,667.375488,-1027.791626,504.38123526901296,-1031.992242836515
6127.0,662.673584,-1029.382935,499.53122888048836,-1032.8735012222937
6136.0,658.107727,-1030.891968,494.67405637274703,-1033.7143659803114
6145.0,653.384155,-1032.417847,489.8275941258187,-1034.5152122495645
6155.0,648.123413,-1034.074585,484.46454635026504,-1035.3605160692066
6164.0,643.232178,-1035.584595,479.5730036109313,-1036.0968647195475
6173.0,638.480774,-1037.021484,474.76236351869335,-1036.7911096667451
6182.0,633.870605,-1038.389282,469.8794727261309,-1037.466798810615
6191.0,629.104919,-1039.777954,465.0271025227446,-1038.11102032128
6200.0,624.33252,-1041.143311,460.13725533656236,-1038.7343764049272
6210.0,619.187256,-1042.583618,454.7308454018287,-1039.3939240462057
6219.0,614.550354,-1043.857788,449.88595240654143,-1039.9588053066102
6228.0,609.758972,-1045.154907,445.00421159746264,-1040.5048435203398
6237.0,604.96228,-1046.432495,440.1373352314593,-1041.028324545353
6246.0,600.160278,-1047.689941,435.26837258075216,-1041.532031455698
6256.0,594.985352,-1049.019897,429.86540716785163,-1042.0656837182935
6265.0,590.173096,-1050.237427,424.97485503945956,-1042.5261736067364
6274.0,585.507263,-1051.401245,420.0825246035194,-1042.9673696668413
6283.0,580.686401,-1052.584229,415.2057265469552,-1043.3885093835652
6292.0,576.010681,-1053.70752,410.39596535696154,-1043.7841407791889
6302.0,570.639526,-1054.960693,404.9311651189365,-1044.2047536905857
6311.0,565.797852,-1056.05542,400.06550556274595,-1044.5474431380248
6320.0,561.100342,-1057.08374,395.14595995228444,-1044.8592913347936
6329.0,556.091492,-1058.139893,390.27590446701635,-1045.1324918921591
6338.0,551.378845,-1059.096558,385.3694433702452,-1045.3695373809364
6347.0,546.658936,-1060.016846,380.426791337808,-1045.5685112280416
6356.0,541.932068,-1060.900757,375.51715889553486,-1045.7268158068039
6366.0,536.671204,-1061.834351,370.03773309048404,-1045.8566222384259
6375.0,531.776855,-1062.662354,365.0571636430371,-1045.9311399975772
6384.0,526.722168,-1063.471313,360.1278458794402,-1045.9628369488887
6393.0,521.814941,-1064.21936,355.18120213381087,-1045.9520963989307
6402.0,516.901917,-1064.928101,350.2348189695989,-1045.900199401059
6411.0,512.136414,-1065.571655,345.30628475068823,-1045.806771545144
6420.0,507.057678,-1066.212646,340.3271019601918,-1045.6676181905657
6429.0,502.127808,-1066.792847,335.40106504913587,-1045.4850294117389
6438.0,497.192078,-1067.320923,330.4425001816834,-1045.255138793848
6447.0,492.40567,-1067.78418,325.50370123399904,-1044.9764549946426
6456.0,487.460205,-1068.211304,320.5681062219329,-1044.6458470962864
6466.0,481.959991,-1068.620972,315.0867088219332,-1044.2163435315322
6475.0,477.005859,-1068.931885,310.1601554833292,-1043.7708416712921
6484.0,472.048248,-1069.181519,305.2566329991676,-1043.2662174957316
6493.0,467.087372,-1069.354614,300.30909751658686,-1042.6887076985238
6502.0,462.12439,-1069.448853,295.3708432622901,-1042.0365805351678
6511.0,457.160522,-1069.464111,290.49479214393654,-1041.3131831323265
6520.0,452.197052,-1069.399048,285.5802687234941,-1040.5013429589
6529.0,447.080505,-1069.240601,280.69724629707986,-1039.6089824801313
6538.0,442.122406,-1069.001221,275.83066406227766,-1038.6309269638973
6547.0,437.16925,-1068.675049,270.9653062412659,-1037.563257450056
6556.0,432.22226,-1068.265625,266.10255627546957,-1036.4068442433065
6565.0,427.282379,-1067.778076,261.32699216442256,-1035.1848926352163
6574.0,422.350037,-1067.219238,256.572040486362,-1033.8850415473805
6584.0,417.052338,-1066.524414,251.30963804286372,-1032.3526977917531
6593.0,412.140869,-1065.804932,246.5998260844413,-1030.8977580584515
6602.0,407.393097,-1065.041504,241.8960990084638,-1029.3666305979493
6611.0,402.502777,-1064.190063,237.23083610218708,-1027.774619188897
6620.0,397.624207,-1063.273682,232.61971372019318,-1026.1320394119045
6629.0,392.912506,-1062.312378,228.04986471629704,-1024.4265896015233
6638.0,388.060364,-1061.265015,223.47376046180534,-1022.640862603939
6648.0,382.685791,-1060.026489,218.44253840395973,-1020.6003664400072
6657.0,377.863373,-1058.849854,213.89922170387473,-1018.6879199246863
6666.0,373.05661,-1057.61084,209.41236225792505,-1016.7312364403683
6675.0,368.115753,-1056.272095,204.95131533230304,-1014.7163969249456
6684.0,363.341675,-1054.912476,200.5327439173867,-1012.6504091163117
6694.0,358.063141,-1053.313354,195.61750839874108,-1010.2644550316999
6703.0,353.482483,-1051.849854,191.24749816330157,-1008.059114131144
6712.0,348.777618,-1050.267334,186.83493232570552,-1005.748078076439
6721.0,343.950378,-1048.563843,182.51841494811123,-1003.4034610956072
6730.0,339.146698,-1046.794922,178.2521229229661,-1001.0036131209017
6739.0,334.659729,-1045.065308,174.00637227694995,-998.5331571893523
6748.0,329.910797,-1043.154297,169.78270589905478,-995.9915394683965
6758.0,324.828125,-1041.012695,165.16040947199045,-993.1108021992496
6767.0,320.423798,-1039.082397,161.04650611045042,-990.4581964845946
6776.0,315.906311,-1037.025146,156.9854152506114,-987.7564155900232
6785.0,311.414673,-1034.911987,152.97666444760418,-985.0079339831818
6794.0,306.810211,-1032.675171,148.96260398740893,-982.1765262626698
6804.0,301.734253,-1030.109009,144.5844486338212,-978.9950614509705
6813.0,297.47406,-1027.87854,140.69490211495017,-976.0803295557022
6822.0,293.108521,-1025.515869,136.81940988997297,-973.0901660217703
6831.0,288.776855,-1023.091675,133.01305240372423,-970.0676047187303
6841.0,283.853485,-1020.243652,128.8378373550545,-966.651279391066
6850.0,279.727875,-1017.773071,125.10898594036763,-963.5068007218226
6859.0,275.506836,-1015.16095,121.47934228647252,-960.3524463593087
6868.0,271.328918,-1012.480408,117.82176926681278,-957.0734662337619
6877.0,267.198273,-1009.7276,114.2187001827783,-953.7346873801159
6887.0,262.671509,-1006.57666,110.30649798648282,-949.9701829020108
6896.0,258.650848,-1003.665527,106.85835122936363,-946.5202027693857
6905.0,254.687271,-1000.677185,103.42864876246166,-942.9555792697557
6914.0,250.782501,-997.612366,100.0801621211013,-939.3380088801343
6923.0,246.932892,-994.478577,96.82461548979417,-935.6826109432614
6932.0,243.142761,-991.273071,93.59356425190546,-931.9142527942698
6942.0,239.005463,-987.625793,90.14226979110565,-927.7231447623498
6951.0,235.340332,-984.278076,87.09549056712216,-923.8700048196308
6960.0,231.849304,-980.970947,84.10965188504181,-919.9477674892502
6969.0,228.306641,-977.493896,81.20530337333314,-915.9861629178152
6978.0,224.826157,-973.954651,78.37190871846113,-911.9735047230998
6987.0,221.408707,-970.354492,75.5708606390934,-907.8545540588722
6996.0,218.159576,-966.809448,72.86144633265432,-903.7158980183626
7005.0,214.861542,-963.099548,70.23258321081137,-899.5459751176542
7015.0,211.265045,-958.91803,67.38070153992663,-894.8452345691733
7024.0,207.996719,-954.97821,64.87980880784819,-890.5573737058096
7033.0,204.795044,-950.984009,62.46214956501826,-886.2417829593246
7042.0,201.759384,-947.056519,60.10514801528871,-881.8535978433753
7051.0,198.792358,-943.076965,57.834651965801044,-877.4394090243289
7060.0,195.89621,-939.045532,55.643759137407976,-872.9851746506768
7069.0,193.152863,-935.096069,53.53869888082582,-868.5087786648701
7078.0,190.39183,-930.970886,51.49637039928245,-863.9655948373381
7087.0,187.700485,-926.799927,49.546662340186366,-859.4193834267371
7096.0,185.080322,-922.583862,47.66339592398331,-854.8079918230156
7105.0,182.533783,-918.322937,45.8602840989833,-850.1646726800091
7114.0,180.064606,-914.016724,44.138797661204286,-845.4904765606951
7123.0,177.669983,-909.66864,42.49609938238627,-840.7697593377129
7132.0,175.350739,-905.279846,40.9391707937714,-836.0200643891345
7141.0,173.167816,-900.995117,39.49447896939077,-831.3431654723224
7150.0,170.9729,-896.542847,38.102292285687106,-826.5785005860317
7160.0,168.588516,-891.569458,36.63591313328678,-821.2973369790079
7169.0,166.487991,-887.071899,35.36820363861668,-816.5158819344937
7178.0,164.438263,-882.550964,34.15707702572413,-811.7375610328817
7187.0,162.444733,-878.004944,32.997578310858216,-806.9287189232037
7196.0,160.440582,-873.294556,31.899953197973126,-802.1230558656436
7205.0,158.60675,-868.849182,30.858332086431652,-797.3049438109871
7214.0,156.761139,-864.24115,29.86950041073796,-792.4757212826308
7223.0,155.012894,-859.761414,28.929846780264008,-787.6366894201637
7232.0,153.246323,-855.122498,28.034917402808684,-782.7891869992663
7242.0,151.332092,-849.94989,27.0921888273482,-777.4074047730297
7251.0,149.647247,-845.280701,26.28597072844369,-772.5443614164229
7260.0,148.002655,-840.597168,25.51653775291878,-767.6404662159621
7269.0,146.392776,-835.901611,24.800673192710363,-762.8155706828363
7278.0,144.815979,-831.194824,24.119156967201977,-757.9682978846663
7287.0,143.271149,-826.477417,23.47652621830453,-753.150491343892
7297.0,141.646515,-821.387329,22.79970911379066,-747.780958658893
7306.0,140.21347,-816.797058,22.21953390647538,-742.9031571267789
7315.0,138.805389,-812.199036,21.677439692700684,-738.090349493208
7324.0,137.419449,-807.594299,21.159260847678702,-733.2402392203677
7334.0,135.912689,-802.468079,20.612769097097246,-727.8212339389485
7343.0,134.580063,-797.847656,20.151718859634627,-722.9653600060013
7352.0,133.310379,-793.370544,19.7166856701244,-718.1243910670614
7361.0,131.976639,-788.589172,19.302152835482143,-713.2643250692438
7370.0,130.705078,-783.951538,18.908288673353166,-708.402540417912
7380.0,129.270676,-778.625916,18.496670929111183,-702.988910321295
7389.0,128.034409,-773.97876,18.151815234584035,-698.157962380743
7398.0,126.773232,-769.177734,17.818257675215136,-693.2571164933
7407.0,125.526436,-764.372986,17.504578440298353,-688.4240440965789
7417.0,124.200203,-759.197144,17.17002168717748,-683.0051058454716
7426.0,123.018066,-754.53595,16.885582493877553,-678.1702244819136
7435.0,121.807449,-749.721924,16.612358675949217,-673.3174332346954
7444.0,120.605713,-744.905701,16.349930731931575,-668.464046199031
7454.0,119.323517,-739.71875,16.071007162963483,-663.0764770728154
7463.0,118.144409,-734.896912,15.830190675500612,-658.1874561723813
7472.0,117.013481,-730.223022,15.603011591681597,-653.3322915193926
7481.0,115.891792,-725.546875,15.385790487992649,-648.442165453776
7491.0,114.654694,-720.348999,15.156892592763203,-643.034987964384
7500.0,113.514435,-715.517822,14.958487681438767,-638.1440623427176
7509.0,112.448196,-710.987976,14.768631595526264,-633.2700461711419
7518.0,111.317207,-706.154663,14.585175416986166,-628.3785370199631
7527.0,110.226585,-701.471191,14.408667967487828,-623.4867721987778
7537.0,109.023582,-696.26532,14.221419363749344,-618.0607462173836
7546.0,107.945419,-691.578979,14.059544027540632,-613.1512302093226
7555.0,106.873314,-686.891235,13.904937620025638,-608.258724225242
7564.0,105.771683,-682.051147,13.756410908908885,-603.3660298998631
7573.0,104.669075,-677.211243,13.612229766605042,-598.4732055883102
7583.0,103.448044,-671.832642,13.456496303861302,-593.0634265043913
7592.0,102.35334,-666.990967,13.31984562568345,-588.1531436561195
7601.0,101.263832,-662.148132,13.189599737756016,-583.2599285623198
7610.0,100.214081,-657.455322,13.065277080504584,-578.349318118111
7619.0,99.136215,-652.609863,12.947354775081372,-573.438549808797
7628.0,98.061203,-647.763794,12.83599743355277,-568.5621086355004
7638.0,96.911118,-642.545959,12.717280168407427,-563.0824313572559
7647.0,95.844902,-637.697937,12.616710665411155,-558.1712770293055
7656.0,94.816513,-633.000427,12.52126432177948,-553.2600204636835
7665.0,93.758774,-628.150513,12.430070435705684,-548.3314444029555
7674.0,92.705132,-623.299744,12.343045277165293,-543.4027929714774
7683.0,91.648163,-618.449707,12.259026708821594,-538.4913276160003
7692.0,90.590355,-613.599854,12.175910325333511,-533.5970851197292
7702.0,89.452393,-608.379333,12.083216986530083,-528.1169058518864
7711.0,88.428444,-603.680847,12.001506338478894,-523.2398778281685
7720.0,87.372375,-598.830566,11.920943360135256,-518.3455926350028
7729.0,86.312843,-593.981079,11.841844166331724,-513.4512835659871
7738.0,85.285027,-589.283447,11.763713401106068,-508.55695894158424
7748.0,84.1436,-584.063721,11.678204783827272,-503.1111385488542
7757.0,83.077454,-579.215698,11.601028395635966,-498.23403666564116
7766.0,82.007881,-574.368408,11.520215733676004,-493.32251751454896
7775.0,80.935493,-569.521729,11.436188255023644,-488.4282905757626
7784.0,79.862679,-564.675171,11.349917646242911,-483.5341026627805
7793.0,78.821373,-559.980469,11.262539146260032,-478.6399344042047
7803.0,77.699013,-554.933044,11.163996445892725,-473.21157283494904
7812.0,76.619972,-550.08783,11.073309744513821,-468.30022607666865
7821.0,75.57254,-545.394531,10.981643403392379,-463.38889750490887
7830.0,74.458618,-540.398193,10.890073838875152,-458.47756712783865
7839.0,73.410278,-535.705078,10.79958280377825,-453.5834554292689
7849.0,72.209412,-530.32196,10.700142369528242,-448.1551102311073
7858.0,71.131203,-525.476562,10.612679694262036,-443.3126590197056
7867.0,70.089226,-520.782043,10.527466102717963,-438.47016770859454
7876.0,69.084183,-516.23822,10.445643709129984,-433.6448561122435
7886.0,67.973434,-511.188202,10.360107724697666,-428.2679876944474
7895.0,66.911491,-506.339233,10.28844112811692,-423.3908017360212
7904.0,65.884689,-501.641357,10.222341906652272,-418.59972386928973
7914.0,64.713882,-496.251617,10.152203316946958,-413.17092100230315
7923.0,63.661991,-491.400452,10.09299702577334,-408.29356786876644
7932.0,62.645962,-486.700256,10.036713876718864,-403.3989432506111
7941.0,61.631447,-481.999725,9.983737596529277,-398.5559919842758
7951.0,60.504807,-476.776794,9.926675528367637,-393.178746006333
7960.0,59.461159,-471.923859,9.87603493714841,-388.2668231050244
7969.0,58.445736,-467.223511,9.827623223404917,-383.44106065625584
7978.0,57.430756,-462.523071,9.77845900911969,-378.56359596092716
7988.0,56.263588,-457.132538,9.723011262817828,-373.1690964480433
7997.0,55.245289,-452.432831,9.672787080675041,-368.29164255224157
8006.0,54.19413,-447.581512,9.623146150844144,-363.4141826854441
8015.0,53.208534,-443.033417,9.574533938473886,-358.58842225222935
8024.0,52.157272,-438.182129,9.524969292219286,-353.65925176855967
8034.0,50.986973,-432.792297,9.47058371069221,-348.2819780545437
8043.0,49.966835,-428.092987,9.42147539683906,-343.42174940588296
8052.0,48.880871,-423.090485,9.372694025212231,-338.5270442744883
8061.0,47.86224,-418.390839,9.325370026982792,-333.63232483567447
8071.0,46.735222,-413.167969,9.275645101261375,-328.1860601611232
8080.0,45.754917,-408.618744,9.23462763040208,-323.3429928457274
8089.0,44.711102,-403.765839,9.194778824195245,-318.39649794749624
8098.0,43.733601,-399.216003,9.15700148385942,-313.5361680187447
8107.0,42.721317,-394.514984,9.119611046820362,-308.6585988568206
8117.0,41.553314,-389.124634,9.075668922720208,-303.24675705037765
8126.0,40.527443,-384.426575,9.032376803051315,-298.3520002905493
8135.0,39.499199,-379.729034,8.983432090894738,-293.4745333876081
8144.0,38.439114,-374.879669,8.931117944992488,-288.5971014604273
8153.0,37.379391,-370.030212,8.879874105207339,-283.7196581708524
8163.0,36.23661,-364.81076,8.822704344230566,-278.2907032429867
8172.0,35.203499,-360.114288,8.769440647458289,-273.4132815928984
8181.0,34.132763,-355.267242,8.712930897410368,-268.5358964715158
8190.0,33.094902,-350.571808,8.652707081258164,-263.6240817203422
8199.0,32.023693,-345.724884,8.591321988156164,-258.72951842870367
8209.0,30.830717,-340.340027,8.52284475184812,-253.28345725188873
8218.0,29.754356,-335.494232,8.460506777427574,-248.4061431394813
8227.0,28.710556,-330.80011,8.396600689259886,-243.49437491716412
8236.0,27.669025,-326.105499,8.33336334604281,-238.5998352060225
8245.0,26.561575,-321.107727,8.272234704536668,-233.7225057868298
8255.0,25.372055,-315.722107,8.206558175465236,-228.2764101149716
8264.0,24.337214,-311.026001,8.15079087403009,-223.43349018351898
8273.0,23.306746,-306.328949,8.0979921841016,-218.55606347751132
8282.0,22.276495,-301.631836,8.048513685396767,-213.69583858333957
8292.0,21.134413,-296.412231,7.995437038978023,-208.26684209596067
8301.0,20.106844,-291.714539,7.948995565489348,-203.37211420413146
8310.0,19.080296,-287.016632,7.904131503554945,-198.51184452440097
8319.0,18.055754,-282.318268,7.860110067081962,-193.5998578417023
8328.0,17.029997,-277.620178,7.817683508979339,-188.72232988572884
8338.0,15.887609,-272.400665,7.770587536286459,-183.258805467646
8347.0,14.823565,-267.552155,7.727154767510736,-178.3468135445587
8356.0,13.78946,-262.855896,7.68213029366614,-173.46930887814474
8365.0,12.722312,-258.008057,7.6350046971204115,-168.54011447242397
8374.0,11.654188,-253.160446,7.5876533616212605,-163.64539529799353
8383.0,10.551252,-248.161667,7.539661725029845,-158.7334458010325
8393.0,9.358854,-242.776672,7.485282093686745,-153.32169880917033
8402.0,8.352675,-238.233109,7.435784212029547,-148.46147411236223
8411.0,7.24825,-233.23465,7.386520552798972,-143.56677381128253
8420.0,6.214016,-228.538422,7.339969812025478,-138.68928347272958
8430.0,5.071478,-223.318924,7.293355576770089,-133.27746402255426
8439.0,4.046897,-218.620575,7.256420841070717,-128.41712761762716
8448.0,3.022489,-213.92218,7.223242972626362,-123.53952798223472
8457.0,1.997359,-209.223953,7.191539475145472,-118.66191854088014
8466.0,0.972536,-204.52565,7.159819953338099,-113.7498370136847
8476.0,-0.239394,-198.968475,7.124962073232438,-108.30345689458744
8485.0,-1.297132,-194.118591,7.093999109981381,-103.40860661695717
8494.0,-2.356261,-189.269012,7.062728676419995,-98.54823046857761
8503.0,-3.416087,-184.419586,7.029943295852322,-93.65339205813541
8512.0,-4.481041,-179.571274,6.995577525057357,-88.72409217833223
8522.0,-5.635187,-174.35434,6.953586880103735,-83.31223487847937
8531.0,-6.679953,-169.660431,6.910127920681685,-78.40024318704458
8540.0,-7.727673,-164.967194,6.862576736006744,-73.53999905443273
8549.0,-8.743893,-160.425858,6.8113069603072685,-68.6453193554524
8558.0,-9.831967,-155.582687,6.757479682692805,-63.75066711349445
8568.0,-11.009007,-150.370865,6.694239713345417,-58.35625332204772
8577.0,-12.068619,-145.680298,6.633641820354727,-53.42720613150429
8586.0,-13.162279,-140.838379,6.572974949064907,-48.5326338850012
8595.0,-14.220833,-136.147568,6.513028949116796,-43.63805275658983
8604.0,-15.280017,-131.456894,6.454261737424912,-38.760694312824
8614.0,-16.498045,-126.077637,6.38895211240554,-33.297357260205764
8623.0,-17.566132,-121.388985,6.329391229573203,-28.42000844395618
8632.0,-18.634851,-116.700478,6.267875480243975,-23.542683891835477
8641.0,-19.707191,-112.012794,6.205271612821834,-18.6481360372023
8650.0,-20.814911,-107.17408,6.141884813451105,-13.736361085970923
8660.0,-22.055153,-101.799896,6.069810333722798,-8.30758357535683
8669.0,-23.141533,-97.115448,6.001762142617312,-3.447583206278729
8678.0,-24.266506,-92.280716,5.9296253697382655,1.4295958205914596
8687.0,-25.358156,-87.597496,5.855034589188704,6.289500177593664
8696.0,-26.420118,-83.066635,5.778772619909921,11.166616445039576
8706.0,-27.716497,-77.528549,5.689913320361189,16.646859221379497
8715.0,-28.809505,-72.845642,5.610763665186923,21.48945344208973
8724.0,-29.900873,-68.162354,5.534825543067236,26.349336933015184
8733.0,-31.025429,-63.327522,5.461482113700058,31.226497963317918
8743.0,-32.272556,-57.954937,5.38310846424347,36.65518818854154
8752.0,-33.430149,-52.968529,5.314785173349231,41.53242212819065
8761.0,-34.555706,-48.13393,5.24707371348242,46.37518978858621
8770.0,-35.647476,-43.450737,5.178264143340582,51.2007044916028
8780.0,-36.860725,-38.247231,5.099448613222324,56.594913197176396
8789.0,-37.950073,-33.563473,5.028503202295558,61.42039697133219
8798.0,-39.04348,-28.880661,4.957343776889134,66.2286399804522
8808.0,-40.304501,-23.511318,4.873971737707888,71.64001797051233
8817.0,-41.444118,-18.680016,4.794876280003536,76.46537503652755
8826.0,-42.550404,-14.000229,4.711351229952597,81.3251340541924
8835.0,-43.659142,-9.321023,4.625597276832165,86.1676158263723
8845.0,-44.89053,-4.121777,4.528603912619916,91.56152829640484
8854.0,-45.998871,0.557522,4.441455851018994,96.40398518002597
8863.0,-47.108246,5.236577,4.3546166616279445,101.22920909826627
8873.0,-48.344078,10.434768,4.256349141566571,106.62309850588157
8882.0,-49.458469,15.11263,4.166166647753088,111.4654998287977
8891.0,-50.609734,19.94117,4.07422927165851,116.32510697985722
8900.0,-51.726276,24.618519,3.981209940696044,121.18469354126634
8910.0,-52.971558,29.814455,3.876133602323458,126.57845460477276
8919.0,-54.059006,34.339264,3.779995769068836,131.42074135499598
8928.0,-55.180573,39.015411,3.6836788644321783,136.28026367695657
8937.0,-56.335339,43.843117,3.590297158283915,141.1398432884783
8947.0,-57.575741,49.040218,3.491248220809818,146.533718403371
8956.0,-58.725132,53.869205,3.4060186998219497,151.39344782716748
8965.0,-59.87035,58.699184,3.3251937518273014,156.23601437623543
8974.0,-60.975288,63.379288,3.248890602885616,161.09589214972044
8984.0,-62.244881,68.746613,3.1676831392868436,166.50730305595278
8993.0,-63.354927,73.425507,3.0963213420778852,171.33278069032966
9002.0,-64.574265,78.556755,3.0236819832490385,176.22718989564333
9012.0,-65.853142,83.921875,2.9425993973869615,181.60412731402522
9021.0,-66.971992,88.598671,2.8672397972174264,186.46401981020486
9030.0,-68.131073,93.425339,2.7879828720867796,191.35832632750936
9039.0,-69.261856,98.099266,2.7045367223839225,196.25256321241903
9048.0,-70.395851,102.772415,2.617227487262228,201.09501719277165
9058.0,-71.658264,107.964218,2.515494456936111,206.506081139794
9067.0,-72.796715,112.636284,2.422368658675987,211.3829045485143
9076.0,-73.901711,117.156837,2.3285391686241654,216.2424755347793
9085.0,-75.041595,121.828552,2.2328781843702665,221.11924987344162
9095.0,-76.303749,127.020416,2.1288614873998286,226.47855355904397
9104.0,-77.469223,131.845551,2.039203448830625,231.35544195332315
9113.0,-78.598289,136.519897,1.955716680281049,236.1979633434512
9122.0,-79.723175,141.195251,1.8767538573391274,241.05779863040834
9132.0,-81.004471,146.559799,1.7950799046573618,246.50367788347268
9141.0,-82.116493,151.23822,1.7296578930678113,251.32923970220133
9150.0,-83.225761,155.917297,1.6695748823029724,256.18934506891605
9159.0,-84.371689,160.747101,1.6125040217717934,261.066723656951
9169.0,-85.611702,165.94429,1.5482387364003454,266.5128361646577
9178.0,-86.768867,170.771423,1.4872225262644996,271.3729299050965
9187.0,-87.899796,175.445312,1.4203545148591838,276.2157092851035
9196.0,-89.075562,180.267944,1.3447517486260163,281.1273113943563
9206.0,-90.346642,185.457626,1.2536783567010004,286.5385652495656
9215.0,-91.493683,190.127594,1.1670096853190688,291.39826922050383
9224.0,-92.642555,194.797104,1.077711862631906,296.24068693825944
9233.0,-93.791924,199.466492,0.9874829273647615,301.0830873960501
9243.0,-95.104309,204.823517,0.8884856732384224,306.4769634597689
9252.0,-96.206696,209.344711,0.803843377768816,311.31946479029835
9261.0,-97.385475,214.166611,0.7233004109071364,316.19651223774366
9270.0,-98.557793,218.990082,0.6448005141515978,321.0735929978238
9280.0,-99.852776,224.351334,0.5631951454650872,326.46776021908096
9289.0,-100.978775,229.026413,0.49813532734747695,331.31056422858177
9298.0,-102.131966,233.854492,0.44019695882206933,336.2396433978265
9307.0,-103.246323,238.532364,0.3908300978083882,341.1171060462922
9316.0,-104.35984,243.210434,0.346734982997963,346.0118556380854
9326.0,-105.633423,248.576813,0.3009163348575717,351.4236818824984
9335.0,-106.778091,253.406921,0.2618373206361065,356.31847409220023
9344.0,-107.886818,258.086121,0.22505351770906784,361.19604786672966
9353.0,-109.029892,262.916595,0.1897407907097027,366.0391601373344
9363.0,-110.292267,268.285614,0.15335791511632707,371.46829416374516
9372.0,-111.417374,273.120331,0.12784338935561768,376.29423199125057
9381.0,-112.455727,277.656647,0.11408991477059179,381.137453470422
9390.0,-113.540688,282.500519,0.11832340799376159,386.0151641067421
9400.0,-114.707146,287.891205,0.1528049969519648,391.4443105415328
9409.0,-115.718803,292.750916,0.21824022893361267,396.35605863037995
9418.0,-116.684601,297.619934,0.32230779589626396,401.2154211487828
9427.0,-117.598694,302.498932,0.47533262426086564,406.17695303347654
9436.0,-118.480835,307.541351,0.6820565208636932,411.15378838818134
9445.0,-119.279854,312.440521,0.944674024413205,416.0762075452695
9454.0,-119.993202,317.196075,1.2704236344670203,421.0121255852233
9463.0,-120.686058,322.4245,1.672238350841568,426.01160272054614
9472.0,-121.260796,327.511139,2.1553331482730727,430.9692477596712
9481.0,-121.727249,332.608856,2.7419221544526327,435.98513435830597
9490.0,-122.076996,337.560425,3.4289701898896743,440.9534531574494
9499.0,-122.305916,342.674316,4.224148387528263,445.8707000041378
9508.0,-122.392204,347.792603,5.150630811230596,450.7999856533461
9517.0,-122.322899,352.911133,6.218510722337763,455.71822225681285
9526.0,-122.092117,358.024933,7.42563802208965,460.56863176702853
9535.0,-121.702179,363.129059,8.771591980026875,465.3286535788164
9545.0,-121.08609,368.609985,10.424975697485449,470.4819326253146
9554.0,-120.3797,373.209717,12.09314642635614,475.08385878344114
9563.0,-119.443657,378.084564,13.943010115415026,479.63441428686923
9572.0,-118.264465,383.065918,15.960442674302694,484.0753651810444
9582.0,-116.828819,388.033325,18.363990200283425,488.7893397770083
9591.0,-115.282684,392.586761,20.74151759273715,492.9494070517391
9600.0,-113.516281,397.059357,23.27490097515214,496.9349852047979
9610.0,-111.236588,402.081604,26.284046963708263,501.1822264222845
9620.0,-108.782295,406.827637,29.48027399144168,505.22481621379103
9629.0,-106.603806,410.585205,32.54684598601781,508.7251841056972
9639.0,-103.776466,414.914459,36.19601566312444,512.4851877824356
9649.0,-100.834923,418.955627,39.988985766708474,515.9994049720511
9658.0,-97.941254,422.60022,43.591618659438545,519.0261859775442
9668.0,-94.440361,426.636566,47.76392535520292,522.2241290273963
9677.0,-91.059959,430.271545,51.6273397084098,524.9401728620704
9687.0,-87.401321,433.925415,55.96659154754596,527.7521540389322
9696.0,-83.890419,437.211426,60.048676699349194,530.1947393364687
9706.0,-79.99453,440.611176,64.68052112974526,532.7529837293367
9715.0,-76.168236,443.773407,68.93258234401762,534.9241349301569
9725.0,-71.816612,447.162109,73.73103960311579,537.1948404348042
9734.0,-67.940689,450.008423,78.13643651884847,539.1227259379967
9743.0,-64.127174,452.675537,82.59222220898404,540.9311059816131
9753.0,-59.81953,455.535706,87.59290555279723,542.8130307368851
9762.0,-55.893616,458.034424,92.11514023349358,544.3967572678434
9771.0,-51.66087,460.627502,96.73316962745382,545.912685584183
9781.0,-47.054798,463.335388,101.83991859755982,547.4841783922824
9790.0,-42.875523,465.71402,106.47601306465955,548.8246838932407
9799.0,-38.524487,468.103302,111.1818260636674,550.1081958692284
9809.0,-33.649364,470.682678,116.40799573631568,551.4464223073827
9818.0,-29.370773,472.877655,121.1171925961972,552.5779913018556
9827.0,-24.925303,475.086273,125.90811398967998,553.6627139665711
9836.0,-20.455175,477.244537,130.6617898851187,554.6760251847448
9845.0,-16.103428,479.290649,135.44379144741518,555.6375552322929
9855.0,-11.245919,481.516205,140.7779132990559,556.6494663263207
9864.0,-6.713114,483.539551,145.57938602721998,557.5084998616618
9873.0,-2.448658,485.402588,150.3887453947876,558.3222206047454
9882.0,2.116552,487.351715,155.2391784369598,559.0986549942999
9892.0,6.889524,489.340454,160.53944383801684,559.8987438306909
9901.0,11.484941,491.217255,165.41970582985422,560.5931653181653
9910.0,16.09277,493.063354,170.219582210445,561.2398261144234
9919.0,20.566704,494.826355,175.02378565616303,561.8535139068005
9929.0,25.711849,496.813171,180.4137949384576,562.5051425795548
9938.0,30.20697,498.521423,185.2256612141132,563.0555300790223
9947.0,34.565784,500.15152,190.05776561162068,563.5799356809658
9956.0,39.078075,501.813904,194.89263973690336,564.0781588603071
9966.0,44.10125,503.634949,200.27910023097272,564.6035215864825
9975.0,48.629478,505.253418,205.15335973448106,565.0530905333294
9984.0,53.310009,506.906555,209.99528082781367,565.4773949873497
9993.0,57.850876,508.489197,214.85613436489433,565.8825886017928
10002.0,62.69006,510.158508,219.7013629697633,566.2672883682607
10012.0,67.747032,511.883484,225.0807551519443,566.6745219589352
10021.0,72.449677,513.472595,229.94576703024896,567.026286650298
10030.0,77.156013,515.050781,234.7773931590466,567.3615065868921
10039.0,81.865578,516.619263,239.6270280477871,567.6859685872295
10049.0,86.938301,518.297363,245.01057895981495,568.0339327013096
10058.0,91.506126,519.800415,249.86161883732314,568.3366640187944
10067.0,96.076035,521.297119,254.69602450182535,568.6290769552376
10077.0,101.156586,522.951355,260.0815317310042,568.9453226374784
10086.0,106.026756,524.527954,264.93419921939784,569.2207357650666
10095.0,110.752289,526.047668,269.7529922042942,569.4844801009035
10104.0,115.332771,527.511719,274.6067272423452,569.740390874706
10114.0,120.426117,529.126099,279.99463278911253,570.0127385682841
10123.0,124.864578,530.524841,284.8666322622676,570.2487472709215
10132.0,129.453552,531.962036,289.7046185912262,570.4742949048511
10141.0,134.044724,533.392212,294.54296285807965,570.6920291689822
10151.0,139.313492,535.023193,299.96712912820897,570.9270616441192
10160.0,143.909515,536.437744,304.7889590708504,571.1277676734721
10169.0,148.506226,537.849976,309.64552578571056,571.3226878824408
10178.0,153.253357,539.300842,314.50233880830086,571.5113712345362
10188.0,158.366028,540.852966,319.91060261160413,571.7129779856739
10197.0,163.117538,542.289368,324.7680175277345,571.8854728444807
10206.0,167.719238,543.685303,329.6084032649787,572.0517538387458
10215.0,172.322098,545.077393,334.5005059021831,572.218636230172
10225.0,177.439102,546.615173,339.8750601990914,572.3980700522616
10234.0,182.047195,547.989868,344.7331268556453,572.5511141773728
10243.0,186.655746,549.363037,349.60867318837586,572.6964652404631
10252.0,191.414047,550.776794,354.5016048498294,572.8369561720426
10262.0,196.702805,552.341736,359.9460095300139,572.9877180766748
10271.0,201.315201,553.701904,364.7703158679795,573.1157620669186
10280.0,206.077744,555.101379,369.6636722548442,573.2405868106238
10289.0,210.692535,556.45343,374.5054490555105,573.359670255736
10299.0,215.986725,557.999878,379.8987190396737,573.4874917132752
10308.0,220.752182,559.389343,384.75791854879213,573.5989110757558
10317.0,225.369186,560.733765,389.58271409195737,573.7069614002595
10326.0,230.135971,562.118652,394.4592528159709,573.8139616214746
10336.0,235.266983,563.609009,399.80109093013937,573.9290279136884
10345.0,240.034195,564.992432,404.66046896998165,574.0323681752499
10354.0,244.652603,566.332031,409.4509426802762,574.1331544001537
10364.0,249.618744,567.772095,414.79286055170485,574.2444564419501
10373.0,254.385193,569.158142,419.63505540019383,574.3451167798606
10382.0,259.002014,570.503235,424.47722356803655,574.4470524885259
10392.0,264.132446,571.995667,429.85356665467697,574.5609182061901
10401.0,268.598633,573.303223,434.66126375599646,574.6624715445889
10410.0,273.214172,574.65271,439.5205930781718,574.7680778057598
10420.0,278.176575,576.105591,444.8623641174385,574.8862169341126
10429.0,282.642639,577.413574,449.72169683959646,574.9916666335761
10438.0,287.406891,578.80719,454.5983038973574,575.0955058281543
10447.0,292.022461,580.156555,459.4577227778163,575.1969074455011
10457.0,297.317017,581.701721,464.8341510915088,575.3066752670676
10466.0,301.93338,583.04834,469.6764159287162,575.4039105524055
10475.0,306.550079,584.39386,474.518706131491,575.4998743293299
10485.0,311.84494,585.938049,479.8607459691043,575.6051599548412
10494.0,316.460602,587.287048,484.6685661881387,575.700707011367
10503.0,321.072845,588.647766,489.45905076863124,575.8009752327838
10513.0,326.199127,590.154297,494.835258017829,575.9210835197541
10522.0,330.669861,591.446167,499.6773960054274,576.024442909396
10531.0,335.299469,592.746582,504.5371936821078,576.1056875121933
10540.0,340.091125,594.042786,509.46640483297114,576.1510277971848
10550.0,345.266266,595.371887,514.8784205057217,576.1440273595847
10559.0,350.089661,596.544495,519.772925366828,576.0781478473979
10568.0,354.928619,597.651123,524.7006504852534,575.948905948353
10577.0,359.783722,598.68457,529.6605475572823,575.749817335376
10586.0,364.655914,599.634338,534.6340310105661,575.4739781482073
10595.0,369.543732,600.5,539.5849719803439,575.1156504285082
10604.0,374.599365,601.302979,544.4255628033991,574.6764299514058
10613.0,379.519012,601.964233,549.3933055352372,574.1240162614363
10622.0,384.453583,602.502991,554.329993521564,573.46013627008
10631.0,389.555206,602.924438,559.2826063670302,572.667764705823
10641.0,395.234833,603.22937,564.6181402169206,571.6633252964797
10650.0,400.042419,603.335815,569.4504303828703,570.6057944658857
10659.0,405.161285,603.298767,574.1985392867314,569.4158449784766
10668.0,410.276001,603.089111,578.9230361356288,568.0709730207656
10677.0,415.225464,602.710754,583.5167901158079,566.5918681307862
10687.0,420.531494,602.082703,588.4876871057859,564.7783686639928
10696.0,425.434814,601.30957,592.9200074658519,562.9581125122663
10706.0,430.331879,600.308411,597.6644509768155,560.7754533630954
10715.0,435.002991,599.166077,601.8370525148277,558.6381981140637
10725.0,440.300781,597.632019,606.3210875397241,556.0981529706226
10734.0,444.856079,596.091431,610.3416273509778,553.5879306886318
10744.0,449.829163,594.137756,614.6279506467625,550.6347205464367
10754.0,454.700653,591.942993,618.722652631664,547.5055329377976
10763.0,458.853424,589.842773,622.2681862653951,544.5179738285569
10773.0,463.333344,587.260803,626.0533885728463,540.9953912313523
10783.0,467.654968,584.421814,629.617146410671,537.2966511185172
10793.0,471.95459,581.249817,632.9217398357796,533.45513478918
10803.0,476.074036,577.847107,636.038698134918,529.3944867663733
10812.0,479.508453,574.706848,638.6245110670262,525.6294705540216
10822.0,483.121033,571.007446,641.2640577177867,521.3039210060111
10832.0,486.514709,567.106262,643.6420283737368,516.8487598874909
10842.0,489.55719,563.140564,645.7293694542661,512.3071042479546
10852.0,492.35614,558.99939,647.5188191117629,507.695459245478
10862.0,494.898041,554.695618,649.0236504104602,502.9832535551401
10872.0,497.169159,550.242981,650.2301584090252,498.2037643815329
10883.0,499.322784,545.184143,651.1993273830262,492.9317944491828
10893.0,500.983978,540.46991,651.761540288092,488.0865910867312
10903.0,502.29599,535.825684,652.0065613501412,483.28406787723816
10914.0,503.416443,530.442871,651.9154902577366,477.9590050505155
10924.0,504.083374,525.489197,651.4899717458768,473.0652861115139
10934.0,504.393738,520.500488,650.7353082566415,468.2812014057018
10944.0,504.343933,515.330017,649.6377343474402,463.54627103054395
10955.0,503.879547,510.041748,648.0642559564527,458.51232042093983
10965.0,503.089539,505.106201,646.2893103095269,454.0431110446602
10976.0,501.851135,499.749298,643.9996844262319,449.31102944898123
10986.0,500.490448,495.299011,641.6740591219221,445.2602738084834
10997.0,498.404266,490.007629,638.734662391831,440.9227614056725
11007.0,496.394531,485.810303,635.7490570866056,437.1751011764676
11018.0,493.676575,481.030884,632.1308920793032,433.2669724641107
11028.0,491.051514,476.981262,628.6168303875035,429.95914880916814
11038.0,488.313049,473.218658,624.8870006884615,426.84264362548794
11048.0,485.17215,469.330444,620.9515533205132,423.9029489012033
11058.0,481.844727,465.600586,616.8130296241675,421.1309015473416
11068.0,478.244659,461.889008,612.4885546259907,418.52281392943485
11078.0,474.632935,458.433716,608.0136867404822,416.0725718992165
11088.0,470.776459,454.989319,603.3737315313697,413.7518608684869
11097.0,467.098694,451.891205,599.0675723273127,411.77121723870533
11107.0,462.911469,448.572235,594.2429206335775,409.72749440633635
11116.0,459.19278,445.774414,589.7955176103623,407.9912546602672
11126.0,454.849976,442.661774,584.7698483377342,406.1771093927216
11135.0,451.01239,440.029388,580.2424573936781,404.661638064582
11144.0,446.99765,437.382446,575.6195041343445,403.21758591303507
11154.0,442.341797,434.425598,570.4403514623018,401.7075935134661
11163.0,438.114105,431.82428,565.801295116125,400.441331014786
11172.0,433.982544,429.363708,561.0935351503947,399.2325174440362
11181.0,429.686066,426.877655,556.3357114789019,398.0820254377655
11191.0,424.87558,424.179657,551.1087301078117,396.8939087709203
11200.0,420.656738,421.871918,546.372748864312,395.8802692316413
11209.0,416.276093,419.537354,541.5750447628374,394.90941738908055
11219.0,411.381287,416.995514,536.2758396978641,393.89841534830873
11228.0,407.093231,414.819061,531.4922836689382,393.03712221476604
11237.0,402.648804,412.608337,526.7181349467495,392.2219612289565
11246.0,398.327026,410.499664,521.954445178893,391.44892390670634
11256.0,393.507446,408.193146,516.6226044420089,390.6272343037625
11265.0,389.155396,406.147675,511.8645461473312,389.93071024601875
11274.0,384.789459,404.13205,507.0676412819911,389.26236365386296
11284.0,379.766785,401.853302,501.70216353189966,388.55411852574144
11293.0,375.376953,399.890198,496.93051883707085,387.957736597042
11302.0,370.833252,397.891449,492.08684278404417,387.38251379892756
11311.0,366.277466,395.92038,487.2739155866865,386.8414821480001
11321.0,361.356964,393.837799,481.90876335832274,386.2768220612515
11330.0,356.920135,391.983429,477.0544757996168,385.7993586893289
11339.0,352.33551,390.080383,472.23238755312457,385.34719898589225
11348.0,348.035034,388.302094,467.3919672866903,384.90610286478756
11358.0,343.098846,386.256989,462.0360967408886,384.4237325884033
11367.0,338.659821,384.407837,457.2126840716952,383.985927064196
11376.0,334.224548,382.549713,452.3900588397895,383.53953113348354
11386.0,329.46286,380.534088,447.05383475935866,383.0319210161696
11395.0,325.044098,378.637054,442.2340801778943,382.5555291304126
11404.0,320.637512,376.711884,437.4511089097359,382.0580853179604
11414.0,315.760315,374.529816,432.10641704256784,381.4645373148866
11423.0,311.387848,372.528381,427.33148979896697,380.8950337443228
11432.0,306.754578,370.351929,422.51036113393906,380.27782021644265
11441.0,302.425079,368.259155,417.6954884426667,379.61356491115663
11451.0,297.490448,365.795532,412.30902434756996,378.80716797060137
11460.0,293.079102,363.519501,407.51171194042973,378.026125198367
11469.0,288.839447,361.250244,402.67471178540893,377.1699823608643
11478.0,284.365509,358.762665,397.834234527608,376.2378030712736
11487.0,280.068237,356.277985,393.0260905200548,375.2321678190529
11496.0,275.816254,353.716553,388.15151236739104,374.12667400714355
11505.0,271.477081,351.000702,383.3139046438356,372.93958663451116
11514.0,267.185303,348.210541,378.51539468747046,371.6689500068346
11523.0,263.211884,345.501984,373.7589825694666,370.3102949846535
11532.0,259.17453,342.614105,368.9500663618319,368.82579382258774
11541.0,255.209976,339.627045,364.22562831400967,367.2474053882801
11550.0,251.192154,336.455078,359.5083804202516,365.5433516914279
11559.0,247.506821,333.365967,354.85257116853006,363.7248168564079
11568.0,243.682846,329.962799,350.21820421023307,361.7621498729206
11577.0,240.075363,326.55307,345.6441314929965,359.66279817069
11586.0,236.462646,322.926422,341.15038515502346,357.43513784135934
11595.0,232.845688,319.087921,336.72487574969676,355.07482150741487
11604.0,229.543304,315.381927,332.4157509815179,352.61074785324064
11613.0,226.262665,311.452332,328.1975012195143,350.02699696529885
11622.0,223.300217,307.664429,324.047951620059,347.3027625108883
11632.0,219.954651,303.064636,319.58301855940243,344.1536848901416
11641.0,217.165161,298.958679,315.651611535127,341.17993017249796
11650.0,214.575607,294.906708,311.8691248066858,338.12754941431473
11659.0,212.125198,290.769104,308.157898285826,334.93579195855824
11668.0,209.808945,286.554932,304.53901511215327,331.6141604869487
11677.0,207.559921,282.129761,301.01731787127926,328.16498277989166
11687.0,205.24086,277.12558,297.2588006588559,324.22317864505436
11696.0,203.240723,272.413483,293.9708856124327,320.5273682666546
11705.0,201.494827,267.932831,290.83720202871,316.7669766457437
11714.0,199.885208,263.401459,287.83541293169,312.9223256614338
11723.0,198.387619,258.668854,284.94946702577323,308.9686142185446
11733.0,196.876953,253.185349,281.8975557745955,304.45750468890134
11742.0,195.764252,248.50708,279.3135992451048,300.32044684209313
11751.0,194.78125,243.641495,276.8307378130748,296.02211991754734
11760.0,193.98201,238.899612,274.5289657618022,291.7021241571917
11769.0,193.328705,233.978897,272.3581963300395,287.2764108378098
11778.0,192.827759,228.88446,270.330872761456,282.76427621505553
11787.0,192.518707,223.930206,268.46767235603494,278.20054281349957
11796.0,192.390167,219.123154,266.77806388321807,273.6064442997435
11806.0,192.444305,213.435623,265.0834475735101,268.41215968485153
11815.0,192.644302,208.78627,263.7599679063441,263.78910159856656
11824.0,192.97377,204.29982,262.61593708600816,259.2071742684404
11834.0,193.563675,199.162857,261.50895473649257,253.98002736334413
11843.0,194.28331,194.408234,260.6947136562669,249.27567474369428
11853.0,195.319778,188.991058,259.98415022758894,243.98005633755685
11862.0,196.391006,184.303116,259.5247369517624,239.21059770222428
11871.0,197.59082,179.806793,259.2353821698489,234.42780876245843
11881.0,199.155563,174.697968,259.1138541547045,229.13783445793038
11890.0,200.665634,170.296143,259.1805431754502,224.3812395942883
11900.0,202.665924,165.156219,259.45409185330436,219.0279110420132
11909.0,204.628235,160.596664,259.87463610053334,214.28947409947224
11918.0,206.683975,156.249466,260.4681789613041,209.534844449901
11928.0,209.078262,151.666489,261.3307787811866,204.24439295513156
11937.0,211.456726,147.487122,262.2755426532983,199.56450584830023
11947.0,214.184799,143.094635,263.5288910318315,194.37051003278162
11956.0,216.874817,139.108658,264.8425816569489,189.70883647108298
11965.0,219.790634,135.091415,266.2841280184357,185.22973934078112
11975.0,223.107681,130.902649,268.120942331809,180.19396048881129
11984.0,226.2099,127.22834,269.9179566530949,175.78937405517107
11994.0,229.93515,123.161095,272.11217772387624,170.9365416920088
12003.0,233.305359,119.730934,274.24708398386696,166.6469063353373
12012.0,236.682175,116.528824,276.5325079859633,162.43553680004302
12022.0,240.701828,113.008751,279.2546705852518,157.8378955055724
12031.0,244.30928,110.068901,281.84822746437396,153.80896773916595
12040.0,248.13176,107.151215,284.5810824175724,149.8731958914933
12050.0,252.363037,104.179245,287.7662271347634,145.6262971775165
12059.0,256.3927,101.555107,290.78090712294323,141.90198505297295
12069.0,260.982697,98.820068,294.31768195393846,137.8511512891949
12078.0,265.197052,96.504173,297.5663610688316,134.39976891580528
12087.0,269.490082,94.337563,300.9959246943467,131.0044161735241
12097.0,274.352936,92.12368,304.93038751521584,127.38938131881177
12106.0,278.941101,90.229248,308.57840869238726,124.28281766695093
12116.0,283.630188,88.498337,312.7189666429451,121.0159731887257
12125.0,288.195923,86.988899,316.58950255683425,118.19148244321988
12134.0,292.81015,85.634911,320.5005711605242,115.54452060864891
12144.0,297.986145,84.309242,324.98536219346306,112.73645248413642
12153.0,302.678162,83.256004,329.14398492476397,110.32188803536428
12163.0,308.095886,82.22245,333.8618243482786,107.77729638999348
12172.0,313.149506,81.406853,338.23921891757226,105.58664928691434
12181.0,317.915527,80.767006,342.66044417224145,103.52634682814298
12190.0,323.002716,80.197205,347.10195113135046,101.59502619537699
12200.0,328.325867,79.736015,352.1171517797662,99.56088630235963
12209.0,333.124176,79.419075,356.69464838527676,97.82680361342884
12218.0,338.082214,79.1782,361.28964121059835,96.1903073838645
12227.0,342.888275,79.016449,365.8632487562211,94.65003438059684
12236.0,347.695923,78.912964,370.5244729139779,93.15554205988607
12246.0,353.210938,78.843773,375.66473358434416,91.575747570843
12255.0,358.019592,78.810265,380.3233108770345,90.18942446572579
12264.0,362.983459,78.794945,384.9898422562661,88.83011617456904
12274.0,368.326538,78.797554,390.17572706606506,87.3434090122199
12283.0,373.290405,78.809334,394.8686719216701,86.01361671400757
12292.0,378.099152,78.827011,399.5310256766188,84.70234217445224
12301.0,383.062988,78.850128,404.2282712178689,83.38782199608258
12311.0,388.406006,78.875862,409.42446691166407,81.93756348158665
12320.0,393.214722,78.896095,414.1060401081196,80.6310006051888
12329.0,398.023468,78.912308,418.8201274199045,79.31270672202476
12338.0,402.832245,78.918411,423.53214600077337,77.98703751778984
12347.0,407.796143,78.911026,428.22434073086083,76.65460080669459
12357.0,412.966766,78.879333,433.4091543777134,75.16416231601634
12366.0,417.775269,78.82827,438.1242581447984,73.78671993119619
12375.0,422.583313,78.745049,442.7824590559646,72.39913266728733
12384.0,427.390564,78.623955,447.46432591145833,70.97062271179225
12394.0,432.902954,78.440781,452.6442729522531,69.34428675482373
12403.0,437.862701,78.238167,457.3182884704328,67.83328377875316
12412.0,442.975403,77.984032,462.01225624689926,66.27249352408175
12421.0,447.930634,77.691193,466.64311406434484,64.68640594134442
12430.0,452.882446,77.3452,471.2905598814989,63.04310874124456
12439.0,457.675751,76.959969,475.9203418978429,61.350685392204284
12448.0,462.619354,76.511681,480.5318012462636,59.6089560822649
12457.0,467.403625,76.026901,485.1565957677082,57.805766997519626
12467.0,472.884033,75.406242,490.24017692175215,55.75682592638272
12476.0,477.809967,74.793671,494.806425478118,53.85451842571971
12485.0,482.57486,74.145447,499.3668098980928,51.894133467865835
12494.0,487.638916,73.397392,503.8729226681204,49.895602503624005
12503.0,492.388947,72.648003,508.3404390003095,47.853336879494236
12512.0,497.28299,71.81823,512.8478074919565,45.73313542732634
12521.0,502.166779,70.93013,517.2844339094291,43.58475828561611
12530.0,507.038666,69.978821,521.7253853201488,41.367064481558494
12539.0,512.050903,68.938774,526.1380451576964,39.093598317521035
12548.0,516.897217,67.864861,530.5058378690188,36.77157623827398
12557.0,521.728821,66.726631,534.8726251556075,34.37516356284558
12566.0,526.695251,65.486099,539.2062078919988,31.91921454380678
12575.0,531.64325,64.174019,543.4900256978354,29.41140269932454
12584.0,536.422363,62.832222,547.7669518513816,26.824603246001985
12593.0,541.182556,61.42485,552.0060132394802,24.176209906158387
12603.0,546.444641,59.772488,556.6376701273681,21.181585841464763
12612.0,551.157471,58.213844,560.7623363720794,18.419821258690305
12621.0,555.846497,56.58503,564.8578914316183,15.584675112271848
12630.0,560.36377,54.936176,568.8949026618768,12.696292248506193
12639.0,565.002014,53.167942,572.9147227507476,9.725656763006858
12648.0,569.612793,51.32922,576.8613611396075,6.714965701387511
12657.0,574.196106,49.423012,580.7207829084443,3.6761477291986924
12666.0,578.750977,47.449902,584.5737568909693,0.5464821350939388
12675.0,583.275452,45.407948,588.3654906664066,-2.630333043948018
12684.0,587.768738,43.298344,592.1215045290108,-5.875725948490208
12693.0,592.372009,41.059143,595.8415941828782,-9.188211100827525
12702.0,596.938232,38.745262,599.4987755774131,-12.544584067052455
12711.0,601.331299,36.434109,603.0901104413724,-15.946306219212028
12720.0,605.687134,34.053619,606.6634234348094,-19.44131165347554
12729.0,610.009155,31.612238,610.1698200553067,-22.97922172257446
12738.0,614.293762,29.105799,613.6102703044232,-26.557422013821796
12747.0,618.406372,26.613647,617.007315953285,-30.20045725614597
12756.0,622.74176,23.891741,620.3578686841464,-33.90955756920226
12766.0,627.357239,20.872211,623.9717512995791,-38.05323265428544
12775.0,631.468872,18.091097,627.17940750042,-41.86408119686406
12784.0,635.535828,15.245044,630.3239355219628,-45.72718466933259
12793.0,639.549561,12.32438,633.4122483160658,-49.65731861366285
12802.0,643.383911,9.422316,636.4391197821127,-53.65660302727259
12811.0,647.285828,6.353876,639.3910148915527,-57.71154346527958
12820.0,651.13678,3.221741,642.2387565447477,-61.77732539715767
12829.0,654.811218,0.119674,645.0325626910395,-65.92199377370355
12838.0,658.662903,-3.252069,647.7794749791622,-70.15964381988424
12847.0,662.340332,-6.586237,650.4137209160948,-74.38721679512908
12856.0,665.962158,-9.980756,652.98332890851,-78.67449372809163
12865.0,669.533081,-13.428756,655.4737188751288,-82.98837628692777
12874.0,672.944885,-16.817514,657.870640356789,-87.29580541832331
12883.0,676.295654,-20.266687,660.2227964159878,-91.68658972075045
12892.0,679.693787,-23.88509,662.500497790855,-96.11645443247635
12901.0,683.031799,-27.559025,664.702632509574,-100.58436530870016
12910.0,686.213074,-31.165115,666.8100553433329,-105.04059098868879
12919.0,689.435608,-34.940769,668.8893337366727,-109.62382348936086
12928.0,692.498169,-38.648182,670.8534350680454,-114.14504945930959
12937.0,695.598694,-42.524666,672.7773963983725,-118.77696045719343
12946.0,698.732361,-46.572437,674.627355396769,-123.438921246086
12955.0,701.62146,-50.416592,676.3801402401563,-128.06462605707154
12964.0,704.635986,-54.553864,678.0726544250779,-132.74939079514596
12973.0,707.569641,-58.748863,679.697632235803,-137.494459162153
12982.0,710.341003,-62.8671,681.2143680686908,-142.20284658448955
12991.0,713.053528,-67.024307,682.6491667058008,-146.93684622290726
13000.0,715.717102,-71.213051,684.0212555808885,-151.70733753510865
13009.0,718.410034,-75.56649,685.3243126747152,-156.46141163228748
13018.0,720.966797,-79.821266,686.5807627144424,-161.28146953805336
13027.0,723.548218,-84.241722,687.7763383748834,-166.1169864450063
13037.0,726.177917,-88.892868,689.0204658793357,-171.4548796263483
13046.0,728.566711,-93.244164,690.0787521247752,-176.28700441036375
13055.0,730.978699,-97.759308,691.0845779686607,-181.16552255515307
13064.0,733.274109,-102.160583,692.0233333401172,-186.00472875698003
13073.0,735.451416,-106.448204,692.9112060843103,-190.87104992349813
13082.0,737.655212,-110.896072,693.7448234573991,-195.72947151765024
13091.0,739.815247,-115.365364,694.5321850830891,-200.61306255048487
13100.0,741.93634,-119.853249,695.2727424605347,-205.50396987697286
13109.0,744.018921,-124.359154,695.9619722346325,-210.35015190657177
13119.0,746.218384,-129.228531,696.6829731290437,-215.7660982511998
13128.0,748.163635,-133.626297,697.2922806277314,-220.65771584492907
13137.0,750.139282,-138.180099,697.8624325509843,-225.53669912449556
13146.0,752.084473,-142.746979,698.3979271022433,-230.4196077498387
13155.0,754.056091,-147.471069,698.8984635784609,-235.2888973470475
13164.0,755.916931,-152.072968,699.3580697485737,-240.16222066013734
13174.0,757.882751,-157.226181,699.7916429723904,-245.60871782411536
13183.0,759.525635,-161.74559,700.0911368508067,-250.47722708167316
13192.0,761.115051,-166.284088,700.3160721577011,-255.34975035836013
13201.0,762.731079,-170.977554,700.4876026097577,-260.276184729713
13210.0,764.369873,-175.663132,700.6375715424657,-265.1860788606593
13219.0,766.021118,-180.179504,700.8134197290282,-270.12960767324597
13228.0,767.805542,-184.811569,701.0551211416389,-275.1048669975836
13237.0,769.720276,-189.55899,701.3772212706727,-280.0582967939777
13246.0,771.618835,-194.145447,701.7707795617256,-285.00656185483206
13255.0,773.522949,-198.729599,702.2119487997388,-290.0200225852723
13264.0,775.468079,-203.464661,702.6577648171763,-295.0157682524882
13273.0,777.324524,-208.068329,703.0905239777547,-300.0818593931077
13282.0,779.192078,-212.834503,703.4842296939207,-305.08198164181107
13291.0,780.997437,-217.624603,703.8294151846553,-310.12024046897756
13300.0,782.694641,-222.289322,704.1094531717418,-315.12801496656624
13309.0,784.407654,-227.11322,704.3341633610096,-320.1385770132591
13318.0,786.047546,-231.798401,704.518175592859,-325.11630384543827
13327.0,787.7229,-236.635498,704.6777021985192,-330.12936458265324
13336.0,789.336975,-241.329651,704.8166528890276,-335.02234022648366
13345.0,790.939758,-246.027664,704.9433923208045,-339.9328888897505
13355.0,792.75824,-251.416916,705.0693676225873,-345.377923480719
13364.0,794.289001,-255.97554,705.1698833918754,-350.2546001723051
13373.0,795.858276,-260.684845,705.2617359818676,-355.20040271661514
13382.0,797.323547,-265.101807,705.3424965195447,-360.0602084616327
13391.0,798.833923,-269.667236,705.416411940311,-364.97183625376556
13400.0,800.341492,-274.233582,705.486113218577,-369.90076311902203
13410.0,802.011841,-279.308838,705.5592446832696,-375.34676378578433
13419.0,803.560181,-284.025055,705.6203071639,-380.15514562087463
13428.0,805.110962,-288.740509,705.6803439229534,-385.06696266199503
13437.0,806.663757,-293.455292,705.7396710077197,-389.9443143277207
13447.0,808.385864,-298.694977,705.8051636582069,-395.3387012400404
13456.0,809.984497,-303.557953,705.8630605688714,-400.2333070355306
13465.0,811.435791,-307.979523,705.9185124228709,-405.058993722196
13474.0,812.981995,-312.696442,705.9726630018669,-409.95364239807805
13484.0,814.639404,-317.77597,706.0276070911807,-415.33091043435587
13493.0,816.12616,-322.349152,706.07224316603,-420.2084186706336
13502.0,817.608521,-326.923737,706.1115181427305,-425.05150043027544
13511.0,819.037231,-331.352631,706.1457079058806,-429.8773845944539
13521.0,820.671631,-336.439606,706.1775837043233,-435.2893109226385
13530.0,822.184204,-341.167419,706.2001789214111,-440.13249922277043
13539.0,823.648193,-345.747925,706.217622536699,-444.9929446616213
13548.0,825.15387,-350.477936,706.2303299502263,-449.8361689983635
13558.0,826.715515,-355.407196,706.2380712818144,-455.26541941275343
13567.0,828.210205,-360.140717,706.2382037899944,-460.1431318844533
13576.0,829.654114,-364.7276,706.2325465874314,-464.9863695877288
13585.0,831.185364,-369.612213,706.2205612517556,-469.88130312121416
13595.0,832.773926,-374.713684,706.1993337929307,-475.2415740903678
13604.0,834.198792,-379.306519,706.1724105915727,-480.1192122601558
13613.0,835.618164,-383.901062,706.1395185817133,-484.9278693090889
13623.0,837.243958,-389.171417,706.0962982668839,-490.3569532092284
13632.0,838.609009,-393.620361,706.052256188406,-495.1827575153825
13641.0,839.973206,-398.06955,706.0023611670441,-500.025741506809
13650.0,841.425232,-402.816315,705.947952468222,-504.9203873202467
13660.0,843.085388,-408.256409,705.885028514404,-510.31480480716033
13669.0,844.531311,-413.005035,705.8252224992536,-515.1749135903372
13678.0,845.932373,-417.605194,705.7635786907209,-519.9832880078962
13687.0,847.334839,-422.204895,705.699878596048,-524.8778217184196
13697.0,848.89325,-427.315643,705.6289661896693,-530.323851731569
13706.0,850.299622,-431.914185,705.5668004884983,-535.166693756658
13715.0,851.753479,-436.6604,705.5065355733963,-540.044033924633
13724.0,853.210754,-441.405579,705.4494165656153,-544.9041750298594
13734.0,854.83429,-446.676636,705.3897868442052,-550.2813931473668
13743.0,856.252686,-451.271484,705.3398098031657,-555.1071396389825
13752.0,857.675049,-455.865082,705.2931750506618,-559.9673926512875
13761.0,859.101685,-460.457367,705.2502834821071,-564.8104437317231
13771.0,860.637817,-465.394623,705.2063728996445,-570.1705768763863
13780.0,862.114136,-470.133881,705.1688136079842,-575.0481447409829
13789.0,863.549744,-474.723358,705.133486508663,-579.908493096791
13799.0,865.246521,-480.152161,705.0957401863444,-585.3376178149687
13808.0,866.726074,-484.890411,705.0618569585608,-590.1462679816415
13817.0,868.160889,-489.480133,705.026350017578,-595.0238512183763
13826.0,869.696716,-494.363312,704.9914736724838,-599.9186751770159
13835.0,871.092651,-498.802673,704.9610975722198,-604.8307651955723
13845.0,872.739746,-504.066437,704.9287317365265,-610.2426886152923
13854.0,874.172363,-508.65686,704.8944224889826,-615.1202804237228
13863.0,875.600464,-513.248657,704.8551225544369,-619.9978345740412
13872.0,877.070312,-517.989929,704.811309508851,-624.8581138418187
13882.0,878.646057,-523.095398,704.7568087610789,-630.2870962196562
13891.0,880.05896,-527.691895,704.7031321881328,-635.1300397749629
13900.0,881.467102,-532.289856,704.6434286288246,-640.0246238666418
13909.0,882.960449,-537.186218,704.5784996904085,-644.8846669093224
13919.0,884.512878,-542.298828,704.5005931519287,-650.2444137353415
13928.0,885.950989,-547.049866,704.4240148087665,-655.1387628956362
13937.0,887.340942,-551.653381,704.3440532506404,-659.9641056871066
13946.0,888.773132,-556.406189,704.2594066884983,-664.8583219578722
13956.0,890.362366,-561.687683,704.1632148934297,-670.2522487821483
13965.0,891.747925,-566.29248,704.0746890146986,-675.1119192763841
13974.0,893.133606,-570.897278,703.985464779146,-679.9888156265156
13983.0,894.481079,-575.351562,703.8979388853826,-684.8312656956739
13993.0,896.082275,-580.629456,703.8035929877067,-690.2597018279287
14002.0,897.481873,-585.230042,703.7237059626257,-695.0850458539227
14011.0,898.935852,-589.976196,703.6463114081434,-699.9621442799411
14020.0,900.3927,-594.721497,703.5757696281623,-704.8393466369704
14030.0,902.01886,-599.99176,703.5041714526469,-710.233655967028
14039.0,903.486694,-604.733643,703.4420408604467,-715.0937355891406
14048.0,904.956909,-609.474792,703.3823942559474,-719.9710833578266
14057.0,906.43042,-614.214905,703.3250008378802,-724.8312212302869
14067.0,908.070007,-619.481018,703.2632190407468,-730.2428887789976
14076.0,909.548279,-624.219666,703.2087738643046,-735.1375341868154
14085.0,910.980591,-628.810181,703.1559872169917,-739.9804875238026
14094.0,912.41272,-633.400757,703.1030750001639,-744.8751497432842
14103.0,913.89624,-638.137756,703.0511674221707,-749.7525860142662
14113.0,915.544189,-643.401245,702.995112849853,-755.1987892200257
14122.0,916.980713,-647.990417,702.9454654897838,-760.0417757566587
14131.0,918.417358,-652.57959,702.8950339398409,-764.884754190756
14140.0,919.848755,-657.17041,702.8415976654263,-769.7794107170197
14150.0,921.482178,-662.438416,702.7758900117572,-775.1910320223656
14159.0,922.889038,-667.036804,702.7049871391881,-780.0682291433354
14168.0,924.316956,-671.790894,702.6154647020385,-784.9278813816142
14177.0,925.671631,-676.404907,702.5002295738373,-789.804232459968
14186.0,927.031189,-681.178955,702.352105494166,-794.696938991382
14196.0,928.458496,-686.327881,702.1428115353748,-800.1221593582594
14205.0,929.742798,-691.122742,701.9135441623278,-805.0634988707033
14214.0,930.978577,-695.930359,701.6414115808313,-810.0199249116148
14223.0,932.113708,-700.60321,701.3140753564501,-814.9557379856474
14232.0,933.218933,-705.442505,700.9188402864131,-819.9384498952413
14241.0,934.222473,-710.145386,700.4584923114213,-824.8636381604251
14250.0,935.1922,-715.013611,699.9277080881373,-829.7817341145424
14259.0,936.0849,-719.896545,699.3183310298272,-834.7428114507065
14268.0,936.927917,-724.945679,698.6344386593252,-839.6767668764107
14277.0,937.666565,-729.854309,697.8742560636273,-844.5821045469618
14286.0,938.30603,-734.620361,697.037269514603,-849.4574356354464
14295.0,938.886963,-739.55011,696.1168554796513,-854.3352479775924
14305.0,939.453369,-745.209656,695.0050730167839,-859.7022673196484
14314.0,939.847595,-750.157837,693.8983641207201,-864.5765697470703
14323.0,940.15625,-755.112122,692.7074130814793,-869.3954753140085
14332.0,940.37561,-760.22644,691.4164960252691,-874.2242600357138
14341.0,940.488708,-765.189026,690.0215947220865,-879.0599263958565
14350.0,940.506287,-770.307983,688.533062245823,-883.8495503643971
14359.0,940.420654,-775.42627,686.9572005195437,-888.5748318096568
14367.0,940.256042,-779.973511,685.4615627538765,-892.7808814566338
14376.0,939.959351,-785.083923,683.6601705356472,-897.5356207777986
14386.0,939.56311,-790.412292,681.6203658178694,-902.5671232078586
14395.0,939.107605,-795.355225,679.6548050139428,-907.1627950260659
14404.0,938.563171,-800.133057,677.6498597457091,-911.6282975080826
14413.0,937.861511,-805.047119,675.494525552301,-916.1380827856011
14422.0,937.033752,-809.941528,673.2358956586883,-920.5583549768364
14431.0,936.056458,-814.96637,670.8530847353152,-924.9325791389846
14440.0,935.000305,-819.816589,668.3797205452997,-929.2164873183392
14449.0,933.824646,-824.639282,665.7943277372108,-933.4539345768677
14458.0,932.496948,-829.58313,663.0790267115746,-937.6709675424845
14467.0,931.141052,-834.196777,660.2732759105777,-941.8075592769071
14476.0,929.678589,-838.777771,657.3800166981983,-945.8622696299716
14485.0,927.959167,-843.763794,654.4116141470449,-949.8192869410151
14494.0,926.285095,-848.271729,651.3578962698023,-953.6889103642241
14503.0,924.43219,-852.876831,648.1957073050025,-957.492850513133
14512.0,922.402771,-857.576355,644.9130461319071,-961.2392835553637
14521.0,920.260254,-862.225464,641.5587581674736,-964.8749612029624
14531.0,917.823425,-867.173401,637.7390236223052,-968.8056844019666
14540.0,915.528137,-871.574768,634.2141679875742,-972.251634353075
14549.0,913.131714,-875.921875,630.5688329653049,-975.6462120135038
14558.0,910.548157,-880.341125,626.8284048152778,-978.9617551046251
14567.0,907.947144,-884.569031,623.0194619177047,-982.1716739385356
14576.0,905.159912,-888.862671,619.1337820852721,-985.2882613602346
14585.0,902.358948,-892.960815,615.2137476354834,-988.2769915627971
14594.0,899.360413,-897.10968,611.1909152861301,-991.1850897609199
14603.0,896.450317,-900.937927,607.0954715583858,-993.9900061435967
14612.0,893.244995,-904.929199,602.8854844275769,-996.7162187272635
14621.0,889.934998,-908.834106,598.6337218290613,-999.3112408318187
14630.0,886.637756,-912.544678,594.3299883531264,-1001.7847188303151
14639.0,883.25769,-916.179932,589.9361685132733,-1004.1675692136818
14648.0,879.68811,-919.84906,585.5342142482277,-1006.4241591972698
14657.0,876.145813,-923.326416,581.0351165917363,-1008.6017149398284
14666.0,872.523743,-926.720642,576.4861567799514,-1010.6730896923452
14675.0,868.831604,-930.038513,571.9059566094157,-1012.6309945202395
14684.0,864.949768,-933.375488,567.2830889107536,-1014.4859120811926
14693.0,861.125488,-936.540161,562.6219642709976,-1016.2424831756624
14702.0,857.240784,-939.630371,557.8939907470749,-1017.9165480041579
14711.0,853.178345,-942.744934,553.167319498384,-1019.4882362124438
14720.0,849.066406,-945.793945,548.4290618198246,-1020.9678068976432
14729.0,845.03302,-948.687317,543.6498127593914,-1022.3715174574147
14738.0,840.958679,-951.522766,538.8656874564526,-1023.6952849319775
14747.0,836.846619,-954.303284,534.0458993578693,-1024.9527695648942
14757.0,832.104614,-957.444092,528.6735263654807,-1026.2749077705
14766.0,827.935059,-960.137634,523.8397487039031,-1027.4039820636099
14775.0,823.735168,-962.78363,518.9938336843913,-1028.4797714782258
14784.0,819.5047,-965.380371,514.118608167897,-1029.5014373142944
14793.0,815.251099,-967.939087,509.2660758012322,-1030.4618171017028
14802.0,811.10907,-970.381958,504.3704242703953,-1031.3806321026036
14811.0,806.94873,-972.793579,499.5178404428263,-1032.247585681318
14820.0,802.771301,-975.175476,494.65842639733626,-1033.0753981273062
14829.0,798.445374,-977.609863,489.7590847285316,-1033.8733119404735
14838.0,794.10376,-980.016235,484.88862936365337,-1034.6334716933989
14847.0,789.747375,-982.395752,479.9792372700844,-1035.3670141342511
14856.0,785.375427,-984.746582,475.1163019023608,-1036.0608517717583
14866.0,780.500549,-987.326355,469.6851245049135,-1036.7979195706816
14875.0,775.96344,-989.696777,464.79638154525077,-1037.4298773110304
14884.0,771.553528,-991.975525,459.95562160164576,-1038.0291453166205
14893.0,767.27002,-994.160828,455.0605388122404,-1038.609957503223
14902.0,762.976196,-996.325928,450.1797574817419,-1039.1645065648358
14911.0,758.673218,-998.472656,445.31356047815876,-1039.6942656306658
14920.0,754.222229,-1000.670166,440.4108155305448,-1040.2063889457727
14930.0,749.265747,-1003.089478,435.02567690119685,-1040.7451324756073
14939.0,744.935608,-1005.180908,430.1358404000712,-1041.2131603061234
14948.0,740.597717,-1007.256226,425.27851712947364,-1041.6586820441414
14957.0,736.253357,-1009.317993,420.4195549204121,-1042.0859585647408
14967.0,731.261047,-1011.662476,414.9922719703996,-1042.5429829120208
14976.0,726.898499,-1013.685486,410.1816798209154,-1042.92837891264
14985.0,722.382507,-1015.746033,405.2832113532733,-1043.2952000262562
14994.0,717.850891,-1017.772095,400.4340179263699,-1043.6261943649224
15003.0,713.306763,-1019.769897,395.53096348567175,-1043.9255406684379
15013.0,708.396729,-1021.877014,390.0749768819587,-1044.2162764208576
15022.0,703.962769,-1023.738281,385.18498302842596,-1044.4364537537567
15031.0,699.514221,-1025.564453,380.2588974246075,-1044.6177240907982
15040.0,694.763489,-1027.470947,375.29702754999636,-1044.7593665574345
15049.0,690.143433,-1029.286255,370.3858614717616,-1044.8593606066306
15058.0,685.653564,-1031.008301,365.4223372580536,-1044.9197147354262
15067.0,681.004272,-1032.747437,360.4757168854782,-1044.938331803257
15076.0,676.341309,-1034.449463,355.5118824005813,-1044.9146158281176
15085.0,671.664673,-1036.113647,350.5312005945393,-1044.8480300621566
15094.0,666.973572,-1037.736572,345.6202069511654,-1044.739898232339
15104.0,661.745667,-1039.494141,340.12463937566804,-1044.5698165107842
15113.0,657.028015,-1041.038086,335.1646783533873,-1044.3723275278408
15122.0,652.44342,-1042.489136,330.2583269270778,-1044.1330228278864
15131.0,647.848145,-1043.906128,325.3028695064651,-1043.84378764083
15140.0,643.090393,-1045.321777,320.38466423317345,-1043.5114697192466
15149.0,638.16687,-1046.7229,315.41851969602203,-1043.1254213370617
15158.0,633.523132,-1047.971802,310.4577264738291,-1042.6758042511858
15167.0,628.560242,-1049.22644,305.5211472927943,-1042.1558030681956
15176.0,623.729675,-1050.369263,300.64450096309986,-1041.5659966313474
15185.0,619.034363,-1051.407593,295.7264671677314,-1040.8928259037073
15194.0,614.170288,-1052.397949,290.81981452929034,-1040.1411776305113
15203.0,609.291504,-1053.31311,285.94303482175235,-1039.3126733216834
15213.0,603.851807,-1054.223999,280.50576465088517,-1038.289670832416
15222.0,598.789368,-1054.983154,275.6619591955814,-1037.2862026382254
15231.0,593.868469,-1055.635132,270.85326092535706,-1036.2019520873007
15240.0,588.937866,-1056.209106,266.01384985914257,-1035.0222379484233
15249.0,583.99884,-1056.705444,261.24489982114795,-1033.7747228798369
15258.0,578.898193,-1057.138428,256.4966962440074,-1032.4504339758328
15267.0,574.101074,-1057.472534,251.7532735063878,-1031.04710207004
15276.0,569.144775,-1057.747437,247.0481121756741,-1029.577192153346
15285.0,564.185242,-1057.955444,242.3649220384029,-1028.0387161381268
15294.0,559.223267,-1058.092896,237.70401972049956,-1026.4339831714926
15304.0,553.708374,-1058.171753,232.56427301306053,-1024.580521307574
15313.0,548.744507,-1058.17627,227.9511551746704,-1022.8431894105698
15322.0,543.780945,-1058.117188,223.32958595413487,-1021.0317498778401
15331.0,538.818542,-1057.994385,218.7963588663231,-1019.1850311348151
15340.0,534.013123,-1057.815186,214.28779448130828,-1017.2788923330259
15349.0,528.900513,-1057.558838,209.77275781788208,-1015.300604629188
15358.0,523.792114,-1057.229004,205.2846184053693,-1013.2620308814202
15368.0,518.46637,-1056.798584,200.37615821169362,-1010.9417208768153
15377.0,513.370605,-1056.311035,195.9378377437703,-1008.7575251141612
15386.0,508.591156,-1055.78064,191.59447308306468,-1006.5377813455525
15395.0,503.511871,-1055.144165,187.254559286145,-1004.2367599868563
15404.0,498.596436,-1054.452393,182.93375644666597,-1001.8640313606563
15413.0,493.690674,-1053.695068,178.69270156178882,-999.4545641088341
15423.0,488.254059,-1052.765991,173.96885536264267,-996.674953713553
15432.0,483.373169,-1051.862061,169.78816361364804,-994.1289108141897
15441.0,478.657562,-1050.920166,165.64411665090512,-991.5236483099319
15450.0,473.803314,-1049.88269,161.5517288218405,-988.8695117590612
15459.0,468.81192,-1048.746826,157.482059890492,-986.149527800519
15469.0,463.453705,-1047.439331,153.02670419381965,-983.0771072133656
15478.0,458.64801,-1046.196167,149.038703732971,-980.2387326310067
15487.0,453.710632,-1044.844604,145.10532466241037,-977.3541862088773
15496.0,448.941406,-1043.46814,141.21359881800456,-974.4136847335997
15506.0,443.831635,-1041.906494,136.9582613606322,-971.0976927898553
15515.0,439.104065,-1040.393066,133.141980041877,-968.0323192658569
15524.0,434.544189,-1038.866089,129.4222115213424,-964.957640573765
15533.0,429.861755,-1037.218262,125.66801401131809,-961.763085930788
15542.0,425.351685,-1035.549927,121.9753182095888,-958.5237111803494
15551.0,420.725098,-1033.751343,118.33488860006474,-955.2257082519138
15561.0,415.61969,-1031.664551,114.3620725020429,-951.4999863453819
15570.0,411.057312,-1029.708862,110.85132643465153,-948.0889483808019
15579.0,406.388916,-1027.608765,107.3764477496493,-944.5926079460393
15588.0,402.041595,-1025.553223,103.97793994412571,-941.0458212660055
15597.0,397.59491,-1023.347046,100.62419226872446,-937.4096452203054
15606.0,393.191589,-1021.055542,97.38773670880877,-933.7603392064399
15616.0,388.350616,-1018.412598,93.83615621414356,-929.5857454713974
15625.0,383.901978,-1015.880066,90.7172535744141,-925.7684657285533
15634.0,379.630127,-1013.351929,87.70081807041007,-921.9352952621733
15643.0,375.407471,-1010.742493,84.74455788217787,-918.0338796671638
15652.0,371.102783,-1007.97229,81.83078320837647,-914.0364658962493
15661.0,366.848602,-1005.125122,79.02199456186833,-910.0275727466683
15671.0,362.463318,-1002.072632,76.00144816766397,-905.5368865932288
15680.0,358.43457,-999.172729,73.35314728586273,-901.4407199201557
15689.0,354.453064,-996.208313,70.78222874511822,-897.3158427097884
15698.0,350.651398,-993.26355,68.2853942161384,-893.1457046450901
15708.0,346.355927,-989.803955,65.57076199523138,-888.4040710655265
15717.0,342.661163,-986.726135,63.24204076198171,-884.1574205180735
15726.0,338.898865,-983.488037,60.96927012709303,-879.8415668811517
15735.0,335.304077,-980.294006,58.76865661837225,-875.4884784189929
15744.0,331.765167,-977.038208,56.618028948032354,-871.0529424948019
15754.0,327.894409,-973.355042,54.341982312975915,-866.1427923582702
15763.0,324.465302,-969.983765,52.35350346026287,-861.651077439645
15772.0,320.979065,-966.450134,50.44435612266763,-857.1437861922477
15781.0,317.550751,-962.860291,48.59532646331065,-852.5742930441997
15790.0,314.286011,-959.32959,46.82875945711905,-847.9907581560916
15799.0,310.977661,-955.628906,45.127907107701596,-843.3457069194459
15809.0,307.389099,-951.440552,43.357476372103875,-838.2132226281092
15818.0,304.223877,-947.61676,41.841180390569434,-833.5228042237852
15827.0,301.11377,-943.747986,40.41055488202196,-828.8235636774649
15836.0,298.146729,-939.963684,39.05973300337048,-824.1366287273847
15845.0,295.21991,-936.148193,37.75940024219729,-819.3996797337701
15854.0,292.244171,-932.17511,36.50826332019862,-814.631678610275
15863.0,289.402618,-928.295715,35.31499946034051,-809.866631662067
15873.0,286.300568,-923.945312,34.05267984057187,-804.5507247521241
15882.0,283.552338,-919.999268,32.9761793996298,-799.7579491618696
15891.0,280.842224,-916.026917,31.95238640526606,-794.9536387053565
15900.0,278.083832,-911.900024,30.97089943968229,-790.1053314706639
15909.0,275.277039,-907.61908,30.03688898678556,-785.2476546412031
15918.0,272.595245,-903.441956,29.152585119051135,-780.3982026122899
15927.0,269.86615,-899.111084,28.313753900267812,-775.5406785003956
15937.0,266.967407,-894.418823,27.434009607096808,-770.1482424019088
15946.0,264.390533,-890.176208,26.67759216628821,-765.2423227229721
15955.0,261.925842,-886.047119,25.970814529398265,-760.3986688008279
15964.0,259.49292,-881.899231,25.295295830025985,-755.4983551177683
15973.0,257.007874,-877.602173,24.658456085877237,-750.6102457233795
15982.0,254.627914,-873.423645,24.055488092986778,-745.7178426419902
15991.0,252.198395,-869.094971,23.48375582060343,-740.8043386057348
16000.0,249.794495,-864.752014,22.946502413947208,-735.9042838011152
16010.0,247.148376,-859.912781,22.385327082541277,-730.4694517572473
16019.0,244.859863,-855.683472,21.905588605787504,-725.5461144034288
16028.0,242.517807,-851.306824,21.452504658035693,-720.6375613327644
16037.0,240.195724,-846.919556,21.023275022314284,-715.7268648209591
16046.0,237.891953,-842.522644,20.6196454443262,-710.8485863224226
16055.0,235.678665,-838.253479,20.236723129032303,-705.951350208213
16064.0,233.415359,-833.835571,19.873962337625112,-701.0180141854167
16073.0,231.233826,-829.55011,19.534795382799455,-696.117553305599
16083.0,228.749374,-824.625916,19.177979058501638,-690.6654895487867
16092.0,226.526367,-820.187622,18.876174753400637,-685.7971229710148
16101.0,224.315063,-815.743469,18.58809797278918,-680.8933934896565
16110.0,222.186432,-811.431458,18.31450216844299,-675.9715723178663
16119.0,219.996506,-806.976746,18.055683412369163,-671.066211586035
16128.0,217.816544,-802.517151,17.80892592579582,-666.1602293397677
16138.0,215.407471,-797.555664,17.54736799802642,-660.6855106882604
16147.0,213.317368,-793.224854,17.325427658454693,-655.7610898292243
16156.0,211.168167,-788.750366,17.115053797363778,-650.8189098907606
16165.0,209.093445,-784.41217,16.917121668587203,-645.9279651131203
16174.0,206.961548,-779.929382,16.72672386143882,-640.984975291098
16183.0,204.89859,-775.585571,16.54809228289483,-636.1277821816058
16192.0,202.775055,-771.098816,16.373371058272326,-631.184213410035
16201.0,200.723801,-766.749512,16.20585418107888,-626.2403952700286
16211.0,198.453156,-761.912903,16.030401863786878,-620.7794856771156
16220.0,196.415085,-757.557373,15.88098994186296,-615.8695745643281
16229.0,194.317093,-753.058655,15.739601727044148,-610.9939117020238
16238.0,192.159058,-748.416748,15.603459730568183,-606.0663723903575
16247.0,190.068771,-743.914429,15.473873238179147,-601.1731397894567
16256.0,187.985123,-739.409058,15.34887311650233,-596.2625465434782
16266.0,185.675354,-734.400574,15.21659612008864,-590.800420593461
16275.0,183.59935,-729.891663,15.103374153679802,-585.8895416655915
16284.0,181.528458,-725.380371,14.99413582945361,-580.9440925763661
16293.0,179.520859,-721.010742,14.890490139020432,-576.0674814020996
16302.0,177.45163,-716.498718,14.788558960646315,-571.1218763086376
16311.0,175.453064,-712.124939,14.692648587314215,-566.2451068682792
16321.0,173.168701,-707.104797,14.593842479984307,-560.7822729470635
16330.0,171.052429,-702.443726,14.512371901016294,-555.8707646652166
16339.0,169.132614,-698.204529,14.436168904577261,-550.9764096465401
16348.0,167.086884,-693.681763,14.36397752809577,-546.0647562117963
16357.0,165.042953,-689.158203,14.295805071305693,-541.2047575842361
16366.0,162.999634,-684.634399,14.229021197603968,-536.2930276474316
16376.0,160.730606,-679.6073,14.157365544458653,-530.8987190805765
16385.0,158.752335,-675.224304,14.093563793182486,-526.0041866941227
16394.0,156.709137,-670.700439,14.030943934208773,-521.1441133513601
16403.0,154.73204,-666.316895,13.968870605173963,-516.2495587396173
16413.0,152.466415,-661.288269,13.902370258565591,-510.80347306480513
16422.0,150.486984,-656.905762,13.845041108988418,-505.9605713702651
16431.0,148.440521,-652.383362,13.785670580801511,-501.03150924328577
16440.0,146.393066,-647.861389,13.724557288879963,-496.17141672263324
16449.0,144.406754,-643.481995,13.661699279265344,-491.2768721252128
16459.0,142.19281,-638.619202,13.589081147708796,-485.88257642938163
16468.0,140.195129,-634.244995,13.518000772427657,-480.98814433507687
16477.0,138.196289,-629.871338,13.44296755833087,-476.0592957547266
16486.0,136.132141,-625.356995,13.367131581074641,-471.1821728447847
16495.0,134.068817,-620.842224,13.290829537135082,-466.28781936923565
16505.0,131.848602,-615.9823,13.208150318512514,-460.9109062646994
16514.0,129.852188,-611.607544,13.134760172911298,-456.0165082596288
16523.0,127.786873,-607.093689,13.062311137819142,-451.1220962333661
16532.0,125.786804,-602.720581,12.989249487914218,-446.22769331361957
16542.0,123.495102,-597.703796,12.908441235863606,-440.79903878263605
16551.0,121.497437,-593.32959,12.838590736402221,-435.9735390350774
16560.0,119.438293,-588.812927,12.770662135174623,-431.0790621834981
16569.0,117.508934,-584.578064,12.708445624517084,-426.28793232322874
16579.0,115.299973,-579.713013,12.643181004778848,-420.8418316995785
16588.0,113.380188,-575.473816,12.589926917285332,-415.98164670866333
16597.0,111.397118,-571.092957,12.54120566915345,-411.1214141644601
16606.0,109.41597,-566.711243,12.494749796574707,-406.20944990260006
16615.0,107.437279,-562.32843,12.451199665528172,-401.33193184930576
16625.0,105.17244,-557.299438,12.406701252130045,-395.9200945883158
16634.0,103.135628,-552.772644,12.370225121520752,-391.0769909402131
16643.0,101.1661,-548.385681,12.337427870181545,-386.19938873067935
16653.0,98.905708,-543.354736,12.304566485263285,-380.8219404030516
16662.0,96.869026,-538.827942,12.274974865694409,-375.9270816429277
16671.0,94.895821,-534.442627,12.245368191930002,-371.10116718545623
16680.0,92.857887,-529.916382,12.21488492531658,-366.2063138969516
16689.0,90.883018,-525.53186,12.183901077544354,-361.32869983110925
16699.0,88.684494,-520.662048,12.148078129151434,-355.9512704170403
16708.0,86.703232,-516.280396,12.113777564376816,-351.0392062349328
16717.0,84.720512,-511.899414,12.079040052401567,-346.19608980440665
16726.0,82.738205,-507.51825,12.043190867584558,-341.26680048979256
16736.0,80.468262,-502.491577,12.005454853960906,-335.85491185073965
16745.0,78.492203,-498.107574,11.974686611600251,-330.9945324973338
16754.0,76.519775,-493.721954,11.947039370026062,-326.08242636168075
16763.0,74.547676,-489.336182,11.92276125551938,-321.2220102563552
16772.0,72.511101,-484.809296,11.89984439833067,-316.3098797740142
16782.0,70.316322,-479.937805,11.874687547434428,-310.91515396263816
16791.0,68.212654,-475.271027,11.85118616606855,-305.9857903123976
16800.0,66.236519,-470.887054,11.827376654052612,-301.1253718889602
16809.0,64.191429,-466.364014,11.80260669380007,-296.26495826532295
16818.0,62.143581,-461.842224,11.774904540609224,-291.3528524390425
16828.0,59.862408,-456.820648,11.739817477467632,-285.9064737915821
16837.0,57.871052,-452.443573,11.705092540079969,-281.028884924852
16846.0,55.941719,-448.20871,11.66794814985536,-276.16855011765745
16855.0,53.882645,-443.692017,11.62788200131013,-271.22205697510265
16864.0,51.886833,-439.316986,11.586818234041369,-266.36175370156406
16874.0,49.667671,-434.456543,11.53959290529055,-260.93270316222555
16883.0,47.603466,-429.9422,11.495229242924571,-256.0379559970523
16892.0,45.603554,-425.569031,11.449129272446658,-251.14322487693624
16901.0,43.537842,-421.055389,11.402273254331387,-246.2485009358874
16910.0,41.537846,-416.682251,11.35563359446091,-241.40548450018355
16920.0,39.247501,-411.664856,11.304302091778027,-235.94199823457768
16929.0,37.250774,-407.290222,11.261245441651596,-231.0989486189687
16938.0,35.257416,-402.914062,11.220231905456986,-226.2041722363993
16947.0,33.20298,-398.395264,11.182681057951264,-221.3438405524891
16957.0,31.065681,-393.686951,11.144567508446597,-215.91471839990203
16966.0,28.952286,-389.024567,11.113040240663997,-211.00263563499917
16975.0,26.966803,-384.644836,11.083867973427674,-206.17671853202222
16984.0,24.980572,-380.265442,11.054755608823287,-201.26462086115933
16993.0,22.930355,-375.74472,11.02617227243314,-196.38699213738127
17003.0,20.583061,-370.563873,10.995172585038823,-190.94058869172332
17012.0,18.535248,-366.042084,10.968805315511197,-186.08018347087318
17021.0,16.548262,-361.663025,10.942858506419162,-181.18530403327634
17030.0,14.560942,-357.284119,10.91587581999048,-176.27319420220553
17039.0,12.508915,-352.764221,10.888121231187686,-171.39556069230093
17049.0,10.295302,-347.901245,10.855923437648665,-165.949164197775
17058.0,8.365181,-343.666748,10.825232856811432,-161.08878435335774
17067.0,6.239964,-339.009735,10.792428826039394,-156.1767099490521
17076.0,4.242593,-334.635406,10.75833141020265,-151.31635281094125
17085.0,2.181949,-330.119446,10.723202232719146,-146.42153066029906
17095.0,-0.10362,-325.099854,10.685788646907678,-140.97516749786763
17104.0,-2.092519,-320.721649,10.656120105528863,-136.13201736267433
17113.0,-4.083585,-316.344452,10.62961538448044,-131.2371409142568
17122.0,-6.136254,-311.82486,10.605024335724096,-126.34225447779767
17131.0,-8.1224,-307.445435,10.583249040373122,-121.44735470537915
17141.0,-10.468049,-302.263855,10.563787319233608,-116.01813365335173
17150.0,-12.450854,-297.882904,10.549262583506874,-111.12320699633607
17159.0,-14.498096,-293.36084,10.535425478999471,-106.24551414943778
17168.0,-16.548992,-288.840424,10.520567000906379,-101.35058849411479
17177.0,-18.603199,-284.321533,10.503755749094113,-96.45566915593128
17187.0,-20.81741,-279.458832,10.482145396801213,-91.02645623111046
17196.0,-22.746355,-275.223785,10.460764316119675,-86.11431882390407
17205.0,-24.805531,-270.707153,10.438733272992096,-81.2538920137473
17214.0,-26.803102,-266.332916,10.414361186181084,-76.35900448215938
17224.0,-29.103979,-261.320343,10.38260071844018,-70.94707747591445
17233.0,-31.182322,-256.8125,10.348642206735551,-66.0694832129989
17242.0,-33.262852,-252.305664,10.30958517872338,-61.15745454793267
17251.0,-35.34737,-247.800674,10.26742490395245,-56.27992428299581
17260.0,-37.430984,-243.295258,10.223415734690157,-51.35070106789794
17270.0,-39.823101,-238.134949,10.174815511385807,-45.93889908828624
17279.0,-41.849674,-233.774063,10.130251132554811,-41.0441537464273
17288.0,-43.942822,-229.273071,10.085022690826007,-36.16665096711647
17297.0,-46.036652,-224.7724,10.038969706298927,-31.254682911387327
17306.0,-48.130569,-220.271759,9.992912697827267,-26.32547840526166
17315.0,-50.091808,-216.051575,9.94846888590602,-21.447968413297726
17325.0,-52.341297,-211.205109,9.901409291715058,-15.984443681750697
17334.0,-54.434315,-206.704056,9.86122112046661,-11.141369413761193
17343.0,-56.59676,-202.064209,9.818487924031652,-6.212134971663578
17352.0,-58.697739,-197.566864,9.772244056418154,-1.3518782244885745
17361.0,-60.736378,-193.211609,9.721961780848789,3.508338420531815
17371.0,-63.149578,-188.061127,9.661996884554377,8.954499975673727
17380.0,-65.190491,-183.70694,9.606324949652773,13.831894732078846
17389.0,-67.233101,-179.353546,9.549597666603153,18.743751109582906
17398.0,-69.276871,-175.000702,9.493161013033832,23.586663287034014
17408.0,-71.547218,-170.163971,9.42940993218807,29.015544920488423
17417.0,-73.656021,-165.670288,9.372944878299382,33.858456766894435
17426.0,-75.76606,-161.177185,9.317589912400603,38.735855130970734
17435.0,-77.876099,-156.684082,9.262519064090602,43.63049353918608
17444.0,-79.920197,-152.33139,9.20723164620214,48.507892669415945
17454.0,-82.269753,-147.341446,9.145215632136447,53.90232067070331
17463.0,-84.319016,-142.99118,9.088145975561025,58.71075155331619
17472.0,-86.300575,-138.780502,9.030272572576921,63.553646774524
17482.0,-88.50631,-134.103851,8.966583061562018,68.91358139296443
17491.0,-90.559998,-129.755676,8.906977982959978,73.82540369150846
17500.0,-92.615761,-125.408485,8.846128493509056,78.6510253349462
17509.0,-94.675293,-121.063072,8.781828608586457,83.51107674090385
17519.0,-97.040955,-116.080734,8.706624073376759,88.9398117932205
17528.0,-99.107277,-111.738548,8.637259360181167,93.76531854821987
17537.0,-101.173683,-107.3964,8.564986888309669,98.67697079035581
17546.0,-103.309303,-102.915405,8.493014266446112,103.5196769961949
17556.0,-105.683792,-97.937271,8.411668178364042,108.9483234945701
17565.0,-107.755707,-93.597748,8.338742920063249,113.75654004598172
17574.0,-109.828728,-89.258759,8.263358982731392,118.63366996388797
17583.0,-111.906792,-84.92218,8.18605014553661,123.51076974939937
17593.0,-114.293228,-79.94976,8.097572423880749,128.9048286237392
17602.0,-116.371841,-75.613441,8.016718711875434,133.7646328194869
17611.0,-118.380646,-71.415688,7.938674274248145,138.60724497824233
17620.0,-120.584183,-66.795219,7.865145956391248,143.50164090950736
17630.0,-122.955681,-61.815659,7.790625162482728,148.86143587937747
17639.0,-125.024071,-57.474461,7.726439776824191,153.7042515573316
17648.0,-127.223579,-52.852074,7.6639180464862635,158.59880046185242
17657.0,-129.289413,-48.509655,7.605195976484818,163.44168546697748
17667.0,-131.58197,-43.683411,7.542858879780335,168.87058352061064
17676.0,-133.712997,-39.200222,7.489195760393155,173.7307640124617
17685.0,-135.775894,-34.856407,7.436987496718417,178.59096035015978
17695.0,-138.070251,-30.031013,7.379935626819068,183.95096972999215
17704.0,-140.072678,-25.830214,7.3261974787069954,188.81114939284305
17713.0,-142.212265,-21.351109,7.267797446110855,193.70574921118398
17722.0,-144.289368,-17.014071,7.205237104745491,198.5485861543464
17731.0,-146.437088,-12.53886,7.137586632940417,203.42582947284183
17741.0,-148.750916,-7.722774,7.05867061223437,208.80279912577845
17750.0,-150.90007,-3.248248,6.9853701788173135,213.6627231159467
17759.0,-153.053818,1.224065,6.911695190393105,218.48816598702723
17769.0,-155.365921,6.040975,6.828729866815203,223.91678798026373
17778.0,-157.512573,10.516695,6.756697816797656,228.77673093543535
17787.0,-159.588776,14.854168,6.68774844098794,233.65395606430928
17796.0,-161.796463,19.472654,6.622073818737132,238.56570095811858
17805.0,-163.865067,23.813755,6.5620607036471705,243.42580718841714
17815.0,-166.231171,28.795877,6.5018550370207375,248.87196608723744
17824.0,-168.357224,33.281425,6.454222114468985,253.6977362859384
17833.0,-170.41423,37.628036,6.410469334472254,258.57525252562294
17842.0,-172.541,42.113239,6.368892992461669,263.43555144148576
17852.0,-174.834717,46.938931,6.320207399103472,268.8645890821148
17861.0,-176.9729,51.418705,6.271648060817328,273.7765329996015
17870.0,-179.116409,55.895931,6.2178555391545665,278.63671206095125
17879.0,-181.263626,60.371384,6.157873062068625,283.5312927424758
17889.0,-183.581329,65.185608,6.086875135432936,288.8911355351483
17898.0,-185.738083,69.656471,6.017613792996139,293.802831161338
17907.0,-187.897003,74.126289,5.946122780589272,298.6627821054214
17916.0,-190.055038,78.596542,5.873565301077397,303.5227172444864
17925.0,-192.209839,83.068352,5.802428930250708,308.3826733924897
17935.0,-194.597641,88.040115,5.7274788443710305,313.81141196374125
17944.0,-196.740189,92.517807,5.666404402125766,318.6715049727542
17953.0,-198.810699,96.857994,5.6122170852902915,323.514442840316
17962.0,-200.877457,101.199974,5.564054944132424,328.40915410388095
17972.0,-203.24292,106.182404,5.517388853595877,333.8209731071578
17981.0,-205.369537,110.667679,5.480480033117749,338.6813097089502
17990.0,-207.491501,115.155159,5.448154815002888,343.5933872875478
17999.0,-209.480194,119.362473,5.420296324108391,348.4710202051228
18009.0,-211.909241,124.505493,5.39183496501812,353.91743750684986
18018.0,-214.029526,128.993759,5.36787772368488,358.7606192611265
18027.0,-216.083099,133.341995,5.344953021940418,363.6727497068618
18036.0,-218.20253,137.830673,5.3234440301523245,368.5504147565978
18045.0,-220.250305,142.181641,5.30509977914399,373.445328589748
18055.0,-222.583862,147.179092,5.29402558768539,378.8401016905704
18064.0,-224.670181,151.683258,5.297196665771694,383.7522846067647
18073.0,-226.731018,156.199142,5.319519495426894,388.6471819128158
18082.0,-228.701233,160.58577,5.367919942328633,393.5246542470155
18091.0,-230.704239,165.127594,5.448708263005837,398.4706498952976
18100.0,-232.665771,169.687485,5.566170297364461,403.39866988122736
18110.0,-234.782791,174.780441,5.750804991060771,408.8592767273128
18119.0,-236.627686,179.388763,5.978815675049669,413.8351822775874
18128.0,-238.410904,184.021301,6.270845596534983,418.80774132120104
18137.0,-240.177505,188.825821,6.634910416613335,423.79282763352995
18146.0,-241.820618,193.509888,7.0781133970250005,428.7888057971206
18155.0,-243.387833,198.219879,7.597687938630712,433.7427605014938
18164.0,-244.87001,202.957321,8.197891039781354,438.63550355101194
18173.0,-246.280334,207.87822,8.913440637967037,443.61721084517956
18182.0,-247.492126,212.531799,9.733276999594521,448.5129317911783
18191.0,-248.643753,217.519592,10.671983384155707,453.35214749569315
18200.0,-249.622955,222.385941,11.741646375745766,458.1464537168572
18209.0,-250.415237,227.128998,12.941950025608056,462.8563905839372
18219.0,-251.123016,232.598831,14.457524903980792,468.0518689484653
18228.0,-251.588791,237.540817,15.97563750169118,472.6328798681919
18237.0,-251.864014,242.341705,17.64902337526422,477.141099496459
18247.0,-251.935333,247.511932,19.697788627958356,482.0571089545224
18256.0,-251.796478,252.318695,21.718757057649068,486.38256947485166
18266.0,-251.417084,257.302643,24.131029332963134,490.99504820214156
18275.0,-250.86113,261.922974,26.484874772845444,495.0294708324836
18285.0,-249.969803,267.016296,29.302364822433827,499.3651477672808
18295.0,-248.81308,272.232666,32.30785144833044,503.50897951401464
18304.0,-247.57933,276.719788,35.2092435134046,507.1253647622783
18314.0,-245.895493,281.790588,38.59891762758166,510.9382689046707
18324.0,-243.957138,286.769684,42.20111230014452,514.5753673285054
18334.0,-241.915131,291.331909,45.974108823650965,518.0094066167203
18343.0,-239.980103,295.220459,49.53369521050429,520.953236787971
18353.0,-237.477646,299.74527,53.67392561077402,524.0794767441167
18363.0,-234.712646,304.317261,57.94476270889449,527.0247839457576
18372.0,-232.175949,308.21875,61.872934235843616,529.5199608195394
18382.0,-229.108337,312.593475,66.4066080970973,532.1809351210694
18391.0,-226.416702,316.197906,70.57274129295509,534.4413090886375
18401.0,-223.205368,320.250519,75.28513622125814,536.8098164300958
18410.0,-220.023499,324.060486,79.59677723305957,538.8196407775616
18420.0,-216.595291,327.931366,84.43827143916549,540.9116318958654
18429.0,-213.42717,331.340088,88.90258762227522,542.6988491506477
18439.0,-209.699875,335.168365,93.89476793694843,544.5543069804581
18448.0,-206.166168,338.65451,98.43944840653111,546.1259761339254
18457.0,-202.570862,342.077087,103.03082157945578,547.6124549574977
18466.0,-199.032104,345.333069,107.66511043990768,549.019704122451
18476.0,-194.910034,348.997559,112.8047717222772,550.4799632063462
18485.0,-191.387802,352.039001,117.46877483468015,551.7198833140383
18494.0,-187.705032,355.131165,122.15073106415339,552.8901878775079
18504.0,-183.436676,358.624176,127.4024044427853,554.1245404086928
18513.0,-179.682419,361.62915,132.1311816437679,555.1712732484555
18522.0,-175.771194,364.685699,136.9056837304976,556.1693758473687
18532.0,-171.402115,368.05188,142.18162277263093,557.2098073014389
18541.0,-167.563568,370.948395,147.00988032699462,558.1139533331171
18550.0,-163.570923,373.897797,151.81247086845156,558.9667153545818
18559.0,-159.675766,376.717743,156.62391005181064,559.7680467211092
18568.0,-155.754898,379.501801,161.4602540067901,560.5232255705508
18578.0,-151.37088,382.556122,166.8324089272461,561.3085735832103
18587.0,-147.406128,385.277344,171.664851025059,561.9715836475605
18596.0,-143.295059,388.059296,176.51918372425118,562.6008467015084
18605.0,-139.295837,390.729584,181.32638020368404,563.1906309523143
18614.0,-135.149185,393.458221,186.18869180574862,563.7549392279392
18624.0,-130.526154,396.466125,191.5342934878177,564.340236625495
18633.0,-126.484352,399.071533,196.38602962689097,564.842964594616
18642.0,-122.298126,401.739075,201.2574088523704,565.3227378609388
18651.0,-118.231133,404.304962,206.07966079039025,565.7731484521041
18661.0,-113.697723,407.132812,211.48797529916772,566.2495455181472
18670.0,-109.475174,409.742462,216.33177567665575,566.6518290584502
18679.0,-105.241959,412.334778,221.1772850292681,567.0329763495312
18688.0,-101.13298,414.832886,226.00710439401246,567.3932933742618
18698.0,-96.559219,417.594971,231.3883477740046,567.7752870029582
18707.0,-92.303932,420.150879,236.2720691244119,568.1066232628004
18716.0,-88.041969,422.695648,241.1394704970056,568.4236135658335
18725.0,-83.907974,425.15213,245.99046622298786,568.7270515500309
18735.0,-79.160881,427.960175,251.39272368303529,569.0519776702432
18744.0,-74.883003,430.478119,256.22785397592884,569.332153517013
18753.0,-70.602921,432.99231,261.080742632053,569.6036417027849
18762.0,-66.452797,435.421448,265.91687010141334,569.8660432166303
18772.0,-61.836246,438.11142,271.3042375736392,570.1488349532418
18781.0,-57.542171,440.601624,276.1757535744563,570.394621095873
18790.0,-53.243462,443.083832,281.013341534294,570.6285573803683
18799.0,-48.942932,445.562866,285.8685651926417,570.8544719022352
18809.0,-44.309525,448.223694,291.2578927645873,571.097057494018
18818.0,-40.000877,450.688599,296.1482507270541,571.3089936741479
18827.0,-35.687943,453.145996,300.97012347971946,571.5086685676238
18836.0,-31.504971,455.518127,305.8440679634055,571.7003561886959
18846.0,-26.701698,458.228943,311.26957232218155,571.9021542146274
18855.0,-22.375275,460.662506,316.1614702101306,572.0749344200626
18864.0,-17.911169,463.167725,321.01917163699227,572.2391628927325
18873.0,-13.714441,465.515442,325.8426365561208,572.3957294277903
18883.0,-9.048932,468.119568,331.2692676492948,572.5645339566532
18892.0,-4.712177,470.534668,336.1103593617262,572.7088062207878
18901.0,-0.643176,472.792908,340.96885517499067,572.8475598739337
18910.0,3.699357,475.197601,345.8102892223269,572.9798467578116
18920.0,8.376211,477.781311,351.2204629227427,573.1212086323164
18929.0,12.588166,480.101593,356.062200134029,573.241890989005
18938.0,16.801821,482.418793,360.8695985645008,573.3567162008019
18948.0,21.484529,484.991882,366.3146434041414,573.4822477419241
18957.0,25.836395,487.379669,371.13945292035885,573.5896723116522
18966.0,30.053368,489.690826,376.0160332991697,573.6947569591568
18975.0,34.27227,491.998444,380.8582257068455,573.7955346422874
18985.0,39.112698,494.642365,386.26916119567653,573.903884925825
18994.0,43.471115,497.018158,391.1459762018852,573.9974497127033
19003.0,47.691452,499.323151,395.9539113190537,574.0870287709848
19012.0,51.911674,501.628357,400.8652481947351,574.1782491165304
19022.0,56.752636,504.271301,406.2418761479363,574.2777591149264
19031.0,61.110023,506.648987,411.08431569372044,574.3658652997055
19040.0,65.332138,508.950714,415.9095591467966,574.4516121626754
19050.0,70.021568,511.511536,421.2862803842837,574.5459473166768
19059.0,74.377274,513.892334,426.14601345774616,574.6309684814836
19068.0,78.597824,516.19696,430.97129162672104,574.7147389892903
19077.0,82.817413,518.503357,435.8310470815162,574.7984710819456
19087.0,87.506111,521.065491,441.20780292115387,574.8908129893729
19096.0,91.724403,523.374207,446.0675765891259,574.9734812410652
19105.0,96.079521,525.756042,450.9101150410459,575.0559724287554
19114.0,100.436455,528.134583,455.78713711137186,575.1380376447697
19124.0,105.276062,530.780029,461.19843647466257,575.2263657211901
19133.0,109.493729,533.089905,466.02380866018115,575.3045333436735
19142.0,113.846542,535.475952,470.9181071098146,575.3842869105272
19151.0,118.198624,537.863342,475.76069306201316,575.4639408491587
19161.0,122.883675,540.432129,481.15475325452417,575.5523381717541
19170.0,127.10051,542.74353,485.9628949510394,575.6300422565803
19179.0,131.315567,545.058167,490.80550536301087,575.7081950059613
19189.0,136.143341,547.725098,496.182255289728,575.8008805629423
19198.0,140.353928,550.047852,500.9729674298751,575.8896128705314
19207.0,144.710266,552.427429,505.8671840160235,575.9742411954628
19216.0,149.08374,554.775391,510.72727101585116,576.0357919700955
19226.0,153.819992,557.248535,516.1909420242874,576.0606155315683
19235.0,158.245789,559.496338,521.0857988191483,576.0307005969241
19244.0,162.70134,561.68457,526.0144064903595,575.9412314149866
19253.0,167.184677,563.815308,530.9241888987816,575.7876483435924
19262.0,171.84108,565.941833,535.8485327432815,575.5640057439474
19271.0,176.390182,567.928223,540.7343776053864,575.2656135038452
19281.0,181.487656,570.034363,546.1810146610121,574.833801181283
19290.0,186.112488,571.837463,551.0345878406721,574.3491297834993
19299.0,190.921921,573.590637,555.8938920344922,573.759485231729
19308.0,195.476837,575.132385,560.7049402602769,573.0680742736688
19317.0,200.068283,576.561707,565.5323689262473,572.2578579936066
19327.0,205.380386,578.045471,570.8269243208609,571.2227818512575
19336.0,210.047638,579.203491,575.5680615211438,570.1523369942723
19345.0,214.746048,580.227783,580.2258204544596,568.9567006709349
19355.0,220.170746,581.224121,585.3565719656762,567.4654382460961
19364.0,225.083557,581.934448,589.9908776784089,565.943830696471
19373.0,229.864456,582.451355,594.4049333688789,564.3139597272152
19383.0,235.368698,582.802612,599.3228459962337,562.2697671134629
19392.0,240.021042,582.912598,603.6043849799382,560.2769579135006
19402.0,245.362823,582.794617,608.2701121776347,557.8549809048785
19411.0,250.316681,582.479126,612.3476732539964,555.5068193509104
19421.0,255.797287,581.860229,616.7517677424695,552.7000958292975
19431.0,260.901031,581.030762,620.9589146041552,549.7238037200743
19440.0,265.454865,580.072083,624.6402184282459,546.8488852047411
19450.0,270.455048,578.755066,628.5700585620331,543.4619632166234
19460.0,275.708771,577.076233,632.3580847692513,539.841890781597
19469.0,279.926208,575.511047,635.5101433150103,536.5126195465147
19479.0,284.817505,573.360779,638.9011192108577,532.5408406422987
19489.0,289.275146,571.099609,641.9916399976055,528.4816769518231
19498.0,293.4487,568.710938,644.5977605074631,524.6470382377828
19508.0,297.78064,565.887695,647.2149874760884,520.3079475025554
19518.0,301.799438,562.91571,649.5585497453128,515.8540576652882
19528.0,305.762238,559.594177,651.6524629243604,511.22069090506625
19538.0,309.386078,556.151611,653.4378945455015,506.51519914346943
19548.0,312.79007,552.491516,654.9233305916089,501.70657163188656
19558.0,315.955292,548.623047,656.0894096198599,496.8638570401375
19568.0,318.965027,544.418579,656.942709851689,491.9563624011565
19578.0,321.602631,540.172791,657.4617876749819,487.106348258135
19588.0,323.878204,535.916931,657.6582612421489,482.2498441367369
19599.0,326.106476,530.890503,657.4999938659714,476.87462490171373
19609.0,327.807983,526.190674,657.0034211888485,471.9876046813522
19619.0,329.179169,521.384033,656.1773325209833,467.23282767093536
19629.0,330.200775,516.491211,654.992120972085,462.46577148894573
19640.0,330.835358,511.411682,653.3152567089186,457.4108022214495
19650.0,331.11145,506.593567,651.4554804099384,452.97622257774947
19660.0,331.063538,501.595428,649.2484661313885,448.6070572204087
19670.0,330.688843,496.783997,646.7558540887715,444.4143296858383
19681.0,329.821503,491.354645,643.7158310974058,440.06236969427283
19691.0,328.750702,486.825867,640.639653823747,436.3214985610479
19702.0,327.113037,481.577209,636.9627993927637,432.4923946123967
19712.0,325.41394,477.060211,633.3540052589391,429.2108273231556
19722.0,323.471741,472.642273,629.5071367408779,426.1010038056015
19732.0,321.237274,468.171173,625.4848140677886,423.19220069186395
19742.0,318.722321,463.65329,621.2667574426895,420.44676500700746
19752.0,316.125244,459.382599,616.9307807798058,417.89162799088587
19762.0,313.280853,455.064514,612.4205468286882,415.4704544923796
19771.0,310.693665,451.38443,608.2772046468439,413.4285174495726
19781.0,307.597504,447.243164,603.5690199138108,411.2909157134871
19791.0,304.283386,443.052094,598.7659360139963,409.2848243418658
19800.0,301.216217,439.34848,594.4248264696389,407.60815887121333
19810.0,297.706329,435.319916,589.4588376134776,405.8318008928428
19819.0,294.580902,431.872009,584.9436899202389,404.33410819053205
19829.0,290.800903,427.855591,579.8385553297192,402.757378821786
19838.0,287.557465,424.518463,575.218294778685,401.42416580837636
19847.0,284.046783,421.009155,570.5106292643304,400.1474652251932
19856.0,280.488007,417.548615,565.8346546954315,398.95348501724413
19866.0,276.608063,413.875122,560.6390636058538,397.7067661557892
19875.0,272.964111,410.504395,555.8979064438373,396.6364097157136
19884.0,269.280762,407.176758,551.1779126749126,395.6304347024673
19894.0,265.279938,403.635315,545.9058070352644,394.57074960239527
19903.0,261.53537,400.37674,541.1478601146218,393.6658050987275
19912.0,257.880524,397.251617,536.3818133564813,392.80453757142334
19922.0,253.786377,393.818481,531.0642042083805,391.8952893131746
19931.0,249.957138,390.659821,526.2658349900012,391.12076559638973
19940.0,246.224319,387.628265,521.4611634498415,390.38635049923334
19949.0,242.229935,384.426819,516.599781894725,389.6817084387087
19959.0,237.899811,381.010681,511.25511249004563,388.94808155686843
19968.0,234.104919,378.05719,506.40083310187356,388.3184073815379
19977.0,230.291748,375.12735,501.57653673417207,387.726462535852
19986.0,226.459793,372.222107,496.6970503489772,387.1606324601357
19995.0,222.484924,369.248779,491.7967448324219,386.62567063378117
20004.0,218.490341,366.302002,486.927233101444,386.1272998407172
20014.0,214.181244,363.142853,481.54015723593506,385.6082851323658
20023.0,210.296753,360.308228,476.7174640555617,385.16262389068856
20032.0,206.41243,357.473389,471.84242739981784,384.72156204617926
20041.0,202.406021,354.542725,467.0015546234931,384.2854601003111
20051.0,198.099457,351.380127,461.6461635481564,383.7977954438834
20060.0,194.105057,348.433105,456.77216478895866,383.3454083962688
20069.0,190.246445,345.563354,451.9851674036098,382.88833014122923
20078.0,186.2789,342.580292,447.1141931430927,382.4044627018517
20088.0,182.169998,339.441284,441.8003420996109,381.8463750946844
20097.0,178.250412,336.395447,436.9016947342031,381.29643664301705
20106.0,174.35878,333.313965,432.07600980771065,380.71592037797717
20115.0,170.375702,330.09848,427.17020949272506,380.0814733943068
20124.0,166.55014,326.935364,422.30519077152815,379.4023976251376
20133.0,162.766647,323.722046,417.3972621525101,378.65912653626015
20143.0,158.490646,319.971466,411.95597085184414,377.75781205326456
20152.0,154.696396,316.535187,407.02075344972627,376.8634654276472
20161.0,150.849197,312.92749,402.1172787254112,375.89415414503924
20169.0,147.477737,309.669922,397.75252145070885,374.9578422889512
20178.0,143.974564,306.153107,392.86665793465386,373.824456037313
20187.0,140.431854,302.458038,387.9857831072525,372.5970686854692
20196.0,137.068573,298.80722,383.14604492137653,371.2805729638301
20205.0,133.672958,294.976532,378.36649989235764,369.87787048901686
20214.0,130.471603,291.182922,373.5683312940712,368.358990344093
20223.0,127.271759,287.187256,368.80718356954793,366.72776652820755
20232.0,124.181534,283.106232,364.0573731333349,364.9622959864321
20241.0,121.20816,278.939301,359.3412780170917,363.0620310599901
20250.0,118.346794,274.694672,354.74346875224387,361.05794107772897
20259.0,115.615715,270.365051,350.20433445758374,358.92428540073695
20268.0,113.18779,266.214203,345.7485498265158,356.6594207124771
20277.0,110.811974,261.855804,341.33801720629543,354.23524646168596
20286.0,108.500443,257.288422,337.0190369677043,351.6852197183793
20295.0,106.387978,252.796463,332.8521546267961,349.0515398083929
20304.0,104.419518,248.239563,328.75316084773647,346.2824876772813
20313.0,102.597191,243.622269,324.714328278171,343.3671049593035
20322.0,100.91996,238.950317,320.7698123778758,340.32532600126194
20331.0,99.346725,234.079056,316.9366928914934,337.1713744727737
20340.0,97.924469,229.161591,313.2066072737235,333.89621393853645
20349.0,96.702911,224.350357,309.5835203896091,330.5030654491397
20358.0,95.636635,219.502335,306.07098141033606,326.9956040936826
20367.0,94.674805,214.31665,302.6388255612407,323.33820981353966
20376.0,93.927559,209.409332,299.3957803269575,319.6487371322097
20386.0,93.279572,203.932098,295.89765913837914,315.3845646490683
20395.0,92.863297,199.141388,292.9335009642196,311.5108267523196
20404.0,92.59127,194.340317,290.1065034998378,307.5570539363714
20413.0,92.492409,189.532562,287.3934469311918,303.4827635686095
20422.0,92.561272,184.724289,284.8410400688879,299.3464060703974
20432.0,92.845291,179.388763,282.1288120210277,294.56372797279704
20441.0,93.278557,174.443817,279.85560123204976,290.1897491182399
20450.0,93.869377,169.515213,277.7634578831676,285.8025894047715
20459.0,94.640579,164.611603,275.7804139734918,281.2520122882691
20468.0,95.58477,159.738342,273.9763710264091,276.68309774508157
20477.0,96.628471,155.203247,272.34583815391034,272.0859854421413
20487.0,98.083015,149.883072,270.7121001907009,266.8722327279056
20496.0,99.606293,144.995956,269.42660353664735,262.14909645018423
20505.0,101.236183,140.307281,268.31992091349264,257.4339891315776
20514.0,102.929893,135.972794,267.36800445358125,252.63249217762043
20523.0,104.846405,131.562439,266.59666024878294,247.83361082240066
20533.0,107.169876,126.750999,265.9499053785988,242.49509618583568
20542.0,109.561386,122.224968,265.54568109689274,237.59957233358386
20551.0,111.959816,118.057022,265.3228272752522,232.77871524379745
20560.0,114.574036,113.837296,265.2714980609181,227.93574624057987
20570.0,117.670998,109.273438,265.4141220679277,222.52560566561706
20579.0,120.511131,105.392982,265.723839431491,217.69227776353162
20588.0,123.581863,101.492874,266.2052042874305,212.89033911529486
20598.0,126.832031,97.695503,266.9391384014257,207.58050896885103
20607.0,130.197815,94.046982,267.7826808275692,202.828797373935
20616.0,133.582062,90.630684,268.7999635141208,198.1112277833912
20626.0,137.475739,86.971756,270.11993435584736,192.93376202622986
20635.0,140.976196,83.905281,271.45315295604854,188.40326616589476
20645.0,145.128143,80.542267,273.1340958254243,183.42236122968768
20654.0,148.971848,77.652603,274.8470600146169,178.94748135211677
20663.0,152.913071,74.897423,276.7251730680601,174.52063644213257
20673.0,157.548157,71.908112,278.9891753487728,169.68092897550468
20682.0,161.810608,69.364151,281.2056271104201,165.35524108430835
20691.0,166.022003,67.042862,283.55280823220977,161.13848075349804
20701.0,170.94223,64.550606,286.32608109014717,156.55133424143003
20710.0,175.443237,62.457493,288.97750782032944,152.49832057887653
20719.0,179.590332,60.714424,291.70019016509065,148.63958174008974
20729.0,184.596939,58.848312,294.9269228114116,144.42419421515163
20738.0,189.161453,57.335217,298.0078935759745,140.70963555309334
20748.0,194.294647,55.85236,301.5730867737341,136.72995313457858
20757.0,198.808044,54.718479,304.94864187612217,133.23283119010605
20766.0,203.66246,53.681744,308.4327947109772,129.868657817977
20776.0,208.926224,52.764542,312.39918893473134,126.31446242180563
20785.0,213.535294,52.121971,316.04587654250724,123.28665368111852
20794.0,218.319504,51.636581,319.8266467175175,120.37122935685859
20804.0,223.65271,51.311859,324.1657825187623,117.28310880371117
20813.0,228.459457,51.172218,328.14160804903634,114.67112613241814
20823.0,233.974823,51.199196,332.70409156738543,111.8904393765286
20832.0,238.935745,51.370701,336.8889761338772,109.52168323380177
20841.0,243.580185,51.663269,341.127115554174,107.28629277880546
20851.0,248.901871,52.140934,345.9695725177584,104.90841347090819
20860.0,253.680374,52.679623,350.310302534449,102.92045345397257
20869.0,258.291473,53.30748,354.71371942194514,101.03134891820001
20879.0,263.567413,54.151836,359.6888113314061,99.03600033708288
20888.0,268.147949,54.973454,364.20665620107985,97.339119481058
20897.0,272.866364,55.901325,368.7553923415249,95.72687680994025
20907.0,278.092651,57.01231,373.8539072792861,94.01714706043263
20916.0,282.936218,58.098663,378.48383998411043,92.53797252963263
20925.0,287.620514,59.18568,383.1127018413487,91.11297380649025
20934.0,292.29895,60.297638,387.76906727251014,89.71923957240728
20944.0,297.660004,61.593464,392.978952746956,88.19152450292412
20953.0,302.331177,62.735535,397.6150964716966,86.85118936964128
20962.0,307.000275,63.886047,402.2876824145559,85.51284160079969
20972.0,312.18631,65.171959,407.44361412611914,84.04678442133968
20981.0,317.00293,66.372063,412.13716655033505,82.71913815245603
20990.0,321.66922,67.533997,416.7486980451685,81.41814871963123
20999.0,326.336456,68.692108,421.4265016671411,80.09815348554434
21009.0,331.69165,70.011971,426.58405210133924,78.6378011354341
21018.0,336.363922,71.149529,431.20859046451085,77.31950320775583
21027.0,341.040039,72.271164,435.84588401137813,75.98315165739699
21037.0,346.241882,73.491592,441.00712807361884,74.47332050229701
21046.0,351.081146,74.59697,445.6816293041585,73.08008067375813
21055.0,355.927795,75.669487,450.3475975261218,71.65852535447829
21064.0,360.629944,76.676567,454.9706115469138,70.21466773756697
21074.0,365.864716,77.746941,460.15619310056667,68.5491301595074
21083.0,370.736694,78.697723,464.7706945203598,67.02249634929656
21092.0,375.46524,79.572403,469.38739183247657,65.4482711740317
21101.0,380.354889,80.427788,473.9887681323155,63.829810448087294
21111.0,385.627747,81.29126,479.0593306344547,61.98777479181629
21120.0,390.534668,82.041161,483.6259490165075,60.27369325150341
21129.0,395.294861,82.722954,488.1423590544889,58.52468672687555
21138.0,400.215302,83.37841,492.688831778483,56.71082242227934
21147.0,405.14212,83.983879,497.2326211589426,54.844400946863914
21157.0,410.281433,84.552841,502.21556463903823,52.73247364640906
21166.0,415.066437,85.030243,506.7158554676021,50.76348062554459
21175.0,420.011353,85.463791,511.22479907169077,48.72906983105177
21184.0,424.806305,85.828156,515.6314961466773,46.67839798186251
21193.0,429.759613,86.151886,520.0763055721521,44.54700231647117
21203.0,435.439148,86.458481,524.9742611093275,42.12577356778077
21212.0,440.55368,86.672531,529.3667005862341,39.8884417298651
21221.0,445.360413,86.81266,533.7314490016329,37.597557712396096
21230.0,450.3237,86.88974,538.095846123697,35.23276321776118
21239.0,455.442688,86.90313,542.3976415481004,32.82574547004504
21248.0,460.25116,86.848633,546.6807867390224,30.351060241765623
21257.0,465.213409,86.721123,550.9284310514286,27.81592365750291
21266.0,470.173187,86.519127,555.1234092784088,25.227229780969598
21275.0,475.129639,86.247536,559.2792024568125,22.57608637300921
21285.0,480.802826,85.840385,563.8533928012122,19.556526876002536
21294.0,485.748932,85.420639,567.9387343048663,16.767372074973423
21303.0,490.687836,84.923111,571.9964785366886,13.908189151473763
21312.0,495.773071,84.335899,575.9967227602742,10.998301549302345
21321.0,500.695099,83.69265,579.910854703141,8.058898705298116
21330.0,505.454254,83.003685,583.8076723001778,5.039959996635307
21339.0,510.355377,82.216766,587.6590690634173,1.9632862597354372
21348.0,515.244324,81.357422,591.4636087570361,-1.1711444750101871
21357.0,520.119629,80.423759,595.2326363542044,-4.374865854494805
21367.0,525.518372,79.295219,599.3374125470181,-7.980851088039305
21376.0,530.361389,78.206421,603.0002598782786,-11.305448677745233
21385.0,535.037231,77.083641,606.5986709674987,-14.674516196245952
21394.0,539.845032,75.84874,610.1570062255508,-18.11074230884183
21403.0,544.634705,74.545074,613.6742424243861,-21.613493336608776
21412.0,549.253967,73.208366,617.1607685176998,-25.19508021050265
21421.0,554.147766,71.706718,620.5541107541767,-28.794334045914248
21430.0,558.723877,70.229134,623.8777680644026,-32.434729683124665
21439.0,563.422791,68.629066,627.1670448242855,-36.15237324293931
21448.0,568.240845,66.899734,630.4190057312734,-39.94821030398538
21457.0,572.739014,65.199562,633.5856389246346,-43.77085983796573
21466.0,577.35083,63.363396,636.7074081041184,-47.67447174549615
21475.0,582.075012,61.392052,639.7278278594997,-51.59192808946284
21484.0,586.620972,59.398464,642.6786573623424,-55.56206724958506
21494.0,591.786499,57.017624,645.9066497780954,-60.07665718633363
21503.0,596.259216,54.864777,648.7179366845231,-64.16773053824082
21512.0,600.692261,52.631348,651.4648172090558,-68.32300096279917
21521.0,605.22345,50.249611,654.1455118412835,-72.54170989129064
21530.0,609.579102,47.868744,656.7327551868091,-76.77802752715917
21539.0,614.032288,45.344151,659.2301644851902,-81.02798342194188
21548.0,618.309387,42.824909,661.6823652361802,-85.36368825438961
21557.0,622.676941,40.154984,664.0536242284364,-89.72457647040497
21566.0,626.872437,37.502029,666.3531391031208,-94.12371804371502
21575.0,630.906372,34.884476,668.5530363544865,-98.4964711843513
21584.0,635.161133,32.038181,670.7464759423563,-102.98784642017513
21593.0,639.110596,29.294827,672.8281166094894,-107.39906519813928
21602.0,643.135681,26.389814,674.8575043997696,-111.91027178864947
21612.0,647.545166,23.076715,677.0039302907146,-116.93472927103623
21621.0,651.586121,19.934261,678.8624385961027,-121.51897910981971
21630.0,655.456238,16.825857,680.63619628364,-126.1182140437127
21639.0,659.398071,13.559968,682.3343590767054,-130.7458939634443
21648.0,663.166138,10.328549,683.9458440357798,-135.36797511506717
21657.0,666.877319,7.032017,685.4884302611127,-140.0498130072452
21666.0,670.650146,3.57223,686.9488640649679,-144.7579242438024
21676.0,674.667725,-0.206543,688.4672392286718,-149.95258491707852
21685.0,678.132019,-3.541665,689.7854573984299,-154.70247745987976
21694.0,681.780762,-7.132061,691.0428253669804,-159.451011638922
21703.0,685.162781,-10.55057,692.2368309540939,-164.19810217981674
21712.0,688.501221,-14.011666,693.3809929155035,-169.01061639918942
21721.0,691.90448,-17.625275,694.4626183052327,-173.8375705342394
21730.0,695.267517,-21.27632,695.4778653902387,-178.64369417125252
21739.0,698.586792,-24.967201,696.4468741022206,-183.51208583144592
21749.0,702.339355,-29.241432,697.4505050465114,-188.9003770068005
21758.0,705.475647,-32.886673,698.3018034419562,-193.79072528507788
21767.0,708.575684,-36.562828,699.099593908065,-198.6726234894415
21776.0,711.74292,-40.384956,699.84670230943,-203.54509794785056
21785.0,714.779846,-44.113407,700.5536091758881,-208.4583960176904
21794.0,717.888123,-47.983635,701.2232531529806,-213.4116985199137
21803.0,720.87323,-51.753689,701.8431734843041,-218.28460831188596
21812.0,723.927063,-55.667046,702.4337599920474,-223.21324126817223
21821.0,726.952515,-59.602383,702.981816616652,-228.07741148330012
21830.0,729.952087,-63.557499,703.5012122952944,-232.99672320696723
21839.0,733.006836,-67.665138,703.9870928469754,-237.9540959997643
21849.0,736.103516,-72.019356,704.4551033837026,-243.39774213403348
21858.0,738.822388,-75.985695,704.7937866215559,-248.31551317136515
21867.0,741.566956,-80.121811,705.0497084641177,-253.27280267788353
21876.0,744.263611,-84.289352,705.2299560749008,-258.16443111270127
21885.0,746.867798,-88.331917,705.3628346104732,-263.1265434185365
21894.0,749.591309,-92.481949,705.4883311644143,-268.0888479089793
21903.0,752.460388,-96.721375,705.6566266986902,-273.1533579570469
21912.0,755.306519,-100.788284,705.890989893968,-278.1462231292006
21921.0,758.206299,-104.817123,706.201744406483,-283.1521854069122
21930.0,761.223145,-108.952682,706.5760323066305,-288.1883658643947
21939.0,764.241333,-113.087273,706.9825651928177,-293.23933769427884
21948.0,767.246094,-117.231636,707.3901819610157,-298.272930208858
21957.0,770.227234,-121.393028,707.781605735732,-303.30780781026124
21965.0,772.758423,-125.007149,708.1047533221395,-307.8465522340008
21974.0,775.646057,-129.233963,708.4105663243826,-312.870086567504
21983.0,778.493835,-133.487732,708.6598633129216,-317.91399933875914
21992.0,781.315979,-137.75853,708.8620531997577,-322.9427703657485
22001.0,783.949951,-141.781769,709.0308875309788,-327.9555262606153
22010.0,786.655396,-145.943588,709.1769508118518,-332.96899733472156
22019.0,789.354004,-150.109833,709.3046841647202,-337.87952024460117
22028.0,792.041199,-154.283463,709.4208075754132,-342.80757195544084
22038.0,795.013245,-158.929657,709.5336174271995,-348.28737403216786
22047.0,797.679932,-163.11644,709.6206570684108,-353.18154832885654
22056.0,800.341187,-167.306671,709.6986397628791,-358.1275890085261
22065.0,802.997803,-171.499832,709.7678826448637,-363.00480997926735
22074.0,805.65094,-175.695206,709.8325743942842,-367.95104235180503
22083.0,808.305054,-179.889969,709.8924599893317,-372.828387191946
22093.0,811.161682,-184.405289,709.9568262771145,-378.22278766169893
22102.0,813.81488,-188.600616,710.0140205282213,-383.1001648043632
22111.0,816.467896,-192.796066,710.0696301078857,-387.97756027210784
22120.0,819.036133,-196.861588,710.122821758857,-392.82050917774757
22130.0,821.978882,-201.526367,710.1790423965327,-398.2150006910408
22139.0,824.460632,-205.463028,710.2267848256846,-403.10971606641954
22148.0,827.104858,-209.664001,710.2695841870778,-408.004477159688
22157.0,829.748291,-213.865479,710.3078471711051,-412.899275816381
22166.0,832.388611,-218.068939,710.34310154736,-417.7940970668932
22176.0,835.226929,-222.595779,710.3779838730862,-423.2060048517308
22185.0,837.859009,-226.804398,710.4048509953776,-428.1008793244063
22194.0,840.405579,-230.88353,710.4263524413706,-432.9440726038647
22203.0,843.029297,-235.097351,710.4427044224335,-437.8217576682002
22213.0,845.939819,-239.782333,710.4542579443091,-443.2337655362993
22222.0,848.556152,-244.000732,710.458563378068,-448.0770046298823
22231.0,851.087036,-248.089615,710.4572585875148,-452.93748119512503
22240.0,853.612854,-252.18161,710.4500767941626,-457.7807168776223
22250.0,856.598267,-257.022888,710.4352100738665,-463.209952456504
22259.0,859.037476,-260.986053,710.4165766123549,-468.01868589605925
22268.0,861.632996,-265.217285,710.3910599950035,-472.91356759511484
22277.0,864.22113,-269.453064,710.3578109439691,-477.7566944729672
22287.0,867.000122,-274.016602,710.311041048429,-483.1685125801365
22296.0,869.496887,-278.126404,710.2614240697864,-488.0287360625702
22305.0,872.070435,-282.371063,710.2060990396023,-492.8888979204497
22314.0,874.641052,-286.617493,710.1455406113869,-497.76623445291455
22324.0,877.407532,-291.188599,710.0742571015824,-503.1433107075492
22333.0,879.895264,-295.303864,710.0061442367621,-508.020547590434
22342.0,882.541992,-299.685516,709.9358379116927,-512.8632782741522
22351.0,885.027527,-303.802094,709.8635170628033,-517.7059792920952
22361.0,887.875916,-308.525085,709.7803516045433,-523.1001226859647
22370.0,890.439392,-312.775818,709.7039708538499,-527.9427613711542
22379.0,892.924561,-316.892639,709.6271215438196,-532.8026305388703
22389.0,895.688599,-321.46524,709.5444174299457,-538.1450676905021
22398.0,898.257812,-325.712524,709.4716710177112,-542.9877623343834
22407.0,900.748962,-329.825745,709.4015654572434,-547.7960208246227
22417.0,903.520569,-334.393768,709.3262695098954,-553.1730423893217
22426.0,906.017395,-338.50354,709.2613380267667,-558.0330853980049
22435.0,908.517273,-342.61142,709.1999642074758,-562.8587004013269
22444.0,911.01947,-346.717896,709.1414613935391,-567.7015880600624
22454.0,913.892456,-351.425964,709.0796435606285,-573.0787814676365
22463.0,916.398499,-355.530121,709.0262378491238,-577.9217280174499
22472.0,918.907471,-359.632477,708.9750630014502,-582.7474619555084
22482.0,921.789307,-364.335144,708.9210375608934,-588.1419759001419
22491.0,924.300476,-368.436157,708.8741075312735,-593.0194626040155
22500.0,926.891907,-372.669891,708.8266003295361,-597.8797071667443
22509.0,929.401001,-376.772156,708.7775839257379,-602.7399367432076
22519.0,932.277771,-381.477905,708.7212643790297,-608.1516638942079
22528.0,934.864807,-385.714355,708.6684399790136,-613.0118535743061
22537.0,937.45166,-389.950928,708.6134813703159,-617.8547827505072
22546.0,939.954834,-394.056824,708.5561915240849,-622.7149218449438
22556.0,942.732361,-398.621246,708.489123761263,-628.1437635174884
22565.0,945.147888,-402.598907,708.4247902012542,-633.0038144777983
22574.0,947.63916,-406.712036,708.355082332115,-637.8810288248538
22583.0,950.210022,-410.958313,708.2804876497842,-642.7409331219692
22592.0,952.7771,-415.206879,708.2004977504423,-647.6524657416197
22602.0,955.535767,-419.782715,708.1072507715965,-653.0464442777292
22611.0,958.095276,-424.035858,708.0172160446493,-657.9233257323154
22620.0,960.651855,-428.290741,707.922366574035,-662.8173549029922
22629.0,963.209778,-432.54483,707.8247860238589,-667.6940912102341
22639.0,966.053467,-437.27066,707.7149573106607,-673.1222361644634
22648.0,968.534241,-441.390137,707.6174473567193,-677.9644954783842
22657.0,971.016907,-445.508453,707.5194594318319,-682.8584628170662
22666.0,973.499878,-449.626587,707.4231745867846,-687.700746646313
22676.0,976.170654,-454.054169,707.3166086457181,-693.094478484964
22685.0,978.737,-458.303162,707.2213008921566,-697.9712597396704
22694.0,981.226501,-462.417358,707.128827690625,-702.8308567240664
22703.0,983.717407,-466.530701,707.0393177144401,-707.7077478381171
22713.0,986.489502,-471.098419,706.9441749616553,-713.0844548455259
22722.0,989.068665,-475.339661,706.8610429461895,-717.9786970763023
22731.0,991.652283,-479.578186,706.7827466829552,-722.8385431478272
22740.0,994.157104,-483.683075,706.708082325058,-727.7156841349018
22749.0,996.747803,-487.917297,706.6366053824711,-732.5928728764624
22759.0,999.628296,-492.620789,706.5611868560238,-738.0216049601313
22768.0,1002.139648,-496.72171,706.4959757471757,-742.8988815040038
22777.0,1004.654785,-500.820312,706.432146330636,-747.7417018867926
22786.0,1007.251648,-505.050751,706.3689702377463,-752.6362423889028
22796.0,1010.045532,-509.605194,706.299846215783,-758.0133468380011
22805.0,1012.558716,-513.704956,706.2364675606433,-762.8389359266051
22814.0,1015.15033,-517.938599,706.1714259376577,-767.6645028874133
22824.0,1018.026611,-522.644653,706.0941830945936,-773.0759718369158
22833.0,1020.606018,-526.885742,706.0173130883088,-777.9358406773152
22842.0,1023.088745,-531.004028,705.9270523741279,-782.8127179545921
22851.0,1025.62854,-535.268921,705.8159479755868,-787.706405087842
22860.0,1028.058594,-539.418518,705.6770425081389,-792.5821393141157
22870.0,1030.718506,-544.05249,705.4788627021699,-798.0595183978791
22879.0,1033.076782,-548.243286,705.2581904887587,-802.9494899437818
22888.0,1035.468872,-552.592773,704.9896360279653,-807.87158876571
22897.0,1037.737549,-556.832764,704.669495638555,-812.8078737895565
22906.0,1040.025024,-561.238159,704.2929647563053,-817.740177936739
22915.0,1042.25708,-565.671875,703.8542320202796,-822.6673387106454
22924.0,1044.432617,-570.133606,703.3447893456562,-827.6396718547398
22933.0,1046.543579,-574.626282,702.774871846767,-832.5360350311902
22942.0,1048.586792,-579.150146,702.1275741957991,-837.4749246501549
22951.0,1050.557983,-583.705872,701.4006982321009,-842.4375729377447
22960.0,1052.459229,-588.291199,700.5982523709836,-847.3711020371383
22969.0,1054.278564,-592.909668,699.7142678757621,-852.2906752042752
22978.0,1056.013306,-597.560547,698.7341957020898,-857.244730469098
22987.0,1057.708862,-602.390625,697.6627073334181,-862.17982091491
22996.0,1059.308838,-607.253174,696.48824910602,-867.1268612228331
23005.0,1060.778809,-611.994385,695.222789828507,-872.0336114947331
23014.0,1062.211548,-616.908813,693.874788493008,-876.8825609883575
23023.0,1063.537109,-621.85321,692.4286189181353,-881.7211350131354
23032.0,1064.758911,-626.82428,690.8715613827205,-886.5613965523012
23040.0,1065.761841,-631.262573,689.4018097203345,-890.8312838102371
23049.0,1066.786865,-636.277893,687.6678701461075,-895.555992515031
23058.0,1067.696655,-641.31543,685.8115957497776,-900.2895752281194
23067.0,1068.487671,-646.372925,683.8399206979609,-904.9949579000662
23076.0,1069.164551,-651.290466,681.8008274349369,-909.558479281554
23085.0,1069.706299,-656.068604,679.6425295105975,-914.1241068509378
23094.0,1070.156616,-661.167786,677.3755784583961,-918.6560510629464
23103.0,1070.504272,-666.43042,674.998772397399,-923.131358690612
23112.0,1070.723145,-671.544739,672.558238044821,-927.4736411539202
23121.0,1070.82251,-676.662781,669.9980803848091,-931.7866238166262
23130.0,1070.797607,-681.626587,667.3175796415719,-936.0665911994514
23138.0,1070.684204,-686.037476,664.85291820617,-939.8092385987275
23147.0,1070.439453,-690.840027,662.0081107034764,-943.919068158116
23156.0,1070.076904,-695.635132,659.0413036367911,-947.9844678458826
23165.0,1069.559692,-700.727966,655.9513805525106,-952.00068008468
23174.0,1068.910767,-705.805664,652.7485600201783,-955.9496673692618
23183.0,1068.166504,-710.71344,649.4796533166017,-959.7763719248211
23192.0,1067.297241,-715.600647,646.0695670083848,-963.5710313258642
23201.0,1066.273071,-720.61615,642.5871262192512,-967.2520898100524
23210.0,1065.12085,-725.603821,638.9979438608023,-970.8535242373213
23218.0,1064.037354,-729.881042,635.7343803121571,-973.9746234200651
23227.0,1062.610474,-734.958496,631.9646009706645,-977.4121941198281
23236.0,1061.102661,-739.850403,628.1599486634565,-980.7067410710011
23245.0,1059.469727,-744.701965,624.2848884751252,-983.8910989701277
23254.0,1057.714844,-749.510803,620.302721028643,-986.996827139286
23263.0,1055.843384,-754.275452,616.2157869379979,-990.0216460883903
23272.0,1053.85144,-758.991028,612.0813243822925,-992.9215468466914
23281.0,1051.801636,-763.511963,607.887153836926,-995.703336239979
23290.0,1049.630737,-767.975952,603.5912114989005,-998.3908006289886
23299.0,1047.207397,-772.6604,599.2105565254269,-1000.971967407699
23308.0,1044.743774,-777.147583,594.8251850450168,-1003.4060470431517
23316.0,1042.472534,-781.090454,590.8874465084858,-1005.472061498635
23325.0,1039.89209,-785.330933,586.3633841531034,-1007.7161793291322
23334.0,1037.129639,-789.640564,581.8027674092018,-1009.8446044998794
23343.0,1034.363647,-793.76239,577.2098091804653,-1011.85978722162
23352.0,1031.505493,-797.820862,572.5249998438208,-1013.7911460420165
23361.0,1028.471558,-801.943909,567.8467298553944,-1015.5994647662212
23370.0,1025.353027,-806.003296,563.1306093712747,-1017.3066361905912
23379.0,1022.260559,-809.886169,558.3810095937502,-1018.9183212237914
23388.0,1019.09967,-813.713562,553.569260935993,-1020.4513834818605
23397.0,1015.879333,-817.491089,548.8137905497472,-1021.8746602105665
23406.0,1012.601379,-821.218689,543.9691526963261,-1023.2380760904161
23415.0,1009.373596,-824.783142,539.1707429163547,-1024.5090909701066
23424.0,1005.993713,-828.41864,534.3210882089525,-1025.719247139193
23433.0,1002.570618,-832.013428,529.4727171285934,-1026.8615793082247
23442.0,999.105774,-835.567993,524.6108631432712,-1027.9450924565865
23451.0,995.604492,-839.08667,519.804463367876,-1028.9590314374677
23460.0,992.069763,-842.571777,514.9370226819393,-1029.932805749013
23469.0,988.398193,-846.138794,510.094593946364,-1030.8547939550729
23479.0,984.532837,-849.827637,504.7353670659844,-1031.8258545701276
23488.0,981.029968,-853.122192,499.8777536168581,-1032.664168288318
23497.0,977.389832,-856.497009,494.9969130655307,-1033.4684040859042
23506.0,973.726379,-859.846558,490.12725148677015,-1034.2336324306252
23515.0,970.03949,-863.170227,485.2692450790499,-1034.9611795428016
23524.0,966.446838,-866.366638,480.42337927362405,-1035.6526291369985
23533.0,962.723083,-869.648987,475.556189415288,-1036.3159646032448
23543.0,958.434204,-873.384827,470.138326710032,-1037.0224211161512
23552.0,954.792847,-876.525635,465.26391720874443,-1037.6304367998673
23561.0,951.13678,-879.649353,460.4035404786473,-1038.2111742509076
23570.0,947.346191,-882.854309,455.5402910002202,-1038.7673419019702
23579.0,943.544434,-886.045959,450.6744384122326,-1039.3002551570924
23589.0,939.436768,-889.462952,445.274873749851,-1039.8672837693575
23598.0,935.729004,-892.525085,440.38741848326,-1040.3595561278737
23607.0,932.007935,-895.571045,435.5322857110229,-1040.8283468467191
23616.0,928.276062,-898.603821,430.6580812005274,-1041.2785116336315
23625.0,924.408875,-901.715942,425.7819968218218,-1041.707835610662
23635.0,920.097168,-905.155334,420.37152487872953,-1042.1590709632205
23644.0,916.327271,-908.140625,415.54334073369523,-1042.5406745743278
23653.0,912.540466,-911.104492,410.67917308382044,-1042.9039266191087
23662.0,908.60968,-914.135803,405.8130276128029,-1043.239645592417
23671.0,904.65625,-917.137634,400.92746574941606,-1043.5426360617896
23681.0,900.098877,-920.540771,395.5061779559365,-1043.836674580758
23690.0,896.097839,-923.47876,390.59923521920075,-1044.0635314437436
23699.0,892.200745,-926.296021,385.7251048155661,-1044.250431905194
23708.0,888.156189,-929.173889,380.8324402955856,-1044.399937224279
23717.0,883.961975,-932.108704,375.90429409630565,-1044.5119789565085
23727.0,879.555664,-935.130798,370.475580041167,-1044.5886842230022
23736.0,875.439392,-937.90509,365.56346424167316,-1044.614557573201
23745.0,871.298584,-940.642578,360.59960122678183,-1044.5978479857251
23754.0,867.13446,-943.344482,355.72224691155424,-1044.5387391211227
23763.0,862.951294,-946.016846,350.793862937679,-1044.437695975443
23772.0,858.878235,-948.57312,345.90091432555647,-1044.2977966379237
23781.0,854.65271,-951.177979,340.97483848117025,-1044.1162612788517
23791.0,849.92627,-954.020691,335.48251731560043,-1043.8620979787884
23800.0,845.513733,-956.615662,330.5953466017431,-1043.5862712956605
23809.0,841.208313,-959.086182,325.69404575134513,-1043.2594670243334
23818.0,837.009705,-961.430542,320.762216359964,-1042.8767679782252
23827.0,832.646606,-963.797729,315.8694759942869,-1042.440141396394
23836.0,828.252197,-966.106201,310.91391834335013,-1041.936084568736
23845.0,823.690002,-968.427979,305.9654277029646,-1041.366817233222
23854.0,819.235474,-970.618225,301.0595476776315,-1040.7329869068565
23863.0,814.884827,-972.666626,296.12967242087046,-1040.0202773797405
23872.0,810.357788,-974.70282,291.1781782326795,-1039.2209451601775
23881.0,805.795898,-976.659729,286.2921819151894,-1038.3450140975872
23890.0,801.34613,-978.482788,281.4052733658582,-1037.3807787799701
23899.0,796.720032,-980.282593,276.50217705276526,-1036.3244297668896
23908.0,792.063477,-982.002075,271.6687628733417,-1035.193800468187
23918.0,786.855286,-983.8172,266.33883365506824,-1033.8439688871886
23926.0,782.537781,-985.253784,262.0301683834875,-1032.6764118066174
23936.0,777.441223,-986.857971,256.779909145249,-1031.1640973456263
23945.0,772.832886,-988.231873,252.04939443512484,-1029.717850380934
23954.0,767.90625,-989.621948,247.30837331499043,-1028.1899944794477
23963.0,762.960754,-990.94342,242.65564767031768,-1026.6146547912242
23972.0,758.298157,-992.120117,237.99332780708426,-1024.961726118086
23981.0,753.469421,-993.270569,233.33829028388257,-1023.238113371985
23990.0,748.625366,-994.354797,228.75574409088748,-1021.4689832334888
23999.0,743.767883,-995.377136,224.19776640570439,-1019.6374837169012
24008.0,738.895508,-996.32605,219.63515349853358,-1017.7264726847768
24018.0,733.298218,-997.33667,214.6442265985069,-1015.5458947448528
24027.0,728.402466,-998.156372,210.1706067282373,-1013.5170339033419
24036.0,723.496582,-998.912842,205.75508881540722,-1011.4445280443343
24045.0,718.580505,-999.60022,201.35260874129122,-1009.3047413394214
24054.0,713.654785,-1000.214783,196.93466676009598,-1007.0796147460844
24064.0,708.001038,-1000.83606,192.10793706432648,-1004.5563327726478
24073.0,703.059998,-1001.311584,187.8651198003924,-1002.2565874452596
24082.0,698.267151,-1001.702576,183.56526293077516,-999.8461084032341
24091.0,693.159668,-1002.046082,179.33021658716063,-997.3915411474948
24100.0,688.357483,-1002.297424,175.13145831627622,-994.8754038443672
24110.0,682.845947,-1002.504517,170.51783271446314,-992.0133628249786
24119.0,677.883545,-1002.624878,166.41182895423785,-989.3803394496248
24128.0,672.764832,-1002.677612,162.34305351155126,-986.690145149743
24137.0,667.645874,-1002.658264,158.29857483645804,-983.9328438981122
24146.0,662.6828,-1002.569519,154.32241961079086,-981.1374148138477
24156.0,657.170166,-1002.394531,149.9697575143351,-977.9795099607841
24165.0,652.211243,-1002.173157,146.06274994374633,-975.0593437296415
24174.0,647.255432,-1001.889709,142.2358823090861,-972.1190357504064
24183.0,642.459106,-1001.54425,138.40901826911622,-969.0946034741388
24193.0,637.13678,-1001.07373,134.21390722603832,-965.6753921638422
24202.0,632.35376,-1000.576721,130.48211639774212,-962.5344024809574
24211.0,627.425049,-999.987,126.7992617407753,-959.3361747608284
24220.0,622.505615,-999.324158,123.15353309559038,-956.0698035952704
24229.0,617.44458,-998.555786,119.53464762838951,-952.7227382707628
24239.0,612.008667,-997.622437,115.60169079251298,-948.9549641267056
24248.0,607.284668,-996.723389,112.10531333229954,-945.4801226962298
24257.0,602.426453,-995.704651,108.64814640429863,-941.9180710300024
24266.0,597.739807,-994.627869,105.28148886963396,-938.3174050699993
24275.0,592.921875,-993.433044,101.97144029119859,-934.6414047824611
24284.0,588.126099,-992.1521,98.72995396669086,-930.9048065817426
24293.0,583.356628,-990.776489,95.57073423755016,-927.1208260038
24302.0,578.615234,-989.306946,92.45374528266748,-923.2354682632043
24311.0,573.903137,-987.746033,89.41356542585886,-919.2897197466967
24320.0,569.218201,-986.105469,86.47974186763145,-915.3284248018045
24330.0,564.051514,-984.175415,83.27372097468675,-910.8193371958635
24339.0,559.288635,-982.299377,80.44646297794812,-906.6765315145893
24348.0,554.703552,-980.397522,77.73309084762063,-902.5404692099395
24357.0,550.009888,-978.354553,75.09436617808379,-898.3563884478152
24366.0,545.492981,-976.295959,72.50170892387831,-894.083010732611
24375.0,541.151978,-974.227173,70.03442821282698,-889.855358448141
24384.0,536.709534,-972.01239,67.65620799788464,-885.5967028406302
24393.0,532.30542,-969.722412,65.32707130345285,-881.2326998658106
24402.0,527.937805,-967.363525,63.086739877331034,-876.861147949269
24412.0,523.131958,-964.657227,60.68488721753461,-871.972858343065
24421.0,518.712463,-962.074158,58.5633486528733,-867.4661190521895
24430.0,514.4646,-959.50592,56.54888458529794,-863.0049025739228
24439.0,510.390411,-956.951477,54.58482700475288,-858.4648720095007
24448.0,506.35965,-954.329041,52.68793491805587,-853.877714321742
24457.0,502.11792,-951.463379,50.849204933384065,-849.211313274212
24466.0,498.056488,-948.609436,49.11649432837217,-844.5780516082943
24475.0,494.046936,-945.683044,47.45152051910119,-839.8651447612361
24484.0,490.08609,-942.691101,45.885278200583144,-835.1548262751247
24493.0,486.176392,-939.632568,44.408604199634475,-830.4337211502091
24502.0,482.311676,-936.517395,43.003828490158064,-825.6727527143756
24511.0,478.486938,-933.353271,41.672622706999285,-820.9085853297776
24520.0,474.815155,-930.248108,40.414896197876075,-816.177978394747
24530.0,470.780518,-926.745239,39.07172150168441,-810.8641437531467
24539.0,467.071106,-923.446716,37.92313642128377,-806.0704050635308
24548.0,463.397491,-920.108337,36.84225447947026,-801.3139596258128
24557.0,459.872284,-916.837708,35.79316037036195,-796.444562695237
24566.0,456.263641,-913.429199,34.8062038760976,-791.614956584003
24575.0,452.798248,-910.095215,33.865167468915466,-786.7761934371238
24584.0,449.364441,-906.72876,32.97089345157153,-781.9460976782622
24593.0,445.846954,-903.226257,32.11470263506483,-777.0741025026354
24603.0,442.0979,-899.419312,31.21943789591647,-771.6842214144787
24612.0,438.643158,-895.854919,30.4568708381916,-766.8141423808598
24621.0,435.217072,-892.262939,29.74099519525067,-761.9718247529701
24630.0,431.926666,-888.756165,29.0600177521296,-757.0896686684946
24639.0,428.55307,-885.114868,28.42151752867582,-752.2365423142606
24648.0,425.205902,-881.44928,27.81247975313613,-747.3275227895931
24657.0,421.780151,-877.645569,27.24232259289284,-742.4485401220186
24667.0,418.232361,-873.650391,26.650641281771758,-737.0516212587747
24676.0,415.060883,-870.035706,26.148056097016454,-732.1652157097078
24685.0,411.806366,-866.287598,25.675937659972842,-727.2930886457948
24694.0,408.669128,-862.643127,25.22998919813266,-722.4184965690264
24703.0,405.551544,-858.981873,24.805363160344164,-717.5073998443354
24713.0,402.216797,-855.030212,24.365027653887697,-712.0960299039117
24722.0,399.129181,-851.343628,23.989774561250382,-707.1982001626553
24731.0,396.052826,-847.647644,23.634869912774427,-702.3161349607128
24740.0,392.990448,-843.940063,23.297686334124393,-697.4328138387918
24749.0,389.843689,-840.101074,22.97801719029705,-692.5310424552658
24759.0,386.359833,-835.825256,22.64745741704832,-687.1463948638832
24768.0,383.235992,-831.96759,22.363544081682225,-682.2424225682958
24777.0,380.122406,-828.101624,22.09712955781241,-677.3719911422704
24786.0,377.117676,-824.347168,21.84403290629025,-672.4663318448
24795.0,374.026276,-820.46344,21.606422001469117,-667.5771541017209
24804.0,370.943878,-816.572571,21.381554071179792,-662.6701198169604
24814.0,367.638,-812.375,21.146346402154997,-657.2114574853939
24823.0,364.671234,-808.590515,20.94963228070989,-652.3549631017694
24832.0,361.614258,-804.679626,20.759781089709193,-647.3947038579198
24841.0,358.562164,-800.764893,20.582063454751573,-642.5202299974535
24850.0,355.516937,-796.844849,20.410527757762566,-637.5937958087226
24859.0,352.573975,-793.041809,20.248419695248984,-632.6842874795782
24869.0,349.308441,-788.812805,20.077580580585153,-627.2232316206319
24878.0,346.372864,-785.004028,19.930502339418577,-622.2960066103228
24887.0,343.347687,-781.068481,19.791189707025158,-617.437526793114
24896.0,340.421509,-777.252502,19.656935401445168,-612.544420036978
24905.0,337.407684,-773.308228,19.530036127336977,-607.6683585578376
24915.0,334.169769,-769.058044,19.397628099004123,-602.2407174399668
24924.0,331.070923,-764.983582,19.284612579839767,-597.3125934760566
24933.0,328.070648,-761.028992,19.178205842998704,-592.4360417660366
24942.0,325.074707,-757.071167,19.07675998313516,-587.5249054621466
24951.0,322.176697,-753.233765,18.98190028355935,-582.665354476596
24960.0,319.188568,-749.27002,18.890808761162052,-577.736776522887
24970.0,315.872375,-744.862854,18.795661563771407,-572.2911160042427
24979.0,312.983948,-741.018188,18.71531863023639,-567.4140652574106
24988.0,310.006531,-737.046387,18.63937970703076,-562.4852305481531
24997.0,307.030273,-733.07373,18.56876852314868,-557.5907916624154
25006.0,304.149536,-729.223328,18.501785851233862,-552.6790644326588
25016.0,300.850037,-724.80365,18.432748974223454,-547.2502474436657
25025.0,298.067444,-721.073547,18.37511568450825,-542.3728754691224
25034.0,295.100281,-717.094055,18.320334855752627,-537.4954706227984
25043.0,292.227905,-713.237427,18.268125927138836,-532.6180375682195
25052.0,289.264496,-709.255188,18.218607347712773,-527.7578130822455
25062.0,285.969391,-704.832275,18.16420201684196,-522.3288297473715
25071.0,283.002869,-700.852356,18.115359926327347,-517.451361815715
25080.0,280.038727,-696.870667,18.067671277304193,-512.5738824701021
25089.0,277.170563,-693.010864,18.022586314133186,-507.66190543391974
25098.0,274.207764,-689.028137,17.98085589283789,-502.76713511066157
25108.0,270.911316,-684.606201,17.93442579431,-497.3380777121514
25117.0,267.93866,-680.630859,17.88879993040993,-492.4605786342748
25126.0,264.95636,-676.66272,17.836678127660058,-487.5314345271402
25135.0,261.972809,-672.695496,17.777746000246037,-482.6023671391248
25144.0,258.990204,-668.7276,17.716252298388806,-477.72504230897704
25154.0,255.672211,-664.321838,17.64712966152826,-472.2789892854942
25163.0,252.683609,-660.358459,17.58416032667608,-467.41892045814
25172.0,249.788544,-656.518799,17.520552031175207,-462.541622747431
25181.0,246.801788,-652.554016,17.458440064200747,-457.66430575161405
25190.0,243.817917,-648.587036,17.398861132478295,-452.7524831358448
25199.0,240.924728,-644.745972,17.341251022428743,-447.806163212831
25209.0,237.608063,-640.339172,17.279078747110564,-442.37726326914543
25218.0,234.62468,-636.371826,17.224723935501437,-437.49985365659506
25227.0,231.642471,-632.403625,17.172999734098447,-432.63965214320683
25236.0,228.75914,-628.555176,17.124542949002027,-427.74494378769793
25246.0,225.560959,-624.274963,17.07860296581875,-422.35035492801285
25255.0,222.684723,-620.421204,17.043815670719702,-417.4727665056236
25264.0,219.811203,-616.56543,17.012529138479664,-412.560682201503
25273.0,216.845749,-612.584717,16.984325144489777,-407.6830512694983
25282.0,213.974213,-608.727417,16.95776897729887,-402.77093911403284
25292.0,210.784119,-604.441162,16.92957715626746,-397.3589923414323
25301.0,208.098999,-600.831909,16.90608302182322,-392.5330442551377
25310.0,205.138382,-596.847595,16.88468366883249,-387.6726146227448
25319.0,202.270172,-592.987854,16.865955970711635,-382.8121739619515
25329.0,198.984634,-588.5578,16.849814940096433,-377.36570621297653
25338.0,196.117493,-584.697266,16.838815248913157,-372.5224776966701
25347.0,193.157562,-580.712402,16.827661600807307,-367.6275421974378
25356.0,190.101501,-576.605713,16.81508964153757,-362.7326101354628
25365.0,187.230591,-572.747986,16.800958579217397,-357.8376823261291
25375.0,183.93837,-568.322937,16.784776096651928,-352.4084505095969
25384.0,181.067307,-564.465332,16.77065136203844,-347.5479942927769
25393.0,178.196609,-560.607422,16.756622029937244,-342.6703019949821
25402.0,175.233734,-556.624756,16.74272565100441,-337.77537351377003
25411.0,172.272308,-552.641052,16.7299001488094,-332.8632063174744
25421.0,169.085617,-548.352295,16.717452449007574,-327.46843621098765
25430.0,166.217789,-544.492249,16.707283805030844,-322.5907343368646
25439.0,163.256805,-540.508179,16.697575672542076,-317.73026729182504
25449.0,159.968231,-536.080383,16.687668081025066,-312.3354919223844
25458.0,157.008972,-532.095032,16.680201356541623,-307.4577851638603
25467.0,154.047134,-528.111572,16.673189849702926,-302.61454923184726
25476.0,151.082962,-524.129883,16.66494303523596,-297.7023722146849
25485.0,148.116333,-520.150024,16.654458231252047,-292.84190678299655
25495.0,144.819839,-515.728149,16.640463914598524,-287.3954330951307
25504.0,141.945206,-511.873199,16.62726078382776,-282.5349742874573
25513.0,138.976669,-507.894745,16.61363672166319,-277.6572808408502
25522.0,136.003708,-503.919617,16.597951769110182,-272.7623577640518
25531.0,133.026077,-499.947968,16.57826914345201,-267.88468500254214
25541.0,129.715591,-495.53653,16.55167037927673,-262.42102234793254
25550.0,126.827393,-491.691711,16.524837130645516,-257.52614768944755
25559.0,123.845772,-487.723053,16.496283161539857,-252.6312827662491
25568.0,120.860222,-483.757355,16.466247550561654,-247.77089883019602
25577.0,117.87249,-479.793304,16.434104993458693,-242.89329226240594
25587.0,114.658432,-475.525024,16.39764015996206,-237.48139490896764
25596.0,111.766655,-471.682892,16.366328943210174,-232.60378293364104
25605.0,108.784401,-467.714722,16.337844358415737,-227.7261536321696
25614.0,105.89798,-463.868591,16.312342247388994,-222.84850782538336
25624.0,102.689629,-459.596008,16.287467072046976,-217.4193088774704
25633.0,99.801353,-455.751251,16.267670157423233,-212.54163657848235
25642.0,96.821312,-451.781403,16.249836926685212,-207.62948500979385
25651.0,93.749046,-447.686829,16.234120324014093,-202.70009039182895
25660.0,90.772369,-443.714478,16.221260107183586,-197.82239487150719
25670.0,87.564613,-439.441437,16.208790671829792,-192.393153257474
25679.0,84.673317,-435.598969,16.196922727233193,-187.48098365435786
25688.0,81.781952,-431.756531,16.18393344814727,-182.53434530248578
25697.0,78.891098,-427.913727,16.17083422367257,-177.65665041817186
25706.0,75.99942,-424.071533,16.158390707085037,-172.74448223937705
25715.0,73.014046,-420.105713,16.14628286091142,-167.84954900739405
25725.0,69.696358,-415.699707,16.132348306418244,-162.43754674608397
25734.0,66.709274,-411.735168,16.119331591800208,-157.57708743559772
25743.0,63.814484,-407.895325,16.105186158431607,-152.71663127897162
25752.0,60.825939,-403.931885,16.08977043504336,-147.8044715285826
25762.0,57.504639,-399.528595,16.07283125075631,-142.42694947368028
25771.0,54.703888,-395.812103,16.059092899139834,-137.54925634763813
25780.0,51.719967,-391.845184,16.048109296123588,-132.6370846875336
25789.0,48.737938,-387.876831,16.0408618791229,-127.724906094197
25798.0,45.853088,-384.02951,16.038081974288016,-122.84719441285961
25808.0,42.649738,-379.753174,16.03970777798732,-117.43517445678067
25817.0,39.86079,-376.027832,16.04409284608176,-112.52299247429416
25826.0,36.976063,-372.18042,16.049091464093397,-107.64528256205624
25835.0,34.089252,-368.334564,16.05271548733291,-102.75033569697527
25844.0,31.107359,-364.366119,16.05396773857113,-97.87262338421935
25854.0,27.896564,-360.095367,16.05342410967731,-92.44336747803523
25863.0,25.005348,-356.252838,16.051659620016665,-87.60012679219825
25872.0,22.109135,-352.414062,16.047640490962507,-82.75688745256491
25881.0,19.116934,-348.4534,16.039709368036522,-77.86194567121555
25891.0,15.789489,-344.054749,16.026697236099984,-72.44994111350712
25900.0,12.886471,-340.2211,16.012617432859052,-67.60672057201708
25909.0,9.88421,-336.268036,15.995325002610914,-62.72903875111258
25918.0,6.879055,-332.317169,15.974095712164832,-57.8169006855535
25927.0,3.777013,-328.245117,15.950213791024057,-52.922010737929234
25937.0,0.537675,-323.995972,15.921966820846063,-47.4928282857507
25946.0,-2.378859,-320.172607,15.895924298521775,-42.615185334367844
25955.0,-5.388225,-316.224945,15.87002741472642,-37.70306965888959
25964.0,-8.397441,-312.277191,15.845396845024382,-32.790947470575915
25973.0,-11.318509,-308.457306,15.82046116895008,-27.93053469429747
25983.0,-14.670267,-304.077148,15.789246841355341,-22.484132474550385
25992.0,-17.593994,-300.259277,15.760045195581379,-17.640979501719894
26001.0,-20.612522,-296.318634,15.731293068113212,-12.746115738478437
26010.0,-23.631119,-292.378052,15.703098893885992,-7.85124872965684
26019.0,-26.658621,-288.444305,15.672816478569251,-2.9736302585739818
26029.0,-30.024679,-284.075134,15.633609823970302,2.4554841101424074
26038.0,-32.962433,-280.268066,15.594549746870836,7.315803899430625
26047.0,-35.996033,-276.33902,15.55312675367151,12.262285865557395
26056.0,-39.030457,-272.410614,15.511709853872233,17.174295199656886
26065.0,-42.063046,-268.480774,15.471329010928333,22.086313160272514
26075.0,-45.324287,-264.248413,15.429339467248314,27.463697958215374
26084.0,-48.259186,-260.439117,15.393812630213189,32.30680866294024
26093.0,-51.287437,-256.505951,15.359360320358286,37.218871783077766
26102.0,-54.221668,-252.696152,15.326140505922101,42.079234998692264
26112.0,-57.483215,-248.464035,15.289035784387595,47.491128002794845
26121.0,-60.421318,-244.657227,15.25411014486235,52.299770711321926
26130.0,-63.361698,-240.852173,15.216295420890146,57.10839156820338
26140.0,-66.628197,-236.623886,15.171702769469967,62.434046415058894
26149.0,-69.475807,-232.943192,15.131509442675027,67.20817529928814
26158.0,-72.41935,-229.140579,15.089842788408163,72.08570980598805
26168.0,-75.585869,-225.052856,15.041833188192351,77.42857137708393
26177.0,-78.532784,-221.252869,14.996643245806801,82.27160155698964
26186.0,-81.576401,-217.331573,14.949048152545496,87.14908181642929
26195.0,-84.526131,-213.533768,14.89956061977303,92.00930661862412
26205.0,-87.805161,-209.315186,14.842845780384101,97.4037929587743
26214.0,-90.661499,-205.641251,14.791215991892395,102.2295220509327
26223.0,-93.714073,-201.726913,14.737792191960482,107.0724684012417
26233.0,-97.002403,-197.515579,14.67436453454718,112.4841169098303
26242.0,-100.05986,-193.605057,14.614082210389107,117.37869390758043
26251.0,-103.120476,-189.697006,14.552517556577575,122.2215436107791
26260.0,-105.990044,-186.033401,14.489190259968701,127.11608215889726
26270.0,-109.289001,-181.830383,14.418124429927405,132.49316129488977
26279.0,-112.354538,-177.926193,14.352619769241274,137.3704339050247
26288.0,-115.415688,-174.018555,14.289966621139525,142.21326964840927
26297.0,-118.472557,-170.107574,14.232568071135196,147.0734074602629
26307.0,-121.865486,-165.759232,14.174987697596919,152.50235804863178
26316.0,-124.917175,-161.844208,14.128430620204348,157.3453752789248
26325.0,-127.964615,-157.925873,14.086356044828444,162.24014265599362
26334.0,-130.913101,-154.12709,14.049817997385455,167.08324583737016
26343.0,-133.958862,-150.207443,14.016492949096673,171.97808060339312
26353.0,-137.237579,-145.988617,13.980867610006042,177.35551133024958
26362.0,-140.28511,-142.070358,13.948198974223669,182.19864215798967
26371.0,-143.337296,-138.155716,13.913312347840922,187.110702212709
26380.0,-146.298706,-134.367004,13.874526648855356,191.97102419929834
26390.0,-149.704391,-130.028656,13.823782136734387,197.40004298586163
26399.0,-152.776749,-126.129829,13.77097588954943,202.26023286322345
26408.0,-155.755493,-122.354736,13.712619534583705,207.12035926894632
26417.0,-158.734772,-118.580063,13.651586239208871,211.96321569787423
26427.0,-162.044357,-114.385414,13.583372667580027,217.35756888947552
26436.0,-165.118927,-110.488335,13.522516790422879,222.25213878965326
26445.0,-168.094971,-106.711113,13.464139695694396,227.11226494630424
26454.0,-171.06749,-102.931107,13.409257329315373,231.972431823029
26464.0,-174.47229,-98.592049,13.352845167611113,237.40139467595029
26473.0,-177.439117,-94.807579,13.307660907566726,242.27889786475194
26482.0,-180.497131,-90.897499,13.268051825758928,247.15644951437926
26491.0,-183.456985,-87.107574,13.234034658383028,252.01680721480375
26501.0,-186.740768,-82.892693,13.202239572538865,257.4287340177779
26510.0,-189.791092,-78.976601,13.177658946472508,262.3236205065877
26519.0,-192.940536,-74.941101,13.153808336140484,267.21851060687567
26528.0,-195.903397,-71.153526,13.126625595485626,272.0789113354556
26537.0,-198.870575,-67.369331,13.094254880840333,276.9392802803594
26547.0,-202.17337,-63.169334,13.051726109219906,282.29942456678816
26556.0,-205.054657,-59.514942,13.006690935469237,287.1424561883549
26565.0,-208.130447,-55.61882,12.95628180146332,292.002671519282
26575.0,-211.443848,-51.427177,12.896311263314498,297.3798858465596
26584.0,-214.425262,-47.654186,12.840839334239691,302.22280917028206
26593.0,-217.406311,-43.880905,12.78616625929707,307.0485047430301
26602.0,-220.383072,-40.104248,12.73355676679445,311.90869675415996
26612.0,-223.684906,-35.903488,12.68088150303916,317.2687509315315
26621.0,-226.555466,-32.240658,12.63997366431967,322.1118191741956
26630.0,-229.515289,-28.450714,12.606391416616956,326.97217989912036
26640.0,-232.799667,-24.236294,12.576750174483145,332.3324109449368
26649.0,-235.656509,-20.562757,12.556320179493238,337.227316517143
26658.0,-238.605621,-16.764463,12.541987588873432,342.07053631715377
26667.0,-241.649994,-12.843753,12.531008361106249,346.9482364340822
26677.0,-245.034012,-8.488473,12.520135675104319,352.3257741765462
26686.0,-247.984482,-4.691241,12.51111200696653,357.1690067775869
26695.0,-251.028107,-0.769945,12.503988236936031,362.04671404904593
26705.0,-254.304047,3.451033,12.498637867815164,367.4070243797376
26714.0,-257.343506,7.375555,12.496325636341906,372.28473630519113
26723.0,-260.380676,11.301845,12.498497689784365,377.127976825396
26732.0,-263.313477,15.112733,12.508541615439855,382.0056789579274
26741.0,-266.231964,18.934591,12.531715902158966,386.88333637994475
26751.0,-269.548553,23.34144,12.583230668002383,392.3295844189541
26760.0,-272.507782,27.326811,12.660755231892704,397.2583944430098
26769.0,-275.341217,31.212162,12.77210729839705,402.11759549472987
26778.0,-278.136169,35.125286,12.928533198406294,407.07902131587684
26787.0,-280.975433,39.196991,13.134911621280445,412.0386204113171
26796.0,-283.762787,43.304413,13.399749198458283,417.02996189355616
26805.0,-286.414398,47.31604,13.726795903848197,422.0176135641404
26814.0,-289.097382,51.492374,14.11518699889941,426.93170866583756
26823.0,-291.700989,55.718662,14.581574462577898,431.87364128118764
26832.0,-294.219604,59.996132,15.146672994395889,436.89199446543665
26841.0,-296.726288,64.459412,15.81023337285805,441.88089278233787
26850.0,-299.061584,68.839661,16.56910433042405,446.78643353853204
26859.0,-301.204254,73.144684,17.452994785355607,451.72353434331626
26868.0,-303.219116,77.510986,18.461484242498422,456.583901022464
26877.0,-305.161652,82.078995,19.60700003229589,461.37837407865544
26887.0,-307.080902,87.065468,21.039661134640305,466.61519583963
26896.0,-308.70575,91.755898,22.476124866989096,471.2405126287826
26905.0,-310.126556,96.349976,24.058043819635536,475.78163549937585
26915.0,-311.510071,101.510826,25.98312207579811,480.7103950703716
26924.0,-312.51944,106.053688,27.889137850314036,485.06892073733866
26934.0,-313.473389,111.486,30.218358105132033,489.82006062220603
26943.0,-314.126953,116.406677,32.485547604805134,493.96285151108856
26953.0,-314.543182,121.560616,35.20131610515163,498.423607797045
26962.0,-314.685699,125.90168,37.82225553591964,502.28985026426255
26972.0,-314.584778,130.899017,40.94721192043673,506.43104956224204
26982.0,-314.20282,136.055603,44.278787377688346,510.38540787113374
26991.0,-313.636597,140.674667,47.433377643662176,513.7596265327592
27001.0,-312.850159,145.261383,51.07680811617452,517.2814158231347
27011.0,-311.773041,150.142303,54.91970664062616,520.6370468413161
27021.0,-310.60379,154.646667,58.74114867330942,523.6683270601321
27031.0,-309.179688,159.437866,62.899549087312906,526.7123548904963
27041.0,-307.572296,164.170731,67.09097948471569,529.5600726850755
27051.0,-305.864502,168.684464,71.38848706708072,532.2450333911812
27060.0,-304.145416,172.841568,75.3602955827023,534.535067702691
27070.0,-302.009949,177.55072,79.90819163563086,536.9589160739705
27080.0,-299.726105,182.189728,84.59611158282681,539.2604702790406
27089.0,-297.485474,186.444595,88.92730314605035,541.2278090310036
27099.0,-294.950317,190.951172,93.77365082428611,543.264447706684
27108.0,-292.494354,195.08548,98.20732178649862,544.9884558044456
27118.0,-289.657867,199.61348,103.20130716885546,546.7888461946231
27127.0,-286.940491,203.767532,107.74487071978564,548.3103015803654
27136.0,-284.233124,207.741745,112.31811767893056,549.7400597707019
27146.0,-281.048401,212.244812,117.44732392948394,551.2366284890943
27155.0,-278.210876,216.127182,122.08637690532572,552.5029033352081
27164.0,-275.223755,220.09169,126.77784661013722,553.7058561452577
27174.0,-271.839355,224.446655,132.0402434283214,554.9696371295265
27183.0,-268.749969,228.332001,136.8156210513584,556.0449447612802
27192.0,-265.714355,232.061523,141.55316823892105,557.0512399962822
27201.0,-262.538422,235.876465,146.3696855902121,558.0159739816802
27210.0,-259.322357,239.657623,151.19696853226847,558.9253091537806
27220.0,-255.816971,243.690079,156.54344231427245,559.8697868341477
27229.0,-252.523331,247.403854,161.37288880274224,560.6678874296351
27238.0,-249.30481,250.97673,166.1758970622186,561.4131027026629
27247.0,-246.165222,254.411758,171.0190540065666,562.1232778627059
27256.0,-242.790237,258.051758,175.8845075692023,562.7992310324632
27266.0,-239.008209,262.066254,181.2506588726488,563.50235466082
27275.0,-235.686188,265.543091,186.09183228637636,564.0982732394392
27284.0,-232.231522,269.107574,190.93724791397617,564.6586537975918
27293.0,-228.867661,272.543945,195.78634612143483,565.1862194793463
27303.0,-225.106262,276.338715,201.1872950645163,565.7399075725856
27312.0,-221.593964,279.846405,206.0595371542366,566.2108374661667
27321.0,-218.176193,283.229156,210.93418003186625,566.6562302827735
27330.0,-214.632553,286.7052,215.81096170833135,567.0775596380347
27339.0,-211.188354,290.061066,220.63804747268387,567.4728145911417
27349.0,-207.220566,293.89209,226.08542385718093,567.8951978569739
27358.0,-203.749847,297.22052,230.91569742307894,568.2493739896498
27367.0,-200.268768,300.538086,235.79884006663264,568.5891325336452
27376.0,-196.665588,303.952362,240.64871213394764,568.9100298294109
27386.0,-192.777817,307.617554,246.03282429125687,569.2491989975385
27395.0,-189.271988,310.908966,250.90168834725117,569.5428685028892
27404.0,-185.533737,314.406067,255.71954919825694,569.8231250395248
27413.0,-181.899719,317.787506,260.6069158220007,570.0954583474877
27423.0,-177.729919,321.655792,265.9940875659747,570.3819545045327
27432.0,-174.20018,324.92157,270.8654174732525,570.6314017105801
27441.0,-170.665665,328.182159,275.7199351857965,570.8720091135183
27450.0,-167.010956,331.541229,280.6092740378223,571.1062814669476
27459.0,-163.348938,334.892334,285.4990528742559,571.3311833928539
27469.0,-159.274323,338.609528,290.88861357957694,571.5685330310521
27478.0,-155.602066,341.949402,295.7791883664041,571.7754054554127
27487.0,-152.154037,345.074707,300.5840017274812,571.9704261306812
27496.0,-148.587097,348.299805,305.44078832120687,572.1597885523984
27506.0,-144.488602,351.990662,310.8490548088008,572.3613232824144
27515.0,-141.026291,355.100128,315.67203637303766,572.5321323483697
27524.0,-137.328964,358.412231,320.54696939551866,572.6967743856827
27534.0,-133.214371,362.085114,325.9045181068408,572.8689001350065
27543.0,-129.737701,365.178528,330.728294570255,573.0155546166113
27552.0,-126.024979,368.473358,335.5522956604043,573.1546243409209
27561.0,-122.425453,371.662048,340.39370503377944,573.2878111787312
27571.0,-118.420853,375.199219,345.76940140717676,573.4289454692795
27580.0,-114.696762,378.481201,350.62836157250024,573.5503549234066
27589.0,-111.089226,381.660828,355.47021689305046,573.6662018449442
27599.0,-107.073532,385.185425,360.84635448918254,573.7893884285518
27608.0,-103.341545,388.458405,365.7229175066356,573.8952756844093
27617.0,-99.724609,391.627319,370.5651163990029,573.9957413060303
27626.0,-96.106339,394.794708,375.4418503136237,574.0934413577849
27636.0,-92.082916,398.310455,380.83563101054307,574.1975049952063
27645.0,-88.460121,401.472656,385.6952735889012,574.2875502858144
27654.0,-84.718811,404.734985,390.55498582319245,574.37375436711
27663.0,-81.20929,407.791077,395.3630564570194,574.4557377721254
27673.0,-77.048523,411.41156,400.77434424757246,574.5447720129871
27682.0,-73.301872,414.667755,405.58250259407663,574.6214389126851
27691.0,-69.670677,417.820312,410.40793604756,574.6957281581032
27701.0,-65.634872,421.321838,415.767658889461,574.7752676184627
27710.0,-61.885784,424.575226,420.5931519550278,574.8455782161567
27719.0,-58.137463,427.829498,425.45311779508233,574.9160493255198
27729.0,-54.103954,431.333679,430.7783966310224,574.9934661964467
27738.0,-50.475174,434.489014,435.63835289262084,575.0645948060386
27747.0,-46.613708,437.849579,440.51553525696403,575.1365055777208
27756.0,-42.986897,441.007202,445.35824517519785,575.2082279745705
27766.0,-38.826229,444.627808,450.7524435918796,575.287744567441
27775.0,-35.315689,447.682739,455.54347070739266,575.3574253437091
27784.0,-31.569965,450.940002,460.42068445994624,575.4271747956503
27794.0,-27.668518,454.333374,465.74601836892197,575.5007058117509
27803.0,-24.040052,457.489075,470.5888251808895,575.565556689261
27812.0,-20.412031,460.645294,475.39716327414556,575.6299715906962
27822.0,-16.250744,464.265198,480.73975909469846,575.7016973726544
27831.0,-12.622531,467.421204,485.5308598504609,575.7661161608899
27840.0,-9.111497,470.475555,490.32195709914555,575.8307952595936
27850.0,-4.950002,474.095215,495.6990141788831,575.9035107886752
27859.0,-1.444088,477.155457,500.4900799430232,575.9704814975518
27869.0,2.705316,480.788971,505.83250967265116,576.0536636685619
27878.0,6.332469,483.946198,510.65789119136286,576.1312530032468
27887.0,9.977677,487.08255,515.5007351681375,576.1932664774943
27896.0,13.648752,490.188599,520.3783474435307,576.2245309150961
27906.0,17.901712,493.700348,525.7558738684706,576.2090410475043
27915.0,21.765272,496.816925,530.5986276153667,576.1403416931054
27924.0,25.793467,499.975708,535.5090760960658,576.0097783893484
27933.0,29.618448,502.890106,540.382855973147,575.8139501894266
27943.0,33.925201,506.052429,545.8037839689205,575.5133513620716
27952.0,38.101959,509.011993,550.7204531955799,575.1590322589185
27961.0,42.33395,511.892029,555.6130168834505,574.7204303687979
27970.0,46.361298,514.519714,560.4619817461535,574.1916404914375
27979.0,50.581303,517.133484,565.2645309689791,573.5651387622241
27989.0,55.204746,519.811584,570.5766424900917,572.7287766551266
27998.0,59.426586,522.113831,575.3375779186463,571.8396887519897
28007.0,63.846569,524.373047,580.0732603975371,570.8246543124276
28016.0,68.331352,526.500671,584.77874090803,569.6777294588558
28026.0,73.232552,528.628296,589.8442598802014,568.2722044835567
28036.0,78.365807,530.64563,594.8578515024868,566.6914192487488
28045.0,82.898666,532.251099,599.2776272270916,565.1280747125951
28054.0,87.638321,533.726196,603.7366536904908,563.3742562411254
28064.0,92.801544,535.10083,608.5011345442862,561.2781313083581
28074.0,98.02047,536.245972,613.231026339773,558.9447610870249
28083.0,102.602074,537.061646,617.3583606170293,556.6852304324908
28093.0,107.729965,537.725769,621.8251435717261,553.9793857906416
28102.0,112.366814,538.12085,625.7067170788316,551.3812053842788
28112.0,117.534225,538.305847,629.9057934913914,548.276128497685
28122.0,122.876724,538.227173,633.9045641498097,544.9979921546003
28131.0,127.521576,537.941101,637.3039112784104,541.921637309672
28141.0,132.830063,537.334045,640.8851513269424,538.3366261341488
28151.0,137.92836,536.471619,644.2465546303749,534.5909103649133
28161.0,142.972046,535.33252,647.4201815622972,530.6405081688308
28171.0,147.941513,533.903992,650.3183367666022,526.5892958405238
28181.0,152.655853,532.243103,652.9799313379386,522.3585106802468
28191.0,157.272156,530.326538,655.3680542444934,518.0068346555264
28201.0,161.623535,528.239502,657.5072548854079,513.5275449954542
28211.0,166.004211,525.832581,659.3670310620997,508.99965911812467
28222.0,170.481537,522.980408,661.0957995241763,503.94398564230215
28232.0,174.249161,520.24884,662.3651349837309,499.2879020523007
28242.0,177.978226,517.185425,663.3498955535786,494.545831821437
28253.0,181.843246,513.546326,664.09798322709,489.2553838704288
28263.0,185.14769,510.029083,664.4643338076024,484.3914486091098
28273.0,188.219116,506.306641,664.5198581784324,479.5312890244875
28284.0,191.295227,501.980103,664.2153529207887,474.2314237333405
28294.0,193.71698,498.006256,663.5975044716656,469.4451318283393
28304.0,195.929611,493.717377,662.6502529658751,464.73058210611293
28315.0,197.981628,488.821411,661.2181020206518,459.6188075388679
28325.0,199.52298,484.248169,659.5870790584975,455.13174990566785
28336.0,200.915833,478.929321,657.4431913738675,450.3507654278535
28346.0,201.82988,474.190674,655.1900197187964,446.14159215991623
28357.0,202.455078,468.919006,652.3990131505275,441.7071418763648
28367.0,202.687531,464.271179,649.575112600207,437.85753049485487
28377.0,202.581467,459.618744,646.4710745604498,434.1847641877905
28388.0,202.085892,454.333313,642.7828978418144,430.41463879479164
28398.0,201.351562,449.563507,639.1912610572268,427.2170757060997
28409.0,200.234329,444.37381,635.0417636394847,423.96159353490145
28419.0,198.93895,439.546234,631.0372104120343,421.17669992424766
28429.0,197.421051,434.783936,626.8236932399316,418.5524879889583
28439.0,195.832687,430.40976,622.4488783310451,416.0994855010052
28449.0,193.890671,425.617584,617.9153167547634,413.7974474104864
28459.0,191.862839,421.049042,613.2686755026529,411.64965401309746
28468.0,189.793472,416.708313,608.9845091289644,409.83241499217945
28478.0,187.35881,411.952179,604.1191446074401,407.934528466887
28487.0,185.145737,407.858429,599.6909499531239,406.34347249097704
28497.0,182.502899,403.214722,594.7023992800714,404.68535756854095
28506.0,180.049225,399.079041,590.1241619942914,403.271660434337
28516.0,177.332489,394.679535,585.0229911469786,401.80218721486557
28525.0,174.748322,390.624115,580.462941130108,400.57385158480577
28535.0,171.710434,386.020721,575.2824797531317,399.2656869884175
28544.0,168.928543,381.909607,570.5698944602485,398.1483135899192
28553.0,166.185547,377.9599,565.8772348845067,397.0979752612054
28563.0,163.189255,373.745819,560.632518057868,395.9907711805851
28572.0,160.365341,369.853546,555.9166249800026,395.05023039108823
28581.0,157.409912,365.865356,551.1407498795388,394.1473177881527
28590.0,154.419357,361.903442,546.3732252743288,393.2942687901055
28600.0,151.160446,357.669281,541.0878280831938,392.40122231891144
28609.0,148.199081,353.880524,536.3223401196453,391.63934872358504
28618.0,145.111954,349.993378,531.4998666736213,390.90734541995914
28628.0,141.755569,345.83606,526.2110674361672,390.1476893691762
28637.0,138.610489,341.995667,521.3777551710314,389.4910528473232
28646.0,135.440109,338.176117,516.6255230874965,388.8786098243536
28656.0,131.999725,334.088074,511.27034489595934,388.2261023654242
28665.0,128.779373,330.310577,506.44170205404157,387.6707264126083
28674.0,125.535294,326.553436,501.6267805334596,387.1477405571692
28683.0,122.3741,322.929749,496.8259013885558,386.6559211370479
28693.0,118.610001,318.665649,491.4044892914611,386.13384609745236
28702.0,115.418175,315.068909,486.5984145738312,385.6956991876842
28711.0,112.117165,311.361694,481.77385804049476,385.27068423381616
28721.0,108.450401,307.241638,476.433554829181,384.80795636670507
28730.0,105.361,303.761414,471.6083947457806,384.3898491748126
28739.0,102.0755,300.040436,466.81816815792024,383.9679561367801
28748.0,98.904968,296.424927,462.0118134547302,383.53289134495435
28758.0,95.402451,292.389984,456.6922305921233,383.0323787502621
28767.0,92.27314,288.738708,451.85534499552347,382.55407772666433
28776.0,89.167236,285.067535,447.0727398544689,382.0531260689914
28786.0,85.750031,280.960083,441.71146116609793,381.4528009298435
28795.0,82.605194,277.119476,436.83425129786013,380.8676727737517
28804.0,79.499573,273.247101,431.9622484084753,380.24066487611753
28813.0,76.346458,269.214478,427.0798098277038,379.5617158233657
28822.0,73.343384,265.262054,422.1889001423981,378.8211740245685
28831.0,70.401474,261.263885,417.30875492421075,378.0127296201805
28840.0,67.43129,257.094666,412.3905430833615,377.12120226606504
28849.0,64.533974,252.874496,407.4874150953928,376.15013858731567
28858.0,61.712524,248.603226,402.6016450175773,375.0952075557649
28867.0,59.054234,244.411118,397.76898286117904,373.96136818308656
28876.0,56.4799,240.166946,392.891416532503,372.720898311791
28885.0,53.98737,235.874222,388.05568477145704,371.38976156895376
28894.0,51.59449,231.525162,383.2322060802236,369.953282502819
28903.0,49.240513,226.979492,378.42639351036246,368.4017121447919
28912.0,46.938549,222.234238,373.67689770575197,366.7368672888928
28921.0,44.896111,217.710007,368.94043105661393,364.9359039090768
28930.0,42.97364,213.133514,364.31873077209355,363.0323505962771
28939.0,41.189922,208.501175,359.72066359337884,360.9860864363376
28948.0,39.492367,203.671829,355.16814845827133,358.80026600063337
28957.0,37.941311,198.793457,350.74376672204704,356.5119322903911
28966.0,36.500225,193.720016,346.3303676710694,354.05732155763263
28975.0,35.317726,189.058899,342.1127407422407,351.53915274933394
28984.0,34.219601,184.059052,337.90093354253645,348.8476273738033
28993.0,33.280544,179.026901,333.74620472822124,346.0072669615096
29002.0,32.49958,173.967819,329.7250798264029,343.067508563062
29011.0,31.916409,169.19455,325.7711033853771,339.98168663094526
29020.0,31.454697,164.096405,321.94353293928276,336.7940026131274
29029.0,31.171112,159.140625,318.2199616588568,333.48543164715835
29038.0,31.04867,154.178238,314.5674428401625,330.02298669144994
29047.0,31.093399,149.524811,311.0672305502188,326.4789580738181
29056.0,31.312464,144.56575,307.7007208095651,322.83110563614724
29065.0,31.683941,139.615784,304.4704261021318,319.0848280424936
29074.0,32.226681,134.681656,301.37670496839974,315.2471115524518
29083.0,32.959957,129.615433,298.40326968155284,311.2938746128646
29092.0,33.86409,124.576897,295.56633436126407,307.24156691303716
29101.0,34.909008,119.724228,292.85992798507084,303.0803675945908
29111.0,36.33786,114.040939,290.01880083670596,298.35299883990444
29120.0,37.618084,109.566849,287.66227268136095,294.10199787579984
29129.0,39.150185,104.845314,285.4351867889528,289.7430293770209
29138.0,40.837257,100.17691,283.35847589193605,285.31044663151886
29147.0,42.569431,95.857651,281.44628057693194,280.8419185493596
29157.0,44.749554,90.979584,279.49197834240937,275.77659301524955
29166.0,46.995888,86.379768,277.89170847713024,271.1323829192107
29175.0,49.317684,81.992348,276.4802061317388,266.5354354942842
29184.0,51.69714,77.813538,275.2240798442046,261.8936242908494
29194.0,54.440529,73.430595,274.01412714963885,256.6716543613436
29203.0,57.140842,69.451584,273.1050330572181,251.93204732730513
29212.0,59.986797,65.575401,272.3728817185675,247.16190253670646
29222.0,63.317272,61.397312,271.76500240916477,241.81882167150093
29231.0,66.549492,57.629955,271.3973728937078,236.9376981855732
29240.0,69.696907,54.202095,271.206974241554,232.13269944969147
29250.0,73.468468,50.417412,271.1970899625889,226.7723955619628
29259.0,77.099815,47.033108,271.37401282684937,221.94963440199615
29268.0,80.851402,43.782597,271.72843594160486,217.13666118768353
29278.0,85.161438,40.341145,272.32403663595187,211.82688393223486
29287.0,89.027023,37.480816,273.0469643299969,207.03790084565446
29296.0,92.991066,34.758572,273.9429031165138,202.27824989782383
29305.0,97.170013,32.079655,275.00487869906993,197.55287252491223
29315.0,101.915619,29.269096,276.3620768740922,192.38504050332884
29324.0,106.007286,27.052183,277.74035062175386,187.83201913298353
29334.0,110.95858,24.622223,279.4857620674445,182.78206729412025
29343.0,115.209167,22.727776,281.2378698450653,178.2853523552363
29352.0,119.66729,20.925169,283.13881413198834,173.8870336935001
29362.0,124.693405,19.112251,285.4388678183246,169.06435521266002
29371.0,129.27211,17.64263,287.6820664873672,164.77191497596763
29380.0,133.894501,16.316805,290.05555326766404,160.58971160904213
29390.0,139.086288,15.054362,292.8685292341882,156.02680445685203
29399.0,143.797272,14.089555,295.5528123670965,152.0161996435645
29408.0,148.539078,13.2898,298.3395796634434,148.16086954637103
29418.0,154.009888,12.589647,301.6409326461136,143.93783462447138
29427.0,158.952713,12.132766,304.73107631927485,140.27589411275267
29437.0,164.288666,11.856858,308.29234216998964,136.36233016903532
29446.0,169.251938,11.778,311.6727405447515,132.91802563344493
29455.0,173.904892,11.858047,315.1111708105813,129.6556409863048
29465.0,179.41098,12.179022,319.0812312515853,126.15746756353012
29474.0,184.199692,12.61782,322.7114362640427,123.19097550015393
29484.0,189.495163,13.329531,326.9736149652761,119.96881668837278
29493.0,194.082977,14.109511,330.8746257516193,117.24636247073231
29503.0,199.316498,15.185955,335.33610629768884,114.36947406600386
29512.0,203.996002,16.293409,339.46187853995076,111.8991971779677
29521.0,208.639313,17.543993,343.6752690543199,109.54597230996477
29530.0,213.397278,18.95892,348.0182818542345,107.2879294039754
29540.0,218.634125,20.689661,352.8609740678134,104.94990405948755
29549.0,223.30687,22.364674,357.2640495010784,102.9742386943612
29558.0,227.939224,24.148363,361.79470748737754,101.07616354594029
29568.0,232.879181,26.184361,366.8197360790477,99.11331176855342
29577.0,237.432953,28.160067,371.40125716294006,97.43947081673763
29586.0,241.812592,30.145756,375.99650324338984,95.85582072790399
29595.0,246.308289,32.250267,380.6325185130572,94.33942981736848
29605.0,251.279221,34.639805,385.78174657146144,92.73034627396994
29614.0,255.597366,36.755901,390.4686419533044,91.31842218777791
29623.0,260.041718,38.966763,395.1327728780683,89.95090002692882
29632.0,264.338379,41.126163,399.8375913954756,88.59990015136573
29641.0,268.629181,43.297203,404.51462998515785,87.27719679294584
29651.0,273.393158,45.716522,409.7594298411437,85.80874660851177
29660.0,277.540405,47.82761,414.40880781507883,84.51506528706882
29669.0,281.824432,50.011951,419.0926993439392,83.2168379226832
29678.0,285.970306,52.125786,423.7939310778301,81.9166459528637
29688.0,290.884491,54.629917,428.99354651469935,80.47869645591865
29697.0,295.172363,56.806713,433.67718903291336,79.1795710172754
29706.0,299.465179,58.973717,438.34216923384713,77.87767118270037
29715.0,303.906433,61.190815,443.0533122924407,76.54889391506823
29725.0,308.700104,63.550751,448.238104907218,75.05838226170064
29734.0,313.027435,65.648003,452.88457997129655,73.69190762480956
29743.0,317.646545,67.854401,457.58879880949235,72.27773784000608
29752.0,322.000702,69.895401,462.2175862839424,70.85249751965856
29762.0,326.859406,72.11837,467.4098718115077,69.2079786010293
29771.0,331.391357,74.143639,472.0629183806682,67.68821691881264
29780.0,335.799469,76.065338,476.7181227289101,66.12021706741058
29789.0,340.224121,77.948631,481.39097522355115,64.49730324686752
29798.0,344.953949,79.906441,486.0319260792178,62.835751722982
29807.0,349.415283,81.701111,490.6396227199142,61.13319989552291
29816.0,353.894775,83.449921,495.2615573363846,59.37049739462956
29826.0,359.055969,85.394684,500.344642252813,57.36685949570424
29835.0,363.573395,87.043083,504.87772275440955,55.51978096148506
29844.0,368.255737,88.691078,509.4059304004911,53.61586747294674
29853.0,372.807434,90.24231,513.9127114064365,51.66177535067635
29862.0,377.523438,91.791344,518.4134236774622,49.651111936606796
29871.0,382.257233,93.285164,522.9067599824905,47.58245813388478
29880.0,386.859619,94.678841,527.3128262710796,45.489933621559004
29889.0,391.776154,96.104286,531.7859371323268,43.29838071545355
29899.0,397.096497,97.558281,536.6752315422808,40.82133468528877
29908.0,401.901855,98.802788,541.0557297578202,38.523371437271265
29917.0,406.723053,99.984413,545.3897034908113,36.17478675858009
29926.0,411.55899,101.104149,549.7221867650242,33.75201893652505
29935.0,416.257355,102.12867,553.9921421782819,31.288960049687393
29944.0,421.121887,103.116913,558.2877643274785,28.733327234524367
29953.0,426.152191,104.06572,562.5032055459216,26.144996683873167
29962.0,431.042725,104.915924,566.7250271440041,23.46920686990211
29971.0,435.94519,105.694321,570.8930238141833,20.741675261534898
29980.0,441.011688,106.42572,574.9624980046675,17.990506260751822
29989.0,445.934387,107.063919,579.0470759162523,15.139568134194205
29998.0,451.020355,107.644501,583.0603531156545,12.24768192855924
30008.0,456.510162,108.175629,587.4678866345043,8.960762542708636
30017.0,461.30307,108.565842,591.3976377828913,5.92806223561082
30026.0,466.101349,108.883316,595.2795968212263,2.8344221037231088
30035.0,471.058563,109.140541,599.0730722607399,-0.2863302330822646
30044.0,475.864166,109.314751,602.8574934250055,-3.498552468917762
30053.0,480.981903,109.428337,606.5926387644413,-6.767941484349905
30062.0,486.1008,109.464966,610.2776766822044,-10.09370617620167
30071.0,491.064514,109.424873,613.8982620418162,-13.464279029496133
30080.0,496.18219,109.308525,617.4905283212535,-16.914967061597114
30089.0,501.297516,109.114609,620.9797599371896,-20.372540457524046
30098.0,506.098999,108.850128,624.435137045969,-23.912281795772646
30108.0,511.599976,108.450943,628.1810151991469,-27.889807906205572
30117.0,516.699341,108.00309,631.511091240724,-31.547675216936735
30126.0,521.48291,107.51165,634.7726266463535,-35.243830666731306
30135.0,526.413208,106.935051,637.9888151157959,-39.00222546167058
30144.0,531.333374,106.277748,641.1250065889407,-42.78294683485372
30153.0,536.242981,105.545578,644.2332100997986,-46.6532551140516
30162.0,541.291992,104.701897,647.2764570613175,-50.57484448216821
30171.0,546.172424,103.795555,650.2187608144945,-54.50834161346596
30180.0,551.037048,102.807938,653.1189812117542,-58.53685708299544
30189.0,555.884155,101.737564,655.936934906971,-62.602387390005184
30199.0,561.412048,100.398315,658.9925917510324,-67.1940080262623
30208.0,566.215698,99.147285,661.653573542558,-71.36396913048762
30217.0,570.997375,97.814667,664.2675348951022,-75.62434878281823
30226.0,575.756775,96.404655,666.7729101268372,-79.86961358721477
30235.0,580.495178,94.925636,669.2246118017878,-84.18578945689183
30244.0,585.209229,93.370705,671.6161130144529,-88.55526847241389
30253.0,589.75354,91.797997,673.9234410999909,-92.93084121335542
30262.0,594.417542,90.098846,676.1690532956065,-97.35774093074677
30271.0,598.915649,88.398483,678.3364159800652,-101.8043057508767
30280.0,603.67688,86.518318,680.4688700095198,-106.34400469520621
30289.0,608.264709,84.623001,682.5205118514406,-110.8829903384711
30298.0,612.820007,82.650818,684.4970971017306,-115.45516002753388
30307.0,617.483521,80.539864,686.3897908363748,-120.04405157863789
30316.0,622.112183,78.353622,688.2183176946539,-124.69594562978754
30325.0,626.706299,76.09568,689.9573974668465,-129.34522694918587
30334.0,631.119934,73.824165,691.6229075244204,-134.03965994640382
30343.0,635.494385,71.477974,693.1992820319052,-138.74659723652226
30352.0,639.831116,69.062813,694.7026537822494,-143.51351470117768
30361.0,644.135681,66.590759,696.1256051424293,-148.28707043499358
30370.0,648.276611,64.146011,697.4730891208458,-153.04665934933206
30379.0,652.653931,61.492035,698.764482517794,-157.83962485465733
30389.0,657.476624,58.476662,700.1338894142159,-163.20014402318026
30398.0,661.651672,55.791691,701.3020859701835,-168.04234824480392
30407.0,665.922485,52.969521,702.4151066762498,-172.93289132310832
30416.0,670.031921,50.185169,703.4519278222514,-177.76966727582962
30425.0,674.109985,47.355076,704.4374900929018,-182.65231941661528
30434.0,678.154785,44.477646,705.3623204959198,-187.5292963456742
30443.0,682.295105,41.467308,706.2345101585864,-192.4334690699593
30452.0,686.281738,38.509781,707.0550683823916,-197.3465443918523
30461.0,690.246216,35.522633,707.826217372575,-202.25017003783046
30470.0,694.189331,32.507339,708.5600921513266,-207.17693903245166
30479.0,698.108521,29.460999,709.2593308841185,-212.12615047763862
30488.0,702.00354,26.383799,709.9101309472545,-217.01242079241462
30497.0,705.75592,23.376478,710.525025188189,-221.9207101866994
30506.0,709.60791,20.245573,711.1058790957328,-226.85049963240706
30515.0,713.438232,17.088242,711.6490677198378,-231.76724101509396
30524.0,717.11322,13.986843,712.1568789224573,-236.7397410419517
30533.0,720.861267,10.732226,712.6028626451917,-241.68355675048852
30542.0,724.56543,7.427796,712.9819914635781,-246.6675200402485
30551.0,728.225281,4.074311,713.292034827447,-251.63898843799632
30560.0,731.851929,0.684982,713.536650406097,-256.5795919359776
30569.0,735.365356,-2.598303,713.7401667443168,-261.5565594883458
30578.0,739.024414,-5.95264,713.9439693874947,-266.53351532499113
30587.0,742.733948,-9.251032,714.1946725124828,-271.5601013170286
30596.0,746.728333,-12.695058,714.5147959591563,-276.5654731984986
30605.0,750.521851,-15.896509,714.9079411719916,-281.58292829384834
30614.0,754.326355,-19.084917,715.3506832258737,-286.596250372665
30623.0,758.122314,-22.283495,715.8111549320764,-291.6252831663851
30632.0,762.136169,-25.704807,716.2644388705564,-296.7068835314797
30641.0,765.888916,-28.953995,716.6848830885307,-301.73942083308987
30650.0,769.601074,-32.249462,717.0630033103437,-306.8098828469495
30659.0,773.38562,-35.696449,717.3783353197775,-311.86736751204535
30668.0,777.13562,-39.180939,717.6301522208564,-316.8938978303223
30677.0,780.861755,-42.690929,717.8331402728976,-321.9226367023413
30685.0,784.060852,-45.729748,717.9829775665712,-326.3669307180171
30695.0,788.048889,-49.539673,718.1444456070382,-331.8800012678912
30704.0,791.631714,-52.9753,718.2737767362784,-336.8077240452244
30713.0,794.982971,-56.204182,718.3902429807512,-341.6668052091535
30722.0,798.438416,-59.548431,718.4963812175022,-346.59508208712396
30731.0,801.998718,-63.007378,718.5910571730554,-351.5063535641783
30740.0,805.442505,-66.363686,718.676441277512,-356.41779537005954
30750.0,809.513123,-70.336227,718.7621897207401,-361.82913622540565
30759.0,813.063843,-73.805,718.8354286242472,-366.72353649597056
30768.0,816.613525,-77.274895,718.9064087538819,-371.6352075842138
30777.0,820.051086,-80.637535,718.9741632888897,-376.44349977807747
30787.0,823.869629,-84.374817,719.0485284163201,-381.8205342967269
30796.0,827.307495,-87.737167,719.1150765523861,-386.663318082931
30805.0,830.633911,-90.9916,719.1822601839095,-391.5233304803887
30814.0,834.070862,-94.354904,719.2488237875968,-396.36611405402016
30824.0,837.887268,-98.094337,719.3207466581853,-401.7259445148106
30833.0,841.431519,-101.56974,719.3837314558114,-406.6032503171393
30842.0,844.862671,-104.938957,719.4428244056945,-411.41165676021626
30852.0,848.672852,-108.684761,719.5050529578182,-416.82331919014985
30861.0,852.100403,-112.057617,719.5570889759638,-421.66628065057733
30870.0,855.633972,-115.543884,719.6057855595782,-426.56098662624504
30879.0,859.05481,-118.923553,719.6486745077901,-431.4040377298874
30889.0,862.730164,-122.560608,719.6899709462023,-436.7814278953022
30898.0,866.146179,-125.945145,719.7223782942913,-441.6762688231893
30907.0,869.559387,-129.332489,719.7495144208623,-446.5366698122422
30916.0,872.969177,-132.723282,719.7713001389316,-451.4315695382816
30926.0,876.751587,-136.497116,719.7881247256914,-456.80909195294487
30935.0,880.152466,-139.896866,719.7966514290562,-461.68679697369913
30944.0,883.657898,-143.411438,719.7987017596406,-466.54727328162375
30953.0,887.157898,-146.931412,719.793473371628,-471.3732757235978
30963.0,891.040344,-150.848877,719.7787384232973,-476.7680400676977
30972.0,894.639465,-154.488983,719.7583643078078,-481.6112382207561
30981.0,898.015991,-157.912918,719.731678628654,-486.4716417038303
30991.0,901.763062,-161.721863,719.6950465321054,-491.81459339545825
31000.0,905.023743,-165.04216,719.6559598409368,-496.65767667834155
31009.0,908.39447,-168.471832,719.6133701190506,-501.50073042261903
31018.0,911.760559,-171.906021,719.5683662610713,-506.36099880991196
31028.0,915.499023,-175.723373,719.5141626849035,-511.75551096759995
31037.0,918.865234,-179.157425,719.463214161175,-516.564010603295
31046.0,922.342041,-182.700302,719.4119365687882,-521.4586902203943
31056.0,926.084961,-186.513306,719.357182524454,-526.8014869303764
31065.0,929.453735,-189.944901,719.3078260490298,-531.6789496839498
31074.0,932.823914,-193.375061,719.2595171324513,-536.5047131628746
31083.0,936.086304,-196.693695,719.2126298520184,-541.3477272075893
31093.0,939.955505,-200.624237,719.1634397998345,-546.7250509588332
31102.0,943.441895,-204.1577,719.1226247723029,-551.5681199845542
31111.0,946.932373,-207.687149,719.0856660158058,-556.4801648854285
31120.0,950.315552,-211.104538,719.0536482744546,-561.3060639488383
31130.0,954.075195,-214.901077,719.0207463073317,-566.7179841356827
31139.0,957.459534,-218.317322,718.9924094573635,-571.5439062163751
31148.0,960.845581,-221.731827,718.9648775060191,-576.4387769947699
31157.0,964.45105,-225.365677,718.9390662771443,-581.3336571491717
31167.0,968.215271,-229.157684,718.9121430537818,-586.6939025360746
31176.0,971.713928,-232.678986,718.8885634575867,-591.571558015582
31185.0,975.212769,-236.200119,718.8662671399637,-596.3975117845484
31194.0,978.711304,-239.721558,718.8439547330216,-601.2924091381224
31204.0,982.475403,-243.513672,718.8182910992807,-606.6698966336753
31213.0,985.861755,-246.927902,718.7931897922438,-611.5303085573847
31222.0,989.247742,-250.342453,718.7665522943482,-616.373476311869
31232.0,993.007385,-254.138992,718.7356687661123,-621.7681723788182
31241.0,996.607117,-257.778534,718.7046223792465,-626.6630221280296
31250.0,1000.092773,-261.312683,718.66833715539,-631.5061272101955
31259.0,1003.466248,-264.739624,718.6256833031113,-636.3836531837857
31268.0,1007.053772,-268.391205,718.5774176613337,-641.2438902738437
31278.0,1010.7948,-272.206085,718.5171827877328,-646.6728120590926
31287.0,1014.37616,-275.863708,718.457321341209,-651.5846312399163
31296.0,1017.737305,-279.302765,718.3927166318762,-656.4791530936892
31305.0,1021.204773,-282.854797,718.3235757703128,-661.3736129706067
31315.0,1025.056885,-286.802063,718.2435650026781,-666.7678040799517
31324.0,1028.523071,-290.355347,718.1689965720975,-671.662184275103
31333.0,1031.993042,-293.904968,718.0952777053595,-676.5048642132216
31342.0,1035.248291,-297.23056,718.0232006461528,-681.3820441229299
31351.0,1038.722412,-300.776123,717.9538736657478,-686.2420264185293
31361.0,1042.58374,-304.714386,717.8780735680975,-691.687990595671
31370.0,1046.060425,-308.257355,717.8115713351766,-696.56524970578
31379.0,1049.431152,-311.687012,717.7474633304048,-701.4080664087014
31388.0,1052.80603,-315.112549,717.685718199796,-706.3198622713909
31398.0,1056.679565,-319.038849,717.6228086039062,-711.7142799257646
31407.0,1060.060303,-322.458649,717.5697475521623,-716.5917037846218
31416.0,1063.444824,-325.874756,717.52060174478,-721.4519320542989
31425.0,1066.939697,-329.399841,717.4745237017664,-726.3811363638392
31434.0,1070.435547,-332.923981,717.430837922542,-731.2758896260768
31444.0,1074.200073,-336.715668,717.3844089088385,-736.6532379255282
31453.0,1077.700684,-340.234985,717.3442062317065,-741.5480210351542
31462.0,1081.202271,-343.753387,717.3068133354287,-746.4083539368246
31471.0,1084.594116,-347.16214,717.2706699211498,-751.2859324987476
31481.0,1088.361816,-350.950653,717.2303052484209,-756.646093518807
31490.0,1091.751953,-354.361084,717.1926534546625,-761.5064244217579
31499.0,1095.138306,-357.775269,717.1530186641875,-766.3667395583653
31508.0,1098.519653,-361.194458,717.1084117036221,-771.2097751429383
31518.0,1102.384277,-365.129486,717.0470143596287,-776.6386839058977
31527.0,1105.847168,-368.685944,716.9753059057236,-781.4986316465005
31536.0,1109.291382,-372.260498,716.8803892973986,-786.4098984785257
31545.0,1112.604736,-375.745605,716.7589926275512,-791.251617832528
31554.0,1115.998779,-379.367828,716.6011547166651,-796.1785099061507
31564.0,1119.841309,-383.56134,716.3759339816618,-801.7065942601158
31573.0,1123.153931,-387.25824,716.1242252852904,-806.6295832955911
31582.0,1126.423218,-390.993439,715.8176152490603,-811.5494581514104
31591.0,1129.647583,-394.767517,715.4523503722039,-816.4826094034315
31600.0,1132.825684,-398.580627,715.0298274718085,-821.3938875171083
31609.0,1135.949219,-402.438568,714.5389936218969,-826.3507723300796
31618.0,1139.016724,-406.341248,713.982739021087,-831.2660526399562
31627.0,1142.024902,-410.289825,713.350841471056,-836.2069362050196
31636.0,1144.967651,-414.287384,712.6409123007538,-841.1546254947548
31645.0,1147.845093,-418.332184,711.8479155698454,-846.1071382789572
31654.0,1150.659058,-422.421448,710.9829083900801,-850.9775758655132
31663.0,1153.395508,-426.562927,710.0224498917242,-855.8827922937193
31672.0,1156.137939,-430.885345,708.9616281714876,-860.8201865771849
31681.0,1158.796631,-435.259796,707.8145267777581,-865.702848257603
31690.0,1161.21936,-439.413696,706.5815311174956,-870.5289591783195
31699.0,1163.633789,-443.750854,705.2453725250214,-875.3633057638135
31708.0,1166.036499,-448.270935,703.8088112518718,-880.1867599722324
31717.0,1168.345703,-452.839508,702.2804824080027,-884.9638341435132
31726.0,1170.490601,-457.316071,700.6355378166761,-889.7567187347883
31735.0,1172.606445,-461.977325,698.9054700359003,-894.4644880756589
31744.0,1174.566528,-466.537811,697.0975854001327,-899.0689373206109
31753.0,1176.356079,-471.00119,695.1520749690371,-903.7105327311054
31762.0,1178.098877,-475.649048,693.0982361324902,-908.3052214937659
31771.0,1179.782471,-480.483276,690.9369809972893,-912.8503722099462
31780.0,1181.315308,-485.20459,688.6945429237637,-917.298191496258
31789.0,1182.781494,-490.109131,686.326635922887,-921.7391863428466
31798.0,1184.09729,-494.895477,683.8574777342008,-926.1246939111298
31807.0,1185.342529,-499.860718,681.2964999912044,-930.4371896726116
31816.0,1186.472046,-504.853577,678.617232610999,-934.7179292509896
31825.0,1187.45752,-509.718658,675.86592406935,-938.8909293759903
31834.0,1188.34082,-514.603333,673.0261965211945,-942.9833091689097
31843.0,1189.119873,-519.66272,670.0583848278428,-947.0479755199241
31851.0,1189.69397,-524.037537,667.3414931518811,-950.5900491470514
31860.0,1190.252686,-529.281982,664.1937275911837,-954.4948921231271
31870.0,1190.676147,-534.781128,660.6499077912556,-958.653456577752
31879.0,1190.938232,-539.893433,657.2816191570768,-962.3929820114251
31887.0,1191.071411,-544.441711,654.2031408835578,-965.6495042462569
31896.0,1191.094727,-549.405518,650.672313470335,-969.2117345126707
31905.0,1190.997681,-554.523621,647.0788049641353,-972.661128884603
31915.0,1190.753662,-560.03363,643.0020280312832,-976.3759517142607
31924.0,1190.394653,-565.140015,639.2068575750159,-979.6551143971411
31933.0,1189.919556,-570.236938,635.3703217396552,-982.8049093150545
31942.0,1189.339111,-575.166748,631.4574137851679,-985.8593104970647
31951.0,1188.636475,-580.080627,627.4700766538195,-988.8158892364
31960.0,1187.870728,-584.828064,623.4529736629328,-991.6429786616741
31969.0,1187.049805,-589.408752,619.4010053068099,-994.3892616744881
31978.0,1186.032349,-594.267273,615.298641301323,-997.0596787789896
31987.0,1184.911865,-598.943665,611.1530217997907,-999.5970146046673
31997.0,1183.463257,-604.265442,606.4238689224741,-1002.2987519228535
32006.0,1182.083008,-608.871887,602.1350701300605,-1004.5857672402364
32015.0,1180.538452,-613.589355,597.7106875652385,-1006.7980598577899
32024.0,1178.879639,-618.267883,593.2475268297933,-1008.8907553829008
32033.0,1177.121338,-622.909912,588.7354751429373,-1010.8758417503869
32042.0,1175.260498,-627.51178,584.147616595165,-1012.7710380955058
32051.0,1173.244019,-632.216919,579.503070199069,-1014.570986342483
32060.0,1171.197632,-636.73938,574.8538377385049,-1016.2603759462216
32070.0,1168.824951,-641.718384,569.6484582784384,-1018.0307475020152
32079.0,1166.68689,-646.025696,564.919246956474,-1019.538983396404
32088.0,1164.40918,-650.436157,560.1980325585502,-1020.9564857491623
32097.0,1162.139648,-654.675659,555.421538626201,-1022.3075301433948
32106.0,1159.812012,-658.883545,550.6085596940484,-1023.5908300755632
32115.0,1157.352783,-663.195435,545.794664835861,-1024.8018757127033
32124.0,1154.842773,-667.477966,541.0157617439819,-1025.9383774928674
32133.0,1152.293701,-671.737366,536.173682330913,-1027.0313011857454
32142.0,1149.709473,-675.975525,531.371387830571,-1028.0645090979644
32151.0,1147.088379,-680.19104,526.5429425952555,-1029.0571293278597
32160.0,1144.427124,-684.381226,521.688743376869,-1030.009048260227
32170.0,1141.424683,-689.007812,516.3339375463867,-1031.0041995006652
32179.0,1138.693115,-693.152527,511.4793749192919,-1031.8600032228198
32188.0,1136.017578,-697.148254,506.65220239565645,-1032.6717441744488
32197.0,1133.31543,-701.126038,501.8021255239531,-1033.4504003222162
32206.0,1130.500488,-705.214661,496.9126304195745,-1034.2002251883287
32215.0,1127.657837,-709.283997,492.0693305920765,-1034.909425249303
32225.0,1124.468384,-713.783752,486.65791661004505,-1035.6636903304952
32234.0,1121.577515,-717.819031,481.80562415902193,-1036.308497212621
32243.0,1118.66687,-721.840027,476.9499819346138,-1036.9275743758833
32252.0,1115.827026,-725.720703,472.0912623831324,-1037.5220171952908
32261.0,1112.96936,-729.588257,467.2638511143492,-1038.087998277848
32271.0,1109.878906,-733.733765,461.88570663975526,-1038.6925846311585
32280.0,1106.803467,-737.825928,457.0191223987146,-1039.2187744926941
32289.0,1103.903687,-741.662048,452.20201237980115,-1039.7212031145086
32298.0,1100.989258,-745.487061,447.3487972780537,-1040.209447060024
32308.0,1097.627563,-749.859619,441.9789800438403,-1040.727869974466
32317.0,1094.681152,-753.659973,437.1218160747575,-1041.1751251047547
32326.0,1091.721313,-757.44989,432.2628181543637,-1041.601995323639
32335.0,1088.839722,-761.104004,427.47083264436014,-1042.0034170102297
32345.0,1085.394653,-765.411133,422.07546379580805,-1042.4276311499373
32354.0,1082.269043,-769.267395,417.21040539851924,-1042.7787518771745
32363.0,1079.11438,-773.099976,412.34302632573343,-1043.0960844092806
32372.0,1075.930176,-776.90802,407.5250595384085,-1043.3745138298082
32382.0,1072.355591,-781.108276,402.1368996983035,-1043.6417833277933
32391.0,1069.209351,-784.744934,397.2633264842793,-1043.842689031314
32400.0,1065.935059,-788.475769,392.3883258283302,-1044.0053161465885
32409.0,1062.630127,-792.179504,387.5122047417007,-1044.129903957603
32418.0,1059.295166,-795.856201,382.61800908286637,-1044.2157340139665
32428.0,1055.786011,-799.653809,377.2406723711924,-1044.2634862517018
32437.0,1052.493896,-803.158997,372.31125276294864,-1044.2642844377324
32446.0,1049.17395,-806.637756,367.48540171994046,-1044.225701842659
32455.0,1045.825806,-810.089417,362.59108668303276,-1044.1469727817748
32465.0,1041.951416,-814.014832,357.1635106678256,-1044.0119224595414
32474.0,1038.542236,-817.40625,352.3058479500055,-1043.84655298336
32483.0,1035.101196,-820.765381,347.43269359682307,-1043.6357316747003
32492.0,1031.516846,-824.199402,342.527351624403,-1043.3765576183182
32501.0,1028.010132,-827.489929,337.6420155851879,-1043.0699475574288
32511.0,1023.939758,-831.211731,332.1760722057308,-1042.6644603993693
32520.0,1020.123962,-834.624084,327.2992645032125,-1042.2434323977463
32529.0,1016.382446,-837.886169,322.4107366348742,-1041.7619281523164
32538.0,1012.713501,-840.99469,317.5461144520847,-1041.2178978551774
32547.0,1008.876465,-844.14386,312.6557137376908,-1040.5988993383012
32556.0,1005.11084,-847.134521,307.7927632157727,-1039.9051679210625
32565.0,1001.295776,-850.06189,302.90788209939655,-1039.125850152463
32575.0,996.857849,-853.336792,297.49446169239263,-1038.164044420582
32584.0,992.946411,-856.134094,292.69076957245557,-1037.2232681653636
32593.0,988.858948,-858.950684,287.8358367387139,-1036.1889362936818
32602.0,984.595276,-861.783569,282.9990568262088,-1035.0727932388081
32611.0,980.41449,-864.459656,278.1987994678918,-1033.8782519044432
32620.0,976.193604,-867.07196,273.46913977037616,-1032.61696799858
32629.0,972.064209,-869.536133,268.7274315208894,-1031.2696071753453
32638.0,967.762817,-872.013672,264.02430476334723,-1029.8518096720402
32648.0,963.090027,-874.604675,258.7865092994275,-1028.1797781391476
32657.0,958.715942,-876.951538,254.114223836229,-1026.6084962224875
32666.0,954.447571,-879.166321,249.4643563781408,-1024.9720638427507
32675.0,950.013306,-881.397339,244.85324124461226,-1023.2787923691731
32684.0,945.553162,-883.576172,240.26468726213625,-1021.5253034448308
32693.0,941.064148,-885.694885,235.68311753083003,-1019.7064034727549
32702.0,936.546753,-887.75238,231.12596515902095,-1017.8271641129825
32712.0,931.492493,-889.960266,226.10528359007856,-1015.6719208132797
32721.0,926.916016,-891.882751,221.5731776212864,-1013.6470181665843
32730.0,922.313904,-893.743042,217.11693531822286,-1011.5802681588973
32739.0,917.68512,-895.536011,212.69054355039228,-1009.4503369450941
32748.0,913.176086,-897.207153,208.31104316710224,-1007.2639027845737
32757.0,908.496582,-898.863159,203.90277993810108,-1004.9819232612748
32766.0,903.940002,-900.400024,199.58928436331183,-1002.6679928665131
32776.0,898.852478,-902.032593,194.85981322077885,-1000.0370110421437
32785.0,894.252563,-903.434448,190.6036246719475,-997.584581615089
32794.0,889.483887,-904.812866,186.4131359031014,-995.08820767429
32803.0,884.548096,-906.170105,182.22967384691992,-992.5136793131377
32812.0,879.74408,-907.419678,178.08271931381276,-989.8807495460856
32821.0,874.772217,-908.638184,174.0023540430296,-987.2081668567918
32831.0,869.394836,-909.86438,169.46416103453433,-984.1347711646645
32840.0,864.389404,-910.936768,165.4252502537598,-981.3087531151499
32849.0,859.521057,-911.906067,161.45484146212794,-978.4458224535969
32858.0,854.639343,-912.805542,157.5120020117624,-975.5160497445812
32867.0,849.745605,-913.637085,153.62494362413287,-972.5409371355046
32876.0,844.84082,-914.400757,149.77989610689121,-969.5117247732483
32886.0,839.379211,-915.16925,145.53766406127843,-966.068501810847
32895.0,834.454224,-915.789368,141.7698233970745,-962.9168470411969
32904.0,829.366272,-916.352356,138.06152757923093,-959.7216850620647
32913.0,824.424988,-916.825378,134.41469632950506,-956.482441198113
32922.0,819.476379,-917.214844,130.7685224342798,-953.1395658442655
32931.0,814.521667,-917.516541,127.19195144586557,-949.747322003373
32940.0,809.717163,-917.719666,123.66441214994575,-946.2794889304982
32950.0,804.203186,-917.845825,119.81852255719774,-942.3501984081217
32959.0,799.23938,-917.86908,116.4283908633073,-938.747920406121
32968.0,794.276062,-917.794067,113.10834548610316,-935.0809463949112
32977.0,789.315125,-917.622314,109.86162801443669,-931.348892621885
32986.0,784.358337,-917.356506,106.7119404279043,-927.5794073566093
32995.0,779.5625,-917.004089,103.62659515560159,-923.7349538373321
33004.0,774.774109,-916.562134,100.58478470116452,-919.7904622254052
33013.0,769.839539,-916.023682,97.63687207857338,-915.8181567392737
33022.0,764.915222,-915.398254,94.77030506712657,-911.8079233445542
33031.0,760.002441,-914.687561,91.96554497742821,-907.7332797350077
33041.0,754.390381,-913.762634,88.91442556155106,-903.1179670355119
33050.0,749.506287,-912.876282,86.28180945213805,-898.9708133756692
33059.0,744.638489,-911.904297,83.68547849168694,-894.7198499012259
33068.0,739.787903,-910.849854,81.1806660040693,-890.4542533301168
33077.0,734.955505,-909.714844,78.74042623265989,-886.1315868961912
33086.0,730.293213,-908.537048,76.38955654330174,-881.7988521922315
33095.0,725.499451,-907.248596,74.1024637159381,-877.4126686456156
33104.0,720.87561,-905.927917,71.9029531459748,-873.020436375975
33113.0,716.275391,-904.527222,69.76261558864687,-868.5608001972857
33122.0,711.700256,-903.04657,67.69178906414146,-864.049492986913
33131.0,707.005249,-901.435059,65.70656983874406,-859.5186758053557
33141.0,701.821716,-899.55072,63.59840938465404,-854.4593659351705
33150.0,697.042053,-897.717957,61.75947065560202,-849.8115779574978
33159.0,692.293823,-895.805237,60.020143086912775,-845.180796240079
33168.0,687.72644,-893.861206,58.348147393699236,-840.4703759683323
33177.0,683.194763,-891.835327,56.76628476904743,-835.7289268890635
33186.0,678.835876,-889.804504,55.28698572865481,-831.0086436290592
33195.0,674.505615,-887.713379,53.88372204060194,-826.2652007098906
33204.0,670.06134,-885.502319,52.53630604006974,-821.4697763242123
33213.0,665.641541,-883.242737,51.263963779334944,-816.7252324863459
33222.0,661.384705,-881.005859,50.04063870840311,-811.9500200217462
33231.0,657.015747,-878.649475,48.863360175172524,-807.1277559791918
33240.0,652.67334,-876.244568,47.75642992895029,-802.3596092348553
33250.0,647.876526,-873.5224,46.57775485267899,-797.006882646721
33259.0,643.447266,-870.956055,45.57290072194691,-792.1985753318958
33268.0,639.043945,-868.34552,44.61253199932137,-787.363612019952
33277.0,634.796631,-865.776367,43.69956754827537,-782.519473889968
33286.0,630.57251,-863.169312,42.835678739382985,-777.6838511602922
33295.0,626.372498,-860.52356,42.016667813433585,-772.8404254964605
33304.0,622.196228,-857.840454,41.23651747639452,-767.9556772780566
33314.0,617.577942,-854.825195,40.42804540637316,-762.5869536958274
33323.0,613.4375,-852.087158,39.73211377034205,-757.7069068242109
33332.0,609.316345,-849.320129,39.074180094310954,-752.8563768301307
33341.0,605.21283,-846.527039,38.445065947686906,-747.9672671257206
33350.0,601.129211,-843.704956,37.84778564739776,-743.056803201765
33359.0,597.060303,-840.861694,37.2892375265525,-738.1938265472633
33368.0,593.007202,-837.995911,36.75858853967276,-733.310388955712
33378.0,588.525574,-834.781067,36.20091083592651,-727.8578709647755
33387.0,584.507019,-831.867065,35.733541552995206,-722.9852860348948
33396.0,580.500977,-828.935913,35.28864146890297,-718.0759844321805
33405.0,576.632996,-826.078857,34.873829199167155,-713.250539972315
33414.0,572.777222,-823.205261,34.47625139937152,-708.3717645277385
33424.0,568.502991,-819.999084,34.05762864518921,-702.958671605936
33433.0,564.663818,-817.103394,33.69939778184444,-698.0941315842409
33442.0,560.587708,-814.006714,33.35462734906807,-693.1767835530434
33451.0,556.523071,-810.894897,33.03022106210078,-688.2925969773171
33460.0,552.593323,-807.862183,32.723920555386485,-683.389972062287
33469.0,548.668701,-804.822876,32.43586551553996,-678.5035068532109
33479.0,544.317017,-801.434265,32.129028478951895,-673.0311391850329
33488.0,540.407654,-798.375305,31.866234038940085,-668.1087294709256
33497.0,536.627747,-795.40271,31.619416068042593,-663.2545235592451
33506.0,532.731384,-792.327209,31.381778636652864,-658.3480910967435
33515.0,528.964661,-789.337891,31.155807747025587,-653.4411074800062
33524.0,525.204224,-786.340637,30.941177686945323,-648.5163625882834
33534.0,520.897156,-782.895447,30.71617232271437,-643.0745206152433
33543.0,517.022461,-779.792725,30.522950453956685,-638.2006367139182
33552.0,513.272461,-776.78241,30.33432843545742,-633.274827131182
33561.0,509.405457,-773.670105,30.154101656181325,-628.3831979288072
33570.0,505.544434,-770.550354,29.98054026911335,-623.4568346904581
33580.0,501.389771,-767.190674,29.799266346249244,-618.0650966393318
33589.0,497.531067,-764.068115,29.640364214667756,-613.1554835007571
33598.0,493.676117,-760.940918,29.48587485259768,-608.2284852920862
33607.0,489.824158,-757.809998,29.338170651998308,-603.3185225094358
33616.0,485.856018,-754.576111,29.195203638036702,-598.3394477610344
33625.0,482.01236,-751.434998,29.06196742381649,-593.4635553211439
33634.0,478.172363,-748.289429,28.93415334264836,-588.5357929616247
33644.0,473.775757,-744.680969,28.79919395583629,-583.0737326304362
33653.0,470.061066,-741.627197,28.684164148764346,-578.1801361933587
33662.0,466.228333,-738.472778,28.57307145434468,-573.234728412515
33671.0,462.518616,-735.412964,28.468640256757556,-568.3753736951968
33680.0,458.693695,-732.249084,28.368460761565604,-563.4469720902155
33689.0,454.867981,-729.086182,28.27425776975642,-558.5529304330713
33699.0,450.885895,-725.787781,28.174062712483988,-553.124599111123
33708.0,446.944611,-722.52124,28.086383879648857,-548.1959592649268
33717.0,443.24292,-719.451782,28.003063996195788,-543.3189584682093
33726.0,439.422852,-716.282043,27.921811606392733,-538.3902084887125
33735.0,435.604553,-713.110168,27.843838573077186,-533.4958813488935
33744.0,431.78833,-709.935791,27.768303964778237,-528.5670404269131
33754.0,427.5448,-706.412659,27.686946191147797,-523.1211564411691
33763.0,423.842316,-703.344116,27.61372808823914,-518.2267558593921
33772.0,420.021393,-700.175415,27.53965310397536,-513.2978927848135
33781.0,416.322357,-697.102722,27.46907757263149,-508.4206909160636
33790.0,412.625214,-694.027771,27.40194387878666,-503.49172841079036
33799.0,408.802734,-690.860962,27.336192077333816,-498.5972218323804
33809.0,404.684174,-687.457153,27.25824905172689,-493.13405041072514
33818.0,400.97467,-684.397095,27.183262549146733,-488.2569143660205
33827.0,397.26355,-681.338989,27.104031575592135,-483.3281314773077
33836.0,393.550598,-678.283142,27.02338731531027,-478.451085703743
33845.0,389.717987,-675.128601,26.940854642789986,-473.53959515444757
33855.0,385.460724,-671.62207,26.84968180114147,-468.12834297392595
33864.0,381.748627,-668.565186,26.768447588729558,-463.2685451235534
33873.0,378.037445,-665.507202,26.68654942560173,-458.3398058322016
33882.0,374.205933,-662.351318,26.605225388413146,-453.42829512175183
33891.0,370.493622,-659.294678,26.523846958071438,-448.4823091475847
33900.0,366.661438,-656.139587,26.444169818956375,-443.6397235770581
33910.0,362.406586,-652.630127,26.35665458078149,-438.2456490011775
33919.0,358.578094,-649.470581,26.281136824997073,-433.4202346174647
33928.0,354.87442,-646.403503,26.208662174051412,-428.5602982424982
33937.0,351.174072,-643.332397,26.141304466796793,-423.66581350099926
33947.0,347.066315,-639.915527,26.074337542731733,-418.3059188286339
33956.0,343.490784,-636.936951,26.018476668138433,-413.4457631000135
33965.0,339.677216,-633.759399,25.966095024853015,-408.6028053655482
33975.0,335.440857,-630.227661,25.908757550848502,-403.17385220637817
33984.0,331.629974,-627.046875,25.859047389862894,-398.3136296761182
33993.0,327.936676,-623.967285,25.812528015725558,-393.5223216939514
34002.0,324.123596,-620.789124,25.765520830930885,-388.6275992023176
34012.0,319.887939,-617.256531,25.71403538265491,-383.23306041798304
34021.0,316.075195,-614.078003,25.669295740728117,-378.3210802243821
34030.0,312.263702,-610.897949,25.625394643814285,-373.46080175114196
34039.0,308.44989,-607.720642,25.581083292024495,-368.5832905540017
34048.0,304.755005,-604.642944,25.537182430643476,-363.7057756448977
34058.0,300.649841,-601.222961,25.488611015737543,-358.29397340665315
34067.0,296.83493,-598.046997,25.444864413682666,-353.36474785429226
34076.0,293.139618,-594.969849,25.40195079066409,-348.48722415931286
34085.0,289.564697,-591.990479,25.359990947530335,-343.5924557973684
34095.0,285.461243,-588.568481,25.315723318106564,-338.19785295526236
34104.0,281.768768,-585.487915,25.27726280718795,-333.285819583329
34113.0,277.958557,-582.306335,25.241039998199103,-328.42547782046285
34122.0,274.268585,-579.222778,25.20709531741658,-323.5651196132523
34131.0,270.460205,-576.039001,25.17506633825389,-318.7047484043583
34141.0,266.360809,-572.612122,25.14044060123037,-313.29283897176526
34150.0,262.671112,-569.528198,25.1095506389891,-308.39798823290454
34159.0,258.857819,-566.350342,25.077882906801758,-303.5548507571448
34168.0,255.043243,-563.174011,25.04285287929011,-298.62555555312105
34178.0,250.671341,-559.535706,25.001868225142385,-293.2136905412846
34187.0,246.973236,-556.461914,24.963791863499285,-288.3533629459022
34196.0,243.153152,-553.292175,24.923756031339597,-283.45857846876004
34205.0,239.332169,-550.123535,24.881455464055968,-278.5810494184997
34214.0,235.629517,-547.055176,24.837369901292096,-273.6690633109213
34224.0,231.375885,-543.54425,24.78577523616913,-268.2745255700574
34233.0,227.543686,-540.38916,24.733840906953247,-263.36261617723096
34242.0,223.830353,-537.333801,24.6787431513357,-258.4852149007875
34251.0,220.116928,-534.278503,24.622715344842057,-253.60782421938202
34260.0,216.404434,-531.222107,24.567335941306673,-248.74766298075875
34270.0,212.279358,-527.826233,24.50640449103747,-243.3359857909605
34279.0,208.564728,-524.7724,24.451874852568682,-238.4241045244379
34288.0,204.729843,-521.620605,24.39771749274819,-233.546692715445
34297.0,200.896561,-518.466858,24.344045997397902,-228.63480199714982
34306.0,197.186249,-515.407776,24.294086817640064,-223.75734537976368
34316.0,193.067352,-512.004395,24.243813613486612,-218.3110857386469
34325.0,189.362167,-508.939148,24.203466716182103,-213.43354013639942
34334.0,185.537888,-505.774475,24.166206144424166,-208.5559699806811
34343.0,181.714996,-502.608124,24.1307171326629,-203.6611504257295
34353.0,177.600983,-499.198822,24.093185756420546,-198.24926036364846
34362.0,173.89682,-496.132324,24.05987634200183,-193.35442549121368
34371.0,170.072906,-492.967224,24.026310109812748,-188.47682851296526
34380.0,166.369232,-489.900146,23.99260438116485,-183.5819963534986
34389.0,162.542328,-486.738647,23.958830546519884,-178.72163695610365
34399.0,158.424606,-483.333801,23.919944399094874,-173.3097564589204
34408.0,154.717911,-480.270355,23.8845959699804,-168.43217207085644
34417.0,151.00827,-477.21048,23.848616492927327,-163.57182850059488
34426.0,147.297104,-474.152466,23.809800154949823,-158.65979792762474
34436.0,143.040192,-470.645508,23.764860686978242,-153.2479643111475
34445.0,139.448822,-467.686035,23.723869489448997,-148.37042408108414
34454.0,135.619202,-464.527832,23.684327883090518,-143.5101081854742
34463.0,131.792053,-461.366638,23.647763629753403,-138.6325327601728
34472.0,127.966515,-458.203491,23.61482341287983,-133.77216764159743
34482.0,123.849213,-454.798157,23.581212318926802,-128.36025181237233
34491.0,120.146477,-451.729919,23.5533845677499,-123.44814669601783
34500.0,116.444649,-448.660583,23.529006834669485,-118.60496703999637
34509.0,112.624016,-445.491516,23.506683891966645,-113.69283382273562
34519.0,108.510895,-442.081146,23.483335136133302,-108.33257167398109
34528.0,104.808243,-439.012817,23.461820536919905,-103.43767074878217
34537.0,100.985909,-435.845795,23.439566898712364,-98.57724495268427
34546.0,97.281693,-432.779358,23.416268090604678,-93.75129591943839
34556.0,93.163628,-429.374939,23.38762205093676,-88.32211555820534
34565.0,89.455307,-426.313477,23.358993046842702,-83.47895916650221
34574.0,85.744926,-423.254517,23.32676817958562,-78.58411703386679
34583.0,82.031929,-420.1987,23.29148896804029,-73.7410045190058
34593.0,77.769417,-416.698547,23.247806496319157,-68.29468802846125
34602.0,73.810066,-413.453888,23.204866866438177,-63.4171645623658
34611.0,69.967644,-410.311279,23.158459918015147,-58.55690936958781
34620.0,66.124603,-407.169434,23.108576702252915,-53.64497871834314
34629.0,62.400936,-404.126648,23.058079560491908,-48.78476430101277
34639.0,58.262714,-400.746765,23.00122724659222,-43.338569364369626
34648.0,54.416355,-397.608978,22.949528959691417,-38.478367575258034
34657.0,50.688721,-394.571045,22.89637548010013,-33.56647122400074
34666.0,46.83947,-391.436798,22.843393175931773,-28.706283262697497
34675.0,43.110893,-388.400024,22.79020741299594,-23.82886076215661
34685.0,38.834209,-384.917206,22.731956647752735,-18.41715405386548
34694.0,35.105827,-381.880188,22.680209798086985,-13.522479375291027
34703.0,31.371273,-378.850769,22.627519181471552,-8.627814765288282
34712.0,27.512774,-375.727905,22.57089387231179,-3.750430984152266
34721.0,23.772932,-372.705017,22.509420839327326,1.1613682914801435
34731.0,19.616924,-369.347015,22.438867896368034,6.572928596095972
34740.0,15.876265,-366.325134,22.373763610437845,11.484681082714689
34749.0,12.014527,-363.206299,22.308486303872378,16.37919401239174
34758.0,8.274046,-360.184204,22.243730830072238,21.239239369419277
34768.0,4.119211,-356.824768,22.1732417249056,26.63356330603326
34777.0,0.380067,-353.801025,22.1115928759318,31.459174803595136
34786.0,-3.357005,-350.774719,22.050319904792346,36.35373950012335
34795.0,-7.094268,-347.748657,21.991339033138637,41.17938434436543
34805.0,-10.980335,-344.605072,21.926050827773803,46.53929972784023
34814.0,-14.720517,-341.582611,21.865641471406878,51.34768981270728
34823.0,-18.464634,-338.565033,21.802312429710415,56.15604233004908
34833.0,-22.624399,-335.2117,21.7282450787864,61.53308095874169
34842.0,-26.370132,-332.196106,21.661401973858737,66.32414850486008
34851.0,-30.236778,-329.083344,21.59298068580994,71.21861849382415
34861.0,-34.4002,-325.734558,21.51655918936055,76.59562417931546
34870.0,-38.028194,-322.820099,21.445469301287474,81.47281857793644
34879.0,-41.778095,-319.809692,21.372181845586955,86.33274276382545
34888.0,-45.528988,-316.800537,21.296915366187804,91.17539889568627
34898.0,-49.696819,-313.457245,21.211606596672272,96.56950881864454
34907.0,-53.569366,-310.351837,21.134462377865763,101.41213540179908
34916.0,-57.200424,-307.441193,21.056663004705587,106.25475150385654
34926.0,-61.505497,-303.99353,20.96870561773922,111.63158085627265
34935.0,-65.138916,-301.085846,20.88760471622084,116.4741427916647
34944.0,-69.015884,-297.985962,20.804895681391745,121.29943927183447
34953.0,-72.653404,-295.083405,20.72032818400136,126.1419419091859
34963.0,-76.830208,-291.751312,20.6237850416321,131.51862395377316
34972.0,-80.709961,-288.654907,20.53566850358023,136.3610633111727
34981.0,-84.465721,-285.651825,20.449723728410486,141.2552569568256
34990.0,-88.218079,-282.64447,20.370139475759782,146.09784405476205
35000.0,-92.522682,-279.196228,20.286431097044506,151.52645464106135
35009.0,-96.272316,-276.185486,20.215523781715255,156.36917656235758
35018.0,-100.01857,-273.170532,20.14917370893948,161.22920041122856
35028.0,-104.312622,-269.709167,20.081453048027026,166.60632271772403
35037.0,-108.057762,-266.692841,20.02332425444664,171.44921488023675
35046.0,-111.924332,-263.579987,19.964556348328056,176.36104726653596
35055.0,-115.54982,-260.662415,19.90645196506061,181.1694657569785
35065.0,-119.714676,-257.315399,19.839519335903454,186.58107205006456
35074.0,-123.466537,-254.307449,19.776866451025338,191.38943342526983
35083.0,-127.22171,-251.303619,19.708652558213075,196.2494314714232
35092.0,-130.98024,-248.304001,19.635627832041028,201.0748842268974
35102.0,-135.025391,-245.083267,19.54863180712136,206.43449122362932
35111.0,-138.909836,-241.992752,19.464939347374056,211.32872390278442
35120.0,-142.672546,-238.998383,19.380614331127177,216.17123076865516
35129.0,-146.433823,-236.002213,19.2959886115118,221.06544739985083
35139.0,-150.612396,-232.672333,19.205407937398807,226.44223319885776
35148.0,-154.370651,-229.672363,19.126311852926726,231.31930432644887
35157.0,-158.124954,-226.66745,19.052242183177565,236.16197891167485
35167.0,-162.293777,-223.325394,18.97692610232921,241.55623761283476
35176.0,-166.043228,-220.314438,18.91481470324229,246.46802885757992
35185.0,-169.910629,-217.202621,18.858324447147094,251.3454142047847
35194.0,-173.53476,-214.283356,18.806814643573773,256.18838129062226
35204.0,-177.829178,-210.822433,18.752892676107763,261.5828962705346
35213.0,-181.453369,-207.903244,18.705098164489847,266.4431380164163
35222.0,-185.203583,-204.893234,18.654958270697016,271.3033561323862
35231.0,-188.958817,-201.889496,18.598879945427445,276.1635093568419
35241.0,-193.27037,-198.449936,18.52782769011541,281.5578259052221
35250.0,-197.03186,-195.454025,18.457678702032588,286.400558870588
35259.0,-200.91777,-192.365356,18.382369910740206,291.2949277299453
35268.0,-204.80629,-189.279968,18.304075295418542,296.1375358503265
35278.0,-208.99231,-185.959457,18.214251308184643,301.5488105891965
35287.0,-212.880478,-182.873627,18.13426981608303,306.391391142506
35296.0,-216.644669,-179.881104,18.056908019701684,311.2512521792243
35305.0,-220.526749,-176.787613,17.98435054018975,316.11118731829293
35314.0,-224.403778,-173.68779,17.91761900212899,321.02291796641276
35324.0,-228.574768,-170.348434,17.85236967027821,326.4345448172726
35333.0,-232.326141,-167.339859,17.80040571977271,331.26027032270633
35342.0,-236.072754,-164.325363,17.753398492263532,336.15499281392994
35352.0,-240.36734,-160.864639,17.708722848421647,341.5495922924752
35361.0,-243.989441,-157.942856,17.67373230856616,346.4099430828887
35370.0,-247.851883,-154.82489,17.64154283204391,351.2703132314873
35379.0,-251.596069,-151.807373,17.61064582702574,356.09621960034974
35388.0,-255.461258,-148.69281,17.579170898641525,361.00830270090603
35398.0,-259.485687,-145.446213,17.54566506424294,366.38574705170936
35407.0,-263.344421,-142.323654,17.518255944512344,371.29785452183285
35416.0,-267.076721,-139.291458,17.497337400094324,376.1238144595494
35425.0,-270.800568,-136.248886,17.485969999280854,381.0187494670574
35435.0,-275.056091,-132.740265,17.490899266977408,386.4307674225463
35444.0,-278.866486,-129.558914,17.518613742940612,391.3256371709002
35453.0,-282.657379,-126.35434,17.576292355497237,396.27195629558645
35462.0,-286.303497,-123.219055,17.668205111300406,401.14880271714276
35471.0,-290.036346,-119.94706,17.80313615568594,406.05913312060324
35480.0,-293.732422,-116.633568,17.988968612966065,411.00229668287835
35490.0,-297.792633,-112.900665,18.259352991690967,416.47658651357636
35499.0,-301.290894,-109.601196,18.567177096138437,421.4136548771237
35508.0,-304.849945,-106.140938,18.94321931533875,426.3459963043732
35517.0,-308.347382,-102.618431,19.398834578212657,431.28893368746395
35526.0,-311.773682,-99.026688,19.94895013376196,436.2569314340565
35535.0,-315.224091,-95.245277,20.60634517281952,441.2466459103416
35544.0,-318.48172,-91.499878,21.36771479435519,446.16924087810514
35553.0,-321.745972,-87.556664,22.249516485684694,451.08920576738785
35562.0,-324.890747,-83.517517,23.264555697327644,456.00102030905646
35571.0,-327.818115,-79.50869,24.40186180251903,460.7797320476929
35580.0,-330.520996,-75.531425,25.696598696328973,465.53607882721246
35589.0,-333.012054,-71.600655,27.13883411577441,470.21373581980924
35598.0,-335.436646,-67.447876,28.746888769533605,474.8552561836998
35608.0,-337.930115,-62.722301,30.71509873381467,479.8966956789947
35617.0,-340.065765,-58.241318,32.662335113278345,484.3312479604391
35626.0,-342.010132,-53.67408,34.74788154273766,488.5875905652416
35636.0,-343.856201,-48.660053,37.29323304306992,493.2265325718621
35645.0,-345.274048,-44.227654,39.75742906525743,497.255254768873
35655.0,-346.619537,-39.235062,42.668692339365876,501.549370531112
35665.0,-347.647522,-34.343548,45.783873474637225,505.6763538309244
35674.0,-348.387848,-29.906357,48.769963446964994,509.2456262853288
35684.0,-348.953888,-24.766714,52.31643761814723,513.079197224194
35694.0,-349.239441,-19.776514,56.01275385064753,516.6702480097705
35703.0,-349.297028,-15.123223,59.49687312739037,519.7292071537489
35713.0,-349.115234,-9.610786,63.55118187840891,522.966098344712
35723.0,-348.718842,-4.282433,67.7477706321788,526.0162666781736
35732.0,-348.208344,0.34313,71.63200468348916,528.6104679328398
35742.0,-347.452179,5.458262,76.09402188620577,531.3571876972227
35751.0,-346.597809,10.190523,80.2603254783772,533.7237697494743
35761.0,-345.516663,15.246953,84.96007057813166,536.1923101185085
35770.0,-344.372772,19.91769,89.27062990096631,538.2846472224353
35779.0,-343.107239,24.556946,93.68697927759163,540.2728226769542
35788.0,-341.722565,29.162043,98.1718424583809,542.1463851641302
35798.0,-340.049164,34.236313,103.1885019078807,544.0831759000306
35807.0,-338.394806,38.916412,107.76565328415025,545.7183882478623
35816.0,-336.70639,43.419022,112.39337664647667,547.2598990184716
35826.0,-334.732086,48.383961,117.5456346218639,548.8592542642292
35835.0,-332.831146,52.969448,122.18031350977313,550.2046458473565
35844.0,-330.930511,57.386673,126.88510776712657,551.4918870718751
35853.0,-328.966797,61.776211,131.54145478781155,552.6930102635347
35863.0,-326.641479,66.777504,136.78467529280445,553.9627890565123
35872.0,-324.56073,71.112793,141.5408165620761,555.0450086279751
35881.0,-322.430206,75.423836,146.29294252261332,556.0655638684889
35890.0,-320.25705,79.713554,151.03945638536388,557.0286784022215
35900.0,-317.709991,84.605637,156.37193112586533,558.049233708073
35909.0,-315.448425,88.849396,161.1211781350302,558.9065433090456
35918.0,-313.220978,92.935333,165.912438661472,559.7238906718677
35927.0,-310.883331,97.137665,170.71107326660635,560.4967684566171
35937.0,-308.158783,101.933159,176.04477677635967,561.3062783806569
35946.0,-305.674805,106.230835,180.83915203667692,561.9925358524765
35955.0,-303.240692,110.378036,185.6384849365758,562.6432179333107
35965.0,-300.506134,114.968323,190.97229862770038,563.3276606959266
35974.0,-298.017181,119.082855,195.7973948454678,563.91304999634
35983.0,-295.428314,123.318184,200.6089608043756,564.4660567571034
35992.0,-292.817444,127.539978,205.474965902545,564.9975756468127
36002.0,-289.979736,132.067215,210.8410837047696,565.5529846670148
36011.0,-287.407562,136.130234,215.64417333081968,566.0227260321417
36020.0,-284.815613,140.180679,220.5182082207131,566.4747236400937
36029.0,-282.210419,144.22261,225.34273350048687,566.900093219629
36039.0,-279.295563,148.700562,230.73585741173915,567.351952850635
36048.0,-276.660034,152.722778,235.56380096602683,567.7365883806464
36057.0,-274.013397,156.737701,240.42741672446107,568.1071564964792
36066.0,-271.354523,160.744522,245.27500753767916,568.4608476772509
36076.0,-268.386932,165.187714,250.6223338886811,568.8337502967772
36085.0,-265.621094,169.309662,255.48917126643616,569.1592851069164
36094.0,-262.935364,173.298523,260.28791247200263,569.4696837869762
36104.0,-259.939178,177.722473,265.68940816524906,569.8070366053356
36113.0,-257.152313,181.830231,270.5238884288339,570.0982135882491
36122.0,-254.357803,185.932785,275.37609508059563,570.3816298057659
36131.0,-251.554077,190.029037,280.2288499740331,570.655498547996
36141.0,-248.52536,194.430786,285.5813284546882,570.9452045746738
36150.0,-245.792542,198.387543,290.43526895472866,571.1971882364843
36159.0,-243.053055,202.339691,295.27244135662465,571.4395652335486
36168.0,-240.306274,206.286774,300.1444560316044,571.6752599109248
36178.0,-237.145981,210.807007,305.53344249359463,571.9253086252982
36187.0,-234.296021,214.871231,310.337433440902,572.1396342577793
36196.0,-231.528122,218.803528,315.19341214492766,572.3486915939363
36206.0,-228.446198,223.168182,320.54914147210826,572.5703193037278
36215.0,-225.666412,227.092102,325.371329990388,572.7622171936389
36224.0,-222.880585,231.011719,330.19380032071444,572.9468975095972
36234.0,-219.783493,235.365631,335.5504608857055,573.144743558937
36243.0,-216.903732,239.408798,340.40781801726274,573.3188580048102
36252.0,-214.020157,243.449249,345.2136886768189,573.4858062068577
36261.0,-211.131424,247.486008,350.1059093944732,573.6491904021835
36271.0,-207.913559,251.965439,355.4807484130391,573.8198828490783
36280.0,-205.012375,255.993256,360.3217938482945,573.9656996799431
36289.0,-202.197083,259.891785,365.16303286887336,574.104941196722
36299.0,-199.065216,264.220734,370.53853859788103,574.2531590914964
36308.0,-196.151657,268.239624,375.4317577129426,574.3832538165572
36317.0,-193.417191,272.005127,380.2217081080895,574.5064262331618
36326.0,-190.49736,276.01944,385.097908735023,574.6278610717367
36336.0,-187.353287,280.339539,390.4566377142462,574.7581653118935
36345.0,-184.520874,284.225647,395.2985123420345,574.8732024500297
36354.0,-181.68605,288.109985,400.10599594725437,574.9844044468249
36364.0,-178.535431,292.425323,405.46494787061613,575.1051924878994
36373.0,-175.610718,296.436096,410.3069941834578,575.2127608785486
36382.0,-172.777206,300.321381,415.1145801489172,575.3194458507899
36392.0,-169.627304,304.637238,420.5080653376481,575.4378391192402
36401.0,-166.699905,308.646057,425.31572446199016,575.5411747020758
36410.0,-163.952744,312.402313,430.15790151582263,575.6426874289065
36420.0,-160.698959,316.855713,435.51709185157034,575.7523889010843
36429.0,-157.864349,320.740204,440.3421015641625,575.8504102220944
36438.0,-155.030426,324.625183,445.184327251958,575.9495759562138
36447.0,-152.105392,328.635712,450.0437712313876,576.0497675453673
36457.0,-149.05899,332.813721,455.4546485972292,576.1609825625075
36466.0,-146.13501,336.825012,460.29688050795886,576.2598439659055
36475.0,-143.300842,340.709808,465.1735981193012,576.358354439385
36484.0,-140.465103,344.593475,469.9986505918806,576.4542478322794
36494.0,-137.318741,348.911926,475.3751544127816,576.560252788589
36503.0,-134.399597,352.926758,480.21742945231927,576.6569786684815
36512.0,-131.571152,356.815735,485.02520334281945,576.7548291483432
36522.0,-128.425827,361.134918,490.41888039437697,576.8641329020562
36531.0,-125.594696,365.021942,495.2094745857197,576.9590198137897
36540.0,-122.671844,369.034058,500.0517959390464,577.05339865404
36550.0,-119.538055,373.361633,505.39380959337814,577.1600045006873
36559.0,-116.632423,377.386261,510.21869748505765,577.2638492824802
36568.0,-113.80632,381.276947,515.0607661510315,577.3704067240958
36578.0,-110.53215,385.715393,520.4373794172602,577.4707071345582
36587.0,-107.549187,389.683044,525.3836895120941,577.5291549859103
36596.0,-104.52343,393.618134,530.2786198848506,577.5423682882076
36605.0,-101.54982,397.397278,535.1734097755296,577.5029998791157
36614.0,-98.43454,401.261902,540.0501577928844,577.4060063259689
36623.0,-95.363205,404.962067,544.9596971146848,577.2448396247452
36633.0,-91.764374,409.141602,550.4515565906847,576.9808883703153
36642.0,-88.462463,412.848022,555.4050162170772,576.6592473115942
36651.0,-84.984436,416.604034,560.3004961192469,576.2544911068178
36660.0,-81.541191,420.179535,565.1357953170569,575.7604103326069
36669.0,-78.010284,423.668488,570.0961994107246,575.1455770526885
36678.0,-74.395187,427.070129,574.9551595449699,574.424426949241
36687.0,-70.689682,430.373077,579.8109885652171,573.5758382164835
36697.0,-66.192802,434.130676,585.180711691559,572.4771888596955
36706.0,-62.409622,437.099152,589.9269248234591,571.352226691129
36715.0,-58.28722,440.133972,594.6359253355328,570.0804589641237
36724.0,-54.325794,442.860016,599.202773481598,568.6884028885602
36734.0,-49.798203,445.697144,604.2705970789838,566.9419437697861
36743.0,-45.895702,447.934814,608.7520850058796,565.1982320792717
36752.0,-41.633797,450.162018,613.1458694013819,563.2868307823118
36762.0,-36.636375,452.495636,617.9043547677753,560.9726539915606
36771.0,-32.19735,454.344788,622.0728081835418,558.7165617063388
36781.0,-27.17551,456.169525,626.6101472415547,555.9942186945817
36790.0,-22.886038,457.524933,630.4883761661696,553.4221029147448
36800.0,-17.886805,458.845551,634.7468136144089,550.310478984018
36809.0,-13.339763,459.835938,638.387120340435,547.3838219737894
36819.0,-8.235743,460.663788,642.2940048353422,543.9182774662656
36829.0,-2.923279,461.234924,645.9745215666532,540.2864540601759
36838.0,1.567281,461.502533,649.1027993808624,536.864437681451
36848.0,6.910316,461.523895,652.4003307229068,532.8592946029934
36858.0,12.074322,461.260498,655.4301847996284,528.7332461692624
36868.0,17.384653,460.669861,658.2300132473528,524.4272028563988
36877.0,21.670961,459.967926,660.4946821484591,520.4805713718342
36887.0,26.546642,458.86731,662.7818264553795,515.920187668818
36897.0,31.512802,457.427307,664.7652650565182,511.2946725507215
36907.0,36.221088,455.749329,666.4641372701557,506.55724160199446
36917.0,40.978004,453.722473,667.8498271472412,501.7906832203633
36927.0,45.448032,451.48584,668.9307503383293,496.9812359167527
36938.0,50.185696,448.69574,669.7666540187496,491.6690522392068
36948.0,54.320694,445.887634,670.2035132057237,486.81094221319023
36958.0,58.128101,442.92218,670.3194215433522,482.0035697753763
36968.0,61.729195,439.70932,670.1137603648747,477.1301949227928
36979.0,65.277435,436.019562,669.5132650302387,471.83831497276776
36989.0,68.370628,432.315186,668.6134916367755,467.0618474512407
36999.0,71.195419,428.402283,667.3924442890856,462.41068545951765
37010.0,73.96283,423.87207,665.6901343975863,457.4552633771181
37020.0,76.280296,419.44342,663.7857160634585,453.00215499499075
37030.0,78.292564,414.868011,661.5729031208587,448.6746045302532
37041.0,79.994827,410.040314,658.8309135579673,444.1491111385856
37051.0,81.303108,405.39502,656.070796477666,440.2535141612581
37062.0,82.439148,399.821838,652.702816585919,436.1501000942883
37072.0,83.09333,395.040375,649.4076982491956,432.6714521702904
37083.0,83.45639,389.554169,645.5246765063201,429.10232971075015
37093.0,83.508354,384.556091,641.7813434952535,426.08376673031677
37103.0,83.314499,379.733978,637.8459831315225,423.2606616557675
37113.0,82.87606,374.754883,633.6548880356889,420.56875771711583
37123.0,82.260963,369.968231,629.3132066333712,418.0575768606882
37133.0,81.444893,365.036926,624.8563358279698,415.71968862208774
37143.0,80.403328,359.796356,620.2239940159083,413.50102738494326
37153.0,79.247818,354.756409,615.5056052525039,411.42853928785405
37162.0,78.131798,350.398529,611.1606605016115,409.66788068772155
37172.0,76.628777,345.091827,606.2051693950174,407.81269738316684
37181.0,75.223251,340.493042,601.7590224063385,406.2725207796327
37191.0,73.560196,335.415375,596.7388859636858,404.6555102404122
37200.0,71.994339,330.868683,592.1836417769481,403.28460086284315
37210.0,70.174225,325.845184,587.0916408995752,401.8458082211241
37219.0,68.424042,321.200073,582.4609934155163,400.61458926798883
37228.0,66.672073,316.721802,577.8138544384503,399.44715808801334
37238.0,64.660896,311.771698,572.6147449474879,398.21519413132035
37247.0,62.804939,307.33551,567.9220573989907,397.16498078598124
37256.0,60.90345,302.918671,563.2013388360391,396.16241250631856
37266.0,58.600193,297.718109,557.9460848497274,395.1063533189979
37275.0,56.545601,293.199371,553.1541595089506,394.1955676677348
37284.0,54.451046,288.699036,548.3531349197092,393.3340330673491
37294.0,52.08149,283.718536,543.0508927953175,392.4372282718379
37303.0,49.9855,279.390594,538.2350097896763,391.6630513862995
37312.0,47.862404,275.075897,533.4479219410833,390.92767843042986
37321.0,45.710815,270.77533,528.6219081121701,390.21939212019595
37330.0,43.532257,266.488342,523.7913367348506,389.5428870257709
37340.0,40.997635,261.589813,518.4265457932794,388.8294581214992
37349.0,38.831558,257.471008,513.6211823380731,388.2249206803608
37358.0,36.492977,253.092514,508.7777137145604,387.64795389867095
37368.0,33.942322,248.397552,503.4337111263212,387.0482316931303
37377.0,31.623838,244.184616,498.60007914019064,386.538098410147
37386.0,29.294691,239.977554,493.8325869030747,386.0587092141704
37395.0,26.960009,235.77356,488.9951169834159,385.5863545591189
37405.0,24.281822,230.952011,483.65951574696874,385.07223889762537
37414.0,22.026932,226.881149,478.8729093847883,384.6110837913076
37423.0,19.710127,222.667282,474.0697512578472,384.14204337345296
37433.0,17.153322,217.975662,468.70191342072707,383.6035116645859
37442.0,14.797188,213.606583,463.8845577807675,383.10344357670164
37451.0,12.466485,209.223892,459.069418292204,382.58246837571176
37460.0,10.234661,204.964401,454.2058187498027,382.02937034038496
37470.0,7.71512,200.05809,448.8328205099172,381.3806388378339
37479.0,5.487057,195.62233,443.97785182420245,380.75630158421416
37488.0,3.374979,191.302216,439.09432029383737,380.0852590347932
37497.0,1.183727,186.675903,434.18407899498055,379.3574227702692
37506.0,-0.879688,182.161194,429.31713422401157,378.57510128419284
37515.0,-2.944994,177.47731,424.4102128958918,377.71851036847414
37524.0,-4.814557,173.046844,419.56710483995874,376.8000972425906
37533.0,-6.664779,168.440659,414.68860651567894,375.79417526883543
37542.0,-8.485109,163.656235,409.8281119706173,374.70458007121664
37551.0,-10.214033,158.838028,404.97152017448667,373.52257124706887
37560.0,-11.856187,153.989563,400.1211993612703,372.24561600047616
37569.0,-13.396755,149.107864,395.31318661681695,370.87936485821007
37578.0,-14.828459,144.193146,390.4852112627384,369.3981967337313
37587.0,-16.100672,139.39505,385.7405869375377,367.82588355014366
37596.0,-17.281803,134.414169,380.9868211369776,366.1215022119488
37605.0,-18.270765,129.708191,376.3114311534789,364.30575024785225
37614.0,-19.164293,124.825386,371.75080963237855,362.38999163913894
37623.0,-19.909531,119.917755,367.18309215823535,360.31823302160484
37632.0,-20.513378,114.99073,362.7238133063789,358.13762591295256
37641.0,-20.987587,109.89373,358.31439228243534,355.82059523752133
37650.0,-21.294365,105.094757,354.0342401326992,353.4102324779018
37660.0,-21.421385,99.753189,349.41526682172804,350.58976297783795
37669.0,-21.391045,94.944519,345.2623725461559,347.8392913722458
37678.0,-21.213324,89.98381,341.19691229409,344.9611569319952
37687.0,-20.890244,85.030441,337.2323211622032,341.9741463197134
37696.0,-20.405907,79.934395,333.3167105517453,338.8397851024652
37705.0,-19.830938,75.316406,329.57508183598463,335.65705583165334
37714.0,-19.05805,70.256081,325.93117615630075,332.36289395715187
37723.0,-18.199343,65.682343,322.376883797594,328.94731433722234
37732.0,-17.157612,60.987766,318.97114540760236,325.4554631099936
37742.0,-15.76783,55.650303,315.2826917878829,321.4012965177183
37751.0,-14.355577,50.891548,312.10385039334585,317.65636414900126
37760.0,-12.74808,46.031483,309.0720776442455,313.83531285754515
37769.0,-11.025807,41.37595,306.1467631961347,309.88916455349454
37778.0,-9.142722,36.783108,303.35647740239415,305.84641100583656
37788.0,-6.857122,31.76354,300.437628427462,301.2685140375852
37797.0,-4.644395,27.320112,297.9403345845159,297.01849029962534
37806.0,-2.353902,23.091885,295.6003527714046,292.699458443735
37815.0,0.14167,18.800924,293.42331895726,288.3345297219576
37824.0,2.684975,14.719765,291.3964675648577,283.9168258413349
37833.0,5.547589,10.475978,289.5080897058564,279.41948128751653
37843.0,8.706513,6.166723,287.627538592773,274.436699377427
37852.0,11.97099,2.024298,286.0717973846897,269.7955586513808
37861.0,15.079978,-1.644279,284.69401172940815,265.1524249959202
37871.0,18.789293,-5.726068,283.362395708734,259.97794207845976
37880.0,22.13912,-9.17613,282.33589509005355,255.29765440439593
37889.0,25.499207,-12.395798,281.4684545794374,250.58529372287737
37899.0,29.498491,-15.938989,280.695825838329,245.2983740603536
37908.0,32.970413,-18.799496,280.1813920833895,240.534535886784
37918.0,37.227104,-22.028902,279.80855584217795,235.22176060547991
37927.0,41.28656,-24.885654,279.65493763195303,230.44993458683456
37936.0,45.184322,-27.428072,279.67177142024235,225.6584303495671
37946.0,49.909573,-30.27272,279.884705114556,220.38859617488706
37955.0,53.975193,-32.537045,280.24630743613983,215.67986934723203
37965.0,58.732586,-34.969265,280.839708178867,210.45656977012868
37974.0,62.952412,-36.931282,281.5489819985999,205.7701119470501
37984.0,67.726219,-38.918022,282.53755867864913,200.5894547363768
37993.0,72.22937,-40.604996,283.6209934382942,195.9043257498731
38003.0,77.304977,-42.274326,285.01758606577727,190.76485913501352
38012.0,82.07502,-43.647972,286.4562808494179,186.17634937495967
38021.0,86.892143,-44.846119,288.0757986718956,181.61190576406386
38031.0,91.774063,-45.918724,289.95999365429435,176.87081539710007
38041.0,96.683167,-46.859104,292.01239001689396,172.10609576196205
38050.0,101.437195,-47.582645,293.99090027292135,167.8369197077561
38060.0,106.407433,-48.112137,296.3400713698907,163.25000412183553
38070.0,111.223854,-48.416134,298.8959194696358,158.75511979034152
38079.0,115.876099,-48.530499,301.3885360886917,154.76422648114578
38089.0,121.046074,-48.442616,304.30276188209166,150.49296991105268
38098.0,125.84832,-48.192173,307.10461932499226,146.71276331820098
38108.0,131.340683,-47.688141,310.41240778377073,142.58273514480993
38117.0,136.111008,-47.081245,313.51024499824564,138.99534600066877
38127.0,141.3815,-46.203575,317.10243498931555,135.13365413635654
38136.0,146.095078,-45.251476,320.47946661055477,131.75880902348334
38146.0,151.287827,-43.992947,324.38116211890815,128.1337076162769
38155.0,156.072906,-42.672649,328.00727273937315,125.00159682636281
38165.0,161.332733,-41.013046,332.1328115001948,121.68821077369856
38174.0,165.859909,-39.391659,335.93658884693554,118.86027262456776
38183.0,170.470016,-37.55125,339.8561184981968,116.16454833688586
38193.0,175.200562,-35.463593,344.30953528612275,113.33902680982975
38202.0,179.539963,-33.391441,348.4107616773906,110.92871890213777
38212.0,184.589005,-30.772648,353.11664360045063,108.36208086884456
38221.0,188.796616,-28.444502,357.4385258479038,106.1761446178254
38230.0,192.949402,-26.019909,361.7549923567128,104.13603702628427
38240.0,197.482834,-23.192118,366.65965425375316,101.97334260878327
38249.0,201.499268,-20.547779,371.14134537128365,100.1371976849228
38258.0,205.457275,-17.816763,375.66590181717345,98.40937465511689
38268.0,209.789505,-14.689417,380.74809565109166,96.59967708879327
38277.0,213.517899,-11.904545,385.34229507149405,95.06660333324695
38286.0,217.453705,-8.879711,390.00995731127693,93.59234176865498
38295.0,221.237686,-5.912259,394.63081487462136,92.20022026344655
38305.0,225.414917,-2.580718,399.84560026339534,90.68931545526786
38314.0,229.281387,0.532256,404.5076773366232,89.37705754706012
38323.0,233.016663,3.560791,409.20931328247616,88.07832801140242
38332.0,236.745743,6.596951,413.865261617534,86.80849652366342
38342.0,241.01712,10.086279,419.07314066419906,85.40076953224047
38351.0,244.736923,13.133798,423.75061432115024,84.14449581887291
38360.0,248.575882,16.280642,428.41272387650497,82.89747480868442
38370.0,252.576019,19.557108,433.60805722061605,81.50947559020727
38379.0,256.298889,22.600885,438.25335750110617,80.26631437674257
38388.0,260.025909,25.639584,442.9640230367494,79.00072787814621
38397.0,263.8797,28.76824,447.6227615089271,77.74117130782776
38407.0,268.041809,32.118668,452.8266110252552,76.31862090152028
38416.0,271.925903,35.209629,457.54266439385094,75.00737776232558
38425.0,275.828796,38.276833,462.20155318911753,73.68384512288118
38434.0,279.62796,41.224808,466.90144767353047,72.3158137705676
38444.0,283.878571,44.462219,472.05330252696666,70.77424899539542
38453.0,287.853333,47.435677,476.73090573685676,69.33183915198964
38462.0,291.72998,50.280987,481.36288006983773,67.85907035738623
38471.0,295.633026,53.089989,485.98124686005275,66.34417025018743
38481.0,299.861725,56.065647,491.09066846913413,64.61283831559894
38490.0,303.949066,58.882351,495.71068756885444,62.99545108189528
38499.0,307.933563,61.574593,500.2983187420573,61.33842990134771
38508.0,312.073639,64.313194,504.90140824663916,59.62346107635541
38517.0,316.241547,67.009262,509.4707032975583,57.86788120544705
38527.0,320.90921,69.947464,514.5327223711334,55.8578477797859
38536.0,325.139557,72.544472,519.1085041058525,53.97858696185921
38545.0,329.533539,75.170723,523.6144560451577,52.066280745219125
38554.0,333.824615,77.666115,528.0972721624993,50.10035154924199
38563.0,338.275848,80.19413,532.6197457877863,48.05402617201017
38572.0,342.620605,82.594818,537.0717052025789,45.978066532005776
38581.0,346.993591,84.943695,541.5297715331565,43.83446108842413
38591.0,351.888702,87.484917,546.4532508148371,41.387106898334956
38600.0,356.602875,89.849869,550.8223156735954,39.14192910630721
38609.0,360.934052,91.939148,555.142490434008,36.84049303614955
38618.0,365.433258,94.036148,559.4870571899012,34.43946097794903
38627.0,369.958862,96.075531,563.7389319286237,32.014161171380536
38636.0,374.510681,98.05574,567.973830322709,29.525147983456083
38645.0,379.229614,100.03965,572.1613660943767,26.990377361388703
38655.0,384.341644,102.110184,576.7676640409711,24.116557739772286
38664.0,388.680664,103.792274,580.8980566365093,21.457721892155035
38673.0,393.334808,105.518318,585.0036872472181,18.72954015340491
38682.0,398.014099,107.174988,589.0683418634552,15.94067637725135
38691.0,402.571381,108.709732,593.1042785588393,13.080498988270891
38700.0,407.300262,110.218987,597.0946845181975,10.157134490795148
38709.0,412.051483,111.656334,601.0245625408465,7.1813594592547645
38718.0,416.82373,113.02227,604.9626309561871,4.103170723861352
38727.0,421.616821,114.313202,608.8127372954449,0.9973566788821286
38737.0,427.13327,115.698746,613.0738490336686,-2.5585375950695504
38746.0,431.965393,116.834869,616.845047778884,-5.812717206180439
38755.0,436.966583,117.926842,620.5778158557611,-9.136881946204152
38764.0,441.984283,118.9403,624.2194781816895,-12.48467154674608
38773.0,446.863647,119.852386,627.8461737682696,-15.924251151419629
38782.0,451.909637,120.713943,631.406721599273,-19.407658113062414
38791.0,456.968628,121.495537,634.8871734740645,-22.922747650022114
38800.0,461.730896,122.162682,638.3234303460392,-26.504975162440367
38809.0,466.810211,122.798843,641.6925411557237,-30.126921056245294
38818.0,471.744751,123.33799,644.9707286454149,-33.76202830747748
38827.0,476.687317,123.79747,648.2358621170871,-37.500894265637164
38836.0,481.636871,124.174629,651.4392024249262,-41.29283652694503
38845.0,486.747131,124.473907,654.5774744067555,-45.13880379266897
38854.0,491.70697,124.674339,657.6796504168507,-49.0799623400139
38863.0,496.669495,124.791023,660.7007152512798,-53.06202160636661
38872.0,501.633301,124.818871,663.6393597858079,-57.08396059359316
38881.0,506.596802,124.756783,666.533619343181,-61.20132387690695
38890.0,511.713318,124.597397,669.35094835711,-65.37170467720571
38899.0,516.67157,124.360481,672.0821505769476,-69.57845652718144
38908.0,521.625061,124.039673,674.738848176486,-73.83265263896644
38917.0,526.572449,123.635521,677.3308344497682,-78.14670247077686
38926.0,531.512634,123.15107,679.8157239948675,-82.44385724918263
38935.0,536.44397,122.583443,682.2621399546327,-86.84209186593883
38944.0,541.518921,121.913414,684.6425461169047,-91.29595216181472
38953.0,546.583557,121.169426,686.9344015459,-95.75730009551201
38962.0,551.482422,120.368683,689.1626364129075,-100.2699919938891
38971.0,556.521912,119.469841,691.3333063268356,-104.84883218967931
38980.0,561.546936,118.493378,693.4116121900415,-109.41357439837893
38989.0,566.405579,117.476677,695.4278268686406,-114.02489711122693
38998.0,571.398682,116.34819,697.365575712239,-118.65105708598497
39007.0,576.372681,115.138374,699.2219590916677,-123.29190501316239
39016.0,581.17511,113.882645,700.9996090078678,-127.96347750109445
39025.0,585.953674,112.538933,702.7001647942499,-132.68198751065492
39034.0,590.706665,111.107323,704.3139797648769,-137.43086400236328
39043.0,595.586121,109.559677,705.8379896815812,-142.19122349597222
39051.0,599.907654,108.135178,707.1371579689793,-146.46204867618664
39061.0,605.283813,106.278313,708.6824788767352,-151.79247460899936
39069.0,609.568848,104.747574,709.8665481432267,-156.07875277128622
39078.0,614.220398,103.014626,711.1393984324056,-160.91233124648898
39088.0,619.359985,101.013489,712.4737317953073,-166.28168832911226
39097.0,623.961792,99.152443,713.6033338712244,-171.11534268073933
39106.0,628.540466,97.23513,714.6780078332936,-175.99680809697006
39115.0,632.955444,95.329353,715.6821700512136,-180.84046972281521
39124.0,637.494141,93.31929,716.6444670345949,-185.7628889663067
39133.0,642.012573,91.264008,717.5399683347929,-190.61028576588342
39142.0,646.79248,89.034904,718.3938974325522,-195.50017536964296
39151.0,651.413086,86.831718,719.1989729465,-200.38087748331725
39160.0,655.875427,84.657372,719.9582558980666,-205.25146961474226
39169.0,660.319519,82.44603,720.6724919100935,-210.1288710981515
39178.0,664.748474,80.204445,721.3508992733564,-215.06358369026051
39187.0,669.300537,77.862907,721.9890747990984,-219.96890036749215
39196.0,673.700134,75.564224,722.5959365598914,-224.89555582979543
39205.0,678.221863,73.164566,723.1701205083705,-229.8261265913025
39214.0,682.717224,70.715858,723.7146504651568,-234.82941610105394
39223.0,687.037781,68.271889,724.1968342957704,-239.78714982431694
39233.0,691.932617,65.375053,724.6344012371649,-245.26790943778695
39242.0,696.033813,62.864204,724.9357923586999,-250.17083860816533
39251.0,700.239746,60.227829,725.1686186291032,-255.14652115883698
39260.0,704.312195,57.670574,725.3545090196836,-260.0896825428374
39269.0,708.676636,54.995544,725.5429314763684,-265.1017403707896
39278.0,713.084473,52.392658,725.7804512976695,-270.0944563720354
39287.0,717.265076,50.016392,726.0958081325479,-275.08286080645144
39296.0,721.611328,47.618393,726.4886382128761,-280.04847350230654
39305.0,725.969666,45.24242,726.9439290633306,-285.060671526499
39314.0,730.324463,42.860016,727.4251507580599,-290.08776121269756
39322.0,734.307556,40.660141,727.851713384508,-294.5833314179408
39331.0,738.772339,38.156124,728.3083593493277,-299.6300194285702
39340.0,743.076416,35.683201,728.7270773342074,-304.6627006505135
39349.0,747.348328,33.155155,729.094993621432,-309.73391328081163
39358.0,751.72644,30.502512,729.3987570557207,-314.7575719643027
39367.0,755.952026,27.8978,729.6498930290024,-319.76687904371437
39376.0,760.164734,25.272295,729.8644247554857,-324.795138676088
39385.0,764.239258,22.718344,730.0510370433384,-329.7210248060408
39394.0,768.308899,20.156641,730.224332486566,-334.6818900461287
39403.0,772.372131,17.584793,730.3836618902649,-339.55699959517915
39412.0,776.562256,14.923387,730.5334349719772,-344.5013870930981
39422.0,781.356995,11.863754,730.6862790048528,-349.9457337182798
39431.0,785.537598,9.187435,730.8145825079929,-354.85624176419213
39440.0,789.71405,6.504589,730.9331623249528,-359.74975346567015
39449.0,793.888855,3.819185,731.0455734637011,-364.66065102047344
39458.0,798.062622,1.13223,731.1545729169936,-369.58886544665467
39468.0,802.69989,-1.853683,731.2704145308198,-374.93068680365207
39477.0,806.742371,-4.458075,731.3747537202858,-379.80728318921683
39486.0,810.784302,-7.063284,731.4772539156183,-384.6839185748165
39495.0,814.825562,-9.669549,731.5778839505109,-389.5605929098735
39504.0,819.126038,-12.446306,731.6768572305766,-394.45454042035635
39514.0,823.761108,-15.435659,731.7842591662393,-399.8482556771427
39523.0,827.802917,-18.041084,731.88009421218,-404.72502659836664
39532.0,831.842285,-20.650293,731.9733905089397,-409.5846078503675
39541.0,835.749939,-23.177496,732.0636781628359,-414.47872330518123
39551.0,840.232666,-26.085035,732.1574681091455,-419.8726924275479
39560.0,844.134277,-28.621494,732.23588138976,-424.71529862791084
39569.0,848.29248,-31.332518,732.308692571385,-429.57522997265045
39579.0,852.765991,-34.25415,732.3826480659824,-434.93503277243593
39588.0,856.78949,-36.88768,732.4443807146989,-439.81235458407025
39597.0,860.681091,-39.439526,732.4999034585579,-444.620803577609
39606.0,864.569702,-41.995895,732.5509121762819,-449.49824933177973
39616.0,869.029236,-44.938877,732.6000139960853,-454.910046783598
39625.0,873.169006,-47.677979,732.636309291422,-459.7703880057025
39634.0,877.17572,-50.337063,732.6652994034318,-464.61354224935155
39643.0,881.178894,-53.001411,732.6872734404949,-469.4739693175676
39653.0,885.621765,-55.969517,732.7030658119879,-474.8687306698497
39662.0,889.618103,-58.644089,732.7100722047365,-479.71196660926364
39671.0,893.612854,-61.32106,732.7119064192723,-484.58967873789715
39680.0,897.73291,-64.089691,732.7089289952652,-489.48462603898616
39690.0,902.16449,-67.074562,732.6992306325227,-494.86216602755763
39699.0,906.151184,-69.763489,732.6852333729703,-499.70538680830833
39708.0,910.138245,-72.451935,732.668181830794,-504.5485977988888
39717.0,914.252563,-75.229111,732.6494241586832,-509.42627420511576
39727.0,918.680115,-78.219986,732.6266684553864,-514.7693030154043
39736.0,922.793396,-80.998695,732.6037831275478,-519.6297258782344
39745.0,926.777771,-83.691071,732.5797562339355,-524.4729072874687
39755.0,931.205627,-86.681442,732.5523855223538,-529.8503863651661
39764.0,935.19165,-89.371414,732.5281006448581,-534.693566487678
39773.0,939.310791,-92.141434,732.506266447874,-539.5367582784512
39782.0,943.303223,-94.821861,732.4884544169578,-544.4144382295838
39792.0,947.742188,-97.795769,732.4736651502502,-549.7747308284406
39801.0,951.739807,-100.468452,732.4642236063349,-554.6179626328889
39810.0,955.738708,-103.139206,732.4586472630001,-559.4784361744429
39820.0,960.185913,-106.100746,732.4567910568398,-564.8732203222631
39829.0,964.189758,-108.764114,732.4582408394588,-569.7164611125296
39838.0,968.196167,-111.423576,732.462290906666,-574.5597004263904
39847.0,972.332642,-114.167618,732.4685702187058,-579.4718803526682
39857.0,976.929443,-117.215492,732.4766557628684,-584.8321872554253
39866.0,981.066772,-119.958275,732.48417376615,-589.6926581815165
39875.0,985.20282,-122.702957,732.4907960364479,-594.5531304105585
39884.0,989.208496,-125.363518,732.4954473052647,-599.4480764073215
39894.0,993.804565,-128.412445,732.4985704469335,-604.8773314424377
39903.0,997.813232,-131.068558,732.5009437252139,-609.7205718682188
39912.0,1001.947632,-133.815765,732.5017891442411,-614.6499914685882
39921.0,1005.9505,-136.48056,732.4981543769118,-619.5104668498876
39930.0,1010.079834,-139.235367,732.4890916960992,-624.4054066670196
39940.0,1014.66803,-142.296173,732.4746613355148,-629.8174076290398
39949.0,1018.539001,-144.879181,732.4588497703558,-634.695094475135
39958.0,1022.536255,-147.552414,732.4391797924399,-639.6072390322322
39967.0,1026.530273,-150.230545,732.414358043339,-644.467652391662
39976.0,1030.651367,-152.997711,732.3834953704417,-649.3797393771814
39986.0,1035.08313,-155.982269,732.343225598281,-654.7916097556831
39995.0,1038.941162,-158.584595,732.3019050119929,-659.634674494412
40004.0,1043.055664,-161.361481,732.2568714719614,-664.5121790771262
40013.0,1047.041138,-164.052322,732.2104124031669,-669.3551972486074
40023.0,1051.468384,-167.04361,732.157605244168,-674.7497232566114
40032.0,1055.582031,-169.821716,732.1095311421093,-679.6099622450217
40041.0,1059.568848,-172.510437,732.0620887059969,-684.4702074403805
40051.0,1064.142822,-175.592499,732.0120472144633,-689.8819962848735
40060.0,1068.132446,-178.277069,731.9696947185279,-694.759524884504
40069.0,1072.126831,-180.95459,731.9310281189383,-699.6198478200535
40078.0,1076.124878,-183.626709,731.8976956966811,-704.497446401711
40087.0,1080.12439,-186.296631,731.8693607312782,-709.3923125975563
40097.0,1084.579468,-189.246246,731.8439534932702,-714.8215090816268
40106.0,1088.720459,-191.983505,731.8289411938434,-719.7164342676085
40115.0,1092.731445,-194.636063,731.8186686373441,-724.5769001525146
40124.0,1096.740967,-197.290817,731.8074263527711,-729.4718354489783
40134.0,1101.339844,-200.335449,731.7936051454329,-734.8666022114344
40143.0,1105.481323,-203.071854,731.7813237038107,-739.7270634354278
40152.0,1109.624146,-205.806381,731.7705679047973,-744.604764050159
40161.0,1113.766602,-208.541428,731.7607889523887,-749.4824667211113
40170.0,1117.77771,-211.193756,731.7497708151864,-754.3429309730532
40180.0,1122.234253,-214.14122,731.7353636185028,-759.7204604076178
40189.0,1126.245361,-216.793533,731.7205185112192,-764.5981502908428
40198.0,1130.381836,-219.537598,731.7025297897308,-769.4758295935503
40207.0,1134.380981,-222.208023,731.6757442449612,-774.3534685212198
40217.0,1138.95166,-225.294998,731.6262561569425,-779.765262454599
40226.0,1142.922119,-228.007843,731.5578869533116,-784.6252583183608
40235.0,1146.999512,-230.838898,731.45849773849,-789.5881543504066
40244.0,1151.052368,-233.705017,731.3245187697278,-794.4640264375369
40253.0,1154.956665,-236.512238,731.1481655132314,-799.3902905230444
40262.0,1158.957886,-239.449982,730.9275206362825,-804.3320225619008
40272.0,1163.498901,-242.874878,730.6250500224182,-809.8046333091119
40281.0,1167.548584,-246.006134,730.2902256716402,-814.774494229843
40290.0,1171.43335,-249.096252,729.8923970095431,-819.7397089555988
40299.0,1175.277954,-252.23613,729.4325838646317,-824.6476362353173
40308.0,1179.074951,-255.433426,728.8944710128008,-829.6342845336851
40317.0,1182.821777,-258.689484,728.2876722370653,-834.5609477540322
40326.0,1186.398926,-261.903198,727.5988527356077,-839.4942177255278
40335.0,1190.032959,-265.284607,726.8205787806953,-844.4490654874702
40344.0,1193.719727,-268.835907,725.9531259792592,-849.4065794238608
40353.0,1197.237549,-272.338104,725.0101108922538,-854.2976271094763
40362.0,1200.798706,-276.015381,723.9700563990082,-859.221823027929
40371.0,1204.288574,-279.760406,722.837507586735,-864.1255717959681
40380.0,1207.599243,-283.459015,721.6169623972941,-868.9726222573455
40388.0,1210.485962,-286.796051,720.432271924754,-873.3302151282808
40397.0,1213.656494,-290.615479,719.016688621179,-878.1778257709752
40406.0,1216.747314,-294.499725,717.5019107689095,-882.9953617688479
40415.0,1219.755737,-298.44812,715.8964301447733,-887.7470623758352
40424.0,1222.772461,-302.583771,714.1681685401961,-892.5288687042305
40433.0,1225.609619,-306.656982,712.3514314193305,-897.2408397637972
40442.0,1228.441162,-310.921539,710.4250517671479,-901.9276987172447
40451.0,1231.089722,-315.119751,708.3922679417658,-906.5693983340964
40460.0,1233.637573,-319.379852,706.2440615891473,-911.1778437772699
40469.0,1236.165283,-323.831238,703.995247079227,-915.7188148973927
40477.0,1238.317261,-327.840454,701.8959768146459,-919.7169609053358
40486.0,1240.628052,-332.408234,699.4226279366134,-924.1593820091524
40495.0,1242.83313,-337.027985,696.8502783110475,-928.5252270382051
40504.0,1244.933594,-341.696198,694.1776617497171,-932.8304222869621
40513.0,1246.93396,-346.408203,691.3709975393174,-937.1320131972001
40522.0,1248.823242,-351.165802,688.4959223016202,-941.3256395889618
40530.0,1250.456543,-355.560211,685.868589389439,-944.9771955646509
40539.0,1252.062866,-360.257019,682.8116419650236,-949.0185638797409
40548.0,1253.594238,-365.141602,679.6188442264784,-953.0198554217837
40557.0,1255.001709,-370.063324,676.3239011084112,-956.937461993708
40566.0,1256.319458,-375.170166,672.9294867487836,-960.7692034462118
40574.0,1257.332153,-379.464722,669.8309174308345,-964.1013939402401
40583.0,1258.387207,-384.473846,666.2579506128694,-967.7672089275796
40592.0,1259.343384,-389.660583,662.6437567846252,-971.2943618877456
40601.0,1260.141235,-394.717041,658.9144750098368,-974.7505183339106
40610.0,1260.807251,-399.792542,655.0831452767188,-978.1193521195906
40619.0,1261.352905,-404.882385,651.1531971422137,-981.3995653845755
40628.0,1261.769531,-409.984406,647.2090726222335,-984.5257932334563
40636.0,1262.027344,-414.389221,643.6305829314023,-987.2232692906431
40645.0,1262.193604,-419.350311,639.5241124445555,-990.1626748722499
40654.0,1262.224487,-424.469238,635.356019943046,-992.9833882024355
40663.0,1262.126709,-429.432159,631.1138210144737,-995.6913703003539
40672.0,1261.893555,-434.390564,626.7998954356946,-998.2835633666552
40681.0,1261.537354,-439.341675,622.4335493119344,-1000.7516087917729
40690.0,1261.073486,-444.283844,618.0523231658444,-1003.0850767469284
40699.0,1260.500977,-449.2146,613.6029379417378,-1005.3244061208228
40708.0,1259.85791,-453.823608,609.0882166797462,-1007.4693817992695
40717.0,1259.062744,-458.723389,604.525017933074,-1009.5091969705384
40726.0,1258.161987,-463.604858,599.9323561849405,-1011.4376893828949
40735.0,1257.200195,-468.316467,595.3466769313297,-1013.2462037163306
40744.0,1256.107788,-473.158661,590.6761858294789,-1014.9777168652208
40754.0,1254.793335,-478.515167,585.4667136538907,-1016.7891854594154
40763.0,1253.49646,-483.467194,580.7480737523349,-1018.3301762836468
40772.0,1252.162598,-488.248505,575.9880230074197,-1019.7976713681758
40781.0,1250.75769,-493.00943,571.2548516649202,-1021.1747216046527
40790.0,1249.289307,-497.75116,566.5012004897404,-1022.4793207062603
40799.0,1247.765381,-502.475372,561.7299786376442,-1023.7181186515758
40808.0,1246.236206,-507.034515,556.9603831159055,-1024.8930695513575
40817.0,1244.606079,-511.723083,552.1268852414801,-1026.023340996119
40826.0,1242.926758,-516.394287,547.2977660528705,-1027.0952587018328
40835.0,1241.255127,-520.903137,542.474190863716,-1028.1112807024683
40844.0,1239.537842,-525.394836,537.606253929043,-1029.0825712053572
40854.0,1237.466553,-530.692078,532.2038570396489,-1030.1044805057904
40863.0,1235.62915,-535.303406,527.3528637760711,-1030.980290227112
40872.0,1233.759155,-539.901611,522.4786712975729,-1031.8238821830562
40881.0,1231.858643,-544.487305,517.5985544999741,-1032.6324981285932
40890.0,1229.989014,-548.917725,512.7298414118247,-1033.4037381538267
40899.0,1228.034912,-553.480835,507.8390990864176,-1034.1453844388268
40908.0,1226.05542,-558.032959,502.97812781861165,-1034.8528513224703
40917.0,1224.052368,-562.574768,498.06198137971484,-1035.5396696625291
40927.0,1221.799072,-567.608887,492.6635812963,-1036.261852473803
40936.0,1219.750122,-572.130188,487.80833574577105,-1036.8840329858713
40945.0,1217.745239,-576.501099,482.91584311370605,-1037.4862739313648
40954.0,1215.657959,-581.004822,478.0377149553791,-1038.0636964186215
40963.0,1213.550171,-585.498962,473.13994189309824,-1038.6213677749192
40972.0,1211.426147,-589.985474,468.29117904861204,-1039.1520068726982
40981.0,1209.286987,-594.464783,463.388904501423,-1039.6686136624535
40991.0,1206.885132,-599.42981,457.97011985601176,-1040.2172888305897
41000.0,1204.772705,-603.749756,453.0979269564466,-1040.688727368424
41009.0,1202.575684,-608.200928,448.17226685271066,-1041.1439989885002
41018.0,1200.360474,-612.643127,443.2791326774554,-1041.5761899194977
41027.0,1198.11731,-617.071228,438.38402999701344,-1041.9854829756098
41036.0,1195.84375,-621.483887,433.46932826381675,-1042.3661208415042
41046.0,1193.27832,-626.366333,428.0361096440427,-1042.7461299246247
41055.0,1191.009766,-630.606384,423.09892652692594,-1043.0521079853418
41064.0,1188.630859,-634.963074,418.19387695089836,-1043.3167581593427
41073.0,1186.298706,-639.168457,413.2868743319109,-1043.5423160347038
41082.0,1183.783203,-643.62677,408.34386465988973,-1043.7321978081536
41091.0,1181.387939,-647.79657,403.4167775902433,-1043.8838266951182
41100.0,1178.882446,-652.081726,398.4541631268711,-1043.9964007989265
41109.0,1176.265869,-656.481506,393.52526419272647,-1044.0680500014837
41118.0,1173.694458,-660.727478,388.5787103335712,-1044.0997458065583
41128.0,1170.883545,-665.271423,383.08052735922155,-1044.0865265230493
41137.0,1168.237061,-669.471008,378.11696145390056,-1044.0297044810745
41146.0,1165.552734,-673.646484,373.1885549460287,-1043.9297664782666
41155.0,1162.745239,-677.926941,368.2268256453026,-1043.783282393003
41164.0,1159.981934,-682.050598,363.3011806498455,-1043.590410181507
41173.0,1157.181763,-686.149292,358.3432138551205,-1043.3479632732492
41182.0,1154.337769,-690.217712,353.4223295036574,-1043.058005499143
41191.0,1151.447266,-694.253235,348.4876548959214,-1042.7139325107398
41200.0,1148.508179,-698.253479,343.52296225193135,-1042.3096407002913
41209.0,1145.51709,-702.215027,338.5809155115803,-1041.8444641132785
41218.0,1142.559082,-706.006409,333.6632634267277,-1041.3095831191051
41227.0,1139.351685,-709.995972,328.7374472202073,-1040.6959464672202
41237.0,1135.822144,-714.234131,323.31014263940193,-1039.9308831692433
41246.0,1132.585571,-717.997803,318.423902562485,-1039.1601318368967
41255.0,1129.293213,-721.712769,313.5506775218393,-1038.3109690675724
41264.0,1125.937256,-725.3703,308.70890116995236,-1037.3855610118762
41273.0,1122.523682,-728.974182,303.8832344198729,-1036.3795198952134
41282.0,1119.048462,-732.518616,299.0585799731381,-1035.2876823728755
41291.0,1115.515259,-736.005188,294.270111662298,-1034.1173193747763
41300.0,1112.041016,-739.330017,289.56881492474554,-1032.8836082541204
41310.0,1107.994019,-743.077271,284.2750936857719,-1031.398109612948
41319.0,1104.189331,-746.502014,279.53461960531484,-1029.984849128077
41328.0,1100.453247,-749.770325,274.79924335707955,-1028.496082179032
41337.0,1096.790894,-752.886597,270.10222985658135,-1026.9444817531103
41346.0,1093.085938,-755.952209,265.42753227270407,-1025.326890270419
41355.0,1089.217529,-759.062805,260.75991551657495,-1023.6376392355453
41364.0,1085.428711,-762.024109,256.14897216387965,-1021.8945443702343
41373.0,1081.357666,-765.127502,251.5301861211789,-1020.0760200419097
41382.0,1077.246338,-768.177307,246.9355534909003,-1018.197306057904
41391.0,1073.221924,-771.083252,242.36567690602254,-1016.2591514614114
41400.0,1069.157715,-773.933228,237.83785943618315,-1014.2671000902365
41409.0,1065.05249,-776.723755,233.2754447463779,-1012.1836896911145
41418.0,1060.906372,-779.453247,228.7902609580933,-1010.0568747893742
41427.0,1056.719482,-782.11969,224.3216723282336,-1007.8561156988927
41436.0,1052.624512,-784.640686,219.8868477818641,-1005.5880865632327
41446.0,1047.883057,-787.458252,215.03179194494692,-1003.0076556710633
41455.0,1043.580322,-789.933533,210.7610717538875,-1000.6511692985579
41464.0,1039.376465,-792.268433,206.45117287188393,-998.1884498935383
41473.0,1035.141113,-794.545776,202.20762250449937,-995.6801718804965
41482.0,1030.598755,-796.906006,197.98611866129278,-993.1017411547691
41491.0,1026.300415,-799.062012,193.8170171886861,-990.4715755283593
41500.0,1021.694275,-801.29541,189.7155437789422,-987.7997907663216
41510.0,1016.383362,-803.772461,185.18316984034232,-984.7485773063468
41519.0,1011.858765,-805.814026,181.17775646123457,-981.9649209632206
41528.0,1007.022034,-807.917053,177.15493894450245,-979.0863207942746
41537.0,1002.2995,-809.892395,173.24215201424371,-976.2028623530709
41546.0,997.693787,-811.743835,169.31606848248063,-973.2220828555472
41555.0,993.064392,-813.535156,165.48672890822317,-970.2286913728344
41565.0,988.051086,-815.383179,161.25896604974432,-966.8223970222455
41574.0,983.224487,-817.088562,157.49324877283237,-963.6951152415517
41583.0,978.518982,-818.669189,153.74753292323544,-960.4906197921373
41592.0,973.936218,-820.12616,150.10401762345435,-957.2736288993909
41601.0,969.032959,-821.59668,146.4624502905277,-953.9512553997674
41611.0,963.556946,-823.134216,142.55451732248886,-950.2571939080973
41620.0,958.606201,-824.435913,139.0830655915311,-946.855244904455
41629.0,953.932617,-825.568237,135.636742713605,-943.3549006815292
41638.0,949.087219,-826.646423,132.2690495216966,-939.8025549057543
41647.0,944.069824,-827.661377,128.95915872452355,-936.1729304115846
41657.0,938.641785,-828.63916,125.36195329608043,-932.0604578945688
41666.0,933.740601,-829.425842,122.18289390802066,-928.2706055078957
41675.0,928.826416,-830.126404,119.12056058404137,-924.4740026070108
41684.0,924.055603,-830.729187,116.14961051782997,-920.6490269001011
41693.0,919.120178,-831.260193,113.20599539133065,-916.7165110330135
41702.0,914.176147,-831.703613,110.31304478005663,-912.7040010372237
41712.0,908.846252,-832.078735,107.22241750823311,-908.2402757928737
41721.0,904.044373,-832.33606,104.50222351186828,-904.1500318294862
41730.0,899.084229,-832.528137,101.86944727212176,-900.0438696011333
41739.0,894.121521,-832.635437,99.29465955291033,-895.8808194997622
41748.0,889.157715,-832.659912,96.78085018204125,-891.660592787276
41758.0,883.470459,-832.583679,94.06953213593762,-886.9170633470275
41767.0,878.50885,-832.433777,91.72572177585346,-882.6393733196735
41776.0,873.705566,-832.204773,89.45582509991593,-878.32200744976
41785.0,868.906616,-831.897217,87.24569520794539,-873.9351091242337
41794.0,864.113037,-831.514954,85.13366906553239,-869.5574865140129
41804.0,858.796143,-830.986633,82.85459625081904,-864.6107604675507
41813.0,854.019653,-830.430237,80.87941603131657,-860.1131817680349
41822.0,848.945618,-829.753235,78.9745986026619,-855.5666612440812
41831.0,844.190674,-829.035706,77.14754604160126,-850.9883365231423
41840.0,839.295044,-828.21521,75.39957465434397,-846.3792396115371
41849.0,834.568909,-827.327576,73.73417244255064,-841.7396691805388
41858.0,829.706787,-826.327515,72.16082283622647,-837.0862701997758
41867.0,824.861328,-825.249817,70.65499017371593,-832.3562931138443
41877.0,819.663391,-824.012817,69.09003245526216,-827.139476190378
41886.0,814.847168,-822.811157,67.73732191337956,-822.3813700655146
41895.0,810.193848,-821.59845,66.45265044607326,-817.6580092740212
41904.0,805.403564,-820.297058,65.20652736846718,-812.8708831026069
41913.0,800.629211,-818.938538,64.02310343099832,-808.1033828307582
41922.0,796.017944,-817.574524,62.89808857531059,-803.3394706233377
41932.0,790.912537,-815.998657,61.71148897900796,-798.0414708698041
41941.0,786.332092,-814.534546,60.687529540694435,-793.2195744192474
41950.0,781.471008,-812.930176,59.71638795362124,-788.4043449256776
41959.0,776.772095,-811.330017,58.792473314613005,-783.5798311887593
41968.0,772.086365,-809.69165,57.91271316929037,-778.7470707824708
41977.0,767.415039,-808.012756,57.0726556376009,-773.8897585982797
41986.0,762.757629,-806.295593,56.27285264997762,-769.0081897022616
41996.0,757.762146,-804.399963,55.439350698927996,-763.6084127073082
42005.0,753.133301,-802.607178,54.73472732176171,-758.7644449285298
42014.0,748.659729,-800.843262,54.05838385611585,-753.8642450119895
42023.0,744.055176,-798.989014,53.419824877684825,-748.9937426263056
42032.0,739.463806,-797.102295,52.811477420272325,-744.0846375065671
42041.0,734.883667,-795.188599,52.23953355551477,-739.1885106161766
42050.0,730.456299,-793.311707,51.701390536426324,-734.3232336418888
42060.0,725.391785,-791.127502,51.132758795953364,-728.8891766821802
42069.0,720.985962,-789.200562,50.65483386302654,-724.0522539101856
42078.0,716.445984,-787.19342,50.198277746710886,-719.1786439075133
42087.0,712.055542,-785.23175,49.76323513837341,-714.3030664161325
42096.0,707.673584,-783.251221,49.352756359394505,-709.4772513941515
42106.0,702.658142,-780.956543,48.91415012117705,-704.0311572281066
42115.0,698.293091,-778.938904,48.54319289157206,-699.150285515052
42124.0,693.795349,-776.838867,48.192152456532945,-694.2679409390828
42133.0,689.304077,-774.724976,47.86014252731648,-689.4015409985695
42142.0,684.818481,-772.59906,47.54517134097535,-684.5512804596369
42152.0,679.992126,-770.306763,47.20711071672958,-679.0980216071739
42161.0,675.513733,-768.16571,46.91429088302542,-674.1945730652927
42170.0,671.18219,-766.077148,46.6337262120667,-669.2904080473414
42179.0,666.717773,-763.907104,46.36919092577214,-664.3853522739422
42188.0,662.258484,-761.726562,46.11948068721293,-659.4795194338786
42197.0,657.802795,-759.538696,45.88098323044781,-654.5558726883905
42207.0,653.010742,-757.175476,45.62989370972113,-649.1496802481573
42216.0,648.561584,-754.974243,45.41074458847219,-644.2423872346409
42225.0,643.977478,-752.695984,45.2009807871929,-639.3519356099746
42234.0,639.814331,-750.616394,45.00086937567317,-634.4783297173007
42243.0,635.374695,-748.396057,44.808044067870945,-629.5699318668245
42252.0,630.937744,-746.170349,44.62125338630778,-624.6440524983747
42262.0,626.011169,-743.690674,44.422203664823144,-619.2011993236243
42271.0,621.579712,-741.454102,44.25201660655128,-614.343703002581
42280.0,617.151733,-739.210632,44.08636407761311,-609.3998220427237
42289.0,612.724609,-736.965515,43.92873284647323,-604.4901679354717
42298.0,608.438171,-734.785889,43.77611198004857,-599.5631114935004
42307.0,604.153992,-732.601807,43.63013527072963,-594.6703404232551
42317.0,599.243469,-730.090515,43.472525740936355,-589.1571582158454
42326.0,594.963257,-727.898682,43.33743094826203,-584.2295900825537
42335.0,590.685547,-725.701965,43.20814938760724,-579.3363494157188
42344.0,586.272278,-723.429688,43.08280781365308,-574.4085235461209
42353.0,581.860657,-721.154175,42.96385075962708,-569.5322618434
42362.0,577.58783,-718.947998,42.8486042232137,-564.6214300102242
42372.0,572.690369,-716.411255,42.72647659578437,-559.193547841919
42381.0,568.145813,-714.055176,42.62128386786941,-554.2997300648162
42390.0,563.741821,-711.764954,42.520669878370256,-549.3885766480511
42399.0,559.33667,-709.47699,42.42533398450754,-544.5290349812791
42408.0,554.932251,-707.187622,42.33137480268639,-539.6177497391008
42417.0,550.528442,-704.897034,42.239717590623044,-534.7064209969614
42427.0,545.636414,-702.349915,42.14076598771522,-529.2435897092614
42436.0,541.233398,-700.0578,42.05414866061617,-524.349407920221
42445.0,536.831238,-697.764038,41.968798237000826,-519.4552038735228
42454.0,532.29364,-695.394531,41.88530917382423,-514.5264912741179
42463.0,528.165649,-693.246033,41.80535366018175,-509.66667221785406
42473.0,523.118713,-690.623169,41.71451435033746,-504.20370001241326
42482.0,518.574158,-688.26709,41.63071759220973,-499.3094691178988
42491.0,514.440857,-686.128784,41.54491215570594,-494.44974982859634
42500.0,510.030334,-683.851196,41.45544112092068,-489.5728579999727
42509.0,505.753967,-681.651917,41.36192306299354,-484.6960420974634
42519.0,500.850952,-679.125977,41.25368973543506,-479.2333868232916
42528.0,496.437195,-676.854614,41.1560771280521,-474.3394119843317
42537.0,492.021973,-674.586121,41.05805268789436,-469.44544537689967
42546.0,487.606689,-672.317749,40.9590325147251,-464.5514988149894
42555.0,483.330414,-670.118286,40.860097256228926,-459.62307207556944
42564.0,479.056427,-667.914368,40.764989525088446,-454.74628691589317
42574.0,474.304657,-665.471191,40.660296763026246,-449.2663237510248
42583.0,469.88916,-663.203247,40.56644215730595,-444.35503650928536
42592.0,465.475586,-660.93158,40.473874809835266,-439.4782024686081
42601.0,461.20166,-658.727478,40.384859705651685,-434.6185409109501
42610.0,456.931122,-656.516907,40.3007255304117,-429.7760307256302
42620.0,452.185272,-654.062256,40.21223892811239,-424.3647339522618
42629.0,447.775909,-651.78241,40.13519913290526,-419.47039203373515
42638.0,443.367798,-649.500122,40.05997884261297,-414.593259589147
42647.0,438.96106,-647.21521,39.98763683864931,-409.7160836021004
42657.0,434.065216,-644.675415,39.91029935772039,-404.2701410401965
42666.0,429.797913,-642.458557,39.844244385737575,-399.41011317150804
42675.0,425.532288,-640.238525,39.78150865825495,-394.56727849718067
42684.0,421.130249,-637.944519,39.721652398239826,-389.6554592531542
42693.0,416.867004,-635.719849,39.66575964500163,-384.77806702222824
42703.0,412.131805,-633.24469,39.60739355375728,-379.3663615565171
42712.0,407.870911,-631.015564,39.557786966410184,-374.50613796801383
42721.0,403.608337,-628.789673,39.50888250646973,-369.6631438726046
42730.0,399.207703,-626.493042,39.457837702116,-364.7512251552564
42740.0,394.470581,-624.021606,39.39977819209315,-359.3567531198882
42749.0,390.205963,-621.799622,39.34607809162673,-354.4793362550574
42758.0,385.940308,-619.57959,39.2915141728767,-349.63640261591456
42767.0,381.673798,-617.361206,39.235371581061294,-344.7934870205573
42777.0,376.780579,-614.816284,39.171696036843485,-339.381841423022
42786.0,372.65213,-612.66864,39.11573782773266,-334.55616058143977
42795.0,368.249969,-610.374939,39.061632437884676,-329.67874819566435
42804.0,363.986877,-608.150024,39.01090231952956,-324.81853620452205
42814.0,359.249023,-605.679993,38.95691338366395,-319.38954871280765
42823.0,354.983398,-603.4599,38.909367373452056,-314.52930452957315
42832.0,350.579895,-601.168762,38.86138358112749,-309.61735495597964
42841.0,346.17688,-598.876648,38.814068723797924,-304.72263542879483
42851.0,341.590118,-596.489624,38.76280166220295,-299.3280945645999
42860.0,337.185883,-594.19989,38.71607947313124,-294.45060586536033
42869.0,332.780273,-591.912781,38.66711694993616,-289.5559025427048
42878.0,328.648438,-589.771667,38.61528142581876,-284.6612288024063
42887.0,324.377594,-587.561646,38.56099090371263,-279.81829209070133
42897.0,319.630798,-585.108826,38.496917626364606,-274.4066511876716
42906.0,315.21933,-582.833008,38.43668396913232,-269.5637847471318
42915.0,310.944092,-580.63147,38.373463288899046,-264.72095637933256
42925.0,306.346039,-578.266296,38.300221458961616,-259.3611437797992
42934.0,302.068848,-576.068542,38.23144328181888,-254.50115368658902
42943.0,297.65329,-573.80072,38.160675729206176,-249.6067170592549
42952.0,293.374847,-571.605469,38.09025206518531,-244.78122564246354
42962.0,288.468201,-569.086609,38.01117418201113,-239.33530807405452
42971.0,284.053955,-566.816223,37.9424891827584,-234.47531666309197
42980.0,279.779083,-564.614014,37.876865007342325,-229.59804565957708
42989.0,275.506104,-562.408142,37.815246639390594,-224.7207224028211
42998.0,271.095551,-560.130615,37.757112908244004,-219.86059332911793
43008.0,266.194824,-557.60022,37.693793911082736,-214.3799959558984
43017.0,261.921936,-555.394165,37.6386112610724,-209.5198324793382
43026.0,257.650024,-553.186218,37.58439810626492,-204.62518449614532
43035.0,253.378372,-550.977783,37.532189135087485,-199.747751442022
43044.0,248.968689,-548.698547,37.4810764767128,-194.87030677598221
43054.0,244.221237,-546.247009,37.425166239887716,-189.4585753807934
43063.0,240.086136,-544.112183,37.37533828992451,-184.6155906988258
43072.0,235.674225,-541.83728,37.3244661869835,-179.70367018979942
43081.0,231.399475,-539.634827,37.27254822345705,-174.82623402935357
43091.0,226.497482,-537.106873,37.21341792906338,-169.3973001009812
43100.0,222.224442,-534.901123,37.16205614910504,-164.53709474407015
43109.0,217.948853,-532.700317,37.11146155627516,-159.6424080193993
43118.0,213.672348,-530.501282,37.058992819320196,-154.76497775277647
43127.0,209.25705,-528.23291,37.004253045628865,-149.87033563075116
43137.0,204.351807,-525.711243,36.94305530762535,-144.42418778935203
43146.0,200.075836,-523.511169,36.88991751639815,-139.51229126835375
43155.0,195.664276,-521.235596,36.84079857329869,-134.61758951288826
43164.0,191.254608,-518.95636,36.79606119545115,-129.74008220472874
43173.0,186.843445,-516.679993,36.75437767514996,-124.84531148183848
43183.0,181.942673,-514.149719,36.70931242804175,-119.41624258249203
43192.0,177.669601,-511.944,36.66991638243428,-114.53868920751476
43201.0,173.396591,-509.73819,36.631876449129805,-109.6611250677417
43210.0,169.123306,-507.532898,36.594117102897165,-104.78355874775197
43219.0,164.709671,-505.261322,36.55558300570422,-99.88876221787642
43229.0,159.804306,-502.739929,36.51070696380836,-94.47692807508543
43238.0,155.527115,-500.542236,36.46846554404416,-89.58216213502409
43247.0,151.110611,-498.276245,36.425222973558,-84.68740493720617
43256.0,146.692123,-496.01413,36.37965484267419,-79.79266883696788
43265.0,142.27272,-493.753784,36.3308122186586,-74.89796431640613
43275.0,137.359818,-491.247131,36.27327808461703,-69.46901323781204
43284.0,133.213989,-489.13324,36.218616519919465,-64.57437024175266
43293.0,128.789658,-486.882568,36.16108724445519,-59.67976011141979
43302.0,124.362892,-484.636688,36.100434724801005,-54.78518768705136
43311.0,120.073936,-482.462036,36.037096573279314,-49.907886460687756
43321.0,115.15416,-479.968903,35.965220168561565,-44.47910632396899
43330.0,110.864731,-477.795197,35.9007701453687,-39.61905690670352
43339.0,106.575287,-475.62149,35.83647026044612,-34.75900550074587
43348.0,102.284027,-473.451385,35.771885621805616,-29.89895787050564
43358.0,97.360558,-470.965546,35.69770413402879,-24.452971405191537
43367.0,93.067337,-468.799316,35.63117662145866,-19.610187335625604
43376.0,88.773415,-466.634491,35.56441235617476,-14.75016915905125
43385.0,84.340881,-464.400024,35.496611507663346,-9.855690536109499
43395.0,79.413445,-461.922058,35.42057637245643,-4.4442044826794405
43404.0,74.977417,-459.694519,35.34942932422623,0.43298908244120415
43413.0,70.538307,-457.473145,35.27507591889608,5.2756593195610275
43422.0,66.237434,-455.322144,35.19623217911656,10.16997251042099
43431.0,61.659309,-453.031921,35.11544186175863,15.098730085698978
43441.0,56.881432,-450.640198,35.02845724905944,20.45833726765589
43450.0,52.442909,-448.417664,34.951101477321465,25.300960476098723
43459.0,48.004707,-446.194458,34.875100427267554,30.109129393573973
43469.0,43.227459,-443.801483,34.79037775781735,35.503248553951785
43478.0,38.927429,-441.648804,34.71511643415617,40.34590476594238
43487.0,34.765141,-439.567505,34.63944239816616,45.188554546243175
43496.0,30.462606,-437.41983,34.56167672887846,50.04840913711647
43506.0,25.681866,-435.033844,34.473970158691536,55.39076650509104
43515.0,21.240856,-432.816254,34.39404199305163,60.216109849799125
43525.0,16.46134,-430.427795,34.30804220568757,65.54125699227038
43534.0,12.01971,-428.211456,34.22980846416258,70.43557997172113
43543.0,7.57693,-425.997437,34.150451187613164,75.27817079451722
43552.0,3.271012,-423.856567,34.06818443819815,80.12071306447326
43562.0,-1.670182,-421.406128,33.97241783478947,85.51464745458078
43571.0,-5.979321,-419.271759,33.8835353500336,90.3225954994803
43580.0,-10.289041,-417.13855,33.7913831347333,95.18219858131397
43589.0,-14.598712,-415.005249,33.69861370835756,100.02455103522522
43599.0,-19.234703,-412.715302,33.594613367105985,105.40109400594022
43608.0,-23.408419,-410.657013,33.499372794668176,110.22615940853767
43617.0,-27.861629,-408.46405,33.40086874169759,115.0856378883028
43627.0,-32.655281,-406.104095,33.2896805227537,120.46203701475291
43636.0,-36.832249,-404.052429,33.188157485467464,125.30421385242319
43645.0,-41.147961,-401.931366,33.08608082964673,130.129139474888
43655.0,-46.09502,-399.492798,32.973479039015196,135.52274868244285
43664.0,-50.405964,-397.362061,32.87642445994582,140.38225632750667
43673.0,-54.714386,-395.226227,32.7851354870301,145.22463691744323
43682.0,-59.162102,-393.022125,32.69792194642225,150.0843311405489
43692.0,-63.947025,-390.644531,32.605079550126696,155.4438400506282
43701.0,-68.391777,-388.434479,32.523764480098805,160.33811280609604
43710.0,-72.696243,-386.29068,32.44664077516783,165.19797762704422
43719.0,-77.000229,-384.145935,32.37257770183995,170.02341455722478
43729.0,-81.782707,-381.763428,32.29133132610507,175.4348248793723
43738.0,-86.228096,-379.554626,32.21907826624351,180.22581389287313
43747.0,-90.675529,-377.349976,32.14262757143645,185.08568934755462
43757.0,-95.465248,-374.982056,32.05245356455584,190.46248198214715
43766.0,-99.778481,-372.855957,31.965606044922065,195.30494426519115
43775.0,-104.232346,-370.664307,31.873567695226487,200.16454950491718
43784.0,-108.548431,-368.544006,31.778800394933597,204.9723851569902
43794.0,-113.343498,-366.186951,31.66977544862705,210.4005463144606
43803.0,-117.657928,-364.063293,31.573594257797495,215.22559305873952
43812.0,-121.972694,-361.940308,31.47793586957454,220.10236744832577
43821.0,-126.426247,-359.748047,31.384150236962853,224.94470032716484
43831.0,-131.218079,-357.384399,31.281942466490182,230.33851651041846
43840.0,-135.667206,-355.183136,31.193058145339904,235.24989621833566
43849.0,-139.83696,-353.116821,31.110343285582587,240.10966909324733
43858.0,-144.143433,-350.977081,31.03346122536064,245.0212513440809
43868.0,-149.081375,-348.520111,30.955323740414308,250.41546991404263
43877.0,-153.385895,-346.376434,30.888046973009878,255.27548102311633
43886.0,-157.830368,-344.165802,30.822152612729937,260.15274838378144
43895.0,-162.13739,-342.027161,30.755595443639674,265.0127694009165
43905.0,-167.234436,-339.503082,30.677369270281005,270.44146175324124
43914.0,-171.546646,-337.374908,30.602360704665738,275.2841218868305
43923.0,-176.000916,-335.184082,30.520910071265856,280.17839238812195
43932.0,-180.597092,-332.930328,30.43421848814423,285.0553344160302
43941.0,-184.916214,-330.816223,30.34320452714532,289.93219769410445
43951.0,-189.869995,-328.391357,30.23947053661447,295.36046254114314
43960.0,-194.188812,-326.276611,30.14668044632356,300.2028145991325
43969.0,-198.506287,-324.159149,30.0547818736183,305.06242248414617
43978.0,-202.962845,-321.972992,29.964092600664326,309.97376919493973
43988.0,-207.911972,-319.538635,29.867881813420173,315.4021725950939
43997.0,-212.362701,-317.340607,29.787590812995866,320.2447480265788
44006.0,-216.671921,-315.20639,29.71417630547838,325.08743258831277
44015.0,-220.840454,-313.137634,29.64692428217047,329.91296924979844
44025.0,-225.623871,-310.757019,29.577590195029433,335.3073081556732
44034.0,-230.065338,-308.540344,29.521196021474214,340.1674577254849
44043.0,-234.231247,-306.466278,29.469206382405737,344.9931829542366
44052.0,-238.674072,-304.25235,29.41781927098312,349.8878614227647
44062.0,-243.454453,-301.865631,29.363857568258144,355.26513940716944
44071.0,-247.75589,-299.715759,29.318626572674827,360.1426421628017
44080.0,-252.056198,-297.563629,29.27673954739836,365.00293841106327
44089.0,-256.354248,-295.407013,29.2379150180576,369.8804963686941
44099.0,-261.124207,-292.999542,29.202118013754585,375.2751620693244
44108.0,-265.410736,-290.820099,29.18065012604078,380.1183554976491
44117.0,-269.686859,-288.6203,29.17461674116489,385.03053573214316
44126.0,-273.950653,-286.396729,29.191033674385658,389.8737489154208
44136.0,-278.67041,-283.892273,29.241915699202757,395.2682934250735
44145.0,-283.036224,-281.53009,29.32247995886726,400.1625785971485
44154.0,-287.378143,-279.124237,29.44311999317781,405.0387989527362
44163.0,-291.561005,-276.751892,29.613191486671067,409.9652839063659
44172.0,-295.712799,-274.325623,29.83788166288855,414.8723263335922
44182.0,-300.427948,-271.464294,30.166289214135396,420.36070854050246
44191.0,-304.629852,-268.821533,30.540030066203453,425.29322488422383
44200.0,-308.782043,-266.101318,31.001672384127776,430.2702234882931
44209.0,-313.013763,-263.220917,31.55214292209875,435.22084032905894
44218.0,-317.057526,-260.34201,32.19900125279157,440.1597875060692
44227.0,-321.151672,-257.269196,32.964565716772114,445.15149223331576
44236.0,-325.166351,-254.093262,33.83483850278167,450.02099169255325
44245.0,-328.845398,-250.996658,34.84456427441544,454.8987041464996
44254.0,-332.427124,-247.787979,36.00219606505901,459.76116415886963
44263.0,-336.137421,-244.261215,37.302796760991974,464.5694967957602
44272.0,-339.724365,-240.60907,38.74656927827912,469.300767304187
44281.0,-343.069305,-236.941437,40.33366855527758,473.913054682388
44290.0,-346.163422,-233.2603,42.08859026783035,478.4456570173125
44300.0,-349.415161,-229.02063,44.24471374597665,483.390839622036
44309.0,-352.183533,-225.088654,46.35640372844583,487.71114399979564
44318.0,-354.855621,-220.905334,48.64528248602104,491.9206368748699
44328.0,-357.409973,-216.409592,51.37468503065617,496.41344720504617
44337.0,-359.585968,-212.121323,54.0151331164783,500.30811033824386
44347.0,-361.744171,-207.233521,57.16137727132806,504.47643049248444
44357.0,-363.689117,-202.072403,60.5177237951558,508.4549924879723
44366.0,-365.019806,-197.937866,63.66562466164349,511.81186286704565
44376.0,-366.339081,-192.938278,67.40566076781697,515.4072785530601
44386.0,-367.38147,-188.04982,71.26271973399477,518.746623508413
44395.0,-368.166534,-183.462875,74.90512384227372,521.6152835599225
44405.0,-368.830383,-178.334946,79.11428375392566,524.6480804322604
44415.0,-369.30423,-173.3591,83.31279046066672,527.4233210030357
44425.0,-369.589294,-168.023636,87.75186691643579,530.1083692801727
44434.0,-369.711548,-163.371597,91.83606647338377,532.3747470717298
44444.0,-369.678436,-158.028625,96.52739621115339,534.7847093698491
44453.0,-369.520569,-153.377655,100.79124235914945,536.8150986435285
44463.0,-369.185364,-148.045105,105.66414097599618,538.9643885547154
44472.0,-368.781494,-143.409012,110.13126748648519,540.7906162637559
44481.0,-368.257111,-138.628922,114.67302552239744,542.5217049636723
44491.0,-367.540802,-133.160202,119.74076887003696,544.3205956633483
44500.0,-366.824188,-128.405121,124.30576295551292,545.8322482352556
44509.0,-365.998596,-123.510368,128.9809364285854,547.2825140530186
44518.0,-365.094757,-118.629456,133.6478777429012,548.6404142380413
44528.0,-363.997925,-113.224182,138.88623637758116,550.0674457040088
44537.0,-362.974274,-108.525635,143.61265757237325,551.2728591864065
44546.0,-361.858582,-103.688751,148.35565182757787,552.4113162428024
44555.0,-360.720947,-99.016487,153.09603811539213,553.485081573801
44564.0,-359.49176,-94.207191,157.88264090671697,554.5092649868544
44574.0,-358.114502,-89.04467,163.17092512922625,555.5759183649827
44583.0,-356.834869,-84.409286,167.96255138721725,556.4882761773882
44592.0,-355.468842,-79.637062,172.81362487304858,557.363641441894
44601.0,-354.059174,-74.877541,177.6048854066231,558.1809887629045
44611.0,-352.488525,-69.770531,182.96582267662194,559.03957572852
44620.0,-350.98877,-65.03862,187.82352951294433,559.7691203468939
44629.0,-349.504486,-60.464649,192.636007240541,560.4505102977575
44638.0,-347.939575,-55.753887,197.5389097402532,561.1069756692243
44647.0,-346.293701,-50.906685,202.37798382575707,561.7197080489228
44656.0,-344.71933,-46.362934,207.23834291735287,562.3005931031588
44666.0,-342.876068,-41.164623,212.65074632271939,562.9090015606034
44675.0,-341.245239,-36.640839,217.484280945724,563.4200565400014
44684.0,-339.487335,-31.833126,222.389170632506,563.9112138180077
44693.0,-337.759613,-27.179615,227.2278333638162,564.3711889438372
44703.0,-335.875183,-22.179876,232.58377605053258,564.8527575511348
44712.0,-334.159668,-17.687519,237.42674723699926,565.264903436521
44721.0,-332.427063,-13.201729,242.23703056377306,565.6541350155431
44730.0,-330.735962,-8.86622,247.0831435577082,566.0275289011388
44740.0,-328.713226,-3.73508,252.44630013938644,566.4206979071997
44749.0,-326.992798,0.588869,257.277788196915,566.7579020060687
44758.0,-325.145203,5.1961,262.1102746472851,567.080482478757
44768.0,-323.144196,10.150334,267.4768651437469,567.423610487248
44777.0,-321.274902,14.748803,272.3281791325115,567.7219169172904
44786.0,-319.454895,19.199852,277.1285103967328,568.0066698844199
44795.0,-317.626251,23.647354,282.015473475021,568.2861512200693
44805.0,-315.584595,28.584972,287.3849373731951,568.5809186421678
44814.0,-313.680511,33.169155,292.23865945669144,568.8370750005356
44823.0,-311.833008,37.608868,297.07555033392157,569.085006636553
44832.0,-309.919189,42.188992,301.9299914233452,569.3271550477964
44842.0,-307.849884,47.115089,307.31854580201315,569.5863483255108
44851.0,-305.920563,51.688694,312.13940574049025,569.8091405147085
44860.0,-304.044464,56.116394,316.99506910536553,570.0253983024521
44870.0,-301.887543,61.192589,322.3504741699119,570.2547278958348
44879.0,-300.002502,65.616486,327.18960941870625,570.4541106890894
44888.0,-298.049561,70.180069,332.0290560615913,570.6457865744762
44897.0,-296.149994,74.597748,336.8860520119206,570.8297009084383
44907.0,-294.029297,79.501938,342.2945983988048,571.0235787801419
44916.0,-292.113892,83.912773,347.1178253275095,571.1873130166329
44925.0,-290.192841,88.321159,351.99298066823377,571.345235079479
44935.0,-287.982697,93.374405,357.3851988694061,571.5116151205251
44944.0,-286.049622,97.777534,362.2263498746891,571.6538838745882
44953.0,-284.11322,102.179199,367.05044509082387,571.7896493033493
44962.0,-282.236115,106.437477,371.8746647596682,571.9209180837844
44972.0,-280.07663,111.324715,377.28481148304087,572.0633086726396
44981.0,-278.194,115.580544,382.09203364449525,572.1852905934564
44990.0,-276.244324,119.976341,386.93381798313936,572.3040671586152
45000.0,-274.072266,124.858009,392.30987156135126,572.4308674390587
45009.0,-272.239746,128.96637,397.10018894554287,572.5388285008219
45018.0,-270.276917,133.356308,401.9423026887237,572.6433175072737
45028.0,-268.162872,138.075119,407.28423088232574,572.7541230306289
45037.0,-266.193756,142.462234,412.143736975136,572.851255299684
45046.0,-264.158569,146.989731,416.9688387450023,572.944635256925
45056.0,-261.967651,151.862946,422.3109629314238,573.0455504015665
45065.0,-259.931274,156.389908,427.17059540787017,573.1361392398389
45074.0,-257.957001,160.774719,431.9957873214692,573.2247389177137
45083.0,-255.982254,165.159317,436.8210159960749,573.3113134159463
45093.0,-253.719849,170.189377,442.1977105417371,573.4071578188718
45102.0,-251.685272,174.717148,447.04016884078914,573.4942271953051
45111.0,-249.649567,179.244415,451.8826300123737,573.5811366658274
45121.0,-247.528183,183.95993,457.20764047177585,573.6752199249862
45130.0,-245.49173,188.486862,462.05014545038875,573.7596532506302
45139.0,-243.518524,192.872147,466.8754273188055,573.8432103946075
45149.0,-241.396194,197.587234,472.1832498573916,573.9343995118057
45158.0,-239.485916,201.830734,476.991323370043,574.0162139086108
45167.0,-237.447586,206.356812,481.8338754201233,574.0979029325557
45177.0,-235.25174,211.227814,487.1589763793655,574.1867163677674
45186.0,-233.211884,215.753204,491.9843277883264,574.2661561941784
45196.0,-230.875351,220.938919,497.32667766292684,574.3543180167729
45205.0,-228.900162,225.323318,502.1347800656073,574.4344166053229
45214.0,-226.988525,229.566208,506.92564648822565,574.5143863044169
45224.0,-224.799637,234.440353,512.2851959186402,574.6048593430131
45233.0,-222.840683,238.832031,517.1104462068455,574.6902207052052
45242.0,-220.825607,243.368515,521.9355357004799,574.784232855485
45251.0,-218.799728,247.900192,526.7950262109865,574.882141598958
45261.0,-216.511429,252.918533,532.2235095341343,574.9737319950381
45270.0,-214.412964,257.417053,537.1182077185864,575.0232055096681
45279.0,-212.331558,261.752014,542.013153803626,575.0277629304165
45288.0,-210.128708,266.200348,546.9250854637905,574.977979160725
45297.0,-207.865646,270.618347,551.8877208268449,574.8663301825943
45306.0,-205.538834,275.003113,556.8483956029289,574.6876656734077
45316.0,-202.871033,279.830414,562.2704873950938,574.408845681791
45325.0,-200.391083,284.130432,567.2571646855158,574.0672635748839
45334.0,-197.828064,288.381439,572.2197068715988,573.6373799061645
45343.0,-195.096954,292.711029,577.155757561541,573.1123857850162
45352.0,-192.263443,296.974304,582.0963977550414,572.4785881866824
45361.0,-189.408417,301.034973,587.0373531233852,571.7232149129932
45370.0,-186.349991,305.139893,591.9396593096109,570.8405943978349
45379.0,-183.267181,309.030457,596.7815991542321,569.8281625499301
45388.0,-180.062119,312.820923,601.5744088356522,568.6757070545095
45397.0,-176.733765,316.503632,606.344693724186,567.3665921673398
45406.0,-173.277176,320.066254,611.0688748694057,565.8997887678572
45415.0,-169.700439,323.508209,615.6088405096725,564.3145517244528
45425.0,-165.582901,327.177795,620.5827615707841,562.362992356307
45434.0,-161.862915,330.225098,625.0342663827996,560.4114957377205
45443.0,-158.025894,333.123627,629.3735018047566,558.299301887996
45453.0,-153.615234,336.139343,634.0551953249048,555.7603387461136
45462.0,-149.401779,338.763641,638.1157815679412,553.3154265510202
45472.0,-144.735321,341.366058,642.4610359289692,550.4184436846263
45481.0,-140.2995,343.593994,646.2093965144312,547.6605038560717
45491.0,-135.250427,345.81366,650.2520484089424,544.3816346607919
45501.0,-130.737671,347.524017,654.0587584268849,540.9591720615837
45510.0,-126.308411,348.95163,657.3836007842932,537.6540416718797
45520.0,-121.644836,350.193146,660.8003847488153,533.8886536074319
45530.0,-116.415741,351.290863,664.0416180535824,529.904252145098
45540.0,-111.477676,352.064911,667.033009500159,525.7927880324675
45550.0,-106.33329,352.58609,669.8066572275168,521.5108484154321
45560.0,-100.995216,352.817169,672.2860442552698,517.1707713768052
45569.0,-96.652161,352.761993,674.3210165690926,513.0816806122083
45579.0,-91.496269,352.370697,676.3154051119539,508.3858800479256
45589.0,-86.37439,351.661682,677.9932347430058,503.6226781036774
45599.0,-81.476158,350.666229,679.3664354292908,498.7628915952275
45609.0,-76.317909,349.273071,680.4313421590949,493.8087459503487
45619.0,-71.586784,347.660614,681.1595759829651,488.8985635974527
45629.0,-66.650772,345.615051,681.5652041630575,483.95127332696785
45639.0,-62.16634,343.40744,681.6462116312772,479.05699547057054
45649.0,-57.840736,340.902893,681.4053686117381,474.1852325849135
45660.0,-53.470444,337.889282,680.7508347198442,468.84766611963295
45670.0,-49.561089,334.774719,679.7982464696389,464.0638753006555
45680.0,-46.131405,331.629303,678.5036253040666,459.3432319140879
45690.0,-42.571606,327.879089,676.8583051935041,454.678221577619
45701.0,-38.979,323.469543,674.7123600544927,449.7850228130112
45711.0,-35.991493,319.249207,672.4406918564737,445.48807532184253
45721.0,-33.490143,315.12204,669.8657715397933,441.34538726493156
45731.0,-31.207729,310.675232,667.0346970928313,437.43701875854174
45742.0,-29.162384,305.776459,663.6146588738469,433.39945318239097
45752.0,-27.588682,301.214233,660.2317260579608,429.95763789548465
45763.0,-26.131857,295.912537,656.2393120613591,426.40670771181357
45773.0,-25.068424,291.028595,652.3751816903625,423.37387940578805
45783.0,-24.281126,286.267242,648.3389761436604,420.5439990026598
45793.0,-23.677738,281.131836,644.1363554589024,417.90237173505295
45803.0,-23.283936,275.976135,639.7563217661149,415.4235164261911
45813.0,-23.076599,270.80957,635.2172609156512,413.0943416377302
45822.0,-23.029266,266.156158,631.0053820115075,411.11532287242346
45832.0,-23.136076,260.814148,626.24203427576,409.05974451607983
45842.0,-23.385275,255.649429,621.3852813393305,407.1399278309098
45851.0,-23.714937,251.007477,616.9479106284608,405.52357213033855
45861.0,-24.192966,245.858902,611.9502276915736,403.83844357465375
45870.0,-24.719677,241.079071,607.42744561386,402.42055833375235
45879.0,-25.320587,236.307999,602.846901668126,401.0742525482904
45889.0,-26.101654,230.848145,597.6955572250048,399.6557585871147
45898.0,-26.846811,226.097458,593.0559327718602,398.45881198598215
45908.0,-27.753542,220.831879,587.8460432888188,397.19785717226955
45917.0,-28.652744,215.950119,583.1232843402321,396.1242970351956
45926.0,-29.575281,211.230667,578.4047577958733,395.11146232204544
45935.0,-30.547222,206.521149,573.6582182918828,394.148474164575
45945.0,-31.724228,201.132767,568.3591937081403,393.1365265829449
45954.0,-32.788979,196.443359,563.6094688887449,392.2818681447367
45963.0,-33.861717,191.915039,558.8011420723417,391.4620680466736
45972.0,-35.044498,187.094116,553.9857681253008,390.6847311027937
45982.0,-36.359634,181.915421,548.6526255528383,389.8715338641958
45991.0,-37.575108,177.262802,543.8078793624969,389.17228262417893
46000.0,-38.861366,172.46846,538.9582786096558,388.50753418787264
46009.0,-40.181484,167.683319,534.1041321422558,387.8768361471905
46018.0,-41.530636,162.906296,529.2457426174373,387.279702015976
46028.0,-42.964966,157.938492,523.9041327628145,386.65902935835203
46037.0,-44.413483,153.028702,519.021375782331,386.1221538351373
46046.0,-45.847263,148.276382,514.1869407176363,385.6196881656617
46055.0,-47.308884,143.532562,509.31519038091056,385.1436980375019
46065.0,-48.952759,138.267807,503.90876246169836,384.64634791460014
46074.0,-50.395359,133.680527,499.11853631932775,384.2244498184517
46083.0,-51.881893,128.944443,494.2417012692914,383.8037387058936
46093.0,-53.526894,123.680038,488.91839834242603,383.34447773603824
46102.0,-54.950901,119.086952,484.0764117680935,382.9209211781437
46111.0,-56.405731,114.341042,479.2352776195588,382.4877303430108
46120.0,-57.798569,109.738403,474.39543707780746,382.04031814584584
46129.0,-59.208382,104.978928,469.5402504023455,381.57208602334384
46139.0,-60.684704,99.843857,464.13918420555876,381.0195428772322
46148.0,-62.017593,95.062263,459.2562878436346,380.4839365137571
46157.0,-63.268688,90.41909,454.3606280595277,379.90800805507746
46166.0,-64.509186,85.612701,449.4703032174397,379.2884104032937
46175.0,-65.659996,80.943665,444.58663025152117,378.6183979607263
46184.0,-66.749687,76.259987,439.6940715036364,377.88883055186045
46193.0,-67.801888,71.408897,434.7775281625584,377.0893141401779
46202.0,-68.776085,66.541542,429.89027212696533,376.22043918742884
46211.0,-69.664856,61.657864,424.9500363803958,375.25945554524606
46220.0,-70.472862,56.760178,420.0608070175705,374.2206750235493
46229.0,-71.184837,51.84761,415.15727308317304,373.0871964192346
46238.0,-71.800644,46.922066,410.29258630682796,371.86611113925886
46247.0,-72.31356,41.984745,405.4364334998298,370.5442946968924
46256.0,-72.714142,37.037045,400.6422626763506,369.1302385276024
46265.0,-73.033829,31.61721,395.8317551353164,367.5932862738942
46274.0,-73.193085,26.655874,391.10797898779424,365.95940511459696
46283.0,-73.223854,21.536955,386.4112661152363,364.1995429365647
46292.0,-73.117447,16.419048,381.71467310556494,362.29701842545853
46301.0,-72.875427,11.461061,377.11824621266356,360.289759968982
46310.0,-72.476753,6.202016,372.62600722124597,358.1778877936497
46319.0,-71.923195,1.113023,368.1195897473366,355.8985443391941
46328.0,-71.228455,-3.80201,363.7316009084213,353.5049732238602
46337.0,-70.410797,-8.540754,359.42206883807535,350.9728669722922
46346.0,-69.440048,-13.250522,355.19383457240116,348.3072218854164
46355.0,-68.255196,-18.230524,351.10973746461536,345.54690865583274
46364.0,-66.948273,-23.019278,347.0594211623677,342.61798964255274
46373.0,-65.535301,-27.615772,343.1450476735792,339.5935756669448
46382.0,-63.927273,-32.311989,339.31585034290174,336.43486342242926
46391.0,-62.110561,-37.097786,335.5638040236398,333.13247380993363
46400.0,-60.208801,-41.682926,332.00853223495585,329.79299458665434
46409.0,-58.220646,-46.061455,328.51334279316296,326.2925588321286
46419.0,-55.754711,-50.99493,324.76421418325316,322.2708396182548
46428.0,-53.318962,-55.497311,321.5425663664084,318.56266804697185
46437.0,-50.893749,-59.649731,318.4005647151116,314.69750950681686
46446.0,-48.24572,-63.84832,315.4075333564118,310.7590881236453
46455.0,-45.465633,-67.960655,312.58803734926795,306.77882164515097
46464.0,-42.634151,-71.84742,309.8659517501088,302.64848876553106
46473.0,-39.574348,-75.756104,307.33095689503773,298.50143737586694
46483.0,-36.123981,-79.835739,304.66178698271045,293.75382708724385
46492.0,-32.788445,-83.511932,302.4186035559007,289.4031207010143
46501.0,-29.4382,-86.961586,300.33310804909775,284.9937230703587
46510.0,-25.756371,-90.518051,298.412578268337,280.5475394466673
46519.0,-22.064276,-93.835983,296.62378068687326,275.9911460090812
46529.0,-17.818581,-97.356506,294.8261580360186,270.8681222149258
46538.0,-13.890102,-100.390854,293.37378467819104,266.1755575976445
46547.0,-9.982863,-103.194023,292.08153576378675,261.4185342579435
46556.0,-5.845519,-105.93676,290.97084157738664,256.6689619194668
46565.0,-1.486008,-108.619843,290.03597914774764,251.89923798810173
46575.0,3.324956,-111.317001,289.2007375059574,246.58695017711625
46584.0,7.730301,-113.604607,288.6318952294856,241.811944107691
46594.0,12.568236,-115.872391,288.2011815017824,236.5208401358354
46603.0,16.992239,-117.757187,287.99066335852126,231.71668083269586
46612.0,21.626514,-119.535866,287.95312957088044,226.87358526589608
46622.0,26.851372,-121.302467,288.11420079669006,221.56742360077183
46631.0,31.460049,-122.675186,288.447491229202,216.71838744589033
46640.0,35.809196,-123.824821,288.94166527714566,211.98706267024312
46650.0,41.192799,-125.023499,289.69086002664756,206.67936423352987
46659.0,45.920666,-125.901871,290.5359515001646,201.9454351149252
46668.0,50.67683,-126.611214,291.5511988007852,197.22742707926773
46678.0,55.98819,-127.192535,292.8784643585735,192.01624712401437
46687.0,60.938984,-127.552895,294.248824043158,187.3709163726861
46696.0,65.744675,-127.724937,295.7645461322103,182.84360937453673
46706.0,70.915382,-127.715813,297.62887879752594,177.9099741326613
46715.0,75.875832,-127.530899,299.4981153925826,173.47937382905846
46725.0,81.202049,-127.106773,301.7388317589026,168.7048913280387
46734.0,85.981972,-126.580833,303.91776041106954,164.49558898588995
46744.0,91.265869,-125.787781,306.52726924758883,159.8726289829931
46753.0,96.145485,-124.876984,309.0249459871534,155.80377988142007
46762.0,100.838577,-123.828575,311.6550644975581,151.8399283777004
46772.0,105.838333,-122.509964,314.7513629809365,147.52782549650118
46781.0,110.294029,-121.167145,317.6978003730027,143.72746088330697
46791.0,115.352051,-119.445251,321.0989385972345,139.6514880747756
46800.0,119.705681,-117.801361,324.23012737133274,136.16234484820995
46810.0,124.780716,-115.641716,327.91955992442945,132.34535873448513
46819.0,129.135025,-113.601059,331.3271568113961,129.07562663041477
46829.0,134.032928,-111.065216,335.30674483989486,125.53621041077831
46838.0,138.353607,-108.62146,339.00553560371065,122.49027161991415
46847.0,142.318253,-106.184669,342.7715198454459,119.61219605282861
46857.0,146.901184,-103.115997,347.17914730353294,116.50148558127556
46866.0,150.558563,-100.496773,351.1775670595692,113.89254680060775
46875.0,154.268814,-97.687775,355.2700883319374,111.40054642593707
46885.0,158.418762,-94.322296,359.9319173724647,108.7547373881064
46894.0,162.080414,-91.205154,364.1375683416451,106.53164448682082
46904.0,166.043716,-87.621765,368.93090431581436,104.17105029714298
46913.0,169.522461,-84.301727,373.3498855134086,102.14698524901316
46922.0,172.92305,-80.901688,377.75633040853,100.2649545323659
46931.0,176.249252,-77.428841,382.27013500383447,98.46223375000373
46941.0,179.871735,-73.501236,387.3062038828681,96.57648704576306
46950.0,183.182785,-69.802971,391.87324667345854,94.96431348088672
46959.0,186.337982,-66.174057,396.4324931665773,93.4354132507969
46969.0,189.684158,-62.23204,401.57120731501277,91.79306239067509
46978.0,192.667801,-58.660728,406.1844365486938,90.37586694067818
46987.0,195.730118,-54.953106,410.8744339565268,88.97428131717442
46996.0,198.778412,-51.233944,415.5386537311306,87.60706222794735
47006.0,202.15686,-47.094547,420.72096062368774,86.1079309066722
47015.0,205.28978,-43.244213,425.3764262215812,84.7724072186752
47024.0,208.321106,-39.511208,430.03383027827664,83.44365934678709
47034.0,211.682724,-35.358131,435.20701136461275,81.97524937852228
47043.0,214.80542,-31.499506,439.85075913182135,80.6615014649078
47052.0,217.930618,-27.642906,444.5276962583914,79.33843938856268
47061.0,220.962402,-23.910269,449.17041257169905,78.02105100994063
47071.0,224.345764,-19.774897,454.34059997173233,76.54213497599473
47080.0,227.503845,-15.945178,458.9925770537445,75.19451014585698
47089.0,230.484268,-12.371169,463.63873319535674,73.82695153207486
47099.0,233.9366,-8.293192,468.78862805652795,72.27885163032184
47108.0,237.067322,-4.643144,473.41724543915933,70.85305901581829
47117.0,240.223053,-1.014702,478.06872256952244,69.38478129010186
47126.0,243.508011,2.706751,482.6930148538305,67.88806655006586
47136.0,246.962891,6.553845,487.8118287892235,66.18470418640402
47145.0,250.312546,10.217175,492.44256621619405,64.59826514630615
47154.0,253.693405,13.851736,497.02617196510056,62.98123314837183
47163.0,257.112091,17.450735,501.6264071352803,61.308404907167954
47173.0,260.956512,21.40554,506.69238106559743,59.40423296494167
47182.0,264.452454,24.929546,511.2066955492841,57.64982474655376
47191.0,267.984741,28.41713,515.7824231929031,55.8162776807113
47200.0,271.553436,31.867439,520.2750215429088,53.96133988949618
47209.0,275.162445,35.27557,524.8104170083657,52.030183167955315
47218.0,278.694733,38.538574,529.3075516286159,50.05399206757187
47228.0,282.790161,42.232838,534.3145253483366,47.78233959880122
47237.0,286.397034,45.413197,538.7790383258692,45.692530472425936
47246.0,290.159424,48.651199,543.2345141906812,43.543545939289146
47255.0,293.959229,51.845226,547.6332758449797,41.35712261189781
47264.0,297.675201,54.897408,552.0510418419464,39.09359464940988
47273.0,301.673706,58.093708,556.4248140486292,36.782855289457814
47282.0,305.592834,61.140137,560.7377641656678,34.4316827424457
47291.0,309.552246,64.13401,565.0332281029968,32.013384192980375
47300.0,313.673676,67.170151,569.3106267560908,29.52877950247272
47310.0,318.165497,70.370705,573.9958606816549,26.71792551117863
47319.0,322.122375,73.10334,578.1993015074314,24.1101515697148
47328.0,326.246826,75.865425,582.3496494119198,21.450491707448947
47337.0,330.541931,78.650467,586.4887810693704,18.710454415139548
47346.0,334.615387,81.206108,590.5860316842065,15.90817808327225
47355.0,338.857635,83.783607,594.598011380481,13.073822781873218
47364.0,343.134338,86.303551,598.5809554966318,10.169458052907615
47373.0,347.449402,88.757225,602.5612785959501,7.174687119717261
47382.0,351.938965,91.216537,606.4947663011509,4.118660387124935
47391.0,356.192261,93.460136,610.352724621547,1.022605267513959
47400.0,360.615631,95.7127,614.2023839566373,-2.165458680766002
47410.0,365.572235,98.131783,618.3797837151781,-5.740304415371708
47419.0,370.066193,100.240021,622.1239286614081,-9.05164966408718
47427.0,374.211945,102.115486,625.4370525425361,-12.069128030998959
47437.0,379.274139,104.305038,629.4568582190893,-15.845525936242945
47446.0,384.003082,106.264954,633.0181843215767,-19.303440283456027
47455.0,388.471863,108.041,636.5370320107883,-22.82896660691683
47464.0,393.2547,109.865456,640.0137721850871,-26.42005369789446
47473.0,397.77417,111.508217,643.3764819798913,-30.000798577638797
47482.0,402.318329,113.081413,646.7297680156325,-33.68415271209114
47491.0,407.181885,114.678337,650.0126083785224,-37.40748111456938
47500.0,411.923798,116.146179,653.2330792894877,-41.184885296351524
47509.0,416.687744,117.54084,656.4010315931388,-45.02880297485039
47518.0,421.624634,118.894112,659.504023212259,-48.92534861540412
47527.0,426.584442,120.160789,662.5175714401898,-52.84809341764622
47536.0,431.415222,121.302666,665.5010452128748,-56.879856176120555
47545.0,436.267029,122.351517,668.3888377990927,-60.93846171204909
47554.0,441.289581,123.340599,671.2188136967033,-65.07941125434772
47563.0,446.32785,124.246284,673.9726157910754,-69.27140370638666
47572.0,451.381165,125.063713,676.6515147501636,-73.51165453150492
47581.0,456.294159,125.772797,679.2191262028927,-77.7397476162652
47590.0,461.372528,126.416481,681.7557596133354,-82.08657516440329
47599.0,466.305878,126.966393,684.2018092792209,-86.44552799353447
47608.0,471.24707,127.440659,686.5527429441657,-90.79782745573235
47617.0,476.194763,127.841347,688.8596435639153,-95.23199460021043
47626.0,481.302795,128.176331,691.0904941191055,-99.68563701038347
47635.0,486.41568,128.426743,693.2352724820073,-104.14313916737804
47644.0,491.376923,128.589279,695.3212045919898,-108.66646893092528
47653.0,496.340057,128.676727,697.3414013822774,-113.23838687234964
47662.0,501.459045,128.686768,699.2620591418466,-117.7782384207866
47671.0,506.422424,128.615417,701.1350316504434,-122.41241609505062
47680.0,511.383942,128.462418,702.92554094592,-127.06060944086357
47690.0,517.23761,128.186249,704.8265458439645,-132.2564367456997
47699.0,522.191589,127.872566,706.4537156842674,-136.9460565119204
47708.0,527.293701,127.456612,708.0165168685014,-141.71196452104908
47717.0,532.234558,126.979027,709.4689690981061,-146.42254419153076
47726.0,537.015015,126.457954,710.8529996033058,-151.17163455351164
47735.0,542.096985,125.843361,712.1850732995979,-155.97134335560904
47744.0,547.016479,125.180931,713.4477980947014,-160.75411721576734
47753.0,551.927734,124.459793,714.660457148792,-165.60314668083953
47762.0,556.829468,123.67659,715.8026913103372,-170.43383155579448
47771.0,561.873596,122.804291,716.8907253732892,-175.31233651248584
47780.0,566.7547,121.901497,717.9129027997627,-180.18745479064654
47789.0,571.625977,120.947197,718.8759225394423,-185.0746030284507
47798.0,576.335388,119.974609,719.7775550323777,-189.93839358245958
47807.0,581.186401,118.922173,720.6394422804567,-194.8793830647919
47816.0,586.178528,117.789375,721.4398952475914,-199.76084542283465
47825.0,590.858276,116.682968,722.1947369454472,-204.66700779806212
47834.0,595.828735,115.458771,722.9078283208922,-209.61424232099228
47843.0,600.788147,114.190613,723.5708889563593,-214.53364938227654
47852.0,605.58905,112.929008,724.1896939885944,-219.44144726296227
47861.0,610.530945,111.594131,724.7721680289675,-224.35368949007957
47871.0,615.844604,110.11586,725.3801941383555,-229.8181652214913
47880.0,620.617249,108.751228,725.8943036985391,-234.77269005010768
47889.0,625.229248,107.389732,726.365722236478,-239.67951620082127
47898.0,629.967041,105.908653,726.7845085618751,-244.62571001572744
47907.0,634.535095,104.406227,727.128565746097,-249.5603857253935
47916.0,639.228333,102.789436,727.3983969451572,-254.4824147211688
47925.0,643.903015,101.119865,727.6005771991439,-259.40768643510506
47934.0,648.719299,99.385551,727.755663460162,-264.3863984340992
47943.0,653.551697,97.696709,727.9011407864836,-269.3136709715955
47952.0,658.113953,96.176743,728.0880646133417,-274.27404139363784
47961.0,662.8479,94.683403,728.3467181933495,-279.2657071536978
47970.0,667.600464,93.250511,728.6784899214496,-284.218498564746
47979.0,672.211792,91.886726,729.0720358922492,-289.218633389107
47988.0,677.268005,90.38633,729.4949048996331,-294.2682637930522
47997.0,682.168579,88.906982,729.9105054617537,-299.28390881288675
48006.0,686.909973,87.437492,730.3070688581073,-304.3529617233201
48015.0,691.926514,85.809273,730.6591765417822,-309.42529650281114
48024.0,696.628723,84.218849,730.9463592763542,-314.4499303072978
48033.0,701.317078,82.58812,731.174459901244,-319.49484607839713
48042.0,706.141785,80.877502,731.3563875051364,-324.5416378691754
48050.0,710.294617,79.386581,731.4912079728608,-329.0381434809259
48060.0,715.47937,77.505569,731.6326898620404,-334.5690045241183
48069.0,719.996399,75.856049,731.7419123501787,-339.4627340215035
48078.0,724.655762,74.144211,731.8407006051104,-344.3911637097436
48087.0,729.167114,72.47924,731.9280935653866,-349.2680932196525
48096.0,733.82019,70.750374,732.0063322133786,-354.1968919602382
48105.0,738.470642,69.014351,732.0745762453035,-359.09136442390934
48115.0,743.474487,67.140793,732.1411802815782,-364.5029747711689
48124.0,747.976257,65.450127,732.1957804669548,-369.43209204822733
48133.0,752.477478,63.758015,732.2449945039756,-374.2750830076377
48142.0,757.12384,62.011177,732.2920175962478,-379.13533227825593
48152.0,762.286255,60.069637,732.3432329681181,-384.5298736334369
48161.0,766.93158,58.320019,732.3883444858628,-389.40737749557053
48170.0,771.430908,56.622913,732.4307079539151,-394.2159604297752
48179.0,775.930847,54.927334,732.4717511227798,-399.09350022279085
48189.0,781.090637,52.978863,732.5157291012797,-404.522578038383
48198.0,785.443726,51.333496,732.552303284483,-409.365680947004
48207.0,789.940857,49.630573,732.5856596432263,-414.2605154997606
48216.0,794.43634,47.923309,732.6147425736586,-419.1209052297009
48225.0,799.075134,46.156425,732.6384303468578,-424.0502679877701
48235.0,804.226929,44.186832,732.6575021708419,-429.41054706010385
48244.0,808.717224,42.465977,732.6695661480513,-434.27100882872276
48253.0,813.350525,40.68475,732.6766543963392,-439.1314804005446
48263.0,818.336609,38.764431,732.6790489426302,-444.5090286014512
48272.0,822.822144,37.031147,732.6759884848695,-449.38674011482755
48281.0,827.450867,35.238064,732.6677851416906,-454.2299741747849
48290.0,831.9328,33.495544,732.653862663093,-459.12490258183215
48300.0,837.069763,31.487585,732.6306794282946,-464.5024013428315
48309.0,841.689697,29.671925,732.6012751345918,-469.3800251866347
48318.0,846.307007,27.849657,732.5635663783122,-474.240355647977
48327.0,850.777893,26.078876,732.518097835595,-479.0833832202704
48336.0,855.39093,24.245781,732.4652059574018,-483.9952823954478
48346.0,860.354187,22.267298,732.4010938879801,-489.3552119761722
48355.0,864.819763,20.483204,732.337179057827,-494.2325056795094
48364.0,869.428162,18.638483,732.2695363732987,-499.05803688065305
48374.0,874.228638,16.717081,732.1908408903458,-504.4350097658263
48383.0,878.693176,14.930415,732.1174470481623,-509.27769464080006
48392.0,883.157776,13.143903,732.0428442529522,-514.1031232568846
48401.0,887.767273,11.301976,731.9667823198192,-518.9802426481292
48411.0,892.888489,9.25418,731.8828229192046,-524.3571359152468
48420.0,897.352356,7.465846,731.8058338246626,-529.217002870532
48429.0,901.817383,5.68044,731.7273654997047,-534.042370175511
48439.0,906.939331,3.63454,731.6391638149797,-539.4709096156514
48448.0,911.549744,1.794882,731.561051315014,-544.3307586442876
48457.0,916.017944,0.017366,731.4845747498555,-549.1906336919337
48466.0,920.487122,-1.75773,731.4108248439719,-554.0850262892715
48475.0,924.957275,-3.530302,731.3403999807804,-558.9622303359365
48485.0,929.765076,-5.433359,731.2650104943438,-564.3737254226523
48494.0,934.382263,-7.255909,731.2005465207243,-569.2165374002616
48503.0,938.855896,-9.019748,731.138933345419,-574.0938607226132
48513.0,944.149109,-11.101324,731.0737654177545,-579.4882515675814
48522.0,948.480713,-12.802383,731.0175090557223,-584.3139289425944
48531.0,953.10144,-14.615983,730.9625412034856,-589.19133168477
48540.0,957.577454,-16.373642,730.9089677936933,-594.034276382379
48550.0,962.710388,-18.391768,730.8475820094847,-599.4631852760596
48559.0,967.185791,-20.150963,730.7912690489559,-604.2888619909315
48568.0,971.516968,-21.853178,730.733045299439,-609.2007008576778
48577.0,976.136597,-23.669632,730.6738896581619,-614.0780546057907
48586.0,980.755737,-25.487249,730.6125332255662,-618.9726182567888
48596.0,985.725464,-27.449495,730.5417151155941,-624.3841750978054
48605.0,990.340149,-29.278385,730.4724595717391,-629.2786333533367
48614.0,994.808777,-31.054777,730.3971246837667,-634.173001811083
48623.0,999.27655,-32.833263,730.3185381159923,-638.9983671917922
48632.0,1003.599548,-34.55608,730.2350845797671,-643.909842180545
48642.0,1008.721313,-36.602451,730.1384747331088,-649.3382384932617
48651.0,1013.186035,-38.388622,730.0470659131547,-654.2150943863305
48660.0,1017.649353,-40.178303,729.9515269849436,-659.0918711176724
48669.0,1022.113037,-41.967064,729.8532300051978,-663.9513537905013
48679.0,1027.071655,-43.957054,729.7405060986969,-669.396678830792
48688.0,1031.535034,-45.746529,729.6382196241669,-674.2388396017184
48697.0,1035.998535,-47.535885,729.5334569407611,-679.1499062718032
48706.0,1040.750366,-49.439705,729.4290514252674,-684.043740906715
48715.0,1045.214111,-51.228329,729.3248732690173,-688.9203407350674
48725.0,1050.333496,-53.280617,729.2089202177956,-694.3311186401534
48734.0,1054.79834,-55.066448,729.1054518051169,-699.1904939530233
48743.0,1059.552124,-56.965427,729.0032316784192,-704.1016142023707
48752.0,1064.163452,-58.802853,728.9055772911747,-708.943870605642
48762.0,1069.289429,-60.838707,728.8006983568358,-714.3721134520445
48771.0,1073.904297,-62.667088,728.711662557282,-719.2317746305783
48780.0,1078.520264,-64.492722,728.6266491533538,-724.0915078398095
48789.0,1082.993652,-66.257088,728.5465352079534,-728.899609986638
48799.0,1087.965332,-68.214424,728.4613701037051,-734.2937221797697
48808.0,1092.584839,-70.031235,728.3874768945589,-739.1536371931618
48817.0,1097.060425,-71.790001,728.3162598163431,-743.9618793487062
48827.0,1102.194214,-73.806053,728.237717041153,-749.3733295869215
48836.0,1106.814575,-75.620499,728.1685224304683,-754.2160762827773
48845.0,1111.290283,-77.378944,728.0991214596895,-759.0588200257008
48854.0,1115.765503,-79.138672,728.0290568521558,-763.8670791128711
48864.0,1120.73584,-81.099419,727.9480060037124,-769.2612546946482
48873.0,1125.205933,-82.872231,727.869976330846,-774.1211050538573
48882.0,1129.671143,-84.657211,727.7829430853649,-778.9635640024237
48891.0,1134.27356,-86.516747,727.6805655521594,-783.8574414821107
48901.0,1139.21521,-88.548584,727.5451922514068,-789.2332860163555
48910.0,1143.793823,-90.465904,727.3932985614139,-794.1431209794503
48919.0,1148.216309,-92.35421,727.2092252925848,-799.0173589717757
48928.0,1152.906128,-94.405945,726.9849164844643,-803.9416725147823
48937.0,1157.43335,-96.441879,726.7169483273713,-808.8465419447133
48947.0,1162.434937,-98.766617,726.3587264588228,-814.2985135321783
48956.0,1166.769653,-100.848495,725.9764823318793,-819.1958026277192
48965.0,1171.355469,-103.123314,725.5265067827205,-824.1392566070821
48974.0,1175.77002,-105.393211,725.0110965535279,-829.0589874941558
48983.0,1180.153687,-107.722176,724.4288373744464,-833.9538983778813
48992.0,1184.500854,-110.118568,723.7659533108349,-838.9081100662144
49001.0,1188.809082,-112.584267,723.0309726778104,-843.8172870552827
49010.0,1192.943848,-115.03936,722.212377150335,-848.7306897743442
49019.0,1197.038818,-117.56044,721.3153615016787,-853.6128591862947
49028.0,1201.348755,-120.322502,720.3247280776411,-858.5296540886777
49037.0,1205.478027,-123.077316,719.251728614013,-863.3938392278662
49046.0,1209.556519,-125.906853,718.0711812153859,-868.30398310276
49055.0,1213.711914,-128.896378,716.8164615997579,-873.1244917484743
49064.0,1217.682861,-131.874908,715.4714313932155,-877.9205858531362
49073.0,1221.597534,-134.927124,714.0192933310896,-882.7393734434696
49082.0,1225.56897,-138.156952,712.4659415268709,-887.5446105036838
49091.0,1229.472778,-141.46817,710.8297609104276,-892.267590677788
49100.0,1233.193359,-144.754059,709.0930501953907,-896.9545368719407
49109.0,1236.841187,-148.120605,707.2365687554299,-901.6509910339236
49118.0,1240.520142,-151.680054,705.2876585437473,-906.2724600297862
49127.0,1244.116089,-155.32338,703.2299183862107,-910.8465098914494
49136.0,1247.413452,-158.823654,701.0566003220329,-915.3859049375039
49145.0,1250.736816,-162.510834,698.7761899536173,-919.8724567697967
49154.0,1254.07251,-166.393784,696.3826707676469,-924.3192838339985
49163.0,1257.320435,-170.350494,693.8867116672754,-928.7094311210263
49171.0,1260.136475,-173.924606,691.5704502079705,-932.5859037440077
49180.0,1263.121582,-177.890579,688.9043238659494,-936.8341971685844
49189.0,1266.005371,-181.930893,686.1093993809257,-941.0610142378258
49198.0,1268.788452,-186.041229,683.2302781445811,-945.1889773794559
49207.0,1271.554077,-190.348816,680.2274359462023,-949.2707079126353
49216.0,1274.288818,-194.858551,677.1116762319782,-953.2887424245974
49225.0,1276.684448,-199.028107,673.9163410197551,-957.1993738204324
49234.0,1279.042114,-203.396332,670.599688379862,-961.0532517638019
49243.0,1281.296875,-207.818573,667.2205507653372,-964.7829766563817
49252.0,1283.50647,-212.436157,663.7478708332484,-968.4257658187536
49260.0,1285.321411,-216.457977,660.5663394186024,-971.6061112610981
49269.0,1287.246094,-221.033554,656.9091712777484,-975.0886859152994
49278.0,1289.171387,-225.94371,653.1641388156452,-978.4765963170541
49287.0,1290.867065,-230.608994,649.3735081138365,-981.7346244963538
49296.0,1292.446289,-235.314987,645.5011929750862,-984.8951314494825
49305.0,1293.870239,-239.908096,641.5784206411539,-987.9368534053967
49314.0,1295.230225,-244.682053,637.5680797374272,-990.8913061048225
49323.0,1296.462891,-249.490448,633.4846380066061,-993.7438713623186
49332.0,1297.575195,-254.328125,629.3004655557362,-996.5095408281625
49341.0,1298.568604,-259.191589,625.0459892882424,-999.1657897589391
49350.0,1299.443359,-264.077789,620.7409172247125,-1001.7054714835621
49359.0,1300.190063,-268.985199,616.3734262140684,-1004.1362431730774
49368.0,1300.825073,-273.908295,611.9616527380682,-1006.4487914890582
49377.0,1301.360229,-278.999268,607.4804474192373,-1008.6629341278805
49386.0,1301.764038,-283.946716,602.9791077771565,-1010.7553386460337
49395.0,1302.071289,-289.056488,598.3669263644447,-1012.7695882354496
49404.0,1302.271606,-294.016327,593.774763331645,-1014.6543306372403
49413.0,1302.363525,-298.97937,589.1426974248001,-1016.4387579054595
49423.0,1302.3479,-304.494781,583.9531575620698,-1018.3065627210424
49432.0,1302.24585,-309.457611,579.2321345038904,-1019.8951363584248
49441.0,1302.06189,-314.418091,574.5156915819974,-1021.3866342196854
49450.0,1301.81311,-319.220428,569.7912999781308,-1022.7935110033867
49459.0,1301.480835,-324.173187,565.0453810319341,-1024.1259642548628
49468.0,1301.080078,-329.12088,560.3133622523352,-1025.3783684288626
49477.0,1300.616699,-334.06311,555.5140161331357,-1026.5765656303731
49486.0,1300.079224,-339.153809,550.6995279062854,-1027.7123925622177
49495.0,1299.503296,-344.084167,545.922167614404,-1028.7788570890928
49505.0,1298.804688,-349.555176,540.5761018993144,-1029.9066418502837
49514.0,1298.127075,-354.472595,535.7420070711817,-1030.8713726437484
49523.0,1297.401123,-359.383118,530.9493082479398,-1031.778079301837
49532.0,1296.612183,-364.440948,526.0803278822043,-1032.6512516236985
49541.0,1295.811035,-369.339752,521.255096424954,-1033.474452285439
49550.0,1295.002075,-374.079987,516.4067063195143,-1034.263543182184
49559.0,1294.138062,-378.968109,511.5187680142142,-1035.0234503009574
49569.0,1293.140869,-384.392639,506.13125705084553,-1035.8228232383876
49578.0,1292.213989,-389.269226,501.23341182545033,-1036.5160128615473
49587.0,1291.260742,-394.140747,496.38269769486675,-1037.1725875860725
49596.0,1290.313965,-398.855377,491.52836332082995,-1037.8018377195945
49605.0,1289.312378,-403.717163,486.65361744018094,-1038.4071505783563
49615.0,1288.168579,-409.112701,481.26218657257493,-1039.046910838307
49624.0,1287.150635,-413.8125,476.3983517940513,-1039.5979364209404
49633.0,1286.079956,-418.659546,471.53193596049425,-1040.1256815113331
49642.0,1285.02124,-423.350311,466.66320333967656,-1040.6316070122505
49651.0,1283.907593,-428.187653,461.8094379588126,-1041.1143498026559
49661.0,1282.644653,-433.556549,456.4215714541892,-1041.6250915931637
49670.0,1281.558716,-438.081726,451.54641376245274,-1042.0648135805957
49679.0,1280.348511,-443.055634,446.669454333745,-1042.4840804123767
49688.0,1279.157104,-447.87442,441.7908956076516,-1042.8843087242008
49697.0,1277.946411,-452.688416,436.9108566036817,-1043.2660642287128
49706.0,1276.710205,-457.495911,432.0119924470071,-1043.6275625445269
49716.0,1275.292603,-462.82608,426.52631261351434,-1043.9983826265827
49725.0,1273.981323,-467.613647,421.657389845162,-1044.291077091823
49734.0,1272.637451,-472.392181,416.7347643009824,-1044.5497971394211
49743.0,1271.254517,-477.159515,411.8103156991448,-1044.7711210628058
49752.0,1269.833252,-481.915588,406.9359421842734,-1044.9515699799051
49761.0,1268.417603,-486.51123,402.00856737308095,-1045.093541037748
49771.0,1266.747192,-491.767639,396.54594755243,-1045.2035491859133
49780.0,1265.251343,-496.33783,391.68578337126337,-1045.2586697433935
49789.0,1263.673218,-501.044159,386.73915034870816,-1045.2735507967675
49798.0,1262.057251,-505.73764,381.84426549417356,-1045.2486468537834
49807.0,1260.454834,-510.271576,376.9152760088074,-1045.1835241668562
49816.0,1258.81543,-514.792236,371.96977352874376,-1045.076730321979
49825.0,1257.135864,-519.298157,367.05982887739265,-1044.9284246291675
49834.0,1255.357666,-523.932617,362.0997365361281,-1044.7342617926508
49844.0,1253.332397,-529.062744,356.6253445578293,-1044.4659535171913
49853.0,1251.469482,-533.663818,351.70448246016474,-1044.1756183195196
49862.0,1249.560181,-538.24585,346.7178372151027,-1043.8335687113192
49871.0,1247.477051,-543.091187,341.76939198282446,-1043.4422823403602
49880.0,1245.458862,-547.626282,336.82587238860356,-1042.993028222434
49889.0,1243.386597,-552.136902,331.88834463536296,-1042.4821124496318
49898.0,1241.23999,-556.61261,326.95814617741445,-1041.9047404671132
49907.0,1239.023926,-561.054382,322.0545298090143,-1041.2536289427635
49916.0,1236.738647,-565.460938,317.12805672584045,-1040.5177703435666
49925.0,1234.378906,-569.828064,312.28225429759664,-1039.7129412410154
49934.0,1231.945312,-574.15448,307.3828474097261,-1038.8143662222378
49943.0,1229.444946,-578.442627,302.549907049138,-1037.8438685240426
49952.0,1226.793091,-582.821228,297.70014264218275,-1036.7855677926882
49962.0,1223.848267,-587.484741,292.3669258600793,-1035.521544209905
49971.0,1221.130737,-591.638733,287.5414157639606,-1034.2861992259006
49980.0,1218.345459,-595.74762,282.75380785648366,-1032.9750829971779
49989.0,1215.500366,-599.815247,278.0046187331656,-1031.591391421522
49998.0,1212.594604,-603.839783,273.2610153854636,-1030.1290499700854
50007.0,1209.631348,-607.822144,268.58921527449564,-1028.6112111179514
50016.0,1206.61377,-611.763489,263.92381163727447,-1027.0196121693962
50025.0,1203.541626,-615.662415,259.2489041542062,-1025.350643845649
50034.0,1200.514893,-619.39917,254.66206051825964,-1023.6414383562754
50044.0,1196.986084,-623.637939,249.5694945734254,-1021.6620219788687
50053.0,1193.66333,-627.531921,244.98374651474623,-1019.807213512233
50062.0,1190.393066,-631.266235,240.4698221945354,-1017.9138025222729
50071.0,1187.17749,-634.841797,235.9492314813909,-1015.9482395201102
50080.0,1183.806152,-638.485168,231.4556627372204,-1013.9216615540174
50089.0,1180.495239,-641.972534,227.06861028358867,-1011.8696493163701
50098.0,1176.907227,-645.623596,222.58940024796223,-1009.6905893415121
50108.0,1173.103516,-649.375916,217.77881914159607,-1007.2488668212108
50117.0,1169.632812,-652.704346,213.46443359926235,-1004.9733105449943
50126.0,1166.117188,-655.985352,209.19768119362504,-1002.6454235089162
50135.0,1162.440308,-659.320129,204.90389790949658,-1000.224142149764
50144.0,1158.831665,-662.498535,200.68972336300257,-997.7679638447862
50154.0,1154.640259,-666.083496,196.02579493849566,-994.9551284204234
50163.0,1150.825562,-669.259766,191.85711770742859,-992.3567286819169
50172.0,1146.966919,-672.382446,187.7246587433964,-989.7011055971254
50181.0,1143.185791,-675.353455,183.63053308744188,-986.9867573933861
50190.0,1139.11499,-678.457153,179.56263995847297,-984.2026195012323
50200.0,1134.543091,-681.840698,175.15743281910366,-981.0884824608432
50209.0,1130.640991,-684.65094,171.18801737526917,-978.1948183317329
50218.0,1126.574585,-687.497803,167.28582118550057,-975.2682257959129
50227.0,1122.469849,-690.289001,163.3969185993317,-972.2672280063142
50236.0,1118.457397,-692.939331,159.5766716091294,-969.2344418437277
50245.0,1114.407349,-695.531921,155.75886030835625,-966.116189900262
50255.0,1109.712891,-698.427002,151.59378232150374,-962.6067174560121
50264.0,1105.451294,-700.972351,147.90067454696432,-959.3940125347458
50273.0,1101.14563,-703.442505,144.23243061729463,-956.1011164258956
50282.0,1096.799561,-705.840698,140.63220911313311,-952.7592672104372
50291.0,1092.274658,-708.234314,137.07826607603172,-949.3433241195357
50300.0,1087.705566,-710.542419,133.57425033366053,-945.8517237153088
50309.0,1083.23645,-712.702698,130.1474652923234,-942.3082335443464
50319.0,1078.378052,-714.926331,126.41524306843743,-938.2943234638547
50328.0,1073.82605,-716.90625,123.11995660414374,-934.6050841352361
50337.0,1069.093262,-718.857056,119.90816123091143,-930.8656257798426
50346.0,1064.323608,-720.71582,116.77016132247287,-927.0640294196436
50355.0,1059.664917,-722.429443,113.68521719939301,-923.1751561897228
50364.0,1054.975098,-724.055969,110.68536852693158,-919.2419249928677
50373.0,1050.258667,-725.603821,107.7381575228036,-915.2262591434186
50382.0,1045.36731,-727.113464,104.86359276425168,-911.1582740935272
50391.0,1040.45166,-728.542114,102.08062748442116,-907.0687137312339
50400.0,1035.662354,-729.846924,99.36844508689379,-902.9318711734173
50409.0,1030.703369,-731.116699,96.7071862702737,-898.7212505032298
50418.0,1025.723511,-732.302063,94.14303412730713,-894.5112265010466
50428.0,1020.502441,-733.437256,91.37792435164388,-889.7788777405183
50437.0,1015.634644,-734.40918,88.96232722904598,-885.4621324101936
50446.0,1010.598328,-735.3255,86.61465540681228,-881.0885009378304
50455.0,1005.699402,-736.125916,84.36057232073395,-876.7046341797851
50464.0,1000.78717,-736.840393,82.16203649661328,-872.2349512886499
50473.0,995.555847,-737.510925,80.02684085048001,-867.6965411875623
50482.0,990.622498,-738.060547,77.99739538667983,-863.1853605422052
50491.0,985.68042,-738.525146,76.0248703989309,-858.5926735392284
50500.0,980.576294,-738.9151,74.13929416831483,-853.9822259258416
50509.0,975.776306,-739.205444,72.35228365345908,-849.3881240842371
50518.0,970.971802,-739.408264,70.6267870860712,-844.7154068326568
50527.0,966.009216,-739.522095,68.97043467499013,-839.9629426841826
50536.0,961.04541,-739.548706,67.43252554309271,-835.2614285442901
50545.0,956.236877,-739.499023,65.98454498998024,-830.5494724081352
50554.0,951.274353,-739.38269,64.61390243125771,-825.8323874996238
50564.0,945.589966,-739.185547,63.15571766829046,-820.5489554654445
50573.0,940.786133,-738.967773,61.90519764356768,-815.7986132961208
50582.0,935.830139,-738.687561,60.70651842726722,-811.0349257335008
50591.0,930.877808,-738.348755,59.56301801158919,-806.2576924487186
50600.0,925.929932,-737.950073,58.473796630522,-801.4501176865058
50609.0,920.831665,-737.489807,57.440613801506856,-796.6301891026918
50618.0,915.892517,-736.994812,56.46264586267648,-791.8163413933737
50628.0,910.581909,-736.40686,55.42828251959096,-786.4338652589888
50637.0,905.653137,-735.817322,54.54990727113019,-781.6008529498029
50646.0,900.883057,-735.208374,53.710666804729065,-776.7259093454959
50655.0,895.964661,-734.537659,52.91048275352826,-771.8269379508945
50664.0,891.052185,-733.824829,52.16158997127045,-766.9896166315924
50673.0,886.14563,-733.072693,51.453865525551464,-762.1461009606711
50682.0,881.245483,-732.279541,50.78185537368011,-757.262702485529
50692.0,875.978516,-731.381042,50.08641067786446,-751.8607928094444
50701.0,871.243225,-730.543579,49.49603875302599,-746.9668537720635
50710.0,866.360474,-729.649902,48.943246487596795,-742.1205665658191
50719.0,861.634583,-728.760925,48.41904372930613,-737.27110366336
50728.0,856.609619,-727.78418,47.91963389667255,-732.384372559958
50738.0,851.370789,-726.733948,47.403928207453745,-727.014293688174
50747.0,846.6604,-725.766235,46.961276932809724,-722.1047888088308
50756.0,841.802246,-724.747253,46.54802156422465,-717.2446140203626
50765.0,836.948608,-723.706909,46.15500025133124,-712.3481780404381
50774.0,832.251343,-722.677429,45.78705385422673,-707.484363238966
50783.0,827.556702,-721.635986,45.437016514060865,-702.5846668281318
50793.0,822.009277,-720.380249,45.06759190191954,-697.1161677361792
50802.0,817.171936,-719.266541,44.758774649119786,-692.2655114869527
50811.0,812.338623,-718.135437,44.46644093384185,-687.3793003838173
50820.0,807.660095,-717.023743,44.19303285287946,-682.5092565446521
50829.0,802.983887,-715.902405,43.93208210420227,-677.5694888970412
50838.0,798.161072,-714.727478,43.68738526965189,-672.646146356612
50848.0,792.972717,-713.45105,43.43437532759216,-667.2227889131489
50857.0,788.154663,-712.256653,43.21771457796953,-662.3153854064602
50866.0,783.188354,-711.015686,43.01229574349562,-657.4247493488563
50875.0,778.525635,-709.839478,42.81867934241058,-652.550881104495
50884.0,773.714478,-708.617615,42.63309962646132,-647.6077080471754
50894.0,768.538574,-707.291443,42.441180645577,-642.1990917959527
50903.0,763.882935,-706.087708,42.27633621967229,-637.2724291703523
50912.0,759.078674,-704.838867,42.12163989615732,-632.3799260285016
50921.0,754.275879,-703.584412,41.973506655769064,-627.45273262309
50930.0,749.474731,-702.323669,41.832471332708906,-622.5425737564645
50939.0,744.825256,-701.096252,41.699793897510645,-617.6839082151928
50949.0,739.494385,-699.681396,41.55813170517995,-612.2220176156937
50958.0,734.697632,-698.404236,41.43826043576899,-607.3457783011265
50967.0,729.752014,-697.083252,41.32264659296979,-602.3832337239693
50976.0,724.808167,-695.755493,41.21394978657285,-597.4722525529438
50985.0,720.015564,-694.462769,41.11146810003149,-592.5611377546713
50994.0,715.074036,-693.126648,41.014375041030696,-587.6499134678213
51004.0,710.084351,-691.770447,40.913224144888225,-582.2388386074573
51013.0,705.146118,-690.42218,40.82714139313655,-577.3101706260358
51022.0,700.35907,-689.108948,40.747821908816846,-572.4331031266532
51031.0,695.573181,-687.791504,40.67394685787312,-567.5387124166322
51040.0,690.938171,-686.510498,40.605392370840356,-562.6614817211996
51049.0,686.302979,-685.230225,40.54028808491013,-557.7497292345772
51059.0,680.988403,-683.755249,40.472256118513535,-552.3036624772723
51068.0,676.355713,-682.465942,40.41577482084753,-547.4090401416327
51077.0,671.424377,-681.09259,40.36283388613776,-542.4799047642392
51086.0,666.64325,-679.757996,40.31326437848084,-537.6024441710579
51095.0,661.862854,-678.420837,40.26664103247354,-532.6904814959661
51105.0,656.55188,-676.933105,40.218386651721445,-527.2786764215983
51114.0,651.921326,-675.636047,40.176294708501956,-522.3666728256914
51123.0,647.291443,-674.336609,40.13611625240789,-517.5063621529649
51132.0,642.661865,-673.036133,40.09779053925707,-512.6288002503503
51141.0,637.882629,-671.694946,40.06123143626984,-507.7512247864389
51151.0,632.738708,-670.249695,40.020978949366516,-502.3393542793487
51160.0,627.95929,-668.909119,39.98455139640062,-497.4445416191018
51169.0,623.326599,-667.619751,39.94666283212067,-492.61868507723506
51178.0,618.542786,-666.294861,39.90171463898467,-487.67223388819895
51187.0,613.757874,-664.973999,39.85125040990988,-482.77754581774167
51197.0,608.606628,-663.555237,39.79157271770009,-477.3313811079146
51206.0,603.820435,-662.239075,39.73602278266555,-472.4195112742764
51215.0,599.03418,-660.922974,39.68015603559022,-467.54211874540425
51224.0,594.248535,-659.604614,39.62365378877372,-462.630259774099
51234.0,588.930054,-658.14386,39.56219967063085,-457.2530621974529
51243.0,584.142761,-656.831726,39.50587462850696,-452.2894906274492
51252.0,579.355652,-655.518738,39.45019910152958,-447.377622215777
51261.0,574.718506,-654.245544,39.396524964793834,-442.500205065156
51270.0,569.932983,-652.926819,39.34647002023639,-437.6572227239849
51280.0,564.781555,-651.508545,39.294753806096786,-432.27992267469244
51289.0,560.147339,-650.224609,39.25171736026969,-427.4196364682965
51298.0,555.364807,-648.895203,39.21493920476969,-422.59377133619233
