cntlog,x_original_mm,y_original_mm,x_recovered_mm,y_recovered_mm
10.0,-0.005325,5.515432,-0.0021402997693549092,5.291369635562233
19.0,-0.013507,10.169072,-0.007819604157359664,10.082900077671464
29.0,-0.024739,15.684495,-0.017970187280307352,15.443203467725473
38.0,-0.034895,20.338131,-0.029111869110769625,20.26919588057678
47.0,-0.044853,25.146891,-0.04047123346119928,25.043480441804867
57.0,-0.060957,30.662302,-0.053791916622573425,30.369305317991916
66.0,-0.078167,35.471039,-0.06699641889593017,35.195292527578374
75.0,-0.093585,40.434906,-0.08035284512397711,39.98680771987781
85.0,-0.108785,45.777962,-0.09363307045137306,45.36434005567468
94.0,-0.124714,50.741829,-0.10417809397607916,50.17309803472163
103.0,-0.141366,55.705692,-0.11538556058731039,55.01632607468224
113.0,-0.159702,61.048737,-0.12878553870611778,60.37662232660234
122.0,-0.17457,65.857483,-0.1410309285606196,65.16814048712152
132.0,-0.194031,71.372887,-0.1540490747546213,70.51120189585161
141.0,-0.211789,76.181625,-0.16616834755549592,75.31995616507723
150.0,-0.230659,80.990356,-0.18000868268956494,80.21488480507138
159.0,-0.253977,85.954193,-0.1952962373285764,85.07533750357902
169.0,-0.283837,91.297188,-0.2154481833353962,90.47008433231473
178.0,-0.311365,96.105881,-0.2363772142502351,95.296044224568
187.0,-0.340786,101.069687,-0.25888479232903383,100.1564688513559
196.0,-0.37621,105.878326,-0.2827460374225834,104.98241513648537
206.0,-0.418298,111.221237,-0.31293431060095767,110.35987913497837
215.0,-0.459987,116.029823,-0.3432527861714207,115.22026131478648
224.0,-0.503602,120.993523,-0.37512969858056777,120.04616131047928
234.0,-0.551205,126.508751,-0.411506413031439,125.4408231332192
243.0,-0.592092,131.162216,-0.44377287347921734,130.24948442032388
252.0,-0.632947,135.815689,-0.4764793853889821,135.10985111717255
262.0,-0.675296,141.1586,-0.5115762711441404,140.45281311387453
271.0,-0.708482,145.967255,-0.5401169846665974,145.29597002667842
280.0,-0.737792,150.77594,-0.5639653398597613,150.173624199546
289.0,-0.763182,155.584641,-0.5834672376878306,154.99959006991367
299.0,-0.787906,160.927658,-0.6007794035535455,160.37711093698977
308.0,-0.806649,165.736389,-0.6123084796264737,165.16863087460484
317.0,-0.822054,170.390015,-0.6210366424437189,170.0290997782119
327.0,-0.842696,175.733047,-0.6286823317267018,175.4066430770019
336.0,-0.867417,180.541748,-0.6362543664352386,180.2326424108459
345.0,-0.896041,185.350433,-0.6464451457210381,185.09310846789995
355.0,-0.935085,191.038086,-0.6612695890160786,190.45340096958708
364.0,-0.975018,195.846695,-0.6788930455371567,195.31384575967957
373.0,-1.020124,200.810379,-0.701226129023093,200.13979935864364
382.0,-1.072162,205.618866,-0.7286732467730381,205.03467061346117
392.0,-1.12475,211.134048,-0.7623407049008538,210.4293500246352
401.0,-1.173221,215.942581,-0.7912380093175484,215.25526878190513
410.0,-1.225914,220.906189,-0.8195655421772146,220.15013502077147
419.0,-1.278026,225.714676,-0.8492277016228327,224.9932851950553
429.0,-1.332682,231.229843,-0.8815080547384269,230.40520912532568
438.0,-1.377513,236.038406,-0.9070573247566175,235.23114676901466
447.0,-1.419474,240.847,-0.92936020602222,240.12604416599845
456.0,-1.452567,245.500534,-0.9467022777026056,244.96925412499448
466.0,-1.485218,251.015869,-0.9583241670352153,250.34679030047616
475.0,-1.512917,255.979675,-0.9629275706876621,255.19002912001037
484.0,-1.539402,260.943481,-0.9639562352946317,260.0505057515359
494.0,-1.568099,266.114136,-0.9627489533774761,265.41081861649377
503.0,-1.596814,270.922821,-0.9619261136204251,270.23682382048054
512.0,-1.630392,275.731476,-0.9638606148659504,275.13177164484154
521.0,-1.671442,280.69519,-0.970265293017551,279.9922441654773
531.0,-1.724513,286.037994,-0.984183837005344,285.40424646798635
540.0,-1.780065,291.001587,-1.0029411834529105,290.2646870144504
549.0,-1.836731,295.810028,-1.0269761743925403,295.1251043281147
558.0,-1.892861,300.618469,-1.0539227441673886,300.00274236885895
568.0,-1.954058,305.961182,-1.0831521879547181,305.3285036939681
577.0,-2.006632,310.769653,-1.1083147114444163,310.2061512644215
586.0,-2.056017,315.578156,-1.1306091760340764,315.0321050419479
595.0,-2.100812,320.231598,-1.1490119725605508,319.89254694375444
605.0,-2.147796,325.746826,-1.1635051272408516,325.2873119428577
614.0,-2.184977,330.55545,-1.1712364950005032,330.13054677923725
623.0,-2.21453,335.364136,-1.1727376300477697,335.0082590217472
633.0,-2.245534,341.051849,-1.1668491322254935,340.36856878829576
642.0,-2.272401,345.860535,-1.156413827203528,345.2290343265098
651.0,-2.298448,350.824371,-1.1427476673591528,350.10672765535014
660.0,-2.319942,355.633087,-1.126425091230419,354.9671769882067
670.0,-2.342688,361.148468,-1.1044344765761742,360.39638838612063
679.0,-2.364354,366.112305,-1.082345803131945,365.2395790229709
688.0,-2.383663,370.921021,-1.058541966792957,370.1344693509443
697.0,-2.397516,375.884888,-1.032221608297536,374.99487482605497
706.0,-2.407133,380.848755,-1.000806970140434,379.88972222572136
716.0,-2.401571,386.191833,-0.9562142284805623,385.2843223901889
725.0,-2.374315,391.15564,-0.8998234282234991,390.19618264222413
734.0,-2.317461,396.119202,-0.8196099819756459,395.1249496395854
743.0,-2.222465,401.082184,-0.708824764402155,400.01864400898353
752.0,-2.088293,406.04425,-0.5599737190814297,404.94581578166844
761.0,-1.896492,411.159668,-0.36697960399540563,409.871456002267
771.0,-1.620584,416.495605,-0.09126152565059814,415.31096434537847
780.0,-1.309386,421.294281,0.22731139064440525,420.2991644247256
789.0,-0.902004,426.397064,0.6150663993037349,425.28246401313635
798.0,-0.446217,431.184174,1.0739200114253182,430.2077917248963
807.0,0.11548,436.11618,1.6190566963447912,435.17633826582255
816.0,0.763743,441.037567,2.252298464247207,440.1344259614951
825.0,1.541604,446.097137,2.982527055684628,445.0791600229834
834.0,2.409985,450.984467,3.8172864228798447,449.98984243138113
843.0,3.430645,456.000702,4.77996606538459,454.9297479667266
852.0,4.553402,460.835938,5.844586417632092,459.72517647348786
861.0,5.827292,465.633575,7.049700161106163,464.50501738888727
870.0,7.21656,470.237305,8.405812372633543,469.2442301907123
879.0,8.76309,474.790588,9.900357002404988,473.8692242981008
889.0,10.802408,480.10022,11.75038355119712,478.93687673447073
898.0,12.696396,484.520294,13.556356026181723,483.33779772239035
908.0,15.070758,489.498474,15.741757881004556,488.0999490969631
917.0,17.259726,493.605164,17.89949542066716,492.32015347457445
927.0,19.987844,498.19928,20.516574240574982,496.91901155581843
936.0,22.545319,502.087189,23.042352945010144,500.9094133542167
946.0,25.717182,506.386932,26.050514457035426,505.1784541724514
955.0,28.65785,509.993713,28.921976595433442,508.840577103805
965.0,32.221004,513.97522,32.28144107019486,512.7029973096476
975.0,35.869511,517.639221,35.86873193009178,516.4269319155409
984.0,39.191154,520.672913,39.231460154370886,519.5937679094426
994.0,43.167065,523.97876,43.11453333981218,522.9028268747552
1004.0,47.149609,526.999207,47.15485498769251,526.0179399675784
1014.0,51.106297,529.762329,51.31769207642387,528.9374171996884
1024.0,55.448803,532.569275,55.64006657591148,531.7119670794225
1033.0,59.697041,535.136902,59.62845144975254,534.0760957301599
1043.0,64.060028,537.575745,64.13178896034746,536.5461158949807
1053.0,68.806328,540.029541,68.76326875952886,538.8836956049564
1062.0,72.99868,542.049561,73.0445595992024,540.8770378541865
1072.0,77.875153,544.233276,77.87327639328768,542.95513242281
1081.0,82.164299,546.038696,82.29211463836407,544.7168107947507
1091.0,86.974518,547.935547,87.28547481894624,546.5690910541576
1100.0,91.625412,549.670288,91.87839115614085,548.159485239034
1109.0,96.159904,551.271118,96.46810247109012,549.6510873814966
1118.0,100.719398,552.799255,101.10047580902538,551.0646292847858
1128.0,105.816498,554.401733,106.28793587605401,552.5458306553178
1137.0,110.422455,555.783569,110.96711690740356,553.7957299833545
1146.0,115.198418,557.136475,115.73175673526329,554.9906184169123
1155.0,119.844162,558.377991,120.49688473855238,556.1104724510533
1165.0,125.191833,559.727966,125.78398826819102,557.2665429139201
1174.0,130.017746,560.890198,130.56332328106637,558.2412407177763
1183.0,135.006165,562.039062,135.38724982581792,559.1682163100758
1192.0,140.006714,563.133911,140.1868690183681,560.0375462708168
1201.0,144.865631,564.149414,145.02933071454072,560.8622375942697
1211.0,150.274841,565.226685,150.39058949671238,561.7188146549937
1220.0,155.150955,566.156067,155.23132151721646,562.4453347518789
1229.0,160.034042,567.048035,160.0950519590542,563.1335768946014
1238.0,164.770752,567.877441,164.94699785972458,563.7809862878601
1247.0,169.512665,568.676575,169.80370666446413,564.3916396522794
1256.0,174.41333,569.466309,174.71600242577966,564.9736620392621
1266.0,179.694412,570.277893,180.09494559276808,565.5711007846894
1275.0,184.451462,570.981323,184.99793948274424,566.0808352509491
1284.0,189.365875,571.680481,189.8353233771285,566.5540700786081
1293.0,194.130051,572.333862,194.72675814243593,567.0050878106533
1302.0,199.051498,572.981628,199.62050466504817,567.4302889751601
1312.0,204.352219,573.653137,204.9974906205022,567.8681490920156
1321.0,208.971313,574.219116,209.86105869815142,568.2393424758596
1330.0,213.90036,574.806213,214.74334723750255,568.5911614122916
1339.0,218.6772,575.359497,219.6269296227663,568.9245396237169
1348.0,223.610291,575.91156,224.5288579254332,569.2417934233646
1358.0,228.921951,576.490112,229.93090235873808,569.5702421847113
1367.0,233.857956,577.015564,234.85223428107386,569.8525016777921
1376.0,238.794464,577.536194,239.72256053520084,570.1208319826401
1385.0,243.732101,578.046021,244.59340691682777,570.3795490109358
1394.0,248.82486,578.563843,249.48195737028968,570.6297337616079
1404.0,254.313217,579.109741,254.9219071874014,570.896599759462
1413.0,259.253784,579.590393,259.8114986839284,571.1255384905718
1422.0,264.195282,580.061462,264.66712516284304,571.3426229004696
1431.0,269.137604,580.523804,269.5576156004552,571.5514798494455
1440.0,274.080475,580.980042,274.41403331688497,571.7500777026686
1450.0,279.401855,581.460876,279.8047067434937,571.9606470611611
1459.0,284.346191,581.900879,284.69629350026895,572.1420222150609
1468.0,288.982269,582.304993,289.5537605843666,572.3130417188177
1477.0,293.92807,582.728516,294.4632029109239,572.4771365087564
1487.0,299.424316,583.18811,299.82084758838045,572.6462488320321
1496.0,304.217041,583.580627,304.69639979121587,572.791402859068
1505.0,309.164795,583.980591,309.5549538050753,572.9281034010082
1514.0,313.958405,584.362244,314.3964741676351,573.0571926464457
1524.0,319.285248,584.77832,319.824006709496,573.1939789667126
1533.0,323.925079,585.136536,324.6658785088723,573.3091350901832
1542.0,328.874695,585.512878,329.5767760715223,573.421545886086
1551.0,333.670074,585.871399,334.4016237219988,573.5272438314944
1561.0,339.170685,586.275452,339.86420955035464,573.6389271582591
1570.0,343.967133,586.61969,344.7065836001891,573.7305623908828
1579.0,348.763855,586.959717,349.56632152252337,573.8153059451147
1588.0,353.561035,587.293457,354.4261645717773,573.8937895763668
1598.0,358.891632,587.658264,359.8375799789263,573.9746965569088
1607.0,363.689453,587.982788,364.7148266070355,574.042108000569
1616.0,368.487488,588.304138,369.5404263115271,574.104673150477
1625.0,373.285675,588.622925,374.4005356795275,574.1644316212678
1635.0,378.789154,588.98584,379.77771653163524,574.2273321033973
1644.0,383.742371,589.311218,384.60341820399503,574.2814641212456
1653.0,388.540894,589.624878,389.4119050141358,574.3336090660773
1663.0,393.700684,589.960999,394.77192046325393,574.3900878495057
1672.0,398.499451,590.270874,399.6321451337128,574.439588318384
1681.0,403.453156,590.588928,404.44068421911726,574.4866665798927
1690.0,408.561768,590.914856,409.3009450025175,574.5324842740557
1700.0,414.065948,591.266968,414.66103082998126,574.5818339446135
1709.0,418.86496,591.573303,419.46960411793214,574.6252785412238
1719.0,424.197266,591.912292,424.8124762329357,574.6721000353119
1728.0,428.99646,592.215454,429.6555415733356,574.7133500411953
1737.0,433.950623,592.526245,434.49862660016913,574.7522200454397
1746.0,438.904358,592.843567,439.3072511994402,574.7895558439857
1756.0,444.064392,593.17572,444.68462095063836,574.8334300485443
1765.0,449.018005,593.494812,449.5104557183894,574.8739972808623
1774.0,453.816742,593.805237,454.33629240091653,574.9143360903088
1784.0,459.320709,594.160706,459.696421686277,574.9587152744292
1793.0,464.119507,594.470398,464.50502877108886,574.9982425114337
1802.0,468.918396,594.778564,469.34810881587197,575.0377283847648
1812.0,474.07843,595.110718,474.65654039211114,575.0807371816945
1821.0,479.031891,595.432373,479.51685397859563,575.1205616062551
1830.0,483.98526,595.755493,484.34268772916255,575.1612496617701
1840.0,489.316284,596.114258,489.70278069252726,575.2098180861872
1849.0,494.114075,596.439209,494.51129117355316,575.2597325373224
1858.0,498.912781,596.750366,499.37150332714344,575.3104470899775
1867.0,503.868073,597.042603,504.2663264183879,575.345444960366
1877.0,509.377045,597.309448,509.695582347528,575.3456600619157
1886.0,514.337463,597.494812,514.6247647595258,575.29729622741
1895.0,519.454895,597.622803,519.5875700901353,575.1934767138083
1904.0,524.418457,597.679626,524.4970219783806,575.0296682436937
1913.0,529.537415,597.662415,529.4038000619212,574.7992774956917
1922.0,534.500122,597.555237,534.3233429698583,574.4873866683184
1932.0,540.183289,597.325989,539.7685749516565,574.0382032291387
1941.0,545.293335,597.022949,544.6899685955162,573.5389194343231
1950.0,550.241211,596.624878,549.5836698655974,572.9465798438493
1959.0,555.023987,596.125732,554.4464032489556,572.2513280187869
1968.0,559.793823,595.515198,559.2404693886382,571.4506008542013
1977.0,564.547424,594.788879,564.0810120464406,570.5187612278537
1986.0,569.582336,593.864929,568.895172791562,569.4590279447272
1996.0,575.139648,592.653625,574.1591699981748,568.1296847237547
2005.0,579.952454,591.438293,578.8299020064935,566.7848811506545
2014.0,584.422974,590.14563,583.4206207659633,565.2963825186687
2024.0,589.658508,588.411011,588.3910976859107,563.4817320318517
2033.0,594.164978,586.732849,592.7945902444279,561.682038888731
2043.0,599.246826,584.589355,597.5775040410842,559.5005901665792
2052.0,603.600952,582.548401,601.7892281628549,557.364180913057
2062.0,608.328674,580.059021,606.3561905834971,554.7957336720476
2071.0,612.351624,577.719666,610.2640387828424,552.3653877999516
2081.0,616.25531,575.18634,614.483128032383,549.4664953721275
2091.0,620.446655,572.158325,618.622761979176,546.3109528947533
2100.0,624.092712,569.266541,622.1984573583316,543.3056980186145
2110.0,628.010132,565.891663,625.8573808620674,539.9257714349332
2120.0,631.87207,562.19928,629.5097953912679,536.2171482878827
2130.0,635.292236,558.55426,632.9047764923906,532.408968680455
2140.0,638.612549,554.590454,636.0878159191374,528.4219411401458
2149.0,641.321106,550.998718,638.7321039883128,524.7189199528135
2160.0,644.451355,546.249756,641.655228520265,520.0825097214547
2169.0,646.724731,542.367981,643.8453135177041,516.1136815746229
2179.0,649.147949,537.606018,646.0245715349117,511.5771351694081
2189.0,651.083862,533.185303,647.8869691370752,507.0130740959024
2200.0,652.957092,528.016052,649.6120685249068,501.8833572664532
2210.0,654.367188,523.220703,650.8754797748878,497.15426539179776
2220.0,655.476196,518.346924,651.8557825582086,492.28813533867094
2230.0,656.272217,513.412354,652.5253283827788,487.36960673453217
2240.0,656.743591,508.436279,652.8643923178472,482.5209708653733
2251.0,656.856323,502.93924,652.8617471762478,477.1434227818922
2261.0,656.612183,497.946838,652.5074103958113,472.22675482917595
2271.0,656.031006,493.155945,651.8095330271273,467.36439755763007
2281.0,655.146118,488.587189,650.7853596314574,462.6659580981743
2291.0,653.943237,484.091705,649.4087734980752,457.9865254839018
2302.0,652.172974,479.086945,647.5088779992799,452.9557772810412
2312.0,650.172119,474.506531,645.4391592109122,448.5199253806067
2322.0,647.935913,470.229889,643.082748993995,444.28857638247666
2333.0,645.011169,465.574127,640.1420169759533,439.82757090302965
2343.0,642.165344,461.676483,637.1710255984947,435.9808262560817
2353.0,638.962158,457.839386,633.9253093945281,432.33975425769324
2363.0,635.536133,454.19989,630.4214774429129,428.8969773679259
2373.0,632.043396,450.869568,626.7034459910963,425.66040195021367
2383.0,628.38678,447.720001,622.7842544262115,422.61406764179196
2393.0,624.311401,444.537628,618.6276239030315,419.7157908938601
2403.0,620.100281,441.53717,614.3486083675612,417.03377093126835
2413.0,615.917053,438.801422,609.9077275896901,414.52245523702675
2423.0,611.492493,436.125641,605.3533765759319,412.18532489253084
2432.0,607.576477,433.911682,601.1729724979278,410.22037882018094
2442.0,602.998657,431.507599,596.3627853085912,408.14284032837173
2452.0,598.197815,429.162262,591.473973332193,406.21035478559304
2461.0,593.828552,427.15387,587.0030993168547,404.5852616617125
2470.0,589.416077,425.242218,582.4451155836186,403.0526009731957
2480.0,584.627014,423.29248,577.3258371611746,401.4632791362912
2489.0,579.997437,421.501678,572.7038642598959,400.13601465683945
2498.0,575.486877,419.834595,568.075320034764,398.8969123252477
2508.0,570.44519,418.065399,562.8748430891558,397.5976837056584
2517.0,565.741699,416.478729,558.2258445161218,396.5110676857744
2526.0,561.163147,415.008667,553.4942375449965,395.47720167648373
2536.0,556.058228,413.431244,548.2586898239831,394.41065831094136
2545.0,551.450928,412.054016,543.5698971109226,393.5111334359721
2554.0,546.6828,410.673798,538.788146564329,392.6398723649313
2564.0,541.536926,409.235657,533.4890295909237,391.7247823753167
2573.0,536.746094,407.936462,528.6922217519927,390.9406467364586
2582.0,531.945374,406.674225,523.8551609940315,390.1900728431597
2591.0,527.134949,405.449402,519.0464782120259,389.48239774411934
2601.0,521.946655,404.172546,513.6688668639434,388.7353260077082
2610.0,517.118408,403.019989,508.8153142714485,388.10007394954636
2619.0,512.433472,401.935669,503.99140214720705,387.5050059186857
2628.0,507.741821,400.88089,499.0949243271045,386.9360742281638
2638.0,502.351532,399.712585,493.7147456347311,386.34986617093404
2647.0,497.494415,398.688629,488.8450036146105,385.8537506571832
2656.0,492.630676,397.696503,483.9892906963273,385.39100771628074
2665.0,487.913879,396.760498,479.147947380214,384.960160830158
2674.0,483.042023,395.809082,474.3044938648676,384.5537224111606
2684.0,477.796783,394.791229,468.97876364163545,384.12352213344883
2693.0,472.924377,393.842529,464.1508064660222,383.7390576164743
2702.0,468.206299,392.913025,459.28873581014824,383.34873991071834
2712.0,462.797577,391.833282,453.91194937573135,382.90843650878793
2721.0,458.085297,390.874756,449.085849547748,382.5013199349302
2730.0,453.226044,389.86087,444.22698464150017,382.0729383328853
2739.0,448.524567,388.850708,439.37029553711506,381.620555842636
2749.0,443.309143,387.689728,434.00198734064355,381.0867332552714
2758.0,438.321167,386.538849,429.1175362238877,380.5654959332201
2767.0,433.646301,385.411987,424.2717279523925,380.0085209157841
2776.0,428.985504,384.228241,419.34615825202536,379.39290872636957
2785.0,424.040619,382.90451,414.4622217623277,378.72481990305585
2794.0,419.114838,381.511353,409.5361210593608,377.98647257185235
2803.0,414.357544,380.094147,404.6717548369935,377.18827487333016
2812.0,409.477264,378.549103,399.76907323761236,376.3077420503428
2821.0,404.624939,376.918396,394.91546410218547,375.3528189821913
2830.0,399.80307,375.199738,390.01197736647435,374.29828376437234
2839.0,395.015137,373.388672,385.16215360744627,373.16213482007277
2848.0,390.263428,371.484589,380.2513521236021,371.91248919026054
2857.0,385.408051,369.425018,375.349290361105,370.562544594068
2866.0,380.738495,367.327545,370.5084109125027,369.12411100274835
2875.0,376.119141,365.121643,365.6827528975629,367.5779511996619
2884.0,371.558044,362.797668,360.89436075676133,365.9199746860332
2893.0,367.199768,360.421631,356.1177110849613,364.1278400615416
2901.0,363.502411,358.276764,351.9328396848078,362.4310906667461
2910.0,359.288879,355.652557,347.34004625024795,360.4155323916323
2919.0,355.160767,352.895966,342.78101025624517,358.2433455124887
2928.0,351.115051,350.019775,338.38393193253313,355.97726918528144
2937.0,347.16391,347.015015,334.01332297959834,353.5521081359651
2946.0,343.19101,343.786957,329.69071891992473,350.9744128600405
2955.0,339.323212,340.433685,325.46726341360517,348.26911245545426
2964.0,335.560577,336.962799,321.2887380958492,345.4024922185363
2973.0,332.120605,333.602631,317.28400410630036,342.4695208729752
2982.0,328.686584,330.01828,313.35744475121635,339.40459729345986
2991.0,325.267456,326.208588,309.49044924329263,336.1834539352827
3000.0,322.073822,322.408478,305.7817065701349,332.8841444582513
3009.0,319.003967,318.50769,302.16906223749737,329.4547967297279
3018.0,316.053284,314.515991,298.70468183964675,325.9480536866429
3028.0,312.846649,309.818268,294.9749159861598,321.9083708467379
3037.0,310.16626,305.640259,291.77787405043733,318.2016956779721
3046.0,307.635925,301.36969,288.64833201425745,314.326441936467
3055.0,305.177094,296.879883,285.6722059127662,310.37523033322304
3064.0,303.080048,292.725525,282.84240292929735,306.33897050685096
3073.0,300.990051,288.223053,280.19629443610336,302.28248270376105
3082.0,299.016724,283.499695,277.6550305282531,298.0586034367966
3092.0,297.087708,278.332581,275.03434371398646,293.2840592601202
3101.0,295.506165,273.62738,272.8086738034145,288.847099863179
3110.0,294.166718,269.170654,270.75310429597954,284.38568920532845
3119.0,292.90509,264.369781,268.8459099724931,279.85886240608625
3128.0,291.815063,259.527039,267.0597304059667,275.172094943427
3137.0,290.89447,254.649261,265.4682228184229,270.50666013946426
3146.0,290.148224,249.741791,264.02567791880773,265.7389888913746
3155.0,289.603241,244.964005,262.76697836984556,260.9729786357542
3164.0,289.210876,239.860046,261.6845028359611,256.1638804843566
3173.0,289.005249,234.745163,260.7762379022368,251.3013241077421
3183.0,289.003876,229.574448,259.9836385145242,245.91281246869895
3192.0,289.185089,224.458649,259.45245035959914,241.01209645414517
3201.0,289.536804,219.507233,259.0998079119269,236.14714812160997
3210.0,290.053955,214.726349,258.9219442022127,231.27267958905117
3219.0,290.767731,209.814041,258.92094394210994,226.3949672181116
3229.0,291.71286,204.730438,259.12733738959736,220.96963573190686
3238.0,292.776733,199.881897,259.489507886946,216.17452394703474
3247.0,293.989685,195.068481,260.0134323258643,211.41172021241977
3257.0,295.457153,190.110367,260.7895963782176,206.12531840651945
3266.0,296.940796,185.699554,261.6707087766485,201.38042980431774
3275.0,298.690308,181.054199,262.7318181190291,196.63719450472857
3285.0,300.831543,175.971375,264.09382994417075,191.47062906163526
3294.0,302.92395,171.470032,265.50190907360246,186.83659230955539
3303.0,304.954254,167.455734,267.02843250140916,182.38573921836633
3313.0,307.479736,162.94371,268.9465572385896,177.41730027388593
3322.0,309.981354,158.836868,270.8721841864512,172.9545438385171
3332.0,313.03775,154.245743,273.1703403091099,168.15005984038584
3341.0,315.848816,150.344177,275.40309091455566,163.9105290920553
3350.0,318.803741,146.550415,277.79957364727255,159.74146024993252
3360.0,322.137726,142.598083,280.63989991057224,155.21586400108293
3369.0,325.465088,138.91449,283.3658293218827,151.21257881277563
3378.0,328.904907,135.335663,286.1842497843161,147.35895348022518
3388.0,332.740509,131.615891,289.4557645746856,143.20013295302905
3397.0,336.31366,128.39769,292.54286980818387,139.55819619025465
3407.0,340.422974,124.982735,296.14983309877994,135.61633235319974
3416.0,344.232727,122.048462,299.5054514055678,132.2201951525127
3425.0,348.270355,119.16095,303.01990640345883,128.91278937550695
3435.0,352.742706,116.237488,307.03517932432567,125.4139079223327
3444.0,356.993988,113.674889,310.766820321452,122.40830453853025
3453.0,361.196411,111.337395,314.64596515490894,119.50843922865252
3463.0,365.959534,108.916412,319.0539522299151,116.45842194766203
3472.0,370.310974,106.869629,323.12998207140447,113.8425159505634
3481.0,374.862152,104.887962,327.28403150802154,111.35236400088053
3490.0,379.324615,103.096123,331.5389821890833,108.96752151638199
3500.0,384.503479,101.198944,336.36810016483696,106.44881330585842
3509.0,389.061035,99.665024,340.8031024224662,104.29708532907786
3518.0,393.95163,98.152931,345.27719615524234,102.26926967468228
3527.0,398.576935,96.837326,349.8314686807119,100.33846635239955
3536.0,403.229889,95.623123,354.4446319934667,98.50572537485081
3545.0,408.055145,94.458122,359.0790706764363,96.77616537317967
3554.0,412.746735,93.403015,363.7768810410531,95.12020562265212
3563.0,417.602417,92.3722,368.45030118712646,93.55230178328237
3572.0,422.316376,91.421951,373.1424218295219,92.0412815357531
3582.0,427.730774,90.371086,378.42536439263546,90.39782211158034
3591.0,432.608185,89.448563,383.1263058096057,88.97279549705962
3600.0,437.488098,88.539368,387.8336037375459,87.56890900752846
3609.0,442.369659,87.639008,392.5450084606081,86.17886706809502
3618.0,447.252319,86.744652,397.209328993774,84.81199176008579
3628.0,452.508911,85.787216,402.3718532758028,83.3065438452149
3637.0,457.240265,84.927788,407.0557136584656,81.9450994321525
3646.0,462.123627,84.037209,411.6901834227666,80.59898765753941
3655.0,466.853394,83.169205,416.3569248021628,79.24040050847968
3665.0,472.106995,82.195442,421.5015578793803,77.73517429007876
3674.0,477.137604,81.24826,426.1967317993707,76.3510284138965
3683.0,482.011627,80.307938,430.87099587516246,74.95699314751982
3692.0,486.880096,79.33931,435.5224025318449,73.54679803409515
3702.0,492.113312,78.261383,440.6919108228782,71.94487834910245
3711.0,496.967865,77.225204,445.3573065773892,70.46345997494085
3720.0,501.662659,76.184448,450.0116387544881,68.94764008764156
3729.0,506.650879,75.034706,454.7190152981564,67.37257776600092
3738.0,511.477814,73.87674,459.31493429903236,65.7908816254144
3747.0,516.143738,72.71328,463.9610168211276,64.14373393649402
3757.0,521.312866,71.360909,469.058939457029,62.27611384966244
3766.0,526.101929,70.055199,473.6367351381587,60.542820842885845
3775.0,530.877747,68.701767,478.1803996460281,58.76878820111525
3784.0,535.490662,67.343391,482.7375860109861,56.93532058675248
3793.0,540.0896,65.938316,487.25965678797303,55.06144923753087
3802.0,544.820129,64.434135,491.8088488781199,53.118706065484524
3812.0,550.220398,62.648548,496.7766771007048,50.9283858283368
3821.0,554.917053,61.041794,501.2483149626833,48.89516033931735
3830.0,559.594788,59.380688,505.74447218360467,46.79164293133378
3839.0,564.252563,57.664436,510.1537996353717,44.666002000084
3848.0,568.74646,55.952984,514.553094372531,42.48065148506784
3857.0,573.365845,54.136036,518.9423588329419,40.23709720495606
3867.0,578.468384,52.042233,523.7752121462245,37.688402254608924
3876.0,582.892639,50.158031,528.1341023220942,35.313472429196345
3885.0,587.433777,48.153484,532.4611617010287,32.881030780953154
3894.0,591.947754,46.088463,536.7251761006785,30.407701140405155
3903.0,596.432617,43.960995,541.0139345730636,27.840566648380648
3912.0,600.884888,41.76606,545.2508444847341,25.221364610038755
3921.0,605.443298,39.436859,549.4338538651083,22.548791362280156
3930.0,609.965759,37.038635,553.5907702345224,19.804402320077237
3939.0,614.452271,34.573734,557.6915426946841,17.00728228852559
3948.0,618.768921,32.122883,561.6933222141007,14.188367847913256
3957.0,622.917847,29.691679,565.6946977483775,11.280036102861846
3966.0,627.293274,27.034662,569.6661081649574,8.30209813439888
3975.0,631.366028,24.477955,573.5640750000313,5.284643434838442
3984.0,635.530273,21.776199,577.4553945153723,2.1751004866236188
3994.0,640.108826,18.700979,581.6957200542586,-1.3248752408828728
4003.0,644.062439,15.963611,585.4213296277965,-4.499832130523048
4012.0,648.101562,13.078187,589.1638544534018,-7.786948320589169
4021.0,652.215088,10.031355,592.842551122325,-11.119725849765334
4030.0,656.157104,7.014606,596.466054573569,-14.512429488422256
4039.0,659.929871,4.032908,600.0460174426446,-17.975880191594822
4048.0,663.900513,0.802087,603.5713146481907,-21.494957418629763
4057.0,667.710083,-2.380272,607.0072608548694,-25.02956517282889
4066.0,671.469238,-5.622034,610.4262441964873,-28.6520198415597
4075.0,675.178833,-8.92039,613.7782650723016,-32.31319059543534
4084.0,678.836365,-12.276357,617.0734088256426,-36.02563492306519
4093.0,682.556641,-15.792578,620.3333283822647,-39.81463917470512
4102.0,686.213623,-19.374561,623.520156564937,-43.642922216930685
4111.0,689.697754,-22.910234,626.6291114054407,-47.51262699128261
4120.0,693.010498,-26.395895,629.689950997791,-51.464194999617725
4129.0,696.468445,-30.170393,632.699850510812,-55.49779434929818
4138.0,699.759705,-33.886295,635.6061972977453,-59.543134047191174
4147.0,703.092102,-37.772072,638.4599912550569,-63.66770514515177
4156.0,706.351135,-41.719616,641.2399950771475,-67.84236745988785
4165.0,709.540527,-45.723629,643.9350522443941,-72.05191560664484
4174.0,712.4729,-49.534863,646.5650796712148,-76.32265119048644
4183.0,715.348389,-53.389191,649.1065659673086,-80.60662975299513
4192.0,718.249573,-57.417019,651.5784514550487,-84.93114210154569
4201.0,721.084167,-61.491966,654.0040744608739,-89.34087812832132
4210.0,723.935608,-65.743256,656.3722256488221,-93.8207715829533
4219.0,726.71637,-70.041107,658.6335202099342,-98.2783691020747
4228.0,729.35083,-74.24823,660.8289423331069,-102.78795316205178
4237.0,732.006775,-78.624313,662.9452430473972,-107.31618681561817
4246.0,734.507629,-82.912201,664.9951244030843,-111.8937640263839
4255.0,737.085205,-87.513573,666.9806606378878,-116.5371303583484
4264.0,739.512146,-92.020706,668.8927377942065,-121.22984240599415
4273.0,741.802124,-96.424828,670.6835991341784,-125.84093938682003
4282.0,744.019897,-100.865746,672.4370140007728,-130.57683859796674
4291.0,746.227966,-105.484062,674.1076620808283,-135.32429621071466
4300.0,748.348877,-110.143044,675.6953232678866,-140.1001469985152
4309.0,750.325439,-114.696449,677.1951755273586,-144.90429749490764
4318.0,752.303833,-119.417694,678.6137031078422,-149.7330859864072
4327.0,754.17041,-124.017281,679.9513854738166,-154.53123467158022
4336.0,756.031921,-128.785828,681.2420446102503,-159.39576114244775
4344.0,757.587097,-132.915009,682.3340100211071,-163.72420168153505
4354.0,759.462402,-138.101837,683.613778704029,-169.08910717317036
4362.0,760.914551,-142.268387,684.5977291756639,-173.46104118637808
4371.0,762.535095,-147.12413,685.6458342176679,-178.40115058329073
4380.0,764.002319,-151.703598,686.6230856338302,-183.32062274628996
4389.0,765.509216,-156.595779,687.5431143395167,-188.26864921882867
4398.0,766.922729,-161.354172,688.3999743426504,-193.19301919575182
4407.0,768.288635,-166.12645,689.198412667396,-198.09227541302707
4416.0,769.650818,-171.060898,689.9559469739577,-203.05033637143586
4425.0,770.931396,-175.85675,690.6571158170406,-207.94704567045264
4434.0,772.173584,-180.662704,691.3225271039366,-212.90091855475924
4443.0,773.376953,-185.478531,691.9418907321417,-217.82601793822198
4453.0,774.673889,-190.83931,692.5835413610124,-223.3040014437134
4462.0,775.847351,-195.822006,693.1227133402253,-228.23852359056409
4471.0,776.954712,-200.660812,693.6285039020112,-233.1765789920902
4480.0,778.023438,-205.508301,694.1017127019846,-238.13517741794547
4489.0,779.025146,-210.370071,694.5307444758203,-243.11509312723578
4498.0,779.931763,-215.250473,694.8803466859567,-248.04937909384236
4507.0,780.757812,-220.145142,695.139215216162,-253.00651559841862
4516.0,781.49707,-224.896744,695.3155748227484,-257.91553264331094
4525.0,782.255066,-229.959335,695.4340561278241,-262.89525021538407
4534.0,782.990967,-234.711456,695.5277606117722,-267.85825683542964
4543.0,783.809937,-239.60733,695.6444343035837,-272.83801708738054
4552.0,784.706299,-244.489624,695.8216388576885,-277.8677305323226
4561.0,785.677368,-249.357605,696.0710432848432,-282.8253522073446
4570.0,786.696289,-254.215805,696.3977058588665,-287.8821176731901
4579.0,787.75885,-259.223328,696.7654467207993,-292.8669341585843
4588.0,788.744507,-263.929993,697.1478785154251,-297.8852172030817
4597.0,789.766785,-268.945892,697.5198807800027,-302.9388495332957
4606.0,790.737549,-273.972015,697.8612877291619,-307.97736581565505
4615.0,791.615845,-278.857574,698.1553224486428,-313.05339807716285
4624.0,792.46637,-283.905426,698.385183893831,-318.08098025035974
4632.0,793.191223,-288.397552,698.5455574333128,-322.5938936632667
4641.0,793.978821,-293.455627,698.6873977112692,-327.6419711555487
4650.0,794.701721,-298.209747,698.8000497173075,-332.6218240090778
4659.0,795.433716,-303.119354,698.8942772236301,-337.60205955514573
4669.0,796.207764,-308.406067,698.9810483845372,-343.0306220495827
4678.0,796.893066,-313.165741,699.0467785573098,-347.9423662003163
4687.0,797.592224,-318.080139,699.1017686433149,-352.8542423335586
4696.0,798.285278,-322.995392,699.1470662623744,-357.74898094468205
4705.0,798.972534,-327.911469,699.1848651458389,-362.6437832072785
4715.0,799.730286,-333.374603,699.2197906377777,-368.0556907137167
4724.0,800.411499,-338.291534,699.2460529035993,-372.95056846897313
4733.0,801.067932,-343.055298,699.2686584332961,-377.79375672098206
4742.0,801.748413,-347.972321,699.288982887554,-382.63695508269814
4751.0,802.403503,-352.736267,699.3081971624525,-387.51462971163505
4761.0,803.129517,-358.029785,699.3271099384764,-392.92661686564213
4770.0,803.782288,-362.794037,699.341428055479,-397.82154413139756
4779.0,804.453918,-367.71228,699.3537646771986,-402.6647694268108
4788.0,805.123108,-372.630859,699.3638243075446,-407.5252357570711
4798.0,805.861389,-378.096649,699.3715519465591,-412.9544861909678
4807.0,806.501953,-382.862549,699.3743586549266,-417.7977263849659
4816.0,807.159668,-387.782684,699.373125716501,-422.65820296896663
4826.0,807.862549,-393.079315,699.3678095417562,-428.01851333367927
4835.0,808.488892,-397.847107,699.3584955348363,-432.87898114995335
4844.0,809.109863,-402.615631,699.3439133776213,-437.67049276872723
4853.0,809.70636,-407.230896,699.3237775304398,-442.4964560356441
4863.0,810.382996,-412.530945,699.295082724571,-447.8566922315482
4872.0,810.984924,-417.30191,699.2627571726875,-452.68258924295117
4881.0,811.602295,-422.227264,699.224146415199,-457.5256763435283
4891.0,812.281006,-427.700775,699.1748114001243,-462.86852584036785
4900.0,812.887146,-432.627533,699.1229621140758,-467.7804361316303
4909.0,813.44989,-437.24704,699.0655620061199,-472.62333698566164
4918.0,814.02478,-442.021332,699.0010106981312,-477.5006223066959
4928.0,814.678284,-447.497925,698.9219854092195,-482.89482794337596
4937.0,815.260315,-452.427582,698.8443453166543,-487.75468454206106
4946.0,815.837158,-457.357849,698.7598805287311,-492.6489039532763
4955.0,816.391296,-462.134583,698.670308662626,-497.49131660970784
4965.0,817.023254,-467.613678,698.5645558887087,-502.91954250231595
4974.0,817.590149,-472.545105,698.4670890642731,-507.74456344777377
4983.0,818.137146,-477.322662,698.3662907179104,-512.5867554253539
4993.0,818.76709,-482.802002,698.2522729487486,-517.9975744573069
5002.0,819.301514,-487.424866,698.150603536848,-522.839748223814
5011.0,819.871521,-492.355927,698.0483439180791,-527.7336281687947
5020.0,820.422729,-497.132996,697.9469103392297,-532.5585673533911
5029.0,820.975464,-501.909882,697.8426943421699,-537.4696456549285
5039.0,821.588501,-507.217682,697.726730011163,-542.9149026504653
5048.0,822.141174,-511.994598,697.6221941546636,-547.8087345029318
5057.0,822.716187,-516.925049,697.5199267268578,-552.668135239336
5066.0,823.277039,-521.700989,697.4217338654424,-557.493141463989
5076.0,823.903748,-527.007202,697.3157511689034,-562.9041238439514
5085.0,824.488586,-531.936523,697.2240192084561,-567.7464960623794
5094.0,825.060242,-536.711182,697.1349516873131,-572.6061566596262
5103.0,825.635315,-541.485474,697.0504500085518,-577.431422079503
5113.0,826.278992,-546.789612,696.9600595200031,-582.8254492398595
5122.0,826.859558,-551.563232,696.8819213701382,-587.6335839018778
5131.0,827.440308,-556.336792,696.8039527147395,-592.5106731837052
5141.0,828.083496,-561.640991,696.7179401066164,-597.8702960528075
5150.0,828.643066,-566.260864,696.6390791971613,-602.6956569577484
5159.0,829.222168,-571.034607,696.5581771069781,-607.5726984611542
5168.0,829.818359,-575.962585,696.47703992806,-612.4324979325269
5178.0,830.457764,-581.267273,696.3839071621544,-617.8781932748522
5187.0,831.049133,-586.195801,696.2980010780248,-622.7206723506021
5196.0,831.621887,-590.970337,696.2087027899107,-627.5975673453584
5205.0,832.192749,-595.745117,696.1176981695013,-632.4399532875805
5215.0,832.82251,-601.050964,696.0123617701496,-637.8509482876896
5224.0,833.402649,-605.980835,695.9108638125134,-642.779322915884
5233.0,833.9776,-610.911316,695.8050219880917,-647.6386471129262
5242.0,834.53009,-615.688232,695.6930528480957,-652.5323145369753
5252.0,835.160217,-621.167542,695.5646695300974,-657.8910898813449
5261.0,835.688904,-625.791077,695.4436133309065,-662.7500588605002
5270.0,836.249817,-630.723206,695.3184443856034,-667.6261650641499
5279.0,836.79126,-635.501404,695.1919669735096,-672.4332710503745
5289.0,837.410583,-640.981934,695.046866267131,-677.843345766424
5298.0,837.950195,-645.760315,694.9166532538078,-682.6503520145719
5307.0,838.508606,-650.692688,694.7843720811188,-687.5262704578491
5316.0,839.051331,-655.470703,694.6539444376688,-692.3677549496336
5326.0,839.676208,-660.950623,694.5098204947818,-697.795097603222
5335.0,840.22522,-665.727966,694.3848044556956,-702.6022418166338
5344.0,840.781433,-670.504456,694.2627430789695,-707.4439444587507
5354.0,841.404175,-675.811096,694.1326486680442,-712.8371600942806
5363.0,841.985413,-680.740845,694.0200316358321,-717.6963319936701
5372.0,842.570496,-685.670105,693.9101262324826,-722.5728061068435
5381.0,843.141541,-690.444824,693.805159455315,-727.3804298935246
5391.0,843.783386,-695.749207,693.6923019907842,-732.7740337573413
5400.0,844.363831,-700.522827,693.5960532606873,-737.5818399806126
5409.0,844.928894,-705.142029,693.5023056596721,-742.4241735958925
5419.0,845.597717,-710.61676,693.4003127631075,-747.8007550224103
5428.0,846.161133,-715.236206,693.3088744914514,-752.6258939787979
5437.0,846.741516,-720.009827,693.2156189910434,-757.4854760138503
5447.0,847.390747,-725.313293,693.1120311638198,-762.844788006057
5456.0,847.978088,-730.08606,693.01781446256,-767.7388293992936
5465.0,848.579773,-735.013367,692.9233171412553,-772.6156264250479
5474.0,849.152344,-739.787903,692.8229052962632,-777.4923052575655
5483.0,849.708801,-744.564392,692.7115206332662,-782.3170249761421
5493.0,850.320862,-750.045776,692.5662086055428,-787.7443359498169
5502.0,850.828491,-754.827698,692.4105210417213,-792.6540520760655
5511.0,851.313354,-759.767883,692.225140144499,-797.5454886614114
5520.0,851.755249,-764.712036,692.001157604553,-802.4525634396956
5529.0,852.150879,-769.660156,691.7329170908179,-807.3746793808361
5538.0,852.493408,-774.612244,691.4183216105248,-812.2767790066758
5548.0,852.788269,-779.947205,691.0028991138618,-817.7592615573208
5557.0,853.012512,-785.061279,690.5652337597708,-822.7038206153923
5566.0,853.15802,-790.02301,690.0616626236052,-827.6594276446156
5575.0,853.228943,-794.986389,689.4837452067201,-832.6416197477145
5584.0,853.223938,-800.105408,688.8310343295902,-837.6145660779891
5593.0,853.151306,-805.068787,688.1139184607522,-842.5089653808911
5602.0,853.000061,-810.030396,687.3070041137506,-847.4941528667474
5611.0,852.770081,-814.988953,686.431421027601,-852.4152282567253
5620.0,852.455872,-819.942871,685.4715605523965,-857.3381231937573
5629.0,852.053406,-824.890442,684.426102977209,-862.2435533636199
5638.0,851.565002,-829.830261,683.2921091115631,-867.1292758900834
5647.0,850.994568,-834.761292,682.0815923350142,-871.9433037643927
5656.0,850.297302,-839.832581,680.7569056863257,-876.8165378358611
5664.0,849.59613,-844.328491,679.5031529101921,-881.1009152626594
5673.0,848.714172,-849.370972,678.0122066049285,-885.853672781415
5682.0,847.750305,-854.240356,676.4080248820516,-890.6239997924508
5691.0,846.680969,-859.087708,674.6836434450219,-895.4072067287808
5700.0,845.468384,-864.061035,672.8777694007917,-900.086420939446
5709.0,844.187378,-868.85675,670.9736776694658,-904.7078994272563
5718.0,842.805542,-873.624451,668.9600594708539,-909.3015437803963
5727.0,841.326538,-878.362915,666.8523271005791,-913.8337720391988
5736.0,839.679871,-883.209839,664.633266489724,-918.3317712275348
5745.0,837.974182,-887.87146,662.291311310642,-922.8059695883259
5754.0,836.104309,-892.636719,659.8595812411119,-927.1926443610733
5763.0,834.132874,-897.360901,657.3345970259716,-931.5063531421443
5772.0,832.108521,-901.89325,654.7086554986452,-935.7593591178819
5781.0,829.978394,-906.376831,651.9441327599627,-940.0061225256005
5790.0,827.605835,-911.087158,649.0801950417357,-944.1864868829205
5799.0,825.197876,-915.604492,646.138670888053,-948.2702173399331
5808.0,822.770447,-919.934326,643.0928002692731,-952.2983530385153
5817.0,820.173401,-924.345642,639.9662084874133,-956.2421890672864
5826.0,817.456909,-928.684448,636.7451037009622,-960.1092167044948
5834.0,814.875671,-932.597961,633.792868402792,-963.4806069653093
5843.0,812.044617,-936.675415,630.4075868158603,-967.1580377684345
5852.0,809.013184,-940.800293,626.8797966004312,-970.7956580908098
5861.0,805.78479,-944.970886,623.2824221038724,-974.3153619879777
5870.0,802.547485,-948.936279,619.6072966848166,-977.7285247217372
5879.0,799.208191,-952.816162,615.8318618398933,-981.056513682652
5888.0,795.572083,-956.847961,611.9857533923806,-984.2757801368132
5897.0,792.16156,-960.454712,608.1003973580252,-987.3651528445374
5906.0,788.65448,-963.96759,604.109902594099,-990.3750665100226
5915.0,784.950256,-967.500671,600.0290084282865,-993.2909762309077
5924.0,781.271851,-970.83374,595.9314724108904,-996.0621850450768
5933.0,777.632324,-973.976685,591.7934121754075,-998.7090716209229
5942.0,773.791138,-977.120789,587.5150578702875,-1001.2935083437801
5951.0,769.996887,-980.075073,583.1868218272965,-1003.758867886204
5960.0,765.886536,-983.126221,578.7988878185948,-1006.1163368791168
5970.0,761.238098,-986.403931,573.86231350594,-1008.6144711949006
5979.0,757.246338,-989.085327,569.3964810622762,-1010.7418499319162
5988.0,752.807007,-991.932922,564.8362150604594,-1012.7882132249978
5997.0,748.576294,-994.529297,560.3106227009682,-1014.698334910544
6006.0,744.152283,-997.104614,555.6474182375523,-1016.5451567279624
6015.0,739.812134,-999.513672,550.9446223475607,-1018.2886983850481
6024.0,735.151917,-1001.983215,546.2222832917159,-1019.9267284751992
6033.0,730.864441,-1004.160828,541.5341233467833,-1021.4499929440174
6042.0,726.400513,-1006.331909,536.7527306483335,-1022.9066715625901
6051.0,721.902283,-1008.430969,532.0129505343994,-1024.2607996151721
6060.0,717.372864,-1010.461853,527.2185305595497,-1025.5467826421577
6069.0,712.814819,-1012.427673,522.3885572444535,-1026.764560410359
6078.0,708.234192,-1014.34021,517.6092186641196,-1027.8992294336472
6087.0,703.634338,-1016.206055,512.7994278900452,-1028.9786232546708
6096.0,699.013977,-1018.020569,507.9946623056926,-1030.0002781559458
6106.0,693.857666,-1019.97821,502.6547204667239,-1031.0723288216957
6115.0,689.200806,-1021.696838,497.8284364617006,-1031.9869510173232
6124.0,684.529846,-1023.376831,492.97689346456696,-1032.8597103531094
6133.0,679.847595,-1025.025146,488.15233951966167,-1033.6868724764017
6142.0,675.153076,-1026.638184,483.2876764545568,-1034.4832590497685
6151.0,670.595154,-1028.170898,478.45142967882117,-1035.239059995588
6161.0,665.518616,-1029.837402,473.04717755114194,-1036.0430351432767
6170.0,660.793152,-1031.3573,468.16638124983183,-1036.733691191072
6179.0,656.058655,-1032.848755,463.281182695396,-1037.3924881210685
6188.0,651.315552,-1034.312744,458.3919382346037,-1038.0205541318117
6197.0,646.713562,-1035.707764,453.55044209689987,-1038.6138450576937
6206.0,641.955994,-1037.123901,448.6887099778021,-1039.183124205079
6216.0,636.661011,-1038.667725,443.2929208163289,-1039.7850206374458
6225.0,632.039001,-1039.994873,438.47678304469184,-1040.2966849990942
6234.0,627.262512,-1041.345825,433.6240641364748,-1040.78983626592
6243.0,622.480713,-1042.677979,428.7693100943741,-1041.2625329602622
6252.0,617.544067,-1044.032104,423.87834993752125,-1041.7186686878217
6262.0,612.05304,-1045.515137,418.47054765529066,-1042.2008454880458
6271.0,607.405457,-1046.749634,413.66189589560975,-1042.609740535815
6280.0,602.752441,-1047.963745,408.7484970833561,-1043.0068430704064
6289.0,598.094849,-1049.160034,403.9194303010994,-1043.377109821378
6299.0,592.745422,-1050.50293,398.5214698271228,-1043.7669628316469
6308.0,587.773438,-1051.720947,393.6374804342164,-1044.09432433746
6317.0,583.096008,-1052.837158,388.75162461011956,-1044.3925370327863
6326.0,578.107483,-1053.985718,383.8121958582709,-1044.659825848486
6335.0,573.261292,-1055.060181,378.9397327183307,-1044.8860600723744
6344.0,568.40625,-1056.094116,374.01391866469476,-1045.074565298408
6354.0,563.339661,-1057.126587,368.5870558307268,-1045.235747715764
6363.0,558.619751,-1058.046753,363.6759634188086,-1045.3392966388758
6372.0,553.740479,-1058.959473,358.74694051202795,-1045.4018385901622
6381.0,549.006836,-1059.806152,353.8003359393559,-1045.4242641828432
6390.0,544.113708,-1060.641479,348.870946288142,-1045.4070601792275
6399.0,539.214172,-1061.437988,343.90739388266246,-1045.3490708785657
6408.0,534.3078,-1062.19165,339.01343410051146,-1045.250706270099
6418.0,529.018982,-1062.95105,333.5348296958726,-1045.0899249272181
6427.0,524.100403,-1063.620117,328.57462684172896,-1044.898606118215
6436.0,519.329773,-1064.224731,323.65066960127564,-1044.6666073996366
6445.0,514.399902,-1064.804688,318.6945656264614,-1044.3886710188528
6454.0,509.464417,-1065.334839,313.741287781123,-1044.0642425555386
6463.0,504.523438,-1065.811401,308.7743200309281,-1043.6889343011794
6472.0,499.576935,-1066.226318,303.79472055653605,-1043.256247567813
6481.0,494.470581,-1066.586304,298.82086879634693,-1042.7618515703975
6490.0,489.514496,-1066.864746,293.81981565647993,-1042.1971513982242
6499.0,484.554749,-1067.067383,288.81029829329105,-1041.5584489475882
6508.0,479.59259,-1067.198486,283.8451148553586,-1040.8490970457815
6517.0,474.628998,-1067.254028,278.92567636642434,-1040.0675921700074
6526.0,469.510101,-1067.220825,273.96873202096793,-1039.1968904137907
6535.0,464.547699,-1067.098755,269.0615474957858,-1038.246538494547
6544.0,459.588287,-1066.887695,264.18920153966553,-1037.2112270432701
6553.0,454.632843,-1066.598389,259.3526131319117,-1036.0942544317393
6562.0,449.683136,-1066.223511,254.5358214203793,-1034.8947825276725
6571.0,444.894775,-1065.780884,249.72338700836625,-1033.609442126324
6580.0,439.960022,-1065.243774,244.9163929446265,-1032.2396111857465
6589.0,435.034271,-1064.629517,240.16514341476187,-1030.8023070613895
6598.0,429.963715,-1063.92688,235.45300064457976,-1029.297278749693
6607.0,425.056091,-1063.181641,230.73042888089972,-1027.713315096651
6616.0,420.159821,-1062.365112,226.0631798679066,-1026.0743561721192
6625.0,415.427979,-1061.508423,221.4194635896566,-1024.3698624547053
6634.0,410.708374,-1060.58667,216.78370473055313,-1022.5950511855355
6643.0,405.848938,-1059.57373,212.18840622803884,-1020.7640319670734
6653.0,400.299042,-1058.328979,207.11018871323503,-1018.6564509742761
6662.0,395.470734,-1057.176758,202.55312969873083,-1016.6883482383249
6671.0,390.508179,-1055.920898,198.03889402849526,-1014.665707385588
6680.0,385.713806,-1054.634766,193.53726410093154,-1012.5739274649961
6689.0,381.087799,-1053.321655,189.06564845609793,-1010.4187317045576
6698.0,376.182739,-1051.857178,184.687118581269,-1008.2303546619205
6707.0,371.593811,-1050.4198,180.35576398106437,-1005.9872660989286
6716.0,366.880341,-1048.863159,175.98149557613962,-1003.6407812465152
6725.0,362.19101,-1047.235107,171.6878799194755,-1001.2544837690981
6735.0,357.009979,-1045.343872,166.93980988516907,-998.5164575069755
6744.0,352.371674,-1043.575684,162.70796785930497,-995.9884758259966
6753.0,347.75769,-1041.744995,158.52723152535077,-993.4095235651291
6762.0,343.31427,-1039.906372,154.36925176029055,-990.7618108570385
6771.0,338.897247,-1038.005249,150.23549611079648,-988.0449258878389
6780.0,334.223938,-1035.916138,146.12689319891558,-985.2593205041894
6789.0,329.862305,-1033.891235,142.0866086247622,-982.4352668802132
6798.0,325.388672,-1031.740234,138.07294791681795,-979.5439129712129
6807.0,320.943298,-1029.531372,134.1280909061829,-976.6168574159625
6817.0,316.044006,-1026.998169,129.76182096806883,-973.2753192078342
6826.0,311.666962,-1024.65686,125.91977717576701,-970.2422980335682
6835.0,307.322449,-1022.255737,122.10750175254621,-967.1445396253987
6844.0,303.012878,-1019.792419,118.3260893820367,-963.9822463443459
6853.0,298.604797,-1017.18988,114.60402325891545,-960.7766614003783
6862.0,294.503296,-1014.679504,110.95610266391527,-957.5386443672679
6872.0,289.705719,-1011.624329,106.9174783399509,-953.8331794257754
6881.0,285.56311,-1008.889526,103.35502016824198,-950.451102721633
6890.0,281.341003,-1005.995056,99.8252300215903,-946.9855607400393
6899.0,277.299561,-1003.112854,96.34500945932842,-943.4460296865037
6908.0,273.0578,-999.978516,92.9531923970103,-939.8690539629347
6917.0,269.116913,-996.960327,89.61555730244848,-936.2180826290104
6926.0,265.238708,-993.862,86.32456819442156,-932.4789629989217
6935.0,261.420776,-990.689697,83.1079745971631,-928.6756551560903
6944.0,257.547485,-987.342773,79.96779116472582,-924.8090192890978
6953.0,253.849701,-984.031189,76.92408071518472,-920.9096313364902
6962.0,250.215652,-980.64978,73.90250158339913,-916.8847737809251
6971.0,246.537567,-977.089417,70.98981501703302,-912.8439963949044
6980.0,243.143066,-973.683289,68.17558380037858,-908.7758884360621
6989.0,239.699753,-970.107849,65.42581072015547,-904.6432182038499
6999.0,235.941025,-966.071533,62.470742147182456,-900.0271022399929
7008.0,232.62146,-962.38092,59.876418211334624,-895.8153469026693
7017.0,229.366837,-958.632935,57.32771447251796,-891.5156099355585
7026.0,226.173569,-954.83252,54.887460987682736,-887.2325804888953
7035.0,223.048157,-950.976074,52.513795115604,-882.8926369370371
7044.0,219.993225,-947.063599,50.202397142309124,-878.4802606695011
7053.0,217.008194,-943.097534,47.978782367542536,-874.0422709698316
7062.0,213.996979,-938.957886,45.82628306730359,-869.5502367224402
7071.0,211.054535,-934.769043,43.75096226289204,-865.0220286357858
7080.0,208.269348,-930.660156,41.74545491226798,-860.4436480267506
7089.0,205.553665,-926.505005,39.817684207635104,-855.8319966040006
7098.0,202.900269,-922.309814,37.973212719526444,-851.2049511269363
7107.0,200.397095,-918.203918,36.20991070250579,-846.5648022890537
7116.0,197.883896,-913.923279,34.51155385110327,-841.8638223125076
7125.0,195.454559,-909.594482,32.892285298219534,-837.1168026109937
7134.0,193.102829,-905.223022,31.35889596916684,-832.3232511136408
7143.0,190.816727,-900.816895,29.932667420127988,-827.5686651835267
7152.0,188.58728,-896.381836,28.57630261640483,-822.7757642418749
7161.0,186.409912,-891.920959,27.279731969802786,-817.9484944863125
7170.0,184.217209,-887.295349,26.054466309319974,-813.1559874423084
7179.0,182.210083,-882.925476,24.882105733590336,-808.3325254157756
7188.0,180.118225,-878.253418,23.767575457133525,-803.4953736191299
7197.0,178.134933,-873.702942,22.684916612385557,-798.5803691818871
7206.0,176.137482,-868.989746,21.65489946318078,-793.6892861313818
7215.0,174.191132,-864.255188,20.679097568367197,-788.7870989259932
7224.0,172.351685,-859.644714,19.76124739021028,-783.8912664158144
7233.0,170.614502,-855.160706,18.896790682011147,-778.9857247008846
7242.0,168.805725,-850.371887,18.078914644329647,-774.0547301235622
7251.0,167.090607,-845.713745,17.306168889539336,-769.1164619318733
7260.0,165.361282,-840.895691,16.581221393724242,-764.20579330436
7269.0,163.719833,-836.21106,15.899698764678465,-759.3063110243955
7278.0,162.113724,-831.51416,15.253232434569325,-754.367312522543
7288.0,160.374954,-826.279968,14.59104421714883,-748.961225375797
7297.0,158.83873,-821.559753,14.026188156286002,-744.02957728703
7306.0,157.382462,-816.976807,13.497555916514457,-739.1112495569308
7315.0,155.905746,-812.237671,12.999432232061766,-734.1724148729273
7324.0,154.453171,-807.491089,12.534176781115928,-729.2650005153859
7333.0,152.978867,-802.588989,12.096808809869358,-724.3723263676828
7342.0,151.57399,-797.828064,11.684433999983929,-719.477482338089
7351.0,150.191315,-793.060608,11.296816664361119,-714.5806155991422
7361.0,148.677353,-787.757019,10.895310543658209,-709.1662261760022
7370.0,147.380173,-783.126526,10.55243084545857,-704.231468510407
7379.0,146.057922,-778.34198,10.234913623643083,-699.3468292443648
7388.0,144.792953,-773.702576,9.936280286764969,-694.4437313269269
7397.0,143.500809,-768.90979,9.65473608565738,-689.5396224455193
7406.0,142.264679,-764.262634,9.389364827678992,-684.6346118284749
7416.0,140.906693,-759.095032,9.11340575119197,-679.1951157064424
7425.0,139.698715,-754.44043,8.882222541455173,-674.3228848726584
7434.0,138.502151,-749.782898,8.66326977269866,-669.3983302738862
7443.0,137.280212,-744.971741,8.456751336949303,-664.4387370066289
7452.0,136.107666,-740.308105,8.265307728324306,-659.5302850711818
7461.0,134.904205,-735.49231,8.08528567187405,-654.6214009701798
7471.0,133.616318,-730.306763,7.896759685157305,-649.1954192209749
7480.0,132.427475,-725.487366,7.735170673066074,-644.2858937806651
7489.0,131.248947,-720.665405,7.583202430367104,-639.3760611245464
7498.0,130.077972,-715.841614,7.441385020442953,-634.48316773027
7507.0,128.914429,-711.015991,7.307067626345843,-629.5383362323087
7516.0,127.795151,-706.339294,7.182784999837681,-624.6622073575882
7526.0,126.5187,-700.973572,7.052626874369622,-619.1827898953823
7535.0,125.375671,-696.143066,6.943791427576693,-614.2718117949016
7544.0,124.238983,-691.311096,6.841923476491078,-609.3779236815451
7553.0,123.143913,-686.628662,6.746779445790692,-604.4839002285023
7562.0,122.089546,-682.096008,6.658494232543445,-599.6069867891171
7571.0,120.968742,-677.260315,6.574589206769628,-594.6438048271508
7580.0,119.886749,-672.574829,6.49657108078042,-589.7150025909835
7590.0,118.689087,-667.367737,6.415212122006157,-584.234643334276
7599.0,117.57766,-662.529846,6.346266034357432,-579.322943272701
7608.0,116.47142,-657.690796,6.281017317756904,-574.3939554540691
7617.0,115.368629,-652.850952,6.221316147638056,-569.5166083529883
7626.0,114.303589,-648.161621,6.166608622566396,-564.6047290645104
7635.0,113.210495,-643.31958,6.116941810150962,-559.658323004214
7644.0,112.120201,-638.476929,6.072793492788855,-554.7463374602671
7654.0,110.953339,-633.262817,6.029654980130906,-549.300016634036
7663.0,109.871948,-628.418152,5.99582681233787,-544.4396576144968
7672.0,108.823006,-623.725159,5.964765256716025,-539.5103358060732
7681.0,107.741188,-618.880615,5.935828041947319,-534.6154731335243
7690.0,106.694328,-614.187195,5.908659323264301,-529.7378363251037
7700.0,105.494759,-608.803772,5.880217705674199,-524.2397110224888
7709.0,104.415092,-603.95874,5.856546972326377,-519.3448200490459
7718.0,103.338463,-599.113037,5.834676111440218,-514.3637411917389
7727.0,102.266479,-594.266296,5.816541900117433,-509.4860624277657
7736.0,101.220169,-589.572754,5.800067841619959,-504.5739061127371
7745.0,100.174835,-584.878967,5.783224872774783,-499.66175104878823
7755.0,98.971443,-579.496399,5.7635563427876475,-494.232530742031
7764.0,97.881187,-574.653748,5.742217117678104,-489.30315725763137
7773.0,96.820892,-569.963318,5.715666063813873,-484.44275303727073
7782.0,95.752731,-565.274658,5.68383855676519,-479.4962000237695
7791.0,94.648407,-560.435181,5.648829157590908,-474.618613190497
7800.0,93.544212,-555.595642,5.612019035369971,-469.68933095815
7809.0,92.440422,-550.756042,5.5759485420573744,-464.7772794542068
7819.0,91.254349,-545.546265,5.538103910289269,-459.3481554204216
7828.0,90.188705,-540.857056,5.506516530258273,-454.4533091324435
7837.0,89.090523,-536.016174,5.477279896726919,-449.54121219965214
7846.0,87.993805,-531.174927,5.449784509132754,-444.5773972106956
7855.0,86.933807,-526.484436,5.4244187779444255,-439.6997506927716
7865.0,85.718658,-521.104553,5.398046080918927,-434.2533228768206
7874.0,84.660751,-516.413574,5.376340965288459,-429.42736641266475
7883.0,83.643486,-511.872467,5.357690844022997,-424.6186330376954
7892.0,82.593552,-507.179718,5.3433408832149905,-419.75817748061263
7902.0,81.430756,-501.964691,5.331625933722362,-414.34616995953576
7911.0,80.387047,-497.270538,5.32418427854043,-409.4856989159516
7920.0,79.377258,-492.727783,5.319503626222663,-404.6252244293141
7929.0,78.335144,-488.033295,5.316728251137945,-399.730277009494
7939.0,77.142899,-482.648254,5.315496626692915,-394.3527284164986
7948.0,76.107643,-477.95224,5.317994866610051,-389.4922523181562
7957.0,75.041931,-473.104095,5.324908232767876,-384.61454474394645
7966.0,74.006706,-468.408081,5.3340737851032,-379.7713124093355
7976.0,72.819511,-463.021942,5.344877019844911,-374.32483145704873
7985.0,71.748627,-458.174927,5.354545612246777,-369.4816001005377
7994.0,70.710083,-453.479645,5.364437862003391,-364.51771881828256
8003.0,69.640335,-448.632385,5.374461863270086,-359.65725241441146
8012.0,68.569016,-443.785492,5.385560748988163,-354.7623167907034
8022.0,67.412704,-438.569031,5.39686341131263,-349.36754416371457
8031.0,66.369476,-433.874786,5.404939307067477,-344.50707413256947
8040.0,65.290466,-429.029602,5.4116069437885725,-339.5776589690983
8049.0,64.212372,-424.184204,5.417684258137207,-334.71718602811796
8058.0,63.170994,-419.489563,5.425137007318819,-329.80500774202045
8068.0,62.019745,-414.271973,5.43740510358861,-324.4102372241117
8077.0,61.01725,-409.7276,5.452255403908848,-319.5325473566925
8086.0,59.982895,-405.031403,5.468837226833903,-314.6376272359286
8095.0,58.950054,-400.334869,5.486748132370177,-309.7771834965963
8105.0,57.803162,-395.116333,5.508711267315887,-304.34797198744684
8114.0,56.736916,-390.268311,5.528955991776176,-299.4875374086377
8123.0,55.668678,-385.420715,5.548330319075575,-294.57539167654465
8132.0,54.631893,-380.725037,5.565636950914829,-289.6804740647758
8141.0,53.559166,-375.878448,5.581038993637519,-284.7855500896164
8151.0,52.361149,-370.49469,5.594518075180993,-279.3735466747436
8160.0,51.314789,-365.801147,5.602724695820177,-274.513076862561
8169.0,50.230061,-360.957214,5.608049938598778,-269.6526030394094
8178.0,49.210526,-356.416626,5.610089152369842,-264.8093624614516
8188.0,47.996834,-351.036377,5.608049752077602,-259.36287117674823
8197.0,46.937656,-346.345703,5.603235787400375,-254.50239682031912
8206.0,45.876686,-341.655426,5.597036892103532,-249.62468828578858
8215.0,44.780056,-336.814178,5.589739038501654,-244.7814527767819
8225.0,43.598877,-331.603302,5.580308924970193,-239.35220503300317
8234.0,42.50193,-326.762146,5.572557932749204,-234.4917344728742
8243.0,41.442513,-322.071533,5.567121270121487,-229.64849651701556
8252.0,40.348866,-317.229614,5.564480152917441,-224.7535490229141
8261.0,39.290371,-312.538788,5.564149057469898,-219.85860082748994
8271.0,38.080242,-307.157745,5.56685822054264,-214.3776383642735
8280.0,37.027027,-302.465729,5.573110287274719,-209.51716564493708
8289.0,35.973492,-297.773773,5.5823539697244655,-204.6049904025202
8298.0,34.888176,-292.929993,5.5932643683276195,-199.72729013114872
8307.0,33.838955,-288.237091,5.606171057111825,-194.86683052724854
8317.0,32.675407,-283.022247,5.622990902453727,-189.42036483229498
8326.0,31.595396,-278.177277,5.639623557699156,-184.52544488399246
8335.0,30.545555,-273.484497,5.656479600869351,-179.61328986489065
8344.0,29.45857,-268.641083,5.671188327086298,-174.73559956849954
8353.0,28.36964,-263.798096,5.683286931057197,-169.80619474286178
8363.0,27.159254,-258.417114,5.694677686861935,-164.3769507585616
8372.0,26.104792,-253.725372,5.704600739067579,-159.5164841475471
8381.0,25.013634,-248.882889,5.7148085817519725,-154.60431081410024
8390.0,23.954428,-244.19223,5.724654681372374,-149.7093725101139
8399.0,22.861595,-239.350128,5.733911862282431,-144.76272576608682
8408.0,21.804695,-234.658936,5.743300426553176,-139.8677865631578
8418.0,20.596054,-229.277557,5.756669699056145,-134.4040755202691
8427.0,19.512323,-224.433411,5.772151007464783,-129.5436234350365
8436.0,18.465893,-219.739883,5.791241288353502,-124.66594831923395
8445.0,17.386713,-214.89473,5.813834980249954,-119.78828817330113
8455.0,16.226521,-209.679138,5.8416809495177295,-114.37633961014664
8464.0,15.148149,-204.833801,5.868515790255603,-109.46422896916948
8473.0,14.067836,-199.988892,5.895108283601525,-104.60382497535892
8482.0,12.986041,-195.144318,5.9207403044932905,-99.72617984951796
8491.0,11.865205,-190.149521,5.94454336940606,-94.86576139450182
8501.0,10.695462,-184.936066,5.969075854571106,-89.43656088728721
8510.0,9.641126,-180.244308,5.990397812844537,-84.55889501637732
8519.0,8.547841,-175.402313,6.010255766710255,-79.68122296551093
8528.0,7.450542,-170.561218,6.026574133524739,-74.76906613080146
8537.0,6.348952,-165.7211,6.03846921036331,-69.89136816134067
8547.0,5.123363,-160.343552,6.048028594541864,-64.4104133648726
8556.0,4.052297,-155.655579,6.05388032390316,-59.58441163847051
8565.0,2.976539,-150.968674,6.057138053404743,-54.68946451590536
8574.0,1.897297,-146.282578,6.057245492274477,-49.82898777671426
8584.0,0.696975,-141.076065,6.054935060141382,-44.41696806960603
8593.0,-0.418585,-136.239151,6.052103641042175,-39.52202068188211
8602.0,-1.471891,-131.706268,6.047776257492365,-34.696017347887825
8611.0,-2.597083,-126.871582,6.040569098307261,-29.76660294371298
8620.0,-3.723616,-122.037209,6.03200389620235,-24.90613375020154
8630.0,-4.935772,-116.833443,6.022669989189454,-19.459650081660605
8639.0,-6.062877,-111.999207,6.015324067077152,-14.581943139708958
8648.0,-7.187089,-107.164299,6.009752472170426,-9.686998103976622
8657.0,-8.347105,-102.178452,6.005934217145844,-4.79205138654977
8667.0,-9.61076,-96.809731,5.999081066917689,0.6027287277278948
8676.0,-10.720573,-92.130783,5.986087816415958,5.5493670691708346
8685.0,-11.868585,-87.301468,5.967845081023513,10.461517134110203
8694.0,-13.023312,-82.473755,5.947522331491373,15.373659033906044
8703.0,-14.17823,-77.646088,5.924041897861227,20.268550923901877
8712.0,-15.32801,-72.817192,5.899282676454145,25.163436512602164
8722.0,-16.600275,-67.4505,5.876995992423898,30.540939064032557
8731.0,-17.743437,-62.620033,5.861270074157814,35.40139036398975
8740.0,-18.88311,-57.788742,5.848070431045704,40.31355656916758
8749.0,-20.025778,-52.95816,5.836100913224947,45.17401857132375
8758.0,-21.134081,-48.278851,5.823109465657362,50.05171374388477
8768.0,-22.407133,-42.912346,5.806438673449946,55.41200082131418
8777.0,-23.517395,-38.233501,5.790158425272263,60.25521446598037
8786.0,-24.629757,-33.555157,5.773858055254773,65.04672054758979
8796.0,-25.909222,-28.190178,5.755147733912797,70.44147256885627
8805.0,-27.026009,-23.512886,5.737120266144625,75.33638757893728
8814.0,-28.144495,-18.836,5.717463301309616,80.17958869577146
8823.0,-29.264812,-14.159554,5.695793241085446,85.05725303258522
8833.0,-30.560827,-8.79855,5.66871439077063,90.41749763555116
8842.0,-31.692444,-4.124825,5.64030121280416,95.31236337802339
8851.0,-32.823624,0.549007,5.610621048699487,100.15551344200335
8861.0,-34.043034,5.573883,5.57779906079378,105.48125383837319
8870.0,-35.216518,10.397072,5.546477458134554,110.3588657470168
8879.0,-36.327465,14.916168,5.512330406575516,115.16751404746846
8888.0,-37.475494,19.58589,5.470689900213088,120.06228513647244
8898.0,-38.747635,24.775314,5.421948936574793,125.40514008565927
8907.0,-39.928219,29.596769,5.380136374476664,130.2999097079358
8916.0,-41.069386,34.268173,5.341133528983921,135.1257573727524
8926.0,-42.335766,39.459007,5.300462903744564,140.5031523077714
8935.0,-43.508152,44.282463,5.267319011878036,145.39798830379235
8944.0,-44.641907,48.955669,5.239204662914727,150.24114771039385
8953.0,-45.843655,53.931622,5.2146054278410645,155.18774195120497
8962.0,-47.002934,58.758244,5.195152894077996,160.04817976509398
8972.0,-48.249073,63.953972,5.179657433987893,165.4601777823655
8981.0,-49.405819,68.781204,5.169230866572011,170.3206433393306
8990.0,-50.490875,73.306587,5.160401956380131,175.1638762993187
8999.0,-51.649979,78.133255,5.1516749387838905,180.0243452049825
9009.0,-52.901531,83.327682,5.140210773980119,185.40188171902412
9018.0,-54.032558,88.001549,5.12611393237042,190.27957382218025
9027.0,-55.204899,92.825012,5.10696912476316,195.15724872427003
9036.0,-56.349808,97.495499,5.082534371186531,200.0176640446494
9046.0,-57.670277,102.850533,5.048077237494371,205.42957455334889
9055.0,-58.822456,107.519234,5.012092628286945,210.28991808561614
9064.0,-59.97411,112.188065,4.974980600267576,215.15025314002722
9073.0,-61.12315,116.857536,4.9391528473825375,220.02783403082321
9083.0,-62.439804,122.213509,4.901798763759039,225.43972531951988
9092.0,-63.58897,126.88295,4.869823785659179,230.31733298874775
9101.0,-64.772507,131.703674,4.8392899028966,235.26389415662857
9110.0,-65.914886,136.374786,4.812808488226146,240.10706276705784
9119.0,-67.089081,141.1978,4.79102193353126,245.0191983926196
9129.0,-68.345894,146.390961,4.774062965265424,250.41395620372464
9138.0,-69.472717,151.065842,4.765132153724605,255.25718897688097
9147.0,-70.634705,155.891815,4.760599237781941,260.1693708251589
9156.0,-71.760338,160.566986,4.758242696538938,265.0126112591117
9166.0,-73.01638,165.76033,4.75479632502832,270.4591018352567
9175.0,-74.154915,170.432373,4.748007936223333,275.30233808513543
9184.0,-75.301903,175.102356,4.734466859584427,280.2145033609707
9193.0,-76.491081,179.921707,4.713769765441013,285.0921719233515
9203.0,-77.773903,185.108505,4.6851576872033105,290.4868805156716
9212.0,-78.928932,189.776505,4.656782831448743,295.3472744309136
9221.0,-80.088013,194.443497,4.627026819219853,300.2076600867538
9230.0,-81.284668,199.260986,4.595610260391271,305.1542157273399
9239.0,-82.440338,203.928818,4.56559017324881,310.0145997592996
9249.0,-83.719879,209.116425,4.536163148056463,315.4265399565313
9258.0,-84.866539,213.786484,4.514501747189585,320.2524966170998
9267.0,-86.006134,218.458267,4.498625226548385,325.1301832522001
9276.0,-87.181488,223.281006,4.48946094216832,329.9734155892095
9286.0,-88.399506,228.306213,4.485430909648214,335.3509628131549
9295.0,-89.529068,232.980438,4.486834872225112,340.24591081843636
9304.0,-90.691719,237.806244,4.493152125481646,345.14085494864065
9313.0,-91.816048,242.481735,4.503495855300357,350.00132068260126
9323.0,-93.110481,247.843124,4.516605986682116,355.41332500380145
9332.0,-94.239517,252.517471,4.528599773944103,360.29102273154166
9341.0,-95.439362,257.493896,4.542029477135106,365.1859525153672
9350.0,-96.601479,262.319824,4.5579008047431016,370.0636391673677
9359.0,-97.724213,266.995697,4.576965078188783,374.9757861125798
9369.0,-98.955887,272.194885,4.605766773829357,380.43943759853306
9378.0,-100.084152,277.028839,4.644879457877534,385.3687020983521
9387.0,-101.193611,281.867157,4.70081027127089,390.22885702261885
9396.0,-102.275208,286.711792,4.7792017862452,395.14041541362457
9405.0,-103.321289,291.564209,4.885474946281184,400.03420984749346
9414.0,-104.32412,296.425751,5.027628564251703,404.9270934854322
9424.0,-105.379845,301.839203,5.237514111665167,410.40403651231674
9433.0,-106.271629,306.722321,5.482166253467844,415.379151611164
9442.0,-107.103271,311.616058,5.784332488948547,420.31656948609805
9451.0,-107.850807,316.523346,6.16187479174695,425.2660822955102
9460.0,-108.544395,321.595154,6.621811559096546,430.2086194386148
9469.0,-109.152336,326.677948,7.162425139198442,435.1429838554306
9478.0,-109.64402,331.617432,7.796689650461495,440.1183165300035
9487.0,-110.053986,336.87561,8.538977388959289,445.1483830155874
9496.0,-110.335609,341.831512,9.376792621731392,450.0935111563594
9505.0,-110.490097,346.637787,10.323627522359065,455.00137549897835
9514.0,-110.51548,351.601624,11.400688625153283,459.9176096444472
9523.0,-110.384109,356.718964,12.606800623665233,464.7682717210758
9532.0,-110.100075,361.674713,13.952469753793498,469.5462827961099
9541.0,-109.64978,366.462341,15.463206140090499,474.29278682416935
9550.0,-109.001198,371.383667,17.138964176723714,478.9652647795584
9559.0,-108.182701,376.122253,18.961333766561886,483.4897590112011
9568.0,-107.124191,380.971985,20.954441898252323,487.9038844545658
9578.0,-105.72348,386.128204,23.36011251961747,492.63611906600767
9587.0,-104.274353,390.71344,25.687425401138476,496.725615583489
9597.0,-102.386833,395.712006,28.510945839040705,501.1803013550768
9606.0,-100.725388,399.556641,31.202706752276654,504.9975749241359
9616.0,-98.5075,404.03598,34.411131695451246,509.09635851490714
9626.0,-95.967239,408.539703,37.84299162627079,513.0328649108652
9635.0,-93.562164,412.341339,41.077689761701045,516.378484008916
9645.0,-90.776924,416.282501,44.86097869400924,519.9031215104395
9655.0,-87.704491,420.225067,48.7713814308361,523.1798392332868
9664.0,-84.703522,423.78183,52.48412582109751,526.0140381337969
9674.0,-81.109848,427.735809,56.746237355730024,529.0020847877672
9684.0,-77.262489,431.687744,61.12007636021167,531.824061028423
9693.0,-73.916222,434.921783,65.12950860997634,534.220226162469
9703.0,-70.077423,438.385864,69.74443223034248,536.7734541125402
9712.0,-66.417419,441.504944,73.9788118921228,538.9413265723992
9721.0,-62.674023,444.523438,78.33565774611594,541.0169520469286
9731.0,-58.4217,447.758606,83.30122137068584,543.2124014042848
9740.0,-54.525425,450.576996,87.79848852185889,545.055990923332
9749.0,-50.438305,453.394012,92.35589020366331,546.7944295575154
9758.0,-46.554462,455.957642,96.95186890509575,548.4281549781765
9767.0,-42.359913,458.612061,101.59810873704669,549.9686008128306
9777.0,-37.636848,461.460327,106.78701151287152,551.5661326508279
9786.0,-33.34166,463.948608,111.51008597517315,552.9159914143407
9795.0,-29.008633,466.370392,116.28938966747556,554.1917876058727
9804.0,-24.642542,468.732056,121.05470503040603,555.3839790962371
9813.0,-20.247404,471.039215,125.81954739276712,556.5050478752867
9822.0,-15.683853,473.358337,130.6493085834509,557.5740691784218
9832.0,-10.581681,475.87207,136.01605062706497,558.6871894325037
9841.0,-6.24369,477.947174,140.85494279787798,559.6275621620548
9850.0,-1.883662,479.975586,145.70423648875231,560.5127339029533
9859.0,2.494595,481.964325,150.51170440757377,561.3375558132088
9868.0,6.890255,483.914307,155.37792770063584,562.1243525933874
9877.0,11.300063,485.832092,160.1997861613946,562.8603960422028
9887.0,16.536415,488.052795,165.59090409189176,563.6350694785457
9896.0,20.978321,489.894989,170.44182937387401,564.2900823441786
9905.0,25.576004,491.766235,175.29767775122906,564.9075404250624
9914.0,30.041744,493.549896,180.1920481569965,565.4943254303054
9923.0,34.518192,495.306488,185.07308299792695,566.0466386924144
9932.0,39.150436,497.090454,189.92327352710333,566.5640657933972
9941.0,43.647472,498.793671,194.84518489772108,567.0582197829253
9951.0,48.656017,500.654572,200.23340861868274,567.5651791314932
9960.0,53.172127,502.306549,205.10946131446306,567.9948627982574
9969.0,57.841572,503.990723,209.95326533223061,568.3971025044166
9978.0,62.371502,505.604401,214.78166385231077,568.7759839973114
9988.0,67.411789,507.377533,220.17890042177638,569.1757339960075
9997.0,71.953857,508.956726,224.99313328524735,569.5126150466002
10006.0,76.645691,510.577515,229.84287436755554,569.8354858850546
10016.0,81.703018,512.301453,235.20964840737295,570.1757310796825
10025.0,86.551834,513.942566,240.0441302234392,570.4668822852356
10034.0,91.256386,515.526062,244.89655021697686,570.7466220751775
10043.0,95.964722,517.098267,249.76677695187982,571.016752645035
10053.0,101.034592,518.784912,255.15392418469492,571.3037093300179
10062.0,105.599121,520.297974,260.00799794278,571.5531128079849
10071.0,110.313499,521.851929,264.87970998404995,571.7949821137864
10080.0,114.884148,523.346375,269.7346803780264,572.0262754715906
10090.0,120.129845,525.05011,275.1583660530038,572.2721487914569
10099.0,124.705406,526.52948,280.0143137478936,572.481925168217
10108.0,129.283768,528.000122,284.8706223955653,572.6831724348069
10117.0,133.865402,529.460571,289.74453039482796,572.8757854895531
10127.0,138.957397,531.079224,295.10106276810586,573.0770723539914
10136.0,143.541092,532.533203,299.94115875980805,573.2515838019538
10145.0,148.127457,533.978699,304.81596402491016,573.419966109446
10154.0,152.715988,535.417297,309.6566151061835,573.5783345524161
10164.0,157.817764,537.004883,315.06608770760727,573.7443731704542
10173.0,162.559708,538.472595,319.9417817408201,573.8846823598457
10182.0,167.007599,539.841064,324.8177079088973,574.0166784870758
10191.0,171.753296,541.29657,329.7110648937323,574.1414797870575
10201.0,176.864166,542.854614,335.0870501365467,574.2711449557344
10210.0,181.613602,544.297913,339.9979528362993,574.3833311021193
10219.0,186.3647,545.735718,344.8400560918547,574.4883049889196
10228.0,191.11705,547.169373,349.751201346227,574.5893166136717
10237.0,195.721634,548.555786,354.57628172880266,574.6837952231867
10247.0,200.674484,550.040955,359.9701312100156,574.7842303818354
10256.0,205.579193,551.506592,364.8298554265796,574.8697563001413
10265.0,210.187714,552.879822,369.6379592153415,574.9497716427993
10275.0,215.143921,554.353699,375.01483802690547,575.0346517504802
10284.0,219.753464,555.723511,379.8058250764417,575.107034920752
10293.0,224.363937,557.090149,384.6657908414664,575.1775112042817
10303.0,229.488037,558.604126,390.0083639361561,575.2509102335263
10312.0,233.951477,559.920959,394.8684293185261,575.3141448983912
10321.0,238.564163,561.280151,399.72852510409615,575.3749979907144
10330.0,243.176575,562.640259,404.55417244136123,575.4337745363686
10340.0,248.466309,564.201904,409.98303469633004,575.4991550146652
10349.0,253.078186,565.563843,414.8259317030711,575.5568788093153
10358.0,257.839386,566.967773,419.7205471285849,575.6139557909529
10367.0,262.452179,568.326599,424.54624350188783,575.6685581596096
10377.0,267.577087,569.83783,429.97516664927963,575.7286701391247
10386.0,272.189514,571.197876,434.8181127146651,575.7821197615531
10395.0,276.950806,572.601562,439.6265914167429,575.8350070968175
10405.0,282.241211,574.16095,445.0210542630236,575.8939142031843
10414.0,286.705292,575.475647,449.79507542977274,575.9453341037416
10423.0,291.46701,576.877869,454.6208092995003,575.9965153946237
10433.0,296.592926,578.385681,459.92912580932546,576.0519354969788
10442.0,301.057587,579.698364,464.754878794256,576.1012815647681
10451.0,305.670837,581.055603,469.58063441373065,576.1503693135578
10461.0,310.630554,582.517639,474.92342425752105,576.2057892980112
10470.0,315.093445,583.836365,479.76639120624156,576.2573119917568
10479.0,319.705322,585.198303,484.59211944529324,576.3090214569604
10489.0,324.829224,586.712891,490.0038356674657,576.3663815381137
10498.0,329.586334,588.130676,494.81230505681657,576.4201089076965
10507.0,334.194031,589.506714,499.6896289043016,576.4816804992658
10516.0,338.953583,590.916321,504.54970927049453,576.543752859517
10526.0,344.088715,592.392456,509.94426334453277,576.5936105506102
10535.0,348.872314,593.718079,514.8392010308385,576.6037590822884
10544.0,353.520233,594.951416,519.716771900358,576.5665920680323
10553.0,358.333862,596.163513,524.6280673724555,576.4731691391911
10563.0,363.868988,597.472534,530.0545138910161,576.2985318820871
10572.0,369.017761,598.615601,534.9269573706202,576.0718746249627
10581.0,374.034698,599.632812,539.8985816023733,575.7643402114209
10590.0,379.068909,600.560669,544.795382926682,575.3758973608923
10599.0,383.9664,601.369873,549.6670009892297,574.8985553470596
10608.0,388.724762,602.064331,554.5628907599553,574.3245852571215
10617.0,393.806152,602.683777,559.4970741186635,573.6423393337817
10626.0,398.746216,603.169495,564.3632510914694,572.8552561230828
10635.0,403.697601,603.521667,569.2250936216977,571.9431777729096
10645.0,409.037079,603.717957,574.5971096956486,570.7720099497222
10654.0,414.000885,603.744873,579.3775945842752,569.5694532812648
10663.0,418.808105,603.622742,584.0179585228177,568.2438027149968
10672.0,423.762878,603.322083,588.7106182057692,566.7344573564916
10681.0,428.702362,602.830505,593.2979536374626,565.0766176141567
10691.0,434.161743,602.046204,598.2930078218802,563.0386938810854
10700.0,438.738281,601.202576,602.6500940393336,561.0450550156356
10709.0,443.580658,600.111023,606.9078572889681,558.8851072808967
10719.0,448.737274,598.711731,611.4900668194273,556.3086099041085
10728.0,453.175446,597.312073,615.474654586456,553.8384836074645
10738.0,458.520447,595.36731,619.7757584274959,550.9068418680031
10748.0,463.122375,593.416443,623.9344436731825,547.7764497891638
10757.0,467.325684,591.419312,627.4629493301513,544.8491356855224
10767.0,472.014648,588.857666,631.3276955957829,541.3110849109154
10777.0,476.408569,586.131897,634.9718501250866,537.5943450348269
10786.0,480.230469,583.476807,638.0572702187603,534.0875891036814
10796.0,484.308136,580.297363,641.2163693911577,530.0815660110916
10806.0,488.069,577.005005,644.1640092842474,525.8753245285303
10815.0,491.519104,573.655212,646.6161168876545,521.9404183694918
10825.0,495.010468,569.841187,649.1062024370447,517.4087720219509
10835.0,498.155518,565.956299,651.2858925950185,512.8151339483364
10845.0,501.053314,561.883667,653.1852597656521,508.0801014299124
10855.0,503.508881,557.930603,654.7622293368022,503.3007096523017
10865.0,505.872162,553.526245,656.0448591751203,498.38060593042917
10875.0,507.948029,548.979309,656.9917280821069,493.47274814850647
10885.0,509.736023,544.311707,657.6137875245745,488.5653616999353
10895.0,511.228912,539.541504,657.9223200678817,483.61106831836724
10905.0,512.365112,534.851135,657.9112023945179,478.647189629451
10915.0,513.172485,530.09314,657.5686433937901,473.71240969143923
10925.0,513.645996,525.290405,656.8930002470286,468.8817176796909
10935.0,513.781311,520.293884,655.8623448370437,464.0436241366245
10945.0,513.560852,515.300415,654.4886962329331,459.29152047424424
10956.0,512.90033,509.842041,652.628974068101,454.30092717063314
10966.0,512.041382,505.268341,650.6306403617285,449.94599219636206
10976.0,510.793518,500.428253,648.3182400315834,445.6904325190088
10987.0,509.021637,495.223389,645.4679239684057,441.2323729028728
10997.0,507.15509,490.772949,642.6039175933258,437.3909846491727
11008.0,504.656433,485.875305,639.1441971492667,433.38736982629183
11018.0,502.19223,481.72583,635.8229471337859,430.05425336423195
11029.0,499.019745,477.004974,631.8792093948281,426.57834836553775
11039.0,496.107941,473.156372,628.1442341377501,423.6601441047133
11050.0,492.539612,468.973389,623.7638099476445,420.6308748913298
11060.0,489.235687,465.455658,619.6045193932418,418.08285977006557
11070.0,485.663635,461.959351,615.2546635723304,415.69142305164473
11080.0,481.964355,458.597961,610.7008267538928,413.42975769904064
11090.0,477.89502,455.135437,606.0505313219516,411.33145338481916
11099.0,474.26767,452.220154,601.7494612563182,409.55459225712497
11109.0,470.150421,449.092133,596.9146153110979,407.7213957732592
11119.0,466.096954,446.167572,592.04579623668,406.0323131063094
11128.0,462.269714,443.520203,587.5800067734762,404.6057129293594
11138.0,457.964905,440.655792,582.5722362642923,403.1238290885902
11147.0,454.047577,438.143616,578.002292212056,401.86622516115153
11157.0,449.508606,435.324707,572.8940514354283,400.55383453529487
11166.0,445.39035,432.841919,568.2858853268381,399.4444376746004
11176.0,440.779266,430.142578,563.1082055127848,398.2727178704777
11185.0,436.599976,427.763947,558.4215932214902,397.2754909839369
11194.0,432.532532,425.50293,553.740504232683,396.33670028010044
11204.0,427.836945,422.9534,548.4567356465762,395.33679032645574
11213.0,423.454712,420.621826,543.7064541959392,394.48523114136907
11222.0,419.189148,418.401611,538.914692182802,393.67082893532614
11232.0,414.273132,415.901062,533.6049338075338,392.81965540237576
11241.0,409.970062,413.754456,528.8501855930248,392.1008828965031
11250.0,405.650543,411.641144,524.038694585718,391.4125599851034
11260.0,400.832672,409.331055,518.7264941333646,390.69598352597563
11269.0,396.623169,407.347015,513.9219597857516,390.0848917513809
11278.0,392.120667,405.257111,509.0621401983701,389.49951023167444
11287.0,387.607269,403.190826,504.267324140969,388.951727536018
11297.0,382.891205,401.070648,498.90372741028517,388.37247840336323
11306.0,378.351135,399.06369,494.0680995458945,387.8816247582826
11315.0,373.941162,397.146271,489.24667485389284,387.4224435372836
11324.0,369.664276,395.312012,484.3882598085281,386.9889897091568
11334.0,364.746948,393.221985,479.0468369780966,386.53937029864977
11343.0,360.175568,391.287415,474.20221056723204,386.14715979023055
11352.0,355.606079,389.348328,469.3914054653183,385.764431195306
11362.0,350.692108,387.250397,464.01383139583504,385.3338541704951
11371.0,346.273621,385.352753,459.2039142230546,384.94012368277004
11380.0,341.719299,383.378296,454.34339097949686,384.5309870638044
11389.0,337.17337,381.384613,449.484181075072,384.1065367382368
11399.0,332.293518,379.208527,444.1120562620979,383.61259904893615
11408.0,327.773071,377.157745,439.18889273170436,383.1310800372806
11417.0,323.408325,375.139526,434.3547641934548,382.62567384475614
11426.0,318.921783,373.015533,429.4390010396006,382.07370254043616
11435.0,314.457764,370.844635,424.5968471391045,381.4858040984802
11444.0,310.020386,368.619781,419.658683235086,380.8329931194708
11453.0,305.612549,366.336975,414.7628972432288,380.1254062149018
11462.0,301.104523,363.911682,409.8603906340414,379.34717476615964
11471.0,296.773376,361.486511,404.9537414772707,378.4890261953238
11480.0,292.350616,358.908997,400.01136477790544,377.5391149606297
11489.0,288.107666,356.332672,395.119999103591,376.5104407776468
11498.0,283.775604,353.605499,390.19707064514245,375.38439440847196
11507.0,279.618469,350.892853,385.36161488403616,374.1885714702196
11516.0,275.521301,348.090454,380.54961411439695,372.90160856855607
11525.0,271.615997,345.284607,375.71629642196984,371.4985907937909
11534.0,267.780701,342.383759,370.9825947405616,370.0045079204665
11543.0,263.768616,339.204529,366.23715173468236,368.3806244976608
11552.0,260.200836,336.216675,361.5982912664071,366.66295943675243
11562.0,255.968521,332.41687,356.4832487155067,364.59986503308613
11571.0,252.487534,329.099182,351.95514160777253,362.60847212196103
11580.0,249.108109,325.678101,347.4736518472978,360.47388439415766
11589.0,245.726242,322.044495,343.0732743673654,358.21422120251003
11598.0,242.443329,318.321228,338.7412019681352,355.82622027423974
11607.0,239.161346,314.392761,334.50974123853376,353.3313673423579
11616.0,236.100388,310.484985,330.3237978813894,350.6955984002156
11625.0,233.344635,306.735016,326.23403430756787,347.94368775096086
11634.0,230.52829,302.64743,322.2588337812508,345.0874141784404
11643.0,227.917923,298.608826,318.3180824969102,342.06902146775866
11653.0,225.18483,294.01767,314.0937445334093,338.6038683877698
11662.0,222.784821,289.672546,310.3923544357648,335.34827479269404
11671.0,220.533051,285.248779,306.7876468763615,331.9607265470208
11680.0,218.561356,281.033478,303.33390173635206,328.49198578798723
11689.0,216.614166,276.467438,299.9632903366573,324.8714363134143
11698.0,214.803314,271.845642,296.7373823968449,321.166970222095
11708.0,213.073059,266.973022,293.3555348778548,317.008116675015
11717.0,211.621323,262.388611,290.4084190294666,313.1213973449986
11726.0,210.327606,257.757141,287.59390304434186,309.13760784960454
11735.0,209.185532,253.085968,284.9341555417124,305.090049736788
11745.0,208.118011,247.850616,282.13983227449404,300.49551081920254
11754.0,207.291489,242.956024,279.77219882079737,296.2704314964789
11763.0,206.632385,238.192642,277.57795412646175,292.0302413677095
11773.0,206.081146,232.704819,275.27193274943585,287.17222780292553
11782.0,205.748154,227.752106,273.34184986967034,282.7113966896691
11791.0,205.584076,222.946136,271.57234773193807,278.2214981283947
11800.0,205.59169,218.137375,269.9320068402343,273.60957882028504
11810.0,205.818832,212.626617,268.3031962641719,268.4304093793732
11819.0,206.197083,207.677155,267.02377329967015,263.75921463581176
11828.0,206.710678,202.895889,265.90575235645207,259.04678292544224
11837.0,207.415482,197.825623,264.9489019868654,254.31658586018224
11847.0,208.345856,192.739288,264.0808919576651,249.04448634682
11856.0,209.352615,188.195847,263.4840830501248,244.2728950371565
11866.0,210.678528,183.198013,263.0354696196424,239.00057645886264
11875.0,212.085358,178.59964,262.81649997189004,234.1967949492673
11884.0,213.659836,174.055923,262.77590377007704,229.38819677027942
11894.0,215.531784,169.235947,262.9298731033432,224.15079661124793
11903.0,217.42485,164.815475,263.2488874132578,219.36989438444766
11913.0,219.719543,159.99025,263.80100099868787,214.09007751783088
11922.0,221.932968,155.721176,264.4753360808816,209.3462321968823
11932.0,224.573151,151.075974,265.4106549222608,204.13818305483372
11941.0,227.088516,146.977539,266.4331259045178,199.4393728236146
11950.0,229.749893,142.972382,267.60990256530613,194.81237392612542
11960.0,232.783981,138.785416,269.1052999281752,189.73670806555538
11969.0,235.652832,135.121246,270.6351986215173,185.19598056654553
11979.0,239.091904,131.032089,272.51327510697797,180.2491203587176
11988.0,242.30336,127.452873,274.32126824944976,175.96104386996635
11998.0,245.887695,123.726097,276.5388830033693,171.17578757693175
12007.0,249.232178,120.490227,278.6922769347037,166.93402653948442
12017.0,253.084534,117.041222,281.2522409284329,162.3228360925782
12026.0,256.778198,113.962082,283.74912771124895,158.19295918160725
12035.0,260.453522,111.107521,286.341376085048,154.22481041330045
12045.0,264.659821,108.100311,289.41561508516327,149.87582862182487
12054.0,268.67218,105.449821,292.31558979522976,146.08319513205592
12064.0,273.239685,102.677414,295.66656816253345,142.03277208063514
12073.0,277.567444,100.246239,298.83541933376915,138.4848114865935
12083.0,282.329529,97.823235,302.51798130498554,134.6611963275616
12092.0,286.832977,95.735344,305.98347066514674,131.32733250413142
12101.0,291.125641,93.938255,309.5433170886637,128.14591528098765
12111.0,296.135101,92.079781,313.6504674077431,124.75535421990918
12120.0,300.851807,90.532875,317.4776831289013,121.84387962405799
12130.0,305.823425,89.111893,321.8257323854366,118.79826585685598
12139.0,310.636719,87.898483,325.87716653799833,116.17601334929142
12148.0,315.027008,86.917633,329.949591303983,113.71735545366853
12158.0,320.271881,85.897957,334.5450562347902,111.12926831128904
12167.0,325.017242,85.119545,338.81832069875674,108.88660522313403
12177.0,330.484497,84.392151,343.62131833974325,106.545731807021
12186.0,335.111603,83.895836,348.0182805230731,104.55649816957674
12195.0,339.748993,83.507202,352.49549355584037,102.6647271467044
12204.0,344.85791,83.185745,357.0150366835608,100.87644191765756
12214.0,350.368195,82.947693,362.08915859722225,98.99408981097416
12223.0,355.174896,82.806679,366.6604582123037,97.39402628613313
12232.0,359.827911,82.730637,371.287661571663,95.85095530744522
12241.0,364.791718,82.702141,375.95045685948594,94.36137212770437
12251.0,370.134766,82.718414,381.13986141186456,92.7654710085465
12260.0,374.788239,82.757965,385.76427513609184,91.38520849251901
12269.0,379.75177,82.818527,390.47867947538305,90.00537416059696
12278.0,384.560028,82.888184,395.1482342712366,88.65648863829603
12287.0,389.368164,82.965668,399.83753022022495,87.31388576441805
12297.0,394.88266,83.067024,405.0432516236218,85.83387653524412
12306.0,399.690491,83.161301,409.72043110082996,84.51167145215611
12315.0,404.653412,83.259476,414.4318758989197,83.18396445885405
12324.0,409.461304,83.351242,419.0768765439147,81.87465322237556
12334.0,414.975952,83.444901,424.3010364927156,80.39648786636414
12343.0,419.784271,83.510414,428.958564740193,79.06817537364253
12352.0,424.437744,83.551727,433.61133704980176,77.72329869182057
12362.0,429.953156,83.571136,438.80304132309664,76.1948454256472
12371.0,434.761902,83.560333,443.4743236406156,74.79085095123557
12380.0,439.725586,83.515892,448.16982824136244,73.34801083457563
12389.0,444.688782,83.432022,452.82219724182255,71.88256153224785
12398.0,449.651184,83.310143,457.46303251710196,70.3809867183085
12407.0,454.612488,83.149887,462.1404424155114,68.82502561548479
12417.0,459.950806,82.924171,467.27632140654646,67.06446690308341
12426.0,464.907867,82.663719,471.92332330265185,65.41991477899862
12435.0,470.016846,82.343399,476.5373824188163,63.73468199673438
12444.0,474.812714,81.991371,481.1338552672739,62.002057279355874
12453.0,479.604797,81.591179,485.7118629990576,60.221215830600045
12462.0,484.546661,81.124222,490.27060070734274,58.391608887855995
12472.0,490.030823,80.537743,495.30167764445997,56.30533557730669
12481.0,494.960205,79.953545,499.84861982772304,54.35733237206142
12490.0,499.882538,79.312462,504.3416481318288,52.371822937084325
12499.0,504.79718,78.615036,508.8429370128653,50.32053112092341
12508.0,509.550079,77.884148,513.305067292045,48.22563931396381
12517.0,514.446899,77.071068,517.7559016741725,46.067058064982234
12526.0,519.333923,76.200836,522.1630966854515,43.858934326647685
12535.0,524.363342,75.247177,526.5901945212644,41.575859717834504
12544.0,529.076721,74.293983,530.9294089052031,39.273519693403415
12553.0,533.929871,73.251373,535.3162823583438,36.87790494125176
12563.0,539.304565,72.013474,540.1358593319615,34.16089945737184
12572.0,544.125549,70.830956,544.4246390187742,31.6615827429655
12581.0,548.779541,69.62072,548.6926000192967,29.093288792638717
12590.0,553.714783,68.261368,552.9379147918188,26.454931118477898
12599.0,558.48053,66.872917,557.100430742758,23.782318040653237
12608.0,563.225891,65.416374,561.2654090111085,21.01888091295069
12617.0,568.099365,63.849922,565.3320122809452,18.232859348606002
12626.0,572.947632,62.207253,569.4131828716994,15.347088161599011
12635.0,577.624756,60.544498,573.4361898409262,12.409905865108138
12644.0,582.421936,58.758022,577.4273858895629,9.400922176894671
12653.0,587.049744,56.962643,581.3320481361717,6.363980879223636
12662.0,591.792847,55.037239,585.2580301650173,3.2149994722592736
12671.0,596.506226,53.040222,589.1086639770082,0.028112593101228267
12680.0,601.186523,50.966747,592.9215362443601,-3.230450244374596
12689.0,605.83429,48.821342,596.6945132373078,-6.561225439867977
12698.0,610.306458,46.667313,600.3628207959092,-9.905434598463817
12707.0,614.741577,44.437943,603.9701934675248,-13.315284690332675
12716.0,619.278625,42.067394,607.5027485344782,-16.778008243336217
12725.0,623.781189,39.632042,610.993130459249,-20.307519436144936
12734.0,628.113464,37.208916,614.4190764776678,-23.87575339490833
12743.0,632.546936,34.649899,617.8286505271623,-27.5306724823316
12752.0,636.807861,32.103397,621.1385221257806,-31.18360668812974
12761.0,641.030334,29.493658,624.4043988143993,-34.89890602470128
12770.0,645.211975,26.818954,627.6462686506142,-38.70336507949961
12779.0,649.478821,23.990837,630.8049849384706,-42.532559074814934
12789.0,654.020081,20.860867,634.229259336053,-46.83424893101301
12798.0,657.934753,18.06806,637.2613172875524,-50.78624203526003
12807.0,661.921143,15.110202,640.2130484212402,-54.77716906483045
12816.0,665.979797,11.990654,643.0824736546843,-58.80653607904701
12825.0,669.858887,8.89344,645.8879189583981,-62.90161750544122
12834.0,673.801575,5.628587,648.6365363467445,-67.07639069533757
12843.0,677.572754,2.400856,651.2901721481389,-71.2714392379048
12852.0,681.405151,-0.992832,653.887601975236,-75.54191778578378
12861.0,685.180786,-4.449529,656.4197625731649,-79.87139689985929
12870.0,688.902954,-7.963724,658.8533178931544,-84.19783004339442
12879.0,692.473633,-11.411969,661.2277929352554,-88.57658479694092
12888.0,695.992432,-14.913131,663.5433320913694,-92.98678925181252
12897.0,699.450562,-18.474268,665.8109374451676,-97.46051171217431
12906.0,702.849548,-22.091871,668.0254035874697,-102.01833192785121
12915.0,706.287476,-25.884619,670.1377384208804,-106.56742724939372
12924.0,709.659119,-29.736389,672.1545357385805,-111.12200225663466
12933.0,712.863464,-33.527493,674.1035099536671,-115.74344426123007
12942.0,716.009766,-37.366901,675.973421105594,-120.39743813497114
12951.0,719.19281,-41.37595,677.7675681812432,-125.08116132959421
12960.0,722.308838,-45.437313,679.4979680687419,-129.82551811022194
12968.0,725.022949,-49.089481,680.9780383964132,-134.09183959010363
12978.0,728.338684,-53.710823,682.7067870800307,-139.3656318994424
12986.0,730.861633,-57.330723,684.021992590797,-143.61350607093254
12995.0,733.73584,-61.566662,685.4339827998609,-148.40828577224363
13005.0,736.864197,-66.316872,686.9280005112515,-153.7533178966748
13013.0,739.322815,-70.145676,688.0920680926555,-158.13430132748329
13022.0,741.947021,-74.359207,689.3182001775239,-162.99771852153188
13031.0,744.515015,-78.607216,690.4735009498592,-167.86073290152692
13040.0,746.952271,-82.752579,691.5681626475586,-172.75541802526163
13049.0,749.493713,-87.196144,692.6008754367748,-177.6635470973114
13058.0,751.9104,-91.532013,693.5638311965723,-182.53313963114843
13067.0,754.27533,-95.896339,694.4813640000142,-187.48162953685133
13076.0,756.598145,-100.283234,695.3328448832297,-192.38944017121622
13085.0,758.879211,-104.691986,696.1353616528241,-197.3229577367182
13094.0,761.12085,-109.120895,696.8953295870018,-202.29808261266334
13103.0,763.328003,-113.567093,697.5975964500617,-207.19463455853708
13112.0,765.438354,-117.888046,698.2647867013427,-212.13087625499625
13121.0,767.653687,-122.502861,698.8963736759036,-217.07179953013738
13130.0,769.771912,-126.992104,699.4933176065582,-222.0170278222308
13139.0,771.860352,-131.495285,700.0596210145399,-227.00055339586032
13148.0,773.917114,-136.013031,700.5834131540937,-231.91939894132457
13157.0,775.984436,-140.696014,701.0752231867159,-236.9281454595703
13166.0,777.921753,-145.266235,701.5031647638248,-241.90815497172773
13175.0,779.734009,-149.720428,701.8537032162018,-246.84237451477483
13185.0,781.73822,-154.858826,702.1606747500966,-252.33199738399304
13194.0,783.55188,-159.645767,702.3708563672637,-257.325938955778
13203.0,785.363831,-164.433365,702.5378338517868,-262.28702087009776
13212.0,787.219543,-169.204178,702.7067824506403,-267.28252736149005
13221.0,789.085999,-173.803802,702.9190808997363,-272.25912803723025
13230.0,791.082642,-178.517365,703.2048838968516,-277.3183673141053
13238.0,792.900391,-182.688751,703.5184782172299,-281.78867201833964
13247.0,794.963684,-187.37352,703.9195895378757,-286.8054965618816
13256.0,797.078735,-192.204971,704.345394744463,-291.8894732067383
13265.0,799.108459,-196.904373,704.7614913974596,-296.97425365182914
13274.0,801.098511,-201.620728,705.1498869767805,-302.04393892905125
13283.0,803.035217,-206.359238,705.4899843298302,-307.0652686914433
13292.0,804.864929,-210.973602,705.7754426523835,-312.14179048123333
13301.0,806.710571,-215.748322,706.0050012824377,-317.2038936260934
13309.0,808.228638,-219.744125,706.1697447810112,-321.6821550215628
13318.0,809.970032,-224.392532,706.3240739295358,-326.7298661411149
13327.0,811.698486,-229.045776,706.4533984487765,-331.70931391029467
13336.0,813.365601,-233.556305,706.5675119227848,-336.6891334885843
13346.0,815.205139,-238.572739,706.6792061763671,-342.1344797463736
13355.0,816.852295,-243.090622,706.7673797585056,-347.02863374527095
13364.0,818.54248,-247.757904,706.8449883677966,-351.9574424466716
13373.0,820.225525,-252.427765,706.9126681582402,-356.88639748371594
13382.0,821.907654,-257.097961,706.9719848576533,-361.7637492757549
13391.0,823.587341,-261.769043,707.0283751291603,-366.71008325587303
13400.0,825.265625,-266.440613,707.0826050349306,-371.65644139322046
13410.0,827.069641,-271.46994,707.1392652664186,-377.05092830721435
13419.0,828.641296,-275.850159,707.1885689792089,-381.9111549776142
13428.0,830.31543,-280.523224,707.2369608875697,-386.8231005474546
13437.0,831.987305,-285.197113,707.2832720389229,-391.7178296740539
13447.0,833.785706,-290.228455,707.3316734370234,-397.12963343554475
13456.0,835.406677,-294.755798,707.3734769008428,-402.024403135533
13465.0,837.026062,-299.283691,707.4139807247304,-406.93642008360325
13474.0,838.641357,-303.813049,707.4512764655627,-411.8312262057317
13483.0,840.303223,-308.490479,707.4833057809798,-416.72606962186507
13493.0,842.144165,-313.689606,707.512457513611,-422.1380113089787
13502.0,843.747864,-318.223083,707.5334762744976,-426.99844260213075
13511.0,845.397949,-322.904694,707.5505691129632,-431.91059680296274
13520.0,847.045044,-327.587341,707.5631019978143,-436.78829317532256
13529.0,848.635803,-332.125366,707.5705246973394,-441.7004715069195
13539.0,850.452087,-337.33316,707.5720573669299,-447.12972722398524
13548.0,852.081116,-342.022125,707.5662273914926,-452.00743621341155
13557.0,853.705261,-346.712799,707.5536684607067,-456.90236830883106
13566.0,855.271423,-351.259369,707.534655985983,-461.7628078640109
13575.0,856.883911,-355.954071,707.5085266519482,-466.6576863306751
13585.0,858.610657,-361.010437,707.4719451983223,-472.0523467689543
13594.0,860.160339,-365.562653,707.4313253662491,-476.9471264345524
13603.0,861.704529,-370.11673,707.3845162913983,-481.8418508247527
13612.0,863.242432,-374.672943,707.3323385193648,-486.71928421273964
13622.0,864.943542,-379.737976,707.2668268979791,-492.1309078947493
13631.0,866.471985,-384.297394,707.2021849611971,-496.97371750017254
13640.0,867.997986,-388.857605,707.1337718829243,-501.81647529972145
13649.0,869.521912,-393.418518,707.063289095968,-506.6419658533041
13659.0,871.212585,-398.487061,706.9811713620011,-512.0878384327234
13668.0,872.782715,-403.196075,706.9059528193948,-516.9477331141552
13677.0,874.303833,-407.757935,706.8297894552758,-521.8076130803394
13686.0,875.873047,-412.467255,706.7527455587056,-526.6847170583313
13696.0,877.616699,-417.699829,706.6674773583968,-532.0615897294052
13705.0,879.186707,-422.408905,706.5901477090084,-536.938689184969
13714.0,880.710815,-426.969757,706.5153196303413,-541.7468765000816
13723.0,882.28656,-431.67691,706.4421041755581,-546.6412771214746
13733.0,883.987061,-436.742157,706.3658619507527,-552.0010478806513
13742.0,885.520935,-441.299744,706.3005343833288,-556.8610855813987
13751.0,887.107666,-446.003204,706.2385262344087,-561.7556410193295
13760.0,888.59729,-450.411987,706.1803703738401,-566.5812958766368
13770.0,890.365662,-455.63623,706.1181216091329,-571.9929580741068
13779.0,891.909912,-460.190308,706.0659469799062,-576.7842078108894
13788.0,893.505188,-464.890869,706.0151019198056,-581.6616552738568
13798.0,895.224487,-469.949768,705.9605190524453,-587.0561636071226
13807.0,896.771973,-474.502747,705.9123879889432,-591.9164020317761
13816.0,898.367432,-479.203247,705.8642602920734,-596.7938770649187
13825.0,899.913513,-483.756683,705.8143478474125,-601.6713341607845
13834.0,901.51062,-488.456635,705.7627808668335,-606.5660107376406
13844.0,903.284241,-493.679108,705.7051224167775,-611.9949604973551
13853.0,904.878357,-498.380066,705.6516079331528,-616.8896161691622
13862.0,906.467834,-503.082611,705.5951436831838,-621.7670018175008
13871.0,908.00293,-507.639771,705.5338604538783,-626.6443292967605
13880.0,909.585876,-512.344482,705.4674166976835,-631.5560638463
13890.0,911.340149,-517.573486,705.389008076704,-637.0192286054655
13899.0,912.914673,-522.281067,705.3140720282418,-641.9136031859559
13908.0,914.434265,-526.843445,705.2343701684504,-646.7734264088012
13917.0,915.997192,-531.554871,705.1478804923624,-651.7020872661905
13926.0,917.609619,-536.41333,705.0573963872251,-656.5789604038537
13936.0,919.289185,-541.485535,704.9526224553423,-662.0244442112579
13945.0,920.850342,-546.19751,704.8562845565507,-666.9184443088026
13954.0,922.361572,-550.762634,704.7582733412411,-671.8296503581912
13963.0,923.871582,-555.328186,704.6594825514545,-676.7236015558805
13972.0,925.38562,-559.892395,704.5604499844861,-681.6003085928896
13982.0,927.125977,-565.126038,704.4514572643586,-687.0629487681704
13991.0,928.695984,-569.835083,704.3572809215018,-691.9225130449556
14000.0,930.266113,-574.544128,704.2638422633574,-696.8338082178243
14009.0,931.740906,-578.957886,704.1722853820893,-701.7106613334745
14018.0,933.268311,-583.517639,704.0824410443398,-706.6220235735107
14027.0,934.798462,-588.076477,703.9966057346568,-711.5162191402123
14037.0,936.509888,-593.138062,703.9078854400448,-716.8757978715207
14046.0,938.156128,-597.985107,703.8323402937444,-721.8046386319937
14055.0,939.704895,-602.537659,703.7633764726571,-726.6301511329985
14064.0,941.306641,-607.236023,703.69640984069,-731.5246412408354
14074.0,943.031677,-612.292969,703.6243321543219,-736.9361814518439
14083.0,944.635315,-616.990662,703.5600859463095,-741.847945237149
14092.0,946.239075,-621.688354,703.4969842294524,-746.725249528196
14101.0,947.793518,-626.238953,703.4341397179264,-751.6025571401387
14110.0,949.348083,-630.78949,703.3710209884975,-756.4970983823295
14120.0,951.076782,-635.845215,703.3008622983733,-761.8914266264469
14129.0,952.678772,-640.543518,703.2354414683896,-766.8031749071382
14138.0,954.221436,-645.098145,703.1657805836188,-771.6631524281659
14147.0,955.801514,-649.803833,703.0851157495956,-776.5746740093492
14157.0,957.475342,-654.87793,702.9775637570573,-781.9856254245012
14166.0,958.955261,-659.453308,702.8573318642718,-786.8446148704364
14175.0,960.40332,-664.038879,702.7070160812816,-791.7372545578542
14184.0,961.813904,-668.636108,702.5246603801924,-796.559813350057
14194.0,963.331848,-673.759033,702.2743743023672,-801.9660430462021
14203.0,964.649048,-678.383911,702.0019130651257,-806.8361399495847
14212.0,965.917725,-683.022339,701.6763514996163,-811.7375235016995
14221.0,967.130554,-687.675659,701.290679471411,-816.686409470035
14230.0,968.357239,-692.645508,700.8456827299065,-821.6130084597684
14239.0,969.48053,-697.480652,700.3365199733082,-826.5333898467013
14248.0,970.542175,-702.329712,699.7572090665809,-831.4807147592792
14257.0,971.569885,-707.344482,699.1120148742556,-836.4024969258452
14266.0,972.483887,-712.223511,698.3903131551026,-841.3310638114457
14275.0,973.312683,-717.117737,697.5785763078277,-846.2980047294558
14284.0,974.078674,-722.179138,696.6809215783693,-851.2501390954546
14293.0,974.740723,-727.098694,695.6933038733647,-856.2026956374141
14302.0,975.30957,-732.029907,694.620904281603,-861.1199487230114
14311.0,975.801147,-737.125244,693.4574664066143,-866.0164608595499
14320.0,976.192993,-742.229248,692.2008675066758,-870.8898968134646
14329.0,976.473755,-747.185181,690.8261066438589,-875.8208524991051
14338.0,976.673889,-752.455505,689.3738844302434,-880.6576133650996
14347.0,976.768066,-757.573669,687.850703715968,-885.3820324566491
14356.0,976.741394,-762.537476,686.208689239444,-890.121232299639
14365.0,976.601562,-767.49939,684.4586196947638,-894.8216028469153
14373.0,976.379639,-772.044189,682.7914537819937,-899.0183474142983
14382.0,976.00708,-777.305176,680.8185653371748,-903.6858195993398
14391.0,975.54248,-782.247253,678.730838525787,-908.3219771351803
14400.0,974.967834,-787.177795,676.5512300349465,-912.8774696287752
14409.0,974.266357,-792.248535,674.2605891660397,-917.397486202143
14418.0,973.452209,-797.302368,671.869643055015,-921.8652554562575
14427.0,972.524902,-802.33667,669.3627949893698,-926.3086597114637
14436.0,971.45752,-807.501648,666.7657765606143,-930.6799358657272
14444.0,970.502014,-811.667969,664.4022530327935,-934.466958771963
14453.0,969.191162,-816.776611,661.6012029213963,-938.7310233672589
14462.0,967.844788,-821.554443,658.7138509775579,-942.8952500861405
14471.0,966.331543,-826.444702,655.7331151135885,-946.971819568166
14480.0,964.693909,-831.294678,652.6386782157198,-950.9845550066099
14489.0,962.931885,-836.100891,649.4302953819534,-954.9290244928807
14498.0,961.045654,-840.859741,646.119439197537,-958.7878832959765
14507.0,959.039246,-845.569153,642.7206545757398,-962.5463202727622
14515.0,957.166687,-849.716248,639.600336039146,-965.8344324036487
14524.0,955.077332,-854.047424,636.0383175027255,-969.4142688494561
14533.0,952.732544,-858.597839,632.3606784521419,-972.9253272297384
14542.0,950.280151,-863.091187,628.5937438643122,-976.3404061083502
14551.0,947.792603,-867.38678,624.7677455154762,-979.6366072046486
14560.0,945.034729,-871.882385,620.8452636740723,-982.8446785283088
14569.0,942.250183,-876.177795,616.8960575469794,-985.9085649002764
14578.0,939.357483,-880.401123,612.8700769160422,-988.8708458953724
14587.0,936.449768,-884.424194,608.7138107350653,-991.7696451030968
14596.0,933.351074,-888.49884,604.485855184042,-994.5628470779646
14604.0,930.598022,-891.94696,600.6878204263634,-996.9412704057066
14613.0,927.299133,-895.861267,596.3119766123499,-999.5305851512483
14622.0,923.908081,-899.695984,591.8853355172514,-1001.9968442676064
14631.0,920.430176,-903.452148,587.445020488429,-1004.3291883969608
14640.0,916.863647,-907.124207,582.9194674089691,-1006.5702984695646
14649.0,913.32135,-910.601624,578.3258880712607,-1008.7096007581654
14658.0,909.583252,-914.098877,573.6659354481405,-1010.7436611029938
14667.0,905.650696,-917.613342,568.9906802165531,-1012.6529001011415
14676.0,901.766602,-920.947693,564.2897053336485,-1014.4501908240148
14685.0,897.816589,-924.203735,559.5518989718403,-1016.1480158062332
14693.0,894.257263,-927.038513,555.3215970358168,-1017.5736144485564
14702.0,890.318665,-930.059692,550.5239181307891,-1019.0940406771144
14711.0,886.206848,-933.108826,545.6832977228587,-1020.5333457520943
14720.0,882.049255,-936.095276,540.8530213480602,-1021.8841443440332
14729.0,878.104553,-938.845459,536.0195181360709,-1023.1572804067844
14738.0,873.864502,-941.713623,531.1519095728779,-1024.3666660228928
14747.0,869.721619,-944.447937,526.3348199884113,-1025.4914093895352
14756.0,865.681458,-947.055847,521.4700549005453,-1026.5617764093724
14765.0,861.486267,-949.709229,516.5946825123724,-1027.5827411462305
14775.0,856.942871,-952.521057,511.2362407918865,-1028.6501770580244
14784.0,852.700012,-955.097595,506.35923824839796,-1029.5748723763509
14793.0,848.437195,-957.640869,501.4916659066772,-1030.4558600060586
14802.0,844.15387,-960.149536,496.6340256700578,-1031.294018489172
14811.0,839.985657,-962.547546,491.76981684604584,-1032.0931748115793
14820.0,835.665955,-964.993042,486.89970410471335,-1032.8555265663101
14829.0,831.330139,-967.409851,482.0243437293584,-1033.5835646983182
14838.0,826.980835,-969.802307,477.161406514915,-1034.2773893925023
14848.0,822.284302,-972.350098,471.7990078042825,-1035.0085820596164
14857.0,817.907898,-974.692627,466.910937093378,-1035.6457186512725
14866.0,813.521301,-977.01593,462.0707497348958,-1036.2495938941277
14875.0,809.124634,-979.32019,457.2105111000506,-1036.831485944141
14884.0,804.855835,-981.53418,452.3647967930153,-1037.3892778665706
14894.0,800.099792,-983.968994,446.96822552114634,-1037.9841211215603
14903.0,795.671997,-986.212891,442.117351932269,-1038.495104877541
14912.0,791.373291,-988.368225,437.2814196367867,-1038.982950116591
14921.0,787.064697,-990.503723,432.46058165079427,-1039.4482506293596
14931.0,782.265564,-992.852478,427.0712341543487,-1039.94312052215
14940.0,778.077576,-994.881531,422.24627661724713,-1040.363558650222
14949.0,773.743652,-996.965149,417.3681457121382,-1040.7689680952665
14958.0,769.26178,-999.098877,412.5057715559898,-1041.155486580924
14968.0,764.42511,-1001.369385,407.1089622664971,-1041.5609642511838
14977.0,759.916748,-1003.446655,402.2257498718683,-1041.8997188149233
14986.0,755.533936,-1005.425354,397.39189708551845,-1042.2011333040707
14995.0,750.995239,-1007.435425,392.4870596596266,-1042.469686619895
15004.0,746.441956,-1009.412292,387.6147785174898,-1042.6998071233759
15014.0,741.364502,-1011.566162,382.13801343302026,-1042.9142857290396
15023.0,736.779602,-1013.468506,377.24538103682363,-1043.0648386473024
15032.0,732.178406,-1015.331055,372.35166981634507,-1043.1748769864053
15041.0,727.706482,-1017.09906,367.4227317655482,-1043.2437827383098
15050.0,723.07666,-1018.889221,362.5450982554023,-1043.2715372845473
15059.0,718.432434,-1020.641724,357.650163922322,-1043.2598830860704
15068.0,713.774414,-1022.357239,352.68654823874965,-1043.2075898099904
15078.0,708.582703,-1024.218994,347.2065928400236,-1043.1024913289123
15087.0,703.895325,-1025.852661,342.26189465090624,-1042.9633528219395
15096.0,699.048462,-1027.499512,337.3013767613132,-1042.7803842236374
15105.0,694.334473,-1029.054688,332.3598614154794,-1042.5549384596914
15114.0,689.608704,-1030.57373,327.36895486621813,-1042.2820272083122
15123.0,684.867676,-1032.044434,322.3978229267952,-1041.9666351378423
15132.0,680.259521,-1033.418823,317.4127938790548,-1041.601787049219
15141.0,675.334106,-1034.813232,312.3810571356668,-1041.1718680129075
15150.0,670.388916,-1036.135864,307.4415524079935,-1040.680433087174
15159.0,665.574524,-1037.344971,302.4757505916143,-1040.1108358127483
15168.0,660.741211,-1038.475952,297.53651312209604,-1039.4661978236618
15177.0,655.889893,-1039.5271,292.60829006211185,-1038.7421519768352
15186.0,651.022278,-1040.499878,287.6926625209583,-1037.9370241646716
15195.0,646.138489,-1041.388062,282.7404387756112,-1037.0398626584497
15204.0,641.240356,-1042.193359,277.87217051385795,-1036.070234187053
15213.0,636.482849,-1042.893799,273.004547353428,-1035.012940620766
15222.0,631.561096,-1043.539307,268.1048702262219,-1033.8629046033473
15231.0,626.629639,-1044.105591,263.2750050717003,-1032.6446979269558
15240.0,621.690002,-1044.595459,258.4491279093571,-1031.3429535785601
15249.0,616.588928,-1045.023438,253.61139992770325,-1029.955219177549
15258.0,611.636414,-1045.359619,248.82911064991805,-1028.5014867406237
15267.0,606.524414,-1045.627808,244.07034721049618,-1026.9725003894002
15276.0,601.56427,-1045.821289,239.31897336978912,-1025.3660529676815
15285.0,596.446899,-1045.950562,234.63989630552837,-1023.7088103579088
15294.0,591.638672,-1046.02356,229.9838854773885,-1021.9878285424378
15303.0,586.519653,-1046.035889,225.25172009873512,-1020.1755933913304
15312.0,581.40094,-1045.979736,220.58954946865356,-1018.3261632875128
15321.0,576.283569,-1045.849121,215.9538976695693,-1016.4112327168218
15330.0,571.168701,-1045.6427,211.3150152640887,-1014.4152429721923
15339.0,566.057373,-1045.361938,206.7845760705296,-1012.3866138896834
15348.0,560.950439,-1045.010132,202.2847354227132,-1010.2909876383736
15357.0,556.004211,-1044.591431,197.78603448543856,-1008.1126124155136
15366.0,550.755676,-1044.072632,193.35161127569242,-1005.8818936887835
15375.0,545.823608,-1043.511597,188.93579460543398,-1003.5770752464905
15384.0,540.900391,-1042.877686,184.5397416450192,-1001.1983472032215
15393.0,535.986389,-1042.175781,180.24000419863413,-998.7876551442113
15402.0,531.082336,-1041.407349,175.9310385972325,-996.2887673189571
15411.0,526.036987,-1040.542114,171.6434469074864,-993.7196845572255
15420.0,521.157104,-1039.632812,167.42321487978174,-991.1062850712545
15429.0,516.291321,-1038.650879,163.18400421652302,-988.3936273809552
15438.0,511.440002,-1037.599731,159.07225038754106,-985.6746829605797
15447.0,506.755981,-1036.511475,154.95874033677777,-982.8656511025305
15456.0,501.936493,-1035.322876,150.88626347357888,-979.997453564707
15465.0,496.983856,-1034.02832,146.86901318364082,-977.0816491561584
15474.0,491.899963,-1032.624634,142.9072750826411,-974.1195500820777
15484.0,486.274963,-1030.981323,138.53965757038628,-970.7514740611681
15493.0,481.381531,-1029.478394,134.72318218868045,-967.7139430514566
15502.0,476.657196,-1027.954956,130.93775036135668,-964.6105539643141
15511.0,472.24881,-1026.464111,127.1830965436962,-961.4432008473701
15520.0,467.571747,-1024.80127,123.43579448332932,-958.1877527201087
15529.0,462.921173,-1023.065674,119.77726194724363,-954.9098432124667
15538.0,458.298218,-1021.257812,116.14631167994983,-951.5504385238319
15547.0,453.561066,-1019.317749,112.55839698282769,-948.1201202635078
15557.0,448.501068,-1017.123108,108.67817253036276,-944.2735405755091
15566.0,443.983582,-1015.065796,105.20794698287287,-940.700144492395
15575.0,439.365662,-1012.856934,101.80467857235872,-937.0629217822406
15584.0,434.790314,-1010.561218,98.48194940651267,-933.3751465543619
15593.0,430.529938,-1008.331116,95.22850166104794,-929.6261076097164
15602.0,426.042816,-1005.867371,91.98043358136765,-925.7366810242675
15611.0,421.60379,-1003.317993,88.87444870780288,-921.8645920265656
15620.0,417.346527,-1000.765381,85.83497718989909,-917.9182978397216
15629.0,413.136597,-998.135437,82.87180580193726,-913.9143947136669
15638.0,408.841827,-995.349915,79.9933098054805,-909.8703279437801
15647.0,404.720062,-992.583801,77.18761692562005,-905.7754161370573
15656.0,400.649719,-989.742615,74.43556604490496,-901.6029055397618
15665.0,396.63089,-986.828979,71.77716257748276,-897.4108766460952
15674.0,392.663025,-983.846313,69.22124312622182,-893.2160194594277
15683.0,388.74115,-980.803467,66.72865255086681,-888.9632356023653
15692.0,384.872803,-977.69281,64.30754044706653,-884.6693568788718
15701.0,381.059021,-974.515503,61.93609559910708,-880.2889602929046
15710.0,377.300049,-971.273499,59.63306679174678,-875.8527809629998
15719.0,373.481598,-967.864136,57.40642582855754,-871.3777727221542
15728.0,369.829803,-964.501892,55.27766342411858,-866.91259967612
15738.0,365.959442,-960.818298,52.989803094482156,-861.8940626454668
15747.0,362.315491,-957.223022,51.00352985576579,-857.3260933440785
15756.0,358.838776,-953.680054,49.11686305859229,-852.7720109219343
15765.0,355.425934,-950.0755,47.26579605619165,-848.0734200709273
15774.0,351.977051,-946.292725,45.50649484479349,-843.358096323845
15783.0,348.704803,-942.560059,43.86093597203545,-838.674897498552
15792.0,345.493042,-938.775269,42.29890339333119,-833.9450265552457
15801.0,342.340881,-934.940674,40.82374988880405,-829.2053918246994
15810.0,339.147095,-930.940186,39.423169005674005,-824.4431876679304
15819.0,336.189423,-927.14856,38.09456182902509,-819.6782949434569
15828.0,333.274139,-923.324219,36.81982866674401,-814.8808716135934
15837.0,330.312317,-919.340759,35.61365580771336,-810.1190759342296
15846.0,327.3974,-915.322876,34.452087216737986,-805.2930036544769
15855.0,324.532196,-911.269409,33.35183794787037,-800.4702605292484
15864.0,321.708008,-907.187195,32.31868209370655,-795.6855863578427
15873.0,318.921967,-903.078857,31.322847453286464,-790.8226110741427
15883.0,315.774414,-898.34137,30.267797716085983,-785.3914683715357
15892.0,312.975006,-894.055603,29.367984218999318,-780.509813845517
15901.0,310.378235,-890.00824,28.513490572700785,-775.63752071866
15910.0,307.647705,-885.678284,27.69966865075943,-770.7582693841857
15919.0,305.032745,-881.459045,26.926012997861285,-765.8724883170153
15928.0,302.452026,-877.21875,26.190661067016993,-760.9633669313981
15937.0,299.985321,-873.09082,25.504079206017458,-756.0994018404426
15946.0,297.46524,-868.814209,24.84424038654105,-751.1447836445672
15955.0,294.973572,-864.520996,24.232208928258654,-746.2882483116798
15964.0,292.434296,-860.076172,23.645807161235584,-741.3591157096321
15973.0,290.075226,-855.885803,23.09983787634277,-736.4773671911375
15983.0,287.397614,-851.063904,22.527577385594217,-731.0263604223387
15992.0,285.009552,-846.712219,22.041980949079463,-726.1035973967171
16001.0,282.572174,-842.210693,21.585203431564864,-721.1780767130658
16010.0,280.228241,-837.835022,21.156013709306453,-716.2500755069065
16019.0,277.827911,-833.31366,20.748149501381356,-711.2856750692745
16028.0,275.444336,-828.783447,20.367784627810657,-706.405527478426
16037.0,273.150116,-824.381531,20.002693156039836,-701.472363390052
16046.0,270.868134,-819.973267,19.659233603278775,-696.589479664104
16055.0,268.601868,-815.556885,19.329373596888786,-691.6538346118573
16065.0,266.180756,-810.793823,18.985907733960076,-686.2009135324142
16074.0,264.015808,-806.499939,18.697071914473277,-681.3144944125585
16083.0,261.863922,-802.199524,18.422072307921372,-676.3754889537663
16092.0,259.650665,-797.756348,18.164750145039488,-671.4873090010641
16101.0,257.516602,-793.447021,17.91863726129575,-666.5640370443574
16110.0,255.323868,-788.993713,17.688305864592994,-661.70902091756
16120.0,252.899368,-784.039734,17.44460078080457,-656.2679843154382
16129.0,250.727249,-779.576294,17.236911594419244,-651.3429418269822
16138.0,248.498642,-774.967896,17.04159161939089,-646.4173932871144
16147.0,246.27951,-770.354919,16.856612363338616,-641.4569499686429
16156.0,244.133591,-765.878845,16.68375395009755,-636.5650548435935
16165.0,241.925079,-761.260742,16.516205449123714,-631.6212377752339
16174.0,239.788696,-756.78009,16.356432885223978,-626.7288977754654
16184.0,237.496613,-751.953613,16.186012625822148,-621.267828829479
16193.0,235.372528,-747.467163,16.038783275411852,-616.3061215870758
16202.0,233.316391,-743.120117,15.899945290386595,-611.4303854387553
16211.0,231.199768,-738.630127,15.763710184525706,-606.4683641533446
16220.0,229.089523,-734.137146,15.635132041409447,-601.5578632910107
16229.0,226.970734,-729.648193,15.511159066269345,-596.6127616331036
16238.0,224.920715,-725.298279,15.387605367646863,-591.7021317812998
16248.0,222.655334,-720.459229,15.253724246114617,-586.2572858405215
16257.0,220.558121,-715.960144,15.143152470373686,-581.3291064410241
16266.0,218.534027,-711.598083,15.042350816215018,-576.4007175219393
16275.0,216.448929,-707.093323,14.949839108859932,-571.4721660212201
16284.0,214.368332,-702.586487,14.86288374304866,-566.5262749518637
16293.0,212.357544,-698.218323,14.781209145812987,-561.6147700584472
16302.0,210.286819,-693.70697,14.704753044369854,-556.6859433445334
16311.0,208.218109,-689.194702,14.633400457917622,-551.7570401075417
16321.0,205.993576,-684.336731,14.558334959413846,-546.2765910352762
16330.0,203.927078,-679.823425,14.49341443621537,-541.3475988830297
16339.0,201.928238,-675.449768,14.43097748172489,-536.4185746451147
16348.0,199.803024,-670.792786,14.37100933236368,-531.4550457530883
16357.0,197.744003,-666.276062,14.314595985608014,-526.5431857599497
16366.0,195.687012,-661.758423,14.260789509662704,-521.6485332892776
16375.0,193.691757,-657.383118,14.208589007606246,-516.7883368682121
16385.0,191.474915,-652.521606,14.150127986405991,-511.32492223937135
16394.0,189.419006,-648.003479,14.099732357248268,-506.4474701120096
16403.0,187.362885,-643.485474,14.051680538417102,-501.53552120342187
16412.0,185.241562,-638.82666,14.004115364355963,-496.6235675582717
16421.0,183.24231,-634.453186,13.954553976727352,-491.7116336492369
16430.0,181.17247,-629.941406,13.899671136977522,-486.79975631650854
16440.0,178.868195,-624.930359,13.831851631489023,-481.3364498440226
16449.0,176.856415,-620.562622,13.767125357627235,-476.40745513711624
16458.0,174.779129,-616.05426,13.701125908444238,-471.51295189181974
16467.0,172.830872,-611.828064,13.634839295262672,-466.63568984646514
16476.0,170.752777,-607.320129,13.568125521288794,-461.74119628554666
16485.0,168.739197,-602.953247,13.501134962599316,-456.82946916334885
16495.0,166.502655,-598.100769,13.427374073040498,-451.38347698518106
16504.0,164.426346,-593.59198,13.362510506506595,-446.4717213137715
16513.0,162.351562,-589.082458,13.299923596140959,-441.577173242278
16522.0,160.344116,-584.712769,13.240659024733432,-436.7687689114066
16532.0,158.116287,-579.856323,13.177864498713257,-431.3915868209035
16541.0,156.050385,-575.342773,13.124066760243744,-426.53140781729803
16550.0,154.053253,-570.968323,13.074913148778835,-421.6711796265407
16559.0,152.059158,-566.592529,13.03072732722194,-416.8109037334516
16569.0,149.775635,-561.572021,12.986503708754784,-411.4335368444905
16578.0,147.721268,-557.053223,12.949825844186885,-406.53872605348323
16587.0,145.669525,-552.533203,12.91487654119821,-401.6439026152241
16596.0,143.616409,-548.013794,12.881902461278834,-396.7318293494917
16606.0,141.337234,-542.991333,12.847358233004837,-391.3371554813708
16615.0,139.350708,-538.612061,12.817273420800683,-386.47677184961634
16624.0,137.366684,-534.231689,12.789042727402698,-381.56466903251044
16633.0,135.385162,-529.850159,12.764174501859692,-376.687019952728
16642.0,133.400177,-525.470215,12.7416834356652,-371.8093593325039
16652.0,131.050217,-520.290588,12.715921552685439,-366.39740044744025
16661.0,129.12619,-516.053284,12.691819460992551,-361.53698346605603
16670.0,127.136276,-511.675568,12.667763983539281,-356.6765662537422
16679.0,125.079033,-507.158051,12.642878967331658,-351.747209394353
16688.0,123.086121,-502.781677,12.617364955650192,-346.85232768171494
16698.0,120.802032,-497.761414,12.589285705569436,-341.4231443595124
16707.0,118.747429,-493.242706,12.565526293846858,-336.528253815704
16716.0,116.693939,-488.72348,12.543510685720566,-331.6505910262993
16725.0,114.706833,-484.344482,12.52306240823597,-326.75568553043337
16735.0,112.430153,-479.320862,12.502944644806785,-321.3437027215334
16744.0,110.446671,-474.940216,12.487074602701078,-316.44878024132254
16753.0,108.398811,-470.418427,12.472621825127371,-311.57108917983
16762.0,106.351295,-465.896484,12.45852467955249,-306.6761612727003
16771.0,104.301071,-461.375763,12.444263247079189,-301.78123384146556
16781.0,102.018105,-456.355011,12.42676000618748,-296.3692419452435
16790.0,100.027473,-451.9776,12.408686874811094,-291.47432710354803
16799.0,98.099365,-447.742188,12.389395423143075,-286.6483603873495
16808.0,96.040955,-443.225189,12.36853242692365,-281.7362207523965
16817.0,93.978546,-438.710022,12.345349386902594,-276.8757993004638
16827.0,91.755508,-433.851349,12.3151678574116,-271.44662725809445
16836.0,89.688301,-429.338379,12.284493537940913,-266.5345390927625
16845.0,87.683281,-424.96756,12.251858791708546,-261.6741719135148
16854.0,85.60968,-420.45752,12.216523640687038,-256.77935124543995
16864.0,83.233177,-415.290009,12.17456756616492,-251.36749367746526
16873.0,81.224457,-410.920868,12.135595425183325,-246.47270061567627
16882.0,79.148659,-406.411835,12.096576077136838,-241.5951442126601
16891.0,77.135521,-402.044739,12.056800737759414,-236.7175939159926
16900.0,75.122429,-397.677612,12.015839747267174,-231.788344428647
16909.0,73.113617,-393.308533,11.9767477049342,-226.89355232297626
16919.0,70.815002,-388.294922,11.938107029664145,-221.4471977282287
16928.0,68.814354,-383.922089,11.908537430794512,-216.58681093471372
16937.0,66.753036,-379.406433,11.883208549847016,-211.6919282606039
16946.0,64.752838,-375.033386,11.861055902275,-206.83150200316953
16955.0,62.68726,-370.519684,11.839078334606373,-201.9193672285113
16965.0,60.321106,-365.347412,11.814338879450577,-196.4729317489658
16974.0,58.320297,-360.97464,11.792965072408991,-191.57803020696488
16983.0,56.320778,-356.601288,11.772727983384964,-186.68312383342328
16992.0,54.252033,-352.08902,11.7527855791366,-181.80545212710103
17001.0,52.182514,-347.577118,11.731385713409587,-176.84160711676031
17011.0,49.881191,-342.564728,11.706549173919106,-171.42964390600946
17020.0,47.808022,-338.054504,11.683174460544091,-166.51751558107108
17029.0,45.731377,-333.545868,11.658541275994546,-161.6053934058714
17038.0,43.719543,-329.178162,11.632209564439071,-156.67604406217447
17047.0,41.70908,-324.809845,11.605857440693237,-151.76393080783458
17056.0,39.694462,-320.44342,11.580017572568417,-146.88628677866012
17066.0,37.458611,-315.590637,11.550677481805366,-141.42263815739014
17075.0,35.383835,-311.081146,11.526349668231674,-136.54498635230703
17084.0,33.311073,-306.57074,11.506023017845788,-131.63284446865245
17093.0,31.306997,-302.199463,11.489816627970544,-126.73792309048531
17102.0,29.240292,-297.686279,11.477379306814685,-121.80851910782357
17111.0,27.174271,-293.17276,11.467769327450753,-116.89634456835697
17121.0,24.949297,-288.314972,11.458925457865577,-111.48433159403724
17130.0,22.879093,-283.803375,11.451030690133237,-106.52044673300733
17139.0,20.871878,-279.433563,11.44198894036081,-101.62550687716931
17148.0,18.864908,-275.063629,11.432394693116043,-96.71333230695022
17157.0,16.855902,-270.694641,11.422641705958887,-91.83562958401112
17166.0,14.844191,-266.326874,11.411260427819746,-86.92345882920267
17176.0,12.534994,-261.318115,11.395720244107173,-81.45975352965351
17185.0,10.519627,-256.952057,11.379457176816715,-76.59930399731658
17194.0,8.436884,-252.446243,11.360569556513207,-71.68715636968092
17203.0,6.415735,-248.082855,11.339039750816703,-66.84396321621085
17213.0,4.09445,-243.079697,11.311660773704883,-61.432012270401515
17222.0,1.937267,-238.437408,11.284232068512457,-56.57161292365014
17231.0,-0.093827,-234.078629,11.253458620614603,-51.693997525832216
17240.0,-2.190143,-229.579117,11.219953654698164,-46.79916398803245
17249.0,-4.223851,-225.221558,11.185737922505764,-41.921571522705484
17259.0,-6.556581,-220.223724,11.146798436180637,-36.475219056153406
17268.0,-8.657321,-215.726273,11.11103691431915,-31.597637679315064
17277.0,-10.690755,-211.368591,11.075396583687711,-26.73729161029877
17286.0,-12.729868,-207.013565,11.039689152118571,-21.894182233701596
17296.0,-15.072755,-202.020477,10.997665982638404,-16.447852687416315
17305.0,-17.183792,-197.527847,10.958163185326814,-11.58753647622629
17314.0,-19.166254,-193.317581,10.917083852066156,-6.727233334224905
17323.0,-21.348331,-188.686935,10.873974201381971,-1.8152385646951785
17332.0,-23.401886,-184.338699,10.829178957143307,3.027795282023627
17342.0,-25.760386,-179.352966,10.775387342046947,8.439548150584756
17351.0,-27.883419,-174.865997,10.72527916244384,13.265293282302807
17360.0,-30.004364,-170.378036,10.674673891667531,18.17721654762944
17369.0,-32.058041,-166.029861,10.62668115757542,23.00298318138184
17379.0,-34.340054,-161.198624,10.57460094850218,28.397516256534526
17388.0,-36.393703,-156.850433,10.527813464256,33.257767800957915
17397.0,-38.447731,-152.502411,10.48111966511233,38.100783714982136
17407.0,-40.804558,-147.515884,10.429677287685047,43.512559424491805
17416.0,-42.93095,-143.030502,10.3829928724042,48.33833889223932
17425.0,-45.059265,-138.546036,10.332659599216658,53.215791663487245
17434.0,-47.190056,-134.062744,10.28017732826577,58.05874830851373
17444.0,-49.557865,-129.081436,10.22112129801216,63.41873598135783
17453.0,-51.62077,-124.737625,10.1688412098358,68.24445807223309
17462.0,-53.683182,-120.393578,10.117518158970334,73.1219005289491
17472.0,-56.054939,-115.414139,10.059586846865486,78.49913721241424
17481.0,-58.126492,-111.074448,10.00426900171278,83.30758856753806
17490.0,-60.268105,-106.596313,9.944004958822717,88.2021657904088
17499.0,-62.345478,-102.259407,9.881069299180606,93.06223505395818
17509.0,-64.653419,-97.440498,9.809689501073763,98.45654727809723
17518.0,-66.797874,-92.963722,9.745078948753182,103.31659456390614
17527.0,-68.876511,-88.627419,9.680279451406996,108.17663933416245
17536.0,-71.028969,-84.154488,9.613813893854596,113.01942425443607
17546.0,-73.34494,-79.339432,9.53609013757819,118.41364880155905
17555.0,-75.42997,-75.006195,9.464003426904005,123.30806617767794
17564.0,-77.584305,-70.534164,9.392046444370356,128.16801024489047
17573.0,-79.604431,-66.34185,9.319338700480218,133.0107054694871
17583.0,-82.003281,-61.375408,9.235965726759483,138.43932121732195
17592.0,-84.092476,-57.044182,9.161904034382303,143.31647139338259
17601.0,-86.242638,-52.570145,9.093037853566004,148.17646024037694
17610.0,-88.256821,-48.374969,9.030129580930913,153.00205548399174
17620.0,-90.564362,-43.55587,8.96441221372744,158.43091367131026
17629.0,-92.703285,-39.076447,8.91086496616566,163.2566218678613
17638.0,-94.704369,-34.875008,8.862414496619978,168.0996205263756
17647.0,-96.770004,-30.532497,8.817861073845334,172.9598930636178
17657.0,-98.997246,-25.866049,8.769817395741997,178.38893642275227
17666.0,-101.139954,-21.388437,8.724661204915456,183.28367634065808
17675.0,-103.219955,-17.052788,8.676501367427017,188.10944130965876
17684.0,-105.372383,-12.579838,8.623138581107149,193.0213353914673
17694.0,-107.617004,-7.921724,8.559595646159702,198.4329825477084
17703.0,-109.774651,-3.451289,8.498214080938846,203.36202004144792
17712.0,-111.868492,0.877693,8.434380133987414,208.22207758956077
17721.0,-114.031837,5.345373,8.36685298653574,213.11655999629875
17730.0,-116.19416,9.813545,8.298310362469115,217.976553417327
17740.0,-118.519073,14.62429,8.223292672363133,223.3880536708986
17749.0,-120.679115,19.093565,8.157993204259158,228.26532903257436
17758.0,-122.768814,23.424547,8.095008304166067,233.12539765823308
17767.0,-124.921844,27.897205,8.035545886609523,237.96827362972653
17777.0,-127.308426,32.869553,7.975211585631533,243.3454838877554
17786.0,-129.38295,37.207821,7.926376778342974,248.2401884863096
17795.0,-131.520691,41.687805,7.884042457435114,253.11771724372528
17804.0,-133.588089,46.029484,7.846892892650979,257.9780520113713
17814.0,-135.885498,50.853424,7.808823044730132,263.3727021514427
17823.0,-138.022507,55.333759,7.774560533577892,268.2502942883947
17832.0,-140.099503,59.670849,7.737505252024903,273.12786600803685
17841.0,-142.184555,64.004074,7.694445563327134,277.9881520085682
17851.0,-144.584839,68.969826,7.63677231591739,283.43433831368543
17860.0,-146.683426,73.296509,7.578292703911379,288.27722625264806
17869.0,-148.852005,77.761642,7.514097311191073,293.17175349203126
17878.0,-151.021271,82.226448,7.447278160902699,298.04900827062147
17887.0,-153.121231,86.552467,7.380760960081026,302.8917924818336
17897.0,-155.527161,91.51548,7.308596764427245,308.2860942694572
17906.0,-157.622406,95.843788,7.247342356329068,313.07723652675173
17915.0,-159.71489,100.173431,7.188540072741682,317.95459454781076
17925.0,-162.038239,104.984924,7.128538225237839,323.3490453285103
17934.0,-164.189651,109.458366,7.079437521158001,328.2437472669708
17943.0,-166.333176,113.935585,7.037222721289252,333.1212770602984
17952.0,-168.405182,118.275063,7.0031198060311235,337.96439800092554
17962.0,-170.701141,123.099693,6.9728399662324945,343.393569495884
17971.0,-172.833176,127.582397,6.951163121190465,348.23676199347886
17980.0,-174.899216,131.924728,6.931820215078607,353.1489078494028
17989.0,-176.964966,136.267181,6.913760019315032,357.9921151837732
17999.0,-179.259583,141.092453,6.895025264443224,363.38686712024196
18008.0,-181.323654,145.435699,6.87949688989522,368.2645548761082
18017.0,-183.38591,149.779816,6.8659003129467875,373.12501259908527
18026.0,-185.506287,154.268051,6.856375967158148,377.98548000773945
18036.0,-187.778885,159.103729,6.855061174929504,383.32855711376254
18045.0,-189.806976,163.463898,6.867521003801954,388.22348946244654
18054.0,-191.874939,167.976517,6.900471532082729,393.1010906389279
18063.0,-193.912628,172.502884,6.962330939169465,398.0301221589117
18072.0,-195.910492,177.046982,7.059672808547649,402.9585806270034
18081.0,-197.864288,181.610184,7.199756867856452,407.88600944613074
18090.0,-199.771439,186.193085,7.389462746237656,412.84627424960917
18100.0,-201.889038,191.471985,7.661109641221195,418.32050157656664
18109.0,-203.676132,196.103027,7.968526789728994,423.2403260661234
18118.0,-205.391586,200.761078,8.346438172649673,428.18981070874815
18127.0,-207.077484,205.594513,8.806002990109667,433.0977612473938
18136.0,-208.668686,210.45993,9.361788972397806,438.0130945674724
18145.0,-210.074783,215.058533,10.013546822983201,442.9340118544361
18154.0,-211.424423,219.835419,10.767157204511369,447.857800671
18163.0,-212.623672,224.492249,11.620734563519468,452.7127552540448
18172.0,-213.751129,229.485565,12.61157286838987,457.6119254070594
18181.0,-214.700119,234.357895,13.743271171886207,462.480486558413
18190.0,-215.501617,239.256653,15.005639780185685,467.24552630725236
18200.0,-216.180618,244.556412,16.569037879046387,472.4448153331526
18209.0,-216.622192,249.344864,18.135514976395783,477.06414737118644
18218.0,-216.895599,254.145859,19.85251978017185,481.59282024060195
18227.0,-216.988785,258.953735,21.717224411566203,486.00662504709476
18237.0,-216.815994,264.466461,24.020173912985708,490.8660955924152
18246.0,-216.461929,269.106628,26.24708387096286,495.0502117855855
18256.0,-215.811218,274.236237,28.928629220391628,499.55169837562966
18265.0,-214.956696,279.126007,31.540126931862666,503.4865356377581
18275.0,-213.727066,284.502625,34.659953347272946,507.71757168715857
18284.0,-212.465027,288.981873,37.60703722150644,511.3191179960129
18294.0,-210.806381,293.879333,41.012790467783034,515.0712414267267
18304.0,-209.200195,298.062897,44.51215197640484,518.5430777338148
18314.0,-207.22142,302.652893,48.28638651773766,521.9757563127708
18324.0,-204.961243,307.303467,52.21207703323959,525.2610638143879
18334.0,-202.421783,312.004486,56.229305259065875,528.3213060293389
18344.0,-199.791321,316.456116,60.362738619296195,531.1925683734589
18354.0,-196.999954,320.808655,64.6380276961092,533.9127684990964
18363.0,-194.460114,324.521606,68.60613926389846,536.243422740444
18373.0,-191.295883,328.826965,73.16591629941769,538.7179565181627
18383.0,-188.106537,332.896912,77.79172461292717,541.0284201316241
18392.0,-185.141754,336.483917,82.04797904829825,542.9938111298554
18402.0,-181.61795,340.500275,86.89821096777277,545.0654634448276
18411.0,-178.465256,343.923279,91.33881270820956,546.8190250461353
18421.0,-174.749237,347.762512,96.35748886003663,548.6524274495015
18430.0,-171.44426,351.038727,100.91248575454208,550.1939422206317
18439.0,-167.966644,354.359955,105.5149625793796,551.6456770389834
18449.0,-164.161972,357.861481,110.60828682858698,553.1421207060333
18458.0,-160.576309,361.065735,115.22911257254958,554.4097033171854
18467.0,-156.95079,364.224823,119.88552164961978,555.6105859115905
18477.0,-152.738113,367.78479,125.07842668537752,556.8684459909271
18486.0,-149.025818,370.841461,129.80121021587883,557.9418979825858
18495.0,-145.28067,373.857788,134.5539631162323,558.9595295524252
18505.0,-141.078552,377.157898,139.8254277379674,560.0223988429406
18514.0,-137.267685,380.090759,144.58362077809338,560.9260483586639
18523.0,-133.307831,383.084045,149.38449937563345,561.7883961225187
18532.0,-129.320496,386.040619,154.17616201858823,562.6033827849026
18542.0,-125.000542,389.184906,159.53686586161894,563.4634259801453
18551.0,-120.964775,392.075012,164.34261378966826,564.1907642754518
18560.0,-116.90699,394.934143,169.17110535276416,564.8819575908404
18569.0,-112.828773,397.764038,174.00480812297192,565.5357132817752
18579.0,-108.272537,400.872223,179.3735796825612,566.2185416563904
18588.0,-104.282845,403.556732,184.1825951220394,566.7933059187021
18597.0,-100.278122,406.218781,189.04669319592998,567.3420024405467
18606.0,-96.128494,408.942902,193.87977599229524,567.8573128588678
18616.0,-91.643982,411.847656,199.28179925622425,568.4004193367681
18625.0,-87.595306,414.442352,204.0862688697987,568.8558297431281
18634.0,-83.536278,417.020813,208.94439308650217,569.292531093258
18643.0,-79.335503,419.665375,213.7872212927746,569.7063536497986
18653.0,-74.654823,422.582764,219.14724088686563,570.1401973288879
18662.0,-70.432869,425.19339,224.02784958458295,570.5145990987509
18671.0,-66.335602,427.710663,228.8409647502583,570.8670892516762
18680.0,-62.099579,430.298401,233.7238912479985,571.2099401860155
18690.0,-57.384243,433.159454,239.08933185786375,571.5706026999175
18699.0,-53.268082,435.645721,243.9397588042586,571.8830008136385
18708.0,-49.012783,438.20163,248.8253413119287,572.1856582210453
18717.0,-44.885899,440.670044,253.6428074444996,572.4726198343247
18727.0,-40.145206,443.488892,259.0976583844139,572.7839369089414
18736.0,-35.873093,446.016602,263.95089365722646,573.0491566866351
18745.0,-31.731876,448.460907,268.83907196608124,573.3065100747413
18754.0,-27.453741,450.978394,273.71045080600544,573.554999857358
18763.0,-23.17099,453.488037,278.5822249727223,573.79561457564
18773.0,-18.406521,456.26651,284.0225965523566,574.0537396402907
18782.0,-14.248149,458.681519,288.86084391323476,574.2736167180544
18791.0,-9.951373,461.167053,293.7511392395148,574.4869933036339
18800.0,-5.784664,463.567627,298.60734928450273,574.6906060309576
18810.0,-1.150115,466.226471,304.03223026850026,574.908519545522
18819.0,3.157973,468.692352,308.88910678055595,575.0955614937418
18828.0,7.334587,471.075653,313.74623823442164,575.2758617533667
18837.0,11.514643,473.452911,318.63807331503875,575.4504111434317
18847.0,16.312654,476.173035,324.0297379364133,575.6338561152677
18856.0,20.499908,478.537598,328.8704473115301,575.7904326142293
18865.0,24.826178,480.971436,333.76308387592115,575.9408500144664
18874.0,29.152933,483.404419,338.63870145679937,576.0837911882943
18883.0,33.347252,485.756439,343.51444816573456,576.2222578067759
18893.0,38.16156,488.447632,348.92443144650906,576.3707285108725
18902.0,42.494987,490.868713,353.81769517087446,576.4991343881533
18911.0,46.560184,493.133789,358.6421665013939,576.6208031474035
18920.0,50.762604,495.471283,363.5184491009859,576.7389004930237
18930.0,55.584339,498.149139,368.94623364661123,576.8652924099252
18939.0,59.789024,500.482574,373.8054757018544,576.974840537743
18948.0,64.130997,502.888306,378.69925061070586,577.0820090359417
18957.0,68.475021,505.290314,383.52417742916424,577.1840291441775
18967.0,73.300926,507.960632,388.9695371508771,577.2950650602606
18976.0,77.779266,510.440308,393.84628108243817,577.3922638263333
18985.0,81.98851,512.765503,398.68859992038733,577.4867716356025
18994.0,86.335503,515.16217,403.5482162527329,577.5782224210124
19004.0,91.167351,517.821716,408.95936317227154,577.6754420867269
19013.0,95.244774,520.064697,413.81911214587535,577.7595495020281
19022.0,99.458405,522.381958,418.661651125362,577.8420097137816
19031.0,103.535698,524.625183,423.52142945315313,577.924403575711
19041.0,108.367203,527.285339,428.91543805017545,578.0158951180696
19050.0,112.578522,529.60675,433.7579711765113,578.0986983469309
19059.0,116.924896,532.004517,438.6177176840753,578.1829481302503
19068.0,121.136108,534.326172,443.47745306543186,578.267837275275
19078.0,125.966934,536.98761,448.87143893523654,578.3606590583938
19087.0,130.179077,539.307556,453.6795296834966,578.4414542009663
19096.0,134.388901,541.631714,458.5393268850705,578.5227272182848
19106.0,139.066422,544.214233,463.91609819069123,578.6141641581894
19115.0,143.276566,546.537781,468.75863479636956,578.6967636559837
19124.0,147.350296,548.787476,473.5839537824769,578.7781490863499
19133.0,151.560822,551.110352,478.4265209774731,578.8589353247634
19143.0,156.541443,553.857056,483.8378113739935,578.947811040009
19152.0,160.616638,556.104065,488.62871611947094,579.0254509261781
19161.0,164.961563,558.504456,493.50578931060465,579.1044196696835
19171.0,169.783035,561.1828,498.8480422386049,579.1982724419366
19180.0,173.991333,563.509705,503.6904374496886,579.2887825189657
19189.0,178.212463,565.813232,508.5502498880358,579.3691392726053
19198.0,182.587845,568.157654,513.4448981020548,579.4233315830478
19208.0,187.474915,570.714294,518.8741374762653,579.4367408294629
19217.0,191.90094,572.961609,523.7689194919354,579.396405180424
19226.0,196.49353,575.222656,528.7145795502686,579.2971766916155
19235.0,200.978165,577.350647,533.6412731708004,579.133261223615
19244.0,205.495712,579.407837,538.5650258792788,578.8969614627357
19253.0,209.615799,581.213867,543.3983560921184,578.5872801620061
19263.0,214.704086,583.342102,548.8282233344631,578.1620588031766
19272.0,219.180359,585.099182,553.7012637213829,577.6994625072997
19281.0,223.699173,586.743713,558.5625142691893,577.1260856181766
19290.0,228.25946,588.26947,563.3907267465297,576.4329454824317
19299.0,233.007812,589.716309,568.2156711488492,575.6080640000137
19309.0,238.163162,591.120178,573.4368155257259,574.5572360177902
19318.0,242.836594,592.252991,578.1204889667862,573.4675261499476
19328.0,248.235687,593.379822,583.2682150644267,572.101691578674
19337.0,252.975769,594.189697,587.8230062822465,570.7292779805243
19346.0,257.740845,594.836365,592.2941509767619,569.2088406430643
19356.0,262.889282,595.315796,597.202414230429,567.3263065142049
19366.0,268.2258,595.580566,602.0117387090869,565.2467717007451
19375.0,273.189453,595.630127,606.2802591256575,563.1862645466184
19385.0,278.529236,595.442871,610.8823546563082,560.7175681463011
19394.0,283.323822,595.073792,614.898277291184,558.3322967349596
19404.0,288.798401,594.403687,619.1790618602874,555.5253099383025
19414.0,293.896698,593.541321,623.2966595035366,552.5423668304899
19424.0,298.948212,592.4375,627.2419602604556,549.3899380890304
19434.0,304.105286,591.039917,631.0282553597486,546.0482058356006
19444.0,309.022797,589.441711,634.6159927952876,542.5432997332133
19454.0,313.843414,587.571411,637.9934547242636,538.8821010448621
19464.0,318.395172,585.506165,641.1707146294452,535.0235199287634
19474.0,322.83136,583.203125,644.1323396998691,530.9756805501373
19484.0,326.991364,580.756775,646.840698417568,526.81575166887
19494.0,331.160797,578.000061,649.309595877376,522.5292676739697
19504.0,335.036652,575.124634,651.5242949360006,518.1446742905878
19514.0,338.884491,571.934387,653.4862359364759,513.6601112732844
19524.0,342.418854,568.648254,655.1862505279012,509.0882375476567
19535.0,346.068298,564.79303,656.7299684133999,504.0090416815546
19545.0,349.279144,560.962341,657.8468698550513,499.2963445107203
19555.0,352.251495,556.943787,658.6726039607393,494.54150591275663
19566.0,355.204742,552.306091,659.2440982329556,489.2117451522165
19576.0,357.54303,548.084412,659.4400479035825,484.4069695877236
19586.0,359.688904,543.570129,659.3352111701788,479.58210314757287
19597.0,361.610687,538.621582,658.8638588764627,474.2771606344419
19607.0,363.113861,533.854614,658.1001173143219,469.47706345104956
19617.0,364.255768,529.165649,657.019029681501,464.75602193624246
19628.0,365.202423,523.55719,655.4606593331213,459.6452532517022
19638.0,365.73407,518.587158,653.7495615254941,455.16965937771226
19648.0,365.915253,513.764526,651.7145687841702,450.73672767094047
19659.0,365.719727,508.080109,649.3366346725743,446.37947571565417
19670.0,365.153717,502.992493,646.4876065793909,441.9820780868693
19680.0,364.312317,498.240387,643.5976607661178,438.16016633638264
19691.0,362.982147,492.905518,640.0902423853069,434.1294727246656
19701.0,361.362244,487.813904,636.6498717835952,430.67173804759415
19711.0,359.499023,482.99054,633.0243231876555,427.4604484572816
19721.0,357.425812,478.442413,629.2223051217634,424.4880781013881
19732.0,354.835724,473.592499,624.8028040645398,421.45476870850234
19742.0,352.159943,469.167969,620.5947423515045,418.9206480173803
19752.0,349.374634,465.017578,616.2743224524341,416.6196721719556
19762.0,346.528259,461.120331,611.773116193151,414.4864194610334
19772.0,343.336365,457.052399,607.1265722934211,412.5083307824329
19782.0,339.802277,452.817963,602.3664193521139,410.6728274251005
19792.0,336.379761,448.942047,597.5680342052357,408.99114376925525
19801.0,333.223358,445.522461,593.1530957156376,407.57529197185573
19811.0,329.637634,441.797028,588.1940490863776,406.11098285446025
19821.0,325.865448,438.01297,583.1887345192193,404.746537870405
19830.0,322.536072,434.761566,578.6286534366943,403.5863536023793
19840.0,318.664154,431.07962,573.482263775642,402.35620293776736
19849.0,315.257721,427.909027,568.8584121816145,401.3141123873365
19859.0,311.179993,424.195251,563.6327617569461,400.20008710542
19868.0,307.477661,420.888763,558.885478404565,399.2407726488546
19877.0,303.859283,417.721497,554.144945608509,398.33651841718137
19886.0,300.213959,414.585297,549.3272983365911,397.47003546357445
19896.0,296.13681,411.131989,544.0604797978231,396.57053717604043
19905.0,292.445374,408.050171,539.2289697275363,395.78502563174084
19914.0,288.612793,404.895538,534.3918799960114,395.03463848187295
19923.0,284.758698,401.767242,529.5665804909321,394.3215019869264
19933.0,280.585632,398.430481,524.2240652038164,393.5723492294673
19942.0,276.687683,395.357025,519.4059383677006,392.93212431988263
19951.0,272.892548,392.40387,514.6178422316074,392.3284171909619
19960.0,269.081238,389.471619,509.80889723951503,391.7530638061622
19970.0,264.827484,386.238342,504.4827810945574,391.14854558627803
19979.0,261.23053,383.536743,499.66732863950074,390.630471163575
19988.0,257.37088,380.668396,494.81478879395684,390.13556104895565
19998.0,252.925446,377.403717,489.427670095501,389.61699111444136
20007.0,249.163727,374.664032,484.6042984881048,389.1787334375726
20016.0,245.273575,371.837189,479.77937074817305,388.7579534965021
20025.0,241.381439,369.013092,474.902149880552,388.3417389437148
20035.0,236.920044,365.770264,469.54381338279416,387.8875799806613
20044.0,232.911957,362.841858,464.6667086501347,387.4700067868603
20053.0,228.911301,359.90332,459.84195861879965,387.0471940747727
20062.0,225.048355,357.039429,454.98412318620166,386.6072919448373
20072.0,220.772598,353.835297,449.6304892322896,386.1007015042982
20081.0,216.820831,350.83136,444.7769646068841,385.615544122899
20090.0,213.137726,347.986877,439.96097802828575,385.10245862404855
20099.0,209.235382,344.919006,435.1318812671702,384.5510435213038
20109.0,204.935028,341.465454,429.70919805792335,383.8825946378548
20118.0,201.219086,338.413239,424.87447471788164,383.23642964390984
20127.0,197.538818,335.318085,420.0131573617346,382.53134481164267
20136.0,193.78714,332.067688,415.1442702233046,381.7612043410338
20145.0,189.97084,328.655914,410.2360370609957,380.9121624447309
20154.0,186.208572,325.184662,405.37526273035974,379.99440833157576
20163.0,182.609604,321.765961,400.52924626326205,379.00167266372716
20172.0,179.071915,318.283875,395.6830105763333,377.92732872082166
20181.0,175.49762,314.619354,390.82334105758827,376.7580379515147
20190.0,172.109528,310.991547,385.9379906106445,375.47875844997037
20199.0,168.802612,307.289581,381.09780811807644,374.09960935329354
20208.0,165.571152,303.521576,376.30533795081345,372.6202661244199
20217.0,162.520477,299.804352,371.6287649488244,371.0617914636357
20226.0,159.480957,295.879883,366.92663857699836,369.3666111434438
20235.0,156.647491,291.994568,362.2721342818502,367.54473889187034
20244.0,153.850204,287.893921,357.72003585397033,365.6088154407812
20254.0,150.884155,283.243896,352.762816820122,363.31136107821305
20263.0,148.326416,278.989716,348.34254602950057,361.0908643222681
20272.0,145.894958,274.662109,343.98787715972173,358.74432245386254
20281.0,143.52182,270.126434,339.68810683155294,356.2639615192567
20290.0,141.425018,265.798889,335.50844230517623,353.6832725599213
20299.0,139.402512,261.265717,331.39571120232347,350.96580661039246
20308.0,137.56871,256.820343,327.39748971296524,348.1418478876838
20317.0,135.767395,252.028732,323.4603862259429,345.17563912164974
20327.0,134.066132,246.96373,319.2603894576614,341.7898265761124
20336.0,132.685211,242.357498,315.516163527937,338.55715401416575
20345.0,131.414276,237.559067,311.94239134704145,335.262857952363
20354.0,130.374298,233.023117,308.4420673043937,331.81651457795164
20363.0,129.45433,228.303162,305.05855919444804,328.2554158812287
20373.0,128.599335,222.854401,301.47014522524194,324.20408920545435
20382.0,128.007751,218.082153,298.3416143562756,320.4170262722814
20391.0,127.587311,213.44754,295.33763882390315,316.530423377879
20400.0,127.303642,208.49176,292.4626795811472,312.54743952022136
20409.0,127.186546,203.529251,289.7020562699483,308.4427643029519
20418.0,127.225197,198.565506,287.11618513327454,304.3069029127886
20428.0,127.480293,193.055969,284.41781249642486,299.63544868955205
20437.0,127.870041,187.951813,282.13324406803287,295.34534598218636
20446.0,128.421097,183.0186,280.0120003182081,291.02972442180874
20455.0,129.117325,178.260498,278.00052827443153,286.56715810156027
20465.0,130.127182,172.838303,275.9371401439361,281.50803302694885
20474.0,131.169205,168.143784,274.2661211465409,276.94383214901893
20483.0,132.35437,163.483353,272.761706104028,272.35830466727356
20492.0,133.751083,158.720016,271.3986464159635,267.6749140940972
20502.0,135.393936,153.81723,270.09371047093236,262.4936384916077
20511.0,137.086761,149.316269,269.08597191938463,257.7563981065212
20520.0,138.880005,145.022003,268.2487654341953,252.98606596341762
20530.0,140.992798,140.492126,267.5279955297391,247.69182707247052
20539.0,143.256546,136.074478,267.056546521483,242.83695170777182
20548.0,145.742737,131.599762,266.7639250071079,238.00255866379229
20558.0,148.502274,127.024452,266.6409431159179,232.71261795944687
20567.0,151.134155,122.99984,266.70672885804845,227.85258643898487
20576.0,153.99913,118.946182,266.94627352048394,222.9980161698003
20585.0,156.914276,115.121765,267.35789113011015,218.1895966946061
20595.0,160.326065,111.009819,268.0232579203703,212.83600103547266
20604.0,163.637268,107.311699,268.80678323572926,208.0565584388342
20613.0,166.858246,103.952866,269.74995190415524,203.39393310698372
20623.0,170.711823,100.251724,271.01279360877584,198.18450067179265
20632.0,174.184647,97.153992,272.3237890448859,193.5578868490187
20641.0,177.888901,94.087593,273.804559328778,188.98278205623973
20651.0,182.003067,90.955498,275.6582701789731,183.93483331731673
20660.0,185.932449,88.183456,277.50221572576123,179.4563460420361
20669.0,189.958115,85.5532,279.48527898122086,175.09443632758862
20679.0,194.38295,82.877899,281.8673427733688,170.3309963791319
20688.0,198.442596,80.602898,284.16326081784274,166.12533869391527
20698.0,203.048889,78.253784,286.8558878329369,161.5903356349942
20707.0,207.11441,76.328079,289.4197306137124,157.60377490244093
20717.0,212.03035,74.234749,292.41716026389753,153.28516419923915
20726.0,216.661469,72.447876,295.24793738812593,149.50501004240928
20736.0,221.718475,70.723,298.5841742194978,145.37574626284572
20745.0,226.173599,69.378288,301.7206309835917,141.77622392318688
20754.0,230.672455,68.188011,304.9820077941111,138.28948570437015
20764.0,236.051422,66.968689,308.77151671360065,134.52277668472243
20773.0,240.774506,66.064972,312.252712080455,131.3060648392719
20783.0,246.060165,65.28376,316.2564518054116,127.87290868179184
20792.0,250.995163,64.749016,319.98550475983507,124.91929967154357
20802.0,256.32608,64.388634,324.261736265432,121.80282067890263
20811.0,261.131866,64.219589,328.2096959775142,119.14890729785758
20821.0,266.130219,64.214783,332.7002567714194,116.35007522764089
20830.0,270.936676,64.364098,336.9073469661894,113.91601971536876
20839.0,275.891083,64.670982,341.15812144461654,111.63101572422707
20848.0,280.990204,65.121986,345.47619932571,109.47589848408096
20858.0,286.295563,65.755646,350.37243506083576,107.21082120655353
20867.0,291.057495,66.425163,354.8223012280452,105.29883936869652
20876.0,295.649597,67.179581,359.33225482722776,103.48650587924914
20886.0,300.900421,68.168251,364.3999366906178,101.58688402748434
20895.0,305.761353,69.173996,369.0033704056581,99.97428457152627
20904.0,310.302856,70.18943,373.58585726315215,98.46063299111707
20913.0,314.984009,71.289856,378.2563315341153,96.99530434887274
20923.0,320.340485,72.604439,383.3901007269311,95.45343232348776
20932.0,325.153839,73.817673,388.0579205511199,94.09855512142757
20941.0,329.811462,75.013794,392.7008220712273,92.78181962006542
20950.0,334.465027,76.225677,397.39913205479235,91.47110902177263
20960.0,339.798798,77.629524,402.60013364387976,90.03818127851284
20969.0,344.447388,78.860268,407.3055163594018,88.7530927700464
20978.0,349.095306,80.093582,411.99595698521836,87.47872983922908
20987.0,353.742737,81.328796,416.67064636458014,86.21213493127607
20997.0,358.740692,82.654289,421.89451054411273,84.79749516015751
21006.0,363.539978,83.921967,426.56874965573763,83.52923959374893
21015.0,368.191711,85.140823,431.2913068941386,82.24161733720881
21024.0,372.996674,86.386841,435.97800105394913,80.95354435940438
21034.0,378.174866,87.703911,441.20834270107053,79.49740348545886
21043.0,382.841583,88.86412,445.88465070666814,78.17211952323208
21052.0,387.516113,89.992416,450.5533470826112,76.82026587249614
21061.0,392.198792,91.086395,455.2292943397189,75.43188688140937
21071.0,397.580292,92.294418,460.42144356696696,73.84493811337857
21080.0,402.281097,93.307663,465.0736247946937,72.37889282126429
21089.0,407.142761,94.309921,469.74553080644574,70.861379962925
21098.0,412.013062,95.26931,474.4034757105508,69.30154012236154
21107.0,416.891296,96.187515,479.0632032242735,67.69339901876491
21116.0,421.778473,97.056801,483.7077327962882,66.04187748819989
21125.0,426.674622,97.874001,488.31945731264045,64.35026640903222
21135.0,432.125153,98.71759,493.44374478158926,62.405366720535056
21144.0,437.038727,99.422585,498.06423257500495,60.591170537143086
21153.0,441.959534,100.075089,502.66463916532933,58.72663991400507
21162.0,446.887665,100.669952,507.2435734429637,56.80998237494322
21171.0,451.976654,101.223648,511.7998039129808,54.839962287475736
21180.0,456.917572,101.70076,516.3324338931988,52.81623288280001
21189.0,461.863892,102.117996,520.8404175197126,50.73818118372672
21198.0,466.660004,102.466537,525.2919390593121,48.62083985703415
21207.0,471.614594,102.770203,529.7638586202683,46.42685709556939
21216.0,476.727753,103.015167,534.2231435329318,44.16889190489891
21225.0,481.688599,103.189247,538.6066416407726,41.87665630528484
21234.0,486.651276,103.299171,542.9745745125946,39.51839896814067
21243.0,491.61496,103.343643,547.2956052217856,37.11047593867928
21252.0,496.578766,103.316895,551.5979758051784,34.63462808307633
21261.0,501.386597,103.222267,555.8796045746556,32.089185096550864
21271.0,507.243103,103.01548,560.6217999795216,29.172911696252115
21280.0,512.200928,102.770576,564.7958140422443,26.518291891120995
21289.0,517.154663,102.453201,568.9880206499464,23.76481582417581
21298.0,522.103333,102.064636,573.1102291486204,20.968564402946576
21307.0,527.200623,101.593765,577.1760952747031,18.120942959406293
21316.0,532.135315,101.056099,581.2256673284379,15.190995021951004
21325.0,537.214905,100.42205,585.2556835409442,12.17629966102631
21334.0,542.284241,99.710564,589.2229723130232,9.107611587624586
21342.0,546.645386,99.040329,592.7128953377836,6.32404853998556
21352.0,552.081787,98.1101,596.984561673924,2.8078989816284734
21361.0,556.961365,97.199211,600.7780219412351,-0.4203023933786696
21370.0,561.82666,96.214653,604.5465942150797,-3.7299987102225614
21379.0,566.978699,95.086411,608.2499614078165,-7.08688717580322
21388.0,571.811768,93.954292,611.8751061683278,-10.477836999418363
21397.0,576.779663,92.719612,615.4605356218932,-13.93562828154798
21406.0,581.726746,91.404129,618.9928121272288,-17.447699978868634
21415.0,586.354553,90.09729,622.4451317466791,-20.990423359368688
21424.0,591.110107,88.674278,625.8757668539024,-24.625581058244023
21433.0,595.844116,87.181107,629.2023470911371,-28.26330592915972
21442.0,600.552551,85.609283,632.5279674158413,-32.017833349330694
21451.0,605.235046,83.961685,635.802787177876,-35.83947884812198
21460.0,610.181458,82.131584,639.0024802197429,-39.70188627493885
21469.0,614.808167,80.333305,642.1051435090743,-43.57663733197109
21478.0,619.404236,78.45816,645.163774755272,-47.52991491321571
21487.0,624.112427,76.44886,648.1328543641586,-51.507952308343064
21496.0,628.640137,74.414139,651.0495149959402,-55.56710486689777
21505.0,633.129395,72.295898,653.899671475831,-59.69419036795512
21514.0,637.718079,70.026955,656.6522750572666,-63.84567184337263
21523.0,642.131531,67.755089,659.3004118895016,-68.00338150483286
21532.0,646.368225,65.480316,661.8933593230931,-72.23621021003326
21541.0,650.702881,63.061447,664.4137746196028,-76.5126248267466
21550.0,654.997498,60.572166,666.8622111039325,-80.8306537779164
21559.0,659.248962,58.009911,669.2711364145932,-85.2495334594516
21568.0,663.593201,55.302143,671.574853839926,-89.64647572256527
21577.0,667.900391,52.535885,673.7937889913666,-94.04823731367176
21586.0,672.033569,49.786839,675.9598604822208,-98.51459483825795
21595.0,676.123047,46.973251,678.0552470747967,-103.01454709007025
21604.0,680.169006,44.097431,680.0938080332013,-107.5783062810724
21613.0,684.299316,41.07336,682.0699899677371,-112.1881795607336
21622.0,688.257202,38.077507,683.9631197611842,-116.795530698039
21631.0,692.166321,35.018295,685.7768655866614,-121.41619529542122
21640.0,696.022339,31.892403,687.5449963962083,-126.14662006206285
21649.0,699.819885,28.695688,689.2085660078405,-130.84174104714282
21658.0,703.445923,25.537186,690.798546441934,-135.59865064394003
21667.0,707.259216,22.122047,692.3011031587356,-140.36582507408212
21676.0,711.024658,18.654238,693.7411426307971,-145.18824201075728
21685.0,714.631958,15.244339,695.0965419790376,-149.96350198773513
21694.0,718.084656,11.897204,696.4030201589835,-154.805953996607
21703.0,721.608765,8.401397,697.6317583553547,-159.59757190190575
21713.0,725.468689,4.461717,698.9312309190685,-164.9577388649878
21722.0,729.003296,0.758914,700.0466401394727,-169.84773773655792
21731.0,732.494568,-2.984769,701.0960796214806,-174.73469031543473
21740.0,735.837036,-6.654663,702.0760274463297,-179.58330887809322
21749.0,739.138916,-10.361097,703.0125623114143,-184.51069450734946
21758.0,742.50769,-14.215423,703.8859168719957,-189.3971520230196
21767.0,745.742249,-17.980785,704.710099827124,-194.29214310548292
21776.0,748.942383,-21.775448,705.4921313661059,-199.21149789948836
21785.0,752.112,-25.595627,706.231204203484,-204.13748980552276
21794.0,755.349915,-29.560472,706.9312574905327,-209.08658609978684
21803.0,758.558777,-33.548874,707.5900517950561,-214.02395533669775
21812.0,761.547791,-37.315861,708.2057369143027,-218.91477430136788
21821.0,764.510803,-41.103294,708.7931815795434,-223.86114000585707
21830.0,767.538513,-45.036907,709.3415551708158,-228.7773057994383
21839.0,770.516235,-49.008492,709.8506082715274,-233.73235270718018
21848.0,773.42334,-53.032036,710.2917905254956,-238.6939031842035
21857.0,776.359009,-57.225636,710.6464103087878,-243.62783108344166
21866.0,779.152039,-61.329182,710.9250418440406,-248.54936974312946
21875.0,781.912231,-65.454895,711.1431466874577,-253.49121453863458
21885.0,784.99707,-70.026962,711.3463000467659,-258.9166683171649
21894.0,787.821289,-74.1091,711.5492149139006,-263.928160335478
21903.0,790.617493,-78.021324,711.8071117211579,-268.902606450783
21912.0,793.562012,-82.017563,712.1402922324673,-273.9071261519935
21921.0,796.635437,-86.111275,712.5420074522585,-278.92390237526826
21929.0,799.292053,-89.634247,712.937937017541,-283.4049713386247
21938.0,802.178894,-93.480064,713.3900084633366,-288.40015482882967
21947.0,805.232971,-97.588196,713.8375771151976,-293.4649590933586
21956.0,808.24939,-101.72406,714.2594393344864,-298.5319692772909
21965.0,811.127441,-105.76844,714.6330485713146,-303.56820012691264
21974.0,813.962524,-109.84304,714.9502284870683,-308.62556923692205
21983.0,816.768005,-113.938118,715.2143976312742,-313.65146552072
21992.0,819.46283,-117.920853,715.4394836909531,-318.67926375234833
22001.0,822.315247,-122.171509,715.635471545737,-323.6910314498476
22010.0,825.070312,-126.300636,715.8077462402338,-328.60019354612285
22019.0,827.816101,-130.435928,715.966020742066,-333.5098269580954
22028.0,830.635559,-134.708527,716.1116929298382,-338.41985044801675
22037.0,833.276367,-138.72728,716.2446389038125,-343.33023499771076
22047.0,836.295654,-143.342911,716.3792131291292,-348.7750638518983
22056.0,838.921753,-147.371292,716.4915649202841,-353.72044318826954
22065.0,841.627563,-151.532898,716.5948469889103,-358.61430166188836
22074.0,844.331116,-155.695969,716.6930334948413,-363.5255042099351
22083.0,847.033569,-159.859756,716.7883041754296,-368.4540031506532
22092.0,849.736877,-164.022949,716.8812458575284,-373.3135911977494
22102.0,852.741028,-168.648438,716.9852627343627,-378.75908951864045
22111.0,855.445251,-172.81105,717.0777177852765,-383.6186868483922
22120.0,858.062622,-176.845123,717.1703062453512,-388.529998122882
22129.0,860.677917,-180.880508,717.2594533673099,-393.3896572605599
22138.0,863.207214,-184.786789,717.3452486071043,-398.2321383014295
22148.0,866.199402,-189.420029,717.4379825626238,-403.6778404496384
22157.0,868.888794,-193.592255,717.5157646319595,-408.5032188654368
22166.0,871.573425,-197.767548,717.5890625633376,-413.3803805797333
22175.0,874.254333,-201.945206,717.6561038222704,-418.2059201739737
22185.0,877.135925,-206.444656,717.7256277361678,-423.6174937966468
22194.0,879.809998,-210.626724,717.7838139879351,-428.5120961610512
22203.0,882.396667,-214.680542,717.8370133729808,-433.35504498173714
22212.0,885.061584,-218.868454,717.8855952685049,-438.24975209707486
22222.0,888.017944,-223.524628,717.93264181988,-443.66156780626505
22231.0,890.591064,-227.587051,717.9691697228126,-448.53914350392995
22240.0,893.240356,-231.784836,717.9991585655386,-453.4167637888082
22249.0,895.801819,-235.854614,718.0220886534337,-458.29442236492804
22259.0,898.731445,-240.527664,718.0392282860083,-463.7236512441873
22268.0,901.280945,-244.60495,718.046983896947,-468.5324145310487
22277.0,903.989746,-248.948532,718.0480958504183,-473.41012687780363
22286.0,906.528931,-253.032257,718.0425873146576,-478.2361290081404
22296.0,909.343506,-257.573944,718.0288647007934,-483.6136602332282
22305.0,911.952271,-261.797058,718.0096066880424,-488.4396270829805
22314.0,914.476379,-265.890137,717.9841119837155,-493.2828009880165
22324.0,917.279053,-270.439148,717.9513656798076,-498.6947221189842
22333.0,919.881775,-274.665985,717.9200770927192,-503.55509815053466
22342.0,922.484741,-278.89267,717.8871135477681,-508.4154631109542
22351.0,925.00592,-282.987549,717.8532759401704,-513.2413497571857
22361.0,927.805359,-287.538574,717.814157354114,-518.6359923944045
22370.0,930.325134,-291.634308,717.7779985420876,-523.4790984220157
22379.0,932.928284,-295.86087,717.7420663586253,-528.373914743769
22388.0,935.533875,-300.085938,717.7085902747964,-533.2342762010663
22398.0,938.250549,-304.485474,717.6749320334324,-538.5944835282635
22407.0,940.780884,-308.574677,717.6476541856705,-543.4204117110074
22416.0,943.395874,-312.793915,717.6240469321106,-548.2463592452791
22426.0,946.214539,-317.333038,717.6021497469075,-553.6238633968541
22435.0,948.755249,-321.415802,717.5862678910619,-558.4153708839418
22444.0,951.297791,-325.497406,717.5731916250701,-563.2758300345797
22454.0,954.123901,-330.031921,717.5609325963203,-568.6533647953357
22463.0,956.668762,-334.112122,717.5512477075675,-573.5138318867478
22472.0,959.299194,-338.321777,717.5430301611233,-578.3915374381373
22481.0,961.849121,-342.398804,717.5368003071059,-583.2347744386659
22491.0,964.683533,-346.928101,717.5312625328809,-588.6640275478352
22500.0,967.317627,-351.135468,717.5261341528106,-593.5072658399378
22509.0,969.868042,-355.212158,717.5205573464965,-598.4022108697355
22518.0,972.497375,-359.422485,717.5134276847209,-603.3143896353965
22527.0,975.041931,-363.502838,717.502999218024,-608.1920909609419
22537.0,977.962402,-368.18158,717.4885775475054,-613.604091946126
22546.0,980.427307,-372.128845,717.4741188758352,-618.464547181038
22555.0,982.970825,-376.209839,717.4569658526194,-623.3767011720754
22564.0,985.593201,-380.42453,717.4355561503077,-628.2371307588917
22574.0,988.408081,-384.966003,717.4045307390224,-633.6490620289735
22583.0,991.017761,-389.188538,717.3689896145255,-638.5438812058155
22592.0,993.621704,-393.414612,717.3264059084546,-643.4214077923265
22601.0,996.221313,-397.643341,717.2773025988005,-648.3161097046487
22610.0,998.737976,-401.740997,717.2233423101254,-653.2107604820543
22619.0,1001.333557,-405.972198,717.1656021516808,-658.1398419771548
22629.0,1004.216431,-410.674225,717.0995918783611,-663.5514595996453
22638.0,1006.729675,-414.773956,717.0389341797223,-668.4115578278037
22647.0,1009.243347,-418.873444,716.9783075693432,-673.2716564438675
22656.0,1011.840698,-423.103577,716.9183928355159,-678.1662379551084
22666.0,1014.729309,-427.802094,716.8545673975322,-683.5778817868568
22675.0,1017.169617,-431.764587,716.800276875426,-688.4208184985617
22684.0,1019.785278,-435.983429,716.7498085047407,-693.2982698737887
22693.0,1022.322327,-440.068481,716.7081568546181,-698.1240954037894
22703.0,1025.14624,-444.60434,716.6689968345837,-703.5359739261756
22712.0,1027.691406,-448.684326,716.6361295566682,-708.3791034099302
22721.0,1030.153931,-452.633057,716.6043051014111,-713.2394759622969
22730.0,1032.781006,-456.844757,716.5720846075279,-718.1170820158766
22740.0,1035.703247,-461.52243,716.5369659538997,-723.528988272308
22749.0,1038.41687,-465.863007,716.5068398756587,-728.4238437722099
22758.0,1041.049561,-470.071198,716.478608158079,-733.267002496069
22767.0,1043.601318,-474.147064,716.4518616032437,-738.1446416376959
22777.0,1046.437622,-478.67514,716.4241071198009,-743.5221187483469
22786.0,1048.98938,-482.751007,716.3997410363144,-748.382534413467
22795.0,1051.623535,-486.958344,716.3746909708954,-753.2601825627648
22804.0,1054.175659,-491.033966,716.3493277942167,-758.1033571583828
22814.0,1056.915405,-495.419159,716.3198146632762,-763.4808249046391
22823.0,1059.536865,-499.63443,716.2880385653098,-768.3239616706172
22832.0,1062.062012,-503.726837,716.2450747682783,-773.1670121108372
22842.0,1064.842896,-508.289185,716.1764748417861,-778.5441232717684
22851.0,1067.321167,-512.410156,716.0894377868716,-783.3693436249788
22860.0,1069.768921,-516.549377,715.9700056436646,-788.262834598578
22869.0,1072.182251,-520.70874,715.814307976884,-793.1208169349303
22878.0,1074.631714,-525.026184,715.6129266113275,-798.063371461811
22888.0,1077.297485,-529.854614,715.3358202259287,-803.50280925672
22897.0,1079.581299,-534.086487,715.0328675115893,-808.4056421837881
22906.0,1081.887451,-538.482178,714.6758642170356,-813.3221172380233
22915.0,1084.13623,-542.907471,714.2576047931013,-818.268355636567
22924.0,1086.32251,-547.363953,713.772851728381,-823.225838806837
22933.0,1088.447144,-551.850159,713.2179575645406,-828.1933050826685
22942.0,1090.560547,-556.512573,712.5888358574429,-833.1519172486123
22951.0,1092.531494,-561.06842,711.8704549683944,-838.1506304761133
22960.0,1094.420898,-565.65863,711.0681959224162,-843.1191110502298
22969.0,1096.283325,-570.426819,710.177856440215,-848.0725658444779
22978.0,1098.064697,-575.225891,709.1993621217828,-853.0093631525554
22987.0,1099.762207,-580.055237,708.1280130315324,-857.9444838359171
22996.0,1101.408569,-585.065796,706.9549276462166,-862.8918498639057
23004.0,1102.752075,-589.413147,705.8435883034219,-867.215356637819
23013.0,1104.133179,-594.18103,704.5003914466267,-872.0656392065074
23022.0,1105.453613,-599.126831,703.0618006807575,-876.8884885096251
23031.0,1106.666626,-604.100037,701.5026807545116,-881.7461910174982
23040.0,1107.770264,-609.098633,699.8392640020077,-886.569174876781
23049.0,1108.76416,-614.120239,698.0647444495919,-891.3707758349799
23058.0,1109.647583,-619.162476,696.2231838078594,-896.0360605096532
23067.0,1110.400635,-624.225769,694.2642793686784,-900.6533021202988
23076.0,1111.032837,-629.305603,692.177323938386,-905.2330440152313
23085.0,1111.536621,-634.243896,689.9762685087757,-909.778212882095
23093.0,1111.912964,-638.778564,687.931288607503,-913.7850565873588
23102.0,1112.233765,-643.887512,685.528817688518,-918.2662052592473
23111.0,1112.443115,-649.002258,683.0309977628992,-922.6949133728285
23120.0,1112.534546,-653.810181,680.4450153481521,-927.0526972550849
23129.0,1112.515503,-658.929138,677.7606498001741,-931.3505766180573
23138.0,1112.372314,-664.046143,674.9672249739666,-935.5990278271977
23147.0,1112.102051,-669.15802,672.0720732420874,-939.7788192556704
23155.0,1111.764893,-673.69574,669.4250977666242,-943.4161617068726
23164.0,1111.269531,-678.634888,666.3374946443855,-947.4558729460159
23173.0,1110.639404,-683.558594,663.1457039459659,-951.4137804832911
23182.0,1109.866333,-688.618896,659.8497489544675,-955.2853745516479
23191.0,1108.986938,-693.504272,656.4771943792765,-959.0442414912858
23200.0,1107.921143,-698.669617,652.9608627632322,-962.764416671259
23209.0,1106.761719,-703.655579,649.3739753150076,-966.3681367450006
23217.0,1105.628418,-708.062439,646.1110950506447,-969.489950244395
23226.0,1104.229004,-712.98645,642.340061724346,-972.926145269614
23235.0,1102.707397,-717.874084,638.4706896683373,-976.2776003708889
23244.0,1101.012329,-722.868408,634.4787809546832,-979.5640893004812
23253.0,1099.200806,-727.821655,630.4736421698647,-982.6964084493645
23261.0,1097.533569,-732.055481,626.8640306530805,-985.3810767664794
23270.0,1095.533813,-736.7677,622.6947705923578,-988.3213827276808
23279.0,1093.473267,-741.283752,618.5192226559175,-991.1000561743832
23288.0,1091.233521,-745.88678,614.2559940385167,-993.7748086018055
23297.0,1088.9552,-750.296936,609.9091445438146,-996.3454319703586
23306.0,1086.486938,-754.781616,605.4972459026674,-998.8027385065418
23315.0,1083.994263,-759.074219,601.0552338532,-1001.1318489902471
23324.0,1081.399536,-763.305969,596.5582305924062,-1003.3529271890799
23333.0,1078.715332,-767.481506,591.994876422963,-1005.4754769568007
23342.0,1075.845703,-771.72052,587.3676957817394,-1007.498446147379
23351.0,1072.88269,-775.894836,582.7109155061514,-1009.4073244193287
23360.0,1069.926636,-779.882568,578.0127858364876,-1011.2120394658808
23369.0,1066.799194,-783.93512,573.2778601820356,-1012.9178817326333
23378.0,1063.700073,-787.812744,568.5595515745982,-1014.5144996588289
23387.0,1060.439819,-791.759277,563.8131767110353,-1016.0256418003249
23396.0,1057.215332,-795.533264,559.0416463799993,-1017.4553701721737
23405.0,1053.936401,-799.26001,554.2807570496199,-1018.798252329871
23414.0,1050.609131,-802.943665,549.4505026693806,-1020.0836594081096
23423.0,1047.34021,-806.470459,544.6035685844604,-1021.3046666607604
23432.0,1043.817505,-810.18457,539.7741509034649,-1022.4522467683895
23441.0,1040.365601,-813.75177,534.9475547974406,-1023.5354686915861
23450.0,1036.881836,-817.287781,530.0764078825027,-1024.5764070424782
23459.0,1033.36792,-820.793884,525.2125534884398,-1025.5679390259722
23468.0,1029.825195,-824.270874,520.289219526307,-1026.525545098546
23477.0,1026.251953,-827.716431,515.4254462675576,-1027.4272708845017
23486.0,1022.542969,-831.244568,510.5204091081087,-1028.2945859262784
23495.0,1018.92218,-834.640198,505.6259026337043,-1029.1216419176917
23504.0,1015.277588,-838.010193,500.75951998234046,-1029.9074524557632
23513.0,1011.725525,-841.251648,495.9046601826675,-1030.655708684208
23523.0,1007.500854,-845.059998,490.4479140006632,-1031.4581673567532
23532.0,1003.797302,-848.365173,485.60067750605106,-1032.13994174085
23541.0,1000.076416,-851.650818,480.66428419560884,-1032.8060093064078
23550.0,996.340027,-854.918823,475.80984967342755,-1033.4344863667409
23559.0,992.705078,-858.067017,470.9180534725494,-1034.0423582613969
23568.0,988.938538,-861.300232,466.0233575295977,-1034.626421560442
23577.0,985.395447,-864.317383,461.1602521876994,-1035.1838481287996
23586.0,981.721741,-867.420288,456.26052623214827,-1035.724092399234
23596.0,977.362122,-871.073303,450.8272294250194,-1036.2999421220568
23605.0,973.661926,-874.144592,445.94020417814977,-1036.79646532829
23614.0,969.709839,-877.398132,441.051006606237,-1037.2711211622266
23623.0,965.985291,-880.43988,436.1769144588103,-1037.7225009179795
23632.0,962.129028,-883.565552,431.28385978427343,-1038.155590989284
23642.0,957.827942,-887.018188,425.9081723872869,-1038.6091154725857
23651.0,954.060547,-890.006653,421.0457681889463,-1038.9952558435693
23660.0,950.027588,-893.159302,416.1123270706562,-1039.3565845553367
23669.0,946.093933,-896.186951,411.22801730519706,-1039.679130769934
23678.0,942.260559,-899.090332,406.3241550120266,-1039.964937815873
23687.0,938.279602,-902.055481,401.4353855605592,-1040.2108060649607
23697.0,933.970886,-905.215149,395.9764861595937,-1040.4404458432443
23706.0,930.074158,-908.032898,391.0843895241466,-1040.6075040814658
23715.0,926.02887,-910.909729,386.13948056509236,-1040.7389388266736
23724.0,921.960632,-913.754028,381.1764406509219,-1040.8308629871988
23733.0,917.869324,-916.564941,376.21280265497643,-1040.8809936778352
23742.0,913.756531,-919.344299,371.24891813918265,-1040.8891026100846
23751.0,909.619751,-922.087891,366.26791036383037,-1040.8546575938003
23760.0,905.589355,-924.710938,361.3218616524418,-1040.777185985103
23769.0,901.535889,-927.298096,356.3250115252099,-1040.6542325769003
23778.0,897.327881,-929.931152,351.3467169465282,-1040.486280187412
23787.0,893.09314,-932.520996,346.3874897511516,-1040.2711503067437
23796.0,888.699402,-935.147644,341.37905557584077,-1040.0031693288759
23805.0,884.278076,-937.727661,336.4253158660161,-1039.6858711595717
23814.0,880.097839,-940.104614,331.4753705895736,-1039.3140418961161
23823.0,875.75177,-942.502869,326.530155315236,-1038.8838545748504
23832.0,871.239746,-944.920654,321.5736068158313,-1038.389636110692
23841.0,866.830933,-947.201599,316.58982536564804,-1037.8255889941056
23850.0,862.387085,-949.413452,311.6319108654401,-1037.1909926316707
23859.0,857.907959,-951.552917,306.7188125561471,-1036.4826987349302
23868.0,853.251648,-953.679626,301.76715371208144,-1035.6843871510819
23877.0,848.701477,-955.663635,296.82979700655125,-1034.8019272623185
23886.0,843.976685,-957.633545,291.94195705423795,-1033.8424245172278
23895.0,839.362061,-959.462646,287.0376693763285,-1032.7916205082863
23904.0,834.571289,-961.266235,282.152698995363,-1031.6543909492218
23913.0,829.896423,-962.935364,277.3219157960774,-1030.4398298767487
23922.0,825.196289,-964.531982,272.47914661259193,-1029.1345278701604
23931.0,820.472046,-966.055664,267.67468150487224,-1027.7558532300402
23940.0,815.725525,-967.508423,262.92529817339386,-1026.3123944631907
23949.0,810.959045,-968.894287,258.18191625675775,-1024.791883723276
23958.0,806.173401,-970.212585,253.42854644190604,-1023.1913519066048
23968.0,800.83374,-971.593933,248.228393105325,-1021.3533029159611
23977.0,796.012756,-972.776367,243.58906804381448,-1019.6368930933304
23986.0,791.175049,-973.888489,238.9586331230811,-1017.8482378202857
23995.0,786.474548,-974.903259,234.4022853634634,-1016.0126871804787
24004.0,781.609314,-975.887939,229.85499008434263,-1014.1097200352749
24013.0,776.579834,-976.841309,225.31666535405483,-1012.1417240118899
24022.0,771.53833,-977.72876,220.83548320307256,-1010.1296212342994
24031.0,766.638245,-978.522217,216.31890316917764,-1008.029114220579
24040.0,761.57373,-979.267151,211.81622424088062,-1005.8589733949049
24049.0,756.498779,-979.937561,207.37604385210065,-1003.6397362836364
24058.0,751.723083,-980.500793,202.98390738860456,-1001.3640963754762
24067.0,746.631775,-981.032471,198.57966805197253,-999.0005599149431
24076.0,741.532776,-981.484558,194.2258201375187,-996.5807183385022
24085.0,736.582214,-981.848206,189.89440214256376,-994.0862350478047
24095.0,730.903625,-982.171448,185.16011665786786,-991.2566485470314
24104.0,725.789246,-982.388916,180.9695125223812,-988.6608798187198
24113.0,720.827332,-982.529114,176.8175235629185,-986.0037825318785
24122.0,716.018982,-982.592896,172.67662249368735,-983.2664200100744
24131.0,711.210205,-982.589783,168.61949507129344,-980.4970756587289
24140.0,706.246826,-982.518616,164.54583762490373,-977.6305551325962
24149.0,701.129761,-982.377991,160.54005357685912,-974.7282984475295
24158.0,696.169861,-982.179199,156.6291237657574,-971.8133873019232
24168.0,690.490723,-981.865417,152.33550755208674,-968.5187215437712
24177.0,685.69397,-981.52533,148.52750450562,-965.4982336788971
24186.0,680.901855,-981.125671,144.7537270912577,-962.4078157458348
24195.0,675.807007,-980.62915,140.93016199359528,-959.1885023596411
24204.0,670.874268,-980.074097,137.2307368187739,-955.9830739449969
24213.0,665.950134,-979.44696,133.60630462991404,-952.7445981534978
24223.0,660.49231,-978.651978,129.56768078306192,-949.0136856387794
24232.0,655.592896,-977.854431,126.01780202082972,-945.6184077663012
24241.0,650.70929,-976.965393,122.50414764833133,-942.1365070416673
24250.0,645.843567,-975.983032,119.04465923672828,-938.5767099728835
24259.0,640.846191,-974.873718,115.65485652264145,-934.9504925496601
24268.0,636.171021,-973.748108,112.39376463816691,-931.3231851881096
24277.0,631.518677,-972.531677,109.1577269912435,-927.5818672313894
24286.0,626.887695,-971.236084,106.01407871123952,-923.8073438774393
24296.0,621.608521,-969.63916,102.5998577797119,-919.541735769754
24305.0,617.031677,-968.163757,99.5848806173089,-915.6200891237938
24314.0,612.482849,-966.604065,96.65389774503956,-911.6566918797994
24323.0,607.669678,-964.861145,93.83697566492064,-907.6957344023338
24332.0,603.03125,-963.093323,91.0712100830336,-903.6570392304299
24341.0,598.423462,-961.247192,88.3566232407506,-899.5424072193088
24350.0,593.848572,-959.320801,85.72323848518538,-895.3957415965431
24360.0,588.807129,-957.083801,82.86116697273603,-890.7011982293463
24369.0,584.303345,-954.996643,80.32816471899599,-886.3722114800634
24378.0,579.832092,-952.840759,77.89292736001552,-882.046724889359
24387.0,575.396606,-950.612183,75.51958587537844,-877.6673556294578
24396.0,570.996704,-948.314148,73.22526961685159,-873.2655005492923
24405.0,566.499329,-945.869141,71.00425183139735,-868.8262106018307
24414.0,562.179626,-943.423706,68.85928402924198,-864.3496797610304
24423.0,557.901062,-940.906982,66.7638774776191,-859.7737984059622
24432.0,553.665405,-938.318665,64.7754566177644,-855.2255682309366
24441.0,549.475891,-935.65625,62.87345559262944,-850.6591920083738
24450.0,545.334534,-932.919556,61.047459813376264,-846.0433546352563
24459.0,541.118225,-930.016602,59.30697853860667,-841.3945977935712
24468.0,536.956116,-927.036438,57.65549176695757,-836.7134861003954
24477.0,532.974365,-924.072327,56.09311864110118,-832.0018828216229
24486.0,529.033997,-921.053406,54.614191485567254,-827.2634242421308
24495.0,525.132446,-917.984497,53.226491096459576,-822.569299661809
24504.0,521.505859,-915.068298,51.87981803945647,-817.7915714445011
24514.0,517.249329,-911.560913,50.448068286325366,-812.4652113871646
24523.0,513.452454,-908.363403,49.224936530902376,-807.6899494027184
24532.0,509.693085,-905.121887,48.05230885407057,-802.8842918996155
24541.0,505.852753,-901.737183,46.93094698596783,-798.0487192549658
24550.0,502.279083,-898.519531,45.87552242471425,-793.2512584626935
24559.0,498.737244,-895.266907,44.860996693067335,-788.3921481757433
24568.0,495.112366,-891.875671,43.90804454724611,-783.5908566668589
24577.0,491.516602,-888.453613,42.991302808136396,-778.7298913008668
24586.0,487.953705,-884.997314,42.11737309310144,-773.8435366172506
24596.0,483.91391,-880.993408,41.204132354516396,-768.4217120053461
24605.0,480.527863,-877.578857,40.436462438315516,-763.5698841067465
24614.0,477.059662,-874.027527,39.70745313359421,-758.6946688556146
24623.0,473.721283,-870.566406,39.022154938487304,-753.8653370842484
24632.0,470.514404,-867.194092,38.3678900502052,-749.0143108627699
24641.0,467.331146,-863.7995,37.75168315724871,-744.1930534325112
24651.0,463.587799,-859.748901,37.096803375238565,-738.7513543105571
24660.0,460.242157,-856.081909,36.54421712222568,-733.870350367632
24669.0,457.022186,-852.510376,36.02992599911863,-729.0544923864345
24678.0,453.612488,-848.692261,35.53684144263538,-724.1671189939009
24687.0,450.322083,-844.975647,35.07188335971363,-719.311617685565
24697.0,446.80069,-840.957153,34.58231272710081,-713.9217862184487
24706.0,443.647858,-837.326172,34.167443903734856,-709.096346620467
24715.0,440.510773,-833.68158,33.772918840304634,-704.2519081475294
24724.0,437.188385,-829.787231,33.393951131589816,-699.337077348103
24733.0,433.98053,-825.999084,33.03813638144105,-694.4550783918263
24743.0,430.542419,-821.909119,32.66819617888754,-689.0729929508817
24752.0,427.359467,-818.100037,32.35103473988402,-684.2056027265689
24761.0,424.286835,-814.40094,32.050629535493485,-679.371687112127
24770.0,421.028015,-810.453247,31.762489165445533,-674.5024927125069
24780.0,417.638062,-806.323303,31.46223537263174,-669.150595560314
24789.0,414.596741,-802.59845,31.202804583789153,-664.2797871428185
24798.0,411.4664,-798.746033,30.955791170132503,-659.4083332173853
24807.0,408.343201,-794.887817,30.720589513541263,-654.5362947164226
24817.0,404.883423,-790.592468,30.471427331300944,-649.1127591355189
24826.0,401.875092,-786.840881,30.259473223612382,-644.2569060075932
24835.0,398.872498,-783.084717,30.05725922104125,-639.3833869021307
24844.0,395.681366,-779.082092,29.863808952107902,-634.5095120609417
24853.0,392.592712,-775.196167,29.67562250943436,-629.5836858181644
24863.0,389.169525,-770.871582,29.47636747716024,-624.1235929133005
24872.0,386.191467,-767.095947,29.306336272980957,-619.2143526006357
24881.0,383.120544,-763.195984,29.14337074967945,-614.2876274662857
24890.0,380.051514,-759.294556,28.986985799762312,-609.3951780089127
24899.0,376.986206,-755.390198,28.834107770410522,-604.468129539557
24908.0,374.021332,-751.604187,28.688812303062825,-599.6098249617297
24918.0,370.624481,-747.258911,28.531633370702526,-594.1311160220283
24927.0,367.573486,-743.343323,28.396803679213424,-589.1862984662558
24936.0,364.616943,-739.550842,28.269523765898775,-584.2930053247021
24945.0,361.568115,-735.633606,28.144465596269868,-579.3479309916114
24954.0,358.523651,-731.712952,28.024516152744955,-574.4372117786156
24963.0,355.484131,-727.788452,27.910282707278437,-569.5091158957034
24972.0,352.543671,-723.983459,27.803673404246588,-564.6325686099044
24982.0,349.281799,-719.751587,27.691140862491196,-559.1527608313588
24991.0,346.15979,-715.694824,27.59541015250737,-554.1897928814235
25000.0,343.229767,-711.881775,27.505537013026977,-549.2784311683456
25009.0,340.112671,-707.821228,27.417957084821857,-544.2980742862094
25018.0,337.187775,-704.004272,27.334807045406716,-539.3865941499557
25027.0,334.170319,-700.062805,27.254914422927577,-534.4405839523849
25036.0,331.14975,-696.123718,27.177947621153734,-529.5462408854418
25045.0,328.033875,-692.062256,27.100438799649083,-524.6174306138014
25055.0,324.572083,-687.549255,27.014187599546574,-519.1371461692471
25064.0,321.552856,-683.609131,26.938074692409796,-514.2255519389348
25073.0,318.537689,-679.665894,26.865221437534753,-509.3139082770695
25082.0,315.516205,-675.727539,26.795534338517776,-504.4366936332019
25091.0,312.493744,-671.789917,26.724789652216412,-499.525019148136
25100.0,309.470184,-667.853149,26.65321656321293,-494.64783181658163
25110.0,306.104675,-663.483521,26.57124382562022,-489.20195705270896
25119.0,303.072021,-659.553711,26.493409552635296,-484.29038979939395
25128.0,300.037811,-655.625122,26.412017452160253,-479.3788802163991
25137.0,296.813599,-651.451294,26.328470625039913,-474.45016859581136
25146.0,293.774261,-647.526672,26.24355738549708,-469.53871862664545
25155.0,290.734161,-643.602661,26.15666644146305,-464.62730324798605
25165.0,287.356079,-639.242798,26.05970964471271,-459.19891312107626
25174.0,284.317474,-635.317627,25.973441641232636,-454.30472516217174
25183.0,281.281525,-631.390381,25.889149303278874,-449.37602623517273
25192.0,278.240417,-627.467102,25.80668203200848,-444.4817727584227
25201.0,275.200684,-623.542786,25.72379855770068,-439.60476452551694
25211.0,271.932953,-619.31543,25.634079139379097,-434.2452024264527
25220.0,268.898926,-615.386719,25.555902758766454,-429.35087853044575
25229.0,265.965576,-611.576233,25.483487142236473,-424.5426542764132
25238.0,263.03595,-607.762878,25.41595879985228,-419.699884059138
25248.0,259.681641,-603.384705,25.347072244902943,-414.2710651606174
25257.0,256.852814,-599.689514,25.290774888166197,-409.4281513618825
25266.0,253.836868,-595.746887,25.237130084364253,-404.5334971166315
25275.0,250.820404,-591.804688,25.185085893458808,-399.62158888661924
25284.0,247.804993,-587.861633,25.1342400863453,-394.6924314520126
25294.0,244.457993,-583.477844,25.08081117717865,-389.3151481473512
25303.0,241.447693,-579.530884,25.035683089068044,-384.4548809119602
25312.0,238.434692,-575.585999,24.99242488495994,-379.5601238522801
25321.0,235.517273,-571.763306,24.94962552356665,-374.66536275901166
25331.0,232.171539,-567.37854,24.903123735889174,-369.2535423414463
25340.0,229.252441,-563.557129,24.86139203101728,-364.3932447570837
25349.0,226.331635,-559.737,24.818264149820152,-359.498486547389
25358.0,223.504639,-556.040466,24.774176686125983,-354.6382097611026
25368.0,220.259232,-551.795959,24.724623567817147,-349.20917996943325
25377.0,217.244446,-547.852478,24.68020783620142,-344.31443327646787
25386.0,214.325699,-544.030823,24.63693050030015,-339.43691279508175
25395.0,211.503494,-540.330627,24.596358567693866,-334.5766053910139
25404.0,208.588425,-536.506165,24.558443349198,-329.6990402801876
25414.0,205.350433,-532.255981,24.518190431760022,-324.23546116020873
25423.0,202.437531,-528.429871,24.4836608503475,-319.34063474311097
25432.0,199.333069,-524.35968,24.449559097397106,-314.42856917674123
25441.0,196.323059,-520.412537,24.41493806116435,-309.55097957141425
25450.0,193.405579,-516.589905,24.38018050453829,-304.690627109297
25460.0,190.162415,-512.343689,24.341205196556476,-299.26151107482735
25469.0,187.239716,-508.525024,24.304339641065237,-294.36670169382705
25478.0,184.222443,-504.583405,24.265094261914083,-289.45467453000737
25487.0,181.203674,-500.642944,24.224936546370007,-284.5943636858705
25496.0,178.278351,-496.826294,24.18380546785329,-279.73406098149786
25506.0,174.919525,-492.451569,24.135351170473964,-274.305021271618
25515.0,172.081482,-488.763489,24.088706026611476,-269.44476835903146
25524.0,169.050873,-484.832123,24.03862213482301,-264.5673130206478
25533.0,166.113846,-481.024475,23.985706565325813,-259.689887581276
25543.0,162.745453,-476.657104,23.924903345836356,-254.24373532100887
25552.0,159.808014,-472.849762,23.86977958400931,-249.36633433841496
25561.0,156.774475,-468.920654,23.813790120198384,-244.4544694952185
25570.0,153.833755,-465.115875,23.7574609659088,-239.57708228478288
25579.0,150.892746,-461.31131,23.700056798396115,-234.68247068557883
25589.0,147.628006,-457.081665,23.63750351464011,-229.28804888766896
25598.0,144.691849,-453.273346,23.583624083358416,-224.3933972195321
25607.0,141.758835,-449.462616,23.53334237214372,-219.49870727071738
25616.0,138.822891,-445.654144,23.485632951870972,-214.62122812823392
25625.0,135.795013,-441.720673,23.43907414150248,-209.72650135111067
25635.0,132.538086,-437.484985,23.389931942750614,-204.31470426580378
25644.0,129.60817,-433.671875,23.348373534500677,-199.41993247906908
25653.0,126.773857,-429.980927,23.30939629251821,-194.55961202478218
25662.0,123.842491,-426.168915,23.27168604311627,-189.66480907853395
25671.0,120.915848,-422.353302,23.23508834432677,-184.75276147429287
25681.0,117.556808,-417.978729,23.196197323148827,-179.28917249029132
25690.0,114.627243,-414.165344,23.16146767138193,-174.37711132320905
25699.0,111.696449,-410.352905,23.12514731374162,-169.46506166044196
25708.0,108.66996,-406.418365,23.08739729035903,-164.53578653655472
25717.0,105.735992,-402.608368,23.048813525940044,-159.67546294270906
25726.0,102.706551,-398.676117,23.008456242869546,-154.79791742638332
25736.0,99.547256,-394.582794,22.961872674876997,-149.4033340858197
25745.0,96.608788,-390.776276,22.917899071031474,-144.52581983199215
25754.0,93.670761,-386.969421,22.8733268754084,-139.6310745613077
25763.0,90.735519,-383.1604,22.8309894127183,-134.77078221588005
25773.0,87.479385,-378.924133,22.788177228177023,-129.3244588146902
25782.0,84.458038,-374.985657,22.755236968888727,-124.46409369640044
25791.0,81.531326,-371.170074,22.726450978937386,-119.58646616440205
25800.0,78.605667,-367.353699,22.699935639555193,-114.70882576038278
25809.0,75.585709,-363.414154,22.674725029594104,-109.77947055545137
25819.0,72.230721,-359.036469,22.648033147454388,-104.31580835496173
25828.0,69.209732,-355.097717,22.62392179884867,-99.42091953207935
25837.0,66.188789,-351.158905,22.599238932197707,-94.50879760627545
25846.0,63.351982,-347.469879,22.573554981417406,-89.63115275360155
25855.0,60.413074,-343.663696,22.544167887775327,-84.71905671864899
25864.0,57.373878,-339.738953,22.506202116015803,-79.82425574765077
25874.0,54.103951,-335.513306,22.45774022026324,-74.41245252756836
25883.0,51.065002,-331.588379,22.414372495384455,-69.51769643702113
25892.0,48.024715,-327.66449,22.37066389719401,-64.6401798012127
25901.0,45.077133,-323.865021,22.325484021796004,-59.77991304694797
25911.0,41.692627,-319.510132,22.271518205835346,-54.35092532536533
25920.0,38.741726,-315.713226,22.220493909781364,-49.47347973414258
25929.0,35.69598,-311.793579,22.169074750057426,-44.59603828968042
25938.0,32.650757,-307.873535,22.11815172786094,-39.70135497088228
25947.0,29.605877,-303.953217,22.06850370257305,-34.8411318054981
25957.0,26.327332,-299.734253,22.01327371331672,-29.42939342522499
25966.0,23.376431,-295.937347,21.96251748998315,-24.534708373936873
25975.0,20.423655,-292.141907,21.911160643529204,-19.657266272951343
25984.0,17.469402,-288.347626,21.858944494346012,-14.762596578347331
25994.0,14.18632,-284.132202,21.800109178227242,-9.36813294860146
26003.0,11.230143,-280.339417,21.746133692055597,-4.4907191235260875
26012.0,8.265523,-276.553223,21.68989824973297,0.35219539455051585
26021.0,5.29518,-272.771515,21.62680951444147,5.229499853532487
26031.0,1.88582,-268.436035,21.549622877302745,10.67544455546992
26040.0,-1.181591,-264.533325,21.478569336795537,15.552639483758641
26049.0,-4.253415,-260.634094,21.40766621626774,20.447074149070854
26058.0,-7.326012,-256.735474,21.33423319546263,25.324233831261047
26067.0,-10.298965,-252.955811,21.25984819153215,30.184141342208136
26077.0,-13.704347,-248.617218,21.182470119400566,35.5611333471193
26086.0,-16.769703,-244.712891,21.116440709326643,40.43839888132301
26095.0,-19.835691,-240.809052,21.051650395930576,45.350155519551066
26104.0,-22.903839,-236.906921,20.986910116319752,50.244675581999104
26114.0,-26.205639,-232.706131,20.91465685635847,55.638976177395946
26123.0,-29.273676,-228.803909,20.8493881400159,60.48177737598312
26132.0,-32.340336,-224.900604,20.784290004051385,65.30734357474934
26142.0,-35.644577,-220.701736,20.713332324808327,70.61547512586733
26151.0,-38.719116,-216.804626,20.646892445391245,75.49273508577996
26160.0,-41.796501,-212.909775,20.57574945435687,80.3871662703342
26169.0,-44.782154,-209.140137,20.501208307912698,85.21259583913431
26179.0,-48.099506,-204.95163,20.414399812208295,90.60668183512723
26188.0,-51.182316,-201.061066,20.33415438448295,95.46649611296556
26197.0,-54.264755,-197.170212,20.25346891217135,100.32630310484393
26206.0,-57.250114,-193.400345,20.173957121257782,105.15165332851547
26216.0,-60.568592,-189.212723,20.085522470524722,110.54571290916745
26225.0,-63.558407,-185.446396,20.00423397639477,115.42274798745692
26234.0,-66.549614,-181.681168,19.920576948328527,120.282504735012
26243.0,-69.637978,-177.795013,19.834908791747363,125.15946484773507
26253.0,-73.070816,-173.478104,19.73803867623957,130.60509499072447
26262.0,-76.06736,-169.717117,19.649861265210212,135.48201038042626
26271.0,-79.06279,-165.955246,19.561775597055572,140.307211704832
26280.0,-82.152107,-162.069839,19.475178087846444,145.16691694436565
26290.0,-85.68898,-157.615463,19.383494148460503,150.61263687186576
26299.0,-88.67849,-153.848892,19.305578389399265,155.4724890587375
26308.0,-91.663979,-150.079132,19.23104842575083,160.332394348789
26317.0,-94.742065,-146.18483,19.160904128969992,165.20960243864664
26326.0,-97.726227,-142.414017,19.09483363428919,170.06963009633384
26336.0,-101.041962,-138.224213,19.022332684845058,175.49840192822154
26345.0,-104.122894,-134.332169,18.9576021468706,180.3756848738376
26354.0,-107.203224,-130.439636,18.894006343392675,185.2357455439869
26363.0,-110.189384,-126.670403,18.830283767726105,190.1130417629482
26373.0,-113.517418,-122.490372,18.755430370815038,195.52454429156307
26382.0,-116.614288,-118.610985,18.67971064314167,200.4706201329169
26391.0,-119.714912,-114.734604,18.59875532460777,205.36489885218816
26400.0,-122.721176,-110.981384,18.514549519724167,210.22464612197246
26409.0,-125.825333,-107.107834,18.427915051253397,215.10158916480336
26419.0,-129.273132,-102.802864,18.331854006263704,220.51275677668434
26428.0,-132.470764,-98.805428,18.246826812019226,225.4069664495273
26437.0,-135.472946,-95.048943,18.16572148987265,230.23229015190034
26446.0,-138.472443,-91.290314,18.086278131801073,235.12659364661425
26456.0,-141.800186,-87.110046,18.00253567417975,240.53796591703014
26465.0,-144.694275,-83.465775,17.93303726020354,245.36347074828208
26474.0,-147.776184,-79.574501,17.8689665665126,250.24076240660395
26483.0,-150.854385,-75.68029,17.811333044036548,255.0836604884819
26493.0,-154.16423,-71.48584,17.752986184333402,260.47812942351675
26502.0,-157.143219,-67.710938,17.70380823997485,265.32112074956297
26511.0,-160.22168,-63.816929,17.654046292178464,270.1813427498736
26520.0,-163.401764,-59.805523,17.599773067729085,275.0932268563013
26530.0,-166.72847,-55.624435,17.532691547865912,280.4875942443077
26539.0,-169.729156,-51.866756,17.464469554297267,285.364829601938
26548.0,-172.733627,-48.112103,17.389670367802715,290.2247307558165
26557.0,-175.836609,-44.237602,17.310008016751688,295.10179266683946
26567.0,-179.285538,-39.933548,17.21926696564936,300.47857576164347
26576.0,-182.294174,-36.182236,17.135558155737243,305.3383316175392
26585.0,-185.399796,-32.309856,17.05116083054135,310.1980755650381
26594.0,-188.404251,-28.555197,16.968860184853938,315.05785547234575
26604.0,-191.844437,-24.244146,16.883665099516634,320.4692050679336
26613.0,-194.934799,-20.359575,16.813810055848833,325.32917980208873
26622.0,-198.020386,-16.471218,16.75129614198942,330.22372880644906
26631.0,-201.100006,-12.578133,16.697655661352446,335.066672761649
26641.0,-204.409653,-8.383527,16.645523143230253,340.4956783972089
26650.0,-207.480331,-4.483379,16.604866832539102,345.3904577599495
26659.0,-210.360275,-0.82792,16.56801679869185,350.2680310345536
26668.0,-213.335098,2.950269,16.532506941835816,355.16285043832903
26677.0,-216.309525,6.728769,16.498386197959878,360.0232074127299
26687.0,-219.506226,10.792929,16.462151977422767,365.4351063151002
26696.0,-222.478043,14.573476,16.431464482889844,370.2782501011187
26705.0,-225.449326,18.354448,16.402262451421837,375.1386391169412
26714.0,-228.416458,22.138672,16.375741919055706,380.0162794927263
26724.0,-231.80336,26.491705,16.35547627310001,385.44549760346393
26733.0,-234.832672,30.424068,16.354780019873886,390.3232100272724
26742.0,-237.937439,34.494049,16.37805009634588,395.2353388490185
26751.0,-240.827591,38.337391,16.429309437859217,400.14725533220275
26760.0,-243.869446,42.454601,16.516177877318874,405.09314792907634
26769.0,-246.779358,46.476124,16.646338393816343,410.0208488687828
26778.0,-249.646088,50.528538,16.82866175562085,414.99863784673346
26787.0,-252.546234,54.746765,17.070923131077446,420.00838196383984
26796.0,-255.306091,58.872711,17.375180632433747,424.9629397255181
26805.0,-257.996857,63.044044,17.752706051291632,429.94702472606775
26814.0,-260.777374,67.525696,18.214377013077442,434.95863910820754
26823.0,-263.238312,71.657051,18.761597644851708,439.9269565613064
26832.0,-265.758026,76.112984,19.41575597462377,444.9518607686943
26841.0,-268.094086,80.492836,20.179517753985728,449.9438416357361
26850.0,-270.378021,85.074104,21.064862374601176,454.8981916127738
26859.0,-272.526367,89.72049,22.082339760831058,459.80950166829166
26868.0,-274.477081,94.285019,23.227637208219264,464.6217457874723
26877.0,-276.177765,98.616776,24.511625494132,469.3631511845594
26886.0,-277.819397,103.301353,25.95704087602852,474.0758948318434
26896.0,-279.376648,108.412468,27.750802884690643,479.2185293055129
26905.0,-280.597748,113.063614,29.532356645822663,483.74073013475146
26914.0,-281.558167,117.45842,31.468716319970657,488.1424088725628
26924.0,-282.466248,122.723763,33.82022971443081,492.9210041481736
26933.0,-283.06723,127.494827,36.118517194963005,497.10571402623714
26943.0,-283.485107,132.994415,38.87333459144596,501.60321045190256
26952.0,-283.630554,137.80098,41.50401024676912,505.46283477449674
26962.0,-283.504517,143.314972,44.63520089048641,509.59932231628846
26971.0,-283.170776,147.956635,47.62838371784959,513.1626488153038
26981.0,-282.517578,153.085922,51.13118870419426,516.9191638993387
26991.0,-281.656952,157.834564,54.832731274885184,520.480010841616
27001.0,-280.492706,162.872513,58.72626853278368,523.856216856742
27010.0,-279.304138,167.211182,62.33733506149358,526.7089448725832
27020.0,-277.734589,172.137924,66.4995958581848,529.718368971857
27030.0,-275.862061,177.32576,70.82594766210009,532.5815078262402
27039.0,-274.138,181.64827,74.76928407046253,534.9871032396679
27049.0,-271.986511,186.539032,79.33492759186018,537.5578942107368
27058.0,-269.918518,190.880417,83.55524895525075,539.7530091762964
27068.0,-267.466339,195.627548,88.37121561537728,542.0670834659717
27077.0,-265.083221,199.981964,92.78215441078625,544.0251299028922
27086.0,-262.659637,204.13533,97.2761051052659,545.8767889696045
27096.0,-259.754364,208.823547,102.31847178803928,547.7946621884463
27105.0,-257.132263,212.854538,106.90408079807074,549.4060045328506
27114.0,-254.343521,216.961014,111.52382544362032,550.9166976034867
27123.0,-251.575027,220.892899,116.18920343631942,552.3401887904572
27133.0,-248.415833,225.20195,121.37823489833114,553.8158757265403
27142.0,-245.41951,229.159515,126.04299331230156,555.0529512477892
27151.0,-242.560974,232.831741,130.7763330595599,556.2309044774
27160.0,-239.559006,236.588394,135.50863742277008,557.339746015994
27170.0,-236.173203,240.721771,140.76014609351628,558.4971945323449
27179.0,-233.087143,244.409653,145.55280841223833,559.4926370692159
27188.0,-229.863083,248.18399,150.40655786925444,560.4468466447804
27197.0,-226.703735,251.809296,155.2197125725848,561.3379469462725
27206.0,-223.410065,255.523041,160.10983305954298,562.1905528716385
27215.0,-220.084625,259.208374,164.93937049009222,562.9881029656353
27225.0,-216.467499,263.1409,170.37207215777346,563.8342373278017
27234.0,-213.075119,266.764709,175.24948201784292,564.5484161346269
27243.0,-209.763443,270.251404,180.09856792793897,565.216909801028
27252.0,-206.534058,273.602142,184.9697976944895,565.849896072095
27261.0,-203.173477,277.041748,189.81126001047008,566.4434629319211
27270.0,-199.899338,280.348785,194.65670130186973,567.003621539572
27280.0,-196.11496,284.120636,200.01991335171462,567.5864216386558
27289.0,-192.580124,287.605621,204.83802936821579,568.079109679819
27298.0,-189.140762,290.966431,209.65872163851876,568.5459174447436
27308.0,-185.178741,294.803406,215.04806175395532,569.0408677133369
27317.0,-181.709702,298.133575,219.85583009788516,569.4600221682664
27326.0,-178.118698,301.560669,224.7168279223364,569.8634811188506
27335.0,-174.628082,304.868225,229.57930114882942,570.2487512783263
27345.0,-170.609543,308.645966,234.99321507217545,570.6566189296149
27354.0,-167.09671,311.929901,239.82413167664188,571.0019133185947
27363.0,-163.573013,315.202179,244.69054611077246,571.3337107408712
27372.0,-159.927338,318.571045,249.55795153277683,571.6506388588826
27381.0,-156.275208,321.932922,254.42620831891006,571.9542090128732
27391.0,-152.336319,325.543152,259.82851504050336,572.2783150665995
27400.0,-148.784195,328.784546,264.64648686878013,572.5566572443458
27409.0,-145.225433,332.018646,269.4994923466103,572.8260491074427
27419.0,-141.263168,335.60318,274.83501564404236,573.1100664170317
27428.0,-137.692001,338.823608,279.6719252594603,573.3576322196944
27437.0,-134.115814,342.038452,284.50927450853015,573.5964536946364
27447.0,-130.134659,345.60199,289.8635604722713,573.8505743081942
27456.0,-126.433952,348.910309,294.71897938304556,574.0722527795556
27465.0,-122.727676,352.212402,299.5747207559963,574.2867518769119
27474.0,-119.131683,355.40506,304.4308070417812,574.4932951623598
27484.0,-115.129471,358.944946,309.803919340428,574.7116861261275
27493.0,-111.522835,362.12558,314.6607357294874,574.9002828035484
27502.0,-107.793983,365.402161,319.5006407286521,575.080013305726
27511.0,-104.178818,368.57309,324.34082417329296,575.2520821192725
27521.0,-100.028893,372.206024,329.7841504837996,575.4377435069096
27530.0,-96.406189,375.368347,334.6247978516239,575.5962254135932
27539.0,-92.77787,378.524231,339.48290820426723,575.7478761481499
27548.0,-89.145615,381.675568,344.324027719652,575.8912124384997
27558.0,-85.10582,385.172485,349.6822260936514,576.0417636013633
27567.0,-81.34848,388.416351,354.54096950503776,576.1715580776014
27576.0,-77.708382,391.558624,359.3481596680507,576.2947945786816
27586.0,-73.659218,395.044708,364.7412966832935,576.4281084260176
27595.0,-69.894699,398.280243,369.6004045169514,576.5434566147951
27604.0,-66.246712,401.413361,374.4596161037094,576.654347998
27613.0,-62.477848,404.643829,379.3016801119016,576.7611168836361
27623.0,-58.291283,408.234467,384.7124662793801,576.8766837389925
27632.0,-54.523033,411.465637,389.6063553961412,576.9785034736101
27641.0,-50.987396,414.491486,394.4313760430295,577.0759850773394
27650.0,-47.214966,417.717773,399.32540329322654,577.1709335888562
27660.0,-43.284492,421.077484,404.75370968733597,577.2724701933784
27669.0,-39.628468,424.201233,409.6478522326117,577.3612772428323
27678.0,-35.85297,427.42395,414.50756996662096,577.4471707205122
27687.0,-32.194889,430.545288,419.35008971072153,577.5307529098025
27697.0,-28.128008,434.010681,424.7441153660775,577.6212331641982
27706.0,-24.584476,437.027283,429.5522526268187,577.6992112408531
27715.0,-20.921846,440.14328,434.3948913120082,577.7755919915464
27725.0,-16.72237,443.718811,439.7545519273327,577.8592194769128
27734.0,-13.062641,446.838196,444.6144348515262,577.9351938599942
27743.0,-9.521342,449.857422,449.4398331987988,578.0117294472724
27752.0,-5.862083,452.977386,454.28245037784995,578.0894617541262
27762.0,-1.66505,456.555786,459.69377579971507,578.1761786895589
27771.0,1.995167,459.674622,464.5191752064806,578.2526474489828
27780.0,5.773971,462.893463,469.3790649907147,578.3281817382112
27790.0,9.838875,466.361176,474.7559700997192,578.4113793084074
27799.0,13.377897,469.383057,479.6158485641785,578.4876384353153
27808.0,17.152916,472.606323,484.4757132208979,578.5647724883645
27817.0,20.809877,475.728973,489.2838793016932,578.6409527880222
27827.0,24.874456,479.197052,494.64353160616895,578.7251112271578
27836.0,28.41469,482.217499,499.4344917697958,578.7992525968733
27845.0,31.951153,485.242371,504.22545074814394,578.8734705188851
27855.0,36.005554,488.722351,509.5333059656572,578.9627372323633
27864.0,39.780304,491.945923,514.37579884129,579.0478618693113
27873.0,43.691116,495.248932,519.2357214642853,579.1212528922646
27883.0,47.805767,498.657471,524.6475321053131,579.1688788714481
27892.0,51.661163,501.784149,529.5769516464774,579.1677393861521
27901.0,55.553711,504.864471,534.506087305619,579.1148246904838
27910.0,59.487167,507.892365,539.4686856484225,579.0015421722305
27919.0,63.46344,510.8638,544.4293279878485,578.8219793107783
27928.0,67.482628,513.776917,549.38689944752,578.5715787053717
27937.0,71.42054,516.536804,554.357185367309,578.2431235443304
27946.0,75.544121,519.300171,559.3208632315271,577.826557850188
27955.0,79.597939,521.886841,564.2406758626677,577.311928488362
27964.0,83.712891,524.375122,569.1475934236192,576.68618113071
27973.0,88.152664,526.923218,574.0384620842777,575.9453684352264
27983.0,93.01844,529.520203,579.4677233377342,574.9742139379001
27992.0,97.603027,531.797424,584.3433516967098,573.9544722929624
28001.0,101.971573,533.807434,589.1033988000171,572.8132144256048
28010.0,106.54599,535.734863,593.8595386281185,571.5177175144597
28019.0,111.038979,537.44873,598.5047514095975,570.08725173069
28028.0,115.733452,539.061829,603.0488472616202,568.5138930982741
28038.0,121.178497,540.70575,607.965464482747,566.6051322207
28047.0,125.686119,541.862366,612.3773597619694,564.692164750056
28057.0,130.915634,542.95813,617.1541832612094,562.3762949753651
28066.0,135.505478,543.726074,621.3094765141295,560.1321019001844
28076.0,140.9832,544.369995,625.8632992069357,557.4037334429005
28085.0,145.933746,544.733765,629.7985662279387,554.7928833802118
28095.0,150.930588,544.856934,633.9687162148325,551.7357288618283
28104.0,155.428223,544.7677,637.615941316352,548.790187714027
28114.0,160.242783,544.435547,641.4543483607151,545.3773179962196
28124.0,165.547684,543.797974,645.090803885064,541.7990055701107
28134.0,169.460403,543.161072,648.3422911545389,538.2561119737675
28144.0,174.524185,542.114868,651.5527246594477,534.4250879011252
28154.0,179.358887,540.846313,654.6082745664685,530.425958801192
28164.0,184.115845,539.311707,657.3684919282589,526.3834697089146
28175.0,189.405594,537.221375,660.1639336658789,521.7090952090414
28185.0,193.933731,535.104858,662.423100855841,517.3278463095793
28195.0,198.481293,532.643982,664.3983855209924,512.849144663217
28205.0,202.731674,530.013794,666.102606065684,508.26044656020764
28215.0,206.676514,527.233765,667.540192766061,503.54530893865956
28225.0,210.578918,524.110474,668.6794729344986,498.78478810126
28236.0,214.628403,520.391357,669.5868721284648,493.48434877138226
28246.0,217.9785,516.917603,670.0902500669463,488.6673378615523
28256.0,221.103729,513.240173,670.2932098908875,483.7765991386827
28266.0,223.983459,509.367523,670.1813230670045,478.848449419987
28277.0,226.942581,504.733551,669.6952767811936,473.54483300658893
28287.0,229.421951,500.196045,668.9134671346137,468.7301832113641
28297.0,231.435104,495.809967,667.8108221489063,463.9964311921677
28308.0,233.335648,490.650696,666.2180329814254,458.87823051852024
28318.0,234.697418,486.020813,664.4597603608566,454.40243540588096
28328.0,235.829559,481.152344,662.4556182594582,450.14523192796304
28339.0,236.637466,475.905579,659.8841509474305,445.5207154057518
28350.0,237.07373,470.614929,657.0493612010438,441.1963296972097
28360.0,237.152206,465.789551,654.1703675472119,437.4093734440283
28371.0,236.872406,460.488312,650.721988321142,433.4644085906209
28381.0,236.326752,455.693268,647.3719139215629,430.1113565784752
28391.0,235.561234,451.277832,643.7584002498136,426.9124746097144
28402.0,234.368835,446.299622,639.5726736631899,423.64735769017705
28412.0,233.041397,441.839325,635.553603157681,420.8834562364541
28422.0,231.487747,437.452698,631.4194128001322,418.36047119053706
28432.0,229.736694,433.141052,627.0866931133934,416.0095738241289
28442.0,227.674103,428.588104,622.5892274400712,413.82864942106556
28452.0,225.454697,424.109497,617.9606977246278,411.8087688043457
28462.0,223.02092,419.547363,613.2002644627911,409.92659809920735
28472.0,220.458633,415.056152,608.3512862802658,408.18137317943064
28481.0,218.06601,411.064697,603.8836202706028,406.70477999202956
28491.0,215.221313,406.54184,598.8717973629326,405.1764808971002
28500.0,212.596375,402.512695,594.3109269261927,403.88635798118924
28510.0,209.704422,398.226318,589.1784308308745,402.5303419828463
28519.0,206.963547,394.275116,584.5439757042468,401.3832814848669
28529.0,203.860657,389.925354,579.3565959769819,400.176765999025
28538.0,201.022278,386.04361,574.6757371296209,399.15287309289295
28547.0,198.050232,382.06778,569.9999161331808,398.18818655520244
28557.0,194.79483,377.830933,564.7534873012885,397.17652495097155
28566.0,191.831299,374.043884,559.9871403594686,396.3169202251967
28575.0,188.935898,370.400665,555.2472215995436,395.5060967870318
28585.0,185.578751,366.243988,549.9223581835392,394.64034333022585
28594.0,182.431107,362.405701,545.1359649589805,393.90046269507684
28603.0,179.356247,358.708466,540.344211684486,393.196130379517
28613.0,175.907745,354.627258,535.0009196047614,392.4525382884981
28622.0,172.67775,350.858002,530.2161457969462,391.82304125591844
28631.0,169.526855,347.225342,525.4271768808777,391.2262970670963
28640.0,166.354202,343.611694,520.6002612424243,390.65610450048104
28650.0,162.689667,339.489655,515.2559635136403,390.05901809715255
28659.0,159.577179,336.03006,510.45656622251647,389.5529424625711
28668.0,156.34259,332.471741,505.6371904654292,389.07273337647416
28678.0,152.842072,328.666138,500.28309652832496,388.5710277859247
28687.0,149.67189,325.259308,495.4068105445686,388.1439997421947
28696.0,146.386505,321.747833,490.6143014908114,387.74887764939047
28705.0,142.990387,318.127533,485.73471482709107,387.3613832149104
28715.0,139.337128,314.228546,480.37356488029275,386.9417385618169
28724.0,135.950073,310.599762,475.51084476813236,386.5595971155767
28733.0,132.571442,306.963135,470.6830667822329,386.17288899148934
28742.0,129.20462,303.315582,465.8390845624771,385.7728010031144
28752.0,125.716957,299.498169,460.4985630895553,385.31259902025164
28761.0,122.496735,295.926819,455.67526999265255,384.8734781305862
28770.0,119.200325,292.215485,450.8204831062025,384.40111888035506
28780.0,115.68895,288.188232,445.4381382451754,383.83514498942964
28789.0,112.663902,284.651917,440.62600634796263,383.28708472066586
28798.0,109.575096,280.966339,435.7677983369854,382.6884756098207
28807.0,106.429367,277.126465,430.8989097656703,382.0377259359794
28816.0,103.332153,273.247345,426.03767581701,381.3320662770345
28825.0,100.195213,269.202118,421.1516436388921,380.55999810648257
28835.0,96.793175,264.643921,415.7004826785583,379.6138029952071
28844.0,93.804375,260.488037,410.8079852030429,378.67833874183214
28852.0,91.365524,256.977631,406.43784373795444,377.7674877474142
28861.0,88.609932,252.848831,401.56297722126334,376.66326622115685
28870.0,85.9328,248.668732,396.6927353823807,375.46452891728285
28879.0,83.259964,244.302933,391.8462023249171,374.1732721589916
28888.0,80.685829,239.87822,386.99394639408234,372.7736945747818
28897.0,78.222946,235.390625,382.17469818365475,371.26437296597345
28906.0,75.882286,230.838089,377.34576157931616,369.6183171131263
28915.0,73.670876,226.22139,372.546616961655,367.8371651425027
28924.0,71.588074,221.545258,367.84694751925474,365.94225286326537
28933.0,69.69072,216.958298,363.17012073285184,363.90376817865325
28941.0,68.071327,212.705978,359.09582176187837,361.99672146445204
28950.0,66.400124,207.867447,354.600996551888,359.73266202975043
28959.0,64.973663,203.275116,350.1948738500929,357.3363503994222
28968.0,63.596851,198.344727,345.9247987331931,354.8391803608353
28977.0,62.381218,193.372147,341.7043554880979,352.19352661701373
28987.0,61.264137,187.971024,337.1457588616548,349.11954100119715
28996.0,60.40873,183.08139,333.1394183778009,346.21805248096894
29005.0,59.686138,178.013641,329.19767616026354,343.17268005583765
29014.0,59.143299,173.079529,325.3799075811325,340.0272003178961
29023.0,58.758564,168.286179,321.6242295142417,336.7289415359835
29032.0,58.528118,163.327637,317.9865844809181,333.32612453696595
29041.0,58.460285,158.364212,314.48587694005363,329.8312073106332
29050.0,58.556656,153.40126,311.0787997615413,326.19755212378254
29059.0,58.821274,148.444427,307.79373675999483,322.45322494882345
29068.0,59.255222,143.343842,304.67964484617494,318.6542800150071
29077.0,59.870159,138.261902,301.66205822072095,314.71291144574076
29086.0,60.619873,133.511932,298.7921297236366,310.68390286704255
29095.0,61.567856,128.639404,296.0683899974745,306.55466061092466
29105.0,62.805428,123.441628,293.25196078938325,301.9130502754723
29114.0,64.084518,118.806091,290.8661766899407,297.61914933475015
29123.0,65.555298,114.065102,288.6574399114754,293.28951701927497
29132.0,67.187119,109.377098,286.58799431298166,288.8725640096745
29141.0,68.920059,104.891434,284.6535131248103,284.3573305062463
29151.0,70.961243,100.140656,282.70545475576546,279.3265484559217
29160.0,73.011383,95.79081,281.10643132337594,274.7183814627656
29169.0,75.283463,91.377434,279.6666427370724,270.0580072502271
29178.0,77.767616,86.901581,278.40570091293307,265.4175018666828
29188.0,80.457115,82.485367,277.18618222669824,260.19775765439863
29197.0,83.168198,78.327217,276.2582678452352,255.4617992712775
29206.0,85.936951,74.395515,275.49907929695837,250.7307920867207
29216.0,89.28598,70.013275,274.8378147463954,245.35932191158213
29225.0,92.244728,66.421303,274.43161320671544,240.60233521663594
29234.0,95.536629,62.705982,274.1934204244443,235.7649549697622
29244.0,99.223984,58.839214,274.130786370048,230.4567186777865
29253.0,102.764481,55.359978,274.24861579067226,225.73559796294865
29263.0,106.725525,51.774086,274.5712862473216,220.50587992486902
29272.0,110.523323,48.577686,275.0414328600884,215.7721071921728
29282.0,114.334641,45.617245,275.7500186397646,210.63276966447913
29291.0,118.112206,42.899441,276.5809850368508,205.93134254565157
29301.0,122.710403,39.853691,277.69909021655224,200.75945333491276
29310.0,126.945602,37.264622,278.89536661422096,196.0840656839942
29320.0,131.611984,34.662067,280.39428210713066,191.02741211350565
29329.0,135.75531,32.543282,281.93544993712914,186.47229782093711
29338.0,140.245819,30.427742,283.63116663566757,181.99085373331948
29348.0,145.169815,28.353424,285.67358602983455,177.1469394140971
29357.0,149.511505,26.678278,287.6845907100423,172.83584879819958
29367.0,154.244278,25.070627,290.0897991379603,168.14208001340515
29376.0,158.700348,23.729015,292.41486842405294,163.99193604756698
29386.0,164.040421,22.349289,295.1906390340322,159.44664336467062
29395.0,168.583984,21.343109,297.81089152702697,155.49693031790065
29405.0,174.011414,20.361795,300.89684861211623,151.19862064198864
29414.0,178.924377,19.652622,303.8124728504319,147.43979404007638
29424.0,184.237,19.08289,307.2066478978177,143.3804624511624
29433.0,189.032074,18.720203,310.3411506752505,139.8942960849668
29443.0,194.199371,18.532137,313.9931731805159,136.11306420439493
29452.0,198.853012,18.523523,317.3937611523414,132.83604329779217
29462.0,204.020157,18.715879,321.28370600220177,129.3514953708383
29471.0,208.66127,19.057203,324.92904500809414,126.32206311198358
29481.0,213.798981,19.640478,329.09647449656387,123.11776687532412
29490.0,218.709671,20.365253,332.9876443270613,120.35141197094899
29500.0,223.965607,21.326332,337.40565329834794,117.43940339770224
29509.0,228.667557,22.334232,341.47647269835113,114.94493922291613
29518.0,233.340652,23.468437,345.6499401424818,112.55612487446504
29528.0,238.489319,24.896599,350.3971218419632,110.02980417054914
29537.0,243.240494,26.334169,354.7071652411995,107.89724927201388
29546.0,247.951675,27.897831,359.1346224740708,105.85037325592947
29555.0,252.476959,29.524488,363.5972383802934,103.92442065596792
29565.0,257.459045,31.455128,368.5876959255386,101.92108247282688
29574.0,261.907684,33.281044,373.1392204748828,100.21583808551202
29583.0,266.042664,35.052666,377.6738530910665,98.61540953827553
29593.0,270.921539,37.230988,382.80734754103463,96.90158417366541
29602.0,275.433136,39.301182,387.43887140180146,95.4273993579453
29611.0,279.647278,41.275375,392.0688309281435,94.00597111888254
29620.0,283.990448,43.339653,396.6929383530963,92.62468279689467
29630.0,288.807404,45.651642,401.8869823392652,91.10419941389549
29639.0,293.277557,47.809853,406.55669264932914,89.75585236515309
29648.0,297.744873,49.973927,411.21272405794764,88.42230259993585
29657.0,302.209747,52.143051,415.903832449751,87.08604625084108
29667.0,307.015564,54.478123,421.11010568082423,85.60797937426052
29676.0,311.48056,56.646999,425.8026008444291,84.27660109830397
29685.0,315.94696,58.812981,430.46158691277304,82.9534109119183
29694.0,320.276123,60.906456,435.13617569684476,81.62207555086795
29704.0,325.249176,63.291546,440.3054878392195,80.14010309443613
29713.0,329.452881,65.287895,444.9406923588082,78.79652355918394
29722.0,333.948029,67.393539,449.620022861892,77.41959036652236
29732.0,338.801514,69.627846,454.7703512505055,75.87293336629023
29741.0,343.183655,71.60804,459.4162005251485,74.44453613125692
29750.0,347.580841,73.554558,464.0025364514385,72.99892647793124
29759.0,352.134766,75.529907,468.6597503574517,71.49198368566994
29769.0,357.055939,77.610878,473.8110531835043,69.77707867818715
29778.0,361.35907,79.382751,478.3921515182433,68.2052894105617
29787.0,365.823456,81.169807,483.00690864480464,66.57294918611043
29796.0,370.448151,82.973221,487.65415648845834,64.87810784095767
29805.0,375.090973,84.729454,492.28438026434264,63.1372955332063
29814.0,379.752838,86.434502,496.9121023192506,61.341633030547136
29824.0,385.117584,88.324028,501.9986389595692,59.300040057048506
29833.0,389.815887,89.925941,506.5839293301855,57.39863861125373
29842.0,394.53241,91.473434,511.1323891243721,55.45418156460767
29851.0,399.26651,92.966255,515.6585349640958,53.45833499156285
29860.0,403.869385,94.358337,520.1769122973886,51.40298063892126
29869.0,408.637573,95.738358,524.7018934122116,49.279734387285856
29878.0,413.421021,97.064621,529.1392753671195,47.13291821036333
29887.0,418.219177,98.336586,533.5815801973205,44.91793671235697
29896.0,423.033417,99.546219,537.9655621995973,42.66407777379152
29905.0,427.7117,100.658806,542.3204860573321,40.35457208976447
29914.0,432.555756,101.742989,546.7057437591161,37.95600092685307
29923.0,437.564728,102.798607,551.0442773661616,35.508808442024076
29932.0,442.435608,103.754982,555.3497742762753,33.00394891018033
29941.0,447.471802,104.671989,559.6502547436994,30.42284557202741
29950.0,452.366852,105.49585,563.8856068296024,27.801125215905557
29959.0,457.273224,106.249382,568.0987094908725,25.11162810674428
29968.0,462.18985,106.932762,572.3011291938174,22.34231638132825
29977.0,467.115356,107.548759,576.418513420911,19.538966234852374
29986.0,471.896149,108.066704,580.520374560131,16.652625664601395
29995.0,476.839142,108.521561,584.5893583731986,13.690736145861683
30004.0,481.788788,108.897491,588.5821829564769,10.683913806285517
30013.0,486.898102,109.212471,592.4998528802098,7.6356228737139
30022.0,491.856934,109.436508,596.4096670909025,4.494034178358374
30031.0,496.663666,109.576759,600.2422550361878,1.3123845183674216
30040.0,501.472015,109.640625,604.0494443210359,-1.9528163088800579
30049.0,506.591003,109.62912,607.81742484896,-5.289242770442231
30058.0,511.554199,109.5457,611.4827465314199,-8.63672424238892
30067.0,516.515503,109.38456,615.0801201318468,-12.032059702182938
30076.0,521.473755,109.148102,618.6457034489923,-15.51031221253352
30085.0,526.583008,108.83223,622.1467305449908,-19.02926440232269
30094.0,531.532654,108.456146,625.6080989140394,-22.61124066285487
30103.0,536.476685,108.012566,629.0174863056104,-26.24272831001307
30113.0,541.789246,107.442566,632.7172918861329,-30.30986851354681
30122.0,546.716003,106.836349,635.9972993146652,-34.035692786065965
30131.0,551.631897,106.147858,639.2396726694369,-37.83972272323426
30140.0,556.688049,105.347916,642.4393392876823,-41.72450744369338
30149.0,561.728943,104.457077,645.5593306947875,-45.65157763819075
30157.0,566.197632,103.59951,648.2875417756103,-49.206690835395726
30167.0,571.592834,102.454185,651.5675819737598,-53.64080349910694
30175.0,576.162842,101.408371,654.1574864469084,-57.27676015161252
30185.0,581.512634,100.06675,657.2746951466769,-61.826818254323825
30194.0,586.305115,98.773544,660.0190250718051,-66.00441110148275
30203.0,591.073425,97.393822,662.667194371756,-70.20291257221433
30212.0,595.819458,95.939285,665.2671608346631,-74.49201516887466
30221.0,600.835693,94.310242,667.7854588195296,-78.80963071382597
30230.0,605.678711,92.652122,670.206199930599,-83.12349350473173
30239.0,610.355286,90.987885,672.574277384862,-87.5057114463563
30248.0,615.152161,89.200562,674.8975467014436,-91.95078134181915
30257.0,619.773621,87.38887,677.1650768901395,-96.44385664005075
30265.0,623.858032,85.719681,679.1363728108873,-100.506626574147
30274.0,628.278137,83.825699,681.2677913793059,-105.08486421746848
30283.0,632.666321,81.858917,683.3073406553362,-109.66705424447132
30292.0,637.165405,79.761681,685.2919246868228,-114.32956554588625
30301.0,641.769653,77.52449,687.1951507805788,-119.00727176459766
30310.0,646.198547,75.282852,689.0221534711848,-123.71527199835339
30319.0,650.589111,72.966988,690.7769104516998,-128.4690508481935
30328.0,655.072144,70.495796,692.442765061848,-133.2364540669671
30337.0,659.372498,68.016426,694.0248933085538,-138.05043948705224
30346.0,663.631714,65.467049,695.5123604258091,-142.876477883879
30355.0,667.855591,62.859558,696.906732345041,-147.67641076730845
30364.0,672.177429,60.116173,698.2340853033412,-152.4953072030806
30373.0,676.334412,57.403255,699.5072715200179,-157.36443604198917
30382.0,680.583679,54.548744,700.7163118888022,-162.2498879329483
30391.0,684.541809,51.817879,701.8448223185125,-167.08379726711985
30400.0,688.596252,48.953995,702.9196886986244,-171.96522031777573
30409.0,692.746094,45.956852,703.93801757708,-176.85875023286866
30418.0,696.740295,43.00956,704.8966829871628,-181.72918921436
30427.0,700.829956,39.930748,705.8190426628902,-186.69431334786904
30436.0,704.760437,36.89896,706.6730146548837,-191.60169113586733
30444.0,708.339905,34.089653,707.394003729848,-196.02460197605657
30454.0,712.645142,30.64222,708.231434603411,-201.49352787938284
30462.0,716.175049,27.770916,708.8672069563961,-205.91207735563424
30472.0,720.421692,24.251562,709.6075808380382,-211.39498602890717
30481.0,724.220093,21.055902,710.2335515637025,-216.35399695702756
30490.0,727.996094,17.833755,710.8190202526716,-221.30059693392937
30499.0,731.748657,14.584382,711.3675658282062,-226.25142743686988
30508.0,735.710083,11.102466,711.8799389403707,-231.20613214161054
30517.0,739.288574,7.890178,712.3526102568683,-236.16478183117775
30526.0,742.933899,4.520947,712.767492167516,-241.11130467466455
30535.0,746.533447,1.102813,713.1143676404313,-246.06306119606637
30544.0,749.976257,-2.254497,713.3938205320078,-251.0190798927935
30553.0,753.49292,-5.75782,713.6100816824154,-255.99550994174152
30562.0,757.008362,-9.262391,713.781443980781,-260.9736883113847
30571.0,760.666443,-12.843285,713.9525597664485,-266.0036125831926
30580.0,764.151794,-16.156351,714.1675574959437,-271.03185231181914
30589.0,767.91449,-19.627132,714.4524259500309,-276.0738811689749
30598.0,771.713745,-23.057882,714.8068840409579,-281.0942176371849
30607.0,775.522339,-26.478249,715.2112378721451,-286.1280733176479
30615.0,778.900269,-29.526876,715.5856019340415,-290.6282909450203
30624.0,782.68103,-32.978004,715.9955260309098,-295.71357273015474
30633.0,786.430847,-36.462708,716.3749209408427,-300.7839395254127
30642.0,790.138489,-39.992222,716.7062340165572,-305.8749473082821
30651.0,793.807617,-43.561783,716.9723339237892,-310.91800152888425
30660.0,797.338257,-47.050999,717.183373158213,-315.94640895407963
30669.0,800.850769,-50.558479,717.3536476619988,-320.9763617754873
30678.0,804.34906,-54.080132,717.4960391275742,-326.0244237504492
30687.0,807.838196,-57.610893,717.616960445464,-330.98684183801856
30696.0,811.431152,-61.25713,717.7248770944205,-335.9495597665127
30705.0,814.799683,-64.688927,717.8210134497896,-340.8263247572932
30714.0,818.269653,-68.238503,717.9077193148455,-345.78945857917637
30723.0,821.730835,-71.796661,717.9815666706878,-350.7010873951484
30732.0,825.077881,-75.249428,718.0437312347796,-355.5956408489887
30741.0,828.528564,-78.817757,718.0965812344456,-360.50754047494024
30751.0,832.359497,-82.785652,718.1485446748254,-365.9882572769294
30760.0,835.699585,-86.245171,718.191550934765,-370.91748934418337
30769.0,839.040771,-89.703575,718.2326135432918,-375.76055627708354
30778.0,842.381226,-93.162712,718.2737294124279,-380.6380954578007
30788.0,846.331055,-97.255386,718.3182729117873,-386.0326960290885
30797.0,849.669495,-100.716484,718.3571909558171,-390.9102532414619
30806.0,853.006897,-104.178543,718.3945994181818,-395.77058602335353
30815.0,856.344849,-107.640099,718.4311051828547,-400.6653981009147
30824.0,859.790649,-111.21315,718.4664627328706,-405.57745478844834
30834.0,863.496094,-115.062561,718.5031677173046,-410.9721143876438
30843.0,866.935364,-118.641899,718.5328844938674,-415.8669723895391
30852.0,870.262329,-122.114014,718.5573127579298,-420.727387742538
30861.0,873.587158,-125.588196,718.5761587965482,-425.6050638081408
30870.0,877.016663,-129.176865,718.5896000479462,-430.4655219631415
30880.0,880.821655,-133.169632,718.5986622507249,-435.92924184744305
30889.0,884.135803,-136.653961,718.6004195213015,-440.82418973863946
30898.0,887.446106,-140.141983,718.595852225083,-445.70190007382047
30907.0,890.966064,-143.858734,718.5852502320843,-450.6313083455082
30916.0,894.267029,-147.35556,718.5682451391317,-455.47451949940023
30926.0,897.929565,-151.245819,718.541315868858,-460.88647270158305
30935.0,901.220276,-154.752319,718.5102775375998,-465.7296142518955
30944.0,904.614624,-158.374298,718.4724922268422,-470.60718037081716
30953.0,907.898499,-161.887192,718.4284883934564,-475.50193078408034
30963.0,911.541565,-165.7957,718.3729688564288,-480.89642955858034
30972.0,914.81665,-169.316788,718.3161747669094,-485.7910482747751
30981.0,918.09021,-172.839279,718.2547534345163,-490.6511369122054
30990.0,921.361877,-176.363556,718.1892695442003,-495.5284098012526
31000.0,924.994629,-180.281647,718.1127582617453,-500.92265168225595
31009.0,928.262268,-183.809677,718.0400765182181,-505.7825849645048
31018.0,931.63269,-187.453888,717.9631422096603,-510.69416639720225
31027.0,935.000854,-191.10022,717.8836461421151,-515.5712310214826
31036.0,938.262634,-194.633652,717.8010380973385,-520.465482124198
31046.0,941.885742,-198.560699,717.7077150998115,-525.8766976499729
31055.0,945.146667,-202.094925,717.6233384855203,-530.7192036170659
31064.0,948.410645,-205.626297,717.5399046774488,-535.5444876196524
31074.0,952.039978,-209.547592,717.4507444552277,-540.9212971607928
31083.0,955.309692,-213.073685,717.3743084120456,-545.7984107031931
31092.0,958.582153,-216.597229,717.3025034379618,-550.6411193977222
31101.0,961.859253,-220.11644,717.2342280979007,-555.5355914247575
31111.0,965.503479,-224.023911,717.1645836958534,-560.9299263331903
31120.0,968.786255,-227.537827,717.1058801158243,-565.8072855432397
31129.0,972.175781,-231.164322,717.0498922889876,-570.6502029302717
31138.0,975.565369,-234.790726,716.9945866539914,-575.527601853967
31148.0,979.332214,-238.819473,716.933688302189,-580.9220425884474
31157.0,982.615601,-242.332855,716.8788369820957,-585.7822098156564
31166.0,986.004944,-245.959518,716.8229962411847,-590.6596026423432
31175.0,989.287109,-249.473999,716.7664488652567,-595.5369873276435
31184.0,992.676575,-253.10054,716.7090466456798,-600.4488358638949
31194.0,996.324341,-257.004669,716.646110808837,-605.8087793848856
31203.0,999.606689,-260.518982,716.5885450667669,-610.6861521571336
31212.0,1002.886169,-264.036011,716.5294173120993,-615.5462692393015
31221.0,1006.270508,-267.667328,716.4671391381294,-620.4235841156626
31231.0,1009.909546,-271.579559,716.3942449292382,-625.8523506813474
31240.0,1013.181702,-275.103363,716.3253166157215,-630.7123386475205
31249.0,1016.555359,-278.744598,716.2510558985575,-635.623961231125
31258.0,1019.820068,-282.275299,716.1726477736279,-640.466567514968
31268.0,1023.443726,-286.201813,716.0786619249052,-645.8777715684532
31277.0,1026.700684,-289.739685,715.9884975939965,-650.7374119396313
31286.0,1029.958008,-293.277252,715.8934567292945,-655.5969593854152
31295.0,1033.318726,-296.93042,715.7942971269748,-660.5081423825269
31304.0,1036.678345,-300.584564,715.6928774531974,-665.4192792272563
31314.0,1040.293091,-304.519257,715.5772183833467,-670.8645427151946
31323.0,1043.651245,-308.174744,715.4720417342083,-675.723881354992
31332.0,1046.904785,-311.715698,715.3665234647744,-680.5832125886668
31341.0,1050.265747,-315.368713,715.2612596132166,-685.4597891025422
31351.0,1053.885376,-319.29892,715.1469456313,-690.8533622929839
31360.0,1057.145874,-322.833527,715.0464142861385,-695.7300386635017
31369.0,1060.410156,-326.364594,714.9499038905225,-700.6067962664243
31378.0,1063.782593,-330.006897,714.8576350917526,-705.5008747715468
31388.0,1067.415771,-333.924652,714.761401382532,-710.8603238608637
31397.0,1070.688354,-337.44812,714.6775256252799,-715.7373151292044
31406.0,1074.067871,-341.083893,714.5963566401035,-720.6143521979554
31415.0,1077.449341,-344.717865,714.5177212654404,-725.4741927942717
31425.0,1081.210571,-348.751892,714.4331824614969,-730.8683148394002
31434.0,1084.492798,-352.266327,714.3600559243785,-735.7454791265342
31443.0,1087.986328,-356.007935,714.2886482385403,-740.674381565581
31452.0,1091.374512,-359.635681,714.2189122857686,-745.5343580100346
31461.0,1094.870361,-363.375092,714.1491092572936,-750.428808488152
31471.0,1098.635742,-367.405182,714.0727645684897,-755.823052729523
31480.0,1102.023682,-371.033112,714.0031787517365,-760.6830313259635
31489.0,1105.303467,-374.549866,713.9321819626946,-765.4912767392645
31498.0,1108.683472,-378.18515,713.8564161684138,-770.3684007399993
31508.0,1112.308228,-382.110657,713.7622177399392,-775.7968394332536
31517.0,1115.661865,-385.770355,713.6623419109026,-780.656289912738
31526.0,1118.994385,-389.449249,713.5413155206738,-785.5152596344609
31535.0,1122.19751,-393.035919,713.3915600853798,-790.4079165052309
31544.0,1125.373535,-396.646576,713.207222007355,-795.2993925011363
31554.0,1128.739258,-400.571899,712.9565586928193,-800.7056047195902
31563.0,1131.931152,-404.373505,712.6753646363121,-805.5924695476893
31572.0,1134.989014,-408.084778,712.3377663894765,-810.4930387474441
31581.0,1138.10437,-411.94931,711.9430939837516,-815.475795256322
31590.0,1141.172363,-415.851562,711.4974412207888,-820.4023349466571
31599.0,1144.189209,-419.793488,710.9899075492533,-825.3402114956621
31608.0,1147.14978,-423.777863,710.4178823807591,-830.2710331764298
31617.0,1150.049438,-427.806824,709.776140892099,-835.1932667245918
31626.0,1152.799927,-431.751312,709.0525903539097,-840.1564009471981
31635.0,1155.569458,-435.870758,708.2467589323034,-845.124303372989
31644.0,1158.264893,-440.039062,707.3614878569568,-850.0436451844269
31653.0,1160.880371,-444.257996,706.3758618161241,-854.9965984791953
31662.0,1163.580933,-448.7883,705.2942843379022,-859.9471313366215
31671.0,1166.11853,-453.234039,704.1400971991529,-864.7926939423459
31680.0,1168.569702,-457.728027,702.8752127940563,-869.6817912490382
31689.0,1170.859985,-462.131958,701.5044329794222,-874.578067654215
31698.0,1173.198242,-466.859406,700.0202772955117,-879.4952142103856
31707.0,1175.377197,-471.491486,698.4694266669733,-884.283144986851
31715.0,1177.245361,-475.640533,696.9927731733362,-888.5688845513611
31724.0,1179.245361,-480.352661,695.2521829629455,-893.3278688057316
31733.0,1181.136475,-485.109558,693.4038708012541,-898.0645661877736
31742.0,1182.914917,-489.909698,691.428071789707,-902.8055857632355
31751.0,1184.52832,-494.604065,689.3406609432067,-907.4985341229443
31759.0,1185.957153,-499.069153,687.4036940613174,-911.5968543219457
31768.0,1187.394287,-503.9823,685.108730355229,-916.1725983042309
31777.0,1188.711304,-508.928986,682.7012971770583,-920.6901813855172
31786.0,1189.918457,-513.903625,680.1774132762888,-925.163553536861
31795.0,1191.038818,-519.057373,677.5745811295118,-929.5313704688997
31803.0,1191.90979,-523.523499,675.1565787207003,-933.3859637882539
31812.0,1192.73877,-528.417664,672.3267916437052,-937.6723787760748
31821.0,1193.472168,-533.483887,669.4024239624953,-941.8738505502007
31830.0,1194.081543,-538.566528,666.3873114910232,-945.9893365948602
31838.0,1194.508179,-542.958191,663.5928417395475,-949.6239560853608
31847.0,1194.883057,-548.218994,660.3331335044829,-953.6599424893236
31856.0,1195.116577,-553.177368,657.0271812001704,-957.5456609506926
31865.0,1195.219116,-558.295349,653.5872560852216,-961.383018718577
31873.0,1195.205444,-562.845581,650.4548060926015,-964.7071024483997
31882.0,1195.056274,-567.962402,646.8648790188097,-968.3320924075954
31891.0,1194.774658,-573.073669,643.1817120838824,-971.8623062720619
31900.0,1194.358154,-578.17572,639.3564446805642,-975.3413397521526
31908.0,1193.870728,-582.83844,635.8636468663382,-978.3641124448238
31917.0,1193.208984,-587.91449,631.8860478720771,-981.6408647510032
31926.0,1192.379639,-593.122986,627.8233642965187,-984.8115116250846
31935.0,1191.449951,-597.999023,623.7002096676523,-987.8453025391292
31943.0,1190.495117,-602.447937,619.9205011276892,-990.4705000479015
31952.0,1189.291382,-607.423401,615.656940876539,-993.2723177764886
31961.0,1187.998901,-612.216064,611.3215616397647,-995.9616700168543
31970.0,1186.538086,-617.122192,606.8880267511737,-998.554895178808
31979.0,1185.00354,-621.842957,602.4197001207147,-1001.0170458084293
31988.0,1183.316162,-626.675903,597.9383049359643,-1003.3452000624729
31996.0,1181.782471,-630.81311,593.9172549377794,-1005.3233614458233
32005.0,1179.885498,-635.567688,589.2917237577051,-1007.4757066554898
32014.0,1177.94104,-640.134888,584.6802678799337,-1009.4916167426697
32023.0,1175.909546,-644.664062,580.024854243852,-1011.403825588275
32032.0,1173.782593,-649.14917,575.3139697408,-1013.2233783441648
32041.0,1171.497803,-653.72998,570.5661955191416,-1014.9443794983428
32050.0,1169.200317,-658.130188,565.8016937805891,-1016.5657807366413
32059.0,1166.825928,-662.48938,560.958727645279,-1018.114405593854
32068.0,1164.387207,-666.812927,556.1228866689083,-1019.5696880694509
32077.0,1161.812378,-671.237244,551.3144171928757,-1020.9343308918292
32086.0,1159.249023,-675.488098,546.4856592950761,-1022.2253482809481
32095.0,1156.625244,-679.701904,541.6381008692423,-1023.4438744574146
32104.0,1153.946655,-683.881042,536.7569513158202,-1024.5973933042685
32113.0,1151.220093,-688.029053,531.8613019741167,-1025.6877346343108
32122.0,1148.44751,-692.146484,526.9699658806289,-1026.716549464662
32131.0,1145.634644,-696.23645,522.1352093343407,-1027.677958560397
32140.0,1142.873047,-700.173218,517.2403342515229,-1028.600901050944
32149.0,1139.896729,-704.338013,512.3881133385757,-1029.4698835152078
32158.0,1136.981689,-708.355835,507.5117233852018,-1030.3006787536488
32167.0,1134.041626,-712.355408,502.6632290937846,-1031.0891292365468
32176.0,1131.073975,-716.334473,497.79235097961754,-1031.8465754116428
32185.0,1128.079712,-720.293579,492.9164567929229,-1032.5710298211097
32195.0,1124.722778,-724.6698,487.5408192157292,-1033.332174110329
32204.0,1121.774536,-728.46875,482.7070158649222,-1033.9851857027904
32213.0,1118.711426,-732.374817,477.83546441341775,-1034.6156914626345
32222.0,1115.724243,-736.14325,473.01196978313754,-1035.214134187889
32231.0,1112.523804,-740.138428,468.13407514489035,-1035.7935260725808
32241.0,1109.052979,-744.424866,462.7393900471254,-1036.4052389842807
32250.0,1106.009766,-748.148193,457.89002606820503,-1036.930356089387
32259.0,1102.851807,-751.977966,453.00403872454643,-1037.4369908054255
32268.0,1099.779175,-755.677063,448.1674131840369,-1037.9179144216505
32277.0,1096.595459,-759.485535,443.2775569926808,-1038.3857364879786
32287.0,1093.149292,-763.568726,437.9053567325533,-1038.8788529165834
32296.0,1090.034546,-767.232483,433.04626525293196,-1039.3046568230914
32305.0,1086.803589,-771.000916,428.15112683788817,-1039.7135222721695
32314.0,1083.759644,-774.520996,423.37461629622794,-1040.0926571789694
32324.0,1080.126587,-778.670837,417.94315699133176,-1040.4970348400361
32333.0,1076.830078,-782.382019,413.09399302289995,-1040.8284604742507
32342.0,1073.614624,-785.957642,408.2770896162057,-1041.124717924045
32351.0,1070.269531,-789.625122,403.3549577870636,-1041.3926667396515
32360.0,1066.896973,-793.267334,398.4826338308433,-1041.621878955225
32370.0,1063.115845,-797.282715,393.0058008230233,-1041.8346160398985
32379.0,1059.686401,-800.871399,388.09593023736477,-1041.9853538585512
32388.0,1056.335083,-804.320068,383.2022567516404,-1042.0970577557366
32397.0,1052.843872,-807.848816,378.25612344595163,-1042.1689258845524
32406.0,1049.436157,-811.241638,373.3612608506947,-1042.197876170336
32415.0,1045.890503,-814.715698,368.41462116973486,-1042.185403304877
32424.0,1042.317627,-818.161682,363.4682510532604,-1042.1322772620038
32434.0,1038.309692,-821.950684,358.00558141518076,-1042.024771342007
32443.0,1034.673828,-825.330139,353.09545376690636,-1041.8826533083059
32452.0,1031.121582,-828.57135,348.1695612772694,-1041.6962089686835
32461.0,1027.539917,-831.78009,343.26279975512887,-1041.4654657721887
32470.0,1023.809509,-835.054932,338.3412416674264,-1041.1871776110868
32479.0,1020.045654,-838.29126,333.4399319408541,-1040.8605064888632
32488.0,1016.247437,-841.487183,328.50796223528886,-1040.4796199848104
32497.0,1012.175842,-844.8396,323.5461007052181,-1040.0419499336845
32507.0,1007.731506,-848.389099,318.0756910569853,-1039.489854788436
32516.0,1003.808594,-851.430664,313.1271931391868,-1038.9206507171293
32525.0,999.841614,-854.41449,308.18732626692423,-1038.2808537168178
32534.0,995.825684,-857.332153,303.24073334192707,-1037.5633252024452
32543.0,991.765137,-860.187317,298.306385345683,-1036.765930327513
32551.0,988.002258,-862.745728,293.8943042717798,-1035.9813883313227
32560.0,983.718811,-865.548645,288.98822934229383,-1035.025324776492
32569.0,979.518311,-868.193604,284.06620675116375,-1033.9750331957243
32578.0,975.142761,-870.850464,279.2306376783294,-1032.8536559252361
32588.0,970.084351,-873.809204,273.8810323748577,-1031.5113661230516
32597.0,965.891541,-876.163879,269.1051274933387,-1030.2229049213595
32606.0,961.526428,-878.527344,264.3350785709223,-1028.8492788737492
32615.0,957.124573,-880.821716,259.5882250259404,-1027.3975224673875
32624.0,952.829041,-882.983398,254.86456263332963,-1025.8719967083161
32633.0,948.226929,-885.224976,250.19613256581334,-1024.2892967948933
32642.0,943.596375,-887.407166,245.53349495881326,-1022.6372646368009
32651.0,939.078064,-889.462646,240.87728157974243,-1020.9168309096607
32660.0,934.389038,-891.516235,236.2448944962521,-1019.1332375844794
32669.0,929.81665,-893.448486,231.65360110883546,-1017.2921985473465
32678.0,925.220825,-895.324219,227.0874700945961,-1015.3896089262195
32687.0,920.59967,-897.13678,222.51503934791253,-1013.4136276550453
32696.0,915.810669,-898.945007,217.98516002888778,-1011.3837486941239
32706.0,910.78186,-900.750427,213.00102335745262,-1009.0624188146495
32715.0,906.08606,-902.35968,208.5026543283779,-1006.8833582801835
32724.0,901.366577,-903.898132,204.05283502694715,-1004.6448915947351
32733.0,896.625122,-905.367371,199.6682825171927,-1002.3546734839891
32742.0,891.7146,-906.813416,195.30334893199614,-999.9908693386034
32751.0,887.08252,-908.104919,191.03375480715255,-997.5969010943217
32760.0,882.282043,-909.368042,186.7254348776686,-995.0969002338226
32769.0,877.162598,-910.635925,182.4843062156489,-992.5508783608258
32778.0,872.479553,-911.728271,178.35471034266845,-989.9875461409184
32787.0,867.780823,-912.750977,174.18990760994572,-987.3184980141347
32797.0,862.373657,-913.838379,169.64902664570275,-984.3110619729047
32806.0,857.49469,-914.752808,165.62314058878957,-981.55709747951
32815.0,852.756226,-915.571899,161.59363561989383,-978.7176841568528
32824.0,847.700562,-916.374695,157.6316246132631,-975.8431430232404
32833.0,842.788086,-917.087219,153.68227281638937,-972.893261890759
32842.0,837.866272,-917.731934,149.7470747162222,-969.867632839901
32851.0,832.936218,-918.310547,145.8813629486849,-966.8089646915785
32861.0,827.448914,-918.866882,141.63359309945702,-963.3452371949742
32870.0,822.503723,-919.296997,137.86026185935654,-960.1733056598176
32879.0,817.397583,-919.660156,134.1082369804067,-956.9233018831028
32888.0,812.596375,-919.930237,130.44561312885833,-953.6499645066693
32897.0,807.63678,-920.136047,126.79715828799367,-950.284107629871
32906.0,802.519104,-920.253845,123.21717838135942,-946.8704375266421
32915.0,797.710388,-920.27887,119.7348718877194,-943.4303707496913
32924.0,792.746948,-920.21051,116.26865482217603,-939.8771251213319
32933.0,787.630554,-920.046509,112.89418815903828,-936.283776675855
32943.0,782.123169,-919.748291,109.2244869618187,-932.2126281909841
32952.0,777.172546,-919.385498,105.97759389780165,-928.4579110682494
32961.0,772.384338,-918.941467,102.81580210287146,-924.6536407898476
32970.0,767.451111,-918.390564,99.7504318208234,-920.8152744587389
32979.0,762.682495,-917.770203,96.73796182209632,-916.891701570114
32988.0,757.770752,-917.052429,93.83829174872467,-912.9694582783543
32997.0,752.869995,-916.263245,90.98541417707823,-908.9706283721088
33006.0,747.983887,-915.388,88.16941366914756,-904.8827980942898
33015.0,743.113647,-914.428223,85.41385222188703,-900.7332793236828
33025.0,737.556213,-913.217346,82.45730638515532,-896.0976534237434
33034.0,732.87616,-912.112305,79.8666251612778,-891.8634373171698
33043.0,728.21405,-910.933777,77.36681000284847,-887.6148960987131
33052.0,723.274719,-909.589417,74.90595267071465,-883.2642858052612
33061.0,718.508789,-908.201538,72.52258275213877,-878.8707477587892
33070.0,713.7677,-906.731079,70.21838911228215,-874.4351733422508
33079.0,709.053101,-905.177673,68.0009560294815,-869.9748353011842
33088.0,704.362915,-903.552185,65.86805605762302,-865.4925420320009
33097.0,699.696838,-901.858704,63.81638066842472,-860.991427969578
33106.0,695.060791,-900.084656,61.84533416093637,-856.4732254534708
33115.0,690.456238,-898.230408,59.93840481575231,-851.8902312669815
33124.0,685.74176,-896.235962,58.10640430994689,-847.2582339586907
33133.0,681.204102,-894.223511,56.381455991325105,-842.6588748342069
33142.0,676.708252,-892.119324,54.73117228240389,-837.9956180982281
33151.0,672.25061,-889.935364,53.165848203454736,-833.2849943848775
33161.0,667.339233,-887.42572,51.535948578022214,-828.0519853008268
33170.0,662.812134,-885.036194,50.14297612678086,-823.305510034309
33179.0,658.449036,-882.668945,48.80943914581328,-818.5240986985895
33188.0,654.111633,-880.254944,47.53232207303289,-813.7273094366631
33197.0,649.798401,-877.798096,46.31654233343801,-808.9501703413437
33206.0,645.511658,-875.295288,45.15359755865144,-804.1598950087521
33215.0,641.254395,-872.742676,44.044177077783644,-799.3569412813183
33224.0,637.026855,-870.141174,42.99014251033516,-794.5415296227098
33233.0,632.957458,-867.579041,41.9872857622444,-789.697597537266
33243.0,628.323975,-864.58728,40.943251051097484,-784.3521075695087
33252.0,624.309753,-861.939514,40.05397361442431,-779.5210893850561
33261.0,620.191589,-859.16803,39.21500225863579,-774.6985749983804
33270.0,616.097717,-856.36084,38.42359806907439,-769.8854929937943
33279.0,612.154724,-853.608215,37.674312820872686,-765.0656744711782
33289.0,607.52002,-850.311157,36.88524884035937,-759.6766439917534
33298.0,603.623169,-847.493591,36.22275029687956,-754.8615292658471
33307.0,599.747498,-844.646973,35.5869106053583,-749.9559092650451
33316.0,595.761292,-841.688843,34.99155169506132,-745.0973018808805
33325.0,591.914429,-838.803406,34.42315130518896,-740.2181142379752
33334.0,588.082458,-835.898193,33.88527119547487,-735.3701493080588
33344.0,583.709961,-832.536499,33.317308054715824,-729.9533523445155
33353.0,579.790527,-829.49054,32.83525178608944,-725.0648788801541
33362.0,576.008911,-826.520142,32.385235999451034,-720.22527972986
33371.0,572.240662,-823.532776,31.954463172748035,-715.3147183482038
33380.0,568.365112,-820.431091,31.551012861559133,-710.4364250204205
33390.0,564.075867,-816.963745,31.12893240992205,-705.0063127226997
33399.0,560.348999,-813.924866,30.773831584041936,-700.1415432135055
33408.0,556.513611,-810.773682,30.440262248490548,-695.2925262366192
33417.0,552.688599,-807.609924,30.124635610272623,-690.4250362469625
33426.0,548.87677,-804.430298,29.8258194421826,-685.5219494686589
33436.0,544.651489,-800.885315,29.51555974732745,-680.084301963053
33445.0,540.976257,-797.78418,29.25064145929878,-675.1447455045994
33454.0,537.189514,-794.574707,29.00240627753825,-670.2560956664473
33463.0,533.528503,-791.456787,28.766085982036103,-665.3495995871846
33472.0,529.875916,-788.329041,28.54285094089902,-660.4597443682746
33481.0,526.228516,-785.195251,28.331868113426353,-655.5693451829279
33490.0,522.585815,-782.055969,28.130102326940506,-650.6440564727462
33500.0,518.41449,-778.447632,27.917427771421295,-645.2017186472425
33509.0,514.783386,-775.294922,27.73461992704021,-640.2756898609613
33518.0,511.159058,-772.13446,27.56288386745037,-635.366508892233
33527.0,507.539795,-768.968201,27.40100471512362,-630.43974794296
33536.0,503.807526,-765.695496,27.24932602824704,-625.5471503178251
33545.0,500.195831,-762.52063,27.105131820372012,-620.654326391307
33555.0,496.187531,-758.98761,26.952112472302236,-615.1927421727173
33564.0,492.466766,-755.701843,26.821198727292177,-610.2823030223709
33573.0,488.750702,-752.410767,26.695551561137293,-605.3200023431943
33582.0,484.919403,-749.015808,26.57689917538985,-600.374770162908
33591.0,481.211823,-745.71521,26.464626403940134,-595.4293890319562
33600.0,477.508667,-742.409607,26.36080542242656,-590.5183023638465
33609.0,473.808044,-739.101196,26.263429446982173,-585.589844569501
33618.0,470.109711,-735.790222,26.1700911552074,-580.6440698406166
33628.0,466.003113,-732.108398,26.071364737565325,-575.1984730351256
33637.0,462.426331,-728.894226,25.986061106481134,-570.2525532019595
33646.0,458.734222,-725.576294,25.906128769746783,-565.3410196451738
33655.0,455.160919,-722.358276,25.82962400067512,-560.3949558843744
33664.0,451.475281,-719.033142,25.758439803138604,-555.4832877494218
33673.0,447.909637,-715.80658,25.693612798877126,-550.5715315953187
33682.0,444.114655,-712.371094,25.634496914724267,-545.642466407732
33692.0,440.028137,-708.666992,25.5740417805013,-540.1963102724142
33701.0,436.35083,-705.332703,25.522770598111222,-535.2671572440436
33710.0,432.674164,-701.997681,25.47407761116395,-530.3379780725932
33719.0,429.11322,-698.765991,25.427265916553637,-525.4260171888793
33728.0,425.553253,-695.533203,25.382344357427137,-520.5312751120158
33737.0,421.99408,-692.299561,25.338708793351827,-515.6192849862689
33746.0,418.320282,-688.961365,25.296290643883136,-510.6900478229915
33756.0,414.367737,-685.366089,25.251579493734255,-505.2265033680901
33765.0,410.692657,-682.029297,25.212951549891685,-500.31447130998606
33774.0,407.123596,-678.80658,25.172660239056775,-495.41968892914787
33783.0,403.550293,-675.588501,25.121984390113468,-490.47329310350705
33792.0,399.859497,-672.269104,25.06299676409336,-485.5614633509745
33801.0,396.168488,-668.949951,25.003014531689026,-480.63240862993166
33810.0,392.478912,-665.629211,24.94453624807609,-475.73780974587197
33820.0,388.379059,-661.93988,24.88145878897333,-470.2916833511152
33829.0,384.68808,-658.620728,24.8254513811457,-465.36258186286125
33838.0,381.113495,-655.404114,24.77038834945711,-460.4679433667035
33847.0,377.42514,-652.082031,24.716261176678742,-455.5215841040993
33856.0,373.737274,-648.759399,24.664780222327373,-450.6269066216872
33865.0,370.048523,-645.437744,24.613991260204568,-445.6632753176637
33874.0,366.358734,-642.117249,24.563637176148752,-440.75134947090356
33884.0,362.260223,-638.426392,24.508255571475065,-435.35684927858017
33893.0,358.803986,-635.310181,24.4604040983816,-430.4966080931785
33902.0,355.235321,-632.086975,24.415384674522127,-425.63633985004344
33911.0,351.669373,-628.860779,24.374751998461328,-420.758796620121
33921.0,347.580658,-625.159119,24.33485116745521,-415.3469235089017
33930.0,344.132263,-622.034241,24.302012330005617,-410.4693215791742
33939.0,340.571289,-618.802551,24.272706745234547,-405.59169714131235
33948.0,336.897125,-615.464783,24.246535720508664,-400.6968188973728
33958.0,333.072083,-611.985474,24.221450655213676,-395.3193286717727
33967.0,329.632172,-608.851196,24.20260902865025,-390.4933601783934
33976.0,326.075623,-605.614685,24.186658167388554,-385.59843796087887
33985.0,322.520416,-602.376648,24.17211407095698,-380.7379829808373
33995.0,318.570801,-598.778198,24.157310153064383,-375.34321882555776
34004.0,314.901306,-595.435303,24.14579050789331,-370.4655199549901
34013.0,311.346497,-592.196838,24.135155552823235,-365.605054849521
34022.0,307.676086,-588.854919,24.124533809028506,-360.7101181671878
34032.0,303.723297,-585.259949,24.111758056494214,-355.29811304631056
34041.0,300.164124,-582.026306,24.098534836676993,-350.38594690454124
34050.0,296.488708,-578.68988,24.0840942764141,-345.5254916157878
34059.0,292.927063,-575.458923,24.068793692933944,-340.613331505409
34068.0,289.251831,-572.122314,24.0535363729407,-335.7184070770123
34078.0,285.299103,-568.527222,24.038886966038174,-330.30640670348197
34087.0,281.742615,-565.290588,24.029211917203025,-325.4287038253239
34096.0,278.186401,-562.05365,24.022347927638673,-320.5509961813816
34105.0,274.63208,-558.814636,24.01764890256438,-315.6388144891953
34114.0,271.078308,-555.575012,24.014926163954165,-310.7611027756127
34124.0,267.256744,-552.091919,24.013261011758892,-305.31461136363185
34133.0,263.586975,-548.749329,24.01152462954044,-300.41966346498475
34142.0,259.916077,-545.407959,24.00862541939677,-295.5247161169422
34151.0,256.242523,-542.069519,24.00408367559014,-290.6297700173318
34160.0,252.680481,-538.83905,23.99651235313631,-285.7348276662342
34169.0,249.000549,-535.507629,23.98549021116211,-280.8054203160931
34179.0,245.038116,-531.923279,23.96970680183508,-275.3761873247418
34188.0,241.355087,-528.595276,23.952642769746546,-270.4640330237593
34197.0,237.670837,-525.268616,23.93333907094418,-265.56912288027956
34206.0,233.981781,-521.947327,23.91095332889539,-260.6569899488087
34215.0,230.290863,-518.628113,23.885300536047854,-255.7793449321695
34225.0,226.315964,-515.057617,23.85376279898356,-250.35018059854607
34234.0,222.622787,-511.740906,23.82453791077254,-245.43808359586012
34243.0,219.04628,-508.526428,23.796640429993523,-240.56045090112718
34252.0,215.352509,-505.210358,23.769838761241896,-235.6311040902652
34261.0,211.774475,-501.997589,23.74368195065226,-230.753461750423
34270.0,208.083557,-498.678345,23.718471340691167,-225.82410654549162
34280.0,204.1138,-495.102112,23.6950247287168,-220.39490124022504
34289.0,200.541168,-491.883331,23.67764151171549,-215.4827480584061
34298.0,196.97081,-488.662018,23.66272833931074,-210.55335094430302
34307.0,193.28743,-485.334412,23.650928136319155,-205.65841696101606
34316.0,189.716507,-482.113739,23.64126843145662,-200.7462425190857
34325.0,185.914612,-478.685913,23.63141514009345,-195.8340684616508
34335.0,181.948013,-475.106171,23.620822172873346,-190.37035133073368
34344.0,178.264496,-471.778717,23.61328694788826,-185.4581731704598
34353.0,174.582382,-468.449707,23.60843613122252,-180.54599162582716
34362.0,171.011047,-465.229492,23.604684570897117,-175.66828059503035
34371.0,167.32251,-461.907593,23.599060619138015,-170.7388641303354
34380.0,163.631424,-458.588531,23.591488785870784,-165.82668602635823
34390.0,159.656311,-455.01825,23.580808516706316,-160.36296906539823
34399.0,155.961136,-451.703766,23.568920571969894,-155.41632794415355
34408.0,152.381653,-448.492615,23.55595645172336,-150.53863269888532
34417.0,148.688248,-445.176147,23.54317520836525,-145.60922959596738
34426.0,144.996384,-441.857971,23.532353813267303,-140.69705757584273
34435.0,141.421585,-438.641602,23.524167160695562,-135.8021162151917
34445.0,137.19397,-434.836578,23.517805551321143,-130.33839251907037
34454.0,133.504929,-431.515259,23.514051157417253,-125.44344575224494
34463.0,129.818161,-428.191406,23.512948408896044,-120.51402620272911
34472.0,126.245598,-424.972534,23.514647518730328,-115.63631402516191
34481.0,122.55748,-421.650177,23.51768272669885,-110.6896595503582
34490.0,118.753922,-418.224213,23.521510792979694,-105.76024136388351
34500.0,114.783882,-414.648285,23.526809059015235,-100.34822375705778
34509.0,111.096161,-411.3255,23.532763954671044,-95.4360434267864
34518.0,107.407684,-408.00354,23.539219395627487,-90.54109947687131
34527.0,103.717255,-404.683746,23.544559820526096,-85.61168269685919
34536.0,100.02565,-401.365265,23.5481169248011,-80.75120725809843
34545.0,96.445961,-398.154327,23.549092056633434,-75.85625914860732
34555.0,92.466087,-394.589355,23.545494696683058,-70.42700440698866
34564.0,88.766106,-391.280212,23.538194538140637,-65.5320616439752
34573.0,85.179283,-388.07724,23.527197142143383,-60.67159734505958
34582.0,81.47422,-384.773804,23.512283944490562,-55.77667185614108
34591.0,77.767494,-381.472229,23.494028329561853,-50.88175769162132
34601.0,73.649376,-377.803284,23.471763089717587,-45.46978329152031
34610.0,70.058594,-374.604767,23.451280313833756,-40.592113824447104
34619.0,66.466331,-371.407898,23.430480055666315,-35.697209811620255
34628.0,62.758091,-368.108032,23.409524417562476,-30.819542353156347
34638.0,58.636986,-364.442444,23.386134983216714,-25.44204448506877
34647.0,55.044811,-361.245483,23.364906521281696,-20.581614103286118
34656.0,51.447174,-358.054688,23.343258657368843,-15.721185571382783
34665.0,47.731918,-354.762726,23.31933611040291,-10.843531761823495
34675.0,43.728977,-351.223663,23.290106498636618,-5.431590494772403
34684.0,40.005772,-347.940674,23.26109083824143,-0.5712003627764304
34693.0,36.280731,-344.65979,23.22864168444749,4.306404174963344
34702.0,32.55117,-341.384033,23.19320254545458,9.149515522206745
34712.0,28.405146,-337.746643,23.149305582726665,14.578593993458668
34721.0,24.675129,-334.471405,23.108194940227374,19.507842234956783
34730.0,20.945307,-331.195953,23.06933158064388,24.368163601186993
34739.0,17.215427,-327.920563,23.03181642869243,29.245731805480567
34749.0,13.073277,-324.278778,22.9918088769492,34.62313171461221
34758.0,9.346817,-320.999481,22.957304227908974,39.5351944673716
34767.0,5.738082,-317.821228,22.926054363443118,44.37833465740753
34776.0,2.125603,-314.647217,22.89550617239388,49.221479324087845
34786.0,-1.889561,-311.12204,22.858998654321624,54.59890413416652
34795.0,-5.388763,-308.054138,22.823842468335062,59.40754516268708
34804.0,-9.123267,-304.784027,22.786252120549644,64.30234903120378
34813.0,-12.740314,-301.615234,22.749098686686644,69.0937387935308
34823.0,-16.894035,-297.986664,22.705936220024853,74.52282315388288
34832.0,-20.516064,-294.823578,22.664992245805934,79.36589109118724
34841.0,-24.139956,-291.662628,22.621896745033833,84.24341318257491
34850.0,-27.882383,-288.401581,22.57637560024569,89.13814972000671
34860.0,-31.912357,-284.893341,22.523057006514982,94.53267069731659
34869.0,-35.657818,-281.635773,22.472874349604677,99.42736166268648
34878.0,-39.285904,-278.479614,22.422166983283557,104.30481055910015
34887.0,-42.913975,-275.323456,22.37134301525742,109.19949490743174
34896.0,-46.659138,-272.065552,22.321006365723445,114.05971098961015
34906.0,-50.691498,-268.560059,22.26422256033017,119.45419660424653
34915.0,-54.323288,-265.408173,22.211830562664044,124.2971542267073
34924.0,-58.074734,-262.157501,22.15738743195004,129.17456285421065
34934.0,-62.113262,-258.659119,22.095023767181758,134.56898684759403
34943.0,-65.864128,-255.407776,22.03794102228829,139.4291283788689
34952.0,-69.497177,-252.257339,21.982344466995357,144.3065239950934
34961.0,-73.125961,-249.10199,21.930488492694955,149.13225066202247
34971.0,-77.028122,-245.709427,21.8773339155934,154.54400982509947
34980.0,-80.771118,-242.449036,21.833904037658133,159.40429253184138
34989.0,-84.512535,-239.186829,21.79413908405687,164.28184291319334
34998.0,-88.017838,-236.1259,21.758646313559872,169.14219006200838
35008.0,-92.170006,-232.495529,21.723034743618133,174.55409309738334
35017.0,-95.790291,-229.330444,21.693469382844196,179.43171596754954
35026.0,-99.410667,-226.165451,21.66501854604871,184.24040134387332
35035.0,-103.150185,-222.901062,21.634825612531355,189.15249249170975
35045.0,-107.179512,-219.392075,21.597938339701674,194.51267857027761
35054.0,-110.809654,-216.238297,21.559448310097284,199.33853035245733
35063.0,-114.442551,-213.087692,21.51568187743107,204.19881004020408
35072.0,-118.078407,-209.940506,21.467876755713608,209.02457853613492
35082.0,-122.248871,-206.331177,21.41011938562458,214.47076394977202
35091.0,-125.884628,-203.183868,21.358090046017097,219.27925201218878
35100.0,-129.519867,-200.035965,21.30602416352481,224.13944987725893
35110.0,-133.557587,-196.536636,21.24979985385279,229.51670468003024
35119.0,-137.190445,-193.385986,21.201333915999534,234.35970318377133
35128.0,-140.938263,-190.131134,21.154933894842582,239.23719495846072
35137.0,-144.683929,-186.87381,21.111760458641463,244.11471636062112
35147.0,-148.710266,-183.361389,21.069513227465066,249.52657166353822
35156.0,-152.213409,-180.297989,21.037865938519545,254.33523706546129
35165.0,-155.948593,-177.028641,21.01116305864036,259.2301124368813
35174.0,-159.68219,-173.757492,20.988331680378522,264.1077714760406
35184.0,-163.702286,-170.237946,20.96446677647536,269.4852672550522
35193.0,-167.322113,-167.072342,20.94181572939419,274.31121937210094
35202.0,-171.063553,-163.810165,20.915284811060214,279.1888596914048
35211.0,-174.692047,-160.65448,20.88321443511223,284.0492306273251
35221.0,-178.859711,-157.041916,20.839820269039834,289.44384056627933
35230.0,-182.37999,-153.99823,20.794008724874434,294.3041014076512
35239.0,-186.135574,-150.752335,20.743811912296543,299.1643189360916
35248.0,-189.774185,-147.608322,20.69208775330682,304.02452044993123
35258.0,-193.815109,-144.112701,20.63526772602154,309.4017689909069
35267.0,-197.333313,-141.066605,20.585950524860635,314.24475890087365
35276.0,-200.964966,-137.914551,20.540096006079583,319.1222558344691
35286.0,-205.125534,-134.293823,20.495511523860472,324.4996197435672
35295.0,-208.75032,-131.133896,20.46160310758479,329.3599782039133
35304.0,-212.489029,-127.868576,20.433419885490668,334.237609255987
35313.0,-216.223038,-124.597885,20.411144000761464,339.1325067759002
35323.0,-220.367035,-120.958206,20.394605813997327,344.5100300789928
35332.0,-223.977402,-117.781799,20.386247695695307,349.35326387432303
35341.0,-227.586365,-114.603806,20.382366223760027,354.2309748034718
35350.0,-231.19606,-111.426643,20.380415978334835,359.074215418072
35359.0,-234.921036,-108.145668,20.379513891684475,363.96916354156957
35369.0,-239.058838,-104.498947,20.380243747740625,369.3639479593553
35378.0,-242.664948,-101.317711,20.382806713947925,374.22442402399713
35387.0,-246.38472,-98.030838,20.388885343181016,379.08489696333686
35397.0,-250.378189,-94.481087,20.403853937022088,384.4624248645312
35406.0,-254.076553,-91.170143,20.43070841050312,389.3745353982128
35415.0,-257.642548,-87.944023,20.476182109353783,394.2175629220953
35424.0,-261.186951,-84.694183,20.54781755093223,399.0947493382241
35433.0,-264.706726,-81.417686,20.652014529203882,403.98858841763933
35443.0,-268.702759,-77.616135,20.81540782346453,409.43262865489913
35452.0,-272.26123,-74.155273,21.01497271757354,414.37525685845867
35461.0,-275.779449,-70.653503,21.26709736414292,419.28096620782696
35470.0,-279.141693,-67.215553,21.583007680049786,424.2347946175746
35479.0,-282.660492,-63.497711,21.972888909735815,429.2352165317393
35488.0,-286.01416,-59.838062,22.440187856788125,434.1943753930149
35497.0,-289.309906,-56.126148,22.989079911327337,439.11048332694463
35506.0,-292.427643,-52.464993,23.633165927548873,444.06717395056415
35515.0,-295.461365,-48.733944,24.378057989392836,449.009720313605
35524.0,-298.588165,-44.680866,25.22964494263544,453.8825223172421
35533.0,-301.516144,-40.672485,26.200027369789563,458.6979048568705
35542.0,-304.403839,-36.445728,27.3182983188249,463.5341932400692
35552.0,-307.267975,-31.935171,28.706398155516084,468.76517225853524
35561.0,-309.790558,-27.660027,30.104494343086127,473.40223064771607
35570.0,-312.013855,-23.571831,31.640505716097852,477.9408940296077
35580.0,-314.443878,-18.620575,33.55485877315962,482.9661584763651
35589.0,-316.389343,-14.222907,35.43264023210862,487.3556754086893
35599.0,-318.323669,-9.242258,37.683107336113046,492.0492258083063
35608.0,-319.83313,-4.840216,39.8555205209876,496.1061309786692
35618.0,-321.308807,0.295042,42.48335083959256,500.51924282470276
35628.0,-322.597717,5.657758,45.2919099764323,504.7577042803461
35638.0,-323.526672,10.744349,48.31820385995621,508.8649751418744
35648.0,-324.226746,15.867457,51.50672527240452,512.7589127369811
35657.0,-324.615082,20.34919,54.546235552578516,516.1218647752694
35667.0,-324.791687,25.344431,58.10184628787851,519.68375347247
35677.0,-324.723419,30.169952,61.86393428432929,523.0784963671201
35687.0,-324.449036,34.815506,65.80432146558877,526.2918915805825
35697.0,-323.9487,39.788765,69.92977209141199,529.351582003295
35707.0,-323.282959,44.56863,74.18021715620063,532.2351154433985
35716.0,-322.517914,49.001629,78.11141872768317,534.69315783186
35726.0,-321.491394,53.893448,82.61963758100472,537.2950764144654
35735.0,-320.428589,58.264622,86.78878815322105,539.5134199592396
35745.0,-318.951355,63.578541,91.4470548644707,541.7971527101505
35755.0,-317.35907,68.678848,96.21022505425287,543.9386369929191
35764.0,-315.85907,73.084122,100.55740252924039,545.7393077057197
35774.0,-314.004639,78.095062,105.49921839066266,547.6306176202571
35783.0,-312.248474,82.571678,109.95002596969849,549.2095971865753
35793.0,-310.193909,87.503937,114.99069855079426,550.8748045269408
35802.0,-308.331818,91.768799,119.58575784258034,552.2924415057033
35811.0,-306.28009,96.288818,124.20386431208131,553.6330969927329
35821.0,-303.994202,101.118225,129.39155759702317,555.0493839581092
35830.0,-301.810822,105.576141,134.11608667840423,556.2621922419472
35839.0,-299.57132,110.006134,138.85688803545398,557.4097468014874
35848.0,-297.350342,114.271286,143.62900340448994,558.4994407264513
35857.0,-294.937897,118.786194,148.431083182909,559.5336461507197
35867.0,-292.275909,123.616699,153.73575159898652,560.6062391041385
35876.0,-289.83667,127.939934,158.57887628455492,561.5245645318823
35885.0,-287.353729,132.23822,163.3978058675859,562.3838872997159
35894.0,-284.830627,136.513046,168.24236194373708,563.1961849563136
35903.0,-282.351471,140.633484,173.09453036550366,563.961699596711
35912.0,-279.761993,144.868439,177.9532197447049,564.6846716392716
35922.0,-276.844513,149.549057,183.36405200363427,565.4430985397445
35931.0,-274.188507,153.742599,188.2511708482362,566.0874957076275
35940.0,-271.586548,157.786621,193.0404145012734,566.6820309360403
35949.0,-268.958618,161.813812,197.9193977758653,567.2521829018705
35958.0,-266.306671,165.825241,202.8020345310448,567.7901507213743
35968.0,-263.332153,170.263779,208.1851734821716,568.3485212803364
35977.0,-260.549591,174.374451,213.05686851562513,568.825077097127
35986.0,-257.749176,178.472977,217.91374850309882,569.275405601043
35995.0,-255.016815,182.430054,222.77274778686743,569.702260300516
36004.0,-252.265533,186.374008,227.59940421685297,570.1027239833257
36014.0,-249.090408,190.88385,232.9777785714867,570.5231865244539
36023.0,-246.2164,194.931107,237.87664003078385,570.8847213920676
36032.0,-243.422913,198.845276,242.72521505236318,571.2246543323206
36041.0,-240.709457,202.625961,247.62640544083257,571.5531110781225
36051.0,-237.487,207.102097,253.0272990915915,571.8999690049551
36060.0,-234.575806,211.122681,257.8957735400698,572.2000281968484
36069.0,-231.65596,215.136993,262.7821806552855,572.4890670348914
36078.0,-228.726456,219.144257,267.6176855708075,572.7627012183058
36087.0,-225.880112,223.020157,272.5226925098896,573.0281404494754
36097.0,-222.708405,227.320007,277.92746164074936,573.3081998901665
36106.0,-219.759048,231.312683,282.79912430432717,573.5510617159606
36115.0,-216.803009,235.300415,287.65393688033987,573.7856443145067
36124.0,-213.931656,239.157822,292.5091376506172,574.0120501980113
36134.0,-210.627884,243.57428,297.95026164672583,574.2537962061365
36143.0,-207.741211,247.420242,302.7547395271247,574.4569138945404
36152.0,-204.847412,251.260834,307.64568831106067,574.6547470020921
36161.0,-201.852402,255.219391,312.5025375736042,574.8424951969772
36171.0,-198.622971,259.476074,317.9453428825623,575.0428494887979
36180.0,-195.618134,263.427155,322.8372644660186,575.2149574980306
36189.0,-192.515198,267.498535,327.7121913457801,575.3797813164089
36198.0,-189.500305,271.441956,332.6045779415494,575.5381206452739
36207.0,-186.47934,275.380737,337.4283053960059,575.6863783638045
36217.0,-183.11554,279.751648,342.8552845680961,575.8435949534078
36226.0,-180.176559,283.5578,347.7139544879439,575.9761119474806
36235.0,-177.23381,287.361023,352.59004034346333,576.1020710827788
36244.0,-174.190521,291.282593,357.44904390867885,576.2217310049541
36254.0,-170.91124,295.500977,362.8078837304094,576.3473941769834
36263.0,-167.956345,299.294769,367.68437981428957,576.4563203814856
36272.0,-164.99765,303.085602,372.50928138127574,576.559527817629
36282.0,-161.706192,307.294495,377.9029473433535,576.6693774266306
36291.0,-158.741562,311.080688,382.74527962300004,576.7631939916031
36300.0,-155.680252,314.98819,387.63938242992344,576.8541646503735
36309.0,-152.711151,318.770874,392.5163124979944,576.9415264572852
36318.0,-149.739807,322.551788,397.376068175636,577.0252456150835
36328.0,-146.435959,326.750946,402.78734883575436,577.1147121766809
36337.0,-143.4599,330.528168,407.6472108604357,577.1920118843941
36346.0,-140.580612,334.184143,412.45541652162217,577.2656516720003
36356.0,-137.167419,338.516602,417.88405130949525,577.3477755435683
36365.0,-134.09581,342.416016,422.743978691715,577.4208507329487
36374.0,-131.022934,346.314423,427.60393054938066,577.4922796131282
36383.0,-127.948853,350.211884,432.46390543287674,577.5621242660321
36393.0,-124.536095,354.544678,437.8581509752831,577.6383769728907
36402.0,-121.467575,358.446533,442.70090552639607,577.7070196130245
36411.0,-118.399422,362.348663,447.5781166752828,577.7769508885815
36420.0,-115.330338,366.250061,452.4208660214399,577.8459597623958
36430.0,-111.930611,370.593079,457.8495821176018,577.9225204419884
36439.0,-108.868881,374.500244,462.7267674648252,577.9942286211291
36448.0,-105.898758,378.282135,467.62118207319116,578.0665030076152
36457.0,-102.924919,382.061096,472.48120301946335,578.1330653509309
36467.0,-99.518097,386.39856,477.87553010446754,578.2033131057997
36476.0,-96.547729,390.180237,482.73560247941197,578.2660080342552
36485.0,-93.578156,393.962555,487.57843988921996,578.328532241844
36494.0,-90.607712,397.744171,492.4557529722584,578.3909507021231
36504.0,-87.200882,402.081635,497.81563332861737,578.4590538095964
36513.0,-84.230934,405.863647,502.6412475796122,578.5204867533375
36522.0,-81.265808,409.649445,507.4840851890948,578.5829954931332
36532.0,-77.878273,414.001984,512.8266116690565,578.6597125089395
36541.0,-74.826164,417.916687,517.6864629424307,578.7376852249087
36550.0,-71.755386,421.816742,522.563642852768,578.809762241554
36559.0,-68.750389,425.570984,527.4411247321314,578.8571910370645
36568.0,-65.610954,429.416016,532.3360667395772,578.8649813666491
36578.0,-62.066891,433.64209,537.7650834135904,578.8140113394498
36587.0,-58.631573,437.643982,542.7450500133452,578.7065051416047
36596.0,-55.242638,441.48056,547.6371257896681,578.5388371832968
36605.0,-51.902515,445.152588,552.5263872636474,578.302955466001
36614.0,-48.608986,448.656433,557.4458941326272,577.9904967050436
36623.0,-45.037441,452.323639,562.3251850743152,577.5992961785994
36633.0,-41.090385,456.176025,567.7778247232984,577.0428092325902
36642.0,-37.461826,459.563324,572.6682663077063,576.4241336950643
36651.0,-33.873009,462.764038,577.4925156929694,575.7039275836526
36660.0,-30.087067,465.974457,582.2984513743243,574.8702242786086
36669.0,-26.45714,468.886505,587.081648649234,573.9146601502416
36678.0,-22.379599,471.981323,591.8540737547462,572.8263235489229
36688.0,-17.742441,475.274902,597.0421034896494,571.4782497610578
36697.0,-13.598983,478.008392,601.7043580964612,570.1043443330843
36707.0,-9.18183,480.69635,606.6914992211216,568.4419946958665
36716.0,-4.988103,483.049408,611.2107687201591,566.7489116792808
36725.0,-0.707774,485.240997,615.6653744695795,564.8923518167364
36735.0,4.150516,487.464844,620.4940108799518,562.64538531302
36744.0,8.602672,489.282135,624.7328784064147,560.4485866877856
36754.0,13.470667,491.025391,629.2456194393432,557.8545192426959
36763.0,17.763985,492.368591,633.1607284679156,555.3709251789397
36773.0,22.770777,493.660248,637.3986645791321,552.4084528702605
36783.0,27.838146,494.688904,641.4841599780332,549.2390567119933
36792.0,32.437634,495.39682,645.0159968751084,546.2087815909747
36802.0,37.410515,495.900879,648.742087809153,542.6736302929148
36812.0,42.403038,496.142456,652.2159063220462,539.0081439715646
36822.0,47.573696,496.117157,655.509555238053,535.1345878851985
36832.0,52.563583,495.826172,658.5567144788542,531.1290617832456
36842.0,57.529816,495.260345,661.3788395561196,526.9619250155721
36852.0,62.458015,494.425781,663.9285259807629,522.7028976175685
36862.0,67.331131,493.313873,666.2420235758626,518.2916218616543
36872.0,72.462212,491.82373,668.3122931209875,513.7232292883909
36882.0,77.171204,490.147705,670.1034118591889,509.05680427557115
36892.0,81.614204,488.26355,671.5959899333186,504.3407030893995
36902.0,85.936691,486.117279,672.8009651988473,499.5430542574145
36912.0,89.972374,483.800018,673.715309413342,494.66410048653904
36922.0,94.002373,481.144958,674.3226836794719,489.7722424742821
36932.0,97.863113,478.249268,674.6226488977627,484.8692258594109
36942.0,101.403908,475.229462,674.615343485099,479.9742831042324
36953.0,105.188232,471.506531,674.2462919607075,474.5921366532876
36963.0,108.266655,468.016571,673.5663079063381,469.70984211106236
36973.0,111.089081,464.316528,672.5580251884252,464.93747949545104
36983.0,113.831543,460.137695,671.2103234478775,460.23171516177973
36993.0,116.192101,455.928406,669.5297216157695,455.61596727657553
37004.0,118.513016,450.944061,667.2991634325393,450.6471765117377
37014.0,120.321907,446.284485,664.9878833683965,446.3518228081154
37024.0,121.800644,441.509857,662.41888165971,442.2664149794223
37035.0,122.971748,436.332031,659.2980749919863,438.0361019110633
37045.0,123.684425,431.733276,656.1795407106013,434.42104090984077
37055.0,124.12291,426.927246,652.7832583016502,430.99239792687644
37066.0,124.274811,421.620819,648.8185425371096,427.48816818163505
37076.0,124.146805,416.796509,644.9865960040245,424.4981146852358
37086.0,123.770905,411.812286,640.9133328822894,421.6610840576195
37096.0,123.197556,407.020447,636.6760025323847,419.00992200290034
37106.0,122.407173,402.084961,632.2661574127225,416.51375465386144
37116.0,121.413284,397.010651,627.7299508498787,414.17902584335104
37126.0,120.262131,391.969696,623.0670258847573,411.9845942073955
37135.0,119.068687,387.311371,618.7508739244654,410.11077477355315
37145.0,117.600937,382.173828,613.8397808205856,408.14106369675625
37154.0,116.176117,377.580994,609.3792788538335,406.4877142700121
37163.0,114.664848,373.015869,604.8824863107076,404.9357803325002
37173.0,112.819366,367.818359,599.7624670833127,403.29156821174706
37182.0,111.18396,363.461548,595.1386349191556,401.909358740036
37191.0,109.367355,358.84201,590.4579200973538,400.59972409605433
37201.0,107.332176,353.901703,585.2220820451078,399.2300662778871
37210.0,105.379929,349.33783,580.4508901211944,398.0616148740745
37219.0,103.431915,344.941284,575.7312871382408,396.97426436128427
37228.0,101.37233,340.424835,570.9478844423163,395.9352376079467
37237.0,99.203064,335.788177,566.186843797163,394.9571138330851
37247.0,96.882454,330.975342,560.9075750802654,393.9337115652981
37256.0,94.820686,326.803345,556.109213433936,393.05746703027285
37265.0,92.654655,322.51004,551.336646196135,392.2330973225334
37274.0,90.456161,318.233246,546.5061648762659,391.44128410975947
37284.0,87.975922,313.500702,541.1244152389298,390.60400141287187
37293.0,85.56916,308.982758,536.2820419569398,389.888502325942
37302.0,83.283257,304.752045,531.4348392382273,389.2064878472109
37311.0,80.818855,300.265289,526.566075532374,388.55480461553026
37320.0,78.401352,295.929871,521.6929965352655,387.936215781306
37329.0,75.880226,291.474731,516.7987650312587,387.3482733551907
37339.0,73.043976,286.544556,511.3867854983924,386.73610588680486
37348.0,70.539528,282.258759,506.5190533369231,386.2206434248444
37357.0,68.013451,277.985687,501.57939702926336,385.73073445052677
37366.0,65.552925,273.854095,496.77451438060984,385.27970270147836
37375.0,63.006126,269.593353,491.8994852426528,384.83855777110017
37385.0,60.178997,264.857605,486.5087341318777,384.35921957119166
37394.0,57.721752,260.72406,481.6331195819459,383.92459248273343
37403.0,55.195065,256.451355,476.75816994263056,383.4825699045409
37412.0,52.759937,252.304733,471.935760206129,383.0338519667837
37421.0,50.265381,248.013184,467.0461814599625,382.5631389513229
37431.0,47.612164,243.375412,461.661604134932,382.0188139757961
37440.0,45.254425,239.184311,456.79465615721017,381.49599916376644
37449.0,42.855686,234.83847,451.91449546639444,380.9360146196327
37458.0,40.49403,230.472382,447.0560970365542,380.3389529457212
37467.0,38.173809,226.084122,442.16896446065533,379.69465992478496
37477.0,35.663754,221.172943,436.74331459148505,378.9179486786229
37486.0,33.464195,216.722977,431.8560639269332,378.1536315668033
37495.0,31.397129,212.381149,426.97959611488164,377.3232934527749
37504.0,29.400599,208.006439,422.08205862660066,376.4145847710914
37513.0,27.408634,203.459763,417.21643752550546,375.43175897701775
37522.0,25.500618,198.877228,412.3850240603362,374.37023006353303
37531.0,23.623283,194.114883,407.54020260525357,373.21293581155754
37540.0,21.789925,189.169647,402.6350550304779,371.9412783563092
37549.0,20.113218,184.333023,397.8232622377165,370.588400366934
37558.0,18.580624,179.611649,392.9915831436301,369.1193591271133
37567.0,17.099489,174.711594,388.2744919664983,367.57363403267357
37576.0,15.782425,169.925613,383.60925032365446,365.9289698969125
37585.0,14.628031,165.257462,378.96901415080663,364.1658977199686
37594.0,13.606026,160.558548,374.37712221996964,362.2804949151459
37603.0,12.658837,155.527924,369.8088464830232,360.2520754501848
37612.0,11.891273,150.623734,365.3336646236423,358.10429460326696
37621.0,11.252538,145.544724,360.89478843549654,355.8064680386806
37630.0,10.783886,140.603012,356.572801299306,353.40026212476005
37639.0,10.47238,135.648911,352.29723141053336,350.8446551433356
37648.0,10.303941,130.687881,348.10346291478766,348.15691804284774
37657.0,10.277431,125.72406,344.06486201988935,345.3910147984708
37666.0,10.416949,120.762131,340.07039283121304,342.47320472817864
37676.0,10.766258,115.257767,335.7555548499888,339.0933925945643
37685.0,11.237398,110.316284,331.9803624536956,335.9236764113377
37694.0,11.845447,105.546112,328.2683459407284,332.60214689547547
37703.0,12.567966,100.948898,324.6998941409495,329.2013631528865
37712.0,13.474103,96.226273,321.25265783323437,325.7019184974221
37721.0,14.568627,91.384552,317.92061221470243,322.09262174404904
37730.0,15.782971,86.731636,314.7093383101456,318.375462752588
37740.0,17.325804,81.616158,311.3166462574921,314.15887606617014
37749.0,18.919252,76.91497,308.3539225954942,310.1976050317393
37758.0,20.601246,72.409958,305.58452679440893,306.22426508261566
37767.0,22.418745,67.957886,302.93692630296266,302.1481829218336
37776.0,24.386671,63.570229,300.40472111947054,297.95909532974105
37786.0,26.839106,58.630028,297.7709334813798,293.23118613796765
37795.0,29.198132,54.262508,295.5551419434465,288.8858038953353
37804.0,31.705528,49.978447,293.4761854834296,284.43524313345307
37813.0,34.186115,46.041046,291.5709566130232,279.96374035528976
37823.0,37.213173,41.638161,289.6396830185008,274.9264909322203
37832.0,40.259716,37.524422,288.058602218741,270.29392129430624
37841.0,43.260258,33.766628,286.6488041505434,265.6243872296449
37850.0,46.492123,29.998968,285.4156706494381,260.9407598722624
37859.0,49.857224,26.349817,284.3419139869534,256.18270085582185
37869.0,53.741161,22.433821,283.3540771976434,250.89666180331653
37878.0,57.250198,19.145826,282.6452330448482,246.12299791977864
37887.0,60.99157,15.883565,282.1071076523452,241.32708841605313
37897.0,65.159485,12.540369,281.71349610532764,235.98124653494366
37906.0,69.138535,9.572643,281.54442230716995,231.19269662052054
37915.0,73.092186,6.835324,281.545134359628,226.3839271322246
37925.0,77.749107,3.880141,281.745193853118,221.0445965666321
37934.0,81.89769,1.448364,282.10450682635764,216.266554036536
37944.0,86.758156,-1.158535,282.70545864686267,210.92268958313178
37953.0,90.928001,-3.224642,283.4042068921727,206.23465084944328
37962.0,95.311783,-5.201181,284.27669217090886,201.50569388866026
37972.0,100.102234,-7.147432,285.45128220118806,196.2403318205929
37981.0,104.763077,-8.855291,286.67372726412754,191.5717180034009
37990.0,109.186653,-10.300418,288.0376231244638,187.01436897085225
38000.0,114.163994,-11.701279,289.76266967463073,181.95742433111542
38009.0,118.837776,-12.832666,291.5034221104657,177.43782651587733
38018.0,123.545441,-13.813556,293.37928155113855,173.0474878654345
38028.0,128.641769,-14.687531,295.6200537928664,168.29207803300793
38037.0,133.40921,-15.316607,297.829738773643,164.02106447832566
38047.0,138.387222,-15.767161,300.44317000132133,159.42013257063266
38056.0,143.188934,-16.027681,302.988121641463,155.31969990378866
38065.0,147.996902,-16.115753,305.6690046478274,151.32756628819712
38075.0,153.33876,-16.001425,308.82346751725873,146.99370894477332
38084.0,158.294525,-15.717598,311.8081811756173,143.2013730836464
38093.0,162.928116,-15.286002,314.9267908717513,139.51835795074777
38103.0,168.224075,-14.577951,318.55436260783176,135.54862827651107
38112.0,173.117371,-13.743764,321.96586913242356,132.0865685750588
38121.0,177.826187,-12.768411,325.461553692634,128.78437930821542
38131.0,183.009842,-11.47298,329.49469850893144,125.25355810649157
38140.0,187.47995,-10.178921,333.2449307658195,122.21611099989407
38149.0,192.193787,-8.623298,337.1180477096955,119.30819961998046
38159.0,197.041245,-6.823712,341.5093578472799,116.2643747292953
38168.0,201.503296,-5.03083,345.56827495154806,113.65371985999045
38177.0,205.631439,-3.243341,349.6578207006856,111.19007668930205
38187.0,210.61676,-0.883963,354.33131763999415,108.56493253592605
38196.0,214.902985,1.296078,358.64004262131647,106.31568306575133
38205.0,219.130157,3.588509,362.99521778711767,104.19685491567434
38214.0,223.432602,6.064218,367.4364346077869,102.18000784017106
38224.0,227.85144,8.749402,372.38883475300275,100.08435443643474
38233.0,231.90448,11.337292,376.87799777267946,98.31298708640583
38242.0,236.03392,14.091909,381.48534972743647,96.60950270935724
38251.0,239.988876,16.827349,386.07615286392394,95.01301885232363
38261.0,244.476501,20.033779,391.2836541928476,93.30337363414527
38270.0,248.35849,22.871803,395.9394219442553,91.84875835199047
38279.0,252.218292,25.739943,400.6762400132556,90.42329201188447
38288.0,256.187012,28.721445,405.357477250321,89.05285525506612
38297.0,260.14566,31.716337,410.07876959372277,87.69677647194813
38307.0,264.534668,35.05648,415.3024832941624,86.21703488429618
38316.0,268.35611,37.975533,419.9822845798109,84.90413958359817
38325.0,272.172546,40.901119,424.66427230772325,83.5990629347266
38334.0,275.986511,43.829937,429.3478511516748,82.29970795773156
38344.0,280.363098,47.186367,434.5635513469277,80.85525853961656
38353.0,284.305481,50.202614,439.2139188250529,79.56513869078789
38362.0,288.254272,53.210476,443.89566179064536,78.25918427049704
38371.0,292.085632,56.116501,448.54149035079104,76.95281376573364
38381.0,296.49411,59.430912,453.79682735799514,75.45824023514281
38390.0,300.476166,62.394588,458.4497278651321,74.11380714827874
38399.0,304.475189,65.335327,463.12871793194483,72.73571755438647
38408.0,308.494568,68.248215,467.86514253215364,71.30894437263821
38417.0,312.660095,71.223572,472.55845379519394,69.85898559871708
38426.0,316.724182,74.073723,477.25677387385076,68.36735335525725
38436.0,321.271271,77.195274,482.4820924414614,66.65672872201098
38445.0,325.390076,79.965759,487.16811141538875,65.07223325607364
38454.0,329.405792,82.611191,491.83844458683603,63.442083639240266
38463.0,333.578369,85.300003,496.50844999829883,61.7594474046881
38472.0,337.779877,87.94339,501.09599607100745,60.05212816790075
38481.0,342.008636,90.542969,505.7454223863425,58.26482297417528
38490.0,346.264771,93.097458,510.31137027740135,56.453284701319184
38499.0,350.547821,95.606598,514.921140694394,54.56605349665263
38508.0,354.992065,98.146881,519.4942503374655,52.63553972218688
38517.0,359.32663,100.565933,524.0302269940884,50.66213771647301
38526.0,363.553528,102.858879,528.5590353127851,48.629870398076456
38535.0,367.94455,105.173889,533.079055177557,46.53677571809866
38545.0,372.857178,107.681107,538.0227513435367,44.17016948105356
38554.0,377.305756,109.883461,542.5184193420079,41.94638982910007
38563.0,381.779968,112.033295,546.9562793079438,39.68430586956379
38572.0,386.281494,114.12529,551.3658287013093,37.367519503764356
38581.0,390.810883,116.156273,555.7753497219355,34.97746698099932
38590.0,395.510315,118.185989,560.1524022468302,32.52845944993022
38599.0,400.238708,120.147255,564.4948431714803,30.018592220604297
38607.0,404.334076,121.789467,568.3441072316847,27.724004732346785
38616.0,409.111511,123.62809,572.5875660629861,25.11542617989053
38625.0,413.915222,125.396927,576.836151447781,22.417474916369745
38634.0,418.744965,127.093391,581.0441323466631,19.65662078279624
38643.0,423.453644,128.664536,585.1663750808912,16.860419831972273
38652.0,428.184509,130.167542,589.2586733909693,13.990450620307943
38661.0,432.937805,131.598083,593.3340527131314,11.037367117810891
38670.0,437.861877,132.997299,597.3492335097121,8.031614322970638
38679.0,442.657684,134.278076,601.3026381395298,4.973147293960507
38688.0,447.472931,135.483719,605.2201545467877,1.841168384104217
38697.0,452.457092,136.650909,609.0615264846989,-1.329870334025446
38706.0,457.305298,137.716263,612.8546342491998,-4.558485889363061
38715.0,462.320465,138.74205,616.6514493696345,-7.888260652581001
38724.0,467.194092,139.684357,620.3485038684557,-11.226435745357108
38733.0,472.080475,140.558167,624.0516465637414,-14.660083836073069
38742.0,476.980682,141.350677,627.7432905232106,-18.18143208297063
38751.0,482.047058,142.082962,631.3276441211073,-21.71439515629471
38760.0,487.125092,142.729385,634.8762340269931,-25.331727750024733
38769.0,492.213348,143.289673,638.3749988622293,-29.021064352159613
38778.0,497.30954,143.772522,641.7887751123303,-32.74253405467927
38786.0,501.707153,144.132721,644.7562377274869,-36.07749306291044
38795.0,506.661011,144.447968,648.0657820452578,-39.914744921019825
38804.0,511.619843,144.672287,651.2853901836177,-43.783018725655936
38813.0,516.736816,144.817459,654.413081481397,-47.68188726413805
38822.0,521.855591,144.866684,657.5122866907797,-51.69094107819297
38831.0,526.974365,144.819366,660.5160710106447,-55.72909641843917
38840.0,532.09137,144.676697,663.4635111304341,-59.85101128341065
38849.0,537.049866,144.445557,666.3430118555491,-64.04160020505392
38858.0,542.158752,144.123535,669.1365628558533,-68.26932515147047
38867.0,547.107422,143.735229,671.8101585632123,-72.47212313743648
38876.0,552.203186,143.247635,674.4577033594173,-76.79278187956609
38885.0,557.136108,142.694199,677.0067270220269,-81.1123542033473
38894.0,562.059692,142.06282,679.4931420466513,-85.48810089591858
38902.0,566.564575,141.422119,681.6564037224681,-89.43234203927726
38911.0,571.464233,140.62619,683.9762992043488,-93.84025649743063
38920.0,576.503357,139.725296,686.2205324777543,-98.30646806308066
38929.0,581.376038,138.778061,688.3904742415206,-102.80924292714714
38938.0,586.384888,137.721649,690.496628517669,-107.36120303878535
38947.0,591.376648,136.587296,692.524030877957,-111.92993025805606
38956.0,596.351501,135.381042,694.5074724911628,-116.59292766110669
38965.0,601.307983,134.10141,696.4001814961806,-121.23769668822145
38974.0,606.245056,132.748871,698.2159956253993,-125.89456771743191
38983.0,611.01062,131.359818,699.96013845858,-130.5787532936095
38992.0,615.752319,129.891235,701.6338053759522,-135.30686768971015
39001.0,620.464844,128.331711,703.2112601600721,-140.03161755835987
39010.0,625.152954,126.700165,704.7120228967926,-144.817423436265
39019.0,629.820435,125.01049,706.1327781346636,-149.60961325811766
39028.0,634.466003,123.261566,707.4761445940939,-154.37036595714127
39037.0,638.944763,121.510864,708.7725879779755,-159.1976698927761
39046.0,643.690857,119.592789,710.0041698013096,-164.02414180605618
39055.0,648.269531,117.675446,711.175595189577,-168.86556592267794
39064.0,652.967041,115.641304,712.293637488861,-173.75496344281598
39073.0,657.497864,113.613556,713.3430635547882,-178.62428884264307
39082.0,662.148315,111.473999,714.3376409474844,-183.52270129409544
39091.0,666.632996,109.346169,715.2828633113958,-188.46597687562922
39100.0,671.095825,107.172783,716.1660905296279,-193.38568605560928
39109.0,675.399353,105.02713,716.9938599436888,-198.29755155808323
39118.0,679.959167,102.700676,717.7766385689702,-203.23423935035942
39127.0,684.360779,100.40593,718.511505251343,-208.160860492321
39136.0,688.745056,98.078209,719.2057350101618,-213.11077703470232
39145.0,693.24823,95.643906,719.852735309478,-218.01493754576512
39155.0,697.927795,93.065155,720.5298135061688,-223.48865510621224
39164.0,702.258484,90.639229,721.102038047866,-228.4368046584315
39173.0,706.569885,88.179176,721.6337862530096,-233.35479647948463
39182.0,710.725281,85.759048,722.1277310512077,-238.29405085410966
39191.0,715.099976,83.100822,722.5652713071747,-243.2732262134452
39200.0,719.432251,80.374001,722.9201220075299,-248.22441760758227
39209.0,723.596863,77.672882,723.1944465583612,-253.14619821545685
39218.0,727.734863,74.931152,723.4029436631381,-258.07120656758565
39227.0,731.741821,72.272491,723.5698873050409,-262.9977985064078
39236.0,736.037659,69.488609,723.7398895675443,-267.9932692515241
39245.0,740.245728,66.855644,723.9579955485747,-272.96961878690877
39254.0,744.494446,64.288773,724.2500179290362,-277.9249127408765
39263.0,748.905884,61.691956,724.620892418048,-282.9440631575931
39272.0,753.19397,59.191502,725.0436204927853,-287.9418154191352
39281.0,757.476501,56.681499,725.4838127055395,-292.9207570285977
39290.0,761.879211,54.069855,725.9202572272114,-297.9692322036698
39299.0,766.126892,51.501289,726.3255309461105,-302.96843012990655
39308.0,770.470398,48.792393,726.6872359036118,-308.02280990764115
39317.0,774.65033,46.114998,726.982955552125,-313.0469485086065
39326.0,778.940674,43.322659,727.2220780358733,-318.09135387200575
39335.0,783.086243,40.592369,727.4194612383064,-323.1375648172519
39344.0,787.350586,37.760452,727.5880983316886,-328.1848181855006
39353.0,791.478455,35.003452,727.7344079641574,-333.14655263349016
39362.0,795.472229,32.325001,727.8660855097072,-338.07421326864323
39371.0,799.460754,29.638794,727.9857444097764,-342.9676987026833
39380.0,803.573425,26.859224,728.0959131441197,-347.93036714726964
39389.0,807.808716,23.984037,728.1943978152528,-352.8415637252371
39398.0,811.782593,21.276127,728.284053828539,-357.80464513099713
39407.0,815.880676,18.475086,728.3631966444084,-362.6817155004733
39417.0,820.434631,15.363574,728.4447013217099,-368.1448349468344
39426.0,824.275696,12.736287,728.5143733736272,-373.05652476430754
39435.0,828.371887,9.93248,728.5802429644486,-377.86484314972614
39444.0,832.340149,7.216397,728.6453734397483,-382.77659528914387
39453.0,836.43512,4.410785,728.7085764979263,-387.65389826800407
39463.0,840.84314,1.391217,728.777937001241,-393.0999482672286
39472.0,844.807739,-1.330244,728.8367289420246,-397.9773064129732
39481.0,848.900818,-4.138605,728.8916095004122,-402.8719469584886
39490.0,852.99231,-6.949268,728.9448883481467,-407.81831543141567
39499.0,856.953003,-9.676406,728.9941436761841,-412.6613059710544
39509.0,861.494019,-12.806809,729.0446060525123,-418.07309090736044
39518.0,865.579102,-15.626752,729.0864909350225,-422.95062354494917
39527.0,869.406128,-18.274456,729.1246451547424,-427.8281867920679
39536.0,873.360657,-21.010464,729.158762136072,-432.7057799491226
39546.0,877.752197,-24.053957,729.1926575118629,-438.0832218586578
39555.0,881.702454,-26.796162,729.2191674869615,-442.97809827862113
39564.0,885.648926,-29.543781,729.2393097776576,-447.8040615186497
39573.0,889.591431,-32.29715,729.2528247008377,-452.68175526887404
39583.0,894.111023,-35.458393,729.2601749512039,-458.0765347287716
39592.0,898.17688,-38.305992,729.2609884011566,-462.97148286780146
39601.0,902.111572,-41.070499,729.2557507747862,-467.8491925292508
39610.0,906.169678,-43.929211,729.2431793382362,-472.70965301183577
39619.0,910.223694,-46.793678,729.2226982826388,-477.6217942541265
39629.0,914.723267,-49.983322,729.1918659867054,-483.0337266278523
39638.0,918.643311,-52.768585,729.1572741438504,-487.89408027220367
39647.0,922.56012,-55.558334,729.1167222927514,-492.73715150869634
39656.0,926.351013,-58.257484,729.0715326959157,-497.6491275833723
39666.0,930.841248,-61.460289,729.0181845604817,-503.09535797236236
39675.0,934.754089,-64.255638,728.9671408089554,-507.9210932988604
39684.0,938.792114,-67.142632,728.9119599271123,-512.7984936355567
39693.0,942.57605,-69.851578,728.854900509137,-517.606924639679
39703.0,947.063354,-73.058495,728.7889567871265,-523.0013060567278
39712.0,951.10376,-75.942154,728.7297342786379,-527.8269479415417
39721.0,955.018677,-78.734581,728.6710514693478,-532.7043074015385
39730.0,959.187988,-81.704605,728.6136387909637,-537.6161558155521
39740.0,963.54187,-84.801735,728.5530439154662,-542.9933631435235
39749.0,967.715454,-87.765778,728.5007191851204,-547.8535582287384
39758.0,971.637085,-90.548813,728.451361578468,-552.6793110956646
39768.0,975.854797,-93.539986,728.3987095823832,-558.0738386203309
39777.0,979.905396,-96.409248,728.3532075294395,-562.8996293813523
39786.0,983.833069,-99.183708,728.3099821221036,-567.7771503232127
39795.0,987.890015,-102.044044,728.2709549847153,-572.6547066639097
39805.0,992.399231,-105.220009,728.2316065210296,-578.0493476293047
39814.0,996.331482,-107.987938,728.1979679627285,-582.8924718174467
39823.0,1000.137146,-110.666267,728.1655543928076,-587.7183682384684
39832.0,1004.072144,-113.430321,728.1337495902237,-592.5959770203096
39842.0,1008.299744,-116.407494,728.0987111736493,-597.9389394007623
39851.0,1012.231506,-119.176155,728.0644890962441,-602.8510041303139
39860.0,1016.288574,-122.03627,728.0281014871636,-607.7285808766123
39869.0,1020.346191,-124.895653,727.9898032224773,-612.6406155162306
39879.0,1024.852905,-128.075287,727.9454593978825,-618.0869266622021
39888.0,1028.653809,-130.760376,727.9036745026362,-622.9299874172309
39897.0,1032.706665,-133.62645,727.857775016671,-627.8591933926824
39906.0,1036.75647,-136.496826,727.8087880169105,-632.7021866539027
39915.0,1040.803223,-139.371506,727.7545071179239,-637.5968338862881
39925.0,1045.295532,-142.571411,727.6879895510159,-643.0084452970923
39934.0,1049.209351,-145.365433,727.6217236761898,-647.9201822497074
39943.0,1053.246826,-148.253159,727.5504764252538,-652.8146119176832
39952.0,1057.281738,-151.144424,727.4753459270275,-657.6745079610147
39961.0,1061.190063,-153.946136,727.3958452509936,-662.5688105250209
39971.0,1065.531006,-157.06131,727.3048464613821,-667.9455892639328
39980.0,1069.565552,-159.953186,727.2206849579273,-672.8225756095629
39989.0,1073.474609,-162.753891,727.1366117659358,-677.6995634783724
39998.0,1077.509399,-165.645447,727.0520850910532,-682.593781821148
40008.0,1081.853271,-168.756561,726.958210498177,-688.0222261241837
40017.0,1085.890747,-171.644318,726.8750967627288,-692.9164686654262
40026.0,1089.803711,-174.439423,726.7947018630762,-697.7935185559068
40035.0,1093.846924,-177.319168,726.7180891924389,-702.670629326933
40044.0,1097.892944,-180.194916,726.6457277814071,-707.582280259567
40054.0,1102.390259,-183.387833,726.5707335441779,-712.9765434447941
40063.0,1106.439941,-186.258408,726.5058942137242,-717.871062196083
40072.0,1110.493286,-189.123917,726.4446472975977,-722.7656272187171
40081.0,1114.421509,-191.897629,726.3875699674667,-727.6430057310444
40090.0,1118.477417,-194.759399,726.3330645239106,-732.5204136625946
40100.0,1122.844482,-197.837906,726.2753188890881,-737.8804156131006
40109.0,1127.031006,-200.783661,726.2247712391659,-742.7751028227817
40118.0,1130.837036,-203.461487,726.1769934226603,-747.5836350082619
40128.0,1135.206665,-206.536301,726.123611716261,-753.0126285046487
40137.0,1139.138916,-209.304199,726.0754446151042,-757.8211568064179
40146.0,1143.071655,-212.071442,726.0257764018354,-762.6986163954614
40155.0,1147.130493,-214.928986,725.9754811901819,-767.5588329066301
40165.0,1151.635986,-218.110245,725.916346950948,-772.9360564958697
40174.0,1155.683594,-220.983795,725.8539634546826,-777.8478442923122
40183.0,1159.719116,-223.874313,725.7779114180235,-782.7077260019294
40192.0,1163.740479,-226.784378,725.6810945217654,-787.584477529609
40201.0,1167.743164,-229.720215,725.5574999582105,-792.477865142438
40211.0,1172.159668,-233.023911,725.378378873703,-797.9903903762148
40220.0,1175.981079,-235.943054,725.1729937029854,-802.9500307031507
40229.0,1180.0177,-239.091095,724.9187115343159,-807.9074045865341
40238.0,1183.777832,-242.088776,724.6149910416898,-812.8101900111928
40247.0,1187.619507,-245.232285,724.2493649572812,-817.7951620573501
40256.0,1191.537598,-248.526703,723.8213835719421,-822.7751681485522
40265.0,1195.289795,-251.776474,723.3253384270537,-827.7488557089885
40274.0,1198.993408,-255.081558,722.753437450471,-832.7490905099963
40283.0,1202.648071,-258.440704,722.1146324087086,-837.6717060098641
40292.0,1206.252075,-261.854065,721.3951700601542,-842.6180180363763
40301.0,1209.799561,-265.326141,720.5947512595302,-847.5693366927069
40310.0,1213.398071,-268.966919,719.7149674487819,-852.48966281817
40319.0,1216.93335,-272.669067,718.7474168685309,-857.411052110593
40328.0,1220.300781,-276.316101,717.6895081055657,-862.3314431358539
40337.0,1223.700439,-280.143219,716.5470051851585,-867.2151828678401
40346.0,1227.031128,-284.030518,715.3051339989628,-872.1101763294761
40355.0,1230.284058,-287.983124,713.9780157193543,-876.9470124611651
40364.0,1233.456665,-292.000397,712.5543285049364,-881.7563098535524
40372.0,1236.29248,-295.733582,711.1927320212001,-886.0438259515394
40381.0,1239.116455,-299.625854,709.5732900809971,-890.8089940067683
40390.0,1242.030029,-303.834808,707.8256016817503,-895.60208422692
40399.0,1244.855103,-308.103668,706.0080910410564,-900.2582933937822
40408.0,1247.593506,-312.42868,704.0780974520038,-904.9063621904377
40417.0,1250.227783,-316.817871,702.049226550124,-909.5121304928745
40426.0,1252.839966,-321.399689,699.9077420799034,-914.0856684337214
40435.0,1255.262085,-325.909424,697.6869076251385,-918.5443138829332
40444.0,1257.574097,-330.476562,695.3317030805146,-922.9920582938913
40453.0,1259.717407,-334.953888,692.8849940739058,-927.350641064883
40462.0,1261.757446,-339.479187,690.3541882618864,-931.6209147309106
40471.0,1263.749878,-344.194519,687.6965345043303,-935.8745135833964
40480.0,1265.572754,-348.811584,684.9374786153794,-940.0630499977738
40489.0,1267.342285,-353.615021,682.0688896250177,-944.1983391045476
40498.0,1268.907349,-358.161957,679.1141206026109,-948.2511858469182
40507.0,1270.405518,-362.894379,676.0662293770109,-952.234474158079
40516.0,1271.8396,-367.80838,672.8925856219224,-956.1848628389058
40525.0,1273.109985,-372.606964,669.689802798648,-959.9772759793605
40534.0,1274.290527,-377.587982,666.356418436737,-963.7249119527025
40543.0,1275.318848,-382.444183,662.9259889337894,-967.3839254971195
40552.0,1276.230225,-387.323669,659.4157418027927,-970.9422669385636
40561.0,1277.039551,-392.378296,655.791902610037,-974.4347171239313
40570.0,1277.700195,-397.298035,652.1167933433101,-977.7970372744973
40579.0,1278.255859,-402.38681,648.3300504228564,-981.085928386607
40588.0,1278.697876,-407.330994,644.542296033135,-984.2136220642228
40597.0,1279.018066,-412.129089,640.6657144346256,-987.2863268687423
40606.0,1279.214355,-416.933838,636.7110537105588,-990.2864724982816
40615.0,1279.279053,-421.742157,632.6908044319975,-993.1686583777507
40624.0,1279.21228,-426.550476,628.6072366910043,-995.9297546846475
40633.0,1279.010986,-431.510284,624.4623786421444,-998.5659835845513
40642.0,1278.678345,-436.463013,620.2020290867553,-1001.1134601608549
40651.0,1278.210327,-441.560577,615.9062586114236,-1003.531214146377
40661.0,1277.564209,-447.038025,611.1064389960148,-1006.068644273479
40670.0,1276.871826,-451.9534,606.7231649835054,-1008.2475033503246
40679.0,1276.047241,-457.005585,602.228851686771,-1010.3549575566399
40688.0,1275.149048,-461.887543,597.7362168767253,-1012.3413571945407
40697.0,1274.143555,-466.748535,593.1695448982298,-1014.2426480051237
40706.0,1273.04541,-471.589447,588.5313991677394,-1016.0590260219525
40715.0,1271.817505,-476.55899,583.8573910416031,-1017.7810228146498
40724.0,1270.499268,-481.505341,579.167022963122,-1019.4060343620921
40733.0,1269.133545,-486.277649,574.4304889664106,-1020.9477446511041
40742.0,1267.693604,-491.028107,569.6342437192525,-1022.4148023261915
40751.0,1266.18103,-495.75592,564.8476600226666,-1023.7932947755093
40760.0,1264.597168,-500.460358,560.0068841670054,-1025.105969833613
40769.0,1262.948364,-505.142426,555.1805329829614,-1026.3380246885447
40778.0,1261.236694,-509.80188,550.387146907959,-1027.4880804468507
40788.0,1259.332642,-514.794189,545.0569273283344,-1028.68852883417
40797.0,1257.466064,-519.56073,540.2187509016986,-1029.718795096031
40806.0,1255.727661,-523.877502,535.4213510971987,-1030.691149486815
40815.0,1253.832764,-528.465515,530.5642962020235,-1031.6283887576917
40824.0,1251.961792,-532.895386,525.7500110363901,-1032.5133612371822
40833.0,1249.999756,-537.455078,520.9118538737672,-1033.3629413261956
40843.0,1247.779053,-542.503662,515.5232985604363,-1034.2661515635186
40852.0,1245.812378,-546.891907,510.72374933551265,-1035.0333291057389
40861.0,1243.755859,-551.40979,505.83385872701786,-1035.7805703937693
40870.0,1241.609619,-556.057129,500.9735110949485,-1036.492309077083
40879.0,1239.57019,-560.411987,496.1091620556945,-1037.17616540863
40888.0,1237.439697,-564.895447,491.2239336800012,-1037.8347411662492
40897.0,1235.288452,-569.368958,486.3522379564976,-1038.4641312166027
40907.0,1232.87146,-574.326599,480.9126372836609,-1039.136218549333
40916.0,1230.673218,-578.777222,476.0856742816472,-1039.706010020819
40925.0,1228.523315,-583.078613,471.23874613769107,-1040.253154006852
40934.0,1226.35498,-587.370789,466.37213667908804,-1040.77911058579
40943.0,1224.099487,-591.792664,461.5375866610562,-1041.2804690074165
40953.0,1221.649902,-596.541138,456.1177845715349,-1041.8190010713593
40962.0,1219.427124,-600.805359,451.2962831506603,-1042.2773759210995
40971.0,1217.185181,-605.059509,446.42131656562094,-1042.7192115695907
40980.0,1214.854248,-609.442078,441.5444506045818,-1043.1395642114885
40990.0,1212.326172,-614.149231,436.2021366299401,-1043.578468374282
40999.0,1210.028564,-618.373596,431.3391623625376,-1043.9573618272561
41008.0,1207.629639,-622.719299,426.45705711489455,-1044.3117151769854
41017.0,1205.202393,-627.049255,421.55555579935503,-1044.6354989190907
41026.0,1202.81897,-631.22583,416.70347552583075,-1044.9210705616404
41036.0,1200.040894,-635.990479,411.2811785023778,-1045.1958704521087
41045.0,1197.582764,-640.123535,406.3732975558822,-1045.4014322990363
41054.0,1195.013794,-644.370911,401.498313729153,-1045.5645631155319
41063.0,1192.411987,-648.598267,396.60494592733875,-1045.6889395669218
41072.0,1189.774048,-652.803223,391.659022464429,-1045.7740324844972
41082.0,1186.802979,-657.450012,386.21272405365727,-1045.8199137915728
41091.0,1184.094727,-661.610046,381.30054024637536,-1045.8187730178636
41100.0,1181.353027,-665.748047,376.3885359338065,-1045.776764790616
41109.0,1178.578613,-669.864197,371.4770556205106,-1045.693625209224
41118.0,1175.769775,-673.956909,366.5319927639468,-1045.5681140534805
41127.0,1173.018555,-677.90094,361.60540100286414,-1045.4011651664775
41136.0,1170.231079,-681.819397,356.663215015456,-1045.1909334575241
41145.0,1167.313843,-685.835632,351.705960589781,-1044.9343329897117
41155.0,1163.918945,-690.399109,346.2184556431049,-1044.5915790997988
41164.0,1160.816895,-694.47113,341.2680607115496,-1044.2257850832393
41173.0,1157.762817,-698.384277,336.3564796029419,-1043.8067990156828
41182.0,1154.653442,-702.253662,331.3819314660464,-1043.3194597413412
41191.0,1151.58728,-705.958069,326.4317819958904,-1042.7648020628021
41200.0,1148.363037,-709.7323,321.4221434386464,-1042.1270508900582
41209.0,1144.974609,-713.569275,316.50866555579023,-1041.4213949288398
41218.0,1141.632935,-717.239929,311.5733848841836,-1040.6297931179072
41227.0,1138.227905,-720.851868,306.66891976666045,-1039.7592491338105
41236.0,1134.764526,-724.407837,301.7799410590095,-1038.8055656887302
41245.0,1131.129639,-728.012207,296.8913256001577,-1037.7638998929583
41254.0,1127.432007,-731.552307,292.03859623501324,-1036.6402261743401
41263.0,1123.792847,-734.928223,287.27322024470385,-1035.448277044188
41272.0,1120.101807,-738.247314,282.5117746240284,-1034.1724189358586
41281.0,1116.241333,-741.60907,277.73840929964126,-1032.8103621379028
41290.0,1112.331909,-744.913757,273.05329393559657,-1031.3925426955475
41299.0,1108.496216,-748.064636,268.32434457924273,-1029.8834856303706
41308.0,1104.499146,-751.262634,263.63349318840807,-1028.3133541280156
41318.0,1100.141235,-754.643311,258.4779017987237,-1026.5044333115497
41327.0,1096.183716,-757.639648,253.86609980099135,-1024.8130334795765
41336.0,1092.187622,-760.584351,249.24433044344124,-1023.0498977187249
41345.0,1088.279907,-763.386902,244.7097424423822,-1021.2527915352239
41354.0,1084.208252,-766.226257,240.10349621482646,-1019.3569749279507
41363.0,1080.096802,-769.007629,235.53949996436126,-1017.4050134870766
41372.0,1075.82019,-771.820923,231.01879880947038,-1015.396864893533
41381.0,1071.633911,-774.488464,226.49514692158579,-1013.3116314498815
41390.0,1067.276733,-777.175354,222.0331149563823,-1011.1762929645155
41400.0,1062.682251,-779.902771,217.14248223683038,-1008.7403067781672
41409.0,1058.376465,-782.372559,212.78129608123118,-1006.4798629336841
41418.0,1054.169067,-784.701111,208.39432930131986,-1004.1205945324124
41427.0,1049.927368,-786.966431,204.08874304410725,-1001.7203642740953
41436.0,1045.655884,-789.175171,199.8187718756563,-999.2573327006403
41445.0,1041.07666,-791.463135,195.56884325186556,-996.726027425043
41454.0,1036.605713,-793.61969,191.369417653401,-994.1445544048083
41463.0,1032.244019,-795.644409,187.2077379143172,-991.5026611328274
41472.0,1027.572266,-797.737122,183.04177048671704,-988.7720311122235
41481.0,1023.013428,-799.70105,178.9436353014945,-986.0017084398216
41490.0,1018.426819,-801.599304,174.82873648533962,-983.133985575644
41500.0,1013.137573,-803.690979,170.36602466746956,-979.92238254919
41509.0,1008.351746,-805.507629,166.38135998071945,-976.9622030655968
41518.0,1003.835999,-807.160522,162.49348723521013,-973.9881547370967
41527.0,999.301392,-808.761108,158.58431751246744,-970.9289706433045
41536.0,994.595276,-810.340027,154.7113154932641,-967.8241243346821
41545.0,989.715881,-811.887817,150.86139125888747,-964.6363802853322
41554.0,984.810791,-813.352173,147.1313452082891,-961.4400843793962
41563.0,980.030151,-814.688416,143.45752528060495,-958.1793178749065
41572.0,975.078064,-815.984985,139.81520685627822,-954.8322421062103
41581.0,970.2547,-817.157715,136.25615787535466,-951.4465780045496
41591.0,964.702393,-818.391724,132.35653702626374,-947.5950959396715
41600.0,959.837952,-819.380493,128.91662437185846,-944.0643482509657
41609.0,955.107971,-820.247498,125.51993638678442,-940.4445794775481
41618.0,950.209229,-821.04895,122.21623435898228,-936.786064584489
41627.0,945.295959,-821.755859,118.94963482350899,-933.0256188140924
41636.0,940.37085,-822.375244,115.7663706197183,-929.21680741816
41645.0,935.280701,-822.918274,112.64449608766724,-925.3353741360571
41654.0,930.335876,-823.353149,109.57554600827746,-921.3682880387895
41663.0,925.38385,-823.695862,106.58215148516167,-917.3438854841362
41672.0,920.271912,-823.964722,103.68299947070696,-913.2933864390392
41681.0,915.15625,-824.149109,100.86404728895768,-909.2075910650722
41690.0,910.193237,-824.242737,98.08593655126003,-905.0316687212049
41699.0,905.22937,-824.251221,95.40869728401199,-900.8516441821788
41708.0,900.266113,-824.170654,92.77902187370636,-896.5806918376362
41717.0,895.305054,-824.003296,90.23453097053834,-892.2784604656312
41726.0,890.34729,-823.756836,87.77372589473688,-887.947633374163
41735.0,885.394714,-823.421448,85.3882174824612,-883.5748797186034
41744.0,880.448853,-822.998474,83.07302631076952,-879.1450356386016
41753.0,875.511536,-822.485657,80.84650357181748,-874.6892280338891
41762.0,870.583374,-821.891113,78.70789460333582,-870.2096558533289
41771.0,865.666199,-821.21167,76.6192561548872,-865.6306812711883
41780.0,860.761047,-820.450439,74.63136747065133,-861.0634147477265
41789.0,855.715759,-819.584656,72.72883284057966,-856.4785944434688
41798.0,850.836426,-818.67218,70.9148974678534,-851.8950568604646
41807.0,845.821472,-817.645203,69.15715215410309,-847.2343749007899
41816.0,841.127686,-816.599854,67.47815179681031,-842.5447498925942
41825.0,836.302673,-815.43396,65.87237249329235,-837.7931502123482
41834.0,831.49762,-814.188171,64.36801121645901,-833.0627049489841
41844.0,826.013794,-812.67865,62.80339242551308,-827.8277947170269
41853.0,821.392639,-811.348511,61.463923362059504,-823.0838511107759
41862.0,816.63916,-809.918518,60.18837200643553,-818.3401690180284
41871.0,812.050659,-808.479736,58.96945609951934,-813.581619336695
41880.0,807.184204,-806.891724,57.79941897439973,-808.775330453219
41889.0,802.484314,-805.294556,56.686494203011684,-803.9554966221777
41898.0,797.946899,-803.701965,55.633890838771535,-799.1397719136013
41907.0,793.423157,-802.071045,54.632193970220435,-794.3132015272116
41917.0,788.255066,-800.144714,53.58155978881423,-788.9865714661647
41926.0,783.76593,-798.420837,52.67624916948999,-784.1409970942478
41935.0,779.148193,-796.59967,51.815102345850015,-779.2698754725145
41944.0,774.546082,-794.739319,50.9992819807999,-774.3909578837913
41953.0,769.960022,-792.839844,50.23227359479487,-769.5390253622402
41962.0,765.38678,-790.909607,49.50559069792463,-764.6808896060799
41971.0,760.827271,-788.947144,48.81303305369658,-759.8003627676474
41981.0,755.777893,-786.72821,48.08619393876018,-754.3851968423381
41990.0,751.104553,-784.639099,47.470867096785206,-749.5290779369737
41999.0,746.726807,-782.64917,46.88441058654236,-744.6346681591933
42008.0,742.220581,-780.567261,46.326259869783236,-739.7022566781528
42017.0,737.728149,-778.455872,45.80388287453646,-734.8005936352586
42026.0,733.38501,-776.391541,45.30807023774973,-729.8615264085286
42035.0,728.771606,-774.173279,44.84122038379304,-724.9542634723223
42044.0,724.307739,-772.002075,44.39771665845993,-720.0448355263336
42054.0,719.205261,-769.488953,43.935301323543634,-714.6180092409669
42063.0,714.761292,-767.277344,43.54230086263258,-709.7215715873649
42072.0,710.466309,-765.114624,43.16858105924298,-704.7890536488129
42081.0,706.180054,-762.934631,42.82195895410064,-699.923672667805
42090.0,701.763367,-760.669067,42.492664082773196,-695.0052640634945
42099.0,697.353882,-758.389404,42.18276009272951,-690.102865612242
42109.0,692.616272,-755.918945,41.85840822747113,-684.6660404963295
42118.0,688.496521,-753.754639,41.583497811923465,-679.7788181554782
42127.0,684.109131,-751.4328,41.32191465676227,-674.856343923532
42136.0,679.862244,-749.177124,41.07414450705045,-669.9331550926877
42145.0,675.48291,-746.840088,40.8368869269185,-664.9921927829496
42154.0,671.245972,-744.565735,40.61282887337414,-660.1023752061712
42163.0,666.877319,-742.20874,40.39786427391003,-655.1603928178416
42173.0,662.02948,-739.57843,40.1738850091418,-649.71850851528
42182.0,657.804749,-737.281433,39.98245056706253,-644.8100562223227
42191.0,653.31073,-734.830322,39.798890944935266,-639.9013031298346
42200.0,648.955872,-732.447937,39.62199863324938,-634.9923052516568
42209.0,644.604736,-730.058777,39.453201646665406,-630.0830223472799
42218.0,640.393982,-727.736328,39.294356777486676,-625.1906521391877
42227.0,636.051025,-725.332397,39.142301816793555,-620.229090436469
42237.0,631.226257,-722.660095,38.983310258938005,-614.7849198698901
42246.0,626.885132,-720.252808,38.84521981652621,-609.8746773007698
42255.0,622.546692,-717.840759,38.712513578367755,-604.9815283146994
42264.0,618.341064,-715.509033,38.582806638662206,-600.0193320921875
42273.0,614.002136,-713.097839,38.45389791093362,-595.057115069441
42282.0,609.804077,-710.752441,38.32952815806474,-590.146505817784
42291.0,605.473938,-708.3255,38.21367833903294,-585.2012071892872
42300.0,601.146729,-705.893372,38.106847083234314,-580.2729452853272
42310.0,596.491821,-703.270325,37.995857914322116,-574.775866772769
42319.0,592.170044,-700.828491,37.90324849606225,-569.8645558934276
42328.0,587.850708,-698.382385,37.81602704255421,-564.9186695094079
42337.0,583.398132,-695.85675,37.73448062657194,-559.9899243858213
42346.0,579.218201,-693.479248,37.65844619930072,-555.0783289399649
42355.0,574.904053,-691.023987,37.58724631412969,-550.1666610323963
42364.0,570.725403,-688.644287,37.51944217556089,-545.2549450739308
42374.0,565.934937,-685.910889,37.44742950841694,-539.7916922632509
42383.0,561.624573,-683.448975,37.38688116859175,-534.9488297468341
42392.0,557.314575,-680.98645,37.32772722969966,-530.0025280458563
42401.0,552.869324,-678.447937,37.27039826464469,-525.0906786540637
42410.0,548.558289,-675.987183,37.21312163650294,-520.1788286516963
42419.0,544.382202,-673.602905,37.1560063479917,-515.2497398763691
42428.0,540.207275,-671.216675,37.10074455457952,-510.3206299723978
42438.0,535.420471,-668.476868,37.042450561693585,-504.82274014272326
42447.0,531.111145,-666.013184,36.992418640341235,-499.94528427096265
42456.0,526.798767,-663.55481,36.93967725142854,-495.01614675440516
42465.0,522.616943,-661.180664,36.88172562478254,-490.12154160643894
42474.0,518.432007,-658.811951,36.81713133736359,-485.22701961511785
42483.0,514.111084,-656.368591,36.74724475830196,-480.3153328453865
42493.0,509.310455,-653.653076,36.66763066329793,-474.8866606701429
42502.0,504.99118,-651.206848,36.596268586888186,-469.97499511639205
42511.0,500.806183,-648.838257,36.52768270328996,-465.1322397611277
42520.0,496.621521,-646.469055,36.45929777415217,-460.2205318545687
42529.0,492.438049,-644.097778,36.39217994002429,-455.3260438178206
42539.0,487.789337,-641.463806,36.31923949712016,-449.8455660508252
42548.0,483.33606,-638.939392,36.25542728119524,-444.9510338007944
42557.0,479.288574,-636.642761,36.192975671221845,-440.09095829313367
42566.0,474.970551,-634.194336,36.13144197919514,-435.1963968674006
42576.0,470.176666,-631.466919,36.066559118241834,-429.8364765618248
42585.0,465.998535,-629.086243,36.01267082789232,-424.9762985613895
42594.0,461.686707,-626.626892,35.96354300575071,-420.09883349937036
42603.0,457.375977,-624.165649,35.91731792426246,-415.20410355918267
42612.0,453.200745,-621.779907,35.874310299891995,-410.3610535079633
42622.0,448.562195,-619.128052,35.827906851302615,-404.9147595209045
42631.0,444.388916,-616.738892,35.7881995748772,-400.0544449759444
42640.0,440.082123,-614.270752,35.75150880514041,-395.2285791786639
42649.0,435.775635,-611.802063,35.71687495539882,-390.3337534982152
42659.0,430.993378,-609.054321,35.68179056109044,-384.93908311603707
42668.0,426.825195,-606.656311,35.653629264577944,-380.07868795873446
42677.0,422.522491,-604.18103,35.62825353191303,-375.21827746002356
42686.0,418.218109,-601.708679,35.603126976663944,-370.2889218259245
42696.0,413.436096,-598.96051,35.57481937376145,-364.84250372288363
42705.0,409.267029,-596.564026,35.54965226291448,-359.9993281044591
42714.0,404.826935,-594.016479,35.5239743192131,-355.0699753118051
42723.0,400.655823,-591.623596,35.497599918565015,-350.2268061174282
42732.0,396.484467,-589.231079,35.469798315772785,-345.3147008530055
42742.0,391.698761,-586.489319,35.43868490762335,-339.9200061069696
42751.0,387.391113,-584.022705,35.41001099268712,-335.02514188493745
42760.0,383.219391,-581.630859,35.38192647967043,-330.1475102635197
42769.0,379.049316,-579.236145,35.356372435755155,-325.3043366712137
42779.0,374.267273,-576.488037,35.331221045823774,-319.8579030783846
42788.0,370.098846,-574.090454,35.31118225991733,-315.01470352628786
42797.0,365.796448,-571.614624,35.29291540461767,-310.1542611116769
42806.0,361.625702,-569.221008,35.274938500762396,-305.29381761599876
42815.0,357.452759,-566.831238,35.254060072764105,-300.36444215834865
42825.0,352.660706,-564.100647,35.22648996595341,-294.88354836700836
42834.0,348.482422,-561.720215,35.197034251034566,-290.02316088198097
42843.0,344.304993,-559.338318,35.16485293397279,-285.1110823585126
42852.0,339.990479,-556.883667,35.133571867514064,-280.21623410342096
42861.0,335.809143,-554.508667,35.10075737745378,-275.30415976897433
42871.0,331.011444,-551.788025,35.06127167630941,-269.8922836129985
42880.0,326.827362,-549.417847,35.022790246989246,-264.9802504048977
42889.0,322.507385,-546.972839,34.982818899528546,-260.11993802449103
42898.0,318.187347,-544.527954,34.94144321638245,-255.24240104082747
42907.0,313.731964,-542.007263,34.89933211976532,-250.347633977827
42917.0,308.930786,-539.292725,34.85256467052007,-244.95305222825968
42926.0,304.74292,-536.92926,34.81011346759498,-240.07552448671564
42935.0,300.555206,-534.565491,34.76795711700584,-235.23246695077046
42944.0,296.233612,-532.123352,34.726412913134,-230.28598600117533
42953.0,291.914795,-529.676331,34.68911977793148,-225.39117985919592
42963.0,287.117737,-526.954529,34.65281872157586,-219.92757305316212
42972.0,282.664764,-524.429626,34.62360683233306,-214.9982399363231
42981.0,278.346924,-521.980835,34.59566818389745,-210.1033714623545
42990.0,274.164246,-519.608154,34.56835719796537,-205.17402744704307
42999.0,269.847137,-517.158142,34.54291225239282,-200.29638134171
43008.0,265.665375,-514.783875,34.51889396137076,-195.34978424600072
43018.0,260.870239,-512.058655,34.49429371900323,-189.9033481358835
43027.0,256.823944,-509.759949,34.473561508167684,-185.02567972263932
43036.0,252.50737,-507.308929,34.452724660516594,-180.1135399766969
43045.0,248.323532,-504.938324,34.43047102230907,-175.25311418060264
43054.0,244.003784,-502.49292,34.40576977369009,-170.3237563969197
43064.0,239.204056,-499.775818,34.376995629794386,-164.91181268907704
43073.0,235.019348,-497.406738,34.350454386690444,-160.01693643855316
43082.0,230.699722,-494.961121,34.32414778180032,-155.12205892138613
43091.0,226.379288,-492.516937,34.29819860112546,-150.20994352189948
43100.0,222.058472,-490.073425,34.2725005740979,-145.2978268020633
43109.0,217.73877,-487.62793,34.247800001671344,-140.40294091705536
43119.0,212.941406,-484.906647,34.22337965704134,-134.95650399735808
43128.0,208.625534,-482.454407,34.20549488119621,-130.07882431241006
43137.0,204.310349,-480.000977,34.1910405419225,-125.18389744701474
43146.0,200.131439,-477.621704,34.17941145119509,-120.32343461843547
43155.0,195.816528,-475.167755,34.16955293008166,-115.41126057149364
43165.0,191.020035,-472.444946,34.15853518989254,-109.98201581740597
43174.0,186.702103,-469.996338,34.146849680323655,-105.08708155897524
43183.0,182.518616,-467.625122,34.1338127723537,-100.2093865077044
43192.0,178.333847,-465.256165,34.119913525511926,-95.36616544468524
43201.0,174.149689,-462.886108,34.10526102535657,-90.47123916845109
43211.0,169.34845,-460.171661,34.088714823844604,-85.05924426163253
43220.0,165.024536,-457.733643,34.07190717711091,-80.14708907669602
43229.0,160.562515,-455.224701,34.051211617472,-75.23494873345473
43238.0,156.369873,-452.86969,34.02647118131409,-70.32282709726675
43247.0,152.175842,-450.517151,33.998996597298806,-65.42795599654042
43257.0,147.362762,-447.823761,33.96517222228828,-60.016041496115534
43266.0,143.0289,-445.403442,33.93078283556898,-55.08674178101562
43275.0,138.69368,-442.985565,33.89419759492162,-50.22640273276455
43284.0,134.492691,-440.645477,33.85575277280464,-45.31436923801881
43293.0,130.292023,-438.30484,33.817231145374514,-40.4540451512966
43303.0,125.469261,-435.628845,33.772871492702635,-35.024970440850794
43312.0,121.126701,-433.224182,33.73023376431969,-30.130207936944544
43321.0,116.919968,-430.89444,33.68617365092538,-25.287167346491266
43330.0,112.443344,-428.411682,33.642276480594944,-20.375179551688777
43340.0,107.771957,-425.818115,33.597279020092046,-14.980582747883874
43349.0,103.430054,-423.412262,33.55822349918708,-10.08579035067078
43358.0,99.222649,-421.08374,33.51826771774786,-5.225477842273653
43367.0,94.877235,-418.684235,33.47441082368571,-0.29625326998216917
43376.0,90.664215,-416.365875,33.42660581786898,4.5984614946335505
43385.0,86.313484,-413.976044,33.374884981087526,9.493136448145302
43395.0,81.476112,-411.326538,33.313691096146655,14.973757961366957
43404.0,77.25975,-409.014282,33.257628293976055,19.833911364909355
43413.0,72.773193,-406.5495,33.202468183047,24.71131193655855
43422.0,68.559563,-404.232269,33.151027906024666,29.519806336726788
43432.0,63.877674,-401.657715,33.09483516175545,34.93153480587095
43441.0,59.527485,-399.266876,33.045244055318605,39.79175855235777
43450.0,55.312027,-396.952972,32.99569470322706,44.6347460927173
43460.0,50.474663,-394.303467,32.938244562788995,50.01198793852348
43469.0,46.256847,-391.993866,32.88435642304197,54.854929144316195
43478.0,42.039608,-389.683197,32.830279656392435,59.68063143613755
43488.0,37.355343,-387.112946,32.77326546443024,64.97169433341507
43497.0,33.275036,-384.875183,32.72282310022314,69.84914597766735
43506.0,28.921444,-382.49054,32.671611736559214,74.72658960833678
43515.0,24.70105,-380.185638,32.617656094284854,79.58676686152609
43525.0,19.857864,-377.546783,32.55253937124548,84.99839530965836
43534.0,15.634212,-375.247864,32.4894142875716,89.87569929833256
43543.0,11.411205,-372.947754,32.424543648685386,94.77021763477168
43552.0,7.185884,-370.651917,32.360702391967244,99.578563378631
43561.0,2.958799,-368.359314,32.29372529544164,104.47305334328199
43571.0,-1.89196,-365.734406,32.21655888969444,109.86728589230115
43580.0,-6.121496,-363.44632,32.14440390052983,114.74446464970433
43589.0,-10.350787,-361.157806,32.07219135132935,119.56992962768511
43599.0,-15.202188,-358.534088,31.991400398965073,124.98134676834528
43608.0,-19.568579,-356.172974,31.918439125193753,129.84127586209934
43617.0,-23.797342,-353.883484,31.846898592406664,134.61503790674527
43626.0,-28.024357,-351.590759,31.77644300554414,139.4750039718564
43636.0,-32.870426,-348.957214,31.702965772398127,144.8692880340173
43645.0,-37.0952,-346.66037,31.64099045127785,149.72936963861244
43654.0,-41.59153,-344.21347,31.582079036229242,154.60672634274414
43663.0,-45.813488,-341.911438,31.527071445262294,159.44965496283615
43673.0,-50.65657,-339.2724,31.46889056284327,164.89583586860806
43682.0,-54.878185,-336.969757,31.41987825727416,169.70435562966625
43691.0,-59.236271,-334.593353,31.371937675829646,174.59906906827973
43700.0,-63.595661,-332.21933,31.324878362279318,179.45931798832441
43710.0,-68.140137,-329.752747,31.2701434200318,184.83658815756667
43719.0,-72.504745,-327.388336,31.216482930255346,189.69676867845155
43728.0,-76.735565,-325.102631,31.158188709759155,194.5568958298344
43737.0,-81.104927,-322.747009,31.094938917961542,199.43419820286434
43747.0,-85.812813,-320.220306,31.019113112341007,204.81121232169716
43756.0,-90.052628,-317.951324,30.944911138396748,209.6883603655056
43765.0,-94.429253,-315.609222,30.86840870288898,214.54823500597868
43774.0,-98.670357,-313.342651,30.79153573763706,219.44257954766206
43784.0,-103.531639,-310.737274,30.707556928322088,224.85394815531023
43793.0,-107.904022,-308.387268,30.634600312525432,229.78282791073644
43802.0,-112.273331,-306.031555,30.568587836000177,234.67733098034788
43811.0,-116.502701,-303.743164,30.509920808830188,239.5374536458446
43820.0,-120.865189,-301.374847,30.457897535794164,244.44936209744975
43830.0,-125.709236,-298.737579,30.4085356406153,249.8266842739824
43839.0,-129.930801,-296.434814,30.369368209963014,254.7042394901232
43848.0,-134.288589,-294.057861,30.333531830630335,259.5473479142953
43857.0,-138.648407,-291.684631,30.29695195598411,264.42492322247176
43867.0,-143.494644,-289.051361,30.252888731898835,269.80229142812857
43876.0,-147.723007,-286.761108,30.20865642864076,274.62809399446866
43885.0,-151.955673,-284.478821,30.15725368384771,279.5227722988474
43895.0,-156.814362,-281.868622,30.092305410013232,284.8999288065801
43904.0,-161.053192,-279.597809,30.026956612257006,289.77720350755374
43913.0,-165.428909,-277.254028,29.958680290718267,294.6199632371178
43922.0,-169.803482,-274.908112,29.8890030095662,299.5316529804117
43931.0,-174.177505,-272.561188,29.8213889282535,304.4088968035289
43941.0,-178.883469,-270.030884,29.749990877365924,309.7859715384805
43950.0,-183.252716,-267.675049,29.68926540356921,314.68054305827263
43959.0,-187.61882,-265.313416,29.634678146646657,319.54071325849543
43968.0,-191.982239,-262.946808,29.586469961260732,324.4181874967655
43978.0,-196.676056,-260.394073,29.54045245151366,329.7783029672163
43987.0,-200.897995,-258.09201,29.504137585828847,334.65588025565125
43996.0,-205.255768,-255.715027,29.472683326618867,339.5162552178702
44005.0,-209.477036,-253.411743,29.444832625188393,344.3938881799283
44015.0,-214.317902,-250.768646,29.416337012384833,349.8230693327725
44024.0,-218.536667,-248.46077,29.3927578995026,354.6834888793984
44033.0,-222.753586,-246.149506,29.37263361196559,359.5611598386962
44042.0,-227.106186,-243.763062,29.356103112672276,364.40437263568987
44052.0,-231.789658,-241.191391,29.340315985984038,369.85084142199025
44061.0,-236.138412,-238.797943,29.329699410871402,374.7457781155365
44070.0,-240.482162,-236.395432,29.325882437340887,379.6407248339637
44079.0,-244.68103,-234.051559,29.3345809516586,384.50119379072095
44088.0,-249.002502,-231.609207,29.362524854135795,389.3960622346944
44098.0,-253.633636,-228.944412,29.424656670271904,394.8249626415734
44107.0,-257.78476,-226.516953,29.515244661289373,399.70183385065917
44116.0,-262.04657,-223.971909,29.64520114046351,404.61229842862
44125.0,-266.413727,-221.30127,29.822648013767306,409.60751027014993
44134.0,-270.747101,-218.576172,30.050425750351426,414.54891867345964
44143.0,-274.783783,-215.962845,30.33924057525247,419.4871355280034
44152.0,-278.777222,-213.28392,30.702184877187857,424.4723035460645
44161.0,-282.845734,-210.440079,31.14908921720895,429.46795197282455
44170.0,-286.976776,-207.417053,31.695639051127873,434.48835915865806
44179.0,-290.91156,-204.390869,32.353597677752106,439.5127671695054
44188.0,-294.899414,-201.181305,33.1294040281238,444.520332438234
44197.0,-298.702606,-197.991348,34.008700360059585,449.44074570291514
44206.0,-302.301422,-194.801865,35.00853433257309,454.3732654261027
44215.0,-305.808044,-191.511292,36.12808537945073,459.2446342468763
44224.0,-309.320618,-188.003876,37.383780626376215,464.06488884224086
44233.0,-312.726135,-184.39241,38.77334553062766,468.7944012577137
44242.0,-315.786804,-180.886887,40.308385489698885,473.4424299010793
44251.0,-318.802673,-177.141388,42.01356408866798,478.0307720734926
44261.0,-321.857971,-172.969879,44.090283570975814,482.97245110592405
44270.0,-324.527649,-168.970245,46.13927430309719,487.30378268083564
44279.0,-327.013367,-164.853745,48.3761612802913,491.54113242842607
44289.0,-329.552673,-160.152634,51.04818493855963,496.0683029005081
44298.0,-331.567596,-155.957809,53.61352898912498,499.9716558460281
44308.0,-333.490875,-151.344284,56.672912541122855,504.1615312991275
44318.0,-335.382599,-146.163406,59.90009133979112,508.13514532229436
44328.0,-336.87616,-141.213089,63.362720018212876,511.97526866638793
44338.0,-338.166321,-136.028122,66.92633168506933,515.5291525530774
44347.0,-338.954437,-131.284378,70.45088601549502,518.6465046003852
44357.0,-339.570557,-126.150497,74.4711797857166,521.7593486275177
44367.0,-340.017395,-120.999123,78.61613984637111,524.6442249035657
44377.0,-340.345154,-115.493439,82.92898557268988,527.4335635509726
44386.0,-340.502136,-110.842438,86.87673579157016,529.8319087162868
44396.0,-340.522675,-105.499397,91.45868800966562,532.4438441783394
44405.0,-340.418915,-101.002068,95.581145719255,534.6398625634441
44415.0,-340.126099,-95.494408,100.32118575486042,536.9915890913146
44424.0,-339.747803,-90.700539,104.65656352898297,538.9911944679772
44434.0,-339.18338,-85.38736,109.53623329938144,541.0816773040888
44443.0,-338.578583,-80.616776,113.98696391544976,542.8564429830834
44452.0,-337.87149,-75.860275,118.47556783533085,544.5331156054543
44462.0,-336.970734,-70.593674,123.53703081432037,546.2979238046896
44471.0,-336.044464,-65.716965,128.15857938423764,547.8030892306969
44480.0,-335.033844,-60.85704,132.79041698070685,549.218385642868
44489.0,-333.943359,-56.014412,137.51234873484222,550.5722362871932
44499.0,-332.648743,-50.653072,142.73912976102523,551.9760606182928
44508.0,-331.452545,-45.995457,147.46918373112277,553.1671392949933
44517.0,-330.19281,-41.354626,152.21573818282192,554.2906604613186
44526.0,-328.837921,-36.579224,157.0273417407094,555.361944510002
44535.0,-327.422638,-31.821365,161.8012806066928,556.3627375345653
44545.0,-325.886932,-26.883963,167.12878626415025,557.4089227285472
44554.0,-324.365692,-22.158922,171.90894975198833,558.2888495285093
44563.0,-322.852142,-17.594561,176.71451461778227,559.1246876078096
44572.0,-321.295868,-13.044586,181.5276075753062,559.9160251820216
44582.0,-319.518646,-8.005745,186.84199592797964,560.7377957241406
44591.0,-317.882965,-3.483706,191.63486333992785,561.4345061559955
44600.0,-316.161255,1.172034,196.48430533148914,562.1004117919607
44609.0,-314.408203,5.816068,201.28715565906393,562.7246010143003
44619.0,-312.489197,10.80264,206.67588139825338,563.3867602837703
44628.0,-310.677795,15.424224,211.48676390276748,563.9456815502565
44637.0,-308.838318,20.034704,216.3352474031032,564.4788669974495
44646.0,-306.920288,24.780804,221.1867290800195,564.9840447015371
44656.0,-304.891602,29.72377,226.55548320725688,565.5133636680831
44665.0,-302.986816,34.307652,231.4464063011385,565.9698966325259
44674.0,-301.058838,38.881828,236.28802560104063,566.3976310110452
44683.0,-299.171539,43.304768,241.13166079581848,566.801898550753
44693.0,-296.991638,48.371128,246.4924751101939,567.2258092414804
44702.0,-295.076782,52.782204,251.30483261206058,567.5884966829625
44711.0,-293.146332,57.186485,256.13558351007333,567.9361016537545
44721.0,-290.914703,62.230278,261.50059019077895,568.3031625518485
44730.0,-288.95813,66.623001,266.2991717173228,568.6160200779871
44739.0,-286.928223,71.152878,271.18454951591815,568.9219640442946
44748.0,-284.953979,75.537704,276.01899096354515,569.2137847835103
44758.0,-282.75061,80.405312,281.4046654525829,569.527169124539
44767.0,-280.694977,84.923569,286.257486427429,569.7998644304124
44776.0,-278.700989,89.299446,291.1279682814416,570.065355454479
44785.0,-276.634644,93.812813,295.9816395152286,570.3224735170417
44795.0,-274.33017,98.823738,301.36936629000184,570.5983351625557
44804.0,-272.246429,103.329102,306.29283330741816,570.8405145168628
44813.0,-270.152466,107.829712,311.13073042303347,571.0679677056545
44822.0,-268.120758,112.188202,316.00351603320365,571.287146562857
44832.0,-265.854767,117.02697,321.3760209722162,571.5200007387075
44841.0,-263.743195,121.519356,326.26672568243333,571.7237785171535
44850.0,-261.690369,125.867928,331.106121722911,571.9167277793439
44859.0,-259.629425,130.212662,335.9630909767974,572.101345791884
44868.0,-257.427704,134.834,340.8720716832,572.2787140021661
44878.0,-255.045746,139.808563,346.28092411745905,572.4638571701834
44887.0,-252.963318,144.143051,351.15607440898197,572.6219350281838
44896.0,-250.80954,148.615341,355.97976507591994,572.7713848715309
44905.0,-248.649918,153.084824,360.88977356608933,572.9175617655737
44915.0,-246.31778,157.892075,366.2651547717271,573.0702289886483
44924.0,-244.284409,162.077988,371.1066187803665,573.2014147631062
44933.0,-242.112106,166.541321,375.9998947937505,573.3293514753233
44942.0,-240.003113,170.862946,380.8588231072037,573.452029054672
44952.0,-237.580933,175.818054,386.2864857338467,573.5835524432016
44961.0,-235.331177,180.416199,391.1284059302906,573.696655341655
44970.0,-233.215988,184.734787,395.9876305955463,573.8069721414766
44979.0,-231.029846,189.19136,400.8469319617677,573.9138570140772
44989.0,-228.747894,193.831299,406.206059867274,574.0265670854692
44998.0,-226.55365,198.28389,411.08279690160316,574.1241112914926
45007.0,-224.358093,202.735825,415.90790690911314,574.2170646206878
45017.0,-221.993439,207.527161,421.3189777780772,574.3184288119136
45026.0,-219.794479,211.977417,426.12694137100107,574.4064662340905
45035.0,-217.665497,216.28923,430.98663103469426,574.4939334642149
45044.0,-215.467789,220.740097,435.8463315620305,574.5807950112852
45054.0,-213.100204,225.529984,441.22303577989163,574.6760952765508
45063.0,-210.898346,229.978806,446.10001727597677,574.760537333637
45072.0,-208.7668,234.289352,450.9597905038158,574.8432314551388
45081.0,-206.565689,238.738541,455.8540345492584,574.9262565666522
45091.0,-204.119003,243.681595,461.21359051946774,575.0163413598369
45100.0,-201.917526,248.130615,466.05615943495707,575.0970244008483
45109.0,-199.78537,252.440857,470.86426847753944,575.1767234172901
45119.0,-197.414673,257.229218,476.2238628148192,575.2644958932117
45128.0,-195.28009,261.538269,481.0492407743986,575.3423062600431
45137.0,-193.076218,265.986084,485.87463258144567,575.4192530888538
45147.0,-190.703781,270.77356,491.23427661190004,575.5039368215548
45156.0,-188.569443,275.082703,496.0252172623643,575.5793285709306
45165.0,-186.437912,279.39325,500.8678495028871,575.6561168344825
45175.0,-183.996902,284.339111,506.2274536239464,575.7432898423109
45184.0,-181.93718,288.512115,511.05279500861224,575.8233362501798
45193.0,-179.811783,292.825684,515.8781361375853,575.9033980699595
45203.0,-177.460358,297.623535,521.2548569230578,575.9977589834484
45212.0,-175.270676,302.078369,526.1144903636836,576.0882960835975
45221.0,-173.060959,306.523285,530.9742567917375,576.1713888543262
45230.0,-170.888229,310.813202,535.8688410105304,576.2310819915881
45239.0,-168.674362,315.082062,540.7465070063931,576.2523753457345
45249.0,-166.072632,319.945282,546.1756609485689,576.2190967858941
45258.0,-163.751251,324.156616,551.0697902909823,576.1295650861655
45267.0,-161.214767,328.603027,555.9967561358425,575.9740470010953
45276.0,-158.692841,332.87854,560.8865174684124,575.7487648312896
45285.0,-156.016586,337.242249,565.8581627398079,575.4415707351615
45295.0,-152.975632,342.048859,571.2531923126395,575.0130633764304
45304.0,-150.153046,346.319366,576.1423585260715,574.5380846449882
45313.0,-147.413818,350.271698,581.0042921307694,573.9705288600635
45322.0,-144.480103,354.275879,585.8856542191529,573.2838830464661
45331.0,-141.445328,358.20401,590.6800378219727,572.4850589026371
45340.0,-138.396103,361.922394,595.4849326044591,571.5504445036662
45350.0,-134.874374,365.940582,600.7632860096173,570.3550583825867
45359.0,-131.594559,369.457275,605.4501417679537,569.1342526835014
45368.0,-128.208221,372.87149,610.0466472585028,567.7811327673328
45378.0,-124.311478,376.527161,615.0517416563708,566.1181465812115
45387.0,-120.794174,379.57428,619.5398059453004,564.4400300266732
45397.0,-116.616173,382.904877,624.3862295643021,562.4035720676716
45406.0,-112.870338,385.66626,628.6305873544674,560.4126198975716
45416.0,-108.573959,388.543304,633.2780240456614,557.9928266868334
45425.0,-104.604057,390.971527,637.3394397193734,555.6511678047898
45435.0,-100.069885,393.457031,641.7291676072376,552.8539715995767
45445.0,-95.420822,395.720337,645.9376345765156,549.879546410783
45454.0,-91.152359,397.574158,649.6091011071294,547.0200407382663
45464.0,-86.316353,399.404297,653.4565903331917,543.7224033917425
45474.0,-81.559074,400.937897,657.1217177079184,540.2482061665472
45484.0,-77.4021,402.072144,660.4386535815104,536.7665110464853
45494.0,-72.194542,403.267883,663.7786661597776,532.9328605781827
45504.0,-67.608162,404.056274,666.8901242186314,529.0210250138217
45515.0,-62.143379,404.66153,670.0035714053139,524.6153302828159
45525.0,-57.151688,404.919708,672.6218334588162,520.3981133023718
45535.0,-52.325874,404.876587,674.9784632035278,516.0488954471795
45545.0,-47.339367,404.532532,677.0604694633687,511.5807383052224
45555.0,-42.554592,403.903046,678.8466389387612,507.04183121437967
45565.0,-37.650032,402.93924,680.3673842465504,502.3347372685974
45575.0,-32.815857,401.66864,681.5806600554786,497.55696162268134
45586.0,-27.608154,399.905121,682.5508718991723,492.2676592712099
45596.0,-22.821278,397.950104,683.1101581695029,487.42211721258053
45606.0,-18.484358,395.83316,683.3634048007889,482.4819486072229
45616.0,-14.148357,393.346649,683.2926586952848,477.5530366279119
45626.0,-9.996294,390.563843,682.8913487493977,472.6918609160642
45637.0,-5.827158,387.277557,682.0638903043923,467.4132448842471
45647.0,-2.123399,383.921112,680.9537805985187,462.64583737214434
45657.0,1.224032,380.444763,679.5151482391467,457.96707098771185
45667.0,4.339355,376.758972,677.7821834945728,453.4629439801764
45678.0,7.47346,372.474274,675.5113796613764,448.60738990068046
45688.0,10.26629,368.122681,673.1648055429945,444.3705782030344
45698.0,12.576401,363.885498,670.5238155976625,440.26969401998537
45709.0,15.120419,358.377655,667.3508580522738,436.0352002348686
45719.0,16.852989,353.873383,664.229544267098,432.4225388389944
45730.0,18.54048,348.441681,660.5324778903795,428.68533625955934
45740.0,19.702681,343.757721,656.9615497889852,425.5163625137851
45750.0,20.606049,339.017029,653.1444934395017,422.5073236358948
45760.0,21.288073,334.06543,649.1253225643577,419.68317482001316
45771.0,21.737329,328.775879,644.5205008117607,416.8069904348951
45781.0,21.95109,323.782104,640.1540304214429,414.3743858502814
45790.0,21.994251,319.128662,636.092451150004,412.32299628990717
45800.0,21.870466,314.131836,631.4742977722134,410.1957400017889
45810.0,21.58532,308.968994,626.7544655224029,408.2139542067718
45820.0,21.153975,303.816284,621.9111629661214,406.3545714115849
45829.0,20.655954,299.189362,617.4576923601363,404.78311853668043
45839.0,19.986279,294.062195,612.4912060651317,403.1682627933573
45848.0,19.301115,289.459259,607.9353723111906,401.7993139525437
45858.0,18.418297,284.189606,602.8388039029571,400.3767853372853
45867.0,17.536064,279.304749,598.2190561921963,399.1718566275047
45877.0,16.471783,273.892975,593.0459015908046,397.9057367585757
45886.0,15.451637,269.035034,588.3423498470183,396.825492388303
45895.0,14.407503,264.341003,583.6760741600427,395.8156442215604
45905.0,13.190343,259.138397,578.40658411374,394.74302824235735
45914.0,12.051774,254.466354,573.6501549099398,393.8301401420914
45923.0,10.874197,249.804001,568.9024129015991,392.96453473070716
45932.0,9.65567,245.152176,564.1133381317197,392.1344763036929
45942.0,8.259209,239.994812,558.8068393757036,391.26321208468426
45951.0,6.966488,235.363052,554.0211243967693,390.51895702438947
45960.0,5.643281,230.739914,549.1957994477312,389.8059927122974
45969.0,4.245672,225.976837,544.382553945988,389.1300475342686
45979.0,2.704045,220.860992,538.9666221997238,388.40893698973406
45988.0,1.242262,216.117218,534.1100783911619,387.7969727905791
45997.0,-0.204818,211.531342,529.2666749461961,387.2194591167844
46006.0,-1.721946,206.804977,524.3854248423436,386.6690515573091
46015.0,-3.265679,202.087234,519.5352660158832,386.151327371826
46025.0,-5.017051,196.857254,514.0816782230049,385.6042103385032
46034.0,-6.613955,192.157242,509.19102491779296,385.1447962485245
46043.0,-8.17231,187.607986,504.36703676628804,384.71337792657897
46052.0,-9.788331,182.91452,499.4904057554077,384.2903082759911
46061.0,-11.400288,178.21965,494.66483118048563,383.87701240589786
46071.0,-13.06851,173.325424,489.29005591096666,383.4128031327883
46080.0,-14.606459,168.769226,484.46561546559786,382.98647245894483
46089.0,-16.178581,164.060867,479.5736847469482,382.5408662406099
46098.0,-17.73077,159.345901,474.7003900845916,382.0809563805938
46108.0,-19.472843,153.931458,469.2632970600355,381.5421275209781
46117.0,-21.009802,149.04863,464.36101095493416,381.02563042033836
46126.0,-22.461592,144.301788,459.4796308253295,380.47637721080025
46135.0,-23.867903,139.541275,454.58586936008,379.8845351436254
46144.0,-25.178583,134.914566,449.6639206815668,379.2406124409645
46153.0,-26.51343,129.972656,444.73244806350385,378.5390408234203
46162.0,-27.738611,125.162338,439.82738604577696,377.777081609808
46171.0,-28.925919,120.182922,434.9167080446626,376.94229631608283
46180.0,-29.993031,115.335091,429.985822331174,376.02436779302974
46189.0,-30.967989,110.467888,425.08848812861356,375.0244945795484
46198.0,-31.878157,105.430443,420.14330640466807,373.91870837463716
46207.0,-32.69054,100.376305,415.2703445074797,372.7310766802678
46216.0,-33.401703,95.306931,410.3879739464858,371.44047111011804
46225.0,-33.969692,90.531822,405.56544797168675,370.06225853024915
46234.0,-34.459854,85.436333,400.75644163399966,368.5780493683344
46243.0,-34.804108,80.6399,396.0146590089295,366.9971868597168
46252.0,-35.027279,75.68103,391.2966564455479,365.29522372708306
46261.0,-35.114517,70.562759,386.6089615560302,363.4635754488877
46270.0,-35.056873,65.599205,381.9896941045519,361.509452908044
46279.0,-34.850029,60.484375,377.4436392694876,359.4317103418933
46288.0,-34.487778,55.378197,373.00654569503234,357.2450232776084
46297.0,-33.983738,50.439964,368.5919392948205,354.9009074387867
46306.0,-33.325687,45.519886,364.2517988619863,352.42163138359496
46315.0,-32.490337,40.469494,359.990336389624,349.80943569198723
46324.0,-31.529667,35.599449,355.7971269136784,347.0574871125694
46333.0,-30.420773,30.761003,351.7044770246617,344.1880192837661
46342.0,-29.119654,25.810106,347.68834225655684,341.1835412563312
46351.0,-27.656019,20.904797,343.7428131759041,338.03139828586666
46360.0,-26.03322,16.049818,339.94164115595765,334.7856749443937
46369.0,-24.30549,11.396307,336.27415928767675,331.44056029960944
46378.0,-22.422531,6.803413,332.7059759173859,327.9649751182007
46387.0,-20.323673,2.134464,329.2436512024413,324.3599874201787
46396.0,-18.13788,-2.322275,325.9151443168866,320.6542261178146
46405.0,-15.803921,-6.703239,322.7452109669901,316.8792160690262
46414.0,-13.322909,-11.002634,319.6719793180113,312.9591558464067
46423.0,-10.784388,-15.086771,316.7413345641397,308.9527189546631
46432.0,-8.108711,-19.082396,313.95438441942525,304.8658731542328
46441.0,-5.11395,-23.233986,311.32576321476336,300.7161862238423
46450.0,-2.265122,-26.913744,308.89394361921427,296.56763009510456
46460.0,1.158498,-31.015854,306.3087217134997,291.773790384421
46469.0,4.463841,-34.719219,304.15211310070237,287.41795826702247
46478.0,7.890536,-38.310593,302.14763576151336,283.00898400410733
46487.0,11.326601,-41.674774,300.26514155892613,278.47182998037425
46497.0,15.286298,-45.26215,298.371853559836,273.4017783829292
46506.0,19.081772,-48.461304,296.8279831345953,268.7566753640975
46515.0,22.989485,-51.522346,295.4403177570468,264.02660526829635
46524.0,26.875862,-54.354366,294.2263043292893,259.26680249348397
46533.0,30.987955,-57.134819,293.16803978342773,254.41703019038644
46542.0,35.19809,-59.764458,292.2808138678717,249.53307222417487
46551.0,39.503696,-62.234673,291.5779041331566,244.67143988897158
46561.0,44.400791,-64.772087,291.0121221924543,239.25441466574358
46570.0,48.751484,-66.820435,290.70267964403536,234.40379826646193
46579.0,53.177296,-68.700981,290.5785287146741,229.56214875404274
46588.0,57.668713,-70.418961,290.6366106599996,224.7020190611869
46598.0,62.730888,-72.128601,290.90942107834036,219.29687918104514
46607.0,67.633041,-73.602768,291.338144308979,214.43804440657124
46616.0,72.284592,-74.822319,291.93465947308624,209.63167851191022
46625.0,76.976654,-75.875313,292.7034372752922,204.8323853520181
46635.0,82.402153,-76.867287,293.75017374803934,199.57526653802972
46644.0,87.006439,-77.543297,294.8783992263629,194.8475460076035
46653.0,91.93811,-78.107979,296.17087757405454,190.16206483012556
46663.0,97.266754,-78.500481,297.7679773518457,185.0994007235473
46672.0,102.072197,-78.679245,299.38542234660946,180.57080975201288
46681.0,107.036087,-78.682243,301.1603539874851,176.1201453182009
46691.0,112.202728,-78.476837,303.32236472701396,171.25287733558906
46700.0,116.998299,-78.120789,305.439350294666,166.9351653714925
46709.0,121.932976,-77.583023,307.7215600627677,162.66333882670497
46719.0,127.05011,-76.840546,310.3992954768498,158.05960978335264
46728.0,131.631912,-76.026001,312.95510860869916,154.00663365867445
46737.0,136.181351,-75.046684,315.6662766798618,150.01415390344846
46747.0,141.354202,-73.708763,318.8001629225376,145.75066305450795
46756.0,145.96312,-72.336838,321.7854069272214,142.00271502063063
46766.0,151.017807,-70.605179,325.2730664621512,137.9549124491087
46775.0,155.362305,-68.937317,328.5261642388123,134.4604486902158
46784.0,159.785278,-67.05011,331.94124895395896,131.0505332522096
46794.0,164.617416,-64.770004,335.8137907432533,127.47004263261466
46803.0,168.894455,-62.571991,339.3729175700526,124.41863642804519
46813.0,173.538467,-59.929714,343.52979465761905,121.11686895666213
46822.0,177.500259,-57.488277,347.39357222580736,118.28314011718045
46832.0,181.942062,-54.51862,351.7739680854317,115.31485284771739
46841.0,185.985886,-51.639771,355.87487548944,112.73812198903516
46850.0,189.940994,-48.640217,360.0075655340101,110.31331906349844
46860.0,194.09079,-45.274563,364.72831281581,107.73794035575384
46869.0,197.503128,-42.343231,369.04930748754765,105.5502501351821
46878.0,201.073502,-39.121941,373.4760835494007,103.46119014473248
46888.0,204.952362,-35.447308,378.3525220452696,101.31994386080275
46897.0,208.255737,-32.169483,382.80302350972806,99.49859787132057
46906.0,211.704819,-28.599604,387.32557434938195,97.76553198765771
46915.0,214.878555,-25.196098,391.91504376797695,96.11360903850341
46925.0,218.570084,-21.098215,397.04043778182296,94.37570833620589
46934.0,221.640854,-17.601528,401.71694945697016,92.8724486746373
46943.0,224.881516,-13.841428,406.4116733369011,91.42707026430398
46952.0,228.091736,-10.055304,411.13679865251805,90.02265968938117
46961.0,231.280701,-6.251262,415.83914259399614,88.6630717365173
46970.0,234.457504,-2.437057,420.54860595766513,87.32835349967777
46980.0,237.975983,1.810331,425.7773771129986,85.86658327302099
46989.0,241.037399,5.518702,430.46153960150326,84.56933390414939
46998.0,244.194519,9.349216,435.1643413089203,83.2748320405444
47007.0,247.251892,13.060924,439.8516804589812,81.98910818370025
47017.0,250.755768,17.320366,445.0548428948456,80.56404674183753
47026.0,253.914597,21.149469,449.72574038755914,79.28353900389428
47035.0,257.080444,24.972759,454.41158348221023,77.99237339249389
47045.0,260.504547,29.074476,459.59223141216813,76.55052825075761
47054.0,263.600891,32.753731,464.25326838703756,75.23458076956008
47063.0,266.817322,36.534584,468.9414102050977,73.88795340169563
47072.0,270.054016,40.298107,473.6222852224468,72.51627995436239
47081.0,273.214722,43.922211,478.3440670018123,71.1006687297476
47091.0,276.875427,48.047649,483.5655665598487,69.49186188520201
47100.0,280.098755,51.616192,488.26390888394536,68.00029971189475
47109.0,283.458466,55.270321,492.96537059950833,66.46223032376089
47118.0,286.957489,59.00679,497.6197541839535,64.89179582761044
47127.0,290.38739,62.595104,502.2911820662086,63.26478591784577
47136.0,293.741333,66.041168,506.9298577062355,61.596893050225184
47145.0,297.241913,69.560555,511.59991334778357,59.86420576680386
47154.0,300.779327,73.042931,516.2032127771563,58.10102322526826
47163.0,304.464783,76.595642,520.7869493577836,56.28759076976887
47173.0,308.354889,80.258377,525.8597452521643,54.212091148787025
47182.0,312.117523,83.72924,530.4318362849099,52.27916620735569
47191.0,315.687683,86.950775,534.9505740381962,50.309347071428924
47200.0,319.410278,90.234451,539.5096981404555,48.26044098407289
47209.0,323.160583,93.486458,544.0299766129822,46.16790485581592
47218.0,326.944824,96.698883,548.5134552135444,44.03749764608912
47227.0,330.77124,99.86097,552.9892544542588,41.851440447828274
47236.0,334.640137,102.970947,557.4364118419929,39.607689996907716
47245.0,338.552063,106.026619,561.8829212944736,37.28717704027068
47254.0,342.506622,109.026894,566.2961135853227,34.90391027029441
47263.0,346.625488,112.06649,570.6445825913265,32.47441603874982
47272.0,350.784302,115.051224,574.9282983995631,30.00071868865889
47281.0,354.859222,117.885895,579.2359549808355,27.431609607529555
47290.0,359.104553,120.746208,583.4467074704228,24.835658302705554
47299.0,363.132446,123.373055,587.6173487570841,22.17574270938708
47308.0,367.328735,126.024734,591.7466896760811,19.452152563957885
47317.0,371.566376,128.609802,595.8622723436324,16.646158226145268
47326.0,375.840118,131.134766,599.9205373369307,13.787714508824818
47335.0,380.285645,133.672821,603.9627290748031,10.847592965608815
47344.0,384.49588,135.996231,607.9186630938393,7.877746884981983
47353.0,388.874573,138.334473,611.856990014551,4.82795902631942
47362.0,393.423431,140.682266,615.763706024374,1.7100753284886783
47371.0,397.869202,142.890259,619.5970590364624,-1.443592365747397
47380.0,402.209167,144.961243,623.4075541639024,-4.678365250870117
47389.0,406.863525,147.092239,627.1664523492447,-7.972953717862145
47399.0,411.924652,149.284286,631.239373388789,-11.666394522109975
47408.0,416.368073,151.122818,634.8160714153287,-15.033408374893227
47417.0,421.123871,153.016693,638.3582817210987,-18.486254426381713
47426.0,425.61792,154.727783,641.7991384893446,-21.943505310327286
47435.0,430.282959,156.424164,645.2597321883768,-25.526229995187016
47444.0,434.972687,158.05101,648.654892917599,-29.14743129636692
47453.0,439.683655,159.61528,651.9623354777929,-32.77928685088804
47462.0,444.418152,161.106888,655.2167531942578,-36.45873197001225
47471.0,449.325104,162.564987,658.4812766654944,-40.26650207844387
47480.0,454.107086,163.8965,661.6604351912881,-44.10115668937322
47489.0,458.911926,165.143005,664.805726466751,-48.030095679065376
47498.0,463.887482,166.34639,667.8611013643845,-51.985890538447954
47507.0,468.88147,167.47084,670.8264102596559,-55.966739492696775
47516.0,473.744141,168.468124,673.7404801835421,-60.02775232366735
47525.0,478.624817,169.373154,676.578210714101,-64.14247153286496
47534.0,483.674103,170.215164,679.3381195889768,-68.30978862386627
47544.0,489.130157,171.022339,682.296534090447,-72.96465730659753
47552.0,493.367615,171.583633,684.6437134929828,-76.8022982652247
47561.0,498.298096,172.158676,687.1838996745669,-81.1070726957257
47570.0,503.236664,172.659378,689.66346711247,-85.46688599606442
47579.0,508.335632,173.112015,692.0838935308907,-89.87947647618351
47588.0,513.44104,173.484955,694.4319341047036,-94.31151124101198
47597.0,518.552185,173.769104,696.7196443392988,-98.79434524136873
47606.0,523.512268,173.963135,698.9460541330284,-103.34634313726033
47615.0,528.630127,174.072037,701.0633454701369,-107.87411368449558
47624.0,533.749084,174.092239,703.0996260780225,-112.43889078973909
47633.0,538.712524,174.026718,705.0752965266952,-117.08646341539725
47642.0,543.829468,173.880737,706.9527111246437,-121.71884327482329
47651.0,548.78833,173.656723,708.7599433898624,-126.39753307352464
47660.0,553.897339,173.337311,710.5061697392041,-131.15445213429092
47669.0,558.845093,172.937592,712.1571496668951,-135.90878532313957
47678.0,563.785522,172.455673,713.7114836533528,-140.65932998592808
47687.0,568.718994,171.907227,715.1930551340721,-145.45111176731584
47696.0,573.800232,171.28653,716.6001280415555,-150.22937198943376
47705.0,578.71991,170.625381,717.9540414090827,-155.0408735562876
47714.0,583.784058,169.878067,719.2618595296675,-159.918661661156
47723.0,588.684937,169.089523,720.4940394511736,-164.76276749976472
47732.0,593.575928,168.242081,721.6678687391519,-169.63907260666736
47741.0,598.607727,167.301086,722.7938859445414,-174.59736315778514
47750.0,603.475403,166.328598,723.8305140070953,-179.45180622582552
47759.0,608.331726,165.300674,724.8137863604762,-184.35250048416106
47768.0,613.174377,164.210358,725.7419136264416,-189.28147669338088
47777.0,618.155212,163.029114,726.5988429406113,-194.17084141606952
47786.0,622.975952,161.845505,727.4046363445964,-199.1038248667476
47795.0,627.937866,160.587067,728.1637824815812,-204.02676322305328
47804.0,632.590454,159.371582,728.8743406625897,-208.887283578868
47813.0,637.234253,158.122879,729.5575261181585,-213.8213369379783
47822.0,642.019775,156.80426,730.1998452153766,-218.7261127619005
47831.0,646.796753,155.455002,730.8123372092246,-223.66943942263788
47840.0,651.564819,154.074448,731.3894781086786,-228.59966493706384
47849.0,656.471191,152.61438,731.9322993009525,-233.53378698603444
47858.0,661.212769,151.145523,732.435229010758,-238.48945915278233
47867.0,665.928101,149.594513,732.8698491760263,-243.4169843954904
47876.0,670.471741,148.019821,733.2191784275269,-248.29945170409312
47885.0,675.140442,146.333588,733.4981076414018,-253.27276281550527
47894.0,679.795593,144.61026,733.7137208865676,-258.23196901906533
47904.0,684.975037,142.714584,733.9166758570657,-263.74366822130156
47913.0,689.800598,141.006287,734.1144415210493,-268.75536608081677
47921.0,693.978333,139.586685,734.3334775650759,-273.214044042988
47930.0,698.701111,138.058441,734.6451173108763,-278.2199512896075
47939.0,703.439758,136.580063,735.0253989726884,-283.22111240984475
47948.0,708.331299,135.071152,735.4569394142025,-288.25271035482206
47957.0,713.219543,133.551437,735.9058540807523,-293.3000919567988
47966.0,718.100159,132.007446,736.346054859592,-298.3655419082292
47975.0,722.819885,130.469803,736.7574651696583,-303.39882578551016
47984.0,727.520203,128.873856,737.1255597145017,-308.47002548007885
47993.0,732.496765,127.12738,737.4345146311515,-313.5451714676949
48002.0,737.313416,125.394073,737.6869465703878,-318.5371557275482
48011.0,741.975769,123.690292,737.9030245548847,-323.5826007363832
48019.0,746.243713,122.112541,738.0716846079034,-328.06071633705324
48029.0,751.411499,120.185402,738.2591939128378,-333.5902082906266
48038.0,756.058167,118.439293,738.4115267679053,-338.53451758585175
48047.0,760.555298,116.736298,738.5496852143848,-343.4275156636354
48056.0,765.050476,115.028214,738.6761107933058,-348.3380724172919
48065.0,769.831726,113.199547,738.7929061187249,-353.2661082494631
48074.0,774.320862,111.475578,738.9004362852683,-358.1771151035787
48083.0,778.808044,109.746521,739.0001504286446,-363.0882868728715
48093.0,783.793457,107.824471,739.105287958643,-368.55100260750544
48102.0,788.281006,106.096489,739.1964880079107,-373.44510114518386
48111.0,792.912781,104.311264,739.2864142157559,-378.30474592859446
48120.0,797.544556,102.526062,739.3766709566074,-383.2333392402742
48129.0,802.03064,100.794167,739.4639921402003,-388.1275085218197
48139.0,807.013672,98.865974,739.5566616472817,-393.52149700989895
48148.0,811.78656,97.015549,739.6369860862949,-398.4157861237566
48157.0,816.269348,95.275169,739.7137649994523,-403.29289428050487
48166.0,820.750244,93.529945,739.7871916208263,-408.1872917384972
48175.0,825.229553,91.780708,739.8557264411872,-413.0472852695783
48185.0,830.204712,89.832306,739.9271517404895,-418.47607136013
48194.0,834.969543,87.961304,739.9869880051756,-423.3534168057172
48203.0,839.444092,86.19989,740.04203692889,-428.19634495616174
48212.0,844.06134,84.377426,740.0931398180356,-433.0565530420849
48222.0,849.189636,82.347557,740.144837862534,-438.4510897932127
48231.0,853.660156,80.57589,740.1869253520373,-443.3286206867441
48240.0,858.129272,78.800758,740.2246757848113,-448.1717145697073
48249.0,862.452332,77.07814,740.2577692041189,-453.04931477880194
48259.0,867.412598,75.09214,740.2875407109229,-458.4612530919756
48268.0,871.874207,73.298103,740.3069466302468,-463.32169109220223
48277.0,876.477173,71.439873,740.3186273449762,-468.199389579713
48286.0,880.934143,69.634438,740.3225123241683,-473.04262902880816
48296.0,886.043945,67.558388,740.3193693530287,-478.5063555244669
48305.0,890.640198,65.683624,740.3103334325783,-483.3840596284797
48314.0,894.947876,63.922783,740.2949144314965,-488.27898355024786
48323.0,899.54126,62.040958,740.2742192567097,-493.1394162319638
48332.0,903.991089,60.217941,740.2508369077835,-497.99983672915806
48342.0,909.092468,58.121342,740.2225528029608,-503.4117830202468
48351.0,913.538391,56.288841,740.192850703603,-508.2549329497518
48360.0,917.983398,54.454166,740.1584998700374,-513.1325244654857
48369.0,922.570923,52.558159,740.1215852077712,-517.9756247909054
48379.0,927.667542,50.449966,740.077746131053,-523.4219400231395
48388.0,932.111206,48.612072,740.037420797885,-528.247776818296
48397.0,936.555054,46.774551,739.996807426623,-533.1080838762736
48407.0,941.814209,44.608459,739.9537704129782,-538.5199329561788
48416.0,946.262817,42.78249,739.9188429430761,-543.3458118375669
48425.0,950.713013,40.960407,739.8873914314568,-548.2234229102687
48434.0,955.308899,39.084736,739.8599394404374,-553.0838221255572
48443.0,959.905334,37.210464,739.8354416482375,-558.030416869799
48453.0,965.015198,35.134567,739.8119715042486,-563.4251502829914
48462.0,969.328613,33.387897,739.7941240521121,-568.2855942557375
48471.0,973.930481,31.527048,739.7795439599829,-573.163284938329
48480.0,978.38855,29.7243,739.7668107647413,-578.0065092073577
48490.0,983.502625,27.658779,739.753126814603,-583.4357478961515
48499.0,988.106323,25.802425,739.7417566283467,-588.2962113372872
48508.0,992.709473,23.944649,739.731096863246,-593.2256194843823
48517.0,997.167664,22.142206,739.7196334900391,-598.0860827066304
48526.0,1001.771179,20.285379,739.7062429149983,-602.9810125976531
48536.0,1006.886292,18.222452,739.691442714845,-608.4102483582758
48545.0,1011.489502,16.364782,739.6776140839802,-613.3051770313513
48554.0,1016.091553,14.504303,739.6612512672156,-618.2000978891099
48563.0,1020.69165,12.638996,739.640893166262,-623.0777678781402
48572.0,1025.290161,10.769707,739.6153625750367,-627.9898854710693
48582.0,1030.237305,8.751168,739.5810462532628,-633.4535051034826
48591.0,1034.974609,6.811531,739.5440995979471,-638.3827863143591
48600.0,1039.423706,4.9869,739.5024281806878,-643.2258480471222
48609.0,1043.872314,3.160913,739.4561031320279,-648.137813544533
48618.0,1048.46228,1.270855,739.4058422653569,-653.0325037074314
48628.0,1053.400391,-0.769611,739.3444899390096,-658.4441761421142
48637.0,1057.843994,-2.607725,739.2840895245766,-663.35598872484
48646.0,1062.43103,-4.504924,739.2211689404818,-668.2505325182481
48655.0,1067.017456,-6.403592,739.1568547514006,-673.1622954138865
48664.0,1071.46167,-8.240299,739.0930725895086,-678.0223536418891
48673.0,1076.049561,-10.13531,739.0297211523805,-682.9341290493463
48683.0,1080.988281,-12.174212,738.9617949242805,-688.3284858668557
48692.0,1085.433472,-14.008393,738.9013313894651,-693.1885865144461
48701.0,1090.022949,-15.899518,738.8414071476132,-698.1004049295675
48710.0,1094.470947,-17.727066,738.784309046662,-702.9777831987808
48719.0,1099.065063,-19.607121,738.7302470632163,-707.9413799332935
48729.0,1104.011841,-21.626509,738.677711712996,-713.3186720421437
48738.0,1108.465332,-23.440611,738.6341458768875,-718.2134263734102
48747.0,1113.207275,-25.36875,738.5938977294983,-723.0909727915141
48756.0,1117.664917,-27.172535,738.5574164426746,-727.9340764007798
48766.0,1122.619507,-29.172735,738.5218302307621,-733.3632157075124
48775.0,1127.224365,-31.026121,738.494239348435,-738.2408501461864
48784.0,1131.829346,-32.879471,738.4683566451777,-743.1702018679558
48793.0,1136.433838,-34.733891,738.4433819400614,-747.9961425192781
48802.0,1141.038452,-36.588135,738.4174745968899,-752.9082581396048
48812.0,1145.994019,-38.585728,738.3883415384805,-758.2684919715041
48821.0,1150.454102,-40.383476,738.3606151649694,-763.1288896293094
48830.0,1155.056885,-42.241989,738.3308420004796,-768.0065112354615
48839.0,1159.512573,-44.050739,738.2962261997418,-772.8841008779453
48849.0,1164.61377,-46.14798,738.2439489110927,-778.3475781756673
48858.0,1169.195801,-48.057194,738.1780389730526,-783.2248453258477
48867.0,1173.624878,-49.929916,738.0875432540566,-788.1361956068494
48876.0,1178.183105,-51.895248,737.9685463907952,-793.0296971846627
48885.0,1182.583496,-53.834614,737.8148350900818,-797.9222313727421
48895.0,1187.605347,-56.115246,737.595064544911,-803.364287269275
48904.0,1192.243774,-58.280804,737.3445018757507,-808.3045927309247
48913.0,1196.717041,-60.432602,737.0400332709721,-813.2418691637657
48922.0,1201.161377,-62.643391,736.6734242297778,-818.2094865733695
48931.0,1205.576294,-64.912392,736.2461563088976,-823.1203541581274
48940.0,1209.959106,-67.242813,735.7448132109515,-828.0935104831134
48949.0,1214.308472,-69.635094,735.1746655409853,-833.0418997717285
48958.0,1218.758301,-72.165482,734.5322532395461,-837.9814272139282
48967.0,1223.03833,-74.679764,733.8156236242813,-842.9107341542367
48976.0,1227.274292,-77.267593,733.0094487665981,-847.8960412793158
48985.0,1231.465698,-79.926956,732.125269044977,-852.8330902878627
48994.0,1235.610107,-82.658981,731.1517055246596,-857.7708623425583
49003.0,1239.707764,-85.460648,730.0980548573866,-862.6569086998866
49012.0,1243.875366,-88.433105,728.9505217084977,-867.539468926358
49021.0,1247.859985,-91.393425,727.6951636486623,-872.4488132364897
49030.0,1251.907837,-94.526939,726.3507345780042,-877.2987543976001
49039.0,1255.891968,-97.741051,724.912499001651,-882.1037211113032
49048.0,1259.809692,-101.035858,723.3904456782998,-886.8285035318842
49057.0,1263.546265,-104.303688,721.7632968433062,-891.5363705208747
49066.0,1267.322144,-107.760101,720.034505462942,-896.2078697749112
49075.0,1271.010498,-111.309845,718.1861705313462,-900.8704746985094
49084.0,1274.503906,-114.836342,716.2260315836364,-905.4871923635384
49093.0,1278.030884,-118.546455,714.158536348171,-910.0568411623245
49102.0,1281.576782,-122.450706,711.9815970564391,-914.5945007035793
49111.0,1284.931152,-126.317528,709.7101442327014,-919.0662709081464
49119.0,1287.843506,-129.81366,707.5872717559014,-923.0323964384677
49128.0,1291.136597,-133.933334,705.1035254799891,-927.4492493736137
49137.0,1294.064819,-137.747742,702.5866859286419,-931.707760660244
49146.0,1296.981689,-141.764191,699.9180564402757,-935.995140009724
49155.0,1299.883301,-145.981369,697.1520493702569,-940.1997355528017
49164.0,1302.5979,-150.137207,694.290527947736,-944.3189492934732
49173.0,1305.304932,-154.481903,691.3619449858751,-948.32689353915
49182.0,1307.899414,-158.894714,688.2863002491513,-952.3323416396736
49191.0,1310.376099,-163.374695,685.0777897890805,-956.298900504361
49200.0,1312.732666,-167.919022,681.8217317245238,-960.1139119818215
49209.0,1314.97168,-172.5224,678.4317846924847,-963.8803220144368
49218.0,1317.038086,-177.035751,674.9706862123203,-967.5341167682277
49227.0,1319.121704,-181.880859,671.4316829118237,-971.0882245791972
49236.0,1321.013672,-186.63739,667.7912436631016,-974.5633678666877
49245.0,1322.725098,-191.296921,664.0600432839103,-977.9408761971861
49254.0,1324.369141,-196.14473,660.2151829068251,-981.2415782580417
49262.0,1325.700317,-200.351501,656.7736078353339,-984.0575614859104
49272.0,1327.258179,-205.821808,652.3936711941674,-987.4660233607913
49280.0,1328.368042,-210.0923,648.7752351064167,-990.1387858930573
49289.0,1329.491333,-214.927429,644.6407015168612,-993.0385853739523
49298.0,1330.5625,-220.091629,640.4327086329124,-995.8307173409555
49307.0,1331.424805,-224.822464,636.2422452757309,-998.4592942482765
49316.0,1332.182373,-229.728195,631.9110203377044,-1001.0224776846392
49325.0,1332.817627,-234.651276,627.529550349155,-1003.4635732240151
49334.0,1333.358154,-239.741669,623.1194926657903,-1005.7793919014337
49343.0,1333.792847,-244.842194,618.6268468104114,-1008.0092708019721
49352.0,1334.104004,-249.951736,614.1003943541175,-1010.1293785576017
49361.0,1334.293701,-254.912003,609.5254514964047,-1012.1427157333545
49370.0,1334.372803,-259.875275,604.888926065419,-1014.0555300528176
49379.0,1334.346436,-264.839081,600.2265598581362,-1015.8571876462001
49388.0,1334.223267,-269.956604,595.5268662190309,-1017.559100814703
49397.0,1334.015625,-275.071411,590.8434885483653,-1019.1513863731044
49406.0,1333.715088,-280.18158,586.0495786422587,-1020.683654823604
49415.0,1333.345093,-285.131653,581.279176841958,-1022.1171441262976
49424.0,1332.885132,-290.22995,576.502452718595,-1023.4673744363564
49433.0,1332.374634,-295.167511,571.7225224025311,-1024.7408208934783
49442.0,1331.798218,-300.097809,566.9085565965877,-1025.951584479057
49452.0,1331.067871,-305.738495,561.5755041395424,-1027.2163011877096
49461.0,1330.355103,-310.807648,556.7148088667652,-1028.3050005871994
49470.0,1329.615234,-315.716095,551.9267554782963,-1029.3223808969653
49479.0,1328.832153,-320.617828,547.0949598100306,-1030.2985616852252
49488.0,1328.007202,-325.512695,542.2205860631356,-1031.237015635348
49497.0,1327.147217,-330.40152,537.3892536669524,-1032.1245844132345
49506.0,1326.246948,-335.283112,532.51698421005,-1032.9792130138085
49515.0,1325.283691,-340.310669,527.6211820710786,-1033.7985643773648
49524.0,1324.316895,-345.179504,522.753512702193,-1034.5763646257915
49533.0,1323.287476,-350.193939,517.8124809131699,-1035.3312378565192
49543.0,1322.140625,-355.588837,512.4228568472683,-1036.116237157008
49552.0,1321.112061,-360.286316,507.5402448428597,-1036.7939379210945
49561.0,1320.026001,-365.129944,502.65365897192214,-1037.4423643526907
49570.0,1318.953003,-369.817474,497.7978540204128,-1038.0601638496069
49579.0,1317.821655,-374.650726,492.9049155795565,-1038.658772006275
49588.0,1316.669434,-379.479034,488.04344367315304,-1039.2302690305703
49598.0,1315.405518,-384.670471,482.66544039909013,-1039.8361101255641
49607.0,1314.210815,-389.488464,477.7987788605339,-1040.3615845918
49616.0,1313.002319,-394.303009,472.9642977840745,-1040.8636073652954
49625.0,1311.775635,-399.112946,468.09367426829505,-1041.3509927498
49634.0,1310.539062,-403.920349,463.238422797126,-1041.8185525062725
49644.0,1309.184814,-409.088959,457.81535113445193,-1042.323097068204
49653.0,1307.864868,-414.034882,452.85401957374637,-1042.766734377311
49662.0,1306.55835,-418.823761,447.99361224095077,-1043.177245684625
49671.0,1305.178955,-423.753418,443.0965922826605,-1043.5629224741704
49680.0,1303.847534,-428.374207,438.2315252858847,-1043.9139240283105
49689.0,1302.433838,-433.132538,433.2951382041229,-1044.2324868707735
49699.0,1300.868896,-438.241302,427.87440571432546,-1044.5365909063298
49708.0,1299.424927,-442.828156,423.002265695854,-1044.769680190801
49717.0,1297.895386,-447.550537,418.09399814969316,-1044.9657943238756
49726.0,1296.382324,-452.115051,413.2187885929321,-1045.1220337292505
49735.0,1294.835083,-456.668091,408.3252896778735,-1045.2411400424683
49745.0,1293.012573,-461.873718,402.86225996834435,-1045.3284526442696
49754.0,1291.388428,-466.399933,398.0191479045991,-1045.363793730498
49763.0,1289.725098,-470.911865,393.08973109617835,-1045.3584795891554
49772.0,1287.974854,-475.556946,388.1777637769334,-1045.3123481188052
49781.0,1286.185181,-480.187012,383.2490967130272,-1045.2262128509424
49790.0,1284.358276,-484.80249,378.32130412945344,-1045.099569396652
49799.0,1282.548584,-489.257751,373.41200076403703,-1044.9313685518314
49809.0,1280.488525,-494.187744,367.9362726486758,-1044.6918722692194
49818.0,1278.585327,-498.603882,363.0312101129542,-1044.4274624007428
49827.0,1276.568726,-503.139709,358.1296863884571,-1044.1040180684702
49836.0,1274.500488,-507.652191,353.18108399666556,-1043.7147243376262
49845.0,1272.447266,-512.00061,348.2715376440397,-1043.2725332899365
49854.0,1270.272705,-516.46283,343.3847236154274,-1042.7739355486208
49863.0,1268.040161,-520.896301,338.4875090357625,-1042.2113809539753
49872.0,1265.739746,-525.294922,333.5815193612646,-1041.5783998963577
49882.0,1263.097778,-530.136414,328.17474728857013,-1040.7915499414348
49891.0,1260.571167,-534.58844,323.25863562304517,-1039.9893834940328
49900.0,1257.969238,-538.996887,318.373799199078,-1039.1070069576044
49909.0,1255.293823,-543.361145,313.55559154477004,-1038.1507506855626
49918.0,1252.63269,-547.551453,308.72078247024774,-1037.104796136598
49927.0,1249.822021,-551.829834,303.9208744639239,-1035.9822715524274
49936.0,1247.029419,-555.933716,299.17345149069774,-1034.7895884181403
49945.0,1244.175171,-559.994934,294.37922953436174,-1033.5028673627808
49954.0,1241.260132,-564.012756,289.58913428330754,-1032.1366271192244
49964.0,1237.950195,-568.424561,284.3763018144424,-1030.5584480656762
49973.0,1235.013306,-572.2323,279.6976841536805,-1029.0617557652156
49982.0,1231.930298,-576.122681,275.0408570629191,-1027.4985819090377
49991.0,1228.794067,-579.970276,270.3736931567758,-1025.8593806466004
50000.0,1225.603394,-583.772888,265.68144820914995,-1024.1370374502292
50009.0,1222.375732,-587.544128,261.04548897842534,-1022.3627496348006
50018.0,1219.105713,-591.278748,256.4295057367688,-1020.5371226319149
50027.0,1215.780396,-594.964172,251.77079299809856,-1018.6329654927023
50036.0,1212.295288,-598.713623,247.20367525233416,-1016.6883188057066
50045.0,1208.858887,-602.295654,242.66723325267245,-1014.6731490300737
50054.0,1205.366943,-605.823669,238.14764159384717,-1012.5791298910108
50063.0,1201.825928,-609.302368,233.7392144767248,-1010.4516223590587
50072.0,1198.23584,-612.730408,229.31716512903785,-1008.234669659472
50082.0,1194.057495,-616.589417,224.41020912139675,-1005.6788481197036
50091.0,1190.361084,-619.902527,220.10522439293553,-1003.3491218625558
50100.0,1186.499878,-623.263306,215.80596339813815,-1000.9375801959341
50109.0,1182.827637,-626.367981,211.54291215654467,-998.4625908176232
50118.0,1178.990479,-629.516968,207.3021496726238,-995.9159590694923
50127.0,1175.108032,-632.609985,203.12863571914664,-993.3253351411724
50136.0,1171.184692,-635.65094,198.96356857461782,-990.6566996495495
50145.0,1167.342407,-638.54248,194.8509735262244,-987.9390278004903
50155.0,1162.74585,-641.892456,190.3096431136778,-984.8395909398712
50164.0,1158.692993,-644.758545,186.26613395760148,-981.9901289888513
50173.0,1154.599854,-647.566772,182.27803854548802,-979.0928417585066
50182.0,1150.471558,-650.323059,178.31735774768552,-976.129329092176
50191.0,1146.435059,-652.936646,174.383878178801,-973.1014661953316
50200.0,1142.10022,-655.659363,170.53321917731913,-970.0515520469999
50209.0,1137.992065,-658.158813,166.73951454650216,-966.9582814284456
50218.0,1133.716797,-660.681213,162.9775322121659,-963.799636153327
50228.0,1128.917236,-663.39856,158.8358987354784,-960.2096738962101
50237.0,1124.563477,-665.782837,155.2282991780375,-956.978233213245
50246.0,1120.031128,-668.162292,151.55955202765887,-953.5835427883027
50255.0,1115.458618,-670.463623,148.03647796287171,-950.2101130635048
50264.0,1110.985596,-672.615967,144.5615085399174,-946.7626349337611
50273.0,1106.47644,-674.691528,141.13718594061675,-943.2407652891254
50283.0,1101.417603,-676.888916,137.4063295345341,-939.2491456210178
50292.0,1096.828125,-678.780151,134.125531202793,-935.5932034217624
50301.0,1092.349365,-680.530762,130.8691506373708,-931.8239050082078
50310.0,1087.693604,-682.252563,127.71704705884399,-928.033994542052
50319.0,1083.006714,-683.887451,124.64822698361701,-924.19838580239
50328.0,1078.439087,-685.391235,121.6415739667462,-920.2920811615121
50337.0,1073.699585,-686.866943,118.70669975789936,-916.3315645677475
50346.0,1068.933228,-688.253357,115.85418854035899,-912.3324733195145
50355.0,1064.293091,-689.515808,113.03605782989314,-908.2251914669977
50364.0,1059.330933,-690.773438,110.29261537061714,-904.0676503198904
50374.0,1053.794189,-692.075562,107.38594396738456,-899.4820117227027
50383.0,1049.252075,-693.08844,104.87262655397836,-895.362113364076
50392.0,1044.393066,-694.103271,102.35694327189327,-891.1229488313553
50401.0,1039.363525,-695.055969,99.91557708468271,-886.880278789333
50410.0,1034.622437,-695.859863,97.54635076257108,-882.5772196806871
50420.0,1029.166016,-696.664185,94.99416051581122,-877.707259135345
50429.0,1024.242676,-697.297302,92.81104402919665,-873.3261039964119
50438.0,1019.309875,-697.851868,90.70920385759023,-868.9053816755107
50447.0,1014.368103,-698.319824,88.66371097187728,-864.4014546601073
50456.0,1009.419495,-698.70929,86.7026660473212,-859.8789021601233
50465.0,1004.464844,-699.011536,84.8061649054004,-855.2915828274834
50474.0,999.505676,-699.227844,82.9840618472111,-850.6556831992966
50483.0,994.543579,-699.361145,81.25688041097898,-846.0203575373913
50492.0,989.579895,-699.408386,79.61748626899588,-841.3715334754945
50501.0,984.61615,-699.367188,78.04518628371872,-836.6450656956845
50511.0,979.102539,-699.226135,76.41237141743069,-831.4129654983286
50520.0,974.142334,-699.034851,75.01368793758407,-826.6502037192635
50529.0,969.18457,-698.788391,73.67944296981044,-821.8689898977648
50538.0,964.229858,-698.486511,72.40157984378358,-817.0723993302787
50547.0,959.124573,-698.112061,71.18366852227842,-812.2780180648251
50556.0,954.332825,-697.708008,70.01924685650907,-807.4526333728854
50565.0,949.391846,-697.231506,68.91945767952038,-802.6474651055489
50574.0,944.610596,-696.717896,67.87215375517822,-797.8129481497776
50583.0,939.526489,-696.121338,66.87179829193002,-792.9333053488716
50592.0,934.756531,-695.511597,65.92872855623226,-788.0773791571762
50601.0,929.838318,-694.839905,65.03083922191814,-783.1953703509322
50610.0,924.925354,-694.130859,64.1760975266443,-778.3056227219354
50620.0,919.473755,-693.294006,63.27740956642824,-772.8988383899184
50629.0,914.57312,-692.504028,62.50677796880532,-768.0125794276521
50638.0,909.831482,-691.703186,61.78256748327894,-763.1715013330387
50647.0,904.942261,-690.84552,61.08583164200973,-758.2567506365693
50656.0,899.907349,-689.921326,60.42532319384955,-753.3370002535897
50665.0,895.183594,-689.020996,59.810244643223996,-748.480849893268
50674.0,890.465759,-688.090149,59.22603534702955,-743.5861713737451
50683.0,885.60144,-687.100952,58.67371739321078,-738.687791724399
50693.0,880.373108,-685.999512,58.09960340813506,-733.2716432214817
50702.0,875.673523,-684.98053,57.613907225484375,-728.3835300603482
50711.0,870.827637,-683.904541,57.15665004880563,-723.4926746206294
50720.0,865.986633,-682.806702,56.71884784498225,-718.5308247490984
50729.0,861.150024,-681.68988,56.30988850150467,-713.6356941774721
50738.0,856.468811,-680.589539,55.92161388966025,-708.7388795104005
50747.0,851.489136,-679.403198,55.5492970024712,-703.8062554783935
50756.0,846.665344,-678.232178,55.197318010056385,-698.9066981670898
50766.0,841.310669,-676.910217,54.82577329901905,-693.4210673650229
50775.0,836.645081,-675.745483,54.515062328484554,-688.5532611171412
50784.0,831.832092,-674.530884,54.216987842403014,-683.6501291937035
50793.0,827.173218,-673.339661,53.93312153900957,-678.7461541754506
50802.0,822.518433,-672.132385,53.66512731485648,-673.841286169713
50811.0,817.866394,-670.914734,53.41300793396522,-668.9355765497227
50821.0,812.700439,-669.550415,53.14897542238634,-663.512744556823
50830.0,808.053345,-668.313965,52.921577558327584,-658.6058268614389
50839.0,803.259766,-667.024841,52.70667724092728,-653.7155982574666
50848.0,798.468201,-665.728149,52.50159562574523,-648.7904464991597
50857.0,793.678894,-664.423157,52.30554798398649,-643.8476775355377
50866.0,788.891846,-663.109924,52.12032408536744,-638.9562350026163
50876.0,783.574768,-661.644165,51.92243599788976,-633.4788453718144
50885.0,778.790955,-660.319275,51.752718563032964,-628.5695942018133
50894.0,774.008362,-658.989929,51.58901827771868,-623.642893426667
50903.0,769.227234,-657.655396,51.4310911517265,-618.716004211948
50912.0,764.596558,-656.358826,51.279594904829864,-613.8234009342741
50921.0,759.669678,-654.969482,51.13280829043732,-608.8789238744206
50930.0,754.893372,-653.617859,50.995629760130434,-604.0031407552746
50939.0,750.119324,-652.25824,50.86333264946287,-599.0410129137706
50949.0,744.816772,-650.740723,50.72666453892681,-593.596236214853
50958.0,740.045776,-649.370483,50.61072747955361,-588.6854206353233
50967.0,735.424683,-648.040283,50.49922388442888,-583.7572622308569
50976.0,730.655945,-646.66217,50.392326753905124,-578.8462415567634
50985.0,725.88855,-645.279236,50.28910468383387,-573.8834237638991
50994.0,721.122559,-643.891541,50.19256084615037,-568.9894277245772
51003.0,716.358154,-642.498352,50.10076576781732,-564.0608628244432
51013.0,711.06427,-640.950928,50.003653077778274,-558.5979985369961
51022.0,706.448181,-639.603271,49.91939227346873,-553.7037756096679
51031.0,701.83252,-638.25415,49.83660180588548,-548.7578130699735
51040.0,696.919495,-636.816589,49.75672505467696,-543.8290406045562
51049.0,692.155884,-635.420837,49.67922939697382,-538.8657544286485
51058.0,687.393188,-634.021851,49.60613643937745,-533.9713519763487
51067.0,682.780212,-632.663574,49.53640367559602,-529.0424255564379
51077.0,677.488464,-631.108765,49.46147530537672,-523.5792119566445
51086.0,672.873718,-629.756531,49.394393234396496,-518.66748608343
51095.0,668.110718,-628.358643,49.3279285610729,-513.7557518168917
51104.0,663.496094,-627.006042,49.26398772528399,-508.87845845441285
51113.0,658.584167,-625.564697,49.20142345875089,-503.91496160708107
51122.0,653.820374,-624.169617,49.14069358765225,-499.0376272063164
51131.0,649.05603,-622.776367,49.07760892441955,-494.0913740758299
51141.0,643.594238,-621.189026,49.00378715502359,-488.6453827225613
51150.0,638.975098,-619.851929,48.93152386774688,-483.69925517437827
51159.0,634.206665,-618.472656,48.856227177875304,-478.78764836332533
51168.0,629.437805,-617.09491,48.779318972053495,-473.8760665218241
51177.0,624.519653,-615.675049,48.70091212148449,-468.9300325478843
51186.0,619.899902,-614.340149,48.62374702408282,-464.07016838399096
51196.0,614.767395,-612.854919,48.53818029361966,-458.60711105020164
51205.0,609.999695,-611.473083,48.463515935722356,-453.7299700631288
51214.0,605.381592,-610.132324,48.389693039574006,-448.78386554688706
51223.0,600.76416,-608.789429,48.319507960754954,-443.94113310444493
51233.0,595.634399,-607.294678,48.24477720170159,-438.5985784717568
51242.0,591.017761,-605.948914,48.179032853466694,-433.7385463911603
51251.0,586.253357,-604.555908,48.11596518973666,-428.9129532280587
51260.0,581.638733,-603.20343,48.05583298056734,-424.0528484698079
