cntlog,x_original_mm,y_original_mm,x_recovered_mm,y_recovered_mm
10.0,-0.005981,5.343074,-0.002211826255358623,5.291369606147137
19.0,-0.016453,9.99671,-0.008895624878995872,10.100134502189032
29.0,-0.03282,15.339762,-0.021853275770916794,15.460431841613927
38.0,-0.049815,19.993378,-0.037482900477618625,20.26917598259298
47.0,-0.066007,24.646997,-0.05483910981491954,25.060678355978105
57.0,-0.082758,29.645332,-0.07338847812893069,30.30030839085105
66.0,-0.097641,34.298958,-0.08935432004024896,35.10905142728593
76.0,-0.109355,39.642021,-0.10492758281777634,40.434870193062615
85.0,-0.118756,44.295658,-0.11657825828651144,45.20915405229222
94.0,-0.128872,49.259541,-0.12693644866949477,49.983440890620145
104.0,-0.143086,54.6026,-0.13918590189634203,55.326504116943305
113.0,-0.158573,59.411346,-0.15219380958183024,60.11802026806869
123.0,-0.172216,64.75441,-0.1684615711086088,65.44383695777438
132.0,-0.184351,69.563164,-0.1826729659788842,70.21811388135087
141.0,-0.198431,74.527031,-0.19655192681438613,75.02686339375168
151.0,-0.217703,79.870071,-0.21356045130514528,80.38714941017439
160.0,-0.239709,84.678787,-0.231854537266665,85.24759172236942
169.0,-0.264958,89.487488,-0.25382004721094475,90.14249064490956
178.0,-0.293471,94.451294,-0.2785125255769645,94.98566870645969
188.0,-0.324834,99.794281,-0.30795261624328385,100.32866486691617
197.0,-0.353513,104.602966,-0.33503765948755,105.13735813005964
207.0,-0.387179,109.945938,-0.3660224085510461,110.46310953223173
216.0,-0.419441,114.909721,-0.3956963597804575,115.30625963428173
225.0,-0.450965,119.718384,-0.4256716121896532,120.02875537919051
235.0,-0.484581,124.888992,-0.4602295974320841,125.40619307130575
244.0,-0.517989,129.697647,-0.49145960099676456,130.21486120140648
253.0,-0.552971,134.351166,-0.5240386186645812,135.00628425095715
263.0,-0.588383,139.694122,-0.5610093543335011,140.40094203544967
272.0,-0.617779,144.502808,-0.5909821254346936,145.2268542330518
281.0,-0.643417,149.311508,-0.6167017886530383,150.1044988975453
291.0,-0.669492,154.826874,-0.6405651861601658,155.46475877986646
300.0,-0.689064,159.635605,-0.6582624597084075,160.34243914871465
309.0,-0.705199,164.444351,-0.671511645660108,165.16842623583412
318.0,-0.720276,169.253098,-0.681487379009487,170.01165696945736
328.0,-0.735113,174.768509,-0.6900262158356175,175.40643467899716
337.0,-0.74786,179.577255,-0.695747544778838,180.180729325658
346.0,-0.762341,184.386002,-0.7010559509414618,185.00673168027785
356.0,-0.783676,189.729034,-0.7093945933532312,190.3153309327426
365.0,-0.807952,194.537735,-0.7214539127990923,195.1413211398179
374.0,-0.836019,199.34642,-0.7382229492611336,199.95006144243197
384.0,-0.87584,204.689346,-0.7627851963157739,205.31031816797991
393.0,-0.91486,209.653091,-0.7900790218428634,210.1707182740252
402.0,-0.95803,214.616791,-0.8207919552875803,215.03109797724557
412.0,-1.006282,220.132019,-0.8571833496859076,220.44299582501063
421.0,-1.046196,224.940628,-0.8887602238382306,225.25166168984128
430.0,-1.082993,229.749252,-0.9178546752126392,230.14652343032085
439.0,-1.114477,234.557922,-0.9426127837539898,235.0241730702806
448.0,-1.142479,239.366608,-0.962068509322356,239.91908261186094
458.0,-1.166185,244.709625,-0.9771426906739636,245.29661021811108
467.0,-1.182348,249.673492,-0.9848987303522059,250.15708077018786
476.0,-1.196444,254.482239,-0.9869030598015616,254.9830856281046
486.0,-1.210214,259.99765,-0.984546011058189,260.3261623760011
495.0,-1.224218,264.651276,-0.9803329487932596,265.1866372904373
504.0,-1.240661,269.615143,-0.9762947677470796,270.0126408750885
514.0,-1.264454,274.95816,-0.9747255513505865,275.40742511402163
523.0,-1.296565,279.921936,-0.9787781976429764,280.26790016485927
532.0,-1.335802,284.885681,-0.9903965532557847,285.1455988013015
541.0,-1.376095,289.694275,-1.0081843216729565,290.02327884097537
551.0,-1.423399,295.03714,-1.0316242460934952,295.3835405918328
560.0,-1.466471,299.845703,-1.0547069317968496,300.2439625213959
569.0,-1.507754,304.654297,-1.0777709102610122,305.06991268264596
578.0,-1.547246,309.462891,-1.0997795801883334,309.94757550336107
588.0,-1.586036,314.805817,-1.1207519629798395,315.3078474765843
597.0,-1.616595,319.614502,-1.1357247846916259,320.15106533963547
606.0,-1.640861,324.578339,-1.1456667059116679,324.99429614278444
616.0,-1.657824,329.921387,-1.1486725430200009,330.30290109335004
625.0,-1.670248,334.730133,-1.1443099666646865,335.1461401357984
634.0,-1.675758,339.53891,-1.1345723482240964,339.9721355859371
644.0,-1.675208,344.881989,-1.1165562405687308,345.33241831053545
653.0,-1.672786,349.690765,-1.094834637075099,350.17561060759635
662.0,-1.67292,354.499542,-1.0714935882751506,355.0015594367297
672.0,-1.674515,360.187347,-1.0455411639576655,360.43075334209385
681.0,-1.676374,365.151245,-1.0222400400860003,365.29117422936105
690.0,-1.674829,369.960022,-0.9973610730060598,370.1515872962468
699.0,-1.669755,374.768799,-0.9697840850361381,375.01198580393026
708.0,-1.656248,379.732666,-0.9366842809648835,379.88958596969917
718.0,-1.618784,385.247986,-0.8878174147466572,385.3013855481773
727.0,-1.56237,390.056427,-0.8256603313975207,390.1787019692359
736.0,-1.47216,395.019501,-0.7382376269044454,395.0728694384027
745.0,-1.345209,399.981781,-0.6212032260928225,399.9146962014535
755.0,-1.159716,405.321625,-0.448333623472284,405.32395481504557
764.0,-0.941702,410.125458,-0.2466194145100656,410.2147450705579
773.0,-0.66368,415.081543,0.005931565064141914,415.10317385169276
782.0,-0.320509,419.878052,0.3236302055280882,420.00507334390244
791.0,0.104739,424.8237,0.7168367666518423,424.9187854754304
800.0,0.604289,429.76239,1.1855621072762008,429.8431835361729
809.0,1.190224,434.691589,1.7363993447060189,434.79375958903057
818.0,1.889159,439.762665,2.375744287740855,439.75106397532875
827.0,2.681241,444.820038,3.1075237313499287,444.69556876150364
836.0,3.560404,449.705444,3.939825675003194,449.6241489028005
845.0,4.594535,454.718903,4.889485307557486,454.5490218225025
854.0,5.744864,459.547668,5.9595702629603995,459.3961997054722
864.0,7.239598,465.035553,7.3043463925777194,464.69184832097176
873.0,8.695841,469.781036,8.661504965113265,469.37695233082377
882.0,10.266387,474.326111,10.162496428859647,473.9817333332308
891.0,12.003106,478.810303,11.83644564960632,478.56321486004066
901.0,14.218275,483.861359,13.8955260018343,483.56822742259226
910.0,16.194632,487.902496,15.876677420922272,487.8551731454915
919.0,18.565306,492.263702,18.084200459207285,492.14669606182474
929.0,21.259306,496.677185,20.708121401474347,496.7217951728347
938.0,23.75622,500.419128,23.218175372869677,500.6609300240112
948.0,26.766399,504.409424,26.27313847185629,504.9813232543622
958.0,30.106411,508.356659,29.48372442764877,509.0345296990102
967.0,33.182816,511.638794,32.542492532261434,512.495848667964
977.0,36.915642,515.216858,36.1305120290098,516.1469317257208
987.0,40.957359,518.711548,39.910179405245515,519.5992361631517
997.0,44.889153,521.797729,43.84786538804617,522.8431162010482
1006.0,48.660831,524.523682,47.55575867712162,525.6266114024005
1016.0,52.970425,527.38092,51.85851556012098,528.5863459168436
1025.0,57.064384,529.903564,55.84894662946591,531.1120783763976
1035.0,61.704144,532.553284,60.38587526022358,533.7674995318895
1044.0,65.954643,534.802185,64.56996426660695,536.0309131726045
1054.0,70.753883,537.150757,69.3198181384802,538.4016058460817
1063.0,75.127876,539.148865,73.64006139079076,540.3928718662754
1073.0,80.049232,541.229431,78.53930139661006,542.4814205053527
1082.0,84.520241,542.999817,82.99624134290977,544.2405346424218
1091.0,89.171799,544.732788,87.5573447620144,545.919989835033
1101.0,94.216705,546.492737,92.65944366921212,547.6727836586912
1110.0,98.783752,547.998169,97.3202059210908,549.1687158687108
1119.0,103.373299,549.433533,101.9738711062578,550.5714398216398
1128.0,108.135025,550.835693,106.73328899442548,551.9195277532589
1137.0,112.917969,552.163757,111.49747011743335,553.1851329596373
1146.0,117.569366,553.383911,116.28078420420792,554.3763863577435
1156.0,122.917992,554.730103,121.61837546739599,555.6218085230706
1165.0,127.747078,555.879089,126.46653566328939,556.6874341402015
1174.0,132.589935,556.968506,131.3103216072782,557.6909965121565
1183.0,137.445358,558.000488,136.18359868321613,558.6351288027115
1192.0,142.312164,558.977417,141.01725287417395,559.5099649131428
1201.0,147.189224,559.901794,145.87775900475174,560.3313408720383
1210.0,152.074997,560.778992,150.76398400087544,561.102187804213
1219.0,156.967941,561.615234,155.6235428621072,561.8192922123023
1228.0,161.561432,562.361023,160.47218619627026,562.4909883962931
1238.0,167.181427,563.236572,165.89016505071444,563.1965535813946
1247.0,172.090332,563.973389,170.76564969368133,563.7958870061855
1256.0,176.85022,564.657288,175.66201389465803,564.3657957029347
1265.0,181.614441,565.310364,180.52774384009305,564.8998275780214
1274.0,186.536255,565.955261,185.46543587232063,565.4091532457497
1283.0,191.615158,566.594849,190.371831093239,565.885035844072
1292.0,196.543304,567.189514,195.2808507297136,566.3330364243644
1302.0,202.022598,567.819885,200.70756663977556,566.7967452823615
1311.0,206.802261,568.348145,205.5869125408902,567.187259715881
1320.0,211.584229,568.855164,210.46807789705647,567.554332884711
1329.0,216.368118,569.343689,215.33366332115114,567.8980732736309
1338.0,220.99942,569.799194,220.20061382070858,568.2219124451278
1348.0,226.318985,570.299866,225.65370137241587,568.5627250784714
1357.0,231.107269,570.743347,230.4885287905198,568.8480797551784
1366.0,236.051132,571.188782,235.37570317708986,569.123841356503
1375.0,240.995712,571.626099,240.2290591661155,569.3868428537357
1385.0,246.490829,572.09906,245.6338056823472,569.6673383858047
1394.0,251.437195,572.515747,250.52274506188948,569.9098042363325
1403.0,256.384338,572.923279,255.3605101524387,570.1400484176545
1412.0,261.177429,573.311157,260.25034153198965,570.3638050378261
1421.0,265.97113,573.691711,265.10613234581245,570.5771819722644
1431.0,271.298187,574.105103,270.5305907570243,570.8053725404405
1440.0,276.093079,574.470032,275.4043804064905,571.000957373428
1449.0,280.888672,574.825806,280.26130498677236,571.1867469458241
1458.0,285.839508,575.185608,285.13579232119326,571.3640946289446
1468.0,291.341278,575.573669,290.5273864537387,571.5495997689883
1477.0,295.829193,575.882507,295.38529260730746,571.7076565526966
1486.0,300.781891,576.215881,300.26069153867945,571.8578705138125
1495.0,305.58017,576.533325,305.11910397798044,571.9995134218692
1505.0,310.91217,576.877136,310.4946130608075,572.1476096317103
1514.0,315.711426,577.179321,315.3534574877888,572.2735658866189
1523.0,320.665619,577.489441,320.22971052091583,572.3928777932236
1532.0,325.465576,577.780273,325.08888162512363,572.5055291304909
1542.0,330.971252,578.108337,330.53408805163934,572.6238441596993
1551.0,335.771851,578.388489,335.39356687264103,572.7223313771102
1560.0,340.572571,578.666382,340.2876213855485,572.8158640997353
1569.0,345.373627,578.938782,345.16453716841403,572.9040197630559
1578.0,350.175049,579.204529,350.04155225514,572.9864989603456
1588.0,355.51004,579.498596,355.452893150143,573.0722449007623
1597.0,360.46637,579.772705,360.330044700712,573.1462160229689
1606.0,365.422821,580.044434,365.24170518664295,573.2179260559014
1615.0,370.224731,580.30127,370.10172339001826,573.284688370249
1625.0,375.560425,580.582092,375.51331459219716,573.3528301983008
1634.0,380.362701,580.832153,380.3389936126987,573.4089452325061
1643.0,385.165131,581.079102,385.1991789083973,573.4621714969952
1652.0,389.967621,581.324585,390.04216167615743,573.512185150606
1662.0,395.30365,581.599121,395.3849723061624,573.5655636247072
1671.0,400.260895,581.855896,400.27967786987284,573.6143015985422
1680.0,405.218201,582.111389,405.1571536621759,573.6623522971314
1689.0,410.020721,582.356384,410.000178248187,573.7081378151645
1699.0,415.529083,582.635681,415.3947513824264,573.75588869394
1708.0,420.486694,582.885376,420.27229110164893,573.7969406311049
1717.0,425.444122,583.138367,425.1326033941428,573.8369226669507
1727.0,430.780334,583.409241,430.47550349647156,573.8804334256821
1736.0,435.582825,583.655029,435.33581903646814,573.9200187187242
1745.0,440.385345,583.900146,440.17889833368196,573.9595961778033
1754.0,445.342865,584.151306,445.0392199172298,573.9984323498165
1764.0,450.850983,584.435486,450.38213264561665,574.0403640375026
1773.0,455.65329,584.684937,455.19074663498577,574.0790421942896
1782.0,460.455627,584.93335,460.0338280022929,574.1183655208454
1792.0,465.791534,585.210022,465.3594993972912,574.1609359907645
1801.0,470.748596,585.470093,470.16811295871514,574.199667314763
1810.0,475.550659,585.723999,475.0111852435511,574.2400937692443
1820.0,480.714203,585.996094,480.3885411784348,574.2856298702656
1829.0,485.36145,586.240051,485.17991062516256,574.3253168595982
1838.0,490.163208,586.499756,490.04021256739907,574.3665378985039
1848.0,495.670532,586.798523,495.4347518385291,574.4179723161424
1857.0,500.473114,587.042419,500.26054587083644,574.4631260947151
1866.0,505.587158,587.268066,505.1554100090199,574.491814319427
1875.0,510.547974,587.443115,510.05035725579506,574.4887488994849
1884.0,515.355225,587.564941,514.9623267566975,574.4428503147382
1893.0,520.318726,587.628784,519.9424596637213,574.3433458141004
1903.0,525.834167,587.616028,525.3859596363551,574.1628478322817
1912.0,530.642212,587.533142,530.3442263451067,573.9266138681355
1921.0,535.758301,587.360229,535.3327631380814,573.613357743323
1930.0,540.870422,587.095276,540.2982215866803,573.2185827282772
1939.0,545.977173,586.741455,545.1872654113181,572.7423458768582
1948.0,551.230286,586.271057,550.1348572799244,572.1653193445676
1957.0,556.315735,585.685791,555.0349178594953,571.4879671303372
1966.0,561.076843,585.010498,559.8999543006761,570.6938646575923
1975.0,565.817749,584.205627,564.7593126432644,569.7686424119102
1984.0,570.536133,583.277588,569.5583054294364,568.720205815761
1994.0,576.074341,581.981628,574.908451154748,567.3800716680383
2003.0,580.71759,580.730835,579.615018897215,566.0351783521645
2012.0,585.460999,579.267883,584.3066004292886,564.5224850457922
2021.0,590.146729,577.629456,588.876456259889,562.8669936289364
2030.0,594.476807,575.924561,593.3652553376893,561.0482945627061
2040.0,599.205811,573.833435,598.1847217887548,558.8639547704373
2049.0,603.656677,571.635742,602.4624035502334,556.7051970305162
2059.0,608.179932,569.130493,607.0473407391476,554.1335567198707
2068.0,612.029358,566.802673,610.9718114086907,551.6973052372587
2078.0,616.313232,563.907043,615.268615976273,548.7593658151541
2088.0,620.448547,560.802979,619.4191164408433,545.6181298428725
2097.0,624.156494,557.741089,623.0177487624613,542.6134153791772
2107.0,627.955933,554.233826,626.7798933587222,539.14202380799
2117.0,631.560059,550.526184,630.3373373475553,535.4851507085067
2127.0,634.956909,546.627808,633.690101848209,531.6397510150333
2136.0,637.838257,542.97345,636.5418165238925,528.0059493238115
2146.0,640.80481,538.738342,639.4776000152624,523.8335035313285
2156.0,643.433105,534.486755,642.1467130309165,519.5464251856249
2166.0,645.887939,529.935913,644.5728185400309,515.0976503573738
2176.0,647.989319,525.400757,646.7404229478427,510.49829702594116
2185.0,649.711182,521.077393,648.4615269443876,506.23031628087944
2196.0,651.401855,515.845581,650.1872968054023,501.06446786456684
2206.0,652.647339,511.004883,651.4525257406411,496.26452922096263
2216.0,653.561096,506.266174,652.4208538282795,491.3784299964322
2226.0,654.180542,501.480103,653.0850005524137,486.4243874185551
2236.0,654.493347,496.491547,653.4234618301895,481.5066011000292
2246.0,654.47998,491.320831,653.4339620244251,476.59442838280927
2256.0,654.125793,486.335022,653.1146294463894,471.70990745951315
2266.0,653.397034,481.215912,652.442169854323,466.75698641919433
2276.0,652.37323,476.499756,651.433530787934,461.94947164629633
2287.0,650.811707,471.227966,649.9290609575,456.75076669433537
2297.0,649.061401,466.546082,648.2375991760316,452.1941022140836
2307.0,646.979614,462.001892,646.1909632728047,447.6906944837965
2317.0,644.560913,457.627716,643.7825051542338,443.2715601473771
2327.0,642.017883,453.730347,641.1170826101761,439.1454150069942
2337.0,639.105286,449.882355,638.1939419397897,435.28377907445196
2348.0,635.496399,445.734314,634.6347022255507,431.2297055546861
2358.0,631.879089,442.03952,631.0943884697474,427.7012771162641
2368.0,628.190918,438.665955,627.3670453121554,424.3969560206654
2378.0,624.337219,435.482788,623.4521680312529,421.2893259574065
2387.0,620.873291,432.862396,619.7281749514702,418.61511662110337
2397.0,616.474426,429.829468,615.4107562516763,415.80117006761606
2407.0,611.956421,426.977051,610.9867112693888,413.1917880826142
2417.0,607.338562,424.289368,606.4442563162,410.75775800197334
2426.0,603.247437,422.071442,602.2674189887344,408.70581523559554
2436.0,598.626526,419.751221,597.4615591443542,406.5332121556465
2445.0,594.273376,417.708038,593.0378634072655,404.692095033402
2454.0,589.730408,415.707703,588.550115346635,402.96455868273466
2464.0,584.944336,413.750702,583.5466354836674,401.19072531482703
2473.0,580.455688,412.025543,578.9265067607288,399.6812072701397
2482.0,575.934937,410.38623,574.3083955257171,398.28000224337507
2492.0,570.715759,408.602997,569.1320460686179,396.82280058097047
2501.0,566.142212,407.11734,564.4302532625201,395.59098137658884
2510.0,561.546936,405.700409,559.7099038054758,394.4323031869525
2520.0,556.420898,404.193115,554.5190363077118,393.2408827435027
2529.0,551.643311,402.845978,549.7675216428973,392.2174851991388
2538.0,547.000732,401.592773,545.038394728437,391.2553596704793
2548.0,541.829712,400.247864,539.7911150415897,390.24812058387107
2557.0,537.164917,399.079987,535.0088307922971,389.3797937429141
2566.0,532.339722,397.914703,530.2188637409563,388.55489993712683
2575.0,527.807617,396.858093,525.3879147014394,387.7659453610573
2584.0,522.96521,395.766724,520.5336901269573,387.0135792012842
2594.0,517.744446,394.630035,515.1790900845897,386.2273088695874
2603.0,512.88739,393.605804,510.2624725286738,385.54387119884467
2612.0,508.174957,392.648071,505.39221299731423,384.9034626143616
2621.0,503.456177,391.722168,500.5002410291655,384.2970068665252
2630.0,498.578705,390.800018,495.5868869854655,383.7239870179648
2639.0,493.694977,389.91156,490.7209395291685,383.19194068721276
2648.0,488.651825,389.033539,485.7997404216868,382.6907430713879
2658.0,483.384583,388.136536,480.429072062989,382.1812130644544
2667.0,478.642029,387.341187,475.60542317864514,381.74601782673216
2676.0,473.898438,386.552124,470.7463678939796,381.3198010805797
2685.0,469.15567,385.758057,465.9040322849422,380.90025371352226
2695.0,463.717407,384.838684,460.512500191426,380.42978125650035
2704.0,458.977875,384.025604,455.70550779951657,380.00181975110866
2713.0,454.242065,383.191132,450.81386480344304,379.5530660805487
2722.0,449.357819,382.30542,445.95834083959716,379.08834464715244
2732.0,443.937836,381.283752,440.5394731159284,378.5404905909621
2741.0,439.219055,380.357819,435.68974406392573,378.01875589180855
2750.0,434.204681,379.328064,430.79260083977834,377.45558047204634
2759.0,429.351593,378.285156,425.95175348789826,376.8570189547964
2768.0,424.510651,377.187225,421.01453350247243,376.1971070419034
2777.0,419.533264,375.991486,416.11916046353525,375.48666878615245
2786.0,414.573425,374.724854,411.2331576916973,374.7144145409851
2795.0,409.784088,373.420074,406.34165273220265,373.8697877167779
2804.0,405.014984,372.043213,401.44695003802514,372.94593142228297
2813.0,400.271912,370.579163,396.58514846948054,371.94438224773995
2822.0,395.557068,369.026581,391.6915118627371,370.8450426941632
2831.0,390.873383,367.382416,386.819402498964,369.65391841838436
2840.0,386.223206,365.645782,381.9378767910571,368.36012098617914
2849.0,381.605347,363.824921,377.06595105787926,366.96659127202355
2858.0,376.886505,361.84082,372.2233954344052,365.4741970722913
2867.0,372.500153,359.870026,367.4152038375383,363.87454742888445
2876.0,368.026672,357.718689,362.6470248631078,362.1593055562513
2885.0,363.473816,355.378662,357.87638299252757,360.3031623650207
2894.0,358.847656,352.845856,353.2207449074352,358.3465737385655
2903.0,354.4375,350.246857,348.6526978294337,356.2755419700797
2911.0,350.584778,347.825867,344.62560280786084,354.3097161299554
2920.0,346.469208,345.050568,340.14127882466494,351.9499653321869
2929.0,342.310944,342.065063,335.77945751473226,349.47393190084296
2938.0,338.243439,338.957031,331.5867991491349,346.9144071622899
2947.0,334.404907,335.809662,327.42086188960815,344.18373111651783
2957.0,330.266937,332.163116,322.9142966741977,341.00396873935557
2966.0,326.535248,328.658997,318.93041096922343,337.98531284238817
2975.0,322.916992,325.037872,315.070656124327,334.8640137893925
2984.0,319.510468,321.427368,311.33631625205476,331.6462686115401
2993.0,316.327515,317.822784,307.73060740943305,328.3357729254302
3002.0,313.167297,313.994843,304.2218321088903,324.898034286706
3011.0,310.040466,309.941803,300.80511996989486,321.3209575661381
3020.0,307.226562,306.042297,297.54255463579915,317.67182268424216
3030.0,304.240204,301.611694,294.0602509530072,313.50644382378016
3039.0,301.596527,297.41037,291.04760312087734,309.64840403846483
3048.0,299.174683,293.255981,288.19298549689233,305.73584200378696
3057.0,296.824738,288.883575,285.4515544288244,301.70141085761884
3066.0,294.631958,284.430267,282.8233176717114,297.5310931407303
3076.0,292.450562,279.552765,280.10651897660625,292.85039153749744
3085.0,290.574646,274.957001,277.7850425764592,288.5018371070232
3094.0,288.84317,270.304871,275.64594006354406,284.15658407715165
3103.0,287.326019,265.741699,273.6650559157784,279.7747622537887
3113.0,285.798645,260.441986,271.5965988611539,274.7177075268945
3122.0,284.597992,255.625488,269.940573049586,270.18472777651033
3131.0,283.598877,250.921661,268.437873127391,265.56237695819357
3140.0,282.741089,246.03244,267.09506167628945,260.87314073243914
3150.0,282.034027,240.910294,265.81553341015785,255.68553221735613
3159.0,281.513,235.973816,264.83855523664533,250.99465704521197
3168.0,281.15274,231.02301,264.01636185904874,246.23920491572852
3178.0,280.987671,226.027374,263.30706624766276,240.9955900426948
3187.0,280.997803,221.218613,262.84377448314694,236.24382375554725
3197.0,281.224396,215.70784,262.52544169790735,230.9447710294398
3206.0,281.58252,211.067993,262.4173497976913,226.18893690034932
3216.0,282.187256,205.932755,262.497147019021,220.8981685625273
3225.0,282.943604,201.026825,262.75259812310463,216.07892882586813
3234.0,283.830231,196.300491,263.16924617056026,211.37475312963912
3244.0,285.019867,191.091537,263.8285016397421,206.1246122336835
3253.0,286.330719,186.143219,264.5995833166158,201.37806637946923
3263.0,287.874817,181.028122,265.645258011519,196.138310743752
3272.0,289.377136,176.623642,266.7492307328632,191.4756891139512
3281.0,291.151398,171.987671,268.02877130070743,186.80452658310205
3291.0,293.197754,167.23912,269.61309710866857,181.7920526781474
3300.0,295.19577,163.036224,271.23441070566486,177.28315719783814
3310.0,297.664246,158.297531,273.2203921202495,172.3600308154314
3319.0,299.958984,154.248993,275.15153390305665,168.05032595417504
3328.0,302.561951,150.022324,277.264476581255,163.74982953273667
3338.0,305.351837,145.875015,279.78390821101567,159.0771686399274
3347.0,308.177032,141.983688,282.24415007382237,154.90533529823438
3357.0,311.587433,137.649048,285.12009262273807,150.42275317319198
3366.0,314.69342,133.977921,287.86555807846463,146.4747557149885
3375.0,318.032501,130.304932,290.75968804742934,142.6128470380889
3385.0,321.647308,126.607697,294.08926471552803,138.50036403966996
3394.0,325.121521,123.282936,297.1822800669899,134.9544335481613
3404.0,329.133667,119.754311,300.78057608082287,131.1220389037569
3413.0,332.614868,116.90509,304.128433357906,127.81564832379337
3423.0,336.882751,113.690506,308.0320407097396,124.24347155832633
3432.0,340.698486,111.026573,311.6468471976571,121.17767144517639
3442.0,345.055603,108.24234,315.79674473103324,117.92269933326665
3451.0,349.058746,105.869316,319.6767439487044,115.11122244326218
3461.0,353.749695,103.31131,324.08400804671993,112.15194571970814
3470.0,358.037354,101.134071,328.1632788646721,109.60561225914707
3479.0,362.378845,99.066315,332.3005498436467,107.18863375723748
3489.0,367.421204,96.831429,336.9597729849409,104.6444373662613
3498.0,371.87204,95.010918,341.26024419327246,102.454397573864
3507.0,376.515656,93.256805,345.65125790740046,100.37035517839878
3517.0,381.563782,91.506134,350.55691338743316,98.20991545950191
3526.0,386.142029,90.035149,355.0705913001156,96.36091825163496
3535.0,390.74939,88.658066,359.6408483319403,94.60784420625934
3544.0,395.527527,87.312805,364.22910823825777,92.9525647717781
3553.0,400.176666,86.084038,368.84535689562045,91.37702444936916
3563.0,405.527374,84.746178,374.04317681380536,89.69328302155091
3572.0,410.505249,83.552391,378.73543110669084,88.23990739605895
3581.0,415.03775,82.497421,383.4080165184571,86.84025581659765
3590.0,419.726135,81.428146,388.0898145778389,85.47173621304589
3599.0,424.568665,80.337219,392.8107124358078,84.1142847507447
3609.0,429.951782,79.136391,397.9832555234815,82.64362898099975
3618.0,434.798065,78.062233,402.6444871208638,81.32837104054364
3627.0,439.645203,76.991943,407.29079546528885,80.0237079903661
3637.0,444.695343,75.881805,412.46936913916625,78.57443055276163
3646.0,449.390533,74.842804,417.10052576005097,77.27957424745027
3655.0,454.235931,73.764648,421.7304425356193,75.98029169547024
3664.0,459.078949,72.675842,426.4245200822205,74.6545032656551
3674.0,464.28717,71.482979,431.5794065669337,73.18477512838497
3683.0,469.119995,70.349831,436.24841270771105,71.83399172563598
3692.0,473.796173,69.228355,440.8941999375118,70.46518039101451
3702.0,479.150665,67.905754,446.09286151641413,68.89969714983474
3711.0,483.961304,66.681786,450.78663399413995,67.45123210530588
3720.0,488.762329,65.420723,455.4366548215942,65.97834878393273
3729.0,493.403107,64.160736,460.1239435362353,64.45240552914406
3738.0,498.332397,62.780064,464.8144827992006,62.881341835919514
3747.0,502.949707,61.436691,469.44159250230507,61.284352875110145
3756.0,507.701691,60.001846,474.085196281466,59.630230070298076
3766.0,512.96344,58.348442,479.2282625049936,57.73554627526547
3775.0,517.682373,56.80838,483.81846185325475,55.98636903979121
3784.0,522.385132,55.219498,488.40547218539274,54.18123344264181
3793.0,527.069702,53.577869,492.9565047921572,52.33254383374506
3802.0,531.736511,51.88641,497.53454863635784,50.4137604167051
3811.0,536.384277,50.143276,502.0594201774115,48.45807234132095
3820.0,541.158447,48.29628,506.59382317569884,46.438318720194005
3829.0,545.625183,46.515182,511.0904291861908,44.376781892486356
3839.0,550.725098,44.414951,516.0467876058284,42.03681008093937
3848.0,555.291443,42.468502,520.4635587349951,39.886999891541684
3857.0,559.834595,40.468571,524.9616935712077,37.62952302843066
3866.0,564.209473,38.472343,529.3540123036619,35.35423494598492
3875.0,568.697266,36.350979,533.7304170128468,33.011736907063145
3884.0,573.156555,34.170361,538.089025512813,30.600480624274276
3893.0,577.588257,31.9342,542.3542235175688,28.163753918608403
3902.0,582.125427,29.563856,546.6154047983354,25.651437497846093
3911.0,586.35498,27.275799,550.855123070396,23.06977055292776
3920.0,590.685547,24.849636,555.0414957855561,20.434683610272934
3929.0,594.848083,22.44187,559.1735519791787,17.746693669074396
3938.0,599.106323,19.890821,563.3079319420219,14.968469912767663
3947.0,603.328979,17.281305,567.3577964157946,12.158171698109879
3956.0,607.511292,14.607608,571.4210828549234,9.247272859574121
3966.0,612.251099,11.463523,575.8522366260214,5.963236460133702
3975.0,616.346619,8.658691,579.8052975836349,2.9325708595340396
3984.0,620.27533,5.885721,583.6846647569666,-0.13661633580999322
3993.0,624.290588,2.9672,587.5448782784305,-3.2846913803371476
4002.0,628.259521,-0.014076,591.3311584235639,-6.468004492199604
4011.0,632.058594,-2.962157,595.0802987531047,-9.721335405331507
4020.0,635.930908,-6.067858,598.8157598830401,-13.068357490657105
4029.0,639.756836,-9.23055,602.4582642485417,-16.4406530275629
4038.0,643.531372,-12.454353,606.0704330723756,-19.89548516859659
4047.0,647.143616,-15.628631,609.6281864388761,-23.406328331961596
4056.0,650.824585,-18.958891,613.1079757446554,-26.94628336392417
4065.0,654.569641,-22.44869,616.5463651504058,-30.550323209942746
4074.0,658.154419,-25.88228,619.8956792922121,-34.16712747486096
4083.0,661.687439,-29.369108,623.2016498914896,-37.84679568032456
4092.0,665.052307,-32.804485,626.4599203354531,-41.59164400234337
4101.0,668.465393,-36.408775,629.6432374783801,-45.37792075835772
4110.0,671.815552,-40.071659,632.7710603464589,-49.23239080582886
4120.0,675.351379,-44.077473,636.1351414276787,-53.53765218890536
4129.0,678.57428,-47.852787,639.1093946793014,-57.49027376208929
4138.0,681.638428,-51.558891,641.9743782298104,-61.437924738233455
4147.0,684.727356,-55.444603,644.8278622927783,-65.52072446631895
4156.0,687.748352,-59.383335,647.606140275991,-69.65506798920887
4165.0,690.701721,-63.373035,650.2816368386251,-73.79522456288669
4174.0,693.505615,-67.279755,652.8966245443513,-77.99418145769855
4183.0,696.333923,-71.359077,655.4616505005471,-82.26410730732506
4192.0,699.183655,-75.611504,657.9659721380577,-86.5898444549674
4201.0,701.958801,-79.913017,660.3987610707634,-90.95621213800808
4210.0,704.579712,-84.128586,662.7566215632162,-95.36349277721436
4219.0,707.138123,-88.38237,665.00132755515,-99.7328000527049
4228.0,709.63501,-92.672569,667.2154355851916,-104.2140224714097
4237.0,712.059631,-97.004028,669.3433201002308,-108.69869890696052
4246.0,714.488342,-101.510216,671.4044513993924,-113.23338331548146
4255.0,716.699585,-105.780411,673.3899034670086,-117.80170959591122
4264.0,718.912537,-110.223732,675.3123523816951,-122.43424851785683
4273.0,721.119324,-114.842644,677.1583942701758,-127.09776178993938
4282.0,723.255188,-119.494774,678.9227467531167,-131.77437264081604
4291.0,725.377563,-124.323029,680.6052735666907,-136.46273359522976
4301.0,727.565552,-129.573135,682.3750158119658,-141.68652830800798
4310.0,729.40155,-134.185013,683.8914819569939,-146.44929632309967
4319.0,731.179993,-138.819382,685.3318696934916,-151.23562183471543
4328.0,732.905151,-143.473846,686.693465139514,-155.9911930461425
4337.0,734.570374,-148.150085,687.9948218943921,-160.76360022723267
4346.0,736.176575,-152.846924,689.2565162416198,-165.63571949572403
4355.0,737.722046,-157.564087,690.4340188156907,-170.44018485553713
4364.0,739.208679,-162.300125,691.5519638584368,-175.27654858486235
4373.0,740.678772,-167.203506,692.6104862802929,-180.14390466385373
4382.0,742.050476,-171.974106,693.6080618963364,-185.02411652478168
4391.0,743.367493,-176.760086,694.5512695054404,-189.93267926154334
4400.0,744.677124,-181.70874,695.433308466733,-194.81757665163153
4409.0,745.903198,-186.518829,696.2531620535545,-199.64337793656716
4418.0,747.08783,-191.339294,697.0426825113789,-204.57899199980935
4427.0,748.26239,-196.321732,697.7802464622927,-209.48778153076762
4436.0,749.361694,-201.162354,698.4730200506899,-214.40309230386708
4445.0,750.425171,-206.010986,699.1220139888618,-219.30698938412922
4454.0,751.485535,-211.018967,699.7322420786325,-224.2158610858589
4464.0,752.584778,-216.423752,700.367141915258,-229.67727967138347
4473.0,753.542725,-221.294327,700.8995484375494,-234.57786347397843
4482.0,754.404358,-225.867508,701.395562133307,-239.46494046042946
4491.0,755.249084,-230.759003,701.8574753841591,-244.47653251694385
4500.0,756.003906,-235.665176,702.238642485126,-249.42576749641987
4509.0,756.682373,-240.582474,702.52973441308,-254.36385064629366
4518.0,757.30426,-245.507248,702.7436614612809,-259.2886261263828
4527.0,757.917114,-250.589447,702.9042738706216,-264.2499181854027
4536.0,758.529846,-255.515381,703.0438987398572,-269.24633026113145
4545.0,759.220703,-260.587555,703.2034312594088,-274.2421463215767
4554.0,759.962891,-265.495636,703.4178614899376,-279.2186555995246
4563.0,760.801758,-270.545441,703.7052255728046,-284.226015041066
4572.0,761.687378,-275.58725,704.0609798790966,-289.2462598225269
4581.0,762.555786,-280.474579,704.4580864483936,-294.2461131269286
4590.0,763.437439,-285.51709,704.8694980106754,-299.2966899197569
4599.0,764.292969,-290.564117,705.2701431695515,-304.38271115998765
4608.0,765.104553,-295.618378,705.6363818909781,-309.4022019699363
4616.0,765.774841,-300.118958,705.9249828605647,-313.9087324119632
4625.0,766.473206,-305.190125,706.1913131103644,-318.95177447311795
4634.0,767.13385,-310.266327,706.4059911714681,-324.0317816843534
4643.0,767.768188,-315.345886,706.5807417298744,-329.0960731112138
4652.0,768.367493,-320.273468,706.7284839757273,-334.12673817867966
4661.0,768.973633,-325.356476,706.8574060651306,-339.0717132848305
4670.0,769.532166,-330.13269,706.9732960697629,-343.9825299750262
4679.0,770.094788,-335.064606,707.0764230693229,-348.8763917188306
4689.0,770.708191,-340.545837,707.1770389550375,-354.35643125393375
4698.0,771.232971,-345.325897,707.2557083834155,-359.2679852014042
4707.0,771.751953,-350.106567,707.3249434765938,-364.14520628271805
4716.0,772.2995,-355.196228,707.3877945697839,-369.0569881180568
4725.0,772.827698,-360.131927,707.445577392692,-373.951595261729
4735.0,773.394226,-365.444885,707.5051287669393,-379.3115774540119
4744.0,773.902283,-370.226746,707.556481343311,-384.12007279158547
4753.0,774.391968,-374.854553,707.6070572089593,-389.0319963597706
4762.0,774.926575,-379.945587,707.654250965681,-393.909480518993
4772.0,775.48407,-385.259491,707.7027977668514,-399.30404654928446
4781.0,776.01947,-390.350433,707.745595827447,-404.18157125964206
4790.0,776.520264,-395.133057,707.7876673115536,-409.04186591469966
4799.0,777.017578,-399.916046,707.827497899852,-413.9194157605111
4809.0,777.54718,-405.05957,707.8670303762054,-419.27958298281607
4818.0,778.052429,-409.997681,707.8987468986289,-424.15719233949324
4827.0,778.537476,-414.781921,707.9261905498545,-428.98311958220836
4836.0,779.019409,-419.566467,707.9497068882948,-433.8435394329602
4846.0,779.550842,-424.883057,707.9708063160923,-439.18657504052806
4855.0,780.024902,-429.668396,707.9849906020415,-444.0470310839244
4864.0,780.492249,-434.454407,707.993432205099,-448.9075004936722
4874.0,781.002258,-439.773071,707.9949334126479,-454.25057755057185
4883.0,781.467529,-444.715118,707.9882928521778,-459.12828550381136
4892.0,781.929443,-449.657471,707.9747431798236,-463.97150755743945
4901.0,782.369751,-454.446045,707.9548111616099,-468.84917930621316
4911.0,782.865417,-459.939148,707.9244350412249,-474.2611142595865
4920.0,783.290222,-464.729126,707.8890329105852,-479.12146206945596
4929.0,783.722961,-469.674133,707.8462245068325,-483.9989866890456
4938.0,784.151855,-474.619446,707.7980813881037,-488.82475182486513
4948.0,784.622437,-480.114777,707.7386105865727,-494.23644526333703
4957.0,785.032654,-484.906006,707.6811680160158,-499.06210866405826
4966.0,785.45343,-489.85202,707.6203504652325,-503.9222048945123
4976.0,785.904541,-495.176025,707.551025678798,-509.2648324094694
4985.0,786.306396,-499.967987,707.4847765459039,-514.124857635345
4994.0,786.717834,-504.914795,707.4147253925327,-518.9848295467524
5003.0,787.106323,-509.552185,707.342536593444,-523.8102948800916
5013.0,787.552429,-514.876587,707.2610835059102,-529.204464402976
5022.0,787.968445,-519.822998,707.1877404071934,-534.0643877494524
5031.0,788.386719,-524.769226,707.113560142,-538.9760115487813
5040.0,788.795349,-529.560608,707.0411993644631,-543.835949620571
5050.0,789.266357,-535.055908,706.962161527952,-549.2991053128455
5059.0,789.679016,-539.846924,706.8941482815569,-554.1418687442637
5068.0,790.094543,-544.637695,706.8277587234822,-559.001892053913
5077.0,790.526306,-549.582764,706.763558767808,-563.879182012469
5087.0,790.997437,-554.905029,706.6964571470331,-569.2735491504725
5096.0,791.425842,-559.694702,706.639676725868,-574.1681680252453
5105.0,791.857849,-564.484009,706.5875743724312,-578.9766552970735
5114.0,792.277832,-569.118652,706.5380120878498,-583.8196427051015
5124.0,792.775635,-574.611572,706.484753092435,-589.214164271143
5133.0,793.208923,-579.400757,706.4370783144539,-594.0744071929839
5142.0,793.643127,-584.18988,706.3889825172762,-598.9174093867332
5151.0,794.078857,-588.978882,706.3405194403709,-603.7776445121086
5161.0,794.578796,-594.471619,706.2861219501017,-609.2238645211204
5170.0,795.026184,-599.415283,706.2363153833704,-614.0840860643905
5179.0,795.470947,-604.359192,706.183517035322,-618.9959862458194
5188.0,795.912537,-609.303406,706.1281214300561,-623.8561472998044
5198.0,796.366943,-614.454102,706.0620290456678,-629.2505268974787
5207.0,796.797913,-619.399231,705.9971069379454,-634.1450445514917
5216.0,797.197998,-624.035645,705.9282998602773,-638.9877967690255
5225.0,797.605713,-628.827087,705.8544875338587,-643.8649507254439
5235.0,798.05481,-634.151245,705.7677766708018,-649.2418003247124
5244.0,798.441711,-638.788757,705.68513850593,-654.0843362706892
5253.0,798.851318,-643.735718,705.5984218607642,-658.926800899142
5262.0,799.245667,-648.52832,705.5079575912704,-663.7691969662059
5272.0,799.694763,-654.025452,705.4034386027538,-669.1629688586869
5281.0,800.09906,-658.972839,705.3065043753597,-674.022478905936
5290.0,800.493103,-663.765442,705.2081394596315,-678.8819602040907
5300.0,800.930054,-669.090637,705.0993925328912,-684.2584092639116
5309.0,801.337158,-674.037781,705.0006219438859,-689.1523608693383
5318.0,801.732422,-678.830261,704.9033434721714,-693.9946248391474
5327.0,802.145447,-683.776917,704.8062242694765,-698.905848609079
5336.0,802.562561,-688.723267,704.7132935710256,-703.7654368662307
5346.0,803.02948,-694.218872,704.614099642137,-709.1765479547875
5355.0,803.442627,-699.009888,704.5282068140161,-714.0535041157768
5364.0,803.859314,-703.800537,704.4468234513075,-718.896061312408
5373.0,804.284973,-708.590454,704.368821075494,-723.7903879846765
5383.0,804.761963,-713.91217,704.2885210661246,-729.1673371471124
5392.0,805.181335,-718.546875,704.2194460240985,-734.0617979533795
5401.0,805.615906,-723.335999,704.1537059484873,-738.8873554495068
5410.0,806.052856,-728.124878,704.0889448933285,-743.7646379900071
5420.0,806.553406,-733.617554,704.0178054191105,-749.1761906159581
5429.0,807.00415,-738.560913,703.9548560808134,-753.9845481192413
5438.0,807.45459,-743.504333,703.8910704701804,-758.8618435142338
5448.0,807.937256,-748.825562,703.8199536309561,-764.2044474752972
5457.0,808.355469,-753.460388,703.7528519537117,-769.0816983750404
5466.0,808.794617,-758.404785,703.6827904944056,-773.9416701378881
5475.0,809.20874,-763.195679,703.6059687225279,-778.8187776197368
5484.0,809.619263,-768.142578,703.5171301990114,-783.6956810113244
5494.0,810.017761,-773.297913,703.3990112683407,-789.0202125372549
5503.0,810.369873,-778.249329,703.2652764091589,-793.896091325902
5512.0,810.676575,-783.048279,703.1020796631005,-798.753827523539
5522.0,810.967163,-788.383423,702.8791214295301,-804.1440027593886
5531.0,811.181946,-793.187378,702.63539499935,-808.981107356314
5540.0,811.34845,-798.148499,702.3429563448905,-813.832778591789
5549.0,811.456787,-803.111206,701.992154983246,-818.7497000591206
5558.0,811.507812,-808.074829,701.5841414682484,-823.6449095571357
5568.0,811.478943,-813.59021,701.057693997894,-829.0658988150536
5577.0,811.381897,-818.553162,700.5077427699828,-833.9818883748987
5586.0,811.209656,-823.514038,699.8776707921525,-838.9577537263394
5595.0,810.961914,-828.471741,699.177797342799,-843.8894676345215
5604.0,810.646973,-833.425659,698.4067678714774,-848.7931120746584
5613.0,810.252686,-838.37384,697.5584468966998,-853.7014698897549
5622.0,809.758667,-843.468933,696.6249612659136,-858.6294341012758
5631.0,809.187378,-848.399841,695.5921217042536,-863.6079682606437
5639.0,808.56842,-853.046936,694.5898873024524,-868.0464535327227
5648.0,807.792786,-858.106873,693.3921246014801,-872.9346825887706
5657.0,806.951782,-862.999023,692.0867917621903,-877.8488118213813
5666.0,805.981812,-868.025269,690.6856595514079,-882.7364890267654
5675.0,804.907166,-873.030212,689.1947277955326,-887.5614582009531
5684.0,803.721008,-878.009888,687.5889773998488,-892.3857846412849
5693.0,802.47168,-882.814026,685.883506741859,-897.1574672846059
5701.0,801.233765,-887.192627,684.255896994811,-901.4250968503536
5710.0,799.727051,-892.0849,682.3388348719228,-906.1343890214888
5719.0,798.106201,-896.940552,680.3025923618737,-910.812192463242
5728.0,796.372681,-901.75708,678.1426187597058,-915.472188427499
5737.0,794.480713,-906.680176,675.8838997113156,-920.0659319623653
5745.0,792.809753,-910.763855,673.7868648547658,-924.1041333091323
5754.0,790.752869,-915.451416,671.3239087611953,-928.5916870619943
5763.0,788.526245,-920.232483,668.7436152369935,-933.0327605446014
5772.0,786.328979,-924.683594,666.112827365486,-937.3232586470785
5781.0,784.031128,-929.083618,663.3643315541946,-941.5804121783889
5790.0,781.4776,-933.698364,660.4779009617662,-945.8288903511051
5798.0,779.184082,-937.628296,657.8539522342649,-949.504077451105
5807.0,776.492249,-941.982422,654.7697055924883,-953.6112018711394
5816.0,773.779541,-946.139526,651.5831656503614,-957.6394783693688
5825.0,770.877319,-950.356323,648.2984189630936,-961.5880841422254
5834.0,767.875671,-954.50293,644.962430924394,-965.4023690318853
5842.0,765.117859,-958.122192,641.8965280005305,-968.7412772990492
5851.0,761.908508,-962.110229,638.32819002944,-972.4355989516706
5860.0,758.696594,-965.894958,634.6871846641393,-976.0092817200848
5869.0,755.29303,-969.718567,630.9931173586701,-979.4526916252809
5878.0,752.011902,-973.234009,627.2516955663679,-982.767113400897
5887.0,748.407471,-976.868896,623.4211900977194,-985.9781656566618
5896.0,744.82251,-980.302246,619.4745029905426,-989.1011577588413
5905.0,740.925659,-983.856262,615.4614632762631,-992.1097685586176
5914.0,737.18457,-987.118835,611.376579883184,-995.020087159366
5923.0,733.363525,-990.287354,607.208915220078,-997.841432591625
5932.0,729.463257,-993.357849,602.987297523118,-1000.5496000003405
5941.0,725.485413,-996.327209,598.6541617305053,-1003.176674345808
5949.0,721.891846,-998.887451,594.6926059793435,-1005.4499652707823
5958.0,717.651367,-1001.754944,590.2389265875781,-1007.8670555233784
5967.0,713.481201,-1004.44751,585.7593474757604,-1010.1611326304516
5976.0,708.982056,-1007.199585,581.1655056822951,-1012.3803095445396
5985.0,704.554565,-1009.768982,576.5826104690851,-1014.460331240813
5994.0,699.931213,-1012.306885,571.9191837268677,-1016.4427631901636
6003.0,695.393433,-1014.676025,567.1788283473295,-1018.3288065287677
6011.0,691.444458,-1016.644348,562.9488879996999,-1019.9098542194008
6020.0,686.958069,-1018.768616,558.1838858407641,-1021.5825644327589
6029.0,682.431396,-1020.805603,553.3857375238041,-1023.1576764163945
6038.0,677.86969,-1022.762939,548.5584841994054,-1024.6411960066312
6047.0,673.279175,-1024.651733,543.6896044724566,-1026.0453311918402
6056.0,668.804321,-1026.412354,538.8651425106176,-1027.3523107300737
6065.0,664.308838,-1028.119629,534.0045411939333,-1028.5895582934845
6074.0,659.648193,-1029.828125,529.1453135890268,-1029.7606841698562
6083.0,654.819275,-1031.526978,524.2557624753604,-1030.8780545649192
6092.0,650.263916,-1033.067383,519.4196862143724,-1031.9181344193014
6101.0,645.692444,-1034.559326,514.5883147597608,-1032.8964125897637
6110.0,640.959045,-1036.054443,509.71293712462824,-1033.8296371906918
6119.0,636.213867,-1037.511719,504.79513441602904,-1034.7234186258825
6128.0,631.458679,-1038.935913,499.92098282293216,-1035.5672467796546
6137.0,626.841431,-1040.279663,495.02343106479964,-1036.3760743368916
6147.0,621.367554,-1041.824829,489.5747305820163,-1037.231458382147
6156.0,616.580994,-1043.139771,484.68214599485964,-1037.960852488995
6165.0,611.785583,-1044.422119,479.75046899533794,-1038.6609859688795
6174.0,606.983154,-1045.677979,474.882655056325,-1039.3197260640839
6183.0,602.173645,-1046.90625,469.9938725535783,-1039.9513778289609
6192.0,597.357361,-1048.107666,465.11866752109876,-1040.5529814768593
6201.0,592.535095,-1049.285034,460.2744919138986,-1041.1239820554458
6210.0,587.858154,-1050.40332,455.42746069323664,-1041.6702121535432
6220.0,582.487854,-1051.660278,450.0637063526095,-1042.2480000216074
6229.0,577.800842,-1052.735596,445.2116508111657,-1042.747635885897
6238.0,573.109558,-1053.791992,440.340333465358,-1043.2280370327974
6247.0,568.414612,-1054.832031,435.5186135986562,-1043.6841082787926
6257.0,563.024963,-1056.003052,430.0771278091572,-1044.1766014262698
6266.0,558.170776,-1057.040771,425.23472834567264,-1044.5954111441617
6275.0,553.464844,-1058.030029,420.3564408241394,-1044.9989316551193
6284.0,548.603394,-1059.033325,415.49387570181244,-1045.3830402403773
6293.0,543.738464,-1060.019409,410.6126978331213,-1045.7499469856273
6303.0,538.325745,-1061.078857,405.1280271589115,-1046.1354056271487
6312.0,533.447937,-1061.999268,400.20866527169204,-1046.4501387423547
6321.0,528.563354,-1062.882935,395.287159669026,-1046.7293535595936
6330.0,523.671509,-1063.725464,390.3636052594312,-1046.9697496639594
6339.0,518.773254,-1064.530029,385.4554665051923,-1047.1690610460148
6348.0,514.022522,-1065.274902,380.545861878175,-1047.328225942424
6357.0,509.112183,-1066.002075,375.6523603948633,-1047.4472266917364
6367.0,503.64859,-1066.756592,370.1720458111029,-1047.5315411375648
6376.0,498.572357,-1067.416992,365.22548785781896,-1047.5625914256593
6385.0,493.644714,-1068.015747,360.3133145298072,-1047.5523809681001
6394.0,488.866882,-1068.560181,355.40139162849863,-1047.501740376881
6403.0,483.930359,-1069.080811,350.4555761928049,-1047.4105845671852
6412.0,479.144318,-1069.547729,345.5279084117543,-1047.2791747089761
6421.0,474.200165,-1069.989868,340.56706680022296,-1047.1052041763346
6430.0,469.252441,-1070.390259,335.62508240862496,-1046.8902856364434
6439.0,464.300781,-1070.738525,330.65079158317707,-1046.629410760054
6448.0,459.345612,-1071.032837,325.71414435788216,-1046.3149049913063
6458.0,453.836395,-1071.2948,320.24903687738976,-1045.898303155715
6467.0,449.030884,-1071.471924,315.286935634944,-1045.4633592777436
6476.0,444.068542,-1071.595947,310.3472063179851,-1044.9741870012335
6485.0,439.10498,-1071.653442,305.41388363199013,-1044.4241483509734
6494.0,434.296234,-1071.644287,300.505599646787,-1043.809210934494
6503.0,429.333038,-1071.561523,295.5555508205873,-1043.1159250246192
6512.0,424.371887,-1071.396484,290.6678681880154,-1042.3543751648972
6521.0,419.414215,-1071.147949,285.77652279684025,-1041.5088247493911
6530.0,414.461578,-1070.813843,280.900568504223,-1040.5786177954096
6539.0,409.669464,-1070.41394,276.1428916365702,-1039.5842612362428
6548.0,404.884949,-1069.931641,271.26850197521526,-1038.47793661667
6557.0,399.800903,-1069.334351,266.46369453654034,-1037.3018306763558
6567.0,394.164856,-1068.56897,261.16356738425947,-1035.9055466678508
6576.0,389.410339,-1067.848633,256.4354588523079,-1034.5734277662655
6585.0,384.51413,-1067.031738,251.67935101791494,-1033.1522826264013
6594.0,379.62973,-1066.146851,247.02782578951775,-1031.6841572830726
6603.0,374.90979,-1065.226807,242.30021362374075,-1030.1153016086196
6612.0,369.899353,-1064.178101,237.62765380425313,-1028.4915453341446
6621.0,365.056061,-1063.090454,232.9622666219681,-1026.796146360363
6630.0,360.378632,-1061.974365,228.3373590999788,-1025.0412588657828
6639.0,355.564606,-1060.763916,223.76872759782188,-1023.2364992542616
6649.0,350.235901,-1059.340942,218.73125885994145,-1021.1657070898036
6658.0,345.455353,-1058.004272,214.18205785223185,-1019.2229847995518
6667.0,340.694214,-1056.600098,209.6587869341658,-1017.2206312075592
6676.0,335.953064,-1055.129761,205.19491138997557,-1015.1704199540883
6685.0,331.380829,-1053.640137,200.76074082843795,-1013.0567306464861
6694.0,326.682312,-1052.038818,196.37286468478726,-1010.8871544451298
6703.0,322.00885,-1050.365723,191.9865495048974,-1008.6378395596809
6713.0,316.684998,-1048.363892,187.16495329602537,-1006.0679121100779
6722.0,312.209259,-1046.605469,182.88221099653677,-1003.6975458215719
6731.0,307.61499,-1044.725952,178.5901465687825,-1001.238362490953
6740.0,303.190826,-1042.841553,174.3045843738512,-998.6995474936281
6749.0,298.650604,-1040.834839,170.129353736889,-996.1445588295275
6758.0,294.136322,-1038.770508,165.96125001193548,-993.5128123278174
6767.0,289.65271,-1036.640381,161.80154763835085,-990.8041057353406
6776.0,285.199707,-1034.447021,157.68155993746623,-988.035366566425
6785.0,280.778351,-1032.190552,153.60256753816162,-985.2065795035041
6794.0,276.525116,-1029.946899,149.57883412983747,-982.3292597151727
6804.0,271.688232,-1027.296509,145.18300608071468,-979.0844156726682
6813.0,267.369476,-1024.849365,141.24792535358176,-976.0869935508217
6822.0,263.220215,-1022.418762,137.35610817661717,-973.0336087459419
6831.0,258.839813,-1019.769958,133.54881740711542,-969.9570758041425
6840.0,254.76123,-1017.222534,129.76009420435258,-966.8035452740729
6849.0,250.457336,-1014.451111,126.01798128740444,-963.5948431644889
6858.0,246.321732,-1011.70575,122.36227662431507,-960.365616880934
6868.0,241.783875,-1008.570801,118.30124896014183,-956.6591030094262
6877.0,237.874237,-1005.770996,114.7054545773458,-953.262095140398
6886.0,233.887192,-1002.814026,111.22904443581855,-949.8652132361146
6895.0,230.200012,-999.974792,107.72748080754165,-946.3225197587736
6904.0,226.442963,-996.973328,104.31509231276533,-942.7413182193031
6913.0,222.626816,-993.798828,100.97205869500849,-939.0952894294916
6922.0,218.870972,-990.553223,97.71214974287473,-935.3976994123274
6931.0,215.060196,-987.135254,94.49052190235858,-931.598654930556
6940.0,211.315186,-983.645386,91.35299153999935,-927.7520826296358
6949.0,207.856293,-980.304688,88.31069192831288,-923.873475742625
6958.0,204.452148,-976.908203,85.29965295227137,-919.8838300165792
6967.0,200.897949,-973.224182,82.3729341269581,-915.8532045273005
6977.0,197.262314,-969.308777,79.22937167301066,-911.3423059619377
6986.0,193.946533,-965.614746,76.47779427353856,-907.2315613188953
6995.0,190.687424,-961.870605,73.79673298689247,-903.074481805242
7004.0,187.484207,-958.078552,71.20881908969723,-898.9195787249989
7013.0,184.351059,-954.228394,68.63534268547798,-894.6346227238802
7022.0,181.28743,-950.322693,66.15639149469692,-890.334039480336
7031.0,178.293747,-946.363159,63.77321455958846,-886.0189906964632
7040.0,175.371017,-942.350952,61.4531884863976,-881.6306317479897
7049.0,172.424561,-938.164917,59.21972401373331,-877.216899069753
7058.0,169.630341,-934.062195,57.085524597708854,-872.811707723381
7068.0,166.617905,-929.442078,54.7630420471345,-867.7901028199326
7077.0,163.979034,-925.237732,52.74777756377478,-863.2160086148789
7086.0,161.329193,-920.85791,50.82513296945478,-858.6395850107023
7095.0,158.826614,-916.571045,48.97178034566448,-854.0160896912328
7104.0,156.389664,-912.246521,47.18614336277303,-849.3475643030697
7113.0,153.959183,-907.741272,45.47828395771188,-844.6500282481637
7122.0,151.687546,-903.327698,43.85186814468936,-839.9054525773512
7131.0,149.496582,-898.873474,42.317389445861885,-835.1303502940739
7140.0,147.374451,-894.386047,40.88903960935783,-830.3944009224963
7149.0,145.373901,-890.013184,39.53945641543049,-825.6533247246371
7158.0,143.294373,-885.335571,38.24385505842592,-820.8614949734192
7167.0,141.333954,-880.775208,37.03186974728322,-816.1545505559302
7176.0,139.428436,-876.19165,35.85618227138061,-811.3496407061418
7185.0,137.580292,-871.584656,34.73986009044391,-806.5305926161207
7194.0,135.837189,-867.102905,33.685743453412776,-801.7151989222704
7204.0,133.896164,-861.940308,32.57647677207412,-796.3476590488815
7213.0,132.193222,-857.277649,31.630201325001416,-791.5099177278199
7222.0,130.532364,-852.599854,30.736026104024525,-786.6973333265131
7231.0,128.961639,-848.054871,29.87944280964547,-781.8429081936034
7240.0,127.37748,-843.350525,29.06452807008421,-776.9813145990621
7249.0,125.828865,-838.634399,28.286525550822706,-772.0962238337221
7258.0,124.267677,-833.759277,27.545349761321205,-767.1879783539213
7267.0,122.793938,-829.019226,26.851378701780128,-762.3250620245569
7276.0,121.355293,-824.268372,26.192476925853306,-757.4224863591268
7286.0,119.797089,-818.9776,25.504212741181714,-751.9675360219597
7295.0,118.426727,-814.206604,24.924323565290088,-747.0723438035767
7304.0,117.086906,-809.426941,24.374694851996964,-742.1389754290827
7313.0,115.77932,-804.638367,23.861685007210777,-737.236323166237
7322.0,114.499054,-799.842407,23.37726467070241,-732.2961255812703
7331.0,113.283356,-795.189819,22.925342854784812,-727.387465378778
7340.0,112.089371,-790.531616,22.500951657995365,-722.493648548331
7349.0,110.916679,-785.868042,22.096315607386533,-717.5462770333266
7358.0,109.688187,-780.898621,21.717336103925607,-712.6314471433716
7368.0,108.429581,-775.705872,21.32124006384498,-707.1648152013272
7377.0,107.280144,-770.876892,20.985465355152325,-702.229569001735
7386.0,106.14698,-766.044067,20.67167865681962,-697.3274175387722
7395.0,105.030991,-761.207275,20.375616742996474,-692.406896666505
7404.0,103.896843,-756.215454,20.09828201569999,-687.5025479322779
7413.0,102.814026,-751.371094,19.8391946203926,-682.6144612240548
7422.0,101.743988,-746.523926,19.595862943246477,-677.7083078680364
7432.0,100.567657,-741.135376,19.340872051835724,-672.2332794198866
7441.0,99.519714,-736.283386,19.12416224824951,-667.2913732525644
7450.0,98.482033,-731.429138,18.9204787825719,-662.3661634745911
7459.0,97.487305,-726.724365,18.729795475296065,-657.4749307238587
7468.0,96.470901,-721.865662,18.5499842596544,-652.5832862281657
7477.0,95.45797,-717.006226,18.3795594873148,-647.691305714868
7486.0,94.423363,-711.992859,18.216001719552875,-642.7473550110086
7496.0,93.316353,-706.589661,18.0461384739124,-637.2862687110668
7505.0,92.325417,-701.725708,17.902003568155923,-632.3589567217387
7514.0,91.372002,-697.01239,17.76681307708126,-627.4831180753864
7523.0,90.390526,-692.146484,17.636737380750695,-622.5381731799592
7532.0,89.414894,-687.279419,17.51340206281809,-617.6275378384552
7541.0,88.507278,-682.715149,17.397424067446405,-612.7512043717279
7550.0,87.51474,-677.693298,17.28747848439528,-607.8057709554988
7560.0,86.454735,-672.280701,17.1752963226821,-602.3776741294491
7569.0,85.507416,-667.40802,17.08034276968766,-597.4146912497988
7578.0,84.564552,-662.534485,16.99314672549761,-592.5205197371331
7587.0,83.653053,-657.812866,16.909532496187875,-587.5573328676322
7596.0,82.687729,-652.785706,16.83114495229932,-582.6630123490645
7605.0,81.782936,-648.062805,16.757726744008018,-577.8030901366775
7615.0,80.720619,-642.475098,16.680447101953966,-572.3226718388031
7624.0,79.827972,-637.749878,16.617644701170228,-567.4626008514401
7633.0,78.911598,-632.871277,16.55984281713703,-562.533520079791
7642.0,78.027962,-628.144409,16.507970567415743,-557.6905568624952
7651.0,77.147926,-623.41687,16.459799285373418,-552.7958456888817
7661.0,76.144424,-617.993469,16.41178132257132,-547.384038511656
7670.0,75.300209,-613.417053,16.37309580023425,-542.540952007707
7679.0,74.372398,-608.382812,16.33673475499165,-537.6461388529584
7688.0,73.501732,-603.653503,16.302750675593472,-532.8202532359634
7698.0,72.505074,-598.228882,16.266695547370333,-527.3566448014798
7707.0,71.610786,-593.346191,16.23703600832113,-522.5134946111477
7716.0,70.746613,-588.615723,16.20899109698334,-517.601390729833
7725.0,69.855545,-583.732483,16.183174656770337,-512.7065106029121
7734.0,68.993416,-579.001648,16.15931187185158,-507.8288565006175
7744.0,68.036118,-573.745056,16.13431593310505,-502.43412994127
7753.0,67.169914,-569.014954,16.11179036839525,-497.5909413166855
7762.0,66.265701,-564.134094,16.084594465289992,-492.67883266146083
7772.0,65.251572,-558.712708,16.04593567687622,-487.3186590667124
7781.0,64.333992,-553.834351,16.003824144206828,-482.4066556387113
7790.0,63.415443,-548.956177,15.958593148623525,-477.5291528830809
7799.0,62.55423,-544.382935,15.912456506696367,-472.6861316292938
7808.0,61.636211,-539.5047,15.86621781355933,-467.82587483288705
7818.0,60.651577,-534.253113,15.816705567532757,-462.4485540386235
7827.0,59.768204,-529.526184,15.774638621731881,-457.5882593442842
7836.0,58.885513,-524.799133,15.735152662881857,-452.7279429962658
7845.0,57.973984,-519.919678,15.696330050241427,-447.78143993750405
7855.0,56.99461,-514.667114,15.65452341165011,-442.3868174621084
7864.0,56.11377,-509.939697,15.61811682073119,-437.52647707239305
7873.0,55.205082,-505.059692,15.583638599451035,-432.68335878903184
7883.0,54.235485,-499.805328,15.549509986563319,-427.39209878419234
7892.0,53.363171,-495.076355,15.522745330642225,-422.53169573537576
7901.0,52.493294,-490.346924,15.499961781662556,-417.6885083175417
7910.0,51.623653,-485.617432,15.47991123443082,-412.8280729338218
7920.0,50.599255,-480.022644,15.460377213104463,-407.3988521414448
7929.0,49.763603,-475.444641,15.445820137538725,-402.5383972002575
7938.0,48.87355,-470.561188,15.434006546674777,-397.6951706008269
7947.0,48.043144,-465.982239,15.424783274028512,-392.88640990499084
7957.0,47.060402,-460.555054,15.417876194563304,-387.4571583651724
7966.0,46.204933,-455.822998,15.414633562481887,-382.6139184434147
7975.0,45.351006,-451.090668,15.413721053010224,-377.7189703218472
7984.0,44.471027,-446.205414,15.4147013535367,-372.8240222133867
7994.0,43.523335,-440.947052,15.416923674662348,-367.39476673480897
8003.0,42.614914,-435.909302,15.418757734577099,-362.482583137457
8012.0,41.787434,-431.329803,15.419663817925725,-357.6221064815339
8021.0,40.903259,-426.445282,15.419561553766655,-352.76162974223115
8031.0,39.919308,-421.018311,15.418221103372629,-347.38408117526143
8040.0,39.03204,-416.134369,15.415956745487673,-342.4891334923751
8049.0,38.173409,-411.402863,15.413217112062522,-337.6458932599709
8058.0,37.287926,-406.518585,15.411384233318863,-332.7509453965033
8068.0,36.307796,-401.090942,15.411916959582888,-327.37339668885517
8077.0,35.426247,-396.205963,15.41478536091854,-322.5129207948685
8086.0,34.545494,-391.320831,15.419232981696611,-317.6524460894071
8095.0,33.721062,-386.740784,15.425166218416287,-312.80920871642275
8104.0,32.870735,-382.007782,15.433045184586424,-307.91426685084326
8114.0,31.895403,-376.579285,15.443047874784178,-302.485020131771
8123.0,31.042116,-371.846832,15.451522354982684,-297.5728435021023
8132.0,30.187172,-367.114685,15.459007297723238,-292.69513677149956
8141.0,29.328407,-362.383209,15.464921641329164,-287.7829563922364
8150.0,28.437443,-357.499939,15.467384556676814,-282.9052445405387
8160.0,27.47443,-352.244354,15.46561302600943,-277.5276960983018
8169.0,26.576052,-347.362427,15.460248127160906,-272.6499865751757
8178.0,25.674986,-342.481018,15.451700407231591,-267.8067531107581
8187.0,24.770538,-337.60022,15.439768494809794,-262.8773478788153
8197.0,23.763544,-332.17749,15.42320595254688,-257.4998246506815
8206.0,22.885038,-327.449646,15.406009576578162,-252.63937833080453
8215.0,21.978481,-322.569244,15.388169886455378,-247.77893432956174
8224.0,21.100891,-317.841217,15.370428600007328,-242.91848996813684
8234.0,20.128635,-312.587341,15.351969722777893,-237.52373708066042
8243.0,19.285364,-308.010742,15.337639710327112,-232.6805172730207
8252.0,18.389416,-303.128387,15.326301219929558,-227.75111064038484
8261.0,17.497147,-298.245361,15.318950206910596,-222.8906394588676
8271.0,16.507984,-292.819366,15.314359432443506,-217.42691398787062
8280.0,15.645612,-288.088562,15.312469560292119,-212.56643761490633
8289.0,14.840949,-283.662598,15.312156278218945,-207.705960884625
8298.0,13.953565,-278.778656,15.313342917394767,-202.8627200227374
8308.0,13.00046,-273.521271,15.316233623680779,-197.46793633004862
8317.0,12.114677,-268.637054,15.320035273583358,-192.55575386139617
8326.0,11.225374,-263.753479,15.323572029474557,-187.71251414549027
8335.0,10.362517,-259.022766,15.32571412437851,-182.83480214235146
8345.0,9.3727,-253.596878,15.326708325510781,-177.44001776680432
8354.0,8.508855,-248.866333,15.327165227012213,-172.57954104790184
8363.0,7.617386,-243.983154,15.327357455390217,-167.701828578189
8372.0,6.751533,-239.252975,15.326863459137126,-162.85858759612657
8381.0,5.855855,-234.37056,15.325190938054577,-157.9636396752399
8391.0,4.889042,-229.115677,15.321580439331305,-152.55162067928993
8400.0,4.018426,-224.386383,15.317672274859255,-147.62220255566828
8409.0,3.123311,-219.50386,15.314900201726902,-142.71001939810085
8418.0,2.286893,-214.925995,15.315130913443179,-137.81507119691602
8427.0,1.427465,-210.194641,15.319275105330695,-132.97183196267991
8437.0,0.473779,-204.937363,15.328470639966776,-127.55981957444878
8446.0,-0.383587,-200.205643,15.339982763824189,-122.66488490516925
8455.0,-1.295299,-195.168472,15.353034427537407,-117.76995409875393
8464.0,-2.151205,-190.436493,15.36683174734606,-112.87502533732373
8474.0,-3.131676,-185.008911,15.383011832983698,-107.46302932355458
8483.0,-4.017668,-180.124725,15.397811618900585,-102.56810349042419
8492.0,-4.904628,-175.240723,15.411357763824485,-97.70764562663003
8501.0,-5.790883,-170.356583,15.423984485442045,-92.81271370561093
8510.0,-6.677595,-165.472534,15.436578409836924,-87.93501749046968
8520.0,-7.636086,-160.216125,15.44958611256632,-82.57472027227
8529.0,-8.53017,-155.33342,15.458728359380139,-77.64530907715215
8538.0,-9.371155,-150.756393,15.464358512200743,-72.80207134235638
8547.0,-10.277997,-145.876038,15.465855050413992,-67.8554161627461
8556.0,-11.188543,-140.996368,15.461856568902336,-62.994941067048394
8566.0,-12.171024,-135.7444,15.452977638333394,-57.60016390652772
8575.0,-13.056869,-131.017929,15.443299239163967,-52.73969680218987
8584.0,-13.943197,-126.29155,15.432656522046491,-47.879231713710745
8593.0,-14.832082,-121.565651,15.42107904268024,-42.96706141741095
8603.0,-15.824105,-116.315475,15.40654813127924,-37.572296519873944
8612.0,-16.74892,-111.438499,15.391292092774242,-32.67737208748486
8621.0,-17.674332,-106.56163,15.374760325530788,-27.83415929481901
8630.0,-18.599453,-101.684708,15.357727671817912,-22.922004884930622
8640.0,-19.622601,-96.265007,15.34098417477222,-17.492774769557517
8649.0,-20.513973,-91.539574,15.328762797931452,-12.666784970156725
8658.0,-21.465239,-86.509727,15.31730543645254,-7.771850172390938
8667.0,-22.364325,-81.785759,15.303759333944132,-2.9113923084785602
8676.0,-23.266909,-77.062454,15.285761281104142,2.000758659068387
8686.0,-24.304695,-71.645538,15.261464505055834,7.42996022624576
8695.0,-25.210407,-66.922836,15.23712501051672,12.324847920005038
8704.0,-26.116108,-62.200127,15.212084484313658,17.185260157234335
8713.0,-27.054077,-57.325661,15.18650461668983,22.02843361321779
8723.0,-28.063572,-52.078815,15.156944719484553,27.388665108240836
8732.0,-28.973593,-47.356937,15.12988103773678,32.24906650122087
8741.0,-29.882435,-42.634834,15.103132529634479,37.16117761307417
8750.0,-30.792707,-37.913006,15.077402084127865,41.98711429419075
8760.0,-31.804329,-32.666569,15.048623595245289,47.399057978932106
8769.0,-32.715633,-27.944939,15.022570105889518,52.20775694167237
8778.0,-33.62711,-23.223343,14.995950654983401,57.05092479538174
8788.0,-34.603153,-18.14558,14.966958146052107,62.376687415593196
8797.0,-35.509563,-13.423008,14.942685001853318,67.16815974115501
8806.0,-36.446503,-8.548343,14.918877294999897,72.08028598657795
8816.0,-37.45866,-3.30201,14.891326322874546,77.42329222216495
8825.0,-38.373859,1.418866,14.86330936109599,82.30092423206447
8834.0,-39.322189,6.291327,14.831979213941521,87.12682780837551
8843.0,-40.273106,11.163285,14.797185413056926,91.95270765534563
8853.0,-41.268139,16.237362,14.755099301038875,97.2956191695635
8862.0,-42.193691,20.956219,14.714795824710675,102.12145614730821
8871.0,-43.120358,25.674858,14.67340427765319,106.96452028008639
8881.0,-44.186222,31.086323,14.626179063887724,112.32462524612433
8890.0,-45.117126,35.804127,14.581431535078622,117.16765953394801
8899.0,-46.0186,40.369625,14.535365111084854,121.95897189245096
8909.0,-47.022964,45.441864,14.482213954907207,127.33625794970348
8918.0,-47.985893,50.311462,14.43371355177973,132.16201950793123
8927.0,-48.920246,55.028584,14.38582688492606,136.97055061063864
8937.0,-49.952087,60.27108,14.335844910065243,142.34786705930654
8946.0,-50.878445,64.989777,14.295856688869616,147.19094298236783
8955.0,-51.832081,69.861206,14.259737800142954,152.10299413069228
8964.0,-52.750248,74.581505,14.228459562261474,156.96337022885456
8974.0,-53.771587,79.826057,14.198423666667898,162.35807108173412
8983.0,-54.688179,84.546661,14.174168652705177,167.18401540386114
8992.0,-55.575584,89.114914,14.15173095707992,172.00996851757736
9002.0,-56.595776,94.359688,14.127859944580754,177.40470017187175
9011.0,-57.548195,99.231354,14.105949586390993,182.2478916186942
9020.0,-58.505192,104.102119,14.080857906919045,187.14277551447066
9029.0,-59.466167,108.972107,14.05154273875236,191.98592780149167
9039.0,-60.538769,114.38224,14.013654708696292,197.41505153258825
9048.0,-61.478107,119.098373,13.975650458524795,202.24090716479913
9057.0,-62.450237,123.966141,13.933335632143672,207.11843609137694
9066.0,-63.391533,128.681885,13.889316673751068,211.94424060847814
9076.0,-64.435905,133.921906,13.840795305624816,217.30433399801856
9085.0,-65.373901,138.638306,13.797899451396878,222.19909424661188
9094.0,-66.339088,143.507462,13.75747981116967,227.07663924659076
9103.0,-67.270607,148.225143,13.720513874801739,231.97144787053705
9113.0,-68.299736,153.46817,13.684771077599471,237.3488778179537
9122.0,-69.190895,158.03569,13.6579620300826,242.15757262772675
9131.0,-70.10582,162.756622,13.636593661366478,246.98353059467908
9141.0,-71.117073,168.003128,13.619216297748723,252.34381542806278
9150.0,-72.024628,172.725479,13.607886236598482,257.20427896289834
9159.0,-72.962288,177.600006,13.59839856924263,262.03027491090126
9168.0,-73.903183,182.473907,13.588109173763476,266.89074076018994
9178.0,-74.95491,187.888138,13.572909257810467,272.23379640767683
9187.0,-75.8778,192.607513,13.553570651606197,277.0942346761945
9196.0,-76.835831,197.478073,13.528778427669655,281.9201762684234
9206.0,-77.872246,202.719666,13.495325114960357,287.26314880863504
9215.0,-78.809677,207.436172,13.460429777841096,292.0890279224774
9224.0,-79.747902,212.152527,13.422189210034574,296.93211796018517
9234.0,-80.755287,217.224167,13.378636238415138,302.3439629124078
9243.0,-81.690308,221.941162,13.34085224805217,307.1870565336827
9252.0,-82.623032,226.6586,13.305075165246077,312.03016539625395
9262.0,-83.616669,231.732956,13.270373995631273,317.3731299776847
9271.0,-84.50502,236.301025,13.245999461267152,322.1990736976266
9280.0,-85.418671,241.022202,13.228441918251864,327.059518726267
9289.0,-86.326469,245.744507,13.216569489587505,331.9199809665481
9299.0,-87.330132,250.992477,13.209614746689976,337.34923244552004
9308.0,-88.228561,255.716568,13.209113495854764,342.1752376936233
9317.0,-89.130806,260.439941,13.212067364732338,347.03571353642093
9326.0,-90.031418,265.163635,13.215785599435748,351.8617173781831
9336.0,-91.030815,270.412415,13.221457789407733,357.2564988634098
9345.0,-91.958809,275.288788,13.228905304090071,362.0997341445918
9354.0,-92.88485,280.165527,13.238600988463709,366.94296544694305
9363.0,-93.810226,285.042389,13.250671692855667,371.85513455600005
9373.0,-94.826035,290.46347,13.269212638874665,377.26712299663393
9382.0,-95.699135,295.192322,13.296200698820503,382.196468790535
9391.0,-96.578087,300.077789,13.338858467028045,387.07399472987714
9400.0,-97.404564,304.815002,13.403702007952587,391.95127617442546
9410.0,-98.308563,310.255859,13.509386417301695,397.3622643885925
9419.0,-99.077675,315.15979,13.644634766995662,402.28982830955135
9428.0,-99.779053,319.917145,13.825872304031485,407.2159151202367
9437.0,-100.422478,324.682678,14.061809528681035,412.1741959580829
9446.0,-101.040298,329.764282,14.355554601222327,417.09485568454204
9455.0,-101.551888,334.545746,14.719189127381267,422.0454097113469
9464.0,-102.008072,339.488617,15.156267862058483,426.99002065869456
9473.0,-102.387787,344.593536,15.673991328142963,431.94416915565466
9482.0,-102.65358,349.394958,16.279834541290313,436.8883150797097
9491.0,-102.828346,354.510986,16.99021091825251,441.8707626906014
9500.0,-102.880745,359.62973,17.811152917853736,446.8361904693046
9509.0,-102.808205,364.74823,18.737446738156432,451.6953446615546
9518.0,-102.623695,369.553467,19.777362684268986,456.4785541249308
9527.0,-102.277466,374.50528,20.957248183731092,461.26468497556556
9537.0,-101.719429,379.819122,22.42581539559389,466.4915511814875
9546.0,-101.051529,384.581268,23.90839881498048,471.13848838557095
9555.0,-100.210701,389.315948,25.542752742276242,475.6976407952523
9564.0,-99.159302,394.167206,27.33870583946036,480.1770246121056
9574.0,-97.775131,399.327881,29.513945911041617,485.00060500762294
9583.0,-96.374214,403.765656,31.655577036156206,489.2290056985248
9593.0,-94.522453,408.777588,34.22990523185618,493.7728564367212
9603.0,-92.557724,413.373627,37.009498444089594,498.1533524822879
9612.0,-90.467453,417.704346,39.709833791762165,501.98566935392654
9622.0,-88.07016,422.090302,42.87008892553713,506.0345995630561
9632.0,-85.442993,426.34256,46.26007865536311,509.938996353104
9641.0,-82.809532,430.179382,49.49736876029921,513.3060584391894
9651.0,-79.776108,434.152039,53.21579881135179,516.799109620441
9661.0,-76.556419,437.975281,57.13629685242923,520.1173536528865
9670.0,-73.318947,441.530975,60.821767015792126,522.9587879476679
9680.0,-69.69561,445.219849,65.04231248886913,525.9459840530753
9690.0,-65.819023,448.896881,69.42060184459392,528.7927941113214
9699.0,-62.233341,452.101105,73.42330196758702,531.2001881464685
9709.0,-58.275227,455.428223,77.9692086134609,533.7356861857007
9718.0,-54.503075,458.410706,82.17979901925287,535.9121247245829
9728.0,-50.219223,461.604004,86.9367283067994,538.1898685073887
9737.0,-46.165882,464.469421,91.36330533155751,540.1551672883006
9747.0,-41.715969,467.42691,96.30480614408053,542.1874183577876
9756.0,-37.649403,469.9935,100.81607199695665,543.9017133471772
9765.0,-33.39381,472.54892,105.38394581881217,545.5115307908547
9774.0,-29.089512,475.021423,110.00315670155501,547.0238551490897
9784.0,-24.251957,477.670593,115.16484630780097,548.5925042034853
9793.0,-19.858753,479.981415,119.79282796847026,549.8986627876839
9802.0,-15.42902,482.221436,124.50994748179865,551.1399776031564
9812.0,-10.624871,484.559937,129.7494328985772,552.4250814956291
9821.0,-6.134021,486.674774,134.5037656800355,553.5152185408188
9830.0,-1.757797,488.667999,139.25542339706183,554.5379516848872
9839.0,2.641569,490.609619,144.03704150021318,555.501386835663
9849.0,7.554981,492.708862,149.32183253630095,556.4958787118549
9858.0,11.992894,494.560669,154.12519009623853,557.3443096905057
9867.0,16.592571,496.427002,158.91948751589624,558.1436509165259
9876.0,21.063393,498.197876,163.70398551719094,558.8956896987555
9886.0,26.047766,500.122589,169.05787942315965,559.6867539767161
9895.0,30.692038,501.875,173.8721157298174,560.3556059240186
9904.0,35.203907,503.538513,178.74280564735793,560.9927329011964
9913.0,39.874821,505.218628,183.5841429752317,561.5873183465949
9922.0,44.410496,506.816101,188.4641250507643,562.148857303711
9931.0,49.10244,508.436554,193.39931394687122,562.6818918247989
9941.0,54.327179,510.203491,198.81810443345285,563.2305093017678
9950.0,59.038109,511.767883,203.70837876052195,563.6939400559128
9959.0,63.904194,513.357056,208.58407055028445,564.1276998013399
9968.0,68.629616,514.877136,213.47916428945683,564.5370997800818
9977.0,73.214188,516.328369,218.34182674080324,564.9199742482834
9987.0,78.480148,517.968384,223.7391459169589,565.3186073614798
9996.0,82.780159,519.289978,228.58804604666176,565.6538709531801
10005.0,87.529488,520.733643,233.47262510300837,565.9723130795069
10014.0,92.135284,522.116028,238.3238570039641,566.271951506451
10024.0,97.423637,523.682373,243.70952631803786,566.5854247693107
10033.0,102.037102,525.03894,248.5626787842874,566.8521555007551
10042.0,106.652824,526.387817,253.45088317802518,567.1090129525708
10051.0,111.41983,527.771973,258.33961104663814,567.3557066333925
10060.0,116.189201,529.147949,263.2460527461832,567.5931532733852
10069.0,120.961929,530.512268,268.152988470459,567.820161765967
10079.0,126.102257,531.970154,273.55978254093674,568.0579442877621
10088.0,130.730484,533.275452,278.45044312602533,568.2627783351545
10097.0,135.361221,534.571838,283.28979872364044,568.456739295663
10106.0,139.84494,535.817871,288.1639558064927,568.642942694708
10116.0,144.82959,537.192505,293.5379855778979,568.8374533704706
10125.0,149.766098,538.54718,298.37838127098485,569.003444300063
10134.0,154.405411,539.8125,303.2190376220033,569.161651587237
10144.0,159.563278,541.207092,308.5767977603921,569.3270655142582
10153.0,164.207642,542.453796,313.45247846950093,569.4678369494563
10162.0,168.853455,543.695007,318.225023634415,569.5971998328073
10171.0,173.500687,544.930908,323.11836709564375,569.7225302599184
10181.0,178.833221,546.339478,328.528810478083,569.8531635391897
10190.0,183.483841,547.562622,333.38804847469754,569.962891548461
10199.0,188.136185,548.779175,338.2646657962495,570.0662475994403
10208.0,192.789902,549.990417,343.0897183207143,570.1621383817301
10218.0,198.129944,551.3703,348.5180701280155,570.2612173731352
10227.0,202.786911,552.569031,353.30893510177566,570.341273824224
10236.0,207.444366,553.765808,358.20328197506865,570.4179981971288
10246.0,212.619873,555.093445,363.5802281717771,570.4984965488371
10255.0,217.128204,556.247253,368.40574585701927,570.5670966609896
10264.0,221.9384,557.4729,373.2657922136916,570.6317770657249
10273.0,226.599457,558.65564,378.0741953286947,570.6911402040814
10283.0,231.778915,559.967773,383.4513929053408,570.7525943222242
10292.0,236.592072,561.181763,388.2598933815839,570.8034634536992
10301.0,241.255676,562.35437,393.08567306031534,570.8501260545128
10311.0,246.605499,563.695801,398.463011497838,570.8976835488381
10320.0,251.270096,564.864441,403.28885194615674,570.9375693024768
10329.0,256.085754,566.06842,408.14917783308124,570.9758631225036
10339.0,261.269562,567.363281,413.4921041222993,571.0160297450794
10348.0,265.935486,568.526672,418.3696933215358,571.0507079461036
10357.0,270.600555,569.693481,423.17834917582456,571.0837741462183
10366.0,275.265839,570.859497,428.0559472064691,571.1171871015974
10376.0,280.449341,572.155518,433.4333732289817,571.1535155935866
10385.0,285.114136,573.323425,438.27650640178393,571.1858347036098
10394.0,289.779205,574.490295,443.1368767559031,571.2179931325483
10404.0,294.962402,575.787537,448.46260609656827,571.2525625177586
10413.0,299.626678,576.95752,453.3229881353038,571.2829036004364
10422.0,304.290771,578.128174,458.11443127354005,571.3123804592008
10432.0,309.473541,579.427124,463.4918785745022,571.3454094207391
10441.0,314.288879,580.632385,468.3005660141418,571.373509357031
10450.0,318.953888,581.799438,473.12649832444595,571.4000469216274
10460.0,324.304199,583.138916,478.4867343600049,571.4287716647023
10469.0,328.968903,584.307129,483.31266875428906,571.4549275060697
10478.0,333.784088,585.513,488.15583734345523,571.4814128090851
10488.0,338.967346,586.810059,493.4643648627529,571.510242187969
10497.0,343.782562,588.015869,498.3420055349347,571.5367081514366
10506.0,348.294403,589.155945,503.13345419142763,571.5652739412195
10516.0,353.306213,590.427979,508.493612717992,571.605968386287
10525.0,358.121399,591.633911,513.3539337632246,571.6448718698019
10534.0,362.793304,592.77301,518.1971186396808,571.6681893919151
10543.0,367.626526,593.904419,523.0920590703452,571.659464384331
10553.0,372.843597,595.057861,528.4864797674729,571.5968162440349
10562.0,377.703369,596.069275,533.3456362807524,571.4835372821482
10571.0,382.424347,596.983948,538.2718907311067,571.3069150819508
10580.0,387.310883,597.856873,543.1952678900626,571.0629157747574
10589.0,392.211334,598.647949,548.0456940894663,570.7505060631762
10598.0,397.124908,599.352966,552.9584422871766,570.3454339003046
10608.0,402.770538,600.04425,558.410615721031,569.7843976181233
10617.0,407.708862,600.547302,563.3033018455336,569.183730656879
10626.0,412.657379,600.937561,568.2338558813259,568.4757321982659
10635.0,417.768951,601.213379,573.1468883682542,567.6549175421746
10644.0,422.730743,601.357544,577.9535040578554,566.7291942800716
10653.0,427.384399,601.35022,582.8007652420251,565.6594867250031
10662.0,432.035492,601.19635,587.5304618262318,564.466989682877
10671.0,436.988159,600.86261,592.2195252980517,563.1235751037586
10681.0,442.300568,600.290833,597.2994008320859,561.4672722183215
10690.0,446.905548,599.619629,601.8114965958717,559.8043662327068
10700.0,451.989319,598.675415,606.7345019922108,557.7724691093186
10709.0,456.678253,597.608521,611.1039906057308,555.764526442088
10718.0,461.020508,596.433105,615.3291863406914,553.6165792173757
10728.0,466.111328,594.81073,619.939043877085,551.0189243720995
10737.0,470.483459,593.216675,623.9193484394776,548.5419021305495
10747.0,475.562897,591.067383,628.2810227681086,545.5461727949797
10757.0,480.372101,588.739319,632.3788194786592,542.4210389491714
10766.0,484.59903,586.446411,635.9374424936952,539.4222656310537
10776.0,489.154358,583.653992,639.7089454580431,535.9102626662014
10787.0,493.278351,580.953674,643.2675661784609,532.2305194724588
10796.0,497.183441,578.147522,646.5208916944616,528.5731445897788
10806.0,501.347504,574.799561,649.7250179517943,524.6474395141399
10816.0,505.315918,571.221802,652.6569725685647,520.6206210376657
10826.0,509.070801,567.420532,655.3804019611032,516.3883224735183
10836.0,512.482422,563.535034,657.8584181510805,511.9880223934391
10846.0,515.655945,559.452759,660.0310745549854,507.52486438688146
10856.0,518.476379,555.326172,661.9277736529513,502.9376268987288
10866.0,521.041748,551.036377,663.5265769995976,498.2746872497539
10876.0,523.339722,546.597595,664.8386186711055,493.5052065277236
10886.0,525.352173,542.022278,665.8560333838758,488.6290920684943
10896.0,527.084229,537.333618,666.5455685141611,483.8177746347913
10907.0,528.642578,532.060852,666.9582558245743,478.4906587290295
10917.0,529.732849,527.359619,667.0208937935316,473.63058561964147
10927.0,530.523438,522.598816,666.7799321463192,468.77608547767693
10938.0,530.997559,517.501831,666.1636543797924,463.5554356495317
10948.0,531.149414,512.678223,665.2789448110289,458.86382493617623
10958.0,530.987,507.85495,664.0789707571855,454.18938495088656
10969.0,530.381226,502.199493,662.3822435583617,449.08652818239926
10979.0,529.587952,497.439148,660.5910333989782,444.73544404394414
10990.0,528.342224,492.278778,658.2472163303854,439.9722710358328
11000.0,526.899841,487.67337,655.8160206865675,435.7635275315037
11010.0,525.11145,483.00592,653.1548466367327,431.77893860557316
11021.0,522.770874,478.030792,649.9177745607491,427.5932532882185
11031.0,520.522461,473.95636,646.7438054688781,424.02676449522033
11042.0,517.739075,469.660187,642.978720414156,420.3334424787227
11052.0,514.768433,465.640381,639.329239046896,417.20206095476414
11062.0,511.561462,461.806458,635.4661474510427,414.28084429446346
11073.0,507.907562,457.955444,631.011542337266,411.3304260241329
11083.0,504.529053,454.755127,626.7915762282762,408.884211599124
11093.0,500.739044,451.496368,622.3562239021385,406.6172147618322
11103.0,496.679871,448.293304,617.7861655426439,404.5506249903187
11113.0,492.647552,445.339661,613.0695331619553,402.65169399589894
11123.0,488.2388,442.321136,608.2547501428426,400.9132591013612
11132.0,484.07074,439.625305,603.815327393879,399.4611296405159
11142.0,479.511383,436.839478,598.8258491408251,397.9781851701251
11151.0,475.358398,434.415253,594.2839810003501,396.7486320767113
11161.0,470.543335,431.725403,589.165269073042,395.4776949452749
11170.0,466.174622,429.368591,584.4780369027602,394.4033956013068
11180.0,461.288879,426.809387,579.3201512482697,393.30216512496236
11189.0,457.003815,424.627075,574.6218230818729,392.3616819124614
11198.0,452.695831,422.490356,569.913307785248,391.47360537656397
11208.0,447.887665,420.160095,564.6861855133245,390.5470589338048
11217.0,443.404144,418.029755,559.8922703293642,389.745428499785
11226.0,438.903351,415.936188,555.1088151449184,388.98678500461193
11236.0,433.881836,413.654877,549.8073889969239,388.19442380848966
11245.0,429.346558,411.637085,544.959994308106,387.51377509121244
11254.0,424.795502,409.655151,540.1584827089097,386.87937000205164
11263.0,420.375061,407.761993,535.35223160278,386.28193066689096
11273.0,415.448486,405.693848,529.9425855779887,385.64947405971304
11282.0,411.002594,403.861267,525.1111782406435,385.11868475649663
11291.0,406.546692,402.053162,520.2421996316956,384.61513212655854
11300.0,402.079956,400.272034,515.4217564315427,384.1457593445721
11310.0,397.106171,398.32016,510.03213589493475,383.65387204081395
11319.0,392.475952,396.530975,505.1721626440542,383.23825325530356
11328.0,387.982208,394.819092,500.344448369725,382.85075055879753
11337.0,383.480011,393.129578,495.4804301081079,382.48550362205606
11346.0,378.968811,391.464233,490.56298201727435,382.1421632877122
11356.0,374.113647,389.685547,485.23116984003934,381.7953872846716
11365.0,369.596313,388.036926,480.3972598286475,381.4948919333997
11375.0,364.255463,386.080811,475.04704361313827,381.16604255288996
11384.0,359.888306,384.473236,470.2131682037349,380.8649910942728
11393.0,355.235901,382.742554,465.39705226540923,380.5561963815948
11402.0,350.880127,381.104401,460.56464275207264,380.2324653979302
11412.0,345.729156,379.132721,455.1491320074544,379.84637814705036
11421.0,341.105011,377.32782,450.2857310122086,379.4730020182246
11430.0,336.494751,375.487762,445.424828304254,379.06839870886677
11439.0,331.899475,373.610626,440.5498869051361,378.62628526112206
11448.0,327.321106,371.692596,435.73018055643956,378.149405646644
11458.0,322.419647,369.565613,430.3157503403647,377.55930657974204
11467.0,318.033905,367.593445,425.4390578464444,376.9698819640188
11476.0,313.817505,365.624084,420.5361770269652,376.31325469108083
11485.0,309.493591,363.519806,415.6432330918784,375.58627508085146
11494.0,305.066772,361.274017,410.7113356500106,374.7738611731139
11503.0,300.679108,358.952667,405.81055708086876,373.8827975763338
11512.0,296.196442,356.480804,400.87496113845606,372.8982613984944
11521.0,291.894623,354.003998,395.9910823041481,371.8346090744732
11530.0,287.509918,351.362305,391.0438412685262,370.66099667185574
11539.0,283.182373,348.627991,386.15425184112433,369.3980159657547
11548.0,278.917267,345.797241,381.25951615142117,368.02174474827444
11556.0,275.293518,343.279846,376.93930106114703,366.70726815345466
11565.0,271.040802,340.1604,372.1589434116643,365.13322891148266
11574.0,266.87738,336.92276,367.35608619913353,363.4125629952034
11583.0,262.932312,333.660736,362.6352904249353,361.57091355186543
11592.0,259.08963,330.278717,357.9713216583973,359.5897571323486
11601.0,255.239319,326.674316,353.32302185494245,357.44555556978884
11610.0,251.614487,323.059784,348.7891328761357,355.18249654676504
11618.0,248.388077,319.658508,344.79475960531676,353.0393560174339
11627.0,245.089386,315.949219,340.3880742124893,350.5028852833687
11636.0,241.809845,312.018707,336.1083375579628,347.85462680653364
11645.0,238.660141,307.983398,331.9010095694338,345.0614930414813
11654.0,235.723969,303.981018,327.8133800075915,342.1550327788813
11663.0,232.922134,299.883484,323.8488057976921,339.1394439057975
11672.0,230.174896,295.564117,319.95785942050094,335.9745168951473
11681.0,227.572235,291.156128,316.1997721703848,332.70520425519055
11690.0,225.116608,286.664551,312.53882769805716,329.3021006268651
11699.0,222.869965,282.23819,309.0035856069269,325.7930140969579
11708.0,220.754135,277.747803,305.6191813491488,322.2090238442977
11717.0,218.794022,273.187317,302.351492437319,318.518307452221
11726.0,216.932648,268.418701,299.185822416185,314.6948602434548
11736.0,215.12059,263.209442,295.87519054016985,310.3917757018858
11745.0,213.602905,258.320587,293.00074013150635,306.3659919826931
11754.0,212.410233,253.983047,290.3770847838983,302.41853851294246
11764.0,211.203659,248.777985,287.59154422197196,297.8590167762403
11773.0,210.303818,244.212158,285.2201794426406,293.6162743580515
11782.0,209.524063,239.467026,282.97546437322615,289.2663580137232
11791.0,208.899002,234.699051,280.87948125865404,284.8619359452138
11800.0,208.39801,229.604614,278.89211420309505,280.3132452074952
11810.0,208.045914,224.100433,276.8821697450866,275.2511908074295
11819.0,207.902481,219.138611,275.24090680117826,270.65789842362807
11828.0,207.937347,214.485092,273.7658240537876,266.0266604647113
11837.0,208.155716,209.526001,272.454728096306,261.3284580037258
11846.0,208.54924,204.577728,271.31409352651366,256.58598694399984
11856.0,209.20166,199.101013,270.24184908570703,251.26366490850378
11865.0,209.968201,194.196671,269.4667363613744,246.50031239472213
11874.0,210.943817,189.171494,268.86320482129065,241.69482249935302
11883.0,212.035187,184.488205,268.43424092121575,236.83600896654818
11893.0,213.456207,179.337555,268.16928144999963,231.4649916638821
11902.0,214.905548,174.752396,268.11706488515944,226.6220321467349
11911.0,216.574844,170.077606,268.2441415366621,221.72873372234332
11921.0,218.63353,164.960785,268.5926734062686,216.34521953707807
11930.0,220.587936,160.567093,269.0909776790178,211.5103537689806
11939.0,222.698441,156.246216,269.7573378616528,206.73057437940923
11948.0,224.961151,152.003067,270.5978929020189,201.96083112861714
11958.0,227.652786,147.387482,271.7295299113938,196.68607074296014
11967.0,230.222244,143.322739,272.9132834772774,192.00749677205508
11976.0,232.940033,139.355637,274.2687708686833,187.35780459018864
11986.0,236.242416,134.938141,275.96238632994135,182.2902468589956
11995.0,239.35437,131.070847,277.67972428363635,177.74327154604748
12004.0,242.502563,127.43586,279.552577793294,173.27679606914924
12013.0,245.884048,123.801888,281.5773355029018,168.89607887634207
12023.0,249.798157,119.916046,284.03944352400384,164.0571901523898
12032.0,253.214844,116.756508,286.3793260140994,159.85609333951925
12041.0,256.976837,113.518044,288.89314372889766,155.69617090748676
12051.0,261.024719,110.300758,291.83454713596296,151.21497670675586
12060.0,264.769409,107.537849,294.60192166992107,147.32453196411495
12069.0,268.484009,105.000435,297.5172349752665,143.52193488266786
12079.0,273.017029,102.171959,300.9513196799311,139.38368735163323
12088.0,277.173859,99.754303,304.1150843591263,135.8543036471381
12098.0,281.899445,97.260872,307.8381243252999,131.99788965509268
12107.0,286.369171,95.101776,311.33019204886205,128.64193279177977
12116.0,290.771881,93.167786,314.8891207537867,125.4594889855193
12126.0,295.587585,91.284851,318.9657626123453,122.08612443983499
12135.0,300.13089,89.709236,322.8017686881985,119.1577487310179
12144.0,304.722595,88.280724,326.6873993058093,116.41338781710745
12154.0,309.874023,86.86248,331.0726645066021,113.54572045492516
12163.0,314.545746,85.722572,335.19463906680556,111.03580957383635
12173.0,319.774292,84.622231,339.8270799731448,108.40805781583286
12182.0,324.353363,83.792427,344.1105502661148,106.14777781025715
12191.0,329.259399,83.036736,348.50168251206276,103.98479941366709
12201.0,334.731232,82.344704,353.38996982779724,101.7436663284277
12210.0,339.514313,81.848457,357.8907120470878,99.81913069066822
12219.0,344.305664,81.439613,362.4168448579406,98.00083457818914
12228.0,349.102997,81.108078,366.99365347250045,96.26493687060346
12237.0,353.905029,80.853622,371.61600726823906,94.60259020251671
12246.0,358.865082,80.658783,376.24751097573255,93.01838966187034
12256.0,364.206238,80.51516,381.40876031351985,91.33365666712972
12265.0,369.014191,80.425957,386.07899062562,89.86755067592338
12274.0,373.977631,80.358139,390.7606820602509,88.43846591412142
12283.0,378.941254,80.306511,395.4497389037749,87.03373680724319
12292.0,383.749878,80.269203,400.126931061198,85.64955744867898
12302.0,389.092865,80.240273,405.33690928890655,84.12215872628202
12311.0,393.901581,80.219032,410.00365635909765,82.76359112523498
12320.0,398.710327,80.200249,414.68840477471923,81.40520559215726
12329.0,403.674164,80.1782,419.35712778771745,80.05344393725923
12339.0,409.017151,80.147507,424.53806793570374,78.54959599612049
12348.0,413.980896,80.109818,429.20389495254716,77.18787194453917
12357.0,418.94458,80.064323,433.88387106525454,75.81313467559534
12366.0,423.908081,80.001015,438.5438618117522,74.43157020503409
12376.0,429.250244,79.901962,443.70968127168396,72.87657542868774
12385.0,434.057587,79.784943,448.3889508025022,71.43958043792875
12394.0,439.018921,79.626091,453.0918124448716,69.96232938141553
12403.0,443.978973,79.431023,457.73434389384215,68.46600698317933
12412.0,448.937225,79.194565,462.4139589594541,66.91669063429262
12422.0,454.443573,78.877846,467.552733722861,65.16460218865123
12431.0,459.396484,78.547722,472.2193175950405,63.523750376482575
12440.0,464.34613,78.171753,476.8701864464632,61.83887096463799
12449.0,469.137054,77.757767,481.471967010251,60.120392945978786
12458.0,473.923309,77.293015,486.0879796608964,58.34224027686587
12467.0,478.859192,76.766411,490.70100859832945,56.5091611014527
12476.0,483.943054,76.167488,495.2944585116459,54.62755722848125
12485.0,488.866425,75.534485,499.8673352128926,52.696491741209265
12494.0,493.782257,74.84539,504.3708642320759,50.73491649889704
12503.0,498.690735,74.105804,508.9306357944993,48.68745171700141
12512.0,503.742249,73.277176,513.4976691987619,46.57283007789293
12521.0,508.630981,72.416611,518.0070956728262,44.41674529069059
12530.0,513.509521,71.500183,522.4744240524872,42.21342913871838
12539.0,518.528503,70.49305,526.9459141556896,39.941424968415404
12548.0,523.534302,69.422379,531.3431582385185,37.6382836968119
12557.0,528.375793,68.32695,535.7413183708268,35.26345397972429
12566.0,533.353577,67.132904,540.0938419506922,32.841231156782165
12575.0,538.16449,65.910149,544.4139896016927,30.361725320767537
12584.0,542.807251,64.657616,548.7139186353602,27.81334563162938
12593.0,547.731628,63.259579,552.9770241306657,25.2038322152061
12603.0,553.012573,61.668369,557.6078243407482,22.271828416256927
12612.0,557.744446,60.168407,561.7891895735617,19.533249674570772
12620.0,562.06366,58.73695,565.4888956689646,17.035258328197312
12629.0,566.897034,57.05088,569.605100794761,14.169410799928022
12638.0,571.557922,55.343136,573.6906795829905,11.230454393753202
12647.0,576.33905,53.51424,577.7308027279857,8.229317314993034
12656.0,581.091614,51.612309,581.7109468104122,5.177321283534853
12665.0,585.671204,49.697273,585.656433065939,2.05281220214554
12674.0,590.219299,47.708538,589.5648757226991,-1.1451998415080147
12683.0,594.73877,45.65556,593.3959010388314,-4.382401058618847
12692.0,599.22467,43.530254,597.1885791286179,-7.690725664743399
12701.0,603.813843,41.262283,600.9146837447461,-11.048160858843131
12710.0,608.367798,38.924404,604.5733417094436,-14.45372257931631
12719.0,612.746887,36.586937,608.1645970038043,-17.90546276768414
12728.0,617.223999,34.105011,611.7372820456656,-21.450225155192815
12737.0,621.665894,31.560616,615.2300676027573,-25.02570802982214
12746.0,625.934143,29.026367,618.70325248928,-28.691794741366902
12755.0,630.294739,26.345089,622.0955992114616,-32.3861431831648
12764.0,634.481628,23.678553,625.4171317538802,-36.121253664027584
12773.0,638.759521,20.867178,628.6910851613733,-39.92091888329162
12782.0,642.992676,17.988903,631.8950895624948,-43.757321434144544
12791.0,647.050964,15.130499,635.0371000588187,-47.64465969773551
12800.0,651.182739,12.108492,638.143955459616,-51.625947749494685
12809.0,655.140808,9.112843,641.1703794783709,-55.647163542128716
12818.0,659.172852,5.958951,644.1059714487731,-59.692646024837956
12827.0,663.021912,2.82451,646.9979854850347,-63.83262909806421
12836.0,666.928284,-0.483763,649.8112925463034,-68.02649466714844
12844.0,670.350403,-3.482739,652.2584268414247,-71.82170755791002
12853.0,674.027344,-6.817426,654.928928833538,-76.128214788132
12862.0,677.757507,-10.323177,657.5296017118116,-80.49731772996573
12871.0,681.318481,-13.781437,659.9924679862102,-84.8071326860118
12880.0,684.838135,-17.281776,662.4177674271145,-89.21704667771
12889.0,688.413147,-20.945597,664.7817906996427,-93.66011012078404
12898.0,691.923645,-24.671247,667.0967861427436,-98.16770166308875
12907.0,695.267883,-28.33952,669.3197676175718,-102.68298373122103
12916.0,698.651367,-32.180904,671.4784774171598,-107.26747469696605
12925.0,702.068542,-36.198277,673.542352518195,-111.85766405684578
12934.0,705.218872,-40.034374,675.5185123671334,-116.467546804201
12943.0,708.311951,-43.916782,677.4295541442785,-121.14206542738997
12952.0,711.440186,-47.968765,679.2534987835153,-125.81426540662028
12960.0,714.170471,-51.608826,680.8212342153914,-130.0123805982406
12969.0,717.080078,-55.630562,682.5150782320134,-134.76991120559234
12978.0,720.007629,-59.829823,684.1386884269602,-139.58825634381068
12987.0,722.780945,-63.94672,685.6683288336603,-144.40109389132098
12996.0,725.578186,-68.233887,687.1224387310806,-149.25528278546793
13005.0,728.317261,-72.558456,688.4981785068592,-154.11435112228673
13014.0,730.999207,-76.918648,689.8065837408942,-158.99198177415997
13023.0,733.631104,-81.309258,691.0556127227449,-163.90294013443267
13032.0,736.129639,-85.598495,692.2308626617071,-168.77890304178544
13041.0,738.57196,-89.919991,693.3435525677445,-173.669521393888
13050.0,741.032043,-94.409126,694.3917469065962,-178.5743674996196
13059.0,743.431763,-98.930801,695.370931241602,-183.47588020211015
13068.0,745.70636,-103.342888,696.2892221616388,-188.40669843837662
13076.0,747.755676,-107.405525,697.0572707221228,-192.8041849213185
13085.0,749.945923,-111.860092,697.8700898851707,-197.75348302318125
13094.0,752.09082,-116.336647,698.6313633907636,-202.7109712322043
13103.0,754.202271,-120.829079,699.3397111854438,-207.64147509276845
13112.0,756.280945,-125.336784,700.0091177661199,-212.59480968315657
13121.0,758.326355,-129.85968,700.6399059742826,-217.5532101279613
13131.0,760.557129,-134.90387,701.2894099379279,-223.01291116099182
13140.0,762.471863,-139.314987,701.8405654128306,-227.98079364521806
13149.0,764.418396,-143.881302,702.3556092094998,-232.95254973558497
13158.0,766.387146,-148.606583,702.8342491094231,-237.92794244177395
13167.0,768.309448,-153.350952,703.2702330173322,-242.8899524124724
13176.0,770.15094,-158.127274,703.6442422967949,-247.85701814347922
13185.0,771.867065,-162.785065,703.9366184265482,-252.79502542418896
13194.0,773.469788,-167.318878,704.154564031261,-257.754129673377
13203.0,775.085205,-172.012543,704.3075470582975,-262.68117488371126
13212.0,776.656738,-176.557266,704.4250556367832,-267.6609155045919
13221.0,778.381958,-181.376801,704.549809477685,-272.62323872261277
13230.0,780.180908,-186.169296,704.7269852382873,-277.65295318191266
13239.0,781.995422,-190.789658,704.9756840826344,-282.64512481552146
13248.0,783.857239,-195.391159,705.2962421451932,-287.6504688817619
13257.0,785.792175,-200.130386,705.665582159228,-292.6697324478898
13266.0,787.716309,-204.874008,706.0526665225129,-297.7222319391847
13275.0,789.558105,-209.483551,706.4315942898008,-302.8099173015663
13283.0,791.219055,-213.719803,706.7453502493256,-307.3147662826559
13292.0,792.969116,-218.364975,707.0540660841153,-312.3726591193207
13301.0,794.664734,-223.030289,707.2985121228347,-317.3995532823582
13310.0,796.371765,-227.856293,707.4844475836321,-322.44619900372135
13319.0,798.048889,-232.692764,707.6242951393436,-327.47708972539255
13328.0,799.654724,-237.389725,707.7308691194502,-332.4743160281881
13337.0,801.247131,-242.091263,707.8144212393796,-337.4375039436506
13346.0,802.828186,-246.796631,707.8822243678663,-342.38369464370965
13355.0,804.351868,-251.357635,707.9377410623616,-347.27832801528535
13365.0,806.034485,-256.428833,707.9869554936425,-352.72459732677436
13374.0,807.588257,-261.14328,708.0206664335776,-357.6194294503552
13383.0,809.139465,-265.858582,708.0465360597555,-362.5487812407706
13392.0,810.688232,-270.574677,708.0668577670344,-367.42645138156087
13401.0,812.235107,-275.291382,708.0837727861388,-372.37307786712773
13410.0,813.779114,-280.009033,708.0974549908175,-377.31971435092834
13420.0,815.437012,-285.088379,708.1088682400014,-382.71448674509077
13429.0,816.975586,-289.807831,708.116163603736,-387.57495801045474
13438.0,818.513733,-294.527374,708.1215519139096,-392.452667507775
13447.0,819.953247,-298.952789,708.1252332536217,-397.3131428540245
13457.0,821.607788,-304.033234,708.1273222623341,-402.7079269167212
13466.0,823.190674,-308.901367,708.127463055857,-407.6028751213182
13475.0,824.723999,-313.622498,708.1253790472407,-412.4633514149195
13484.0,826.205383,-318.197418,708.1204447069777,-417.32382565063426
13494.0,827.897766,-323.446777,708.1099548696092,-422.7358356849511
13503.0,829.416992,-328.172455,708.0955732515135,-427.5790553396253
13512.0,830.884888,-332.751709,708.0765973022219,-432.45673090155975
13521.0,832.396545,-337.479828,708.0533829906608,-437.29991627382344
13531.0,834.021423,-342.569855,708.0229132746567,-442.6946146938911
13540.0,835.478638,-347.152527,707.9910091158614,-447.58945892738524
13549.0,836.97699,-351.884888,707.9539615811099,-452.46703070587336
13558.0,838.421753,-356.471497,707.9104565880426,-457.3273127408308
13568.0,840.021301,-361.569519,707.8542322783707,-462.70456754360214
13577.0,841.458618,-366.158447,707.7960948995816,-467.61640743340575
13586.0,842.890198,-370.749176,707.7332277275411,-472.4420032126492
13595.0,844.316772,-375.341461,707.6629846877009,-477.3192098813785
13604.0,845.781616,-380.08429,707.585080979835,-482.19630020107076
13614.0,847.357483,-385.189697,707.491190442258,-487.5902675734264
13623.0,848.770508,-389.786163,707.399991012149,-492.50160483753547
13632.0,850.22168,-394.533203,707.3030433263027,-497.3438754413514
13641.0,851.670593,-399.280945,707.1977889005802,-502.25493159698067
13651.0,853.278259,-404.556885,707.0783649820496,-507.63115409187503
13660.0,854.726013,-409.304962,706.9681077184838,-512.4903801083907
13669.0,856.172974,-414.053284,706.856352998949,-517.3668121910508
13678.0,857.57196,-418.654053,706.7442429808913,-522.2087554784326
13688.0,859.125061,-423.766418,706.6166154301474,-527.6192705977651
13697.0,860.526428,-428.366455,706.5019258926698,-532.4266722669165
13706.0,861.975159,-433.114227,706.3855636733267,-537.3547183447397
13715.0,863.381775,-437.712677,706.2733350485316,-542.1966588844558
13725.0,864.946899,-442.821381,706.149491391004,-547.6072619374172
13734.0,866.403748,-447.566681,706.0397937851111,-552.4837407294766
13743.0,867.863464,-452.311096,705.9331651685161,-557.3430477255281
13752.0,869.326599,-457.054443,705.8289662447625,-562.2196471101837
13762.0,870.907837,-462.158173,705.7181144285698,-567.5788137751248
13771.0,872.33374,-466.750671,705.6210429523693,-572.4555602420475
13780.0,873.762695,-471.342224,705.5281832217387,-577.2979109650742
13789.0,875.146667,-475.785309,705.4372497391795,-582.1747757444057
13799.0,876.790527,-481.050079,705.3388284866933,-587.5686623490853
13808.0,878.22522,-485.639862,705.2513757732526,-592.4455907878721
13817.0,879.705017,-490.378052,705.1644270041122,-597.3225282373058
13826.0,881.184143,-495.116455,705.07706617151,-602.1649812870822
13836.0,882.828247,-500.381134,704.9777066947344,-607.5933279676796
13845.0,884.262024,-504.971161,704.8880962600324,-612.4529785841071
13854.0,885.692139,-509.562347,704.7958039713732,-617.3470566463138
13863.0,887.167175,-514.302002,704.7007863884181,-622.2066045473723
13872.0,888.639282,-519.042603,704.6021076638746,-627.100558005961
13882.0,890.219482,-524.146667,704.4893939731223,-632.5114043604744
13891.0,891.684387,-528.889465,704.3839015711454,-637.370736155781
13900.0,893.053101,-533.33728,704.273401373682,-642.2471968272623
13909.0,894.461609,-537.93512,704.1583075315887,-647.0890701075003
13919.0,896.019104,-543.046143,704.021610437124,-652.5338460788207
13928.0,897.463196,-547.795349,703.8941767324316,-657.3754102997393
13937.0,898.858582,-552.397217,703.7616936581347,-662.2513232613455
13946.0,900.251709,-556.999756,703.6264179788883,-667.1099171561217
13956.0,901.84668,-562.279541,703.4723859916203,-672.5197449533009
13965.0,903.236572,-566.883057,703.3319528623945,-677.3781925119329
13974.0,904.626831,-571.48645,703.1918964632864,-682.2021650565315
13983.0,906.068115,-576.236511,703.050720130605,-687.0950769899921
13993.0,907.672058,-581.51355,702.8987085564604,-692.470476776822
14002.0,909.074158,-586.113403,702.7627444271459,-697.3807786833669
14011.0,910.482361,-590.711365,702.6299881808127,-702.308410375193
14020.0,911.898865,-595.306763,702.5044780661367,-707.2189906126998
14029.0,913.41748,-600.195312,702.3868025469665,-712.1814867298898
14038.0,914.843079,-604.787903,702.2780534129168,-717.0924667424446
14047.0,916.357971,-609.677612,702.1693261134982,-722.0379270931048
14057.0,917.989319,-614.946289,702.046810988069,-727.4485603917377
14066.0,919.459534,-619.687439,701.9332159026773,-732.3939113259139
14075.0,920.932007,-624.427917,701.8211578949055,-737.3048169512311
14084.0,922.407471,-629.16748,701.711708638841,-742.1985413821587
14093.0,923.885315,-633.90625,701.6038201055311,-747.1095403764834
14103.0,925.528625,-639.171204,701.4866134209993,-752.5202912708913
14112.0,927.008484,-643.909363,701.3812334241553,-757.4313447336561
14121.0,928.490295,-648.646912,701.2771206100616,-762.2907062828416
14130.0,929.925537,-653.236511,701.1712763716002,-767.2189894837569
14139.0,931.357178,-657.827209,701.0653379246478,-772.0610717321111
14149.0,932.884277,-662.767273,700.9398515664234,-777.471636935685
14158.0,934.337036,-667.513855,700.8146787900458,-782.3822257836676
14167.0,935.769043,-672.266724,700.6745449003882,-787.2579248583752
14176.0,937.172852,-677.027954,700.5122577402567,-792.1501820902852
14186.0,938.741394,-682.495178,700.3012449098176,-797.5235892005194
14195.0,940.074829,-687.276611,700.0736077853737,-802.4477500072767
14204.0,941.362305,-692.070618,699.8067715264887,-807.3872032276784
14213.0,942.60498,-696.876465,699.4958909693657,-812.2895398478098
14222.0,943.794312,-701.695801,699.130508264557,-817.2399651547864
14231.0,944.889587,-706.378174,698.7088082475223,-822.185911407685
14240.0,945.953857,-711.226624,698.2240326746868,-827.1260741463922
14249.0,946.949097,-716.089722,697.6676700768644,-832.0933761700607
14258.0,947.902588,-721.119141,697.0432209005555,-837.0352066146908
14267.0,948.755005,-726.009277,696.3445093922743,-841.98449251902
14276.0,949.525574,-730.912964,695.5565300960454,-847.0076039616264
14285.0,950.230835,-735.983154,694.6837693660934,-852.0166805875507
14294.0,950.825806,-740.911255,693.7336144212283,-856.9414579707081
14303.0,951.357666,-746.002563,692.6886822325931,-861.8822394629104
14312.0,951.798279,-751.1026,691.5650649723519,-866.7703588298458
14321.0,952.143005,-756.209961,690.3571303710423,-871.6205673545957
14330.0,952.381042,-761.168152,689.0397789843032,-876.5136411061031
14338.0,952.515503,-765.71637,687.7889865504321,-880.8347818770561
14347.0,952.559753,-770.835205,686.2902826552498,-885.6573425731075
14356.0,952.494507,-775.953796,684.674482968448,-890.4964871226683
14365.0,952.320312,-780.914612,682.9494594901851,-895.3160914013539
14374.0,952.024414,-786.025085,681.1435290744206,-900.0322148482063
14383.0,951.60376,-791.12677,679.2340095979719,-904.6700982083161
14392.0,951.068726,-796.217712,677.1720404330351,-909.3366185138815
14400.0,950.507629,-800.733215,675.2584364308348,-913.4268785138478
14409.0,949.781006,-805.800415,673.0264037970946,-917.9569155285369
14418.0,948.970947,-810.697754,670.7088291877031,-922.4243831246297
14427.0,948.036194,-815.730713,668.2825939335415,-926.8730871949516
14436.0,946.987305,-820.741089,665.7693762499285,-931.2533773574077
14445.0,945.854919,-825.574097,663.15555559455,-935.57438957841
14454.0,944.614929,-830.380615,660.4294784161095,-939.845933635425
14463.0,943.264343,-835.157227,657.6309581482343,-944.0082059719272
14472.0,941.795593,-839.898865,654.7424019761471,-948.087405890451
14481.0,940.208862,-844.602295,651.7426748988986,-952.1070904744629
14490.0,938.499207,-849.262451,648.6297036908696,-956.0616864146582
14499.0,936.62323,-854.02533,645.4249341121466,-959.9198827082922
14508.0,934.622498,-858.737183,642.1329692096006,-963.6810787700526
14517.0,932.577393,-863.260193,638.7358093398977,-967.3710017384344
14526.0,930.417358,-867.729492,635.2351186261532,-970.9868810670263
14535.0,928.077209,-872.282288,631.667394835331,-974.4875918072901
14544.0,925.637329,-876.78241,628.0254535569451,-977.885810258487
14553.0,923.165833,-881.08728,624.2767347589562,-981.2179768309313
14562.0,920.583557,-885.326599,620.4822684696936,-984.4183269399956
14571.0,917.983704,-889.371948,616.6176667521686,-987.5060855559636
14580.0,915.289185,-893.354919,612.6780341038212,-990.4975223849252
14589.0,912.324097,-897.52771,608.6396596585627,-993.4135396614772
14598.0,909.360535,-901.509827,604.5893518236122,-996.192848478433
14607.0,906.196411,-905.533813,600.4134999709206,-998.9083385302739
14616.0,903.030457,-909.356995,596.154679051645,-1001.5248386950223
14625.0,899.767212,-913.097534,591.8141497182755,-1004.038010356306
14634.0,896.313782,-916.876221,587.4562456484884,-1006.414749163887
14643.0,892.876221,-920.457214,583.0256872072172,-1008.691100809777
14652.0,889.357849,-923.958801,578.4951864684632,-1010.8828995798253
14661.0,885.759766,-927.378479,573.9612005303064,-1012.9455668893697
14670.0,881.855042,-930.923828,569.3795083295527,-1014.8999776688167
14679.0,878.109253,-934.180969,564.7697977217833,-1016.7413856501039
14688.0,874.303528,-937.36792,560.1529925929702,-1018.4688950462591
14697.0,870.431396,-940.473877,555.5008625292589,-1020.0988840589654
14707.0,866.059021,-943.835754,550.2414106627391,-1021.816034916584
14716.0,862.071472,-946.791992,545.4760435844228,-1023.2661733672759
14725.0,857.913818,-949.77832,540.7028821853993,-1024.6289446246044
14734.0,853.843384,-952.619385,535.9092226632521,-1025.9177594393298
14743.0,849.732971,-955.402344,531.1142050263556,-1027.1331628980397
14752.0,845.58728,-958.132446,526.2856468703899,-1028.2843541833547
14761.0,841.410828,-960.815308,521.4424036294714,-1029.372108820314
14770.0,837.074402,-963.535522,516.5531322177894,-1030.4106914109182
14779.0,832.84259,-966.130188,511.72046808051624,-1031.382563649205
14788.0,828.588257,-968.687744,506.8271965051748,-1032.3139702238125
14797.0,824.309814,-971.204651,501.9590022248927,-1033.1915146130095
14806.0,820.009094,-973.68335,497.06589960580925,-1034.0268361080325
14815.0,815.823486,-976.050842,492.148569140741,-1034.821497051189
14824.0,811.485535,-978.463806,487.24190368600523,-1035.5730616566887
14833.0,807.266663,-980.771423,482.3467566144042,-1036.2850552331902
14842.0,802.760376,-983.199951,477.41258543183676,-1036.967389211816
14852.0,798.040894,-985.704956,471.9954430960452,-1037.6793484883242
14861.0,793.780579,-987.935242,467.0869747619868,-1038.292812683806
14870.0,789.370239,-990.213196,462.19209086452963,-1038.875298685049
14879.0,784.949219,-992.470337,457.29406701255607,-1039.4307630464054
14888.0,780.656189,-994.636963,452.39328193820324,-1039.9613136719254
14897.0,776.213196,-996.850586,447.50709878238854,-1040.4660564041278
14906.0,771.900085,-998.97699,442.63566924150405,-1040.9453185179116
14916.0,766.942688,-1001.39447,437.19577604908307,-1041.4551019549547
14925.0,762.471252,-1003.550049,432.3202138566669,-1041.890315986659
14934.0,757.991028,-1005.687256,427.4427614215725,-1042.3038080529707
14943.0,753.642456,-1007.740112,422.58075881967335,-1042.6949725621746
14952.0,749.144653,-1009.840149,417.64843983413107,-1043.0713090212787
14961.0,744.49823,-1011.988403,412.74900053119694,-1043.4249268584172
14971.0,739.795288,-1014.137451,407.36667154379904,-1043.7913066047188
14980.0,735.127808,-1016.239624,402.4815778954439,-1044.1017546556234
14989.0,730.730835,-1018.186584,397.6292647111463,-1044.3833410637535
14998.0,726.320984,-1020.104248,392.7235701423595,-1044.6357531388494
15007.0,721.753174,-1022.047302,387.8161675602793,-1044.8524348299804
15017.0,716.817871,-1024.094604,382.3731751594746,-1045.0476403582973
15026.0,712.217285,-1025.95874,377.44559395384096,-1045.1822574936298
15035.0,707.745728,-1027.727783,372.6032339562806,-1045.2746323191916
15044.0,703.116211,-1029.518799,367.6913410976984,-1045.3281075815837
15053.0,698.472229,-1031.271973,362.7791772361627,-1045.3421523422132
15063.0,693.456116,-1033.112427,357.36724770976883,-1045.3108242466622
15072.0,688.927734,-1034.730469,352.4383564751563,-1045.2386473209956
15081.0,684.239563,-1036.361694,347.5447103855978,-1045.1257495988793
15090.0,679.53772,-1037.953247,342.6005063439611,-1044.9700380057131
15099.0,674.82312,-1039.506592,337.6750146049821,-1044.773290857098
15108.0,670.244446,-1040.976196,332.768556474984,-1044.5361839688323
15117.0,665.502991,-1042.445435,327.84717546471444,-1044.2547816536694
15126.0,660.74707,-1043.86731,322.9115263713219,-1043.9249821198703
15136.0,655.609985,-1045.33667,317.4641929825881,-1043.5020447136064
15145.0,650.822266,-1046.647461,312.5027142434083,-1043.0600564355566
15154.0,645.869446,-1047.941284,307.5808985039433,-1042.5649508585961
15163.0,641.200806,-1049.093628,302.6655817638559,-1042.009018263581
15172.0,636.36438,-1050.211182,297.7070145142554,-1041.3795426359538
15181.0,631.662781,-1051.220703,292.7924573502542,-1040.681442984971
15190.0,626.792969,-1052.182373,287.88950099061253,-1039.9060500675498
15199.0,621.603882,-1053.125854,282.9487568601768,-1039.0427574575476
15208.0,616.707458,-1053.94165,278.07333399943445,-1038.1097691565112
15217.0,611.797363,-1054.67041,273.19704511156203,-1037.093190778186
15226.0,606.875366,-1055.313965,268.3220392467908,-1035.9895846196982
15235.0,601.78894,-1055.890625,263.45009567080933,-1034.7977824190982
15244.0,596.694214,-1056.388428,258.6323412455669,-1033.5325286045127
15253.0,591.746277,-1056.785767,253.7867358523066,-1032.172555382331
15262.0,586.792419,-1057.100952,248.9977813045929,-1030.7409328501947
15271.0,581.834106,-1057.336182,244.26607649408265,-1029.240537959797
15280.0,577.027832,-1057.490601,239.5099296361306,-1027.6482773785808
15289.0,572.064819,-1057.584839,234.843163137998,-1026.007945047159
15298.0,567.256104,-1057.612183,230.24852399764765,-1024.3198072816106
15307.0,562.13739,-1057.557983,225.6158851998605,-1022.5368678518607
15317.0,556.795959,-1057.425781,220.56482841843444,-1020.4994437761408
15326.0,551.99054,-1057.246216,216.035565798624,-1018.5980413519661
15335.0,547.187805,-1057.005737,211.53073647930006,-1016.6394541413352
15344.0,542.233521,-1056.697266,207.09808304701582,-1014.6455088830569
15353.0,537.438416,-1056.334839,202.6445216794499,-1012.5729881465595
15362.0,532.494202,-1055.893311,198.20320113661313,-1010.4343319920982
15372.0,526.837402,-1055.300415,193.31501923329756,-1007.9934315890278
15381.0,521.908508,-1054.711792,188.93793636731425,-1005.7262033482998
15390.0,516.98877,-1054.051025,184.56362608773628,-1003.3797965594168
15399.0,511.924927,-1053.301636,180.23854612893243,-1000.9791543421057
15408.0,507.024231,-1052.512085,175.9777358321171,-998.5347634829263
15417.0,502.136414,-1051.646484,171.6932503952163,-995.9941317783592
15426.0,497.26178,-1050.709473,167.4768361592429,-993.4073865848267
15435.0,492.249817,-1049.668091,163.27118395430043,-990.7382829059994
15444.0,487.404266,-1048.590698,159.12036081427954,-988.015989295603
15453.0,482.575104,-1047.442139,155.03869999339327,-985.2520748152938
15462.0,477.762421,-1046.226318,151.01175699558334,-982.4390193323221
15472.0,472.269745,-1044.749268,146.53859308501887,-979.2124385654445
15481.0,467.494476,-1043.393921,142.6122083808184,-976.2894228111026
15490.0,462.887573,-1042.015259,138.70026073345701,-973.2901155718317
15499.0,458.002411,-1040.485718,134.85768147192132,-970.2577728200429
15508.0,453.136139,-1038.897095,131.09678796404148,-967.2061071311514
15517.0,448.587036,-1037.338257,127.29804386321447,-964.0376780311059
15527.0,443.39859,-1035.467407,123.19413606941582,-960.5095193798782
15536.0,438.755432,-1033.712036,119.52015289681081,-957.2489368084218
15545.0,434.284851,-1031.940552,115.85921692766738,-953.8966595121992
15554.0,429.699768,-1030.038696,112.26524688074156,-950.4977215887616
15563.0,425.007172,-1027.993286,108.71714503416223,-947.0262394085916
15572.0,420.492584,-1025.929565,105.25507961360397,-943.5172108628237
15581.0,416.015472,-1023.785828,101.83324829077962,-939.9212011799867
15590.0,411.578247,-1021.560669,98.46594942332953,-936.2506530935921
15599.0,407.318665,-1019.328979,95.1785304429043,-932.5313666448122
15608.0,402.962067,-1016.949829,91.9726334651392,-928.7641894159657
15618.0,398.180969,-1014.200073,88.50546586197477,-924.5192270281077
15627.0,393.926361,-1011.643005,85.44514088951483,-920.6109503869451
15636.0,389.719666,-1009.007874,82.46057824473777,-916.6445160864255
15645.0,385.562225,-1006.295715,79.57201771395073,-912.6500954311591
15654.0,381.581543,-1003.597839,76.768858593611,-908.6162573079908
15663.0,377.524811,-1000.737244,74.00256938218877,-904.4738825161552
15672.0,373.519012,-997.805725,71.31213227050398,-900.2818456526084
15681.0,369.563751,-994.806396,68.73359867425214,-896.1008510878082
15690.0,365.657776,-991.743103,66.20187403632644,-891.831122103594
15699.0,361.796906,-988.623169,63.774678981983904,-887.5803289877525
15709.0,357.430603,-984.978088,61.12711387146505,-882.7615542727001
15718.0,353.55896,-981.629272,58.8107687879301,-878.371251242735
15727.0,349.740356,-978.220093,56.568859325927185,-873.9424752035678
15736.0,346.093994,-974.85199,54.42511804088166,-869.5227552621373
15745.0,342.506439,-971.421265,52.33598434630507,-865.0198966537505
15754.0,338.862396,-967.826111,50.31719550143467,-860.4662040293967
15763.0,335.38858,-964.280273,48.38330377014834,-855.8945218430914
15772.0,332.086639,-960.784363,46.531139285977275,-851.2891226242925
15781.0,328.63681,-957.002441,44.75059842186387,-846.6186512384675
15790.0,325.25592,-953.158752,43.0604374711107,-841.9330369908138
15799.0,322.042908,-949.375,41.46658046221297,-837.250193886377
15808.0,318.795593,-945.417847,39.96161856152469,-832.5561265680788
15817.0,315.808868,-941.649048,38.5486385323081,-827.8695494181168
15827.0,312.556885,-937.409546,37.05789970638695,-822.5952101594368
15836.0,309.58371,-933.43457,35.78934954612341,-817.831812338329
15845.0,306.657166,-929.425171,34.59239403854045,-813.1032421012496
15854.0,303.864105,-925.510681,33.44979431744403,-808.3612441202828
15863.0,301.027222,-921.437317,32.357312183671745,-803.5897662849682
15873.0,298.027069,-917.016052,31.211360244512196,-798.3004603946484
15882.0,295.284271,-912.878723,30.219747388767363,-793.4542140482578
15891.0,292.583008,-908.714172,29.289773341137895,-788.6484189822727
15900.0,289.919952,-904.525085,28.40770119132873,-783.8336015747232
15909.0,287.29248,-900.313599,27.561149823709023,-778.9599222164186
15918.0,284.69693,-896.082336,26.765338711501276,-774.1300979319133
15928.0,281.857666,-891.353821,25.928248147428953,-768.7483184064167
15937.0,279.336975,-887.077576,25.216312746087336,-763.8879995853717
15946.0,276.928894,-882.915222,24.54931584945228,-759.0561061558759
15955.0,274.476776,-878.599304,23.917318107302023,-754.1847480380812
15964.0,271.978058,-874.131531,23.331052083990638,-749.377121221836
15974.0,269.40686,-869.447815,22.71704792748411,-744.0000438052455
15983.0,267.122711,-865.216125,22.198269506554713,-739.1326639253215
15992.0,264.867432,-860.968994,21.71685383754888,-734.2960873367202
16001.0,262.639404,-856.70752,21.2662511504851,-729.4392327792378
16010.0,260.364502,-852.295593,20.844386716673586,-724.562497360436
16020.0,257.859985,-847.381592,20.409258937818556,-719.1679977113209
16029.0,255.696045,-843.087219,20.03784923349194,-714.2525899822743
16038.0,253.480667,-838.645081,19.694049857391114,-709.4215667528371
16047.0,251.348053,-834.335083,19.366360640616755,-704.5375993366149
16056.0,249.162598,-829.878174,19.058019517547592,-699.6696424011061
16066.0,246.75383,-824.916565,18.7356784406191,-694.2499637925083
16075.0,244.669098,-820.583191,18.46291107888457,-689.328096638916
16084.0,242.533661,-816.102112,18.21181112643767,-684.4568516452817
16093.0,240.478241,-811.754761,17.977426856136837,-679.5675181570275
16103.0,238.13591,-806.761414,17.737243948577824,-674.1780829715939
16112.0,236.169693,-802.543518,17.535853143428394,-669.3217802743402
16121.0,234.082809,-798.039612,17.346050100064566,-664.4132646267522
16130.0,232.136856,-793.812378,17.171931759933933,-659.5731544773856
16139.0,230.074036,-789.297424,17.009423108693785,-654.6809045978534
16149.0,227.795929,-784.274475,16.843930438685323,-649.2369277748254
16158.0,225.752274,-779.750793,16.706606283606945,-644.3266637152947
16167.0,223.717407,-775.223145,16.578927576379815,-639.4333809630688
16176.0,221.689072,-770.692566,16.46023546006584,-634.5571128043586
16185.0,219.731522,-766.300293,16.349279633928738,-629.6634223002342
16195.0,217.563599,-761.416809,16.23515090177731,-624.2526056076515
16204.0,215.618286,-757.019104,16.139336947828212,-619.3585952243626
16213.0,213.610153,-752.479553,16.04865234293811,-614.4300097666805
16222.0,211.671402,-748.078918,15.963903771114678,-609.5530335873541
16231.0,209.737595,-743.676086,15.885194774407056,-604.6759561973611
16241.0,207.528183,-738.622498,15.806467543053035,-599.2645086395206
16250.0,205.5457,-734.071655,15.74333578618067,-594.3699675653457
16259.0,203.567734,-729.51886,15.687034835983537,-589.5098169147201
16268.0,201.592804,-724.964783,15.63568058591604,-584.6323747863985
16277.0,199.623215,-720.408386,15.588790652469541,-579.7376511701304
16287.0,197.440048,-715.343445,15.54274104905228,-574.2913541797398
16296.0,195.479797,-710.78302,15.506938680971263,-569.3793007142012
16305.0,193.524292,-706.22052,15.476508181160314,-564.5016831647387
16314.0,191.572968,-701.65625,15.451111179686485,-559.5723289166089
16323.0,189.688492,-697.232117,15.431296467696216,-554.6774208150507
16332.0,187.805328,-692.807434,15.416565796731886,-549.7824947734396
16342.0,185.646454,-687.732056,15.404046322773267,-544.3187817172476
16351.0,183.765625,-683.306335,15.395090512631096,-539.3893701798829
16360.0,181.82666,-678.736816,15.388826889860775,-534.477190233576
16369.0,179.890625,-674.166016,15.385769028630008,-529.5994787185693
16378.0,178.015778,-669.737793,15.385719303035748,-524.6872947790762
16388.0,175.801224,-664.49884,15.388399970456495,-519.2580395074584
16397.0,173.929016,-660.069519,15.392916941708922,-514.4148006065429
16406.0,172.05986,-655.638916,15.399319159754311,-509.5543280826667
16415.0,170.189743,-651.208679,15.408077124221466,-504.67662347166345
16424.0,168.320694,-646.778015,15.418002761768127,-499.78168532831273
16434.0,166.175705,-641.696777,15.430239446380353,-494.3696789617455
16443.0,164.240448,-637.125671,15.44056316108097,-489.4402700994017
16452.0,162.298279,-632.557495,15.445489033714372,-484.5625601131558
16461.0,160.35144,-627.991333,15.444657030219167,-479.65037624387327
16470.0,158.461365,-623.56958,15.43933258176366,-474.8071381633512
16480.0,156.360107,-618.657043,15.430220590163602,-469.36065411902297
16489.0,154.408463,-614.092896,15.421152190129131,-464.4484785498896
16498.0,152.457474,-609.528503,15.412751390876503,-459.5880090694442
16507.0,150.502808,-604.965637,15.404393546863757,-454.7103037564338
16517.0,148.33226,-599.895264,15.39483362858528,-449.3155277596888
16526.0,146.380737,-595.331055,15.387838508111704,-444.4205845512542
16535.0,144.489456,-590.909851,15.383235850051976,-439.6118172129329
16544.0,142.600876,-586.487488,15.380318237685131,-434.76857708447466
16554.0,140.500961,-581.574341,15.37915908987131,-429.408264208893
16563.0,138.616776,-577.150085,15.381064486153493,-424.54778784198874
16572.0,136.673813,-572.582275,15.388266662784217,-419.68731643764903
16581.0,134.673416,-567.8703,15.4001598326449,-414.82685424807664
16591.0,132.523117,-562.791321,15.417848918928696,-409.3976271312032
16600.0,130.589905,-558.21936,15.438101405387625,-404.53719258472876
16609.0,128.719055,-553.789429,15.461760314310178,-399.6078296880384
16618.0,126.790398,-549.215515,15.487872941951995,-394.7301871114648
16628.0,124.782341,-544.450623,15.518981665987665,-389.3699643814788
16637.0,122.915787,-540.018921,15.54886141392732,-384.49234342707825
16646.0,121.050552,-535.586609,15.580578215020497,-379.64920627241486
16655.0,119.125687,-531.011108,15.614865343674532,-374.75437815098536
16665.0,117.055885,-526.085205,15.654750206317791,-369.41144975100485
16674.0,115.132454,-521.509094,15.692515925113378,-364.5511197319387
16683.0,113.329987,-517.218689,15.730517606359244,-359.725264079497
16693.0,111.18998,-512.135315,15.772765308867777,-354.3306450402407
16702.0,109.261154,-507.561493,15.810223750384203,-349.4186039244693
16711.0,107.389336,-503.131989,15.845556024279363,-344.5582556062733
16720.0,105.517441,-498.702515,15.879848364216256,-339.6634275213522
16729.0,103.585434,-494.130035,15.91355747412191,-334.80306767462673
16739.0,101.508362,-489.207214,15.952520154301679,-329.3567153739519
16748.0,99.641701,-484.775513,15.989896550854429,-324.5136185899354
16757.0,97.77565,-480.343567,16.03022008018479,-319.6360727944448
16766.0,95.848763,-475.768921,16.072238766571466,-314.7240685713316
16775.0,93.920845,-471.194702,16.114832156927037,-309.8293056814044
16785.0,91.847275,-466.270386,16.163627665590425,-304.40026902756773
16794.0,89.979858,-461.83902,16.207888226719007,-299.5744667203143
16803.0,88.111732,-457.407959,16.252528378708007,-294.6624856215398
16812.0,86.177788,-452.836304,16.294014047034278,-289.8194222940895
16822.0,84.161514,-448.07489,16.336376560154704,-284.4075678923418
16831.0,82.222076,-443.505554,16.372409117289962,-279.4955161099706
16840.0,80.342415,-439.079376,16.40679004902969,-274.6006886465105
16849.0,78.46125,-434.653839,16.440148721933827,-269.6886179775533
16858.0,76.576561,-430.229797,16.471124075790083,-264.8282399396631
16868.0,74.479156,-425.315582,16.502431413715296,-259.364602236793
16877.0,72.588852,-420.893921,16.52706970873217,-254.52142389929716
16886.0,70.69532,-416.473633,16.549592598700368,-249.66099934343998
16895.0,68.73925,-411.911407,16.570485878083517,-244.78333161746474
16904.0,66.907158,-407.633575,16.590840265557347,-239.88842573027742
16914.0,64.805107,-402.721344,16.61518808073526,-234.44198848585887
16923.0,62.971577,-398.444122,16.638486888842973,-229.61603945260936
16932.0,61.077278,-394.02417,16.66276946943208,-224.70391553172243
16941.0,59.123402,-389.460999,16.687912216016446,-219.8435038221999
16951.0,57.024597,-384.547394,16.719743933797794,-214.44881326677256
16960.0,55.016869,-379.838531,16.752800959951077,-209.57121281089616
16969.0,53.132645,-375.414276,16.789006731809636,-204.69363471144862
16978.0,51.251251,-370.988831,16.82792150637224,-199.79884119324674
16988.0,49.159843,-366.072083,16.873122997425504,-194.40424609516015
16997.0,47.21917,-361.503265,16.91554954349654,-189.50948175622625
17006.0,45.339073,-357.077271,16.958790467172022,-184.6491973647249
17015.0,43.456337,-352.652405,17.00260400628938,-179.75444524441272
17024.0,41.512009,-348.085144,17.04495903826132,-174.9113894419635
17034.0,39.416889,-343.169983,17.09068648124199,-169.48232607971343
17043.0,37.469028,-338.604248,17.13030076097716,-164.57030187713377
17052.0,35.520618,-334.038727,17.16838488444803,-159.70997434256458
17061.0,33.632515,-329.616119,17.20595975482835,-154.8324065979546
17071.0,31.531157,-324.703613,17.2456465158063,-149.45500431172673
17080.0,29.51713,-319.997437,17.28028313082854,-144.57741481700438
17089.0,27.566015,-315.433075,17.31504092445907,-139.7515347105613
17098.0,25.68001,-311.009583,17.35283402457394,-134.8739686519899
17108.0,23.453028,-305.775879,17.39890557035751,-129.4449081989247
17117.0,21.568798,-301.351624,17.44312243889447,-124.58463258819143
17126.0,19.624193,-296.784485,17.489837301584757,-119.67267078261177
17135.0,17.68021,-292.217072,17.53790000322351,-114.79519510857146
17144.0,15.738453,-287.648712,17.58859683281249,-109.8832727873863
17154.0,13.646928,-282.731995,17.646325918744807,-104.48879720585744
17163.0,11.702283,-278.164886,17.699223026395504,-99.57689808699601
17172.0,9.816526,-273.741302,17.750810020883893,-94.71669511533224
17181.0,7.929095,-269.31842,17.801469752863706,-89.82200906441271
17190.0,5.916056,-264.611847,17.851173510019805,-84.89283998151816
17200.0,3.811854,-259.700562,17.90310736595588,-79.5155420298018
17209.0,1.854647,-255.138809,17.947747349820254,-74.62079737687544
17218.0,-0.10454,-250.577911,17.98943462885995,-69.81220853301146
17227.0,-2.010266,-246.162888,18.028365612563462,-64.93465142389918
17237.0,-4.199887,-241.100723,18.06614372555362,-59.505526926841995
17246.0,-6.175255,-236.546814,18.095972224785708,-54.6451417153196
17255.0,-8.151652,-231.993347,18.123613699449137,-49.75027155418265
17264.0,-10.06699,-227.582474,18.14978093857624,-44.872629270277415
17274.0,-12.27057,-222.526367,18.17792318819935,-39.42621031032956
17283.0,-14.194825,-218.119385,18.201292273319844,-34.58302568239816
17292.0,-16.181488,-213.570389,18.223382365446906,-29.6708914124787
17301.0,-18.167448,-209.021088,18.244960329041223,-24.810462569748964
17310.0,-20.094103,-204.615158,18.267001679068535,-19.9500358063216
17320.0,-22.302532,-199.561157,18.29178447454749,-14.486364612821784
17329.0,-24.165272,-195.296585,18.31492241025134,-9.60870701823038
17338.0,-26.154303,-190.748627,18.339231918190716,-4.713819175456636
17347.0,-28.147001,-186.202271,18.362043826839635,0.12936810888351769
17357.0,-30.301418,-181.31279,18.38275539356832,5.541348677883921
17366.0,-32.306862,-176.772034,18.395676333964378,10.401808243917905
17375.0,-34.248913,-172.372864,18.405486487240374,15.279510852219946
17384.0,-36.252949,-167.831497,18.415610286128963,20.174448589740877
17393.0,-38.193008,-163.431442,18.427163728666134,25.05214738036865
17403.0,-40.41991,-158.385559,18.44118123969074,30.498621008588824
17412.0,-42.363026,-153.986862,18.45354978040212,35.30737464313568
17421.0,-44.305168,-149.587738,18.46576305964,40.21954339977441
17430.0,-46.309948,-145.046692,18.478911771317417,45.080002354969196
17440.0,-48.469513,-140.159485,18.4943708293087,50.474764672680685
17449.0,-50.478783,-135.620422,18.506732279655903,55.30075411532626
17458.0,-52.426971,-131.223969,18.517085086405533,60.16121982996147
17468.0,-54.591503,-126.338966,18.52695971379625,65.48705221036451
17477.0,-56.539532,-121.942436,18.536400515069847,70.24410518395915
17486.0,-58.553665,-117.405533,18.545823530679726,75.1218085555166
17496.0,-60.723454,-112.522858,18.55363785887439,80.48211586051734
17505.0,-62.678799,-108.129578,18.55859910281731,85.29088284225242
17514.0,-64.69915,-103.595444,18.56112196231264,90.0996517214716
17524.0,-66.878609,-98.717079,18.56010437089894,95.51167182608522
17533.0,-68.776352,-94.467964,18.556992372862073,100.32044036013166
17542.0,-70.737465,-90.077255,18.55378953944855,105.14644457146832
17551.0,-72.762955,-85.54541,18.550325664772473,110.00692007756072
17561.0,-75.015396,-80.51088,18.545207232343028,115.38446637569474
17570.0,-76.981194,-76.122269,18.5387946648853,120.24493888592774
17579.0,-79.012543,-71.593048,18.530403306081816,125.03646534596739
17589.0,-81.201889,-66.719116,18.518472807995007,130.4312366210345
17598.0,-83.172119,-62.332493,18.505842781877544,135.27446116020369
17607.0,-85.145294,-57.947197,18.4924651261181,140.08321209333522
17617.0,-87.403427,-52.915211,18.478669811801712,145.47797892206808
17626.0,-89.368713,-48.526371,18.470888971976283,150.30397792377696
17635.0,-91.268852,-44.278324,18.468608550441637,155.14721839416947
17645.0,-93.51548,-39.241192,18.47095925789387,160.4902951448592
17654.0,-95.470146,-34.847614,18.478184880262937,165.33353076216628
17663.0,-97.484962,-30.311016,18.49000293221115,170.19399313496763
17672.0,-99.435799,-25.915735,18.504794690442385,175.03721155439274
17682.0,-101.605858,-21.033184,18.52290015233494,180.43196563955024
17691.0,-103.625305,-16.498646,18.53849676377976,185.27518153398256
17700.0,-105.583183,-12.106496,18.551997566537384,190.1356395239334
17709.0,-107.545097,-7.716149,18.562459432309847,194.96163345838315
17719.0,-109.730667,-2.84052,18.569432477237065,200.37364916649588
17728.0,-111.702927,1.545191,18.570394687935508,205.2168900781707
17737.0,-113.619255,5.785958,18.565740946392086,210.06012884959836
17747.0,-115.891777,10.81146,18.5549140492182,215.48937398761387
17756.0,-117.935532,15.335096,18.543822399685958,220.3153665157154
17765.0,-119.913902,19.718054,18.534393861453147,225.14136257960007
17775.0,-122.180168,24.74638,18.526766875385228,230.4844344038122
17784.0,-124.15255,29.132034,18.523323018491656,235.32767418666623
17793.0,-126.183159,33.661587,18.52453630492967,240.15367930828594
17802.0,-128.148224,38.050529,18.53098031679073,244.99691602860858
17812.0,-130.396973,43.086712,18.544174042876595,250.40892014666193
17821.0,-132.354919,47.478832,18.5614623330047,255.26936614047528
17830.0,-134.310349,51.872074,18.583090849152484,260.1470306616814
17839.0,-136.265594,56.265396,18.60702200402485,264.9729766006441
17849.0,-138.3694,60.988781,18.63461142989258,270.38492647770454
17858.0,-140.329468,65.379951,18.6578489870744,275.22811173849175
17867.0,-142.233261,69.626366,18.676983108977673,280.0885508163047
17876.0,-144.208939,74.010544,18.689141881826412,284.9662481355719
17886.0,-146.480774,79.036354,18.694489171317944,290.37826569418434
17895.0,-148.528076,83.558388,18.69428798872314,295.2215066972623
17904.0,-150.513718,87.938057,18.690960881062583,300.03027508728917
17914.0,-152.794601,92.95977,18.684576113241523,305.42505577623416
17923.0,-154.782303,97.338501,18.678231506496235,310.2165853835859
17932.0,-156.766708,101.718727,18.674101431197414,315.0598246298805
17941.0,-158.743851,106.102242,18.675300055354207,319.920301222464
17951.0,-161.005676,111.132568,18.685340346255643,325.3667836346335
17960.0,-162.972687,115.520638,18.70161121798405,330.22723314085056
17969.0,-164.934464,119.911049,18.723753312694228,335.0531876198739
17978.0,-166.89122,124.303703,18.752283830850256,339.9480526798162
17988.0,-169.064545,129.184799,18.788937432299242,345.3254764961456
17997.0,-170.959213,133.435287,18.825325912238675,350.1858170214892
18006.0,-172.91539,137.828201,18.86353430976924,355.04614358069387
18015.0,-174.870926,142.22139,18.903750057703576,359.94092658294517
18025.0,-177.039749,147.104492,18.95190644261259,365.35273253020773
18034.0,-178.990417,151.499847,18.997968289348957,370.1612814594422
18043.0,-180.936691,155.897156,19.04722086630128,375.0387452632861
18053.0,-183.162613,160.943466,19.106388267141824,380.39873170789843
18062.0,-185.093445,165.34758,19.16874928473118,385.2588083788219
18071.0,-187.007812,169.758865,19.244824604736603,390.11868972402345
18080.0,-188.900024,174.179703,19.34210598398994,395.0299102842427
18089.0,-190.884003,178.898621,19.467345874668073,399.9749800183702
18099.0,-192.982727,183.999146,19.642873350032655,405.4013978142794
18108.0,-194.827896,188.607346,19.84404410221676,410.34396091797856
18117.0,-196.631012,193.232162,20.091701148023414,415.30167019027357
18126.0,-198.379303,197.877991,20.389199251523287,420.22210443834916
18135.0,-200.082855,202.540405,20.75014143596249,425.2074178160716
18144.0,-201.724625,207.22493,21.166949234136343,430.1537787511734
18153.0,-203.276184,211.940109,21.65932419337449,435.14515066603155
18162.0,-204.731277,216.685944,22.249228527541447,440.1606484388428
18171.0,-206.079025,221.463364,22.94134911838177,445.1282631361251
18180.0,-207.352432,226.421463,23.742651438081392,450.04451572419566
18189.0,-208.5047,231.409103,24.66265286184412,454.93994443857207
18198.0,-209.527161,236.424957,25.705601875189565,459.7930334132851
18207.0,-210.358887,241.31868,26.884297525870288,464.5972062108297
18216.0,-211.013885,246.082626,28.204722186519675,469.32859393256825
18225.0,-211.514038,250.865311,29.65237973074392,473.9323548451952
18235.0,-211.858109,256.024567,31.42625883981609,478.95410164872817
18244.0,-212.00528,260.986267,33.201448864029324,483.44175440756715
18254.0,-211.938156,266.328918,35.32103576980494,488.23356182547053
18263.0,-211.671585,271.285645,37.40431423115548,492.4526041181558
18273.0,-211.150787,276.430084,39.89799784590927,496.98227151124007
18283.0,-210.398315,281.37149,42.59868808254897,501.3714253796907
18292.0,-209.456284,286.087097,45.224682463352515,505.2133770567134
18302.0,-208.227753,290.932129,48.31592976150899,509.29363214008026
18312.0,-206.799484,295.541931,51.62445568053298,513.2223348002583
18321.0,-205.222961,299.92041,54.78362285238667,516.6158552377095
18331.0,-203.153946,304.846619,58.50193988219211,520.2337278856311
18341.0,-200.992294,309.353363,62.3361445501254,523.5992892301637
18351.0,-198.546631,313.909149,66.39936168273563,526.8249907916792
18360.0,-196.189087,317.921448,70.1674882494509,529.5558626952699
18370.0,-193.412445,322.283417,74.42908011370066,532.3919032778855
18380.0,-190.575638,326.398773,78.81162209315004,535.0704054987781
18389.0,-187.730194,330.27533,82.86544569824784,537.3557836634023
18399.0,-184.419205,334.468872,87.48451384185888,539.7554142651052
18409.0,-180.876862,338.696381,92.21249415132294,542.013791818733
18418.0,-177.784012,342.173553,96.56570055197645,543.9319253270227
18427.0,-174.604156,345.57135,101.00342959481875,545.738955258838
18437.0,-170.970108,349.249664,105.97369495548517,547.6038300001484
18446.0,-167.627518,352.487488,110.51823310916004,549.1759106177942
18455.0,-163.993942,355.869415,115.1294504492759,550.6570109170879
18465.0,-159.886292,359.550079,120.23332446063976,552.1785424246617
18474.0,-156.252975,362.700195,124.83401949521392,553.4542882087409
18484.0,-152.152039,366.125214,130.02436648822865,554.7934123851536
18493.0,-148.414749,369.151245,134.70073710742741,555.914047174218
18502.0,-144.63884,372.128967,139.410220740506,556.9681301006267
18512.0,-140.263428,375.486908,144.69055784537142,558.0734533592507
18521.0,-136.292343,378.465271,149.44299037959135,559.0069245489819
18530.0,-132.291245,381.403198,154.20555857496862,559.887224292678
18539.0,-128.26416,384.30542,159.0278784488689,560.7273129661505
18549.0,-123.902626,387.391754,164.33434750364592,561.5987580634569
18558.0,-119.696236,390.309052,169.2059712263432,562.3513938423647
18567.0,-115.595062,393.105591,174.0500953899596,563.0549413055668
18576.0,-111.599808,395.78183,178.88312251132322,563.7136732831627
18585.0,-107.582855,398.425385,183.77287867552639,564.3377429634679
18594.0,-103.415924,401.122955,188.66767316888473,564.920979775586
18604.0,-98.911011,403.995972,194.04664401450893,565.518169268259
18613.0,-94.71035,406.640717,198.93267181444347,566.0244136718372
18622.0,-90.494476,409.261139,203.77038663227984,566.4942535222526
18631.0,-86.26326,411.85672,208.67956268241926,566.9405368627175
18640.0,-81.886246,414.511139,213.57411424536915,567.3563686261681
18650.0,-77.303429,417.258179,218.95204853765236,567.7824228421756
18659.0,-73.034683,419.791565,223.86802041468937,568.1462893223852
18668.0,-68.755745,422.307709,228.71680274648713,568.4832522915642
18677.0,-64.599869,424.72699,233.61858213195262,568.8027987108759
18686.0,-60.302151,427.210907,238.4700032174668,569.099358308256
18696.0,-55.666798,429.868347,243.890367204496,569.4099613322021
18705.0,-51.486557,432.2453,248.76103465555838,569.6720253611862
18714.0,-47.300556,434.612091,253.59811166952892,569.9162986001793
18723.0,-42.976753,437.050323,258.4874840406039,570.1498703503534
18732.0,-38.647591,439.479034,263.3601040277655,570.3727008573692
18742.0,-33.981739,442.08255,268.7670236064631,570.6076121549484
18751.0,-29.64303,444.494141,273.6406335495595,570.8076248962828
18760.0,-25.164263,446.973053,278.53186777447246,570.9982703854776
18769.0,-20.952618,449.293884,283.40624273004795,571.1786803812769
18779.0,-16.267563,451.862671,288.7804936781575,571.3669810282994
18788.0,-12.047645,454.168427,293.63830474260413,571.5279338347659
18797.0,-7.687366,456.540802,298.51362074498473,571.6808156553258
18806.0,-3.460698,458.834167,303.37195555243807,571.8250967783356
18816.0,1.240371,461.373535,308.7646213060276,571.9762771908768
18825.0,5.611653,463.725586,313.6061787331234,572.1039687509118
18834.0,9.849977,465.997345,318.4996338019035,572.2248630656688
18843.0,14.229571,468.333862,323.34160482622116,572.3357686743559
18853.0,18.795126,470.76123,328.7007302094673,572.4485986100879
18862.0,23.181431,473.085144,333.56029001653894,572.5430053114566
18871.0,27.434391,475.329376,338.4027613390503,572.6293473349749
18881.0,32.163807,477.815552,343.7968488137474,572.7160638985031
18890.0,36.420116,480.053436,348.62233387177764,572.7869219305667
18899.0,40.816101,482.358978,353.5340347224184,572.8558117823892
18908.0,45.077839,484.586487,358.3596251268698,572.9190901707266
18918.0,49.664154,486.974396,363.71958236287895,572.9808469187183
18927.0,54.069942,489.261139,368.5798139456718,573.0296639790052
18936.0,58.477676,491.544128,373.422864706322,573.0725916406677
18946.0,63.224869,493.996185,378.8002482045442,573.1147473042614
18955.0,67.635582,496.273438,383.60890086664574,573.1482745145603
18964.0,71.909706,498.477112,388.4865150479105,573.1792401869866
18973.0,76.186371,500.675842,393.31244430215054,573.2063278050299
18983.0,80.785667,503.038635,398.68993579031525,573.2311407379815
18992.0,85.063126,505.235809,403.5331392482587,573.2502121647093
19001.0,89.479668,507.501709,408.39358570080157,573.2673710030523
19011.0,94.233803,509.940308,413.7883446555059,573.2839621968253
19020.0,98.650894,512.205139,418.63156912052546,573.2966206250946
19029.0,103.068726,514.468567,423.52650579154925,573.3072475802878
19038.0,107.349281,516.659729,428.3525034609786,573.3158149978672
19048.0,112.105659,519.093933,433.7472832253939,573.32293823651
19057.0,116.387077,521.283386,438.5905218199634,573.3277725351192
19066.0,120.668251,523.473328,443.43376092495123,573.3320651202467
19075.0,124.948387,525.665283,448.259763971253,573.3367022583176
19085.0,129.858353,528.177673,453.60283787116487,573.34270139882
19094.0,134.139343,530.367981,458.4633122646268,573.3474778256555
19103.0,138.419968,532.559021,463.27208012643587,573.3514965069321
19113.0,143.175552,534.994751,468.6668623480989,573.3564186916631
19122.0,147.594406,537.256165,473.47563010116994,573.3605654483362
19131.0,151.8759,539.445435,478.31887031892177,573.3633308635602
19141.0,156.633636,541.876953,483.67918319077563,573.3645071319589
19150.0,160.915695,544.065186,488.4707169927887,573.3647444683397
19159.0,165.335342,546.325012,493.33119372875353,573.3649515840132
19169.0,170.092438,548.757812,498.6570351729839,573.3659330796996
19178.0,174.236145,550.875854,503.483040347749,573.3669124182027
19187.0,178.790833,553.212341,508.29180975909674,573.3680291336588
19197.0,183.537308,555.665771,513.6348792173229,573.3771644593879
19206.0,187.949356,557.94043,518.4608585490157,573.3929883665407
19215.0,192.234421,560.122742,523.2696203018481,573.4016430221334
19225.0,197.172089,562.580261,528.7160688924706,573.3799814612456
19234.0,201.776367,564.817444,533.5761538242905,573.3182676115078
19243.0,206.12645,566.867126,538.4698112555128,573.2058625789133
19252.0,210.642639,568.927246,543.3962567622764,573.0346522400667
19261.0,215.185913,570.926941,548.3028518463632,572.8003965278582
19270.0,219.617111,572.794739,553.2228223258745,572.4953247462105
19280.0,224.737717,574.843994,558.7041689042048,572.0651730786657
19289.0,229.522339,576.663757,563.6107647230697,571.5913632206671
19298.0,234.199722,578.325745,568.5246162204081,571.0226249964485
19307.0,238.911789,579.886719,573.5108319938773,570.3391990292556
19316.0,243.512283,581.286621,578.3948814142509,569.5546858267221
19325.0,248.297729,582.605591,583.2577396412628,568.6480383927292
19334.0,252.966019,583.75946,588.0777485540493,567.6152303796421
19343.0,257.665436,584.779175,592.883758728228,566.4440489627498
19352.0,262.395081,585.647949,597.602886697522,565.1439146793244
19362.0,267.684448,586.403625,602.7674349401566,563.5260753493126
19371.0,272.312378,586.892273,607.2990401538628,561.9170947137309
19380.0,277.110168,587.217163,611.7675495922562,560.1403876761029
19390.0,282.451324,587.360107,616.5862799087608,557.9964820989758
19399.0,287.259766,587.303711,620.8344331639167,555.8943046089481
19409.0,292.595428,587.022461,625.400755930863,553.3957622482869
19418.0,297.072845,586.587219,629.4445002137093,550.9562957591951
19428.0,302.190643,585.849243,633.7918226609208,548.0624172665584
19437.0,306.459717,585.049072,637.5722994473864,545.2899708989036
19447.0,311.823425,583.764343,641.6507342167529,542.0005276612975
19457.0,316.782745,582.300964,645.4939952322311,538.5671992176264
19466.0,321.174316,580.761353,648.8048042025592,535.2968807104163
19476.0,326.115936,578.72937,652.268065148834,531.5038776828732
19486.0,330.784943,576.507507,655.5087093682671,527.5412375974306
19496.0,335.324158,574.03125,658.5277427350857,523.4072650607876
19506.0,339.717987,571.305298,661.274676471847,519.1696289180344
19516.0,344.093964,568.239502,663.7707856271724,514.7994049103974
19525.0,347.765747,565.380432,665.7890346457096,510.77903052805306
19536.0,352.029114,561.615479,667.9497137388921,505.7794568132472
19546.0,355.453979,558.215393,669.6239844451616,501.1430793573699
19556.0,358.671722,554.618652,671.0085591812363,496.4480318873507
19566.0,361.562592,550.971863,672.1024538276092,491.6945622622473
19576.0,364.330444,547.018494,672.9082189344174,486.8663886387991
19587.0,367.072205,542.472717,673.4476291817559,481.5159618360112
19597.0,369.229248,538.349182,673.6133000377413,476.7100469734648
19607.0,371.131775,534.102173,673.4753216262242,471.83428642437104
19617.0,372.821594,529.581665,673.0306588060874,466.97688444898193
19628.0,374.257812,524.668274,672.1905713079226,461.7526285022983
19638.0,375.28717,519.953308,671.0881248879766,457.0542310311248
19649.0,375.992096,514.883057,669.5181798368781,452.0372343747427
19659.0,376.335388,510.069275,667.7680104383221,447.5952945751628
19670.0,376.323395,504.760681,665.5581319526522,442.95875648866604
19680.0,375.979553,499.94693,663.2044023368753,438.8049776064254
19691.0,375.230957,494.691376,660.3466958644536,434.51639822011396
19702.0,374.113037,489.501801,657.1428020516329,430.39222440874727
19712.0,372.802643,484.857117,653.9781190356302,426.84054543528435
19722.0,371.200104,480.304962,650.5325684796105,423.4368467382369
19733.0,369.112396,475.424103,646.5438725053581,419.98622398113906
19743.0,366.967682,471.10083,642.7424136941993,417.0978277109203
19754.0,364.235687,466.329407,638.3021534552929,414.1258647736726
19764.0,361.530579,462.126312,634.0554361623056,411.62295236116574
19774.0,358.640686,458.048065,629.6873283650576,409.33848030336765
19784.0,355.484985,453.951996,625.1268487997169,407.20976122224494
19794.0,352.187714,449.968994,620.4856897669855,405.2632100091703
19804.0,348.766815,446.091644,615.7146237985803,403.4562628255095
19813.0,345.705719,442.795227,611.3316072983115,401.9444809174657
19823.0,341.975891,438.969421,606.3677467214924,400.37792236003725
19832.0,338.555084,435.589722,601.8815911816729,399.07732142676923
19842.0,334.809387,432.025146,596.8205962537457,397.7207089836206
19852.0,330.882355,428.402039,591.7352572547683,396.45841177341686
19861.0,327.190308,425.084045,587.0842669201982,395.38035286293524
19870.0,323.574615,421.913727,582.3857509769392,394.35653040298007
19880.0,319.504578,418.452026,577.1508216386327,393.28695594903877
19889.0,315.92099,415.483124,572.4932623076113,392.4076963986765
19898.0,312.192902,412.44574,567.7057687375017,391.56856621812597
19908.0,308.026794,409.100281,562.4348959131773,390.6931381174885
19917.0,304.377533,406.212494,557.6509849852623,389.93737381021674
19926.0,300.461823,403.161682,552.8444480574482,389.2152679278638
19936.0,296.218201,399.915131,547.485983140236,388.4557836428249
19945.0,292.376801,397.0224,542.6679098613436,387.81515580781274
19954.0,288.514191,394.158051,537.827795873169,387.21069277701406
19963.0,284.633301,391.318512,533.0175343337762,386.6464522458489
19973.0,280.297333,388.19635,527.6378947883443,386.05531688955614
19982.0,276.378632,385.409241,522.8200621888216,385.5598650782293
19991.0,272.317596,382.554749,517.9477581843563,385.0895761951134
20000.0,268.242065,379.720978,513.0899689370754,384.64916433884093
20009.0,264.15155,376.908875,508.22980713741356,384.23575624115284
20019.0,259.727234,373.913239,502.8174365011272,383.80789635070676
20028.0,255.60379,371.149658,497.91822668828513,383.4511131285376
20037.0,251.729935,368.570953,493.0861089685447,383.12305551630925
20046.0,247.723557,365.911407,488.2014148128966,382.80638383887714
20056.0,243.128998,362.860168,482.8002455812124,382.4638439449346
20065.0,239.254333,360.282684,477.94948336306715,382.1566956960929
20074.0,235.127487,357.52417,473.0990308068278,381.8446954662482
20083.0,231.138702,354.838318,468.24930245247333,381.5216335020059
20093.0,226.580933,351.732391,462.8850539188791,381.14365459153925
20102.0,222.623871,349.0,458.0555528873493,380.77909562398713
20111.0,218.559326,346.150482,453.2283001877961,380.3858847022045
20120.0,214.644638,343.357727,448.38679131981115,379.95690215594766
20130.0,210.324203,340.214111,443.0001468951922,379.4334286695552
20139.0,206.338791,337.254944,438.1327852583485,378.9144791135356
20148.0,202.389328,334.247955,433.25388281020287,378.3436359132189
20157.0,198.358047,331.093109,428.3308518929301,377.7080402646228
20166.0,194.492477,327.979034,423.45077203744637,377.01233995893017
20175.0,190.675598,324.80545,418.5300123804622,376.2391974652955
20184.0,186.670807,321.373535,413.655611559313,375.39681017885124
20193.0,182.963821,318.072266,408.7619173180583,374.4676268867193
20202.0,179.322266,314.698944,403.8522770420929,373.44212259441315
20211.0,175.637054,311.145996,398.96367695227906,372.3205986959723
20220.0,172.13559,307.627472,394.098431353956,371.1017418705338
20229.0,168.597946,303.927551,389.2758378596123,369.78788467779174
20238.0,165.158005,300.136627,384.43408741481994,368.35238557891427
20247.0,161.823029,296.253052,379.66283198346457,366.80598708509655
20256.0,158.599548,292.276428,374.903017750469,365.1185708649787
20265.0,155.585556,288.332306,370.19297207359915,363.29684784697497
20274.0,152.581161,284.187683,365.552335758,361.349050789125
20283.0,149.704086,279.953705,360.9989753382703,359.2873675877953
20292.0,146.954376,275.635895,356.47643338627034,357.0791934360069
20301.0,144.256516,271.104004,351.9765902240085,354.711922549276
20310.0,141.772003,266.628357,347.59467899888375,352.23638769648744
20319.0,139.486343,262.221985,343.3037702606099,349.6394031195777
20328.0,137.213638,257.462646,339.107723776912,346.9233724420535
20337.0,135.228485,252.912994,335.02905081348786,344.09412482150975
20346.0,133.395142,248.300064,331.01984627792564,341.1091779666004
20355.0,131.71257,243.630035,327.11132413256047,337.99355870652096
20364.0,130.127731,238.762527,323.29286879938803,334.7415400163091
20373.0,128.75267,233.992889,319.5807852759074,331.3686091531541
20382.0,127.537949,229.179916,315.981597262851,327.8754626718867
20391.0,126.455437,224.176666,312.5144560868644,324.2751070227367
20400.0,125.571274,219.29216,309.17173314508125,320.55894878215213
20409.0,124.866493,214.535324,306.0014700790153,316.7842156255996
20418.0,124.294388,209.44838,302.94901094081285,312.89167238046986
20427.0,123.911163,204.499298,300.0309562054491,308.89738192195233
20436.0,123.698204,199.539978,297.2730997707262,304.832436787842
20445.0,123.655159,194.7314,294.66629239256935,300.6893614519717
20454.0,123.768921,189.613647,292.1911217805108,296.4463576222434
20464.0,124.098076,184.280716,289.6221658962609,291.663337064568
20473.0,124.57222,179.339523,287.4544869568705,287.25530813163294
20482.0,125.212662,174.417114,285.4454278183977,282.7916549950589
20491.0,125.995476,169.672485,283.58898995019064,278.2623993843655
20500.0,126.999672,164.652939,281.88052736735494,273.6568910887569
20510.0,128.230453,159.453552,280.17965694100485,268.51908976513585
20519.0,129.444351,154.961014,278.8360709576395,263.9197884119446
20528.0,130.889359,150.212097,277.6460549884914,259.27838148889657
20538.0,132.601974,145.333237,276.50004665426343,254.02436442718033
20547.0,134.41571,140.71257,275.6493821999559,249.2564137730158
20556.0,136.337021,136.304306,274.9772815447681,244.47743819081438
20565.0,138.418884,131.969543,274.4763754747861,239.62551361564
20575.0,140.823334,127.391884,274.1285064662152,234.27650037760762
20584.0,143.199768,123.211349,273.9944396777033,229.50408503493765
20593.0,145.730179,119.122185,274.0271237822155,224.66095431156432
20603.0,148.730087,114.700752,274.2698803741545,219.3233945763804
20612.0,151.480392,110.946785,274.67678118818213,214.56646764460032
20622.0,154.809875,106.767906,275.3342810890396,209.281367651905
20631.0,157.944138,103.120903,276.1044421508289,204.56959791584646
20640.0,161.208817,99.590157,277.06045913269304,199.82164941309733
20650.0,165.095932,95.677307,278.31146973277475,194.62709003158383
20659.0,168.600342,92.384377,279.601045148821,190.03025227579315
20669.0,172.511078,89.001694,281.21634428491745,185.0095649037529
20678.0,176.123169,86.067543,282.829738217725,180.5711164593057
20688.0,180.404922,82.871452,284.8265773121477,175.6523839816015
20697.0,184.102066,80.308662,286.7795122532143,171.31467868521776
20706.0,188.146866,77.707916,288.8991677383926,167.01748694452257
20716.0,192.749329,74.993904,291.4299803753442,162.3313824376788
20725.0,196.974457,72.697701,293.82569075015675,158.2615622479835
20735.0,201.910583,70.237083,296.67289314457895,153.80151340001913
20744.0,206.282425,68.234283,299.3268882481801,149.95788694767862
20754.0,211.064163,66.266701,302.43721117304597,145.78417051708524
20763.0,215.572388,64.59333,305.42769974845334,142.06249076365282
20773.0,220.487427,62.987476,308.8711945165913,138.09042244910626
20782.0,225.107574,61.653893,312.1308883962663,134.60211083493775
20792.0,230.127274,60.413319,315.9323156001074,130.82294337613598
20801.0,234.834244,59.429115,319.44047985377983,127.58462503539356
20810.0,239.727234,58.593121,323.07639367085807,124.46389964745211
20820.0,244.847137,57.869987,327.096504663674,121.26706434446841
20830.0,250.159409,57.296997,331.31886851585375,118.13551098975385
20839.0,255.10968,56.929596,335.1549066671147,115.47055965489962
20849.0,260.449158,56.733185,339.51576548536025,112.66025817675714
20859.0,265.619812,56.707043,343.98845411439834,109.99772668067591
20868.0,270.271851,56.829823,348.1540398881874,107.70043756445216
20877.0,275.073364,57.094009,352.4029268178401,105.52308091802051
20887.0,280.397675,57.541527,357.19775324768386,103.24471855353814
20896.0,285.332764,58.07555,361.6122639739324,101.2947385654824
20906.0,290.458557,58.755703,366.5363071457973,99.26535765150247
20915.0,295.212524,59.479542,371.03886129836326,97.52831044167348
20924.0,300.108276,60.299145,375.5245656342257,95.89356926400167
20934.0,305.533264,61.293873,380.59103517332153,94.14318591251423
20943.0,310.253296,62.213383,385.1416721078854,92.64301934778034
20952.0,314.966614,63.166668,389.7076971526052,91.19036263569922
20962.0,320.197968,64.253525,394.8444282572323,89.5991291689567
20971.0,325.05484,65.278671,399.4944164366609,88.18426377785893
20980.0,329.605865,66.250519,404.1322002636243,86.7885759084817
20989.0,334.459167,67.292542,408.8057401327282,85.39211464298225
20999.0,339.682404,68.417793,413.94361689526227,83.86398577382155
21008.0,344.534454,69.465622,418.6364763642561,82.47201309097714
21017.0,349.234894,70.480606,423.26367537459817,81.10111695170522
21026.0,354.087219,71.527161,427.9568646311719,79.71025658937876
21036.0,359.312225,72.644142,433.09497005229036,78.1828967269942
21045.0,364.016937,73.639076,437.73500399364707,76.79470780706004
21054.0,368.725708,74.614609,442.3710484113708,75.39325298750177
21064.0,374.131775,75.707542,447.5116552151708,73.81458517074901
21073.0,379.002289,76.665878,452.1667453053356,72.3578026795743
21082.0,383.879272,77.59063,456.7474787399995,70.89453725624224
21091.0,388.763306,78.477524,461.38341082000926,69.37789203613302
21101.0,394.198944,79.412361,466.52899011909636,67.6458892453807
21110.0,399.250916,80.238197,471.1538376630682,66.0423609043377
21119.0,404.156891,80.99427,475.76432584286596,64.39800185307926
21128.0,408.916748,81.678322,480.35913039905444,62.71031437136351
21137.0,413.835938,82.342979,484.9696771937154,60.96617086652221
21147.0,419.138245,83.001823,490.0604519039255,58.98215223064287
21156.0,424.07019,83.563995,494.6186734150025,57.151259630345194
21165.0,429.008148,84.070602,499.1889413435354,55.25862898306495
21174.0,433.951294,84.524078,503.76927082758095,53.30102669075696
21183.0,438.744446,84.911446,508.2324875220211,51.33334386250513
21192.0,443.541718,85.243729,512.71991330208,49.29319970590708
21201.0,448.342651,85.518013,517.183048415305,47.200449536312895
21210.0,453.301422,85.743347,521.6052522865552,45.06183690683338
21220.0,458.813904,85.923965,526.5242783768942,42.60554435678361
21229.0,463.776703,86.028572,530.9215090589404,40.33976368901032
21238.0,468.740356,86.076973,535.2603536593392,38.036726869617944
21247.0,473.704224,86.059898,539.6156422332173,35.65519864614777
21256.0,478.822571,85.977646,543.9250403912877,33.226518506483
21265.0,483.784332,85.832527,548.1873703692229,30.750287202579063
21274.0,488.588959,85.633034,552.4316284132323,28.20948548630042
21283.0,493.545166,85.356895,556.6856592886409,25.58520462372915
21292.0,498.49704,85.011688,560.8592392124027,22.929902319739494
21301.0,503.443146,84.59169,565.0368686050547,20.185628027282817
21310.0,508.536743,84.082268,569.1439122785151,17.397724243931208
21319.0,513.31427,83.535004,573.2079316787783,14.547467842271256
21328.0,518.237549,82.901344,577.2421255370701,11.625669623538995
21337.0,523.149475,82.185135,581.216421288045,8.651583457214878
21347.0,528.592346,81.293442,585.5751382316646,5.271996881705283
21356.0,533.478516,80.41848,589.4732470287387,2.1433587529404186
21365.0,538.503113,79.439697,593.309474303689,-1.033901892992453
21374.0,543.361389,78.42131,597.05733477788,-4.235888803839481
21383.0,548.20343,77.328148,600.7817942761344,-7.51744585603282
21392.0,553.028625,76.163048,604.4555715512327,-10.85564533687718
21401.0,557.685486,74.96402,608.0648965817219,-14.238273387648832
21410.0,562.323608,73.694267,611.6586936668448,-17.71221225377045
21419.0,567.240845,72.271179,615.1496161709294,-21.192533845479154
21428.0,571.990601,70.828987,618.5754822770191,-24.712902076365452
21437.0,576.716675,69.310997,622.0076602275435,-28.34660311669915
21446.0,581.418213,67.71859,625.359836120502,-32.00763193707266
21455.0,586.094604,66.053757,628.6646470797972,-35.73454076887805
21464.0,590.745605,64.319237,631.9099816840534,-39.51335383962976
21473.0,595.367554,62.508785,635.105859471961,-43.356528816045284
21482.0,599.959656,60.623844,638.2388827765241,-47.25111399391115
21491.0,604.660828,58.598141,641.3372541948488,-51.239008123229546
21500.0,609.324768,56.488216,644.3228756098559,-55.22619882390057
21509.0,613.951477,54.297791,647.2350585355064,-59.26733919820294
21518.0,618.263855,52.169956,650.0636413454706,-63.34647323965247
21527.0,622.671082,49.886017,652.8267702180364,-67.49095677211584
21536.0,627.036316,47.522728,655.4926808899556,-71.65776850231552
21546.0,631.833862,44.801826,658.3732826859849,-76.36118769569747
21555.0,636.108459,42.278358,660.8937678931886,-80.65755584071643
21564.0,640.343811,39.689495,663.3231985484033,-84.96653093893711
21573.0,644.535583,37.030701,665.7139603481687,-89.37566744280073
21582.0,648.68573,34.3074,668.0247641303891,-93.80780176101378
21591.0,652.795105,31.522945,670.2574790168949,-98.26050983058697
21600.0,656.989441,28.588324,672.4369607473487,-102.77781943692565
21609.0,661.015747,25.685013,674.5405829661628,-107.31195687365138
21618.0,665.00238,22.727484,676.5610961076135,-111.84602148348488
21627.0,668.939575,19.704462,678.5319903262816,-116.45815793763931
21636.0,672.82959,16.620956,680.4292949965838,-121.10105161302856
21645.0,676.670227,13.476166,682.2325862697401,-125.72580629031644
21654.0,680.342651,10.371749,683.9731059188767,-130.41133935343285
21663.0,684.191956,6.997234,685.6465794767638,-135.15780172485003
21672.0,687.97876,3.552777,687.2246079277048,-139.90052825529924
21681.0,691.589417,0.146406,688.7198917028409,-144.6880488165832
21690.0,695.25647,-3.425277,690.1327380750209,-149.51850261730033
21699.0,698.76947,-6.932256,691.4501874256465,-154.30437165535974
21708.0,702.351135,-10.589591,692.712873270514,-159.14061536218196
21717.0,705.886108,-14.292037,693.9157954844363,-163.99206946191742
21726.0,709.267761,-17.925835,695.0492255647332,-168.82482762822534
21735.0,712.602295,-21.602938,696.1303628250579,-173.72251778964406
21744.0,715.892944,-25.319353,697.1444479851442,-178.61692889034663
21753.0,719.136719,-29.076782,698.0900873152945,-183.4899137557254
21762.0,722.438599,-32.988544,698.9817456164727,-188.40810185791585
21771.0,725.600952,-36.814724,699.810683764003,-193.30228992014912
21780.0,728.725952,-40.671478,700.5926025722455,-198.23911397128813
21789.0,731.813843,-44.558006,701.3223151679749,-203.16650115364962
21798.0,735.060608,-48.714314,702.0067490583899,-208.1177816934956
21807.0,738.080505,-52.653919,702.6427623271459,-213.05813715026517
21816.0,741.065796,-56.61982,703.240191275719,-218.05538613782156
21825.0,744.019958,-60.608955,703.787091069218,-222.98905777837388
21834.0,746.948486,-64.616959,704.2980523116464,-227.94390828328343
21843.0,749.759521,-68.518562,704.7667581497881,-232.81636482827204
21852.0,752.631775,-72.567047,705.2098801500637,-237.7777424404014
21861.0,755.552124,-76.771324,705.6162660993708,-242.75955728991275
21870.0,758.306641,-80.900856,705.9633947090615,-247.71129607232763
21879.0,760.90863,-84.944847,706.2285933721331,-252.6335768424916
21888.0,763.620178,-89.286728,706.4137403525635,-257.6112615967628
21897.0,766.283936,-93.658073,706.5298880756353,-262.5737937072244
21906.0,768.775757,-97.770866,706.5987555319879,-267.5199697027829
21916.0,771.77002,-102.606705,706.6689748264008,-273.0521944139422
21924.0,774.139526,-106.328819,706.7598627007957,-277.5670417578555
21933.0,776.870911,-110.473663,706.9256719347652,-282.5798986270321
21942.0,779.743103,-114.710991,707.1674110238622,-287.6069236921207
21951.0,782.639771,-118.931587,707.4689240925065,-292.6307179416559
21960.0,785.53363,-123.154121,707.8025447389389,-297.72157502702845
21969.0,788.323181,-127.260048,708.1316084457436,-302.77818480935287
21978.0,791.174011,-131.511765,708.4414824427281,-307.8532747634453
21987.0,793.98114,-135.79248,708.7165624698039,-312.9648911792561
21995.0,796.440369,-139.620895,708.914468241665,-317.44180963416784
22004.0,799.164124,-143.955124,709.0867209624147,-322.50618663573766
22013.0,801.78009,-148.173752,709.2115486466213,-327.5547134586633
22022.0,804.458252,-152.536285,709.3012443548182,-332.55227120365424
22031.0,807.12262,-156.907272,709.3678941159775,-337.58466393490863
22040.0,809.696899,-161.151474,709.4163352676076,-342.47937244516123
22049.0,812.259705,-165.402634,709.4521280247727,-347.42589835574915
22059.0,815.005493,-169.986221,709.4752433230681,-352.88957685842627
22068.0,817.547119,-174.250046,709.4822877049535,-357.81899149790655
22077.0,820.002075,-178.384949,709.478720239216,-362.7656456174879
22086.0,822.531372,-182.656097,709.4668550436709,-367.6433436597286
22095.0,824.978088,-186.795883,709.4489847541585,-372.60720263170515
22104.0,827.502747,-191.069794,709.4270909046944,-377.51933778021674
22114.0,830.306946,-195.819153,709.4006516743458,-382.9312933985966
22123.0,832.751465,-199.960251,709.3765766148421,-387.7572386218136
22132.0,835.194397,-204.10228,709.3516261950366,-392.6004153614053
22141.0,837.635925,-208.245132,709.3251847204323,-397.4435841900536
22151.0,840.433411,-212.998459,709.2935563534319,-402.8038038790357
22160.0,842.871338,-217.143448,709.2628198321935,-407.6469473541593
22169.0,845.227356,-221.156631,709.2298279073691,-412.45560371861944
22179.0,847.928467,-225.766663,709.1887608899085,-417.8157594036576
22188.0,850.433289,-230.052231,709.1468495840155,-422.65881906639237
22197.0,852.857178,-234.205429,709.1005246589733,-427.50183852285653
22206.0,855.354675,-238.49527,709.0494431998169,-432.3792835157454
22216.0,858.037537,-243.115936,708.9874162697558,-437.7564745154117
22225.0,860.604492,-247.54483,708.9258966472222,-442.63379901867876
22234.0,863.01001,-251.708694,708.8594903822378,-447.47658475235943
22244.0,865.682495,-256.335388,708.7790971466034,-452.888007816203
22253.0,868.085327,-260.500793,708.7013091803735,-457.7823379008847
22262.0,870.40686,-264.534027,708.6201704658768,-462.60766104187474
22271.0,872.800293,-268.704834,708.5323982604895,-467.4845837410884
22281.0,875.536072,-273.493927,708.4266481674756,-472.8610925809168
22290.0,877.915833,-277.672577,708.3227136372474,-477.7032182574969
22299.0,880.28894,-281.855011,708.2111580759441,-482.54517435096915
22308.0,882.732788,-286.175659,708.0924666074176,-487.3869607764189
22318.0,885.274963,-290.678314,707.9531762403722,-492.7627052439856
22327.0,887.638611,-294.866089,707.8218729897782,-497.6214081161661
22336.0,890.0755,-299.190674,707.6852367093022,-502.53169136509837
22345.0,892.509888,-303.516632,707.5460299540114,-507.4074169986228
22355.0,895.124878,-308.176056,707.3858129857543,-512.8343084212929
22364.0,897.628601,-312.640991,707.2386089682497,-517.6753118742561
22373.0,900.055115,-316.971375,707.0891487916414,-522.5162461962624
22382.0,902.555725,-321.43808,706.9365554316819,-527.4088153794223
22392.0,905.250122,-326.25061,706.7671283742189,-532.7836944347243
22401.0,907.599792,-330.446228,706.6134360365912,-537.6417406272923
22410.0,909.950928,-334.641022,706.4623720317564,-542.4481367995829
22420.0,912.565613,-339.300629,706.2964431919542,-547.7886369924215
22429.0,914.997803,-343.627838,706.149323683249,-552.6123992954504
22438.0,917.358215,-347.817413,706.0060735763311,-557.4362780576964
22447.0,919.801453,-352.138397,705.8666729676236,-562.2947553514629
22457.0,922.436279,-356.786652,705.7178738571197,-567.6702450232639
22466.0,924.81073,-360.968292,705.5870260698489,-572.5289601826796
22475.0,927.264343,-365.283386,705.4582152571539,-577.4049715391736
22484.0,929.639893,-369.464417,705.3298354279617,-582.2982359470068
22494.0,932.283081,-374.10791,705.1886422710058,-587.6911724327742
22503.0,934.663452,-378.286224,705.0629054011866,-592.5327810181452
22512.0,937.119446,-382.599945,704.9367878836366,-597.4261042567304
22521.0,939.42395,-386.642944,704.811224690271,-602.2849588571711
22531.0,942.157471,-391.43335,704.6700396149919,-607.7468618105519
22540.0,944.540161,-395.610321,704.5451363598114,-612.6057334203598
22549.0,946.919922,-399.788971,704.4179163574661,-617.4990281198965
22558.0,949.297668,-403.96875,704.2893301619407,-622.3233200364684
22568.0,951.850098,-408.465576,704.141075589968,-627.7333092444173
22577.0,954.296448,-412.78476,704.00330758357,-632.6090757431886
22586.0,956.662292,-416.971313,703.8621037956268,-637.4502579278043
22595.0,959.023376,-421.160522,703.715700802927,-642.3085292569377
22605.0,961.727051,-425.967834,703.5472356768068,-647.7006827180676
22614.0,964.154785,-430.297546,703.3881897592954,-652.610291200828
22623.0,966.581848,-434.627625,703.2252951801577,-657.4852829269986
22632.0,968.929077,-438.824615,703.058732908084,-662.3429048918363
22642.0,971.619507,-443.639374,702.8695013632405,-667.7343695230408
22651.0,973.96405,-447.837891,702.6960337240761,-672.5917497965951
22660.0,976.308105,-452.036682,702.5197907313394,-677.483524152902
22669.0,978.577576,-456.099426,702.3455984693986,-682.3063847108949
22678.0,980.923584,-460.297089,702.1691522355115,-687.1981517405147
22688.0,983.53125,-464.960602,701.9772208131926,-692.537780661958
22697.0,985.879211,-469.157196,701.8040950258128,-697.3779264155603
22706.0,988.306458,-473.487183,701.6328898670163,-702.2181404860299
22716.0,990.922424,-478.146088,701.4469218578748,-707.575226575251
22725.0,993.355042,-482.473053,701.2821748719072,-712.4156647666739
22734.0,995.638733,-486.527832,701.1223317621557,-717.2045316903237
22744.0,998.263428,-491.181824,700.9456472616987,-722.6136670404081
22753.0,1000.627808,-495.369171,700.7906873748659,-727.4544284358751
22762.0,1003.073364,-499.688843,700.6369448211118,-732.3469616419633
22771.0,1005.445007,-503.872101,700.4884721695643,-737.1879263522349
22781.0,1008.084351,-508.517792,700.3276767708044,-742.5630705574318
22790.0,1010.462036,-512.697632,700.1847096428266,-747.4386873773287
22799.0,1012.841003,-516.876709,700.0455396847542,-752.2626855768258
22808.0,1015.220581,-521.05542,699.9060104201425,-757.1556447560779
22818.0,1017.86322,-525.699219,699.753515725159,-762.5137881692157
22827.0,1020.23999,-529.879578,699.6146120219709,-767.3550368940398
22836.0,1022.615356,-534.06073,699.4747101833866,-772.1617709176912
22846.0,1025.246826,-538.710876,699.3137830698694,-777.536911181076
22855.0,1027.603638,-542.902466,699.1603057298554,-782.3777198077904
22864.0,1029.942383,-547.104187,698.9919570864704,-787.2180340732737
22873.0,1032.330688,-551.45575,698.7994748725075,-792.1091963628342
22883.0,1034.866577,-556.158691,698.5535336365452,-797.498371842956
22892.0,1037.11145,-560.411316,698.2913489408334,-802.4380741508808
22901.0,1039.31897,-564.683472,697.9902008606413,-807.3237499259714
22910.0,1041.487793,-568.975403,697.6423974869301,-812.2236054208921
22919.0,1043.682251,-573.427856,697.246780161073,-817.1371240422795
22928.0,1045.765137,-577.762085,696.8023777330362,-822.0291642649108
22938.0,1048.080444,-582.768066,696.2359617334905,-827.515437292333
22947.0,1050.10144,-587.301941,695.6524215679457,-832.4969739596793
22956.0,1052.060059,-591.863098,695.006802724927,-837.4187004403421
22965.0,1053.951538,-596.452454,694.2928693701515,-842.3135649809133
22974.0,1055.830566,-601.214111,693.4994970528131,-847.2311035199943
22983.0,1057.514893,-605.718262,692.6260248800737,-852.1350479814168
22992.0,1059.224243,-610.543457,691.6666132450554,-857.0229058181238
23001.0,1060.794189,-615.252502,690.6068726267814,-861.9429026285096
23010.0,1062.321045,-620.138489,689.4580288430018,-866.8251546348475
23019.0,1063.762817,-625.050293,688.2253544866265,-871.6513476322733
23028.0,1065.041138,-629.686035,686.8992849428732,-876.4705973975083
23037.0,1066.302734,-634.647156,685.4734816327709,-881.2972425795294
23046.0,1067.470093,-639.631287,683.9591765914009,-886.0787807143352
23055.0,1068.504028,-644.486328,682.339456301336,-890.8620548246591
23063.0,1069.406128,-649.086853,680.8113136903503,-895.1113944563011
23072.0,1070.281982,-654.130371,679.0301111045026,-899.7816135178396
23081.0,1071.043335,-659.192444,677.1283600792377,-904.4599196290777
23090.0,1071.687012,-664.270813,675.1193372828011,-909.0931725291407
23099.0,1072.220703,-669.361938,673.0244250821424,-913.6313408387255
23108.0,1072.647583,-674.463135,670.8174801883415,-918.1352969806795
23117.0,1072.93811,-679.573914,668.4795001036782,-922.6310098871664
23126.0,1073.109497,-684.690063,666.0218211902522,-927.0821192202002
23135.0,1073.168945,-689.808716,663.4836784179828,-931.4280656142325
23144.0,1073.127197,-694.772461,660.8851938501601,-935.6574973954207
23153.0,1072.974365,-699.423584,658.1648881342414,-939.8713036919726
23162.0,1072.699097,-704.224487,655.3544857868543,-944.0047365728101
23171.0,1072.293457,-709.171753,652.4524133573118,-948.0531437325404
23180.0,1071.767822,-714.107727,649.4395928567607,-952.0414442936899
23189.0,1071.088745,-719.337952,646.318777389739,-955.9678596453457
23198.0,1070.361572,-724.091431,643.1699050140651,-959.7380259307484
23207.0,1069.480103,-728.97644,639.8941167124269,-963.4675602507123
23216.0,1068.47937,-733.83844,636.5125286098978,-967.1249482287781
23225.0,1067.360107,-738.6745,633.0273800990883,-970.7078756062434
23234.0,1066.093994,-743.63446,629.4550911025892,-974.2039276739449
23243.0,1064.745239,-748.411621,625.7983909549026,-977.6115915019237
23252.0,1063.284058,-753.155579,622.03294208236,-980.9508748951826
23261.0,1061.656738,-758.009033,618.2260926455574,-984.1632762217265
23270.0,1059.909058,-762.820435,614.3259849810913,-987.2894222420143
23279.0,1058.104492,-767.444702,610.3475925992742,-990.3153143073242
23288.0,1056.136475,-772.170288,606.2949375027139,-993.2409963479622
23297.0,1054.036987,-776.838928,602.2249516304445,-996.0220740726521
23306.0,1051.88562,-781.312378,598.0674430516533,-998.7024699618559
23315.0,1049.619141,-785.728638,593.840226850567,-1001.2715248259789
23324.0,1047.24646,-790.088745,589.5476752696155,-1003.7298577225683
23333.0,1044.760742,-794.385437,585.1475314108351,-1006.1010099227918
23343.0,1041.972046,-798.942993,580.2709687403662,-1008.5650419068824
23352.0,1039.286743,-803.117798,575.7708493164561,-1010.7005863545146
23361.0,1036.507935,-807.231018,571.2542358835375,-1012.7179120107191
23370.0,1033.639038,-811.28186,566.6605322164424,-1014.6439212360823
23379.0,1030.780396,-815.148682,562.0570157065583,-1016.454179628911
23388.0,1027.849243,-818.960876,557.3996679667696,-1018.1715401826689
23397.0,1024.743164,-822.832886,552.7400929218326,-1019.7801230098304
23406.0,1021.568787,-826.649109,548.0164191602887,-1021.3056135655007
23415.0,1018.330444,-830.411194,543.2654671480748,-1022.7439008172614
23424.0,1015.036438,-834.124634,538.5240159075703,-1024.0921657931244
23433.0,1011.685608,-837.786865,533.7117615934176,-1025.3781803082777
23442.0,1008.285034,-841.402954,528.8806370097575,-1026.5913827540473
23451.0,1004.731201,-845.087341,524.0329860641846,-1027.73676706822
23460.0,1001.243103,-848.61908,519.1540873516406,-1028.8230341105914
23469.0,997.714233,-852.110107,514.2791128525462,-1029.8458970292886
23479.0,993.624756,-856.063171,508.8678211457068,-1030.9126401471256
23488.0,990.021118,-859.47699,503.9699906064091,-1031.819767991252
23497.0,986.276184,-862.966919,499.06330168959596,-1032.6776891944457
23506.0,982.616455,-866.320496,494.1830273494563,-1033.4853537724468
23515.0,978.928467,-869.643005,489.278931905588,-1034.2535094326927
23524.0,975.332092,-872.835266,484.402691380288,-1034.9756289869638
23533.0,971.7146,-876.00354,479.50391648761644,-1035.6622178424764
23542.0,968.076782,-879.148438,474.60036603871305,-1036.3138256237698
23551.0,964.302917,-882.373047,469.70972172734844,-1036.9308965523965
23560.0,960.510864,-885.576294,464.78112463540515,-1037.521782282657
23569.0,956.702209,-888.759766,459.86631179792664,-1038.082152230227
23578.0,952.995483,-891.823181,454.9484924345554,-1038.615493035748
23588.0,948.729553,-895.319153,449.47918414056153,-1039.1783940520156
23597.0,944.99823,-898.3526,444.57321002945247,-1039.658598521348
23606.0,941.132324,-901.466309,439.61362095428376,-1040.1213091466134
23615.0,937.373657,-904.465759,434.7034060002841,-1040.5560129730939
23624.0,933.479553,-907.544067,429.75679817841365,-1040.9698804609804
23633.0,929.571228,-910.604309,424.85986070309383,-1041.3566031273654
23642.0,925.650146,-913.648193,419.97845183803383,-1041.7204237392393
23651.0,921.715393,-916.674377,415.0955103732874,-1042.0630614449442
23661.0,917.32959,-920.018738,409.6950939430471,-1042.4172718742434
23670.0,913.493164,-922.91803,404.84372490106523,-1042.7146816290465
23679.0,909.641357,-925.796936,399.9739043035917,-1042.9920375782642
23688.0,905.647705,-928.744995,395.10263886414106,-1043.2427405749352
23697.0,901.633057,-931.664429,390.1782210792706,-1043.4647491137139
23707.0,897.144348,-934.869385,384.7872237709776,-1043.6668566817843
23716.0,893.20874,-937.632629,379.89437022535054,-1043.810042318477
23725.0,889.12439,-940.453674,375.00054087932057,-1043.9146954476528
23734.0,885.021057,-943.247009,370.1060623646596,-1043.9825041125303
23743.0,880.894836,-946.00647,365.1939785276894,-1044.0138639027987
23753.0,876.425232,-948.934082,359.78197032344815,-1044.0024689276008
23762.0,872.24939,-951.617859,354.8700886792099,-1043.9479733233482
23771.0,868.050354,-954.265198,349.94163296026244,-1043.850492363182
23780.0,863.829102,-956.877014,345.08312040612753,-1043.712326140525
23789.0,859.720642,-959.376038,340.1914973498533,-1043.5319326239094
23799.0,854.984375,-962.202332,334.7334184234338,-1043.2835548257738
23808.0,850.966614,-964.550476,329.88011676900373,-1043.0195525627944
23817.0,846.791748,-966.93689,324.92622451863843,-1042.7046449371192
23826.0,842.459412,-969.359924,320.027170234311,-1042.3457324448846
23835.0,838.102844,-971.739075,315.13189207923944,-1041.9385434932087
23844.0,833.720276,-974.069946,310.1895576444475,-1041.4764335759924
23853.0,829.175049,-976.424744,305.26971678586756,-1040.962074137632
23862.0,824.876648,-978.580688,300.3563450425937,-1040.3892060742885
23871.0,820.409668,-980.745544,295.38245882648346,-1039.7436965065126
23880.0,815.910706,-982.843079,290.4523783981874,-1039.0324076145712
23889.0,811.377808,-984.86615,285.51689128934595,-1038.2420939217466
23898.0,806.810974,-986.811523,280.5440866292796,-1037.3620832142278
23907.0,802.214111,-988.684753,275.65443912870217,-1036.4118347007518
23916.0,797.5849,-990.476501,270.714307543628,-1035.363834245267
23925.0,792.924072,-992.184387,265.79361261338465,-1034.228067351921
23934.0,788.23291,-993.80719,260.91133152590044,-1033.0062857941045
23943.0,783.516174,-995.354004,256.08503029500906,-1031.7061145887303
23952.0,778.774963,-996.824158,251.24833920912346,-1030.314770586716
23961.0,774.011658,-998.221069,246.4844436642536,-1028.8598052418242
23970.0,769.078369,-999.587463,241.72805089623597,-1027.3234600426729
23979.0,764.27478,-1000.838806,236.97978591335803,-1025.707846739529
23988.0,759.302734,-1002.05658,232.28884416497738,-1024.0325287307421
23997.0,754.464783,-1003.167664,227.65529093073397,-1022.3005979783691
24006.0,749.611877,-1004.211609,223.03132047159107,-1020.4952967752699
24015.0,744.745667,-1005.191406,218.46506857760286,-1018.6382771329747
24025.0,739.324585,-1006.207092,213.44857715725627,-1016.5171723964985
24034.0,734.434021,-1007.057251,208.87134989087969,-1014.5090341327012
24043.0,729.532898,-1007.844116,204.36754273007136,-1012.4632773622486
24052.0,724.775269,-1008.543701,199.87538022428288,-1010.3512424992533
24061.0,719.701111,-1009.219727,195.3810672488116,-1008.1638285893779
24070.0,714.771912,-1009.805786,190.96370851920182,-1005.9375443398887
24079.0,709.835083,-1010.323364,186.56341252154203,-1003.6402393157535
24088.0,704.736328,-1010.778137,182.16748121062145,-1001.261286469593
24097.0,699.941162,-1011.139709,177.88294288953998,-998.8587289920175
24106.0,695.141235,-1011.430847,173.5746868623542,-996.3586180101842
24115.0,690.027466,-1011.662903,169.31910464932105,-993.8031855088151
24124.0,685.065979,-1011.81781,165.17620403636397,-991.2286071966824
24134.0,679.551208,-1011.904541,160.5809929902347,-988.2728750472543
24143.0,674.43219,-1011.915405,156.49072873082653,-985.5527115694321
24152.0,669.468689,-1011.854248,152.4546457711099,-982.7831353766193
24161.0,664.50647,-1011.724609,148.44497116334065,-979.9455200754028
24170.0,659.54657,-1011.52594,144.4902454523548,-977.0609642176705
24179.0,654.589661,-1011.262451,140.61790927419764,-974.1520132078208
24189.0,649.259094,-1010.896606,136.29735516616145,-970.8075955758312
24198.0,644.311401,-1010.496277,132.45589515606346,-967.7461031213758
24207.0,639.369751,-1010.026733,128.6562138974776,-964.6329096819893
24216.0,634.589172,-1009.506958,124.89986010254245,-961.4675728554975
24225.0,629.662842,-1008.897278,121.16277854162935,-958.2266438046439
24234.0,624.899353,-1008.239014,117.53780478077122,-954.9887742308563
24244.0,619.450745,-1007.382935,113.4843883425877,-951.2484755803973
24253.0,614.408447,-1006.5,109.89524240350748,-947.8194455908954
24262.0,609.534424,-1005.559692,106.40294404833763,-944.3649697614293
24271.0,604.678223,-1004.531189,102.9249953942966,-940.7990900555053
24280.0,599.690491,-1003.379333,99.52529318709101,-937.1821521042486
24289.0,594.874146,-1002.17804,96.22827540096692,-933.5408302596613
24298.0,590.078613,-1000.896179,92.99884889875803,-929.8394311289676
24307.0,585.458496,-999.562439,89.80517321090515,-926.0393454928595
24316.0,580.716003,-998.096497,86.71739125174548,-922.2189850870133
24326.0,575.481689,-996.358032,83.37052098935422,-917.9003306039187
24335.0,570.801208,-994.704651,80.4206706721952,-913.9294638456457
24344.0,566.150208,-992.970215,77.57684817818308,-909.9453464317056
24353.0,561.531433,-991.151672,74.79697202086665,-905.895427962421
24362.0,556.944153,-989.255066,72.07100252079532,-901.76765737889
24371.0,552.53302,-987.340332,69.4273361774776,-897.607103740677
24380.0,548.153687,-985.354004,66.83826540700902,-893.371902708088
24389.0,543.665283,-983.234009,64.30323998299549,-889.0640871556075
24398.0,539.207886,-981.049622,61.88093166166652,-884.7906841259006
24407.0,534.650574,-978.718262,59.503672926385136,-880.4330636575202
24417.0,529.78717,-976.116821,56.94784410708438,-875.5455532623995
24426.0,525.44989,-973.702698,54.71920464391196,-871.0908039921871
24435.0,521.154663,-971.214478,52.583447889760784,-866.6289722167074
24444.0,517.166138,-968.816895,50.5254165128984,-862.1307607324136
24453.0,512.826904,-966.101074,48.539084074697236,-857.5816181004567
24462.0,508.664337,-963.396729,46.6530428527291,-853.0459373834191
24471.0,504.677368,-960.70813,44.83396064329366,-848.4459004682521
24480.0,500.736969,-957.951782,43.08962713726045,-843.7985877113283
24489.0,496.844574,-955.128052,41.44480708796983,-839.1699682558836
24498.0,493.00061,-952.238708,39.87245211020888,-834.4798616974448
24507.0,489.091644,-949.17926,38.367208751116195,-829.6954631853195
24516.0,485.231567,-946.05835,36.975266008743304,-824.9666500453046
24526.0,480.858704,-942.421143,35.51156418133273,-819.6668606410641
24535.0,477.076782,-939.205994,34.26530648708145,-814.8975818621753
24544.0,473.328827,-935.951294,33.065094454804516,-810.0809745169047
24553.0,469.73407,-932.757263,31.922027093637098,-805.2682001908619
24562.0,466.060547,-929.418823,30.829990607477306,-800.4259206084942
24571.0,462.426086,-926.037842,29.808101834224246,-795.6388274110906
24580.0,458.831726,-922.614319,28.82513519816865,-790.7556520599826
24589.0,455.16156,-919.045837,27.90129194266777,-785.8784880397568
24598.0,451.634094,-915.553406,27.036093398319796,-781.0255909885
24607.0,448.140198,-912.027344,26.222495296600925,-776.1812531403777
24617.0,444.299408,-908.069031,25.369299526187284,-770.7671037297953
24626.0,440.983246,-904.586609,24.650902014713363,-765.8903134609046
24635.0,437.590607,-900.963013,23.974981342556024,-760.9900552074517
24644.0,434.223419,-897.315796,23.348596118515385,-756.1527294457062
24653.0,430.883179,-893.64386,22.75455342111724,-751.2765973380273
24662.0,427.56958,-889.947876,22.200062707322083,-746.4305041669812
24672.0,423.917389,-885.81488,21.620647731059858,-740.9975864073501
24681.0,420.651855,-882.076355,21.13513902555386,-736.1094546216116
24690.0,417.405731,-878.320984,20.680872491585564,-731.2356306750962
24699.0,414.281433,-874.665466,20.2541769203032,-726.3593155873524
24708.0,411.075348,-870.875854,19.8536658941132,-721.4634865486922
24717.0,407.990692,-867.186768,19.483450141489435,-716.5998439558781
24727.0,404.473877,-862.937988,19.09874694625085,-711.1323984541528
24736.0,401.423126,-859.220825,18.782052149959917,-706.2649778456448
24745.0,398.391449,-855.488098,18.48612440400239,-701.3617158878192
24754.0,395.179657,-851.502075,18.212187827139157,-696.4399136708365
24763.0,392.077911,-847.626587,17.95980190911649,-691.5342177562641
24772.0,388.894196,-843.618042,17.725946247641314,-686.6448589562673
24782.0,385.480408,-839.286072,17.490250146150927,-681.2897303102391
24791.0,382.515747,-835.499878,17.292833867626648,-676.3987646838536
24800.0,379.373474,-831.458801,17.11125227884417,-671.5071855858398
24809.0,376.430145,-827.656006,16.94499655950377,-666.6150616113991
24819.0,373.064087,-823.286804,16.77616602649021,-661.205675426317
24828.0,370.139557,-819.469543,16.63674985763928,-656.347198579031
24837.0,367.125,-815.525818,16.50754135966347,-651.4367142625977
24846.0,364.2117,-811.700012,16.389237568649786,-646.5776774900692
24855.0,361.305847,-807.86853,16.279817010886113,-641.6839524173818
24865.0,357.882111,-803.326599,16.171519100414482,-636.2385375538382
24874.0,354.901611,-799.357117,16.08608526420609,-631.3443349624919
24883.0,351.928223,-795.382324,16.010282861742784,-626.4154981517403
24892.0,348.961304,-791.402649,15.943687370666103,-621.5037656571476
24901.0,345.999664,-787.419067,15.885024138018432,-616.5919320195939
24911.0,342.817932,-783.126587,15.828381676272853,-611.2146816052601
24920.0,339.958649,-779.260193,15.783362252413365,-606.3544133621232
24929.0,337.102753,-775.391357,15.74357648469531,-601.4768631505094
24938.0,334.250732,-771.519653,15.709031269439746,-596.5820368437224
24947.0,331.312958,-767.518433,15.681517470395685,-591.6699299588156
24957.0,328.154755,-763.208679,15.659084994846689,-586.2579562493197
24966.0,325.316406,-759.326904,15.644213488286836,-581.3630306335618
24975.0,322.390137,-755.317261,15.634019292788405,-576.4680930421426
24984.0,319.559265,-751.430054,15.628906384936682,-571.5903832483647
24993.0,316.642059,-747.413818,15.62926618585969,-566.6954350549663
25003.0,313.406677,-742.947021,15.636495777330701,-561.2834196834783
25012.0,310.496857,-738.925415,15.64885557514575,-556.3712512933184
25021.0,307.679779,-735.028198,15.665687672477876,-551.4763320267717
25030.0,304.866425,-731.128296,15.687211999287356,-546.5469593471507
25039.0,301.965851,-727.100037,15.71325265516591,-541.6520804079172
25048.0,299.067535,-723.070129,15.743414210710716,-536.7399890673132
25058.0,295.843994,-718.594788,15.778977302071915,-531.3108496090841
25067.0,293.031281,-714.694397,15.811831718350367,-526.4332477842654
25076.0,290.128448,-710.667786,15.845697966234498,-521.5211805885583
25085.0,287.225098,-706.641541,15.880272223531673,-516.6435906514215
25094.0,284.415558,-702.738892,15.91690134287989,-511.7315432813829
25104.0,281.092834,-698.122559,15.960387730790865,-506.30246150594115
25113.0,278.28067,-694.221802,16.001685478259148,-501.42492386178117
25122.0,275.473358,-690.317566,16.045080311317474,-496.51293160340646
25131.0,272.663208,-686.415344,16.091064693427104,-491.6354358924144
25140.0,269.757629,-682.390686,16.137279879118022,-486.7234693601098
25150.0,266.523804,-677.922729,16.182703679530587,-481.29440344885734
25159.0,263.611847,-673.90271,16.219147172605354,-476.3478822897584
25168.0,260.697449,-669.88446,16.252680800608836,-471.4530489482335
25177.0,257.872803,-665.992737,16.28412471061412,-466.5926739190536
25186.0,254.864807,-661.850708,16.31412828029711,-461.6978176666886
25196.0,251.725311,-657.527283,16.346562910161904,-456.320366748111
25205.0,248.807358,-653.511597,16.376408818709063,-451.4427455865316
25214.0,245.980942,-649.621155,16.406233955402016,-446.5651242978964
25223.0,243.065155,-645.603882,16.43714896773921,-441.65303764150485
25233.0,239.825668,-641.140076,16.472629894725184,-436.25836985276254
25242.0,237.003479,-637.246582,16.505583280296396,-431.4324770876505
25251.0,234.093552,-633.225098,16.54119265914084,-426.5893669891179
25260.0,231.369522,-629.452026,16.5805514896508,-421.76352221452925
25270.0,228.044434,-624.837402,16.630611680725885,-416.4034429758389
25279.0,225.326248,-621.06012,16.680776417507992,-411.57769843171445
25288.0,222.610947,-617.280762,16.734396273967015,-406.73475424812494
25298.0,219.390564,-612.803162,16.797403057156675,-401.3231008230148
25307.0,216.580353,-608.901001,16.855385992787966,-396.42849604584575
25316.0,213.771973,-604.997498,16.91320396180253,-391.56836320545847
25325.0,211.05661,-601.218201,16.972746339178876,-386.72548821639805
25335.0,208.04454,-597.015381,17.04299060448213,-381.3656354935183
25344.0,205.244659,-593.105774,17.1105705054565,-376.5228659954568
25353.0,202.53688,-589.321045,17.181462950439713,-371.6456687229067
25362.0,199.646942,-585.285156,17.253242103292326,-366.8029596455837
25372.0,196.53392,-580.942627,17.333034498297504,-361.40876530158823
25381.0,193.639999,-576.909607,17.40415793373287,-356.54880896426545
25390.0,190.834549,-573.004028,17.474624379638684,-351.6716055182172
25399.0,187.93927,-568.971985,17.54433744130811,-346.79439124538084
25409.0,184.822617,-564.63208,17.62134890302382,-341.4173939772311
25418.0,182.01973,-560.72467,17.692220577957663,-336.5401964028206
25427.0,179.212234,-556.820557,17.76348190391125,-331.6630045060866
25436.0,176.406876,-552.914917,17.83536737546272,-326.7341090121429
25446.0,173.190979,-548.434082,17.916062877500252,-321.30545280398985
25455.0,170.386917,-544.527466,17.991007797940593,-316.4283161201326
25464.0,167.584656,-540.619568,18.068511607175527,-311.53398152745484
25473.0,164.692017,-536.585632,18.14735407033321,-306.67414428637824
25482.0,161.889221,-532.678101,18.226812581684904,-301.8143170786757
25492.0,158.771118,-528.339233,18.31416933718061,-296.403001947813
25501.0,155.869446,-524.311768,18.39143329438998,-291.49142568974816
25510.0,152.964157,-520.286926,18.46453901903828,-286.6142610906017
25519.0,150.151184,-516.386719,18.53555682126652,-281.71982808796724
25528.0,147.338715,-512.486145,18.606818147220107,-276.8426361912333
25538.0,144.106522,-508.017029,18.685408628598722,-271.4139491007293
25547.0,141.195892,-503.996033,18.753682547690897,-266.53671446969963
25556.0,138.281403,-499.977814,18.819219799140594,-261.6766795920033
25565.0,135.363373,-495.962189,18.882714763875942,-256.7476688696887
25574.0,132.444412,-491.947235,18.94344479964808,-251.83586035137037
25584.0,129.095749,-487.349701,19.009422278128703,-246.3725313232077
25593.0,126.169395,-483.340118,19.066266509904302,-241.5296239126036
25602.0,123.151138,-479.205566,19.1223815655303,-236.61776050261147
25611.0,120.225189,-475.195709,19.178362594995107,-231.74036928409453
25620.0,117.390877,-471.311005,19.23578184239822,-226.8802317167208
25630.0,114.24527,-466.992035,19.302804310030353,-221.43415244238722
25639.0,111.415565,-463.103973,19.365420218094627,-216.55684189022827
25648.0,108.588799,-459.213776,19.431568264377148,-211.6623406509309
25657.0,105.764847,-455.321533,19.501330130449215,-206.80236457837725
25667.0,102.526443,-450.856934,19.582499845541854,-201.37371543998938
25676.0,99.61335,-446.837708,19.657568812088627,-196.47934289636623
25685.0,96.698814,-442.81955,19.73380202621645,-191.619464025362
25694.0,93.785866,-438.800232,19.811571754811453,-186.7251336508547
25703.0,90.782799,-434.654633,19.890361276029488,-181.84805756107792
25713.0,87.64666,-430.328766,19.980240298656103,-176.38506947222737
25722.0,84.821068,-426.437714,20.060491745023217,-171.49077916097013
25731.0,81.992424,-422.548889,20.138673416315427,-166.61369328922072
25740.0,79.163017,-418.660614,20.214641843146662,-161.73657244057767
25749.0,76.241814,-414.647278,20.289063108218162,-156.8766654847752
25759.0,73.09539,-410.328888,20.370464462511123,-151.4824951809571
25768.0,70.170593,-406.318176,20.442229832033437,-146.62254828047486
25777.0,67.334068,-402.435089,20.513112066392623,-141.7281133126402
25786.0,64.406776,-398.426208,20.582879064231005,-136.8681373137525
25796.0,61.156506,-393.970215,20.662620358676303,-131.4394670054424
25805.0,58.325722,-390.082947,20.737684747951995,-126.56233215887454
25814.0,55.408073,-386.067047,20.817560809387434,-121.66803570684796
25823.0,52.584019,-382.174866,20.90187530927389,-116.80829032165946
25832.0,49.670868,-378.155701,20.99042157990428,-111.93138161510144
25842.0,46.536892,-373.828278,21.092631988673922,-106.4686103284768
25851.0,43.624203,-369.808777,21.185754089048487,-101.55730914322137
25860.0,40.801094,-365.915924,21.27872446785273,-96.6460050835492
25869.0,37.977524,-362.023407,21.369432388586286,-91.78637482838901
25878.0,35.152855,-358.131683,21.458976156538466,-86.90948433466612
25888.0,31.808126,-353.531281,21.556962289913738,-81.48111269042198
25897.0,28.881401,-349.521973,21.640442375274123,-76.65582948823277
25906.0,25.951908,-345.514709,21.719859637011975,-71.76152556999797
25915.0,23.11157,-341.634399,21.794772738460235,-66.90162617073224
25925.0,19.85268,-337.184723,21.876098597895982,-61.472979369276594
25934.0,16.825251,-333.056885,21.9464178125084,-56.63024887270478
25943.0,13.979764,-329.180359,22.01442974177604,-51.77024799603518
25952.0,11.041663,-325.179382,22.081125234793507,-46.87575418597457
25962.0,7.773267,-320.736694,22.152569130259533,-41.49868005995343
25971.0,4.83017,-316.73941,22.215771278031617,-36.60413989421493
25980.0,1.88705,-312.742126,22.27799841671691,-31.70958723552165
25989.0,-0.963943,-308.869659,22.340648737770536,-26.797802835208536
25998.0,-3.999444,-304.747772,22.403272869282812,-21.88601810091675
26008.0,-7.173791,-300.44986,22.470814073698815,-16.491656448895313
26017.0,-10.034406,-296.584473,22.530107534057574,-11.631541385513511
26026.0,-12.986751,-292.593994,22.588676019138592,-6.7541805513431346
26035.0,-15.941325,-288.605164,22.64720641313655,-1.8595822901485661
26044.0,-18.806826,-284.743408,22.7039564324624,3.0178000415382122
26054.0,-22.098648,-280.318024,22.7627290718969,8.463974593491837
26063.0,-25.062756,-276.336273,22.811144857688564,13.324210190192698
26072.0,-28.028137,-272.355469,22.85785487753869,18.21893552667033
26081.0,-30.993656,-268.374786,22.903735850282878,23.11366870447158
26090.0,-33.959766,-264.394531,22.949559457309405,28.008402419654615
26100.0,-37.151035,-260.109161,23.000399237685954,33.38571082662335
26109.0,-40.022205,-256.251617,23.047652813748968,38.228721311218855
26118.0,-42.984837,-252.268784,23.096912543262288,43.123421651850194
26127.0,-45.947235,-248.285767,23.14786687494426,48.01810464481238
26137.0,-49.035675,-244.138733,23.20502232522175,53.429823032045604
26146.0,-51.908802,-240.282639,23.25430096512257,58.23834007103319
26155.0,-54.782833,-236.427231,23.302427111048008,63.046868782878974
26165.0,-57.873917,-232.282166,23.354705378185443,68.38969029144275
26174.0,-60.748028,-228.426819,23.401219693064725,73.18099832272961
26183.0,-63.716953,-224.448669,23.447972872122715,78.02401366387821
26193.0,-67.019012,-220.03093,23.49728324256401,83.40133631314447
26202.0,-69.899818,-216.180573,23.53885264545971,88.22716255231911
26211.0,-72.877785,-212.209183,23.577129001869938,93.01854347567541
26221.0,-75.983788,-208.075287,23.61580758411072,98.43042546030055
26230.0,-78.966103,-204.107162,23.64761392826841,103.29079813122027
26239.0,-81.948189,-200.13887,23.67856753447059,108.11670413737359
26249.0,-85.261406,-195.729492,23.71368473776016,113.47690210478139
26258.0,-88.244904,-191.762253,23.745432417888484,118.35451125875737
26267.0,-91.229713,-187.796005,23.775532951866737,123.2321308556489
26276.0,-94.02916,-184.078537,23.8035585704174,128.04081872899562
26286.0,-97.348221,-179.673553,23.833512770563505,133.41828403644476
26295.0,-100.243172,-175.833832,23.859180337355802,138.2614570284393
26304.0,-103.043701,-172.117188,23.88419109229249,143.08739749306574
26314.0,-106.357658,-167.708359,23.914277743395928,148.44762605733195
26323.0,-109.243896,-163.862076,23.945375253035532,153.27353113833752
26332.0,-112.128433,-160.014511,23.980779970961876,158.13387892936035
26342.0,-115.331604,-155.738052,24.023467927231536,163.4767856689522
26351.0,-118.210785,-151.88649,24.065794558040167,168.31984171970103
26360.0,-121.181969,-147.910019,24.112215393063792,173.19733329634363
26369.0,-123.965904,-144.180923,24.16122821557092,178.0403262962973
26379.0,-127.160995,-139.898422,24.21811740232162,183.4003374052597
26388.0,-130.130341,-135.920593,24.270569730056433,188.2260576270793
26397.0,-133.013519,-132.072021,24.321956841479057,193.1207360956092
26406.0,-135.993622,-128.102234,24.368619918051373,198.0154618798381
26416.0,-139.103653,-123.971367,24.413996675720988,203.41005550651258
26425.0,-142.09549,-120.010414,24.44953084279824,208.27040235285205
26434.0,-145.089142,-116.050842,24.480425905434192,213.1307809017777
26443.0,-147.993393,-112.21814,24.507867556679294,217.9394721430973
26453.0,-151.217255,-107.957253,24.536872268222425,223.35141462015142
26462.0,-154.118179,-104.122032,24.563832372525173,228.2118165887676
26471.0,-157.019226,-100.286903,24.59272893185738,233.07220743031814
26480.0,-159.917313,-96.449532,24.623763836090262,237.93258508832696
26490.0,-163.340469,-91.907181,24.66266731603201,243.34446546094077
26499.0,-166.23024,-88.063545,24.70293895614237,248.20477536245474
26508.0,-169.114685,-84.215919,24.748960219615235,253.03056119994167
26518.0,-172.318527,-79.939957,24.806444709362527,258.4078026786521
26527.0,-175.29422,-75.966866,24.86288814591683,263.28518856789606
26536.0,-178.270889,-71.994507,24.922044205722507,268.17977930728364
26545.0,-181.340729,-67.898117,24.982530520248783,273.1088278683138
26554.0,-184.226074,-64.051163,25.041539265360292,277.9689463968841
26564.0,-187.545334,-59.646332,25.103561168946925,283.39784806056
26573.0,-190.35376,-55.935646,25.152367620756984,288.2408431446598
26582.0,-193.261139,-52.10532,25.193990575871858,293.10114166155944
26591.0,-196.172729,-48.278194,25.22934872263619,297.9614897916021
26601.0,-199.515976,-43.891541,25.2637899877778,303.3734004013119
26610.0,-202.524841,-39.943512,25.292771498762548,308.26826281179206
26619.0,-205.437347,-36.117081,25.322115970418356,313.0941788707333
26628.0,-208.346161,-32.287842,25.355157417747154,317.9717794321674
26638.0,-211.675674,-27.890759,25.39765825972956,323.38363274934676
26647.0,-214.66658,-23.929108,25.44252232166395,328.24390242907634
26656.0,-217.651245,-19.962755,25.494455176274883,333.08686499686297
26665.0,-220.630844,-15.992592,25.553893644961622,337.9469782889779
26675.0,-223.936829,-11.57779,25.627529828252303,343.39297215474966
26684.0,-226.813843,-7.724598,25.699238007393102,348.27015750197484
26693.0,-229.691864,-3.872158,25.77607927211279,353.1472646767417
26702.0,-232.664062,0.103545,25.854031249492017,358.00711628280874
26712.0,-235.757858,4.246585,25.940906057502897,363.38396323568537
26721.0,-238.635147,8.099568,26.02150352943201,368.2437716878027
26730.0,-241.604858,12.07713,26.103898670738154,373.12078819534423
26739.0,-244.571793,16.05677,26.18733313430075,377.98054876908054
26749.0,-247.757004,20.346628,26.283989363549583,383.3399902550096
26758.0,-250.708115,24.338013,26.38075953146449,388.2167427101528
26767.0,-253.644196,28.340469,26.489674198928817,393.05875892755455
26776.0,-256.46698,32.233555,26.618531917740196,397.9175272727275
26786.0,-259.571625,36.582073,26.792660633850165,403.3095008109897
26795.0,-262.423462,40.644974,26.982712556036883,408.1490115012603
26804.0,-265.15097,44.605392,27.21443319031894,413.05572696127194
26813.0,-267.921051,48.72448,27.493659818322627,417.97723189385636
26822.0,-270.640625,52.877083,27.82973141742352,422.9297333952408
26831.0,-273.305298,57.065121,28.22765531806781,427.89494048926645
26840.0,-275.910706,61.290295,28.687712100209474,432.8201559630085
26850.0,-278.72525,66.033539,29.28070584437874,438.2862834028183
26858.0,-280.979126,69.986351,29.838221588202433,442.75012877092973
26867.0,-283.41983,74.486038,30.55324845591566,447.7319111197156
26876.0,-285.753845,79.041977,31.374851644079683,452.69722953784606
26885.0,-287.90036,83.517769,32.319553939074126,457.6756954649834
26894.0,-289.933075,88.046379,33.37722244465776,462.560873667146
26903.0,-291.87735,92.781784,34.57694030447911,467.43087405213015
26912.0,-293.610016,97.433456,35.93254606943559,472.277703098243
26921.0,-295.127655,101.996468,37.42898363802736,477.0106609307453
26930.0,-296.517975,106.761681,39.10337256323508,481.7202310238355
26939.0,-297.740936,111.572563,40.903671265958444,486.2535524943598
26949.0,-298.88739,116.967529,43.0608019102854,491.1229852576004
26958.0,-299.65036,121.558205,45.1973364467196,495.4502877754038
26967.0,-300.221649,126.176651,47.50049771176093,499.65198319741813
26977.0,-300.596283,131.506577,50.27854368304238,504.19588555484864
26986.0,-300.696014,136.003998,52.910888351194245,508.0543717687832
26996.0,-300.541901,140.999985,56.05062960068203,512.1843728483211
27006.0,-300.072479,146.495407,59.43145274230767,516.1647974582369
27016.0,-299.384613,151.794022,62.91398765155789,519.8457668984372
27025.0,-298.544434,156.528824,66.25979533645295,523.0554225053231
27035.0,-297.339355,161.734238,70.1203929609145,526.4169812785268
27045.0,-295.937683,166.711349,74.13202385189314,529.5689562457404
27055.0,-294.26767,171.786728,78.33123104278931,532.5564398696523
27064.0,-292.717377,176.009689,82.20274975715675,535.0759902594918
27074.0,-290.814209,180.631546,86.6406562776494,537.7295407824387
27083.0,-288.84198,185.017273,90.7492768154363,539.9873496474714
27093.0,-286.485718,189.812744,95.39360099317892,542.3377263134521
27103.0,-283.976715,194.53009,100.19316492296414,544.565456836863
27112.0,-281.677368,198.576004,104.63090286577315,546.4619823064828
27121.0,-279.192749,202.693146,109.13560227305652,548.2409333188469
27130.0,-276.60791,206.748123,113.68539805874588,549.9011567263719
27140.0,-273.632446,211.18605,118.74894277064955,551.6067327698654
27149.0,-270.873169,215.124405,123.40584338375595,553.0577171439346
27158.0,-267.950409,219.136581,128.05801997436268,554.4046530830873
27168.0,-264.626587,223.537964,133.30082520586586,555.81526050363
27177.0,-261.67569,227.334869,138.01515353469776,556.998198605022
27186.0,-258.576477,231.212387,142.779921250692,558.1195846037517
27195.0,-255.52504,234.92897,147.52617272573397,559.1671203212401
27204.0,-252.425201,238.605286,152.3030491807682,560.1537967157501
27214.0,-248.817932,242.777542,157.61725680911684,561.1780817986327
27223.0,-245.534668,246.500504,162.43461953238975,562.0461453550218
27232.0,-242.214157,250.190277,167.29503879003883,562.8680352205835
27241.0,-238.963913,253.734314,172.12957759048925,563.634685422729
27250.0,-235.682388,257.24942,177.02251261175724,564.3617250249861
27259.0,-232.265045,260.849701,181.88779391909017,565.0389169168351
27269.0,-228.66864,264.56485,187.2719559646361,565.7372141727873
27278.0,-225.191193,268.107117,192.18303885802416,566.3293835065542
27287.0,-221.79541,271.511963,197.01303951518534,566.8728242076361
27296.0,-218.486603,274.784302,201.86420434761715,567.3810355246126
27305.0,-214.934464,278.251648,206.75320531293724,567.8577121644707
27315.0,-210.838333,282.197876,212.16030061919685,568.3477533253877
27324.0,-207.356674,285.514862,217.00365559960886,568.7553642642375
27333.0,-203.858917,288.81485,221.8492367306215,569.1355979378437
27342.0,-200.346924,292.099701,226.73105425465224,569.4938933572629
27351.0,-196.707596,295.475433,231.631687020747,569.8305676059782
27361.0,-192.647156,299.208099,237.0498549810305,570.1773758303976
27370.0,-188.980087,302.55365,241.97057983000784,570.470027965015
27379.0,-185.300323,305.885254,246.84084170210807,570.7395242939524
27388.0,-181.607651,309.202545,251.74654675596733,570.9917325063667
27397.0,-178.021027,312.405731,256.618692732725,571.2246972146553
27407.0,-173.897232,316.068298,262.05980358835023,571.466738802632
27416.0,-170.177856,319.355621,266.9677564938763,571.6705753425539
27425.0,-166.335297,322.737793,271.80730736242435,571.8596013860144
27434.0,-162.835419,325.804932,276.6645004719166,572.0382329645585
27444.0,-158.549866,329.544586,282.07328589428187,572.2253235924451
27453.0,-154.923523,332.702728,286.896730089633,572.3825272829126
27462.0,-151.175812,335.957703,291.75488433922567,572.5327651973503
27471.0,-147.305069,339.307587,296.61328063991647,572.6749605882246
27481.0,-143.126724,342.907776,302.00607545943234,572.8214647918392
27490.0,-139.362244,346.143341,306.8650213655313,572.9434435825129
27499.0,-135.710098,349.271606,311.7586359985293,573.0576966753276
27508.0,-132.052094,352.393036,316.63520835837784,573.1631527955263
27518.0,-127.984367,355.857422,322.0289214396204,573.2706639313517
27527.0,-124.084435,359.173248,326.9058057218931,573.3605453613872
27536.0,-120.296532,362.381348,331.76558554157657,573.4428511810434
27545.0,-116.622643,365.48407,336.64273997004597,573.5166323101029
27555.0,-112.533585,368.923279,342.0198152369462,573.5879902880383
27564.0,-108.73024,372.113068,346.84549934838867,573.6436657991324
27573.0,-104.802681,375.396149,351.7057388487639,573.6916881141995
27582.0,-101.110222,378.476746,356.5143383226283,573.7321306477226
27592.0,-97.001648,381.892609,361.8917531385352,573.7700817292709
27601.0,-93.302139,384.964722,366.71768076826663,573.7974572397831
27610.0,-89.600395,388.034149,371.57810764895686,573.8194727165228
27620.0,-85.483482,391.439941,376.9728570842901,573.8389143487803
27629.0,-81.775772,394.502167,381.83331708124797,573.8516721591127
27638.0,-78.064766,397.560394,386.7110229056247,573.8597260392404
27647.0,-74.351952,400.616425,391.53702682262326,573.8633453040964
27657.0,-70.090027,404.117279,396.93181119604213,573.8623396158406
27666.0,-66.372559,407.167633,401.74057833130826,573.8575294857347
27675.0,-62.533752,410.314667,406.6355197615821,573.8493845671073
27685.0,-58.266781,413.809357,411.99581874278414,573.8371248821882
27694.0,-54.54491,416.85434,416.82180484560365,573.8235218908275
27703.0,-50.940876,419.79837,421.66501797627825,573.8070894463488
27713.0,-46.670158,423.288513,427.0080533814287,573.7859388223459
27722.0,-43.066338,426.232819,431.8340136305862,573.7650922515171
27731.0,-39.221569,429.372559,436.642733888703,573.7433212211929
27740.0,-35.376518,432.511963,441.46868262369185,573.7199607155642
27750.0,-31.236092,435.88913,446.8116877543375,573.6921962872277
27759.0,-27.509493,438.928314,451.637620825947,573.6657975310591
27768.0,-23.662909,442.065826,456.4980209450913,573.6385060383566
27778.0,-19.389544,445.552704,461.8582483517495,573.6082138499346
27787.0,-15.542762,448.689972,466.7014104094836,573.5805599732493
27796.0,-11.816122,451.729126,471.5100989381798,573.5526470272893
27806.0,-7.541162,455.21405,476.9047871049429,573.5204130318795
27815.0,-3.813485,458.251923,481.73070086711675,573.4906932397893
27824.0,-0.086168,461.290253,486.5393762657273,573.4606032187754
27834.0,4.055561,464.665833,491.91681803086675,573.4266849425926
27843.0,7.542477,467.508057,496.691020074729,573.3964037419092
27852.0,11.269968,470.546173,501.4996916201273,573.3657041157882
27862.0,15.411168,473.922394,506.8254242231709,573.3316410376194
27871.0,19.138172,476.96109,511.59962552357644,573.3012428478803
27881.0,23.410273,480.449524,516.9253630412181,573.2679570310916
27890.0,27.007942,483.401337,521.6995936099653,573.2425683881421
27899.0,30.846069,486.549194,526.5083268608105,573.2238862902213
27909.0,34.992474,489.919037,531.903051039718,573.1983817693532
27918.0,38.74794,492.922485,536.797783973212,573.1524747407007
27927.0,42.65012,495.99057,541.65756904346,573.0704795289719
27936.0,46.463326,498.92038,546.5680470238962,572.9410304596887
27945.0,50.436485,501.895996,551.4595137848261,572.7564474912764
27955.0,55.03904,505.237762,556.9160846644163,572.4768918910119
27964.0,59.096325,508.097595,561.8004638967649,572.1553993403797
27973.0,63.198551,510.892578,566.696637539953,571.7591232830418
27982.0,67.222313,513.525757,571.5511706235435,571.2841627431338
27991.0,71.298042,516.077759,576.4301806162646,570.7142394598624
28000.0,75.562447,518.618469,581.2964186305041,570.0439569473059
28010.0,80.520447,521.405823,586.6557191626064,569.1752119922263
28019.0,84.908623,523.726196,591.4658923669136,568.2681553842494
28028.0,89.352905,525.937195,596.1667592153204,567.2551818544293
28037.0,93.863914,528.008667,600.9385579198572,566.0892109365808
28047.0,98.790024,530.077942,606.0370099804519,564.6734483198791
28056.0,103.427238,531.848938,610.6583351047182,563.2241941840574
28065.0,107.976151,533.408325,615.180360128443,561.6398691173589
28075.0,113.094749,534.940796,620.1062638124622,559.707494904946
28084.0,117.748924,536.15033,624.4328612209164,557.8145027122538
28094.0,122.803253,537.241211,629.1304994773659,555.5328498022528
28104.0,128.240356,538.16748,633.7709169196655,553.0262547116888
28113.0,133.008713,538.789673,637.7823387770076,550.6334218722474
28123.0,138.161758,539.216858,642.1759986231713,547.7471204205921
28132.0,142.656647,539.397888,645.98934660706,544.9905384485177
28142.0,147.654785,539.349976,650.062022422523,541.7490373699903
28151.0,152.611038,539.074646,653.5731717042968,538.668617749846
28161.0,158.264099,538.447021,657.2481284494484,535.1050543191004
28171.0,163.36496,537.599976,660.6876130877689,531.3838272584936
28181.0,168.244171,536.515076,663.9372064023742,527.4508548597745
28191.0,173.222473,535.117615,666.9667676798394,523.3459934655863
28201.0,178.11441,533.442688,669.7462248154411,519.1089894007796
28210.0,182.434982,531.713745,672.0431650378194,515.1610986710429
28220.0,186.800018,529.655396,674.3464098912091,510.64749162576635
28230.0,191.343979,527.187866,676.3331300601089,506.1173323927937
28240.0,195.586304,524.544739,678.068697367941,501.4299626767832
28250.0,199.530899,521.764343,679.5002564502622,496.73100644675793
28261.0,203.650024,518.415588,680.7465009745806,491.46442907299416
28271.0,207.073227,515.263123,681.5592265176183,486.6549014282209
28281.0,210.535095,511.657715,682.0756845910449,481.78727479875323
28291.0,213.870911,507.70694,682.2902726630705,476.86252807728795
28302.0,217.106506,503.261597,682.1614811880588,471.50376252692894
28312.0,219.680267,499.179199,681.7081814729003,466.6644698604324
28322.0,221.973602,494.932922,680.9340666553223,461.86603465789415
28332.0,224.039383,490.381409,679.8324867316604,457.11434015530574
28343.0,225.787109,485.570007,678.2589341197735,452.0443078345171
28353.0,227.112625,480.929596,676.4914744749046,447.55360484837547
28364.0,228.266998,475.553955,674.223450013171,442.81113208044144
28374.0,228.989319,470.608063,671.8484388303283,438.6099835723147
28384.0,229.372375,465.62439,669.1819440217783,434.546236584651
28394.0,229.413055,460.970917,666.2678396651843,430.6993777745511
28405.0,229.094467,456.051788,662.8033721142255,426.7455887688034
28415.0,228.512222,451.434723,659.4045219890885,423.3682208499916
28426.0,227.469376,446.036316,655.4424700198243,419.91320607339975
28436.0,226.333725,441.523376,651.6422313320761,416.9948191647969
28447.0,224.691147,436.276276,647.205694272135,413.98648168646463
28457.0,222.975647,431.581512,643.025385320231,411.47309830131286
28467.0,221.139709,427.118378,638.6726301615623,409.12300846594803
28477.0,219.069702,422.568787,634.1031378483816,406.893143013527
28486.0,216.949936,418.252441,629.8677272739698,405.00697879870427
28496.0,214.536499,413.679504,625.0650039053871,403.0451601843594
28506.0,211.999908,409.173737,620.1735179290707,401.215649284235
28515.0,209.548645,405.036652,615.7246755436815,399.68327581638874
28525.0,206.821854,400.643372,610.6824034663942,398.07887888930327
28534.0,204.213715,396.603333,606.0865442542257,396.72356551812726
28543.0,201.537628,392.607971,601.4662407950318,395.45408051344083
28553.0,198.581161,388.365845,596.3221319585159,394.14280638714365
28562.0,195.772644,384.462463,591.6086720522967,393.029128172023
28572.0,192.585922,380.173737,586.3895145678193,391.8850696762239
28581.0,189.577454,376.225403,581.6270018440312,390.91413883444085
28590.0,186.526596,372.309723,576.8528250656276,390.0022889387319
28599.0,183.531342,368.547699,572.1026856477146,389.14993782777304
28609.0,180.265167,364.539154,566.7654992285201,388.2530522302749
28618.0,177.098083,360.716858,561.9641008409027,387.4975340854651
28627.0,173.996796,357.041779,557.1731618177593,386.78768429086625
28636.0,170.764404,353.274567,552.3762804542215,386.1191690415901
28646.0,167.249939,349.250031,547.043905228264,385.4236082343849
28655.0,163.957245,345.5354,542.219241223531,384.8346673331022
28664.0,160.744934,341.95694,537.407527571223,384.2829471299683
28674.0,157.146622,338.007172,532.0779103462443,383.71011582584856
28683.0,153.989426,334.588318,527.2417657035787,383.22438015805193
28692.0,150.598831,330.96283,522.4368307149746,382.7739063394249
28702.0,146.921555,327.086487,517.1138258634807,382.3112033671424
28711.0,143.482819,323.506622,512.2345841337046,381.919389523688
28720.0,140.021927,319.948181,507.3873556451277,381.56076698775365
28729.0,136.657913,316.511932,502.5210152010543,381.2278861434276
28739.0,132.793503,312.57666,497.18912502893556,380.8823114307385
28748.0,129.315247,309.035187,492.3555090735493,380.5771225544574
28757.0,125.949013,305.601135,487.53905220845104,380.2736918825908
28767.0,122.098839,301.651947,482.1897448181307,379.9303758305133
28776.0,118.753502,298.19754,477.339967993596,379.60804231383236
28785.0,115.423737,294.728119,472.52568279155736,379.27191004909827
28794.0,112.111732,291.24173,467.64413225833067,378.90999522891974
28804.0,108.462631,287.338837,462.31801037995,378.4846713215018
28813.0,105.312454,283.913513,457.4586346814998,378.0621233414385
28822.0,102.088936,280.345154,452.60276639377776,377.6010136511922
28831.0,98.798981,276.628113,447.73405803032756,377.0948547658797
28840.0,95.653595,272.990692,442.8878232492141,376.54160308674074
28850.0,92.104897,268.768524,437.3988500255185,375.84761897049407
28859.0,89.059601,265.046906,432.53412074074373,375.16647284539175
28868.0,85.874161,261.039764,427.5941861398421,374.4044525875227
28877.0,82.852119,257.101807,422.7345333188296,373.57804302171155
28886.0,79.898514,253.112274,417.8554315586292,372.6644888336478
28895.0,77.017693,249.06987,412.97603400059614,371.66293784247097
28904.0,74.206696,244.978592,408.0984312956265,370.57086614744424
28913.0,71.486633,240.826309,403.25939057093814,369.38963383241287
28922.0,68.864563,236.611465,398.41365487037973,368.0953880237453
28931.0,66.268715,232.199448,393.53348495236094,366.66832758095273
28940.0,63.784306,227.72374,388.7555876638562,365.14257393326926
28949.0,61.480499,223.326843,384.08213902713555,363.5213776016928
28958.0,59.327961,218.853943,379.49221538132304,361.7714770378039
28967.0,57.376976,214.458725,374.88400847278047,359.8354868976822
28976.0,55.489891,209.867523,370.31968701881266,357.7562571466039
28985.0,53.726822,205.22728,365.892464743103,355.58856684753
28994.0,52.025997,200.399078,361.4633583082776,353.27196482655705
29003.0,50.522144,195.668472,357.1142579673587,350.84360094486925
29012.0,49.160938,190.894867,352.838933106669,348.2875840723046
29021.0,47.944233,186.082397,348.599242812099,345.5756760726933
29030.0,46.845051,181.082794,344.443685129987,342.73652846419066
29039.0,45.886883,176.05426,340.3906527162203,339.78201413085657
29048.0,45.123703,171.306442,336.4431101065881,336.7159847637851
29057.0,44.503727,166.381424,332.6337051043772,333.5603812977721
29066.0,44.031971,161.284195,328.8653763136224,330.22434818687606
29075.0,43.728764,156.174164,325.24721626446956,326.8008203607907
29084.0,43.585686,151.367523,321.8272816826741,323.34708591819214
29093.0,43.607559,146.403687,318.46205815535353,319.7215279864016
29102.0,43.810196,141.288681,315.2197558936812,315.9856377645753
29112.0,44.235481,135.962555,311.8148578787771,311.7567502632968
29121.0,44.80574,131.031525,308.86986349605075,307.8037531222721
29130.0,45.545307,126.123039,306.0864077845578,303.777229528939
29139.0,46.406296,121.391975,303.4418224783915,299.6581657392024
29148.0,47.406738,116.688423,300.9412001120704,295.4702107782222
29158.0,48.769173,111.34391,298.30453812938555,290.6847817810793
29167.0,50.203548,106.429962,296.10679086373693,286.33024553361736
29176.0,51.809372,101.569344,294.05475535120644,281.88618565544016
29185.0,53.423649,97.204651,292.1723914115451,277.40500945466067
29195.0,55.581001,91.941879,290.2893935643783,272.4231516525972
29204.0,57.625549,87.418602,288.7421833367713,267.833693736246
29213.0,59.756817,83.107925,287.36588705320423,263.2260833969913
29223.0,62.308422,78.413483,286.02531577588445,258.05391331664674
29232.0,64.83609,74.14135,284.9775667165303,253.29005974178045
29241.0,67.429832,70.092056,284.11079307706495,248.54253087258002
29250.0,70.249969,66.00708,283.406623265478,243.73333353620447
29260.0,73.354271,61.87191,282.8218636166297,238.37033478548932
29269.0,76.460052,57.999657,282.4772283237906,233.5739308186099
29278.0,79.583092,54.343033,282.2984879571809,228.82022763018318
29288.0,83.104355,50.556606,282.29320610843797,223.51162445625016
29297.0,86.506073,47.157696,282.47227254186004,218.72343780109728
29307.0,90.307838,43.652996,282.8718913725791,213.49903623043443
29316.0,93.960976,40.525879,283.4214737525629,208.7391249455706
29326.0,98.153191,37.213207,284.2370653005278,203.45866236010758
29335.0,102.15284,34.273304,285.16168076379876,198.66938629589848
29344.0,106.114128,31.547052,286.2453362496672,193.93125112141087
29353.0,110.040367,29.04884,287.4671318958317,189.31593558444624
29363.0,114.811737,26.282246,289.04237518049587,184.15625458256307
29372.0,118.923721,24.103254,290.63616025442,179.58276219790702
29381.0,123.254524,22.013186,292.38927760494715,175.1049453131017
29391.0,127.999474,19.958483,294.52535391977295,170.22623994900601
29400.0,132.335052,18.267572,296.62436938953863,165.89976348931606
29410.0,137.540436,16.444397,299.1284667648536,161.19932900010593
29419.0,142.133957,15.021767,301.5099801271981,157.10123793427272
29428.0,146.77388,13.758667,304.0710902766598,153.03122819216014
29438.0,151.811996,12.595189,307.0908501508933,148.60245795994683
29447.0,156.379868,11.705853,309.9333139845948,144.7451019242348
29456.0,161.129578,10.954507,312.92965233001183,140.9619440599943
29466.0,166.264893,10.350396,316.4010579267553,136.90019346788688
29475.0,171.057343,9.954537,319.6598638207377,133.36403048466448
29484.0,175.705658,9.731988,323.02720595176015,129.9552472406309
29494.0,181.048599,9.692912,326.92005572300036,126.29543913799196
29503.0,186.010361,9.83821,330.5200792024812,123.15955759464245
29513.0,191.340378,10.21161,334.70750937494046,119.78561940052816
29522.0,196.122375,10.718325,338.55077768615547,116.92413640736302
29531.0,201.039612,11.397248,342.5193614862691,114.17810845276077
29540.0,205.781662,12.195541,346.6021739789754,111.5408985079226
29550.0,211.019516,13.250694,351.2085232405906,108.7660873671524
29559.0,215.859894,14.351153,355.4598268552779,106.3747495512238
29568.0,220.67131,15.572034,359.78944541997816,104.09112939241595
29577.0,225.447235,16.925077,364.163677644875,101.93284965688578
29587.0,230.546753,18.51988,369.0817239662585,99.6739156098271
29596.0,235.249557,20.108555,373.5338640882586,97.76723477957593
29605.0,239.918625,21.793787,378.059568220535,95.94787195670628
29614.0,244.560379,23.552845,382.63669434816535,94.21281162424681
29624.0,249.525558,25.526552,387.698512117411,92.39731410073581
29633.0,253.97467,27.35128,392.33039246004006,90.81421510285949
29642.0,258.409485,29.210474,396.9300449190707,89.29758043673067
29651.0,262.833832,31.094482,401.55778469203284,87.81155932735962
29661.0,267.741577,33.206966,406.7196909587665,86.18531016388856
29670.0,272.154755,35.116966,411.3443446663929,84.74671309072752
29679.0,276.707703,37.094589,416.00490902749453,83.30754013025502
29689.0,281.921783,39.367104,421.1288769094137,81.73340271159344
29698.0,286.328674,41.291538,425.77666500956855,80.3113267924489
29707.0,290.734619,43.21814,430.39246815138347,78.90253714811138
29716.0,295.141754,45.142044,435.0249671078868,77.48940697987996
29726.0,300.041077,47.273998,440.15109330712124,75.92231232502576
29735.0,304.45578,49.180481,444.78054223455183,74.49922199666204
29744.0,309.021088,51.129402,449.4223837194376,73.05785397531459
29754.0,314.102905,53.27306,454.518327944921,71.45166994465387
29763.0,318.685333,55.181377,459.1631385488014,69.96243744829667
29772.0,323.280334,57.059166,463.7997979397384,68.44801720722116
29781.0,327.889252,58.902565,468.42605773296765,66.90211963632765
29790.0,332.513062,60.708271,473.0561813454498,65.3138900311868
29800.0,337.670959,62.661747,478.17545801028103,63.505623894999474
29809.0,342.183411,64.323685,482.79115397558354,61.8248794724957
29818.0,347.003174,66.048279,487.42270233347455,60.08759437381435
29827.0,351.694366,67.670883,491.9882053331515,58.322176489728214
29836.0,356.108185,69.145523,496.58308875193524,56.49011588118685
29845.0,360.979126,70.719719,501.1424560410305,54.616256699079884
29854.0,365.717316,72.199471,505.6981380867477,52.68878145827569
29864.0,370.836548,73.729843,510.6903544783206,50.51115730034026
29873.0,375.608185,75.097939,515.2011437317897,48.48084204985061
29882.0,380.394531,76.413673,519.6887111249201,46.39970327559869
29891.0,385.346069,77.712379,524.1833503400251,44.25264872498583
29900.0,390.161896,78.915703,528.5903327114144,42.08284287280663
29909.0,394.990845,80.065231,533.0018707986851,39.8450467672281
29918.0,399.983551,81.195396,537.4022292034239,37.54786128260084
29927.0,404.838501,82.229668,541.7288459665095,35.221933845371666
29936.0,409.706085,83.202782,546.1014517164928,32.80037490745543
29945.0,414.737915,84.143547,550.4431178811992,30.32377165928474
29954.0,419.628632,84.992805,554.722714716126,27.80876347412826
29963.0,424.377563,85.749031,558.9976576325043,25.218687838878814
29972.0,429.290131,86.46109,563.2215328349989,22.57851678551539
29981.0,434.212219,87.103981,567.4509750394175,19.8506536233114
29990.0,439.297333,87.692116,571.6260744939706,17.071306355064714
29999.0,444.390289,88.207848,575.7165368258693,14.259130480007242
30008.0,449.335205,88.641449,579.750403676282,11.396034613864344
30017.0,454.286469,88.995178,583.7824488108191,8.442013495516804
30026.0,459.397583,89.279457,587.7399361593262,5.4455974484125775
30036.0,464.908997,89.490326,592.0795228448083,2.041481378836132
30045.0,469.716522,89.599297,595.9058104165899,-1.0663638118495227
30054.0,474.680237,89.641304,599.6829706345155,-4.233734803596363
30063.0,479.488892,89.608055,603.4375320832622,-7.480807880769813
30072.0,484.60672,89.497643,607.1681888719745,-10.80734191177579
30081.0,489.567108,89.311569,610.7843462523861,-14.131940663199
30090.0,494.524323,89.054146,614.3983497516114,-17.559856010002914
30099.0,499.322937,88.741577,617.9601367328497,-21.04199592929786
30108.0,504.425568,88.332558,621.4593340108089,-24.562767670104215
30117.0,509.213348,87.883774,624.9193399093257,-28.14606002483829
30126.0,514.147583,87.342117,628.3375148500367,-31.792936607516076
30135.0,519.072998,86.725166,631.6871422871969,-35.479618170858586
30144.0,523.988403,86.033195,634.9889402948256,-39.23218511249006
30153.0,529.045654,85.240486,638.2188204309601,-43.02421612811611
30162.0,533.935791,84.388046,641.3638650040679,-46.84234320022207
30171.0,538.810242,83.449921,644.4744770360895,-50.754851541533256
30180.0,543.667542,82.426682,647.5255751685903,-54.73568397693798
30189.0,548.355713,81.356583,650.4640007053271,-58.71501244674742
30198.0,553.173584,80.161568,653.3504182693806,-62.77459599228383
30207.0,557.970825,78.886124,656.1536983817178,-66.8711599003307
30216.0,562.893677,77.48262,658.9019966926057,-71.04614314927632
30226.0,568.166443,75.864571,661.8551472523678,-75.72474793867947
30234.0,572.363953,74.504532,664.1689709194263,-79.5423395874389
30243.0,577.206116,72.843864,666.6883588950221,-83.85931919858245
30252.0,582.02124,71.106445,669.1340556266839,-88.21847005985427
30261.0,586.515991,69.397217,671.5150937288167,-92.63286517686768
30270.0,591.127869,67.56131,673.8065045666272,-97.0556540356776
30280.0,596.217163,65.435555,676.2524635699334,-101.97982658779543
30289.0,600.769104,63.455708,678.3948439176559,-106.47669565003653
30298.0,605.428955,61.336685,680.4801690154014,-111.03823551390185
30307.0,609.917419,59.216858,682.4790281455438,-115.60071149686672
30316.0,614.37323,57.029224,684.4130545314233,-120.20974292150372
30325.0,618.93335,54.70335,686.2622259798852,-124.81634472708109
30334.0,623.458618,52.310421,688.0451768519547,-129.46744256576767
30343.0,627.81073,49.923126,689.7547647775082,-134.14600367385273
30352.0,632.123169,47.464874,691.3894642544119,-138.85125420251316
30361.0,636.391602,44.930923,692.9291549944531,-143.53404511566208
30370.0,640.479187,42.397945,694.4041344651323,-148.30982403597247
30379.0,644.656677,39.716736,695.7754871753134,-153.06259075125126
30388.0,648.668457,37.065361,697.0554735434478,-157.7872233129346
30397.0,652.777527,34.280479,698.2931572847324,-162.61213407623458
30406.0,656.853271,31.447021,699.4584900806728,-167.40182903373912
30415.0,660.895325,28.565664,700.5763421678024,-172.25590274852598
30424.0,665.029663,25.547167,701.6346209052709,-177.12331181609676
30433.0,669.007446,22.577759,702.6281825143632,-181.9691590108111
30443.0,673.384766,19.222273,703.6675298475008,-187.36822817965725
30452.0,677.163696,16.248386,704.5519834069036,-192.28771703886096
30461.0,681.030457,13.135796,705.3711887396914,-197.18354361500593
30470.0,684.744019,10.080649,706.1407312796321,-202.13975496765644
30479.0,688.546326,6.88963,706.851227161187,-207.06994974266703
30488.0,692.316284,3.660444,707.506052512575,-211.9730715507361
30497.0,696.061523,0.402648,708.119998081957,-216.93358559390163
30506.0,699.896118,-2.988526,708.684723828977,-221.8478998427298
30515.0,703.589172,-6.305372,709.208565761533,-226.7667400856406
30524.0,707.258301,-9.648709,709.6982684124928,-231.74105612387632
30533.0,710.906372,-13.014963,710.1476646776758,-236.6845627980661
30542.0,714.645691,-16.510942,710.5653480823465,-241.66544317286622
30551.0,718.35199,-20.041864,710.9451113545857,-246.6320722887059
30560.0,721.999756,-23.633286,711.2714327484596,-251.60249875583978
30569.0,725.481201,-27.171621,711.520544757788,-256.5601351329582
30578.0,729.023193,-30.867367,711.6912654428074,-261.5555813775206
30587.0,732.418274,-34.488663,711.7932352427426,-266.4839462657102
30596.0,735.906494,-38.235237,711.8488915154718,-271.49923579595924
30605.0,739.419922,-41.958172,711.8920200819016,-276.497412329589
30614.0,742.981384,-45.635181,711.9678956683449,-281.5296744141399
30623.0,746.485779,-49.150791,712.1061515209357,-286.5606091296264
30632.0,750.03186,-52.624355,712.3147798684212,-291.60636766974216
30641.0,753.818115,-56.295994,712.5774445418836,-296.63234280513046
30650.0,757.489502,-59.863216,712.8681760473982,-301.72582921338903
30659.0,761.144409,-63.447361,713.1524106835528,-306.78515684514275
30667.0,764.276794,-66.554909,713.3880436596485,-311.3120262110166
30676.0,767.761169,-70.090355,713.6150192486014,-316.3742458324708
30685.0,771.316467,-73.773293,713.7896740156845,-321.4557865091232
30694.0,774.83728,-77.489204,713.908549129553,-326.5216974954236
30703.0,778.233704,-81.109238,713.9831147228799,-331.5884543857969
30712.0,781.721497,-84.856186,714.0271560173737,-336.6038593602032
30721.0,785.093994,-88.498528,714.0510512210915,-341.63663670591063
30730.0,788.457458,-92.149216,714.0598579620528,-346.54881275112734
30739.0,791.812256,-95.807816,714.0560533761397,-351.4954666940173
30748.0,795.261475,-99.590294,714.0391079909907,-356.4248572410485
30757.0,798.601501,-103.262421,714.0108093118281,-361.3369596669563
30766.0,801.932922,-106.942337,713.9722053801188,-366.28346443720324
30776.0,805.514709,-110.907082,713.9193217415593,-371.69522625466965
30785.0,808.841125,-114.591553,713.8639525960418,-376.69328217595853
30794.0,812.061584,-118.162674,713.8058810299398,-381.58788590238044
30803.0,815.385254,-121.849609,713.7452914032,-386.4652220473773
30812.0,818.70813,-125.537254,713.684017809138,-391.29083832435344
30822.0,822.398132,-129.63649,713.6139309074715,-396.6851675016737
30831.0,825.71991,-133.325119,713.5487630735288,-401.57968189014446
30840.0,829.042908,-137.01268,713.483365375377,-406.422481348665
30849.0,832.364502,-140.701492,713.4165447347093,-411.31697345178185
30859.0,836.051819,-144.803146,713.3402230649265,-416.71121801889547
30868.0,839.159912,-148.266678,713.26716857205,-421.57114571226936
30877.0,842.371948,-151.845398,713.1904215542007,-426.41377860663806
30886.0,845.581787,-155.426056,713.1101305442322,-431.2908302085636
30896.0,849.25769,-159.537979,713.015331400749,-436.7364967973209
30905.0,852.459045,-163.126236,712.924871030454,-441.56165418619304
30914.0,855.759766,-166.83371,712.8266485110652,-446.45561682215356
30923.0,859.059082,-170.542419,712.7239255555435,-451.3150079504906
30933.0,862.605469,-174.538879,712.6034458388705,-456.7429269465938
30942.0,865.998474,-178.371887,712.4892054077369,-461.6020609504721
30951.0,869.284851,-182.092102,712.3685568666399,-466.46104006889635
30960.0,872.668701,-185.933167,712.2405732250528,-471.3543148550712
30969.0,875.841248,-189.546921,712.1063844534494,-476.21293889046717
30979.0,879.473694,-193.697281,711.9474971289674,-481.6398694048986
30988.0,882.739014,-197.435989,711.7980562075523,-486.49804823598276
30997.0,885.795227,-200.945389,711.6415934876823,-491.37325063090105
31006.0,889.05072,-204.692657,711.4784106845551,-496.2482327177286
31016.0,892.552734,-208.728043,711.2912209091966,-501.6397686246029
31025.0,895.80365,-212.479279,711.1164448390603,-506.5315956116089
31034.0,898.949585,-216.116211,710.9395603655366,-511.3716054605035
31043.0,902.092285,-219.755936,710.7576742682348,-516.2286777876734
31053.0,905.585144,-223.79924,710.5515940188436,-521.6367729772078
31062.0,908.830383,-227.555359,710.3640931043301,-526.5281287557777
31071.0,912.07373,-231.313156,710.1768416085858,-531.3849971934743
31080.0,915.21582,-234.953415,709.9899748159712,-536.1901345796895
31090.0,918.707336,-238.997879,709.7794816164213,-541.5980598067205
31099.0,921.85144,-242.636398,709.5925796178055,-546.4376931706524
31108.0,925.098328,-246.391129,709.406818146444,-551.2946188257876
31117.0,928.348877,-250.1427,709.2237523263154,-556.1516468316006
31127.0,931.964905,-254.307343,709.0247467590201,-561.5600069742353
31136.0,935.222168,-258.05304,708.8512095469472,-566.3828911468033
31145.0,938.380859,-261.678894,708.6795687374902,-571.2230897880643
31155.0,942.005493,-265.83606,708.4908014604308,-576.6318169547243
31164.0,945.168152,-269.458435,708.324554004995,-581.4722038440061
31173.0,948.433044,-273.19751,708.1596347230495,-586.3298818669091
31182.0,951.699097,-276.935577,707.9964810686466,-591.1703740257112
31192.0,955.218201,-280.956085,707.8156074899529,-596.5793709194749
31201.0,958.486023,-284.692627,707.6537021934648,-601.4543956013745
31210.0,961.753479,-288.429443,707.4906492293247,-606.3293820326388
31219.0,964.918884,-292.049438,707.3275574583852,-611.1698762768893
31229.0,968.436401,-296.07135,707.145502691093,-616.5788335433059
31238.0,971.701416,-299.810333,706.9802842133251,-621.4537470634378
31247.0,974.866821,-303.430359,706.8134247435027,-626.3286046912518
31256.0,978.031555,-307.050964,706.6446800236502,-631.2378893924491
31265.0,981.193115,-310.674347,706.4759004361215,-636.0954348214271
31275.0,984.814331,-314.834503,706.2819137404657,-641.5212240868019
31284.0,988.069031,-318.582428,706.1013713697569,-646.395594141131
31293.0,991.319336,-322.334198,705.9146656328242,-651.2697320076591
31302.0,994.567688,-326.087677,705.7224717827667,-656.1436565555082
31312.0,998.060791,-330.130768,705.5038214126228,-661.5512581184832
31321.0,1001.201904,-333.771881,705.3003142356201,-666.4592246920039
31330.0,1004.340759,-337.414948,705.0931552694,-671.3497873496341
31339.0,1007.578674,-341.177429,704.8818007273309,-676.2574222500148
31348.0,1010.916199,-345.058807,704.6673617698879,-681.1649233444026
31358.0,1014.513916,-349.239288,704.4305529494022,-686.5372554236272
31367.0,1017.752319,-353.001312,704.2158278800506,-691.4102393266089
31376.0,1020.891235,-356.644318,704.0038367483074,-696.2488386295511
31385.0,1024.03125,-360.286377,703.7912650326625,-701.1391690080839
31394.0,1027.174316,-363.925812,703.58249221207,-705.9951599525945
31404.0,1030.782471,-368.097229,703.3536633979322,-711.4023403658999
31413.0,1033.93042,-371.732391,703.1516828024453,-716.2586185686802
31422.0,1037.081299,-375.365082,702.9531010537144,-721.1150369436581
31431.0,1040.33606,-379.112946,702.7579596556919,-725.9715947759638
31441.0,1043.843506,-383.143646,702.5461168425051,-731.34496922871
31450.0,1047.002197,-386.769562,702.3573549862923,-736.2190279004743
31459.0,1050.162842,-390.393738,702.1726234842254,-741.0587445994676
31469.0,1053.677246,-394.418396,701.9699330727874,-746.4497200255092
31478.0,1056.942871,-398.156799,701.7891985630272,-751.3240829593815
31487.0,1060.111816,-401.773682,701.6121542645883,-756.1640869646237
31496.0,1063.384766,-405.505737,701.4385489895601,-761.004215543789
31506.0,1066.907837,-409.522766,701.2486862442911,-766.3611650120711
31515.0,1070.17981,-413.255615,701.0750500463205,-771.2357859660408
31524.0,1073.34668,-416.87439,700.9011583308272,-776.0586573698068
31533.0,1076.512451,-420.494049,700.7223973872041,-780.9158457199521
31543.0,1080.130737,-424.656738,700.5141869933301,-786.3583561614116
31552.0,1083.372925,-428.415497,700.3131340304936,-791.2491736443753
31561.0,1086.595581,-432.19101,700.0918996273448,-796.1218663612403
31570.0,1089.7948,-435.98645,699.8443049988325,-800.9932907806539
31579.0,1092.972046,-439.800293,699.5622211580277,-805.9146327742563
31588.0,1096.117798,-443.640137,699.2474876664725,-810.8685360908556
31597.0,1099.123779,-447.393555,698.8924316413071,-815.8369926053356
31606.0,1102.179321,-451.305573,698.4807177297982,-820.8183699640263
31615.0,1105.090332,-455.133179,698.0068084033732,-825.7942154886479
31625.0,1108.267334,-459.429108,697.4083635924695,-831.2770872384049
31634.0,1111.166138,-463.458649,696.8011449468869,-836.2036987267786
31643.0,1114.09436,-467.65744,696.1233841877657,-841.1385001686484
31652.0,1116.870972,-471.772095,695.3726718813999,-846.0627316772515
31661.0,1119.664307,-476.061768,694.5349087335296,-851.0253491015848
31670.0,1122.383911,-480.398621,693.6190353410716,-855.9390854257675
31679.0,1125.031982,-484.77948,692.6210347443305,-860.8192103961129
31688.0,1127.534058,-489.066681,691.5319346690176,-865.7151360204292
31697.0,1129.953613,-493.40097,690.3571704107552,-870.59121596547
31706.0,1132.363647,-497.917145,689.0867957065931,-875.4610790952974
31714.0,1134.437012,-501.967529,687.8714707678625,-879.7923288650928
31723.0,1136.686401,-506.565826,686.4133770743045,-884.6453226003683
31732.0,1138.844727,-511.207581,684.8663791472916,-889.4526089914982
31741.0,1140.85022,-515.748352,683.2191525173002,-894.2447097670768
31750.0,1142.764893,-520.328125,681.4764028445996,-899.0029036462834
31759.0,1144.634155,-525.093628,679.6408120285319,-903.7075621236363
31768.0,1146.392456,-529.901184,677.6678921283464,-908.449780530289
31776.0,1147.917969,-534.334167,675.8366218532942,-912.5964078748653
31785.0,1149.469238,-539.212463,673.6965893569629,-917.1706253978094
31794.0,1150.900391,-544.12738,671.4330565865904,-921.7235342848343
31803.0,1152.221191,-549.073059,669.0765400543445,-926.1900804746564
31812.0,1153.420044,-554.049683,666.6130110347568,-930.5985076093808
31821.0,1154.495605,-559.054443,664.0328847685254,-934.9597613126316
31830.0,1155.423462,-563.930847,661.3372850619666,-939.2709446952003
31839.0,1156.234863,-568.827942,658.5383819154313,-943.5157887574071
31847.0,1156.886963,-573.331177,655.9689792475194,-947.2293149892629
31856.0,1157.505859,-578.412659,652.9754073601268,-951.360495928707
31865.0,1158.000854,-583.50769,649.8858185246625,-955.4203690088891
31874.0,1158.36853,-588.613464,646.687448623069,-959.4172079318711
31883.0,1158.614868,-593.726562,643.4016825581137,-963.3200107664762
31892.0,1158.725952,-598.689209,640.0293113688344,-967.1252272514898
31900.0,1158.722534,-603.239441,636.9520114895563,-970.4301224990855
31909.0,1158.577515,-608.356384,633.4298969916834,-974.0251368601279
31918.0,1158.290527,-613.622681,629.7874495769585,-977.5479428787414
31927.0,1157.893188,-618.726257,626.0809470615062,-980.9525365248574
31936.0,1157.396606,-623.509338,622.2506821893427,-984.2964311023235
31945.0,1156.763184,-628.588989,618.3502077807835,-987.5312239553501
31954.0,1156.028076,-633.498169,614.4167744288609,-990.6431893727195
31963.0,1155.174561,-638.388123,610.3848399652909,-993.6840296371922
31972.0,1154.223389,-643.101868,606.3456683592742,-996.5693906160072
31981.0,1153.076172,-648.090698,602.2017367121862,-999.3642894046699
31990.0,1151.796021,-653.047058,597.9975494352817,-1002.0356999418137
31999.0,1150.467041,-657.668518,593.736586718775,-1004.5821507992739
32008.0,1148.967285,-662.400391,589.4077939771305,-1007.0115064012476
32017.0,1147.405762,-666.948547,585.0776573669834,-1009.2941441042037
32026.0,1145.683472,-671.604065,580.6304532382064,-1011.4992723721156
32035.0,1143.855347,-676.219055,576.1324404074533,-1013.5988189458546
32044.0,1141.984131,-680.648804,571.5870660022505,-1015.593759235048
32053.0,1139.963501,-685.1828,566.9825969779571,-1017.4938881574129
32062.0,1137.918335,-689.534973,562.3394055843004,-1019.2973289241477
32071.0,1135.64917,-694.123535,557.6277851018415,-1021.0168809362119
32080.0,1133.364014,-698.530151,552.914980876933,-1022.629673934389
32089.0,1130.995483,-702.892517,548.1221756218608,-1024.1653941495256
32098.0,1128.546753,-707.210388,543.300935366409,-1025.6093682460514
32107.0,1126.030762,-711.48938,538.5041898952124,-1026.952073650004
32116.0,1123.444458,-715.726318,533.6187318128497,-1028.230942039651
32125.0,1120.811646,-719.934448,528.7637499182035,-1029.419546068429
32134.0,1118.036987,-724.236206,523.8761811321078,-1030.5455558615051
32143.0,1115.290771,-728.371277,518.9576526361877,-1031.612090543102
32152.0,1112.405151,-732.599426,514.0084749151166,-1032.6165032659483
32161.0,1109.559204,-736.666504,509.1486539550514,-1033.5392924844016
32170.0,1106.761108,-740.577393,504.2272974962893,-1034.4132943953664
32179.0,1103.833374,-744.585938,499.347697670903,-1035.2250241839718
32188.0,1100.870117,-748.568359,494.4432802578704,-1035.9911214882757
32197.0,1097.881226,-752.531555,489.5323819331684,-1036.7145113453778
32206.0,1094.865601,-756.474426,484.65036377060085,-1037.3964768662067
32216.0,1091.484985,-760.832397,479.199730961778,-1038.1181365867606
32225.0,1088.417725,-764.735229,474.27433557238373,-1038.7351418533938
32234.0,1085.323975,-768.617065,469.3791807358676,-1039.3153465050223
32243.0,1082.211182,-772.483704,464.480402867085,-1039.8641212343646
32252.0,1079.078247,-776.334045,459.61280650561565,-1040.3808645045706
32261.0,1075.925781,-780.168396,454.67386514360896,-1040.8779293530713
32270.0,1072.75415,-783.986938,449.7494709075551,-1041.3466948738837
32279.0,1069.562988,-787.789124,444.8570270155653,-1041.7866310301417
32289.0,1065.995239,-791.995178,439.4127519679965,-1042.247267876314
32298.0,1062.871338,-795.651062,434.55047513855527,-1042.6350087795481
32307.0,1059.732666,-799.294312,429.65228077627233,-1043.0054720667326
32316.0,1056.579224,-802.924805,424.8042314296415,-1043.3528215685603
32325.0,1053.411133,-806.542419,419.92042904534884,-1043.6829612612205
32334.0,1050.125244,-810.263123,415.0180940801822,-1043.993867914723
32344.0,1046.454712,-814.379822,409.6154156827263,-1044.3117181654354
32353.0,1043.137329,-818.072388,404.7621299267704,-1044.5760125368997
32362.0,1039.801514,-821.748291,399.9078020911203,-1044.8204208178965
32371.0,1036.545898,-825.287415,395.0178366593569,-1045.0412284754896
32381.0,1032.778931,-829.31604,389.5925301402571,-1045.2482771755604
32390.0,1029.362183,-832.91687,384.73431373457106,-1045.3964915448869
32399.0,1026.02771,-836.381775,379.8234453218519,-1045.5101686791086
32408.0,1022.453125,-840.046021,374.877402276907,-1045.5880012117345
32417.0,1019.067383,-843.460876,369.9998511340639,-1045.6276726507774
32426.0,1015.543762,-846.957214,365.0704316130359,-1045.6288961488613
32436.0,1011.715942,-850.684998,359.6586014109825,-1045.5835473632437
32445.0,1008.129639,-854.117004,354.7643869444447,-1045.498796545781
32454.0,1004.629028,-857.414001,349.85385181010537,-1045.371534012778
32463.0,1001.101929,-860.682617,344.97899987419953,-1045.204508334748
32472.0,997.431824,-864.024841,340.0540465535375,-1044.9947153402536
32482.0,993.447266,-867.584595,334.64923868855226,-1044.715404418863
32491.0,989.832886,-870.756409,329.79776303523846,-1044.419738849249
32500.0,986.188721,-873.893982,324.9147605100976,-1044.0779724304825
32509.0,982.279358,-877.198669,320.05232547421144,-1043.692220572531
32518.0,978.4599,-880.369202,315.1594583376627,-1043.2570168938134
32528.0,974.308228,-883.732544,309.7397647866744,-1042.7173936114316
32537.0,970.535889,-886.714783,304.82332970754067,-1042.1714395673525
32546.0,966.478027,-889.835388,299.87957948430915,-1041.5623758206505
32555.0,962.376343,-892.898193,294.92721701615943,-1040.8858148709435
32564.0,958.358459,-895.81311,290.0530207073978,-1040.150023694798
32573.0,954.292297,-898.660339,285.0885195618839,-1039.3234965213683
32582.0,950.17804,-901.437561,280.1552491578259,-1038.4184717629416
32591.0,946.015991,-904.142639,275.27206962069545,-1037.4355259224017
32600.0,941.80719,-906.774414,270.37312798988944,-1036.3600736497092
32609.0,937.424377,-909.41925,265.4934668818401,-1035.2002744586805
32618.0,933.134705,-911.917053,260.71774529932645,-1033.9789384371236
32627.0,928.799683,-914.335266,255.88065760470374,-1032.6527373485064
32636.0,924.559937,-916.604431,251.1006981366645,-1031.2514477991317
32645.0,920.145264,-918.874023,246.36224900451714,-1029.7724903748049
32654.0,915.697754,-921.078613,241.68141531495368,-1028.2268596679778
32663.0,911.217834,-923.216431,237.00876685524375,-1026.6033584891813
32672.0,906.708923,-925.292419,232.3929187213524,-1024.9230320141357
32681.0,902.172302,-927.30719,227.76861856487844,-1023.1665446761746
32690.0,897.467285,-929.323914,223.1361744876602,-1021.3356741759222
32700.0,892.369385,-931.428955,218.08271626384652,-1019.2584459559615
32709.0,887.756531,-933.26239,213.53329799221905,-1017.3162325033768
32718.0,883.119507,-935.033936,209.00985859001216,-1015.3142595564703
32727.0,878.461365,-936.749207,204.49750632721035,-1013.2457112013897
32736.0,874.071838,-938.294678,199.99762237965714,-1011.1096706175521
32745.0,869.366516,-939.875977,195.5284056514791,-1008.9101873250813
32754.0,864.637573,-941.384949,191.12302736261475,-1006.6602891412549
32763.0,859.887085,-942.824829,186.72148064775575,-1004.3283347175583
32772.0,855.115662,-944.193604,182.35508783280892,-1001.9312033688773
32781.0,850.47467,-945.45282,178.06959105724118,-999.4952855340895
32790.0,845.665588,-946.682861,173.77625872288954,-996.9696326711459
32799.0,840.838745,-947.841309,169.5655465504666,-994.4066107609367
32808.0,836.146606,-948.893982,165.37906697878947,-991.771693589269
32818.0,830.579224,-950.058105,160.77095418233927,-988.7724458129029
32827.0,825.554993,-951.038452,156.67993634852144,-986.0224001051694
32836.0,820.517334,-951.947571,152.62797348904277,-983.2151282450453
32845.0,815.620361,-952.759949,148.5743791411714,-980.320305663236
32854.0,810.712097,-953.50116,144.60505458068516,-977.397354954661
32863.0,805.794556,-954.178101,140.66442472344698,-974.4072318746146
32872.0,800.713074,-954.796631,136.76699435372277,-971.3610151688082
32881.0,795.623779,-955.347534,132.90081175770936,-968.2476813647907
32890.0,790.836487,-955.801453,129.11842718951522,-965.1134959784144
32899.0,785.888611,-956.199707,125.32705340946394,-961.8828443758445
32909.0,780.212524,-956.563965,121.1830740423852,-958.2431391925629
32918.0,775.100037,-956.822083,117.51689590511647,-954.922214988159
32927.0,770.139038,-956.991943,113.86317741571335,-951.5113544025056
32936.0,765.020813,-957.080017,110.26449897332196,-948.0424724208185
32945.0,760.212036,-957.07666,106.7375559578273,-944.5250446841425
32954.0,754.93866,-956.985962,103.27262538009911,-940.9465141185649
32963.0,749.82312,-956.797485,99.84942520130852,-937.280736270843
32972.0,744.867249,-956.515564,96.52012492559389,-933.575687743305
32981.0,739.91803,-956.134155,93.23125576672543,-929.7661262924198
32990.0,734.977417,-955.65387,90.03054451453332,-925.9045625971002
32999.0,729.891968,-955.068665,86.92789743379475,-922.0077426102862
33008.0,724.816772,-954.400146,83.90879115521209,-918.0675379811404
33017.0,719.755127,-953.635803,80.93110998065782,-914.0314951771521
33026.0,714.708008,-952.781006,78.04773771483218,-909.9697481030531
33035.0,709.829224,-951.865723,75.23831591869735,-905.8565043601355
33044.0,704.965149,-950.875183,72.48179043439688,-901.6663022233262
33053.0,700.119751,-949.797058,69.82561121878658,-897.4728636324421
33062.0,695.293762,-948.635193,67.22574686569567,-893.2038667853951
33071.0,690.639099,-947.42749,64.70204198712594,-888.8894094127364
33080.0,685.856384,-946.098755,62.27226682027822,-884.5608521612392
33089.0,681.098633,-944.683167,59.89557498035579,-880.1441155162753
33098.0,676.36731,-943.181519,57.59146704063744,-875.6696875758171
33107.0,671.661621,-941.60144,55.3834081093806,-871.1854814598247
33116.0,666.983643,-939.941101,53.2764084484978,-866.7099980072106
33125.0,662.334595,-938.201355,51.22603576134338,-862.1515332899645
33134.0,657.716858,-936.380127,49.275983860383576,-857.6054693562801
33143.0,653.128601,-934.485901,47.398704031874125,-853.0102505708041
33152.0,648.571472,-932.517883,45.599285636416774,-848.3839876427978
33161.0,643.90564,-930.412048,43.86529629702894,-843.696033962837
33170.0,639.417053,-928.292419,42.22803911629374,-839.028187711115
33179.0,634.970703,-926.085632,40.64257592659236,-834.2334498135169
33188.0,630.429504,-923.723083,39.15967219770122,-829.4420801529959
33197.0,626.060486,-921.366821,37.779589013420214,-824.6738954202717
33206.0,621.726624,-918.946533,36.45888481442537,-819.8174400039229
33215.0,617.288879,-916.394897,35.20938661233902,-814.9421786739828
33224.0,613.014832,-913.870422,34.03229844987906,-810.0843919153443
33233.0,608.766907,-911.302307,32.91248791919993,-805.2130827371063
33242.0,604.550232,-908.683228,31.85194340588146,-800.346166849964
33251.0,600.361694,-906.019348,30.851268205871605,-795.4841853213067
33260.0,596.201538,-903.311279,29.902163067017057,-790.5943157573321
33269.0,592.070618,-900.558838,29.015519121257636,-785.7452910281017
33278.0,587.96875,-897.763367,28.180952055025006,-780.8870324796917
33287.0,583.888977,-894.935669,27.39790975778707,-776.037661817576
33297.0,579.247498,-891.648193,26.576657511271154,-770.6185750300837
33306.0,575.22168,-888.744202,25.887200089418027,-765.7550167111876
33315.0,571.095337,-885.714783,25.232897799654992,-760.8170501832639
33324.0,566.99469,-882.650635,24.62847314767909,-755.9248268491015
33333.0,563.037476,-879.65387,24.060067175139082,-750.9935866510073
33342.0,559.101196,-876.6297,23.529791152452972,-746.0754358760363
33351.0,555.183228,-873.581787,23.03308907199496,-741.1537809969482
33360.0,551.160645,-870.415833,22.56778066531541,-736.2290588938995
33369.0,547.398926,-867.420227,22.13705428174385,-731.3530981959423
33378.0,543.536072,-864.302734,21.73187873380192,-726.4230644758818
33388.0,539.267212,-860.810303,21.317803910619013,-720.9404799749688
33397.0,535.438477,-857.651062,20.97726618298434,-716.0228370063
33406.0,531.624817,-854.473633,20.66430207956014,-711.1379039038414
33415.0,527.943787,-851.379395,20.37488846230116,-706.2515189718455
33424.0,524.274963,-848.270691,20.10672462071152,-701.3293988529025
33433.0,520.59082,-845.180115,19.84693479586329,-696.4068296499207
33442.0,516.784058,-841.994385,19.56761917805925,-691.4508032147
33451.0,512.891846,-838.669495,19.291068767912613,-686.4773592582553
33460.0,509.147095,-835.411133,19.059460149870002,-681.5188743395561
33469.0,505.424286,-832.127686,18.872749358426248,-676.5240001854893
33479.0,501.306122,-828.458801,18.707230598940637,-671.045536860523
33488.0,497.607697,-825.147949,18.581808987382477,-666.1004717320402
33497.0,493.919098,-821.826111,18.47174360039824,-661.1550409807095
33506.0,490.469208,-818.70282,18.376386522183463,-656.2782606902144
33515.0,486.911743,-815.467285,18.292366503249287,-651.3150806735983
33524.0,483.2453,-812.121033,18.220177741365752,-646.4034272004241
33533.0,479.700165,-808.871948,18.157454615830414,-641.4744065958047
33543.0,475.64209,-805.136719,18.09988985665721,-636.0626925469367
33552.0,471.995972,-801.768372,18.057735158615877,-631.1506894891892
33561.0,468.354828,-798.394592,18.02433710955582,-626.2558552207131
33570.0,464.83194,-795.12146,17.99888941911597,-621.4299170403178
33579.0,461.199036,-791.738831,17.979643305698666,-616.5177708042
33589.0,457.167389,-787.975098,17.96559341889593,-611.1057688410726
33598.0,453.543304,-784.583008,17.959733748717863,-606.159116905684
33607.0,449.919678,-781.19043,17.960066317432794,-601.2814044435227
33616.0,446.301575,-777.791931,17.96512210164785,-596.4036945902029
33625.0,442.685608,-774.391174,17.975728211247123,-591.5087578739657
33635.0,438.798615,-770.725159,17.99455372849823,-586.0795345786638
33644.0,435.190002,-767.31665,18.017326683088044,-581.1674034270733
33653.0,431.695374,-764.013306,18.044216130065028,-576.2897650710892
33662.0,428.201813,-760.708862,18.074252431007356,-571.3604369087668
33671.0,424.598419,-757.2948,18.10760357846098,-566.4656023205001
33680.0,421.110077,-753.984863,18.145824872474623,-561.5708033380927
33690.0,417.240051,-750.300903,18.195042202943107,-556.1245340528026
33699.0,413.648376,-746.874512,18.24585574870949,-551.2298495962625
33708.0,410.060089,-743.44458,18.30288153329466,-546.3697073963218
33717.0,406.474548,-740.01178,18.365637727543547,-541.4923986472052
33727.0,402.490631,-736.197571,18.440318134530873,-536.0464190006837
33736.0,398.906036,-732.763794,18.510261899471548,-531.1519705317269
33745.0,395.433899,-729.436829,18.581816761776285,-526.2575453512616
33754.0,391.962311,-726.109314,18.655040075512662,-521.3631448474354
33763.0,388.379456,-722.673706,18.729803091981527,-516.4515298839818
33772.0,384.907928,-719.34613,18.80518491980353,-511.55716214896614
33782.0,380.925293,-715.530518,18.88944332759711,-506.1113222693673
33791.0,377.563507,-712.312622,18.965847024393778,-501.21697037962656
33800.0,373.980682,-708.877014,19.04333520135594,-496.3226355394303
33809.0,370.398163,-705.44104,19.123141954701424,-491.411099940458
33818.0,366.812836,-702.007996,19.203645936355194,-486.53405184933774
33828.0,362.94574,-698.320984,19.28820691155513,-481.1226923076248
33837.0,359.347076,-694.901978,19.35785348543313,-476.2282396007049
33846.0,355.971802,-691.698242,19.421600365097106,-471.3854181307658
33855.0,352.25769,-688.175537,19.48421086928849,-466.43915897557105
33864.0,348.769226,-684.865723,19.54545619070295,-461.5790681169186
33874.0,344.638885,-680.955322,19.614245634503195,-456.0985366759757
33883.0,341.145355,-677.650879,19.675257884581676,-451.203968722533
33892.0,337.538452,-674.24054,19.73622337012351,-446.2921631209823
33901.0,333.932587,-670.829102,19.79897083446868,-441.3459057013466
33910.0,330.553009,-667.629883,19.862844081138217,-436.4686114532495
33919.0,326.950226,-664.21521,19.928767929014082,-431.57410718910035
33929.0,323.199341,-660.656128,20.003658044027638,-426.2315547878338
33938.0,319.711761,-657.345337,20.074592071667393,-421.35435811988515
33947.0,316.116913,-653.922302,20.149071527223736,-416.5289275985035
33957.0,312.376129,-650.3526,20.23926843173078,-411.15213534797505
33966.0,308.787445,-646.923096,20.325914801042124,-406.30966946156394
33975.0,305.312378,-643.599243,20.415519453183244,-401.50173482131567
33984.0,301.838348,-640.274292,20.509037468552137,-396.62491891799027
33994.0,297.980103,-636.578003,20.61425162992621,-391.26563860735007
34003.0,294.396881,-633.142822,20.710813168255363,-386.44059945981337
34012.0,290.814667,-629.706543,20.809793450797372,-381.5811306568005
34022.0,286.83316,-625.889771,20.921493179345802,-376.18750269246
34031.0,283.361847,-622.561951,21.02297497480711,-371.3453249902726
34040.0,279.778046,-619.127319,21.12599465885167,-366.46870055129585
34049.0,276.193878,-615.693115,21.229847590865248,-361.5748541587289
34059.0,272.335693,-611.996765,21.34463272107613,-356.18129097462173
34068.0,268.863159,-608.670227,21.448246035179604,-351.32191874923166
34077.0,265.389771,-605.344604,21.551450385236052,-346.4625378209774
34086.0,261.804169,-601.911865,21.655006119975614,-341.5686851305779
34096.0,257.944397,-598.217163,21.769124723357287,-336.1751078027336
34105.0,254.469254,-594.893372,21.871764859580075,-331.31571492438053
34114.0,250.88382,-591.460449,21.975548220122175,-326.4391066780478
34123.0,247.408829,-588.136475,22.079984072386125,-321.6142315440424
34133.0,243.3013,-584.202087,22.199787285075836,-316.18629757423247
34142.0,239.716278,-580.768738,22.30940961062025,-311.309817089306
34151.0,236.130875,-577.335815,22.421004053946543,-306.4161411063923
34160.0,232.546173,-573.902161,22.53372757607274,-301.5397313223723
34169.0,228.960861,-570.469116,22.646901714899002,-296.6805723665392
34179.0,224.977234,-566.654541,22.77454116513526,-291.20109565489184
34188.0,221.61438,-563.437744,22.88622396366885,-286.3763828283608
34197.0,218.137955,-560.115295,22.99796437393164,-281.482710176227
34206.0,214.545334,-556.689941,23.10672435675829,-276.6062103822906
34215.0,210.94957,-553.267883,23.212125578279984,-271.7123970912062
34225.0,206.953125,-549.466797,23.32501893840835,-266.28431501006315
34234.0,203.46669,-546.154846,23.4232200839364,-261.44206966421507
34243.0,199.978348,-542.84491,23.519803210716876,-256.5653135011752
34252.0,196.373779,-539.432068,23.612877017659535,-251.72296688813398
34262.0,192.366165,-535.642761,23.713504693429282,-246.3291209950867
34271.0,188.757233,-532.234558,23.802760106323884,-241.43498660616794
34280.0,185.261475,-528.932434,23.890677717449737,-236.57530506954376
34289.0,181.655045,-525.521606,23.980084321505387,-231.6811734402678
34299.0,177.773788,-521.849487,24.081246337521637,-226.28733754235716
34308.0,174.170135,-518.43573,24.1753046718227,-221.410532030152
34317.0,170.676636,-515.131226,24.27117610472656,-216.5337618241125
34326.0,167.072601,-511.717865,24.368460581829176,-211.65701960162002
34336.0,163.194672,-508.042267,24.47859773293167,-206.24612018875328
34345.0,159.592316,-504.627106,24.580871017991196,-201.35224052935305
34354.0,155.993027,-501.20871,24.685662303356626,-196.45841413970618
34363.0,152.616364,-498.006439,24.791729259012737,-191.59909485150646
34372.0,149.018051,-494.587036,24.90060914785554,-186.68811773613595
34382.0,145.01915,-490.788513,25.02251045562082,-181.2774705734188
34391.0,141.420563,-487.369385,25.133272462288982,-176.41825603590033
34400.0,138.044647,-484.166321,25.243657160948068,-171.5762731081452
34409.0,134.44339,-480.75,25.354755198093965,-166.66534567190732
34419.0,130.567291,-477.072449,25.47602697541631,-161.2719244382989
34428.0,126.96508,-473.657135,25.585739512591577,-156.37820590280063
34437.0,123.362007,-470.242737,25.693922867787514,-151.5016932825171
34446.0,119.755478,-466.832001,25.800267260165278,-146.62514021253298
34455.0,116.261475,-463.528046,25.904627259676285,-141.74854427226603
34465.0,112.506149,-459.973633,26.019097226385046,-136.3722140170039
34474.0,109.015785,-456.665833,26.125911262490174,-131.47843135864858
34483.0,105.41391,-453.250183,26.235234220243058,-126.61918423232744
34492.0,101.925682,-449.940125,26.347516236862088,-121.74276426242432
34502.0,97.928635,-446.139648,26.476806435944013,-116.29780737389576
34511.0,94.332413,-442.718048,26.596010866659757,-111.43879261291286
34520.0,90.848335,-439.403625,26.718463851232897,-106.54537629993709
34529.0,87.365532,-436.08786,26.841596956324228,-101.68645950890408
34538.0,83.771103,-432.664368,26.966673053022827,-96.81035092272998
34548.0,79.646744,-428.74765,27.10503630972242,-91.38285835252937
34557.0,76.157402,-425.438751,27.22603166131136,-86.52388785780049
34566.0,72.554077,-422.024628,27.3464807212546,-81.5959399750406
34575.0,68.9496,-418.611725,27.464513201003303,-76.70241504108787
34584.0,65.343193,-415.200867,27.580358725614424,-71.82607842549322
34594.0,61.330208,-411.417236,27.7055016725532,-66.38102464097419
34603.0,57.827072,-408.122955,27.8134521633869,-61.487266919441886
34612.0,54.321129,-404.831665,27.917451067423325,-56.59342362674366
34621.0,50.699974,-401.436462,28.01784757901033,-51.69950510617613
34630.0,47.190178,-398.149261,28.115606119542267,-46.805533180093875
34640.0,43.16518,-394.378387,28.222958518782512,-41.36009959443231
34649.0,39.655178,-391.091431,28.31892081305044,-36.500570256948464
34658.0,36.030319,-387.700165,28.414968860962507,-31.623803526150446
34667.0,32.40638,-384.307922,28.510346229357832,-26.764262673214855
34677.0,28.502813,-380.659546,28.615244877811804,-21.422215222736845
34686.0,24.987274,-377.37851,28.710040914120157,-16.54542399431356
34695.0,21.470533,-374.098755,28.802909574925213,-11.668595682186263
34704.0,17.954868,-370.817841,28.895942742469202,-6.7572928114986786
34714.0,13.923369,-367.053925,29.000073711159875,-1.3462744794678088
34723.0,10.406235,-363.774597,29.0942099694337,3.5305295292083434
34732.0,6.884781,-360.499908,29.18573324071906,8.424622033064995
34741.0,3.360256,-357.228516,29.27206115397212,13.301570511935257
34750.0,-0.164407,-353.957275,29.354908239541135,18.17857936312046
34760.0,-4.207374,-350.205688,29.445683259918212,23.607076382191472
34769.0,-7.846192,-346.829407,29.52735262811595,28.518581362556432
34778.0,-11.370006,-343.557251,29.607819948684607,33.32667760835943
34787.0,-14.896919,-340.288452,29.689434114242808,38.15199273112203
34797.0,-18.815928,-336.656677,29.77992011139249,43.54601829014505
34806.0,-22.456606,-333.28241,29.86136141047505,48.40581267453579
34815.0,-25.983532,-330.013611,29.943623251028374,53.23111679920709
34825.0,-29.903364,-326.382721,30.034895603159544,58.59065267701097
34834.0,-33.432129,-323.115906,30.116729632909763,63.467678632010234
34843.0,-36.960979,-319.849182,30.19670407640782,68.2930212099386
34853.0,-40.881828,-316.219391,30.285080690760886,73.61812943667276
34862.0,-44.640324,-312.744049,30.36483924103983,78.44347558794922
34871.0,-48.286739,-309.375977,30.442783100413667,83.28608936659772
34880.0,-51.933399,-306.008179,30.518787272063086,88.12873397675261
34890.0,-55.861061,-302.385742,30.601222960236136,93.52288857264521
34899.0,-59.51247,-299.023102,30.6733253034467,98.4173057184958
34908.0,-63.049973,-295.765747,30.74224652801764,103.26005631285578
34917.0,-66.59127,-292.512512,30.809429216344792,108.10283133764885
34927.0,-70.655327,-288.783783,30.881319873290188,113.47989950909408
34936.0,-74.203331,-285.537872,30.94333141443858,118.33998065167971
34945.0,-77.753258,-282.294067,31.000758612516687,123.18288118455165
34955.0,-81.695312,-278.687317,31.06186905255846,128.56008267799072
34964.0,-85.355492,-275.334198,31.11993878406873,133.43744947580734
34973.0,-88.901276,-272.085876,31.179767910689915,138.26308387778536
34982.0,-92.446365,-268.836792,31.240981039203053,143.1404122373547
34992.0,-96.381905,-265.222931,31.310197595028626,148.50027833047392
35001.0,-100.035194,-261.862305,31.376583929813716,153.36030168415297
35010.0,-103.572014,-258.604218,31.447044690843185,158.22026767425075
35020.0,-107.499649,-254.981766,31.528565378039232,163.57996074804973
35029.0,-111.145462,-251.613052,31.606439744731812,168.43981359836982
35038.0,-114.789436,-248.24234,31.687271945620047,173.23066554634784
35047.0,-118.320732,-244.978256,31.771876355186816,178.09040589307767
35057.0,-122.370506,-241.234009,31.866638206139204,183.4671196271842
35066.0,-125.903564,-237.971832,31.9517734048141,188.2923739110461
35075.0,-129.323715,-234.816055,32.035754312990164,193.10041006998318
35085.0,-133.253189,-231.195602,32.126901038798046,198.45994808571785
35094.0,-136.793289,-227.941071,32.20573729656316,203.30254741860014
35103.0,-140.222122,-224.794708,32.27933097066459,208.11075378581407
35113.0,-144.1633,-221.186996,32.356530603788755,213.52222335191718
35122.0,-147.712234,-217.942108,32.42170544618131,218.38226310316475
35131.0,-151.261932,-214.698044,32.48432271801439,223.242336479259
35140.0,-154.811615,-211.453964,32.54606275840594,228.08518394968203
35150.0,-158.880676,-207.730698,32.616327441253944,233.49674800479207
35159.0,-162.42659,-204.482498,32.68200965622461,238.35678092550245
35168.0,-165.9702,-201.231796,32.750572458395965,243.18229914100425
35177.0,-169.628235,-197.876358,32.82300796971917,248.059473740178
35187.0,-173.560226,-194.258621,32.90743756522492,253.45359749575465
35196.0,-177.210754,-190.89502,32.98926712491012,258.3133853580948
35205.0,-180.858353,-187.528244,33.076604715405246,263.1558388271182
35215.0,-184.909637,-183.785645,33.178749396589936,268.53241737216257
35224.0,-188.441132,-180.521774,33.273860764762084,273.3747243927897
35233.0,-191.746887,-177.470749,33.36816080567149,278.16533017227414
35242.0,-195.40004,-174.109985,33.460993079079955,283.042159177185
35252.0,-199.467834,-170.38533,33.55565915512268,288.453351373208
35261.0,-203.019897,-167.14386,33.63256859574878,293.3476953418554
35270.0,-206.460205,-164.010056,33.702334284794745,298.17319631632563
35279.0,-210.131409,-160.669022,33.76916534731268,303.0676882771501
35289.0,-214.082428,-157.072098,33.84125167578199,308.4792283730472
35298.0,-217.636581,-153.832916,33.90615450083246,313.3047972026549
35307.0,-221.191864,-150.594971,33.973586621885104,318.1648061586963
35316.0,-224.856842,-147.247116,34.043616983832116,323.0075408409576
35326.0,-228.795944,-143.637131,34.12823049197563,328.40166171477136
35335.0,-232.337723,-140.384415,34.2121015633458,333.2441764641302
35344.0,-235.87561,-137.127487,34.30311490829072,338.1038010087626
35354.0,-239.679047,-133.624588,34.40976133831995,343.4802921438699
35363.0,-243.21489,-130.365433,34.50999280093838,348.30525645046146
35372.0,-246.747025,-127.102264,34.61624095548069,353.1645717801564
35381.0,-250.277557,-123.837372,34.726749416867015,358.00655188485865
35391.0,-254.198914,-120.208115,34.85327817908056,363.39985235112295
35400.0,-257.72641,-116.939926,34.969640874222776,368.2589359958991
35409.0,-261.253784,-113.671623,35.087228949043165,373.08350851070713
35418.0,-264.8927,-110.295456,35.208284853594236,377.9769595846902
35428.0,-268.806427,-106.657974,35.34403489595924,383.33555337352766
35437.0,-272.32486,-103.380043,35.47275281943597,388.19432542415194
35446.0,-275.946716,-99.985596,35.61100443269184,393.0528355492026
35456.0,-279.951324,-96.193092,35.78480062124395,398.47930907030195
35465.0,-283.534424,-92.757729,35.96906912861993,403.422531179693
35474.0,-287.092773,-89.296738,36.18270406918674,408.2955629963684
35483.0,-290.512451,-85.915894,36.43860748276858,413.2528534542533
35492.0,-294.114014,-82.27816,36.73758632036651,418.17319795092294
35501.0,-297.670746,-78.596588,37.09131000295157,423.10719017446377
35510.0,-301.085999,-74.994331,37.50696122292309,428.0536484330823
35519.0,-304.452148,-71.346146,37.9848193235711,433.0291162874907
35528.0,-307.749969,-67.636093,38.53263268156418,437.99736842072735
35537.0,-310.981415,-63.868065,39.17130925043907,442.97213664983013
35546.0,-314.035034,-60.153263,39.90229736079817,447.89933476841253
35555.0,-317.097931,-56.247002,40.74224925703612,452.82661693474034
35564.0,-319.791473,-52.643997,41.694516076435406,457.7158717677307
35573.0,-322.659973,-48.592842,42.77251262517424,462.5966045175863
35582.0,-325.406372,-44.457932,43.97056152125711,467.39598766005133
35591.0,-327.938965,-40.370121,45.3033678917199,472.1239024474329
35601.0,-330.666016,-35.576038,46.96395717676564,477.329165200073
35610.0,-332.827698,-31.454929,48.605452960692446,481.9040669187007
35619.0,-334.837463,-27.257637,50.39020414212882,486.36936956454076
35629.0,-336.985443,-22.177662,52.58756673010517,491.27748814948626
35638.0,-338.637207,-17.827013,54.67708669601779,495.4549348130744
35648.0,-340.181488,-13.073193,57.223328114774525,500.0343148605042
35657.0,-341.375488,-8.736018,59.70237791211515,504.05391392990884
35667.0,-342.491821,-3.687242,62.671730183331704,508.39187773831253
35676.0,-343.257629,0.74562,65.50741272227756,512.1251562080821
35686.0,-343.866455,5.880373,68.86096968188222,516.1060698291794
35696.0,-344.170166,10.8695,72.35587624301155,519.8227560855628
35705.0,-344.236725,15.677809,75.6931778679315,523.0163761611136
35715.0,-344.070648,20.500956,79.52591699830826,526.331145560679
35725.0,-343.689819,25.311911,83.51820054767923,529.4519239051431
35735.0,-343.101807,30.275564,87.66311413373995,532.3967925440113
35745.0,-342.302612,35.384148,91.95440144433917,535.1876964516321
35755.0,-341.362671,40.293339,96.3187958580644,537.7962633642454
35764.0,-340.351318,44.835762,100.34802874629587,540.019580916807
35774.0,-339.052216,49.840622,104.9411345020832,542.3566258353715
35784.0,-337.592499,54.801025,109.65835642526811,544.5570428111682
35793.0,-336.157471,59.227894,113.98138759333689,546.4149363858605
35803.0,-334.370331,64.263237,118.88428327900675,548.3586716770661
35812.0,-332.659241,68.757278,123.36781034114304,549.999374937813
35821.0,-330.853668,73.214203,127.92077609661875,551.5468785171464
35831.0,-328.740417,78.121605,133.00051708543955,553.147134602556
35840.0,-326.696747,82.645279,137.6157898579482,554.4975129695054
35850.0,-324.412354,87.475395,142.7870092967143,555.9086986354957
35859.0,-322.287872,91.789421,147.48054670283025,557.1035584899392
35868.0,-320.028107,96.209106,152.20907606337988,558.2283892461742
35877.0,-317.711182,100.599106,156.97059977840883,559.2866760151281
35886.0,-315.335571,104.957619,161.78007701242672,560.2859156227054
35896.0,-312.651947,109.776146,167.1103796168517,561.3177557923093
35905.0,-310.263184,113.949646,171.94369013260712,562.1944886570838
35914.0,-307.743927,118.226746,176.76940306634668,563.0148621248818
35923.0,-305.180359,122.477432,181.60465518064385,563.777000522207
35932.0,-302.65506,126.569748,186.4651891649006,564.487465472625
35942.0,-299.7099,131.233017,191.87972512546182,565.2189826832366
35951.0,-297.190002,135.145386,196.70285676736435,565.8203438963444
35960.0,-294.384583,139.4272,201.616756409756,566.3886659969936
35969.0,-291.719116,143.429657,206.44936425558345,566.9084116580615
35978.0,-289.024811,147.41275,211.3200588506778,567.3950861969957
35988.0,-285.908813,151.963638,216.70902998535038,567.894037855857
35997.0,-283.172577,155.918045,221.58590892973766,568.3142398398129
36006.0,-280.414032,159.856918,226.4822770098494,568.7081061647436
36015.0,-277.543945,163.906952,231.34647173044883,569.0709955339104
36024.0,-274.741058,167.814392,236.21271373523916,569.4053123371677
36034.0,-271.405792,172.421677,241.66560277677917,569.749286461608
36043.0,-268.567596,176.303543,246.50073516000933,570.0294262320967
36052.0,-265.71347,180.173721,251.38878815441365,570.2891489100116
36061.0,-262.846405,184.034302,256.2434955428259,570.5258983907875
36070.0,-259.87265,188.00885,261.15074996215185,570.745910031065
36080.0,-256.552612,192.413101,266.5582087767307,570.968062719294
36089.0,-253.647583,196.245209,271.38079016402475,571.1498198894576
36098.0,-250.640015,200.194229,276.28999596230983,571.3208447061828
36107.0,-247.717407,204.012955,281.1134732096119,571.477030975555
36117.0,-244.3535,208.383789,286.5575278725618,571.6399429159596
36126.0,-241.318497,212.311768,291.3644726128061,571.7724071103193
36135.0,-238.371597,216.111771,296.223355777408,571.8968600594012
36144.0,-235.323425,220.029526,301.0824557361914,572.0125395057335
36154.0,-232.033432,224.239563,306.44148851424563,572.1296853614422
36163.0,-228.969406,228.144943,311.30100760081564,572.2261653646245
36172.0,-225.994278,231.922897,316.1090025809524,572.312471618911
36182.0,-222.67952,236.113464,321.5030925476489,572.3990330321246
36191.0,-219.691772,239.881439,326.3286096664057,572.467672980889
36200.0,-216.699753,243.646027,331.20593180658955,572.5293796663807
36209.0,-213.603912,247.52623,336.08334436515014,572.5834694780048
36219.0,-210.262177,251.695312,341.4606662784097,572.6328600449618
36228.0,-207.153305,255.565079,346.3037793188805,572.6680670271056
36237.0,-204.135147,259.308746,351.12970465717945,572.6958435485857
36247.0,-200.774643,263.462708,356.524442948304,572.7181643314636
36256.0,-197.646698,267.317078,361.3676696201188,572.7299482099443
36265.0,-194.710831,270.927765,366.19367215054143,572.7350943056053
36274.0,-191.672363,274.654968,371.05414886858176,572.7346282847368
36284.0,-188.296005,278.796082,376.43169309834053,572.7276681185419
36293.0,-185.158188,282.642426,381.29215693614606,572.7164687821083
36302.0,-182.113174,286.364288,386.1353738825849,572.7012023451285
36311.0,-179.065491,290.083954,391.0130406464001,572.6800856385088
36321.0,-175.563431,294.344879,396.39050496151793,572.6499538187851
36330.0,-172.506882,298.057251,401.26810640123705,572.6170422801371
36339.0,-169.545364,301.646942,406.11120100707814,572.5793847013058
36349.0,-166.141983,305.765869,411.50578065880313,572.5323758903451
36358.0,-162.978302,309.590973,416.3487998685957,572.4860251846799
36367.0,-159.911636,313.295013,421.1573184276207,572.436895091087
36376.0,-156.743958,317.116791,426.00027905597295,572.3847816897401
36386.0,-153.332214,321.22879,431.3430147288181,572.3243646415348
36395.0,-150.260956,324.929016,436.1686880762241,572.2677638457665
36404.0,-147.188599,328.628326,440.99434525304207,572.2098007729863
36414.0,-143.7742,332.738098,446.33701767825295,572.1440280849065
36423.0,-140.601273,336.555511,451.16263857578406,572.083119470924
36433.0,-137.075104,340.796509,456.5052750644659,572.0144897440443
36442.0,-134.099045,344.374146,461.33086398380925,571.951098202875
36451.0,-130.924118,348.189911,466.13920187073677,571.8866679018759
36461.0,-127.615509,352.163513,471.4817897893714,571.8143559300776
36470.0,-124.539513,355.859802,476.3590427153088,571.7474016877819
36479.0,-121.463425,359.556,481.167351436223,571.6808303503685
36488.0,-118.386833,363.251801,485.9928865205988,571.6134652597115
36498.0,-114.972336,367.361511,491.3354436974732,571.5389166085163
36507.0,-112.002258,370.944122,496.1609994323647,571.4730473786963
36516.0,-108.932816,374.645844,500.98657583424557,571.4087100210302
36526.0,-105.522133,378.758728,506.3464168098166,571.3375750482031
36535.0,-102.452286,382.460114,511.18922341463065,571.2727087029982
36544.0,-99.38208,386.161194,515.9975500417794,571.2074435116461
36554.0,-95.970764,390.273529,521.3401225111215,571.1339989786046
36563.0,-92.904793,393.978119,526.1484406159841,571.0681089110628
36572.0,-89.750465,397.810913,531.0085206348809,571.0060093645911
36582.0,-86.463676,401.802582,536.3512688691019,570.9467135356105
36591.0,-83.394073,405.504181,541.2114301077252,570.891334132075
36600.0,-80.197426,409.301758,546.1402601968848,570.815095930143
36609.0,-76.96315,413.067352,551.0166862601081,570.7030788598252
36618.0,-73.686935,416.796509,555.9434470370335,570.5411944622183
36628.0,-69.996223,420.895111,561.3845661397952,570.2993383416118
36637.0,-66.523544,424.656067,566.305961531571,570.0181876541752
36646.0,-63.10099,428.251404,571.2058854742933,569.6713499206107
36655.0,-59.848927,431.580139,576.0485187399765,569.2552523384862
36664.0,-56.206276,435.176727,580.970197951617,568.7587914202979
36673.0,-52.60775,438.595917,585.8486041864609,568.1837230193887
36683.0,-48.508926,442.286407,591.2933495615039,567.4189102515861
36692.0,-44.738758,445.51535,596.1393832824997,566.6154749817238
36701.0,-41.127007,448.449921,600.963698098254,565.6905222173187
36710.0,-37.313034,451.378723,605.7283260697557,564.6463003695729
36719.0,-33.411316,454.189575,610.5450740140192,563.4466527203222
36728.0,-29.423525,456.876923,615.2736427618261,562.1161683516987
36737.0,-25.225307,459.525543,619.9587857336758,560.6400293368309
36747.0,-20.44644,462.279175,625.077677026988,558.8306725678106
36756.0,-16.197916,464.531799,629.5172187955794,557.0744291360221
36765.0,-12.007042,466.554932,633.8888768086038,555.1554376498781
36775.0,-7.253726,468.59021,638.6424061033438,552.8310976478386
36784.0,-2.909025,470.257538,642.7788172899413,550.5882268289176
36794.0,2.001545,471.876984,647.273175232706,547.8947506987586
36804.0,6.984687,473.25708,651.6069318688417,545.0115977443178
36813.0,11.368993,474.264343,655.3868754913299,542.2384245067904
36823.0,16.290003,475.140289,659.4218026257822,538.9774051798958
36832.0,21.058456,475.761658,662.9100001139245,535.8710194023741
36842.0,26.042427,476.140686,666.5477666642707,532.2940397931845
36852.0,31.039547,476.252167,670.001897902909,528.5160418061572
36862.0,35.863148,476.099823,673.2157946594182,524.5983316264327
36872.0,40.671066,475.682404,676.2449498052468,520.4717700424767
36881.0,45.127705,475.069946,678.7627832041837,516.6403166618602
36891.0,50.032803,474.108887,681.3179609595934,512.2643993806364
36901.0,54.87302,472.861511,683.6202152904906,507.75028701942057
36911.0,59.629734,471.326172,685.647311860697,503.1249130315594
36921.0,64.444313,469.440399,687.3862382475791,498.4020374442431
36931.0,68.977432,467.334595,688.8175269816082,493.6309749339536
36941.0,73.370544,464.950439,689.9517023245654,488.7806892507477
36951.0,77.457146,462.383331,690.780439722803,483.86898697536384
36961.0,81.226524,459.654175,691.2877865884491,478.96574544866354
36971.0,84.941208,456.573364,691.4706448135477,474.0742139078226
36982.0,88.769318,452.895477,691.2985202242519,468.75115452639955
36992.0,92.126236,449.192139,690.7991207992459,463.89907464366576
37002.0,95.109131,445.398376,689.9695215509187,459.10992031007754
37013.0,98.165276,440.827789,688.6853107851572,453.97675365487004
37023.0,100.568588,436.642761,687.1750547489537,449.3931466024394
37033.0,102.586044,432.449158,685.3535570594879,444.94270722347295
37044.0,104.513733,427.50293,682.95387588524,440.13026910450606
37054.0,105.882881,423.055237,680.4927027775949,435.9990596650375
37065.0,107.032578,417.87262,677.4688333451282,431.6989205313546
37075.0,107.706398,413.442291,674.43956715671,428.0087351069566
37086.0,108.18483,407.774658,670.8290160542293,424.18788393869414
37096.0,108.31395,402.777954,667.3087491483965,420.9119130276134
37106.0,108.185471,397.953674,663.5807611819233,417.82013535510816
37116.0,107.822716,393.141327,659.6663222974887,414.9099382493801
37127.0,107.166359,387.873444,655.1350016277389,411.88811686793287
37137.0,106.339989,382.943878,650.834303972986,409.30737542886476
37146.0,105.411705,378.383759,646.8268475819602,407.11601309616765
37156.0,104.246986,373.52298,642.3109705261239,404.8554690357484
37166.0,102.880341,368.536133,637.6556798750767,402.7264879747819
37176.0,101.363953,363.592773,632.8381573975137,400.71024831432794
37185.0,99.834251,359.033783,628.4460003004803,399.02225451992115
37195.0,97.936417,353.855164,623.4393261856862,397.257457119518
37204.0,96.244659,349.519928,618.8806597021484,395.7818704144923
37213.0,94.40007,345.07901,614.2734674188215,394.40417532376915
37223.0,92.175247,340.032196,609.0717071525582,392.9740041524059
37232.0,90.158195,335.666901,604.3930052178392,391.7907564555824
37241.0,88.071938,331.334259,599.6607256566017,390.68180907268055
37251.0,85.597755,326.404907,594.4053043578641,389.54225768739747
37260.0,83.457298,322.272736,589.6738849573478,388.5914699285368
37269.0,81.198128,318.027679,584.9306898456595,387.70128621803804
37278.0,78.823318,313.668732,580.1945881048614,386.86845682412877
37288.0,76.21328,309.006531,574.8883187770533,385.99579640467107
37297.0,73.824287,304.83316,570.0842477150866,385.25746356958865
37306.0,71.47773,300.814453,565.273378622053,384.56480729592437
37315.0,68.943504,296.546204,560.4225701162569,383.90893018427226
37325.0,66.179237,291.973755,555.0365201386427,383.225347249268
37334.0,63.581005,287.744171,550.1587119642126,382.6452278896959
37343.0,60.954807,283.531891,545.293869954937,382.1031668504388
37352.0,58.215347,279.207581,540.390902614449,381.59317707667134
37361.0,55.530182,275.032654,535.5014820946075,381.1208233553571
37370.0,52.900848,271.006378,530.591601299726,380.6823613943016
37380.0,49.944199,266.555908,525.145967042652,380.23808148724476
37389.0,47.256165,262.568573,520.2127407965162,379.87383087294245
37398.0,44.461346,258.466217,515.3631682127144,379.5484389581844
37407.0,41.653999,254.372437,510.47762685749916,379.2451179863175
37416.0,38.928749,250.410461,505.62557885996034,378.95899847742874
37426.0,35.904907,246.005371,500.20533854984706,378.6462446269792
37435.0,33.190647,242.035858,495.3186708083512,378.36164608560495
37444.0,30.484842,238.060577,490.4324718551864,378.0691093604165
37453.0,27.792389,234.076233,485.54703710516634,377.764076167428
37462.0,25.119247,230.078918,480.6970794082776,377.44447566345167
37472.0,22.272705,225.762268,475.2641661310451,377.0601258285562
37481.0,19.570686,221.598221,470.3836555138291,376.684447694065
37490.0,16.985405,217.543518,465.52309023675156,376.27581073852923
37499.0,14.270752,213.203598,460.61447736262585,375.82337514841043
37508.0,11.597868,208.83783,455.6758744336222,375.3229589710578
37517.0,9.216854,204.839432,450.8284418724544,374.7803020453156
37526.0,6.736495,200.539658,445.8682647355042,374.16364046496284
37536.0,4.064519,195.714661,440.439764735733,373.4071058555591
37545.0,1.661723,191.194611,435.51828780302077,372.6385424436885
37554.0,-0.668922,186.636932,430.64421579734073,371.7942547030282
37563.0,-2.914851,182.036926,425.7347402850609,370.85580975051664
37572.0,-5.071407,177.394348,420.860193345745,369.8309111927605
37581.0,-7.135775,172.710052,415.93905718343706,368.69705762878044
37590.0,-9.044498,168.127808,411.041417176919,367.46566516531516
37598.0,-10.724634,163.899124,406.7169719295767,366.2904465264145
37607.0,-12.505371,159.099823,401.9034164251725,364.8812233010381
37616.0,-14.162766,154.256546,397.09036792164363,363.3522468017941
37625.0,-15.740277,149.223862,392.33360057192385,361.708293282723
37634.0,-17.140285,144.300018,387.60596268569594,359.93272434595156
37643.0,-18.386892,139.335114,382.9938597109337,358.0512007432727
37652.0,-19.445215,134.485352,378.4560920312018,356.0390179171517
37661.0,-20.316549,129.75618,373.96859981467026,353.8770654376053
37670.0,-21.058117,124.847992,369.53774004889937,351.56381869964616
37679.0,-21.654955,119.920113,365.1979661005362,349.11882647177373
37688.0,-22.075678,115.129784,360.9365385334183,346.5397064653583
37697.0,-22.360485,110.0187,356.7443153452142,343.81777820126126
37706.0,-22.48254,104.901146,352.65566896398127,340.97267790663557
37715.0,-22.443789,99.937408,348.64576021260814,337.98867714586703
37724.0,-22.268414,95.131836,344.77164786239,334.91285966047064
37734.0,-21.861372,89.631439,340.55448387584164,331.33152346923856
37743.0,-21.336868,84.695335,336.9326905079636,328.03863252875976
37752.0,-20.671154,79.932869,333.3946256778858,324.606246249594
37761.0,-19.818226,75.042809,329.9716513438464,321.059074838491
37770.0,-18.776918,70.030823,326.6567225022795,317.38747484925864
37779.0,-17.621496,65.203278,323.5063252272382,313.6636225450481
37789.0,-16.164391,59.883797,320.1717306260176,309.4447945997017
37798.0,-14.7284,55.294441,317.2603991088693,305.4883189135499
37807.0,-13.082775,50.611267,314.51669157754725,301.47629908229857
37816.0,-11.33042,46.133152,311.93404322964807,297.3995044569784
37826.0,-9.265491,41.392647,309.2164550155972,292.7392025626881
37835.0,-7.329105,37.332211,306.9209053054871,288.45496567939125
37844.0,-5.051225,32.921829,304.7779247094839,284.1116239222273
37853.0,-2.618064,28.595175,302.7887508538276,279.7146346934573
37863.0,0.178989,24.042707,300.7447147926542,274.7220786319057
37872.0,3.008354,19.77668,299.05734544643855,270.12715723595727
37881.0,5.806115,15.865568,297.5410285234453,265.5092554253082
37890.0,8.838463,11.935545,296.17961729289345,260.8074390308862
37900.0,12.248249,7.821929,294.86511759517805,255.53971556291125
37909.0,15.334369,4.338784,293.8645511528949,250.80095515021395
37918.0,18.743282,0.730527,293.02398540824345,246.01371342113126
37927.0,22.173216,-2.639906,292.3603325084173,241.26836189982828
37937.0,26.130959,-6.22944,291.8211012289373,235.95256428170947
37946.0,29.92766,-9.427137,291.5209484802208,231.17044084545043
37956.0,34.147545,-12.70449,291.39287397845897,225.89786178878026
37965.0,38.049332,-15.515244,291.45904335716654,221.1067848904758
37975.0,42.491749,-18.483982,291.726215590626,215.8566799475908
37984.0,46.442265,-20.94363,292.1375934018762,211.13473918395727
37993.0,50.612907,-23.337372,292.7143503152381,206.39540657591448
38003.0,55.343636,-25.821054,293.5423254364354,201.1866687071522
38012.0,59.676289,-27.907293,294.47048467973485,196.46832313718147
38022.0,64.419098,-29.96693,295.6797789646352,191.31699277177688
38031.0,68.752853,-31.662516,296.94749690363324,186.6962041530141
38041.0,73.803513,-33.40588,298.5471905049871,181.6343590409977
38050.0,78.255219,-34.761894,300.1543379970579,177.15700278300235
38060.0,83.588875,-36.166225,302.13195674347384,172.24908863390655
38069.0,88.277756,-37.233307,304.0470683156615,167.96997526071806
38079.0,93.695946,-38.264427,306.38443875119447,163.22283963508778
38088.0,98.450012,-38.987671,308.65095203410624,159.02083539364324
38097.0,103.072372,-39.526375,311.04967945688975,154.9327963735171
38107.0,108.571213,-39.953922,313.93303315846384,150.4140325050073
38116.0,113.220482,-40.155807,316.6360470905711,146.4995264307818
38126.0,118.563538,-40.169662,319.8113105558679,142.24523477620428
38135.0,123.524521,-39.999763,322.83271588062945,138.50419556736776
38145.0,129.026688,-39.617409,326.2885451812294,134.542854032136
38154.0,133.655685,-39.139057,329.4624676700288,131.16313004722335
38164.0,138.603455,-38.429695,333.1743892374044,127.48952371721677
38173.0,143.183228,-37.603756,336.67745292728193,124.2711099919515
38183.0,148.062729,-36.520226,340.66675456952674,120.87412023798203
38192.0,152.71373,-35.298542,344.37731575636883,117.95271642215063
38202.0,157.828476,-33.753265,348.6563010759772,114.8400195471549
38211.0,162.241714,-32.276867,352.55611538133587,112.20718544704589
38221.0,167.254028,-30.426125,357.0605214734874,109.36554616497246
38230.0,171.716858,-28.635208,361.2165340059132,106.9124080244949
38239.0,176.277344,-26.675064,365.4378047069236,104.57334826151913
38249.0,181.131134,-24.441399,370.179973327394,102.11157827538477
38258.0,185.446747,-22.320152,374.4899039232396,100.01794638530961
38267.0,189.850021,-20.028551,378.8816354907368,98.01719134157499
38277.0,194.530991,-17.452312,383.843338336988,95.89936124627062
38286.0,198.835587,-14.980338,388.35411005958304,94.08906496930692
38295.0,203.10202,-12.443061,392.9287232715996,92.34738994049943
38304.0,207.207047,-9.93846,397.49653410931893,90.68626432978664
38314.0,211.735291,-7.102355,402.62235513487497,88.89663341691221
38323.0,215.919968,-4.432405,407.27694111169086,87.3267988898628
38332.0,219.960098,-1.824425,411.9433831453548,85.79256624637566
38341.0,224.121811,0.881185,416.60133653732044,84.28791075631538
38350.0,228.017334,3.427033,421.2149585846616,82.81431818757132
38360.0,232.630341,6.450312,426.3903865582117,81.17365817374073
38369.0,236.650009,9.089738,430.9763866670719,79.72698353855712
38378.0,240.53894,11.645638,435.6127301836115,78.26802742529375
38388.0,245.005051,14.578607,440.69339598386864,76.67070996201537
38397.0,249.028244,17.212641,445.3295327404625,75.2110969592263
38406.0,253.056137,19.839495,449.9145161319831,73.76120323965067
38415.0,257.221649,22.539267,454.52931403444387,72.29129719713849
38425.0,261.864288,25.516848,459.6806021949887,70.63172106593949
38434.0,266.056641,28.174749,464.28362951396963,69.12536023430397
38443.0,270.131714,30.727789,468.9274926312036,67.57776426186084
38452.0,274.356384,33.334011,473.5128453751259,66.01842989483924
38462.0,279.075134,36.189445,478.6886912394478,64.21521708113039
38471.0,283.344208,38.722286,483.32982615574,62.55417975463466
38480.0,287.769836,41.294861,487.93981470887155,60.857843526804814
38489.0,291.950043,43.671844,492.51742676693766,59.12406563117457
38498.0,296.290131,46.080971,497.10991817926424,57.33292048380493
38507.0,300.654449,48.445904,501.63597494849023,55.51443509869196
38516.0,304.90506,50.694561,506.19086789771893,53.629725961369836
38526.0,309.963196,53.295765,511.2007121740861,51.49296865178505
38535.0,314.400177,55.521378,515.7132162935666,49.50891097043829
38544.0,318.721344,57.63129,520.2197392092958,47.46914360243027
38553.0,323.205505,59.760265,524.6878674985595,45.38707542345065
38562.0,327.711548,61.842529,529.1327416311633,43.255814703466136
38571.0,332.241791,63.871597,533.5846524603722,41.06020426222401
38580.0,336.936157,65.912987,538.0110880146535,38.81367727046233
38589.0,341.366455,67.782951,542.3959893677952,36.524127133681
38598.0,345.963501,69.655769,546.7539410641093,34.18368770524538
38608.0,351.098297,71.669189,551.5792524855592,31.51228573212975
38617.0,355.74115,73.425369,555.9045137841409,29.041710977892336
38626.0,360.553467,75.170601,560.2113973884356,26.505102542672553
38635.0,365.243042,76.797943,564.4236077821454,23.944543636815798
38644.0,369.953644,78.363327,568.6425650853259,21.29652094219551
38653.0,374.684784,79.865501,572.7950123291075,18.60829074498512
38662.0,379.437775,81.297043,576.9230888871699,15.851626243872385
38671.0,384.360474,82.701035,581.0097189075084,13.033884183671734
38680.0,389.302979,84.033638,585.0394519303682,10.164972984269376
38689.0,394.113739,85.257072,589.0114681737739,7.245681071260379
38698.0,399.094055,86.44059,592.9801040721086,4.235439548774599
38707.0,403.939026,87.52066,596.8620717718743,1.1974294946083912
38716.0,408.799896,88.526649,600.7242448054517,-1.9208768886109864
38725.0,413.523346,89.428398,604.5511054413903,-5.109413008900109
38734.0,418.564392,90.318504,608.3156421449162,-8.344915852157367
38744.0,423.840424,91.162331,612.4290251143417,-11.993240305344873
38753.0,428.752808,91.87561,616.090350285114,-15.345092514913215
38762.0,433.83017,92.527298,619.7116269824842,-18.765323501021108
38771.0,438.916992,93.100441,623.2773548094683,-22.243427867073976
38780.0,443.857513,93.581459,626.8111484665867,-25.80271558821004
38789.0,448.804352,93.992523,630.2413027692396,-29.366904298923185
38798.0,453.756958,94.326897,633.639858729972,-33.0085306250333
38807.0,458.558838,94.583939,636.9829577225269,-36.70113323610094
38816.0,463.674164,94.778046,640.2693248620932,-40.44431583133019
38825.0,468.636841,94.887932,643.4849966421239,-44.22580631050241
38834.0,473.600586,94.92408,646.639378889924,-48.05857135361195
38843.0,478.564301,94.881332,649.732022307608,-51.941324491782844
38852.0,483.371399,94.754501,652.7591183365174,-55.87539425129604
38861.0,488.175537,94.543793,655.7056470266047,-59.84872640253581
38870.0,493.130005,94.237976,658.5802175137655,-63.87442438175958
38879.0,498.078644,93.848984,661.3911470746572,-67.96574326992088
38888.0,503.019409,93.3703,664.1379988436961,-72.1210327034276
38897.0,508.105103,92.787224,666.819803397626,-76.33903614926871
38906.0,513.026855,92.141876,669.4186064107981,-80.58848879825489
38915.0,517.937683,91.417923,671.9543430932897,-84.8958857165424
38924.0,522.837219,90.621155,674.4019700140979,-89.21437361133322
38933.0,527.724121,89.75016,676.7886242734627,-93.5865019675849
38942.0,532.595703,88.797203,679.1128521458045,-98.01161140487562
38952.0,538.156494,87.601883,681.6067532947604,-102.96962657149083
38961.0,542.991821,86.479538,683.7652872358233,-107.45876414373836
38970.0,547.808167,85.278198,685.847739771856,-111.98369688936221
38979.0,552.455872,84.044014,687.84734189274,-116.52702238938001
38988.0,557.38031,82.646065,689.7784563290962,-121.11858224970473
38997.0,561.985962,81.263168,691.6472767065887,-125.77301423326502
39006.0,566.716492,79.759071,693.4404558257917,-130.45710809861131
39015.0,571.422974,78.18129,695.1399306814884,-135.12101209159553
39024.0,575.959717,76.586807,696.7537566453285,-139.77877379327958
39033.0,580.761169,74.811867,698.3156947521587,-144.52682371772622
39042.0,585.528931,72.948357,699.7868969308761,-149.2676864440933
39051.0,590.119629,71.05999,701.1750491169466,-154.0514776629481
39060.0,594.684448,69.10997,702.4708451008657,-158.82539769512732
39069.0,599.083923,67.168617,703.6893656328183,-163.58404863537262
39078.0,603.458496,65.171783,704.8638284796024,-168.4247368032649
39087.0,607.809387,63.123913,705.9742721419453,-173.26282838091012
39096.0,612.135193,61.023563,707.0204069751824,-178.09759844951432
39105.0,616.435181,58.870834,708.0164819097063,-182.9957066005681
39114.0,620.847839,56.597317,708.9548564452749,-187.92274221277108
39123.0,625.23291,54.271038,709.8316564213771,-192.86110717445902
39132.0,629.451843,51.963428,710.6406877297193,-197.7760937725456
39141.0,633.647583,49.61393,711.3876889468837,-202.68345603984466
39150.0,637.955566,47.147858,712.0865744267409,-207.6327173807535
39159.0,642.373413,44.561996,712.7359772273509,-212.58871422671353
39168.0,646.633606,42.014275,713.3283041342596,-217.4824170320125
39177.0,650.874756,39.434948,713.8811688782255,-222.43276706934967
39187.0,655.707275,36.435287,714.4453289247076,-227.9192725380332
39196.0,659.774902,33.87038,714.908378227801,-232.82689555270574
39205.0,663.82489,31.277689,715.3382777466423,-237.78943636573536
39214.0,667.988342,28.574791,715.7300545155703,-242.72055293999227
39223.0,672.004578,25.930151,716.0918676659245,-247.70580318233723
39232.0,676.244568,23.061892,716.4118528215791,-252.69391286785606
39241.0,680.303711,20.204691,716.6601039692582,-257.651592426742
39250.0,684.316101,17.28219,716.8195793452755,-262.5784317701429
39259.0,688.290649,14.308457,716.9011884398813,-267.54165201476565
39268.0,692.243408,11.305814,716.9213474957752,-272.4710304668329
39277.0,696.209351,8.32063,716.9119979416134,-277.4521485645179
39286.0,700.21167,5.384333,716.9209767004639,-282.4160315831646
39295.0,704.258545,2.509746,716.9888057776618,-287.44840855717496
39304.0,708.474915,-0.393103,717.1287409411955,-292.4103268748144
39313.0,712.462585,-3.080596,717.339174899534,-297.4215087954892
39322.0,716.715027,-5.930333,717.5943135624173,-302.4133554475117
39331.0,720.831055,-8.704935,717.8651785072559,-307.4561559803687
39340.0,725.059387,-11.590283,718.1229780578359,-312.49964132527117
39349.0,729.13678,-14.421366,718.3516766183401,-317.52727653087726
39358.0,733.175354,-17.307596,718.5343643144868,-322.60853475515734
39367.0,737.310059,-20.325607,718.6538085074584,-327.6571918159301
39376.0,741.295776,-23.284393,718.7182173648825,-332.6896137270293
39385.0,745.391174,-26.355526,718.7430513559945,-337.77409435035975
39394.0,749.474609,-29.442585,718.740394395485,-342.772456249539
39403.0,753.304138,-32.351032,718.7192271892529,-347.7363022574546
39412.0,757.372986,-35.457241,718.6843301464783,-352.648362238185
39421.0,761.187683,-38.385128,718.6359679895666,-357.57754466664284
39430.0,764.997742,-41.319023,718.5752850609106,-362.48935376717
39439.0,768.924133,-44.356098,718.5034783456722,-367.4182504091057
39448.0,772.844971,-47.400349,718.4212569220335,-372.3642224412828
39458.0,777.061707,-50.681717,718.3222852834148,-377.7408603314214
39467.0,781.102539,-53.824299,718.2261335774035,-382.6865811641262
39476.0,784.89679,-56.778637,718.1305314744201,-387.49440028889103
39485.0,788.812561,-59.829365,718.0316158123757,-392.37110969851636
39494.0,792.727722,-62.880894,717.9306041428144,-397.26501556072304
39504.0,797.077209,-66.272377,717.8171203067627,-402.7103248166302
39513.0,801.114685,-69.419304,717.7127604379826,-407.6214000630136
39522.0,805.152222,-72.56617,717.6072731667048,-412.4979717491226
39531.0,809.067017,-75.618179,717.5000359682041,-417.4089850092498
39540.0,812.979736,-78.672806,717.3918363199781,-422.26825727779743
39550.0,817.322876,-82.072365,717.2660704542031,-427.7305370257266
39559.0,821.106873,-85.039795,717.149133192395,-432.58960687710277
39568.0,825.010925,-88.105522,717.0270802316921,-437.46579207138217
39577.0,828.789368,-91.080025,716.9011313970316,-442.32463669071296
39587.0,832.983582,-94.39016,716.7564994192438,-447.68299810618043
39596.0,836.754578,-97.3741,716.619588282184,-452.5415461901558
39605.0,840.400696,-100.265823,716.4790169641259,-457.33101755312686
39614.0,844.165649,-103.257355,716.3308077671037,-462.1892341166067
39624.0,848.477783,-106.69619,716.15984627725,-467.56406458425056
39633.0,852.234253,-109.69841,715.9995185994575,-472.3874059511574
39642.0,856.107727,-112.802689,715.8311687079832,-477.2622123358425
39652.0,860.406494,-116.258194,715.6381994123398,-482.63629767549463
39661.0,864.15033,-119.276138,715.4564737035797,-487.49337600619174
39670.0,867.890442,-122.298691,715.270067626774,-492.29853128704525
39680.0,872.177551,-125.768654,715.0552998447562,-497.671789626892
39689.0,876.031494,-128.897095,714.8551313151451,-502.5453931739483
39698.0,879.641479,-131.833847,714.6508746806227,-507.367074015028
39707.0,883.372314,-134.867859,714.4411154024475,-512.2057705853442
39717.0,887.382751,-138.131699,714.2080422791864,-517.5437619312328
39726.0,890.991638,-141.069824,713.9956859260403,-522.36509283517
39735.0,894.720703,-144.106003,713.7803238757634,-527.2035432732412
39745.0,898.862427,-147.481613,713.5385592556565,-532.5929077362867
39754.0,902.708313,-150.619949,713.3180807525921,-537.4483812840922
39763.0,906.433105,-153.661362,713.0957349601034,-542.2865158215903
39772.0,910.27832,-156.800583,712.8706128170361,-547.1590304695789
39782.0,914.55249,-160.286499,712.621746341491,-552.5653257006558
39791.0,918.280029,-163.324524,712.3997730494796,-557.4207311421596
39800.0,922.009888,-166.359726,712.1822899692918,-562.2245801831284
39809.0,925.862915,-169.489319,711.9660115032057,-567.0802426270036
39819.0,930.013855,-172.853577,711.7335297495399,-572.418259761088
39828.0,933.751465,-175.879257,711.5258387170956,-577.2915485283585
39837.0,937.493286,-178.899719,711.3231722524093,-582.1305473668025
39847.0,941.786499,-182.362106,711.103024078806,-587.5035879555738
39856.0,945.531311,-185.37883,710.9086194179928,-592.3256760648684
39865.0,949.277344,-188.394043,710.7163217858877,-597.1305991776009
39874.0,953.023682,-191.408875,710.52255481976,-602.0044614383714
39884.0,957.321106,-194.866089,710.3090281192923,-607.3950185334498
39893.0,961.189575,-197.976562,710.1145030992652,-612.2688505977202
39902.0,965.058411,-201.086578,709.9176964026962,-617.1598407908895
39911.0,968.92688,-204.197052,709.7212919414238,-622.033597479703
39921.0,973.223633,-207.65509,709.4988119787272,-627.5100433644845
39930.0,977.088013,-210.77066,709.2986627222368,-632.3663973897671
39939.0,980.829102,-213.792023,709.094008701413,-637.2398146411306
39948.0,984.446472,-216.71965,708.8859135680826,-642.0958346739632
39957.0,988.185547,-219.743484,708.6725291728179,-646.9861296594779
39967.0,992.468994,-223.218002,708.4308527269621,-652.4272567457563
39976.0,996.321289,-226.348465,708.2094781705172,-657.2999430972347
39985.0,1000.171082,-229.482056,707.9816124180759,-662.1895847144079
39994.0,1003.896362,-232.522873,707.7513380670324,-667.0100930516269
40004.0,1008.169922,-236.009476,707.4872972393651,-672.4156684224434
40013.0,1011.896118,-239.049179,707.2469587613024,-677.2701994564069
40022.0,1015.74231,-242.187195,707.0032231516726,-682.1590756972342
40031.0,1019.708496,-245.423477,706.758731805597,-687.0306568528572
40040.0,1023.435486,-248.462189,706.5134828035395,-691.9021999247304
40050.0,1027.575928,-251.839417,706.2390969415376,-697.3417756317361
40059.0,1031.302246,-254.878983,705.9925505598621,-702.2132532161871
40068.0,1035.150757,-258.014099,705.7446015155189,-707.1191753852902
40077.0,1039.000977,-261.147095,705.5013154104718,-711.9735595908144
40087.0,1043.283325,-264.622864,705.234044207154,-717.3789762030776
40096.0,1047.02124,-267.648071,704.9985617538749,-722.2337452148793
40105.0,1050.762451,-270.669281,704.7658375287375,-727.1404131772465
40114.0,1054.505127,-273.688721,704.5389609957352,-732.0128464515868
40123.0,1058.37207,-276.801056,704.3165635667998,-736.8682324843709
40133.0,1062.5354,-280.149933,704.072632759986,-742.2747526600201
40142.0,1066.404175,-283.26004,703.8564563491716,-747.1131667817937
40151.0,1070.153198,-286.271606,703.6411193024934,-751.9688710664551
40160.0,1073.902954,-289.282196,703.428886184307,-756.7902073967193
40170.0,1078.070557,-292.625824,703.1932589459941,-762.1798436786626
40179.0,1081.820679,-295.635956,702.9814806959914,-767.0357044794489
40188.0,1085.691895,-298.743073,702.770644572926,-771.8571021020431
40198.0,1089.995728,-302.1922,702.534166625763,-777.2639533880283
40207.0,1093.745605,-305.202637,702.3220827262951,-782.1025486256935
40216.0,1097.490234,-308.219666,702.1032285281232,-786.9926018754481
40225.0,1101.224487,-311.249451,701.8766515438134,-791.8132854137197
40235.0,1105.489014,-314.74707,701.6036621562514,-797.1839005722657
40244.0,1109.189575,-317.817932,701.3304697897611,-802.071219251912
40253.0,1112.986206,-321.015778,701.0292228615725,-806.9223515354113
40262.0,1116.757446,-324.2435,700.6898076124382,-811.8055180525544
40272.0,1120.912598,-327.870514,700.2663239389424,-817.2182328583307
40281.0,1124.503418,-331.069031,699.8387446233176,-822.077168431373
40290.0,1128.057129,-334.308655,699.3547304397503,-826.9827681481604
40299.0,1131.683594,-337.698242,698.8123279601464,-831.8822556582331
40308.0,1135.267212,-341.132996,698.2066265608089,-836.774321083601
40317.0,1138.797485,-344.62265,697.5253649338096,-841.7086404401917
40326.0,1142.385254,-348.274017,696.7733560442099,-846.6152378223823
40335.0,1145.812134,-351.865173,695.9563831720108,-851.4590076748775
40344.0,1149.190308,-355.502197,695.0586602477381,-856.3410470839965
40353.0,1152.509888,-359.19281,694.0845279786777,-861.2259924511038
40362.0,1155.768799,-362.937103,693.0291909670907,-866.1116748524252
40371.0,1159.061523,-366.856598,691.8793229308454,-871.0290937416136
40380.0,1162.283936,-370.834076,690.6631191815273,-875.841688019246
40389.0,1165.341553,-374.744446,689.3550007781729,-880.6479808900617
40398.0,1168.234741,-378.585541,687.9474441490395,-885.4620239962982
40407.0,1171.134766,-382.614166,686.4391608742095,-890.2635342123755
40416.0,1173.953369,-386.700165,684.836434096467,-895.0161643861663
40425.0,1176.771484,-390.973633,683.1220297696316,-899.7663246820567
40434.0,1179.503052,-395.302948,681.3074964111944,-904.4791448275408
40443.0,1182.055908,-399.560089,679.4038578021479,-909.1194451129783
40452.0,1184.515991,-403.871521,677.3761978644606,-913.7633853140308
40461.0,1186.953125,-408.373138,675.2521219750798,-918.3450342146643
40470.0,1189.355225,-413.068481,673.0083841255345,-922.9077308294586
40479.0,1191.585449,-417.676086,670.6902113955363,-927.3554607995459
40488.0,1193.720947,-422.3284,668.2614363935862,-931.7634615688436
40497.0,1195.737183,-427.03363,665.7125450312282,-936.1430435393875
40506.0,1197.643555,-431.784424,663.0847352897604,-940.4151440362821
40514.0,1199.249756,-436.041718,660.6592345595177,-944.1627742430296
40523.0,1200.950439,-440.869965,657.8120615321917,-948.3545747113586
40532.0,1202.581909,-445.885406,654.8768132154675,-952.4640177821079
40541.0,1204.046997,-450.790283,651.8426688457419,-956.5009935036336
40550.0,1205.356689,-455.578278,648.721977507779,-960.449500103019
40559.0,1206.566284,-460.392548,645.4984689488745,-964.3369411126286
40568.0,1207.718994,-465.539185,642.1956091331002,-968.1343791739545
40577.0,1208.653442,-470.256287,638.8109389220238,-971.8357619230275
40586.0,1209.463135,-474.996399,635.3072294485869,-975.4726871296149
40595.0,1210.193726,-480.063019,631.6956815402075,-979.0271641824733
40604.0,1210.80481,-485.145416,628.0292182092163,-982.449630155338
40613.0,1211.276733,-490.086823,624.3151403325038,-985.7429325657818
40622.0,1211.621948,-495.038696,620.479244078071,-988.9743605192025
40631.0,1211.860962,-499.996826,616.6033397766265,-992.0755830341149
40640.0,1211.97998,-505.114441,612.6266967362864,-995.1037737256473
40649.0,1211.978882,-510.078339,608.5639735519388,-998.0449481543893
40658.0,1211.847656,-515.040466,604.4279048838368,-1000.8820527815868
40667.0,1211.595947,-519.997986,600.2640091294966,-1003.5843087627821
40676.0,1211.209839,-524.946838,596.0015452131404,-1006.1948700235779
40685.0,1210.709595,-529.729492,591.6705591042866,-1008.6901030907524
40694.0,1210.076782,-534.652893,587.2298121174368,-1011.0948840020435
40703.0,1209.329224,-539.560181,582.8067942889697,-1013.3481324415231
40712.0,1208.470337,-544.449219,578.3153529441586,-1015.5018686285639
40721.0,1207.49939,-549.3172,573.7747972204227,-1017.550033328224
40730.0,1206.419434,-554.16217,569.2036869046555,-1019.4852763935794
40739.0,1205.240845,-558.984131,564.5893410692981,-1021.3150380591087
40748.0,1203.95105,-563.777527,559.9025169958836,-1023.0520783117996
40757.0,1202.569092,-568.545166,555.162392577899,-1024.6914218374054
40766.0,1201.141479,-573.137146,550.438450750637,-1026.2160820794147
40775.0,1199.579346,-577.848816,545.6193863455914,-1027.6673012400686
40784.0,1197.994019,-582.388794,540.8238327921604,-1029.0142574507377
40793.0,1196.285278,-587.049316,536.0222320830677,-1030.2731640681482
40802.0,1194.503784,-591.682495,531.2007692796873,-1031.4537197324596
40811.0,1192.709595,-596.143982,526.378152762765,-1032.5545238187037
40820.0,1190.799561,-600.725708,521.5565914365973,-1033.580060112183
40829.0,1188.898804,-605.142883,516.7218717673749,-1034.5416546375795
40839.0,1186.724854,-610.023743,511.3671412193213,-1035.5372108797153
40848.0,1184.664307,-614.539734,506.5446277258598,-1036.3761873697974
40857.0,1182.626953,-618.89563,501.6630000538772,-1037.1756315377772
40866.0,1180.484497,-623.373352,496.7912713499469,-1037.9275874849843
40875.0,1178.373901,-627.694214,491.94728780634773,-1038.632102477609
40884.0,1176.165283,-632.139709,487.0465978122557,-1039.3048857171366
40893.0,1173.925537,-636.56958,482.1924614230736,-1039.935661319666
40903.0,1171.398682,-641.472107,476.7692508364401,-1040.5998179507837
40912.0,1169.095703,-645.869446,471.8892717501904,-1041.1613828852771
40921.0,1166.838013,-650.115295,467.0228384922874,-1041.6889672784014
40930.0,1164.480591,-654.483643,462.1017374513723,-1042.1911268652732
40939.0,1162.174194,-658.703247,457.263513486638,-1042.655694417759
40948.0,1159.848633,-662.912292,452.388489519184,-1043.0968964828921
40958.0,1157.155029,-667.72522,446.97884360988843,-1043.5579291567772
40967.0,1154.785522,-671.909668,442.151033095817,-1043.9442309747792
40976.0,1152.320312,-676.21814,437.2698431139267,-1044.3109765353825
40985.0,1149.914795,-680.382019,432.4558294493571,-1044.6509755696727
40995.0,1147.135864,-685.146179,427.02126550891353,-1045.0112341583886
41004.0,1144.695801,-689.289917,422.1529283731415,-1045.313513014065
41013.0,1142.244507,-693.426941,417.31786926764727,-1045.594914685609
41022.0,1139.698486,-697.688171,412.4129855706948,-1045.862621572441
41032.0,1137.026855,-702.115173,407.0251041993372,-1046.1354471123955
41041.0,1134.444336,-706.35437,402.10097216865,-1046.3637058594336
41050.0,1131.919678,-710.447083,397.24469073914486,-1046.5656088589055
41059.0,1129.284302,-714.653625,392.3528505471448,-1046.7400149408672
41068.0,1126.615112,-718.838806,387.40822535679274,-1046.8817239120697
41077.0,1124.001465,-722.875244,382.51435027815256,-1046.9842161566187
41087.0,1120.963379,-727.478516,377.0510626138066,-1047.0535342223502
41096.0,1118.197754,-731.600586,372.1216901178797,-1047.075100576662
41105.0,1115.486572,-735.572205,367.2095411646781,-1047.0565609043927
41114.0,1112.652344,-739.647461,362.2460200433305,-1046.9959529935597
41123.0,1109.87793,-743.575134,357.3521197843549,-1046.894670217672
41132.0,1107.072266,-747.480591,352.4075239857967,-1046.751939371323
41141.0,1104.144165,-751.488953,347.4470321678274,-1046.5682652991761
41150.0,1101.183594,-755.473328,342.52268332053006,-1046.3447328823765
41159.0,1098.094238,-759.554993,337.5832151839494,-1046.0781728829627
41169.0,1094.828003,-763.783508,332.09598841930136,-1045.730993963419
41178.0,1091.763428,-767.688477,327.16229485849726,-1045.3731286903578
41187.0,1088.661255,-771.563599,322.1804056326799,-1044.9676555392232
41196.0,1085.421143,-775.526672,317.2712593049941,-1044.5210453684836
41205.0,1082.336426,-779.215637,312.33273265848294,-1044.0198769311105
41214.0,1079.109619,-782.98761,307.365736310412,-1043.4607919529044
41223.0,1075.731201,-786.833496,302.4228625010361,-1042.8446560735156
41232.0,1072.507935,-790.4021,297.5055879946157,-1042.1659612456087
41241.0,1069.127075,-794.036621,292.51301875027895,-1041.4060550849365
41250.0,1065.690308,-797.618286,287.58316789791627,-1040.5813131204015
41259.0,1062.201416,-801.149292,282.64956906423896,-1039.678080458648
41268.0,1058.546265,-804.733093,277.74779784161683,-1038.700191090836
41277.0,1054.827026,-808.250488,272.8463345186687,-1037.6362907258217
41286.0,1051.273682,-811.49054,267.9813348658078,-1036.4893787360554
41295.0,1047.546875,-814.769409,263.10442861806985,-1035.2463162907209
41304.0,1043.651123,-818.09021,258.33314940055436,-1033.940830046409
41313.0,1039.818604,-821.244812,253.56826545173826,-1032.5493933086195
41322.0,1035.935303,-824.336792,248.79458580340585,-1031.0676337634616
41331.0,1032.004517,-827.368225,244.09484410429502,-1029.524316664735
41340.0,1028.154663,-830.249695,239.40334503198284,-1027.9025732524005
41349.0,1024.140991,-833.17041,234.7363872364184,-1026.2115025337907
41358.0,1020.091248,-836.040894,230.0936952080419,-1024.4549075404673
41367.0,1016.001526,-838.854187,225.4753703738114,-1022.6352122455112
41376.0,1011.744507,-841.697083,220.8823424902192,-1020.7525784251775
41385.0,1007.450317,-844.483582,216.31584230112426,-1018.8064820082661
41394.0,1003.252808,-847.133301,211.77616895017505,-1016.7986022539887
41403.0,999.019653,-849.725769,207.26352806993717,-1014.7306836078798
41413.0,994.125305,-852.623413,202.2827504220052,-1012.3617444280268
41422.0,989.95282,-855.013916,197.8628385504698,-1010.1791869009271
41431.0,985.611084,-857.420044,193.45944886805475,-1007.9253991978851
41440.0,981.233521,-859.760315,189.07420726667982,-1005.5994861860787
41449.0,976.824951,-862.041748,184.7839624877514,-1003.2427261893098
41458.0,972.247437,-864.333191,180.51331810835407,-1000.8155575419742
41467.0,967.636536,-866.556702,176.27859472871955,-998.3262466020021
41476.0,963.134827,-868.648254,172.03712334961446,-995.7474608836549
41486.0,957.938599,-870.961365,167.4132404111699,-992.836786791766
41495.0,953.375916,-872.916443,163.31136573750976,-990.165618113619
41504.0,948.931213,-874.751953,159.2340596254,-987.4260696241704
41513.0,944.174805,-876.644287,155.166810013842,-984.6105980290616
41522.0,939.537354,-878.414673,151.16699871784644,-981.7590965554028
41531.0,934.875061,-880.118591,147.16648287291522,-978.8203743474679
41540.0,930.188904,-881.755737,143.26351682491386,-975.8661614279847
41549.0,925.481262,-883.330078,139.3628014928808,-972.8241522886123
41559.0,920.551636,-884.890503,135.1057720598775,-969.3992409752824
41568.0,915.80127,-886.330688,131.32446276971527,-966.2637583792502
41577.0,911.179443,-887.658386,127.5874082126308,-963.0756595264445
41586.0,906.389465,-888.960754,123.87052632869032,-959.8115840422655
41595.0,901.580078,-890.189697,120.21470845365832,-956.504897789257
41604.0,896.602844,-891.386047,116.62181482577257,-953.1551714666173
41613.0,891.758057,-892.466919,113.08152401156818,-949.7498973207207
41623.0,886.184937,-893.603333,109.19655379220345,-945.8836377255317
41632.0,881.457031,-894.481689,105.76451052443164,-942.3452401617493
41641.0,876.71405,-895.274292,102.37119029314219,-938.7223141276055
41650.0,871.650024,-896.022461,99.02118384109085,-935.012720415919
41659.0,866.573547,-896.681091,95.79789701885868,-931.3059734432337
41668.0,861.640137,-897.230164,92.58971681677605,-927.4730622095145
41677.0,856.851074,-897.664795,89.46720556898131,-923.5921411301
41686.0,851.899597,-898.015808,86.4227065886387,-919.6497242475294
41695.0,846.942261,-898.271179,83.44631892890875,-915.6341613687273
41704.0,841.826355,-898.44873,80.53623478546073,-911.5491109441994
41713.0,836.707947,-898.528809,77.72150472917488,-907.4394978690394
41722.0,831.74408,-898.516052,74.9840264108198,-903.2780272907721
41731.0,826.626099,-898.412659,72.295069563405,-899.0237435831424
41740.0,821.51062,-898.221924,69.72617007925723,-894.7964329551038
41749.0,816.554138,-897.951111,67.22996899151923,-890.5257913364288
41758.0,811.603088,-897.593994,64.80535064877043,-886.1943434107433
41767.0,806.813599,-897.163635,62.488051226818975,-881.8630994269771
41777.0,801.330383,-896.56842,59.99075551256606,-876.9841168508332
41786.0,796.55896,-895.970398,57.800127047151385,-872.5105531881812
41795.0,791.644043,-895.274963,55.69802970309335,-868.0327650666097
41804.0,786.740601,-894.502563,53.6624485932682,-863.5054452428903
41813.0,781.851257,-893.645386,51.69615012763777,-858.9288422164805
41822.0,776.823853,-892.681335,49.81406431810963,-854.3355897472064
41831.0,771.96405,-891.670105,48.002247588774814,-849.6956603235459
41840.0,767.121033,-890.58136,46.24810611000557,-844.9784146796677
41849.0,762.295349,-889.418091,44.59309421280614,-840.298548136583
41858.0,757.487732,-888.182312,43.025550657629694,-835.625007132819
41867.0,752.556335,-886.809143,41.50912155796504,-830.8260633346571
41876.0,747.799683,-885.389832,40.099412163400416,-826.048580279729
41885.0,743.067383,-883.891357,38.78411946085429,-821.2621180843717
41894.0,738.356018,-882.328186,37.544277105330636,-816.4377615624406
41903.0,733.811462,-880.756226,36.39043340607869,-811.6630159382651
41912.0,729.138489,-879.081848,35.29323446457047,-806.8572555620091
41921.0,724.630432,-877.40802,34.24557361133703,-802.0051815747825
41930.0,720.143005,-875.679749,33.26198206116746,-797.1748890397828
41940.0,715.019531,-873.637634,32.23495311175109,-791.791008617652
41949.0,710.42688,-871.754089,31.362814056752644,-786.904334011167
41958.0,705.710754,-869.76355,30.55010361314017,-782.0598471660273
41967.0,701.295349,-867.858643,29.78746562475166,-777.2246738243368
41976.0,696.754883,-865.852539,29.0592318437309,-772.3144914650859
41985.0,692.372253,-863.873474,28.379060536239354,-767.432223006295
41994.0,688.005432,-861.859741,27.736674089906515,-762.5100735881558
42003.0,683.513062,-859.74823,27.137348564027146,-757.5998588658028
42012.0,679.176392,-857.670288,26.57932241504797,-752.7021262140246
42022.0,674.223633,-855.243286,26.000874250283065,-747.2171087540104
42031.0,669.781799,-853.027405,25.525791328518007,-742.3279526637086
42040.0,665.493958,-850.850586,25.084505153698277,-737.4010199244178
42049.0,660.945801,-848.501343,24.675142053969303,-732.4194488281521
42058.0,656.551147,-846.193237,24.305991798424134,-727.5038708967111
42067.0,652.303955,-843.93811,23.96610598725438,-722.5516296994024
42076.0,647.93103,-841.589111,23.657518353148625,-717.6664181771068
42085.0,643.570068,-839.218018,23.37222064617023,-712.762526225169
42094.0,639.220825,-836.825439,23.112105992300705,-707.8572340397096
42104.0,634.248352,-834.064026,22.84957119419736,-702.3825621461139
42113.0,629.917236,-831.638794,22.636121533001,-697.4577659520187
42122.0,625.597656,-829.193115,22.443343758182653,-692.5321172596356
42131.0,621.423401,-826.805725,22.273275924779146,-687.622878215762
42140.0,617.123291,-824.325989,22.124098183374283,-682.6957163234848
42149.0,612.965027,-821.910828,21.994466729557562,-677.8197267151752
42158.0,608.680908,-819.403503,21.879960283768604,-672.8916371679863
42168.0,603.92627,-816.608276,21.770293367025605,-667.446249703274
42177.0,599.786865,-814.160889,21.685365260083287,-662.5520383099871
42186.0,595.519653,-811.624939,21.612025366382053,-657.5886889871093
42195.0,591.392212,-809.157471,21.552430746531634,-652.6768665616574
42204.0,587.137024,-806.601318,21.50523708253768,-647.7649093330198
42213.0,582.886414,-804.037659,21.469164420836844,-642.9045664534659
42223.0,578.317017,-801.268372,21.43999311491174,-637.4409169284193
42232.0,574.077209,-798.686829,21.4243105035935,-632.5287580228473
42241.0,569.972778,-796.181213,21.41853769434955,-627.6510489654312
42250.0,565.6073,-793.507874,21.42089845008821,-622.7043941227709
42259.0,561.511169,-790.988708,21.431108279784887,-617.8094565639346
42268.0,557.287598,-788.380737,21.45046390798825,-612.8800748916663
42278.0,552.595337,-785.481995,21.480110439719216,-607.4508999015316
42287.0,548.373291,-782.871521,21.512194624677036,-602.5215846431702
42296.0,544.155884,-780.253601,21.549545083731395,-597.6267789382687
42305.0,539.939392,-777.634216,21.59368449373389,-592.7320297457178
42314.0,535.593262,-774.929565,21.643051134390806,-587.7683840919962
42323.0,531.51532,-772.381165,21.69654343274129,-582.8392546673151
42332.0,527.310059,-769.743774,21.7582476592107,-577.8929841233579
42342.0,522.640503,-766.808655,21.834323171041962,-572.4814986373981
42351.0,518.440491,-764.162903,21.90945875443945,-567.5526516165071
42360.0,514.505737,-761.678101,21.988939287431624,-562.6755867390423
42369.0,510.311096,-759.023865,22.074344350630568,-557.7641452975643
42378.0,506.118256,-756.36676,22.164063757822856,-552.870019392618
42388.0,501.608582,-753.501221,22.26830422977171,-547.4590031689996
42397.0,497.552582,-750.917969,22.368290393093908,-542.5478369302095
42406.0,493.498566,-748.331604,22.471359050425,-537.7229323966646
42415.0,489.576477,-745.826904,22.57963274073122,-532.8291818152071
42424.0,485.524902,-743.236755,22.690377076936052,-527.9527266820058
42434.0,480.879578,-740.263367,22.816474363329636,-522.5421756820966
42443.0,476.699524,-737.586182,22.93260040414328,-517.6658457387098
42452.0,472.649017,-734.994324,23.050066636433773,-512.7895478952227
42461.0,468.467255,-732.319824,23.169388057583802,-507.84433181257896
42470.0,464.416779,-729.727966,23.2873736999907,-502.96804650895416
42480.0,459.917633,-726.845947,23.421292501108493,-497.52320149479806
42489.0,455.736908,-724.1698,23.544192342534195,-492.612555235204
42498.0,451.554535,-721.496216,23.665107539277923,-487.7191006823626
42507.0,447.366791,-718.831055,23.78131668804931,-482.84277271883633
42516.0,443.175476,-716.171509,23.89252983618346,-477.93184788805655
42526.0,438.516632,-713.21936,24.009586860380782,-472.48661427262743
42535.0,434.322266,-710.564636,24.111946788880278,-467.6099759408292
42544.0,430.259033,-707.992798,24.21388644539477,-462.716089320573
42553.0,425.932098,-705.257507,24.315960084738972,-457.8049660244178
42562.0,421.868195,-702.686707,24.417758987617177,-452.92831594905516
42572.0,417.20932,-699.734619,24.532968496770028,-447.51752216096685
42581.0,413.147797,-697.160095,24.640336493806284,-442.6065117587075
42590.0,409.086914,-694.584534,24.750427886659818,-437.6783216044563
42599.0,404.895599,-691.924988,24.861855485630432,-432.76740163483356
42608.0,400.83667,-689.346375,24.973828692759504,-427.9082148567155
42618.0,396.180206,-686.390442,25.098755459881733,-422.54935781713834
42627.0,392.121033,-683.812195,25.212334762591365,-417.7246892639653
42636.0,388.064606,-681.229614,25.32972387626313,-412.8828710878705
42645.0,383.880096,-678.559387,25.454193005561056,-407.97226435410136
42655.0,379.378204,-675.681641,25.596066014899286,-402.5965874259232
42664.0,375.327026,-673.09082,25.726800344442815,-397.7723532441048
42673.0,371.147186,-670.413269,25.862128434036403,-392.8792760677571
42683.0,366.648193,-667.531006,26.013507231202674,-387.5211010120559
42692.0,362.729492,-665.020996,26.152742232410485,-382.6626189694637
42701.0,358.680206,-662.427246,26.293862946576976,-377.7869483573162
42710.0,354.501221,-659.748352,26.437118335536468,-372.91133999858846
42719.0,350.323944,-657.066833,26.583725728152874,-368.01858778557755
42729.0,345.828094,-654.179688,26.74812973626975,-362.6263089751683
42738.0,341.6521,-651.496155,26.900136479949,-357.69923354839483
42747.0,337.733978,-648.985229,27.050673406524318,-352.823844578487
42756.0,333.81485,-646.475891,27.199351028413908,-347.94839855387806
42766.0,329.168335,-643.504333,27.36179662486462,-342.53881686243386
42775.0,325.115784,-640.91571,27.506300247017748,-337.6804886677833
42784.0,320.933411,-638.242126,27.651886060420306,-332.7877059507128
42793.0,316.750214,-635.569824,27.797140148578155,-327.929400135552
42802.0,312.697876,-632.980835,27.94301009026786,-323.07111277230723
42812.0,308.196136,-630.102844,28.107219067229725,-317.66158432149575
42821.0,304.144501,-627.512756,28.257704087926584,-312.7861937491752
42830.0,300.094238,-624.920532,28.4097739813875,-307.92809649909316
42839.0,296.044647,-622.327271,28.565022736386496,-303.0356108558235
42849.0,291.40094,-619.351379,28.74005492308249,-297.5919323929518
42858.0,287.351562,-616.757751,28.897077393225487,-292.7339926971937
42867.0,283.300476,-614.166809,29.05443697409126,-287.8415744906416
42876.0,279.116364,-611.495911,29.209887260150325,-282.9318508460307
42885.0,275.191681,-608.995239,29.361301946576006,-278.05648905772614
42895.0,270.539307,-606.032898,29.52676228447146,-272.6297549692554
42904.0,266.350739,-603.369019,29.67290021299339,-267.75423215831773
42913.0,262.291504,-600.790833,29.815777534143336,-262.91309907550834
42922.0,258.360321,-598.300415,29.955880311965377,-258.07188490280157
42932.0,253.698059,-595.353699,30.108759122807324,-252.6275392540841
42941.0,249.499969,-592.704895,30.241255383330916,-247.76886876878677
42950.0,245.431931,-590.140686,30.372569826906844,-242.87568223418208
42959.0,241.233383,-587.492615,30.502421247054503,-238.01694034430588
42968.0,237.035278,-584.843811,30.633996338006952,-233.12376081143225
42978.0,232.22583,-581.807373,30.78128061378291,-227.696503001774
42987.0,228.157715,-579.243286,30.914703835983545,-222.82061567556315
42996.0,223.958939,-576.595581,31.049859929274692,-217.92753374532995
43005.0,219.762482,-573.944153,31.187606581640466,-213.0345240574942
43014.0,215.699554,-571.371826,31.330284264515186,-208.12441263954278
43024.0,211.040802,-568.419556,31.492337991034073,-202.71481919475085
43033.0,206.845657,-565.766052,31.641395038387063,-197.82214099746844
43042.0,202.782028,-563.194824,31.789759489256323,-192.96392917278743
43051.0,198.848907,-560.707458,31.93849138493194,-188.10572858337568
43061.0,194.18399,-557.764893,32.10545473891804,-182.679040529985
43070.0,189.98555,-555.116638,32.254808869438975,-177.7863713924703
43079.0,185.788483,-552.466187,32.40353324969763,-172.9109267939872
43088.0,181.723846,-549.896545,32.55329509842739,-168.0700017952875
43097.0,177.65593,-547.332092,32.704766880981126,-163.19464178055875
43107.0,172.989136,-544.392517,32.87177898201324,-157.7507113592894
43116.0,168.788925,-541.74707,33.0197399099965,-152.87524353169414
43125.0,164.457581,-539.018738,33.16785145245925,-147.99978027728278
43134.0,160.388535,-536.456116,33.31619151170563,-143.12432397033217
43144.0,155.721298,-533.517273,33.48133389315196,-137.69758019674214
43153.0,151.65271,-530.953918,33.63089130202251,-132.80491726874678
43162.0,147.584396,-528.390137,33.781547697144624,-127.92953198912683
43171.0,143.516464,-525.825745,33.93380371971549,-123.05419640295919
43180.0,139.318375,-523.176941,34.08909423041047,-118.16171208486672
43190.0,134.657089,-520.228638,34.26510692478128,-112.76979971739503
43199.0,130.462692,-517.573975,34.429017434515075,-107.8775966052658
43208.0,126.399704,-515.00177,34.59490581401776,-103.00270583524109
43217.0,122.336403,-512.430054,34.76039015333341,-98.16229279627306
43226.0,118.140198,-509.778259,34.92675529180638,-93.27017254159523
43236.0,113.621567,-506.92688,35.107512302865565,-87.8784171363467
43245.0,109.55127,-504.366241,35.26878059108106,-82.98612621238186
43254.0,105.480255,-501.806732,35.424561053112896,-78.12814653031225
43263.0,101.406258,-499.251953,35.57783455442433,-73.23559860726398
43273.0,96.732071,-496.324158,35.746296428419306,-67.79171285621048
43282.0,92.524117,-493.69104,35.89497405030888,-62.91626683160152
43291.0,88.577003,-491.225922,36.04296065859133,-58.00631255262331
43300.0,84.365486,-488.598511,36.18749370778432,-53.1307419017336
43309.0,80.152977,-485.972687,36.33046303524525,-48.23788203076513
43319.0,75.471962,-483.055817,36.48554094588998,-42.86256983252441
43328.0,71.390305,-480.513306,36.62465689275836,-38.004084379517586
43337.0,67.176666,-477.889282,36.76408958167114,-33.128365201858905
43346.0,63.093311,-475.349487,36.90177878112383,-28.28708178330919
43356.0,58.408062,-472.439423,37.05395508951584,-22.877201468605534
43365.0,54.321671,-469.904541,37.18805991699976,-18.03581743616028
43374.0,50.103298,-467.288147,37.321907671496284,-13.142699542208728
43383.0,45.886333,-464.669464,37.454532381912564,-8.301274737406183
43393.0,41.345318,-461.853851,37.603834295832804,-2.9085566485781067
43402.0,37.125885,-459.239166,37.73895079293047,1.9672840488169223
43411.0,33.034443,-456.712433,37.87175593067049,6.843188249015686
43420.0,28.809418,-454.106781,38.00093850903555,11.736431530004236
43430.0,24.113979,-451.213196,38.14027314784684,17.16389924974377
43439.0,19.888195,-448.608795,38.26495157170825,22.074500674061447
43448.0,15.794427,-446.085846,38.38852459754275,26.933406296836818
43457.0,11.567108,-443.483917,38.51239038173856,31.80954577819209
43466.0,7.47171,-440.963593,38.634156816338745,36.63401464443902
43476.0,3.067038,-438.255249,38.76908486496295,41.99262919387846
43485.0,-1.160643,-435.653931,38.892026069599204,46.868792074087516
43494.0,-5.256224,-433.133911,39.014913340993324,51.710473824564275
43504.0,-9.957013,-430.249023,39.15234170192001,57.12074887245487
43513.0,-14.190282,-427.656799,39.272183022698115,61.92802487414424
43522.0,-18.424599,-425.066284,39.39061101233861,66.78705862119949
43532.0,-22.980646,-422.275055,39.519739451880604,72.12857530990388
43541.0,-27.080963,-419.762756,39.63834000112107,76.95312304162972
43550.0,-31.447689,-417.091431,39.75918782186581,81.82933825205136
43559.0,-35.683388,-414.503174,39.877448785985806,86.70561688626532
43568.0,-39.918953,-411.914703,39.9941310869604,91.59917420034344
43578.0,-44.479763,-409.131287,40.11981131081684,96.9407731342675
43587.0,-48.588909,-406.633453,40.2309718783833,101.79997857055085
43596.0,-52.831657,-404.056763,40.338422765363745,106.67650738529328
43606.0,-57.398811,-401.283752,40.454227030176554,112.03556932186582
43615.0,-61.642101,-398.707947,40.55806451700888,116.84321763209795
43624.0,-65.886383,-396.133789,40.66215922377007,121.70257956920207
43634.0,-70.456741,-393.366058,40.775300394310285,127.07893795220205
43643.0,-74.573364,-390.880554,40.873882034100575,131.869457537015
43652.0,-78.824654,-388.317993,40.971724025975604,136.7634277954165
43661.0,-83.076126,-385.755737,41.06617307653651,141.58850875668847
43671.0,-87.649811,-382.9935,41.17286529924842,146.96499898327107
43680.0,-91.896629,-380.423523,41.27391104156643,151.8244252767456
43689.0,-96.008377,-377.929962,41.38105544188139,156.7009608350705
43698.0,-100.117958,-375.432831,41.4933634169221,161.57738020720245
43708.0,-104.683563,-372.657257,41.62228224306281,166.97062407182977
43717.0,-108.65979,-370.23941,41.742273458077406,171.82961946718376
43726.0,-112.768097,-367.740204,41.86489409133219,176.6885492180705
43735.0,-116.876183,-365.240631,41.98975717222539,181.5646632636186
43745.0,-121.439949,-362.462036,42.12918332689307,186.92316266318235
43754.0,-125.548325,-359.962921,42.25608839109071,191.76474076944598
43763.0,-129.658722,-357.467133,42.38145133913705,196.60635905113935
43773.0,-134.23143,-354.703278,42.51573611460612,201.9994719784004
43782.0,-138.217056,-352.300934,42.63016459265789,206.84136102894473
43791.0,-142.33902,-349.82431,42.73920284351815,211.7006145522342
43800.0,-146.463364,-347.351654,42.84340695914741,216.57721382595068
43810.0,-151.192734,-344.513855,42.95502471141562,221.9536040521437
43819.0,-155.316345,-342.039948,43.05672492505338,226.83025618661793
43828.0,-159.571747,-339.484192,43.15920435272925,231.7068920086847
43837.0,-163.561829,-337.089264,43.261836437384275,236.54904546655544
43847.0,-168.140381,-334.335114,43.381484740737264,242.02870249471394
43856.0,-172.390945,-331.771362,43.49218458218479,246.8879184488423
43865.0,-176.507019,-329.284943,43.60890280369463,251.76423425392443
43874.0,-180.619781,-326.79306,43.730810130200545,256.60594077726046
43884.0,-185.189713,-324.024628,43.87263806179149,261.9988606065268
43893.0,-189.435394,-321.452759,44.00477311629456,266.874783011727
43902.0,-193.681793,-318.88208,44.13838220107227,271.7334230226989
43911.0,-197.929276,-316.313202,44.271923997620085,276.5920648835821
43921.0,-202.651459,-313.46347,44.41840068744317,282.0021025200088
43930.0,-207.038101,-310.824982,44.546016785503795,286.8781452911171
43939.0,-211.161255,-308.350342,44.66627287929877,291.68541093495816
43948.0,-215.286148,-305.878601,44.78342740530415,296.56171627724325
43958.0,-219.872681,-303.137756,44.90849111030735,301.95505091517964
43967.0,-224.003525,-300.675964,45.017482758082345,306.8143054839862
43976.0,-228.134613,-298.2146,45.12477638553657,311.7080776510405
43985.0,-232.264542,-295.751282,45.23205438251418,316.60185016075707
43994.0,-236.391266,-293.282593,45.3418742830781,321.46108608147466
44004.0,-241.270203,-290.35907,45.46954061379918,326.85435973993793
44013.0,-245.525879,-287.803802,45.58996766997892,331.7305853600566
44022.0,-249.646057,-285.324219,45.714763269528405,336.57221829871514
44031.0,-253.631073,-282.920868,45.84671135725688,341.4481457670304
44041.0,-258.350342,-280.066315,46.00103152285607,346.8752080733686
44050.0,-262.462189,-277.572906,46.14547657506282,351.7162946333532
44059.0,-266.572144,-275.076385,46.29735853731561,356.60888595238185
44068.0,-270.681213,-272.57843,46.45106019293485,361.4496874619906
44078.0,-275.246368,-269.802124,46.62412628867251,366.8416952117606
44087.0,-279.356293,-267.305542,46.7807930612363,371.68240166606506
44096.0,-283.59906,-264.728912,46.940526758603,376.591987820092
44105.0,-287.708649,-262.231812,47.09992891142377,381.46709499099626
44115.0,-292.415283,-259.356445,47.282917102676194,386.9105118219376
44124.0,-296.643127,-256.755371,47.45822469555298,391.8023197896943
44133.0,-300.727509,-254.21727,47.64850806403141,396.65907038895637
44142.0,-304.796936,-251.655258,47.861873054142876,401.5321140328324
44151.0,-308.979675,-248.982254,48.10335442159538,406.403845318864
44161.0,-313.455139,-246.063568,48.41096551369681,411.8071163711313
44170.0,-317.457062,-243.397308,48.73211988276091,416.69151785101843
44179.0,-321.687653,-240.515228,49.10170133852659,421.5897788286963
44188.0,-325.63092,-237.762985,49.52521281503882,426.48367186871565
44197.0,-329.531006,-234.94986,50.017489666553075,431.423092760114
44206.0,-333.633972,-231.888824,50.58400971110483,436.35454997680364
44215.0,-337.68219,-228.755722,51.22894115202641,441.2589829860443
44224.0,-341.553497,-225.648773,51.96702475016214,446.2025506589636
44233.0,-345.354584,-222.456284,52.8048373936711,451.14767923841396
44242.0,-349.197693,-219.074753,53.75375091722634,456.0902475907021
44251.0,-352.842712,-215.705185,54.81265390630457,460.9927929655703
44260.0,-356.508789,-212.132492,55.99210815051559,465.86774059387693
44269.0,-359.970184,-208.574539,57.273697176017656,470.6097950671617
44279.0,-363.80069,-204.36998,58.84969379414946,475.80527913026737
44288.0,-366.800873,-200.812561,60.43749064952779,480.4537683691425
44297.0,-369.773163,-197.032394,62.19092579642036,485.04234290199355
44306.0,-372.683258,-193.011002,64.10143359404938,489.53033119624354
44316.0,-375.607269,-188.539017,66.40127663871789,494.35311013161845
44325.0,-378.061035,-184.403412,68.66514620579117,498.59565171442335
44334.0,-380.246857,-180.295044,71.10776065760766,502.7178393462467
44344.0,-382.593445,-175.303696,74.01176136234676,507.12048319894626
44353.0,-384.445953,-170.866074,76.80041926152647,510.9318152099053
44363.0,-386.244873,-165.83493,80.0643004527923,514.9644277129883
44372.0,-387.5979,-161.382324,83.20316409546822,518.469838109456
44382.0,-388.859406,-156.190308,86.82426487971412,522.1124576969664
44392.0,-389.854553,-150.94072,90.63947987615366,525.5512340607165
44402.0,-390.545837,-145.990387,94.58886460559563,528.7535644926032
44411.0,-391.003723,-141.359314,98.32158831140477,531.5036721114412
44421.0,-391.296997,-136.196915,102.59808060074593,534.3794351639963
44431.0,-391.395233,-131.199524,107.04856972475707,537.1119965534682
44440.0,-391.342377,-126.546173,111.17385258663845,539.446091150599
44450.0,-391.108734,-121.380737,115.86417323889785,541.8954766612978
44459.0,-390.771423,-116.739334,120.16471532336426,543.9689423317315
44468.0,-390.314453,-112.108177,124.55480422111714,545.9314366548765
44478.0,-389.624725,-106.809807,129.52626938109287,547.9814523987362
44487.0,-388.857056,-101.90564,134.08688462166955,549.711443035006
44496.0,-387.973267,-97.021057,138.64168692505092,551.3064674495819
44506.0,-386.893341,-91.788254,143.77622241495956,552.9618359130794
44515.0,-385.790161,-86.948502,148.5017126097905,554.365018271077
44524.0,-384.604919,-82.128189,153.20469217259364,555.6588738294691
44533.0,-383.33017,-77.330772,157.99783454780965,556.8816517637204
44542.0,-381.975006,-72.555443,162.79533887157532,558.0144053003241
44551.0,-380.546722,-67.801476,167.59433374378744,559.0628323480338
44560.0,-379.097717,-63.216213,172.40880554486108,560.0377232827307
44570.0,-377.471436,-58.307896,177.77911360342478,561.0437592928998
44579.0,-375.85437,-53.614784,182.60217659507092,561.8795710684246
44588.0,-374.237762,-49.085892,187.46878254893434,562.6639974837499
44597.0,-372.471497,-44.281242,192.34356827962816,563.3958734234166
44606.0,-370.768005,-39.784317,197.17436927091288,564.0707369331196
44615.0,-368.963989,-35.159843,202.04578762586618,564.7022702013736
44625.0,-366.907959,-30.04196,207.43684273927678,565.3451891344878
44634.0,-365.022156,-25.450233,212.2683650268715,565.8749310794266
44643.0,-363.159943,-21.016678,217.13837309621402,566.3684281412529
44652.0,-361.267303,-16.596024,221.96055804724446,566.819555343299
44661.0,-359.347839,-12.186949,226.8716511551296,567.2442232098983
44671.0,-357.112457,-7.144823,232.3009528951213,567.6766050893017
44680.0,-355.138489,-2.759887,237.16573148232436,568.0315815274164
44689.0,-353.072998,1.753864,242.04981761118515,568.3574965951838
44698.0,-350.980988,6.255382,246.93578917865156,568.653806884243
44707.0,-348.872131,10.749036,251.82332944340095,568.9230058923795
44717.0,-346.578369,15.574705,257.21133147804164,569.1934379943593
44726.0,-344.428925,20.049082,262.0667800978392,569.414464789698
44735.0,-342.262054,24.515053,266.9403970685606,569.6143062189815
44744.0,-340.077087,28.972197,271.7975871329044,569.7930205793224
44754.0,-337.789886,33.60955,277.137770218827,569.96885942143
44763.0,-335.582458,38.055618,282.0133360943453,570.1135534698317
44772.0,-333.359314,42.493839,286.88934237067866,570.2425564437644
44781.0,-331.195587,46.788322,291.76573178197793,570.3561578675863
44791.0,-328.703461,51.708626,297.17658485182113,570.4685487249658
44800.0,-326.59259,55.855991,302.05344706288724,570.5596198422397
44809.0,-324.334412,60.276489,306.93046707775574,570.6418071204415
44818.0,-322.139526,64.55513,311.7903917317025,570.7150635314063
44828.0,-319.690704,69.303993,317.184712810292,570.7857710144564
44837.0,-317.477753,73.573318,322.06212749718964,570.8396685669164
44846.0,-315.256714,77.838432,326.9396397786896,570.8838603980969
44855.0,-312.956085,82.236992,331.7482863269387,570.9182533130119
44865.0,-310.391479,87.119911,337.16022960504654,570.9471081697585
44874.0,-308.147858,91.373192,341.96896901740126,570.9641305858893
44883.0,-305.900818,95.624664,346.7949652611689,570.9734665979915
44893.0,-303.396332,100.344421,352.15527778993726,570.9757164112301
44902.0,-301.136261,104.588997,356.99851499677567,570.9696490669719
44911.0,-298.797913,108.967613,361.89344178516114,570.9551686707583
44921.0,-296.11084,113.980652,367.2881675831448,570.9300089481123
44930.0,-293.686737,118.489311,372.1830180255313,570.8990720413941
44939.0,-291.330383,122.858269,377.0433469159717,570.8611613502618
44948.0,-289.041931,127.087601,381.9036199746529,570.8166648469161
44957.0,-286.67215,131.449295,386.76382762469956,570.7655205199618
44967.0,-284.036346,136.294144,392.1582250366635,570.7008984736424
44976.0,-281.735901,140.516968,397.05274943267705,570.6364866551876
44985.0,-279.358459,144.874481,401.9127471882868,570.568252065572
44994.0,-277.051422,149.093704,406.78991505277475,570.4953645101704
45004.0,-274.400024,153.930038,412.1840119178633,570.4092340442766
45013.0,-272.083832,158.144241,417.009316042531,570.3269722037232
45022.0,-269.83783,162.220016,421.8172930843248,570.23967235167
45032.0,-267.337708,166.746124,427.1766131300488,570.1365020300161
45041.0,-265.009521,170.95372,432.0188647424304,570.0386103717502
45050.0,-262.679138,175.16008,436.8438156594303,569.9377364182806
45060.0,-260.005646,179.984238,442.23736855062606,569.8224686561496
45069.0,-257.673248,184.189484,447.0450061054334,569.7181343849074
45078.0,-255.339706,188.394104,451.8870736366682,569.611525392173
45087.0,-252.934784,192.736511,456.7463492444932,569.503475815825
45097.0,-250.345688,197.410385,462.1225742821055,569.3841664202341
45106.0,-248.015076,201.616638,466.9990683918256,569.2751518706224
45115.0,-245.609512,205.958694,471.8583046632779,569.1653474902279
45124.0,-243.277267,210.164032,476.71751424124125,569.0543681174532
45134.0,-240.606094,214.989471,482.0936376299961,568.9305630456345
45143.0,-238.279358,219.197861,486.93560297647537,568.8194098276662
45152.0,-235.874649,223.54039,491.7947648234914,568.7063598906653
45162.0,-233.286423,228.214737,497.1363446849495,568.579871656938
45171.0,-230.956116,232.421158,501.97821330188236,568.4645818018093
45180.0,-228.624481,236.626846,506.7683647170057,568.3494920439158
45190.0,-226.032928,241.299347,512.1615662718987,568.2188152082726
45199.0,-223.701111,245.504929,516.9689140305532,568.1018877694736
45208.0,-221.369995,249.710892,521.7934928021297,567.9845566874893
45218.0,-218.781616,254.385162,527.1350151256645,567.8556615487712
45227.0,-216.457336,258.59491,531.9768945287865,567.7408255788247
45236.0,-214.133286,262.804779,536.818810866172,567.6275575951344
45245.0,-211.814438,267.017517,541.6435273780205,567.5160341165408
45255.0,-209.244888,271.702179,547.0542484466548,567.3974585471714
45264.0,-206.847839,276.04895,551.9136315722392,567.2943577104245
45273.0,-204.425995,280.381958,556.7727414937995,567.179097509375
45282.0,-202.046661,284.560852,561.6483339508366,567.0353019355766
45292.0,-199.265427,289.3237,567.0736013330799,566.8272302615933
45301.0,-196.712143,293.580566,571.962600791272,566.5859788505616
45310.0,-194.021942,297.935699,576.84833629928,566.2858014175616
45319.0,-191.356705,302.123383,581.6952732455354,565.9232598574938
45329.0,-188.229019,306.874023,587.1027391984848,565.4373257487085
45338.0,-185.426483,310.9711,591.9873056902018,564.9171707276976
45347.0,-182.638901,314.889465,596.7936029279375,564.3201026269722
45356.0,-179.679169,318.874451,601.6559708809974,563.6222996842243
45365.0,-176.535538,322.91449,606.5026475071519,562.8227518498984
45374.0,-173.498093,326.642517,611.2958478494473,561.9187001628916
45384.0,-169.893173,330.816803,616.6204215199368,560.772756577455
45393.0,-166.548203,334.484406,621.3589089995777,559.6156846784579
45402.0,-163.308487,337.825165,626.0121931681048,558.3361248506728
45412.0,-159.452927,341.524231,631.1149435842375,556.7516966003999
45421.0,-155.756943,344.83783,635.6719808320299,555.1630687559335
45430.0,-152.061905,347.915314,640.1711159888476,553.4171850981064
45440.0,-147.960556,351.064178,645.0580245617441,551.299943342296
45449.0,-144.041397,353.850647,649.298411349619,549.260461323696
45459.0,-139.565002,356.767883,653.8495592572023,546.842724332513
45468.0,-135.695557,359.062256,657.8953525019788,544.4741761242116
45478.0,-131.134689,361.498413,662.226494867958,541.6813987895825
45488.0,-126.62188,363.6474,666.4239000440828,538.69138386944
45497.0,-122.339394,365.468597,670.0892996073076,535.8241055051166
45507.0,-117.64576,367.187134,673.9697003495606,532.4854259033572
45517.0,-112.867538,368.654175,677.6733455598308,528.9516880013438
45527.0,-107.690674,369.976501,681.162189936154,525.252968648117
45536.0,-102.979088,370.938385,684.195232152681,521.7008130732813
45546.0,-97.864281,371.696716,687.2869111999325,517.685952417841
45556.0,-92.543961,372.189331,690.1435103942684,513.521454119673
45566.0,-87.376686,372.378143,692.7638390353371,509.20438534035554
45576.0,-82.207153,372.267212,695.1353586399117,504.7457869285625
45586.0,-77.225021,371.864685,697.2228303513375,500.20419132915
45596.0,-72.447029,371.185638,699.0237172192511,495.5784998424752
45606.0,-67.383011,370.140656,700.5492432991097,490.8186260086139
45616.0,-62.394932,368.778534,701.7655803490024,486.0060654196989
45626.0,-57.828999,367.215668,702.6665804804555,481.15968769253396
45636.0,-53.209232,365.307434,703.2570149719893,476.2657562031845
45647.0,-48.453785,362.947968,703.5481281880418,470.8615711819575
45657.0,-44.123764,360.45105,703.4861319202381,465.94977848268104
45667.0,-39.961411,357.683655,703.1136311278259,461.1035967585394
45677.0,-35.992123,354.645844,702.4294341426506,456.3263379847803
45688.0,-31.890049,350.984802,701.3021651374573,451.1211624217155
45698.0,-28.388601,347.417816,699.9286518234952,446.44082694757157
45708.0,-25.133247,343.624878,698.2414914735792,441.8825680587607
45719.0,-21.95883,339.369965,696.0862046621652,437.125627450479
45729.0,-19.208075,335.196594,693.7933853093987,432.8594860006499
45739.0,-16.834558,330.994598,691.2083035377794,428.7028202479661
45750.0,-14.459314,326.035919,688.1320241243417,424.4400174277436
45760.0,-12.656169,321.559418,685.0764700911092,420.7715693012561
45771.0,-10.947015,316.333618,681.4942202180976,417.01892091937594
45781.0,-9.735868,311.662048,678.0001618020422,413.81618582822654
45792.0,-8.744987,306.446747,673.9009595719251,410.52505775563463
45802.0,-8.132254,301.833618,669.9545983951813,407.7471880019079
45813.0,-7.738894,296.539612,665.4394319180191,404.95531278268186
45823.0,-7.605839,291.370605,661.1379986222075,402.61903592682506
45833.0,-7.700801,286.373138,656.6952312733794,400.48338693988325
45843.0,-8.003003,281.211243,652.066106594119,398.5083873206203
45853.0,-8.467756,276.234528,647.3301350952261,396.7061222525665
45862.0,-9.014468,271.769348,642.9441902047982,395.20285727351916
45872.0,-9.790897,266.657257,638.0205118337084,393.68108503915005
45882.0,-10.696201,261.566406,633.0378986843111,392.29908979100435
45891.0,-11.631805,256.849518,628.4741228075976,391.15352584161576
45901.0,-12.771433,251.629395,623.3325104404447,389.9786576563538
45910.0,-13.867127,246.947113,618.6591294634833,389.00221905052985
45920.0,-15.113077,241.928757,613.5140162782634,388.0113218345344
45929.0,-16.325623,237.275375,608.7799791720546,387.1668354962063
45939.0,-17.739309,232.122711,603.5594035907067,386.3041722939859
45948.0,-19.055019,227.497437,598.8399616102105,385.5825148271334
45957.0,-20.416098,222.885315,594.0622149932076,384.90173279909607
45967.0,-21.974422,217.774536,588.7825475071874,384.2019476253058
45976.0,-23.412981,213.185989,583.9756276824924,383.6099127839961
45985.0,-24.935156,208.461243,579.146890252364,383.0553598337478
45995.0,-26.617062,203.389786,573.8337289881969,382.4907430871305
46004.0,-28.212137,198.689148,568.9792875703298,382.0148465704146
46013.0,-29.784264,194.144623,564.1559126931035,381.57662488209644
46022.0,-31.384687,189.609985,559.261070858754,381.16422401571765
46032.0,-33.255413,184.421494,553.8308584498591,380.7434334884988
46041.0,-34.912708,179.907333,548.9652997708106,380.39931473739466
46050.0,-36.594517,175.402252,544.0805259912238,380.0838736688038
46059.0,-38.357388,170.761932,539.2111855043327,379.79821268637033
46068.0,-40.091976,166.276901,534.3574503300546,379.54230449633445
46078.0,-42.175919,160.984634,528.8996144732063,379.2886416150692
46087.0,-43.948833,156.514618,524.0948827577687,379.09161968426554
46096.0,-45.788124,151.904068,519.2034122624159,378.9071357049571
46105.0,-47.628716,147.294037,514.380524948263,378.73368582469124
46115.0,-49.60561,142.330124,508.9891148655768,378.54290645635274
46124.0,-51.376888,137.859467,504.1490487353624,378.3675687549844
46133.0,-53.135166,133.383667,499.3265501307646,378.1836282357034
46143.0,-55.065357,128.401413,493.90190960446455,377.9598087754885
46152.0,-56.721333,124.052368,489.08091902316283,377.73986168871187
46161.0,-58.402348,119.546989,484.1923562161551,377.4899184402876
46170.0,-60.101452,114.88295,479.2883624611376,377.20637601200457
46179.0,-61.713684,110.352501,474.38659005662674,376.88672252420383
46189.0,-63.513561,105.139015,468.9548320028497,376.4863777743429
46198.0,-65.029503,100.575447,464.02540495973693,376.07388688691447
46207.0,-66.480888,95.990936,459.13546214377845,375.60697114018546
46216.0,-67.860748,91.384392,454.1839310090328,375.0647863572077
46225.0,-69.204819,86.605927,449.24136498511126,374.4461863115716
46234.0,-70.472321,81.806587,444.2925932424456,373.74384239754943
46243.0,-71.648743,76.984116,439.373605115835,372.95950782126914
46252.0,-72.770668,71.989563,434.4356254478158,372.08054053453486
46261.0,-73.798431,66.974785,429.5148866088424,371.10968731620653
46270.0,-74.727921,61.940868,424.6301911489641,370.0497915671753
46279.0,-75.588371,56.737396,419.7334714938091,368.88722741365734
46288.0,-76.300385,51.668144,414.91228855313904,367.63510123396264
46297.0,-76.883759,46.582481,410.0885605343375,366.2611017093816
46306.0,-77.334198,41.483326,405.2682186606435,364.75527660226
46315.0,-77.654549,36.374348,400.521214065144,363.13596376552124
46324.0,-77.841263,31.258741,395.86636386442564,361.4118451936731
46333.0,-77.867538,26.139797,391.22845838176704,359.5481227174092
46342.0,-77.736023,21.177649,386.64875419899454,357.54563967555794
46351.0,-77.459068,16.376862,382.13432315163556,355.4000532631264
46360.0,-77.005684,11.277966,377.6736296866537,353.106924286294
46369.0,-76.404861,6.194336,373.28593305084564,350.67703850193317
46378.0,-75.664757,1.285929,369.03406958724474,348.1489845483003
46387.0,-74.795464,-3.443615,364.8485012593106,345.48042069986985
46396.0,-73.702415,-8.444568,360.70892086456536,342.6484424428274
46405.0,-72.485626,-13.257014,356.72040292519836,339.72250253351103
46414.0,-71.080704,-18.179461,352.82886306721866,336.66876429336367
46423.0,-69.553474,-22.902571,349.010899469849,333.4695801963776
46432.0,-67.871132,-27.57268,345.3003977354385,330.14635859735336
46441.0,-66.093277,-32.040733,341.7271850046157,326.72560568522
46450.0,-64.100182,-36.586918,338.2337272627266,323.1507795719326
46459.0,-62.038357,-40.93124,334.91943881098234,319.525170227769
46468.0,-59.776791,-45.35001,331.72419995757673,315.79421864304237
46478.0,-57.077034,-50.159515,328.2940472135841,311.49721469589906
46487.0,-54.586185,-54.2729,325.387487550131,307.5800741703481
46496.0,-51.868694,-58.426868,322.57566087732846,303.5103038491016
46505.0,-49.09494,-62.355045,319.92426964003175,299.3751284520146
46514.0,-46.203747,-66.197609,317.4424484156074,295.1960379344799
46523.0,-43.180077,-69.936821,315.08614545555815,290.90554212327623
46533.0,-39.438881,-74.221031,312.63748620632913,286.0405303704972
46542.0,-36.257896,-77.61776,310.62502832633606,281.65414915276943
46551.0,-32.847546,-81.008011,308.7260291765311,277.1051953675262
46560.0,-29.321898,-84.278191,307.00030971403874,272.52453927016774
46569.0,-25.812963,-87.334953,305.4386706262917,267.90356942242124
46579.0,-21.669912,-90.708916,303.88552288189766,262.71919918754236
46588.0,-17.955614,-93.512558,302.6603340801804,258.0334873041124
46597.0,-14.01302,-96.265778,301.60039448174496,253.28999047251014
46606.0,-9.96861,-98.867126,300.71622828190993,248.49308218641264
46616.0,-5.508975,-101.483994,299.95079237722746,243.1702879707071
46625.0,-1.136678,-103.834152,299.4515068000625,238.37017955335014
46634.0,3.174149,-105.965118,299.1276905371523,233.52050150510541
46644.0,8.05924,-108.129456,298.9752281598702,228.17959990395983
46653.0,12.667161,-109.975334,299.0220999719459,223.33658570951405
46662.0,17.19282,-111.600967,299.24654043740753,218.4812936872753
46672.0,22.289055,-113.20623,299.69612634819634,213.15716491362357
46681.0,26.924171,-114.486839,300.2869173863412,208.33272711290527
46690.0,31.75123,-115.644295,301.0479384867679,203.5321978682847
46700.0,36.818787,-116.67202,302.06227546676564,198.3565226970778
46709.0,41.407368,-117.447487,303.136216787877,193.75766255403929
46719.0,46.533173,-118.127541,304.5160382723924,188.68508179228624
46728.0,51.32019,-118.584412,305.9285022966457,184.16060373851278
46738.0,56.655403,-118.874214,307.6857349893063,179.20609910358888
46747.0,61.308262,-118.959839,309.42772838676603,174.83507793935465
46757.0,66.650185,-118.848732,311.55864496304144,170.02943776778625
46766.0,71.296715,-118.591484,313.63288876436627,165.78675262402595
46776.0,76.616287,-118.090851,316.1531137656735,161.07538969676253
46785.0,81.539749,-117.458611,318.556017953421,156.94986263089095
46795.0,86.643417,-116.628578,321.34245155864267,152.53290293514254
46804.0,91.211472,-115.740143,323.988850188659,148.64228070906367
46814.0,96.241966,-114.544106,327.08910711052107,144.41824543460902
46823.0,100.725723,-113.298172,330.01590529566687,140.7339246833166
46833.0,105.645767,-111.707733,333.47950412715585,136.7108936505299
46842.0,109.874161,-110.17234,336.6862273765229,133.26745162009783
46852.0,114.658913,-108.212105,340.42535977292056,129.5478572996043
46861.0,119.038528,-106.226357,343.9112048989695,126.3361848324794
46871.0,123.656166,-103.899605,347.9388329601462,122.90444920719389
46880.0,127.872375,-101.587067,351.70285871247506,119.93950293989822
46889.0,131.879089,-99.220062,355.5394206556224,117.1269534596743
46899.0,136.38475,-96.348213,359.9530781192698,114.11562443693437
46908.0,140.244614,-93.748619,363.95075383091756,111.5691474228315
46918.0,144.571838,-90.614365,368.5564014974837,108.82670963151818
46927.0,148.385803,-87.685547,372.7308410280165,106.50982018386244
46936.0,152.242599,-84.5606,377.0297558183395,104.27905460229344
46946.0,156.172379,-81.200058,381.85291749113264,101.94023717763869
46955.0,159.87471,-77.893555,386.2936830166996,99.92239661875853
46964.0,163.405792,-74.629242,390.7602614197051,98.00565158782922
46973.0,166.991776,-71.196907,395.2460780609056,96.17960873075711
46983.0,170.7901,-67.439087,400.326290563909,94.21601192951692
46992.0,174.276566,-63.905704,404.8866075256588,92.53442239811235
47001.0,177.621506,-60.450905,409.4991991926481,90.89597311322463
47010.0,181.049744,-56.861008,414.0779567370923,89.31737791382548
47020.0,184.723053,-52.9809,419.1900685717137,87.59400562746441
47029.0,188.018829,-49.479168,423.80291011400993,86.06236368189802
47038.0,191.094406,-46.196251,428.40393395158213,84.54989447544702
47047.0,194.373871,-42.679234,433.0084001584044,83.04793761701139
47057.0,198.012131,-38.766243,438.1569499519383,81.37988555794496
47066.0,201.284775,-35.242889,442.7825908137732,79.88734384627479
47075.0,204.555939,-31.718149,447.3920710357115,78.40084610395238
47084.0,207.830032,-28.196131,452.0181028629451,76.9095166040853
47094.0,211.598755,-24.169127,457.1509198078376,75.24882709147366
47103.0,214.895996,-20.668779,461.7708655761601,73.73874919894246
47112.0,218.209808,-17.184107,466.36840033012896,72.21570696695461
47121.0,221.542542,-13.717537,470.9910642832761,70.65908981736389
47131.0,225.275055,-9.894341,476.1580043174222,68.8828444004324
47140.0,228.768097,-6.367456,480.79164127521176,67.25221274328422
47149.0,232.178345,-2.977105,485.36394581696106,65.60349647865569
47158.0,235.618378,0.383024,489.9710037189187,63.89921699867101
47167.0,239.197235,3.822796,494.5633054259028,62.15556677861014
47176.0,242.695404,7.122354,499.13996159736615,60.37125476944304
47186.0,246.750214,10.86114,504.17816511149476,58.34805795731394
47195.0,250.433395,14.188957,508.6845301397387,56.48130858839843
47204.0,253.918594,17.272764,513.1865839051718,54.55984304390445
47213.0,257.901276,20.730312,517.6838427187798,52.583934589215325
47222.0,261.563324,23.847004,522.1292116753813,50.57625587642032
47232.0,265.806427,27.370668,527.0994950165327,48.26600905596713
47241.0,269.660614,30.498837,531.5143406628843,46.15185299161921
47250.0,273.671356,33.679737,535.9667822942725,43.95731915501523
47259.0,277.474457,36.622627,540.3474714285376,41.734907454447686
47268.0,281.439117,39.609535,544.6836668763056,39.46380045911503
47277.0,285.311584,42.460556,549.0358235817739,37.112602526862204
47286.0,289.467163,45.449776,553.3609521217144,34.712047837084924
47296.0,293.846161,48.511295,558.0757072757968,32.01985471113721
47305.0,297.948822,51.30566,562.354655614864,29.503743355788565
47314.0,301.959625,53.958508,566.5862539874281,26.94191297129161
47323.0,306.003906,56.56007,570.7686329299344,24.332912263648343
47332.0,310.084259,59.104683,574.9293906669574,21.65756279873314
47341.0,314.33316,61.671185,579.0231606251075,18.94267816258382
47350.0,318.484772,64.097794,583.0767771344883,16.168197264692676
47359.0,322.80838,66.536392,587.1305091143591,13.303328633098493
47368.0,327.168396,68.909248,591.1123174538633,10.397406979183149
47378.0,332.054535,71.467697,595.5152788017996,7.075667949012313
47387.0,336.482788,73.710625,599.4584669686703,4.0040403974924175
47396.0,340.944427,75.886421,603.3293512992287,0.8965543170157093
47405.0,345.297394,77.929939,607.1533110524064,-2.268496558878312
47414.0,349.965271,80.031204,610.954375891207,-5.514345419475529
47423.0,354.518799,82.007431,614.6792111682245,-8.795475925872001
47432.0,358.959717,83.851982,618.3793367956109,-12.155937066275873
47441.0,363.718567,85.738113,622.0508692377829,-15.598213684780797
47450.0,368.361359,87.494484,625.6168702039506,-19.051306841677974
47459.0,372.886658,89.121132,629.1257418824546,-22.562436970959446
47468.0,377.730591,90.776604,632.6002472876042,-26.155686325534642
47477.0,382.597076,92.364601,636.00656186979,-29.790056406370383
47486.0,387.339539,93.830688,639.3569040174419,-33.476088474993105
47495.0,392.10434,95.222443,642.6716917347086,-37.2401831978153
47504.0,396.740601,96.498863,645.9042694173635,-41.02991490901678
47513.0,401.69516,97.786003,649.0887108594217,-44.88257132202225
47522.0,406.669769,98.993279,652.2234391528025,-48.7978880677783
47531.0,411.663116,100.120552,655.2844281963436,-52.749340308401685
47540.0,416.522644,101.133095,658.2896762297412,-56.764898918443386
47549.0,421.399475,102.058632,661.235135473551,-60.84579203579909
47558.0,426.445282,102.921173,664.1170482332705,-64.99281312061305
47567.0,431.504883,103.698753,666.9142018972419,-69.17675267232235
47576.0,436.424103,104.363091,669.6168806894805,-73.38141152656847
47585.0,441.50882,104.954613,672.2686778236473,-77.67922224735995
47593.0,445.899597,105.390259,674.5444900828138,-81.51959521361744
47602.0,450.847076,105.79361,677.051097978562,-85.92351418094938
47611.0,455.955444,106.123756,679.4704927247722,-90.35631623997884
47620.0,460.91333,106.367729,681.8057265319761,-94.81457844154552
47629.0,465.874451,106.533585,684.0685840394302,-99.31000886511845
47638.0,470.992676,106.623764,686.2601197722619,-103.8406368485164
47647.0,476.111664,106.639221,688.3728180372855,-108.3895633959434
47656.0,481.230255,106.572975,690.4206053770728,-112.98695241616271
47665.0,486.347046,106.421844,692.3933659380685,-117.6170317417473
47674.0,491.305542,106.190788,694.2741849976953,-122.24803038130128
47683.0,496.414825,105.875412,696.0833658871852,-126.92596702067817
47692.0,501.518402,105.478142,697.8105766569097,-131.616422402787
47701.0,506.460632,105.015068,699.4666640896271,-136.35072289051647
47710.0,511.549255,104.458031,701.0458241321453,-141.1112354945327
47719.0,516.627625,103.814156,702.5574455206429,-145.92976284325644
47728.0,521.540405,103.103607,703.9719766169898,-150.7237935598912
47737.0,526.442261,102.321358,705.318853163118,-155.59094145183485
47746.0,531.486023,101.446899,706.5767497337939,-160.4284330489388
47755.0,536.518433,100.509384,707.7674016694722,-165.2829131140613
47764.0,541.385986,99.536026,708.8982217727967,-170.16937119603
47773.0,546.241394,98.504044,709.968984374358,-175.08698100602143
47782.0,551.082642,97.407494,710.9651549748344,-179.96747985880597
47790.0,555.508972,96.352875,711.8064537317796,-184.3690911487782
47800.0,561.022217,94.954514,712.7703373475282,-189.79964795183923
47809.0,565.82019,93.681961,713.5726088006791,-194.6982779395377
47818.0,570.603943,92.356918,714.3227761098673,-199.6400263895128
47827.0,575.369995,90.969398,715.0026585359711,-204.5397365434156
47836.0,579.825012,89.624382,715.6208675606242,-209.44760953560075
47845.0,584.564575,88.148949,716.1937984040304,-214.39567735708002
47854.0,589.145325,86.685699,716.7190106150952,-219.29703741777618
47863.0,593.862244,85.139542,717.2093616028681,-224.2366498671197
47872.0,598.567749,83.558945,717.6577453410739,-229.1283267862549
47881.0,603.26239,81.946381,718.0721531336236,-234.040296298855
47890.0,607.947388,80.305962,718.4532936121179,-238.9549590794425
47900.0,612.976501,78.50135,718.8352444324845,-244.37076313435153
47909.0,617.63501,76.787148,719.1465027779064,-249.3076161753067
47918.0,622.418213,74.963623,719.4134364106205,-254.24706413447268
47927.0,627.026978,73.119797,719.612875901896,-259.1551976847347
47936.0,631.463562,71.264847,719.7335891327598,-264.0658981819939
47945.0,636.017517,69.289558,719.7803537616583,-268.9778595140252
47954.0,640.559021,67.285782,719.767000882224,-273.92449689776316
47963.0,644.964172,65.3573,719.7248836106996,-278.8882093568364
47973.0,650.204285,63.145489,719.7000777642648,-284.4035881730161
47981.0,654.291382,61.482822,719.7282093305749,-288.88479048505894
47990.0,659.060425,59.622623,719.827875302711,-293.8993984843827
47999.0,663.700684,57.859596,719.9946562368784,-298.9294683558916
48008.0,668.344849,56.106911,720.2022609094863,-303.94076828632825
48017.0,673.129578,54.287418,720.4261424013596,-309.07213510488424
48026.0,677.904907,52.443439,720.634410650121,-314.1179085212282
48035.0,682.659424,50.546436,720.8135041765909,-319.1992946947948
48044.0,687.392883,48.597404,720.9424003912593,-324.2649606114992
48053.0,691.819641,46.719025,721.0126901049667,-329.29730381803563
48062.0,696.372681,44.741665,721.03068709263,-334.3645773968242
48070.0,700.536804,42.907394,721.0113868532665,-338.84582644672554
48079.0,705.071655,40.888641,720.9619975262955,-343.86118160735623
48088.0,709.601807,38.859306,720.89309849209,-348.8418319504711
48098.0,714.6297,36.592075,720.8015640164842,-354.3220306970968
48107.0,719.008118,34.603733,720.7076563381023,-359.1988391126594
48116.0,723.383606,32.608948,720.6029638888019,-364.075427927106
48125.0,727.755981,30.607237,720.488110946418,-369.003509411098
48134.0,732.265686,28.532953,720.3654518135586,-373.93140277929956
48144.0,737.27533,26.225689,720.2234917316232,-379.3243191315352
48153.0,741.925476,24.085518,720.0879027878775,-384.3036002599294
48162.0,746.434692,22.010183,719.9543040486104,-389.16224055538794
48171.0,750.94342,19.933714,719.8194217498651,-394.0208453869458
48180.0,755.592346,17.790831,719.6827383370742,-398.8793998827212
48190.0,760.443054,15.550448,719.5284271500627,-404.27197695724107
48199.0,764.947876,13.465521,719.384962651645,-409.1648223342402
48208.0,769.311279,11.444399,719.240101527974,-413.98865298640817
48217.0,773.672852,9.419366,719.0904942297487,-418.8640705716494
48227.0,778.673767,7.09318,718.9202750020977,-424.2734132362208
48236.0,782.891785,5.127225,718.7643456251814,-429.0968987949631
48245.0,787.389526,3.027102,718.604079570121,-433.937487420943
48254.0,791.745605,0.990263,718.4403277806841,-438.7779593820049
48264.0,796.426575,-1.206334,718.25472217328,-444.1350580395125
48273.0,800.917236,-3.321544,718.0821559678327,-448.95797705300254
48282.0,805.266174,-5.373608,717.903477276457,-453.7979209968534
48292.0,810.252747,-7.73035,717.7008723149331,-459.15440367649825
48301.0,814.738647,-9.855714,717.5125808430419,-464.0112319074907
48310.0,819.082214,-11.919102,717.3194924274885,-468.85062239784685
48320.0,823.904663,-14.219687,717.0970309177551,-474.24081815716403
48329.0,828.242126,-16.295923,716.8893857842284,-479.0968574529559
48338.0,832.435913,-18.312994,716.6765084240825,-483.9009127948646
48347.0,836.907715,-20.467745,716.4512327867611,-488.80792837922104
48357.0,841.872925,-22.869131,716.1966555359876,-494.1794477927868
48366.0,846.339111,-25.035576,715.9579561388917,-499.06857251438254
48375.0,850.802856,-27.207012,715.715805822104,-503.90575626925994
48384.0,854.984863,-29.248447,715.4664644012419,-508.75983321545624
48394.0,859.787354,-31.590302,715.1847506253681,-514.1299978065473
48403.0,864.248962,-33.766163,714.9301029167858,-518.9492800612503
48412.0,868.710388,-35.942417,714.6709217623113,-523.8373617989766
48421.0,873.031555,-38.052361,714.4129122293359,-528.6737255709921
48431.0,877.832153,-40.39819,714.1212530833835,-534.0951418926677
48440.0,882.291687,-42.578239,713.8592971939624,-538.9312935203949
48449.0,886.472534,-44.621971,713.5970877238411,-543.7501702670818
48458.0,890.932129,-46.801968,713.3316693798866,-548.6206560823592
48468.0,895.735535,-49.141972,713.0425538863445,-553.9559055536586
48477.0,900.06073,-51.243587,712.781799985861,-558.8266433188753
48486.0,904.666565,-53.477577,712.5243824223709,-563.6975585482925
48495.0,909.133606,-55.642269,712.2694814629991,-568.5686061229973
48505.0,914.098511,-58.044357,711.9912116048079,-573.9389502714619
48514.0,918.428345,-60.136414,711.7425062186679,-578.7930598473426
48523.0,922.758789,-62.227215,711.4977467814774,-583.6128544201317
48533.0,927.416321,-64.473007,711.2300170823236,-588.9319623209537
48542.0,931.888,-66.628082,710.9886912614807,-593.7691872798082
48551.0,936.220276,-68.715134,710.7496259952751,-598.589267642673
48561.0,941.036194,-71.02932,710.4824567139391,-604.0119459998558
48570.0,945.510498,-73.178917,710.2468625173609,-608.8321972672194
48579.0,949.844238,-75.262924,710.0085624719658,-613.704085203382
48588.0,954.177063,-77.348801,709.7691548575458,-618.5586622331457
48598.0,958.991028,-79.666977,709.5005190011402,-623.964011197354
48607.0,963.463135,-81.821167,709.2573621865105,-628.8184018807716
48616.0,967.794189,-83.910744,709.0119921234273,-633.6726811965809
48625.0,972.262756,-86.072212,708.7594233909617,-638.5956261837425
48635.0,977.225586,-88.478577,708.4786764610687,-643.9658414073887
48644.0,981.551208,-90.579399,708.2187559434038,-648.8538838857255
48653.0,985.874084,-92.685844,707.957201915514,-653.6900572640138
48662.0,990.055542,-94.728378,707.6905735169671,-658.5259535357983
48672.0,995.008423,-97.155151,707.3865139181638,-663.9294256055504
48681.0,999.324951,-99.274506,707.110419776525,-668.7475267803841
48690.0,1003.641235,-101.394447,706.827616965613,-673.61703410087
48699.0,1008.095825,-103.584625,706.5445104268764,-678.4519936810625
48709.0,1013.200806,-106.092667,706.2255785762366,-683.8718739809432
48718.0,1017.655457,-108.282692,705.9399380503895,-688.7066845195645
48727.0,1021.971497,-110.403114,705.6526917834296,-693.5586659422278
48736.0,1026.28833,-112.52179,705.3667319093702,-698.3934576031785
48746.0,1031.085205,-114.875084,705.0499511185328,-703.7616677627644
48755.0,1035.264526,-116.921959,704.761707188191,-708.6653874218099
48764.0,1039.722534,-119.10527,704.4745423143328,-713.5519050244299
48773.0,1043.905884,-121.143784,704.1899758316152,-718.4213095969664
48782.0,1048.370972,-123.312492,703.910322714836,-723.3082628482063
48792.0,1053.024048,-125.567535,703.6078287893228,-728.7118227926542
48801.0,1057.49292,-127.728325,703.3395672521134,-733.5821528350451
48810.0,1061.684082,-129.750931,703.0760690765193,-738.4354818837714
48819.0,1065.875488,-131.772995,702.8145835793828,-743.3061804280168
48829.0,1070.844238,-134.167007,702.5266884997194,-748.7105378432291
48838.0,1075.17749,-136.251877,702.269239778784,-753.5814514259376
48847.0,1079.650757,-138.403549,702.0144639208355,-758.4352461688123
48856.0,1083.984253,-140.487976,701.7597393694535,-763.3063029717093
48866.0,1088.798828,-142.805023,701.4780179511763,-768.6937265200854
48875.0,1093.131226,-144.891846,701.2242331757944,-773.5303138233556
48884.0,1097.602783,-147.047089,700.9682319278503,-778.3840440903568
48893.0,1102.071655,-149.208069,700.7104748247417,-783.2204213223526
48903.0,1106.875244,-151.547699,700.4135198971094,-788.6415501495715
48912.0,1111.190186,-153.670395,700.1353271296285,-793.4767949457004
48921.0,1115.633667,-155.882935,699.8361236843872,-798.3453220610112
48930.0,1119.925171,-158.052505,699.5173521496791,-803.143514346363
48940.0,1124.828247,-160.578278,699.1254334791353,-808.5240439859758
48949.0,1129.083618,-162.817825,698.7350628242781,-813.3688189957754
48958.0,1133.453125,-165.173233,698.301008648462,-818.2271804424587
48967.0,1137.66394,-167.49559,697.81952748038,-823.0810711353882
48977.0,1142.458618,-170.22168,697.2133267803969,-828.5630907930802
48986.0,1146.743774,-172.727142,696.6161460544163,-833.4214745908065
48995.0,1150.995728,-175.288696,695.9490085492056,-838.3403304323714
49004.0,1155.210449,-177.910919,695.2151575150726,-843.2496764072057
49013.0,1159.386841,-180.593887,694.408011126525,-848.1649729012845
49022.0,1163.391968,-183.255264,693.524799621615,-853.0846849022253
49031.0,1167.480347,-186.070419,692.5540674874591,-858.0405787828731
49040.0,1171.646973,-189.044159,691.5074041294249,-862.9457518183398
49049.0,1175.759155,-192.092865,690.3671139938633,-867.8654005293051
49057.0,1179.370117,-194.861496,689.2688474611344,-872.2633409311484
49066.0,1183.255249,-197.951187,687.9709215329508,-877.1080922124701
49075.0,1187.080933,-201.11412,686.5741147394941,-881.9611464893434
49084.0,1190.961182,-204.452942,685.078275012507,-886.8026389167898
49093.0,1194.66333,-207.759674,683.4820564472448,-891.6301275214383
49102.0,1198.295288,-211.143387,681.8124144039418,-896.3596647229153
49111.0,1201.852295,-214.605713,680.0185510907404,-901.1172496511838
49120.0,1205.331299,-218.146408,678.1388118861101,-905.7858682171841
49129.0,1208.834839,-221.878647,676.1462670521336,-910.4262313621458
49138.0,1212.249268,-225.692551,674.0260409352337,-915.066572924211
49146.0,1215.30835,-229.245026,672.0531271698709,-919.1477100732851
49155.0,1218.559204,-233.199295,669.7574433528387,-923.6458253280048
49164.0,1221.71936,-237.22644,667.3589896112558,-928.0899928183243
49173.0,1224.703125,-241.193451,664.8353724460151,-932.5238945992297
49182.0,1227.688843,-245.351593,662.223245083531,-936.8861589857953
49191.0,1230.579224,-249.576492,659.522252755218,-941.173608793806
49200.0,1233.367188,-253.869705,656.7215404295454,-945.3965930327867
49208.0,1235.690674,-257.620758,654.1311245616506,-949.1165143742181
49217.0,1238.278931,-262.037231,651.1205295283423,-953.2353062049414
49226.0,1240.754639,-266.517761,648.0195877965094,-957.2647875998499
49235.0,1243.040283,-270.924103,644.7849717730807,-961.2545629732164
49244.0,1245.35376,-275.663727,641.4600906396482,-965.1467932917134
49253.0,1247.536499,-280.464966,638.0562707706794,-968.9239046530251
49261.0,1249.320312,-284.65094,634.9363498149155,-972.2123940303629
49270.0,1251.145752,-289.266968,631.333066865385,-975.8241083857677
49279.0,1252.807617,-293.77948,627.6753422476313,-979.3060985714523
49288.0,1254.465332,-298.62265,623.9431165993437,-982.6824739212159
49297.0,1255.994629,-303.507904,620.1258369227465,-985.9623816429211
49306.0,1257.356201,-308.281403,616.1853539231697,-989.1756593567432
49315.0,1258.598877,-313.087219,612.1776838402321,-992.2766537005272
49324.0,1259.7323,-317.919983,608.1363090282333,-995.2470941260974
49333.0,1260.737427,-322.781036,604.0224919109819,-998.1163684975595
49342.0,1261.645264,-327.818909,599.8075076750589,-1000.8979351286948
49350.0,1262.35022,-332.314209,595.979020801454,-1003.2926784141407
49359.0,1263.041016,-337.542908,591.6190071890471,-1005.8748996892216
49368.0,1263.551392,-342.324524,587.2683762901064,-1008.300520372352
49377.0,1263.944824,-347.272797,582.8398573379061,-1010.6182452534821
49386.0,1264.214233,-352.22937,578.3984792255445,-1012.7962168255231
49395.0,1264.371338,-357.190765,573.8421114496869,-1014.8928186914113
49404.0,1264.423218,-362.154388,569.2546981088681,-1016.877577511784
49413.0,1264.35022,-367.272888,564.6064970551621,-1018.761842264213
49422.0,1264.162476,-372.233215,559.9467051215345,-1020.5219456852037
49431.0,1263.873291,-377.033295,555.2307202626433,-1022.1781810384417
49440.0,1263.471558,-381.980896,550.4465054116737,-1023.7404572790559
49449.0,1262.966309,-387.074921,545.6639800178565,-1025.1934127470806
49458.0,1262.396484,-392.005981,540.8380277093695,-1026.5595792849265
49467.0,1261.736938,-396.925842,536.0050056251627,-1027.8345405659759
49476.0,1260.973267,-401.987579,531.1673144487509,-1029.0212878006269
49485.0,1260.157227,-406.883942,526.2939734969827,-1030.13222285831
49494.0,1259.247559,-411.921478,521.455107827245,-1031.1592470721512
49504.0,1258.180298,-417.332672,516.0923628569345,-1032.204849042808
49513.0,1257.138306,-422.344513,511.20623083410385,-1033.0800227949421
49522.0,1256.050049,-427.346527,506.34508591142475,-1033.8976097028303
49531.0,1254.986938,-432.036316,501.5106459666459,-1034.6648830347135
49540.0,1253.847412,-436.867615,496.6355208359121,-1035.3944947608572
49549.0,1252.671143,-441.690125,491.78849336996916,-1036.0777536356063
49558.0,1251.461182,-446.504303,486.9190099812624,-1036.7240373078125
49567.0,1250.213135,-451.308716,482.02757369715346,-1037.3347986275944
49577.0,1248.781372,-456.635071,476.61774867478846,-1037.9657223162499
49586.0,1247.459473,-461.419708,471.69999070594764,-1038.499628923706
49595.0,1246.1073,-466.195892,466.8301258322177,-1038.9945370537055
49604.0,1244.772705,-470.815765,461.95728027723015,-1039.4591811570049
49613.0,1243.411377,-475.427826,457.11613505398964,-1039.8922482086812
49623.0,1241.817871,-480.708069,451.70566407172583,-1040.3434950817657
49632.0,1240.405396,-485.304718,446.8597502460204,-1040.7194649443727
49641.0,1238.971313,-489.894684,442.0119960550339,-1041.070909744483
49650.0,1237.51709,-494.478302,437.19703690622987,-1041.3972459228783
49660.0,1235.826538,-499.728241,431.7785822863184,-1041.7395462622699
49669.0,1234.333984,-504.29953,426.96091755255685,-1042.0231541236142
49678.0,1232.871582,-508.717438,422.1249394284006,-1042.288293779366
49687.0,1231.293701,-513.423889,417.27072353093973,-1042.5349152800316
49697.0,1229.628784,-518.319214,411.86457128003184,-1042.7868686254299
49706.0,1228.013428,-523.012939,406.9567843447111,-1042.99466288758
49715.0,1226.432861,-527.554504,402.09988724034173,-1043.181169352135
49724.0,1224.77771,-532.234314,397.17336940733577,-1043.3502857390197
49733.0,1223.046021,-537.051514,392.297766241138,-1043.493717743427
49743.0,1221.199585,-542.06543,386.86995896228535,-1043.6191296010074
49752.0,1219.39624,-546.856323,381.94115340607067,-1043.6969376997517
49761.0,1217.614258,-551.489319,377.04637365399,-1043.7375471093621
49770.0,1215.854736,-555.9646,372.1341909803659,-1043.741073982566
49779.0,1213.940308,-560.712158,367.18766489835417,-1043.7053049238546
49789.0,1211.8302,-565.807983,361.7763435469267,-1043.6183343552732
49798.0,1209.957886,-570.237305,356.83121571939023,-1043.495409683593
49807.0,1208.047363,-574.650269,351.95617467575886,-1043.3339977971928
49816.0,1206.035767,-579.188293,347.04823720121334,-1043.1297900505142
49825.0,1203.986328,-583.709351,342.12501673864995,-1042.8826492237854
49834.0,1201.967041,-588.073608,337.22123516833113,-1042.5954604905642
49843.0,1199.909912,-592.420166,332.2856173641903,-1042.2651930276936
49853.0,1197.501465,-597.381958,326.83763962164585,-1041.8506383095055
49862.0,1195.362549,-601.688843,321.97765287016335,-1041.4351774213628
49871.0,1193.041626,-606.251465,317.00155562852444,-1040.9639184943137
49880.0,1190.746216,-610.652771,312.09882677215745,-1040.4516411551845
49889.0,1188.479492,-614.893799,307.20153074110294,-1039.8897960738173
49898.0,1186.09436,-619.247131,302.2933855845804,-1039.2737515721074
49907.0,1183.72876,-623.433838,297.4098669147768,-1038.6026154362019
49916.0,1181.229614,-627.722717,292.51829652844157,-1037.866450467522
49925.0,1178.66687,-631.973877,287.62042248044105,-1037.0595768399455
49935.0,1175.735229,-636.64563,282.24440681083246,-1036.0845011414715
49944.0,1172.949219,-640.940063,277.3926581919336,-1035.1201697437682
49953.0,1170.261475,-644.927612,272.5237244048204,-1034.0689282425153
49962.0,1167.415527,-648.994629,267.67369498391935,-1032.9336575551113
49971.0,1164.592041,-652.887207,262.8775517073371,-1031.722703643487
49980.0,1161.610107,-656.855652,258.01943298891314,-1030.4081309715036
49989.0,1158.568237,-660.77832,253.2499917895617,-1029.0323962998286
49998.0,1155.471313,-664.657654,248.50330221124298,-1027.5801038747172
50007.0,1152.21228,-668.605225,243.74739002675287,-1026.0422716250916
50016.0,1148.991089,-672.382019,239.06572143117603,-1024.444968001239
50025.0,1145.813477,-675.991333,234.3615587865713,-1022.7554466051888
50034.0,1142.375977,-679.784485,229.65171514660398,-1020.9815267424876
50043.0,1138.988525,-683.412964,225.03316161568836,-1019.1624119789319
50052.0,1135.549438,-686.992432,220.4420694619063,-1017.2750624944865
50061.0,1131.952148,-690.634338,215.84677251491155,-1015.3086254363667
50070.0,1128.41626,-694.118225,211.31077283382325,-1013.2924602313087
50079.0,1124.723389,-697.663208,206.78688994339336,-1011.2077279916856
50088.0,1120.987305,-701.162598,202.36900174711994,-1009.0999372452508
50097.0,1117.202881,-704.609741,197.91791686981648,-1006.9026528631191
50106.0,1113.48584,-707.899719,193.512689576836,-1004.6524590486305
50116.0,1109.300293,-711.491638,188.65376335503373,-1002.0793234634023
50125.0,1105.487183,-714.6698,184.36311946029738,-999.7232901626923
50134.0,1101.630737,-717.795166,180.07726722172603,-997.2879977982374
50143.0,1097.606445,-720.958923,175.79764358903873,-994.773035213334
50152.0,1093.784424,-723.877197,171.58486320940597,-992.2134141897799
50161.0,1089.921875,-726.741699,167.4100195792868,-989.5923726076427
50170.0,1085.893555,-729.642273,163.25897897956293,-986.9019708448892
50179.0,1081.952393,-732.397583,159.16140775544707,-984.1616992571562
50188.0,1077.84668,-735.1875,155.08976627268277,-981.3525827872647
50198.0,1073.088989,-738.304443,150.59880126730133,-978.1508251236648
50207.0,1068.897461,-740.963684,146.64423377217548,-975.2369021692301
50216.0,1064.669312,-743.564331,142.7052831726189,-972.2445673150008
50225.0,1060.40564,-746.106323,138.85009895753743,-969.2282661673567
50234.0,1056.242432,-748.512939,134.9970795125988,-966.126066808427
50243.0,1051.911743,-750.938965,131.2007366515674,-962.9817132671249
50252.0,1047.54834,-753.305664,127.44808289173125,-959.7853453174002
50261.0,1043.289062,-755.537903,123.75290017895648,-956.5488076956356
50271.0,1038.362793,-758.01825,119.65911441598226,-952.852737222437
50280.0,1033.895752,-760.182861,116.07727039455153,-949.5164351750147
50289.0,1029.397949,-762.282898,112.52131203405226,-946.1025900628817
50298.0,1024.729004,-764.381836,109.03044546094863,-942.646667374702
50307.0,1020.023315,-766.396973,105.53520591193353,-939.0735833805022
50316.0,1015.425537,-768.267944,102.13759096607247,-935.4783626104737
50325.0,1010.79425,-770.054443,98.78230822979332,-931.7968272409743
50334.0,1006.133362,-771.762085,95.50556457314963,-928.0681322615477
50343.0,1001.440125,-773.378784,92.29829971019745,-924.2795088519447
50352.0,996.71637,-774.903931,89.1425348348018,-920.4033281562308
50361.0,991.815247,-776.38147,86.05194714941953,-916.4530757020392
50370.0,986.885681,-777.761108,83.03963286146956,-912.4428151963448
50379.0,982.082397,-779.013489,80.12602736086394,-908.4027003583575
50388.0,977.259094,-780.186584,77.29832016379437,-904.3229592821909
50397.0,972.261902,-781.29657,74.55773405250498,-900.2048787254035
50406.0,967.396606,-782.281128,71.86930519982438,-895.9910943172165
50415.0,962.361511,-783.204163,69.24272917115731,-891.6980164984648
50424.0,957.465393,-784.021423,66.74626389462725,-887.4475060074392
50433.0,952.555603,-784.752197,64.30738726729743,-883.1240703322402
50443.0,947.085999,-785.46167,61.68474154438956,-878.2720863846066
50452.0,942.307556,-786.000977,59.4193925882305,-873.894030604004
50461.0,937.366272,-786.474426,57.21460068576656,-869.4466597056249
50470.0,932.263062,-786.87616,55.07935108901223,-864.946400371226
50479.0,927.308533,-787.180603,53.04371098763572,-860.4569296130067
50488.0,922.349548,-787.401611,51.06494883397022,-855.8857016317669
50497.0,917.232727,-787.550903,49.14918624256336,-851.2503936175907
50506.0,912.269226,-787.612793,47.32915640143763,-846.632200614009
50515.0,907.305359,-787.590149,45.58763516753416,-841.9838332626889
50524.0,902.187622,-787.475342,43.90488152662074,-837.2406530029666
50533.0,897.072449,-787.276672,42.300511959628196,-832.4522082319545
50542.0,891.961609,-786.987122,40.791202023096474,-827.6690910257378
50551.0,887.011597,-786.61615,39.368980097753,-822.8593601093567
50560.0,882.068726,-786.159668,38.04897160179133,-818.0741962865071
50569.0,877.134033,-785.621826,36.805555980265524,-813.2329623191439
50578.0,872.20752,-785.013977,35.644798947824135,-808.3889693351599
50587.0,867.441223,-784.376038,34.55493423601453,-803.546200483469
50596.0,862.52887,-783.66272,33.53236445180375,-798.7416295250721
50605.0,857.625061,-782.8927,32.55425062578245,-793.8750590093699
50614.0,852.730957,-782.063232,31.637617609170775,-789.0140731403882
50623.0,847.845276,-781.185547,30.778079441206447,-784.1426674045256
50632.0,842.81604,-780.230957,29.965388524431475,-779.2282845957652
50641.0,837.948792,-779.256165,29.208147475336332,-774.3399325524705
50651.0,832.552124,-778.117737,28.41889326984257,-768.8638464681271
50660.0,827.703796,-777.052979,27.757648061097232,-763.9268048751085
50669.0,822.864502,-775.947693,27.148451093349106,-759.0525428681608
50678.0,818.03479,-774.801453,26.57840579272543,-754.1561945690223
50687.0,813.213501,-773.620178,26.046961445027527,-749.23816990348
50696.0,808.401306,-772.402283,25.55495195582701,-744.3160436994783
50705.0,803.747864,-771.189819,25.102877172268617,-739.4073975825424
50714.0,798.954041,-769.90155,24.687899063417422,-734.4954762191234
50723.0,794.167908,-768.584961,24.307543239281348,-729.5634655588927
50732.0,789.390381,-767.237488,23.96230142024431,-724.6461506007447
50742.0,783.927002,-765.655579,23.61868278808309,-719.2105091750153
50751.0,779.167236,-764.246826,23.34074736573844,-714.2716680552155
50760.0,774.416077,-762.809265,23.0958713045128,-709.3655915400672
50769.0,769.821167,-761.391052,22.879016726141412,-704.4236917234559
50778.0,765.232727,-759.952209,22.690024121285266,-699.515144804744
50787.0,760.500305,-758.454163,22.522544990464947,-694.6058167653248
50796.0,755.773499,-756.938416,22.372060342304643,-689.6786946152348
50806.0,750.528687,-755.231995,22.227174308132554,-684.268614145841
50815.0,745.961853,-753.725952,22.115778079654643,-679.3576934645258
50824.0,741.252991,-752.155396,22.023404087486103,-674.4463781515512
50833.0,736.549438,-750.569031,21.948788674231956,-669.5519986724347
50842.0,732.144897,-749.066833,21.890854037879638,-664.6746302680518
50852.0,727.093811,-747.324707,21.845395557110397,-659.2455646470748
50861.0,722.552368,-745.743652,21.820867087211685,-654.3506778966288
50870.0,718.014954,-744.151123,21.810362701284372,-649.5074482807374
50879.0,713.334534,-742.497681,21.812168441827176,-644.6642076101047
50889.0,708.137878,-740.64978,21.826974989080075,-639.217736069774
50898.0,703.611023,-739.027466,21.851061514416568,-634.3573190112235
50907.0,698.940796,-737.345459,21.886653419507002,-629.4280278322069
50916.0,694.272461,-735.658142,21.93119338418315,-624.5505187173299
50925.0,689.752441,-734.016907,21.983472109446772,-619.655849690687
50935.0,684.571655,-732.125,22.05073824285134,-614.2097734204893
50944.0,680.056702,-730.469971,22.11864664561136,-609.3497710961498
50953.0,675.544128,-728.808289,22.19452255594221,-604.4209354164511
50962.0,671.033447,-727.141541,22.275201188359112,-599.5956045610328
50971.0,666.52478,-725.46936,22.363038475287595,-594.7014445149659
50981.0,661.19519,-723.482727,22.467832318157377,-589.290438980063
50990.0,656.691467,-721.797302,22.569636412965075,-584.413789013087
50999.0,652.18927,-720.107788,22.67766392949633,-579.5372729380804
51008.0,647.833374,-718.469849,22.789797144958243,-574.6953301878652
51018.0,642.995972,-716.643311,22.92092157528034,-569.2676579083185
51027.0,638.354004,-714.884827,23.04425234810591,-564.3915048657449
51036.0,633.859314,-713.175476,23.17384669757263,-559.4982724729277
51045.0,629.221497,-711.406006,23.308366693705324,-554.6396575968141
51054.0,624.730286,-709.687439,23.44919900251853,-549.7467357492549
51064.0,619.581055,-707.711182,23.61157162745725,-544.302664974169
51073.0,615.093323,-705.983643,23.7615248989645,-539.4445019303682
51082.0,610.607117,-704.252075,23.917864267810927,-534.534806516231
51091.0,606.122009,-702.517761,24.076791085209496,-529.6769287480628
51100.0,601.637756,-700.78125,24.240808072300478,-524.7674838216141
51110.0,596.495239,-698.787537,24.42369595754343,-519.3758002748446
51119.0,592.012512,-697.047058,24.59134996635581,-514.5009699077968
51128.0,587.386108,-695.248047,24.761475793676922,-509.62622517837724
51137.0,583.046753,-693.566833,24.930784650537735,-504.80319071686137
51147.0,578.065063,-691.635193,25.119407920181395,-499.39445852619383
51156.0,573.436951,-689.840454,25.28864084908891,-494.55417509749424
51165.0,568.809998,-688.042786,25.462525863747487,-489.66231635595176
51174.0,564.183777,-686.243164,25.638187436340797,-484.80501492865017
51184.0,559.041321,-684.249329,25.83561946713593,-479.36210283430864
51193.0,554.556396,-682.514526,26.011505495788565,-474.47031563018606
51202.0,550.068542,-680.787292,26.18281529617124,-469.59561236471245
51211.0,545.433899,-679.009521,26.35039533463294,-464.65179636527154
51220.0,540.798157,-677.234619,26.510615895369934,-459.793961094735
51230.0,535.807983,-675.324951,26.687880709917977,-454.35035487651925
51239.0,531.461426,-673.662476,26.844272560284118,-449.52688429040387
51248.0,526.825012,-671.889343,27.003216508050002,-444.61727250540946
51257.0,522.189514,-670.11377,27.16151200783738,-439.75937412457654
51266.0,517.554688,-668.336609,27.3230878155186,-434.8670933472805
51276.0,512.404724,-666.362244,27.503803313707408,-429.440845850247
51285.0,507.915558,-664.638367,27.66468476291372,-424.6347682751463
51294.0,503.427612,-662.911377,27.828701595379904,-419.81155094802443
51304.0,498.44043,-660.994019,28.01390202429383,-414.4544382677777
51313.0,493.952271,-659.267578,28.183464927323143,-409.6141663873678
