cntlog,x_original_mm,y_original_mm,x_recovered_mm,y_recovered_mm
10.0,-0.003598,5.343076,-0.0014131251144301135,5.3258413471948325
19.0,-0.007117,9.996722,-0.005127864287084535,10.151845191648885
29.0,-0.019556,15.339785,-0.01219546502248975,15.494917785074042
38.0,-0.035176,20.148529,-0.02169565277447487,20.372621006936846
47.0,-0.049729,24.957277,-0.03256590516137152,25.198614038799352
57.0,-0.062549,30.300339,-0.04290195029875194,30.50720977801302
66.0,-0.074163,35.264217,-0.050035837789257215,35.36768128306336
75.0,-0.082242,40.072979,-0.05560527156982913,40.193683343504254
84.0,-0.093899,44.726612,-0.06033211452098028,45.054157785440225
94.0,-0.107218,49.897316,-0.06642149502829824,50.37999583891666
103.0,-0.120741,54.550945,-0.07364166518604934,55.22323146435461
112.0,-0.135105,59.514816,-0.0818273123080001,60.04922979642578
122.0,-0.148422,65.030235,-0.09125309306406593,65.35782722991833
131.0,-0.162189,69.99411,-0.09915943873492204,70.20106178381583
140.0,-0.176289,74.802856,-0.10777376859530202,75.04429513021671
150.0,-0.195723,80.145897,-0.11984053396207435,80.42183032583368
159.0,-0.215369,85.109749,-0.13262178361869686,85.24781867493168
168.0,-0.237087,89.918472,-0.1473445230154002,90.09103730465647
178.0,-0.265944,95.43383,-0.16675777934518735,95.50302268653888
187.0,-0.292828,100.242523,-0.18674181938423623,100.36345834416267
196.0,-0.32107,105.051208,-0.20772664805868998,105.22388978393451
205.0,-0.350558,109.704765,-0.22964968569393235,110.06708117337901
215.0,-0.390489,115.392418,-0.25739887064857864,115.51350215015259
224.0,-0.425791,120.201057,-0.2846480217916008,120.35666650190966
233.0,-0.463137,125.009682,-0.31297439727018495,125.21706069993611
242.0,-0.503138,129.973404,-0.34209346519807626,130.07745021350803
252.0,-0.547081,135.316299,-0.3750130866322696,135.4548981849393
261.0,-0.585672,140.280045,-0.4036080118558619,140.2808187433638
270.0,-0.616125,145.243835,-0.4278801922647254,145.15847082560543
279.0,-0.641321,150.207657,-0.4453414934486354,150.00168035620902
289.0,-0.671193,155.550644,-0.46005212738328893,155.3619731714395
298.0,-0.698933,160.359329,-0.47217449711611414,160.25690636747635
307.0,-0.724673,165.323151,-0.48232714480602373,165.1173725043301
316.0,-0.746026,170.131866,-0.4891823616912447,169.97784441040656
326.0,-0.766767,175.647263,-0.49249164174634025,175.372627862571
335.0,-0.784785,180.766251,-0.4926348794340842,180.23310460083854
344.0,-0.80426,185.574982,-0.4924851611747936,185.0591098726505
354.0,-0.837015,191.090317,-0.49572431687288354,190.43665763113634
363.0,-0.87407,195.898941,-0.5052866712109254,195.34883226354276
372.0,-0.917784,200.86264,-0.5215426127101774,200.20928181971792
381.0,-0.967104,205.826279,-0.5428981127268299,205.08694754388938
391.0,-1.019962,211.341461,-0.5700165831247728,210.44719194655661
400.0,-1.060589,216.150055,-0.5922720335018837,215.29038181990424
409.0,-1.100791,220.958664,-0.6104993871602761,220.1335885280623
418.0,-1.147521,225.767212,-0.6289739062324022,224.97679429970916
428.0,-1.200984,231.282394,-0.6518690877244073,230.42323784427742
437.0,-1.243969,236.090973,-0.6716274460571879,235.2664385485271
446.0,-1.283967,240.899582,-0.6877017276050152,240.14412453592018
455.0,-1.319192,245.708221,-0.6990838760236989,244.98735216850838
465.0,-1.354473,251.051178,-0.7062049830690013,250.39936768382842
474.0,-1.384154,255.859863,-0.7075068373153074,255.24260851611663
483.0,-1.411712,260.513428,-0.7047554607692567,260.1030844777571
492.0,-1.440857,265.477234,-0.6996290101326603,265.01526574246844
502.0,-1.477829,270.992554,-0.6940698205222913,270.4445188297524
511.0,-1.518315,275.956268,-0.6919559469209312,275.32223084520353
520.0,-1.564124,280.919952,-0.6949918476716349,280.1827066374551
529.0,-1.611661,285.573364,-0.7035445588660666,285.0604116126734
538.0,-1.666461,290.536957,-0.7165080989151069,289.90363527063073
548.0,-1.729836,295.879669,-0.7357592062112869,295.2983853892136
557.0,-1.789605,300.68808,-0.7567538653142292,300.1932885720969
566.0,-1.852232,305.651581,-0.7790643073185421,305.08818593462547
575.0,-1.910027,310.615143,-0.8001538958609727,310.000324601961
585.0,-1.967363,315.957916,-0.8193063170606285,315.36060338692397
594.0,-2.017716,320.766418,-0.8317512379292857,320.25553577353116
603.0,-2.062566,325.574982,-0.8388559434762116,325.11600732132536
612.0,-2.100287,330.228485,-0.8401993746952833,329.9764838760419
621.0,-2.136779,335.19223,-0.8351170104456244,334.9059009288799
631.0,-2.168697,340.535217,-0.8225977095181407,340.31790664906663
640.0,-2.192669,345.499054,-0.8042567229922053,345.2472922009838
649.0,-2.213224,350.30777,-0.7809468739048848,350.0560052460203
658.0,-2.23404,355.116486,-0.7545262038428839,354.98535411371364
668.0,-2.255966,360.459503,-0.7245332887266028,360.36281920536874
677.0,-2.276604,365.42334,-0.6959913605465451,365.2232121423742
686.0,-2.298116,370.542297,-0.665708751191022,370.1353027381846
695.0,-2.311973,375.506165,-0.6334623541020226,374.9956725094707
704.0,-2.319937,380.314941,-0.5949596634564188,379.90770555096077
714.0,-2.311038,385.830383,-0.5409029786946916,385.33669236851745
723.0,-2.281525,390.794189,-0.47553958803256263,390.26567866778805
732.0,-2.225834,395.757782,-0.3879075923979219,395.1770808801118
741.0,-2.13438,400.720825,-0.2721086753721395,400.07065917787384
750.0,-1.997204,405.838013,-0.11908624262717102,405.0149471792613
759.0,-1.812246,410.798462,0.07733062398917454,409.9404521001547
768.0,-1.571123,415.7565,0.3268036236258831,414.89807032500653
777.0,-1.264957,420.710938,0.6355399302381834,419.8523510128471
787.0,-0.82175,426.381439,1.0580027785902113,425.35158222800135
796.0,-0.371493,431.169098,1.5184143764068454,430.3113852561329
805.0,0.160156,435.948395,2.0613815175930936,435.26283066135136
814.0,0.819927,441.024719,2.697564230923194,440.23791842421303
823.0,1.571246,445.931427,3.4274384186252393,445.1652816731925
831.0,2.331855,450.27771,4.181265289280857,449.6001981689227
840.0,3.304811,455.145325,5.132245717765818,454.5072609318425
850.0,4.603702,460.682831,6.326487712709019,459.8741945839734
859.0,5.871332,465.482147,7.529386350324984,464.60125644540057
868.0,7.260707,470.085815,8.88773540151521,469.32189611741626
877.0,8.849567,474.788544,10.396086771632612,473.9786540121083
886.0,10.664148,479.575134,12.059642842852032,478.563919562984
896.0,12.762335,484.489014,14.067062876746178,483.4969564430339
905.0,14.895013,488.971405,16.032506223121608,487.8100746573967
915.0,17.406551,493.687408,18.42256533040614,492.5115755295138
924.0,19.693958,497.560974,20.766066798394014,496.65133916912566
934.0,22.550457,501.871063,23.562893442016335,501.0821210083648
943.0,25.296803,505.62793,26.247824727935992,504.90420137185276
953.0,28.562346,509.636993,29.42755629916519,508.9816579071694
963.0,32.165161,513.582642,32.83302457813327,512.8954373889053
972.0,35.356194,516.753479,36.02014312552922,516.191161193699
982.0,39.203362,520.208252,39.78815286708146,519.7069117569191
992.0,43.340942,523.588928,43.69019410895115,522.9935822220185
1002.0,47.485023,526.681335,47.78354891794345,526.124531893111
1011.0,51.313801,529.326477,51.60891221048377,528.8047837460449
1021.0,55.823311,532.192261,56.02910469769463,531.6502856858839
1030.0,60.091858,534.725952,60.07583299169333,534.0511932496066
1040.0,64.470863,537.135925,64.65525831900571,536.5616929731186
1049.0,68.618568,539.246155,68.8852141105015,538.7002509641187
1059.0,73.296516,541.449158,73.68245140050364,540.9329873087071
1068.0,77.698097,543.385742,78.03850579209445,542.8013412410181
1078.0,82.487251,545.335205,82.97432749955766,544.7555571012448
1087.0,86.981422,547.045959,87.50683989426794,546.4128616290158
1096.0,91.509544,548.664734,92.07640951855083,547.9650730691242
1106.0,96.578445,550.354309,97.13965673158562,549.5603232739269
1115.0,101.163551,551.803833,101.75417374066994,550.9132819841024
1124.0,105.920067,553.223633,106.40746173920803,552.1928278834877
1134.0,111.395424,554.763611,111.5986682104478,553.5286163550356
1143.0,115.890907,555.966553,116.29007827086278,554.6604284202697
1152.0,120.550713,557.154175,121.029260339148,555.7394962899616
1162.0,125.911636,558.4505,126.30444475885461,556.8691549929188
1171.0,130.748886,559.564636,131.10329701223986,557.8343155990827
1180.0,135.597412,560.628601,135.91254950713238,558.7462412462062
1189.0,140.303864,561.615295,140.71430274456748,559.6037054267518
1198.0,145.020004,562.554565,145.55859937107434,560.4175489327729
1208.0,150.270309,563.545898,150.92184864260932,561.261573364736
1217.0,155.002945,564.398254,155.76462308090373,561.9743522121452
1226.0,159.894989,565.239746,160.59633813888146,562.6426400039306
1235.0,164.793137,566.044922,165.45033397554175,563.2744962875872
1244.0,169.544067,566.788513,170.3090356020311,563.8690855998537
1254.0,175.169556,567.628052,175.75443161923272,564.4924787972775
1263.0,180.083618,568.329651,180.58723288258713,565.0104228991615
1272.0,184.848129,568.980591,185.47465241601222,565.5030499002214
1281.0,189.770172,569.62384,190.31347868144545,565.9613014869182
1290.0,194.541153,570.225525,195.1891422455062,566.3953783874807
1300.0,200.016098,570.892639,200.58221145244357,566.8478904618107
1309.0,204.792236,571.451843,205.44466594956765,567.233396930675
1318.0,209.724884,572.007935,210.32598360782725,567.5984392086027
1327.0,214.505508,572.527527,215.14010671965116,567.936885024318
1337.0,219.990829,573.103088,220.54034598251977,568.2937863440171
1346.0,224.928329,573.614319,225.39134362555473,568.5971936791717
1355.0,229.712784,574.097351,230.24303159680636,568.8893545481629
1364.0,234.49884,574.564087,235.09543258181216,569.1694238689948
1374.0,239.989655,575.084656,240.51665249238619,569.4647113078863
1383.0,244.932419,575.542236,245.4223202463808,569.7176439971458
1392.0,249.876251,575.988037,250.25975689141958,569.9546886334571
1401.0,254.666153,576.413574,255.11494689422182,570.1813253040237
1410.0,259.611389,576.843506,260.0222345093561,570.4005952751276
1420.0,265.107178,577.308594,265.41212842272205,570.6302538254621
1429.0,270.053986,577.720032,270.2858398148687,570.8277791154832
1438.0,274.846832,578.111145,275.1254328226346,571.0157231857595
1447.0,279.640381,578.493286,280.0170019382214,571.1975734894393
1457.0,285.139343,578.91925,285.4084432461379,571.3874683824051
1466.0,289.934357,579.282837,290.2317843248167,571.5478047310658
1475.0,294.884583,579.650879,295.10707335940083,571.701544132009
1485.0,300.213745,580.036072,300.4477848981375,571.8605251044438
1494.0,305.010681,580.373108,305.3063769556036,571.9958667568801
1503.0,309.808228,580.701355,310.1479807830804,572.121786700216
1512.0,314.761017,581.03302,315.04148458749614,572.2406919636828
1522.0,320.26474,581.392456,320.4348881392823,572.3627475848668
1531.0,325.218445,581.710388,325.2425784485263,572.4646219632494
1540.0,330.172424,582.024048,330.10208054145517,572.5619541397191
1549.0,334.817047,582.313965,334.9272228491751,572.6532153923051
1559.0,340.149933,582.64386,340.3383784659756,572.7499497657163
1568.0,344.949829,582.93573,345.18092757661077,572.8318128554129
1577.0,349.904877,583.231934,350.05802398086206,572.9093347089605
1586.0,355.015076,583.53241,354.91796394412637,572.9815683384134
1596.0,360.349243,583.84082,360.27775870067,573.056104473877
1605.0,365.305176,584.121826,365.1550641544461,573.1191162561413
1614.0,369.951538,584.382324,369.9634891102349,573.1766831139325
1624.0,375.286346,584.679565,375.375165752137,573.2376632067655
1633.0,380.242615,584.95459,380.235362280699,573.2898536993032
1642.0,385.044159,585.218018,385.11282361908974,573.3393498268371
1651.0,390.000641,585.489075,389.9903157576503,573.3857115828259
1661.0,395.335938,585.777466,395.3676489380687,573.4338598299183
1670.0,400.292694,586.043213,400.2279521510415,573.474930765178
1679.0,405.094635,586.299133,405.053802623161,573.5135847005076
1688.0,409.741791,586.545105,409.89690095557097,573.5507599204242
1698.0,415.077362,586.828369,415.2225933262287,573.5906199948215
1707.0,419.879242,587.085876,420.08293168175715,573.6272971475962
1716.0,424.835876,587.354126,424.9432626471309,573.6649408826208
1726.0,430.343323,587.650635,430.3206451302963,573.7072258287748
1735.0,435.300079,587.916443,435.14650550897017,573.7446225066772
1744.0,440.10202,588.172791,439.9723763435474,573.7806446380603
1754.0,445.609802,588.463379,445.36702731388283,573.8185966517318
1763.0,450.411987,588.714722,450.1412229480777,573.849872092152
1772.0,455.369019,588.975525,455.018838595755,573.8806059118252
1782.0,460.87677,589.266785,460.37904456927976,573.9144790450152
1791.0,465.67868,589.523254,465.204950152515,573.9454985174708
1800.0,470.635559,589.787231,470.0653217916882,573.9774621355159
1809.0,475.4375,590.043457,474.87398532917206,574.0093914612379
1819.0,480.773071,590.326782,480.2514190981196,574.0445546168074
1828.0,485.420166,590.573914,485.02562002997485,574.0750106344634
1837.0,490.066589,590.833252,489.8687486256912,574.1080085089854
1847.0,495.745148,591.157166,495.2633341190743,574.154342100073
1856.0,500.546844,591.417725,500.089136620564,574.1985814783271
1865.0,505.505157,591.652954,504.98399626912544,574.2280257714302
1874.0,510.465454,591.841614,509.89617874840786,574.2242378817957
1884.0,515.979065,591.983276,515.342351937183,574.16533905862
1893.0,520.787415,592.047424,520.2360472383872,574.0545950091907
1902.0,525.751282,592.047974,525.1107155584962,573.8822936944433
1911.0,530.404419,591.978088,530.0686247821257,573.6386723259632
1920.0,535.521057,591.822144,534.9879041700127,573.3226523659187
1929.0,540.479736,591.594116,539.8498545900936,572.9308397999995
1939.0,545.982361,591.218445,545.3039977121426,572.3892867860156
1948.0,551.080811,590.759766,550.2495822181568,571.7953012549295
1957.0,556.013123,590.200684,555.1298441675741,571.1008794693369
1966.0,560.776001,589.538025,560.0091372195086,570.2873077030301
1975.0,565.367188,588.778198,564.8153572162076,569.3595322512949
1984.0,570.08429,587.843628,569.5939177064499,568.2984584618692
1993.0,574.770752,586.765869,574.3213662841785,567.0970805367049
2003.0,580.097412,585.335327,579.5026324043054,565.5943560644523
2012.0,584.695435,583.927307,584.0877345102488,564.0886450749041
2021.0,589.239136,582.352844,588.6006039929459,562.4278399897993
2031.0,594.213623,580.402771,593.5080091014167,560.403322600993
2040.0,598.481567,578.547729,597.783762633224,558.4390673349367
2050.0,603.280029,576.197571,602.4985409546845,556.0370967729776
2059.0,607.109985,574.149048,606.5694422028542,553.7469183208215
2069.0,611.544495,571.489807,611.0383640481283,550.9785757743768
2078.0,615.295837,569.007019,614.8948375177762,548.3432832492532
2088.0,619.465332,565.949036,618.994736269365,545.2494379758639
2098.0,623.343018,562.795105,622.9092560750709,541.977639802054
2108.0,627.171448,559.31958,626.6386330957899,538.5215861315422
2118.0,630.68866,555.768127,630.1786213501417,534.8717857130018
2127.0,633.801575,552.30896,633.2085586283678,531.4080682451417
2137.0,637.047058,548.28363,636.3549507399393,527.413975530098
2147.0,640.067749,544.087036,639.2682125397886,523.2678338176897
2157.0,642.849792,539.728516,641.9461699345101,518.9659586909698
2167.0,645.295105,535.369141,644.3842351724651,514.5040759233929
2177.0,647.405884,531.029236,646.529465241097,509.9704003013887
2187.0,649.321228,526.412415,648.3935520932729,505.3326412582581
2197.0,650.955872,521.688904,649.9550536045458,500.6389100414243
2207.0,652.344849,516.708252,651.2275041201364,495.8408807661589
2217.0,653.420471,511.650635,652.1900050576721,491.00634146479007
2227.0,654.16864,506.708588,652.841093353905,486.17227868027373
2237.0,654.600098,501.901917,653.1990335419263,481.2385905539947
2248.0,654.712585,496.21524,653.2379209785764,475.75776537615695
2258.0,654.487122,491.394501,652.9373015513852,470.8547888294179
2268.0,653.921814,486.428223,652.313148968225,466.034553596912
2278.0,653.044861,481.682556,651.3555773776704,461.2517578012398
2288.0,651.840576,477.009247,650.0675932003721,456.54716688032346
2299.0,650.119324,471.987457,648.2837555230117,451.5289489502969
2309.0,648.34259,467.68634,646.3580160815857,447.1602592485126
2319.0,646.217712,463.353302,644.0984924117259,442.83745555652274
2330.0,643.531616,458.774414,641.3017397833408,438.28480254698945
2340.0,641.022217,455.061615,638.5008766874187,434.3759113466015
2350.0,637.937195,451.128906,635.3407889748047,430.54784905746396
2361.0,634.392273,447.177368,631.6909716509332,426.7167355504791
2371.0,630.963074,443.781616,628.1476637293785,423.4656997968128
2381.0,627.34198,440.591339,624.3990166609314,420.42629655568226
2392.0,623.313416,437.433044,620.0367861026862,417.31118820692876
2402.0,619.383789,434.631561,615.8436325978919,414.65455896554755
2412.0,615.200745,431.895508,611.5173899785067,412.18570301278703
2422.0,610.921692,429.312256,607.033530219616,409.862298894874
2431.0,607.004272,427.1008,602.8460621744348,407.87196486519247
2441.0,602.432922,424.684357,598.1569676503356,405.8185082798838
2451.0,597.797913,422.392456,593.376423729658,403.89372277035596
2461.0,593.110962,420.208649,588.5606310350172,402.1078926913178
2470.0,588.856995,418.321838,584.1441735415743,400.58734755102006
2480.0,584.09314,416.31134,579.1722457900516,398.9893238891731
2489.0,579.629333,414.522919,574.6820182800326,397.6416145351944
2499.0,574.797607,412.681458,569.5704104315648,396.2088686541288
2508.0,570.134766,410.979004,564.9353684251644,394.9942980176241
2518.0,565.248901,409.286438,559.7961345130335,393.7345869406551
2527.0,560.684875,407.771912,555.1087630504733,392.66089551825036
2536.0,556.104004,406.309143,550.3739272333903,391.6419189534381
2546.0,550.830444,404.693756,545.1202220430101,390.57818156087603
2555.0,546.070129,403.286774,540.3625870252309,389.67159869540313
2564.0,541.595886,402.007141,535.6299192060975,388.8194720543995
2573.0,536.960876,400.726105,530.8215773311125,387.99976028346856
2583.0,531.963806,399.3974,525.4951349742116,387.1437747311984
2592.0,527.306519,398.199921,520.706264960815,386.42009838837754
2601.0,522.640015,397.03894,515.8772825831738,385.7323424937691
2610.0,517.814148,395.876465,511.0258705645678,385.080944480848
2620.0,512.610168,394.665131,505.6735818021045,384.4051453610719
2629.0,507.769287,393.566895,500.79576033990196,383.82513773978155
2638.0,503.073029,392.532806,495.9828975858777,383.283533118961
2647.0,498.369904,391.530304,491.09814012408845,382.76517455833886
2657.0,492.797974,390.388062,485.69528340551346,382.2304229628089
2666.0,487.928741,389.423218,480.820779663089,381.78350998403045
2675.0,483.056244,388.475067,475.9436961740479,381.36568874661504
2684.0,478.486053,387.597687,471.13373184995254,380.97253469677895
2693.0,473.610992,386.662842,466.2713860131436,380.5856601209743
2703.0,468.364105,385.653503,460.91052341309506,380.1623604985716
2712.0,463.644379,384.73233,456.0654754497445,379.77539231306923
2721.0,458.774902,383.768829,451.2212133412091,379.37870759246044
2731.0,453.537292,382.712402,445.8629374858024,378.9238337151153
2740.0,448.675873,381.709045,440.98707970720403,378.4919438351749
2749.0,443.972687,380.70697,436.130517168723,378.03820461055415
2758.0,439.12674,379.631317,431.24273080557026,377.54923065822453
2767.0,434.442078,378.545837,426.42755442168834,377.028596577056
2776.0,429.617737,377.377045,421.49750667225646,376.4499391401798
2786.0,424.440277,376.057007,416.07805995222657,375.7557386314012
2795.0,419.644379,374.77655,411.1789176864406,375.0717760847826
2804.0,414.717926,373.385803,406.28845499119876,374.32828813462135
2813.0,409.963043,371.960602,401.3580130351943,373.5070872742554
2822.0,405.233917,370.452087,396.45833547591053,372.6099893240196
2831.0,400.532745,368.858612,391.5073456061026,371.61454754189657
2840.0,396.005035,367.238739,386.6252562325382,370.5427116947985
2849.0,391.216644,365.428894,381.7800959620257,369.3868367576562
2858.0,386.470428,363.511169,376.9083939439746,368.12353226564016
2867.0,381.770416,361.482849,372.08204855080623,366.75875505350706
2876.0,377.261658,359.406494,367.2891015288219,365.28095752428686
2885.0,372.660919,357.162079,362.5163752619685,363.68392816515893
2894.0,368.258301,354.869263,357.7840575364397,361.97086432020825
2902.0,364.274078,352.671387,353.608493418464,360.3440177253663
2911.0,359.863495,350.07312,348.9671397564647,358.39793063161216
2920.0,355.530243,347.347809,344.3196747227154,356.2933647952729
2929.0,351.539398,344.664978,339.81320919114773,354.09154847557033
2938.0,347.638367,341.85321,335.34630973309555,351.73570165028866
2947.0,343.583618,338.728607,330.9721935916505,349.246419269083
2956.0,339.633026,335.473297,326.72512566192154,346.64372087750286
2965.0,335.78833,332.093567,322.50676584901095,343.8672761146172
2974.0,332.167877,328.697601,318.4212779879407,340.98762028941087
2983.0,328.547272,325.078857,314.4160606737577,337.96860373445713
2992.0,325.044159,321.346222,310.49567633370737,334.81265610838364
3001.0,321.664795,317.50119,306.65184594646325,331.51075463076023
3010.0,318.412018,313.548523,302.95495989424757,328.1211735047432
3019.0,315.29068,309.491241,299.34602616823616,324.58863866502907
3028.0,312.398712,305.456787,295.8916803502475,320.9760047637959
3037.0,309.641388,301.329132,292.5476791110196,317.2378391167228
3046.0,307.02475,297.110901,289.34095986959517,313.4037055195101
3055.0,304.550018,292.807892,286.29645141153725,309.5049405927158
3064.0,302.221497,288.424042,283.36435630435153,305.478224412044
3073.0,300.04364,283.963409,280.57925813719675,301.36927765645794
3082.0,298.081207,279.573273,277.96279962420124,297.2119111934613
3091.0,296.149902,274.83255,275.4534575811552,292.90902525164614
3100.0,294.366211,270.034332,273.1134474749437,288.5704159106173
3109.0,292.796875,265.325043,270.9413496882932,284.20302879938396
3118.0,291.389404,260.56488,268.88781764704333,279.7027614894181
3128.0,290.030884,255.219376,266.80084289074665,274.65332058331677
3137.0,288.943054,250.217285,265.0796191447165,270.01577936822343
3146.0,288.113892,245.638092,263.53068062355754,265.35419803614866
3155.0,287.354095,240.418976,262.1465090580201,260.6410653056778
3164.0,286.790771,235.175018,260.940214503668,255.91486890452416
3173.0,286.447937,230.222977,259.90467469888875,251.13071012180902
3183.0,286.301666,224.881897,258.9644392263027,245.76598937142563
3192.0,286.347961,219.918228,258.30674397672743,240.89803415218168
3201.0,286.570953,214.959351,257.8284873065381,236.02650579827343
3210.0,286.941437,210.164871,257.5234144812134,231.15834294711638
3219.0,287.512024,205.233887,257.3882765390497,226.28250284404442
3229.0,288.349274,199.956818,257.44723321598815,220.88804053929817
3238.0,289.279755,195.238937,257.69254924120537,216.05101629890618
3247.0,290.380035,190.557739,258.11351734676504,211.26070833879854
3256.0,291.727631,185.619293,258.7132054556188,206.43736838438355
3266.0,293.329803,180.522079,259.5699811458137,201.16343151461703
3275.0,294.980743,175.840775,260.5176723102961,196.46655194527312
3285.0,296.959503,170.877609,261.7752530560113,191.27357925541662
3294.0,298.89389,166.475067,263.07743191392836,186.66238348271816
3303.0,301.045715,162.001831,264.55027227211883,182.06661714996605
3313.0,303.632385,157.130585,266.36657484154085,177.04172713466198
3322.0,306.116882,152.833206,268.16304352639713,172.59971222062927
3331.0,308.583771,148.887222,270.10220910158,168.25583388504737
3341.0,311.66391,144.311981,272.4377824356976,163.48861323175404
3350.0,314.477325,140.412125,274.6713948339928,159.30807116964525
3360.0,317.66861,136.343689,277.32249965177255,154.7486703063762
3369.0,320.750702,132.652496,279.86118092660485,150.72564414350728
3379.0,324.224487,128.822464,282.847236182287,146.35734113077484
3388.0,327.580139,125.378067,285.697088599974,142.50544063497279
3397.0,330.944061,122.162415,288.70379007364835,138.73051372784244
3407.0,334.825165,118.745766,292.17696476839023,134.69298408804806
3416.0,338.430603,115.803436,295.4166982206301,131.20962805101252
3426.0,342.693085,112.581665,299.2036297139094,127.44032777711539
3435.0,346.626556,109.815437,302.64924237099353,124.26130009370723
3445.0,351.12619,106.934143,306.6333107122017,120.85817411396597
3454.0,355.268799,104.492195,310.3547623369904,117.92274329665206
3464.0,359.821869,102.041519,314.61847272558435,114.8183485554783
3473.0,364.127289,99.89962,318.53495929398855,112.17940984153478
3483.0,369.143066,97.605751,323.06355562807056,109.34386934058429
3492.0,373.429138,95.792992,327.21730550299094,106.92093176912982
3501.0,377.909454,94.04628,331.4844546120173,104.5937719926869
3510.0,382.431763,92.411377,335.84559212202157,102.37093651421705
3520.0,387.671112,90.688263,340.67267188088243,100.08013410213796
3529.0,392.268311,89.277565,345.1172171882784,98.11283871144009
3538.0,396.746216,88.010712,349.5576454966389,96.267070324865
3548.0,402.08371,86.621094,354.55165911251385,94.31956333586142
3557.0,406.756927,85.487419,359.1141970356182,92.64400914575197
3566.0,411.44574,84.420097,363.71986102815276,91.03779055477267
3575.0,416.296967,83.368484,368.3471363035087,89.49493524716385
3585.0,421.697449,82.24826,373.48376723213005,87.84608044754857
3594.0,426.411469,81.298355,378.15696973471046,86.38947606907554
3603.0,431.281616,80.338264,382.8219239700185,84.96459679116417
3612.0,436.002441,79.422844,387.4925625832846,83.55846240270596
3622.0,441.419525,78.385933,392.69591060508355,82.00862713584327
3631.0,446.144165,77.49044,397.40682146927236,80.61691240661659
3640.0,451.021851,76.56929,402.08666209087494,79.2417139734667
3649.0,455.747345,75.678215,406.75098580886737,77.87484953339596
3658.0,460.472015,74.782806,411.43181296686953,76.50301277523309
3668.0,465.72049,73.781784,416.59096777185715,74.986057902767
3677.0,470.59436,72.840652,421.2683849158485,73.60263900914336
3686.0,475.465057,71.883331,425.925898471272,72.21274634249495
3695.0,480.179169,70.933876,430.5784800379993,70.80643239863139
3705.0,485.578461,69.807915,435.7672929413143,69.20860867720127
3714.0,490.278717,68.792053,440.40308838387165,67.74791200830641
3723.0,495.122589,67.707054,445.06102264418405,66.24319729377721
3732.0,499.957672,66.583549,449.72357245121765,64.69717648059034
3741.0,504.783356,65.420319,454.37363864425726,63.114003887905504
3751.0,509.964996,64.116814,459.5462847009892,61.30163261398698
3760.0,514.767578,62.861744,464.15018027458814,59.63890488735635
3769.0,519.556702,61.556099,468.78598423517826,57.91300762953238
3778.0,524.33313,60.204796,473.45221937422184,56.12139428906184
3787.0,529.095459,58.804741,478.0354707965233,54.306735998582326
3796.0,533.694702,57.400692,482.6153755113847,52.43754566360352
3805.0,538.426392,55.90033,487.20676912506724,50.50603599458775
3814.0,543.142395,54.351364,491.7292902899384,48.54491880672537
3823.0,547.840393,52.748508,496.2612525322497,46.51969450428506
3832.0,552.664307,51.035519,500.78513249364875,44.4349559086528
3841.0,557.46759,49.265537,505.29892592837786,42.28802843824464
3850.0,562.105042,47.495228,509.73956656656134,40.10855363267772
3859.0,566.720276,45.667679,514.1684866293401,37.866928704540925
3869.0,571.982544,43.509064,519.0419035073193,35.32134454716396
3878.0,576.695618,41.511272,523.4121460980516,32.96737026117813
3887.0,581.383179,39.454342,527.7681727331826,30.551452863729335
3896.0,585.760742,37.464035,532.0776377253163,28.087974282026785
3905.0,590.252258,35.350613,536.368186191042,25.557595104803408
3914.0,594.855957,33.112301,540.6240070316642,22.969233868462535
3923.0,599.288391,30.877678,544.8585548054494,20.31362962721675
3932.0,603.823486,28.503416,549.0537848083156,17.59633796866258
3941.0,608.184753,26.132833,553.1629996577333,14.842476493040897
3950.0,612.511169,23.699205,557.2565252523236,12.004400890858976
3959.0,616.799133,21.198517,561.320003165835,9.093769347533412
3968.0,621.316956,18.477158,565.3248299714857,6.131846462985563
3977.0,625.528931,15.850471,569.2703495838141,3.119689390444383
3986.0,629.829712,13.074201,573.1822791563843,0.03611485161488881
3995.0,633.961853,10.323587,577.0193584996252,-3.0857790958568923
4004.0,638.054321,7.514348,580.8353336718264,-6.287334718114741
4013.0,642.104004,4.643737,584.6025573425959,-9.54611527710692
4022.0,646.106384,1.707571,588.2799153673883,-12.828830048257366
4031.0,650.063232,-1.289725,591.9551501199159,-16.21649565283089
4040.0,654.100769,-4.436582,595.5400609798618,-19.624987083336396
4050.0,658.392578,-7.900745,599.4518093915124,-23.464151214588973
4059.0,662.21344,-11.06957,602.939295052433,-26.996524213835585
4068.0,666.099548,-14.401623,606.4205268251532,-30.631141681579614
4077.0,669.932983,-17.7941,609.8084093776348,-34.28269980488213
4086.0,673.598755,-21.141075,613.1484341072642,-38.00128334435803
4095.0,677.216614,-24.539797,616.4189651248632,-41.75831033124389
4104.0,680.889282,-28.105745,619.6310045270077,-45.56546514768337
4113.0,684.279175,-31.51647,622.7792764326202,-49.425518116956844
4122.0,687.715332,-35.098797,625.8908662081533,-53.38120109983463
4131.0,691.087524,-38.741413,628.9109547889353,-57.364000831032115
4140.0,694.400574,-42.437885,631.861006244468,-61.398951282314336
4149.0,697.652954,-46.187874,634.7401719325605,-65.48478457248994
4158.0,700.832825,-49.999535,637.5456384867723,-69.62156909042126
4167.0,704.036987,-53.99173,640.2827219357048,-73.82449674700722
4176.0,707.073425,-57.918579,642.9404623299783,-78.07804146753884
4185.0,710.141113,-62.016579,645.5222316227618,-82.37812216582302
4193.0,712.72998,-65.589607,647.7492236608334,-86.2271099515569
4202.0,715.576721,-69.656097,650.191234582189,-90.60806981817238
4211.0,718.447632,-73.894264,652.5455150719781,-94.99771539528507
4221.0,721.46936,-78.508293,655.0820337382057,-99.91467726822428
4230.0,724.128662,-82.699753,657.3035283887992,-104.39224248293431
4239.0,726.798462,-87.067413,659.4547698068783,-108.90398151525191
4248.0,729.32251,-91.341675,661.5324022037952,-113.45008670077871
4257.0,731.774963,-95.657425,663.5347998790792,-118.02982820927178
4265.0,733.897705,-99.525589,665.2643434135209,-122.16391150656372
4274.0,736.212158,-103.916901,667.1187256439766,-126.80555941199155
4283.0,738.457092,-108.344139,668.9014966022955,-131.49362451425867
4292.0,740.630737,-112.806801,670.5959082813216,-136.1777032902024
4301.0,742.789856,-117.448189,672.2396389512949,-140.97100433420377
4310.0,744.745911,-121.841156,673.7784147450654,-145.72661131871143
4319.0,746.701172,-126.40374,675.2308348352926,-150.4912834793927
4328.0,748.591187,-130.993744,676.6046094889472,-155.26128960537505
4337.0,750.476929,-135.752762,677.9205060906743,-160.0833270241593
4346.0,752.246155,-140.39064,679.1678668777187,-164.90574508818227
4355.0,754.01239,-145.195297,680.3615944800031,-169.77721725832345
4364.0,755.664307,-149.876266,681.4850284225765,-174.63000213856907
4373.0,757.307373,-154.724426,682.5456792002196,-179.49689486855107
4382.0,758.847107,-159.443466,683.549588013674,-184.39340340309542
4391.0,760.375977,-164.328842,684.4954406505642,-189.30145714402778
4401.0,761.960327,-169.611816,685.4691487331781,-194.71274935002742
4410.0,763.292969,-174.232239,686.2920058068944,-199.62544017619405
4419.0,764.660156,-179.165298,687.0689830565929,-204.5979370485593
4428.0,765.947144,-183.959457,687.7882695995493,-209.52685698972167
4437.0,767.193481,-188.764328,688.4604861628568,-214.44502129492213
4446.0,768.404358,-193.578262,689.0923221042646,-219.36853615567696
4455.0,769.61499,-198.552063,689.6854037436703,-224.29686948550892
4464.0,770.723572,-203.231308,690.2391672091807,-229.21243107395978
4473.0,771.832153,-208.069824,690.7580074249754,-234.1318014133489
4482.0,772.941162,-213.067261,691.2470324988076,-239.1061841099009
4491.0,773.970947,-217.923157,691.693108389055,-244.03268550599606
4500.0,774.924683,-222.794556,692.0843890403646,-248.94655137343176
4509.0,775.798035,-227.681015,692.4014095785935,-253.86576638088727
4519.0,776.688049,-233.124161,692.6580650173256,-259.2716974416758
4528.0,777.438354,-238.031021,692.8208630154012,-264.2156732220989
4537.0,778.204407,-243.092392,692.9401738114186,-269.1953709891547
4546.0,778.98645,-247.994293,693.0534258037278,-274.14072979229786
4555.0,779.858704,-253.038437,693.2075445490383,-279.2056910780511
4564.0,780.776489,-257.916748,693.4226935253366,-284.1994211120632
4573.0,781.754578,-262.783325,693.7099104176513,-289.2240529641495
4582.0,782.822754,-267.948151,694.0553575561476,-294.26229385825525
4590.0,783.742798,-272.404388,694.3880247881502,-298.7657857986625
4599.0,784.727966,-277.269531,694.7582078189648,-303.8022696471655
4608.0,785.713623,-282.292755,695.1101248958626,-308.85734034744485
4617.0,786.66748,-287.479919,695.4290990737896,-313.96640551413657
4626.0,787.533203,-292.525208,695.6872428693986,-318.99261487836077
4635.0,788.327209,-297.425171,695.8872091644005,-324.05597333838494
4644.0,789.108398,-302.484222,696.0376361885203,-329.0865588413503
4653.0,789.822937,-307.239594,696.1521524990113,-334.0836094463801
4662.0,790.546997,-312.150391,696.2445298527614,-339.11559565629216
4671.0,791.258789,-317.062988,696.3207453535209,-344.0789016551575
4680.0,791.959106,-321.977234,696.384685504003,-349.0596181271546
4689.0,792.62384,-326.739838,696.4345375080032,-353.93707584115236
4698.0,793.319336,-331.811371,696.4721372346709,-358.8491158774746
4707.0,793.985657,-336.730347,696.4990298163251,-363.8129341688689
4716.0,794.627502,-341.496094,696.5175517592542,-368.6906114759249
4725.0,795.306519,-346.569885,696.5308077386156,-373.654484915079
4735.0,796.040649,-352.036255,696.5420103413109,-379.1182008300333
4744.0,796.682556,-356.802002,696.5514356467188,-383.9786684317542
4753.0,797.321045,-361.568207,696.5603722485891,-388.8219011942294
4762.0,797.956726,-366.334778,696.5674633302027,-393.73408001573415
4772.0,798.658325,-371.631592,696.571552069591,-399.11162719536316
4781.0,799.287354,-376.399048,696.5716595084607,-403.9721039345538
4790.0,799.912598,-381.166992,696.5681775223019,-408.8325794277055
4799.0,800.534485,-385.935394,696.5610950849533,-413.6930510079987
4809.0,801.222656,-391.233978,696.5492251781822,-419.1050581914333
4818.0,801.838501,-396.003143,696.5346795969044,-423.9999847865495
4827.0,802.451172,-400.772736,696.5164884530275,-428.8604274851152
4836.0,803.080933,-405.696533,696.494874877424,-433.7380920725473
4845.0,803.705627,-410.620972,696.4694829421975,-438.598502486636
4855.0,804.397888,-416.092804,696.4358002454999,-444.02765393656955
4864.0,805.001099,-420.863586,696.4015332560434,-448.8880098820935
4873.0,805.599731,-425.634949,696.3631920605332,-453.782807926777
4882.0,806.211426,-430.561005,696.3196646677367,-458.67756260005604
4892.0,806.860229,-435.864532,696.262847109019,-464.07204785929116
4901.0,807.43811,-440.638458,696.2026651609924,-468.96662609225893
4910.0,808.006653,-445.413513,696.135447649451,-473.80940063383247
4919.0,808.56665,-450.189575,696.0595101634885,-478.6692841346977
4929.0,809.185486,-455.496704,695.9665526735339,-484.06326766750027
4938.0,809.736755,-460.273773,695.8763961033557,-488.9229081826629
4947.0,810.302612,-465.205322,695.7796143688175,-493.83413861441153
4956.0,810.844971,-469.983398,695.6786410992095,-498.6935664143264
4965.0,811.382385,-474.762054,695.5721187804605,-503.5701156009689
4975.0,811.976013,-480.072052,695.4495789035823,-508.92902775236115
4984.0,812.508179,-484.851288,695.3348770036189,-513.7709103333941
4993.0,813.058411,-489.784576,695.2174072408209,-518.6299673405292
5003.0,813.651794,-495.094604,695.0865753274994,-524.0231651356722
5012.0,814.185181,-499.873718,694.968492279887,-528.8994480815242
5021.0,814.719421,-504.65271,694.8511579560184,-533.7240267742615
5030.0,815.253174,-509.431763,694.7323624593207,-538.5830515502552
5040.0,815.885071,-515.084351,694.6001035540652,-543.9762145395467
5049.0,816.438843,-520.017273,694.4814859803948,-548.8352436622185
5058.0,816.978455,-524.795654,694.3659444734787,-553.6426249305129
5068.0,817.586304,-530.104065,694.240182737779,-559.0359433369225
5077.0,818.157654,-535.034973,694.1316402987187,-563.9124479778577
5086.0,818.714111,-539.811462,694.0281641107309,-568.7890627517203
5095.0,819.272461,-544.587708,693.9281724690105,-573.6485108495337
5105.0,819.873474,-549.723389,693.8192566963484,-579.007717210762
5114.0,820.432556,-554.499573,693.7210179414018,-583.8672010610061
5123.0,820.994141,-559.275452,693.6241916802194,-588.6922349034903
5132.0,821.573181,-564.205444,693.527011833252,-593.5862183549186
5142.0,822.217957,-569.683044,693.4211892569094,-598.9799648292553
5151.0,822.797485,-574.612976,693.3262081357885,-603.8567524564511
5160.0,823.358887,-579.388855,693.2320147998031,-608.6818384164552
5169.0,823.920227,-584.164734,693.1368912193292,-613.5241451971956
5179.0,824.541077,-589.471619,693.0296937507192,-618.935103647503
5188.0,825.097717,-594.248047,692.9317163537929,-623.7773535258201
5197.0,825.650757,-599.024902,692.8302655449929,-628.6367713795502
5207.0,826.279358,-604.504395,692.7132561925241,-634.0302867692119
5216.0,826.825256,-609.282104,692.6030754567881,-638.9067546691994
5225.0,827.384583,-614.214355,692.4890836750756,-643.8003753961475
5234.0,827.93811,-619.147278,692.371360971639,-648.676667054696
5243.0,828.468689,-623.926697,692.2476856142847,-653.5700526262098
5253.0,829.054138,-629.23761,692.1052163684116,-658.9629555514495
5262.0,829.578308,-634.0177,691.9709600986126,-663.8560622536924
5271.0,830.100342,-638.798035,691.832917666614,-668.7490636058767
5280.0,830.636841,-643.732849,691.6909708604666,-673.6764391157662
5289.0,831.173279,-648.667664,691.5479376991232,-678.569297121091
5299.0,831.7323,-653.808105,691.3898034937752,-683.9445202755307
5308.0,832.271423,-658.742615,691.2458497181946,-688.8373512818099
5317.0,832.793945,-663.522888,691.1040192006567,-693.6957582478896
5326.0,833.333435,-668.457397,690.9628076034469,-698.5714262286849
5336.0,833.916809,-673.768555,690.8085249140337,-703.9295184562886
5345.0,834.445496,-678.548157,690.6702575947938,-708.8052708210596
5354.0,834.979492,-683.327209,690.536343784119,-713.663902442727
5363.0,835.518555,-688.105652,690.4063363407247,-718.557123877546
5372.0,836.080139,-693.037659,690.2808896054933,-723.4677057345665
5382.0,836.68988,-698.345825,690.1473061621346,-728.8780770815158
5391.0,837.257996,-703.2771,690.0291987794765,-733.771600208229
5400.0,837.809509,-708.054138,689.9139849802563,-738.6134706355365
5409.0,838.362244,-712.831055,689.7977343167298,-743.5415193461794
5419.0,839.019165,-718.480774,689.6722184484519,-748.9520838652513
5428.0,839.600281,-723.410522,689.5624013472944,-753.8285599677693
5437.0,840.18335,-728.340027,689.4570907809027,-758.6878957071854
5446.0,840.747925,-733.11554,689.3533214975021,-763.5472646044373
5455.0,841.326843,-738.045532,689.2475836133962,-768.4238308629843
5465.0,841.952209,-743.351868,689.1293260297512,-773.7828392238357
5474.0,842.505554,-748.128662,689.0180388188363,-778.6592819981156
5483.0,843.064575,-753.060974,688.8986635468981,-783.5182925649086
5492.0,843.588074,-757.841187,688.7635526581462,-788.4286180231261
5502.0,844.139526,-763.155762,688.5889080423035,-793.9067980239023
5511.0,844.620789,-768.096252,688.4053339637865,-798.7983027518165
5520.0,845.048462,-772.885986,688.1885999041051,-803.6884504277962
5529.0,845.433899,-777.67926,687.9335627494921,-808.5594908735225
5538.0,845.781616,-782.630981,687.6301204135,-813.4968304865444
5547.0,846.085876,-787.740967,687.2715160732342,-818.4995926855759
5556.0,846.322632,-792.699219,686.8627785701993,-823.4293323703057
5565.0,846.494446,-797.660156,686.3940602772261,-828.3537311018688
5574.0,846.608398,-802.777893,685.8580486293145,-833.3059342914167
5583.0,846.647522,-807.741638,685.2568264222243,-838.2332811534343
5593.0,846.594788,-813.429199,684.501912421822,-843.7142067920519
5601.0,846.487732,-817.978149,683.8218417643274,-848.1435938204444
5610.0,846.271545,-823.247864,682.9829025109686,-853.0885313955903
5619.0,845.978333,-828.203064,682.0479211605784,-858.0688321182633
5628.0,845.591675,-833.307434,681.0319154927324,-862.9980461808839
5637.0,845.11377,-838.404114,679.9321608501651,-867.8915895207417
5646.0,844.560974,-843.337158,678.7435941464366,-872.7643234436749
5655.0,843.914673,-848.258789,677.4424323632737,-877.6973860434648
5664.0,843.158936,-853.321716,676.0629842625866,-882.5554029197272
5673.0,842.329712,-858.215881,674.5914462881444,-887.386322192734
5682.0,841.370544,-863.244263,673.0179153316642,-892.2031246324063
5691.0,840.304871,-868.251099,671.3485601166217,-896.9693032063317
5700.0,839.128296,-873.233093,669.5753376512164,-901.6978216974366
5708.0,837.993713,-877.639587,667.8949271885418,-905.9078442427472
5717.0,836.647522,-882.417419,665.9099682208813,-910.5889229467242
5726.0,835.143005,-887.310364,663.8086796926956,-915.2378706901092
5735.0,833.521179,-892.165649,661.5882029909206,-919.8502209175488
5744.0,831.797791,-896.98584,659.2518763010681,-924.4243466205915
5752.0,830.181885,-901.239502,657.1290399885976,-928.3709314146804
5761.0,828.251831,-905.980713,654.6085708608749,-932.8264366363005
5770.0,826.219543,-910.679016,652.0039743281292,-937.1932016675029
5779.0,824.197876,-915.042175,649.2772078181428,-941.525526194094
5788.0,821.934875,-919.633789,646.4522852394524,-945.7738130280795
5797.0,819.556824,-924.166931,643.5407733114761,-949.9211837261347
5805.0,817.420166,-928.027466,640.8583178562415,-953.553887935844
5814.0,814.8255,-932.440186,637.7501423176756,-957.5559911623108
5823.0,812.123718,-936.788147,634.5188950353263,-961.5040501284002
5832.0,809.313599,-941.066895,631.1775722286138,-965.3821751012485
5841.0,806.397583,-945.27417,627.750378347164,-969.1613907207073
5850.0,803.289978,-949.535522,624.2634117299782,-972.8143715368583
5859.0,800.182312,-953.603271,620.7467184786548,-976.3176676729321
5868.0,796.967102,-957.586609,617.0687831975829,-979.8034068315729
5876.0,794.0271,-961.059509,613.7169082190467,-982.8294671866922
5885.0,790.729736,-964.77002,609.9114311925081,-986.0966634301711
5894.0,787.341248,-968.397461,606.0227700190463,-989.2643977894454
5903.0,783.860596,-971.936584,602.054983176448,-992.3324418348625
5912.0,780.294128,-975.389221,598.0107789239336,-995.2990288733395
5921.0,776.527649,-978.855896,593.8787224166555,-998.172272304184
5930.0,772.796448,-982.129761,589.7035964479654,-1000.9203537950003
5939.0,768.857849,-985.399597,585.4006091132488,-1003.5965237094682
5948.0,764.838196,-988.569275,581.0882935997367,-1006.1238866922064
5957.0,760.864319,-991.543945,576.6812925506413,-1008.5544752105498
5966.0,756.822083,-994.424988,572.2450687654122,-1010.8574183843958
5975.0,752.719604,-997.219604,567.7552248027413,-1013.0539906972197
5984.0,748.556519,-999.923096,563.2166520982827,-1015.1480266426933
5993.0,744.332397,-1002.530212,558.6471612180615,-1017.1307969301552
6002.0,740.052185,-1005.044189,553.9852721371268,-1019.0271642440724
6011.0,735.586121,-1007.545837,549.3309176553606,-1020.8015963434578
6020.0,731.212402,-1009.893372,544.6732966996119,-1022.4677196096533
6029.0,726.932495,-1012.085754,539.9677845024049,-1024.0483429686067
6038.0,722.200745,-1014.415344,535.1518816779092,-1025.5683051449612
6047.0,717.852722,-1016.46936,530.3767603533709,-1026.985993846054
6056.0,713.33136,-1018.518127,525.5292982513105,-1028.339334143732
6065.0,708.788574,-1020.519043,520.7282446488849,-1029.6003256375834
6074.0,704.225342,-1022.472778,515.8964442527838,-1030.8108337331794
6083.0,699.492126,-1024.422363,511.0016648779171,-1031.9815402137333
6092.0,694.733337,-1026.308716,506.1082245083399,-1033.0817529396675
6101.0,690.096069,-1028.079468,501.2339356573069,-1034.1078782312213
6110.0,685.294067,-1029.852905,496.32997288913964,-1035.0747173610775
6119.0,680.765442,-1031.470215,491.46597020873077,-1035.9752048016135
6128.0,675.930847,-1033.15271,486.54200652125286,-1036.8343964792941
6137.0,671.229858,-1034.746826,481.66157074095906,-1037.6410849569702
6146.0,666.517395,-1036.306519,476.7578190556161,-1038.41143205369
6155.0,661.941833,-1037.785889,471.83129698672343,-1039.1469626254407
6164.0,657.209961,-1039.285767,466.9167811050777,-1039.845352838706
6174.0,651.942139,-1040.9198,461.46827143068487,-1040.5828710397752
6183.0,647.044067,-1042.407471,456.5280551482789,-1041.2199644397704
6192.0,642.435425,-1043.780273,451.652596289334,-1041.8195075763451
6201.0,637.819702,-1045.12915,446.7224764527799,-1042.397550514322
6210.0,633.048401,-1046.498291,441.78936506040696,-1042.9494809731418
6219.0,628.271057,-1047.846313,436.8364048826883,-1043.4784520453188
6228.0,623.486694,-1049.169189,431.9151817557184,-1043.979413760586
6237.0,618.696411,-1050.470581,427.0258650070167,-1044.4528404061646
6246.0,613.900818,-1051.752197,422.11728033684255,-1044.9055818853394
6255.0,609.100464,-1053.015869,417.2412269548738,-1045.3352577651626
6265.0,603.926697,-1054.350342,411.8309107130664,-1045.788356158458
6274.0,599.114746,-1055.569214,406.91682595741355,-1046.176878134026
6283.0,594.599731,-1056.696533,402.05270817574143,-1046.5407973285676
6292.0,589.779236,-1057.881104,397.11848685852254,-1046.8913108066108
6301.0,585.103821,-1059.005615,392.28606191723384,-1047.2148114112183
6311.0,579.900146,-1060.218262,386.867000012732,-1047.547359250708
6320.0,575.058228,-1061.311768,381.9104982138549,-1047.8181085049205
6329.0,570.359619,-1062.335205,377.0382511395009,-1048.0489491871851
6338.0,565.502625,-1063.359619,372.11274924279405,-1048.2454418760356
6347.0,560.638245,-1064.348633,367.20315237903753,-1048.404846058134
6356.0,555.918335,-1065.268677,362.24077400454735,-1048.5273862936706
6365.0,551.037842,-1066.174683,357.2947748324024,-1048.607958588689
6374.0,545.997925,-1067.070923,352.3310317440511,-1048.6462964782688
6384.0,540.729126,-1067.95874,346.8673073262654,-1048.6405882277586
6393.0,535.827576,-1068.742798,341.88642048649274,-1048.5916882620545
6402.0,530.919556,-1069.485718,336.95783071193347,-1048.5012385780067
6411.0,526.005249,-1070.185425,331.9785371108793,-1048.3661084489918
6420.0,520.93103,-1070.861328,327.01787014303113,-1048.1872272732553
6429.0,516.004822,-1071.471802,322.09345413103,-1047.965179413592
6438.0,511.072937,-1072.034546,317.136881765809,-1047.695725096016
6447.0,506.290222,-1072.534424,312.21755746463384,-1047.3804050505037
6456.0,501.502777,-1072.986694,307.284437066428,-1047.0147237105464
6465.0,496.401611,-1073.413696,302.30377147386645,-1046.5944868848508
6474.0,491.450989,-1073.776367,297.36218926091925,-1046.1244012824204
6483.0,486.495972,-1074.073242,292.3921330965078,-1045.5932040900404
6492.0,481.382416,-1074.309692,287.4464408292545,-1045.000116478555
6501.0,476.420868,-1074.462036,282.5097277376643,-1044.336423199556
6510.0,471.30246,-1074.540894,277.5667884842704,-1043.5941427459172
6519.0,466.183472,-1074.530396,272.6366254317611,-1042.7712691163304
6528.0,461.220428,-1074.437988,267.7382367974657,-1041.867159773014
6537.0,456.259735,-1074.26001,262.82253683741914,-1040.8711072665094
6546.0,451.147919,-1073.988892,257.9251160376355,-1039.7887504848693
6555.0,446.19574,-1073.648071,253.13113274807785,-1038.6411867477827
6564.0,441.095062,-1073.215088,248.29038161727138,-1037.3958927165625
6573.0,436.002197,-1072.698364,243.50429231926964,-1036.0792437608852
6583.0,430.525909,-1072.042358,238.19644347162105,-1034.5180962295562
6592.0,425.607086,-1071.374878,233.45911468808026,-1033.0355540758337
6601.0,420.698334,-1070.636963,228.76198302174652,-1031.484311407934
6610.0,415.953064,-1069.858032,224.1697230431632,-1029.8920229815305
6619.0,411.219086,-1069.013184,219.51916523202647,-1028.2062852347672
6628.0,406.191223,-1068.051514,214.9402270491994,-1026.4760126945691
6637.0,401.328461,-1067.054565,210.35254796433978,-1024.6725773822898
6646.0,396.630035,-1066.030273,205.78871631302692,-1022.8096176485034
6655.0,391.642578,-1064.877319,201.2016151283623,-1020.8679359961928
6665.0,386.454102,-1063.601318,196.21519945462722,-1018.6770616953183
6674.0,381.649597,-1062.353516,191.69866147004927,-1016.6176686112295
6683.0,376.863251,-1061.037842,187.24203684619508,-1014.5110895661198
6692.0,372.245941,-1059.694458,182.769857312448,-1012.3176367776604
6701.0,367.352081,-1058.192993,178.31519210318996,-1010.0505711394349
6710.0,362.627594,-1056.670044,173.95605192730457,-1007.7490335581174
6719.0,357.927124,-1055.074463,169.61671475779397,-1005.374259329924
6728.0,353.250031,-1053.411621,165.31330473465823,-1002.9349844625992
6737.0,348.453186,-1051.624268,161.03182430876768,-1000.4231841911516
6746.0,343.828064,-1049.821899,156.83280557448575,-997.8741073529554
6756.0,338.721252,-1047.738525,152.1937290259493,-994.9552161868495
6765.0,334.007629,-1045.742065,148.09147879326738,-992.2846243097608
6774.0,329.607269,-1043.802734,143.99885262055864,-989.5369727085396
6783.0,325.093811,-1041.736694,139.9453741666733,-986.731889691029
6792.0,320.609741,-1039.607544,135.95996283308187,-983.8898808156749
6801.0,316.294525,-1037.485474,132.00098891889496,-980.981947424989
6810.0,311.869934,-1035.235352,128.06854544676057,-978.0095634239384
6820.0,306.84024,-1032.57959,123.79042833450688,-974.6667301998283
6829.0,302.482178,-1030.203125,119.98216602512908,-971.5913999527681
6838.0,298.28891,-1027.849243,116.21482019654489,-968.4660802325859
6847.0,293.859436,-1025.283325,112.44906830649087,-965.2585091253239
6856.0,289.601013,-1022.732666,108.74096845097203,-962.010559961199
6865.0,285.514008,-1020.198792,105.10827085339622,-958.729702434564
6875.0,280.732391,-1017.118713,101.10218798341967,-954.9890799059423
6884.0,276.605042,-1014.360962,97.53247751278117,-951.5398216673144
6893.0,272.400543,-1011.440979,94.02251103992323,-948.0297859694409
6902.0,268.377319,-1008.533447,90.61269429483295,-944.4938701301178
6911.0,264.534424,-1005.6427,87.2472525596909,-940.8685147498893
6920.0,260.500061,-1002.491821,83.97561376250033,-937.2043735628448
6929.0,256.52771,-999.263123,80.71814089052806,-933.413265647873
6938.0,252.733139,-996.062866,77.56582463482276,-929.6011400033534
6947.0,249.001038,-992.789978,74.47671996238903,-925.715570860528
6956.0,245.331421,-989.447205,71.4846323784952,-921.7980984354116
6965.0,241.605469,-985.937012,68.55680844770757,-917.8109632814577
6975.0,237.664627,-982.078308,65.37644781386763,-913.3048202461466
6984.0,234.285339,-978.657104,62.600185429725755,-909.2107065594024
6993.0,230.973938,-975.170166,59.889103064892815,-905.0525522029571
7002.0,227.721771,-971.62793,57.26449244034648,-900.8596035060249
7011.0,224.423859,-967.917969,54.687599107913464,-896.5767015122998
7020.0,221.284103,-964.275696,52.22469910808092,-892.3265633205814
7029.0,218.109436,-960.459717,49.81522842848508,-888.0063954129931
7038.0,214.899536,-956.472107,47.462549667877894,-883.6158911632908
7047.0,211.853378,-952.552795,45.2019138074275,-879.2160132999823
7056.0,208.876083,-948.580872,43.01844735254454,-874.777333997984
7065.0,205.964432,-944.560608,40.92017889001902,-870.3167905590733
7075.0,202.711716,-939.894714,38.676693815850406,-865.3160174603685
7084.0,199.939346,-935.777161,36.74661582935591,-860.7989000140396
7093.0,197.238464,-931.612366,34.862054324380864,-856.1694230815386
7102.0,194.528275,-927.269653,33.071210381232966,-851.539834199983
7111.0,191.974716,-923.012939,31.363580173371872,-846.8789100089955
7120.0,189.49498,-918.71283,29.740111410088687,-842.1880077060721
7129.0,187.092911,-914.368835,28.20633103013419,-837.4851450191915
7138.0,184.835587,-910.122803,26.755454952857928,-832.7560480320305
7147.0,182.567368,-905.707458,25.372237684668963,-827.970827566237
7156.0,180.352295,-901.265198,24.06692677576519,-823.199500378055
7165.0,178.253601,-896.938538,22.817411092064177,-818.3954473186978
7174.0,176.136475,-892.448792,21.610850374694934,-813.5271377631933
7183.0,174.080688,-887.930603,20.477644339214947,-808.71203197134
7192.0,172.139694,-883.530945,19.401737447222764,-803.8661430332098
7201.0,170.184875,-878.968201,18.385218952545245,-799.0074492384836
7210.0,168.279419,-874.384583,17.419830547875392,-794.1207683459559
7219.0,166.36351,-869.637634,16.507117988949283,-789.2239754463077
7229.0,164.3452,-864.504761,15.5565767749997,-783.8085657508697
7238.0,162.563278,-859.871704,14.747439653720336,-778.9285353386125
7247.0,160.8741,-855.369385,13.976038618460437,-774.0249493361314
7256.0,159.168762,-850.707642,13.24830841122732,-769.1321169814448
7265.0,157.504089,-846.031189,12.565616079765784,-764.250200401678
7274.0,155.871078,-841.343628,11.917262279512492,-759.3114493179561
7283.0,154.268265,-836.64563,11.312629159619357,-754.4192517441082
7292.0,152.647461,-831.789978,10.73606940437877,-749.4716054586606
7301.0,151.105118,-827.071777,10.200590491512262,-744.5886951183253
7310.0,149.640106,-822.491577,9.694167800674226,-739.6680309595158
7319.0,148.159882,-817.75354,9.218467011749501,-734.7269861307018
7329.0,146.542725,-812.48053,8.730364952337702,-729.2851047026267
7338.0,145.154007,-807.876648,8.317560340094111,-724.3557039218321
7347.0,143.698776,-802.968811,7.9275893589918915,-719.3898658705899
7356.0,142.309631,-798.203247,7.565086058970837,-714.4565109205522
7365.0,140.979965,-793.58197,7.227031452298113,-709.5386966302254
7374.0,139.619781,-788.808044,6.907704756579711,-704.6541753223681
7383.0,138.321716,-784.177795,6.599356953932006,-699.6998704393866
7392.0,136.962357,-779.242554,6.312629251028549,-694.744267300987
7401.0,135.7061,-774.600769,6.051400059680021,-689.8217742719593
7410.0,134.427124,-769.804504,5.8102233749934316,-684.863745525805
7420.0,133.024506,-764.470398,5.565981090109343,-679.4054799767587
7429.0,131.773499,-759.666748,5.3614143876722755,-674.4630562626442
7438.0,130.574173,-755.009949,5.1723620061380595,-669.5717602030555
7447.0,129.384399,-750.350708,4.994709949034286,-664.6455427841989
7456.0,128.16629,-745.538574,4.829818239240696,-659.736127158901
7465.0,126.920204,-740.573547,4.675487619112239,-654.8091239753294
7474.0,125.759865,-735.90686,4.5319261047784964,-649.8817952464098
7483.0,124.534851,-730.936584,4.398115916140493,-644.9197079764849
7493.0,123.222702,-725.579529,4.261403383809968,-639.4232090496803
7502.0,122.046188,-720.75708,4.147736757434711,-634.5295807593869
7511.0,120.914108,-716.083496,4.0401783800996345,-629.6013346711012
7520.0,119.788811,-711.408264,3.940941633110063,-624.6901532321884
7529.0,118.632332,-706.580994,3.8486570172038475,-619.7615974740676
7538.0,117.518555,-701.903015,3.762874867687986,-614.8329242515807
7547.0,116.372635,-697.073181,3.6837142909915386,-609.9213781955027
7557.0,115.149101,-691.87207,3.6031262564991473,-604.4582451505981
7566.0,114.051018,-687.190369,3.537918627585427,-599.5464940348544
7575.0,112.922127,-682.356567,3.478023025621886,-594.6174382603572
7584.0,111.834198,-677.672485,3.4229270221778654,-589.7055633140384
7593.0,110.715149,-672.836365,3.3732270100979114,-584.793630805679
7602.0,109.633896,-668.150757,3.328839290868186,-579.88164741928
7611.0,108.521103,-663.313232,3.288782336744058,-574.9351542022606
7620.0,107.414032,-658.474365,3.253508265449065,-569.9541522290467
7630.0,106.189041,-653.09668,3.2210658897667135,-564.4732851119737
7639.0,105.092369,-648.255432,3.1977552616710785,-559.5611564825008
7648.0,103.99987,-643.413269,3.179841606909745,-554.6145335125783
7657.0,102.875107,-638.419373,3.1666947712166196,-549.7196029608522
7666.0,101.786842,-633.576233,3.157320188365856,-544.7901922021067
7675.0,100.734344,-628.884033,3.150886469911713,-539.8780124756364
7684.0,99.678436,-624.192627,3.145941474731923,-534.9658310249059
7694.0,98.468407,-618.811584,3.1408035722951104,-529.5021060410154
7703.0,97.379768,-613.968567,3.137019534066996,-524.6243950353089
7712.0,96.257462,-608.974121,3.134715457527752,-519.6777401659235
7721.0,95.240402,-604.432983,3.134421644243017,-514.8172634344254
7730.0,94.159248,-599.588257,3.137609097028818,-509.88784479209204
7739.0,93.080742,-594.74292,3.144628891075131,-504.97566586819585
7749.0,91.955612,-589.696106,3.1553121163949505,-499.5119489130161
7758.0,90.869331,-584.852539,3.1640939289983785,-494.5308297820333
7767.0,89.80938,-580.162048,3.1673830516456265,-489.65311841748877
7776.0,88.712265,-575.320923,3.164588935306182,-484.7064638006293
7785.0,87.682182,-570.782715,3.1583212107282264,-479.828755354056
7794.0,86.615067,-566.093872,3.1500055118493284,-474.9338142109305
7804.0,85.349159,-560.548767,3.137934181228836,-469.47010014624806
7813.0,84.279449,-555.860474,3.125640346660109,-464.5924031655238
7822.0,83.174187,-551.021179,3.113292337202967,-459.68023474571766
7831.0,82.06913,-546.181824,3.1019202325540336,-454.7680639696641
7840.0,80.966766,-541.341858,3.0929447635374734,-449.83865246805516
7849.0,79.900078,-536.652893,3.086127554039495,-444.96094475850657
7859.0,78.717422,-531.442322,3.080487000718584,-439.5661632401092
7868.0,77.652069,-526.753052,3.077331757064928,-434.74015899742454
7877.0,76.590355,-522.062927,3.076195157838985,-429.86244665634933
7887.0,75.376625,-516.682678,3.079730931913944,-424.4676633478757
7896.0,74.287376,-511.839783,3.0883937689475838,-419.5554870467712
7905.0,73.203445,-506.995697,3.1016840033461004,-414.6605568822867
7914.0,72.116356,-502.152313,3.118437619582341,-409.81734485195875
7923.0,71.031731,-497.30838,3.137061292026257,-404.8707245042458
7933.0,69.795174,-491.756622,3.1599362501932236,-399.4587526469166
7942.0,68.717033,-486.911224,3.184575993294704,-394.54663050461005
7951.0,67.639236,-482.065765,3.211093929168874,-389.6689901147072
7960.0,66.59639,-477.371429,3.2390769165888345,-384.77412189401673
7969.0,65.523293,-472.524933,3.269259037790084,-379.87926673935993
7978.0,64.451134,-467.678223,3.3015416994703615,-375.0188972088082
7988.0,63.297432,-462.461182,3.33983741747323,-369.58977633813765
7997.0,62.25684,-457.766357,3.3748434810582615,-364.7294256595062
8006.0,61.180168,-452.920624,3.409427903411122,-359.81736346775733
8015.0,60.103054,-448.075012,3.4425979398794944,-354.9397637790974
8025.0,58.900478,-442.692291,3.4782057264190516,-349.4933885111746
8034.0,57.815926,-437.848328,3.5089443575014108,-344.564064678457
8043.0,56.766178,-433.155548,3.5393683448301547,-339.6864470883696
8052.0,55.717434,-428.462524,3.571176051852885,-334.7916022271617
8061.0,54.670406,-423.769135,3.604879982008735,-329.9140061984579
8070.0,53.560127,-418.771973,3.642085944825383,-325.00196316381243
8080.0,52.402599,-413.555786,3.6867443639216937,-319.5901272208234
8089.0,51.327839,-408.709656,3.7292706183761277,-314.67812736581925
8098.0,50.253006,-403.863525,3.772518442784479,-309.7833702144179
8107.0,49.176392,-399.017792,3.8159737829603975,-304.9058513156791
8116.0,48.129154,-394.324432,3.858371737744436,-300.02832311098723
8126.0,46.92577,-388.941864,3.9014793561879944,-294.6164745930161
8135.0,45.87793,-384.248657,3.9380659381912846,-289.72166311886025
8144.0,44.791748,-379.40506,3.9744262631787497,-284.8440861690929
8153.0,43.736763,-374.71344,4.009202184366767,-279.94926149594926
8162.0,42.643806,-369.871368,4.0407960998833214,-275.0544152501493
8172.0,41.424545,-364.492401,4.072088316744426,-269.5735414457358
8181.0,40.326538,-359.651459,4.097365084280799,-264.6786585022393
8190.0,39.295017,-355.113586,4.120973972606331,-259.81823910015544
8199.0,38.159512,-350.122101,4.143343982669126,-254.90610609701636
8209.0,36.936096,-344.74408,4.167140956703986,-249.54584591939565
8218.0,35.869003,-340.055206,4.188868068339581,-244.65094593286574
8227.0,34.733086,-335.063812,4.210097196028421,-239.75604376125412
8236.0,33.665096,-330.375153,4.230983962862388,-234.878376007387
8245.0,32.600208,-325.68576,4.25253087849825,-230.01794702691845
8255.0,31.375502,-320.308014,4.27833865577378,-224.5887524320444
8264.0,30.277521,-315.467072,4.303726228379223,-219.69387006199017
8273.0,29.21789,-310.776489,4.3325486771246196,-214.85071481764598
8282.0,28.125479,-305.934296,4.366378852309833,-209.92141123291142
8291.0,27.066601,-301.243561,4.402396274464803,-205.04383173899797
8301.0,25.855558,-295.862732,4.4449802312833775,-199.5630340352541
8310.0,24.802021,-291.170776,4.485787542368597,-194.65101959907415
8319.0,23.71452,-286.327484,4.529196104286639,-189.77350028379757
8328.0,22.626856,-281.484222,4.574015256460618,-184.84428436695762
8337.0,21.56905,-276.793243,4.616878229006724,-179.98399662760048
8346.0,20.47378,-271.951691,4.657246469613537,-175.08921488061105
8356.0,19.293325,-266.740631,4.698468674664214,-169.6601154414611
8365.0,18.230713,-262.050751,4.734285402772348,-164.74806208060824
8374.0,17.097429,-257.058777,4.769590613667515,-159.83600501661132
8383.0,16.032402,-252.369431,4.803698685158418,-154.9928841122946
8392.0,14.929771,-247.529556,4.837180340328172,-150.08081428007057
8402.0,13.704195,-242.152008,4.873204610760223,-144.65167786234193
8411.0,12.606263,-237.311066,4.906979410317737,-139.75684617898187
8420.0,11.512406,-232.469193,4.944582045797992,-134.8965148954616
8429.0,10.422625,-227.626404,4.987375636251916,-129.9672809773101
8438.0,9.331481,-222.78392,5.033486029088948,-125.07254995536591
8448.0,8.15883,-217.571106,5.087774126789374,-119.6090922681426
8457.0,7.035043,-212.576965,5.1385858229961245,-114.67993448178929
8466.0,5.945929,-207.734024,5.190158297164126,-109.80249465601561
8475.0,4.891538,-203.042267,5.242759000786778,-104.90782907893184
8484.0,3.802142,-198.199387,5.29495882956005,-100.06486938136607
8493.0,2.710419,-193.35704,5.34722074704204,-95.11849005932008
8503.0,1.492698,-187.977707,5.401915265927212,-89.68950963018042
8512.0,0.428295,-183.288223,5.448729575299166,-84.77754877138722
8521.0,-0.639255,-178.599457,5.492430426775619,-79.90003206616568
8530.0,-1.744215,-173.760117,5.533245808135122,-75.00525402725984
8539.0,-2.851456,-168.921295,5.571310679142946,-70.11045382591294
8549.0,-4.047987,-163.713913,5.609935096318522,-64.71580762792354
8558.0,-5.16722,-158.877853,5.641731819784176,-59.80372659986066
8567.0,-6.289331,-154.04245,5.669600072602106,-54.908857724600026
8576.0,-7.413446,-149.20752,5.695207081732652,-49.9795045629446
8585.0,-8.500541,-144.523239,5.720376609938139,-45.06738510666828
8595.0,-9.709774,-139.318802,5.749132520426291,-39.63820532626134
8604.0,-10.803233,-134.636002,5.775154936625192,-34.743326290027085
8613.0,-11.899613,-129.953888,5.799114598268736,-29.882908604439272
8622.0,-12.997621,-125.272156,5.821502955170737,-24.97077568488654
8631.0,-14.13052,-120.43927,5.843638090541804,-20.075877526467657
8641.0,-15.390293,-115.069633,5.86900122259167,-14.629444915571247
8650.0,-16.527149,-110.237679,5.891270496499084,-9.717311454709453
8659.0,-17.632244,-105.55761,5.911163131557381,-4.856875422127351
8668.0,-18.77747,-100.727631,5.92729651936412,0.03804619719580504
8677.0,-19.891512,-96.049683,5.938981259278929,4.898508892310862
8687.0,-21.088055,-91.01931,5.948957938342118,10.327755659243854
8696.0,-22.201975,-86.341339,5.957784732034759,15.205460146177034
8705.0,-23.315607,-81.6633,5.967878720498143,20.11763371490151
8714.0,-24.468817,-76.83522,5.97799411443476,24.99533569974442
8723.0,-25.620354,-72.006744,5.987878018064485,29.890273927542548
8733.0,-26.859005,-66.809227,5.999765392464237,35.28504529780594
8742.0,-28.011154,-61.980896,6.012219041113372,40.14550608361588
8751.0,-29.163879,-57.152702,6.025202956726567,45.04043707020249
8760.0,-30.281406,-52.47559,6.037181364912631,49.83195590559188
8770.0,-31.565399,-47.111694,6.049667857192448,55.226725922431726
8779.0,-32.650772,-42.586388,6.0592242780052965,60.018250200464266
8788.0,-33.806046,-37.758804,6.0682247425604485,64.86148284468116
8798.0,-35.055531,-32.563877,6.077991544109028,70.18731542391262
8807.0,-36.185429,-27.889736,6.084451126988665,74.99608062636906
8816.0,-37.317932,-23.216225,6.087071238816334,79.87379239616008
8826.0,-38.577011,-18.023615,6.086710362761545,85.25134111808664
8835.0,-39.710251,-13.350283,6.085593155915139,90.14628919721468
8844.0,-40.881126,-8.52646,6.084618444028029,95.00676583985877
8853.0,-42.051292,-3.702465,6.083586810324841,99.86724247075546
8863.0,-43.312027,1.489743,6.082313905214646,105.26202678774128
8872.0,-44.448177,6.162368,6.080528699265463,110.08803173168944
8881.0,-45.626328,10.984419,6.076574862171459,114.98297834147822
8890.0,-46.76955,15.655319,6.069561311729804,119.80897851927375
8900.0,-48.04213,20.844637,6.059141151212653,125.18651715764543
8909.0,-49.189697,25.514471,6.047883473618243,130.02974508115528
8918.0,-50.304226,30.032686,6.03468848989857,134.87296811409175
8928.0,-51.576164,35.22216,6.020931920959061,140.2677350417629
8937.0,-52.716713,39.893715,6.013570039054933,145.0937347007628
8946.0,-53.889996,44.716953,6.011533917715772,149.95421101466155
8956.0,-55.188461,50.077366,6.014385307696801,155.33175899273675
8965.0,-56.31609,54.752056,6.02183924668969,160.17499426403668
8974.0,-57.440228,59.427586,6.033749564287997,165.00098484114176
8983.0,-58.561989,64.103683,6.049611381614972,169.86143569949874
8993.0,-59.846699,69.467407,6.070282833778807,175.25618056261777
9002.0,-61.003422,74.29464,6.090587339013712,180.09937900800875
9011.0,-62.091015,78.819412,6.110269486875351,184.92534414661347
9021.0,-63.306919,83.845139,6.127529813660366,190.2856293581371
9030.0,-64.443207,88.517731,6.137096504742936,195.12886091700273
9039.0,-65.58596,93.188744,6.140663114927342,199.9203933974776
9048.0,-66.738205,97.85743,6.137801160771064,204.78086929526572
9058.0,-68.021523,103.044106,6.127086129508192,210.1756431214042
9067.0,-69.174973,107.712494,6.114522454998348,215.03610362405564
9076.0,-70.326225,112.381424,6.103628744704716,219.86209660302364
9086.0,-71.601913,117.569977,6.094611921763045,225.2568735348335
9095.0,-72.746681,122.240501,6.089643903482458,230.11734773624175
9104.0,-73.888405,126.911766,6.088367093728066,234.92611710774668
9113.0,-75.025352,131.584198,6.091470458079994,239.80382859401405
9123.0,-76.322609,136.944901,6.100863455978472,245.21584064313447
9132.0,-77.448074,141.620117,6.115499394542773,250.09353115847443
9141.0,-78.639641,146.598511,6.136274834658275,254.98843527669763
9150.0,-79.721481,151.124664,6.161622251050619,259.8143739848097
9160.0,-81.006134,156.488403,6.19178286985633,265.2263101434601
9169.0,-82.167259,161.314575,6.216332178564848,270.05225297749934
9178.0,-83.29879,165.988327,6.236239259899469,274.8782171934965
9188.0,-84.567223,171.178665,6.2502515577287605,280.2729834630019
9197.0,-85.717102,175.847931,6.254189172786923,285.1334586083904
9206.0,-86.910057,180.666336,6.2511351850678905,290.01117012582387
9215.0,-88.0662,185.334061,6.24431327995193,294.85440632860934
9225.0,-89.351105,190.52034,6.235486088448212,300.24918357403607
9234.0,-90.508163,195.187836,6.227874796116089,305.09241860060655
9243.0,-91.698769,200.006821,6.222407164050714,309.9528922656685
9252.0,-92.84433,204.677155,6.221998290012813,314.7961332556651
9262.0,-94.110016,209.868164,6.229723749586448,320.2253836926639
9271.0,-95.281319,214.691879,6.243730977338379,325.12031185792654
9280.0,-96.40892,219.366577,6.264349377254652,330.03245252564597
9289.0,-97.530273,224.04277,6.291630480421131,334.8756166975258
9298.0,-98.651741,228.718948,6.324625072921491,339.73598144727634
9308.0,-99.934532,234.08313,6.365617353324747,345.16508262733504
9317.0,-101.053116,238.759995,6.404834301740733,350.00816485720964
9326.0,-102.207947,243.587677,6.446260374728663,354.92017411395534
9335.0,-103.360001,248.416031,6.488947980610297,359.7976997922525
9345.0,-104.643547,253.780029,6.538291449489781,365.24396793618206
9354.0,-105.795372,258.608429,6.583428614160546,370.1042350872878
9363.0,-106.907082,263.286926,6.631637294510519,374.96447274268075
9372.0,-108.042633,268.119171,6.688081974896282,379.87633237584765
9381.0,-109.161285,272.955383,6.7571876104129975,384.73631782386
9391.0,-110.332985,278.168396,6.858714263583425,390.1991018609905
9400.0,-111.357964,282.866669,6.978021580108633,395.1098367166004
9409.0,-112.375755,287.725098,7.1323003434452374,400.0713297685064
9418.0,-113.34832,292.592773,7.3281248968510715,405.0486058972288
9427.0,-114.245605,297.317078,7.5675821871813564,409.97220605538
9436.0,-115.136017,302.20047,7.858261336829894,414.94484424342727
9445.0,-115.96524,307.094604,8.197314292280092,419.91441847173564
9454.0,-116.722923,312.000336,8.595640117044722,424.8795933382023
9463.0,-117.408493,317.073242,9.076831917835426,429.8720557710877
9472.0,-117.989067,322.15921,9.650840752446033,434.8373495783448
9481.0,-118.446327,327.10199,10.328463368081472,439.7895668923746
9490.0,-118.783844,331.898895,11.112653840538766,444.7085779942297
9499.0,-119.003265,336.857941,12.017568216216361,449.6418686470904
9508.0,-119.098434,341.976074,13.04698163278165,454.5506907777767
9517.0,-119.036606,347.094727,14.200493866065278,459.3786949998744
9526.0,-118.833488,351.743927,15.49124655159403,464.1361245386106
9535.0,-118.457275,356.693542,16.930178410117005,468.83282829384217
9545.0,-117.862114,362.003357,18.672476127454246,473.8838552541492
9554.0,-117.136024,366.913849,20.41080391759198,478.38591516045955
9563.0,-116.218826,371.792267,22.299711397501625,482.78941658143174
9573.0,-115.023018,376.822815,24.587993105647907,487.56040851447824
9582.0,-113.752693,381.299713,26.828125273564865,491.73746060287056
9592.0,-112.205902,385.871124,29.517111569107065,496.23450626461295
9601.0,-110.512863,390.205872,32.132397294326175,500.16682684563136
9611.0,-108.391151,394.921234,35.17462047371261,504.2837637567931
9621.0,-106.035606,399.524261,38.406495585358435,508.2090081057289
9631.0,-103.650856,403.719879,41.71039691529075,511.82076030481204
9641.0,-100.908272,408.103333,45.23701294870402,515.3385158776367
9651.0,-98.149979,412.063416,48.92909586189936,518.7078114266629
9661.0,-95.102852,416.025574,52.76907312026124,521.8805388925084
9671.0,-91.889877,419.854462,56.77192896799192,524.8739940528349
9681.0,-88.532509,423.557404,60.904377391602,527.6858437573532
9691.0,-85.045547,427.13858,65.1026213454648,530.3019759041373
9701.0,-81.192856,430.840637,69.48507108551556,532.8114259053255
9711.0,-77.221405,434.415009,73.95355119528634,535.1642732316765
9721.0,-73.534195,437.528656,78.53001065446068,537.3798044895606
9731.0,-69.624733,440.643097,83.23836518825517,539.4749887342782
9740.0,-66.040253,443.361237,87.51107337797117,541.2301969977534
9750.0,-61.848507,446.388702,92.35948269641999,543.076222759082
9760.0,-57.5858,449.31543,97.26914748664356,544.8051557212266
9769.0,-53.575668,451.96933,101.75719051178693,546.2749633211887
9779.0,-49.060749,454.826599,106.76829855965913,547.8056047272504
9788.0,-44.955418,457.330688,111.35971328178714,549.1143571699104
9798.0,-40.495827,459.947632,116.45642435221882,550.4708339486899
9807.0,-36.315578,462.324554,121.07275263721667,551.6193788052119
9816.0,-31.968767,464.721527,125.80551991592135,552.7262428571095
9826.0,-27.096355,467.30603,131.04169488679676,553.8731635789284
9835.0,-22.958368,469.435242,135.737360828167,554.8268499001149
9844.0,-18.524582,471.667236,140.52982429878168,555.7347997098285
9854.0,-13.727583,474.020386,145.82350198047234,556.6808478002
9863.0,-9.389846,476.096039,150.59950623038407,557.4850659666173
9872.0,-4.89375,478.199677,155.41699718411894,558.2491732135516
9881.0,-0.380503,480.266266,160.19005885895444,558.9620611109021
9891.0,4.497723,482.446045,165.5668057524515,559.7153292129996
9900.0,9.045802,484.434814,170.40316867845232,560.3491056894869
9909.0,13.607593,486.391937,175.21032021718457,560.9392561262694
9918.0,18.040981,488.254547,180.0561111293954,561.4963821526495
9928.0,22.981363,490.28952,185.3858604731056,562.0679828882861
9937.0,27.438271,492.095123,190.2221802122379,562.5519720665123
9946.0,31.904861,493.876648,195.0613449661744,563.0066352693458
9955.0,36.525089,495.691498,199.93729797661396,563.4374486692022
9965.0,41.509735,497.615509,205.36528229769428,563.886066194071
9974.0,46.004326,499.325165,210.21138405420555,564.2596058964994
9983.0,50.505447,501.017548,215.07640717136366,564.611215116602
9992.0,55.158653,502.746094,219.9772782730282,564.9444020052081
10001.0,59.67363,504.401154,224.82790456138184,565.2536895000949
10011.0,64.858521,506.28183,230.26475497110695,565.5776171089445
10020.0,69.675003,508.015533,235.11763415466197,565.8492745652735
10029.0,74.203941,509.631989,239.9883953720016,566.1095900235066
10038.0,78.736107,511.23938,244.8425640243407,566.3571396920771
10048.0,83.77684,513.01123,250.2655498509556,566.6179935107217
10057.0,88.316925,514.59613,255.12102568810525,566.8384215910943
10066.0,93.006668,516.222961,259.9770227466017,567.0470521536355
10075.0,97.699913,517.839661,264.8679204199785,567.2461448307176
10085.0,102.916321,519.631042,270.2759003989903,567.4552266205548
10094.0,107.467789,521.182922,275.18475350422614,567.6360918994085
10103.0,112.168869,522.776672,280.09395675133146,567.807189931217
10112.0,116.726021,524.311768,284.9518200229039,567.9665592458898
10121.0,121.285049,525.841309,289.8444218474134,568.1181024157033
10131.0,126.517365,527.585693,295.25413790976563,568.2760098979905
10140.0,131.229248,529.147217,300.1644918819465,568.4100804979225
10149.0,135.943207,530.702454,305.0233919710151,568.5338709184339
10158.0,140.512665,532.200562,309.8997313319682,568.6496008236186
10167.0,145.232574,533.737671,314.77628083092947,568.756108843578
10177.0,150.478699,535.440063,320.1527508444077,568.8638148373502
10186.0,155.054413,536.918945,325.01239543632454,568.9537513928451
10195.0,159.63237,538.390869,329.8549306999246,569.036429534821
10204.0,164.21257,539.855774,334.73205257966663,569.1123317368717
10214.0,169.467346,541.531311,340.1435309712197,569.1889102324712
10223.0,174.04985,542.989014,345.0208317591528,569.2522821360401
10232.0,178.781494,544.489563,349.94989503953974,569.3115568286192
10241.0,183.366547,545.939209,354.8273121044391,569.3652387544744
10250.0,188.248978,547.477417,359.7392579706422,569.4136005717367
10260.0,193.51181,549.127441,365.1338416090725,569.4601496325654
10269.0,198.10141,550.562622,370.01142043076874,569.4962579733636
10278.0,202.6922,551.994019,374.8890340421119,569.5273132881244
10287.0,207.431854,553.469116,379.7494357519423,569.5543200065205
10297.0,212.534866,555.052734,385.16139214231885,569.580600738944
10306.0,217.275833,556.523621,389.9701192200729,569.6008094064382
10315.0,222.017761,557.991394,394.83056314997424,569.6186685228027
10325.0,227.123062,559.567627,400.19084923255565,569.6356561846087
10334.0,231.570541,560.937439,404.9996033703564,569.6478274931377
10343.0,236.166351,562.352661,409.84283511431147,569.6573000174229
10353.0,241.272537,563.925964,415.20314048900144,569.6663420210389
10362.0,246.0159,565.389099,420.0808462769206,569.6744179503613
10371.0,250.75943,566.851685,424.92408068846225,569.6824110242104
10380.0,255.355209,568.266968,429.78455246027397,569.689360785509
10390.0,260.626404,569.890076,435.1793336879173,569.6952728867453
10399.0,265.222595,571.304077,440.0053372617679,569.6993239549283
10408.0,270.114014,572.813477,444.86581239034456,569.7032822688224
10417.0,274.857056,574.277649,449.7090509057649,569.7081952230238
10427.0,280.127045,575.904663,455.12106747442937,569.7144648901705
10436.0,284.722137,577.322205,459.929834364218,569.7195144691922
10445.0,289.31781,578.737854,464.7558384858916,569.7228496695202
10455.0,294.424316,580.31012,470.0989154027009,569.7247863279559
10464.0,299.020508,581.724121,474.9076848941707,569.7254766008747
10473.0,303.764526,583.185181,479.6819829682681,569.725556678334
10483.0,308.869965,584.760925,485.02506017471757,569.7263663120812
10492.0,313.464203,586.181213,489.8510649902401,569.7284702431201
10501.0,317.90918,587.559143,494.6598332000313,569.7320483819406
10511.0,323.009308,589.152039,500.0546074611107,569.7425421452651
10520.0,327.60083,590.581116,504.88058742958407,569.7581706405938
10529.0,332.198975,591.988708,509.75829050512687,569.7677456593561
10539.0,337.485596,593.560913,515.1702859598058,569.7513796348292
10548.0,342.106842,594.890747,520.030468804852,569.697930065331
10557.0,346.892761,596.208069,524.9760345544389,569.5941075143288
10566.0,351.694946,597.464783,529.8511336970079,569.4344600142927
10575.0,356.363647,598.616943,534.7581497020576,569.2091935408346
10584.0,361.198914,599.739685,539.6443541072939,568.9167478950142
10594.0,366.593658,600.887207,545.0924724074465,568.5040445085804
10603.0,371.314789,601.801147,549.966084230863,568.0475078286019
10612.0,376.20639,602.645325,554.8987329443288,567.491457551673
10621.0,381.115601,603.380005,559.7846256468865,566.8378285970417
10630.0,386.041565,603.992554,564.6883401844597,566.0672450682
10639.0,390.981628,604.478394,569.5886313151487,565.1735047525846
10648.0,396.087189,604.849182,574.3969142770336,564.1685340981244
10657.0,401.046661,605.058472,579.2261127421509,563.0200318449976
10666.0,405.700043,605.109192,584.0022028632584,561.7322574623311
10675.0,410.507538,604.998535,588.7515416006701,560.2886519766636
10685.0,416.184448,604.646667,593.9681613203958,558.4978707181816
10694.0,420.970337,604.178162,598.4859598384288,556.7524538611445
10703.0,425.887665,603.499817,602.9502241444019,554.8303252623833
10712.0,430.620514,602.648743,607.3195615600034,552.7408578654147
10722.0,435.828796,601.456177,612.0652750786298,550.2117802497509
10731.0,440.317261,600.227356,616.1740204593182,547.7802923301006
10740.0,444.894714,598.753845,620.2028122070085,545.154820648229
10750.0,449.732544,596.928589,624.4826913220345,542.0727551480161
10760.0,454.960114,594.687317,628.553442223981,538.8288370488261
10769.0,459.14209,592.645874,632.1178414100995,535.7045747805655
10779.0,463.642334,590.099487,635.852198677119,532.078475865449
10788.0,467.578308,587.616638,638.9752254369416,528.6984518323135
10798.0,471.791687,584.619324,642.2765103547025,524.7187706196739
10808.0,475.966827,581.285156,645.3732784973818,520.5349870915218
10817.0,479.57132,578.102112,647.9199408854162,516.681248386834
10827.0,483.37326,574.347961,650.5014383894394,512.2807939516505
10837.0,486.493225,570.895081,652.8065890874743,507.7875228389884
10847.0,489.621338,566.996521,654.8626820073674,503.13724953079526
10857.0,492.608551,562.776001,656.6205992622652,498.42140965680045
10867.0,495.241699,558.527466,658.0721945576221,493.65648615103834
10877.0,497.607788,554.124573,659.2130058882303,488.86089152480116
10887.0,499.688812,549.580017,660.0552356398265,483.96897326235495
10897.0,501.539093,544.751709,660.5830841608702,479.0158933259822
10907.0,503.081146,539.816284,660.7859228835613,474.0906486859855
10917.0,504.304138,534.792297,660.6689490865331,469.16261708685306
10927.0,505.160431,529.867859,660.2267020569244,464.21846571318633
10937.0,505.670685,524.89563,659.4479901651082,459.31603539440846
10948.0,505.804565,519.399048,658.204399457782,454.0488307466958
10958.0,505.593475,514.577637,656.7325273209099,449.3984897498618
10968.0,505.033417,509.784241,654.9263178274225,444.8489705212898
10978.0,504.119751,504.870087,652.7811547998559,440.391653470557
10988.0,502.864349,500.031952,650.3214593201614,436.08002809396197
10999.0,501.141174,495.010803,647.3395754655238,431.6464242137029
11009.0,499.25824,490.567291,644.3376902076001,427.82373941869145
11019.0,497.081665,486.259979,641.0554484932247,424.192292424183
11029.0,494.728516,482.245117,637.5624878029877,420.8124315157699
11039.0,492.044464,478.234375,633.8237679491353,417.62628573877083
11050.0,488.835876,474.005157,629.5107042149529,414.3857332130488
11060.0,485.625061,470.174469,625.3653775768804,411.62386935308876
11070.0,482.263397,466.475433,621.0616231004776,409.04822883085865
11080.0,478.631927,462.794586,616.5885433060681,406.6307679544485
11089.0,475.383179,459.682922,612.4759596834743,404.60439780568186
11099.0,471.658569,456.349609,607.764446985562,402.47414130472174
11109.0,467.704376,453.017853,602.9542473900657,400.4851723780068
11118.0,463.949005,450.014282,598.5393477937877,398.8084117715934
11128.0,459.690552,446.787201,593.5280885289085,397.0566765928663
11137.0,455.798798,443.962555,588.9345279958566,395.57697103595297
11146.0,451.72641,441.124237,584.2941887911703,394.1898028702925
11156.0,447.286102,438.152344,579.144941264475,392.76371570661365
11165.0,443.247803,435.541534,574.4872644986455,391.56775933465576
11174.0,438.91098,432.82193,569.7940159083413,390.4435953895033
11183.0,434.669464,430.243225,565.051209405796,389.3805711079524
11193.0,430.06839,427.526855,559.753957338683,388.27193086616916
11202.0,425.767853,425.047821,554.9842174750228,387.3371497277401
11211.0,421.578217,422.6875,550.1877562446416,386.4505615259268
11220.0,417.229523,420.293945,545.3485367754432,385.6070533832215
11230.0,412.369202,417.686768,539.9734103023238,384.7282548446049
11239.0,408.113586,415.447601,535.13491508713,383.98698431500213
11248.0,403.839233,413.244415,530.290171136289,383.2877175588209
11257.0,399.547577,411.075073,525.4569253494366,382.63059189503304
11266.0,395.102264,408.866119,520.5844984471674,382.0068875260224
11276.0,390.299286,406.525208,515.2112335649011,381.36036826626446
11285.0,385.822784,404.380219,510.3642640522051,380.813590873599
11294.0,381.33371,402.261627,505.4622067608187,380.29492660530565
11303.0,376.830994,400.172211,500.57395590982827,379.81061815434697
11312.0,372.456207,398.175873,495.6654436435632,379.3570923632784
11321.0,367.927307,396.143799,490.77118900120416,378.937780362943
11330.0,363.530273,394.19696,485.85717613675115,378.5483501648068
11340.0,358.637939,392.049072,480.4256370303767,378.14504580154187
11349.0,354.374481,390.183746,475.61183380714283,377.80208015609696
11358.0,349.827148,388.193298,470.69442415248767,377.45818976724735
11367.0,345.425903,386.255981,465.84591585403143,377.11730646821127
11377.0,340.383942,384.020203,460.43074401427873,376.72649457443475
11386.0,335.853485,381.991638,455.60104486502183,376.3645697451708
11395.0,331.47287,380.008087,450.75544713121826,375.984547711718
11404.0,327.104706,377.997253,445.9116094921062,375.5827130819485
11414.0,322.270081,375.722382,440.52104644865324,375.10126451481665
11423.0,317.795929,373.572479,435.6489593827926,374.6287334913017
11432.0,313.34317,371.378601,430.7638267518754,374.11392261707084
11441.0,308.914703,369.136078,425.86674114299865,373.5502464240644
11450.0,304.512238,366.842926,420.95892052583577,372.9316217435491
11459.0,300.001678,364.422333,416.0759363852516,372.25660752588936
11468.0,295.799744,362.083954,411.2025309975199,371.51559589436323
11477.0,291.500427,359.602814,406.30665643196465,370.69667741290255
11487.0,286.777008,356.755127,400.88274661324414,369.6960670519937
11496.0,282.442108,354.032471,396.035063500202,368.71150210182077
11505.0,278.157013,351.232086,391.1388955262965,367.6234920539709
11514.0,274.062927,348.425171,386.2986568596344,366.44717807929595
11523.0,269.779694,345.347778,381.43458131165255,365.15482059943525
11532.0,265.691772,342.266693,376.6169248565618,363.75968154771215
11540.0,262.223755,339.538757,372.3402185291497,362.4211194327744
11549.0,258.281738,336.273071,367.55575859864433,360.8049052743403
11558.0,254.432739,332.898224,362.81404792035005,359.06726754572895
11567.0,250.912659,329.62204,358.10646969172984,357.19208951811237
11576.0,247.381485,326.133331,353.48797165004527,355.1923658794107
11585.0,243.834793,322.442078,348.9300646580099,353.05814409051874
11594.0,240.405014,318.641968,344.4514850687324,350.8001468461831
11603.0,237.192078,314.858154,340.0427204445044,348.4086993386939
11612.0,234.099747,310.975159,335.69439392168556,345.874636347532
11621.0,231.134003,306.994629,331.48616734351765,343.2419486889349
11630.0,228.105103,302.676971,327.3201276133878,340.4490398719665
11639.0,225.370789,298.534058,323.31166916210054,337.57999139633165
11648.0,222.776718,294.30191,319.36618966260255,334.5677817821166
11657.0,220.243607,289.853577,315.53261048650273,331.44159074410294
11666.0,217.93071,285.461456,311.8029164733505,328.19216275230986
11675.0,215.750229,281.002106,308.20566359119096,324.8471182444336
11685.0,213.517838,275.958649,304.3227140534162,320.9788292493045
11694.0,211.602417,271.211487,300.94213973301487,317.3675805774688
11703.0,209.902069,266.547913,297.7413538890883,313.70982113689985
11712.0,208.361145,261.829254,294.6441587832376,309.9193197951492
11721.0,207.025513,257.209686,291.64614350529655,305.9846909563875
11730.0,205.826843,252.552704,288.8211127351506,302.00835091536186
11740.0,204.676315,247.334976,285.89519131542164,297.57887245827476
11749.0,203.84964,242.755341,283.3696237541182,293.42607308471327
11758.0,203.153687,237.997192,280.9920636336547,289.1670489185789
11768.0,202.550552,232.514832,278.5083258708618,284.3198519760997
11777.0,202.160477,227.410706,276.41985657193146,279.873747271383
11786.0,201.957474,222.76149,274.4987897514038,275.4090259570311
11795.0,201.897598,217.797958,272.7187456375136,270.8677131593106
11804.0,202.009705,212.990494,271.1009711133758,266.3026513806026
11814.0,202.322906,207.829269,269.49128600323644,261.18973936161035
11823.0,202.798279,202.888199,268.190988309778,256.47065641532754
11832.0,203.464661,197.812744,267.0637801762402,251.74269322094383
11841.0,204.25766,193.069809,266.10527995699067,246.99524540300322
11851.0,205.330368,187.835526,265.2294405124447,241.65456492991726
11860.0,206.343857,183.612015,264.63061724456514,236.91796986588778
11869.0,207.616913,178.974823,264.1930658507859,232.12914816568127
11879.0,209.303391,173.723557,263.9072583840756,226.82824167261802
11888.0,210.834518,169.493622,263.8351388554047,222.0889637684998
11898.0,212.730225,164.868698,263.9621034029636,216.83359861303336
11907.0,214.65741,160.632858,264.2678245359474,212.03455713713277
11917.0,217.067093,155.864014,264.8162062701046,206.73702322727826
11926.0,219.311462,151.787338,265.491237425053,202.01068690338184
11935.0,221.770096,147.654617,266.34119498548154,197.26011861617212
11945.0,224.694595,143.182953,267.47741926993353,192.09217980302296
11954.0,227.55719,139.127609,268.6932828722693,187.4574767993044
11964.0,230.703644,135.024414,270.2436835631934,182.3442848033816
11973.0,233.860764,131.193909,271.8159198090878,177.78156630526362
11982.0,237.047653,127.592789,273.5352294556348,173.30912060168563
11992.0,240.623657,123.858025,275.6356449204365,168.39620603242957
12001.0,244.068604,120.50293,277.6951164610258,164.03170103421098
12010.0,247.619461,117.260147,279.8804251895536,159.78689858088498
12020.0,251.703598,113.815117,282.4962908746491,155.12795863631322
12029.0,255.468842,110.823929,284.98097010769953,151.05115949782353
12039.0,259.780396,107.668137,287.8844935766403,146.64820089568576
12048.0,263.755951,104.962723,290.6751364617279,142.7320067244928
12057.0,267.562927,102.566109,293.5687392840425,138.95620153499914
12067.0,272.044983,99.987854,296.9100046839451,134.92011277125593
12076.0,276.295258,97.738533,300.09091087756764,131.35980970913945
12086.0,280.792175,95.55645,303.7220526229841,127.58239305140846
12096.0,285.524994,93.473984,307.4817895225987,123.95773808357217
12105.0,289.987701,91.682716,310.9860486271637,120.81758917897244
12115.0,295.024841,89.900711,315.01554207887614,117.4683729267701
12124.0,299.316833,88.553284,318.75979383838023,114.59027575365617
12134.0,304.304932,87.191261,323.0730928930001,111.52530455208718
12143.0,308.829163,86.101402,327.0454946616966,108.9081178353298
12152.0,313.535919,85.116196,331.1403017618362,106.38684448417933
12162.0,318.628998,84.223579,335.8061154880153,103.71323032736385
12171.0,323.387512,83.530167,340.0815227003395,101.43773551893919
12180.0,328.007324,82.969917,344.40347686509193,99.29040249778207
12190.0,333.327759,82.478615,349.2835151138108,97.03136352557148
12199.0,338.123871,82.129982,353.7135089863429,95.11681888119766
12208.0,342.926178,81.880875,358.20040588739124,93.29343201776656
12218.0,348.438782,81.704536,363.2397297971074,91.36757792670798
12227.0,353.401978,81.621727,367.8114843714355,89.71733726066223
12236.0,358.210693,81.600136,372.3909674597835,88.14084809232136
12245.0,363.01944,81.617912,377.0376862266072,86.60184755704938
12254.0,367.983093,81.666702,381.66467664093165,85.11349482684666
12264.0,373.497955,81.74659,386.82716335965387,83.48908923486822
12273.0,378.306,81.829994,391.46998682257595,82.05088742848204
12282.0,383.26889,81.929047,396.1499053171642,80.61600735352059
12291.0,388.231598,82.037331,400.8163559646517,79.196036463429
12301.0,393.745605,82.162224,405.9964217092742,77.62859219660078
12310.0,398.553131,82.271957,410.63318437205686,76.2295155498816
12319.0,403.360718,82.378784,415.28654218233896,74.82577225666623
12328.0,408.168335,82.483894,419.9392168005209,73.41976619655216
12338.0,413.510345,82.590271,425.1016502631507,71.85356691453094
12347.0,418.318481,82.668556,429.7662686397,70.42758852223542
12356.0,423.282013,82.728844,434.39292236233746,68.9954367198152
12365.0,427.935547,82.759354,439.02931327689623,67.5366312388967
12375.0,433.450989,82.760902,444.21523715511466,65.87215985048921
12384.0,438.414764,82.72525,448.8330993861986,64.35572239431465
12393.0,443.378082,82.650795,453.48851415657197,62.78834739972679
12402.0,448.340576,82.533493,458.11461197528575,61.18842961521074
12411.0,453.301849,82.37188,462.7751591179004,59.53050921994147
12420.0,458.26123,82.160309,467.41996390153,57.82898395490333
12430.0,463.940765,81.853836,472.5302913129019,55.895885187068934
12439.0,468.894775,81.540985,477.10586367427004,54.1087957590429
12448.0,473.845245,81.176231,481.66327827623957,52.275895542546294
12457.0,478.791443,80.757492,486.1856496704957,50.402749814653134
12466.0,483.887024,80.268402,490.7508827334438,48.45368277581039
12475.0,488.823181,79.744347,495.26293655104337,46.46860125146054
12484.0,493.753113,79.164696,499.7528923783606,44.43403127724514
12493.0,498.675934,78.52755,504.23515335720117,42.341488273348844
12503.0,504.135986,77.74794,509.1728068839432,39.96230048912625
12512.0,508.888062,77.011719,513.5558209040385,37.782918456264895
12521.0,513.784058,76.19339,517.974077501413,35.52034826272533
12530.0,518.670349,75.318962,522.3498972564852,33.213488670833605
12539.0,523.546631,74.39045,526.7279264807354,30.837676172154914
12548.0,528.562012,73.365616,531.0761107441272,28.407672359635633
12557.0,533.563232,72.273758,535.3922445283041,25.921186068832313
12566.0,538.398193,71.149727,539.7190540381226,23.350556134754008
12575.0,543.217773,69.961502,543.9810847977757,20.73928775744023
12584.0,548.018738,68.700211,548.2055900861951,18.067736933908446
12593.0,552.949951,67.326416,552.4186100633024,15.314578481379591
12602.0,557.859558,65.877228,556.5891589495232,12.497498294400767
12611.0,562.598633,64.400337,560.6591614627102,9.655791978896042
12620.0,567.462708,62.805042,564.7124943089531,6.73104898639806
12629.0,572.157776,61.19368,568.6793060261011,3.7757479008420023
12638.0,576.972168,59.454117,572.6145573024976,0.750188013391631
12647.0,581.468018,57.747799,576.5155365888322,-2.3472279297543186
12656.0,586.225525,55.858322,580.3805067909943,-5.516712757134902
12665.0,590.813599,53.963612,584.1442584815961,-8.700005317161683
12674.0,595.372864,52.000557,587.9259360467016,-11.994719490879596
12683.0,599.902039,49.969166,591.6328397408192,-15.321954066289546
12692.0,604.540283,47.80328,595.3142259420312,-18.728363074386884
12701.0,609.005371,45.634651,598.9556636263696,-22.202460134531535
12710.0,613.717224,43.265099,602.5440136668974,-25.731364040687136
12719.0,618.120056,40.972641,606.0420223779695,-29.277567640951865
12728.0,622.34668,38.679203,609.5311685289965,-32.928466731492115
12737.0,626.669922,36.239941,612.9480770971187,-36.62361958750767
12746.0,631.086426,33.651726,616.2802664317045,-40.34922597748898
12755.0,635.330811,31.077745,619.5626480717782,-44.14161275389077
12764.0,639.661316,28.34808,622.7935281512084,-48.00047692674879
12773.0,643.943481,25.543161,625.9690033336772,-51.92725199008759
12782.0,648.177551,22.666231,629.0651621295896,-55.89502460236387
12791.0,652.488281,19.627499,632.0916139760122,-59.91621945134986
12800.0,656.495056,16.697289,635.0060990979929,-63.934426976438836
12809.0,660.453796,13.702522,637.8684398851024,-68.03206458279774
12818.0,664.478821,10.539671,640.6570692933682,-72.1802177571576
12827.0,668.447571,7.306522,643.3704286566266,-76.37799213180126
12836.0,672.240234,4.104005,646.0074430467135,-80.62414142746458
12845.0,676.098206,0.739408,648.5781706318993,-84.93083231208641
12854.0,679.782471,-2.587226,651.0495393863206,-89.2357773431639
12863.0,683.413513,-5.971858,653.4564906408989,-93.59676468267205
12872.0,686.988525,-9.415612,655.8243178228886,-98.05732512602154
12881.0,690.618896,-13.024575,658.0877159442002,-102.49451498692554
12890.0,694.194397,-16.687895,660.3012843209559,-107.01441917104863
12899.0,697.611877,-20.28804,662.413771401904,-111.50636903427683
12908.0,701.0755,-24.057323,664.4696395715401,-116.06235792843293
12917.0,704.477722,-27.882153,666.4527758612327,-120.65047292166287
12926.0,707.817017,-31.762033,668.374599102958,-125.30192583659071
12935.0,711.000061,-35.571033,670.1967490861081,-129.9192827298624
12944.0,714.218079,-39.552086,671.9764973466237,-134.6453488700816
12953.0,717.275391,-43.462719,673.67439046549,-139.38313081410695
12962.0,720.35614,-47.550907,675.286042630327,-144.1327417447513
12970.0,723.031494,-51.231544,676.6523827172471,-148.4006546203087
12979.0,726.054443,-55.553402,678.0952806216255,-153.2042233280988
12988.0,728.934814,-59.785172,679.4499217983691,-158.0155200365619
12997.0,731.678162,-63.922112,680.7455433786059,-162.8787271587243
13006.0,734.456543,-68.221504,681.9851487287287,-167.77429491011753
13015.0,737.186523,-72.551811,683.1453805736726,-172.600688730239
13024.0,739.786255,-76.780487,684.2600188445543,-177.4908633915375
13033.0,742.334167,-81.040565,685.3120663216083,-182.37725519332963
13042.0,744.82782,-85.332634,686.3029333566961,-187.2764195356816
13051.0,747.26825,-89.655182,687.2356571928395,-192.20452799008893
13060.0,749.653564,-94.008408,688.1045654735237,-197.126786326905
13069.0,751.983276,-98.39164,688.8995382099513,-202.0266060775964
13078.0,754.268066,-102.798439,689.6317544900331,-206.95362183121944
13087.0,756.585083,-107.36306,690.3093063552553,-211.85365480820295
13097.0,759.038391,-112.302818,691.0079937945169,-217.27252488967284
13106.0,761.210815,-116.766075,691.6007197576937,-222.20090100899498
13115.0,763.351074,-121.244858,692.1529633784714,-227.1166335778907
13124.0,765.459473,-125.738724,692.668006745873,-232.03640288501057
13133.0,767.538025,-130.24649,693.1465205131766,-236.94254219058882
13142.0,769.522522,-134.626694,693.588997522676,-241.81745060424902
13151.0,771.471985,-139.022583,694.001874360648,-246.74684533608468
13160.0,773.493713,-143.725433,694.3729117578671,-251.67956577773316
13169.0,775.327454,-148.170837,694.681806149022,-256.61656729289354
13179.0,777.351074,-153.301605,694.9389767500699,-262.1087484671468
13188.0,779.113281,-157.942169,695.0972975397857,-267.0356250475752
13197.0,780.849182,-162.592651,695.1994789944386,-271.9812249763924
13206.0,782.606323,-167.235138,695.2781616330113,-276.96173036838366
13215.0,784.360229,-171.712631,695.3790471537197,-281.9418354906655
13224.0,786.234192,-176.309189,695.536389577467,-286.9549652570499
13233.0,788.16748,-180.881134,695.7607127962524,-291.9655446433509
13242.0,790.194397,-185.581757,696.0441008449562,-296.97313067923403
13251.0,792.098877,-189.99733,696.3621159797132,-302.01317744554484
13260.0,794.169373,-194.848068,696.6839586949169,-307.08752244788735
13268.0,795.881409,-198.914734,696.951427493283,-311.54355727728654
13277.0,797.820618,-203.652206,697.2259748008588,-316.62068084403484
13286.0,799.646545,-208.268066,697.4480161784337,-321.6313618675649
13295.0,801.484009,-213.045944,697.6138278527759,-326.6787088460464
13304.0,803.229797,-217.692703,697.7306954533216,-331.74466654205787
13313.0,805.007874,-222.492981,697.8100099095675,-336.79411346717404
13322.0,806.661621,-227.008453,697.8623521009059,-341.7749653232597
13331.0,808.356262,-231.674103,697.8962768217342,-346.72150439809866
13340.0,810.09082,-236.49028,697.9160971621792,-351.65088422372935
13349.0,811.758484,-241.165665,697.9219529496435,-356.545828927734
13359.0,813.602905,-246.363556,697.9139190999788,-361.95784316510384
13368.0,815.206665,-250.897018,697.8964454940574,-366.9044677090408
13377.0,816.806641,-255.431808,697.8724891926034,-371.7821213529319
13386.0,818.452637,-260.114868,697.8426182901327,-376.71145052031517
13395.0,820.145874,-264.94574,697.8074262825495,-381.65798074140895
13404.0,821.791687,-269.628845,697.7699634873346,-386.5183131048112
13414.0,823.616394,-274.83371,697.7269395649721,-391.9646348374678
13423.0,825.20636,-279.372009,697.6874213772257,-396.79047830973354
13432.0,826.846741,-284.057037,697.6453340616707,-401.7197183088713
13441.0,828.486328,-288.74234,697.6026698236678,-406.5972441916257
13450.0,830.072266,-293.282043,697.5586780448488,-411.4747582815624
13460.0,831.82959,-298.327881,697.506480419302,-416.8865267592526
13469.0,833.458923,-303.016754,697.4555380221746,-421.74673653002657
13478.0,835.084045,-307.707092,697.4001232973643,-426.62413421551605
13487.0,836.70459,-312.399017,697.3407176377658,-431.4670108835688
13497.0,838.442627,-317.451508,697.2686514741996,-436.87855124804014
13506.0,840.054443,-322.146423,697.1989693416932,-441.721290953494
13515.0,841.611389,-326.696167,697.1237674144058,-446.61566145598385
13525.0,843.391357,-331.916473,697.0353289397276,-451.9924829169515
13534.0,844.992004,-336.615204,696.9508850067518,-456.8522260548081
13543.0,846.53772,-341.168793,696.8619257007902,-461.729127244705
13552.0,848.078308,-345.724091,696.7681865089842,-466.5714610227804
13561.0,849.662598,-350.428345,696.6667406919784,-471.48259732755656
13571.0,851.359985,-355.494629,696.5477067478525,-476.87606841464134
13580.0,852.881775,-360.056244,696.4331598497262,-481.75243570825995
13589.0,854.445557,-364.767365,696.3119962450236,-486.6114020103295
13598.0,855.954102,-369.333405,696.1831049024184,-491.47016946366193
13608.0,857.622742,-374.409241,696.0299100019591,-496.91450622730696
13617.0,859.119507,-378.979126,695.8874666723154,-501.73840888011955
13626.0,860.659058,-383.698242,695.7378438022386,-506.6138259874946
13635.0,862.146851,-388.271057,695.5841498772646,-511.45462774255503
13645.0,863.849915,-393.516968,695.4070298800492,-516.8809937914835
13654.0,865.332214,-398.091583,695.2453888346065,-521.7387820038473
13663.0,866.813477,-402.666534,695.0836933560288,-526.5448322606355
13672.0,868.343018,-407.388885,694.9184592654777,-531.4197452515989
13682.0,869.988647,-412.472229,694.7367099215277,-536.7597304449829
13691.0,871.470703,-417.046906,694.5717850596969,-541.6001625790304
13700.0,872.954834,-421.620911,694.407654283734,-546.4406217042325
13710.0,874.554993,-426.537781,694.2278736975368,-551.8324097553256
13719.0,876.093567,-431.257202,694.0693246020777,-556.6902998660713
13728.0,877.588196,-435.82782,693.9152681162349,-561.5138456059957
13738.0,879.252869,-440.904968,693.7473927191393,-566.8887733485775
13747.0,880.755981,-445.472778,693.600257803567,-571.7125351816899
13756.0,882.312317,-450.186371,693.4554780648476,-576.5880985133881
13765.0,883.868958,-454.899872,693.3155398744439,-581.4120744885396
13775.0,885.605469,-460.134827,693.1614843127052,-586.8046588718358
13784.0,887.1698,-464.845764,693.0247724078648,-591.6632125659753
13793.0,888.734741,-469.556519,692.8891858644513,-596.5390402150397
13802.0,890.30011,-474.26712,692.7545830622839,-601.3976527978054
13812.0,891.988586,-479.336395,692.6063435898345,-606.7559156251187
13821.0,893.509338,-483.898376,692.4730865685734,-611.6318074963992
13830.0,895.076111,-488.608521,692.340924122764,-616.4904870733706
13839.0,896.589539,-493.172943,692.2044996943229,-621.4007762128412
13849.0,898.267944,-498.245575,692.0502947668175,-626.793356326981
13858.0,899.780579,-502.810242,691.9074374796212,-631.6862194704794
13867.0,901.339233,-507.523071,691.7623615662202,-636.5962606146277
13876.0,902.845642,-512.089783,691.6151044011526,-641.4717497492142
13885.0,904.39502,-516.805664,691.4616547092085,-646.3815363280708
13895.0,906.114868,-522.046082,691.2860260374606,-651.807950849652
13904.0,907.609863,-526.616577,691.1214520497238,-656.7173771359343
13913.0,909.145996,-531.336792,690.9512227150111,-661.6093644538976
13922.0,910.679565,-536.057861,690.7737647979807,-666.5355888701135
13931.0,912.211365,-540.77948,690.5915446828798,-671.4616394322669
13940.0,913.692017,-545.354614,690.4075908970299,-676.3358819353443
13950.0,915.333618,-550.43927,690.19869860513,-681.7611177828225
13959.0,916.810913,-555.015503,690.0092378538277,-686.6179005417554
13968.0,918.289307,-559.59137,689.8186405758532,-691.4918877854576
13977.0,919.817383,-564.314209,689.6283233275924,-696.3831347931771
13986.0,921.301392,-568.888245,689.4407868446932,-701.25724076676
13996.0,922.953857,-573.96936,689.2353188519168,-706.6826073805762
14005.0,924.49176,-578.689026,689.0542442180156,-711.5569576912434
14014.0,925.984375,-583.260254,688.8767716324533,-716.4141932862218
14023.0,927.432922,-587.682739,688.7024191757129,-721.2715418803202
14033.0,929.156433,-592.921997,688.5122935511039,-726.6974678139499
14042.0,930.711121,-597.636108,688.3463678199387,-731.5551115632894
14051.0,932.22168,-602.201477,688.183468050637,-736.4301031160304
14060.0,933.781921,-606.913818,688.0229658528324,-741.3224192331686
14069.0,935.344421,-611.625366,687.8646108552235,-746.2148053218009
14079.0,937.027161,-616.696533,687.6924154599337,-751.5895963998584
14088.0,938.54364,-621.259888,687.5383712487692,-756.4476314475672
14097.0,940.062561,-625.822449,687.3859183602889,-761.3057166938917
14107.0,941.751526,-630.891541,687.2188101915084,-766.6806683445442
14116.0,943.272278,-635.453491,687.0667543280013,-771.590498287857
14125.0,944.840454,-640.163147,686.9161697044176,-776.44864180312
14134.0,946.352417,-644.728027,686.7617522231409,-781.3411537537428
14143.0,947.853943,-649.296387,686.6002001158748,-786.2161901526614
14153.0,949.500977,-654.379272,686.4052135085279,-791.641943576226
14162.0,950.96344,-658.960266,686.2100870835217,-796.5330010921192
14171.0,952.444641,-663.697998,685.9917102145035,-801.4058227097462
14180.0,953.889038,-668.447083,685.7395713725009,-806.346047978896
14189.0,955.334778,-673.357666,685.443155583902,-811.3183475070355
14198.0,956.690247,-678.132874,685.1019708797527,-816.2359456310076
14207.0,957.997986,-682.921387,684.7103366248458,-821.184363342894
14216.0,959.254822,-687.723511,684.2700450332102,-826.1113850619366
14226.0,960.583069,-693.076599,683.7172217262721,-831.5990444179168
14235.0,961.681152,-697.758301,683.1590821934254,-836.5141110469115
14244.0,962.748779,-702.606018,682.5308139140539,-841.455457410647
14253.0,963.741455,-707.469666,681.8334341389553,-846.3701167772982
14262.0,964.655945,-712.348572,681.0539345603038,-851.3073233905036
14271.0,965.487488,-717.24231,680.1927667758614,-856.230941854767
14280.0,966.220337,-721.994934,679.2550034223016,-861.1054485101782
14289.0,966.888916,-726.913574,678.2211736095987,-866.0309550537331
14298.0,967.493896,-731.996704,677.0983448471056,-870.9546183853037
14307.0,967.98584,-736.936157,675.8982290949245,-875.8067674881203
14316.0,968.393799,-742.038879,674.5875351484116,-880.7016287519774
14324.0,968.680359,-746.580078,673.3578509875321,-884.975043940892
14333.0,968.90802,-751.694031,671.8890005967511,-889.7527114956818
14342.0,969.03717,-756.811401,670.3186843609343,-894.5342934213384
14351.0,969.061157,-761.930359,668.6476277759025,-899.2998757490457
14360.0,968.98645,-766.893677,666.901468409137,-903.9649108382089
14369.0,968.787964,-772.00885,665.0349682743054,-908.6388380989715
14378.0,968.487122,-776.963623,663.0618254881225,-913.2687545493592
14387.0,968.06958,-781.909912,660.9945099989105,-917.8195605661722
14396.0,967.533569,-786.844788,658.8337331683921,-922.2884819941706
14405.0,966.890015,-791.766785,656.5345098645371,-926.7654219079104
14414.0,966.113403,-796.826538,654.1404984876402,-931.172794846545
14423.0,965.193359,-802.019836,651.6200705803334,-935.568819025039
14432.0,964.153748,-807.190491,649.0150836688185,-939.8750310475784
14441.0,963.06781,-812.034119,646.3200086317804,-944.1050189007116
14450.0,961.846252,-817.005249,643.5397675132957,-948.2587988729398
14459.0,960.506226,-821.94574,640.6571007168784,-952.3632426639721
14468.0,959.102844,-826.707092,637.6710143128787,-956.4145025643097
14477.0,957.533875,-831.579712,634.5685302415695,-960.4210195056327
14486.0,955.89386,-836.264832,631.4106661443872,-964.2954901892634
14495.0,954.082703,-841.052734,628.1641140233955,-968.0732572867631
14504.0,952.21405,-845.651489,624.8326200981359,-971.7531164507659
14513.0,950.168396,-850.343994,621.3854217658856,-975.3725711600733
14522.0,948.003845,-854.982849,617.8341274637431,-978.9143977329707
14531.0,945.724487,-859.566406,614.1801760164747,-982.3753307882666
14540.0,943.340271,-864.096252,610.4527367377832,-985.7312841724153
14549.0,940.917175,-868.428528,606.6691172061146,-988.9710138149692
14558.0,938.39447,-872.703613,602.7670641432334,-992.1495985136512
14567.0,935.845886,-876.781494,598.8284578408683,-995.1990255602021
14576.0,932.933899,-881.178833,594.7569858587614,-998.1867204796096
14585.0,930.092407,-885.248962,590.6927528036324,-1001.00654483215
14594.0,927.335083,-888.997742,586.5857715959526,-1003.7014022342482
14603.0,924.287598,-892.916016,582.3523980398908,-1006.3263161856194
14612.0,921.138916,-896.753479,578.0657438446357,-1008.8292766430039
14621.0,917.895569,-900.51123,573.7147001630034,-1011.2185514537917
14630.0,914.569702,-904.196167,569.3200960634258,-1013.4894223249685
14639.0,911.16156,-907.805176,564.8578665372576,-1015.6639850158839
14648.0,907.679565,-911.342957,560.3016685294319,-1017.760955784971
14657.0,904.11969,-914.802368,555.7475550176514,-1019.7358647354662
14666.0,900.485596,-918.183716,551.1183848131694,-1021.6211795506983
14675.0,896.786926,-921.494263,546.4809878006045,-1023.3917060793846
14684.0,893.022888,-924.730347,541.7910364628414,-1025.0697946845187
14693.0,889.314819,-927.792114,537.0676722418859,-1026.6513936708213
14702.0,885.428894,-930.880798,532.2971794357469,-1028.1433813119108
14711.0,881.36792,-933.997375,527.5325075030269,-1029.5355438794606
14721.0,876.937744,-937.282715,522.2611465445923,-1030.9725792803897
14730.0,872.910706,-940.184998,517.434409729252,-1032.2031225070607
14739.0,868.847107,-943.035889,512.6575384694393,-1033.348134308333
14748.0,864.742249,-945.826965,507.8306828688584,-1034.4301993325919
14757.0,860.735657,-948.486206,503.0396968905648,-1035.4336789294473
14766.0,856.702942,-951.105652,498.2207151121416,-1036.3860263855279
14775.0,852.647034,-953.689087,493.3925061997244,-1037.2904321329297
14784.0,848.436096,-956.317444,488.5390621901926,-1038.1525571572618
14794.0,843.730225,-959.194031,483.18473704987883,-1039.0514577536412
14803.0,839.607788,-961.669861,478.333312983937,-1039.8216756385796
14812.0,835.467041,-964.114929,473.5271567247766,-1040.546310826998
14821.0,831.309143,-966.530762,468.68164178663466,-1041.2402149484396
14831.0,826.670227,-969.181946,463.3187775992517,-1041.9679857612025
14840.0,822.480469,-971.542114,458.4980444153263,-1042.5882806210568
14849.0,818.276184,-973.876221,453.6392264615273,-1043.1819185893091
14858.0,813.92511,-976.265442,448.7940518510289,-1043.7443792260797
14867.0,809.697998,-978.557922,443.9458872870673,-1044.280456958215
14877.0,804.834961,-981.159973,438.51201111285883,-1044.8508137071017
14886.0,800.722656,-983.338379,433.6926156639365,-1045.330825124954
14895.0,796.462646,-985.569214,428.8195171678007,-1045.7928088827614
14904.0,791.919556,-987.928101,423.9615481714022,-1046.2312335674746
14913.0,787.505005,-990.197815,419.0674450485213,-1046.6523103781462
14923.0,782.739624,-992.61438,413.6389397112407,-1047.0945787091623
14932.0,778.442566,-994.77301,408.79268922041837,-1047.4661837736664
14941.0,774.137329,-996.915222,403.87614390564323,-1047.8222181526141
14950.0,769.823669,-999.040466,399.0269691719816,-1048.1534862406916
14959.0,765.501587,-1001.148499,394.14209148946145,-1048.4673141749595
14969.0,760.533325,-1003.543579,388.7225797963139,-1048.7924495286263
14978.0,756.05072,-1005.675781,383.8178265755748,-1049.0625363693434
14987.0,751.693665,-1007.710571,378.85988693152956,-1049.3055378650854
14996.0,747.180359,-1009.776978,373.917556339144,-1049.5123421715246
15005.0,742.792786,-1011.745117,368.9737642226272,-1049.6806253086747
15014.0,738.248718,-1013.742981,363.977088397205,-1049.8104691773733
15023.0,733.546509,-1015.766235,359.0312227308548,-1049.8988576155853
15032.0,729.114258,-1017.631531,354.06756446403915,-1049.9469393293782
15041.0,724.379761,-1019.577942,349.08644269695503,-1049.95407086127
15050.0,719.917358,-1021.369873,344.1226737422225,-1049.9192426405027
15059.0,715.294617,-1023.178345,339.1249325405993,-1049.8404288333693
15068.0,710.658142,-1024.951294,334.16252322557995,-1049.719148038774
15077.0,706.006958,-1026.685303,329.184085057316,-1049.5555072063416
15086.0,701.34082,-1028.37854,324.207228038637,-1049.3493055262015
15096.0,696.138306,-1030.209839,318.7333304863882,-1049.071092567775
15105.0,691.440857,-1031.814331,313.79569081035635,-1048.7725726601318
15114.0,686.580383,-1033.420532,308.8267221556456,-1048.424757442281
15123.0,681.852234,-1034.932129,303.8786406271904,-1048.0288983402027
15132.0,677.108826,-1036.395142,298.9176808269771,-1047.5811229747185
15141.0,672.34906,-1037.804077,293.944659533875,-1047.0784422082863
15150.0,667.423462,-1039.197876,288.96071665182166,-1046.515823295211
15159.0,662.628052,-1040.480225,283.98437717073125,-1045.889507031762
15168.0,657.663452,-1041.728027,278.98326729698135,-1045.1880050266152
15177.0,652.679932,-1042.898071,274.01042721236854,-1044.4132274552476
15186.0,647.829102,-1043.951416,269.06773743159584,-1043.5611450508022
15194.0,643.367798,-1044.84668,264.64758427825535,-1042.7250915979446
15203.0,638.332397,-1045.768066,259.73548338848406,-1041.7114390235247
15212.0,633.281616,-1046.600952,254.82513095194608,-1040.6078731028783
15221.0,628.217163,-1047.346558,249.96858259544726,-1039.4256858099436
15230.0,623.448792,-1047.96875,245.13366039209998,-1038.1579492354986
15239.0,618.516174,-1048.525391,240.28805934255607,-1036.7979605366907
15248.0,613.421387,-1049.023071,235.5318792116456,-1035.377057372062
15257.0,608.474365,-1049.432007,230.79897318656157,-1033.8804559559658
15266.0,603.521851,-1049.767578,226.07297039521595,-1032.306758865208
15275.0,598.4104,-1050.045166,221.3705741705647,-1030.6638667008672
15285.0,592.899109,-1050.259399,216.19134115056377,-1028.7676694166973
15294.0,587.936829,-1050.38623,211.52288235019023,-1026.9818583505928
15303.0,582.818176,-1050.447266,206.8956183051647,-1025.1379352570555
15312.0,577.854309,-1050.442383,202.29429297299023,-1023.2302062132036
15321.0,572.89093,-1050.371216,197.68728121614095,-1021.2473624560824
15330.0,567.928894,-1050.235107,193.17050340751567,-1019.2304048627972
15339.0,562.814331,-1050.022339,188.65059392863648,-1017.1370718219256
15348.0,557.703064,-1049.741211,184.14460516825795,-1014.973811776085
15357.0,552.596375,-1049.38623,179.68515328317375,-1012.7545970947426
15366.0,547.495605,-1048.954346,175.28940552272732,-1010.485940811364
15375.0,542.401794,-1048.447021,170.94377947438701,-1008.1589873182264
15384.0,537.469727,-1047.885864,166.61822651670707,-1005.7591974699503
15393.0,532.546204,-1047.254028,162.29799039161495,-1003.2798457924516
15402.0,527.632141,-1046.552368,158.01382707007915,-1000.7386709555556
15411.0,522.575745,-1045.754028,153.78195019138627,-998.144170363048
15420.0,517.83667,-1044.938354,149.63279957050284,-995.5147027015032
15429.0,512.80542,-1043.994385,145.45037785260303,-992.7777377203191
15438.0,507.787567,-1042.981812,141.3653018133425,-990.0188734495188
15448.0,502.568115,-1041.839111,136.88517280884983,-986.891452595087
15457.0,497.734711,-1040.708496,132.85942427560406,-983.9873926804178
15466.0,493.068115,-1039.547852,128.9180553013048,-981.0556420657988
15475.0,488.417908,-1038.32312,124.99145824108871,-978.0471149789529
15484.0,483.634552,-1036.996582,121.13409297784656,-975.0056869781907
15493.0,478.868439,-1035.609375,117.31804198311565,-971.9125807945167
15502.0,473.97345,-1034.111572,113.4908332207532,-968.7244625397208
15511.0,469.100433,-1032.543823,109.74781718911191,-965.5168139775938
15520.0,464.399109,-1030.950806,106.03960809898204,-962.2428889556269
15529.0,459.870178,-1029.334351,102.35699347006607,-958.8887908037892
15539.0,454.547211,-1027.330078,98.34256842224077,-955.1066736253621
15548.0,449.642822,-1025.390137,94.83884819638976,-951.6884193158536
15557.0,445.060669,-1023.481201,91.34587477200783,-948.1614727756437
15566.0,440.513855,-1021.489563,87.94081696283637,-944.5970991101256
15575.0,436.006561,-1019.410034,84.59202468714733,-940.9563588008109
15584.0,431.676971,-1017.317444,81.301700584898,-937.2396421660519
15593.0,427.24884,-1015.07428,78.07085513580569,-933.448433572299
15602.0,422.863342,-1012.74884,74.93410714594518,-929.6234875918061
15611.0,418.656433,-1010.419373,71.86988770799704,-925.7401953105474
15620.0,414.354889,-1007.942078,68.86726554198715,-921.787414597034
15629.0,409.966553,-1005.306396,65.93628365262065,-917.781224336307
15638.0,405.755402,-1002.678345,63.06779331585454,-913.7089537037058
15647.0,401.594696,-999.97113,60.27426505304804,-909.5848992954604
15656.0,397.483887,-997.188782,57.54821837418142,-905.3953529907601
15666.0,393.094482,-994.142212,54.67217130129384,-900.7904454754128
15675.0,389.182251,-991.346008,52.118954959401364,-896.5737803686332
15684.0,385.204285,-988.376831,49.61680572924551,-892.3066210166036
15693.0,381.162231,-985.235779,47.20754516649273,-888.006081300242
15702.0,377.180481,-982.018616,44.86723566927068,-883.6285058642102
15711.0,373.377472,-978.82843,42.63443305710499,-879.2531037623485
15720.0,369.628479,-975.574951,40.48290776261122,-874.8371678519167
15730.0,365.52948,-971.884644,38.19656167646322,-869.9127956518568
15739.0,361.90033,-968.497986,36.18298159811705,-865.3567973874416
15748.0,358.330872,-965.048462,34.26383002443193,-860.7976026183179
15757.0,354.819763,-961.539551,32.4118528518898,-856.1735561793589
15766.0,351.367157,-957.973083,30.64556314583457,-851.5345437936004
15775.0,347.971191,-954.352661,28.958253900557736,-846.8662247436936
15784.0,344.637451,-950.674805,27.34483085153383,-842.153636178781
15793.0,341.272614,-946.817078,25.811457671285204,-837.3962844549013
15802.0,338.075836,-943.019592,24.378601855610984,-832.6436915360403
15811.0,335.03479,-939.294495,23.031030535007865,-827.8662165987093
15820.0,331.943115,-935.41095,21.75288664497024,-823.0518658518665
15829.0,328.897797,-931.490967,20.550638105208463,-818.2713034623689
15838.0,325.987579,-927.662781,19.397165729105527,-813.4432897177214
15847.0,323.118988,-923.803284,18.310150400887842,-808.6528879877942
15857.0,319.862244,-919.352051,17.150519715427947,-803.2607385565098
15866.0,316.884399,-915.188293,16.14844507634923,-798.3638543275003
15875.0,314.044373,-911.117126,15.207548007554992,-793.5075066863694
15884.0,311.252777,-907.012573,14.326021087874818,-788.6400319822275
15893.0,308.502563,-902.880188,13.49544459554829,-783.7286403660294
15902.0,305.790283,-898.722839,12.721997137299345,-778.8428263361146
15911.0,303.11441,-894.541931,11.995783726672295,-773.9497686225958
15920.0,300.473328,-890.338989,11.311908722034627,-769.0332118783945
15929.0,297.867828,-886.113892,10.670371740735792,-764.1109516716842
15938.0,295.288635,-881.872681,10.06612443643555,-759.1666104503978
15947.0,292.738464,-877.613953,9.503040342826672,-754.2694567245318
15956.0,290.292664,-873.473633,8.975862876487898,-749.4029793677063
15965.0,287.795593,-869.183533,8.471848256357434,-744.447417423793
15974.0,285.322998,-864.879272,8.001791589763524,-739.5058324583077
15984.0,282.693604,-860.227966,7.51667968046491,-734.0117733713085
15993.0,280.199921,-855.757385,7.112956722846291,-729.0643272609996
16002.0,277.805481,-851.40918,6.740440192023191,-724.1317183022592
16011.0,275.432312,-847.049316,6.395767939227837,-719.1970855151357
16020.0,273.153534,-842.814758,6.080529821354653,-714.3122986339555
16029.0,270.894928,-838.569397,5.786365210373914,-709.3743975730563
16038.0,268.583649,-834.176392,5.516494666552193,-704.4523707343631
16047.0,266.287659,-829.775391,5.268936925783971,-699.5291712181719
16056.0,264.006683,-825.366638,5.039361974983915,-694.570591725728
16065.0,261.738831,-820.951111,4.828095742304308,-689.6284498535707
16075.0,259.307648,-816.193176,4.612552668557028,-684.1689756773344
16084.0,257.058563,-811.768066,4.43195926851302,-679.242865210132
16093.0,254.821747,-807.336731,4.265447641128581,-674.33350426029
16102.0,252.528015,-802.760376,4.111302758959276,-669.3547630265476
16111.0,250.312988,-798.318115,3.9736786116876983,-664.4617498915154
16120.0,248.178436,-794.009033,3.8478408249980443,-659.516695336
16129.0,245.986572,-789.555298,3.7361369278127796,-654.6230218502774
16139.0,243.557373,-784.603638,3.624566340750043,-649.1604337181066
16148.0,241.375443,-780.14502,3.533590984671151,-644.2146149597846
16157.0,239.201385,-775.682556,3.4524479612039576,-639.3375774590178
16166.0,236.967529,-771.07666,3.3798273599303044,-634.4086927414057
16175.0,234.809769,-766.606262,3.3175877562416365,-629.4969031195263
16184.0,232.722794,-762.273987,3.263768989690198,-624.533303741927
16193.0,230.573547,-757.7995,3.216832034788297,-619.5696345181368
16202.0,228.496185,-753.462585,3.1764013865350167,-614.6403806522945
16212.0,226.121063,-748.484741,3.13910410514774,-609.1423082917624
16221.0,224.055191,-744.142334,3.1130634492691813,-604.2474293525289
16230.0,221.929062,-739.656799,3.093462321572908,-599.2663410464396
16239.0,219.741089,-735.028931,3.081079028833347,-594.3197011404366
16248.0,217.688721,-730.680115,3.074515106733369,-589.3902858377716
16257.0,215.570724,-726.190735,3.0716217201663643,-584.4608670140609
16266.0,213.522049,-721.84021,3.0723041153538824,-579.5142116551403
16275.0,211.346161,-717.206665,3.0773460839840956,-574.5503230766697
16284.0,209.242218,-712.710693,3.087814006086023,-569.6553860629668
16294.0,206.910782,-707.71228,3.1066232365276383,-564.174455204471
16303.0,204.818802,-703.210754,3.129919643919766,-559.2967983641911
16312.0,202.665268,-698.566772,3.159914835076959,-554.332997851535
16321.0,200.578384,-694.062866,3.1942462596341414,-549.4381700405902
16330.0,198.493881,-689.557861,3.232152017650367,-544.4916598708754
16339.0,196.476212,-685.192871,3.2728677682076093,-539.5796446748949
16348.0,194.392624,-680.687439,3.316055905142165,-534.6676505948193
16358.0,192.0802,-675.680176,3.366042083897091,-529.1696789551327
16367.0,189.93335,-671.033081,3.412204931427263,-524.2577119306732
16376.0,187.916748,-666.667603,3.4596875981525463,-519.3285209516584
16385.0,185.835983,-662.160889,3.5075994754974564,-514.433807231989
16394.0,183.82309,-657.793701,3.5574318908454043,-509.50463944811116
16403.0,181.679352,-653.145203,3.6096252072722,-504.59273280042254
16413.0,179.373856,-648.134766,3.6688934567293807,-499.1810371398351
16422.0,177.292801,-643.628174,3.7229058563421713,-494.28638693719563
16431.0,175.206467,-639.124023,3.7737654202259283,-489.4261762989073
16440.0,173.11702,-634.621277,3.8199696570002857,-484.53144616191156
16449.0,171.089325,-630.260925,3.8617531070690565,-479.6711490221214
16459.0,168.684799,-625.106384,3.904506378466337,-474.1903526365104
16468.0,166.520798,-620.467285,3.9401831498793833,-469.27829825714235
16477.0,164.489258,-616.108704,3.9752095796169664,-464.43518390751257
16486.0,162.459106,-611.749512,4.012049078792995,-459.5403743303369
16495.0,160.42981,-607.389893,4.050058128843706,-454.68004620809387
16505.0,158.17717,-602.544861,4.095101025354819,-449.21650447812556
16514.0,156.148865,-598.184814,4.136454778075991,-444.35620366326975
16523.0,154.185043,-593.96582,4.177006671438686,-439.5131324271309
16532.0,152.154999,-589.606567,4.2171109093686585,-434.6872937895384
16542.0,149.903778,-584.760925,4.263413879242052,-429.3099444032788
16551.0,147.884384,-580.396729,4.309342620608171,-424.48415768434063
16560.0,145.867798,-576.03125,4.360780337946717,-419.6756632567883
16570.0,143.632965,-571.177979,4.4243335451751316,-414.28125314659604
16579.0,141.560669,-566.667358,4.486134124789756,-409.49011790319895
16588.0,139.489502,-562.156189,4.5535283084636875,-404.59563366382116
16597.0,137.417984,-557.645203,4.622867294938874,-399.71841405844344
16607.0,135.119659,-552.63147,4.701096714296943,-394.3241968209714
16616.0,133.118118,-548.259033,4.773340757681179,-389.51596998597677
16625.0,131.052551,-543.7453,4.848965678218364,-384.65608161121486
16634.0,129.053604,-539.371704,4.926907190682761,-379.7445160585095
16644.0,126.762627,-534.354614,5.0145953408946,-374.36768230850026
16653.0,124.827507,-530.122375,5.095423140515786,-369.5078776817112
16662.0,122.825325,-525.750244,5.175825828701274,-364.6308279196238
16671.0,120.755058,-521.238708,5.254111720383772,-359.736505774048
16681.0,118.599854,-516.538574,5.338727474283177,-354.32514708861544
16690.0,116.595161,-512.167603,5.414885621916438,-349.4652670406802
16699.0,114.526215,-507.655426,5.492664946440647,-344.5536989168987
16708.0,112.521324,-503.284546,5.569755663335459,-339.7283094064706
16718.0,110.224594,-498.27005,5.658012300670224,-334.2997708594642
16727.0,108.095589,-493.614777,5.739911309263907,-329.40550784059184
16736.0,106.032104,-489.100098,5.823862397312327,-324.52851786838977
16745.0,103.970627,-484.584503,5.909925335587465,-319.6515647063447
16754.0,101.910378,-480.068359,5.997164745581888,-314.7918709475659
16764.0,99.619064,-475.051392,6.096087220776429,-309.3290391323337
16773.0,97.620811,-470.67746,6.183646667666711,-304.48658966975484
16782.0,95.620209,-466.304596,6.271086400542176,-299.609660998218
16791.0,93.545479,-461.795074,6.356346709080856,-294.732693738339
16801.0,91.307159,-456.94342,6.440729819613723,-289.28685578957936
16810.0,89.297318,-452.574799,6.510407100765781,-284.37516604628547
16819.0,87.35466,-448.346039,6.583481670548126,-279.4980009802479
16828.0,85.347359,-443.976257,6.660337542306408,-274.5864183195505
16837.0,83.33725,-439.607758,6.736353360423231,-269.72653604328616
16847.0,81.025688,-434.600098,6.817689082940294,-264.3151270633183
16856.0,78.94458,-430.093536,6.887747660507444,-259.43791774139527
16865.0,76.862511,-425.587402,6.9566304120294795,-254.54345422512986
16874.0,74.910156,-421.363098,7.024489617421544,-249.6834512136086
16883.0,72.824921,-416.858429,7.092411457240824,-244.77173688136725
16893.0,70.580276,-412.009705,7.166340854296434,-239.34298431428167
16902.0,68.49453,-407.50528,7.232466412301884,-234.46572008269604
16911.0,66.411545,-402.999573,7.300437972958181,-229.5540064382712
16920.0,64.332359,-398.492126,7.3709277851976,-224.6768033298804
16929.0,62.321415,-394.124023,7.445764052690337,-219.76518948197307
16939.0,60.013031,-389.114899,7.5316439340896535,-214.3366128143429
16948.0,57.933022,-384.607819,7.610376100035341,-209.40782193246483
16957.0,55.856297,-380.099213,7.689191180772793,-204.5135082800148
16966.0,53.779942,-375.590454,7.770063085416822,-199.61922818172152
16975.0,51.707512,-371.079895,7.854042436289851,-194.70776215552178
16985.0,49.40416,-366.068451,7.948855192325874,-189.31381091469964
16994.0,47.332928,-361.557343,8.039600183279852,-184.38522656847448
17003.0,45.257084,-357.04834,8.131910708633647,-179.49114885020933
17012.0,43.176846,-352.541351,8.221799928012217,-174.5625488218566
17021.0,40.962795,-347.754456,8.308570909792529,-169.61665451422084
17030.0,38.943954,-343.389984,8.39172059401425,-164.7568890596165
17039.0,36.859119,-338.885132,8.475088881908935,-159.8281744158364
17049.0,34.613926,-334.036682,8.565748655210019,-154.41691361508586
17058.0,32.592449,-329.673431,8.647217483311065,-149.52264341662334
17067.0,30.503689,-325.17041,8.728008536681509,-144.62836198303108
17076.0,28.415941,-320.666901,8.808372056009937,-139.7340735107124
17085.0,26.398813,-316.301636,8.8910452768467,-134.8398235085091
17095.0,24.162413,-311.449127,8.98797963214713,-129.4286714704495
17104.0,22.082523,-306.941986,9.07975057288768,-124.53458360446814
17113.0,20.003645,-302.434387,9.172723118617586,-119.65775727170988
17122.0,17.927835,-297.925385,9.268086115248227,-114.76373808045368
17132.0,15.619981,-292.916016,9.376295212982336,-109.35279976631611
17141.0,13.607137,-288.548798,9.474960868938501,-104.45884604423769
17150.0,11.52926,-284.040741,9.573869322330173,-99.54765798270745
17159.0,9.514221,-279.67453,9.671818169465936,-94.65368986175946
17168.0,7.43425,-275.167419,9.768266217987325,-89.7769310253928
17177.0,5.349501,-270.662537,9.862677784741031,-84.90013233873297
17187.0,3.028965,-265.659027,9.964133556757044,-79.45458569952235
17196.0,0.935842,-261.15802,10.050632719643115,-74.59487870850201
17205.0,-1.094711,-256.798981,10.134192265101047,-69.70064375829035
17214.0,-3.192795,-252.300293,10.214392323685713,-64.82359065987663
17223.0,-5.229765,-247.94426,10.291999001969044,-59.91201980511202
17233.0,-7.570428,-242.950134,10.37398989532462,-54.48338300718803
17242.0,-9.677771,-238.455765,10.445264202544095,-49.60619130014427
17251.0,-11.719483,-234.101959,10.51606302035192,-44.71175512496277
17260.0,-13.760718,-229.747925,10.586160244727306,-39.886258955127126
17270.0,-16.02796,-224.909729,10.666413321062528,-34.45759618846844
17279.0,-18.069901,-220.55603,10.738828427035138,-29.597658925892006
17288.0,-20.11364,-216.203171,10.810432792448305,-24.703234469392342
17297.0,-22.159632,-211.851364,10.880203014507854,-19.826021013920062
17307.0,-24.435478,-207.017212,10.956388039056801,-14.414537068617374
17316.0,-26.552525,-202.527405,11.024467842035072,-9.520062317846165
17325.0,-28.604504,-198.178421,11.090698722672135,-4.677274182399768
17334.0,-30.728628,-193.691956,11.155313853918388,0.2172475337972779
17343.0,-32.788914,-189.346909,11.215614313102009,5.077350207442583
17353.0,-35.080639,-184.520264,11.278636751578485,10.506240348404713
17362.0,-37.209278,-180.03595,11.333360460265306,15.383645835939419
17371.0,-39.336353,-175.550888,11.388372535839546,20.261048079519995
17380.0,-41.395981,-171.205521,11.444386185018285,25.103965167957092
17390.0,-43.683254,-166.37677,11.5075498405864,30.429432133870126
17399.0,-45.74062,-162.030334,11.565866800083393,35.2378480508642
17408.0,-47.799782,-157.684753,11.625122745236338,40.06348952521014
17418.0,-50.162777,-152.701157,11.691363471767659,45.49234135193337
17427.0,-52.291241,-148.216751,11.74901550664945,50.318002254737785
17436.0,-54.288536,-144.013504,11.804940320935243,55.1436834834464
17446.0,-56.656616,-139.032318,11.865331772473718,60.48641944568402
17455.0,-58.72023,-134.688843,11.91856249861698,65.24318395657885
17464.0,-60.850899,-130.20549,11.972630684815472,70.03441269912355
17474.0,-63.222862,-125.226151,12.032627031739628,75.4116267385013
17483.0,-65.296593,-120.887497,12.084212487833517,80.28906642699191
17492.0,-67.375168,-116.551163,12.131066575840096,85.11484425035036
17502.0,-69.688591,-111.734879,12.178411607703154,90.50942096173668
17511.0,-71.772377,-107.401047,12.218421806079773,95.35249670328731
17520.0,-73.787521,-103.206337,12.258052771177697,100.19557556295662
17529.0,-75.869858,-98.871811,12.298429482655528,105.02141192851377
17539.0,-78.185112,-94.056412,12.34326791291104,110.38153739187204
17548.0,-80.336967,-89.583191,12.383099463063495,115.2418509199651
17557.0,-82.422745,-85.25032,12.421907957141894,120.0504638591976
17567.0,-84.741219,-80.43647,12.46440879912432,125.46231717637696
17576.0,-86.82885,-76.104485,12.501277013227185,130.30541785560706
17585.0,-88.850868,-71.913078,12.536558669496396,135.11405796517005
17595.0,-91.169357,-67.099236,12.575549460440847,140.49146534281468
17604.0,-93.317749,-62.624348,12.613276732560415,145.3345594062527
17613.0,-95.39502,-58.287388,12.65621999482504,150.1948464368691
17622.0,-97.469704,-53.949192,12.703246324382755,155.02062258483843
17632.0,-99.771057,-49.127136,12.75963965931961,160.39787561763316
17641.0,-101.838776,-44.785618,12.814333327097328,165.2235709570292
17650.0,-103.905113,-40.443439,12.873060595342487,170.0664558991205
17660.0,-106.126358,-35.774132,12.94081832508419,175.4263406327533
17669.0,-108.191505,-31.431389,13.002549244606735,180.23471393275216
17678.0,-110.326057,-26.949884,13.064383173158022,185.06032306230705
17688.0,-112.70549,-21.974112,13.129768481513715,190.42023726210735
17697.0,-114.855598,-17.50005,13.183110112108839,195.2976580604996
17706.0,-117.010193,-13.028145,13.229731970845155,200.15791119650393
17715.0,-119.099579,-8.697009,13.271445564897029,205.01820893633666
17725.0,-121.428253,-3.888086,13.313208875715043,210.39559549606946
17734.0,-123.595505,0.577698,13.34749787835224,215.2559512863453
17743.0,-125.691589,4.905595,13.381144643636716,220.1335477097194
17752.0,-127.85276,9.374327,13.41692168417871,224.97665657260288
17762.0,-130.175583,14.186083,13.461240876366531,230.40573161348888
17771.0,-132.330078,18.658033,13.504635179215178,235.28325105564636
17780.0,-134.412033,22.992748,13.552076999327475,240.16073280833885
17789.0,-136.554977,27.470245,13.605306900652927,245.0381548273701
17799.0,-138.860626,32.290253,13.670332506127101,250.41531040049222
17808.0,-140.931427,36.630302,13.734169404486781,255.29260512447104
17817.0,-143.066452,41.111584,13.802079407659,260.1181325710255
17826.0,-145.201447,45.592876,13.874078494328165,264.99531363242204
17836.0,-147.502869,50.414902,13.953817399523523,270.4067463775675
17845.0,-149.579285,54.75227,14.022525457892106,275.30121234927736
17854.0,-151.727982,59.227013,14.085336892457356,280.1612832198964
17863.0,-153.816177,63.55872,14.14166116970236,285.02143360024087
17873.0,-156.215942,68.524719,14.197538798638812,290.4676386242992
17882.0,-158.309692,72.853745,14.242240596784177,295.2762003892981
17891.0,-160.403915,77.182541,14.28521745094026,300.1364871229977
17900.0,-162.497955,81.511429,14.327213503297433,304.9623096681759
17910.0,-164.823608,86.321815,14.374747248226846,310.3741211201139
17919.0,-166.978958,90.793358,14.419591327723596,315.1999180402606
17928.0,-169.061279,95.127892,14.469915041174533,320.06013425640106
17938.0,-171.516891,100.258286,14.53330232074746,325.4717832380907
17947.0,-173.589172,104.597633,14.596711801290795,330.2973719217376
17956.0,-175.791565,109.218651,14.666753200073,335.1573439737363
17965.0,-177.920959,113.702606,14.742590385224197,340.0172290408051
17975.0,-180.286819,118.684845,14.833818960135986,345.46295661575897
17984.0,-182.416412,123.168709,14.91898053045921,350.33992560080327
17993.0,-184.478348,127.512978,15.00538896609322,355.2168726536628
18002.0,-186.538727,131.857986,15.093415717811837,360.09379076504297
18011.0,-188.597473,136.203766,15.18400890099433,364.9706618776832
18021.0,-190.883301,141.033203,15.28709082726183,370.38170029601946
18030.0,-193.002777,145.521851,15.383089878903327,375.27570705200117
18039.0,-195.049377,149.873367,15.483810815555639,380.1523795104554
18048.0,-197.147003,154.372284,15.594137004951602,385.02884412183903
18057.0,-199.157242,158.740707,15.72111419113981,389.9049035727001
18067.0,-201.42981,163.76619,15.892959065571388,395.3831721132039
18076.0,-203.444077,168.30304,16.078410868166134,400.25735785064336
18085.0,-205.420776,172.856384,16.300367106086476,405.1472712827972
18094.0,-207.411667,177.572388,16.56665114971973,410.0694934556928
18103.0,-209.287628,182.168137,16.884677790688624,414.98864352118915
18112.0,-211.158295,186.933105,17.269888003335822,420.0067140551991
18121.0,-212.959793,191.724655,17.717668693802313,424.9676733747775
18130.0,-214.642548,196.394623,18.234606546023677,429.9045742749233
18139.0,-216.254654,201.089447,18.82837110568035,434.8501853155291
18148.0,-217.768295,205.816925,19.509727196180535,439.8018903362815
18157.0,-219.176697,210.576813,20.29663876420681,444.7728247531022
18166.0,-220.431625,215.218948,21.19399543456464,449.7250131378863
18175.0,-221.611343,220.040619,22.20515971239363,454.63762685119235
18184.0,-222.703262,225.200485,23.347730268519065,459.52135075997296
18193.0,-223.549011,229.934296,24.61548117361534,464.2849613605433
18202.0,-224.255569,234.847641,26.040493383990093,469.0219160685668
18211.0,-224.804901,239.937088,27.634964938856132,473.7409504377984
18221.0,-225.179581,245.439789,29.569243506009922,478.8323979626348
18230.0,-225.315216,250.246643,31.487370589303985,483.3358751123319
18239.0,-225.251038,255.054977,33.576033823767546,487.7437731223959
18248.0,-224.990677,259.856689,35.80568401164443,491.9849352593418
18258.0,-224.42627,265.169861,38.532262731287084,496.63998283511
18267.0,-223.741104,269.615906,41.142134264924195,500.63779382172027
18276.0,-222.848984,274.025085,43.93986612506201,504.50646524037336
18286.0,-221.506638,279.196808,47.221541783941355,508.5911527255218
18296.0,-219.901672,284.293152,50.68365123567352,512.4549180101822
18305.0,-218.281616,288.655701,53.963427779271164,515.7563578476858
18315.0,-216.168335,293.56311,57.795294348693,519.2281215574777
18325.0,-214.061691,297.90506,61.750583926023864,522.4505139852948
18334.0,-211.870407,302.010498,65.48640070718149,525.2254215791125
18344.0,-209.255371,306.471191,69.80292050920465,528.1650477439363
18354.0,-206.568573,310.686005,74.2193711305309,530.9198583452948
18363.0,-203.942612,314.527985,78.32893698393578,533.2815155548404
18373.0,-200.674347,318.970764,83.00485803597,535.7582794749941
18382.0,-197.712387,322.759033,87.26489300387428,537.8362733034546
18391.0,-194.647263,326.464325,91.63222910147726,539.8073571785648
18401.0,-191.121017,330.478546,96.54939775129183,541.8533387331483
18410.0,-187.869247,334.021179,101.03855146432517,543.5772190768282
18419.0,-184.5504,337.501068,105.59885703793957,545.2083525874986
18429.0,-180.774445,341.281372,110.73405049572432,546.917080418184
18438.0,-177.199341,344.725037,115.39424599225583,548.3574473534652
18447.0,-173.561203,348.102051,120.08148804374179,549.7072032295065
18456.0,-169.865738,351.416229,124.8591371623161,550.9891816245612
18465.0,-166.238846,354.57373,129.62430992744558,552.1819429486901
18475.0,-162.01712,358.122955,134.9460645770449,553.41937761246
18484.0,-158.292404,361.164459,139.73103955307394,554.4511394184435
18493.0,-154.407227,364.254059,144.53016157198607,555.4149577587459
18502.0,-150.485672,367.297363,149.32439884079915,556.3134943381168
18511.0,-146.531128,370.297668,154.16285842409874,557.1613504100098
18521.0,-142.239975,373.48114,159.48697515402864,558.0316839628355
18530.0,-138.3517,376.310547,164.34289929767473,558.7730015526878
18539.0,-134.437698,379.104248,169.18848997884638,559.466376556602
18548.0,-130.377182,381.959503,174.03995419986532,560.1173856638221
18557.0,-126.4226,384.695465,178.8964993114708,560.7293395219285
18567.0,-121.861107,387.795929,184.2714345917036,561.3618214438385
18576.0,-117.865562,390.471741,189.13729399234268,561.8946724912456
18585.0,-113.721901,393.204926,194.0240333407418,562.3940016398993
18594.0,-109.820488,395.74173,198.82831894357525,562.8513491580633
18603.0,-105.642563,398.422241,203.72133092088677,563.2849213524823
18613.0,-100.980957,401.370026,209.09805539000806,563.7259807931774
18622.0,-97.034821,403.8367,213.91023011753094,564.0910852957124
18631.0,-92.944183,406.364746,218.74146248149896,564.4319332085722
18640.0,-88.710991,408.957092,223.59150020232545,564.7503170183519
18650.0,-84.142967,411.728668,228.97627259108148,565.0788375936047
18659.0,-80.154877,414.126923,233.8289403005885,565.3542468252216
18668.0,-75.894485,416.674316,238.66537698877363,565.6108859016446
18677.0,-71.759766,419.129608,243.55426101828212,565.8544652347729
18687.0,-67.155067,421.839813,248.96045038389764,566.1056209461151
18696.0,-63.004875,424.268829,253.8336772094594,566.3147603273158
18705.0,-58.850124,426.690063,258.7074797926207,566.5100225984141
18714.0,-54.559742,429.186615,263.58165890781106,566.6956483702461
18724.0,-49.63702,432.035797,269.0245652159762,566.8932398529795
18733.0,-45.605274,434.359894,273.8305109668602,567.0580122357602
18742.0,-41.165527,436.90802,278.7573751363875,567.2167187771091
18751.0,-36.855938,439.371277,283.59842057164286,567.3625356079739
18761.0,-32.211475,442.012756,289.00833945376286,567.5133346036467
18770.0,-27.891966,444.458588,293.88444397372996,567.6385691216536
18779.0,-23.568911,446.898132,298.77801208055445,567.7547979019984
18788.0,-19.241182,449.329376,303.68901670027185,567.8624300672732
18797.0,-14.910296,451.755005,308.5485077848617,567.9603103132038
18807.0,-10.394701,454.274078,313.95960976332447,568.0599999661832
18816.0,-6.191823,456.610748,318.81940601134255,568.1413299821746
18825.0,-2.120987,458.865692,323.71379990411515,568.2149938668183
18834.0,2.089744,461.188202,328.57384477784854,568.2797856027883
18844.0,6.770587,463.764679,334.00273236358214,568.3430277711188
18853.0,11.121936,466.153412,338.914662749218,568.392937134336
18862.0,15.340902,468.460907,343.74048049867133,568.4354807007364
18871.0,19.699396,470.836578,348.6352963798085,568.4714728565202
18880.0,24.060726,473.207031,353.4784528634242,568.5000863072735
18890.0,28.757847,475.753693,358.89041611405,568.5249141567589
18899.0,33.124962,478.113464,363.71639527700177,568.5407894437404
18908.0,37.494064,480.469543,368.59409710226083,568.5509814990054
18917.0,41.864502,482.823151,373.4718069177684,568.5560736346257
18927.0,46.72208,485.435425,378.8665912824168,568.5571253184537
18936.0,50.959114,487.709595,383.72706706278836,568.5540704579062
18945.0,55.198105,489.980103,388.5530672982574,568.5470967059473
18955.0,59.909527,492.500214,393.94783752377043,568.534700698065
18964.0,64.288048,494.838745,398.77381951445733,568.5197096497598
18973.0,68.530724,497.102356,403.6170268488277,568.5016494539962
18982.0,72.909981,499.439514,408.47746110353626,568.4813270671366
18992.0,77.77713,502.033905,413.83772035173763,568.457321654387
19001.0,82.15731,504.369324,418.66367136527174,568.4344367040827
19010.0,86.40168,506.629761,423.4896161517496,568.4102742573756
19020.0,91.119041,509.138733,428.8843191820509,568.3806320251376
19029.0,95.36554,511.395172,433.69300026178485,568.3514640290922
19038.0,99.612694,513.650391,438.50166895796224,568.3203213097079
19048.0,104.332512,516.154724,443.89632793080597,568.2835243833397
19057.0,108.717407,518.481262,448.72221347542865,568.2495300281752
19066.0,112.964943,520.735718,453.53086099269586,568.2152728647351
19076.0,117.836281,523.322266,458.89104151034235,568.1775861828258
19085.0,122.083488,525.577393,463.69969511702436,568.1441947241742
19094.0,126.46785,527.904968,468.508346202398,568.1104421284331
19104.0,131.185349,530.413696,473.85129579787264,568.0735055638415
19113.0,135.293976,532.598999,478.6771930458219,568.0412153455178
19122.0,139.538361,534.859375,483.4858604105733,568.0098677181437
19132.0,144.253571,537.372375,488.8633000330532,567.9756114266162
19141.0,148.633942,539.707458,493.67197417734815,567.945321616885
19150.0,152.740906,541.895874,498.4978813016082,567.9145428258117
19160.0,157.456482,544.408203,503.82360490901095,567.8791011840797
19169.0,161.559402,546.604248,508.63227612729287,567.8483503623983
19178.0,165.934875,548.948486,513.4582171503281,567.8234475884698
19188.0,170.806213,551.534973,518.8356916353563,567.7951889647304
19197.0,175.067429,553.763489,523.6615086136467,567.7525580134378
19206.0,179.347809,555.954956,528.5386287334838,567.6765428121718
19215.0,183.789536,558.171082,533.4148685584875,567.5566923087312
19225.0,188.757858,560.56604,538.8578241614055,567.360463416423
19234.0,193.258392,562.660156,543.7296548425126,567.1209956967448
19243.0,197.788589,564.689331,548.6665930800574,566.8110916079523
19252.0,202.209747,566.580811,553.5982874331241,566.426656290229
19261.0,206.807404,568.452087,558.5056767569878,565.9611368649973
19270.0,211.293304,570.184387,563.369643176249,565.4112745023922
19280.0,216.644501,572.112,568.8022370581439,564.6847205972064
19289.0,221.206787,573.631775,573.655074758959,563.923460255776
19298.0,225.80368,575.043457,578.4884730449877,563.0472113947302
19307.0,230.586945,576.370361,583.3656971328459,562.035129325883
19316.0,235.405838,577.56134,588.1799765523564,560.8984176753406
19325.0,240.257004,578.613159,592.9091777586511,559.6354157371434
19334.0,244.985901,579.485962,597.6143784301191,558.2245161308331
19343.0,249.896057,580.214355,602.2550648685171,556.6674203322452
19353.0,255.380447,580.798706,607.3020443719595,554.7617190600289
19362.0,260.178009,581.126709,611.7459438677097,552.8796765053467
19371.0,264.984833,581.263,616.0818309255762,550.8403433659141
19381.0,270.154907,581.181152,620.7239281942356,548.4103228043314
19391.0,275.144012,580.876892,625.2202609516203,545.7879175582224
19400.0,279.773163,580.400024,629.1467831622278,543.2581789067652
19410.0,284.714325,579.646057,633.3920953856262,540.2463120993159
19420.0,289.619232,578.684082,637.3960176136868,537.1124380227517
19429.0,294.289429,577.538025,640.9533462632658,534.0589356937155
19439.0,299.078857,576.108032,644.6628374371888,530.5563932128908
19449.0,303.936157,574.335205,648.2162007847187,526.8238326500001
19459.0,309.009003,572.17041,651.5318305431208,522.9237184582256
19468.0,313.195404,570.138062,654.3104496988932,519.2769670792837
19478.0,317.713654,567.623718,657.2061918368556,515.0348301390859
19488.0,322.080688,564.855042,659.8325250036278,510.68110368543364
19498.0,326.282684,561.841797,662.2117540084232,506.16807832076375
19507.0,329.791687,559.026917,664.1273648529921,501.983787018844
19517.0,333.495026,555.669983,665.9560390481316,497.29493113704757
19527.0,336.987335,552.094055,667.4941714576754,492.50289947157023
19537.0,340.249268,548.306763,668.7320587916315,487.62467707599853
19547.0,343.370605,544.184448,669.6617192071992,482.66091473838907
19557.0,346.123444,540.012451,670.2505698077274,477.7841529000247
19567.0,348.604095,535.673096,670.5180913188842,472.8619978280763
19578.0,350.986237,530.717712,670.4403844060998,467.45053552256775
19588.0,352.778015,526.236633,670.0245037043736,462.538690497206
19598.0,354.246613,521.639526,669.27709354882,457.7360233004155
19608.0,355.388184,516.9505,668.1863993917165,452.9818182953906
19618.0,356.263641,511.854431,666.7359577594785,448.2345628448813
19629.0,356.761749,506.378845,664.7837345433605,443.22388874837736
19639.0,356.880707,501.381897,662.6790216657174,438.82363163352295
19649.0,356.651062,496.733917,660.2607366255544,434.56776328381636
19659.0,356.084991,491.941223,657.5563595101104,430.5084008472253
19670.0,354.99231,486.359375,654.2430427454867,426.2509800946642
19680.0,353.724243,481.524536,650.9884486886242,422.64101448973287
19690.0,352.153656,476.779327,647.5018309254477,419.25461068668864
19700.0,350.40036,472.283081,643.8417072053661,416.10916616171926
19711.0,348.17627,467.46283,639.5903612416387,412.8727279673016
19721.0,346.027557,463.33493,635.5069788012422,410.111357626927
19731.0,343.612305,459.156799,631.3212221575476,407.5736501447145
19741.0,340.943512,454.930573,626.9783084139552,405.2054229762787
19751.0,338.13205,450.797852,622.5742261710902,403.0297367268505
19761.0,335.092865,446.614594,617.985755468444,400.9620434703
19771.0,331.931854,442.522614,613.2845480947515,399.0252396171244
19781.0,328.764832,438.65564,608.4779451880041,397.21482064744026
19790.0,325.739502,435.119568,604.0640719257866,395.68679016994565
19800.0,322.292603,431.26532,599.1055617786296,394.10337782298996
19810.0,318.758972,427.490417,594.0611081051771,392.62402997679925
19819.0,315.528076,424.141144,589.5193598389832,391.394034163188
19829.0,311.87204,420.48468,584.3877606470828,390.1035741929761
19838.0,308.422089,417.134766,579.7054215836384,389.0081448737093
19847.0,304.815857,413.723724,575.0244940265707,387.9845661333839
19857.0,300.885223,410.104523,569.8231070437056,386.9230252671339
19866.0,297.195923,406.783478,565.0995570419187,386.0217262716913
19875.0,293.589539,403.602539,560.3662634830476,385.17308230387147
19885.0,289.543823,400.112488,555.0630448282413,384.28207035881127
19894.0,285.875,397.003784,550.2617474838326,383.5259103530416
19903.0,282.180634,393.925476,545.5050895213425,382.819886609498
19913.0,278.045563,390.541748,540.1450258423165,382.0717689683339
19922.0,274.299988,387.52597,535.3428290905024,381.4425712162426
19931.0,270.532135,384.538055,530.5530034906257,380.8527427422525
19940.0,266.622437,381.479523,525.6733692963354,380.2881887698097
19950.0,262.254181,378.112274,520.2756931913962,379.7034557909758
19959.0,258.425079,375.203247,515.4398082124601,379.2151417380835
19968.0,254.331879,372.12915,510.5835392361209,378.75827129300194
19977.0,250.344482,369.172638,505.7416242491333,378.3338971626206
19987.0,246.0289,366.022369,500.3471856056986,377.8980137258479
19996.0,242.131744,363.2052,495.51716281872575,377.5404339002237
20005.0,238.100327,360.309021,490.6682816291321,377.2048964910474
20014.0,234.192688,357.506409,485.81846227099237,376.88320356730924
20024.0,229.85318,354.38916,480.4178886512621,376.53139790207865
20033.0,225.952759,351.576508,475.5334418879682,376.2109329865917
20042.0,221.936539,348.659302,470.6839568300697,375.88423922021593
20051.0,217.930374,345.728302,465.8010416594816,375.5412270012627
20060.0,214.059616,342.874969,460.9365283642974,375.182633394094
20070.0,209.778336,339.678223,455.5237520360933,374.7599367993351
20079.0,205.819397,336.683716,450.6459219600422,374.35092372536093
20088.0,201.884735,333.657379,445.75381055104725,373.9073056240045
20097.0,197.978775,330.594116,440.88262465610785,373.42557341369076
20106.0,194.105713,327.489349,435.96483030091235,372.8920020636278
20115.0,190.268967,324.339813,431.070144312946,372.3078553436788
20124.0,186.475525,321.138245,426.14876654791453,371.65958369167527
20134.0,182.191727,317.396576,420.6746349312406,370.856885711486
20142.0,178.70639,314.261139,416.268180007697,370.14208436446927
20151.0,174.961746,310.770874,411.34741588227035,369.2647536648458
20160.0,171.276718,307.217712,406.3749213033195,368.28910871091045
20169.0,167.761963,303.712463,401.48798101492895,367.2396119970941
20178.0,164.321777,300.134003,396.6047913564154,366.09476028098055
20187.0,160.956726,296.484802,391.7288638692433,364.8478641617771
20196.0,157.567734,292.648254,386.8966821124851,363.50389758386115
20205.0,154.261337,288.740326,382.0780801979765,362.05114351598235
20214.0,151.160202,284.864349,377.3441420268587,360.5014808722754
20223.0,148.074951,280.779572,372.6039259451618,358.8103953359856
20232.0,145.113831,276.603912,367.92972267159786,356.9915906597424
20241.0,142.454819,272.597168,363.31227762514345,355.0331657988209
20250.0,139.824646,268.38736,358.78751902736195,352.95033490096364
20259.0,137.310852,264.107056,354.35660900387927,350.7511450343533
20268.0,134.867172,259.608978,349.97804299293733,348.4126893626026
20277.0,132.565369,255.036682,345.6898689213581,345.94672852807247
20286.0,130.602814,250.817108,341.4815116334352,343.34689610217083
20296.0,128.431183,245.747192,336.9132115544908,340.3184325888594
20305.0,126.624313,241.12384,332.88036975643814,337.45389305562503
20314.0,125.013466,236.592896,328.9808271475263,334.49516268825596
20323.0,123.502274,231.864624,325.12274824254484,331.37179232855243
20332.0,122.098457,226.941864,321.3653708381934,328.12797817200664
20341.0,120.85405,221.97641,317.6998559193538,324.75520108227323
20350.0,119.772484,216.972961,314.14445322577086,321.2665428009666
20359.0,118.884384,212.089157,310.7168878506858,317.6759981569832
20368.0,118.16188,207.178131,307.3979986253942,313.9616207895756
20377.0,117.592476,202.090881,304.17297486367005,310.09786089427166
20386.0,117.209938,197.141754,301.1250428507692,306.1799117259371
20395.0,116.991501,192.027405,298.1839809539867,302.11710707739513
20404.0,116.952209,187.063675,295.39440597955587,297.96958972401166
20413.0,117.090744,182.101715,292.7689194263916,293.7568666616574
20422.0,117.420197,176.993317,290.28702086260677,289.4380931741555
20431.0,117.918152,172.054459,287.98007733780344,285.06231766815074
20440.0,118.561913,167.288971,285.84472985857286,280.63853623132195
20449.0,119.370811,162.548721,283.8423839063179,276.09641933185674
20459.0,120.474159,157.320801,281.8156869946304,271.00392912657225
20468.0,121.707886,152.352676,280.156854341134,266.3437066068553
20477.0,123.072426,147.580017,278.64777085328,261.5785942512781
20486.0,124.604698,142.858536,277.32560393064125,256.8297993578426
20495.0,126.303329,138.194321,276.1673052428686,252.02066805837643
20504.0,128.172485,133.595795,275.17736139699065,247.1564901809826
20513.0,130.269379,128.925964,274.3725865071976,242.31067874896772
20522.0,132.535217,124.335724,273.7425504549719,237.4216877606229
20531.0,134.814667,120.101532,273.290730235567,232.53032705554048
20541.0,137.606369,115.34481,272.9935983538547,227.1264696098722
20550.0,140.174973,111.279526,272.9053482887312,222.3357485620391
20559.0,142.961731,107.1717,272.9834773811878,217.51037575251516
20569.0,146.036987,103.014877,273.26826201681564,212.17489335624612
20578.0,149.031845,99.252556,273.70691070528943,207.36886440979964
20587.0,152.160721,95.600929,274.3209424666321,202.5473294737223
20597.0,155.679703,91.812378,275.1964267296089,197.27646597758937
20606.0,159.191666,88.304344,276.1614463348837,192.58311606589538
20615.0,162.937057,84.81488,277.29487599739707,187.94530846888702
20625.0,166.736115,81.566681,278.74157222510206,182.8913938536228
20634.0,170.37883,78.670647,280.2265105443304,178.37203545774574
20644.0,174.555313,75.622147,282.0710842926268,173.4125853987022
20653.0,178.540894,72.931541,283.92046508344947,168.97366039493124
20663.0,183.227097,70.023018,286.15529033520295,164.13939269997053
20672.0,187.397293,67.628487,288.32474365369546,159.86712532408836
20681.0,191.786743,65.310524,290.6647141831687,155.62666292293835
20691.0,196.441071,63.058079,293.37973597507425,151.10503161816388
20700.0,200.833511,61.100868,295.9926362977434,147.08862176159317
20710.0,205.78598,59.095505,299.031897197054,142.75716815028048
20719.0,210.307587,57.458626,301.8808729745425,138.990710717132
20729.0,215.235916,55.894043,305.22957156205814,134.89378321337963
20738.0,219.57077,54.691635,308.36746877242075,131.34138157841932
20748.0,224.603073,53.503246,311.9946428816959,127.53630721716938
20757.0,229.167618,52.596954,315.4035552971859,124.2183321922736
20767.0,234.446136,51.768906,319.31881393898897,120.68460289384032
20776.0,239.220413,51.193935,322.9950443199544,117.61147315069091
20785.0,244.165039,50.757084,326.7901627919613,114.65828160898575
20795.0,249.673157,50.473072,331.06400242803744,111.56784672827033
20804.0,254.480728,50.365421,335.0505527813999,108.87866827032589
20814.0,259.823395,50.430466,339.51381939907805,106.06873160086901
20823.0,264.628021,50.630344,343.67806231066453,103.62959079327604
20832.0,269.425171,50.964405,347.91192905998906,101.31340875057182
20841.0,274.211548,51.427876,352.2549744624146,99.09304040126659
20851.0,279.686096,52.098289,357.140443035263,96.76448731577658
20860.0,284.598053,52.814533,361.58125792614794,94.78878560533379
20869.0,289.493042,53.638706,366.0821840995671,92.90896046570658
20878.0,294.523254,54.588089,370.67023483288676,91.1064708597105
20888.0,299.923065,55.711502,375.7465639740955,89.23007934983065
20897.0,304.76886,56.787834,380.3667226053567,87.61309073901946
20906.0,309.451691,57.881142,385.0243192758147,86.0522113992856
20915.0,314.428528,59.07922,389.6975990559857,84.5389344404534
20924.0,319.247406,60.270283,394.3325089439364,83.07543026405726
20933.0,324.062347,61.477177,399.0079341747547,81.62597627840007
20943.0,329.241516,62.790413,404.1666568975239,80.04759757965299
20952.0,334.201843,64.055061,408.8342197908633,78.6312870166531
20961.0,339.011078,65.28447,413.4541866139935,77.23621230211002
20971.0,344.020569,66.565659,418.6030892926892,75.68481564353242
20980.0,348.830383,67.792862,423.25688426229766,74.28252233448507
20989.0,353.340729,68.938835,427.87686743522534,72.88750176552247
20998.0,358.152954,70.156555,432.52838345608023,71.47766743075118
21008.0,363.504272,71.492012,437.704930204931,69.8986403869114
21017.0,368.174774,72.636879,442.3494605530545,68.46596038456293
21026.0,372.851013,73.758064,446.98754298213225,67.01254181965061
21035.0,377.53476,74.847427,451.6502438483769,65.52266310732793
21045.0,382.917023,76.052048,456.8263880827624,63.828023812861105
21054.0,387.768372,77.103012,461.4499980159506,62.274218754351814
21063.0,392.628082,78.114685,466.1266230760381,60.66220828510453
21072.0,397.648682,79.113609,470.75707417787197,59.022551720029135
21081.0,402.526062,80.036285,475.38872835898997,57.335258663748945
21090.0,407.259613,80.883568,479.97164443020165,55.6155499006905
21099.0,412.154938,81.705711,484.55263595368746,53.84239798401199
21109.0,417.604523,82.55545,489.6575045012371,51.800215846908756
21118.0,422.362762,83.250679,494.2454145323165,49.90514413648232
21127.0,427.281464,83.91893,498.79765627742694,47.969557713804
21136.0,432.361206,84.551666,503.37659003498067,45.96531362225153
21145.0,437.293243,85.113144,507.88614456721956,43.932257394213345
21154.0,442.230835,85.623314,512.404153397671,41.834825363078856
21163.0,447.173737,86.079262,516.9141395528081,39.67991153300132
21172.0,452.27655,86.486053,521.4146353996797,37.46591879922561
21181.0,457.383881,86.831757,525.8877791752342,35.19717212845377
21190.0,462.340393,87.102463,530.3623822730525,32.85599034364506
21199.0,467.455048,87.313393,534.7606796343257,30.4814147907465
21208.0,472.571899,87.462036,539.1726227711428,28.024188144704596
21217.0,477.535217,87.538345,543.506773826613,25.534456560181404
21226.0,482.499115,87.545013,547.8356719866098,22.967345438199665
21235.0,487.617676,87.477196,552.1125982590222,20.34739727969194
21243.0,492.166473,87.362831,555.8871601530157,17.964023941892982
21252.0,497.281464,87.159851,560.0772929559214,15.238878839590935
21261.0,502.392944,86.882027,564.2703334400196,12.424342193665598
21270.0,507.499481,86.52478,568.3777644524522,9.576072681717168
21279.0,512.599792,86.087578,572.4544092729546,6.6542250299066055
21288.0,517.53894,85.592728,576.5131440168572,3.649249603853666
21297.0,522.623901,85.00351,580.4978604885289,0.6032257475274605
21306.0,527.699463,84.337738,584.4208292324917,-2.4941836488033955
21315.0,532.610596,83.615959,588.3082128405033,-5.663485681914532
21324.0,537.664185,82.800018,592.1335932012657,-8.88064185314417
21333.0,542.551941,81.933807,595.896548538546,-12.144350180629992
21342.0,547.273071,81.020004,599.620889207046,-15.477954134245683
21351.0,552.131592,80.002571,603.3044074756306,-18.882057519559673
21360.0,556.973328,78.908173,606.9459608181319,-22.35603334647075
21369.0,561.646729,77.775337,610.5327053030538,-25.88656911206052
21378.0,566.454102,76.538765,614.0530573653932,-29.45915193826658
21387.0,571.242188,75.229393,617.5068123996759,-33.072350645472554
21396.0,576.009155,73.845078,620.9508531649747,-36.78936135581433
21405.0,580.901367,72.33815,624.3234077401656,-40.54822829545216
21414.0,585.770264,70.757538,627.6010048563639,-44.32195137465083
21423.0,590.465393,69.146317,630.850653424548,-48.187567653569715
21432.0,595.278748,67.403961,634.0136050061082,-52.08012002773348
21441.0,599.771423,65.689247,637.0877343891275,-55.99947628274826
21450.0,604.3797,63.8442,640.1034473937452,-59.985590155730975
21459.0,609.096558,61.855335,643.0584625349443,-64.03825745125431
21468.0,613.779968,59.788895,645.9213953392749,-68.11443711794637
21477.0,618.2854,57.705338,648.731559188553,-72.26885715365684
21486.0,622.754089,55.544132,651.4581012456919,-76.45808108479955
21495.0,627.187439,53.311287,654.0916809373632,-80.6657494710384
21504.0,631.584534,51.007839,656.6621977668369,-84.93237204008042
21513.0,635.94342,48.632877,659.1793078455862,-89.27061863799997
21522.0,640.261292,46.184204,661.6067914322158,-93.62021038365961
21531.0,644.536255,43.66135,663.9753843828664,-98.04129555893597
21540.0,648.648193,41.168152,666.222186356352,-102.40952540062568
21549.0,652.853516,38.530788,668.4200071344842,-106.82186742481551
21558.0,657.013489,35.822521,670.5726660267575,-111.29470488379543
21567.0,661.253601,32.954437,672.6675980739943,-115.85184065205823
21576.0,665.443176,30.013018,674.6663429739475,-120.41436667852403
21585.0,669.585449,27.005377,676.5906165433278,-125.02747842275616
21594.0,673.555725,24.025967,678.4302208270188,-129.65646114001618
21603.0,677.60083,20.888872,680.1874711350855,-134.29890517260688
21612.0,681.473755,17.78392,681.8747891640661,-138.98554392403028
21621.0,685.294189,14.614635,683.4904773967585,-143.7155735507163
21630.0,689.17981,11.282027,685.0148910749351,-148.43959494977085
21639.0,692.88739,7.981391,686.4698249250179,-153.2395318436064
21648.0,696.663574,4.525308,687.8418793820576,-158.0638134750866
21657.0,700.395996,1.021981,689.1294175046925,-162.85781606412235
21666.0,703.973389,-2.419341,690.358675232202,-167.684880426302
21675.0,707.508362,-5.904198,691.5340888208926,-172.56080388637
21684.0,711.000427,-9.432067,692.6429913726035,-177.4346077258177
21693.0,714.445801,-13.005504,693.6985949372324,-182.3731202697795
21702.0,717.84668,-16.621338,694.6818630592799,-187.29139339081345
21711.0,721.207825,-20.27412,695.6035915982667,-192.22157018209967
21720.0,724.526672,-23.965376,696.4676868035656,-197.16217400846537
21729.0,727.804932,-27.692713,697.2675655213538,-202.06119526558896
21738.0,731.049316,-31.44961,698.0176457030269,-206.98552310178425
21747.0,734.258667,-35.236462,698.728898378059,-211.98525556110678
21756.0,737.533447,-39.170963,699.3861165851272,-216.94022205573478
21765.0,740.673096,-43.01582,699.9966245854437,-221.90116034563073
21774.0,743.881165,-47.00489,700.5603934185463,-226.850280431069
21783.0,746.963074,-50.896164,701.0834033054227,-231.80387362949534
21792.0,750.018005,-54.808681,701.5669421794241,-236.74415756852648
21801.0,753.047363,-58.740986,702.0151246374486,-241.6877744352807
21810.0,756.045898,-62.696854,702.4327149366029,-246.68595860905543
21819.0,758.995789,-66.689163,702.8105971951426,-251.7218706447453
21828.0,761.874878,-70.732788,703.117640351967,-256.6935252402611
21837.0,764.603088,-74.692749,703.3418405555992,-261.65235065658993
21846.0,767.278809,-78.688332,703.4904880795165,-266.6312590541104
21855.0,769.921631,-82.705765,703.5757479427331,-271.59441792691126
21864.0,772.751892,-86.971184,703.6282466990539,-276.5752681352443
21873.0,775.547546,-91.072968,703.697063498655,-281.55591961525766
21882.0,778.316956,-95.004189,703.824230477539,-286.56990557977565
21891.0,781.236206,-99.018921,704.0240885507989,-291.547021377888
21900.0,784.285706,-103.130478,704.2956806208383,-296.5725220036701
21909.0,787.343567,-107.235809,704.6106371960944,-301.5782216599224
21918.0,790.296204,-111.226074,704.9378945365187,-306.6176767560297
21927.0,793.315918,-115.35955,705.2495284072256,-311.6581221096837
21936.0,796.294556,-119.52272,705.5311949219858,-316.7175933654868
21945.0,799.129944,-123.597137,705.763054760255,-321.79684537257566
21954.0,802.102905,-127.953506,705.9330955477584,-326.8612971241891
21963.0,804.871094,-132.073868,706.0516309647531,-331.89273510424454
21972.0,807.7052,-136.336731,706.1333498483621,-336.94214368907956
21981.0,810.523499,-140.610092,706.1879134188342,-341.97468197596856
21990.0,813.244446,-144.76181,706.2224190868028,-346.9729254767862
21999.0,815.86908,-148.791168,706.2411309959332,-351.8678379182878
22008.0,818.487244,-152.824722,706.2473168392843,-356.79725370989854
22017.0,821.10022,-156.861633,706.2427089556436,-361.7266712291038
22026.0,823.703613,-160.904709,706.2280898051771,-366.6560692239586
22035.0,826.299622,-164.95256,706.2030861368942,-371.60266143700335
22044.0,828.978088,-169.131821,706.1702960256139,-376.46302757057515
22053.0,831.653625,-173.312958,706.1321471273914,-381.42677211501774
22063.0,834.532837,-177.813904,706.0868778851535,-386.8730756476186
22072.0,837.207703,-181.995438,706.0442863897885,-391.7506021661163
22081.0,839.965881,-186.307846,705.9999536102972,-396.7142953320564
22090.0,842.721436,-190.621902,705.9545888438084,-401.609033321313
22099.0,845.307739,-194.675964,705.9064899165197,-406.5209817688317
22109.0,848.272644,-199.326691,705.8503231466832,-411.9327105076157
22118.0,850.858459,-203.381058,705.7971684853374,-416.82737010022146
22127.0,853.442505,-207.436523,705.7424871503129,-421.73924968033
22136.0,856.1073,-211.624496,705.6862697245243,-426.61663817984294
22145.0,858.768372,-215.81485,705.6261780570879,-431.52845454951455
22155.0,861.632446,-220.32547,705.5559198814532,-436.90554429915437
22164.0,864.291687,-224.516983,705.488014846555,-441.7827840800529
22173.0,866.945007,-228.712234,705.415555926475,-446.659958331505
22182.0,869.426392,-232.649124,705.3367612128739,-451.5370343373975
22191.0,872.068604,-236.851364,705.2507642147526,-456.3967502406233
22201.0,874.996338,-241.525589,705.1465727099735,-461.80776740734586
22210.0,877.626099,-245.735641,705.0450188707771,-466.7016620489636
22219.0,880.252563,-249.947754,704.9379497942423,-471.57819926167855
22228.0,882.791199,-254.031815,704.825465174355,-476.4546145623305
22238.0,885.697327,-258.719513,704.6939954905124,-481.8477968482637
22247.0,888.225281,-262.810181,704.5687428027856,-486.72390090153834
22256.0,890.829285,-267.036224,704.4367947150571,-491.5998283698536
22265.0,893.346985,-271.13324,704.2983179235206,-496.4583320821065
22275.0,896.229492,-275.83551,704.1363686471365,-501.90241546733967
22284.0,898.822754,-280.068115,703.9867983343786,-506.76059031652875
22293.0,901.408508,-284.305359,703.8298058980129,-511.63577568213975
22302.0,903.993896,-288.542816,703.6687299268639,-516.4418467417564
22312.0,906.687988,-292.956238,703.4855976818426,-521.8507676349724
22321.0,909.355713,-297.325165,703.3197328494773,-526.7429048778239
22330.0,911.860046,-301.430359,703.1550172741541,-531.5660983930404
22339.0,914.282104,-305.404022,702.9865115986826,-536.4408993952825
22349.0,917.065125,-309.965057,702.7983031712066,-541.8496460371637
22358.0,919.655212,-314.199646,702.62869296816,-546.7589009131005
22367.0,922.166016,-318.300903,702.4648508535143,-551.5821241784524
22376.0,924.67926,-322.400665,702.3005723530501,-556.4915603611678
22385.0,927.19458,-326.499146,702.1403802377571,-561.3493965698071
22395.0,929.901978,-330.904419,701.9661436909934,-566.7241218662941
22404.0,932.588318,-335.261932,701.8094237035075,-571.651049626751
22413.0,935.197754,-339.484619,701.6592582428143,-576.5092061164256
22422.0,937.727661,-343.574097,701.5125489946792,-581.3847117692432
22432.0,940.542358,-348.115662,701.3540782698012,-586.7426817670228
22441.0,943.078308,-352.201385,701.2114398968595,-591.6355512972755
22450.0,945.695251,-356.419403,701.0711982368994,-596.4940043865397
22459.0,948.228699,-360.506683,700.9306123903154,-601.3524475284827
22469.0,951.230713,-365.337708,700.772244251201,-606.7966362656599
22478.0,953.76947,-369.421692,700.6316843097449,-611.6550801571367
22487.0,956.4729,-373.768616,700.4891825886604,-616.5996825643148
22496.0,959.011108,-377.852936,700.348265529894,-621.4581161108707
22505.0,961.545593,-381.939575,700.2031398892015,-626.3853990192953
22514.0,964.078186,-386.027374,700.0563112122057,-631.2609010769049
22524.0,966.889404,-390.571106,699.8890848388208,-636.6875810315745
22533.0,969.499146,-394.79361,699.7350686504464,-641.5801056313317
22542.0,972.107056,-399.017242,699.576974567475,-646.4897448562441
22551.0,974.630554,-403.110687,699.4149841533756,-651.3992570686362
22560.0,977.148132,-407.207764,699.2497569842018,-656.2569246289288
22570.0,980.119629,-412.057617,699.0558075094638,-661.7344551367407
22579.0,982.709106,-416.292572,698.8775257993522,-666.5744137198478
22588.0,985.213196,-420.397888,698.6924452453475,-671.4486135683022
22597.0,987.794739,-424.637665,698.5034087528528,-676.305412858808
22607.0,990.571228,-429.202698,698.2887562564696,-681.713174591173
22616.0,993.150146,-433.444092,698.0924236718281,-686.6041838389376
22625.0,995.649414,-437.552368,697.8980129483398,-691.443521389157
22634.0,998.149658,-441.660065,697.7020164767885,-696.3517936351747
22643.0,1000.652954,-445.765869,697.5096274468773,-701.2084612792411
22653.0,1003.439819,-450.324585,697.2986416943335,-706.6163673121209
22662.0,1006.031616,-454.558105,697.1139720658177,-711.4560863724254
22671.0,1008.547424,-458.65625,696.9317395446844,-716.3303935316396
22680.0,1011.066833,-462.752228,696.7525810248275,-721.2220619760739
22690.0,1013.869263,-467.301361,696.5599810024576,-726.5961605626565
22699.0,1016.556335,-471.658417,696.3870186336094,-731.5052984785078
22708.0,1019.163879,-475.882263,696.2201318724057,-736.3111712720284
22717.0,1021.613281,-479.839142,696.0549775590661,-741.1515955826809
22727.0,1024.611816,-484.672333,695.875811570225,-746.5434040914761
22736.0,1027.067871,-488.625092,695.7193632314372,-751.3668728457308
22745.0,1029.68689,-492.841858,695.5630563083856,-756.2420802382354
22755.0,1032.414429,-497.23465,695.3910355364081,-761.6168769079648
22764.0,1034.949829,-501.32074,695.2335848030191,-766.5092921818436
22773.0,1037.486084,-505.406311,695.0764588503263,-771.3672285316471
22782.0,1040.023438,-509.49118,694.9191000303621,-776.2251573439632
22792.0,1042.927368,-514.180237,694.743162009614,-781.6170721485524
22801.0,1045.449951,-518.274231,694.5785303099627,-786.4920055201583
22810.0,1047.958862,-522.376587,694.4028816656952,-791.3493074149883
22819.0,1050.531982,-526.62146,694.2102132511862,-796.2059639836392
22828.0,1053.079834,-530.881531,693.9937917833115,-801.0961255038503
22838.0,1055.872559,-535.637695,693.72128770683,-806.484023143503
22847.0,1058.348755,-539.939819,693.4367445955799,-811.3534290818063
22856.0,1060.782349,-544.266235,693.1085324678564,-816.2373613852608
22865.0,1063.097656,-548.480957,692.7341538438549,-821.1006853123743
22874.0,1065.436035,-552.859558,692.3018144428858,-826.0284111923266
22884.0,1068.043945,-557.914246,691.7511161019238,-831.5162842004439
22893.0,1070.259277,-562.356384,691.1883286519987,-836.4481687821373
22902.0,1072.344727,-566.689392,690.558336974728,-841.3719199667006
22911.0,1074.434937,-571.191711,689.8573799485653,-846.3034799799966
22920.0,1076.402832,-575.579407,689.0933830067385,-851.1907807051905
22929.0,1078.37085,-580.136475,688.2543006591754,-856.1007262987052
22938.0,1080.319092,-584.870239,687.3389774404245,-860.9970318776578
22947.0,1082.12561,-589.493713,686.3337954798691,-865.9108731367011
22956.0,1083.846436,-594.14978,685.23795951285,-870.8229564346137
22965.0,1085.53833,-598.981079,684.0575601789943,-875.6976753091269
22974.0,1087.130615,-603.846191,682.7802741442791,-880.5657302777737
22983.0,1088.579102,-608.594055,681.3964399668959,-885.4404188199619
22991.0,1089.827881,-612.969604,680.0755026901189,-889.7766837871773
23000.0,1091.181396,-618.067078,678.507070435748,-894.5951488619997
23009.0,1092.365723,-622.887573,676.8537761770149,-899.3486777497088
23018.0,1093.474365,-627.885071,675.084054849612,-904.1152956659524
23027.0,1094.471924,-632.905945,673.2038832385817,-908.8579830172849
23036.0,1095.357544,-637.947754,671.2382082554149,-913.5097920087502
23045.0,1096.089478,-642.7005,669.1627746793123,-918.1325791426144
23054.0,1096.738892,-647.778137,666.9727404266885,-922.7212946391855
23062.0,1097.219971,-652.302856,664.9484281086147,-926.7193097949047
23071.0,1097.625854,-657.250122,662.555055112655,-931.1857794428533
23080.0,1097.931885,-662.359985,660.0638232282975,-935.578610959188
23089.0,1098.133667,-667.475037,657.506840894901,-939.8533584679849
23098.0,1098.203613,-672.438416,654.8324152577112,-944.0964321421111
23107.0,1098.158325,-677.4021,652.0375629093757,-948.3026187028248
23116.0,1097.994629,-682.518494,649.1234819041456,-952.4692350555857
23125.0,1097.715698,-687.785217,646.1649784450057,-956.4979924343372
23134.0,1097.329224,-692.73407,643.1033170659352,-960.4707064050162
23143.0,1096.82251,-697.672058,639.9462448268814,-964.3680287640617
23152.0,1096.171753,-702.749573,636.6696459875548,-968.2108278843187
23161.0,1095.389282,-707.808411,633.2825887649891,-971.9798368767332
23170.0,1094.540527,-712.541687,629.8459947832275,-975.6093617132823
23179.0,1093.522461,-717.558411,626.3181363427015,-979.150243461971
23188.0,1092.371704,-722.546387,622.7511683981083,-982.552583538078
23197.0,1091.174683,-727.203796,619.0726119753474,-985.8855158634489
23206.0,1089.820068,-731.979248,615.2846497458785,-989.1466461709811
23215.0,1088.309448,-736.8703,611.4436735540481,-992.2910248273661
23224.0,1086.670776,-741.719971,607.4972531209521,-995.3584984621069
23233.0,1085.022217,-746.237366,603.5019998331676,-998.3043712372594
23242.0,1083.207275,-750.857544,599.3787654814466,-1001.1902605755769
23251.0,1081.217529,-755.574036,595.228055315024,-1003.9440270928442
23260.0,1079.243408,-759.958923,591.0088638944602,-1006.5916767437435
23269.0,1077.081177,-764.427185,586.692851588628,-1009.1467236060975
23278.0,1074.807373,-768.839722,582.3109968234672,-1011.5871283901362
23287.0,1072.352661,-773.331787,577.8982654414134,-1013.8978483357599
23296.0,1069.951538,-777.49823,573.47694553296,-1016.0775521180054
23305.0,1067.382568,-781.745667,568.9749262843043,-1018.1684939932546
23314.0,1064.71936,-785.934631,564.4261762700659,-1020.1557253710522
23323.0,1061.959351,-790.060486,559.8322504524799,-1022.0361670275352
23332.0,1059.199829,-793.998657,555.163960028332,-1023.8224181997992
23341.0,1056.179321,-798.131531,550.409159298,-1025.523910206057
23350.0,1053.086182,-802.210388,545.7185931501806,-1027.0948936300726
23359.0,1050.012207,-806.10791,540.9820004922228,-1028.5797859606812
23368.0,1046.875244,-809.954956,536.1693918088612,-1029.9922392709723
23377.0,1043.675903,-813.750305,531.3664041591211,-1031.312441737911
23386.0,1040.519287,-817.37793,526.5756218041384,-1032.5444336748856
23395.0,1037.210815,-821.078491,521.7326005545145,-1033.709238419449
23405.0,1033.360229,-825.264709,516.3852920161044,-1034.9122547359666
23414.0,1029.957153,-828.878479,511.54466282266884,-1035.9309346254524
23423.0,1026.515625,-832.455688,506.6751359557145,-1036.8942223980985
23432.0,1023.040039,-835.999756,501.8295312018748,-1037.7993703864433
23441.0,1019.425842,-839.624939,496.9414310434132,-1038.6634838522484
23450.0,1015.783752,-843.222107,492.04596885868784,-1039.4848639340992
23459.0,1012.112061,-846.789062,487.17788548721904,-1040.2600688100192
23468.0,1008.640381,-850.116455,482.28674962514845,-1040.9991152797136
23477.0,1004.92041,-853.632996,477.40730656184667,-1041.6992679082418
23486.0,1001.289368,-857.017578,472.47170894490347,-1042.371206209644
23495.0,997.63678,-860.378967,467.5485552287758,-1043.0058499902782
23505.0,993.682556,-863.972412,462.124951167086,-1043.6667857508883
23514.0,989.991638,-867.291626,457.1936843327543,-1044.234960591547
23523.0,986.398315,-870.487305,452.310579803648,-1044.7686657682984
23532.0,982.788452,-873.664246,447.424581938535,-1045.2751990051138
23541.0,978.928223,-877.026245,442.5187469166312,-1045.7568223528667
23550.0,975.169617,-880.268677,437.6276687259788,-1046.2116906753452
23559.0,971.515137,-883.394226,432.71726875812095,-1046.6442995829052
23568.0,967.846985,-886.503723,427.8049419643676,-1047.0544505095302
23578.0,963.625854,-890.053711,422.35819010173066,-1047.4848122695562
23587.0,959.694214,-893.331909,417.4424969926702,-1047.852425610931
23596.0,955.869507,-896.496094,412.55968857273876,-1048.196954099992
23605.0,952.032227,-899.644958,407.6410682421828,-1048.5230711879565
23614.0,948.186584,-902.78363,402.73843467935666,-1048.8292332472288
23623.0,944.328491,-905.906982,397.80032646786134,-1049.1198997178533
23632.0,940.452576,-909.00824,392.8609855350381,-1049.3888064952307
23642.0,936.116699,-912.417053,387.38628807872664,-1049.6508076872492
23651.0,932.067444,-915.548828,382.4435867608061,-1049.8485534518306
23660.0,928.118469,-918.556458,377.5339287085213,-1050.0060617611477
23669.0,924.272095,-921.442566,372.6231750724078,-1050.1245935428992
23678.0,920.276672,-924.388184,367.6771692655456,-1050.2047575252636
23687.0,916.256714,-927.300293,362.7651446625511,-1050.244322123885
23696.0,912.21167,-930.177429,357.7840183007959,-1050.2420670199806
23705.0,908.144104,-933.022644,352.872028383781,-1050.1984079657761
23715.0,903.595032,-936.141296,347.40914875055495,-1050.102162391772
23724.0,899.47699,-938.912964,342.4642268649026,-1049.9712148817548
23733.0,895.206604,-941.735779,337.555037121826,-1049.799729825967
23742.0,891.043335,-944.439026,332.6302211670098,-1049.5867365809413
23751.0,886.856445,-947.10553,327.7073579607402,-1049.3325788276102
23760.0,882.647217,-949.736633,322.7868825613696,-1049.0357621241922
23769.0,878.416687,-952.333313,317.85205541401706,-1048.6938838836809
23778.0,874.293518,-954.807983,312.9205591025827,-1048.3069163967907
23787.0,870.01178,-957.319336,307.9930748589321,-1047.8718316531388
23796.0,865.701355,-959.781189,303.0362243075639,-1047.380651921608
23806.0,860.721558,-962.529358,297.53789843109337,-1046.7651411091895
23815.0,856.209045,-964.946289,292.59576822273965,-1046.1430688296718
23824.0,851.798828,-967.224487,287.67969131703757,-1045.4557529647725
23833.0,847.214539,-969.50238,282.72316641263774,-1044.6882325644024
23842.0,842.732483,-971.635742,277.79634175619145,-1043.845601245722
23851.0,838.072754,-973.754944,272.8334496049485,-1042.9113065771755
23860.0,833.380005,-975.799988,267.95470710621805,-1041.9065695228435
23869.0,828.799194,-977.712219,263.11036554409844,-1040.8237167764103
23878.0,824.18457,-979.541321,258.2180144467953,-1039.6429036951215
23887.0,819.393127,-981.34314,253.39709571562915,-1038.3897606447247
23896.0,814.717896,-983.011108,248.5989212096105,-1037.0521708993024
23905.0,809.871582,-984.659546,243.8403457408637,-1035.6393104146193
23914.0,805.147095,-986.182556,239.08858451533246,-1034.1451918875928
23923.0,800.25116,-987.677246,234.34469349023308,-1032.570667617672
23932.0,795.482422,-989.055481,229.6257538548282,-1030.9228698594525
23941.0,790.69458,-990.365845,224.98033400406737,-1029.2230245383253
23950.0,785.890625,-991.615845,220.34319542392208,-1027.451821266691
23959.0,780.920593,-992.841919,215.7462705452414,-1025.6248890387883
23968.0,776.082581,-993.952698,211.240823800974,-1023.7559244568033
23977.0,771.382019,-994.967163,206.71717215475266,-1021.7974163269049
23986.0,766.51709,-995.953308,202.20426147876287,-1019.7718208746686
23996.0,761.096924,-996.973938,197.28098705342865,-1017.4831118666867
24005.0,756.206665,-997.825867,192.87081858759583,-1015.3592163776185
24014.0,751.458252,-998.585266,188.45901988373407,-1013.1603051679871
24023.0,746.546387,-999.301941,184.12408660005778,-1010.9241405049492
24032.0,741.470825,-999.967712,179.74510091063348,-1008.5864708164014
24041.0,736.540405,-1000.543396,175.44582549452326,-1006.2103853898437
24050.0,731.756165,-1001.028564,171.16715838100657,-1003.762491184011
24060.0,726.260681,-1001.497314,166.46742463249433,-1000.9759485608439
24069.0,721.309753,-1001.855774,162.2363467163732,-998.3801452345787
24078.0,716.354065,-1002.140564,158.08610401976952,-995.7524015984609
24087.0,711.549683,-1002.345886,153.94580070391004,-993.0455051914541
24096.0,706.58783,-1002.489014,149.8310733850849,-990.2689543936743
24105.0,701.624512,-1002.566223,145.7985988936965,-987.4638339801855
24114.0,696.815735,-1002.569214,141.76437259552876,-984.5715626554116
24123.0,691.852295,-1002.502625,137.80022301324956,-981.6415973995503
24133.0,686.339294,-1002.338928,133.47074333956624,-978.3370736473802
24142.0,681.380005,-1002.125732,129.5844596225212,-975.2766490728756
24151.0,676.424194,-1001.842712,125.74086625272118,-972.1627785371576
24160.0,671.472412,-1001.495789,121.99384851378547,-969.0399693790044
24169.0,666.371033,-1001.071228,118.2641940802174,-965.8432165164836
24178.0,661.58551,-1000.598938,114.56676030411226,-962.5831303546536
24187.0,656.807922,-1000.052307,110.94397088600779,-959.291335285458
24197.0,651.340454,-999.326355,106.96248859368882,-955.54966241713
24206.0,646.431274,-998.591309,103.44252365867553,-952.1233819390975
24215.0,641.533997,-997.780823,100.00497569203635,-948.6628410924669
24224.0,636.803894,-996.914551,96.59022915985287,-945.1077483465347
24233.0,631.938538,-995.930481,93.22724245101634,-941.4801154955185
24242.0,627.093079,-994.852539,89.95645755681858,-937.8152120542563
24251.0,622.269226,-993.681763,86.74655873281462,-934.0741256009811
24261.0,616.768921,-992.233398,83.26271145931146,-929.8428415124724
24270.0,611.992065,-990.883545,80.21626062803776,-925.9894419237324
24279.0,607.238342,-989.454407,77.23150527262142,-922.0663801373782
24288.0,602.513367,-987.932922,74.29991310998214,-918.060636432036
24297.0,597.815674,-986.329285,71.4832891484435,-914.0572444446336
24306.0,593.146973,-984.643005,68.71112449783318,-909.960355032471
24315.0,588.506226,-982.881348,66.0206167320133,-905.8299378291729
24324.0,583.897156,-981.03833,63.39324966308753,-901.6387158127787
24334.0,578.973694,-978.962769,60.5856426747571,-896.9716380897714
24343.0,574.434265,-976.954346,58.10531839979684,-892.6718466143668
24352.0,569.930603,-974.866882,55.71817094409207,-888.3589931116426
24361.0,565.463562,-972.702209,53.40813637709994,-884.0043497725687
24370.0,561.031799,-970.466187,51.18281787167897,-879.6251365318941
24379.0,556.640381,-968.151917,49.01855833387988,-875.1770605030198
24388.0,552.286804,-965.767273,46.93134072278545,-870.6923172161058
24397.0,548.108032,-963.387756,44.92079898478498,-866.1726798827193
24406.0,543.834045,-960.86322,42.97915452341968,-861.6042849756883
24416.0,539.27771,-958.072449,40.94146447009153,-856.5719257638539
24425.0,535.083313,-955.417786,39.16748880649354,-851.9727749013358
24434.0,530.935242,-952.691345,37.461340518526015,-847.3296662740206
24443.0,526.708984,-949.802917,35.82385443246599,-842.6253847948544
24452.0,522.795471,-947.008545,34.28653128084583,-837.9236790157701
24461.0,518.685547,-943.956848,32.8278962745196,-833.1428827794799
24470.0,514.744385,-940.938965,31.48099370608375,-828.4189644346087
24479.0,510.839691,-937.874084,30.216817320366488,-823.707920278592
24488.0,507.093903,-934.858582,29.007119307909438,-818.9470189168196
24498.0,502.841522,-931.34613,27.737092284912272,-813.6683968095606
24507.0,499.05246,-928.139404,26.639355427090198,-808.8450811971875
24516.0,495.182465,-924.788635,25.60532391361421,-804.042963967568
24525.0,491.580658,-921.602539,24.62541251990456,-799.2295114936813
24534.0,487.783691,-918.16925,23.69825092070093,-794.3880706254891
24543.0,484.134125,-914.804565,22.827995954403914,-789.5535895414943
24553.0,480.116852,-911.025452,21.915109119281258,-784.1666651199072
24562.0,476.529266,-907.594788,21.138340774313356,-779.2988309763177
24571.0,472.971069,-904.133667,20.40857667781676,-774.4585869422865
24580.0,469.550201,-900.754028,19.716917407048015,-769.5953412656803
24589.0,466.043823,-897.240417,19.06258839471764,-764.7095422670659
24598.0,462.457703,-893.587463,18.451726126141963,-759.8528597332429
24608.0,458.625,-889.621277,17.817229561772372,-754.4434525953658
24617.0,455.308472,-886.139221,17.281201345890885,-749.5259254264157
24626.0,452.01532,-882.63501,16.78364908431857,-744.6216803205667
24635.0,448.743408,-879.110962,16.31673517812899,-739.6797974157273
24644.0,445.388214,-875.452698,15.886290432337445,-734.7865093209296
24653.0,442.05307,-871.776123,15.484201364891312,-729.8735160690434
24662.0,438.736847,-868.08252,15.112339452731383,-724.9927131982244
24671.0,435.542236,-864.488281,14.76567917299163,-720.0927766977868
24680.0,432.261688,-860.762939,14.43992963930071,-715.1223127195885
24690.0,428.636047,-856.606628,14.1091362976972,-709.6513409020855
24699.0,425.491486,-852.968506,13.835608699553088,-704.7295159393007
24708.0,422.259308,-849.201111,13.584670379065548,-699.8237457635606
24717.0,419.042389,-845.420654,13.353442753393685,-694.8997522525611
24726.0,415.837982,-841.629578,13.142658071388244,-689.9920928434639
24735.0,412.745392,-837.947144,12.951206722408319,-685.118139073154
24744.0,409.560791,-834.139465,12.772962450986864,-680.1746960740603
24754.0,406.147278,-830.028931,12.591204866428601,-674.6795022695325
24763.0,402.986084,-826.201782,12.441915556023297,-669.7006130742335
24772.0,399.934784,-822.485107,12.310023595798569,-664.7902001008966
24781.0,396.889984,-818.763123,12.191264876132582,-659.8622111928607
24790.0,393.854797,-815.033264,12.084650214560137,-654.9511843784537
24799.0,390.829224,-811.295593,11.990451608613858,-650.0743815736664
24808.0,387.709015,-807.434937,11.905817107830774,-645.1284502451035
24817.0,384.594818,-803.569458,11.829809967288002,-640.1996165873478
24827.0,381.251678,-799.401489,11.755609078681703,-634.7363930585361
24836.0,378.152771,-795.523743,11.699148667185671,-629.8245336061696
24845.0,375.15625,-791.762756,11.65165650205643,-624.929815796146
24854.0,372.164673,-787.997803,11.611527782163735,-620.0005594630793
24863.0,369.176117,-784.230469,11.578372047564772,-615.1229596771798
24872.0,366.094604,-780.338867,11.550855730205491,-610.228088810876
24882.0,362.676239,-776.010498,11.526607791984228,-604.7471793151595
24891.0,359.7005,-772.233032,11.511516483667496,-599.8350185573768
24900.0,356.634583,-768.329163,11.503367872071465,-594.8711341065612
24909.0,353.574005,-764.421082,11.503409563357375,-589.9761859001169
24918.0,350.610535,-760.633972,11.510004974094196,-585.0467706394804
24927.0,347.648376,-756.845886,11.519748397832764,-580.1345963628916
24936.0,344.688629,-753.055847,11.532617577376827,-575.2396650733097
24946.0,341.192505,-748.569397,11.55218589650935,-569.7415010297645
24955.0,338.145874,-744.650452,11.575275047675854,-564.8121354314003
24964.0,335.199524,-740.850037,11.604311539211146,-559.9000373114472
24973.0,332.159698,-736.925781,11.638882810870996,-555.0052111886226
24982.0,329.218903,-733.121033,11.67812819002213,-550.0931840248047
24991.0,326.187195,-729.190491,11.721793081718712,-545.1984305761881
25001.0,322.926758,-724.95752,11.775506867615084,-539.7866769345818
25010.0,319.901093,-721.022339,11.828608052657412,-534.8747800177039
25019.0,316.876892,-717.08606,11.885214973485112,-529.9629222516052
25028.0,313.849945,-713.151855,11.943726468130189,-525.0510868041514
25037.0,310.821228,-709.219055,12.001625780810478,-520.1392441023257
25046.0,307.697876,-705.16333,12.059108813510912,-515.1756858079275
25056.0,304.337311,-700.789917,12.124016528846344,-509.746817880002
25065.0,301.314026,-696.852905,12.186405211587278,-504.83503014943636
25074.0,298.291962,-692.914978,12.251249752994438,-499.94051146717965
25083.0,295.360565,-689.103027,12.316407122326542,-495.0459969393912
25092.0,292.328613,-685.172729,12.378410884083735,-490.1169672331745
25101.0,289.386047,-681.369385,12.433383971614756,-485.2395645500048
25111.0,286.009277,-677.008484,12.488571269292347,-479.77611587176074
25120.0,282.968658,-673.084839,12.534654400289451,-474.89862109276163
25129.0,280.024414,-669.282776,12.580227742358169,-470.00388504104023
25138.0,276.984924,-665.358276,12.626272265348405,-465.1436264012501
25147.0,274.039886,-661.556824,12.673462063610685,-460.2661422037274
25157.0,270.767334,-657.333191,12.726874226599964,-454.8026758829328
25166.0,267.728363,-653.408264,12.77535185631748,-449.9079677338247
25175.0,264.689514,-649.483276,12.82611026957677,-444.9270994861444
25184.0,261.743866,-645.682312,12.876278732521614,-440.084118319582
25193.0,258.893829,-642.003479,12.926993327590091,-435.22390616643304
25203.0,255.517624,-637.642151,12.985012635006894,-429.8294336985229
25212.0,252.482834,-633.713989,13.040267811116985,-424.9692710459705
25221.0,249.452942,-629.782104,13.100795125931334,-420.0919341272919
25230.0,246.52124,-625.970337,13.167240240489425,-415.21467423869717
25240.0,243.268433,-621.731506,13.246865894774064,-409.78600223299014
25249.0,240.246826,-617.793213,13.321972419475708,-404.9433436176924
25258.0,237.321747,-613.976379,13.40022179323558,-400.04902088813964
25267.0,234.398804,-610.157898,13.479301838978092,-395.2236635695228
25277.0,231.051086,-605.774658,13.571742874388327,-389.8124329051354
25286.0,228.038269,-601.829651,13.65888643741174,-384.93549893248746
25295.0,225.121155,-598.006714,13.748424970619372,-380.0586083426531
25304.0,222.110992,-594.059692,13.840377507938726,-375.1300463777285
25313.0,219.195023,-590.235901,13.932202942333722,-370.2876759309361
25323.0,215.95137,-585.990051,14.035297483803365,-364.84216007024554
25332.0,212.935272,-582.047546,14.125693236967594,-359.96528529412575
25341.0,210.011932,-578.22937,14.214724010265545,-355.053908238831
25350.0,206.994919,-574.287537,14.301976695254943,-350.17697621725165
25359.0,203.976883,-570.346497,14.388812372902716,-345.31727522759815
25369.0,200.728912,-566.103943,14.4864197122391,-339.8544197558747
25378.0,197.713165,-562.161194,14.573597439240972,-335.01196340622266
25387.0,194.792694,-558.34082,14.663874714797986,-330.11784775995636
25396.0,191.779587,-554.396057,14.755106977817062,-325.27546610125216
25406.0,188.538635,-550.148132,14.859994056727993,-319.8299844720323
25415.0,185.529846,-546.200012,14.95688891865343,-314.95323449280676
25424.0,182.615631,-542.374878,15.056003800547707,-310.09376843325464
25433.0,179.605423,-538.427856,15.157411828058432,-305.1653919538047
25442.0,176.498398,-534.359619,15.25733524724512,-300.2542244380112
25451.0,173.579269,-530.538269,15.35503643097763,-295.3602513665479
25461.0,170.33403,-526.29364,15.461070866236591,-289.9665090529392
25470.0,167.505798,-522.598022,15.555772965735109,-285.05523807993865
25479.0,164.487656,-518.657104,15.647670102563321,-280.17839136404024
25488.0,161.561539,-514.841064,15.737265015771449,-275.31874046142417
25498.0,158.096558,-510.330536,15.834106178325582,-269.89034827039717
25507.0,155.070282,-506.395844,15.917198949054294,-265.03058184234686
25516.0,152.040817,-502.463593,15.997235363174289,-260.1535260556495
25525.0,149.009659,-498.532654,16.073380257848658,-255.32812152742818
25535.0,145.746933,-494.301453,16.15700194293068,-249.89950960501636
25544.0,142.811188,-490.492828,16.231613262583775,-245.05684333473198
25553.0,139.780029,-486.56189,16.3073270899575,-240.1797185269699
25562.0,136.844879,-482.752808,16.38352925963891,-235.3198391690961
25572.0,133.482086,-478.381134,16.470615146002707,-229.90851967227923
25581.0,130.552521,-474.567749,16.552922841884048,-224.9970253476275
25590.0,127.436302,-470.506531,16.637630772374052,-220.13728680422167
25599.0,124.509216,-466.691254,16.725223034197537,-215.24312236673296
25608.0,121.487885,-462.752747,16.813701763595784,-210.36621243434874
25618.0,118.238251,-458.511475,16.913306649510766,-204.97234755712242
25627.0,115.314919,-454.693298,17.005281753528863,-200.09550231102483
25636.0,112.297722,-450.751648,17.098825771985492,-195.21868690640503
25645.0,109.28096,-446.809662,17.193826126564556,-190.30742169359914
25655.0,105.930656,-442.428406,17.29822964757396,-184.94812552968443
25664.0,102.915215,-438.485382,17.39489369244919,-180.036892780128
25673.0,99.8992,-434.542816,17.490716211908335,-175.177360684492
25682.0,96.974091,-430.726013,17.58575703420273,-170.3178132378824
25692.0,93.511551,-426.213593,17.689699170841326,-164.88955237250218
25701.0,90.581551,-422.400543,17.780474393497318,-160.02992337403904
25710.0,87.55751,-418.464111,17.871257871803365,-155.11857840367338
25719.0,84.627998,-414.650696,17.961033953866266,-150.25893084455356
25728.0,81.605438,-410.713135,18.052713507737234,-145.33036379411962
25738.0,78.247292,-406.337891,18.155270864117462,-139.9193154080038
25747.0,75.319756,-402.522949,18.249734394302283,-135.04251772759827
25756.0,72.298859,-398.584106,18.346208403049367,-130.1657594047182
25765.0,69.563774,-395.012543,18.44537864283479,-125.289055165412
25774.0,66.452156,-390.947815,18.549180089474877,-120.34348897282328
25784.0,63.207561,-386.702698,18.665778656392717,-114.93272493967535
25793.0,60.195049,-382.757446,18.774573354292613,-110.00450598908603
25802.0,57.180309,-378.813904,18.883691781706407,-105.12801420267414
25811.0,54.256386,-374.996185,18.992184425721025,-100.23426847044558
25820.0,51.143459,-370.932434,19.098518826744773,-95.34047536686332
25829.0,48.313694,-367.238007,19.20346065562428,-90.46389191256918
25839.0,44.96188,-362.85791,19.32148745510876,-85.00143946222832
25848.0,42.032497,-359.044373,19.42564428655281,-80.14207885632392
25857.0,38.908852,-354.988861,19.52779769480758,-75.16199958000226
25866.0,35.877831,-351.0578,19.622806691417317,-70.28521249579333
25875.0,33.035046,-347.373383,19.715659405498794,-65.39114503416204
25885.0,29.763586,-343.148926,19.81422213258061,-59.980022411540666
25894.0,26.813402,-339.351471,19.898258708502723,-55.08579562894921
25903.0,23.766661,-335.432587,19.978745668860544,-50.17427112966369
25912.0,20.813313,-331.637604,20.056631203331875,-45.297180519713535
25921.0,17.763716,-327.720947,20.134832515013567,-40.351143291746666
25930.0,14.810056,-323.926178,20.21222447329226,-35.474044824528924
25940.0,11.529322,-319.708923,20.30025949125495,-30.028264686742816
25949.0,8.384502,-315.6698,20.37970363508588,-25.151199216385173
25958.0,5.430517,-311.875305,20.45927730394876,-20.256897838585257
25967.0,2.478979,-308.078888,20.539320818165773,-15.397080230939494
25977.0,-0.800034,-303.860291,20.630827991991932,-9.985833693830635
25986.0,-3.848255,-299.942566,20.714663459705317,-5.07436520953566
25995.0,-6.901436,-296.028717,20.79560314614493,-0.18008623172010196
26004.0,-9.862856,-292.240021,20.871683603826284,4.714270693297673
26013.0,-12.826711,-288.453217,20.941968417241355,9.522526566644071
26023.0,-16.014784,-284.382294,21.01834860464612,14.968482638856312
26032.0,-18.978876,-280.595673,21.085646111321275,19.828493460795393
26041.0,-21.846947,-276.930908,21.153396282372075,24.671260579775545
26050.0,-24.906752,-273.022217,21.221682957868172,29.514020163351837
26060.0,-28.200933,-268.81546,21.296871763678155,34.873805803771646
26069.0,-31.163654,-265.027771,21.365208035950214,39.75103956155236
26078.0,-34.226082,-261.121155,21.433257415569756,44.593802485370105
26088.0,-37.524467,-256.917694,21.507223088329567,49.98807987222434
26097.0,-40.589787,-253.013336,21.570987472977823,54.79642663611496
26106.0,-43.464233,-249.353561,21.634121858510643,59.604781713262476
26116.0,-46.7616,-245.149292,21.705204909610973,64.98186062162635
26125.0,-49.72863,-241.36499,21.77116669921638,69.80741509218134
26134.0,-52.793392,-237.46019,21.839237701525725,74.71912735945781
26143.0,-55.764118,-233.678787,21.904505502706122,79.54469126641317
26153.0,-59.175175,-229.34465,21.97517327353315,84.97348727073438
26162.0,-62.151279,-225.567474,22.034368692804975,89.78189245342273
26171.0,-65.129517,-221.791977,22.090649556801896,94.59033263324349
26181.0,-68.546257,-217.462326,22.15181797996027,99.98477031210142
26190.0,-71.526962,-213.688782,22.205324318897787,104.82771575119774
26199.0,-74.508606,-209.915985,22.25707658443776,109.67068025213948
26208.0,-77.495506,-206.147339,22.306160603488333,114.4791992816995
26218.0,-80.814514,-201.960129,22.357404691872908,119.87374036417343
26227.0,-83.899719,-198.071472,22.40115374740978,124.69954733566568
26236.0,-86.890099,-194.305588,22.444987490997036,129.55982641681862
26246.0,-90.318489,-189.985153,22.493083434534828,134.91992364056048
26255.0,-93.304512,-186.215805,22.538154701248153,139.7629549263656
26264.0,-96.286232,-182.443054,22.58797878336331,144.6404129256707
26273.0,-99.360954,-178.546097,22.643088949674546,149.5005772246755
26283.0,-102.668442,-174.349792,22.709416293361503,154.9121909702891
26292.0,-105.835052,-170.327744,22.772162332700024,159.7550255110222
26301.0,-108.808464,-166.548447,22.83818938703355,164.59781642974525
26311.0,-112.322594,-162.076096,22.914988896806914,169.97481672937553
26320.0,-115.388359,-158.172089,22.98700796905727,174.8347598768809
26329.0,-118.263016,-154.512482,23.059888763151115,179.66021480836827
26338.0,-121.235016,-150.732071,23.132466280605893,184.48567431083447
26348.0,-124.543419,-146.536484,23.210970067130116,189.9143626557175
26357.0,-127.621262,-142.641983,23.275883167272294,194.7399313471166
26366.0,-130.607422,-138.872757,23.336046422328195,199.60003572114942
26375.0,-133.692703,-134.984146,23.390611521734755,204.42573251600615
26385.0,-137.013718,-130.798538,23.447533212033104,209.82021667746838
26394.0,-140.001694,-127.030754,23.497815151074835,214.6631966672037
26403.0,-143.087036,-123.142197,23.54916161198294,219.54063887753057
26412.0,-146.173355,-119.25441,23.600501823291136,224.43531783821973
26422.0,-149.601425,-114.933716,23.65700406844051,229.82980640928804
26431.0,-152.685135,-111.043869,23.71004434917017,234.70723049406516
26440.0,-155.765793,-107.151604,23.765769050054438,239.5501509158834
26449.0,-158.745987,-103.377655,23.826227410559586,244.41025162784553
26459.0,-162.049881,-99.17852,23.900478044686338,249.78728772873393
26468.0,-165.019882,-95.396538,23.974227846002456,254.6299671958447
26477.0,-167.986755,-91.612106,24.05388500468536,259.5070291916775
26487.0,-171.176392,-87.542397,24.14501184965295,264.8493293131357
26496.0,-174.145142,-83.759438,24.228601574028207,269.7090872188066
26505.0,-177.022598,-80.10202,24.308239162975294,274.51719727921426
26514.0,-179.999893,-76.325783,24.38378782154391,279.4115624418987
26524.0,-183.205597,-72.268715,24.460009707784106,284.7540960088166
26533.0,-186.19046,-68.498459,24.52385459206193,289.59691618771257
26542.0,-189.274368,-64.608757,24.58356095485246,294.47426322523063
26552.0,-192.595581,-60.423309,24.645964868940602,299.86868675315094
26561.0,-195.679886,-56.533928,24.70135882284807,304.7460846745855
26570.0,-198.667068,-52.765507,24.75640727321373,309.5200653799137
26579.0,-201.652832,-48.99596,24.8141964289713,314.3974355101807
26589.0,-204.964859,-44.803238,24.88093123064716,319.72285892232935
26598.0,-207.844986,-41.147926,24.947078055528788,324.5484108600378
26607.0,-210.911942,-37.244846,25.020079888051118,329.42557701535713
26617.0,-214.313263,-32.903065,25.10760765976405,334.8024133785083
26626.0,-217.27594,-29.115353,25.192993797660172,339.66214005304533
26635.0,-220.235641,-25.325308,25.28258821225771,344.4700748840762
26644.0,-223.193848,-21.534094,25.377745269023254,349.3640980838637
26654.0,-226.371307,-17.45487,25.485107955611504,354.7060965809746
26663.0,-229.322891,-13.658505,25.586448762130335,359.565516729993
26672.0,-232.370148,-9.740032,25.69075575289109,364.42487411502145
26682.0,-235.75679,-5.386793,25.80835015438401,369.8528563872019
26691.0,-238.803146,-1.467616,25.91543564020226,374.7638729577924
26700.0,-241.84346,2.456245,26.02482998092731,379.60587836181537
26709.0,-244.777451,6.266232,26.144397551120555,384.5166068876074
26718.0,-247.699936,10.085045,26.27627790965392,389.37529412952625
26728.0,-250.921219,14.347891,26.44747277815381,394.8018503401802
26737.0,-253.887985,18.32765,26.632279922859386,399.72780452495545
26746.0,-256.822693,22.33112,26.852461552802875,404.6695572257104
26755.0,-259.718811,26.362577,27.116438897465,409.6436843731375
26764.0,-262.660675,30.551821,27.430909543499194,414.6148746863371
26773.0,-265.459259,34.651585,27.801466113947832,419.54763127202835
26782.0,-268.11203,38.662449,28.24190580749279,424.5092477216964
26791.0,-270.80069,42.83514,28.75476979764833,429.46390163946586
26800.0,-273.423798,47.049343,29.339144509460045,434.42798614023746
26809.0,-276.03656,51.451366,30.010416323339676,439.43324329491156
26818.0,-278.560089,55.905136,30.782164400189863,444.423995737021
26827.0,-280.904388,60.280579,31.651673900237235,449.32864436323206
26836.0,-283.135193,64.714958,32.63839080943456,454.2110632983881
26845.0,-285.17868,69.067932,33.74290408750408,459.0151478865076
26854.0,-287.09198,73.479683,34.98135113423116,463.76865185414266
26863.0,-288.970825,78.241432,36.376209447811064,468.51457326000474
26872.0,-290.528412,82.626671,37.91237827487909,473.16222893574655
26882.0,-292.109436,87.730476,39.79482280895773,478.2179288895819
26891.0,-293.398682,92.524017,41.66742019253517,482.7031951227916
26900.0,-294.433624,97.061119,43.66191831907152,487.0029548256274
26910.0,-295.388916,102.493195,46.11848362837055,491.7478216910658
26920.0,-296.10968,107.961327,48.7196421404766,496.2365696708056
26929.0,-296.497345,112.598801,51.263938641271544,500.1947159959204
26939.0,-296.674164,117.766495,54.29432531358469,504.4480090503031
26948.0,-296.621002,122.730103,57.21810016377571,508.1567022435757
26958.0,-296.285156,127.889908,60.661597718994074,512.1059289487188
26967.0,-295.774078,132.359314,63.93192430944808,515.4890238345835
26977.0,-294.987976,137.295471,67.67261520208149,518.9835228043146
26987.0,-293.883484,142.523148,71.63510806213276,522.3321843824295
26996.0,-292.769135,146.88147,75.29609553959048,525.1489133386011
27006.0,-291.27121,151.83046,79.55968107972286,528.1348563859356
27016.0,-289.588348,156.719666,83.9321777100648,530.9270163470352
27025.0,-287.923157,161.065186,87.97524331673293,533.3002175805392
27035.0,-285.846802,165.988327,92.63005913922838,535.8164224330297
27044.0,-283.847626,170.361832,96.87180723689212,537.9314943833039
27053.0,-281.726959,174.677734,101.25268835151746,539.9558973978985
27063.0,-279.226776,179.399765,106.2150091574144,542.072279137197
27072.0,-276.792999,183.726074,110.72276054434568,543.8434823688984
27081.0,-274.253845,187.991394,115.25931301445058,545.4896957791065
27091.0,-271.417389,192.519409,120.32728824778708,547.1820614972341
27100.0,-268.701569,196.674469,124.9720695746313,548.6139276116287
27109.0,-266.00412,200.655426,129.62783524355373,549.948404846524
27118.0,-263.145569,204.713623,134.32421015586905,551.2007214305902
27128.0,-259.896332,209.170364,139.5946875485261,552.5041354261642
27137.0,-257.0112,213.017471,144.3147175859062,553.5896306590417
27146.0,-254.076996,216.827286,149.11695705210434,554.6230943338636
27155.0,-251.098846,220.602859,153.8984560593184,555.5871203802633
27165.0,-247.733307,224.752747,159.25107269634117,556.5939801572829
27174.0,-244.661743,228.452713,164.05570771442717,557.435146797804
27183.0,-241.450592,232.238037,168.90362031978412,558.2271660076029
27192.0,-238.204544,235.993484,173.70848610802167,558.9603091728691
27201.0,-235.028763,239.604401,178.5201606184447,559.6473481452099
27211.0,-231.349243,243.713058,183.8846882409687,560.3627543482802
27220.0,-228.114365,247.271133,188.7250202061576,560.9654694060929
27229.0,-224.750107,250.921066,193.621296205154,561.5361353792249
27238.0,-221.358246,254.545349,198.4703280600303,562.0643105817277
27247.0,-217.942093,258.146759,203.34028090154948,562.5583523480691
27257.0,-214.118835,262.12204,208.7800563790634,563.0693903621828
27266.0,-210.764664,265.567871,213.63949369060347,563.4912291813285
27275.0,-207.283066,269.106049,218.5530289517229,563.8866397893995
27284.0,-203.782867,272.625824,223.41719157038733,564.249959198916
27293.0,-200.375626,276.019196,228.28320595809856,564.5875728134421
27303.0,-196.572067,279.771729,233.70127765334044,564.9358817217494
27312.0,-193.023727,283.242981,238.53598104996502,565.2233300145556
27321.0,-189.573517,286.592651,243.42351414320692,565.4926591959968
27330.0,-186.222382,289.821625,248.26044483971285,565.7398127749087
27339.0,-182.638199,293.255829,253.1671152815311,565.9724847183322
27349.0,-178.642609,297.057831,258.5739299762439,566.2097978137813
27358.0,-175.15062,300.363922,263.4475953407022,566.4084555330008
27367.0,-171.540283,303.77063,268.3561836154545,566.5963709577322
27376.0,-168.037109,307.06488,273.21347699127705,566.7722550244978
27386.0,-164.13562,310.715485,278.65681120990257,566.9576844122804
27395.0,-160.503891,314.099396,283.5492908952217,567.113120811653
27404.0,-156.982315,317.373962,288.4248484389936,567.2580953318718
27413.0,-153.34198,320.748596,293.3351128652091,567.3954063748075
27422.0,-149.696075,324.117218,298.21115169163056,567.5231731051186
27432.0,-145.51001,327.967896,303.65604864573675,567.6549632134665
27441.0,-142.080383,331.113373,308.49810193893654,567.7622169322044
27450.0,-138.415451,334.461273,313.3748221722482,567.8605975204962
27459.0,-134.743729,337.801727,318.25173040660803,567.9491697947092
27469.0,-130.784821,341.389984,323.62858253170924,568.0357238917801
27478.0,-127.219688,344.617065,328.5057944248453,568.1056032420635
27487.0,-123.534149,347.942261,333.3831023043737,568.1684269830703
27496.0,-119.843056,351.261292,338.27774162118646,568.2234170169048
27505.0,-116.146858,354.574646,343.1380002119525,568.2694667143735
27515.0,-112.037498,358.253387,348.54984975012184,568.3124460634917
27524.0,-108.449959,361.455536,353.42745345685483,568.3450198905391
27533.0,-104.741638,364.75531,358.2706266947936,568.3706410084717
27542.0,-101.030319,368.051727,363.16553900685085,568.3893867488077
27552.0,-96.904984,371.712555,368.54306930643014,568.4034673749247
27561.0,-93.305573,374.901367,373.43801034064967,568.4118469348506
27570.0,-89.702354,378.085876,378.2812501653055,568.4152314936117
27579.0,-86.09491,381.265594,383.12449030462545,568.4123319707691
27589.0,-81.957001,384.912201,388.5192672268334,568.4033094042736
27598.0,-78.230988,388.191986,393.34525737902925,568.3912281430643
27607.0,-74.618698,391.366211,398.2057071359908,568.3750323466375
27617.0,-70.603073,394.890869,403.5832076837309,568.3522673300512
27626.0,-67.104088,397.959015,408.4608563391882,568.3273160166204
27635.0,-63.486153,401.126801,413.3212488657156,568.2987042734688
27644.0,-59.866898,404.29306,418.1643854286121,568.2668972380052
27654.0,-55.715103,407.923859,423.5935085539526,568.2289225061365
27663.0,-52.095142,411.089325,428.4538562315605,568.1935022220757
27672.0,-48.35733,414.355652,433.3486606202054,568.155979663351
27681.0,-44.735489,417.518951,438.19174382019156,568.1168827020609
27690.0,-40.995647,420.782959,443.1037527127054,568.0754134636499
27700.0,-36.968388,424.294312,448.4810923139826,568.0279877379128
27709.0,-33.461014,427.352875,453.30689516316534,567.9837863035373
27718.0,-29.836735,430.513397,458.13269432276195,567.9391838686206
27728.0,-25.681971,434.140778,463.49278514649563,567.8903798821515
27737.0,-22.058161,437.301819,468.3185930023552,567.8467284869265
27746.0,-18.317186,440.564545,473.1271500018328,567.801516969118
27756.0,-14.289706,444.075653,478.5216785349749,567.7489683993081
27765.0,-10.664716,447.235352,483.3302170399146,567.7018308868664
27774.0,-7.040056,450.395447,488.1559871118174,567.654185119914
27784.0,-3.013896,453.908081,493.49880728192784,567.6017702417976
27793.0,0.492555,456.967682,498.32459026639,567.5554507767843
27802.0,4.11666,460.128387,503.16760977217126,567.5091310078669
27812.0,8.144066,463.639587,508.49320101470005,567.4574979766129
27821.0,11.650225,466.699524,513.3362138093245,567.4104817509586
27830.0,15.268735,469.866638,518.162012065311,567.3657816559062
27840.0,19.282959,473.392883,523.5049323486908,567.3248239333545
27849.0,23.137442,476.761444,528.3308242699245,567.291747196301
27858.0,26.77557,479.906006,533.1566180740214,567.2465690343033
27867.0,30.440065,483.019806,538.0337724239369,567.1727827127773
27877.0,34.685017,486.541229,543.4097512023735,567.0428498042286
27886.0,38.541546,489.666504,548.3016396955908,566.8698038119652
27895.0,42.437981,492.741882,553.1910771886946,566.6375992759611
27904.0,46.497192,495.860718,558.0770821826183,566.3418406837543
27914.0,50.92984,499.142731,563.5252760123527,565.9301355814366
27923.0,54.966385,502.031769,568.3995758427208,565.4810040759908
27932.0,59.056202,504.844879,573.3168426189428,564.9425923775237
27941.0,63.202644,507.573853,578.2572102687318,564.3066738275623
27950.0,67.405815,510.2146,583.1490704264263,563.5724368745671
27959.0,71.676239,512.745117,588.0397158551078,562.7228472490104
27968.0,75.87394,515.091064,592.8737006846294,561.7575654356551
27977.0,80.275154,517.386597,597.7136638034491,560.6553076394094
27986.0,84.466064,519.409668,602.4860540487431,559.4210185088317
27996.0,89.510239,521.640442,607.694607124573,557.8887669476873
28005.0,93.969841,523.439392,612.308052001705,556.3589432619526
28014.0,98.348503,525.015381,616.8663953668188,554.672011162111
28023.0,102.930801,526.473755,621.3436352711929,552.8250389660423
28033.0,108.087677,527.872009,626.1642755118414,550.6018153546038
28042.0,112.926147,528.980774,630.3969275783126,548.4305717923768
28052.0,118.18232,529.940552,634.9535304064407,545.8437904625957
28061.0,122.94558,530.600586,638.9259615678008,543.3541611201433
28071.0,128.094559,531.07428,643.1378456535308,540.4448100151619
28081.0,133.088028,531.295471,647.2062374807754,537.3379660629023
28091.0,138.258728,531.282715,651.0938870385611,534.0609642545465
28100.0,142.907059,531.060242,654.4704557633177,530.9342019907749
28110.0,147.879181,530.548767,658.0643366651831,527.2647240425988
28120.0,153.501968,529.691345,661.3126078710861,523.5798515575882
28130.0,158.388931,528.641907,664.5010979357933,519.5311566391632
28140.0,163.718124,527.220764,667.3869257805387,515.4078792482134
28150.0,168.790695,525.542236,670.088236132241,511.0596366391277
28160.0,173.604111,523.653503,672.4582858857923,506.7177172627142
28170.0,178.136932,521.547058,674.6078312677627,502.16701693825024
28180.0,182.702072,519.118896,676.4408140086701,497.60963552680107
28190.0,186.953461,516.490356,678.0436634068343,492.82068169121965
28200.0,190.911438,513.729065,679.2998673609757,488.14318929892545
28210.0,194.687149,510.723358,680.2985541541822,483.26320470813613
28220.0,198.419083,507.398254,680.9856597642402,478.4515397131062
28230.0,201.922668,503.833344,681.3882829638607,473.46941935188295
28241.0,205.508286,499.665192,681.4662292688304,468.1269106655888
28251.0,208.417542,495.814667,681.2128856052631,463.3075596829241
28261.0,211.075821,491.786774,680.6510292815768,458.54908159600603
28272.0,213.763046,486.98999,679.680951116099,453.40000251967865
28282.0,215.822906,482.625671,678.4598592016928,448.7488522280692
28293.0,217.726212,477.669983,676.7595834688182,443.7745135437982
28303.0,219.172958,473.065948,674.9073697443646,439.39285330579935
28314.0,220.447739,467.71756,672.4922794986835,434.60742808195914
28324.0,221.298569,462.792145,670.0083218973235,430.4095674829409
28334.0,221.815887,457.820618,667.2459647148457,426.3685402939796
28344.0,221.998596,452.998077,664.2532679419143,422.5605553308192
28355.0,221.818848,447.692505,660.6803606382229,418.61100833760037
28365.0,221.343246,442.716827,657.2073697968624,415.2600888336747
28375.0,220.620529,438.119629,653.5037884335061,412.11243586221013
28386.0,219.468704,432.9375,649.1931500187434,408.8974044713684
28396.0,218.123352,428.123596,645.1139752157072,406.2230051181675
28406.0,216.59758,423.545135,640.8497301245909,403.7500732318978
28416.0,214.797592,418.882111,636.463958383061,401.4996989202695
28426.0,212.74057,414.138153,631.9765195708464,399.4595834289629
28436.0,210.596542,409.622986,627.3439937317652,397.5825290651171
28446.0,208.398743,405.326477,622.6313409720304,395.8658081620334
28456.0,206.004547,400.938843,617.785995521542,394.2686995042258
28466.0,203.429642,396.454834,612.866089159517,392.7937182372773
28475.0,201.04071,392.461151,608.3960869679707,391.5627029706348
28485.0,198.211548,387.928558,603.3181373816675,390.2710006131419
28495.0,195.214523,383.298462,598.200302193106,389.0698570345636
28504.0,192.633392,379.426239,593.6029769187983,388.0673764426375
28513.0,190.007324,375.584351,588.9251224299563,387.1125992497949
28523.0,186.942368,371.207764,583.6940086594574,386.1125808637078
28532.0,184.052353,367.171906,578.9607933186886,385.26350075177584
28542.0,180.897476,362.85968,573.6916956143257,384.37745105144074
28551.0,178.024338,359.003601,568.9415536360963,383.6288418842315
28560.0,175.026398,355.047272,564.1337777069638,382.9150318541769
28569.0,171.998184,351.114075,559.3372273612507,382.2441456973589
28579.0,168.594971,346.773773,554.0053476935856,381.54479628793314
28588.0,165.599518,343.011932,549.1810636212728,380.95275124454645
28597.0,162.579941,339.269409,544.3354191689401,380.3943528064186
28606.0,159.438766,335.425812,539.4860949250987,379.86886888446145
28616.0,155.921204,331.177673,534.0846521079776,379.3200196485694
28625.0,152.733749,327.372375,529.2803144084612,378.8632197197311
28634.0,149.527405,323.582977,524.3875057272023,378.4273593447634
28643.0,146.401672,319.92865,519.5438537367479,378.0232930889109
28653.0,142.789581,315.76059,514.1136153361506,377.6028381136859
28662.0,139.515686,312.029388,509.2309796521947,377.2558702142038
28671.0,136.330139,308.427094,504.36362188589004,376.9382110431769
28680.0,133.031876,304.717438,499.47773701623447,376.64047460606974
28690.0,129.47821,300.727448,494.14374102691835,376.32908822944756
28699.0,126.283035,297.133698,489.2913032371704,376.04965730707545
28708.0,123.094887,293.533691,484.43909477507,375.76627208499985
28717.0,120.019707,290.040894,479.60465115022237,375.47448741692597
28727.0,116.393387,285.885193,474.1690834236784,375.12970492945504
28736.0,113.150833,282.12674,469.30249891340816,374.8004114759189
28745.0,110.232552,278.703247,464.43772978227514,374.44530547075806
28754.0,107.039925,274.902283,459.55810475202844,374.05829447646937
28763.0,104.0784,271.312592,454.6642690533234,373.6341209129755
28773.0,100.726166,267.151947,449.2770504713338,373.1165896597159
28782.0,97.563156,263.127075,444.324238550441,372.58623223916896
28791.0,94.451721,259.062195,439.41221072751057,372.00195287761284
28800.0,91.488403,255.079865,434.45675449028823,371.34843760192143
28809.0,88.492561,250.929047,429.56214732686794,370.63274184156256
28818.0,85.568977,246.727036,424.628376537736,369.8317833314658
28827.0,82.806343,242.602951,419.7258927430206,368.95014987031567
28836.0,80.033501,238.299973,414.80585637975537,367.9757429342424
28845.0,77.414459,234.083237,409.9037524781558,366.9147980578033
28854.0,74.803268,229.680283,405.0220259997971,365.7637232194921
28863.0,72.290405,225.22049,400.1313787879725,364.5048447972384
28872.0,69.882538,220.70314,395.2534078821103,363.1326256983342
28880.0,67.767685,216.519135,390.91805155602896,361.80870928065485
28889.0,65.575439,211.893295,386.12357551051946,360.22245442043817
28898.0,63.510502,207.209244,381.33879746996064,358.50243725810424
28907.0,61.705349,202.752151,376.603333697968,356.6509668153846
28916.0,59.936886,197.948318,371.97387034768826,354.67676118256855
28925.0,58.321831,193.090759,367.34736063259817,352.52652015989446
28934.0,56.901115,188.334518,362.8374084308005,350.2541785988513
28943.0,55.58511,183.387558,358.38393150615013,347.83671532189305
28951.0,54.598522,179.228516,354.5082410324677,345.58705114724995
28960.0,53.576488,174.21257,350.2307641909842,342.9351441611705
28969.0,52.718914,169.165909,346.0110347965589,340.1295302797431
28978.0,52.023785,164.094315,341.91218905699543,337.20910524295664
28987.0,51.525635,159.311417,337.9369076983221,334.179127214328
28996.0,51.16692,154.204987,334.0495780780758,331.00975896237685
29005.0,50.983204,149.244492,330.29598181457084,327.73529106547085
29014.0,50.960526,144.125534,326.66550986723837,324.3500453313225
29023.0,51.099689,139.163589,323.1226876045977,320.82413564020374
29032.0,51.410145,134.054001,319.7078224624219,317.19779851053426
29041.0,51.857388,129.266068,316.4356813207135,313.4880152211328
29050.0,52.483456,124.34182,313.27539888776573,309.6601136830915
29059.0,53.294064,119.287399,310.23208856901806,305.71677915238394
29069.0,54.369522,113.877831,307.0268591212678,301.2494874721665
29078.0,55.502544,109.044975,304.2862028253524,297.1314536241703
29087.0,56.837776,104.103172,301.6775119372587,292.9083094055443
29096.0,58.296852,99.358566,299.2218751914737,288.6142148702163
29105.0,59.920551,94.667747,296.9149666449781,284.2384209235492
29114.0,61.710651,90.037872,294.77095401022683,279.79968370072714
29123.0,63.720875,85.330086,292.7778609009604,275.2723246953712
29132.0,65.763763,80.976822,290.93110134347984,270.646191963367
29141.0,68.034668,76.562843,289.2482998384298,265.9579295974293
29150.0,70.384796,72.36747,287.7349078945461,261.2122716091779
29159.0,72.886147,68.26046,286.39716931878843,256.43203408957
29168.0,75.625122,64.120621,285.2425082959493,251.63975527531312
29177.0,78.517258,60.086296,284.2602060037356,246.774028459345
29187.0,81.805786,55.875111,283.39242602830996,241.39711211372799
29196.0,85.005127,52.079796,282.798384057679,236.50361720227994
29205.0,88.433167,48.278107,282.38511760978326,231.60884837209878
29214.0,91.679001,44.943295,282.1481612593938,226.75415107651358
29223.0,95.158508,41.624065,282.0870780748844,221.8768210878093
29233.0,99.040466,38.208401,282.228819403232,216.50114068596585
29242.0,102.765213,35.166931,282.5444978632052,211.63365405690843
29251.0,106.719376,32.16613,283.0335569854532,206.81516833737822
29261.0,111.084534,29.084917,283.76913690555557,201.52296682281656
29270.0,114.97187,26.526592,284.5937670950002,196.82042419596138
29280.0,119.388824,23.838316,285.6534287128112,191.81228994662055
29289.0,123.592049,21.502253,286.8148642801893,187.19918800268485
29299.0,128.360611,19.09201,288.31726437263774,182.1076175653396
29308.0,132.726288,17.075781,289.82573653563367,177.63242189253353
29317.0,137.160049,15.214043,291.5210208734946,173.13239128015206
29327.0,142.00116,13.397446,293.5940759029761,168.18917387521114
29336.0,146.706024,11.81491,295.6149543693185,163.82565296626154
29346.0,151.661011,10.336928,298.01796924473905,159.09206922191672
29355.0,156.010376,9.188129,300.3026234855347,154.95888406075466
29365.0,161.227814,8.036268,303.0350317495824,150.40748420633614
29374.0,165.957062,7.165382,305.6528119455393,146.39425320403654
29383.0,170.561005,6.487006,308.421338750605,142.46239310629656
29393.0,176.046021,5.908487,311.6508161726794,138.2274121579655
29402.0,180.843536,5.579723,314.6907463275766,134.54600661658864
29411.0,185.804977,5.423838,317.8981072740655,130.94001678508587
29421.0,190.975601,5.454407,321.53912194759647,127.14818410671388
29430.0,195.935623,5.650385,324.97301232116155,123.83120973101086
29440.0,200.917343,6.05791,328.91468941008816,120.30108523920283
29449.0,205.539368,6.599558,332.5772034568829,117.2653591350647
29459.0,210.646667,7.406905,336.7917865299201,114.0375758281052
29468.0,215.062286,8.266566,340.66072705018036,111.29946415588006
29478.0,220.269592,9.463387,345.0865774417033,108.39938734433035
29487.0,224.923401,10.674294,349.1488573409348,105.92400370888834
29496.0,229.540512,12.018361,353.340826174832,103.53282738715545
29506.0,234.628128,13.650714,358.04210868154627,101.03032247318251
29515.0,239.021515,15.185175,362.34809837059333,98.88959425680682
29524.0,243.37735,16.823206,366.70620240791004,96.85706044441694
29534.0,248.331879,18.823486,371.66587000370214,94.69103644005679
29543.0,252.753906,20.712902,376.1793824444404,92.84163534201332
29552.0,257.283203,22.744055,380.72853232482066,91.08171649729901
29561.0,261.780151,24.845856,385.3403181008266,89.39027243552854
29571.0,266.745239,27.247494,390.417838949893,87.61916757860412
29580.0,271.19516,29.447157,395.05987217031566,86.06609142915012
29589.0,275.492157,31.605894,399.6663979955533,84.57046337519132
29598.0,279.778442,33.785789,404.3155859176232,83.09495307721865
29608.0,284.685883,36.303127,409.4656104047878,81.48842040444832
29617.0,289.097229,38.579163,414.12710285807384,80.05225638801382
29626.0,293.365845,40.793472,418.77563110255505,78.63260174549956
29635.0,297.632721,43.011162,423.3937048331878,77.23127311722541
29645.0,302.220764,45.395737,428.5574994442338,75.66956742728054
29654.0,306.625183,47.685139,433.1936408958962,74.26843363832666
29663.0,311.033295,49.96743,437.8619898960377,72.85471634444445
29673.0,315.785126,52.410469,442.9565749490025,71.3023661292794
29682.0,320.068817,54.595459,447.61864684423523,69.86808421214901
29691.0,324.362671,56.760422,452.25917359325524,68.42248895918858
29700.0,328.667542,58.903423,456.87666164617093,66.96105557529754
29709.0,333.123779,61.090252,461.5354269982279,65.4589159879143
29719.0,338.095154,63.478851,466.65890487837504,63.76963393368655
29728.0,342.446808,65.525177,471.2630851811608,62.212149460829345
29737.0,346.956604,67.599289,475.8704765937691,60.61089265907414
29746.0,351.483521,69.635796,480.4640302946604,58.970361229581194
29756.0,356.536499,71.846519,485.59238491110096,57.08560765797972
29765.0,360.960144,73.732132,490.1861838858854,55.34590594873275
29774.0,365.400909,75.577095,494.73047965223617,53.57349094031339
29783.0,370.003296,77.436714,499.3210333076668,51.73060818707181
29792.0,374.624634,79.248734,503.86091984260014,49.85471338517046
29801.0,379.265045,81.01133,508.412363244757,47.91725044034709
29810.0,383.779816,82.667,512.926233748144,45.93630334618399
29820.0,388.982178,84.498825,517.933841281061,43.666048390206825
29829.0,393.534119,86.049316,522.4610071735541,41.54746449608025
29838.0,398.399261,87.641357,526.9480064214387,39.38448907625924
29847.0,402.986603,89.083817,531.3629313194335,37.19186132484184
29856.0,407.738861,90.517754,535.7978549219727,34.92402589057677
29865.0,412.658295,91.933174,540.220314738364,32.59476036105682
29874.0,417.444214,93.250473,544.567864591764,30.23505487566577
29883.0,422.397369,94.542992,548.9299510925251,27.794597931877796
29892.0,427.367371,95.769104,553.2141885652351,25.32180417116694
29901.0,432.202545,96.892166,557.4789225983482,22.78167447610676
29910.0,437.052032,97.951706,561.7083239253031,20.183140340004513
29919.0,441.915161,98.946793,565.8575403782041,17.553776560523797
29928.0,446.640137,99.840546,569.9975062906855,14.846364152135726
29937.0,451.530304,100.692825,574.1400470190111,12.049404186610545
29946.0,456.432343,101.473984,578.2120646063238,9.210586121014547
29955.0,461.498291,102.209129,582.2415592108506,6.311726263586246
29964.0,466.575226,102.864044,586.2408662955647,3.342354653392925
29974.0,472.056549,103.476547,590.6149590598483,-0.017307726285039404
29983.0,476.997498,103.953354,594.5152205935703,-3.1156274137663504
29992.0,481.945099,104.355286,598.393262482567,-6.296353400092187
30001.0,486.898285,104.681168,602.1945162246728,-9.515374199247319
30010.0,491.700806,104.925941,605.9189854864542,-12.770789445210143
30019.0,496.816376,105.113686,609.6314755451541,-16.117585868454636
30028.0,501.934265,105.221596,613.254042268576,-19.48602913500072
30037.0,506.742981,105.245934,616.8108915097005,-22.898946038054582
30046.0,511.706604,105.19471,620.3617949358181,-26.416717149567045
30055.0,516.669006,105.072945,623.8326194016063,-29.965462388183877
30064.0,521.78418,104.874123,627.2732651719786,-33.591146519134234
30073.0,526.740723,104.60463,630.6467820993734,-37.25598054782468
30082.0,531.692749,104.261612,633.9400322954517,-40.947037693360784
30091.0,536.484253,103.854294,637.1867893453067,-44.70187243008846
30100.0,541.423706,103.362221,640.3853877072197,-48.52032675565686
30109.0,546.508301,102.769806,643.5446660448475,-52.4158610037796
30118.0,551.275269,102.137077,646.6188705709317,-56.33515831950725
30127.0,556.337219,101.374809,649.6675650185783,-60.361157226292036
30136.0,561.231262,100.545128,652.6029524400419,-64.3854740134225
30145.0,566.262939,99.603477,655.4733096144085,-68.47750021399236
30154.0,571.124878,98.602737,658.2675418174032,-72.62188136566671
30163.0,575.967529,97.512344,660.984095480342,-76.81758928340373
30172.0,580.789734,96.334831,663.6399565352915,-81.0926121896616
30181.0,585.74115,95.035744,666.2087673225408,-85.40044666097452
30190.0,590.523376,93.705223,668.6684513017965,-89.69222419805354
30199.0,595.283386,92.297272,671.0579496355623,-94.02347083366915
30208.0,600.020935,90.815498,673.402653302125,-98.43776505252174
30217.0,604.733154,89.254929,675.676837693049,-102.88880022320772
30226.0,609.419495,87.618416,677.8785411604662,-107.37613022847066
30235.0,614.077393,85.902504,680.0124507037074,-111.91514518264124
30244.0,618.709351,84.117744,682.0636634323826,-116.47323196070141
30253.0,623.456238,82.201698,684.0412802140102,-121.06372873116439
30262.0,628.172119,80.210487,685.9518420691186,-125.70118278384511
30271.0,632.714417,78.208557,687.7808000430517,-130.35290735266432
30280.0,637.365356,76.070053,689.5404771244494,-135.04968957692424
30289.0,641.841797,73.924873,691.2485465336673,-139.8387457291771
30298.0,646.424255,71.643356,692.8589362959955,-144.58878483494337
30307.0,650.828796,69.35424,694.3867439928863,-149.3479268139063
30316.0,655.057068,67.063881,695.8318721722829,-154.13282318474688
30325.0,659.384644,64.63237,697.2035897574955,-158.97511702740505
30334.0,663.548706,62.227192,698.4926060298213,-163.80440949983674
30343.0,667.816406,59.692078,699.7306494046549,-168.70037249342198
30352.0,672.050781,57.101643,700.8903537570038,-173.5446176082389
30361.0,676.250977,54.456169,701.9933434308224,-178.43743279710202
30370.0,680.415649,51.75507,703.0338857338826,-183.36152565850998
30379.0,684.545532,49.001106,703.9999560547196,-188.2480717856274
30388.0,688.644348,46.201153,704.9111182230628,-193.18021231443436
30397.0,692.710938,43.354565,705.7723440172683,-198.1737957517315
30406.0,696.753784,40.47438,706.566143274177,-203.10872345883126
30414.0,700.328064,37.887249,707.2419950289,-207.5561905672753
30423.0,704.320801,34.937954,707.9580833042457,-212.5378204585999
30432.0,708.285461,31.951042,708.6252786173881,-217.52623395452696
30441.0,712.34613,28.834122,709.2461465857706,-222.53799292701973
30450.0,716.378845,25.681093,709.8144425400692,-227.5039438372618
30459.0,720.263977,22.591465,710.3389894758815,-232.47470627844723
30468.0,724.128357,19.475925,710.8230855322032,-237.44957107488742
30477.0,728.091431,16.235813,711.268731123215,-242.41072264730448
30486.0,731.909851,13.064082,711.6808157401767,-247.40936375878505
30495.0,735.804749,9.742305,712.045122823115,-252.37715051614182
30504.0,739.524414,6.455327,712.3415278002097,-257.3667169125494
30513.0,743.192078,3.110436,712.5535638073601,-262.3433287769527
30522.0,746.816101,-0.281727,712.6891421487139,-267.322610194049
30531.0,750.300903,-3.595373,712.7613847117395,-272.2515004670543
30540.0,754.016235,-7.11679,712.8013903190931,-277.2841755354058
30549.0,757.654419,-10.493731,712.8517083318536,-282.26504825159117
30558.0,761.226501,-13.71311,712.9530919600796,-287.31410028068433
30567.0,765.080505,-17.082228,713.1250168045548,-292.3439969635277
30576.0,768.968079,-20.412556,713.3700347855487,-297.4226312410761
30585.0,772.864746,-23.732208,713.6608917895923,-302.46431818452675
30594.0,776.754089,-27.060444,713.9678084571393,-307.5395878419225
30603.0,780.509094,-30.306974,714.2636032454946,-312.6155178433429
30612.0,784.236084,-33.585644,714.5329366699177,-317.69292066788086
30620.0,787.621033,-36.626488,714.7352895877109,-322.2213997118578
30629.0,791.396362,-40.083511,714.9069644750331,-327.2685506671581
30638.0,795.141602,-43.573116,715.0282582488921,-332.3516449763914
30647.0,798.868164,-47.082653,715.1083848634009,-337.4355548557839
30656.0,802.354431,-50.394802,715.1578014411535,-342.4336731753567
30665.0,805.832092,-53.715992,715.1870915864649,-347.4147139305239
30674.0,809.415344,-57.151169,715.2023280609163,-352.3096384238511
30683.0,812.878662,-60.48727,715.2067232240886,-357.2390561373081
30693.0,816.843506,-64.321335,715.1976950276959,-362.66830456430586
30702.0,820.293884,-67.670815,715.1769859827543,-367.6149166211626
30711.0,823.852661,-71.131348,715.1476480550401,-372.54424898946934
30720.0,827.407959,-74.595459,715.1122172474082,-377.45630514913995
30729.0,830.848328,-77.955246,715.0708455410346,-382.42002387836214
30738.0,834.289795,-81.313911,715.0260647695206,-387.31476724528454
30747.0,837.841309,-84.781883,714.9793026379385,-392.2094920841843
30757.0,841.786133,-88.636559,714.9256909486355,-397.6040101566208
30766.0,845.335815,-92.10643,714.8745466984734,-402.51592783951844
30775.0,848.772827,-95.469666,714.8210024229772,-407.39334641748803
30784.0,852.212219,-98.830467,714.7656931702145,-412.30521896717926
30793.0,855.651001,-102.191849,714.710022872662,-417.21708743812366
30803.0,859.467529,-105.93119,714.6456818671184,-422.6459621120679
30812.0,862.898682,-109.300407,714.5825359703792,-427.5232658313221
30821.0,866.326599,-112.672913,714.5134463534064,-432.40048897558694
30830.0,869.861938,-116.157402,714.4390708081289,-437.2948721056446
30839.0,873.28241,-119.537415,714.3601817787065,-442.15470859104084
30849.0,877.083191,-123.292778,714.2670836512989,-447.56592799029715
30858.0,880.611145,-126.784744,714.1792075589749,-452.4428488187051
30867.0,884.135864,-130.279953,714.0872261633048,-457.3024551367727
30876.0,887.435059,-133.561981,713.988955051822,-462.16193833279266
30886.0,891.338135,-137.458878,713.8702238065731,-467.5726559875605
30895.0,894.62738,-140.7509,713.7561922320489,-472.3973138724258
30904.0,897.910522,-144.048996,713.6334016634931,-477.2734805482481
30913.0,901.408875,-147.570633,713.5026846083047,-482.1494411741806
30923.0,905.049011,-151.24295,713.3496150394656,-487.55929628825805
30932.0,908.540344,-154.77153,713.2058506530395,-492.4348896650028
30941.0,912.027832,-158.303879,713.0576000351919,-497.29310496468435
30950.0,915.511597,-161.839905,712.9039413587617,-502.1511522220615
30960.0,919.136414,-165.527328,712.7279404965553,-507.50857503198347
30969.0,922.612305,-169.071091,712.5623899256917,-512.3662315814154
30978.0,926.090027,-172.613083,712.3929273508542,-517.2237532313395
30987.0,929.459839,-176.04364,712.2224143165411,-522.0812381205473
30997.0,933.324585,-179.978577,712.0316239447976,-527.5071407205243
31006.0,936.692383,-183.411102,711.8600862400494,-532.3473430169391
31015.0,940.058716,-186.845062,711.6854543595092,-537.204681573191
31024.0,943.5354,-190.388062,711.5089028124432,-542.0619507334271
31034.0,947.398132,-194.324982,711.31234007971,-547.4704002099699
31043.0,950.768188,-197.755295,711.136926858353,-552.3277106123968
31052.0,954.249939,-201.293335,710.9618693810115,-557.219527537135
31061.0,957.626221,-204.717529,710.7904868375712,-562.0942282456842
31071.0,961.258484,-208.397614,710.6036615997766,-567.5202688206257
31080.0,964.747437,-211.928558,710.4398582339824,-572.360739036599
31089.0,968.129578,-215.346939,710.278431961891,-577.2012891099945
31098.0,971.512695,-218.764343,710.1194344427213,-582.0419195692702
31108.0,975.397217,-222.679794,709.9450760098947,-587.4338856841467
31117.0,978.895691,-226.201263,709.7897073674062,-592.3263675216627
31126.0,982.3974,-229.719528,709.6384810074829,-597.1844911030315
31135.0,985.898987,-233.237946,709.4885587571059,-602.0771428650451
31145.0,989.66626,-237.026917,709.3243535816805,-607.4521839855659
31154.0,993.05719,-240.4366,709.1741801667952,-612.3275841660216
31163.0,996.557434,-243.956345,709.0218209514268,-617.2374047052449
31172.0,1000.056702,-247.477051,708.8688949689989,-622.112719322586
31181.0,1003.445679,-250.888641,708.7126131412334,-627.0224165686657
31191.0,1007.329041,-254.805206,708.5357821580653,-632.4832816925286
31200.0,1010.711975,-258.222809,708.3724177389382,-637.4099936160941
31209.0,1014.200256,-261.754425,708.205651298078,-642.3021002073011
31218.0,1017.578979,-265.176208,708.0356867432685,-647.159604318865
31227.0,1021.063782,-268.711212,707.8602272780728,-652.0686536192857
31236.0,1024.435303,-272.140106,707.6813464943343,-656.9430849337402
31246.0,1028.297119,-276.077911,707.4739835642315,-662.4028759290852
31255.0,1031.661743,-279.51355,707.2830409992748,-667.2768496580885
31264.0,1035.023193,-282.95224,707.086105979971,-672.1850843362655
31273.0,1038.384644,-286.390961,706.8872509607481,-677.0587416544872
31282.0,1041.853149,-289.941925,706.685307089871,-681.9495224324963
31292.0,1045.705933,-293.88855,706.4592455356192,-687.3740699863516
31301.0,1049.063965,-297.330566,706.2559605134611,-692.2130428788296
31310.0,1052.530884,-300.883179,706.049588280047,-697.1036387982247
31319.0,1055.999878,-304.433685,705.8455073991847,-701.959829191714
31329.0,1059.735352,-308.253967,705.6198387991569,-707.3843931072144
31338.0,1063.100342,-311.68924,705.4209518706723,-712.2407989936112
31347.0,1066.468628,-315.121338,705.2258725615079,-717.0973593203124
31356.0,1069.948608,-318.661102,705.0357844881371,-721.9368685907584
31366.0,1073.57605,-322.345917,704.8295170042888,-727.310459951481
31375.0,1077.060669,-325.881165,704.6464977659049,-732.1674897127789
31384.0,1080.440186,-329.302124,704.4684703452976,-736.9902102254661
31393.0,1083.823975,-332.718811,704.2926468558928,-741.8819996778103
31403.0,1087.586182,-336.512756,704.1046238992075,-747.2562603483291
31412.0,1090.975342,-339.924194,703.9378934631342,-752.1138765441024
31421.0,1094.475342,-343.444122,703.7730228913664,-756.9888018428866
31430.0,1097.865845,-346.854187,703.609398670583,-761.863769133905
31440.0,1101.751221,-350.768738,703.4264162439524,-767.2726950975135
31449.0,1105.13855,-354.181976,703.2614237193948,-772.0786332957626
31458.0,1108.633057,-357.707428,703.0913220724527,-776.9706250552852
31467.0,1112.016846,-361.124207,702.9205526501817,-781.8108545187288
31477.0,1115.890625,-365.050262,702.7226625933191,-787.2537499796823
31486.0,1119.472656,-368.707214,702.5351731106695,-792.1106092362063
31495.0,1122.929565,-372.26947,702.3299075941304,-796.9667497007596
31504.0,1126.257446,-375.740723,702.1000725614216,-801.8390443174536
31514.0,1130.040283,-379.754517,701.811151056155,-807.2088259471589
31523.0,1133.307007,-383.283386,701.5064802010742,-812.1288212704599
31532.0,1136.6427,-386.959442,701.1581688491428,-817.0459197556801
31541.0,1139.94043,-390.669525,700.7613817222108,-821.959344049097
31550.0,1143.198242,-394.414764,700.3142434616904,-826.8511349720444
31559.0,1146.515503,-398.313538,699.8074830661989,-831.7890909401062
31568.0,1149.583618,-402.016357,699.2448136821154,-836.6862923322744
31577.0,1152.69519,-405.883942,698.6099477034759,-841.626795353872
31587.0,1156.081421,-410.237457,697.8241524753496,-847.0859660487152
31595.0,1158.742065,-413.757385,697.1196069964135,-851.5115260375293
31604.0,1161.765259,-417.888336,696.2522942248387,-856.486561071455
31613.0,1164.62915,-421.94278,695.3102091860881,-861.4128885547515
31622.0,1167.422729,-426.045959,694.2842891325494,-866.3224419699479
31631.0,1170.227539,-430.328125,693.1719300743118,-871.2131355831767
31640.0,1172.956299,-434.65921,691.9704847574808,-876.0827100865173
31649.0,1175.519287,-438.910248,690.6737235003766,-880.945613440924
31658.0,1178.003296,-443.207886,689.2793259668315,-885.799360503861
31667.0,1180.549683,-447.826569,687.7896894811486,-890.624729730464
31676.0,1182.927368,-452.359894,686.206822800054,-895.4021717094007
31685.0,1185.144287,-456.801208,684.5291421618757,-900.1288634033026
31694.0,1187.401611,-461.567841,682.7343409332788,-904.8676685231277
31703.0,1189.421997,-466.101929,680.862340986982,-909.5022391543334
31712.0,1191.336548,-470.681732,678.8634953809457,-914.1398917152517
31721.0,1193.207397,-475.446625,676.7441774540343,-918.7616934700625
31729.0,1194.838867,-479.841705,674.7906100394658,-922.7947493713881
31738.0,1196.460205,-484.533325,672.5122003523031,-927.2629789973544
31747.0,1198.024048,-489.407623,670.1113725459129,-931.7254459448977
31756.0,1199.520508,-494.464996,667.6093400732786,-936.1319659913403
31765.0,1200.86499,-499.404297,665.0236985306215,-940.4498215476451
31774.0,1202.047729,-504.22522,662.3271337936126,-944.7196861417139
31783.0,1203.114624,-509.07309,659.4988733407399,-948.9657515451307
31792.0,1204.088623,-514.098572,656.5958771552913,-953.0980412469586
31801.0,1204.937378,-519.146729,653.5700090348796,-957.1841986171509
31809.0,1205.578613,-523.512207,650.798665380512,-960.7495543489093
31818.0,1206.2146,-528.747864,647.5525321733639,-964.7299648240229
31827.0,1206.701172,-533.843689,644.27321411406,-968.547751075
31836.0,1207.05835,-538.950195,640.8958210506407,-972.2790557915025
31845.0,1207.280151,-544.064392,637.3747480964415,-975.9709623248021
31854.0,1207.381836,-549.182373,633.7717751110932,-979.5586002110705
31863.0,1207.353882,-554.456421,630.0797300103934,-983.0545068045736
31871.0,1207.223755,-559.004822,626.7265860834681,-986.0791609914039
31880.0,1206.954102,-564.116699,622.8814233375034,-989.379510801782
31889.0,1206.553467,-569.220032,618.9807114952721,-992.5597412833828
31898.0,1206.023926,-574.311584,614.9876673707647,-995.6514727808228
31907.0,1205.367554,-579.388367,610.8621160468508,-998.6820037041879
31916.0,1204.562134,-584.600647,606.6339233676146,-1001.6283210839775
31925.0,1203.711914,-589.333679,602.4473395868312,-1004.3903389947452
31933.0,1202.828613,-593.656738,598.6031803845182,-1006.7925274099929
31942.0,1201.69812,-598.490173,594.2385963788417,-1009.3670160720861
31951.0,1200.400146,-603.441895,589.8192173486228,-1011.8108438114708
31960.0,1199.026489,-608.211975,585.3813378571182,-1014.1105947443957
31969.0,1197.539062,-612.947754,580.856238470107,-1016.3135233246944
31978.0,1195.947388,-617.649536,576.2490356959548,-1018.423326161848
31987.0,1194.24585,-622.312683,571.6253332445076,-1020.4109867044727
31996.0,1192.381104,-627.080017,566.9879501010893,-1022.2760085048135
32005.0,1190.479614,-631.665283,562.3248141766607,-1024.0272332955208
32014.0,1188.426025,-636.354309,557.5763656825682,-1025.6950629304586
32023.0,1186.34729,-640.861938,552.8116977881645,-1027.261640904566
32032.0,1184.187012,-645.331055,548.0175767281596,-1028.7356252853986
32041.0,1181.952759,-649.763672,543.1640109304049,-1030.1306536289783
32050.0,1179.653564,-654.162964,538.3871671242762,-1031.415629487675
32059.0,1177.214355,-658.663452,533.5238661971111,-1032.642222649549
32068.0,1174.71936,-663.13324,528.6264489431364,-1033.8018445847922
32077.0,1172.241089,-667.434265,523.764205717539,-1034.8836096851799
32086.0,1169.714111,-671.706848,518.8883634645904,-1035.9023281161558
32095.0,1167.058838,-676.083374,514.000537311882,-1036.8619011556816
32104.0,1164.363525,-680.435303,509.11949450093397,-1037.7650270154663
32113.0,1161.711182,-684.631165,504.2297313877966,-1038.6196801254007
32122.0,1159.021729,-688.803345,499.33214387684035,-1039.4282911650512
32131.0,1156.383667,-692.823853,494.41038072375693,-1040.1950195277946
32140.0,1153.539307,-697.079895,489.448076003035,-1040.9242372947347
32149.0,1150.750122,-701.186096,484.5653132343617,-1041.60085096301
32158.0,1147.937744,-705.276428,479.64349911016166,-1042.2458013236926
32167.0,1145.190552,-709.223206,474.75183739641244,-1042.8547545152264
32177.0,1142.009521,-713.728943,469.3085849460236,-1043.4965953242108
32186.0,1139.12439,-717.768311,464.34096281656736,-1044.0500924909088
32195.0,1136.307129,-721.665344,459.4901930212149,-1044.562060621384
32204.0,1133.38147,-725.675476,454.5509333837687,-1045.0559527906378
32213.0,1130.344238,-729.796143,449.66068275399397,-1045.5196335383932
32222.0,1127.380981,-733.778564,444.78537265095224,-1045.9576624697524
32231.0,1124.494385,-737.624634,439.9080263076872,-1046.3724040680179
32241.0,1121.163452,-742.02063,434.4790169001177,-1046.808441137583
32250.0,1118.05603,-746.088623,429.54651290061753,-1047.1823448691744
32259.0,1115.028564,-750.0224,424.6468982861872,-1047.5335252899667
32268.0,1111.98584,-753.944397,419.728724898032,-1047.8663147658833
32277.0,1108.924438,-757.851868,414.7919865822696,-1048.1793874527568
32286.0,1105.84729,-761.746948,409.8883395444328,-1048.4688641982862
32295.0,1102.849609,-765.507019,405.0007166384005,-1048.7365585649077
32305.0,1099.273438,-769.929932,399.5781428574128,-1049.0058420217558
32314.0,1096.124756,-773.767395,394.68776842706404,-1049.2173978689543
32323.0,1093.047852,-777.462952,389.7615729032678,-1049.3956560316537
32332.0,1089.942505,-781.134644,384.88587815994606,-1049.5359405429383
32341.0,1086.706299,-784.898621,379.94032038793904,-1049.6401424110795
32350.0,1083.442139,-788.638367,375.04580004983404,-1049.70486184687
32360.0,1079.78125,-792.763611,369.5993764158915,-1049.7320845055528
32369.0,1076.455688,-796.448853,364.7044571672661,-1049.715247196841
32378.0,1073.104248,-800.110596,359.79260103089223,-1049.6584990390077
32387.0,1069.8302,-803.63269,354.86411706912475,-1049.5624566013062
32396.0,1066.420898,-807.24054,349.9021139687568,-1049.4255607544203
32405.0,1062.979614,-810.817993,344.99313420659985,-1049.2481664123884
32414.0,1059.506958,-814.36499,340.03425626353544,-1049.025131018908
32423.0,1056.112915,-817.771484,335.11199712059886,-1048.7595312428987
32433.0,1052.303589,-821.518127,329.62487973274415,-1048.4106279027772
32442.0,1048.845215,-824.859314,324.65713375717974,-1048.045765134674
32451.0,1045.251953,-828.284058,319.7101325118231,-1047.6366271147358
32460.0,1041.736816,-831.565552,314.74964914796146,-1047.1836042520672
32469.0,1037.951416,-835.011536,309.75961428722803,-1046.6778584843291
32478.0,1034.007324,-838.513062,304.82754741394075,-1046.11667081663
32487.0,1030.24707,-841.75354,299.8693326466466,-1045.4844247759493
32496.0,1026.436279,-844.934509,294.9210702156538,-1044.7785015162171
32505.0,1022.573303,-848.051819,290.00179916612956,-1043.9959433659194
32514.0,1018.659485,-851.105103,285.0791936493808,-1043.1290041171574
32523.0,1014.695312,-854.092712,280.1716841864541,-1042.1803315678067
32532.0,1010.680542,-857.011902,275.2977670301187,-1041.1524422398984
32541.0,1006.617737,-859.863892,270.425252288641,-1040.0378890430125
32550.0,1002.506042,-862.644958,265.6060202195691,-1038.8482598968715
32559.0,998.348267,-865.356567,260.77455410280584,-1037.5674149034492
32568.0,994.14917,-868.003723,255.94835882773395,-1036.2021069309412
32577.0,989.775269,-870.66333,251.1286039428112,-1034.753182625986
32586.0,985.494446,-873.176208,246.39876162228705,-1033.2469267168199
32595.0,981.174744,-875.621704,241.66086141380748,-1031.654466246637
32604.0,976.821533,-878.007019,236.94800601844568,-1029.98934680437
32613.0,972.299194,-880.405518,232.27616431597713,-1028.2614810618065
32622.0,967.882385,-882.670837,227.62918321635033,-1026.4678279244927
32631.0,963.296875,-884.946167,223.00758517410145,-1024.609749225102
32640.0,958.681152,-887.159607,218.427684716634,-1022.695401544913
32649.0,954.317566,-889.180359,213.8582186491809,-1020.7125740749492
32658.0,949.64563,-891.272583,209.31563385892744,-1018.6689135501451
32667.0,945.088318,-893.240112,204.87897809600602,-1016.6009184856373
32676.0,940.504639,-895.145325,200.37826949766918,-1014.4266942912491
32685.0,935.894226,-896.984924,195.92395002593457,-1012.1971959259188
32694.0,931.259644,-898.762817,191.54723433355443,-1009.9292589648733
32703.0,926.59967,-900.473022,187.14239715624169,-1007.5668368654233
32712.0,921.915466,-902.115784,182.7877336300445,-1005.1484633436338
32721.0,917.207336,-903.688538,178.48460630844338,-1002.6739309645752
32730.0,912.475525,-905.188538,174.17521558143162,-1000.1077317800097
32739.0,907.573181,-906.662109,169.93503633421656,-997.4938257241738
32748.0,902.650696,-908.066895,165.7344698837412,-994.8167253501823
32757.0,897.858154,-909.359863,161.55932854295173,-992.0686672141458
32767.0,892.67749,-910.667236,157.00016149967652,-988.9647962942372
32776.0,887.998596,-911.777222,152.95479248948547,-986.1179753871605
32785.0,883.152832,-912.853821,148.90903637423665,-983.1827605414409
32794.0,878.142029,-913.900879,144.9325319362911,-980.211628148578
32803.0,873.269409,-914.848328,140.98373465618698,-977.1754092898777
32812.0,868.384094,-915.727905,137.09167909569993,-974.0944810604311
32821.0,863.489868,-916.556702,133.29605412327427,-971.0035671156202
32830.0,858.585754,-917.324768,129.4985861732621,-967.8336086183818
32839.0,853.670288,-918.016357,125.70261227342652,-964.5818074426737
32848.0,848.744446,-918.629578,121.98239094247113,-961.2954464628573
32857.0,843.65509,-919.179626,118.32822225047187,-957.9613122609999
32866.0,838.711731,-919.630554,114.6795047119597,-954.5199336103609
32875.0,833.916382,-919.989746,111.15189889144959,-951.0767990666142
32884.0,828.960815,-920.276733,107.67237201732958,-947.5607938848973
32893.0,824.000732,-920.471375,104.23191909749171,-943.9587238378789
32903.0,818.313904,-920.576355,100.50080567347901,-939.8968509406635
32912.0,813.350037,-920.572998,97.2048793589387,-936.162082588226
32921.0,808.387207,-920.471436,93.98267283847805,-932.3635289086283
32930.0,803.272095,-920.271729,90.84775745111884,-928.5148251326775
32939.0,798.161865,-919.971985,87.80961507687846,-924.6329609896293
32948.0,793.212891,-919.587402,84.81547173583218,-920.6521657712649
32957.0,788.117615,-919.095215,81.89786085592267,-916.6149425088379
32966.0,783.18634,-918.527283,79.06656065294615,-912.5376941227838
32975.0,778.265991,-917.871094,76.30254443937754,-908.3938023181661
32984.0,773.203857,-917.110291,73.61340470578843,-904.2009330845127
32993.0,768.30835,-916.289062,71.01552040737607,-899.9913729082418
33002.0,763.42804,-915.38208,68.49154859404015,-895.7370849547684
33011.0,758.56366,-914.393127,66.04258418484065,-891.4391816254628
33020.0,753.866699,-913.362122,63.68467911031221,-887.1299085176869
33029.0,749.187988,-912.251221,61.36649305329813,-882.7210948085001
33038.0,744.377441,-911.027039,59.122126767533004,-878.274248185037
33048.0,739.059143,-909.565735,56.73372409817386,-873.3219029367891
33057.0,734.443726,-908.21582,54.67323694306364,-868.8437815678594
33066.0,729.703064,-906.744019,52.66130833825256,-864.2682190861804
33075.0,724.839844,-905.145996,50.71998721129108,-859.6435570471841
33084.0,720.004089,-903.466858,48.870561884638825,-855.0184893851509
33093.0,715.19928,-901.700989,47.09038807178272,-850.3294374672317
33102.0,710.424622,-899.855164,45.4115879593388,-845.6580516532171
33111.0,705.825745,-897.986877,43.80357587677427,-840.9254069510519
33120.0,701.260864,-896.036987,42.29004613305552,-836.1978872043138
33129.0,696.590576,-893.941101,40.85242789365471,-831.4107291191501
33138.0,692.09259,-891.841553,39.5178817336663,-826.6653982710322
33147.0,687.484314,-889.61261,38.23607022792758,-821.8163585767551
33156.0,683.040833,-887.399963,37.037382257111574,-817.0171350089054
33165.0,678.62262,-885.137268,35.90166992230338,-812.2203302595119
33174.0,674.369934,-882.892578,34.82303696556419,-807.4103687985566
33183.0,670.006165,-880.526611,33.798997513899224,-802.5708705903726
33192.0,665.671143,-878.108337,32.82894641875703,-797.702686523009
33201.0,661.495972,-875.722473,31.914872483849077,-792.823682107918
33211.0,656.734009,-872.939758,30.964746261179616,-787.4256994269771
33220.0,652.468933,-870.400269,30.152003453622772,-782.5287958778265
33229.0,648.223267,-867.828369,29.38722641773183,-777.6590634009226
33238.0,644.001648,-865.217163,28.66702868662443,-772.7999620142467
33247.0,639.935852,-862.649353,27.98811602053796,-767.917518373705
33256.0,635.762634,-859.961548,27.349263811004274,-762.9949089950021
33265.0,631.60907,-857.243408,26.757020350950047,-758.1011960901351
33274.0,627.477051,-854.492615,26.200403900481067,-753.1686112334918
33283.0,623.494141,-851.798035,25.690947206902,-748.317577029167
33293.0,619.092285,-848.76947,25.161360311416683,-742.8622590198413
33302.0,615.022339,-845.927673,24.723404666821235,-737.969637441258
33311.0,610.97168,-843.058472,24.319023939170535,-733.0741265092927
33320.0,606.938843,-840.164246,23.944526458352435,-728.1416675543247
33329.0,602.921509,-837.248596,23.60098181632133,-723.2242337326886
33338.0,599.042664,-834.406311,23.284759044440566,-718.3222388105746
33347.0,595.174011,-831.550171,22.992206712965896,-713.4360407917795
33357.0,590.749573,-828.25708,22.689437058659124,-707.9979710965748
33366.0,586.778381,-825.27887,22.43529502872068,-703.0751070785608
33375.0,582.819641,-822.284119,22.20255918727857,-698.185694846642
33384.0,578.995483,-819.368591,21.989560283850288,-693.2953830556995
33393.0,574.934937,-816.251526,21.794001578582776,-688.3698439883452
33403.0,570.573181,-812.875854,21.599835714630117,-682.9440611316818
33412.0,566.656677,-809.826111,21.442973335618873,-678.0343823996324
33421.0,562.748291,-806.76593,21.303649698998907,-673.1586601045867
33430.0,558.848511,-803.694763,21.178558043314005,-668.2480691894763
33439.0,554.957581,-800.612427,21.06894007465946,-663.3888287092469
33448.0,551.071045,-797.524536,20.971093692649557,-658.4776193731079
33458.0,546.762634,-794.081055,20.87599813628453,-652.9974812637222
33467.0,542.769531,-790.878052,20.80263195485744,-648.0686075876516
33476.0,539.143799,-787.960754,20.740222303439758,-643.1740572527483
33485.0,535.281311,-784.842834,20.68706238827653,-638.2793977171985
33494.0,531.544067,-781.816711,20.6416083338455,-633.3329511507715
33503.0,527.690491,-778.687805,20.603969342256686,-628.4209114151627
33512.0,523.840393,-775.554626,20.573549721345824,-623.4915856034652
33522.0,519.566711,-772.068115,20.5476203291849,-618.0279197311544
33531.0,515.845215,-769.022705,20.53122608839287,-613.1157631490862
33540.0,512.129272,-765.97052,20.522792765584775,-608.186350690151
33549.0,508.298828,-762.813293,20.52287648462408,-603.2741667511195
33558.0,504.591034,-759.751221,20.53052080945655,-598.3792245134838
33567.0,500.767487,-756.585632,20.544513747716913,-593.5015321111443
33577.0,496.654449,-753.17511,20.566491333199064,-588.0723206604745
33586.0,492.953583,-750.104614,20.591182085728132,-583.1429628242063
33595.0,489.256165,-747.029968,20.619847879736135,-578.2136265013842
33604.0,485.559357,-743.95459,20.653293104738577,-573.2670841612735
33613.0,481.746063,-740.776672,20.69093209632738,-568.3550444256647
33622.0,477.934998,-737.59613,20.733350245796082,-563.4258072623874
33631.0,474.245178,-734.51239,20.78090669070278,-558.4793804621476
33641.0,470.018433,-730.969116,20.8400396389232,-552.9987363250797
33650.0,466.218079,-727.775757,20.899685844906823,-548.0696775263483
33659.0,462.421173,-724.578308,20.964756012288618,-543.1406873473608
33668.0,458.74411,-721.47937,21.034108909291614,-538.2289930130638
33677.0,455.067413,-718.380005,21.106527927169346,-533.3173429294666
33686.0,451.272156,-715.180603,21.180767727680085,-528.4057200296597
33695.0,447.478851,-711.978882,21.25700592961214,-523.4768899405001
33705.0,443.265289,-708.419922,21.342935302259058,-518.0827898681998
33714.0,439.474274,-705.215515,21.423285837527093,-513.1885011827002
33723.0,435.682343,-702.012146,21.504761383500057,-508.31146922570684
33732.0,432.007874,-698.910156,21.587914443524678,-503.38275094608815
33741.0,428.094208,-695.610535,21.670724425552216,-498.4712650645281
33751.0,424.007416,-692.16864,21.76081709066941,-493.0427566780521
33760.0,420.20752,-688.974731,21.8399167923509,-488.1139716808715
33769.0,416.523163,-685.88446,21.913994104675062,-483.23682174202804
33778.0,412.599823,-682.596375,21.98479112601864,-478.3251480110458
33787.0,408.793274,-679.4104,22.051788076390284,-473.482370413116
33796.0,404.986328,-676.224915,22.117671956041384,-468.57062832173034
33806.0,400.756897,-672.684875,22.18934483835184,-463.17631998376754
33815.0,397.070129,-669.597473,22.255109298813846,-458.2990508698164
33824.0,393.262726,-666.412537,22.32172066098089,-453.4217932489237
33833.0,389.575684,-663.325439,22.388836000640907,-448.5445425371693
33843.0,385.477997,-659.896545,22.46459860883445,-443.11581524455397
33852.0,381.789886,-656.81073,22.53303484615322,-438.2730577722256
33861.0,378.103943,-653.722351,22.603516869614936,-433.39585455127053
33870.0,374.53949,-650.73053,22.676637329168024,-428.55316554073465
33880.0,370.452942,-647.288391,22.763894046825968,-423.15908677672894
33889.0,366.777802,-644.187134,22.847934427850365,-418.3338133005062
33898.0,363.10498,-641.08313,22.93731191282328,-413.47415839414384
33907.0,359.434296,-637.976624,23.03047150238153,-408.59733563080346
33917.0,355.224945,-634.41272,23.136511727162013,-403.20359343101285
33926.0,351.438049,-631.20343,23.235174302931142,-398.2924004238068
33935.0,347.770386,-628.093323,23.334319415930956,-393.4501743137513
33944.0,343.986633,-624.88031,23.43590872405956,-388.59075935346425
33954.0,339.783081,-621.30957,23.55258227287024,-383.1799969366488
33963.0,335.999359,-618.096558,23.66001065486528,-378.3207075558346
33972.0,332.335205,-614.982361,23.768665818738278,-373.4614454514492
33982.0,328.13205,-611.411194,23.890277485592605,-368.08527199913107
33991.0,324.347321,-608.199341,24.00127642880347,-363.20882265470357
34000.0,320.680756,-605.088013,24.111839012103808,-358.3323633972812
34009.0,316.895752,-601.876465,24.222208405438177,-353.43865963197794
34018.0,313.110291,-598.665466,24.331919033254,-348.56218113286917
34028.0,309.033386,-595.211853,24.4526041747339,-343.15150670680725
34037.0,305.244354,-592.005066,24.560101126402124,-338.25773900176546
34046.0,301.455994,-588.797485,24.66609565334914,-333.3984181331657
34055.0,297.670197,-585.586914,24.774886615226922,-328.48743904702604
34064.0,294.001465,-582.478149,24.884996352628686,-323.628209685339
34074.0,289.925842,-579.023071,25.01020941911837,-318.16591723750986
34083.0,286.140564,-575.811829,25.124064403223063,-313.25505294489477
34092.0,282.355011,-572.600952,25.239667648014713,-308.3614700207699
34101.0,278.569122,-569.390442,25.35718977737193,-303.4506921183395
34110.0,275.020233,-566.380127,25.473676283959055,-298.60885214285975
34120.0,270.814331,-562.812134,25.605420016989132,-293.16395406646564
34129.0,267.145966,-559.702881,25.72283351063773,-288.3048956993269
34138.0,263.476501,-556.594971,25.83957841617045,-283.41133987840027
34147.0,259.685822,-553.390137,25.95383671897608,-278.51772536704283
34156.0,255.892075,-550.188904,26.064347299895225,-273.64126493086263
34166.0,251.806183,-546.745911,26.182306114179713,-268.23053038125227
34175.0,248.126663,-543.649902,26.28379306486953,-263.38835278711036
34184.0,244.324203,-540.459045,26.3830154115226,-258.47717105724007
34193.0,240.519577,-537.270813,26.47747643709713,-253.6176123058307
34203.0,236.424347,-533.838989,26.580395084603754,-248.18933193886522
34212.0,232.618805,-530.651794,26.67248143092329,-243.29524999734502
34221.0,228.933289,-527.562927,26.764789001755442,-238.41841103275652
34230.0,225.130035,-524.373047,26.859273528304094,-233.52437480284001
34239.0,221.447571,-521.280518,26.95562410436028,-228.66485314837178
34249.0,217.223358,-517.734253,27.06587497421771,-223.2367167521412
34258.0,213.540421,-514.642273,27.166319974833275,-218.39451743197463
34267.0,209.740311,-511.448639,27.27106696328826,-213.4662107877358
34276.0,206.060974,-508.352386,27.377977561910615,-208.58967009806364
34285.0,202.383224,-505.254242,27.48882969161092,-203.6787371049117
34295.0,198.162582,-501.703735,27.613246991555553,-198.2509069375371
34304.0,194.365387,-498.506622,27.72630626707288,-193.3572645777286
34313.0,190.687683,-495.408447,27.840167443556542,-188.48088122460553
34322.0,186.893036,-492.208313,27.956229420299707,-183.58730915881526
34331.0,183.216843,-489.108337,28.074313998996224,-178.69378548177366
34341.0,178.998611,-485.554932,28.204855020088814,-173.28333987257787
34350.0,175.319748,-482.45813,28.32114115248551,-168.3897731282793
34359.0,171.640701,-479.361542,28.435397145865878,-163.53063949029772
34368.0,167.838593,-476.170258,28.548634983507057,-158.65424162237795
34377.0,164.035477,-472.980194,28.659821946682396,-153.7433161986816
34387.0,159.810455,-469.434875,28.780105467109856,-148.34987283457855
34396.0,155.88945,-466.143982,28.88988877937076,-143.4733959712606
34405.0,152.207779,-463.050507,29.00135987535369,-138.6141976486448
34414.0,148.406464,-459.858307,29.116501514293287,-133.68612290142136
34424.0,144.318115,-456.418274,29.245359405276275,-128.25839633919304
34433.0,140.64183,-453.31842,29.36505407876389,-123.38215268661939
34442.0,136.966034,-450.217957,29.48965992886689,-118.48879072088987
34451.0,133.289948,-447.117859,29.615967095640954,-113.612713868158
34460.0,129.614792,-444.016663,29.74456357949965,-108.70221348609645
34470.0,125.399628,-440.459656,29.888452700199565,-103.2576228316526
34479.0,121.723732,-437.359314,30.01800012070275,-98.36438919617865
34488.0,117.928436,-434.159943,30.14612526166638,-93.48835977436636
34497.0,114.250946,-431.061493,30.2733582881372,-88.5950654134574
34506.0,110.453568,-427.864594,30.399241241803445,-83.70173613499018
34516.0,106.363922,-424.426086,30.536473666380527,-78.2914561135995
34525.0,102.800316,-421.433228,30.65668926325184,-73.44970729063901
34534.0,98.996033,-418.244568,30.77406132888817,-68.59064792261722
34543.0,95.187981,-415.060394,30.888177023516945,-63.714270519014676
34553.0,91.086647,-411.635834,31.010049529030187,-58.303622707462544
34562.0,87.392685,-408.557037,31.116858354965366,-53.40983993539399
34571.0,83.459114,-405.281158,31.220742548402995,-48.515994206329566
34580.0,79.644798,-402.104492,31.322557072737276,-43.62210498117058
34589.0,75.830017,-398.928375,31.423623486825857,-38.745439670314724
34599.0,71.72364,-395.509857,31.535719671222434,-33.351819930982195
34608.0,67.909233,-392.333313,31.63819107469761,-28.4579444159162
34617.0,64.333076,-389.355469,31.739707475124376,-23.633006973168825
34626.0,60.637363,-386.278778,31.84233001905004,-18.739134625119025
34636.0,56.530396,-382.860992,31.954874339501117,-13.345524218071812
34645.0,52.714279,-379.686493,32.056377131976376,-8.468867970472868
34654.0,49.014954,-376.614166,32.15625987144326,-3.6266570196027024
34663.0,45.310219,-373.54834,32.25334031890584,1.2328501087460628
34673.0,41.057529,-370.036255,32.35537310443494,6.643908411789114
34682.0,37.348694,-366.975403,32.44276744792634,11.486360856893356
34691.0,33.639648,-363.914795,32.52996870270013,16.38053227672108
34700.0,29.931349,-360.853302,32.61709696658236,21.27470499651358
34709.0,26.223745,-357.790955,32.70443796202315,26.151635437338168
34719.0,22.104933,-354.387451,32.80115896650979,31.493837205981613
34728.0,18.277905,-351.226105,32.88967788736404,36.33626922460832
34737.0,14.451135,-348.064453,32.978863181475155,41.21316628702828
34747.0,10.199316,-344.551331,33.0782094627687,46.60703593353133
34756.0,6.489575,-341.491577,33.16686564922844,51.432226809194546
34765.0,2.777933,-338.434143,33.252751906895305,56.240229310160345
34775.0,-1.480338,-334.928833,33.3465706137438,61.634197932367776
34784.0,-5.194854,-331.874878,33.428464319542435,66.42503185279288
34793.0,-8.908187,-328.819489,33.51136355910404,71.25032506896756
34802.0,-12.742063,-325.666443,33.59593550834126,76.12730431431281
34812.0,-16.870642,-322.27478,33.68725473695868,81.43512461597173
34821.0,-20.828472,-319.028259,33.76916716508725,86.29491108225865
34830.0,-24.668625,-315.882874,33.84754951159141,91.13751778341575
34840.0,-28.935242,-312.387726,33.931603216734345,96.54888522824018
34849.0,-32.656162,-309.341583,34.004915174518395,101.3570958991026
34858.0,-36.378128,-306.296722,34.0775152037544,106.16531737219839
34868.0,-40.649094,-302.806885,34.15695530609013,111.54227930781467
34877.0,-44.375767,-299.767761,34.22633045545105,116.38502342071403
34886.0,-48.223137,-296.631226,34.29367435320113,121.26227098194792
34896.0,-52.632885,-293.038849,34.365831324309866,126.62209829626411
34905.0,-56.481968,-289.904388,34.430648931533284,131.48214282502573
34914.0,-60.210854,-286.867981,34.49448765134226,136.30772584926584
34923.0,-63.938217,-283.829712,34.55894321484182,141.1333006737106
34933.0,-68.20961,-280.340424,34.63435118371247,146.52755809112261
34942.0,-71.932381,-277.296539,34.70612141787384,151.33579202179175
34951.0,-75.652084,-274.248901,34.78235290770801,156.1439572912622
34961.0,-79.781075,-270.857758,34.8728087813864,161.50350701140536
34970.0,-83.495079,-267.803192,34.960089624802926,166.3632000262083
34979.0,-87.207863,-264.747131,35.05082666875252,171.20559098969167
34989.0,-91.198479,-261.459076,35.15443758046618,176.58214147916902
34998.0,-94.91037,-258.401947,35.24875298408791,181.40722505467534
35007.0,-98.623894,-255.346786,35.342204028397866,186.21508647123747
35017.0,-102.755455,-251.958771,35.44331774555836,191.59168450374162
35026.0,-106.47937,-248.91629,35.52881775190644,196.4514091762582
35035.0,-110.326309,-245.779205,35.608147620974066,201.3284765067382
35044.0,-114.055267,-242.742905,35.6818046284563,206.1539196523151
35054.0,-118.202232,-239.373764,35.759769730435366,211.54814071656398
35063.0,-121.933784,-236.340652,35.82733642340225,216.4081478035705
35072.0,-125.784309,-233.207977,35.89561553504632,221.28538236190775
35081.0,-129.3927,-230.269287,35.96470938764422,226.07641797769202
35091.0,-133.533005,-226.891953,36.04495140051058,231.4533680059419
35100.0,-137.377121,-223.751419,36.121184811445296,236.33048471986044
35109.0,-141.2173,-220.606064,36.201409543148415,241.19029933938813
35118.0,-145.057007,-217.460129,36.28644905256047,246.06727045432874
35128.0,-149.318649,-213.958923,36.385375889287644,251.46114781000603
35137.0,-153.032593,-210.904282,36.479001620126226,256.3034837831594
35146.0,-156.744278,-207.846878,36.577531541334714,261.16296173849355
35156.0,-160.868347,-204.449738,36.690328664588776,266.55656686457195
35165.0,-164.581635,-201.394302,36.793253617242534,271.4504328618806
35174.0,-168.298309,-198.342972,36.892476101687876,276.29265738713246
35183.0,-172.019943,-195.297699,36.98686469498539,281.15221754595416
35193.0,-176.293671,-191.811249,37.083807691767085,286.56336942920683
35202.0,-180.023819,-188.776398,37.164063467502984,291.4231835361674
35211.0,-183.756454,-185.744614,37.239639191825304,296.28307267622455
35220.0,-187.488968,-182.712692,37.31236755883303,301.12576759114563
35230.0,-191.768906,-179.233871,37.39343563601679,306.51994291402264
35239.0,-195.377777,-176.295776,37.46809498469465,311.3453706554396
35248.0,-199.227631,-173.162277,37.546938724474174,316.23968384629956
35257.0,-203.074875,-170.025574,37.629051456342026,321.1339432841265
35267.0,-207.348679,-166.539215,37.72493952949377,326.54511396390376
35276.0,-211.191757,-163.397415,37.81585452974776,331.4047403493866
35285.0,-214.91037,-160.348465,37.91204463642807,336.26426518285837
35294.0,-218.623978,-157.293396,38.01610610597547,341.15810714557523
35303.0,-222.454849,-154.136719,38.127721432231176,346.0517826522341
35313.0,-226.576691,-150.736877,38.257346054648316,351.46225029426637
35322.0,-230.286087,-147.676712,38.376467630074295,356.3212670872009
35331.0,-233.994919,-144.615845,38.498310685132466,361.21469862503426
35340.0,-237.821854,-141.454391,38.62205183347118,366.09084127084907
35350.0,-241.940231,-138.050354,38.76169673076159,371.4838180694024
35359.0,-245.643158,-134.982361,38.89051819692601,376.3425873758876
35368.0,-249.463272,-131.812683,39.0242928945913,381.2012228298002
35377.0,-253.154541,-128.730667,39.16804927717574,386.09405963966407
35386.0,-256.951202,-125.532921,39.32710830507807,391.0036676976999
35396.0,-261.01593,-122.065018,39.530719757473754,396.4635998835503
35405.0,-264.770355,-118.817795,39.745271084566504,401.3883482059807
35414.0,-268.382233,-115.643112,39.9932510647891,406.2770109960391
35423.0,-272.078033,-112.3293,40.286484596485224,411.21496743585385
35432.0,-275.736542,-108.974388,40.6329005810937,416.2013112567488
35441.0,-279.465546,-105.46743,41.036949437754274,421.20060832877317
35450.0,-283.148804,-101.912445,41.501512989790214,426.1773351085679
35459.0,-286.561035,-98.524101,42.029242774102684,431.09575975273316
35468.0,-289.898254,-95.061859,42.64964875943491,436.0380994143356
35477.0,-293.268799,-91.417732,43.376371196482864,440.98334998777074
35486.0,-296.561981,-87.703545,44.20841495376227,445.9294524815422
35495.0,-299.677673,-84.040657,45.1316235182505,450.78919379688386
35504.0,-302.78833,-80.172333,46.19274596276831,455.74415137203965
35513.0,-305.793518,-76.221497,47.379354706300894,460.6528339572449
35522.0,-308.592957,-72.311592,48.68033415740096,465.4432063549542
35531.0,-311.434723,-68.053825,50.123001116214716,470.1928302650025
35540.0,-313.974731,-63.970608,51.69492459121455,474.82851516954867
35549.0,-316.377808,-59.805344,53.417251347162264,479.39203020950504
35559.0,-318.912201,-54.906681,55.53089791950584,484.39296193844996
35568.0,-320.872498,-50.68605,57.58314557894824,488.7227512839601
35577.0,-322.763428,-46.096428,59.81039382881106,492.9456989914527
35587.0,-324.491302,-41.22295,62.48484689233259,497.49144357269114
35596.0,-325.839691,-36.768936,65.08046442380747,501.4573893500756
35606.0,-327.096527,-31.753294,68.1179367690281,505.64189725597095
35616.0,-328.082123,-26.677378,71.36641686135822,509.6647969256391
35625.0,-328.737457,-22.226839,74.44369526906598,513.1096697714894
35635.0,-329.197113,-17.249657,78.06704492639598,516.7743302872703
35645.0,-329.407806,-11.910735,81.89396110141469,520.2515500461958
35655.0,-329.360168,-6.9126,85.81992642766564,523.4553574172668
35664.0,-329.139801,-2.419474,89.53147563399202,526.2051199182183
35674.0,-328.690796,2.558681,93.78214801331713,529.088318259052
35684.0,-328.030457,7.687062,98.19018016861415,531.8240332567423
35693.0,-327.258484,12.433462,102.3052694539668,534.1760529106703
35703.0,-326.213959,17.673445,107.0034358089355,536.6475966503718
35712.0,-325.096558,22.509932,111.3167574331247,538.734233369708
35721.0,-323.836975,27.311352,115.73865963412445,540.710027989381
35731.0,-322.377625,32.271854,120.71298291525464,542.7530987864244
35740.0,-320.894623,36.846237,125.26180970502644,544.4655265894111
35749.0,-319.29776,41.38213,129.85513430244168,546.0547412654483
35758.0,-317.599854,45.881176,134.5028408191117,547.5349112249561
35768.0,-315.606415,50.838463,139.71308011377903,549.0614191622731
35777.0,-313.73291,55.267258,144.38846230967806,550.3254542791274
35786.0,-311.722992,59.806026,149.10283473544177,551.5082166284398
35795.0,-309.70578,64.171242,153.87022924654244,552.6183821661051
35805.0,-307.32196,69.144913,159.177323077221,553.7636223429943
35814.0,-305.193024,73.456741,163.97648821402097,554.7272259623401
35823.0,-303.015167,77.744064,168.78723247989905,555.6312489453717
35832.0,-300.719696,82.145309,173.62519583385622,556.4819319907268
35841.0,-298.462402,86.39135,178.47214133748017,557.2798482411888
35850.0,-296.094727,90.754181,183.36011201967068,558.0395470734013
35860.0,-293.405762,95.569717,188.76676500553486,558.8272148892205
35869.0,-291.023529,99.746956,193.66925464367924,559.4867564371689
35878.0,-288.520874,104.033783,198.54394375460348,560.0925263024546
35887.0,-285.981873,108.299194,203.44140296692476,560.6529471932932
35896.0,-283.489838,112.411858,208.32652791500016,561.1678309661766
35905.0,-280.8862,116.638107,213.21562779443946,561.6434920080478
35914.0,-278.251007,120.844772,218.10824423989652,562.08150499358
35924.0,-275.291992,125.499252,223.5365788618085,562.5258637518654
35933.0,-272.606049,129.673676,228.41781295546224,562.8920217348189
35942.0,-269.898529,133.834137,233.31826208789695,563.2313583793289
35951.0,-267.171326,137.981735,238.20321684740506,563.543984262857
35960.0,-264.424103,142.116104,243.08968451224533,563.8319976410163
35969.0,-261.660919,146.239807,247.97746708826097,564.096760620095
35979.0,-258.663757,150.663101,253.400099544888,564.3648599127504
35988.0,-255.949295,154.632477,258.29014976322077,564.5837818341662
35997.0,-253.220734,158.592178,263.0949556427222,564.7789867493007
36006.0,-250.482086,162.544907,267.98653164530333,564.9606517059248
36016.0,-247.326263,167.068268,273.39543456554384,565.144314025598
36025.0,-244.477982,171.133667,278.23635349748093,565.2942718489456
36034.0,-241.624832,175.195648,283.11202185411025,565.4354704689448
36043.0,-238.761566,179.250519,287.9879400341799,565.5677613431283
36053.0,-235.666916,183.606155,293.4328096356833,565.7006767152159
36062.0,-232.873047,187.52005,298.29215588171587,565.8055013541191
36071.0,-230.072235,191.42897,303.186201747926,565.8994854217026
36080.0,-227.174744,195.459442,308.0459554618746,565.9833184910422
36090.0,-223.944534,199.929993,313.4228741465524,566.065634013809
36099.0,-221.122726,203.823792,318.3001564711386,566.1304113277733
36108.0,-218.202988,207.838181,323.1603092770428,566.1865259160178
36117.0,-215.370636,211.724319,328.02054430598605,566.234998663213
36127.0,-212.217026,216.03746,333.41513613979475,566.2805880663477
36136.0,-209.281586,220.040375,338.27549878824095,566.3138907590452
36145.0,-206.430023,223.912445,343.1531474965984,566.3388317290559
36154.0,-203.572876,227.780396,347.99636168480583,566.3549494682524
36164.0,-200.289307,232.211899,353.40837551760217,566.3632513882002
36173.0,-197.421127,236.071671,358.2860879383932,566.3625343201654
36182.0,-194.548065,239.927811,363.18102818440235,566.3537063233101
36191.0,-191.577072,243.904419,368.0931838329954,566.3370347353003
36200.0,-188.600037,247.876511,372.9708377445957,566.3131330028932
36210.0,-185.390625,252.1483,378.39998322251927,566.2785010827914
36219.0,-182.404007,256.11319,383.2603150463188,566.2409683462328
36228.0,-179.507217,259.951538,388.103361830854,566.1975944234978
36237.0,-176.515213,263.912354,392.9808319946643,566.1489757511412
36247.0,-173.292191,268.173889,398.3925367759598,566.0905462353301
36256.0,-170.390457,272.008484,403.26992697949504,566.0344768445304
36265.0,-167.484573,275.839935,408.1300390043643,565.9749348469703
36274.0,-164.578003,279.670868,412.99009865773195,565.9112613870731
36284.0,-161.345871,283.925476,418.40160865490196,565.8369498890152
36293.0,-158.340195,287.875946,423.2788083410785,565.7662236895864
36302.0,-155.425949,291.70105,428.1214746113629,565.6916123699333
36311.0,-152.509232,295.524261,433.0157792065279,565.6122368367076
36320.0,-149.497009,299.469727,437.8927957147867,565.5298417379614
36330.0,-146.148209,303.852142,443.28676243644844,565.435913825818
36339.0,-143.131516,307.794189,448.18092107761987,565.3479982949071
36348.0,-140.212631,311.615753,452.9716511722365,565.2602407158599
36358.0,-137.073792,315.724762,458.36553777777414,565.1618195104443
36367.0,-133.966415,319.792755,463.20797760494054,565.0737287921877
36376.0,-131.046753,323.613739,468.0504024422395,564.9848178846418
36385.0,-128.032578,327.557709,472.89281663704907,564.8953292245958
36395.0,-124.793465,331.807007,478.23499778199425,564.7974757412734
36404.0,-121.785767,335.75592,483.1119248693894,564.7099476980072
36413.0,-118.87043,339.5802,487.90266074935823,564.6225065145791
36423.0,-115.735062,343.691864,493.2964870322334,564.520833129475
36432.0,-112.72657,347.640167,498.1216235763398,564.4292676517553
36441.0,-109.811119,351.464355,502.9467518096205,564.3372652694841
36451.0,-106.571075,355.712952,508.30607130516614,564.2340663720396
36460.0,-103.655334,359.536926,513.1139374935452,564.1408611510194
36469.0,-100.645546,363.484253,517.973491811325,564.0461723116518
36479.0,-97.510666,367.596283,523.2810833025148,563.94240276474
36488.0,-94.595055,371.420349,528.1061676819727,563.8481284994629
36497.0,-91.780304,375.126251,532.8795900465531,563.7566897983728
36507.0,-88.557022,379.387573,538.2390792548138,563.6627169602381
36516.0,-85.553543,383.339691,543.064419616428,563.5826089047304
36525.0,-82.526886,387.274109,547.9240027562893,563.4894109941938
36534.0,-79.466515,391.182343,552.8173773085147,563.3653004099342
36544.0,-75.800552,395.754211,558.226135370083,563.1774204491267
36553.0,-72.748688,399.470428,563.081465577412,562.953807565886
36562.0,-69.650017,403.147736,567.9509019505657,562.6697857675432
36571.0,-66.400261,406.899963,572.850565899957,562.3192943397986
36581.0,-62.71796,411.006134,578.2939727670239,561.848509062628
36590.0,-59.449837,414.533691,583.1802700558576,561.3448724247396
36599.0,-56.004326,418.107025,588.0911653502169,560.7511493298352
36608.0,-52.597031,421.500336,592.9894313122957,560.0609390210719
36617.0,-49.0005,424.921631,597.9056770683355,559.2595947857595
36626.0,-45.434933,428.148224,602.7509444953163,558.3526428177491
36635.0,-41.673031,431.38678,607.571723311295,557.3234344235697
36644.0,-37.824261,434.521606,612.3638003245239,556.1679361715062
36653.0,-33.756992,437.629913,617.1045101771792,554.881382188642
36663.0,-29.113008,440.913879,622.2611409465682,553.296182341536
36672.0,-25.093204,443.553101,626.7720749250014,551.7324059032466
36681.0,-20.979586,446.043549,631.2730562448919,549.9912872789197
36691.0,-16.302031,448.625977,636.1469240386452,547.8873128766912
36700.0,-11.868784,450.859039,640.4676822773928,545.8161189035261
36710.0,-6.690839,453.212738,645.0514357912243,543.3862860378503
36719.0,-2.376116,454.956177,649.1736876991008,540.9777675482437
36729.0,2.664531,456.728271,653.6225117736968,538.1130578676082
36738.0,7.263151,458.134308,657.4612604894076,535.3919596862472
36748.0,12.277713,459.395447,661.6068472500251,532.1594539517079
36757.0,16.838593,460.320007,665.1748862807633,529.0919689085322
36767.0,22.124655,461.09848,668.9729244212762,525.482402000356
36777.0,27.273222,461.576599,672.5010716935016,521.7496784404779
36786.0,31.922462,461.779053,675.5180179602662,518.2064490660191
36796.0,37.092724,461.710266,678.6869056704005,514.0553171877511
36806.0,42.251888,461.364777,681.5410113253658,509.8473912323195
36815.0,46.718513,460.830017,683.9099027685531,505.9221048270959
36825.0,51.811058,459.934296,686.2991451216146,501.4338890441289
36835.0,56.844814,458.752075,688.416312475546,496.8490436347424
36845.0,61.636993,457.331268,690.2708842961703,492.1333094632692
36855.0,66.33754,455.631714,691.8270433521794,487.36522854057915
36865.0,70.929344,453.657135,693.1079159908894,482.462479240725
36875.0,75.383713,451.389496,694.0898887133192,477.4560974962095
36885.0,79.382172,449.008575,694.7415339339857,472.44824730486914
36895.0,83.517807,446.201416,695.0659762191693,467.44315350989336
36905.0,87.477699,443.151337,695.0773820872574,462.4792754748155
36915.0,91.251137,439.873413,694.7831775865709,457.48957884612696
36925.0,94.812996,436.36673,694.1883765296255,452.61353918667544
36935.0,98.030357,432.769653,693.2866788539706,447.8198954498251
36945.0,101.010323,428.973572,692.0753629269508,443.1127787241919
36955.0,103.705498,424.970276,690.5145206917613,438.4006680763221
36966.0,106.321884,420.351196,688.4474482811312,433.436270626869
36976.0,108.3526,416.164001,686.2929144691353,429.1757652390423
36986.0,110.182976,411.698578,683.852447677359,425.05230576059677
36997.0,111.897156,406.674347,680.9331563434088,420.8054083586387
37007.0,113.20459,401.850006,677.9281161600543,416.9852031756444
37018.0,114.19873,396.828461,674.3867962072717,413.0304151221273
37028.0,114.827995,392.21756,670.9613069587326,409.68006892504206
37039.0,115.184875,387.110992,666.9605566844323,406.2434295448502
37049.0,115.24855,382.2854,663.0940570908643,403.3267251807932
37059.0,115.044395,377.463715,659.0337456358376,400.62377311641245
37069.0,114.562943,372.488586,654.8108742486679,398.1483185737241
37080.0,113.69722,366.867065,649.9914696818729,395.68594121234963
37090.0,112.723869,361.964386,645.4871214428147,393.68343646765305
37100.0,111.553398,357.105011,640.8157292273852,391.857424019025
37110.0,110.238914,352.282593,636.0118061413295,390.19162603626665
37119.0,108.845291,347.680206,631.5687338682194,388.8075928168222
37129.0,107.221657,342.771027,626.5902501405067,387.41079489465125
37139.0,105.492432,337.898041,621.5934771949759,386.1495813655417
37148.0,103.865158,333.538177,617.0076455588544,385.09577150595686
37158.0,101.918365,328.562378,611.8641974432932,384.0095282568967
37167.0,100.170815,324.249329,607.1954401906542,383.0971972652907
37177.0,98.104378,319.322021,601.9385619040062,382.14131789582245
37186.0,96.139839,314.763428,597.2145442583414,381.33978591542865
37195.0,94.254662,310.508728,592.4994441478065,380.5902840446061
37205.0,92.043221,305.644775,587.1629851678061,379.79914246318884
37214.0,90.01635,301.284027,582.3823789739541,379.13874006670204
37223.0,87.951729,296.94104,577.5447834168675,378.5144419005848
37232.0,85.784195,292.475403,572.7190372950835,377.93443456283995
37242.0,83.41037,287.688599,567.3744805590547,377.3396710112535
37251.0,81.175278,283.256378,562.5224453835208,376.8398374094341
37260.0,78.980225,278.977814,557.7355564713542,376.38162453187437
37270.0,76.586617,274.39447,552.3960451737387,375.90984643746356
37279.0,74.265686,270.006592,547.5000790439819,375.5110147509559
37288.0,71.919083,265.632385,542.6705908332058,375.1462859800256
37297.0,69.621712,261.407898,537.8046936230843,374.8069877120401
37307.0,66.958107,256.578278,532.4380458118443,374.46475729691304
37316.0,64.538193,252.244202,527.5685348762497,374.1820167404194
37325.0,62.173126,248.057236,522.7148324538367,373.9254881096315
37334.0,59.709641,243.747772,517.8598433509313,373.69458779689575
37344.0,56.959038,238.967163,512.4527789234936,373.46303450766845
37353.0,54.47823,234.667648,507.6133769229908,373.2702347880105
37362.0,52.00111,230.366013,502.7565529046109,373.0818346864306
37371.0,49.531452,226.060089,497.9170513317924,372.8915507380205
37381.0,46.884136,221.418945,492.5268045297033,372.6703294468172
37390.0,44.515205,217.234161,487.6709200720193,372.4590943233772
37399.0,42.166096,213.038223,482.86744148347634,372.23357725537954
37408.0,39.919899,208.962555,478.0134792602605,371.98201239419905
37418.0,37.296638,204.110901,472.62786261606385,371.66763553623133
37427.0,35.045479,199.861603,467.7435516487436,371.345107521932
37436.0,32.764839,195.452652,462.8793071031984,370.9828866289737
37445.0,30.600912,191.158279,457.9844332104686,370.570866444852
37455.0,28.189018,186.198166,452.56281797861055,370.05090514706336
37464.0,26.144323,181.845749,447.6281451116533,369.5131143540637
37473.0,24.099344,177.322662,442.7182272273124,368.911361851245
37482.0,22.188734,172.909744,437.78343805900545,368.2335117338823
37491.0,20.238403,168.176834,432.84310555992295,367.47407540796974
37500.0,18.31848,163.264572,427.8658111285021,366.6198241712294
37509.0,16.550611,158.460526,422.9390496272621,365.6800115288273
37518.0,14.830188,153.474884,417.9979600177443,364.63653728226427
37526.0,13.513237,149.408356,413.6490235350915,363.6292947946846
37535.0,12.092155,144.652237,408.77020698671055,362.39375123840233
37544.0,10.748115,139.712814,403.88771818660297,361.0376949967071
37553.0,9.502532,134.587875,399.0405107481549,359.5604795545637
37562.0,8.465588,129.733505,394.3002239611864,357.97513734800435
37571.0,7.538739,124.699097,389.5250563891642,356.22861663664486
37580.0,6.779538,119.79361,384.84946378932517,354.36629211268115
37589.0,6.144271,114.714165,380.21358888272607,352.3633270897896
37598.0,5.661994,109.61792,375.5912083776723,350.2042237884369
37607.0,5.337957,104.509171,371.0662428200228,347.9233747982794
37615.0,5.168254,99.68615,367.0795246893973,345.7660274219737
37624.0,5.157981,94.722267,362.7720785386633,343.2645213604629
37633.0,5.310829,89.605537,358.50445917187284,340.59678004383915
37642.0,5.628327,84.496384,354.31069924756116,337.7833155017198
37651.0,6.096243,79.554596,350.237652490601,334.85645424628996
37660.0,6.728719,74.474808,346.30180339531694,331.8316720822148
37669.0,7.51175,69.416039,342.46272207522514,328.68498019093573
37678.0,8.437165,64.539169,338.7248927909787,325.418660016374
37687.0,9.52164,59.69519,335.09568684715356,322.0320570785823
37697.0,10.976133,54.196514,331.1859869357612,318.1173811524183
37706.0,12.360125,49.591209,327.81708448789715,314.49524145295965
37715.0,13.977583,44.734451,324.55821270920455,310.75091641752795
37724.0,15.65692,40.228447,321.4877209633599,306.98311671711235
37733.0,17.604578,35.494431,318.50311603948563,303.0599404835454
37742.0,19.652212,30.972549,315.67449542023667,299.065015786151
37751.0,21.781479,26.660881,312.99400678639427,294.98983975829606
37761.0,24.221458,22.10206,310.1789221518141,290.36758260963313
37770.0,26.627022,17.938225,307.8110390783934,286.1624123804285
37779.0,29.17214,13.858196,305.58391929454535,281.8810265797357
37789.0,32.168209,9.434167,303.2788842042193,277.0416290242443
37798.0,35.002926,5.549757,301.36802723334523,272.6288192463991
37807.0,38.069889,1.646689,299.6064723152068,268.1357967474165
37817.0,41.419407,-2.292484,297.8474858997308,263.1088140696497
37826.0,44.764938,-5.959586,296.42273906254707,258.4979114079233
37835.0,48.229229,-9.514709,295.18120553256716,253.92357530605858
37845.0,52.114506,-13.182557,293.9735517558962,248.73646046174593
37854.0,55.847115,-16.45484,293.04941773222134,243.96464629415323
37863.0,59.694023,-19.591959,292.3053273073934,239.19634928729002
37873.0,63.826904,-22.69931,291.6720689452403,233.8041508639055
37882.0,67.899841,-25.536804,291.28244852223764,228.90744309400225
37891.0,71.810974,-28.058601,291.07295907786107,224.10323882364912
37900.0,76.081512,-30.588963,291.03726217028225,219.17394840392052
37909.0,80.443932,-32.957409,291.1853220048132,214.26399633253672
37919.0,85.395058,-35.387711,291.5599950810037,208.89951588491616
37928.0,89.928322,-37.410023,292.09218388657615,204.01624586032455
37937.0,94.533752,-39.262104,292.7962614939775,199.20703502417814
37946.0,99.054596,-40.901081,293.6761780738134,194.42686965503898
37956.0,104.146194,-42.520988,294.84861975502804,189.16102879614243
37965.0,108.774651,-43.825474,296.07402318995724,184.47537303883013
37974.0,113.600021,-44.989952,297.463978708634,179.85386348435756
37984.0,119.009033,-46.068188,299.2054541415707,174.78432516374016
37993.0,123.908798,-46.86348,300.9462755419056,170.2832288797092
38002.0,128.372162,-47.424789,302.81345105578185,165.92666924173014
38012.0,133.523438,-47.872822,305.10012319307594,161.09763152950526
38021.0,138.480682,-48.129642,307.3246428714909,156.81489419150216
38031.0,143.823059,-48.216625,309.89833695775116,152.27068425571318
38040.0,148.630981,-48.126175,312.40844882996,148.1892464427389
38049.0,153.278076,-47.879177,315.0575453366531,144.19661774345172
38059.0,158.598206,-47.384563,318.1533293179485,139.8841454713817
38068.0,163.367203,-46.767387,321.1127808167305,136.0720628735963
38077.0,168.111069,-45.980026,324.2288886582521,132.34190120635463
38087.0,173.512146,-44.862751,327.82923106692505,128.3474594522122
38096.0,178.182709,-43.718151,331.20501209137893,124.87455203488774
38105.0,182.955673,-42.354675,334.7303349624839,121.50347244095553
38115.0,187.860901,-40.71909,338.7628380937638,117.94581184961979
38124.0,192.36235,-39.027569,342.5216859909189,114.89162686170194
38133.0,196.944595,-37.118835,346.4051889394481,111.96884753501355
38142.0,201.321609,-35.127346,350.3318429339187,109.22290787073587
38152.0,206.26236,-32.67601,354.8551752927924,106.28298205224317
38161.0,210.77887,-30.266567,359.0572905918404,103.73901309185979
38170.0,215.090103,-27.806179,363.31724629191893,101.32793545335524
38179.0,219.333328,-25.23028,367.6893952673477,99.01412624725374
38188.0,223.378098,-22.629486,372.0760619826233,96.8421057421511
38198.0,227.939133,-19.528366,377.03556687797925,94.54959002997559
38207.0,231.731079,-16.830666,381.5595324657272,92.5918071839707
38216.0,235.598816,-13.973248,386.1070921458659,90.73459098399178
38225.0,239.421082,-11.055276,390.6712303219723,88.96564761155128
38234.0,243.326294,-7.991034,395.2621176841736,87.26733339648132
38243.0,247.199417,-4.886334,399.9231692721335,85.61083172127572
38252.0,251.049393,-1.752976,404.5517714560016,84.01817363837775
38262.0,255.174881,1.642434,409.76422626340934,82.26874354558271
38271.0,258.996735,4.810033,414.41274196979043,80.7351791768583
38280.0,262.693207,7.885793,419.08249085129717,79.21104124295795
38289.0,266.504608,11.065957,423.7553360066207,77.6964227390908
38298.0,270.192841,14.151598,428.381151734833,76.20442307676653
38307.0,273.996918,17.340513,433.0743421109964,74.6967286765891
38317.0,278.091187,20.773502,438.21178629727905,73.05040954595121
38326.0,281.896698,23.960697,442.90599225671923,71.5458801439137
38335.0,285.587708,27.04303,447.50070836544865,70.06976673832328
38344.0,289.285614,30.117077,452.1258353953384,68.57563351095203
38354.0,293.54303,33.623421,457.2706157447962,66.8959913454752
38363.0,297.270874,36.661087,461.8516630555494,65.37798856464039
38372.0,301.138336,39.772823,466.50605332781345,63.807573889676654
38381.0,305.0271,42.857914,471.08518573525873,62.230066409677065
38391.0,309.376343,46.249691,476.2372215880501,60.411043686019184
38400.0,313.316132,49.269341,480.8553530555308,58.737002824226536
38409.0,317.279968,52.257343,485.4267367255905,57.035670900339234
38418.0,321.146881,55.115894,489.9990378648618,55.28793515449241
38427.0,325.165497,58.029816,494.58715771106273,53.48562147809303
38436.0,329.212738,60.903828,499.1577501265237,51.63931075587704
38445.0,333.287872,63.738163,503.7259861841151,49.741781038664456
38455.0,337.854218,66.831474,508.7485691128545,47.59097239502216
38464.0,341.995209,69.568718,513.2887064842614,45.584142085875534
38473.0,346.165619,72.260933,517.8058678581385,43.52611673052339
38482.0,350.365021,74.907677,522.2839313803324,41.42460613174472
38491.0,354.594666,77.505829,526.7536259146406,39.26542897113576
38500.0,358.984924,80.13829,531.2141670812063,37.048404519611196
38509.0,363.403717,82.722572,535.5876576357625,34.81185999130554
38518.0,367.590088,85.088676,539.9921569561591,32.48548713772549
38527.0,371.940033,87.479958,544.3186256140177,30.123105444644263
38536.0,376.316528,89.822304,548.6457248143316,27.69073463583195
38545.0,380.719177,92.115089,552.9593772049014,25.19994601159747
38554.0,385.151093,94.350769,557.2132080090244,22.67520380783122
38564.0,390.109833,96.76548,561.9177024538143,19.796358408209773
38573.0,394.741302,98.945801,566.1591970583712,17.119429157662708
38582.0,399.119873,100.933861,570.3206039418695,14.413341947151448
38591.0,403.668396,102.921638,574.472207295725,11.62985163337938
38600.0,408.244415,104.845268,578.5690560479128,8.796575222764758
38609.0,412.846008,106.706863,582.581410609765,5.9329779778257645
38618.0,417.621796,108.549736,586.6055333814844,2.9681736583577685
38627.0,422.42569,110.318001,590.5828408594048,-0.05914429003292243
38636.0,427.2565,112.011391,594.4974932525672,-3.1392614238432666
38645.0,431.963715,113.586899,598.3096597573068,-6.2371538683978756
38654.0,436.694611,115.089813,602.1535098705069,-9.45911646907649
38663.0,441.44754,116.521584,605.8958652764609,-12.693954288985013
38672.0,446.37146,117.921303,609.6261925041426,-16.020857880763124
38681.0,451.16571,119.207962,613.2917990466615,-19.39353539169238
38690.0,455.977539,120.427177,616.905879215088,-22.821369905410148
38699.0,460.655029,121.543114,620.4310340187451,-26.267013810617442
38708.0,465.504089,122.604584,623.9216321585535,-29.796311172320106
38717.0,470.368927,123.591248,627.3139478908112,-33.34902070597587
38727.0,475.791321,124.599983,631.0216486620592,-37.36215814300917
38736.0,480.684113,125.437141,634.3449611837885,-41.07257844267891
38745.0,485.434204,126.186058,637.592441891097,-44.80396809818826
38754.0,490.195312,126.861496,640.8081450420053,-48.608028844612605
38763.0,495.119965,127.484398,643.9668093110643,-52.45958242111323
38772.0,500.053711,128.030533,647.077317137315,-56.3721736082217
38781.0,504.996094,128.492142,650.1362291288551,-60.34700494060958
38790.0,510.099884,128.886429,653.1487031021662,-64.40017722817008
38799.0,515.209534,129.195602,656.0596790632061,-68.46340841638151
38808.0,520.324341,129.403015,658.9250026188844,-72.62190886171037
38816.0,524.735474,129.506424,661.4003787014906,-76.3574782689283
38825.0,529.85437,129.539169,664.0771255472661,-80.55827000869351
38834.0,534.817871,129.476761,666.6845394155234,-84.82265995969766
38843.0,539.779419,129.323563,669.2208519779547,-89.14970806187694
38852.0,544.737488,129.08316,671.6950293516659,-93.55216775572318
38861.0,549.845459,128.747147,674.0995119502907,-98.0126664774766
38870.0,554.947876,128.334976,676.4121857171721,-102.48267305915014
38879.0,560.04425,127.854309,678.6157830720733,-106.91139278420108
38888.0,564.977051,127.299377,680.7612718621426,-111.40677961615843
38897.0,570.054016,126.644821,682.8360114935703,-115.95420572291262
38906.0,575.120056,125.910408,684.8432111866956,-120.55065827731124
38915.0,580.0224,125.131119,686.7595101701098,-125.1297426232351
38924.0,584.912109,124.276329,688.6261239500673,-129.7850599796989
38933.0,589.787781,123.344658,690.4147171992867,-134.45245356964318
38942.0,594.800476,122.306923,692.1421826453902,-139.17953320983804
38951.0,599.644592,121.223175,693.7833935424591,-143.90076774393486
38960.0,604.619995,120.019089,695.3572086817159,-148.68119917840525
38969.0,609.421387,118.759308,696.8567974775103,-153.52153169356825
38978.0,614.349304,117.373695,698.2707833484017,-158.40550588402596
38987.0,619.107483,115.959488,699.5749437241628,-163.23073069214635
38996.0,623.848389,114.48848,700.806519853723,-168.0749900753408
39005.0,628.717712,112.909248,701.9876530766867,-172.98499306334125
39014.0,633.714294,111.220917,703.1064979092935,-177.9095632245913
39023.0,638.396912,109.57373,704.1577385115435,-182.83138321199507
39031.0,642.672485,108.016815,705.0471023806969,-187.2587005772624
39040.0,647.459229,106.202667,705.9785086468685,-192.20459798416064
39049.0,652.22229,104.327187,706.8456656612503,-197.1621636675011
39058.0,656.964966,102.400703,707.6534602114488,-202.14720860182533
39067.0,661.684021,100.417023,708.3943979226484,-207.090349308167
39076.0,666.238464,98.44294,709.0848010381746,-212.09300346077777
39085.0,670.915833,96.362976,709.7202147500932,-217.10293903393946
39094.0,675.57373,94.239769,710.3038538627279,-222.10181732595953
39103.0,679.932922,92.209595,710.8366012372687,-227.05437274232838
39112.0,684.556641,90.012833,711.3300819007314,-232.02831540075923
39121.0,689.02478,87.850494,711.7835592029496,-236.98875724132722
39130.0,693.476135,85.653793,712.1993053044451,-241.9525038199047
39139.0,697.911865,83.425636,712.5737493318406,-246.86768133262862
39148.0,702.331665,81.166107,712.9189292945518,-251.87138770753342
39157.0,706.728149,78.861496,713.2194690531624,-256.77436913839585
39166.0,711.0802,76.474068,713.4627557159306,-261.73229479744305
39176.0,715.715515,73.816528,713.630221998277,-267.1589673538688
39185.0,719.989075,71.291229,713.6944629341126,-272.0707312081324
39194.0,724.239929,68.727898,713.6939153942544,-276.965679384129
39203.0,728.360352,66.248711,713.655590706031,-281.91218632578546
39212.0,732.640564,63.734741,713.6235799930719,-286.84150206181766
39221.0,736.958313,61.285778,713.6413274558183,-291.891540681481
39230.0,741.312256,58.901794,713.7311003571006,-296.889097040423
39239.0,745.828369,56.491554,713.8916493029606,-301.8676358775988
39248.0,750.08075,54.246185,714.1028370926716,-306.8442838091613
39257.0,754.604858,51.851093,714.340482984577,-311.9405229155489
39266.0,758.981689,49.509365,714.5701563420614,-316.968113684604
39275.0,763.480774,47.067589,714.780766217132,-322.04829118314285
39284.0,767.954407,44.57946,714.954348760279,-327.1126227791712
39293.0,772.264709,42.117489,715.0742649209676,-332.126787396266
39302.0,776.551208,39.614296,715.1377946196893,-337.15922048271705
39310.0,780.349121,37.368294,715.1549132741803,-341.64047839742693
39319.0,784.608765,34.819672,715.1431513063777,-346.63882716384165
39328.0,788.862488,32.261177,715.1077218554371,-351.63706420189936
39338.0,793.58136,29.405981,715.0503053485285,-357.11772658955624
39347.0,797.822449,26.826574,714.985113232493,-362.08118961741553
39356.0,802.059021,24.239786,714.9084038618696,-366.9927745683602
39365.0,806.288818,21.64193,714.8195541997843,-371.9213934467871
39374.0,810.516541,19.040661,714.7191514289608,-376.9015083250664
39383.0,814.742126,16.435902,714.6128691297527,-381.79530256046326
39392.0,818.834167,13.910129,714.4996335783303,-386.77514217907975
39401.0,823.057495,11.301719,714.3835784601665,-391.70319549867634
39411.0,827.60199,8.491714,714.252552313021,-397.13087015170703
39420.0,831.69104,5.961127,714.1329648572533,-401.9898755009709
39429.0,835.911682,3.348345,714.010927513408,-406.8660610861218
39438.0,839.998596,0.814342,713.8880041591134,-411.7077419206399
39448.0,844.539734,-2.00106,713.7485661020562,-417.10072407111267
39457.0,848.756653,-4.619789,713.6193314277425,-421.9939659764841
39466.0,852.841003,-7.157999,713.4885456948571,-426.81819876502726
39475.0,856.923584,-9.699037,713.3520448067421,-431.71124336456205
39484.0,861.135498,-12.325844,713.2116346614698,-436.6041773449702
39494.0,865.66748,-15.155938,713.0514941277916,-442.0138277641459
39503.0,869.875488,-17.788944,712.9026087524891,-446.88926744884947
39512.0,874.081787,-20.424704,712.7488453206826,-451.7817999988211
39521.0,878.153503,-22.983051,712.5900890415469,-456.67417308244455
39531.0,882.673889,-25.831673,712.407423528005,-462.0831097578344
39540.0,886.739441,-28.39983,712.2352321877821,-466.975028408822
39549.0,890.931946,-31.057495,712.0571095084205,-471.84948748498863
39558.0,894.992676,-33.633301,711.8737746250044,-476.70650534209756
39567.0,899.050598,-36.213497,711.6857126390858,-481.54609376920814
39577.0,903.55603,-39.085659,711.4692573555898,-486.93653406266475
39586.0,907.738281,-41.759441,711.2651774070271,-491.8272261732073
39595.0,911.785461,-44.356518,711.0561646031516,-496.6487031827721
39604.0,915.829651,-46.958172,710.8374840750257,-501.5215111823531
39614.0,920.463745,-49.949001,710.5864268911321,-506.9449593733809
39623.0,924.500793,-52.561775,710.3544794189687,-511.8171538834881
39632.0,928.666138,-55.261799,710.1170369287997,-516.6718274263346
39641.0,932.830994,-57.962566,709.8745331929916,-521.543507928199
39651.0,937.311951,-60.872814,709.6026325220708,-526.9486936487276
39660.0,941.343872,-63.493523,709.3573442578994,-531.768461337466
39669.0,945.375122,-66.115227,709.1080235509878,-536.6225393476402
39678.0,949.536011,-68.822159,708.8565370167393,-541.4937643986159
39688.0,954.159912,-71.828728,708.5771167178082,-546.8985666100534
39697.0,958.192627,-74.448158,708.3284809252231,-551.7181627703792
39706.0,962.356445,-77.150497,708.0803380292147,-556.5550428141192
39716.0,966.984375,-80.150894,707.8067708143357,-561.9256285704282
39725.0,971.021179,-82.764015,707.5645226790903,-566.728292449935
39734.0,974.929321,-85.290497,707.3243894357317,-571.5483197249009
39743.0,978.97113,-87.895882,707.0856275058122,-576.4201850468266
39753.0,983.463745,-90.788132,706.8255312690579,-581.8259516525766
39762.0,987.507996,-93.389694,706.59485338737,-586.6809513290598
39771.0,991.553162,-95.989868,706.3675574986953,-591.5016010243781
39781.0,996.048828,-98.877373,706.1160416244452,-596.8732646541977
39790.0,1000.095398,-101.475319,705.8916882315083,-601.6940521895552
39799.0,1004.272644,-104.156891,705.6671211054405,-606.5320841303613
39808.0,1008.321533,-106.751266,705.4432755181358,-611.3701495089414
39818.0,1012.820068,-109.634232,705.1943906384522,-616.7936978222702
39827.0,1017.13092,-112.394859,704.9717028766473,-621.6663243352372
39836.0,1021.311096,-115.071907,704.749429595507,-626.5217160529339
39845.0,1025.489258,-117.752129,704.5254597816796,-631.3770298086295
39855.0,1030.277832,-120.821335,704.2735855103531,-636.7659312549836
39864.0,1034.457275,-123.49955,704.0434494450387,-641.6382116620997
39873.0,1038.765137,-126.264778,703.8107026816597,-646.5103680551456
39882.0,1042.940552,-128.949112,703.5720303759128,-651.4167502852945
39891.0,1046.98291,-131.553665,703.3299885071236,-656.2884537561469
39901.0,1051.469849,-134.454758,703.0527344012572,-661.7278840235787
39910.0,1055.765137,-137.239594,702.7956296671575,-666.6333348910923
39919.0,1059.797607,-139.859436,702.5342219964588,-671.5040376128627
39928.0,1063.827271,-142.483566,702.2673612821247,-676.374444611592
39938.0,1068.44751,-145.495758,701.965995545523,-681.7780675944636
39947.0,1072.605835,-148.206528,701.6901376009695,-686.665236543861
39956.0,1076.634277,-150.832535,701.4130354352698,-691.5523351038717
39965.0,1080.662476,-153.458832,701.1375952052779,-696.4050010539917
39974.0,1084.823364,-156.165665,700.8614843056293,-701.2748924023954
39984.0,1089.1604,-158.981155,700.5587717616093,-706.6611772595828
39993.0,1093.195801,-161.596481,700.2881237041953,-711.531375264094
40002.0,1097.234009,-164.207413,700.0213632841827,-716.3845260985624
40011.0,1101.404541,-166.899384,699.7563503959599,-721.2722951310116
40021.0,1106.039551,-169.888809,699.4666591235201,-726.6765565620386
40030.0,1110.081909,-172.493439,699.2085483200414,-731.5301751046226
40039.0,1114.256348,-175.179413,698.9516600096662,-736.4011182751101
40048.0,1118.30188,-177.778946,698.6994209165944,-741.2377864355586
40058.0,1122.944458,-180.756699,698.4200868778522,-746.6598517694649
40067.0,1127.125,-183.433136,698.1734602515025,-751.514067406513
40076.0,1131.176758,-186.023041,697.9301328006704,-756.3684495397431
40085.0,1135.228882,-188.612427,697.6892255058507,-761.2229523792782
40094.0,1139.412109,-191.284668,697.4479272491337,-766.1119495256057
40104.0,1144.060913,-194.25267,697.1808388407762,-771.5346318667085
40113.0,1147.983521,-196.756622,696.94336016693,-776.3547906592639
40122.0,1152.037598,-199.34288,696.7056350414689,-781.174937303372
40132.0,1156.686157,-202.311264,696.4385135595115,-786.5803613165361
40141.0,1160.73291,-204.909058,696.1928493838765,-791.4518834695122
40150.0,1164.771973,-207.518616,695.9379516961294,-796.2884122477943
40159.0,1168.800415,-210.144714,695.6630398265976,-801.192897391199
40168.0,1173.072021,-212.965591,695.3659264052097,-806.0960876457902
40178.0,1177.507935,-215.944031,695.006134852215,-811.4788610466932
40187.0,1181.606323,-218.744675,694.6417402429039,-816.3775106184213
40196.0,1185.680664,-221.580185,694.2407306862714,-821.2387111192869
40205.0,1189.600952,-224.365036,693.7937331286454,-826.1305149012638
40214.0,1193.740234,-227.376831,693.2943100990082,-831.0518944175226
40223.0,1197.594238,-230.252686,692.7433721682462,-835.9330846877676
40232.0,1201.535278,-233.27066,692.1206979266649,-840.9098811957389
40241.0,1205.434082,-236.343079,691.4376859511453,-845.8439585723698
40251.0,1209.711792,-239.824677,690.605663372863,-851.2614021846256
40260.0,1213.518555,-243.010452,689.775893633854,-856.1554493259131
40269.0,1217.27002,-246.261108,688.870194088775,-861.0360152331618
40278.0,1221.083618,-249.675827,687.8775788071761,-865.9348256640018
40287.0,1224.834473,-253.159424,686.7921425673679,-870.8492174841128
40296.0,1228.408081,-256.604645,685.6169848988815,-875.7429301081258
40305.0,1231.922241,-260.110443,684.3636569918385,-880.5638007841216
40314.0,1235.375732,-263.676086,683.0135736096097,-885.3942771119747
40323.0,1238.760986,-267.306549,681.5758652015197,-890.1994015875973
40331.0,1241.897217,-270.791138,680.2182770826125,-894.4520173071676
40340.0,1245.149414,-274.541229,678.6083039608534,-899.1839952532048
40349.0,1248.323975,-278.357361,676.8928186688175,-903.915435732069
40358.0,1251.424316,-282.233948,675.0766688336809,-908.6276331821866
40367.0,1254.530762,-286.302643,673.168085760537,-913.2845344528961
40376.0,1257.381958,-290.174957,671.1720053803338,-917.8670328817418
40385.0,1260.418701,-294.487122,669.0619469203762,-922.4551543195513
40394.0,1263.181152,-298.611298,666.8933327316535,-926.9202778051215
40403.0,1265.836548,-302.805267,664.5766529680091,-931.4076155353627
40412.0,1268.391357,-307.061188,662.1640847387682,-935.8048579931057
40421.0,1271.003296,-311.643127,659.6542084522679,-940.1273745935446
40430.0,1273.360474,-316.011627,657.0709675652054,-944.3459366975075
40439.0,1275.61377,-320.434601,654.3246245036544,-948.6044793123141
40448.0,1277.769287,-324.906036,651.4798721439347,-952.797922936078
40457.0,1279.81665,-329.42804,648.5671949594795,-956.8811249041509
40466.0,1281.809448,-334.143219,645.5655515651284,-960.877844267298
40475.0,1283.623291,-338.763855,642.4309367990843,-964.8373133353705
40484.0,1285.275635,-343.279846,639.2194112178474,-968.6898878166728
40493.0,1286.908813,-348.131348,635.9007308414076,-972.4735076907167
40502.0,1288.419189,-353.022461,632.4855615005856,-976.1702680515916
40511.0,1289.765503,-357.800262,628.9644156447316,-979.7903145836583
40520.0,1291.06897,-362.910797,625.3526687275908,-983.3199730995896
40528.0,1292.125488,-367.478302,622.0616973951913,-986.3869336412898
40537.0,1293.125488,-372.340424,618.2872999647751,-989.7420981782079
40546.0,1294.004517,-377.225861,614.4427367905747,-992.9899825344941
40555.0,1294.781738,-382.285522,610.4896212814272,-996.1602290840846
40564.0,1295.456665,-387.516296,606.471332174775,-999.2190781630495
40573.0,1295.956787,-392.454926,602.4277408983821,-1002.1278570317036
40582.0,1296.320923,-397.249878,598.3199014674302,-1004.91458817239
40591.0,1296.584717,-402.362091,594.1423599311535,-1007.5957002464372
40600.0,1296.707642,-407.169281,589.8687419546471,-1010.1879614457549
40609.0,1296.701416,-412.2883,585.4989248398268,-1012.6847828601236
40618.0,1296.57373,-417.250549,581.095638832534,-1015.050094905623
40627.0,1296.334351,-422.053345,576.6337531178058,-1017.3029163817446
40636.0,1295.97644,-427.004333,572.1343334614952,-1019.4399347891737
40645.0,1295.48877,-432.100067,567.5708566205967,-1021.4791277317745
40654.0,1294.894409,-437.184448,562.9621157445811,-1023.4138463863464
40663.0,1294.183716,-442.253876,558.2628173376633,-1025.2631163815781
40672.0,1293.38623,-447.15329,553.5390291553011,-1026.9995621770004
40681.0,1292.458618,-452.187561,548.8103643412727,-1028.6192404818312
40690.0,1291.460815,-457.05014,544.113892656171,-1030.1166823078386
40699.0,1290.373535,-461.893463,539.3222798550978,-1031.5393823813602
40708.0,1289.211426,-466.719391,534.4890794195888,-1032.879680946276
40717.0,1287.976562,-471.527252,529.634429836991,-1034.1400793448397
40726.0,1286.673218,-476.316986,524.7442112161453,-1035.3296929932822
40735.0,1285.301636,-481.087616,519.8538923338681,-1036.4436983445091
40744.0,1283.823608,-485.988586,514.9484351605597,-1037.4890292078046
40753.0,1282.324829,-490.720795,510.0620537615674,-1038.4559323781534
40762.0,1280.727539,-495.584198,505.1288778661437,-1039.3614721496324
40771.0,1279.133789,-500.285278,500.2368622950754,-1040.203136508712
40780.0,1277.498413,-504.972046,495.2857356232064,-1041.0047420052174
40789.0,1275.821045,-509.643951,490.41254791529576,-1041.7471838377592
40798.0,1274.109253,-514.303345,485.48181567023727,-1042.453940121654
40807.0,1272.417358,-518.804626,480.61385116501265,-1043.1115666370297
40816.0,1270.637695,-523.438538,475.7067917473409,-1043.7362005914845
40825.0,1268.826782,-528.060303,470.76098900345363,-1044.3283662235551
40834.0,1266.930542,-532.815125,465.8453830443008,-1044.8817356841546
40844.0,1264.918213,-537.764771,460.4118297526057,-1045.4551602423494
40853.0,1263.023315,-542.352722,455.47205928451206,-1045.943916790612
40862.0,1261.103882,-546.930481,450.58104097601625,-1046.399428550994
40871.0,1259.160156,-551.497986,445.6704121994435,-1046.8294324229935
40880.0,1257.195923,-556.056702,440.7747976124673,-1047.2325563166955
40889.0,1255.20874,-560.605469,435.877266414145,-1047.6116858715282
40898.0,1253.205933,-565.1474,430.94363048276017,-1047.9703447653694
40908.0,1250.88623,-570.340698,425.50972234602784,-1048.3403634608808
40917.0,1248.843872,-574.86499,420.5730157394119,-1048.6539357584668
40926.0,1246.783325,-579.380981,415.6694004925193,-1048.9439505310106
40935.0,1244.77063,-583.748291,410.76458740361284,-1049.2129479673908
40944.0,1242.683472,-588.252075,405.8589732078048,-1049.4669172958031
40953.0,1240.576782,-592.746704,400.9182056299491,-1049.7081960706525
40962.0,1238.513306,-597.09021,395.976410335194,-1049.9274196330698
40971.0,1236.356079,-601.560852,391.05073192479904,-1050.1194365818224
40981.0,1233.917114,-606.507751,385.5725887413148,-1050.2952322700164
40990.0,1231.69104,-610.944458,380.6101709112383,-1050.416164154391
40999.0,1229.50354,-615.226868,375.71591077421414,-1050.4982352008365
41008.0,1227.281006,-619.491211,370.75222504449823,-1050.5433928971268
41017.0,1224.951538,-623.874512,365.80557315297153,-1050.5492894756724
41026.0,1222.588257,-628.239746,360.8762716860017,-1050.5151521212356
41035.0,1220.190674,-632.586182,355.91293572602274,-1050.4409133891936
41044.0,1217.754517,-636.911194,351.00207689674534,-1050.3268230006422
41053.0,1215.28418,-641.216736,346.05791843117714,-1050.1696709310752
41062.0,1212.77832,-645.501648,341.09803149099156,-1049.9703300634744
41072.0,1209.947632,-650.235229,335.64088310474284,-1049.7022841940889
41081.0,1207.44397,-654.34082,330.70261065409284,-1049.4144215380636
41090.0,1204.907471,-658.426208,325.76698827648926,-1049.0842224295218
41099.0,1202.337769,-662.490784,320.83436027764196,-1048.7119581006227
41108.0,1199.645752,-666.661316,315.8880288828315,-1048.294799888871
41117.0,1196.911133,-670.804016,310.98018053544496,-1047.834145017743
41126.0,1194.131836,-674.91687,306.0258807218282,-1047.317871568802
41135.0,1191.220581,-679.127441,301.0773991781082,-1046.7485251639562
41144.0,1188.348267,-683.175964,296.1527945484899,-1046.1252399299758
41153.0,1185.422852,-687.186218,291.20207891529765,-1045.4367317936144
41162.0,1182.442383,-691.155701,286.2608671380292,-1044.6830376203654
41171.0,1179.306641,-695.201843,281.29677425717256,-1043.8540619497605
41180.0,1176.209229,-699.08075,276.3796085708385,-1042.9567825352271
41189.0,1172.955688,-703.032837,271.4771396141065,-1041.9823971582407
41198.0,1169.730225,-706.80603,266.6084153250368,-1040.9301858133717
41207.0,1166.436768,-710.52002,261.6752836320093,-1039.7718261485434
41216.0,1163.078003,-714.175049,256.81412514290344,-1038.5367695357868
41225.0,1159.766113,-717.66156,252.04235258324238,-1037.2330876940598
41234.0,1156.392944,-721.088867,247.26129443399807,-1035.8355513293118
41243.0,1152.852539,-724.568176,242.48885239704163,-1034.349810524697
41252.0,1149.258423,-727.992004,237.79098838092992,-1032.8007871576344
41261.0,1145.727661,-731.256592,233.10196867327136,-1031.171888934261
41270.0,1141.921631,-734.679749,228.45428044331086,-1029.4782556142447
41280.0,1137.638794,-738.422485,223.36570365742028,-1027.5364374539608
41289.0,1133.855103,-741.635559,218.77065046851914,-1025.7048026932205
41298.0,1130.031616,-744.80127,214.24917451651348,-1023.8294965419581
41307.0,1126.284668,-747.81543,209.76941911513245,-1021.8997632655896
41316.0,1122.499146,-750.780945,205.2692853579154,-1019.8878053936662
41325.0,1118.431519,-753.888855,200.81180214873703,-1017.823733084424
41335.0,1114.138428,-757.069763,195.90098854501008,-1015.4682753321042
41344.0,1110.23584,-759.879395,191.48655426492334,-1013.2746599834084
41353.0,1106.042114,-762.814941,187.10210178623635,-1011.0217164036944
41362.0,1101.935913,-765.604126,182.7491797488166,-1008.7084399292218
41371.0,1097.789185,-768.332703,178.38454751626116,-1006.3081044543719
41380.0,1093.605225,-771.003845,174.08532996192946,-1003.861447934525
41389.0,1089.385864,-773.618652,169.85166234768735,-1001.3703418368236
41398.0,1085.259399,-776.08783,165.5961584445759,-998.7814595591116
41407.0,1080.962891,-778.573853,161.4240169921841,-996.1561188169463
41416.0,1076.630127,-780.996216,157.27733239591683,-993.4590080360064
41426.0,1071.623291,-783.694885,152.729311330047,-990.4001747212952
41435.0,1067.08313,-786.059387,148.69603317767132,-987.5962099562847
41444.0,1062.648926,-788.290466,144.69051087796785,-984.7230636986401
41453.0,1058.323608,-790.391785,140.72704495906922,-981.7921736937153
41462.0,1053.829834,-792.500427,136.81905349809014,-978.8160766188869
41471.0,1049.308228,-794.548645,132.9251725604842,-975.7653240970766
41480.0,1044.76062,-796.538452,129.10023761463714,-972.683210582307
41490.0,1039.674072,-798.670776,124.8825388887121,-969.1829285479456
41499.0,1035.216187,-800.473999,121.12186670761184,-965.9694033104718
41508.0,1030.587524,-802.26709,117.39348591840206,-962.6923021628764
41517.0,1025.932861,-803.991638,113.73889763127856,-959.3842570055579
41526.0,1021.251465,-805.642334,110.11019319417994,-955.9971167148205
41535.0,1016.545349,-807.22113,106.56059054498266,-952.5766636243638
41544.0,1011.813049,-808.719604,103.04292899796383,-949.0743397556189
41553.0,1007.05542,-810.13562,99.58532572797783,-945.5127116351799
41562.0,1002.272827,-811.464844,96.17990557279215,-941.877503459031
41571.0,997.466064,-812.703796,92.86543048565792,-938.2054938454339
41580.0,992.639343,-813.862732,89.63081012373894,-934.4857614053923
41590.0,987.254211,-815.054443,86.12437916100717,-930.2956231020391
41599.0,982.234985,-816.060303,83.00197127770231,-926.4146188598971
41608.0,977.350891,-816.946777,79.98596829163137,-922.5155286712442
41617.0,972.603333,-817.711426,77.03658330647498,-918.5443162726287
41626.0,967.842224,-818.38678,74.18637301028174,-914.5435847988404
41635.0,962.91626,-818.99939,71.41358509373762,-910.488810054449
41644.0,958.134766,-819.511047,68.70596700589853,-906.3695889385527
41653.0,953.190613,-819.953064,66.07254233210517,-902.2025452864301
41662.0,948.239502,-820.308838,63.51392660426396,-897.9891542686813
41672.0,942.731873,-820.602295,60.73055095770257,-893.2076000219747
41681.0,937.927002,-820.796143,58.309578696628606,-888.8741131404825
41690.0,932.80957,-820.924316,55.9355841586123,-884.4755021474485
41699.0,927.845825,-820.962097,53.643359539857556,-880.0725575034484
41708.0,922.571899,-820.913391,51.411571616475086,-875.6001139431993
41717.0,917.454895,-820.769897,49.26099470888511,-871.08805812582
41726.0,912.496338,-820.540466,47.19528396299929,-866.5365234561797
41735.0,907.542786,-820.220154,45.215100188540234,-861.9471334145795
41744.0,902.440369,-819.808228,43.33104752475643,-857.354687355991
41753.0,897.654602,-819.338623,41.50808587259704,-852.6821037550615
41762.0,892.723877,-818.765991,39.77275822953104,-847.994645306629
41771.0,887.650269,-818.085815,38.1156066580788,-843.2607171954138
41780.0,882.743896,-817.332153,36.545912588845766,-838.497074973129
41789.0,877.700378,-816.45636,35.05704718539274,-833.6714677737264
41798.0,872.672302,-815.495911,33.66930251984682,-828.8516761354739
41807.0,867.65979,-814.457153,32.37603830214917,-824.0413650664777
41816.0,862.813416,-813.383545,31.15931602785823,-819.2111257531008
41825.0,857.980347,-812.251465,30.013907074054472,-814.3811926718354
41834.0,853.159973,-811.066467,28.919450586363666,-809.5041245227194
41843.0,848.35376,-809.825195,27.88071170728112,-804.6148863125594
41852.0,843.562073,-808.529114,26.91234037376201,-799.7815194454928
41861.0,838.780334,-807.196838,25.991515826473858,-794.9037845824615
41870.0,834.013,-805.813904,25.108482633821357,-789.9665303785954
41879.0,829.261902,-804.376038,24.283290681362875,-785.0717092906951
41888.0,824.52594,-802.889221,23.502983133067993,-780.0997339365426
41897.0,819.805725,-801.353088,22.783188849473394,-775.1534702027861
41906.0,814.953186,-799.722961,22.113078361702748,-770.1828385902946
41915.0,810.408691,-798.150757,21.497568473637127,-765.2572561050804
41924.0,805.729004,-796.495239,20.926896126004497,-760.3436288525071
41933.0,801.062012,-794.80426,20.39471308207126,-755.4256840669963
41942.0,796.407898,-793.078125,19.893321088057114,-750.4352098649531
41951.0,791.621033,-791.26416,19.434815150274705,-745.4925397823016
41960.0,786.992188,-789.471313,19.011872954988387,-740.5294011768694
41969.0,782.375793,-787.646729,18.63033309352798,-735.6320571628177
41978.0,777.912415,-785.857239,18.27909553568694,-730.6978873356284
41987.0,773.316711,-783.98114,17.95594055064534,-725.727253998424
41997.0,768.06366,-781.800232,17.635262658692803,-720.2729453541277
42006.0,763.488342,-779.874878,17.374623352756625,-715.3504210562253
42015.0,759.065735,-777.986877,17.13982369633573,-710.4265965840711
42024.0,754.507629,-776.021179,16.92838637372197,-705.4844620286195
42033.0,750.099854,-774.098816,16.739004805103576,-700.541433166975
42042.0,745.556519,-772.099243,16.570754365256175,-695.6148856841296
42051.0,741.015747,-770.093872,16.419422270345454,-690.6705456571257
42060.0,736.48114,-768.074585,16.28171866032017,-685.7430497386063
42069.0,731.955139,-766.036072,16.159022802063312,-680.8151572846656
42078.0,727.293884,-763.920105,16.054375967664,-675.8351297789886
42088.0,722.280945,-761.620056,15.96058804448242,-670.3549691346053
42097.0,717.77594,-759.535583,15.894296134479617,-665.3915206737479
42106.0,713.277588,-757.436707,15.845639882517037,-660.4623411395471
42115.0,708.78479,-755.32605,15.81223675098376,-655.4985623902752
42124.0,704.294495,-753.210083,15.791554038116,-650.551950223249
42133.0,699.808472,-751.085083,15.781172199100713,-645.6397772544595
42142.0,695.186035,-748.885681,15.78072647277223,-640.6586504021724
42151.0,690.70752,-746.744812,15.790239658878281,-635.746475674297
42160.0,686.233826,-744.593933,15.810094949211063,-630.7481525052681
42169.0,681.904053,-742.501709,15.839858793134509,-625.8360587387076
42178.0,677.437866,-740.335266,15.87917937296493,-620.8895596133074
42188.0,672.478333,-737.922119,15.931516447721979,-615.4088463665348
42197.0,668.295837,-735.881714,15.984916201719724,-610.5141894417069
42206.0,663.835876,-733.702515,16.044836747936255,-605.5506599747755
42215.0,659.378662,-731.517761,16.109003480361373,-600.6561323595768
42224.0,654.922363,-729.331055,16.17956753726904,-595.6927427965031
42233.0,650.330627,-727.068298,16.25473341273175,-590.7811339817646
42242.0,646.019531,-724.937866,16.336791512269883,-585.8351592371987
42251.0,641.4328,-722.664978,16.425572497862138,-580.8893006017122
42261.0,636.647644,-720.287842,16.52911567976505,-575.4610321116843
42270.0,632.204163,-718.075195,16.62894476884418,-570.5153841401283
42279.0,627.762512,-715.858948,16.733320323365,-565.6043092270868
42288.0,623.323669,-713.637024,16.844239747818293,-560.6416575042476
42297.0,618.887573,-711.409607,16.959779198582005,-555.7308325538747
42306.0,614.453674,-709.177795,17.08192950654107,-550.7856855380775
42315.0,610.021606,-706.942383,17.208782944866968,-545.8578983555357
42325.0,605.099548,-704.453796,17.354064049698554,-540.4133446663806
42334.0,600.671143,-702.211182,17.489820241750113,-535.4857947105143
42343.0,596.241943,-699.970093,17.62697789532397,-530.5927684768262
42352.0,591.9505,-697.800415,17.76512588520908,-525.6825275264473
42361.0,587.659912,-695.628967,17.903200896917042,-520.7895270935155
42370.0,583.508545,-693.52594,18.042787463743405,-515.8965695486502
42380.0,578.589844,-691.03064,18.20148964065945,-510.41790452131147
42389.0,574.163208,-688.784546,18.34434231876457,-505.55952750258285
42398.0,569.876343,-686.605774,18.48944632247762,-500.7012172024997
42407.0,565.587646,-684.430603,18.636175385677625,-495.842955710385
42416.0,561.157532,-682.191345,18.78378375017966,-490.9157465528631
42426.0,556.233276,-679.707031,18.938126943228575,-485.50592762548905
42435.0,551.939636,-677.541687,19.071938231486822,-480.6128087341619
42444.0,547.506287,-675.308777,19.204996689797177,-475.70242723121083
42453.0,543.071655,-673.07843,19.335236328706983,-470.843695732125
42462.0,538.774536,-670.919922,19.46464443199729,-465.9677001910109
42472.0,534.0,-668.521484,19.607818044127768,-460.54033238450126
42481.0,529.564453,-666.292969,19.737151743404947,-455.6470930954659
42490.0,525.129395,-664.063538,19.865635130972116,-450.8227984397571
42499.0,520.833801,-661.902039,19.997500908966845,-445.9123847632482
42509.0,515.750061,-659.351196,20.14572032300166,-440.45066817384753
42518.0,511.450562,-657.19751,20.277362605125074,-435.5919744756047
42527.0,507.151886,-655.042114,20.407991358093746,-430.7504954058128
42536.0,502.855286,-652.882629,20.540622002194414,-425.92631298614555
42546.0,498.085236,-650.475342,20.69440471463165,-420.53372081498804
42555.0,493.794647,-648.303894,20.838978702952318,-415.6926381038302
42564.0,489.367828,-646.058167,20.991199414220485,-410.8000573124084
42573.0,485.080963,-643.879395,21.146974704200073,-405.9420774644897
42583.0,480.165771,-641.377197,21.324285500225987,-400.5502076284601
42592.0,475.88147,-639.19342,21.487483873813847,-395.6752260628519
42601.0,471.460236,-636.936646,21.652351438439887,-390.8175462844097
42610.0,467.178131,-634.748535,21.819702812096683,-385.9599514411269
42620.0,462.420776,-632.316223,22.006365802648457,-380.6373820446461
42629.0,458.001282,-630.056091,22.178819289841854,-375.7799656595184
42638.0,453.718262,-627.869751,22.351417620016342,-370.92255441892854
42648.0,448.959106,-625.440979,22.541369859888007,-365.54836159269934
42657.0,444.538055,-623.183899,22.71339109424318,-360.6736833808522
42666.0,440.115692,-620.929382,22.884521490279553,-355.8334666664971
42675.0,435.831757,-618.744873,23.055471399552115,-350.9932435742326
42685.0,430.915344,-616.245056,23.245125071073797,-345.601793775528
42694.0,426.626343,-614.070496,23.415393510409878,-340.7098078184657
42703.0,422.199097,-611.825562,23.584133003588107,-335.8005229376207
42712.0,417.911224,-609.648804,23.75195836712343,-330.9256984667791
42721.0,413.624542,-607.469666,23.922510020925266,-326.0509686170837
42731.0,408.71051,-604.96521,24.116716368171474,-320.6251872092977
42740.0,404.288971,-602.709045,24.29665741775933,-315.716300138227
42749.0,399.867645,-600.452515,24.477218989698667,-310.85917839150386
42758.0,395.585083,-598.26532,24.65918790912442,-306.0021091665339
42767.0,391.301422,-596.080261,24.842612123302732,-301.12784670624524
42777.0,386.540955,-593.654114,25.04573077797721,-295.70239162832684
42786.0,382.255676,-591.472168,25.225956013532237,-290.84525739009325
42795.0,377.969543,-589.291992,25.405366429851757,-285.97084554078856
42804.0,373.682922,-587.112732,25.583250217388304,-281.096377740889
42814.0,368.917206,-584.696899,25.777095419587127,-275.7223239242149
42823.0,364.487823,-582.456238,25.951268450324914,-270.81322881276606
42832.0,360.057526,-580.217346,26.1224815526905,-265.90402957750723
42841.0,355.488129,-577.90979,26.291733558919994,-260.9947623392858
42850.0,351.056396,-575.673767,26.457889599868327,-256.1371264622559
42860.0,346.130951,-573.191833,26.640797117250795,-250.72819796501176
42869.0,341.697571,-570.959045,26.80343433357995,-245.87044300210795
42878.0,337.400177,-568.801086,26.964198281788416,-241.01262568393835
42887.0,332.963318,-566.575195,27.12295645474705,-236.1374974992974
42897.0,328.034149,-564.100647,27.297532026110286,-230.72829367450973
42906.0,323.736694,-561.942871,27.45568259129698,-225.85314574107662
42915.0,319.440521,-559.782532,27.615837759256276,-220.9780632498425
42924.0,315.144135,-557.622559,27.778470064704326,-216.10306276703733
42933.0,310.710144,-555.390991,27.94430360386611,-211.21092446330783
42943.0,305.938782,-552.986328,28.130887202547235,-205.80212152652803
42952.0,301.506592,-550.751221,28.302807588799354,-200.91019334570615
42961.0,297.074677,-548.515503,28.477838272403133,-196.00112873850767
42970.0,292.782715,-546.346802,28.655457518630705,-191.0921571088018
42979.0,288.353668,-544.105469,28.836036511995303,-186.1832934638181
42989.0,283.433258,-541.613586,29.039805008478556,-180.7233671367078
42998.0,279.141388,-539.444702,29.22348657138556,-175.8318664437772
43007.0,274.709564,-537.208862,29.405703897321743,-170.94031098649606
43016.0,270.277893,-534.972656,29.585935884474893,-166.04868197600277
43025.0,265.9841,-532.807556,29.764536303665206,-161.1742403808632
43035.0,261.209381,-530.409546,29.96108346644857,-155.74854326407262
43044.0,256.909607,-528.256409,30.134143258500412,-150.8739018123824
43053.0,252.470459,-526.035095,30.30546620474995,-145.96470640926998
43062.0,248.032898,-523.810608,30.475989976517734,-141.0727293458742
43071.0,243.595276,-521.586304,30.648415812952013,-136.18081895458303
43081.0,238.666855,-519.110291,30.842575978447115,-130.77228269433766
43090.0,234.371216,-516.948853,31.02082984584017,-125.9150757085781
43099.0,230.077133,-514.784302,31.205168626968366,-121.00635181415711
43108.0,225.784164,-512.617554,31.392622082303767,-116.13224264670826
43117.0,221.35318,-510.380005,31.585536289513886,-111.20659929584582
43126.0,217.060989,-508.211731,31.77950861620308,-106.31549587412476
43136.0,212.13855,-505.723846,31.99720374576446,-100.87335656094301
43145.0,207.846466,-503.555359,32.19269964464584,-95.9995633433678
43154.0,203.415268,-501.318237,32.38849554328591,-91.10853258170125
43163.0,199.121292,-499.153534,32.582283307790604,-86.23467114784263
43173.0,194.194931,-496.673431,32.7948627581136,-80.8095785248833
43182.0,189.896912,-494.516724,32.982471932621046,-75.93547534873215
43191.0,185.596802,-492.364197,33.16660161654435,-71.04399150382102
43200.0,181.295395,-490.214264,33.34580955531378,-66.16957220622176
43209.0,176.992889,-488.066559,33.52204729172579,-61.29504461532375
43219.0,172.055481,-485.608521,33.714768155455644,-55.869210240867496
43228.0,167.611511,-483.396881,33.885439261647164,-50.99448457190181
43237.0,163.16571,-481.188904,34.05471347465601,-46.11971019610385
43246.0,158.857849,-479.051941,34.2236412136679,-41.21043178916056
43255.0,154.411423,-476.845245,34.39159100559103,-36.30111982868742
43265.0,149.471634,-474.391968,34.57852805387653,-30.857837178163795
43274.0,145.026199,-472.183258,34.74696093250599,-26.00027971487542
43283.0,140.579819,-469.976471,34.91642730051285,-21.125512015356172
43292.0,136.270538,-467.842377,35.08451233327259,-16.250696491063152
43301.0,131.822617,-465.638672,35.2510913715051,-11.375829272548618
43311.0,127.034523,-463.267456,35.43537599562424,-5.966947518843215
43320.0,122.724098,-461.135681,35.599989975549896,-1.1092591404717664
43329.0,118.412071,-459.007141,35.763238621555104,3.7829661022036056
43338.0,114.095718,-456.88739,35.91936322499221,8.606445345880598
43348.0,109.298698,-454.534302,36.088789209339645,14.033057072014618
43357.0,104.841156,-452.350159,36.23900399742481,18.942943687333972
43366.0,100.5214,-450.237366,36.38703725120972,23.80116561511385
43375.0,96.201973,-448.123871,36.53482156864466,28.67663879929263
43385.0,91.248024,-445.69931,36.69807099447937,34.068952687785995
43394.0,86.927933,-443.587189,36.84763361232754,38.96161545655217
43403.0,82.468956,-441.405975,36.997900500511605,43.83701275692078
43412.0,78.009895,-439.224915,37.15141557539343,48.74679729187457
43421.0,73.5504,-437.044739,37.306719372887166,53.65652557237398
43431.0,68.749672,-434.699219,37.47548133285279,58.99693698821777
43440.0,64.428146,-432.590027,37.62894223448052,63.872234797151876
43449.0,60.244858,-430.55127,37.7780490756485,68.66144802920753
43459.0,55.28727,-428.134186,37.944498786551094,74.03642011105744
43468.0,51.103718,-426.095978,38.0935067197188,78.86012444920196
43477.0,46.779488,-423.99234,38.24125735371546,83.70111124989546
43486.0,42.453232,-421.892853,38.386061900535665,88.52494360075524
43496.0,37.490681,-419.485962,38.54445739739279,93.91740225276632
43505.0,33.163418,-417.38858,38.68416304764649,98.7586279018822
43514.0,28.694714,-415.227356,38.82232153909989,103.59989795070304
43524.0,23.728895,-412.827209,38.97510969557699,109.02700360377703
43533.0,19.399319,-410.734589,39.110395591135685,113.86835477683123
43542.0,15.068845,-408.643829,39.2466443756307,118.74416396535058
43551.0,10.596972,-406.489166,39.38155310224004,123.62001041593187
43561.0,5.782806,-404.171356,39.52521529416081,128.94391398634042
43570.0,1.450945,-402.083466,39.654854541973954,133.80266154195374
43579.0,-2.742179,-400.065002,39.78343212239869,138.60971181258714
43588.0,-6.934484,-398.044861,39.913045463460996,143.46846005936538
43598.0,-11.90236,-395.648987,40.058050878869985,148.84405340488803
43607.0,-16.232037,-393.55658,40.192710623413376,153.7026644097897
43616.0,-20.700296,-391.39444,40.33064981955127,158.52669795902523
43626.0,-25.506159,-389.059448,40.489615789825486,163.90189657928292
43635.0,-29.968794,-386.885712,40.63884452107926,168.7600819328404
43644.0,-34.430271,-384.709595,40.79178338153369,173.58366323835853
43653.0,-38.752514,-382.601868,40.949186069309896,178.4588353756278
43663.0,-43.710571,-380.18573,41.12380046884025,183.83354840967922
43672.0,-48.034355,-378.081177,41.282200297308506,188.70868825059327
43681.0,-52.359444,-375.979309,41.438767375556694,193.56664264454972
43691.0,-57.322258,-373.572968,41.60924867325572,198.9587327378482
43700.0,-61.650993,-371.478607,41.75803051529611,203.78244405481414
43709.0,-65.842422,-369.456635,41.90304800588814,208.62351350089656
43718.0,-70.315399,-367.30426,42.04431934080196,213.49917975117387
43728.0,-75.287796,-364.917786,42.19388574446335,218.8401632355579
43737.0,-79.623146,-362.837158,42.32689444942376,223.69881971941808
43746.0,-83.957909,-360.75531,42.45933380927442,228.55749175607065
43756.0,-89.083954,-358.290619,42.608049773982046,233.95022603553545
43765.0,-93.416168,-356.203461,42.74400022411117,238.77431604102776
43774.0,-97.748161,-354.115845,42.88377292139364,243.61553975486598
43783.0,-102.217827,-351.956604,43.02817092514598,248.49111440721967
43793.0,-107.025902,-349.62619,43.19366061771531,253.88336000703492
43802.0,-111.489952,-347.455383,43.35080126152491,258.77578525057123
43811.0,-115.812782,-345.348877,43.513698435744644,263.65077689002635
43820.0,-120.134956,-343.241028,43.680968171904354,268.5256204577207
43829.0,-124.597366,-341.066833,43.849452766550776,273.3831761275117
43839.0,-129.558685,-338.65741,44.0336113156653,278.75757060649386
43848.0,-133.886795,-336.561768,44.19597879440418,283.6325799168449
43857.0,-138.078979,-334.541351,44.35066470120563,288.45610551293987
43867.0,-143.0513,-332.154724,44.51494236254892,293.84838817403033
43876.0,-147.38887,-330.078705,44.65583351623861,298.7068224718843
43885.0,-151.72644,-328.002716,44.792889572439925,303.56536646995727
43894.0,-156.063171,-325.924957,44.92836208186674,308.3894699208765
43904.0,-161.036392,-323.540192,45.08183505880612,313.79931360563893
43913.0,-165.371536,-321.459137,45.22164903203456,318.6405361276121
43922.0,-169.84462,-319.306976,45.36498532238432,323.4816556429969
43931.0,-174.314178,-317.147522,45.51461338307798,328.3570725910721
43941.0,-179.276749,-314.740662,45.689149490556915,333.7835223639506
43950.0,-183.74025,-312.568726,45.854897538395065,338.69290915279964
43959.0,-188.061523,-310.459015,46.02579347700427,343.550380585749
43968.0,-192.242554,-308.415619,46.202660684673795,348.4076382621136
43978.0,-197.196899,-305.991882,46.405386366789514,353.83310803792085
43987.0,-201.515869,-303.877472,46.58932659815848,358.69010300755343
43996.0,-205.973831,-301.694183,46.7762023020193,363.581482712381
44005.0,-210.291946,-299.578003,46.96181759456597,368.4039171462695
44014.0,-214.611389,-297.464539,47.149878527980086,373.27800291279533
44024.0,-219.408585,-295.111786,47.35885087598246,378.68598712190914
44033.0,-223.8629,-292.921051,47.55053071348068,383.55993191170955
44042.0,-228.171494,-290.785583,47.75089649806106,388.4335273531158
44051.0,-232.472321,-288.634521,47.96571499437379,393.3065071384015
44061.0,-237.235184,-286.213013,48.22958307604968,398.7120909444013
44070.0,-241.783676,-283.864502,48.49838199389559,403.6169149167425
44079.0,-246.178665,-281.557037,48.79990365580187,408.5198360608451
44088.0,-250.551163,-279.207275,49.14158341573188,413.4373998126288
44097.0,-254.900864,-276.815552,49.527604516680974,418.3343926416525
44106.0,-259.223175,-274.374664,49.970591735761886,423.2957822898273
44115.0,-263.513184,-271.877441,50.470045106784,428.23448268275394
44124.0,-267.896362,-269.233215,51.03921752436075,433.18298424144365
44133.0,-272.103607,-266.598938,51.691865636215844,438.1733218286534
44142.0,-276.390076,-263.800659,52.428514938978005,443.13452878842236
44151.0,-280.613525,-260.908142,53.2548331457987,448.0291598738052
44160.0,-284.771393,-257.922089,54.19193389248644,452.9213441618105
44170.0,-289.166718,-254.590256,55.352067982011555,458.2604832302328
44179.0,-293.033295,-251.477402,56.52883165834838,463.04738259843487
44188.0,-296.931458,-248.159485,57.83550874988273,467.7825854490366
44197.0,-300.606232,-244.822388,59.29271722528173,472.5097350304237
44206.0,-304.060364,-241.476746,60.882110780452116,477.1394592200824
44215.0,-307.403656,-238.02034,62.60068204104425,481.64909775639694
44225.0,-310.848633,-234.164368,64.68433272636572,486.56914597884
44234.0,-313.815643,-230.579224,66.7293605246144,490.92140123364464
44243.0,-316.72168,-226.747879,68.95383004705597,495.20416462305514
44253.0,-319.731506,-222.333206,71.62023361442564,499.8144661390466
44262.0,-322.093262,-218.504532,74.15061429656875,503.74057463455557
44272.0,-324.659454,-213.818054,77.17284214801143,507.9573296481512
44282.0,-326.904572,-209.160172,80.39058483343611,511.98281489164583
44291.0,-328.725983,-204.877777,83.45294290021448,515.4409580918992
44301.0,-330.503723,-200.022263,86.9884833609583,519.0469473712795
44311.0,-332.066711,-194.912903,90.63432963609648,522.3901800349815
44321.0,-333.287872,-190.06601,94.52275553713727,525.5854206838751
44331.0,-334.343628,-185.004227,98.62408998146728,528.6197549395506
44341.0,-335.206055,-179.90593,102.88297936581446,531.4908017104756
44351.0,-335.862976,-174.950928,107.26731749431495,534.199302884596
44360.0,-336.332123,-170.320984,111.26599201301246,536.4771221708111
44370.0,-336.683105,-164.989441,115.84423686911609,538.8804570829705
44380.0,-336.877838,-159.649918,120.5017105741818,541.1264052900987
44389.0,-336.908936,-154.996368,124.84854558568628,543.0589340751554
44399.0,-336.788635,-149.482239,129.7616696815339,545.0695327857437
44408.0,-336.572662,-144.678314,134.19718549042176,546.7405072882402
44418.0,-336.192413,-139.348785,139.22868601802762,548.4865286206234
44427.0,-335.746765,-134.560715,143.80943192822684,549.9497549888736
44436.0,-335.171021,-129.474182,148.48736951685243,551.3314130113415
44445.0,-334.547577,-124.706001,153.12566762869525,552.6004500967963
44455.0,-333.759033,-119.421432,158.338703145655,553.9204088407887
44464.0,-332.952606,-114.523483,163.07085864216447,555.0298855195012
44473.0,-332.078857,-109.637093,167.8030293449003,556.0611681648218
44483.0,-331.062317,-104.391609,173.10769890290825,557.1337554706195
44492.0,-330.059113,-99.530151,177.9354993090972,558.0403393309927
44501.0,-328.999695,-94.680634,182.7402319683349,558.8809480672167
44510.0,-327.938934,-89.990318,187.6222677742517,559.6778960550611
44519.0,-326.797089,-85.159546,192.5110698728414,560.4322260534091
44528.0,-325.642761,-80.491379,197.40633898895607,561.1433800356076
44537.0,-324.434967,-75.836761,202.30931977711597,561.799260433636
44546.0,-323.179443,-71.194786,207.21950895642365,562.3987951940902
44555.0,-321.841125,-66.414711,212.15289328651082,562.9482806739437
44565.0,-320.307739,-61.116718,217.62289328334612,563.5044198683071
44574.0,-318.983429,-56.655479,222.44531927118078,563.9529631173114
44583.0,-317.581512,-52.055595,227.40840783066494,564.3764921812087
44592.0,-316.149078,-47.465126,232.30569448103083,564.7587676342991
44601.0,-314.686676,-42.884113,237.18832572876565,565.1057979559885
44610.0,-313.14978,-38.164139,242.09032166361095,565.4220050283503
44620.0,-311.411499,-32.92979,247.5276130040971,565.7384451525248
44629.0,-309.828369,-28.225122,252.433014481442,565.9964905050308
44638.0,-308.274384,-23.674362,257.32232685170044,566.2313148894767
44647.0,-306.602386,-18.836107,262.212594520783,566.4453243992054
44656.0,-305.014404,-14.297105,267.1209232473254,566.6399012993919
44665.0,-303.357544,-9.617891,271.9955392049762,566.8136777061402
44675.0,-301.553131,-4.588724,277.45656659821105,566.9854243450301
44684.0,-299.861542,0.078043,282.349666196019,567.1199392937328
44693.0,-298.213104,4.595439,287.2259453338189,567.2381794917152
44702.0,-296.556488,9.109852,292.1025184803696,567.3435992264267
44712.0,-294.586121,14.44545,297.5135299225431,567.4480876033947
44721.0,-292.965027,18.807617,302.3733064055451,567.5305902034316
44730.0,-291.226135,23.456972,307.216024087602,567.601786455185
44739.0,-289.53299,27.957808,312.0933527734856,567.6629735778757
44749.0,-287.519104,33.27713,317.4878457822287,567.7190505401313
44758.0,-285.807648,37.771034,322.34815227727796,567.7597312226937
44767.0,-284.088501,42.262001,327.22576281324245,567.7912658641177
44776.0,-282.365082,46.751335,332.05171476134535,567.8139528768761
44785.0,-280.578674,51.382637,336.96387336534053,567.8297296662723
44795.0,-278.64563,56.363789,342.3414162210975,567.8376808562897
44804.0,-276.902832,60.845634,347.2018927663523,567.83630361979
44813.0,-275.09491,65.468575,352.0623616767362,567.8275792319605
44822.0,-273.394073,69.80027,356.9400450075466,567.8107180785037
44832.0,-271.368561,74.930313,362.36922106778735,567.781268167524
44841.0,-269.540466,79.545319,367.21233399578404,567.7460457167073
44850.0,-267.762146,84.013191,372.0898570040744,567.7030541156696
44860.0,-265.713287,89.133957,377.4671065725587,567.6463314115609
44869.0,-263.980011,93.452774,382.29274946600555,567.5871911471719
44878.0,-262.182007,97.912758,387.1355359423073,567.5208390611501
44887.0,-260.321289,102.514702,392.0126974218308,567.4475255097882
44897.0,-258.249115,107.626076,397.4412375191484,567.3593642815595
44906.0,-256.438812,112.081078,402.26652089908094,567.2758944706829
44915.0,-254.566299,116.678238,407.14342469297833,567.187078035294
44924.0,-252.68959,121.273689,412.0030177324781,567.0943977556612
44934.0,-250.602325,126.378914,417.41395391332827,566.9860820366681
44943.0,-248.778549,130.828415,422.256138954141,566.8849510082958
44952.0,-246.894684,135.420944,427.1327159162492,566.7797079241442
44961.0,-245.007858,140.012253,432.0264571375994,566.6710119997208
44971.0,-242.971619,144.952103,437.38535618876705,566.547900557669
44980.0,-241.136978,149.397141,442.2444449102525,566.4317500497722
44989.0,-239.241119,153.984726,447.0690015983907,566.3135143999571
44998.0,-237.406494,158.429764,451.8935217854982,566.193798610801
45008.0,-235.367035,163.368286,457.2521615386801,566.0598752618743
45017.0,-233.59021,167.669373,462.09386039066277,565.9376636377127
45026.0,-231.693832,172.256744,466.96996804347305,565.8125511589936
45036.0,-229.650833,177.193802,472.3456940645436,565.6725506828861
45045.0,-227.811371,181.636841,477.1700142188297,565.5450283125739
45054.0,-225.972504,186.080139,481.99431502790713,565.4167761799758
45063.0,-224.075943,190.667435,486.8703189674822,565.2876849123618
45073.0,-221.966171,195.763397,492.24599529019247,565.1457889632374
45082.0,-220.12706,200.206589,497.08752231526734,565.0169498393666
45091.0,-218.288544,204.650024,501.963488923728,564.8864561333781
45101.0,-216.24382,209.58638,507.35634368088466,564.7421751043915
45110.0,-214.342514,214.171707,512.1978083877907,564.6110151022792
45119.0,-212.441696,218.757233,517.0047697406252,564.4791551352498
45129.0,-210.461685,223.533829,522.3458286917769,564.3323083786324
45138.0,-208.61969,227.97583,527.1355466286559,564.2004056975212
45147.0,-206.779099,232.418411,531.9252509101672,564.0680080849352
45157.0,-204.670563,237.514893,537.30076515538,563.9200993751186
45166.0,-202.777603,242.103668,542.1077639573163,563.7896117635719
45175.0,-200.952271,246.552536,546.9321334645026,563.6639703527554
45185.0,-198.856003,251.654068,552.2908033258639,563.5312571857088
45194.0,-196.951309,256.237976,557.149644992748,563.4051945032749
45203.0,-195.011124,260.807007,562.0422900421158,563.255053348394
45212.0,-193.088455,265.214691,566.8991606724114,563.0678587322225
45221.0,-191.114395,269.599579,571.8399495644361,562.8270168129802
45231.0,-188.782501,274.597809,577.2590364285007,562.4948759542017
45240.0,-186.692017,278.928406,582.1402353958138,562.1282500044512
45249.0,-184.471588,283.367981,587.0158059352449,561.6931294918068
45258.0,-182.101242,287.905121,591.9183237289062,561.1788361960373
45267.0,-179.791489,292.122864,596.7597993196244,560.5853776224153
45276.0,-177.316559,296.425751,601.6740611830315,559.8852022309463
45286.0,-174.370056,301.290833,607.0648805844004,558.9956049740618
45295.0,-171.694992,305.47226,611.9424407598394,558.0738555634896
45304.0,-168.918549,309.587067,616.7795974321718,557.0388120702523
45313.0,-165.93692,313.748108,621.6051668806223,555.8751563053729
45322.0,-162.92453,317.693451,626.312574567026,554.5975053952598
45331.0,-159.791565,321.543732,631.0115841626435,553.166121492115
45340.0,-156.529327,325.285126,635.6462315423721,551.5911416157142
45350.0,-152.85408,329.163391,640.7200422714538,549.658975816451
45359.0,-149.430008,332.539795,645.1128529719855,547.7889126474569
45368.0,-145.984222,335.667572,649.463822063637,545.7411498530781
45378.0,-141.736053,339.18512,654.1994731439609,543.266865403983
45387.0,-137.907135,342.09436,658.3457107098242,540.8653012720955
45396.0,-133.960556,344.841858,662.3887488012118,538.293796027347
45406.0,-129.584488,347.596191,666.6396078288461,535.319727844218
45416.0,-125.076324,350.12854,670.7975606036325,532.103143998545
45425.0,-120.790466,352.309296,674.3286593213145,529.098537530949
45435.0,-115.907288,354.477936,678.1048705831355,525.566318233032
45445.0,-111.076591,356.322021,681.6576295059638,521.8809152103021
45454.0,-106.801079,357.720856,684.6796849834508,518.4103188209008
45464.0,-101.97226,359.011627,687.8302537974661,514.3975835010015
45474.0,-96.909691,360.063629,690.767578011038,510.20515963549764
45484.0,-91.794548,360.819733,693.464579228433,505.8542429692016
45494.0,-86.815666,361.26059,695.8899272223915,501.38543473385084
45503.0,-82.319901,361.418182,697.8498851297313,497.24078938906007
45513.0,-77.323097,361.293396,699.7361847981216,492.5934137582428
45523.0,-72.514763,360.880829,701.3288867197788,487.87378183339587
45534.0,-67.456665,360.093475,702.7308299267858,482.6286531186059
45544.0,-62.575691,359.016571,703.7011735750489,477.74295377035247
45554.0,-57.770836,357.639252,704.3532524803912,472.89163322366255
45564.0,-53.064224,355.956573,704.7038360697882,467.94013785481036
45574.0,-48.79372,354.107452,704.7349919795017,463.04528880149087
45584.0,-44.648983,351.991425,704.4504127638123,458.1931502200214
45595.0,-40.111279,349.236328,703.7701894111817,452.8414219349148
45605.0,-36.167202,346.455231,702.8128142156589,448.0234364852808
45615.0,-32.292744,343.297363,701.5381090573193,443.33308885391546
45625.0,-28.775753,339.992645,699.9382561495356,438.7434587144371
45636.0,-25.325064,336.211517,697.8329443200879,433.88894954235604
45646.0,-22.326092,332.43045,695.576835762006,429.5838121092534
45656.0,-19.48056,328.321136,693.0499399869195,425.47222790753364
45667.0,-16.882307,323.910553,689.9575611007751,421.1573132640272
45677.0,-14.799245,319.749146,686.8873986516863,417.4561827563641
45687.0,-12.994623,315.459656,683.5760267029714,413.96919547278424
45698.0,-11.276307,310.436829,679.6517625481074,410.36853735304476
45708.0,-9.936428,305.621399,675.8376128228452,407.30051195894987
45718.0,-8.896377,300.908783,671.8943795299565,404.4884140495193
45729.0,-8.001923,295.483826,667.3174157648774,401.60027185402964
45739.0,-7.409369,290.520721,662.9575460340959,399.15585685955324
45748.0,-7.023748,285.883087,658.8828262189115,397.09225950859513
45758.0,-6.7757,280.718323,654.201319112167,394.9377547755539
45768.0,-6.698627,275.720551,649.4296871467692,392.94580270552933
45777.0,-6.751158,270.912079,645.0009645780573,391.2569058204979
45787.0,-6.952256,265.572784,640.070422088712,389.5354250767961
45796.0,-7.237021,260.772461,635.5727997720489,388.0951965973155
45806.0,-7.655647,255.618713,630.4644895782321,386.5886259829255
45815.0,-8.127679,250.83316,625.8411821043778,385.33012519454746
45825.0,-8.747564,245.526169,620.6932388004365,384.0339865848065
45834.0,-9.377456,240.758835,616.026809430182,382.94622136906764
45843.0,-10.099606,235.847748,611.3101030538737,381.92494380362626
45853.0,-10.983977,230.403671,606.0371918220134,380.8692745714107
45862.0,-11.842497,225.514587,601.2579740597821,379.9842255756341
45871.0,-12.752741,220.634872,596.5021672119431,379.1640864825357
45880.0,-13.681849,215.916718,591.7546055287053,378.39928417971356
45890.0,-14.73531,210.854446,586.4197015214286,377.5977240258778
45899.0,-15.785253,206.002869,581.6062057662931,376.9235632445506
45908.0,-16.843672,201.312027,576.8039641230623,376.2947082100992
45918.0,-18.105564,195.942886,571.414542364288,375.63823803070284
45927.0,-19.279795,191.119873,566.6019190830622,375.0945095990629
45936.0,-20.452908,186.45639,561.767986339936,374.5872341525009
45945.0,-21.695312,181.650497,556.9475809045716,374.11747368898796
45955.0,-23.071184,176.48761,551.5917759244362,373.634375974564
45964.0,-24.339947,171.849243,546.7480027720956,373.23176475711506
45973.0,-25.676939,167.068802,541.9017425867547,372.86028614436344
45982.0,-27.041973,162.296295,537.0361136251022,372.51716257815167
45992.0,-28.597315,157.0047,531.6007269771826,372.1695371171591
46001.0,-29.97965,152.398895,526.7309676588766,371.8911073129037
46010.0,-31.37686,147.797577,521.8425709996952,371.6379353397358
46019.0,-32.78286,143.198944,517.0222140608174,371.4045132161183
46028.0,-34.229923,138.450653,512.1498474598343,371.1762092964178
46038.0,-35.828392,133.171936,506.72659886332764,370.92087686432956
46047.0,-37.255245,128.417542,501.88907337485466,370.6856522849487
46056.0,-38.714733,123.510994,497.0004415294893,370.43706301324164
46066.0,-40.265087,118.217941,491.66508769318995,370.1498799165022
46075.0,-41.592598,113.596039,486.7955499738978,369.86760102151993
46084.0,-42.929848,108.815666,481.9448496929756,369.5594761630398
46093.0,-44.229382,104.024902,477.0791761780421,369.21698496577943
46102.0,-45.446472,99.372704,472.233568324555,368.83709198877597
46112.0,-46.863949,93.686569,466.7737724529478,368.3558582585329
46121.0,-48.009052,88.856567,461.9027096219571,367.87288326739065
46130.0,-49.096165,84.013184,456.95193992469103,367.32378917538045
46139.0,-50.182217,78.852081,452.0428348049525,366.71544171796796
46148.0,-51.155071,73.826363,447.1087356038419,366.03258742100235
46157.0,-52.042957,68.784943,442.1860344299113,365.2719047871356
46166.0,-52.818268,63.881973,437.25982640761066,364.425675943624
46175.0,-53.491016,59.120495,432.3489329840211,363.49467942550444
46184.0,-54.062504,54.345806,427.47291933879507,362.4767816659932
46193.0,-54.540112,49.404945,422.55184961820777,361.3426397711314
46202.0,-54.912029,44.299461,417.67442868302305,360.1015983482738
46211.0,-55.151146,39.341331,412.77797563518806,358.73144963864956
46220.0,-55.279755,34.223934,407.94929710304115,357.25257551766805
46229.0,-55.287399,29.26005,403.2076188798222,355.6713998910986
46238.0,-55.14246,24.298275,398.5244093689371,353.9745871158038
46247.0,-54.847572,19.343151,393.859875436148,352.1311257295037
46256.0,-54.421902,14.553259,389.2529809190767,350.1480095953606
46265.0,-53.833488,9.468177,384.75255558473344,348.05363927210817
46274.0,-53.130013,4.711142,380.37633954226203,345.86063879441923
46283.0,-52.249763,-0.174078,376.00826474031703,343.5026443572899
46292.0,-51.219547,-5.029886,371.7761669930999,341.04299669887865
46301.0,-50.079006,-9.701442,367.56351665407493,338.4173934611384
46310.0,-48.764465,-14.488111,363.50407211446066,335.7131395891948
46319.0,-47.268715,-19.383722,359.4853246028617,332.8585210946747
46329.0,-45.579456,-24.27072,355.1616908260813,329.57477156788804
46338.0,-43.695774,-29.196999,351.377512056005,326.4970987441087
46347.0,-41.887196,-33.484825,347.7353639689169,323.3308574049652
46356.0,-39.738731,-38.131157,344.1261239417123,319.9733933713137
46366.0,-37.337303,-42.904167,340.2949778532136,316.1507918622893
46375.0,-34.96117,-47.262402,336.99725255654045,312.62725177117875
46384.0,-32.440998,-51.53896,333.781438437148,308.95974328125783
46393.0,-29.777483,-55.727741,330.68923594556145,305.1874279809167
46403.0,-26.651491,-60.27177,327.4083589447775,300.8832661863345
46412.0,-23.606497,-64.386658,324.5591413781504,296.8606877136055
46421.0,-20.712351,-68.030884,321.88590570144163,292.8013718647803
46430.0,-17.919254,-71.357109,319.39493333936946,288.728414855662
46440.0,-14.458448,-75.198875,316.68735925259244,284.0026012708782
46449.0,-11.024486,-78.783302,314.43023506357747,279.7759966492571
46458.0,-7.682169,-82.021416,312.3363039708967,275.50456893695537
46468.0,-3.697838,-85.581413,310.17446432170374,270.63722496065657
46477.0,-0.003381,-88.659607,308.41036755070485,266.21935163688806
46487.0,4.23315,-91.915413,306.61944721188974,261.203657029716
46496.0,8.146294,-94.710335,305.1656018379097,256.6018464583715
46505.0,12.274671,-97.466553,303.8946133625836,252.03560680473134
46515.0,16.835865,-100.249352,302.6530526487662,246.85650311332859
46524.0,20.892447,-102.529831,301.70740833604145,242.1416307574322
46534.0,25.803865,-105.039406,300.8526656710165,236.8499041541092
46543.0,30.021009,-107.007179,300.26616116004215,232.09440116380557
46552.0,34.450474,-108.879105,299.8497335854157,227.30369635411
46562.0,39.77438,-110.880852,299.59292334248596,221.98405007342916
46571.0,44.481911,-112.455452,299.54574555444043,217.19274852912406
46580.0,49.091076,-113.826538,299.66987023721333,212.45454746310608
46590.0,54.262974,-115.168167,300.00172863464627,207.20813412467282
46599.0,58.960205,-116.197861,300.4841472175897,202.40630122287615
46609.0,64.220749,-117.133377,301.22079829507516,197.11424870238417
46618.0,68.828598,-117.78463,302.0606799300272,192.3968982732327
46627.0,73.766014,-118.2966,303.08669310610213,187.62831610064907
46637.0,79.09893,-118.626022,304.4123219668875,182.4522961226138
46646.0,84.061234,-118.751617,305.7921423404047,177.82775045381476
46655.0,89.024948,-118.709801,307.33446985210503,173.2730286900583
46665.0,94.361259,-118.440941,309.22385193466977,168.31202769204378
46674.0,99.152397,-118.029518,311.0830507285085,163.93332674686576
46684.0,104.454018,-117.365219,313.347542608143,159.11288438340307
46693.0,109.202217,-116.604393,315.55135175403115,154.83883598088303
46702.0,113.921051,-115.678711,317.892828539653,150.658371569536
46712.0,118.954269,-114.494194,320.6703992291527,146.09399036783535
46721.0,123.593414,-113.228264,323.3368090509323,142.05081808401073
46730.0,128.337769,-111.768364,326.1118901548771,138.14470478577246
46740.0,133.541229,-109.939705,329.320408527861,133.95878758197313
46749.0,138.026093,-108.204674,332.32710877007946,130.31699980261774
46759.0,142.769333,-106.146027,335.7857681125385,126.42705210466964
46768.0,146.972351,-104.148254,339.0991689279053,122.9658137036191
46778.0,151.548691,-101.741295,342.90908152028805,119.26907708943884
46787.0,155.719452,-99.347763,346.4332492024946,116.09950323376388
46797.0,160.092712,-96.588959,350.5291541390592,112.69536592704105
46806.0,164.192413,-93.790276,354.3169988052845,109.78913901035305
46816.0,168.074524,-90.923302,358.4627749230928,106.84548476483647
46825.0,171.976547,-87.855003,362.48306571228886,104.20701428577289
46835.0,176.197189,-84.304474,367.0633458038526,101.42241561620567
46844.0,179.791641,-81.110077,371.2322108539769,99.06034863450667
46853.0,183.304764,-77.826447,375.49397689544253,96.79591115164449
46863.0,187.231491,-73.953362,380.3235436738069,94.39195936752054
46872.0,190.796036,-70.27935,384.7277931485869,92.33603604510498
46881.0,194.179047,-66.64679,389.17621153044297,90.3775141423127
46890.0,197.396561,-63.073013,393.66312572950267,88.50886888062487
46900.0,201.015152,-58.910587,398.6971855318901,86.52185993393124
46909.0,204.026718,-55.362785,403.1980769820773,84.82886239932533
46918.0,207.199265,-51.545044,407.8010005700833,83.16344581825446
46927.0,210.342209,-47.7029,412.3715326201111,81.56119108381326
46937.0,213.70137,-43.54784,417.45999383247937,79.8217679388743
46946.0,216.807541,-39.675896,422.0840223695558,78.26920906320198
46955.0,219.808762,-35.918644,426.7297778788861,76.72730319933767
46964.0,222.804306,-32.156864,431.3626559615201,75.2013544303381
46974.0,226.125168,-27.971134,436.50580206249754,73.51671475604117
46983.0,229.207047,-24.079834,441.1594117128853,71.9986781400974
46992.0,232.287338,-20.187275,445.78125361878136,70.49441368839511
47001.0,235.366852,-16.294106,450.4360213875513,68.97993194063011
47010.0,238.449249,-12.403216,455.0583982224229,67.47731204849843
47020.0,241.780151,-8.225468,460.23659572559257,65.78895720083136
47029.0,244.894012,-4.359705,464.88538581350747,64.25622478320831
47038.0,248.026413,-0.508953,469.5105658341525,62.70709962662732
47047.0,251.083679,3.202837,474.1596281647528,61.1209815654224
47056.0,254.266205,7.012262,478.7822669551674,59.51109692395066
47066.0,257.839111,11.21396,483.92806429608964,57.67450039128787
47075.0,261.187439,15.086051,488.54013470987513,55.9838326071943
47084.0,264.469116,18.810398,493.12108672405594,54.258898814464615
47093.0,267.786865,22.502659,497.71797560601664,52.47906991309659
47102.0,271.243317,26.27853,502.32962267782983,50.64251702086715
47111.0,274.629333,29.908289,506.87539176131787,48.78092240938709
47120.0,277.942657,33.393417,511.4823252163806,46.84190387538762
47129.0,281.395996,36.95919,516.006714061635,44.885099365944455
47138.0,284.889832,40.485275,520.5417402640522,42.86674543653954
47147.0,288.531128,44.083221,525.0541410119159,40.79830285053472
47157.0,292.503204,47.909798,530.0406425878033,38.441436106390285
47166.0,296.004822,51.205711,534.5026543346613,36.26642658645246
47175.0,299.771973,54.671665,538.9542368458463,34.031468407120904
47184.0,303.464752,57.988834,543.3330404823881,31.76756535622699
47193.0,307.19519,61.263596,547.7453374203844,29.419105336223545
47202.0,310.963715,64.494446,552.0838363315812,27.04280003110653
47211.0,314.889618,67.779503,556.4382294715306,24.588642514285706
47220.0,318.853546,71.018585,560.7624615617077,22.08172297730652
47229.0,322.976807,74.307228,565.0554270426713,19.521629988014098
47238.0,326.777466,77.253296,569.285118987721,16.923568924271134
47247.0,330.865295,80.334526,573.5369862317609,14.230792711644606
47256.0,334.872345,83.264328,577.6780016350577,11.524985782974104
47265.0,338.792786,86.048981,581.8220076948479,8.730197327474842
47274.0,342.883911,88.860207,585.9522391266265,5.854331003702011
47283.0,347.016144,91.610641,589.9961588193197,2.946008731962327
47292.0,351.059021,94.214348,593.9948838030543,-0.024146722174818613
47301.0,355.272949,96.837875,597.9609154008442,-3.0662220170849044
47310.0,359.525299,99.398666,601.838979357849,-6.137055723257108
47319.0,363.947906,101.976418,605.695988262946,-9.289056234565244
47328.0,368.411438,104.482643,609.5167088608091,-12.51174499516103
47337.0,372.912231,106.921333,613.2472784756451,-15.760167697711529
47346.0,377.311981,109.219688,616.9525397553165,-19.089231194645265
47355.0,381.605255,111.385796,620.581150461534,-22.451162789473827
47364.0,386.070526,113.554131,624.1582562828181,-25.867844461645518
47373.0,390.425598,115.593178,627.6836448978729,-29.337863887877187
47382.0,394.950989,117.633026,631.205562688247,-32.90890320028559
47391.0,399.648956,119.6661,634.6498393094245,-36.507317222331764
47401.0,404.74707,121.770691,638.3988300379667,-40.552695737784354
47410.0,409.361938,123.599159,641.7244739089629,-44.26102659688442
47419.0,414.151154,125.406868,644.9914900245276,-48.021110454715924
47428.0,418.821167,127.089485,648.2095120282511,-51.84576248047214
47437.0,423.518707,128.693634,651.3758356721221,-55.73557240837136
47446.0,428.242615,130.218399,654.465179358719,-59.66489605509354
47455.0,432.990234,131.667648,657.4865029701889,-63.646758982088926
47464.0,437.76062,133.040054,660.4507103682555,-67.69270772053918
47473.0,442.554199,134.329193,663.3163605679317,-71.74588723470025
47482.0,447.521027,135.568085,666.1287946718359,-75.8779379538714
47491.0,452.509766,136.715561,668.8736638175552,-80.07578502895187
47500.0,457.365112,137.747894,671.5129581988385,-84.27987118528615
47509.0,462.086426,138.660843,674.0938835643501,-88.56034463950417
47518.0,466.974823,139.523239,676.597969605526,-92.88621817359615
47527.0,472.030487,140.326111,679.0006756627752,-97.21015195061464
47536.0,476.945007,141.024445,681.3288593099281,-101.57466344798897
47545.0,481.715637,141.628784,683.5993919706481,-106.00820676613627
47554.0,486.80307,142.196594,685.7920948185428,-110.4615503933173
47563.0,491.745148,142.661453,687.9039990318595,-114.93472156144378
47572.0,496.693604,143.052689,689.9621285708101,-119.48968934788367
47581.0,501.802063,143.381271,691.9498874598285,-124.0758035346146
47590.0,506.604797,143.622345,693.8495241394988,-128.6431638434619
47599.0,511.565521,143.799438,695.7059225915017,-133.30256417830344
47608.0,516.683655,143.895065,697.481960019884,-137.97474993954958
47617.0,521.647522,143.909973,699.1926460827192,-142.70792772901072
47626.0,526.455933,143.849335,700.8154723296259,-147.43551312823095
47635.0,531.572998,143.707764,702.3582673905121,-152.17169390153234
47644.0,536.531433,143.475342,703.8267080586375,-156.9494874025955
47653.0,541.48468,143.150558,705.2204902618042,-161.8034111970798
47662.0,546.58667,142.733139,706.5152419430542,-166.64901175602193
47671.0,551.6828,142.249985,707.7325594189265,-171.5146427383156
47680.0,556.618591,141.722641,708.8810312361343,-176.37927440162258
47689.0,561.702209,141.121719,709.9620312501721,-181.22402973193658
47698.0,566.623779,140.474884,710.9862235738796,-186.09872510716846
47707.0,571.536804,139.765961,711.9546339427737,-191.01994528618283
47716.0,576.441162,138.999588,712.8548111717416,-195.91905805011592
47725.0,581.33667,138.178513,713.6989513053388,-200.84562441721383
47734.0,586.37439,137.269928,714.4869620410309,-205.79893298557036
47743.0,591.24939,136.33461,715.2105380346295,-210.7272250526837
47752.0,596.114319,135.348373,715.8802664314533,-215.68051614134967
47761.0,600.968506,134.310547,716.4964313051782,-220.64075500485146
47770.0,605.812988,133.228378,717.0568833631114,-225.57290552279775
47779.0,610.648987,132.108871,717.5754967506479,-230.56161947001783
47788.0,615.324158,130.983215,718.0441730585084,-235.4860221976624
47797.0,620.291077,129.744629,718.4757723151074,-240.46571604531098
47806.0,625.098633,128.508743,718.8650027803303,-245.41432341363813
47815.0,629.898499,127.243202,719.2163050079732,-250.3312091206779
47824.0,634.689148,125.943161,719.5376702387849,-255.3019584913171
47833.0,639.466919,124.596748,719.8214521700419,-260.27499506193874
47842.0,644.220398,123.166817,720.0493981284683,-265.268157323937
47851.0,648.951477,121.664375,720.201105966567,-270.2469734130433
47860.0,653.662292,120.099678,720.2768520234583,-275.19304885125166
47870.0,659.044312,118.259918,720.287744983871,-280.708472693474
47878.0,663.347839,116.782066,720.2598854771321,-285.1896767051617
47888.0,668.746948,114.993095,720.2283835078216,-290.72225735346666
47896.0,672.82019,113.697075,720.2378610055408,-295.1863021713388
47905.0,677.720154,112.215652,720.3113230398935,-300.23583763136224
47914.0,682.636658,110.7901,720.4543192123898,-305.30112513637795
47923.0,687.559082,109.385193,720.6482269386825,-310.3302223302996
47932.0,692.478943,107.971252,720.8655019620621,-315.4273705686412
47941.0,697.391174,106.530945,721.0719372927974,-320.4732193066422
47950.0,702.291748,105.051613,721.2536855050134,-325.57175793911034
47959.0,707.17334,103.510803,721.3894456401154,-330.6372445494503
47967.0,711.630249,102.056625,721.460897522663,-335.1524413085112
47976.0,716.336365,100.477859,721.489382131341,-340.2369027906355
47985.0,721.031555,98.86689,721.4740434854273,-345.2697134882644
47994.0,725.721069,97.239418,721.4265915434388,-350.26785084610157
48003.0,730.552612,95.548195,721.3576640993773,-355.317450240111
48012.0,735.087341,93.947968,721.2765964140395,-360.2289651885033
48021.0,739.617676,92.335495,721.1819925069849,-365.15747697321166
48031.0,744.970764,90.413216,721.0613565478571,-370.60263247501683
48040.0,749.63855,88.724487,720.9384454548263,-375.53051956528674
48049.0,754.303406,87.027626,720.8038580601462,-380.47534372179746
48058.0,758.966064,85.324738,720.6625425046414,-385.33376569374724
48067.0,763.774231,83.568138,720.5118264654153,-390.31261190474515
48076.0,768.436646,81.864555,720.3621516466314,-395.1880274175793
48086.0,773.454956,80.030144,720.1953956320568,-400.5974779515816
48095.0,777.971252,78.378609,720.0456271746897,-405.42115873653813
48104.0,782.487732,76.727638,719.8932413038286,-410.296490265828
48113.0,787.149719,75.022964,719.7400720223529,-415.18904145275906
48123.0,792.330139,73.129936,719.5716959401597,-420.5467093187877
48132.0,796.846863,71.479706,719.417263866882,-425.42197646109946
48141.0,801.362976,69.827682,719.262474179659,-430.2627433019109
48150.0,806.022888,68.117355,719.1027537448011,-435.1550850038142
48160.0,811.037231,66.272209,718.9222100688986,-440.51235664606463
48169.0,815.548279,64.606468,718.7531355315,-445.3698918177907
48178.0,820.204346,62.88559,718.5786269446013,-450.2444816187098
48187.0,824.858887,61.160713,718.3997046443299,-455.1189114094266
48197.0,830.028381,59.238129,718.1940452698414,-460.56151884476475
48206.0,834.67981,57.504807,718.0055141564636,-465.40108901923884
48215.0,839.328735,55.764847,717.8091294996622,-470.29209617646785
48224.0,843.831604,54.07708,717.6087981952071,-475.1311922514415
48233.0,848.477966,52.330276,717.4002667709088,-480.0389479200713
48243.0,853.47699,50.443916,717.1634632775267,-485.46303716121304
48252.0,858.11853,48.684219,716.9445623380063,-490.31858208659776
48261.0,862.757568,46.917919,716.7173380344889,-495.1909991551637
48270.0,867.248901,45.199684,716.4849275083468,-500.01140497348644
48280.0,872.397156,43.220993,716.2147140581462,-505.4339324913215
48289.0,876.884094,41.49139,715.9677468835973,-510.2536144435541
48298.0,881.368652,39.755642,715.7132140724409,-515.1074219378618
48308.0,886.509705,37.758247,715.4237682411915,-520.4944360048423
48317.0,890.991028,36.014053,715.1595003186834,-525.3132003040288
48326.0,895.615784,34.210789,714.8895242752654,-530.1661733185563
48335.0,900.240112,32.406342,714.6169685936699,-535.0190021373157
48345.0,905.377808,30.400362,714.3135302207615,-540.3879830034366
48354.0,909.856995,28.650681,714.0420631966243,-545.1718205724795
48363.0,914.336304,26.90134,713.768212021468,-549.9900497533936
48373.0,919.314758,24.96139,713.4649423583736,-555.3417768558546
48382.0,923.797241,23.220255,713.1935798360555,-560.1774097860771
48391.0,928.280823,21.48189,712.9245550251838,-565.0304356251684
48401.0,933.263733,19.553432,712.6305483829835,-570.3999412338131
48410.0,937.894348,17.76519,712.3689325268788,-575.2361112678592
48419.0,942.526306,15.980516,712.1127030824999,-580.0380495192758
48428.0,947.01593,14.257812,711.857477390592,-584.8918206294479
48438.0,952.166077,12.283914,711.5788299410291,-590.2621451993206
48447.0,956.656555,10.56347,711.3307075629779,-595.0817678185192
48456.0,961.148132,8.845853,711.0817539893538,-599.9358646718929
48466.0,966.460266,6.813087,710.8035495786877,-605.3752464179555
48475.0,970.806458,5.149584,710.5558343527459,-610.2121483831814
48484.0,975.297424,3.430391,710.3094985437568,-615.0146043348544
48493.0,979.644714,1.769806,710.0600357789141,-619.8859334453866
48503.0,984.63623,-0.136373,709.7858964576523,-625.2564900291555
48512.0,989.128967,-1.85094,709.5366770370518,-630.1450897904255
48521.0,993.76593,-3.622637,709.2875930828343,-635.0164382852344
48530.0,998.257202,-5.340957,709.0376053381661,-639.8704819883033
48539.0,1002.892212,-7.117659,708.7830274100019,-644.7588056297967
48549.0,1008.040161,-9.097175,708.4989110631137,-650.1288436453378
48558.0,1012.526855,-10.827498,708.2356841084598,-655.0167091831644
48567.0,1017.012085,-12.561484,707.9713237564707,-659.8354684124932
48576.0,1021.496216,-14.298327,707.6978086161237,-664.7227690389668
48586.0,1026.636719,-16.297251,707.3883402224322,-670.143197924549
48595.0,1031.261353,-18.100992,707.1037676940367,-675.029867180966
48604.0,1035.884033,-19.909655,706.8127134219435,-679.9334208381196
48613.0,1040.361328,-21.664137,706.5197714875212,-684.7850617117631
48622.0,1044.98291,-23.475603,706.2202188642876,-689.6881035516622
48632.0,1050.278809,-25.550333,705.889080613731,-695.0899837898045
48641.0,1054.612061,-27.247145,705.5931142910729,-699.9241732141261
48650.0,1059.089844,-29.000261,705.2975547715776,-704.758387527208
48659.0,1063.568481,-30.751276,704.9998599485729,-709.6442749325673
48669.0,1068.547607,-32.689651,704.6728454282784,-715.0636735610043
48678.0,1073.029175,-34.433197,704.3845473760952,-719.8983263600662
48687.0,1077.656982,-36.228592,704.095924598771,-724.7674921886795
48696.0,1082.286743,-38.01899,703.8111231255141,-729.6196177295722
48706.0,1087.432251,-40.004944,703.4986426798621,-735.0226093656325
48715.0,1091.919312,-41.73436,703.2229437282328,-739.8407331699833
48724.0,1096.262573,-43.405552,702.9467446031574,-744.7106195154162
48733.0,1100.606201,-45.075584,702.6717769099403,-749.5978386340131
48743.0,1105.594482,-46.990292,702.3702845608867,-755.0014545540907
48752.0,1109.940674,-48.653763,702.1013174141445,-759.8717456796909
48761.0,1114.577759,-50.425247,701.8366456367166,-764.7250108686111
48770.0,1119.215332,-52.195335,701.5725908012842,-769.6128317521351
48780.0,1124.368408,-54.161549,701.2847207428904,-774.96540928985
48789.0,1128.860962,-55.876648,701.0240092450157,-779.8188888312334
48798.0,1133.49939,-57.644505,700.7619685510556,-784.68955753777
48807.0,1137.992676,-59.357529,700.5028648482614,-789.5086022747671
48817.0,1142.981934,-61.269588,700.2073366932356,-794.9470703111814
48826.0,1147.467163,-63.003727,699.9349335955685,-799.782644734841
48835.0,1151.944336,-64.758484,699.6436252564713,-804.6689170765209
48844.0,1156.41272,-66.535423,699.3326635980849,-809.5194363261235
48854.0,1161.521362,-68.614265,698.9522935595975,-814.9353516341954
48863.0,1165.96106,-70.461784,698.5705981489275,-819.849971347328
48872.0,1170.667969,-72.473999,698.1451152775738,-824.795593610209
48881.0,1175.21228,-74.471382,697.672116078684,-829.7368977901568
48890.0,1179.734131,-76.519135,697.1489291430215,-834.6558077441986
48899.0,1184.231201,-78.620697,696.5727503728473,-839.551438075018
48908.0,1188.703735,-80.773926,695.9323429183685,-844.4912258446997
48917.0,1193.285889,-83.055984,695.235610783107,-849.3885683931924
48926.0,1197.696411,-85.333641,694.4693410844376,-854.2929588741615
48935.0,1202.069824,-87.68161,693.6179102798852,-859.2532496294824
48944.0,1206.406982,-90.096092,692.6978462704096,-864.1486665816649
48953.0,1210.836426,-92.662079,691.6973452591975,-869.0282795421207
48962.0,1215.087036,-95.225677,690.6084640953576,-873.9065954959724
48971.0,1219.422241,-97.947868,689.4236592795411,-878.797981428471
48980.0,1223.711426,-100.742027,688.1633432610416,-883.617029929036
48989.0,1227.816406,-103.532898,686.8005467145613,-888.461842037377
48998.0,1231.86792,-106.400833,685.340937607301,-893.2963788597136
49007.0,1235.99231,-109.432884,683.7952902838173,-898.0859919070938
49016.0,1240.05896,-112.542038,682.154811163938,-902.862186343023
49025.0,1244.061401,-115.73333,680.4219754747463,-907.6056540099086
49034.0,1248.00061,-119.00238,678.5871471602286,-912.3291051285357
49043.0,1251.864746,-122.359833,676.652108391766,-917.0123956788219
49051.0,1255.23584,-125.4161,674.8316268276088,-921.1637708762283
49060.0,1258.945312,-128.943665,672.6859392190954,-925.7733895831075
49069.0,1262.678589,-132.669159,670.4305581117064,-930.3303420731571
49078.0,1266.221802,-136.363693,668.0755240790916,-934.8171449570648
49087.0,1269.675659,-140.141983,665.607079430275,-939.2622929806818
49096.0,1273.240112,-144.237274,663.0148031487374,-943.6764061513945
49104.0,1276.062988,-147.628494,660.6554922808464,-947.4863428667657
49113.0,1279.152588,-151.513641,657.8711066337539,-951.761307798514
49122.0,1282.154541,-155.466888,655.0179598659953,-955.9281721536562
49131.0,1285.156982,-159.6129,652.0804572706164,-960.0147963466019
49140.0,1287.964844,-163.706299,649.0153372010136,-964.0715929763401
49149.0,1290.754883,-167.998154,645.8396275301612,-968.064461204302
49158.0,1293.44519,-172.353226,642.5883433348613,-971.9511997464746
49167.0,1296.02478,-176.77475,639.2423895001937,-975.7567454826504
49175.0,1298.228394,-180.755768,636.1921697687476,-979.0632389220691
49184.0,1300.5896,-185.297653,632.6663384292424,-982.702757953367
49193.0,1302.696899,-189.620087,629.0597014121811,-986.2376376485885
49202.0,1304.819336,-194.278381,625.3248824224548,-989.7131600141321
49211.0,1306.821777,-198.989487,621.4883897422827,-993.102203436496
49220.0,1308.71875,-203.744019,617.5941329118336,-996.3713506761654
49229.0,1310.509033,-208.539749,613.6478853517162,-999.5225941175379
49237.0,1311.954102,-212.708725,610.0675773616643,-1002.2462192700491
49246.0,1313.549072,-217.735916,605.9466568841822,-1005.224570215523
49255.0,1314.980835,-222.650604,601.8068140480133,-1008.056164816581
49264.0,1316.319824,-227.751938,597.5662117475524,-1010.7985173033798
49273.0,1317.447266,-232.586105,593.2690010195598,-1013.4183262184443
49282.0,1318.443115,-237.449081,588.9020247063775,-1015.9201129144612
49291.0,1319.365601,-242.641907,584.4382515276619,-1018.3185112180789
49300.0,1320.141724,-247.701736,579.9751545440425,-1020.568932078588
49309.0,1320.811035,-252.776794,575.3963259222878,-1022.7396264067735
49318.0,1321.324951,-257.558014,570.8154338998535,-1024.7820893738103
49327.0,1321.73877,-262.504639,566.171900966585,-1026.7229707946801
49336.0,1322.038208,-267.459503,561.4679252527177,-1028.5603105879434
49345.0,1322.240601,-272.419281,556.7239151257269,-1030.2916606240524
49353.0,1322.339722,-276.968445,552.4514074893069,-1031.7537774597693
49362.0,1322.345947,-281.777222,547.6418964015343,-1033.2938450326756
49371.0,1322.255127,-286.895416,542.7526824987973,-1034.751142535829
49380.0,1322.081177,-292.011475,537.8702875999417,-1036.107536824184
49389.0,1321.83606,-296.969299,533.0316950577628,-1037.3611918586098
49398.0,1321.516846,-301.767456,528.1390874723733,-1038.5409417505846
49407.0,1321.0979,-306.869293,523.1941131517461,-1039.6476550748887
49416.0,1320.620605,-311.810181,518.2832360084731,-1040.6672198725344
49425.0,1320.071655,-316.899689,513.3079261489244,-1041.628405190407
49434.0,1319.46521,-321.982666,508.38909912508007,-1042.5165321205836
49443.0,1318.783203,-327.212524,503.4435463513125,-1043.3518371276318
49452.0,1318.092651,-332.128143,498.5233443143047,-1044.1285203528098
49461.0,1317.356445,-337.03714,493.5956551731963,-1044.8561910516062
49470.0,1316.581177,-341.940125,488.6273718747839,-1045.5434957581494
49479.0,1315.771851,-346.837616,483.7048258136379,-1046.1828356652534
49488.0,1314.924683,-351.728699,478.79460279681365,-1046.78209323144
49497.0,1314.043823,-356.6138,473.86294673293014,-1047.3468796587879
49506.0,1313.129883,-361.492828,468.9788308828824,-1047.8712492051616
49515.0,1312.188232,-366.366577,464.07422506834723,-1048.3652331272347
49524.0,1311.246826,-371.082306,459.1838338904596,-1048.8274291734383
49533.0,1310.247803,-375.944641,454.2907992899149,-1049.260745981051
49543.0,1309.105103,-381.340393,448.8112441733919,-1049.7131467920935
49552.0,1308.05249,-386.191406,443.9307211500521,-1050.0886637213766
49561.0,1306.977539,-391.037506,439.048418114298,-1050.440281429348
49570.0,1305.883057,-395.879211,434.1473603811687,-1050.770711685864
49579.0,1304.770752,-400.716888,429.27935194486986,-1051.0782386574442
49588.0,1303.638916,-405.550018,424.35851460618954,-1051.3689931887732
49598.0,1302.355347,-410.914032,418.97178491134355,-1051.6636839448852
49607.0,1301.214233,-415.585449,414.1001904791792,-1051.9079106073677
49616.0,1300.052368,-420.25174,409.22753601316373,-1052.1299858850218
49625.0,1298.875122,-424.914185,404.37120568869256,-1052.3307093848257
49635.0,1297.543701,-430.088715,398.9801773339901,-1052.5319871179909
49644.0,1296.279175,-434.888824,394.15675293702844,-1052.6897971074588
49653.0,1295.021729,-439.530273,389.28080123374275,-1052.8208465690645
49663.0,1293.5354,-444.841675,383.88704900399154,-1052.9263753856399
49672.0,1292.162964,-449.612061,379.00967961293253,-1052.9842268963105
49681.0,1290.798706,-454.223236,374.13201503398983,-1053.0058423873684
49690.0,1289.357422,-458.973297,369.2370883847049,-1052.9913150459477
49699.0,1287.931274,-463.565735,364.3768683492637,-1052.9413615591034
49708.0,1286.419678,-468.293884,359.43100188324286,-1052.8530178786655
49718.0,1284.690308,-473.531158,353.9692041815383,-1052.7078181428312
49727.0,1283.146729,-478.085449,349.0429031952983,-1052.5324987080567
49736.0,1281.56543,-482.626801,344.11824928261177,-1052.3157911828066
49745.0,1279.896118,-487.301605,339.19556323926474,-1052.0582248226676
49754.0,1278.185425,-491.961426,334.2580067518481,-1051.758332109931
49763.0,1276.436157,-496.606903,329.3576162515125,-1051.4181498027654
49772.0,1274.702637,-501.092316,324.4776049146737,-1051.0360407897638
49781.0,1272.812988,-505.849762,319.51541793890846,-1050.6020761197378
49791.0,1270.703247,-510.94574,314.0947944362214,-1050.071875859808
49800.0,1268.818726,-515.369873,309.1778658708791,-1049.5303842265355
49809.0,1266.825562,-519.916016,304.28465628363864,-1048.93399656186
49818.0,1264.782837,-524.440125,299.3808237806702,-1048.2845148543324
49827.0,1262.750488,-528.798279,294.4675400237478,-1047.5775085142745
49836.0,1260.523071,-533.407288,289.5465397061019,-1046.805899292574
49845.0,1258.372681,-537.708435,284.70472868214586,-1045.9773963860316
49854.0,1256.085449,-542.113953,279.7739681695652,-1045.0587955693027
49863.0,1253.722534,-546.47937,274.92603087078857,-1044.0754829777463
49872.0,1251.359863,-550.667725,270.09574981717765,-1043.0088130903348
49881.0,1248.846069,-554.948059,265.2682618645097,-1041.8531421562877
49891.0,1245.966797,-559.652283,259.9955851784372,-1040.488168882681
49900.0,1243.392822,-563.714172,255.2795010759005,-1039.1770362870625
49909.0,1240.672607,-567.866333,250.53620617343523,-1037.7732723561146
49918.0,1237.970703,-571.844299,245.81670992565668,-1036.2914643817849
49927.0,1235.119019,-575.907288,241.17126823135717,-1034.7486133162597
49936.0,1232.206543,-579.926941,236.48571212078153,-1033.1097786157586
49945.0,1229.237793,-583.905212,231.8416191845514,-1031.4063114146536
49955.0,1225.869995,-588.27301,226.74175867578248,-1029.4457656006696
49964.0,1222.785645,-592.162292,222.1514916925867,-1027.6021689179415
49973.0,1219.651855,-596.011841,217.58652487012512,-1025.6967876921906
49982.0,1216.466553,-599.818909,213.07902807400745,-1023.744347247301
49991.0,1213.333252,-603.466797,208.5666936980828,-1021.7174683201247
50000.0,1210.04895,-607.188843,204.09754346058816,-1019.637594654264
50009.0,1206.718384,-610.869568,199.68785702341154,-1017.5126985459075
50018.0,1203.336914,-614.50354,195.21514486276308,-1015.2814489716569
50027.0,1200.009888,-617.975647,190.83574329713343,-1013.0187027998119
50037.0,1196.128052,-621.893738,186.0058626318833,-1010.4277165740313
50046.0,1192.582642,-625.367981,181.66891148937046,-1008.0129557104309
50055.0,1188.87854,-628.901245,177.41248784339513,-1005.5609343394251
50064.0,1185.349487,-632.167786,173.19187824541933,-1003.0477678747184
50073.0,1181.656982,-635.485291,168.94992346268137,-1000.436744217512
50082.0,1177.917236,-638.74939,164.81995302546576,-997.8092240685401
50091.0,1174.129883,-641.958069,160.70037142357634,-995.1021544838088
50100.0,1170.419067,-645.016602,156.63521037425778,-992.3446163243284
50110.0,1165.978638,-648.570984,152.16006768355237,-989.2100645229607
50119.0,1162.180664,-651.520508,148.2207015996406,-986.363025885942
50128.0,1158.219849,-654.512512,144.2392746502248,-983.3984930918206
50137.0,1154.218384,-657.450012,140.32725672703373,-980.3992775143952
50146.0,1150.175415,-660.330017,136.44407213159892,-977.3349216108877
50155.0,1146.093628,-663.154846,132.63125556506606,-974.2378292829413
50164.0,1141.845947,-666.01178,128.86177365310996,-971.088137683225
50173.0,1137.687134,-668.721863,125.11180273766625,-967.8621311985896
50183.0,1133.020752,-671.66217,120.98676123725708,-964.2009768128961
50192.0,1128.652344,-674.330688,117.33707103299156,-960.8619408564454
50201.0,1124.378052,-676.854736,113.72367695803338,-957.4584722580921
50210.0,1120.063232,-679.308899,110.15029198895543,-953.9882352661775
50219.0,1115.70813,-681.690857,106.6701135811894,-950.4971700188128
50228.0,1111.451904,-683.928894,103.24888161643958,-946.9483180699971
50237.0,1106.739746,-686.297852,99.84258527371209,-943.29034404602
50246.0,1102.263672,-688.443848,96.52670127886233,-939.5964127291633
50255.0,1097.746094,-690.501099,93.27118813107253,-935.8263651085335
50264.0,1093.190552,-692.472595,90.10099524859378,-932.0066671716803
50273.0,1088.598389,-694.357422,87.0381443629566,-928.1662901706244
50282.0,1084.116577,-696.100342,84.02924502355212,-924.2399783553308
50291.0,1079.457275,-697.812256,81.08607123955369,-920.2427363914087
50301.0,1074.084595,-699.679077,77.91286001385532,-915.7526449351077
50310.0,1069.369507,-701.230896,75.15257694960287,-911.6893472025894
50319.0,1064.630615,-702.708313,72.45342911688701,-907.5645709312766
50328.0,1059.865601,-704.099304,69.81714739695545,-903.3789504995201
50337.0,1054.927734,-705.449036,67.25539814300487,-899.1473030111928
50346.0,1050.11731,-706.673828,64.76078753780654,-894.85578426262
50355.0,1045.287354,-707.818909,62.35913552294063,-890.5509908981564
50364.0,1040.286987,-708.914673,60.00994422714956,-886.1586196509752
50373.0,1035.420044,-709.891052,57.747588179415885,-881.7402533970073
50382.0,1030.536865,-710.782288,55.564606230685,-877.2821366362624
50391.0,1025.48645,-711.617432,53.4674232637927,-872.802044750044
50401.0,1020.200867,-712.399109,51.240000580248996,-867.8129661490931
50410.0,1015.279602,-713.048401,49.30295941806984,-863.2613432251674
50419.0,1010.348572,-713.61853,47.44186075759007,-858.6781443988475
50428.0,1005.5625,-714.085022,45.65313149741955,-854.047738058716
50437.0,1000.614258,-714.478699,43.94625105985283,-849.3865392415906
50446.0,995.505005,-714.794312,42.31705122507309,-844.6793816262523
50455.0,990.546265,-715.020203,40.781215697485386,-839.9771896971853
50464.0,985.428955,-715.152832,39.31412380904294,-835.1989818610324
50473.0,980.46521,-715.190002,37.942393966924264,-830.4104557665552
50482.0,975.501465,-715.148254,36.654380864775696,-825.5808956433866
50491.0,970.383728,-715.034119,35.439660327530774,-820.7146156771994
50500.0,965.422607,-714.868958,34.307793126292125,-815.8991949952295
50509.0,960.46344,-714.651917,33.22615752593499,-811.0369229599266
50518.0,955.352356,-714.367432,32.193664334884446,-806.1287476876535
50527.0,950.399902,-714.030579,31.230454412538357,-801.2592054210282
50536.0,945.451782,-713.635193,30.326013077451783,-796.378406192182
50545.0,940.662781,-713.199463,29.475862742753538,-791.4703649000104
50554.0,935.878967,-712.710144,28.69341452189438,-786.620898347949
50563.0,931.100464,-712.171387,27.951997604795384,-781.6778294945295
50573.0,925.626526,-711.496033,27.197440756827255,-776.2490542343141
50582.0,920.705994,-710.841248,26.568581750934612,-771.3599117060228
50591.0,915.945251,-710.16333,25.983585555357468,-766.4479692026191
50600.0,910.883118,-709.402344,25.44097461743944,-761.5138240273155
50609.0,906.132874,-708.654358,24.942643916369782,-756.6096579592046
50618.0,901.388123,-707.872375,24.480980002415727,-751.7019044260908
50627.0,896.648743,-707.058472,24.056611666052742,-746.825386256267
50636.0,891.609619,-706.157593,23.659980378047738,-741.8773665652901
50646.0,886.187195,-705.148987,23.262586685716908,-736.4453918114084
50655.0,881.159607,-704.185913,22.936761427350437,-731.5440257815247
50664.0,876.442139,-703.253174,22.63911917812755,-726.6236002508739
50673.0,871.578491,-702.260681,22.372492198098456,-721.735919001135
50682.0,866.720764,-701.239563,22.13384792346192,-716.8122793695798
50691.0,861.86853,-700.192566,21.926110195868176,-711.9389925926026
50701.0,856.314514,-698.966187,21.722946577339812,-706.479043724551
50710.0,851.471924,-697.875549,21.565284201804875,-701.6038799786342
50719.0,846.63385,-696.764954,21.428994123930675,-696.745314433288
50728.0,841.800293,-695.634949,21.311445853256,-691.8345371565309
50737.0,836.97113,-694.486389,21.213613123629834,-686.9060884078624
50746.0,832.145874,-693.321472,21.135103911183933,-681.9945318967909
50756.0,826.955688,-692.052368,21.066974984014077,-676.5657034375679
50765.0,822.137024,-690.860535,21.0198061248182,-671.6709825012719
50774.0,817.320312,-689.660645,20.984606174577014,-666.7244523366933
50783.0,812.506287,-688.450073,20.96095513773002,-661.7950894022265
50792.0,807.845276,-687.267212,20.948899405505028,-656.9001560416128
50801.0,803.1875,-686.071716,20.949171481665896,-651.9879721094029
50811.0,798.015442,-684.730774,20.963908051794263,-646.5587361756965
50820.0,793.213196,-683.474365,20.98981845224344,-641.5949126602935
50829.0,788.562988,-682.249634,21.026055424172036,-636.7173347925371
50838.0,783.915344,-681.015137,21.072779343354863,-631.7881365629449
50847.0,779.119568,-679.734131,21.128925818360916,-626.8762735120043
50856.0,774.625061,-678.527649,21.193655676061795,-621.981753311714
50865.0,769.832581,-677.234436,21.26608755838645,-617.035628229591
50875.0,764.508972,-675.792419,21.35358224118005,-611.5553634966401
50884.0,759.570374,-674.445496,21.43940249825128,-606.6266909375513
50893.0,754.632996,-673.093994,21.53136896059957,-601.7326067417766
50902.0,749.99585,-671.820862,21.630239229233595,-596.7869395091817
50911.0,745.211121,-670.499146,21.734746656759146,-591.8413881846907
50920.0,740.427795,-669.172485,21.84542078789467,-586.9132110827659
50929.0,735.645203,-667.84314,21.961806617154192,-581.9851655624824
50939.0,730.333008,-666.359741,22.09587623158094,-576.5403242597445
50948.0,725.703186,-665.060181,22.223191608171913,-571.6125489903027
50957.0,720.924683,-663.71637,22.35534008787711,-566.7193849091784
50966.0,716.147644,-662.36731,22.494318515298982,-561.757439702142
50975.0,711.372192,-661.012634,22.636516411571606,-556.8645573508256
50984.0,706.747681,-659.694214,22.78441496639855,-551.9890876307262
50993.0,701.974548,-658.331299,22.93895517019453,-547.0793352557791
51003.0,696.838562,-656.858093,23.115326946659895,-541.6357000301252
51012.0,692.068115,-655.485901,23.279489068235772,-536.7090146221578
51021.0,687.298401,-654.111084,23.445018952265315,-531.8513573677558
51030.0,682.677734,-652.779358,23.61517445149902,-526.9248753148787
51039.0,677.907654,-651.405823,23.78472372262859,-522.0328643796751
51049.0,672.773438,-649.926575,23.972722317212927,-516.6068643318662
51058.0,668.152832,-648.594482,24.142969880828762,-511.7148776482605
51067.0,663.382751,-647.221008,24.31419714845945,-506.8229251578587
51076.0,658.761841,-645.890137,24.486581319475405,-501.9310132981548
51085.0,654.141541,-644.557007,24.659717818186017,-497.07362121015467
51094.0,649.521423,-643.223267,24.837356763535357,-492.147403318472
51104.0,644.22052,-641.69989,25.032910174636545,-486.7044234051451
51113.0,639.597168,-640.377502,25.2030247465845,-481.84692454501163
51122.0,634.9729,-639.05835,25.368705396049428,-476.97202671054174
51131.0,630.199097,-637.697876,25.532188944114676,-472.0625639917303
51141.0,624.894958,-636.185852,25.711320573409353,-466.6362639770118
51150.0,620.27063,-634.866821,25.871737793332837,-461.7784351966508
51159.0,615.646301,-633.547729,26.033480360574014,-456.8861599297151
51168.0,610.872742,-632.186401,26.195285473274897,-451.9938867309867
51177.0,606.397827,-630.908997,26.357497066780123,-447.1016269929453
51186.0,601.773193,-629.591003,26.521273490289904,-442.1921740355385
51196.0,596.634705,-628.126526,26.70295696513163,-436.7487135012421
51205.0,591.86145,-626.763977,26.864548191234093,-431.90816893166965
51214.0,587.238403,-625.440491,27.026628258604354,-427.1193771963839
51224.0,581.936951,-623.919189,27.213488453201528,-421.7105838082159
51233.0,577.316467,-622.586731,27.38487299337148,-416.88762265915284
