ISO-10303-21;
HEADER;
FILE_DESCRIPTION(('KiCad electronic assembly'),'2;1');
FILE_NAME('robotrace_v2_Sidemarker.step','2026-10-03T11:49:07',('Pcbnew'
    ),('Kicad'),'Open CASCADE STEP processor 7.9',
  'KiCad to STEP converter','Unknown');
FILE_SCHEMA(('AUTOMOTIVE_DESIGN { 1 0 10303 214 1 1 1 1 }'));
ENDSEC;
DATA;
#1 = APPLICATION_PROTOCOL_DEFINITION('international standard',
  'automotive_design',2000,#2);
#2 = APPLICATION_CONTEXT(
  'core data for automotive mechanical design processes');
#3 = SHAPE_DEFINITION_REPRESENTATION(#4,#10);
#4 = PRODUCT_DEFINITION_SHAPE('','',#5);
#5 = PRODUCT_DEFINITION('design','',#6,#9);
#6 = PRODUCT_DEFINITION_FORMATION('','',#7);
#7 = PRODUCT('robotrace_v2_Sidemarker 1','robotrace_v2_Sidemarker 1','',
  (#8));
#8 = PRODUCT_CONTEXT('',#2,'mechanical');
#9 = PRODUCT_DEFINITION_CONTEXT('part definition',#2,'design');
#10 = SHAPE_REPRESENTATION('',(#11,#15,#19,#23,#27,#31,#35,#39,#43,#47,
    #51),#55);
#11 = AXIS2_PLACEMENT_3D('',#12,#13,#14);
#12 = CARTESIAN_POINT('',(0.,0.,0.));
#13 = DIRECTION('',(0.,0.,1.));
#14 = DIRECTION('',(1.,0.,-0.));
#15 = AXIS2_PLACEMENT_3D('',#16,#17,#18);
#16 = CARTESIAN_POINT('',(149.7,-98.25,0.995));
#17 = DIRECTION('',(0.,-0.,1.));
#18 = DIRECTION('',(1.110223024625E-16,1.,0.));
#19 = AXIS2_PLACEMENT_3D('',#20,#21,#22);
#20 = CARTESIAN_POINT('',(163.4,-99.,0.995));
#21 = DIRECTION('',(0.,-0.,1.));
#22 = DIRECTION('',(1.110223024625E-16,1.,0.));
#23 = AXIS2_PLACEMENT_3D('',#24,#25,#26);
#24 = CARTESIAN_POINT('',(161.8,-98.9875,0.995));
#25 = DIRECTION('',(-0.,0.,1.));
#26 = DIRECTION('',(1.110223024625E-16,-1.,0.));
#27 = AXIS2_PLACEMENT_3D('',#28,#29,#30);
#28 = CARTESIAN_POINT('',(144.7,-96.2,0.995));
#29 = DIRECTION('',(0.,0.,1.));
#30 = DIRECTION('',(1.,0.,0.));
#31 = AXIS2_PLACEMENT_3D('',#32,#33,#34);
#32 = CARTESIAN_POINT('',(157.8,-98.9875,0.995));
#33 = DIRECTION('',(-0.,0.,1.));
#34 = DIRECTION('',(1.110223024625E-16,-1.,0.));
#35 = AXIS2_PLACEMENT_3D('',#36,#37,#38);
#36 = CARTESIAN_POINT('',(160.4,-98.9325,0.995));
#37 = DIRECTION('',(-0.,0.,1.));
#38 = DIRECTION('',(1.110223024625E-16,-1.,0.));
#39 = AXIS2_PLACEMENT_3D('',#40,#41,#42);
#40 = CARTESIAN_POINT('',(159.2,-98.9325,0.995));
#41 = DIRECTION('',(-0.,0.,1.));
#42 = DIRECTION('',(1.110223024625E-16,-1.,0.));
#43 = AXIS2_PLACEMENT_3D('',#44,#45,#46);
#44 = CARTESIAN_POINT('',(156.2,-98.9875,0.995));
#45 = DIRECTION('',(0.,-0.,1.));
#46 = DIRECTION('',(1.110223024625E-16,1.,0.));
#47 = AXIS2_PLACEMENT_3D('',#48,#49,#50);
#48 = CARTESIAN_POINT('',(169.7,-98.25,0.995));
#49 = DIRECTION('',(0.,-0.,1.));
#50 = DIRECTION('',(1.110223024625E-16,1.,0.));
#51 = AXIS2_PLACEMENT_3D('',#52,#53,#54);
#52 = CARTESIAN_POINT('',(0.,0.,0.));
#53 = DIRECTION('',(0.,0.,1.));
#54 = DIRECTION('',(1.,0.,-0.));
#55 = ( GEOMETRIC_REPRESENTATION_CONTEXT(3) 
GLOBAL_UNCERTAINTY_ASSIGNED_CONTEXT((#59)) GLOBAL_UNIT_ASSIGNED_CONTEXT(
(#56,#57,#58)) REPRESENTATION_CONTEXT('Context #1',
  '3D Context with UNIT and UNCERTAINTY') );
#56 = ( LENGTH_UNIT() NAMED_UNIT(*) SI_UNIT(.MILLI.,.METRE.) );
#57 = ( NAMED_UNIT(*) PLANE_ANGLE_UNIT() SI_UNIT($,.RADIAN.) );
#58 = ( NAMED_UNIT(*) SI_UNIT($,.STERADIAN.) SOLID_ANGLE_UNIT() );
#59 = UNCERTAINTY_MEASURE_WITH_UNIT(LENGTH_MEASURE(1.E-07),#56,
  'distance_accuracy_value','confusion accuracy');
#60 = PRODUCT_RELATED_PRODUCT_CATEGORY('part',$,(#7));
#61 = SHAPE_DEFINITION_REPRESENTATION(#62,#68);
#62 = PRODUCT_DEFINITION_SHAPE('','',#63);
#63 = PRODUCT_DEFINITION('design','',#64,#67);
#64 = PRODUCT_DEFINITION_FORMATION('','',#65);
#65 = PRODUCT('LBR-123F v1','LBR-123F v1','',(#66));
#66 = PRODUCT_CONTEXT('',#2,'mechanical');
#67 = PRODUCT_DEFINITION_CONTEXT('part definition',#2,'design');
#68 = ADVANCED_BREP_SHAPE_REPRESENTATION('',(#11,#69),#569);
#69 = MANIFOLD_SOLID_BREP('',#70);
#70 = CLOSED_SHELL('',(#71,#111,#142,#173,#204,#226,#239,#279,#310,#341,
    #363,#375,#415,#446,#477,#508,#530,#556));
#71 = ADVANCED_FACE('',(#72),#106,.F.);
#72 = FACE_BOUND('',#73,.T.);
#73 = EDGE_LOOP('',(#74,#84,#92,#100));
#74 = ORIENTED_EDGE('',*,*,#75,.F.);
#75 = EDGE_CURVE('',#76,#78,#80,.T.);
#76 = VERTEX_POINT('',#77);
#77 = CARTESIAN_POINT('',(-0.6,-1.4,1.5));
#78 = VERTEX_POINT('',#79);
#79 = CARTESIAN_POINT('',(-1.1,-0.9,1.5));
#80 = LINE('',#81,#82);
#81 = CARTESIAN_POINT('',(-0.8,-1.2,1.5));
#82 = VECTOR('',#83,1.);
#83 = DIRECTION('',(-0.707106781187,0.707106781187,0.));
#84 = ORIENTED_EDGE('',*,*,#85,.T.);
#85 = EDGE_CURVE('',#76,#86,#88,.T.);
#86 = VERTEX_POINT('',#87);
#87 = CARTESIAN_POINT('',(-0.6,-1.4,1.2));
#88 = LINE('',#89,#90);
#89 = CARTESIAN_POINT('',(-0.6,-1.4,1.5));
#90 = VECTOR('',#91,1.);
#91 = DIRECTION('',(0.,0.,-1.));
#92 = ORIENTED_EDGE('',*,*,#93,.T.);
#93 = EDGE_CURVE('',#86,#94,#96,.T.);
#94 = VERTEX_POINT('',#95);
#95 = CARTESIAN_POINT('',(-1.1,-0.9,1.2));
#96 = LINE('',#97,#98);
#97 = CARTESIAN_POINT('',(-1.1,-0.9,1.2));
#98 = VECTOR('',#99,1.);
#99 = DIRECTION('',(-0.707106781187,0.707106781187,0.));
#100 = ORIENTED_EDGE('',*,*,#101,.F.);
#101 = EDGE_CURVE('',#78,#94,#102,.T.);
#102 = LINE('',#103,#104);
#103 = CARTESIAN_POINT('',(-1.1,-0.9,1.5));
#104 = VECTOR('',#105,1.);
#105 = DIRECTION('',(0.,0.,-1.));
#106 = PLANE('',#107);
#107 = AXIS2_PLACEMENT_3D('',#108,#109,#110);
#108 = CARTESIAN_POINT('',(-0.6,-1.4,1.5));
#109 = DIRECTION('',(-0.707106781187,-0.707106781187,0.));
#110 = DIRECTION('',(-0.707106781187,0.707106781187,0.));
#111 = ADVANCED_FACE('',(#112),#137,.F.);
#112 = FACE_BOUND('',#113,.T.);
#113 = EDGE_LOOP('',(#114,#122,#130,#136));
#114 = ORIENTED_EDGE('',*,*,#115,.F.);
#115 = EDGE_CURVE('',#116,#76,#118,.T.);
#116 = VERTEX_POINT('',#117);
#117 = CARTESIAN_POINT('',(1.1,-1.4,1.5));
#118 = LINE('',#119,#120);
#119 = CARTESIAN_POINT('',(0.55,-1.4,1.5));
#120 = VECTOR('',#121,1.);
#121 = DIRECTION('',(-1.,0.,0.));
#122 = ORIENTED_EDGE('',*,*,#123,.T.);
#123 = EDGE_CURVE('',#116,#124,#126,.T.);
#124 = VERTEX_POINT('',#125);
#125 = CARTESIAN_POINT('',(1.1,-1.4,1.2));
#126 = LINE('',#127,#128);
#127 = CARTESIAN_POINT('',(1.1,-1.4,1.5));
#128 = VECTOR('',#129,1.);
#129 = DIRECTION('',(0.,0.,-1.));
#130 = ORIENTED_EDGE('',*,*,#131,.T.);
#131 = EDGE_CURVE('',#124,#86,#132,.T.);
#132 = LINE('',#133,#134);
#133 = CARTESIAN_POINT('',(1.1,-1.4,1.2));
#134 = VECTOR('',#135,1.);
#135 = DIRECTION('',(-1.,0.,0.));
#136 = ORIENTED_EDGE('',*,*,#85,.F.);
#137 = PLANE('',#138);
#138 = AXIS2_PLACEMENT_3D('',#139,#140,#141);
#139 = CARTESIAN_POINT('',(1.1,-1.4,1.5));
#140 = DIRECTION('',(0.,-1.,0.));
#141 = DIRECTION('',(-1.,0.,0.));
#142 = ADVANCED_FACE('',(#143),#168,.F.);
#143 = FACE_BOUND('',#144,.T.);
#144 = EDGE_LOOP('',(#145,#153,#161,#167));
#145 = ORIENTED_EDGE('',*,*,#146,.F.);
#146 = EDGE_CURVE('',#147,#116,#149,.T.);
#147 = VERTEX_POINT('',#148);
#148 = CARTESIAN_POINT('',(1.1,-0.2,1.5));
#149 = LINE('',#150,#151);
#150 = CARTESIAN_POINT('',(1.1,-0.1,1.5));
#151 = VECTOR('',#152,1.);
#152 = DIRECTION('',(0.,-1.,0.));
#153 = ORIENTED_EDGE('',*,*,#154,.T.);
#154 = EDGE_CURVE('',#147,#155,#157,.T.);
#155 = VERTEX_POINT('',#156);
#156 = CARTESIAN_POINT('',(1.1,-0.2,1.2));
#157 = LINE('',#158,#159);
#158 = CARTESIAN_POINT('',(1.1,-0.2,1.5));
#159 = VECTOR('',#160,1.);
#160 = DIRECTION('',(0.,0.,-1.));
#161 = ORIENTED_EDGE('',*,*,#162,.T.);
#162 = EDGE_CURVE('',#155,#124,#163,.T.);
#163 = LINE('',#164,#165);
#164 = CARTESIAN_POINT('',(1.1,-0.2,1.2));
#165 = VECTOR('',#166,1.);
#166 = DIRECTION('',(0.,-1.,0.));
#167 = ORIENTED_EDGE('',*,*,#123,.F.);
#168 = PLANE('',#169);
#169 = AXIS2_PLACEMENT_3D('',#170,#171,#172);
#170 = CARTESIAN_POINT('',(1.1,-0.2,1.5));
#171 = DIRECTION('',(1.,0.,0.));
#172 = DIRECTION('',(0.,-1.,0.));
#173 = ADVANCED_FACE('',(#174),#199,.F.);
#174 = FACE_BOUND('',#175,.T.);
#175 = EDGE_LOOP('',(#176,#184,#192,#198));
#176 = ORIENTED_EDGE('',*,*,#177,.F.);
#177 = EDGE_CURVE('',#178,#147,#180,.T.);
#178 = VERTEX_POINT('',#179);
#179 = CARTESIAN_POINT('',(-1.1,-0.2,1.5));
#180 = LINE('',#181,#182);
#181 = CARTESIAN_POINT('',(-0.55,-0.2,1.5));
#182 = VECTOR('',#183,1.);
#183 = DIRECTION('',(1.,0.,0.));
#184 = ORIENTED_EDGE('',*,*,#185,.T.);
#185 = EDGE_CURVE('',#178,#186,#188,.T.);
#186 = VERTEX_POINT('',#187);
#187 = CARTESIAN_POINT('',(-1.1,-0.2,1.2));
#188 = LINE('',#189,#190);
#189 = CARTESIAN_POINT('',(-1.1,-0.2,1.5));
#190 = VECTOR('',#191,1.);
#191 = DIRECTION('',(0.,0.,-1.));
#192 = ORIENTED_EDGE('',*,*,#193,.T.);
#193 = EDGE_CURVE('',#186,#155,#194,.T.);
#194 = LINE('',#195,#196);
#195 = CARTESIAN_POINT('',(-1.1,-0.2,1.2));
#196 = VECTOR('',#197,1.);
#197 = DIRECTION('',(1.,0.,0.));
#198 = ORIENTED_EDGE('',*,*,#154,.F.);
#199 = PLANE('',#200);
#200 = AXIS2_PLACEMENT_3D('',#201,#202,#203);
#201 = CARTESIAN_POINT('',(-1.1,-0.2,1.5));
#202 = DIRECTION('',(0.,1.,0.));
#203 = DIRECTION('',(1.,0.,0.));
#204 = ADVANCED_FACE('',(#205),#221,.F.);
#205 = FACE_BOUND('',#206,.T.);
#206 = EDGE_LOOP('',(#207,#213,#214,#220));
#207 = ORIENTED_EDGE('',*,*,#208,.F.);
#208 = EDGE_CURVE('',#78,#178,#209,.T.);
#209 = LINE('',#210,#211);
#210 = CARTESIAN_POINT('',(-1.1,-0.45,1.5));
#211 = VECTOR('',#212,1.);
#212 = DIRECTION('',(0.,1.,0.));
#213 = ORIENTED_EDGE('',*,*,#101,.T.);
#214 = ORIENTED_EDGE('',*,*,#215,.T.);
#215 = EDGE_CURVE('',#94,#186,#216,.T.);
#216 = LINE('',#217,#218);
#217 = CARTESIAN_POINT('',(-1.1,-1.4,1.2));
#218 = VECTOR('',#219,1.);
#219 = DIRECTION('',(0.,1.,0.));
#220 = ORIENTED_EDGE('',*,*,#185,.F.);
#221 = PLANE('',#222);
#222 = AXIS2_PLACEMENT_3D('',#223,#224,#225);
#223 = CARTESIAN_POINT('',(-1.1,-0.9,1.5));
#224 = DIRECTION('',(-1.,0.,0.));
#225 = DIRECTION('',(0.,1.,0.));
#226 = ADVANCED_FACE('',(#227),#234,.F.);
#227 = FACE_BOUND('',#228,.T.);
#228 = EDGE_LOOP('',(#229,#230,#231,#232,#233));
#229 = ORIENTED_EDGE('',*,*,#215,.F.);
#230 = ORIENTED_EDGE('',*,*,#93,.F.);
#231 = ORIENTED_EDGE('',*,*,#131,.F.);
#232 = ORIENTED_EDGE('',*,*,#162,.F.);
#233 = ORIENTED_EDGE('',*,*,#193,.F.);
#234 = PLANE('',#235);
#235 = AXIS2_PLACEMENT_3D('',#236,#237,#238);
#236 = CARTESIAN_POINT('',(0.,-0.8,1.2));
#237 = DIRECTION('',(0.,0.,-1.));
#238 = DIRECTION('',(-1.,0.,0.));
#239 = ADVANCED_FACE('',(#240),#274,.F.);
#240 = FACE_BOUND('',#241,.T.);
#241 = EDGE_LOOP('',(#242,#252,#260,#268));
#242 = ORIENTED_EDGE('',*,*,#243,.F.);
#243 = EDGE_CURVE('',#244,#246,#248,.T.);
#244 = VERTEX_POINT('',#245);
#245 = CARTESIAN_POINT('',(1.1,1.4,1.5));
#246 = VERTEX_POINT('',#247);
#247 = CARTESIAN_POINT('',(1.1,0.2,1.5));
#248 = LINE('',#249,#250);
#249 = CARTESIAN_POINT('',(1.1,0.7,1.5));
#250 = VECTOR('',#251,1.);
#251 = DIRECTION('',(0.,-1.,0.));
#252 = ORIENTED_EDGE('',*,*,#253,.T.);
#253 = EDGE_CURVE('',#244,#254,#256,.T.);
#254 = VERTEX_POINT('',#255);
#255 = CARTESIAN_POINT('',(1.1,1.4,1.2));
#256 = LINE('',#257,#258);
#257 = CARTESIAN_POINT('',(1.1,1.4,1.5));
#258 = VECTOR('',#259,1.);
#259 = DIRECTION('',(0.,0.,-1.));
#260 = ORIENTED_EDGE('',*,*,#261,.T.);
#261 = EDGE_CURVE('',#254,#262,#264,.T.);
#262 = VERTEX_POINT('',#263);
#263 = CARTESIAN_POINT('',(1.1,0.2,1.2));
#264 = LINE('',#265,#266);
#265 = CARTESIAN_POINT('',(1.1,1.4,1.2));
#266 = VECTOR('',#267,1.);
#267 = DIRECTION('',(0.,-1.,0.));
#268 = ORIENTED_EDGE('',*,*,#269,.F.);
#269 = EDGE_CURVE('',#246,#262,#270,.T.);
#270 = LINE('',#271,#272);
#271 = CARTESIAN_POINT('',(1.1,0.2,1.5));
#272 = VECTOR('',#273,1.);
#273 = DIRECTION('',(0.,0.,-1.));
#274 = PLANE('',#275);
#275 = AXIS2_PLACEMENT_3D('',#276,#277,#278);
#276 = CARTESIAN_POINT('',(1.1,1.4,1.5));
#277 = DIRECTION('',(1.,0.,0.));
#278 = DIRECTION('',(0.,-1.,0.));
#279 = ADVANCED_FACE('',(#280),#305,.F.);
#280 = FACE_BOUND('',#281,.T.);
#281 = EDGE_LOOP('',(#282,#290,#298,#304));
#282 = ORIENTED_EDGE('',*,*,#283,.F.);
#283 = EDGE_CURVE('',#284,#244,#286,.T.);
#284 = VERTEX_POINT('',#285);
#285 = CARTESIAN_POINT('',(-1.1,1.4,1.5));
#286 = LINE('',#287,#288);
#287 = CARTESIAN_POINT('',(-0.55,1.4,1.5));
#288 = VECTOR('',#289,1.);
#289 = DIRECTION('',(1.,0.,0.));
#290 = ORIENTED_EDGE('',*,*,#291,.T.);
#291 = EDGE_CURVE('',#284,#292,#294,.T.);
#292 = VERTEX_POINT('',#293);
#293 = CARTESIAN_POINT('',(-1.1,1.4,1.2));
#294 = LINE('',#295,#296);
#295 = CARTESIAN_POINT('',(-1.1,1.4,1.5));
#296 = VECTOR('',#297,1.);
#297 = DIRECTION('',(0.,0.,-1.));
#298 = ORIENTED_EDGE('',*,*,#299,.T.);
#299 = EDGE_CURVE('',#292,#254,#300,.T.);
#300 = LINE('',#301,#302);
#301 = CARTESIAN_POINT('',(-1.1,1.4,1.2));
#302 = VECTOR('',#303,1.);
#303 = DIRECTION('',(1.,0.,0.));
#304 = ORIENTED_EDGE('',*,*,#253,.F.);
#305 = PLANE('',#306);
#306 = AXIS2_PLACEMENT_3D('',#307,#308,#309);
#307 = CARTESIAN_POINT('',(-1.1,1.4,1.5));
#308 = DIRECTION('',(0.,1.,0.));
#309 = DIRECTION('',(1.,0.,0.));
#310 = ADVANCED_FACE('',(#311),#336,.F.);
#311 = FACE_BOUND('',#312,.T.);
#312 = EDGE_LOOP('',(#313,#321,#329,#335));
#313 = ORIENTED_EDGE('',*,*,#314,.F.);
#314 = EDGE_CURVE('',#315,#284,#317,.T.);
#315 = VERTEX_POINT('',#316);
#316 = CARTESIAN_POINT('',(-1.1,0.2,1.5));
#317 = LINE('',#318,#319);
#318 = CARTESIAN_POINT('',(-1.1,0.1,1.5));
#319 = VECTOR('',#320,1.);
#320 = DIRECTION('',(0.,1.,0.));
#321 = ORIENTED_EDGE('',*,*,#322,.T.);
#322 = EDGE_CURVE('',#315,#323,#325,.T.);
#323 = VERTEX_POINT('',#324);
#324 = CARTESIAN_POINT('',(-1.1,0.2,1.2));
#325 = LINE('',#326,#327);
#326 = CARTESIAN_POINT('',(-1.1,0.2,1.5));
#327 = VECTOR('',#328,1.);
#328 = DIRECTION('',(0.,0.,-1.));
#329 = ORIENTED_EDGE('',*,*,#330,.T.);
#330 = EDGE_CURVE('',#323,#292,#331,.T.);
#331 = LINE('',#332,#333);
#332 = CARTESIAN_POINT('',(-1.1,0.2,1.2));
#333 = VECTOR('',#334,1.);
#334 = DIRECTION('',(0.,1.,0.));
#335 = ORIENTED_EDGE('',*,*,#291,.F.);
#336 = PLANE('',#337);
#337 = AXIS2_PLACEMENT_3D('',#338,#339,#340);
#338 = CARTESIAN_POINT('',(-1.1,0.2,1.5));
#339 = DIRECTION('',(-1.,0.,0.));
#340 = DIRECTION('',(0.,1.,0.));
#341 = ADVANCED_FACE('',(#342),#358,.F.);
#342 = FACE_BOUND('',#343,.T.);
#343 = EDGE_LOOP('',(#344,#350,#351,#357));
#344 = ORIENTED_EDGE('',*,*,#345,.F.);
#345 = EDGE_CURVE('',#246,#315,#346,.T.);
#346 = LINE('',#347,#348);
#347 = CARTESIAN_POINT('',(0.55,0.2,1.5));
#348 = VECTOR('',#349,1.);
#349 = DIRECTION('',(-1.,-3.154042683594E-16,0.));
#350 = ORIENTED_EDGE('',*,*,#269,.T.);
#351 = ORIENTED_EDGE('',*,*,#352,.T.);
#352 = EDGE_CURVE('',#262,#323,#353,.T.);
#353 = LINE('',#354,#355);
#354 = CARTESIAN_POINT('',(1.1,0.2,1.2));
#355 = VECTOR('',#356,1.);
#356 = DIRECTION('',(-1.,-3.154042683594E-16,0.));
#357 = ORIENTED_EDGE('',*,*,#322,.F.);
#358 = PLANE('',#359);
#359 = AXIS2_PLACEMENT_3D('',#360,#361,#362);
#360 = CARTESIAN_POINT('',(1.1,0.2,1.5));
#361 = DIRECTION('',(3.154042683594E-16,-1.,0.));
#362 = DIRECTION('',(-1.,-3.154042683594E-16,0.));
#363 = ADVANCED_FACE('',(#364),#370,.F.);
#364 = FACE_BOUND('',#365,.T.);
#365 = EDGE_LOOP('',(#366,#367,#368,#369));
#366 = ORIENTED_EDGE('',*,*,#352,.F.);
#367 = ORIENTED_EDGE('',*,*,#261,.F.);
#368 = ORIENTED_EDGE('',*,*,#299,.F.);
#369 = ORIENTED_EDGE('',*,*,#330,.F.);
#370 = PLANE('',#371);
#371 = AXIS2_PLACEMENT_3D('',#372,#373,#374);
#372 = CARTESIAN_POINT('',(0.,0.8,1.2));
#373 = DIRECTION('',(0.,0.,-1.));
#374 = DIRECTION('',(-1.,0.,0.));
#375 = ADVANCED_FACE('',(#376),#410,.T.);
#376 = FACE_BOUND('',#377,.T.);
#377 = EDGE_LOOP('',(#378,#388,#396,#404));
#378 = ORIENTED_EDGE('',*,*,#379,.T.);
#379 = EDGE_CURVE('',#380,#382,#384,.T.);
#380 = VERTEX_POINT('',#381);
#381 = CARTESIAN_POINT('',(-1.35,1.7,0.));
#382 = VERTEX_POINT('',#383);
#383 = CARTESIAN_POINT('',(-1.35,-1.,0.));
#384 = LINE('',#385,#386);
#385 = CARTESIAN_POINT('',(-1.35,1.7,0.));
#386 = VECTOR('',#387,1.);
#387 = DIRECTION('',(0.,-1.,0.));
#388 = ORIENTED_EDGE('',*,*,#389,.T.);
#389 = EDGE_CURVE('',#382,#390,#392,.T.);
#390 = VERTEX_POINT('',#391);
#391 = CARTESIAN_POINT('',(-1.35,-1.,1.5));
#392 = LINE('',#393,#394);
#393 = CARTESIAN_POINT('',(-1.35,-1.,0.));
#394 = VECTOR('',#395,1.);
#395 = DIRECTION('',(0.,0.,1.));
#396 = ORIENTED_EDGE('',*,*,#397,.F.);
#397 = EDGE_CURVE('',#398,#390,#400,.T.);
#398 = VERTEX_POINT('',#399);
#399 = CARTESIAN_POINT('',(-1.35,1.7,1.5));
#400 = LINE('',#401,#402);
#401 = CARTESIAN_POINT('',(-1.35,1.7,1.5));
#402 = VECTOR('',#403,1.);
#403 = DIRECTION('',(0.,-1.,0.));
#404 = ORIENTED_EDGE('',*,*,#405,.F.);
#405 = EDGE_CURVE('',#380,#398,#406,.T.);
#406 = LINE('',#407,#408);
#407 = CARTESIAN_POINT('',(-1.35,1.7,0.));
#408 = VECTOR('',#409,1.);
#409 = DIRECTION('',(0.,0.,1.));
#410 = PLANE('',#411);
#411 = AXIS2_PLACEMENT_3D('',#412,#413,#414);
#412 = CARTESIAN_POINT('',(-1.35,1.7,0.));
#413 = DIRECTION('',(-1.,0.,0.));
#414 = DIRECTION('',(0.,-1.,0.));
#415 = ADVANCED_FACE('',(#416),#441,.T.);
#416 = FACE_BOUND('',#417,.T.);
#417 = EDGE_LOOP('',(#418,#426,#427,#435));
#418 = ORIENTED_EDGE('',*,*,#419,.T.);
#419 = EDGE_CURVE('',#420,#380,#422,.T.);
#420 = VERTEX_POINT('',#421);
#421 = CARTESIAN_POINT('',(1.35,1.7,0.));
#422 = LINE('',#423,#424);
#423 = CARTESIAN_POINT('',(1.35,1.7,0.));
#424 = VECTOR('',#425,1.);
#425 = DIRECTION('',(-1.,0.,0.));
#426 = ORIENTED_EDGE('',*,*,#405,.T.);
#427 = ORIENTED_EDGE('',*,*,#428,.F.);
#428 = EDGE_CURVE('',#429,#398,#431,.T.);
#429 = VERTEX_POINT('',#430);
#430 = CARTESIAN_POINT('',(1.35,1.7,1.5));
#431 = LINE('',#432,#433);
#432 = CARTESIAN_POINT('',(1.35,1.7,1.5));
#433 = VECTOR('',#434,1.);
#434 = DIRECTION('',(-1.,0.,0.));
#435 = ORIENTED_EDGE('',*,*,#436,.F.);
#436 = EDGE_CURVE('',#420,#429,#437,.T.);
#437 = LINE('',#438,#439);
#438 = CARTESIAN_POINT('',(1.35,1.7,0.));
#439 = VECTOR('',#440,1.);
#440 = DIRECTION('',(0.,0.,1.));
#441 = PLANE('',#442);
#442 = AXIS2_PLACEMENT_3D('',#443,#444,#445);
#443 = CARTESIAN_POINT('',(1.35,1.7,0.));
#444 = DIRECTION('',(0.,1.,0.));
#445 = DIRECTION('',(-1.,0.,0.));
#446 = ADVANCED_FACE('',(#447),#472,.T.);
#447 = FACE_BOUND('',#448,.T.);
#448 = EDGE_LOOP('',(#449,#457,#458,#466));
#449 = ORIENTED_EDGE('',*,*,#450,.T.);
#450 = EDGE_CURVE('',#451,#420,#453,.T.);
#451 = VERTEX_POINT('',#452);
#452 = CARTESIAN_POINT('',(1.35,-1.7,0.));
#453 = LINE('',#454,#455);
#454 = CARTESIAN_POINT('',(1.35,-1.7,0.));
#455 = VECTOR('',#456,1.);
#456 = DIRECTION('',(0.,1.,0.));
#457 = ORIENTED_EDGE('',*,*,#436,.T.);
#458 = ORIENTED_EDGE('',*,*,#459,.F.);
#459 = EDGE_CURVE('',#460,#429,#462,.T.);
#460 = VERTEX_POINT('',#461);
#461 = CARTESIAN_POINT('',(1.35,-1.7,1.5));
#462 = LINE('',#463,#464);
#463 = CARTESIAN_POINT('',(1.35,-1.7,1.5));
#464 = VECTOR('',#465,1.);
#465 = DIRECTION('',(0.,1.,0.));
#466 = ORIENTED_EDGE('',*,*,#467,.F.);
#467 = EDGE_CURVE('',#451,#460,#468,.T.);
#468 = LINE('',#469,#470);
#469 = CARTESIAN_POINT('',(1.35,-1.7,0.));
#470 = VECTOR('',#471,1.);
#471 = DIRECTION('',(0.,0.,1.));
#472 = PLANE('',#473);
#473 = AXIS2_PLACEMENT_3D('',#474,#475,#476);
#474 = CARTESIAN_POINT('',(1.35,-1.7,0.));
#475 = DIRECTION('',(1.,0.,0.));
#476 = DIRECTION('',(-0.,1.,0.));
#477 = ADVANCED_FACE('',(#478),#503,.T.);
#478 = FACE_BOUND('',#479,.T.);
#479 = EDGE_LOOP('',(#480,#488,#489,#497));
#480 = ORIENTED_EDGE('',*,*,#481,.T.);
#481 = EDGE_CURVE('',#482,#451,#484,.T.);
#482 = VERTEX_POINT('',#483);
#483 = CARTESIAN_POINT('',(-0.65,-1.7,0.));
#484 = LINE('',#485,#486);
#485 = CARTESIAN_POINT('',(-1.35,-1.7,0.));
#486 = VECTOR('',#487,1.);
#487 = DIRECTION('',(1.,0.,0.));
#488 = ORIENTED_EDGE('',*,*,#467,.T.);
#489 = ORIENTED_EDGE('',*,*,#490,.F.);
#490 = EDGE_CURVE('',#491,#460,#493,.T.);
#491 = VERTEX_POINT('',#492);
#492 = CARTESIAN_POINT('',(-0.65,-1.7,1.5));
#493 = LINE('',#494,#495);
#494 = CARTESIAN_POINT('',(-1.35,-1.7,1.5));
#495 = VECTOR('',#496,1.);
#496 = DIRECTION('',(1.,0.,0.));
#497 = ORIENTED_EDGE('',*,*,#498,.F.);
#498 = EDGE_CURVE('',#482,#491,#499,.T.);
#499 = LINE('',#500,#501);
#500 = CARTESIAN_POINT('',(-0.65,-1.7,0.));
#501 = VECTOR('',#502,1.);
#502 = DIRECTION('',(0.,0.,1.));
#503 = PLANE('',#504);
#504 = AXIS2_PLACEMENT_3D('',#505,#506,#507);
#505 = CARTESIAN_POINT('',(-0.65,-1.7,0.));
#506 = DIRECTION('',(0.,-1.,0.));
#507 = DIRECTION('',(1.,0.,0.));
#508 = ADVANCED_FACE('',(#509),#525,.T.);
#509 = FACE_BOUND('',#510,.T.);
#510 = EDGE_LOOP('',(#511,#517,#518,#524));
#511 = ORIENTED_EDGE('',*,*,#512,.T.);
#512 = EDGE_CURVE('',#382,#482,#513,.T.);
#513 = LINE('',#514,#515);
#514 = CARTESIAN_POINT('',(-1.35,-1.,0.));
#515 = VECTOR('',#516,1.);
#516 = DIRECTION('',(0.707106781187,-0.707106781187,0.));
#517 = ORIENTED_EDGE('',*,*,#498,.T.);
#518 = ORIENTED_EDGE('',*,*,#519,.F.);
#519 = EDGE_CURVE('',#390,#491,#520,.T.);
#520 = LINE('',#521,#522);
#521 = CARTESIAN_POINT('',(-1.35,-1.,1.5));
#522 = VECTOR('',#523,1.);
#523 = DIRECTION('',(0.707106781187,-0.707106781187,0.));
#524 = ORIENTED_EDGE('',*,*,#389,.F.);
#525 = PLANE('',#526);
#526 = AXIS2_PLACEMENT_3D('',#527,#528,#529);
#527 = CARTESIAN_POINT('',(-1.35,-1.,0.));
#528 = DIRECTION('',(-0.707106781187,-0.707106781187,0.));
#529 = DIRECTION('',(0.707106781187,-0.707106781187,0.));
#530 = ADVANCED_FACE('',(#531,#538,#545),#551,.T.);
#531 = FACE_BOUND('',#532,.T.);
#532 = EDGE_LOOP('',(#533,#534,#535,#536,#537));
#533 = ORIENTED_EDGE('',*,*,#519,.T.);
#534 = ORIENTED_EDGE('',*,*,#490,.T.);
#535 = ORIENTED_EDGE('',*,*,#459,.T.);
#536 = ORIENTED_EDGE('',*,*,#428,.T.);
#537 = ORIENTED_EDGE('',*,*,#397,.T.);
#538 = FACE_BOUND('',#539,.T.);
#539 = EDGE_LOOP('',(#540,#541,#542,#543,#544));
#540 = ORIENTED_EDGE('',*,*,#75,.T.);
#541 = ORIENTED_EDGE('',*,*,#208,.T.);
#542 = ORIENTED_EDGE('',*,*,#177,.T.);
#543 = ORIENTED_EDGE('',*,*,#146,.T.);
#544 = ORIENTED_EDGE('',*,*,#115,.T.);
#545 = FACE_BOUND('',#546,.T.);
#546 = EDGE_LOOP('',(#547,#548,#549,#550));
#547 = ORIENTED_EDGE('',*,*,#243,.T.);
#548 = ORIENTED_EDGE('',*,*,#345,.T.);
#549 = ORIENTED_EDGE('',*,*,#314,.T.);
#550 = ORIENTED_EDGE('',*,*,#283,.T.);
#551 = PLANE('',#552);
#552 = AXIS2_PLACEMENT_3D('',#553,#554,#555);
#553 = CARTESIAN_POINT('',(-5.551115123126E-16,0.,1.5));
#554 = DIRECTION('',(0.,0.,1.));
#555 = DIRECTION('',(1.,0.,-0.));
#556 = ADVANCED_FACE('',(#557),#564,.F.);
#557 = FACE_BOUND('',#558,.T.);
#558 = EDGE_LOOP('',(#559,#560,#561,#562,#563));
#559 = ORIENTED_EDGE('',*,*,#512,.F.);
#560 = ORIENTED_EDGE('',*,*,#379,.F.);
#561 = ORIENTED_EDGE('',*,*,#419,.F.);
#562 = ORIENTED_EDGE('',*,*,#450,.F.);
#563 = ORIENTED_EDGE('',*,*,#481,.F.);
#564 = PLANE('',#565);
#565 = AXIS2_PLACEMENT_3D('',#566,#567,#568);
#566 = CARTESIAN_POINT('',(-5.551115123126E-16,0.,0.));
#567 = DIRECTION('',(0.,0.,1.));
#568 = DIRECTION('',(1.,0.,-0.));
#569 = ( GEOMETRIC_REPRESENTATION_CONTEXT(3) 
GLOBAL_UNCERTAINTY_ASSIGNED_CONTEXT((#573)) GLOBAL_UNIT_ASSIGNED_CONTEXT
((#570,#571,#572)) REPRESENTATION_CONTEXT('Context #1',
  '3D Context with UNIT and UNCERTAINTY') );
#570 = ( LENGTH_UNIT() NAMED_UNIT(*) SI_UNIT(.MILLI.,.METRE.) );
#571 = ( NAMED_UNIT(*) PLANE_ANGLE_UNIT() SI_UNIT($,.RADIAN.) );
#572 = ( NAMED_UNIT(*) SI_UNIT($,.STERADIAN.) SOLID_ANGLE_UNIT() );
#573 = UNCERTAINTY_MEASURE_WITH_UNIT(LENGTH_MEASURE(1.E-07),#570,
  'distance_accuracy_value','confusion accuracy');
#574 = CONTEXT_DEPENDENT_SHAPE_REPRESENTATION(#575,#577);
#575 = ( REPRESENTATION_RELATIONSHIP('','',#68,#10) 
REPRESENTATION_RELATIONSHIP_WITH_TRANSFORMATION(#576) 
SHAPE_REPRESENTATION_RELATIONSHIP() );
#576 = ITEM_DEFINED_TRANSFORMATION('','',#11,#15);
#577 = PRODUCT_DEFINITION_SHAPE('Placement','Placement of an item',#578
  );
#578 = NEXT_ASSEMBLY_USAGE_OCCURRENCE('1','U1','',#5,#63,$);
#579 = PRODUCT_RELATED_PRODUCT_CATEGORY('part',$,(#65));
#580 = SHAPE_DEFINITION_REPRESENTATION(#581,#587);
#581 = PRODUCT_DEFINITION_SHAPE('','',#582);
#582 = PRODUCT_DEFINITION('design','',#583,#586);
#583 = PRODUCT_DEFINITION_FORMATION('','',#584);
#584 = PRODUCT('R_0603_1608Metric','R_0603_1608Metric','',(#585));
#585 = PRODUCT_CONTEXT('',#2,'mechanical');
#586 = PRODUCT_DEFINITION_CONTEXT('part definition',#2,'design');
#587 = ADVANCED_BREP_SHAPE_REPRESENTATION('',(#11,#588),#1378);
#588 = MANIFOLD_SOLID_BREP('',#589);
#589 = CLOSED_SHELL('',(#590,#630,#713,#738,#763,#830,#847,#864,#913,
    #930,#947,#996,#1013,#1082,#1113,#1137,#1206,#1230,#1247,#1264,#1281
    ,#1298,#1315,#1332,#1349,#1366));
#590 = ADVANCED_FACE('',(#591),#625,.F.);
#591 = FACE_BOUND('',#592,.F.);
#592 = EDGE_LOOP('',(#593,#603,#611,#619));
#593 = ORIENTED_EDGE('',*,*,#594,.F.);
#594 = EDGE_CURVE('',#595,#597,#599,.T.);
#595 = VERTEX_POINT('',#596);
#596 = CARTESIAN_POINT('',(-0.8,-0.4,4.5E-02));
#597 = VERTEX_POINT('',#598);
#598 = CARTESIAN_POINT('',(-0.8,-0.4,0.405));
#599 = LINE('',#600,#601);
#600 = CARTESIAN_POINT('',(-0.8,-0.4,0.));
#601 = VECTOR('',#602,1.);
#602 = DIRECTION('',(0.,0.,1.));
#603 = ORIENTED_EDGE('',*,*,#604,.T.);
#604 = EDGE_CURVE('',#595,#605,#607,.T.);
#605 = VERTEX_POINT('',#606);
#606 = CARTESIAN_POINT('',(-0.8,0.4,4.5E-02));
#607 = LINE('',#608,#609);
#608 = CARTESIAN_POINT('',(-0.8,-0.4,4.5E-02));
#609 = VECTOR('',#610,1.);
#610 = DIRECTION('',(0.,1.,0.));
#611 = ORIENTED_EDGE('',*,*,#612,.T.);
#612 = EDGE_CURVE('',#605,#613,#615,.T.);
#613 = VERTEX_POINT('',#614);
#614 = CARTESIAN_POINT('',(-0.8,0.4,0.405));
#615 = LINE('',#616,#617);
#616 = CARTESIAN_POINT('',(-0.8,0.4,0.));
#617 = VECTOR('',#618,1.);
#618 = DIRECTION('',(0.,0.,1.));
#619 = ORIENTED_EDGE('',*,*,#620,.F.);
#620 = EDGE_CURVE('',#597,#613,#621,.T.);
#621 = LINE('',#622,#623);
#622 = CARTESIAN_POINT('',(-0.8,-0.4,0.405));
#623 = VECTOR('',#624,1.);
#624 = DIRECTION('',(0.,1.,0.));
#625 = PLANE('',#626);
#626 = AXIS2_PLACEMENT_3D('',#627,#628,#629);
#627 = CARTESIAN_POINT('',(-0.8,-0.4,0.));
#628 = DIRECTION('',(1.,0.,0.));
#629 = DIRECTION('',(0.,0.,1.));
#630 = ADVANCED_FACE('',(#631),#708,.F.);
#631 = FACE_BOUND('',#632,.F.);
#632 = EDGE_LOOP('',(#633,#643,#650,#651,#660,#668,#677,#685,#693,#701)
  );
#633 = ORIENTED_EDGE('',*,*,#634,.F.);
#634 = EDGE_CURVE('',#635,#637,#639,.T.);
#635 = VERTEX_POINT('',#636);
#636 = CARTESIAN_POINT('',(-0.755,-0.4,-2.775557561563E-17));
#637 = VERTEX_POINT('',#638);
#638 = CARTESIAN_POINT('',(-0.545,-0.4,-2.775557561563E-17));
#639 = LINE('',#640,#641);
#640 = CARTESIAN_POINT('',(-0.8,-0.4,0.));
#641 = VECTOR('',#642,1.);
#642 = DIRECTION('',(1.,0.,0.));
#643 = ORIENTED_EDGE('',*,*,#644,.F.);
#644 = EDGE_CURVE('',#595,#635,#645,.T.);
#645 = CIRCLE('',#646,4.5E-02);
#646 = AXIS2_PLACEMENT_3D('',#647,#648,#649);
#647 = CARTESIAN_POINT('',(-0.755,-0.4,4.5E-02));
#648 = DIRECTION('',(0.,-1.,0.));
#649 = DIRECTION('',(0.,0.,1.));
#650 = ORIENTED_EDGE('',*,*,#594,.T.);
#651 = ORIENTED_EDGE('',*,*,#652,.T.);
#652 = EDGE_CURVE('',#597,#653,#655,.T.);
#653 = VERTEX_POINT('',#654);
#654 = CARTESIAN_POINT('',(-0.755,-0.4,0.45));
#655 = CIRCLE('',#656,4.5E-02);
#656 = AXIS2_PLACEMENT_3D('',#657,#658,#659);
#657 = CARTESIAN_POINT('',(-0.755,-0.4,0.405));
#658 = DIRECTION('',(0.,1.,0.));
#659 = DIRECTION('',(0.,-0.,1.));
#660 = ORIENTED_EDGE('',*,*,#661,.T.);
#661 = EDGE_CURVE('',#653,#662,#664,.T.);
#662 = VERTEX_POINT('',#663);
#663 = CARTESIAN_POINT('',(-0.545,-0.4,0.45));
#664 = LINE('',#665,#666);
#665 = CARTESIAN_POINT('',(-0.8,-0.4,0.45));
#666 = VECTOR('',#667,1.);
#667 = DIRECTION('',(1.,0.,0.));
#668 = ORIENTED_EDGE('',*,*,#669,.F.);
#669 = EDGE_CURVE('',#670,#662,#672,.T.);
#670 = VERTEX_POINT('',#671);
#671 = CARTESIAN_POINT('',(-0.5,-0.4,0.405));
#672 = CIRCLE('',#673,4.5E-02);
#673 = AXIS2_PLACEMENT_3D('',#674,#675,#676);
#674 = CARTESIAN_POINT('',(-0.545,-0.4,0.405));
#675 = DIRECTION('',(0.,-1.,0.));
#676 = DIRECTION('',(0.,0.,1.));
#677 = ORIENTED_EDGE('',*,*,#678,.F.);
#678 = EDGE_CURVE('',#679,#670,#681,.T.);
#679 = VERTEX_POINT('',#680);
#680 = CARTESIAN_POINT('',(-0.755,-0.4,0.405));
#681 = LINE('',#682,#683);
#682 = CARTESIAN_POINT('',(-0.755,-0.4,0.405));
#683 = VECTOR('',#684,1.);
#684 = DIRECTION('',(1.,0.,0.));
#685 = ORIENTED_EDGE('',*,*,#686,.F.);
#686 = EDGE_CURVE('',#687,#679,#689,.T.);
#687 = VERTEX_POINT('',#688);
#688 = CARTESIAN_POINT('',(-0.755,-0.4,4.5E-02));
#689 = LINE('',#690,#691);
#690 = CARTESIAN_POINT('',(-0.755,-0.4,4.5E-02));
#691 = VECTOR('',#692,1.);
#692 = DIRECTION('',(0.,0.,1.));
#693 = ORIENTED_EDGE('',*,*,#694,.T.);
#694 = EDGE_CURVE('',#687,#695,#697,.T.);
#695 = VERTEX_POINT('',#696);
#696 = CARTESIAN_POINT('',(-0.5,-0.4,4.5E-02));
#697 = LINE('',#698,#699);
#698 = CARTESIAN_POINT('',(-0.755,-0.4,4.5E-02));
#699 = VECTOR('',#700,1.);
#700 = DIRECTION('',(1.,0.,0.));
#701 = ORIENTED_EDGE('',*,*,#702,.T.);
#702 = EDGE_CURVE('',#695,#637,#703,.T.);
#703 = CIRCLE('',#704,4.5E-02);
#704 = AXIS2_PLACEMENT_3D('',#705,#706,#707);
#705 = CARTESIAN_POINT('',(-0.545,-0.4,4.5E-02));
#706 = DIRECTION('',(0.,1.,0.));
#707 = DIRECTION('',(0.,-0.,1.));
#708 = PLANE('',#709);
#709 = AXIS2_PLACEMENT_3D('',#710,#711,#712);
#710 = CARTESIAN_POINT('',(-0.8,-0.4,0.));
#711 = DIRECTION('',(0.,1.,0.));
#712 = DIRECTION('',(0.,-0.,1.));
#713 = ADVANCED_FACE('',(#714),#733,.T.);
#714 = FACE_BOUND('',#715,.T.);
#715 = EDGE_LOOP('',(#716,#717,#726,#732));
#716 = ORIENTED_EDGE('',*,*,#604,.T.);
#717 = ORIENTED_EDGE('',*,*,#718,.T.);
#718 = EDGE_CURVE('',#605,#719,#721,.T.);
#719 = VERTEX_POINT('',#720);
#720 = CARTESIAN_POINT('',(-0.755,0.4,-2.775557561563E-17));
#721 = CIRCLE('',#722,4.5E-02);
#722 = AXIS2_PLACEMENT_3D('',#723,#724,#725);
#723 = CARTESIAN_POINT('',(-0.755,0.4,4.5E-02));
#724 = DIRECTION('',(0.,-1.,0.));
#725 = DIRECTION('',(0.,0.,1.));
#726 = ORIENTED_EDGE('',*,*,#727,.F.);
#727 = EDGE_CURVE('',#635,#719,#728,.T.);
#728 = LINE('',#729,#730);
#729 = CARTESIAN_POINT('',(-0.755,-0.4,-2.775557561563E-17));
#730 = VECTOR('',#731,1.);
#731 = DIRECTION('',(0.,1.,0.));
#732 = ORIENTED_EDGE('',*,*,#644,.F.);
#733 = CYLINDRICAL_SURFACE('',#734,4.5E-02);
#734 = AXIS2_PLACEMENT_3D('',#735,#736,#737);
#735 = CARTESIAN_POINT('',(-0.755,-0.4,4.5E-02));
#736 = DIRECTION('',(0.,1.,0.));
#737 = DIRECTION('',(-1.,0.,0.));
#738 = ADVANCED_FACE('',(#739),#758,.T.);
#739 = FACE_BOUND('',#740,.T.);
#740 = EDGE_LOOP('',(#741,#742,#750,#757));
#741 = ORIENTED_EDGE('',*,*,#652,.T.);
#742 = ORIENTED_EDGE('',*,*,#743,.T.);
#743 = EDGE_CURVE('',#653,#744,#746,.T.);
#744 = VERTEX_POINT('',#745);
#745 = CARTESIAN_POINT('',(-0.755,0.4,0.45));
#746 = LINE('',#747,#748);
#747 = CARTESIAN_POINT('',(-0.755,-0.4,0.45));
#748 = VECTOR('',#749,1.);
#749 = DIRECTION('',(0.,1.,0.));
#750 = ORIENTED_EDGE('',*,*,#751,.F.);
#751 = EDGE_CURVE('',#613,#744,#752,.T.);
#752 = CIRCLE('',#753,4.5E-02);
#753 = AXIS2_PLACEMENT_3D('',#754,#755,#756);
#754 = CARTESIAN_POINT('',(-0.755,0.4,0.405));
#755 = DIRECTION('',(0.,1.,0.));
#756 = DIRECTION('',(0.,-0.,1.));
#757 = ORIENTED_EDGE('',*,*,#620,.F.);
#758 = CYLINDRICAL_SURFACE('',#759,4.5E-02);
#759 = AXIS2_PLACEMENT_3D('',#760,#761,#762);
#760 = CARTESIAN_POINT('',(-0.755,-0.4,0.405));
#761 = DIRECTION('',(0.,1.,0.));
#762 = DIRECTION('',(-1.,0.,0.));
#763 = ADVANCED_FACE('',(#764),#825,.T.);
#764 = FACE_BOUND('',#765,.T.);
#765 = EDGE_LOOP('',(#766,#774,#775,#776,#777,#785,#794,#802,#810,#818)
  );
#766 = ORIENTED_EDGE('',*,*,#767,.F.);
#767 = EDGE_CURVE('',#719,#768,#770,.T.);
#768 = VERTEX_POINT('',#769);
#769 = CARTESIAN_POINT('',(-0.545,0.4,-2.775557561563E-17));
#770 = LINE('',#771,#772);
#771 = CARTESIAN_POINT('',(-0.8,0.4,0.));
#772 = VECTOR('',#773,1.);
#773 = DIRECTION('',(1.,0.,0.));
#774 = ORIENTED_EDGE('',*,*,#718,.F.);
#775 = ORIENTED_EDGE('',*,*,#612,.T.);
#776 = ORIENTED_EDGE('',*,*,#751,.T.);
#777 = ORIENTED_EDGE('',*,*,#778,.T.);
#778 = EDGE_CURVE('',#744,#779,#781,.T.);
#779 = VERTEX_POINT('',#780);
#780 = CARTESIAN_POINT('',(-0.545,0.4,0.45));
#781 = LINE('',#782,#783);
#782 = CARTESIAN_POINT('',(-0.8,0.4,0.45));
#783 = VECTOR('',#784,1.);
#784 = DIRECTION('',(1.,0.,0.));
#785 = ORIENTED_EDGE('',*,*,#786,.F.);
#786 = EDGE_CURVE('',#787,#779,#789,.T.);
#787 = VERTEX_POINT('',#788);
#788 = CARTESIAN_POINT('',(-0.5,0.4,0.405));
#789 = CIRCLE('',#790,4.5E-02);
#790 = AXIS2_PLACEMENT_3D('',#791,#792,#793);
#791 = CARTESIAN_POINT('',(-0.545,0.4,0.405));
#792 = DIRECTION('',(0.,-1.,0.));
#793 = DIRECTION('',(0.,0.,1.));
#794 = ORIENTED_EDGE('',*,*,#795,.F.);
#795 = EDGE_CURVE('',#796,#787,#798,.T.);
#796 = VERTEX_POINT('',#797);
#797 = CARTESIAN_POINT('',(-0.755,0.4,0.405));
#798 = LINE('',#799,#800);
#799 = CARTESIAN_POINT('',(-0.755,0.4,0.405));
#800 = VECTOR('',#801,1.);
#801 = DIRECTION('',(1.,0.,0.));
#802 = ORIENTED_EDGE('',*,*,#803,.F.);
#803 = EDGE_CURVE('',#804,#796,#806,.T.);
#804 = VERTEX_POINT('',#805);
#805 = CARTESIAN_POINT('',(-0.755,0.4,4.5E-02));
#806 = LINE('',#807,#808);
#807 = CARTESIAN_POINT('',(-0.755,0.4,4.5E-02));
#808 = VECTOR('',#809,1.);
#809 = DIRECTION('',(0.,0.,1.));
#810 = ORIENTED_EDGE('',*,*,#811,.T.);
#811 = EDGE_CURVE('',#804,#812,#814,.T.);
#812 = VERTEX_POINT('',#813);
#813 = CARTESIAN_POINT('',(-0.5,0.4,4.5E-02));
#814 = LINE('',#815,#816);
#815 = CARTESIAN_POINT('',(-0.755,0.4,4.5E-02));
#816 = VECTOR('',#817,1.);
#817 = DIRECTION('',(1.,0.,0.));
#818 = ORIENTED_EDGE('',*,*,#819,.T.);
#819 = EDGE_CURVE('',#812,#768,#820,.T.);
#820 = CIRCLE('',#821,4.5E-02);
#821 = AXIS2_PLACEMENT_3D('',#822,#823,#824);
#822 = CARTESIAN_POINT('',(-0.545,0.4,4.5E-02));
#823 = DIRECTION('',(0.,1.,0.));
#824 = DIRECTION('',(0.,-0.,1.));
#825 = PLANE('',#826);
#826 = AXIS2_PLACEMENT_3D('',#827,#828,#829);
#827 = CARTESIAN_POINT('',(-0.8,0.4,0.));
#828 = DIRECTION('',(0.,1.,0.));
#829 = DIRECTION('',(0.,-0.,1.));
#830 = ADVANCED_FACE('',(#831),#842,.F.);
#831 = FACE_BOUND('',#832,.F.);
#832 = EDGE_LOOP('',(#833,#834,#835,#836));
#833 = ORIENTED_EDGE('',*,*,#767,.F.);
#834 = ORIENTED_EDGE('',*,*,#727,.F.);
#835 = ORIENTED_EDGE('',*,*,#634,.T.);
#836 = ORIENTED_EDGE('',*,*,#837,.T.);
#837 = EDGE_CURVE('',#637,#768,#838,.T.);
#838 = LINE('',#839,#840);
#839 = CARTESIAN_POINT('',(-0.545,-0.4,-2.775557561563E-17));
#840 = VECTOR('',#841,1.);
#841 = DIRECTION('',(0.,1.,0.));
#842 = PLANE('',#843);
#843 = AXIS2_PLACEMENT_3D('',#844,#845,#846);
#844 = CARTESIAN_POINT('',(-0.8,-0.4,0.));
#845 = DIRECTION('',(0.,0.,1.));
#846 = DIRECTION('',(1.,0.,-0.));
#847 = ADVANCED_FACE('',(#848),#859,.T.);
#848 = FACE_BOUND('',#849,.T.);
#849 = EDGE_LOOP('',(#850,#851,#852,#853));
#850 = ORIENTED_EDGE('',*,*,#702,.T.);
#851 = ORIENTED_EDGE('',*,*,#837,.T.);
#852 = ORIENTED_EDGE('',*,*,#819,.F.);
#853 = ORIENTED_EDGE('',*,*,#854,.F.);
#854 = EDGE_CURVE('',#695,#812,#855,.T.);
#855 = LINE('',#856,#857);
#856 = CARTESIAN_POINT('',(-0.5,-0.4,4.5E-02));
#857 = VECTOR('',#858,1.);
#858 = DIRECTION('',(0.,1.,0.));
#859 = CYLINDRICAL_SURFACE('',#860,4.5E-02);
#860 = AXIS2_PLACEMENT_3D('',#861,#862,#863);
#861 = CARTESIAN_POINT('',(-0.545,-0.4,4.5E-02));
#862 = DIRECTION('',(0.,1.,0.));
#863 = DIRECTION('',(1.,0.,0.));
#864 = ADVANCED_FACE('',(#865),#908,.F.);
#865 = FACE_BOUND('',#866,.F.);
#866 = EDGE_LOOP('',(#867,#868,#869,#870,#878,#886,#894,#902));
#867 = ORIENTED_EDGE('',*,*,#694,.F.);
#868 = ORIENTED_EDGE('',*,*,#686,.T.);
#869 = ORIENTED_EDGE('',*,*,#678,.T.);
#870 = ORIENTED_EDGE('',*,*,#871,.T.);
#871 = EDGE_CURVE('',#670,#872,#874,.T.);
#872 = VERTEX_POINT('',#873);
#873 = CARTESIAN_POINT('',(0.5,-0.4,0.405));
#874 = LINE('',#875,#876);
#875 = CARTESIAN_POINT('',(-0.5,-0.4,0.405));
#876 = VECTOR('',#877,1.);
#877 = DIRECTION('',(1.,0.,0.));
#878 = ORIENTED_EDGE('',*,*,#879,.T.);
#879 = EDGE_CURVE('',#872,#880,#882,.T.);
#880 = VERTEX_POINT('',#881);
#881 = CARTESIAN_POINT('',(0.755,-0.4,0.405));
#882 = LINE('',#883,#884);
#883 = CARTESIAN_POINT('',(-0.755,-0.4,0.405));
#884 = VECTOR('',#885,1.);
#885 = DIRECTION('',(1.,0.,0.));
#886 = ORIENTED_EDGE('',*,*,#887,.F.);
#887 = EDGE_CURVE('',#888,#880,#890,.T.);
#888 = VERTEX_POINT('',#889);
#889 = CARTESIAN_POINT('',(0.755,-0.4,4.5E-02));
#890 = LINE('',#891,#892);
#891 = CARTESIAN_POINT('',(0.755,-0.4,4.5E-02));
#892 = VECTOR('',#893,1.);
#893 = DIRECTION('',(0.,0.,1.));
#894 = ORIENTED_EDGE('',*,*,#895,.F.);
#895 = EDGE_CURVE('',#896,#888,#898,.T.);
#896 = VERTEX_POINT('',#897);
#897 = CARTESIAN_POINT('',(0.5,-0.4,4.5E-02));
#898 = LINE('',#899,#900);
#899 = CARTESIAN_POINT('',(-0.755,-0.4,4.5E-02));
#900 = VECTOR('',#901,1.);
#901 = DIRECTION('',(1.,0.,0.));
#902 = ORIENTED_EDGE('',*,*,#903,.F.);
#903 = EDGE_CURVE('',#695,#896,#904,.T.);
#904 = LINE('',#905,#906);
#905 = CARTESIAN_POINT('',(-0.755,-0.4,4.5E-02));
#906 = VECTOR('',#907,1.);
#907 = DIRECTION('',(1.,0.,0.));
#908 = PLANE('',#909);
#909 = AXIS2_PLACEMENT_3D('',#910,#911,#912);
#910 = CARTESIAN_POINT('',(-0.755,-0.4,4.5E-02));
#911 = DIRECTION('',(0.,1.,0.));
#912 = DIRECTION('',(0.,-0.,1.));
#913 = ADVANCED_FACE('',(#914),#925,.T.);
#914 = FACE_BOUND('',#915,.T.);
#915 = EDGE_LOOP('',(#916,#917,#918,#919));
#916 = ORIENTED_EDGE('',*,*,#778,.F.);
#917 = ORIENTED_EDGE('',*,*,#743,.F.);
#918 = ORIENTED_EDGE('',*,*,#661,.T.);
#919 = ORIENTED_EDGE('',*,*,#920,.T.);
#920 = EDGE_CURVE('',#662,#779,#921,.T.);
#921 = LINE('',#922,#923);
#922 = CARTESIAN_POINT('',(-0.545,-0.4,0.45));
#923 = VECTOR('',#924,1.);
#924 = DIRECTION('',(0.,1.,0.));
#925 = PLANE('',#926);
#926 = AXIS2_PLACEMENT_3D('',#927,#928,#929);
#927 = CARTESIAN_POINT('',(-0.8,-0.4,0.45));
#928 = DIRECTION('',(0.,0.,1.));
#929 = DIRECTION('',(1.,0.,-0.));
#930 = ADVANCED_FACE('',(#931),#942,.T.);
#931 = FACE_BOUND('',#932,.T.);
#932 = EDGE_LOOP('',(#933,#939,#940,#941));
#933 = ORIENTED_EDGE('',*,*,#934,.T.);
#934 = EDGE_CURVE('',#670,#787,#935,.T.);
#935 = LINE('',#936,#937);
#936 = CARTESIAN_POINT('',(-0.5,-0.4,0.405));
#937 = VECTOR('',#938,1.);
#938 = DIRECTION('',(0.,1.,0.));
#939 = ORIENTED_EDGE('',*,*,#786,.T.);
#940 = ORIENTED_EDGE('',*,*,#920,.F.);
#941 = ORIENTED_EDGE('',*,*,#669,.F.);
#942 = CYLINDRICAL_SURFACE('',#943,4.5E-02);
#943 = AXIS2_PLACEMENT_3D('',#944,#945,#946);
#944 = CARTESIAN_POINT('',(-0.545,-0.4,0.405));
#945 = DIRECTION('',(0.,1.,0.));
#946 = DIRECTION('',(1.,0.,0.));
#947 = ADVANCED_FACE('',(#948),#991,.T.);
#948 = FACE_BOUND('',#949,.T.);
#949 = EDGE_LOOP('',(#950,#951,#952,#953,#961,#969,#977,#985));
#950 = ORIENTED_EDGE('',*,*,#811,.F.);
#951 = ORIENTED_EDGE('',*,*,#803,.T.);
#952 = ORIENTED_EDGE('',*,*,#795,.T.);
#953 = ORIENTED_EDGE('',*,*,#954,.T.);
#954 = EDGE_CURVE('',#787,#955,#957,.T.);
#955 = VERTEX_POINT('',#956);
#956 = CARTESIAN_POINT('',(0.5,0.4,0.405));
#957 = LINE('',#958,#959);
#958 = CARTESIAN_POINT('',(-0.5,0.4,0.405));
#959 = VECTOR('',#960,1.);
#960 = DIRECTION('',(1.,0.,0.));
#961 = ORIENTED_EDGE('',*,*,#962,.T.);
#962 = EDGE_CURVE('',#955,#963,#965,.T.);
#963 = VERTEX_POINT('',#964);
#964 = CARTESIAN_POINT('',(0.755,0.4,0.405));
#965 = LINE('',#966,#967);
#966 = CARTESIAN_POINT('',(-0.755,0.4,0.405));
#967 = VECTOR('',#968,1.);
#968 = DIRECTION('',(1.,0.,0.));
#969 = ORIENTED_EDGE('',*,*,#970,.F.);
#970 = EDGE_CURVE('',#971,#963,#973,.T.);
#971 = VERTEX_POINT('',#972);
#972 = CARTESIAN_POINT('',(0.755,0.4,4.5E-02));
#973 = LINE('',#974,#975);
#974 = CARTESIAN_POINT('',(0.755,0.4,4.5E-02));
#975 = VECTOR('',#976,1.);
#976 = DIRECTION('',(0.,0.,1.));
#977 = ORIENTED_EDGE('',*,*,#978,.F.);
#978 = EDGE_CURVE('',#979,#971,#981,.T.);
#979 = VERTEX_POINT('',#980);
#980 = CARTESIAN_POINT('',(0.5,0.4,4.5E-02));
#981 = LINE('',#982,#983);
#982 = CARTESIAN_POINT('',(-0.755,0.4,4.5E-02));
#983 = VECTOR('',#984,1.);
#984 = DIRECTION('',(1.,0.,0.));
#985 = ORIENTED_EDGE('',*,*,#986,.F.);
#986 = EDGE_CURVE('',#812,#979,#987,.T.);
#987 = LINE('',#988,#989);
#988 = CARTESIAN_POINT('',(-0.755,0.4,4.5E-02));
#989 = VECTOR('',#990,1.);
#990 = DIRECTION('',(1.,0.,0.));
#991 = PLANE('',#992);
#992 = AXIS2_PLACEMENT_3D('',#993,#994,#995);
#993 = CARTESIAN_POINT('',(-0.755,0.4,4.5E-02));
#994 = DIRECTION('',(0.,1.,0.));
#995 = DIRECTION('',(0.,-0.,1.));
#996 = ADVANCED_FACE('',(#997),#1008,.F.);
#997 = FACE_BOUND('',#998,.F.);
#998 = EDGE_LOOP('',(#999,#1000,#1001,#1007));
#999 = ORIENTED_EDGE('',*,*,#854,.F.);
#1000 = ORIENTED_EDGE('',*,*,#903,.T.);
#1001 = ORIENTED_EDGE('',*,*,#1002,.T.);
#1002 = EDGE_CURVE('',#896,#979,#1003,.T.);
#1003 = LINE('',#1004,#1005);
#1004 = CARTESIAN_POINT('',(0.5,-0.4,4.5E-02));
#1005 = VECTOR('',#1006,1.);
#1006 = DIRECTION('',(0.,1.,0.));
#1007 = ORIENTED_EDGE('',*,*,#986,.F.);
#1008 = PLANE('',#1009);
#1009 = AXIS2_PLACEMENT_3D('',#1010,#1011,#1012);
#1010 = CARTESIAN_POINT('',(-0.755,-0.4,4.5E-02));
#1011 = DIRECTION('',(0.,0.,1.));
#1012 = DIRECTION('',(1.,0.,-0.));
#1013 = ADVANCED_FACE('',(#1014),#1077,.F.);
#1014 = FACE_BOUND('',#1015,.F.);
#1015 = EDGE_LOOP('',(#1016,#1026,#1033,#1034,#1035,#1036,#1045,#1053,
    #1062,#1070));
#1016 = ORIENTED_EDGE('',*,*,#1017,.F.);
#1017 = EDGE_CURVE('',#1018,#1020,#1022,.T.);
#1018 = VERTEX_POINT('',#1019);
#1019 = CARTESIAN_POINT('',(0.545,-0.4,-2.775557561563E-17));
#1020 = VERTEX_POINT('',#1021);
#1021 = CARTESIAN_POINT('',(0.755,-0.4,-2.775557561563E-17));
#1022 = LINE('',#1023,#1024);
#1023 = CARTESIAN_POINT('',(0.5,-0.4,0.));
#1024 = VECTOR('',#1025,1.);
#1025 = DIRECTION('',(1.,0.,0.));
#1026 = ORIENTED_EDGE('',*,*,#1027,.F.);
#1027 = EDGE_CURVE('',#896,#1018,#1028,.T.);
#1028 = CIRCLE('',#1029,4.5E-02);
#1029 = AXIS2_PLACEMENT_3D('',#1030,#1031,#1032);
#1030 = CARTESIAN_POINT('',(0.545,-0.4,4.5E-02));
#1031 = DIRECTION('',(0.,-1.,0.));
#1032 = DIRECTION('',(0.,0.,1.));
#1033 = ORIENTED_EDGE('',*,*,#895,.T.);
#1034 = ORIENTED_EDGE('',*,*,#887,.T.);
#1035 = ORIENTED_EDGE('',*,*,#879,.F.);
#1036 = ORIENTED_EDGE('',*,*,#1037,.T.);
#1037 = EDGE_CURVE('',#872,#1038,#1040,.T.);
#1038 = VERTEX_POINT('',#1039);
#1039 = CARTESIAN_POINT('',(0.545,-0.4,0.45));
#1040 = CIRCLE('',#1041,4.5E-02);
#1041 = AXIS2_PLACEMENT_3D('',#1042,#1043,#1044);
#1042 = CARTESIAN_POINT('',(0.545,-0.4,0.405));
#1043 = DIRECTION('',(0.,1.,0.));
#1044 = DIRECTION('',(0.,-0.,1.));
#1045 = ORIENTED_EDGE('',*,*,#1046,.T.);
#1046 = EDGE_CURVE('',#1038,#1047,#1049,.T.);
#1047 = VERTEX_POINT('',#1048);
#1048 = CARTESIAN_POINT('',(0.755,-0.4,0.45));
#1049 = LINE('',#1050,#1051);
#1050 = CARTESIAN_POINT('',(0.5,-0.4,0.45));
#1051 = VECTOR('',#1052,1.);
#1052 = DIRECTION('',(1.,0.,0.));
#1053 = ORIENTED_EDGE('',*,*,#1054,.F.);
#1054 = EDGE_CURVE('',#1055,#1047,#1057,.T.);
#1055 = VERTEX_POINT('',#1056);
#1056 = CARTESIAN_POINT('',(0.8,-0.4,0.405));
#1057 = CIRCLE('',#1058,4.5E-02);
#1058 = AXIS2_PLACEMENT_3D('',#1059,#1060,#1061);
#1059 = CARTESIAN_POINT('',(0.755,-0.4,0.405));
#1060 = DIRECTION('',(0.,-1.,0.));
#1061 = DIRECTION('',(0.,0.,1.));
#1062 = ORIENTED_EDGE('',*,*,#1063,.F.);
#1063 = EDGE_CURVE('',#1064,#1055,#1066,.T.);
#1064 = VERTEX_POINT('',#1065);
#1065 = CARTESIAN_POINT('',(0.8,-0.4,4.5E-02));
#1066 = LINE('',#1067,#1068);
#1067 = CARTESIAN_POINT('',(0.8,-0.4,0.));
#1068 = VECTOR('',#1069,1.);
#1069 = DIRECTION('',(0.,0.,1.));
#1070 = ORIENTED_EDGE('',*,*,#1071,.T.);
#1071 = EDGE_CURVE('',#1064,#1020,#1072,.T.);
#1072 = CIRCLE('',#1073,4.5E-02);
#1073 = AXIS2_PLACEMENT_3D('',#1074,#1075,#1076);
#1074 = CARTESIAN_POINT('',(0.755,-0.4,4.5E-02));
#1075 = DIRECTION('',(0.,1.,0.));
#1076 = DIRECTION('',(0.,-0.,1.));
#1077 = PLANE('',#1078);
#1078 = AXIS2_PLACEMENT_3D('',#1079,#1080,#1081);
#1079 = CARTESIAN_POINT('',(0.5,-0.4,0.));
#1080 = DIRECTION('',(0.,1.,0.));
#1081 = DIRECTION('',(0.,-0.,1.));
#1082 = ADVANCED_FACE('',(#1083),#1108,.F.);
#1083 = FACE_BOUND('',#1084,.F.);
#1084 = EDGE_LOOP('',(#1085,#1086,#1094,#1102));
#1085 = ORIENTED_EDGE('',*,*,#871,.F.);
#1086 = ORIENTED_EDGE('',*,*,#1087,.T.);
#1087 = EDGE_CURVE('',#670,#1088,#1090,.T.);
#1088 = VERTEX_POINT('',#1089);
#1089 = CARTESIAN_POINT('',(-0.5,-0.4,0.45));
#1090 = LINE('',#1091,#1092);
#1091 = CARTESIAN_POINT('',(-0.5,-0.4,0.405));
#1092 = VECTOR('',#1093,1.);
#1093 = DIRECTION('',(0.,0.,1.));
#1094 = ORIENTED_EDGE('',*,*,#1095,.T.);
#1095 = EDGE_CURVE('',#1088,#1096,#1098,.T.);
#1096 = VERTEX_POINT('',#1097);
#1097 = CARTESIAN_POINT('',(0.5,-0.4,0.45));
#1098 = LINE('',#1099,#1100);
#1099 = CARTESIAN_POINT('',(-0.5,-0.4,0.45));
#1100 = VECTOR('',#1101,1.);
#1101 = DIRECTION('',(1.,0.,0.));
#1102 = ORIENTED_EDGE('',*,*,#1103,.F.);
#1103 = EDGE_CURVE('',#872,#1096,#1104,.T.);
#1104 = LINE('',#1105,#1106);
#1105 = CARTESIAN_POINT('',(0.5,-0.4,0.405));
#1106 = VECTOR('',#1107,1.);
#1107 = DIRECTION('',(0.,0.,1.));
#1108 = PLANE('',#1109);
#1109 = AXIS2_PLACEMENT_3D('',#1110,#1111,#1112);
#1110 = CARTESIAN_POINT('',(-0.5,-0.4,0.405));
#1111 = DIRECTION('',(0.,1.,0.));
#1112 = DIRECTION('',(0.,-0.,1.));
#1113 = ADVANCED_FACE('',(#1114),#1132,.F.);
#1114 = FACE_BOUND('',#1115,.F.);
#1115 = EDGE_LOOP('',(#1116,#1117,#1118,#1126));
#1116 = ORIENTED_EDGE('',*,*,#1087,.F.);
#1117 = ORIENTED_EDGE('',*,*,#934,.T.);
#1118 = ORIENTED_EDGE('',*,*,#1119,.T.);
#1119 = EDGE_CURVE('',#787,#1120,#1122,.T.);
#1120 = VERTEX_POINT('',#1121);
#1121 = CARTESIAN_POINT('',(-0.5,0.4,0.45));
#1122 = LINE('',#1123,#1124);
#1123 = CARTESIAN_POINT('',(-0.5,0.4,0.405));
#1124 = VECTOR('',#1125,1.);
#1125 = DIRECTION('',(0.,0.,1.));
#1126 = ORIENTED_EDGE('',*,*,#1127,.F.);
#1127 = EDGE_CURVE('',#1088,#1120,#1128,.T.);
#1128 = LINE('',#1129,#1130);
#1129 = CARTESIAN_POINT('',(-0.5,-0.4,0.45));
#1130 = VECTOR('',#1131,1.);
#1131 = DIRECTION('',(0.,1.,0.));
#1132 = PLANE('',#1133);
#1133 = AXIS2_PLACEMENT_3D('',#1134,#1135,#1136);
#1134 = CARTESIAN_POINT('',(-0.5,-0.4,0.405));
#1135 = DIRECTION('',(1.,0.,0.));
#1136 = DIRECTION('',(0.,0.,1.));
#1137 = ADVANCED_FACE('',(#1138),#1201,.T.);
#1138 = FACE_BOUND('',#1139,.T.);
#1139 = EDGE_LOOP('',(#1140,#1150,#1157,#1158,#1159,#1160,#1169,#1177,
    #1186,#1194));
#1140 = ORIENTED_EDGE('',*,*,#1141,.F.);
#1141 = EDGE_CURVE('',#1142,#1144,#1146,.T.);
#1142 = VERTEX_POINT('',#1143);
#1143 = CARTESIAN_POINT('',(0.545,0.4,-2.775557561563E-17));
#1144 = VERTEX_POINT('',#1145);
#1145 = CARTESIAN_POINT('',(0.755,0.4,-2.775557561563E-17));
#1146 = LINE('',#1147,#1148);
#1147 = CARTESIAN_POINT('',(0.5,0.4,0.));
#1148 = VECTOR('',#1149,1.);
#1149 = DIRECTION('',(1.,0.,0.));
#1150 = ORIENTED_EDGE('',*,*,#1151,.F.);
#1151 = EDGE_CURVE('',#979,#1142,#1152,.T.);
#1152 = CIRCLE('',#1153,4.5E-02);
#1153 = AXIS2_PLACEMENT_3D('',#1154,#1155,#1156);
#1154 = CARTESIAN_POINT('',(0.545,0.4,4.5E-02));
#1155 = DIRECTION('',(0.,-1.,0.));
#1156 = DIRECTION('',(0.,0.,1.));
#1157 = ORIENTED_EDGE('',*,*,#978,.T.);
#1158 = ORIENTED_EDGE('',*,*,#970,.T.);
#1159 = ORIENTED_EDGE('',*,*,#962,.F.);
#1160 = ORIENTED_EDGE('',*,*,#1161,.T.);
#1161 = EDGE_CURVE('',#955,#1162,#1164,.T.);
#1162 = VERTEX_POINT('',#1163);
#1163 = CARTESIAN_POINT('',(0.545,0.4,0.45));
#1164 = CIRCLE('',#1165,4.5E-02);
#1165 = AXIS2_PLACEMENT_3D('',#1166,#1167,#1168);
#1166 = CARTESIAN_POINT('',(0.545,0.4,0.405));
#1167 = DIRECTION('',(0.,1.,0.));
#1168 = DIRECTION('',(0.,-0.,1.));
#1169 = ORIENTED_EDGE('',*,*,#1170,.T.);
#1170 = EDGE_CURVE('',#1162,#1171,#1173,.T.);
#1171 = VERTEX_POINT('',#1172);
#1172 = CARTESIAN_POINT('',(0.755,0.4,0.45));
#1173 = LINE('',#1174,#1175);
#1174 = CARTESIAN_POINT('',(0.5,0.4,0.45));
#1175 = VECTOR('',#1176,1.);
#1176 = DIRECTION('',(1.,0.,0.));
#1177 = ORIENTED_EDGE('',*,*,#1178,.F.);
#1178 = EDGE_CURVE('',#1179,#1171,#1181,.T.);
#1179 = VERTEX_POINT('',#1180);
#1180 = CARTESIAN_POINT('',(0.8,0.4,0.405));
#1181 = CIRCLE('',#1182,4.5E-02);
#1182 = AXIS2_PLACEMENT_3D('',#1183,#1184,#1185);
#1183 = CARTESIAN_POINT('',(0.755,0.4,0.405));
#1184 = DIRECTION('',(0.,-1.,0.));
#1185 = DIRECTION('',(0.,0.,1.));
#1186 = ORIENTED_EDGE('',*,*,#1187,.F.);
#1187 = EDGE_CURVE('',#1188,#1179,#1190,.T.);
#1188 = VERTEX_POINT('',#1189);
#1189 = CARTESIAN_POINT('',(0.8,0.4,4.5E-02));
#1190 = LINE('',#1191,#1192);
#1191 = CARTESIAN_POINT('',(0.8,0.4,0.));
#1192 = VECTOR('',#1193,1.);
#1193 = DIRECTION('',(0.,0.,1.));
#1194 = ORIENTED_EDGE('',*,*,#1195,.T.);
#1195 = EDGE_CURVE('',#1188,#1144,#1196,.T.);
#1196 = CIRCLE('',#1197,4.5E-02);
#1197 = AXIS2_PLACEMENT_3D('',#1198,#1199,#1200);
#1198 = CARTESIAN_POINT('',(0.755,0.4,4.5E-02));
#1199 = DIRECTION('',(0.,1.,0.));
#1200 = DIRECTION('',(0.,-0.,1.));
#1201 = PLANE('',#1202);
#1202 = AXIS2_PLACEMENT_3D('',#1203,#1204,#1205);
#1203 = CARTESIAN_POINT('',(0.5,0.4,0.));
#1204 = DIRECTION('',(0.,1.,0.));
#1205 = DIRECTION('',(0.,-0.,1.));
#1206 = ADVANCED_FACE('',(#1207),#1225,.T.);
#1207 = FACE_BOUND('',#1208,.T.);
#1208 = EDGE_LOOP('',(#1209,#1210,#1211,#1219));
#1209 = ORIENTED_EDGE('',*,*,#954,.F.);
#1210 = ORIENTED_EDGE('',*,*,#1119,.T.);
#1211 = ORIENTED_EDGE('',*,*,#1212,.T.);
#1212 = EDGE_CURVE('',#1120,#1213,#1215,.T.);
#1213 = VERTEX_POINT('',#1214);
#1214 = CARTESIAN_POINT('',(0.5,0.4,0.45));
#1215 = LINE('',#1216,#1217);
#1216 = CARTESIAN_POINT('',(-0.5,0.4,0.45));
#1217 = VECTOR('',#1218,1.);
#1218 = DIRECTION('',(1.,0.,0.));
#1219 = ORIENTED_EDGE('',*,*,#1220,.F.);
#1220 = EDGE_CURVE('',#955,#1213,#1221,.T.);
#1221 = LINE('',#1222,#1223);
#1222 = CARTESIAN_POINT('',(0.5,0.4,0.405));
#1223 = VECTOR('',#1224,1.);
#1224 = DIRECTION('',(0.,0.,1.));
#1225 = PLANE('',#1226);
#1226 = AXIS2_PLACEMENT_3D('',#1227,#1228,#1229);
#1227 = CARTESIAN_POINT('',(-0.5,0.4,0.405));
#1228 = DIRECTION('',(0.,1.,0.));
#1229 = DIRECTION('',(0.,-0.,1.));
#1230 = ADVANCED_FACE('',(#1231),#1242,.T.);
#1231 = FACE_BOUND('',#1232,.T.);
#1232 = EDGE_LOOP('',(#1233,#1234,#1235,#1241));
#1233 = ORIENTED_EDGE('',*,*,#1002,.T.);
#1234 = ORIENTED_EDGE('',*,*,#1151,.T.);
#1235 = ORIENTED_EDGE('',*,*,#1236,.F.);
#1236 = EDGE_CURVE('',#1018,#1142,#1237,.T.);
#1237 = LINE('',#1238,#1239);
#1238 = CARTESIAN_POINT('',(0.545,-0.4,-2.775557561563E-17));
#1239 = VECTOR('',#1240,1.);
#1240 = DIRECTION('',(0.,1.,0.));
#1241 = ORIENTED_EDGE('',*,*,#1027,.F.);
#1242 = CYLINDRICAL_SURFACE('',#1243,4.5E-02);
#1243 = AXIS2_PLACEMENT_3D('',#1244,#1245,#1246);
#1244 = CARTESIAN_POINT('',(0.545,-0.4,4.5E-02));
#1245 = DIRECTION('',(0.,1.,0.));
#1246 = DIRECTION('',(-1.,0.,0.));
#1247 = ADVANCED_FACE('',(#1248),#1259,.F.);
#1248 = FACE_BOUND('',#1249,.F.);
#1249 = EDGE_LOOP('',(#1250,#1251,#1252,#1253));
#1250 = ORIENTED_EDGE('',*,*,#1141,.F.);
#1251 = ORIENTED_EDGE('',*,*,#1236,.F.);
#1252 = ORIENTED_EDGE('',*,*,#1017,.T.);
#1253 = ORIENTED_EDGE('',*,*,#1254,.T.);
#1254 = EDGE_CURVE('',#1020,#1144,#1255,.T.);
#1255 = LINE('',#1256,#1257);
#1256 = CARTESIAN_POINT('',(0.755,-0.4,-2.775557561563E-17));
#1257 = VECTOR('',#1258,1.);
#1258 = DIRECTION('',(0.,1.,0.));
#1259 = PLANE('',#1260);
#1260 = AXIS2_PLACEMENT_3D('',#1261,#1262,#1263);
#1261 = CARTESIAN_POINT('',(0.5,-0.4,0.));
#1262 = DIRECTION('',(0.,0.,1.));
#1263 = DIRECTION('',(1.,0.,-0.));
#1264 = ADVANCED_FACE('',(#1265),#1276,.T.);
#1265 = FACE_BOUND('',#1266,.T.);
#1266 = EDGE_LOOP('',(#1267,#1268,#1269,#1270));
#1267 = ORIENTED_EDGE('',*,*,#1071,.T.);
#1268 = ORIENTED_EDGE('',*,*,#1254,.T.);
#1269 = ORIENTED_EDGE('',*,*,#1195,.F.);
#1270 = ORIENTED_EDGE('',*,*,#1271,.F.);
#1271 = EDGE_CURVE('',#1064,#1188,#1272,.T.);
#1272 = LINE('',#1273,#1274);
#1273 = CARTESIAN_POINT('',(0.8,-0.4,4.5E-02));
#1274 = VECTOR('',#1275,1.);
#1275 = DIRECTION('',(0.,1.,0.));
#1276 = CYLINDRICAL_SURFACE('',#1277,4.5E-02);
#1277 = AXIS2_PLACEMENT_3D('',#1278,#1279,#1280);
#1278 = CARTESIAN_POINT('',(0.755,-0.4,4.5E-02));
#1279 = DIRECTION('',(0.,1.,0.));
#1280 = DIRECTION('',(1.,0.,0.));
#1281 = ADVANCED_FACE('',(#1282),#1293,.T.);
#1282 = FACE_BOUND('',#1283,.T.);
#1283 = EDGE_LOOP('',(#1284,#1285,#1286,#1287));
#1284 = ORIENTED_EDGE('',*,*,#1063,.F.);
#1285 = ORIENTED_EDGE('',*,*,#1271,.T.);
#1286 = ORIENTED_EDGE('',*,*,#1187,.T.);
#1287 = ORIENTED_EDGE('',*,*,#1288,.F.);
#1288 = EDGE_CURVE('',#1055,#1179,#1289,.T.);
#1289 = LINE('',#1290,#1291);
#1290 = CARTESIAN_POINT('',(0.8,-0.4,0.405));
#1291 = VECTOR('',#1292,1.);
#1292 = DIRECTION('',(0.,1.,0.));
#1293 = PLANE('',#1294);
#1294 = AXIS2_PLACEMENT_3D('',#1295,#1296,#1297);
#1295 = CARTESIAN_POINT('',(0.8,-0.4,0.));
#1296 = DIRECTION('',(1.,0.,0.));
#1297 = DIRECTION('',(0.,0.,1.));
#1298 = ADVANCED_FACE('',(#1299),#1310,.T.);
#1299 = FACE_BOUND('',#1300,.T.);
#1300 = EDGE_LOOP('',(#1301,#1302,#1303,#1309));
#1301 = ORIENTED_EDGE('',*,*,#1288,.T.);
#1302 = ORIENTED_EDGE('',*,*,#1178,.T.);
#1303 = ORIENTED_EDGE('',*,*,#1304,.F.);
#1304 = EDGE_CURVE('',#1047,#1171,#1305,.T.);
#1305 = LINE('',#1306,#1307);
#1306 = CARTESIAN_POINT('',(0.755,-0.4,0.45));
#1307 = VECTOR('',#1308,1.);
#1308 = DIRECTION('',(0.,1.,0.));
#1309 = ORIENTED_EDGE('',*,*,#1054,.F.);
#1310 = CYLINDRICAL_SURFACE('',#1311,4.5E-02);
#1311 = AXIS2_PLACEMENT_3D('',#1312,#1313,#1314);
#1312 = CARTESIAN_POINT('',(0.755,-0.4,0.405));
#1313 = DIRECTION('',(0.,1.,0.));
#1314 = DIRECTION('',(1.,0.,0.));
#1315 = ADVANCED_FACE('',(#1316),#1327,.T.);
#1316 = FACE_BOUND('',#1317,.T.);
#1317 = EDGE_LOOP('',(#1318,#1319,#1325,#1326));
#1318 = ORIENTED_EDGE('',*,*,#1170,.F.);
#1319 = ORIENTED_EDGE('',*,*,#1320,.F.);
#1320 = EDGE_CURVE('',#1038,#1162,#1321,.T.);
#1321 = LINE('',#1322,#1323);
#1322 = CARTESIAN_POINT('',(0.545,-0.4,0.45));
#1323 = VECTOR('',#1324,1.);
#1324 = DIRECTION('',(0.,1.,0.));
#1325 = ORIENTED_EDGE('',*,*,#1046,.T.);
#1326 = ORIENTED_EDGE('',*,*,#1304,.T.);
#1327 = PLANE('',#1328);
#1328 = AXIS2_PLACEMENT_3D('',#1329,#1330,#1331);
#1329 = CARTESIAN_POINT('',(0.5,-0.4,0.45));
#1330 = DIRECTION('',(0.,0.,1.));
#1331 = DIRECTION('',(1.,0.,-0.));
#1332 = ADVANCED_FACE('',(#1333),#1344,.T.);
#1333 = FACE_BOUND('',#1334,.T.);
#1334 = EDGE_LOOP('',(#1335,#1336,#1337,#1338));
#1335 = ORIENTED_EDGE('',*,*,#1037,.T.);
#1336 = ORIENTED_EDGE('',*,*,#1320,.T.);
#1337 = ORIENTED_EDGE('',*,*,#1161,.F.);
#1338 = ORIENTED_EDGE('',*,*,#1339,.F.);
#1339 = EDGE_CURVE('',#872,#955,#1340,.T.);
#1340 = LINE('',#1341,#1342);
#1341 = CARTESIAN_POINT('',(0.5,-0.4,0.405));
#1342 = VECTOR('',#1343,1.);
#1343 = DIRECTION('',(0.,1.,0.));
#1344 = CYLINDRICAL_SURFACE('',#1345,4.5E-02);
#1345 = AXIS2_PLACEMENT_3D('',#1346,#1347,#1348);
#1346 = CARTESIAN_POINT('',(0.545,-0.4,0.405));
#1347 = DIRECTION('',(0.,1.,0.));
#1348 = DIRECTION('',(-1.,0.,0.));
#1349 = ADVANCED_FACE('',(#1350),#1361,.T.);
#1350 = FACE_BOUND('',#1351,.T.);
#1351 = EDGE_LOOP('',(#1352,#1353,#1354,#1355));
#1352 = ORIENTED_EDGE('',*,*,#1103,.F.);
#1353 = ORIENTED_EDGE('',*,*,#1339,.T.);
#1354 = ORIENTED_EDGE('',*,*,#1220,.T.);
#1355 = ORIENTED_EDGE('',*,*,#1356,.F.);
#1356 = EDGE_CURVE('',#1096,#1213,#1357,.T.);
#1357 = LINE('',#1358,#1359);
#1358 = CARTESIAN_POINT('',(0.5,-0.4,0.45));
#1359 = VECTOR('',#1360,1.);
#1360 = DIRECTION('',(0.,1.,0.));
#1361 = PLANE('',#1362);
#1362 = AXIS2_PLACEMENT_3D('',#1363,#1364,#1365);
#1363 = CARTESIAN_POINT('',(0.5,-0.4,0.405));
#1364 = DIRECTION('',(1.,0.,0.));
#1365 = DIRECTION('',(0.,0.,1.));
#1366 = ADVANCED_FACE('',(#1367),#1373,.T.);
#1367 = FACE_BOUND('',#1368,.T.);
#1368 = EDGE_LOOP('',(#1369,#1370,#1371,#1372));
#1369 = ORIENTED_EDGE('',*,*,#1127,.F.);
#1370 = ORIENTED_EDGE('',*,*,#1095,.T.);
#1371 = ORIENTED_EDGE('',*,*,#1356,.T.);
#1372 = ORIENTED_EDGE('',*,*,#1212,.F.);
#1373 = PLANE('',#1374);
#1374 = AXIS2_PLACEMENT_3D('',#1375,#1376,#1377);
#1375 = CARTESIAN_POINT('',(-0.5,-0.4,0.45));
#1376 = DIRECTION('',(0.,0.,1.));
#1377 = DIRECTION('',(1.,0.,-0.));
#1378 = ( GEOMETRIC_REPRESENTATION_CONTEXT(3) 
GLOBAL_UNCERTAINTY_ASSIGNED_CONTEXT((#1382)) 
GLOBAL_UNIT_ASSIGNED_CONTEXT((#1379,#1380,#1381)) REPRESENTATION_CONTEXT
('Context #1','3D Context with UNIT and UNCERTAINTY') );
#1379 = ( LENGTH_UNIT() NAMED_UNIT(*) SI_UNIT(.MILLI.,.METRE.) );
#1380 = ( NAMED_UNIT(*) PLANE_ANGLE_UNIT() SI_UNIT($,.RADIAN.) );
#1381 = ( NAMED_UNIT(*) SI_UNIT($,.STERADIAN.) SOLID_ANGLE_UNIT() );
#1382 = UNCERTAINTY_MEASURE_WITH_UNIT(LENGTH_MEASURE(1.E-07),#1379,
  'distance_accuracy_value','confusion accuracy');
#1383 = CONTEXT_DEPENDENT_SHAPE_REPRESENTATION(#1384,#1386);
#1384 = ( REPRESENTATION_RELATIONSHIP('','',#587,#10) 
REPRESENTATION_RELATIONSHIP_WITH_TRANSFORMATION(#1385) 
SHAPE_REPRESENTATION_RELATIONSHIP() );
#1385 = ITEM_DEFINED_TRANSFORMATION('','',#11,#19);
#1386 = PRODUCT_DEFINITION_SHAPE('Placement','Placement of an item',
  #1387);
#1387 = NEXT_ASSEMBLY_USAGE_OCCURRENCE('2','R4','',#5,#582,$);
#1388 = PRODUCT_RELATED_PRODUCT_CATEGORY('part',$,(#584));
#1389 = CONTEXT_DEPENDENT_SHAPE_REPRESENTATION(#1390,#1392);
#1390 = ( REPRESENTATION_RELATIONSHIP('','',#587,#10) 
REPRESENTATION_RELATIONSHIP_WITH_TRANSFORMATION(#1391) 
SHAPE_REPRESENTATION_RELATIONSHIP() );
#1391 = ITEM_DEFINED_TRANSFORMATION('','',#11,#23);
#1392 = PRODUCT_DEFINITION_SHAPE('Placement','Placement of an item',
  #1393);
#1393 = NEXT_ASSEMBLY_USAGE_OCCURRENCE('3','R3','',#5,#582,$);
#1394 = SHAPE_DEFINITION_REPRESENTATION(#1395,#1401);
#1395 = PRODUCT_DEFINITION_SHAPE('','',#1396);
#1396 = PRODUCT_DEFINITION('design','',#1397,#1400);
#1397 = PRODUCT_DEFINITION_FORMATION('','',#1398);
#1398 = PRODUCT('PinHeader_1x03_P2.00mm_Vertical',
  'PinHeader_1x03_P2.00mm_Vertical','',(#1399));
#1399 = PRODUCT_CONTEXT('',#2,'mechanical');
#1400 = PRODUCT_DEFINITION_CONTEXT('part definition',#2,'design');
#1401 = ADVANCED_BREP_SHAPE_REPRESENTATION('',(#11,#1402),#3508);
#1402 = MANIFOLD_SOLID_BREP('',#1403);
#1403 = CLOSED_SHELL('',(#1404,#1444,#1475,#1506,#1753,#2000,#2017,#2034
    ,#2051,#2068,#2085,#2102,#2119,#2136,#2153,#2170,#2187,#2204,#2221,
    #2238,#2255,#2272,#2284,#2315,#2339,#2363,#2380,#2411,#2435,#2459,
    #2476,#2507,#2531,#2555,#2572,#2603,#2627,#2651,#2668,#2699,#2723,
    #2747,#2764,#2795,#2819,#2843,#2860,#2891,#2915,#2939,#2956,#2987,
    #3011,#3035,#3052,#3083,#3107,#3131,#3148,#3179,#3203,#3227,#3244,
    #3275,#3299,#3323,#3340,#3371,#3395,#3419,#3436,#3448,#3460,#3472,
    #3484,#3496));
#1404 = ADVANCED_FACE('',(#1405),#1439,.F.);
#1405 = FACE_BOUND('',#1406,.F.);
#1406 = EDGE_LOOP('',(#1407,#1417,#1425,#1433));
#1407 = ORIENTED_EDGE('',*,*,#1408,.T.);
#1408 = EDGE_CURVE('',#1409,#1411,#1413,.T.);
#1409 = VERTEX_POINT('',#1410);
#1410 = CARTESIAN_POINT('',(-0.8,1.,0.));
#1411 = VERTEX_POINT('',#1412);
#1412 = CARTESIAN_POINT('',(-0.8,1.,2.));
#1413 = LINE('',#1414,#1415);
#1414 = CARTESIAN_POINT('',(-0.8,1.,0.));
#1415 = VECTOR('',#1416,1.);
#1416 = DIRECTION('',(0.,0.,1.));
#1417 = ORIENTED_EDGE('',*,*,#1418,.T.);
#1418 = EDGE_CURVE('',#1411,#1419,#1421,.T.);
#1419 = VERTEX_POINT('',#1420);
#1420 = CARTESIAN_POINT('',(-1.,0.8,2.));
#1421 = LINE('',#1422,#1423);
#1422 = CARTESIAN_POINT('',(-0.8,1.,2.));
#1423 = VECTOR('',#1424,1.);
#1424 = DIRECTION('',(-0.707106781187,-0.707106781187,0.));
#1425 = ORIENTED_EDGE('',*,*,#1426,.F.);
#1426 = EDGE_CURVE('',#1427,#1419,#1429,.T.);
#1427 = VERTEX_POINT('',#1428);
#1428 = CARTESIAN_POINT('',(-1.,0.8,0.));
#1429 = LINE('',#1430,#1431);
#1430 = CARTESIAN_POINT('',(-1.,0.8,0.));
#1431 = VECTOR('',#1432,1.);
#1432 = DIRECTION('',(0.,0.,1.));
#1433 = ORIENTED_EDGE('',*,*,#1434,.F.);
#1434 = EDGE_CURVE('',#1409,#1427,#1435,.T.);
#1435 = LINE('',#1436,#1437);
#1436 = CARTESIAN_POINT('',(-0.8,1.,0.));
#1437 = VECTOR('',#1438,1.);
#1438 = DIRECTION('',(-0.707106781187,-0.707106781187,0.));
#1439 = PLANE('',#1440);
#1440 = AXIS2_PLACEMENT_3D('',#1441,#1442,#1443);
#1441 = CARTESIAN_POINT('',(-0.8,1.,0.));
#1442 = DIRECTION('',(0.707106781187,-0.707106781187,0.));
#1443 = DIRECTION('',(-0.707106781187,-0.707106781187,0.));
#1444 = ADVANCED_FACE('',(#1445),#1470,.F.);
#1445 = FACE_BOUND('',#1446,.F.);
#1446 = EDGE_LOOP('',(#1447,#1457,#1463,#1464));
#1447 = ORIENTED_EDGE('',*,*,#1448,.T.);
#1448 = EDGE_CURVE('',#1449,#1451,#1453,.T.);
#1449 = VERTEX_POINT('',#1450);
#1450 = CARTESIAN_POINT('',(0.8,1.,0.));
#1451 = VERTEX_POINT('',#1452);
#1452 = CARTESIAN_POINT('',(0.8,1.,2.));
#1453 = LINE('',#1454,#1455);
#1454 = CARTESIAN_POINT('',(0.8,1.,0.));
#1455 = VECTOR('',#1456,1.);
#1456 = DIRECTION('',(0.,0.,1.));
#1457 = ORIENTED_EDGE('',*,*,#1458,.T.);
#1458 = EDGE_CURVE('',#1451,#1411,#1459,.T.);
#1459 = LINE('',#1460,#1461);
#1460 = CARTESIAN_POINT('',(0.8,1.,2.));
#1461 = VECTOR('',#1462,1.);
#1462 = DIRECTION('',(-1.,1.387778780781E-16,0.));
#1463 = ORIENTED_EDGE('',*,*,#1408,.F.);
#1464 = ORIENTED_EDGE('',*,*,#1465,.F.);
#1465 = EDGE_CURVE('',#1449,#1409,#1466,.T.);
#1466 = LINE('',#1467,#1468);
#1467 = CARTESIAN_POINT('',(0.8,1.,0.));
#1468 = VECTOR('',#1469,1.);
#1469 = DIRECTION('',(-1.,1.387778780781E-16,0.));
#1470 = PLANE('',#1471);
#1471 = AXIS2_PLACEMENT_3D('',#1472,#1473,#1474);
#1472 = CARTESIAN_POINT('',(0.8,1.,0.));
#1473 = DIRECTION('',(-1.387778780781E-16,-1.,0.));
#1474 = DIRECTION('',(-1.,1.387778780781E-16,0.));
#1475 = ADVANCED_FACE('',(#1476),#1501,.F.);
#1476 = FACE_BOUND('',#1477,.F.);
#1477 = EDGE_LOOP('',(#1478,#1479,#1487,#1495));
#1478 = ORIENTED_EDGE('',*,*,#1426,.T.);
#1479 = ORIENTED_EDGE('',*,*,#1480,.T.);
#1480 = EDGE_CURVE('',#1419,#1481,#1483,.T.);
#1481 = VERTEX_POINT('',#1482);
#1482 = CARTESIAN_POINT('',(-1.,-0.8,2.));
#1483 = LINE('',#1484,#1485);
#1484 = CARTESIAN_POINT('',(-1.,0.8,2.));
#1485 = VECTOR('',#1486,1.);
#1486 = DIRECTION('',(0.,-1.,0.));
#1487 = ORIENTED_EDGE('',*,*,#1488,.F.);
#1488 = EDGE_CURVE('',#1489,#1481,#1491,.T.);
#1489 = VERTEX_POINT('',#1490);
#1490 = CARTESIAN_POINT('',(-1.,-0.8,0.));
#1491 = LINE('',#1492,#1493);
#1492 = CARTESIAN_POINT('',(-1.,-0.8,0.));
#1493 = VECTOR('',#1494,1.);
#1494 = DIRECTION('',(0.,0.,1.));
#1495 = ORIENTED_EDGE('',*,*,#1496,.F.);
#1496 = EDGE_CURVE('',#1427,#1489,#1497,.T.);
#1497 = LINE('',#1498,#1499);
#1498 = CARTESIAN_POINT('',(-1.,0.8,0.));
#1499 = VECTOR('',#1500,1.);
#1500 = DIRECTION('',(0.,-1.,0.));
#1501 = PLANE('',#1502);
#1502 = AXIS2_PLACEMENT_3D('',#1503,#1504,#1505);
#1503 = CARTESIAN_POINT('',(-1.,0.8,0.));
#1504 = DIRECTION('',(1.,0.,0.));
#1505 = DIRECTION('',(0.,-1.,0.));
#1506 = ADVANCED_FACE('',(#1507,#1646,#1680,#1714),#1748,.F.);
#1507 = FACE_BOUND('',#1508,.F.);
#1508 = EDGE_LOOP('',(#1509,#1510,#1511,#1519,#1527,#1535,#1543,#1551,
    #1559,#1567,#1575,#1583,#1591,#1599,#1607,#1615,#1623,#1631,#1639,
    #1645));
#1509 = ORIENTED_EDGE('',*,*,#1434,.T.);
#1510 = ORIENTED_EDGE('',*,*,#1496,.T.);
#1511 = ORIENTED_EDGE('',*,*,#1512,.T.);
#1512 = EDGE_CURVE('',#1489,#1513,#1515,.T.);
#1513 = VERTEX_POINT('',#1514);
#1514 = CARTESIAN_POINT('',(-0.8,-1.,0.));
#1515 = LINE('',#1516,#1517);
#1516 = CARTESIAN_POINT('',(-1.,-0.8,0.));
#1517 = VECTOR('',#1518,1.);
#1518 = DIRECTION('',(0.707106781187,-0.707106781187,0.));
#1519 = ORIENTED_EDGE('',*,*,#1520,.T.);
#1520 = EDGE_CURVE('',#1513,#1521,#1523,.T.);
#1521 = VERTEX_POINT('',#1522);
#1522 = CARTESIAN_POINT('',(-1.,-1.2,0.));
#1523 = LINE('',#1524,#1525);
#1524 = CARTESIAN_POINT('',(-0.8,-1.,0.));
#1525 = VECTOR('',#1526,1.);
#1526 = DIRECTION('',(-0.707106781187,-0.707106781187,0.));
#1527 = ORIENTED_EDGE('',*,*,#1528,.T.);
#1528 = EDGE_CURVE('',#1521,#1529,#1531,.T.);
#1529 = VERTEX_POINT('',#1530);
#1530 = CARTESIAN_POINT('',(-1.,-2.8,0.));
#1531 = LINE('',#1532,#1533);
#1532 = CARTESIAN_POINT('',(-1.,-1.2,0.));
#1533 = VECTOR('',#1534,1.);
#1534 = DIRECTION('',(0.,-1.,0.));
#1535 = ORIENTED_EDGE('',*,*,#1536,.T.);
#1536 = EDGE_CURVE('',#1529,#1537,#1539,.T.);
#1537 = VERTEX_POINT('',#1538);
#1538 = CARTESIAN_POINT('',(-0.8,-3.,0.));
#1539 = LINE('',#1540,#1541);
#1540 = CARTESIAN_POINT('',(-1.,-2.8,0.));
#1541 = VECTOR('',#1542,1.);
#1542 = DIRECTION('',(0.707106781187,-0.707106781187,0.));
#1543 = ORIENTED_EDGE('',*,*,#1544,.T.);
#1544 = EDGE_CURVE('',#1537,#1545,#1547,.T.);
#1545 = VERTEX_POINT('',#1546);
#1546 = CARTESIAN_POINT('',(-1.,-3.2,0.));
#1547 = LINE('',#1548,#1549);
#1548 = CARTESIAN_POINT('',(-0.8,-3.,0.));
#1549 = VECTOR('',#1550,1.);
#1550 = DIRECTION('',(-0.707106781187,-0.707106781187,0.));
#1551 = ORIENTED_EDGE('',*,*,#1552,.T.);
#1552 = EDGE_CURVE('',#1545,#1553,#1555,.T.);
#1553 = VERTEX_POINT('',#1554);
#1554 = CARTESIAN_POINT('',(-1.,-4.8,0.));
#1555 = LINE('',#1556,#1557);
#1556 = CARTESIAN_POINT('',(-1.,-3.2,0.));
#1557 = VECTOR('',#1558,1.);
#1558 = DIRECTION('',(0.,-1.,0.));
#1559 = ORIENTED_EDGE('',*,*,#1560,.T.);
#1560 = EDGE_CURVE('',#1553,#1561,#1563,.T.);
#1561 = VERTEX_POINT('',#1562);
#1562 = CARTESIAN_POINT('',(-0.8,-5.,0.));
#1563 = LINE('',#1564,#1565);
#1564 = CARTESIAN_POINT('',(-1.,-4.8,0.));
#1565 = VECTOR('',#1566,1.);
#1566 = DIRECTION('',(0.707106781187,-0.707106781187,0.));
#1567 = ORIENTED_EDGE('',*,*,#1568,.T.);
#1568 = EDGE_CURVE('',#1561,#1569,#1571,.T.);
#1569 = VERTEX_POINT('',#1570);
#1570 = CARTESIAN_POINT('',(0.8,-5.,0.));
#1571 = LINE('',#1572,#1573);
#1572 = CARTESIAN_POINT('',(-0.8,-5.,0.));
#1573 = VECTOR('',#1574,1.);
#1574 = DIRECTION('',(1.,0.,0.));
#1575 = ORIENTED_EDGE('',*,*,#1576,.T.);
#1576 = EDGE_CURVE('',#1569,#1577,#1579,.T.);
#1577 = VERTEX_POINT('',#1578);
#1578 = CARTESIAN_POINT('',(1.,-4.8,0.));
#1579 = LINE('',#1580,#1581);
#1580 = CARTESIAN_POINT('',(0.8,-5.,0.));
#1581 = VECTOR('',#1582,1.);
#1582 = DIRECTION('',(0.707106781187,0.707106781187,0.));
#1583 = ORIENTED_EDGE('',*,*,#1584,.T.);
#1584 = EDGE_CURVE('',#1577,#1585,#1587,.T.);
#1585 = VERTEX_POINT('',#1586);
#1586 = CARTESIAN_POINT('',(1.,-3.2,0.));
#1587 = LINE('',#1588,#1589);
#1588 = CARTESIAN_POINT('',(1.,-4.8,0.));
#1589 = VECTOR('',#1590,1.);
#1590 = DIRECTION('',(0.,1.,0.));
#1591 = ORIENTED_EDGE('',*,*,#1592,.T.);
#1592 = EDGE_CURVE('',#1585,#1593,#1595,.T.);
#1593 = VERTEX_POINT('',#1594);
#1594 = CARTESIAN_POINT('',(0.8,-3.,0.));
#1595 = LINE('',#1596,#1597);
#1596 = CARTESIAN_POINT('',(1.,-3.2,0.));
#1597 = VECTOR('',#1598,1.);
#1598 = DIRECTION('',(-0.707106781187,0.707106781187,0.));
#1599 = ORIENTED_EDGE('',*,*,#1600,.T.);
#1600 = EDGE_CURVE('',#1593,#1601,#1603,.T.);
#1601 = VERTEX_POINT('',#1602);
#1602 = CARTESIAN_POINT('',(1.,-2.8,0.));
#1603 = LINE('',#1604,#1605);
#1604 = CARTESIAN_POINT('',(0.8,-3.,0.));
#1605 = VECTOR('',#1606,1.);
#1606 = DIRECTION('',(0.707106781187,0.707106781187,0.));
#1607 = ORIENTED_EDGE('',*,*,#1608,.T.);
#1608 = EDGE_CURVE('',#1601,#1609,#1611,.T.);
#1609 = VERTEX_POINT('',#1610);
#1610 = CARTESIAN_POINT('',(1.,-1.2,0.));
#1611 = LINE('',#1612,#1613);
#1612 = CARTESIAN_POINT('',(1.,-2.8,0.));
#1613 = VECTOR('',#1614,1.);
#1614 = DIRECTION('',(0.,1.,0.));
#1615 = ORIENTED_EDGE('',*,*,#1616,.T.);
#1616 = EDGE_CURVE('',#1609,#1617,#1619,.T.);
#1617 = VERTEX_POINT('',#1618);
#1618 = CARTESIAN_POINT('',(0.8,-1.,0.));
#1619 = LINE('',#1620,#1621);
#1620 = CARTESIAN_POINT('',(1.,-1.2,0.));
#1621 = VECTOR('',#1622,1.);
#1622 = DIRECTION('',(-0.707106781187,0.707106781187,0.));
#1623 = ORIENTED_EDGE('',*,*,#1624,.T.);
#1624 = EDGE_CURVE('',#1617,#1625,#1627,.T.);
#1625 = VERTEX_POINT('',#1626);
#1626 = CARTESIAN_POINT('',(1.,-0.8,0.));
#1627 = LINE('',#1628,#1629);
#1628 = CARTESIAN_POINT('',(0.8,-1.,0.));
#1629 = VECTOR('',#1630,1.);
#1630 = DIRECTION('',(0.707106781187,0.707106781187,0.));
#1631 = ORIENTED_EDGE('',*,*,#1632,.T.);
#1632 = EDGE_CURVE('',#1625,#1633,#1635,.T.);
#1633 = VERTEX_POINT('',#1634);
#1634 = CARTESIAN_POINT('',(1.,0.8,0.));
#1635 = LINE('',#1636,#1637);
#1636 = CARTESIAN_POINT('',(1.,-0.8,0.));
#1637 = VECTOR('',#1638,1.);
#1638 = DIRECTION('',(0.,1.,0.));
#1639 = ORIENTED_EDGE('',*,*,#1640,.T.);
#1640 = EDGE_CURVE('',#1633,#1449,#1641,.T.);
#1641 = LINE('',#1642,#1643);
#1642 = CARTESIAN_POINT('',(1.,0.8,0.));
#1643 = VECTOR('',#1644,1.);
#1644 = DIRECTION('',(-0.707106781187,0.707106781187,0.));
#1645 = ORIENTED_EDGE('',*,*,#1465,.T.);
#1646 = FACE_BOUND('',#1647,.F.);
#1647 = EDGE_LOOP('',(#1648,#1658,#1666,#1674));
#1648 = ORIENTED_EDGE('',*,*,#1649,.F.);
#1649 = EDGE_CURVE('',#1650,#1652,#1654,.T.);
#1650 = VERTEX_POINT('',#1651);
#1651 = CARTESIAN_POINT('',(0.25,-0.25,0.));
#1652 = VERTEX_POINT('',#1653);
#1653 = CARTESIAN_POINT('',(0.25,0.25,0.));
#1654 = LINE('',#1655,#1656);
#1655 = CARTESIAN_POINT('',(0.25,-1.125,0.));
#1656 = VECTOR('',#1657,1.);
#1657 = DIRECTION('',(0.,1.,0.));
#1658 = ORIENTED_EDGE('',*,*,#1659,.T.);
#1659 = EDGE_CURVE('',#1650,#1660,#1662,.T.);
#1660 = VERTEX_POINT('',#1661);
#1661 = CARTESIAN_POINT('',(-0.25,-0.25,0.));
#1662 = LINE('',#1663,#1664);
#1663 = CARTESIAN_POINT('',(-0.125,-0.25,0.));
#1664 = VECTOR('',#1665,1.);
#1665 = DIRECTION('',(-1.,0.,0.));
#1666 = ORIENTED_EDGE('',*,*,#1667,.T.);
#1667 = EDGE_CURVE('',#1660,#1668,#1670,.T.);
#1668 = VERTEX_POINT('',#1669);
#1669 = CARTESIAN_POINT('',(-0.25,0.25,0.));
#1670 = LINE('',#1671,#1672);
#1671 = CARTESIAN_POINT('',(-0.25,-1.125,0.));
#1672 = VECTOR('',#1673,1.);
#1673 = DIRECTION('',(0.,1.,0.));
#1674 = ORIENTED_EDGE('',*,*,#1675,.F.);
#1675 = EDGE_CURVE('',#1652,#1668,#1676,.T.);
#1676 = LINE('',#1677,#1678);
#1677 = CARTESIAN_POINT('',(-0.125,0.25,0.));
#1678 = VECTOR('',#1679,1.);
#1679 = DIRECTION('',(-1.,0.,0.));
#1680 = FACE_BOUND('',#1681,.F.);
#1681 = EDGE_LOOP('',(#1682,#1692,#1700,#1708));
#1682 = ORIENTED_EDGE('',*,*,#1683,.T.);
#1683 = EDGE_CURVE('',#1684,#1686,#1688,.T.);
#1684 = VERTEX_POINT('',#1685);
#1685 = CARTESIAN_POINT('',(0.25,-2.25,0.));
#1686 = VERTEX_POINT('',#1687);
#1687 = CARTESIAN_POINT('',(-0.25,-2.25,0.));
#1688 = LINE('',#1689,#1690);
#1689 = CARTESIAN_POINT('',(-0.125,-2.25,0.));
#1690 = VECTOR('',#1691,1.);
#1691 = DIRECTION('',(-1.,0.,0.));
#1692 = ORIENTED_EDGE('',*,*,#1693,.T.);
#1693 = EDGE_CURVE('',#1686,#1694,#1696,.T.);
#1694 = VERTEX_POINT('',#1695);
#1695 = CARTESIAN_POINT('',(-0.25,-1.75,0.));
#1696 = LINE('',#1697,#1698);
#1697 = CARTESIAN_POINT('',(-0.25,-2.125,0.));
#1698 = VECTOR('',#1699,1.);
#1699 = DIRECTION('',(0.,1.,0.));
#1700 = ORIENTED_EDGE('',*,*,#1701,.F.);
#1701 = EDGE_CURVE('',#1702,#1694,#1704,.T.);
#1702 = VERTEX_POINT('',#1703);
#1703 = CARTESIAN_POINT('',(0.25,-1.75,0.));
#1704 = LINE('',#1705,#1706);
#1705 = CARTESIAN_POINT('',(-0.125,-1.75,0.));
#1706 = VECTOR('',#1707,1.);
#1707 = DIRECTION('',(-1.,0.,0.));
#1708 = ORIENTED_EDGE('',*,*,#1709,.F.);
#1709 = EDGE_CURVE('',#1684,#1702,#1710,.T.);
#1710 = LINE('',#1711,#1712);
#1711 = CARTESIAN_POINT('',(0.25,-2.125,0.));
#1712 = VECTOR('',#1713,1.);
#1713 = DIRECTION('',(0.,1.,0.));
#1714 = FACE_BOUND('',#1715,.F.);
#1715 = EDGE_LOOP('',(#1716,#1726,#1734,#1742));
#1716 = ORIENTED_EDGE('',*,*,#1717,.F.);
#1717 = EDGE_CURVE('',#1718,#1720,#1722,.T.);
#1718 = VERTEX_POINT('',#1719);
#1719 = CARTESIAN_POINT('',(0.25,-3.75,0.));
#1720 = VERTEX_POINT('',#1721);
#1721 = CARTESIAN_POINT('',(-0.25,-3.75,0.));
#1722 = LINE('',#1723,#1724);
#1723 = CARTESIAN_POINT('',(-0.125,-3.75,0.));
#1724 = VECTOR('',#1725,1.);
#1725 = DIRECTION('',(-1.,0.,0.));
#1726 = ORIENTED_EDGE('',*,*,#1727,.F.);
#1727 = EDGE_CURVE('',#1728,#1718,#1730,.T.);
#1728 = VERTEX_POINT('',#1729);
#1729 = CARTESIAN_POINT('',(0.25,-4.25,0.));
#1730 = LINE('',#1731,#1732);
#1731 = CARTESIAN_POINT('',(0.25,-3.125,0.));
#1732 = VECTOR('',#1733,1.);
#1733 = DIRECTION('',(0.,1.,0.));
#1734 = ORIENTED_EDGE('',*,*,#1735,.T.);
#1735 = EDGE_CURVE('',#1728,#1736,#1738,.T.);
#1736 = VERTEX_POINT('',#1737);
#1737 = CARTESIAN_POINT('',(-0.25,-4.25,0.));
#1738 = LINE('',#1739,#1740);
#1739 = CARTESIAN_POINT('',(-0.125,-4.25,0.));
#1740 = VECTOR('',#1741,1.);
#1741 = DIRECTION('',(-1.,0.,0.));
#1742 = ORIENTED_EDGE('',*,*,#1743,.T.);
#1743 = EDGE_CURVE('',#1736,#1720,#1744,.T.);
#1744 = LINE('',#1745,#1746);
#1745 = CARTESIAN_POINT('',(-0.25,-3.125,0.));
#1746 = VECTOR('',#1747,1.);
#1747 = DIRECTION('',(0.,1.,0.));
#1748 = PLANE('',#1749);
#1749 = AXIS2_PLACEMENT_3D('',#1750,#1751,#1752);
#1750 = CARTESIAN_POINT('',(0.,-2.,0.));
#1751 = DIRECTION('',(0.,0.,1.));
#1752 = DIRECTION('',(1.,0.,-0.));
#1753 = ADVANCED_FACE('',(#1754,#1893,#1927,#1961),#1995,.T.);
#1754 = FACE_BOUND('',#1755,.T.);
#1755 = EDGE_LOOP('',(#1756,#1757,#1758,#1766,#1774,#1782,#1790,#1798,
    #1806,#1814,#1822,#1830,#1838,#1846,#1854,#1862,#1870,#1878,#1886,
    #1892));
#1756 = ORIENTED_EDGE('',*,*,#1418,.T.);
#1757 = ORIENTED_EDGE('',*,*,#1480,.T.);
#1758 = ORIENTED_EDGE('',*,*,#1759,.T.);
#1759 = EDGE_CURVE('',#1481,#1760,#1762,.T.);
#1760 = VERTEX_POINT('',#1761);
#1761 = CARTESIAN_POINT('',(-0.8,-1.,2.));
#1762 = LINE('',#1763,#1764);
#1763 = CARTESIAN_POINT('',(-1.,-0.8,2.));
#1764 = VECTOR('',#1765,1.);
#1765 = DIRECTION('',(0.707106781187,-0.707106781187,0.));
#1766 = ORIENTED_EDGE('',*,*,#1767,.T.);
#1767 = EDGE_CURVE('',#1760,#1768,#1770,.T.);
#1768 = VERTEX_POINT('',#1769);
#1769 = CARTESIAN_POINT('',(-1.,-1.2,2.));
#1770 = LINE('',#1771,#1772);
#1771 = CARTESIAN_POINT('',(-0.8,-1.,2.));
#1772 = VECTOR('',#1773,1.);
#1773 = DIRECTION('',(-0.707106781187,-0.707106781187,0.));
#1774 = ORIENTED_EDGE('',*,*,#1775,.T.);
#1775 = EDGE_CURVE('',#1768,#1776,#1778,.T.);
#1776 = VERTEX_POINT('',#1777);
#1777 = CARTESIAN_POINT('',(-1.,-2.8,2.));
#1778 = LINE('',#1779,#1780);
#1779 = CARTESIAN_POINT('',(-1.,-1.2,2.));
#1780 = VECTOR('',#1781,1.);
#1781 = DIRECTION('',(0.,-1.,0.));
#1782 = ORIENTED_EDGE('',*,*,#1783,.T.);
#1783 = EDGE_CURVE('',#1776,#1784,#1786,.T.);
#1784 = VERTEX_POINT('',#1785);
#1785 = CARTESIAN_POINT('',(-0.8,-3.,2.));
#1786 = LINE('',#1787,#1788);
#1787 = CARTESIAN_POINT('',(-1.,-2.8,2.));
#1788 = VECTOR('',#1789,1.);
#1789 = DIRECTION('',(0.707106781187,-0.707106781187,0.));
#1790 = ORIENTED_EDGE('',*,*,#1791,.T.);
#1791 = EDGE_CURVE('',#1784,#1792,#1794,.T.);
#1792 = VERTEX_POINT('',#1793);
#1793 = CARTESIAN_POINT('',(-1.,-3.2,2.));
#1794 = LINE('',#1795,#1796);
#1795 = CARTESIAN_POINT('',(-0.8,-3.,2.));
#1796 = VECTOR('',#1797,1.);
#1797 = DIRECTION('',(-0.707106781187,-0.707106781187,0.));
#1798 = ORIENTED_EDGE('',*,*,#1799,.T.);
#1799 = EDGE_CURVE('',#1792,#1800,#1802,.T.);
#1800 = VERTEX_POINT('',#1801);
#1801 = CARTESIAN_POINT('',(-1.,-4.8,2.));
#1802 = LINE('',#1803,#1804);
#1803 = CARTESIAN_POINT('',(-1.,-3.2,2.));
#1804 = VECTOR('',#1805,1.);
#1805 = DIRECTION('',(0.,-1.,0.));
#1806 = ORIENTED_EDGE('',*,*,#1807,.T.);
#1807 = EDGE_CURVE('',#1800,#1808,#1810,.T.);
#1808 = VERTEX_POINT('',#1809);
#1809 = CARTESIAN_POINT('',(-0.8,-5.,2.));
#1810 = LINE('',#1811,#1812);
#1811 = CARTESIAN_POINT('',(-1.,-4.8,2.));
#1812 = VECTOR('',#1813,1.);
#1813 = DIRECTION('',(0.707106781187,-0.707106781187,0.));
#1814 = ORIENTED_EDGE('',*,*,#1815,.T.);
#1815 = EDGE_CURVE('',#1808,#1816,#1818,.T.);
#1816 = VERTEX_POINT('',#1817);
#1817 = CARTESIAN_POINT('',(0.8,-5.,2.));
#1818 = LINE('',#1819,#1820);
#1819 = CARTESIAN_POINT('',(-0.8,-5.,2.));
#1820 = VECTOR('',#1821,1.);
#1821 = DIRECTION('',(1.,0.,0.));
#1822 = ORIENTED_EDGE('',*,*,#1823,.T.);
#1823 = EDGE_CURVE('',#1816,#1824,#1826,.T.);
#1824 = VERTEX_POINT('',#1825);
#1825 = CARTESIAN_POINT('',(1.,-4.8,2.));
#1826 = LINE('',#1827,#1828);
#1827 = CARTESIAN_POINT('',(0.8,-5.,2.));
#1828 = VECTOR('',#1829,1.);
#1829 = DIRECTION('',(0.707106781187,0.707106781187,0.));
#1830 = ORIENTED_EDGE('',*,*,#1831,.T.);
#1831 = EDGE_CURVE('',#1824,#1832,#1834,.T.);
#1832 = VERTEX_POINT('',#1833);
#1833 = CARTESIAN_POINT('',(1.,-3.2,2.));
#1834 = LINE('',#1835,#1836);
#1835 = CARTESIAN_POINT('',(1.,-4.8,2.));
#1836 = VECTOR('',#1837,1.);
#1837 = DIRECTION('',(0.,1.,0.));
#1838 = ORIENTED_EDGE('',*,*,#1839,.T.);
#1839 = EDGE_CURVE('',#1832,#1840,#1842,.T.);
#1840 = VERTEX_POINT('',#1841);
#1841 = CARTESIAN_POINT('',(0.8,-3.,2.));
#1842 = LINE('',#1843,#1844);
#1843 = CARTESIAN_POINT('',(1.,-3.2,2.));
#1844 = VECTOR('',#1845,1.);
#1845 = DIRECTION('',(-0.707106781187,0.707106781187,0.));
#1846 = ORIENTED_EDGE('',*,*,#1847,.T.);
#1847 = EDGE_CURVE('',#1840,#1848,#1850,.T.);
#1848 = VERTEX_POINT('',#1849);
#1849 = CARTESIAN_POINT('',(1.,-2.8,2.));
#1850 = LINE('',#1851,#1852);
#1851 = CARTESIAN_POINT('',(0.8,-3.,2.));
#1852 = VECTOR('',#1853,1.);
#1853 = DIRECTION('',(0.707106781187,0.707106781187,0.));
#1854 = ORIENTED_EDGE('',*,*,#1855,.T.);
#1855 = EDGE_CURVE('',#1848,#1856,#1858,.T.);
#1856 = VERTEX_POINT('',#1857);
#1857 = CARTESIAN_POINT('',(1.,-1.2,2.));
#1858 = LINE('',#1859,#1860);
#1859 = CARTESIAN_POINT('',(1.,-2.8,2.));
#1860 = VECTOR('',#1861,1.);
#1861 = DIRECTION('',(0.,1.,0.));
#1862 = ORIENTED_EDGE('',*,*,#1863,.T.);
#1863 = EDGE_CURVE('',#1856,#1864,#1866,.T.);
#1864 = VERTEX_POINT('',#1865);
#1865 = CARTESIAN_POINT('',(0.8,-1.,2.));
#1866 = LINE('',#1867,#1868);
#1867 = CARTESIAN_POINT('',(1.,-1.2,2.));
#1868 = VECTOR('',#1869,1.);
#1869 = DIRECTION('',(-0.707106781187,0.707106781187,0.));
#1870 = ORIENTED_EDGE('',*,*,#1871,.T.);
#1871 = EDGE_CURVE('',#1864,#1872,#1874,.T.);
#1872 = VERTEX_POINT('',#1873);
#1873 = CARTESIAN_POINT('',(1.,-0.8,2.));
#1874 = LINE('',#1875,#1876);
#1875 = CARTESIAN_POINT('',(0.8,-1.,2.));
#1876 = VECTOR('',#1877,1.);
#1877 = DIRECTION('',(0.707106781187,0.707106781187,0.));
#1878 = ORIENTED_EDGE('',*,*,#1879,.T.);
#1879 = EDGE_CURVE('',#1872,#1880,#1882,.T.);
#1880 = VERTEX_POINT('',#1881);
#1881 = CARTESIAN_POINT('',(1.,0.8,2.));
#1882 = LINE('',#1883,#1884);
#1883 = CARTESIAN_POINT('',(1.,-0.8,2.));
#1884 = VECTOR('',#1885,1.);
#1885 = DIRECTION('',(0.,1.,0.));
#1886 = ORIENTED_EDGE('',*,*,#1887,.T.);
#1887 = EDGE_CURVE('',#1880,#1451,#1888,.T.);
#1888 = LINE('',#1889,#1890);
#1889 = CARTESIAN_POINT('',(1.,0.8,2.));
#1890 = VECTOR('',#1891,1.);
#1891 = DIRECTION('',(-0.707106781187,0.707106781187,0.));
#1892 = ORIENTED_EDGE('',*,*,#1458,.T.);
#1893 = FACE_BOUND('',#1894,.T.);
#1894 = EDGE_LOOP('',(#1895,#1905,#1913,#1921));
#1895 = ORIENTED_EDGE('',*,*,#1896,.F.);
#1896 = EDGE_CURVE('',#1897,#1899,#1901,.T.);
#1897 = VERTEX_POINT('',#1898);
#1898 = CARTESIAN_POINT('',(0.25,-0.25,2.));
#1899 = VERTEX_POINT('',#1900);
#1900 = CARTESIAN_POINT('',(0.25,0.25,2.));
#1901 = LINE('',#1902,#1903);
#1902 = CARTESIAN_POINT('',(0.25,-1.125,2.));
#1903 = VECTOR('',#1904,1.);
#1904 = DIRECTION('',(0.,1.,0.));
#1905 = ORIENTED_EDGE('',*,*,#1906,.T.);
#1906 = EDGE_CURVE('',#1897,#1907,#1909,.T.);
#1907 = VERTEX_POINT('',#1908);
#1908 = CARTESIAN_POINT('',(-0.25,-0.25,2.));
#1909 = LINE('',#1910,#1911);
#1910 = CARTESIAN_POINT('',(-0.125,-0.25,2.));
#1911 = VECTOR('',#1912,1.);
#1912 = DIRECTION('',(-1.,0.,0.));
#1913 = ORIENTED_EDGE('',*,*,#1914,.T.);
#1914 = EDGE_CURVE('',#1907,#1915,#1917,.T.);
#1915 = VERTEX_POINT('',#1916);
#1916 = CARTESIAN_POINT('',(-0.25,0.25,2.));
#1917 = LINE('',#1918,#1919);
#1918 = CARTESIAN_POINT('',(-0.25,-1.125,2.));
#1919 = VECTOR('',#1920,1.);
#1920 = DIRECTION('',(0.,1.,0.));
#1921 = ORIENTED_EDGE('',*,*,#1922,.F.);
#1922 = EDGE_CURVE('',#1899,#1915,#1923,.T.);
#1923 = LINE('',#1924,#1925);
#1924 = CARTESIAN_POINT('',(-0.125,0.25,2.));
#1925 = VECTOR('',#1926,1.);
#1926 = DIRECTION('',(-1.,0.,0.));
#1927 = FACE_BOUND('',#1928,.T.);
#1928 = EDGE_LOOP('',(#1929,#1939,#1947,#1955));
#1929 = ORIENTED_EDGE('',*,*,#1930,.T.);
#1930 = EDGE_CURVE('',#1931,#1933,#1935,.T.);
#1931 = VERTEX_POINT('',#1932);
#1932 = CARTESIAN_POINT('',(0.25,-2.25,2.));
#1933 = VERTEX_POINT('',#1934);
#1934 = CARTESIAN_POINT('',(-0.25,-2.25,2.));
#1935 = LINE('',#1936,#1937);
#1936 = CARTESIAN_POINT('',(-0.125,-2.25,2.));
#1937 = VECTOR('',#1938,1.);
#1938 = DIRECTION('',(-1.,0.,0.));
#1939 = ORIENTED_EDGE('',*,*,#1940,.T.);
#1940 = EDGE_CURVE('',#1933,#1941,#1943,.T.);
#1941 = VERTEX_POINT('',#1942);
#1942 = CARTESIAN_POINT('',(-0.25,-1.75,2.));
#1943 = LINE('',#1944,#1945);
#1944 = CARTESIAN_POINT('',(-0.25,-2.125,2.));
#1945 = VECTOR('',#1946,1.);
#1946 = DIRECTION('',(0.,1.,0.));
#1947 = ORIENTED_EDGE('',*,*,#1948,.F.);
#1948 = EDGE_CURVE('',#1949,#1941,#1951,.T.);
#1949 = VERTEX_POINT('',#1950);
#1950 = CARTESIAN_POINT('',(0.25,-1.75,2.));
#1951 = LINE('',#1952,#1953);
#1952 = CARTESIAN_POINT('',(-0.125,-1.75,2.));
#1953 = VECTOR('',#1954,1.);
#1954 = DIRECTION('',(-1.,0.,0.));
#1955 = ORIENTED_EDGE('',*,*,#1956,.F.);
#1956 = EDGE_CURVE('',#1931,#1949,#1957,.T.);
#1957 = LINE('',#1958,#1959);
#1958 = CARTESIAN_POINT('',(0.25,-2.125,2.));
#1959 = VECTOR('',#1960,1.);
#1960 = DIRECTION('',(0.,1.,0.));
#1961 = FACE_BOUND('',#1962,.T.);
#1962 = EDGE_LOOP('',(#1963,#1973,#1981,#1989));
#1963 = ORIENTED_EDGE('',*,*,#1964,.F.);
#1964 = EDGE_CURVE('',#1965,#1967,#1969,.T.);
#1965 = VERTEX_POINT('',#1966);
#1966 = CARTESIAN_POINT('',(0.25,-3.75,2.));
#1967 = VERTEX_POINT('',#1968);
#1968 = CARTESIAN_POINT('',(-0.25,-3.75,2.));
#1969 = LINE('',#1970,#1971);
#1970 = CARTESIAN_POINT('',(-0.125,-3.75,2.));
#1971 = VECTOR('',#1972,1.);
#1972 = DIRECTION('',(-1.,0.,0.));
#1973 = ORIENTED_EDGE('',*,*,#1974,.F.);
#1974 = EDGE_CURVE('',#1975,#1965,#1977,.T.);
#1975 = VERTEX_POINT('',#1976);
#1976 = CARTESIAN_POINT('',(0.25,-4.25,2.));
#1977 = LINE('',#1978,#1979);
#1978 = CARTESIAN_POINT('',(0.25,-3.125,2.));
#1979 = VECTOR('',#1980,1.);
#1980 = DIRECTION('',(0.,1.,0.));
#1981 = ORIENTED_EDGE('',*,*,#1982,.T.);
#1982 = EDGE_CURVE('',#1975,#1983,#1985,.T.);
#1983 = VERTEX_POINT('',#1984);
#1984 = CARTESIAN_POINT('',(-0.25,-4.25,2.));
#1985 = LINE('',#1986,#1987);
#1986 = CARTESIAN_POINT('',(-0.125,-4.25,2.));
#1987 = VECTOR('',#1988,1.);
#1988 = DIRECTION('',(-1.,0.,0.));
#1989 = ORIENTED_EDGE('',*,*,#1990,.T.);
#1990 = EDGE_CURVE('',#1983,#1967,#1991,.T.);
#1991 = LINE('',#1992,#1993);
#1992 = CARTESIAN_POINT('',(-0.25,-3.125,2.));
#1993 = VECTOR('',#1994,1.);
#1994 = DIRECTION('',(0.,1.,0.));
#1995 = PLANE('',#1996);
#1996 = AXIS2_PLACEMENT_3D('',#1997,#1998,#1999);
#1997 = CARTESIAN_POINT('',(0.,-2.,2.));
#1998 = DIRECTION('',(0.,0.,1.));
#1999 = DIRECTION('',(1.,0.,-0.));
#2000 = ADVANCED_FACE('',(#2001),#2012,.F.);
#2001 = FACE_BOUND('',#2002,.F.);
#2002 = EDGE_LOOP('',(#2003,#2009,#2010,#2011));
#2003 = ORIENTED_EDGE('',*,*,#2004,.T.);
#2004 = EDGE_CURVE('',#1633,#1880,#2005,.T.);
#2005 = LINE('',#2006,#2007);
#2006 = CARTESIAN_POINT('',(1.,0.8,0.));
#2007 = VECTOR('',#2008,1.);
#2008 = DIRECTION('',(0.,0.,1.));
#2009 = ORIENTED_EDGE('',*,*,#1887,.T.);
#2010 = ORIENTED_EDGE('',*,*,#1448,.F.);
#2011 = ORIENTED_EDGE('',*,*,#1640,.F.);
#2012 = PLANE('',#2013);
#2013 = AXIS2_PLACEMENT_3D('',#2014,#2015,#2016);
#2014 = CARTESIAN_POINT('',(1.,0.8,0.));
#2015 = DIRECTION('',(-0.707106781187,-0.707106781187,0.));
#2016 = DIRECTION('',(-0.707106781187,0.707106781187,0.));
#2017 = ADVANCED_FACE('',(#2018),#2029,.F.);
#2018 = FACE_BOUND('',#2019,.F.);
#2019 = EDGE_LOOP('',(#2020,#2021,#2022,#2028));
#2020 = ORIENTED_EDGE('',*,*,#1488,.T.);
#2021 = ORIENTED_EDGE('',*,*,#1759,.T.);
#2022 = ORIENTED_EDGE('',*,*,#2023,.F.);
#2023 = EDGE_CURVE('',#1513,#1760,#2024,.T.);
#2024 = LINE('',#2025,#2026);
#2025 = CARTESIAN_POINT('',(-0.8,-1.,0.));
#2026 = VECTOR('',#2027,1.);
#2027 = DIRECTION('',(0.,0.,1.));
#2028 = ORIENTED_EDGE('',*,*,#1512,.F.);
#2029 = PLANE('',#2030);
#2030 = AXIS2_PLACEMENT_3D('',#2031,#2032,#2033);
#2031 = CARTESIAN_POINT('',(-1.,-0.8,0.));
#2032 = DIRECTION('',(0.707106781187,0.707106781187,0.));
#2033 = DIRECTION('',(0.707106781187,-0.707106781187,0.));
#2034 = ADVANCED_FACE('',(#2035),#2046,.F.);
#2035 = FACE_BOUND('',#2036,.F.);
#2036 = EDGE_LOOP('',(#2037,#2043,#2044,#2045));
#2037 = ORIENTED_EDGE('',*,*,#2038,.T.);
#2038 = EDGE_CURVE('',#1625,#1872,#2039,.T.);
#2039 = LINE('',#2040,#2041);
#2040 = CARTESIAN_POINT('',(1.,-0.8,0.));
#2041 = VECTOR('',#2042,1.);
#2042 = DIRECTION('',(0.,0.,1.));
#2043 = ORIENTED_EDGE('',*,*,#1879,.T.);
#2044 = ORIENTED_EDGE('',*,*,#2004,.F.);
#2045 = ORIENTED_EDGE('',*,*,#1632,.F.);
#2046 = PLANE('',#2047);
#2047 = AXIS2_PLACEMENT_3D('',#2048,#2049,#2050);
#2048 = CARTESIAN_POINT('',(1.,-0.8,0.));
#2049 = DIRECTION('',(-1.,0.,0.));
#2050 = DIRECTION('',(0.,1.,0.));
#2051 = ADVANCED_FACE('',(#2052),#2063,.F.);
#2052 = FACE_BOUND('',#2053,.F.);
#2053 = EDGE_LOOP('',(#2054,#2055,#2056,#2062));
#2054 = ORIENTED_EDGE('',*,*,#2023,.T.);
#2055 = ORIENTED_EDGE('',*,*,#1767,.T.);
#2056 = ORIENTED_EDGE('',*,*,#2057,.F.);
#2057 = EDGE_CURVE('',#1521,#1768,#2058,.T.);
#2058 = LINE('',#2059,#2060);
#2059 = CARTESIAN_POINT('',(-1.,-1.2,0.));
#2060 = VECTOR('',#2061,1.);
#2061 = DIRECTION('',(0.,0.,1.));
#2062 = ORIENTED_EDGE('',*,*,#1520,.F.);
#2063 = PLANE('',#2064);
#2064 = AXIS2_PLACEMENT_3D('',#2065,#2066,#2067);
#2065 = CARTESIAN_POINT('',(-0.8,-1.,0.));
#2066 = DIRECTION('',(0.707106781187,-0.707106781187,0.));
#2067 = DIRECTION('',(-0.707106781187,-0.707106781187,0.));
#2068 = ADVANCED_FACE('',(#2069),#2080,.F.);
#2069 = FACE_BOUND('',#2070,.F.);
#2070 = EDGE_LOOP('',(#2071,#2077,#2078,#2079));
#2071 = ORIENTED_EDGE('',*,*,#2072,.T.);
#2072 = EDGE_CURVE('',#1617,#1864,#2073,.T.);
#2073 = LINE('',#2074,#2075);
#2074 = CARTESIAN_POINT('',(0.8,-1.,0.));
#2075 = VECTOR('',#2076,1.);
#2076 = DIRECTION('',(0.,0.,1.));
#2077 = ORIENTED_EDGE('',*,*,#1871,.T.);
#2078 = ORIENTED_EDGE('',*,*,#2038,.F.);
#2079 = ORIENTED_EDGE('',*,*,#1624,.F.);
#2080 = PLANE('',#2081);
#2081 = AXIS2_PLACEMENT_3D('',#2082,#2083,#2084);
#2082 = CARTESIAN_POINT('',(0.8,-1.,0.));
#2083 = DIRECTION('',(-0.707106781187,0.707106781187,0.));
#2084 = DIRECTION('',(0.707106781187,0.707106781187,0.));
#2085 = ADVANCED_FACE('',(#2086),#2097,.F.);
#2086 = FACE_BOUND('',#2087,.F.);
#2087 = EDGE_LOOP('',(#2088,#2089,#2090,#2096));
#2088 = ORIENTED_EDGE('',*,*,#2057,.T.);
#2089 = ORIENTED_EDGE('',*,*,#1775,.T.);
#2090 = ORIENTED_EDGE('',*,*,#2091,.F.);
#2091 = EDGE_CURVE('',#1529,#1776,#2092,.T.);
#2092 = LINE('',#2093,#2094);
#2093 = CARTESIAN_POINT('',(-1.,-2.8,0.));
#2094 = VECTOR('',#2095,1.);
#2095 = DIRECTION('',(0.,0.,1.));
#2096 = ORIENTED_EDGE('',*,*,#1528,.F.);
#2097 = PLANE('',#2098);
#2098 = AXIS2_PLACEMENT_3D('',#2099,#2100,#2101);
#2099 = CARTESIAN_POINT('',(-1.,-1.2,0.));
#2100 = DIRECTION('',(1.,0.,0.));
#2101 = DIRECTION('',(0.,-1.,0.));
#2102 = ADVANCED_FACE('',(#2103),#2114,.F.);
#2103 = FACE_BOUND('',#2104,.F.);
#2104 = EDGE_LOOP('',(#2105,#2111,#2112,#2113));
#2105 = ORIENTED_EDGE('',*,*,#2106,.T.);
#2106 = EDGE_CURVE('',#1609,#1856,#2107,.T.);
#2107 = LINE('',#2108,#2109);
#2108 = CARTESIAN_POINT('',(1.,-1.2,0.));
#2109 = VECTOR('',#2110,1.);
#2110 = DIRECTION('',(0.,0.,1.));
#2111 = ORIENTED_EDGE('',*,*,#1863,.T.);
#2112 = ORIENTED_EDGE('',*,*,#2072,.F.);
#2113 = ORIENTED_EDGE('',*,*,#1616,.F.);
#2114 = PLANE('',#2115);
#2115 = AXIS2_PLACEMENT_3D('',#2116,#2117,#2118);
#2116 = CARTESIAN_POINT('',(1.,-1.2,0.));
#2117 = DIRECTION('',(-0.707106781187,-0.707106781187,0.));
#2118 = DIRECTION('',(-0.707106781187,0.707106781187,0.));
#2119 = ADVANCED_FACE('',(#2120),#2131,.F.);
#2120 = FACE_BOUND('',#2121,.F.);
#2121 = EDGE_LOOP('',(#2122,#2123,#2124,#2130));
#2122 = ORIENTED_EDGE('',*,*,#2091,.T.);
#2123 = ORIENTED_EDGE('',*,*,#1783,.T.);
#2124 = ORIENTED_EDGE('',*,*,#2125,.F.);
#2125 = EDGE_CURVE('',#1537,#1784,#2126,.T.);
#2126 = LINE('',#2127,#2128);
#2127 = CARTESIAN_POINT('',(-0.8,-3.,0.));
#2128 = VECTOR('',#2129,1.);
#2129 = DIRECTION('',(0.,0.,1.));
#2130 = ORIENTED_EDGE('',*,*,#1536,.F.);
#2131 = PLANE('',#2132);
#2132 = AXIS2_PLACEMENT_3D('',#2133,#2134,#2135);
#2133 = CARTESIAN_POINT('',(-1.,-2.8,0.));
#2134 = DIRECTION('',(0.707106781187,0.707106781187,0.));
#2135 = DIRECTION('',(0.707106781187,-0.707106781187,0.));
#2136 = ADVANCED_FACE('',(#2137),#2148,.F.);
#2137 = FACE_BOUND('',#2138,.F.);
#2138 = EDGE_LOOP('',(#2139,#2145,#2146,#2147));
#2139 = ORIENTED_EDGE('',*,*,#2140,.T.);
#2140 = EDGE_CURVE('',#1601,#1848,#2141,.T.);
#2141 = LINE('',#2142,#2143);
#2142 = CARTESIAN_POINT('',(1.,-2.8,0.));
#2143 = VECTOR('',#2144,1.);
#2144 = DIRECTION('',(0.,0.,1.));
#2145 = ORIENTED_EDGE('',*,*,#1855,.T.);
#2146 = ORIENTED_EDGE('',*,*,#2106,.F.);
#2147 = ORIENTED_EDGE('',*,*,#1608,.F.);
#2148 = PLANE('',#2149);
#2149 = AXIS2_PLACEMENT_3D('',#2150,#2151,#2152);
#2150 = CARTESIAN_POINT('',(1.,-2.8,0.));
#2151 = DIRECTION('',(-1.,0.,0.));
#2152 = DIRECTION('',(0.,1.,0.));
#2153 = ADVANCED_FACE('',(#2154),#2165,.F.);
#2154 = FACE_BOUND('',#2155,.F.);
#2155 = EDGE_LOOP('',(#2156,#2157,#2158,#2164));
#2156 = ORIENTED_EDGE('',*,*,#2125,.T.);
#2157 = ORIENTED_EDGE('',*,*,#1791,.T.);
#2158 = ORIENTED_EDGE('',*,*,#2159,.F.);
#2159 = EDGE_CURVE('',#1545,#1792,#2160,.T.);
#2160 = LINE('',#2161,#2162);
#2161 = CARTESIAN_POINT('',(-1.,-3.2,0.));
#2162 = VECTOR('',#2163,1.);
#2163 = DIRECTION('',(0.,0.,1.));
#2164 = ORIENTED_EDGE('',*,*,#1544,.F.);
#2165 = PLANE('',#2166);
#2166 = AXIS2_PLACEMENT_3D('',#2167,#2168,#2169);
#2167 = CARTESIAN_POINT('',(-0.8,-3.,0.));
#2168 = DIRECTION('',(0.707106781187,-0.707106781187,0.));
#2169 = DIRECTION('',(-0.707106781187,-0.707106781187,0.));
#2170 = ADVANCED_FACE('',(#2171),#2182,.F.);
#2171 = FACE_BOUND('',#2172,.F.);
#2172 = EDGE_LOOP('',(#2173,#2179,#2180,#2181));
#2173 = ORIENTED_EDGE('',*,*,#2174,.T.);
#2174 = EDGE_CURVE('',#1593,#1840,#2175,.T.);
#2175 = LINE('',#2176,#2177);
#2176 = CARTESIAN_POINT('',(0.8,-3.,0.));
#2177 = VECTOR('',#2178,1.);
#2178 = DIRECTION('',(0.,0.,1.));
#2179 = ORIENTED_EDGE('',*,*,#1847,.T.);
#2180 = ORIENTED_EDGE('',*,*,#2140,.F.);
#2181 = ORIENTED_EDGE('',*,*,#1600,.F.);
#2182 = PLANE('',#2183);
#2183 = AXIS2_PLACEMENT_3D('',#2184,#2185,#2186);
#2184 = CARTESIAN_POINT('',(0.8,-3.,0.));
#2185 = DIRECTION('',(-0.707106781187,0.707106781187,0.));
#2186 = DIRECTION('',(0.707106781187,0.707106781187,0.));
#2187 = ADVANCED_FACE('',(#2188),#2199,.F.);
#2188 = FACE_BOUND('',#2189,.F.);
#2189 = EDGE_LOOP('',(#2190,#2191,#2192,#2198));
#2190 = ORIENTED_EDGE('',*,*,#2159,.T.);
#2191 = ORIENTED_EDGE('',*,*,#1799,.T.);
#2192 = ORIENTED_EDGE('',*,*,#2193,.F.);
#2193 = EDGE_CURVE('',#1553,#1800,#2194,.T.);
#2194 = LINE('',#2195,#2196);
#2195 = CARTESIAN_POINT('',(-1.,-4.8,0.));
#2196 = VECTOR('',#2197,1.);
#2197 = DIRECTION('',(0.,0.,1.));
#2198 = ORIENTED_EDGE('',*,*,#1552,.F.);
#2199 = PLANE('',#2200);
#2200 = AXIS2_PLACEMENT_3D('',#2201,#2202,#2203);
#2201 = CARTESIAN_POINT('',(-1.,-3.2,0.));
#2202 = DIRECTION('',(1.,0.,0.));
#2203 = DIRECTION('',(0.,-1.,0.));
#2204 = ADVANCED_FACE('',(#2205),#2216,.F.);
#2205 = FACE_BOUND('',#2206,.F.);
#2206 = EDGE_LOOP('',(#2207,#2213,#2214,#2215));
#2207 = ORIENTED_EDGE('',*,*,#2208,.T.);
#2208 = EDGE_CURVE('',#1585,#1832,#2209,.T.);
#2209 = LINE('',#2210,#2211);
#2210 = CARTESIAN_POINT('',(1.,-3.2,0.));
#2211 = VECTOR('',#2212,1.);
#2212 = DIRECTION('',(0.,0.,1.));
#2213 = ORIENTED_EDGE('',*,*,#1839,.T.);
#2214 = ORIENTED_EDGE('',*,*,#2174,.F.);
#2215 = ORIENTED_EDGE('',*,*,#1592,.F.);
#2216 = PLANE('',#2217);
#2217 = AXIS2_PLACEMENT_3D('',#2218,#2219,#2220);
#2218 = CARTESIAN_POINT('',(1.,-3.2,0.));
#2219 = DIRECTION('',(-0.707106781187,-0.707106781187,0.));
#2220 = DIRECTION('',(-0.707106781187,0.707106781187,0.));
#2221 = ADVANCED_FACE('',(#2222),#2233,.F.);
#2222 = FACE_BOUND('',#2223,.F.);
#2223 = EDGE_LOOP('',(#2224,#2225,#2226,#2232));
#2224 = ORIENTED_EDGE('',*,*,#2193,.T.);
#2225 = ORIENTED_EDGE('',*,*,#1807,.T.);
#2226 = ORIENTED_EDGE('',*,*,#2227,.F.);
#2227 = EDGE_CURVE('',#1561,#1808,#2228,.T.);
#2228 = LINE('',#2229,#2230);
#2229 = CARTESIAN_POINT('',(-0.8,-5.,0.));
#2230 = VECTOR('',#2231,1.);
#2231 = DIRECTION('',(0.,0.,1.));
#2232 = ORIENTED_EDGE('',*,*,#1560,.F.);
#2233 = PLANE('',#2234);
#2234 = AXIS2_PLACEMENT_3D('',#2235,#2236,#2237);
#2235 = CARTESIAN_POINT('',(-1.,-4.8,0.));
#2236 = DIRECTION('',(0.707106781187,0.707106781187,0.));
#2237 = DIRECTION('',(0.707106781187,-0.707106781187,0.));
#2238 = ADVANCED_FACE('',(#2239),#2250,.F.);
#2239 = FACE_BOUND('',#2240,.F.);
#2240 = EDGE_LOOP('',(#2241,#2247,#2248,#2249));
#2241 = ORIENTED_EDGE('',*,*,#2242,.T.);
#2242 = EDGE_CURVE('',#1577,#1824,#2243,.T.);
#2243 = LINE('',#2244,#2245);
#2244 = CARTESIAN_POINT('',(1.,-4.8,0.));
#2245 = VECTOR('',#2246,1.);
#2246 = DIRECTION('',(0.,0.,1.));
#2247 = ORIENTED_EDGE('',*,*,#1831,.T.);
#2248 = ORIENTED_EDGE('',*,*,#2208,.F.);
#2249 = ORIENTED_EDGE('',*,*,#1584,.F.);
#2250 = PLANE('',#2251);
#2251 = AXIS2_PLACEMENT_3D('',#2252,#2253,#2254);
#2252 = CARTESIAN_POINT('',(1.,-4.8,0.));
#2253 = DIRECTION('',(-1.,0.,0.));
#2254 = DIRECTION('',(0.,1.,0.));
#2255 = ADVANCED_FACE('',(#2256),#2267,.F.);
#2256 = FACE_BOUND('',#2257,.F.);
#2257 = EDGE_LOOP('',(#2258,#2259,#2260,#2266));
#2258 = ORIENTED_EDGE('',*,*,#2227,.T.);
#2259 = ORIENTED_EDGE('',*,*,#1815,.T.);
#2260 = ORIENTED_EDGE('',*,*,#2261,.F.);
#2261 = EDGE_CURVE('',#1569,#1816,#2262,.T.);
#2262 = LINE('',#2263,#2264);
#2263 = CARTESIAN_POINT('',(0.8,-5.,0.));
#2264 = VECTOR('',#2265,1.);
#2265 = DIRECTION('',(0.,0.,1.));
#2266 = ORIENTED_EDGE('',*,*,#1568,.F.);
#2267 = PLANE('',#2268);
#2268 = AXIS2_PLACEMENT_3D('',#2269,#2270,#2271);
#2269 = CARTESIAN_POINT('',(-0.8,-5.,0.));
#2270 = DIRECTION('',(0.,1.,0.));
#2271 = DIRECTION('',(1.,0.,0.));
#2272 = ADVANCED_FACE('',(#2273),#2279,.F.);
#2273 = FACE_BOUND('',#2274,.F.);
#2274 = EDGE_LOOP('',(#2275,#2276,#2277,#2278));
#2275 = ORIENTED_EDGE('',*,*,#2261,.T.);
#2276 = ORIENTED_EDGE('',*,*,#1823,.T.);
#2277 = ORIENTED_EDGE('',*,*,#2242,.F.);
#2278 = ORIENTED_EDGE('',*,*,#1576,.F.);
#2279 = PLANE('',#2280);
#2280 = AXIS2_PLACEMENT_3D('',#2281,#2282,#2283);
#2281 = CARTESIAN_POINT('',(0.8,-5.,0.));
#2282 = DIRECTION('',(-0.707106781187,0.707106781187,0.));
#2283 = DIRECTION('',(0.707106781187,0.707106781187,0.));
#2284 = ADVANCED_FACE('',(#2285),#2310,.T.);
#2285 = FACE_BOUND('',#2286,.T.);
#2286 = EDGE_LOOP('',(#2287,#2295,#2303,#2309));
#2287 = ORIENTED_EDGE('',*,*,#2288,.F.);
#2288 = EDGE_CURVE('',#2289,#1650,#2291,.T.);
#2289 = VERTEX_POINT('',#2290);
#2290 = CARTESIAN_POINT('',(0.25,-0.25,-2.675));
#2291 = LINE('',#2292,#2293);
#2292 = CARTESIAN_POINT('',(0.25,-0.25,-2.8));
#2293 = VECTOR('',#2294,1.);
#2294 = DIRECTION('',(0.,0.,1.));
#2295 = ORIENTED_EDGE('',*,*,#2296,.T.);
#2296 = EDGE_CURVE('',#2289,#2297,#2299,.T.);
#2297 = VERTEX_POINT('',#2298);
#2298 = CARTESIAN_POINT('',(0.25,0.25,-2.675));
#2299 = LINE('',#2300,#2301);
#2300 = CARTESIAN_POINT('',(0.25,-0.25,-2.675));
#2301 = VECTOR('',#2302,1.);
#2302 = DIRECTION('',(0.,1.,0.));
#2303 = ORIENTED_EDGE('',*,*,#2304,.T.);
#2304 = EDGE_CURVE('',#2297,#1652,#2305,.T.);
#2305 = LINE('',#2306,#2307);
#2306 = CARTESIAN_POINT('',(0.25,0.25,-2.8));
#2307 = VECTOR('',#2308,1.);
#2308 = DIRECTION('',(0.,0.,1.));
#2309 = ORIENTED_EDGE('',*,*,#1649,.F.);
#2310 = PLANE('',#2311);
#2311 = AXIS2_PLACEMENT_3D('',#2312,#2313,#2314);
#2312 = CARTESIAN_POINT('',(0.25,-0.25,-2.8));
#2313 = DIRECTION('',(1.,0.,0.));
#2314 = DIRECTION('',(0.,0.,1.));
#2315 = ADVANCED_FACE('',(#2316),#2334,.T.);
#2316 = FACE_BOUND('',#2317,.T.);
#2317 = EDGE_LOOP('',(#2318,#2319,#2327,#2333));
#2318 = ORIENTED_EDGE('',*,*,#2304,.F.);
#2319 = ORIENTED_EDGE('',*,*,#2320,.F.);
#2320 = EDGE_CURVE('',#2321,#2297,#2323,.T.);
#2321 = VERTEX_POINT('',#2322);
#2322 = CARTESIAN_POINT('',(-0.25,0.25,-2.675));
#2323 = LINE('',#2324,#2325);
#2324 = CARTESIAN_POINT('',(-0.25,0.25,-2.675));
#2325 = VECTOR('',#2326,1.);
#2326 = DIRECTION('',(1.,0.,0.));
#2327 = ORIENTED_EDGE('',*,*,#2328,.T.);
#2328 = EDGE_CURVE('',#2321,#1668,#2329,.T.);
#2329 = LINE('',#2330,#2331);
#2330 = CARTESIAN_POINT('',(-0.25,0.25,-2.8));
#2331 = VECTOR('',#2332,1.);
#2332 = DIRECTION('',(0.,0.,1.));
#2333 = ORIENTED_EDGE('',*,*,#1675,.F.);
#2334 = PLANE('',#2335);
#2335 = AXIS2_PLACEMENT_3D('',#2336,#2337,#2338);
#2336 = CARTESIAN_POINT('',(-0.25,0.25,-2.8));
#2337 = DIRECTION('',(0.,1.,0.));
#2338 = DIRECTION('',(0.,-0.,1.));
#2339 = ADVANCED_FACE('',(#2340),#2358,.F.);
#2340 = FACE_BOUND('',#2341,.F.);
#2341 = EDGE_LOOP('',(#2342,#2350,#2356,#2357));
#2342 = ORIENTED_EDGE('',*,*,#2343,.F.);
#2343 = EDGE_CURVE('',#2344,#1660,#2346,.T.);
#2344 = VERTEX_POINT('',#2345);
#2345 = CARTESIAN_POINT('',(-0.25,-0.25,-2.675));
#2346 = LINE('',#2347,#2348);
#2347 = CARTESIAN_POINT('',(-0.25,-0.25,-2.8));
#2348 = VECTOR('',#2349,1.);
#2349 = DIRECTION('',(0.,0.,1.));
#2350 = ORIENTED_EDGE('',*,*,#2351,.T.);
#2351 = EDGE_CURVE('',#2344,#2321,#2352,.T.);
#2352 = LINE('',#2353,#2354);
#2353 = CARTESIAN_POINT('',(-0.25,-0.25,-2.675));
#2354 = VECTOR('',#2355,1.);
#2355 = DIRECTION('',(0.,1.,0.));
#2356 = ORIENTED_EDGE('',*,*,#2328,.T.);
#2357 = ORIENTED_EDGE('',*,*,#1667,.F.);
#2358 = PLANE('',#2359);
#2359 = AXIS2_PLACEMENT_3D('',#2360,#2361,#2362);
#2360 = CARTESIAN_POINT('',(-0.25,-0.25,-2.8));
#2361 = DIRECTION('',(1.,0.,0.));
#2362 = DIRECTION('',(0.,0.,1.));
#2363 = ADVANCED_FACE('',(#2364),#2375,.F.);
#2364 = FACE_BOUND('',#2365,.F.);
#2365 = EDGE_LOOP('',(#2366,#2367,#2373,#2374));
#2366 = ORIENTED_EDGE('',*,*,#2288,.F.);
#2367 = ORIENTED_EDGE('',*,*,#2368,.F.);
#2368 = EDGE_CURVE('',#2344,#2289,#2369,.T.);
#2369 = LINE('',#2370,#2371);
#2370 = CARTESIAN_POINT('',(-0.25,-0.25,-2.675));
#2371 = VECTOR('',#2372,1.);
#2372 = DIRECTION('',(1.,0.,0.));
#2373 = ORIENTED_EDGE('',*,*,#2343,.T.);
#2374 = ORIENTED_EDGE('',*,*,#1659,.F.);
#2375 = PLANE('',#2376);
#2376 = AXIS2_PLACEMENT_3D('',#2377,#2378,#2379);
#2377 = CARTESIAN_POINT('',(-0.25,-0.25,-2.8));
#2378 = DIRECTION('',(0.,1.,0.));
#2379 = DIRECTION('',(0.,-0.,1.));
#2380 = ADVANCED_FACE('',(#2381),#2406,.F.);
#2381 = FACE_BOUND('',#2382,.F.);
#2382 = EDGE_LOOP('',(#2383,#2391,#2399,#2405));
#2383 = ORIENTED_EDGE('',*,*,#2384,.F.);
#2384 = EDGE_CURVE('',#2385,#1684,#2387,.T.);
#2385 = VERTEX_POINT('',#2386);
#2386 = CARTESIAN_POINT('',(0.25,-2.25,-2.675));
#2387 = LINE('',#2388,#2389);
#2388 = CARTESIAN_POINT('',(0.25,-2.25,-2.8));
#2389 = VECTOR('',#2390,1.);
#2390 = DIRECTION('',(0.,0.,1.));
#2391 = ORIENTED_EDGE('',*,*,#2392,.F.);
#2392 = EDGE_CURVE('',#2393,#2385,#2395,.T.);
#2393 = VERTEX_POINT('',#2394);
#2394 = CARTESIAN_POINT('',(-0.25,-2.25,-2.675));
#2395 = LINE('',#2396,#2397);
#2396 = CARTESIAN_POINT('',(-0.25,-2.25,-2.675));
#2397 = VECTOR('',#2398,1.);
#2398 = DIRECTION('',(1.,0.,0.));
#2399 = ORIENTED_EDGE('',*,*,#2400,.T.);
#2400 = EDGE_CURVE('',#2393,#1686,#2401,.T.);
#2401 = LINE('',#2402,#2403);
#2402 = CARTESIAN_POINT('',(-0.25,-2.25,-2.8));
#2403 = VECTOR('',#2404,1.);
#2404 = DIRECTION('',(0.,0.,1.));
#2405 = ORIENTED_EDGE('',*,*,#1683,.F.);
#2406 = PLANE('',#2407);
#2407 = AXIS2_PLACEMENT_3D('',#2408,#2409,#2410);
#2408 = CARTESIAN_POINT('',(-0.25,-2.25,-2.8));
#2409 = DIRECTION('',(0.,1.,0.));
#2410 = DIRECTION('',(0.,-0.,1.));
#2411 = ADVANCED_FACE('',(#2412),#2430,.T.);
#2412 = FACE_BOUND('',#2413,.T.);
#2413 = EDGE_LOOP('',(#2414,#2415,#2423,#2429));
#2414 = ORIENTED_EDGE('',*,*,#2384,.F.);
#2415 = ORIENTED_EDGE('',*,*,#2416,.T.);
#2416 = EDGE_CURVE('',#2385,#2417,#2419,.T.);
#2417 = VERTEX_POINT('',#2418);
#2418 = CARTESIAN_POINT('',(0.25,-1.75,-2.675));
#2419 = LINE('',#2420,#2421);
#2420 = CARTESIAN_POINT('',(0.25,-2.25,-2.675));
#2421 = VECTOR('',#2422,1.);
#2422 = DIRECTION('',(0.,1.,0.));
#2423 = ORIENTED_EDGE('',*,*,#2424,.T.);
#2424 = EDGE_CURVE('',#2417,#1702,#2425,.T.);
#2425 = LINE('',#2426,#2427);
#2426 = CARTESIAN_POINT('',(0.25,-1.75,-2.8));
#2427 = VECTOR('',#2428,1.);
#2428 = DIRECTION('',(0.,0.,1.));
#2429 = ORIENTED_EDGE('',*,*,#1709,.F.);
#2430 = PLANE('',#2431);
#2431 = AXIS2_PLACEMENT_3D('',#2432,#2433,#2434);
#2432 = CARTESIAN_POINT('',(0.25,-2.25,-2.8));
#2433 = DIRECTION('',(1.,0.,0.));
#2434 = DIRECTION('',(0.,0.,1.));
#2435 = ADVANCED_FACE('',(#2436),#2454,.T.);
#2436 = FACE_BOUND('',#2437,.T.);
#2437 = EDGE_LOOP('',(#2438,#2439,#2447,#2453));
#2438 = ORIENTED_EDGE('',*,*,#2424,.F.);
#2439 = ORIENTED_EDGE('',*,*,#2440,.F.);
#2440 = EDGE_CURVE('',#2441,#2417,#2443,.T.);
#2441 = VERTEX_POINT('',#2442);
#2442 = CARTESIAN_POINT('',(-0.25,-1.75,-2.675));
#2443 = LINE('',#2444,#2445);
#2444 = CARTESIAN_POINT('',(-0.25,-1.75,-2.675));
#2445 = VECTOR('',#2446,1.);
#2446 = DIRECTION('',(1.,0.,0.));
#2447 = ORIENTED_EDGE('',*,*,#2448,.T.);
#2448 = EDGE_CURVE('',#2441,#1694,#2449,.T.);
#2449 = LINE('',#2450,#2451);
#2450 = CARTESIAN_POINT('',(-0.25,-1.75,-2.8));
#2451 = VECTOR('',#2452,1.);
#2452 = DIRECTION('',(0.,0.,1.));
#2453 = ORIENTED_EDGE('',*,*,#1701,.F.);
#2454 = PLANE('',#2455);
#2455 = AXIS2_PLACEMENT_3D('',#2456,#2457,#2458);
#2456 = CARTESIAN_POINT('',(-0.25,-1.75,-2.8));
#2457 = DIRECTION('',(0.,1.,0.));
#2458 = DIRECTION('',(0.,-0.,1.));
#2459 = ADVANCED_FACE('',(#2460),#2471,.F.);
#2460 = FACE_BOUND('',#2461,.F.);
#2461 = EDGE_LOOP('',(#2462,#2463,#2469,#2470));
#2462 = ORIENTED_EDGE('',*,*,#2400,.F.);
#2463 = ORIENTED_EDGE('',*,*,#2464,.T.);
#2464 = EDGE_CURVE('',#2393,#2441,#2465,.T.);
#2465 = LINE('',#2466,#2467);
#2466 = CARTESIAN_POINT('',(-0.25,-2.25,-2.675));
#2467 = VECTOR('',#2468,1.);
#2468 = DIRECTION('',(0.,1.,0.));
#2469 = ORIENTED_EDGE('',*,*,#2448,.T.);
#2470 = ORIENTED_EDGE('',*,*,#1693,.F.);
#2471 = PLANE('',#2472);
#2472 = AXIS2_PLACEMENT_3D('',#2473,#2474,#2475);
#2473 = CARTESIAN_POINT('',(-0.25,-2.25,-2.8));
#2474 = DIRECTION('',(1.,0.,0.));
#2475 = DIRECTION('',(0.,0.,1.));
#2476 = ADVANCED_FACE('',(#2477),#2502,.T.);
#2477 = FACE_BOUND('',#2478,.T.);
#2478 = EDGE_LOOP('',(#2479,#2487,#2495,#2501));
#2479 = ORIENTED_EDGE('',*,*,#2480,.F.);
#2480 = EDGE_CURVE('',#2481,#1718,#2483,.T.);
#2481 = VERTEX_POINT('',#2482);
#2482 = CARTESIAN_POINT('',(0.25,-3.75,-2.675));
#2483 = LINE('',#2484,#2485);
#2484 = CARTESIAN_POINT('',(0.25,-3.75,-2.8));
#2485 = VECTOR('',#2486,1.);
#2486 = DIRECTION('',(0.,0.,1.));
#2487 = ORIENTED_EDGE('',*,*,#2488,.F.);
#2488 = EDGE_CURVE('',#2489,#2481,#2491,.T.);
#2489 = VERTEX_POINT('',#2490);
#2490 = CARTESIAN_POINT('',(-0.25,-3.75,-2.675));
#2491 = LINE('',#2492,#2493);
#2492 = CARTESIAN_POINT('',(-0.25,-3.75,-2.675));
#2493 = VECTOR('',#2494,1.);
#2494 = DIRECTION('',(1.,0.,0.));
#2495 = ORIENTED_EDGE('',*,*,#2496,.T.);
#2496 = EDGE_CURVE('',#2489,#1720,#2497,.T.);
#2497 = LINE('',#2498,#2499);
#2498 = CARTESIAN_POINT('',(-0.25,-3.75,-2.8));
#2499 = VECTOR('',#2500,1.);
#2500 = DIRECTION('',(0.,0.,1.));
#2501 = ORIENTED_EDGE('',*,*,#1717,.F.);
#2502 = PLANE('',#2503);
#2503 = AXIS2_PLACEMENT_3D('',#2504,#2505,#2506);
#2504 = CARTESIAN_POINT('',(-0.25,-3.75,-2.8));
#2505 = DIRECTION('',(0.,1.,0.));
#2506 = DIRECTION('',(0.,-0.,1.));
#2507 = ADVANCED_FACE('',(#2508),#2526,.F.);
#2508 = FACE_BOUND('',#2509,.F.);
#2509 = EDGE_LOOP('',(#2510,#2518,#2524,#2525));
#2510 = ORIENTED_EDGE('',*,*,#2511,.F.);
#2511 = EDGE_CURVE('',#2512,#1736,#2514,.T.);
#2512 = VERTEX_POINT('',#2513);
#2513 = CARTESIAN_POINT('',(-0.25,-4.25,-2.675));
#2514 = LINE('',#2515,#2516);
#2515 = CARTESIAN_POINT('',(-0.25,-4.25,-2.8));
#2516 = VECTOR('',#2517,1.);
#2517 = DIRECTION('',(0.,0.,1.));
#2518 = ORIENTED_EDGE('',*,*,#2519,.T.);
#2519 = EDGE_CURVE('',#2512,#2489,#2520,.T.);
#2520 = LINE('',#2521,#2522);
#2521 = CARTESIAN_POINT('',(-0.25,-4.25,-2.675));
#2522 = VECTOR('',#2523,1.);
#2523 = DIRECTION('',(0.,1.,0.));
#2524 = ORIENTED_EDGE('',*,*,#2496,.T.);
#2525 = ORIENTED_EDGE('',*,*,#1743,.F.);
#2526 = PLANE('',#2527);
#2527 = AXIS2_PLACEMENT_3D('',#2528,#2529,#2530);
#2528 = CARTESIAN_POINT('',(-0.25,-4.25,-2.8));
#2529 = DIRECTION('',(1.,0.,0.));
#2530 = DIRECTION('',(0.,0.,1.));
#2531 = ADVANCED_FACE('',(#2532),#2550,.F.);
#2532 = FACE_BOUND('',#2533,.F.);
#2533 = EDGE_LOOP('',(#2534,#2542,#2548,#2549));
#2534 = ORIENTED_EDGE('',*,*,#2535,.F.);
#2535 = EDGE_CURVE('',#2536,#1728,#2538,.T.);
#2536 = VERTEX_POINT('',#2537);
#2537 = CARTESIAN_POINT('',(0.25,-4.25,-2.675));
#2538 = LINE('',#2539,#2540);
#2539 = CARTESIAN_POINT('',(0.25,-4.25,-2.8));
#2540 = VECTOR('',#2541,1.);
#2541 = DIRECTION('',(0.,0.,1.));
#2542 = ORIENTED_EDGE('',*,*,#2543,.F.);
#2543 = EDGE_CURVE('',#2512,#2536,#2544,.T.);
#2544 = LINE('',#2545,#2546);
#2545 = CARTESIAN_POINT('',(-0.25,-4.25,-2.675));
#2546 = VECTOR('',#2547,1.);
#2547 = DIRECTION('',(1.,0.,0.));
#2548 = ORIENTED_EDGE('',*,*,#2511,.T.);
#2549 = ORIENTED_EDGE('',*,*,#1735,.F.);
#2550 = PLANE('',#2551);
#2551 = AXIS2_PLACEMENT_3D('',#2552,#2553,#2554);
#2552 = CARTESIAN_POINT('',(-0.25,-4.25,-2.8));
#2553 = DIRECTION('',(0.,1.,0.));
#2554 = DIRECTION('',(0.,-0.,1.));
#2555 = ADVANCED_FACE('',(#2556),#2567,.T.);
#2556 = FACE_BOUND('',#2557,.T.);
#2557 = EDGE_LOOP('',(#2558,#2559,#2565,#2566));
#2558 = ORIENTED_EDGE('',*,*,#2535,.F.);
#2559 = ORIENTED_EDGE('',*,*,#2560,.T.);
#2560 = EDGE_CURVE('',#2536,#2481,#2561,.T.);
#2561 = LINE('',#2562,#2563);
#2562 = CARTESIAN_POINT('',(0.25,-4.25,-2.675));
#2563 = VECTOR('',#2564,1.);
#2564 = DIRECTION('',(0.,1.,0.));
#2565 = ORIENTED_EDGE('',*,*,#2480,.T.);
#2566 = ORIENTED_EDGE('',*,*,#1727,.F.);
#2567 = PLANE('',#2568);
#2568 = AXIS2_PLACEMENT_3D('',#2569,#2570,#2571);
#2569 = CARTESIAN_POINT('',(0.25,-4.25,-2.8));
#2570 = DIRECTION('',(1.,0.,0.));
#2571 = DIRECTION('',(0.,0.,1.));
#2572 = ADVANCED_FACE('',(#2573),#2598,.T.);
#2573 = FACE_BOUND('',#2574,.T.);
#2574 = EDGE_LOOP('',(#2575,#2583,#2584,#2592));
#2575 = ORIENTED_EDGE('',*,*,#2576,.F.);
#2576 = EDGE_CURVE('',#1897,#2577,#2579,.T.);
#2577 = VERTEX_POINT('',#2578);
#2578 = CARTESIAN_POINT('',(0.25,-0.25,5.875));
#2579 = LINE('',#2580,#2581);
#2580 = CARTESIAN_POINT('',(0.25,-0.25,-2.8));
#2581 = VECTOR('',#2582,1.);
#2582 = DIRECTION('',(0.,0.,1.));
#2583 = ORIENTED_EDGE('',*,*,#1896,.T.);
#2584 = ORIENTED_EDGE('',*,*,#2585,.T.);
#2585 = EDGE_CURVE('',#1899,#2586,#2588,.T.);
#2586 = VERTEX_POINT('',#2587);
#2587 = CARTESIAN_POINT('',(0.25,0.25,5.875));
#2588 = LINE('',#2589,#2590);
#2589 = CARTESIAN_POINT('',(0.25,0.25,-2.8));
#2590 = VECTOR('',#2591,1.);
#2591 = DIRECTION('',(0.,0.,1.));
#2592 = ORIENTED_EDGE('',*,*,#2593,.F.);
#2593 = EDGE_CURVE('',#2577,#2586,#2594,.T.);
#2594 = LINE('',#2595,#2596);
#2595 = CARTESIAN_POINT('',(0.25,-0.25,5.875));
#2596 = VECTOR('',#2597,1.);
#2597 = DIRECTION('',(0.,1.,0.));
#2598 = PLANE('',#2599);
#2599 = AXIS2_PLACEMENT_3D('',#2600,#2601,#2602);
#2600 = CARTESIAN_POINT('',(0.25,-0.25,-2.8));
#2601 = DIRECTION('',(1.,0.,0.));
#2602 = DIRECTION('',(0.,0.,1.));
#2603 = ADVANCED_FACE('',(#2604),#2622,.T.);
#2604 = FACE_BOUND('',#2605,.T.);
#2605 = EDGE_LOOP('',(#2606,#2607,#2608,#2616));
#2606 = ORIENTED_EDGE('',*,*,#2585,.F.);
#2607 = ORIENTED_EDGE('',*,*,#1922,.T.);
#2608 = ORIENTED_EDGE('',*,*,#2609,.T.);
#2609 = EDGE_CURVE('',#1915,#2610,#2612,.T.);
#2610 = VERTEX_POINT('',#2611);
#2611 = CARTESIAN_POINT('',(-0.25,0.25,5.875));
#2612 = LINE('',#2613,#2614);
#2613 = CARTESIAN_POINT('',(-0.25,0.25,-2.8));
#2614 = VECTOR('',#2615,1.);
#2615 = DIRECTION('',(0.,0.,1.));
#2616 = ORIENTED_EDGE('',*,*,#2617,.T.);
#2617 = EDGE_CURVE('',#2610,#2586,#2618,.T.);
#2618 = LINE('',#2619,#2620);
#2619 = CARTESIAN_POINT('',(-0.25,0.25,5.875));
#2620 = VECTOR('',#2621,1.);
#2621 = DIRECTION('',(1.,0.,0.));
#2622 = PLANE('',#2623);
#2623 = AXIS2_PLACEMENT_3D('',#2624,#2625,#2626);
#2624 = CARTESIAN_POINT('',(-0.25,0.25,-2.8));
#2625 = DIRECTION('',(0.,1.,0.));
#2626 = DIRECTION('',(0.,-0.,1.));
#2627 = ADVANCED_FACE('',(#2628),#2646,.F.);
#2628 = FACE_BOUND('',#2629,.F.);
#2629 = EDGE_LOOP('',(#2630,#2638,#2639,#2640));
#2630 = ORIENTED_EDGE('',*,*,#2631,.F.);
#2631 = EDGE_CURVE('',#1907,#2632,#2634,.T.);
#2632 = VERTEX_POINT('',#2633);
#2633 = CARTESIAN_POINT('',(-0.25,-0.25,5.875));
#2634 = LINE('',#2635,#2636);
#2635 = CARTESIAN_POINT('',(-0.25,-0.25,-2.8));
#2636 = VECTOR('',#2637,1.);
#2637 = DIRECTION('',(0.,0.,1.));
#2638 = ORIENTED_EDGE('',*,*,#1914,.T.);
#2639 = ORIENTED_EDGE('',*,*,#2609,.T.);
#2640 = ORIENTED_EDGE('',*,*,#2641,.F.);
#2641 = EDGE_CURVE('',#2632,#2610,#2642,.T.);
#2642 = LINE('',#2643,#2644);
#2643 = CARTESIAN_POINT('',(-0.25,-0.25,5.875));
#2644 = VECTOR('',#2645,1.);
#2645 = DIRECTION('',(0.,1.,0.));
#2646 = PLANE('',#2647);
#2647 = AXIS2_PLACEMENT_3D('',#2648,#2649,#2650);
#2648 = CARTESIAN_POINT('',(-0.25,-0.25,-2.8));
#2649 = DIRECTION('',(1.,0.,0.));
#2650 = DIRECTION('',(0.,0.,1.));
#2651 = ADVANCED_FACE('',(#2652),#2663,.F.);
#2652 = FACE_BOUND('',#2653,.F.);
#2653 = EDGE_LOOP('',(#2654,#2655,#2656,#2657));
#2654 = ORIENTED_EDGE('',*,*,#2576,.F.);
#2655 = ORIENTED_EDGE('',*,*,#1906,.T.);
#2656 = ORIENTED_EDGE('',*,*,#2631,.T.);
#2657 = ORIENTED_EDGE('',*,*,#2658,.T.);
#2658 = EDGE_CURVE('',#2632,#2577,#2659,.T.);
#2659 = LINE('',#2660,#2661);
#2660 = CARTESIAN_POINT('',(-0.25,-0.25,5.875));
#2661 = VECTOR('',#2662,1.);
#2662 = DIRECTION('',(1.,0.,0.));
#2663 = PLANE('',#2664);
#2664 = AXIS2_PLACEMENT_3D('',#2665,#2666,#2667);
#2665 = CARTESIAN_POINT('',(-0.25,-0.25,-2.8));
#2666 = DIRECTION('',(0.,1.,0.));
#2667 = DIRECTION('',(0.,-0.,1.));
#2668 = ADVANCED_FACE('',(#2669),#2694,.F.);
#2669 = FACE_BOUND('',#2670,.F.);
#2670 = EDGE_LOOP('',(#2671,#2679,#2680,#2688));
#2671 = ORIENTED_EDGE('',*,*,#2672,.F.);
#2672 = EDGE_CURVE('',#1931,#2673,#2675,.T.);
#2673 = VERTEX_POINT('',#2674);
#2674 = CARTESIAN_POINT('',(0.25,-2.25,5.875));
#2675 = LINE('',#2676,#2677);
#2676 = CARTESIAN_POINT('',(0.25,-2.25,-2.8));
#2677 = VECTOR('',#2678,1.);
#2678 = DIRECTION('',(0.,0.,1.));
#2679 = ORIENTED_EDGE('',*,*,#1930,.T.);
#2680 = ORIENTED_EDGE('',*,*,#2681,.T.);
#2681 = EDGE_CURVE('',#1933,#2682,#2684,.T.);
#2682 = VERTEX_POINT('',#2683);
#2683 = CARTESIAN_POINT('',(-0.25,-2.25,5.875));
#2684 = LINE('',#2685,#2686);
#2685 = CARTESIAN_POINT('',(-0.25,-2.25,-2.8));
#2686 = VECTOR('',#2687,1.);
#2687 = DIRECTION('',(0.,0.,1.));
#2688 = ORIENTED_EDGE('',*,*,#2689,.T.);
#2689 = EDGE_CURVE('',#2682,#2673,#2690,.T.);
#2690 = LINE('',#2691,#2692);
#2691 = CARTESIAN_POINT('',(-0.25,-2.25,5.875));
#2692 = VECTOR('',#2693,1.);
#2693 = DIRECTION('',(1.,0.,0.));
#2694 = PLANE('',#2695);
#2695 = AXIS2_PLACEMENT_3D('',#2696,#2697,#2698);
#2696 = CARTESIAN_POINT('',(-0.25,-2.25,-2.8));
#2697 = DIRECTION('',(0.,1.,0.));
#2698 = DIRECTION('',(0.,-0.,1.));
#2699 = ADVANCED_FACE('',(#2700),#2718,.T.);
#2700 = FACE_BOUND('',#2701,.T.);
#2701 = EDGE_LOOP('',(#2702,#2703,#2704,#2712));
#2702 = ORIENTED_EDGE('',*,*,#2672,.F.);
#2703 = ORIENTED_EDGE('',*,*,#1956,.T.);
#2704 = ORIENTED_EDGE('',*,*,#2705,.T.);
#2705 = EDGE_CURVE('',#1949,#2706,#2708,.T.);
#2706 = VERTEX_POINT('',#2707);
#2707 = CARTESIAN_POINT('',(0.25,-1.75,5.875));
#2708 = LINE('',#2709,#2710);
#2709 = CARTESIAN_POINT('',(0.25,-1.75,-2.8));
#2710 = VECTOR('',#2711,1.);
#2711 = DIRECTION('',(0.,0.,1.));
#2712 = ORIENTED_EDGE('',*,*,#2713,.F.);
#2713 = EDGE_CURVE('',#2673,#2706,#2714,.T.);
#2714 = LINE('',#2715,#2716);
#2715 = CARTESIAN_POINT('',(0.25,-2.25,5.875));
#2716 = VECTOR('',#2717,1.);
#2717 = DIRECTION('',(0.,1.,0.));
#2718 = PLANE('',#2719);
#2719 = AXIS2_PLACEMENT_3D('',#2720,#2721,#2722);
#2720 = CARTESIAN_POINT('',(0.25,-2.25,-2.8));
#2721 = DIRECTION('',(1.,0.,0.));
#2722 = DIRECTION('',(0.,0.,1.));
#2723 = ADVANCED_FACE('',(#2724),#2742,.T.);
#2724 = FACE_BOUND('',#2725,.T.);
#2725 = EDGE_LOOP('',(#2726,#2727,#2728,#2736));
#2726 = ORIENTED_EDGE('',*,*,#2705,.F.);
#2727 = ORIENTED_EDGE('',*,*,#1948,.T.);
#2728 = ORIENTED_EDGE('',*,*,#2729,.T.);
#2729 = EDGE_CURVE('',#1941,#2730,#2732,.T.);
#2730 = VERTEX_POINT('',#2731);
#2731 = CARTESIAN_POINT('',(-0.25,-1.75,5.875));
#2732 = LINE('',#2733,#2734);
#2733 = CARTESIAN_POINT('',(-0.25,-1.75,-2.8));
#2734 = VECTOR('',#2735,1.);
#2735 = DIRECTION('',(0.,0.,1.));
#2736 = ORIENTED_EDGE('',*,*,#2737,.T.);
#2737 = EDGE_CURVE('',#2730,#2706,#2738,.T.);
#2738 = LINE('',#2739,#2740);
#2739 = CARTESIAN_POINT('',(-0.25,-1.75,5.875));
#2740 = VECTOR('',#2741,1.);
#2741 = DIRECTION('',(1.,0.,0.));
#2742 = PLANE('',#2743);
#2743 = AXIS2_PLACEMENT_3D('',#2744,#2745,#2746);
#2744 = CARTESIAN_POINT('',(-0.25,-1.75,-2.8));
#2745 = DIRECTION('',(0.,1.,0.));
#2746 = DIRECTION('',(0.,-0.,1.));
#2747 = ADVANCED_FACE('',(#2748),#2759,.F.);
#2748 = FACE_BOUND('',#2749,.F.);
#2749 = EDGE_LOOP('',(#2750,#2751,#2752,#2753));
#2750 = ORIENTED_EDGE('',*,*,#2681,.F.);
#2751 = ORIENTED_EDGE('',*,*,#1940,.T.);
#2752 = ORIENTED_EDGE('',*,*,#2729,.T.);
#2753 = ORIENTED_EDGE('',*,*,#2754,.F.);
#2754 = EDGE_CURVE('',#2682,#2730,#2755,.T.);
#2755 = LINE('',#2756,#2757);
#2756 = CARTESIAN_POINT('',(-0.25,-2.25,5.875));
#2757 = VECTOR('',#2758,1.);
#2758 = DIRECTION('',(0.,1.,0.));
#2759 = PLANE('',#2760);
#2760 = AXIS2_PLACEMENT_3D('',#2761,#2762,#2763);
#2761 = CARTESIAN_POINT('',(-0.25,-2.25,-2.8));
#2762 = DIRECTION('',(1.,0.,0.));
#2763 = DIRECTION('',(0.,0.,1.));
#2764 = ADVANCED_FACE('',(#2765),#2790,.T.);
#2765 = FACE_BOUND('',#2766,.T.);
#2766 = EDGE_LOOP('',(#2767,#2775,#2776,#2784));
#2767 = ORIENTED_EDGE('',*,*,#2768,.F.);
#2768 = EDGE_CURVE('',#1965,#2769,#2771,.T.);
#2769 = VERTEX_POINT('',#2770);
#2770 = CARTESIAN_POINT('',(0.25,-3.75,5.875));
#2771 = LINE('',#2772,#2773);
#2772 = CARTESIAN_POINT('',(0.25,-3.75,-2.8));
#2773 = VECTOR('',#2774,1.);
#2774 = DIRECTION('',(0.,0.,1.));
#2775 = ORIENTED_EDGE('',*,*,#1964,.T.);
#2776 = ORIENTED_EDGE('',*,*,#2777,.T.);
#2777 = EDGE_CURVE('',#1967,#2778,#2780,.T.);
#2778 = VERTEX_POINT('',#2779);
#2779 = CARTESIAN_POINT('',(-0.25,-3.75,5.875));
#2780 = LINE('',#2781,#2782);
#2781 = CARTESIAN_POINT('',(-0.25,-3.75,-2.8));
#2782 = VECTOR('',#2783,1.);
#2783 = DIRECTION('',(0.,0.,1.));
#2784 = ORIENTED_EDGE('',*,*,#2785,.T.);
#2785 = EDGE_CURVE('',#2778,#2769,#2786,.T.);
#2786 = LINE('',#2787,#2788);
#2787 = CARTESIAN_POINT('',(-0.25,-3.75,5.875));
#2788 = VECTOR('',#2789,1.);
#2789 = DIRECTION('',(1.,0.,0.));
#2790 = PLANE('',#2791);
#2791 = AXIS2_PLACEMENT_3D('',#2792,#2793,#2794);
#2792 = CARTESIAN_POINT('',(-0.25,-3.75,-2.8));
#2793 = DIRECTION('',(0.,1.,0.));
#2794 = DIRECTION('',(0.,-0.,1.));
#2795 = ADVANCED_FACE('',(#2796),#2814,.F.);
#2796 = FACE_BOUND('',#2797,.F.);
#2797 = EDGE_LOOP('',(#2798,#2806,#2807,#2808));
#2798 = ORIENTED_EDGE('',*,*,#2799,.F.);
#2799 = EDGE_CURVE('',#1983,#2800,#2802,.T.);
#2800 = VERTEX_POINT('',#2801);
#2801 = CARTESIAN_POINT('',(-0.25,-4.25,5.875));
#2802 = LINE('',#2803,#2804);
#2803 = CARTESIAN_POINT('',(-0.25,-4.25,-2.8));
#2804 = VECTOR('',#2805,1.);
#2805 = DIRECTION('',(0.,0.,1.));
#2806 = ORIENTED_EDGE('',*,*,#1990,.T.);
#2807 = ORIENTED_EDGE('',*,*,#2777,.T.);
#2808 = ORIENTED_EDGE('',*,*,#2809,.F.);
#2809 = EDGE_CURVE('',#2800,#2778,#2810,.T.);
#2810 = LINE('',#2811,#2812);
#2811 = CARTESIAN_POINT('',(-0.25,-4.25,5.875));
#2812 = VECTOR('',#2813,1.);
#2813 = DIRECTION('',(0.,1.,0.));
#2814 = PLANE('',#2815);
#2815 = AXIS2_PLACEMENT_3D('',#2816,#2817,#2818);
#2816 = CARTESIAN_POINT('',(-0.25,-4.25,-2.8));
#2817 = DIRECTION('',(1.,0.,0.));
#2818 = DIRECTION('',(0.,0.,1.));
#2819 = ADVANCED_FACE('',(#2820),#2838,.F.);
#2820 = FACE_BOUND('',#2821,.F.);
#2821 = EDGE_LOOP('',(#2822,#2830,#2831,#2832));
#2822 = ORIENTED_EDGE('',*,*,#2823,.F.);
#2823 = EDGE_CURVE('',#1975,#2824,#2826,.T.);
#2824 = VERTEX_POINT('',#2825);
#2825 = CARTESIAN_POINT('',(0.25,-4.25,5.875));
#2826 = LINE('',#2827,#2828);
#2827 = CARTESIAN_POINT('',(0.25,-4.25,-2.8));
#2828 = VECTOR('',#2829,1.);
#2829 = DIRECTION('',(0.,0.,1.));
#2830 = ORIENTED_EDGE('',*,*,#1982,.T.);
#2831 = ORIENTED_EDGE('',*,*,#2799,.T.);
#2832 = ORIENTED_EDGE('',*,*,#2833,.T.);
#2833 = EDGE_CURVE('',#2800,#2824,#2834,.T.);
#2834 = LINE('',#2835,#2836);
#2835 = CARTESIAN_POINT('',(-0.25,-4.25,5.875));
#2836 = VECTOR('',#2837,1.);
#2837 = DIRECTION('',(1.,0.,0.));
#2838 = PLANE('',#2839);
#2839 = AXIS2_PLACEMENT_3D('',#2840,#2841,#2842);
#2840 = CARTESIAN_POINT('',(-0.25,-4.25,-2.8));
#2841 = DIRECTION('',(0.,1.,0.));
#2842 = DIRECTION('',(0.,-0.,1.));
#2843 = ADVANCED_FACE('',(#2844),#2855,.T.);
#2844 = FACE_BOUND('',#2845,.T.);
#2845 = EDGE_LOOP('',(#2846,#2847,#2848,#2849));
#2846 = ORIENTED_EDGE('',*,*,#2823,.F.);
#2847 = ORIENTED_EDGE('',*,*,#1974,.T.);
#2848 = ORIENTED_EDGE('',*,*,#2768,.T.);
#2849 = ORIENTED_EDGE('',*,*,#2850,.F.);
#2850 = EDGE_CURVE('',#2824,#2769,#2851,.T.);
#2851 = LINE('',#2852,#2853);
#2852 = CARTESIAN_POINT('',(0.25,-4.25,5.875));
#2853 = VECTOR('',#2854,1.);
#2854 = DIRECTION('',(0.,1.,0.));
#2855 = PLANE('',#2856);
#2856 = AXIS2_PLACEMENT_3D('',#2857,#2858,#2859);
#2857 = CARTESIAN_POINT('',(0.25,-4.25,-2.8));
#2858 = DIRECTION('',(1.,0.,0.));
#2859 = DIRECTION('',(0.,0.,1.));
#2860 = ADVANCED_FACE('',(#2861),#2886,.F.);
#2861 = FACE_BOUND('',#2862,.F.);
#2862 = EDGE_LOOP('',(#2863,#2871,#2872,#2880));
#2863 = ORIENTED_EDGE('',*,*,#2864,.F.);
#2864 = EDGE_CURVE('',#2289,#2865,#2867,.T.);
#2865 = VERTEX_POINT('',#2866);
#2866 = CARTESIAN_POINT('',(0.125,-0.125,-2.8));
#2867 = LINE('',#2868,#2869);
#2868 = CARTESIAN_POINT('',(0.125,-0.125,-2.8));
#2869 = VECTOR('',#2870,1.);
#2870 = DIRECTION('',(-0.57735026919,0.57735026919,-0.57735026919));
#2871 = ORIENTED_EDGE('',*,*,#2296,.T.);
#2872 = ORIENTED_EDGE('',*,*,#2873,.T.);
#2873 = EDGE_CURVE('',#2297,#2874,#2876,.T.);
#2874 = VERTEX_POINT('',#2875);
#2875 = CARTESIAN_POINT('',(0.125,0.125,-2.8));
#2876 = LINE('',#2877,#2878);
#2877 = CARTESIAN_POINT('',(4.166666666667E-02,4.166666666667E-02,
    -2.883333333333));
#2878 = VECTOR('',#2879,1.);
#2879 = DIRECTION('',(-0.57735026919,-0.57735026919,-0.57735026919));
#2880 = ORIENTED_EDGE('',*,*,#2881,.F.);
#2881 = EDGE_CURVE('',#2865,#2874,#2882,.T.);
#2882 = LINE('',#2883,#2884);
#2883 = CARTESIAN_POINT('',(0.125,-0.25,-2.8));
#2884 = VECTOR('',#2885,1.);
#2885 = DIRECTION('',(0.,1.,0.));
#2886 = PLANE('',#2887);
#2887 = AXIS2_PLACEMENT_3D('',#2888,#2889,#2890);
#2888 = CARTESIAN_POINT('',(0.1875,-0.25,-2.7375));
#2889 = DIRECTION('',(-0.707106781187,0.,0.707106781187));
#2890 = DIRECTION('',(0.,1.,0.));
#2891 = ADVANCED_FACE('',(#2892),#2910,.F.);
#2892 = FACE_BOUND('',#2893,.T.);
#2893 = EDGE_LOOP('',(#2894,#2902,#2903,#2904));
#2894 = ORIENTED_EDGE('',*,*,#2895,.F.);
#2895 = EDGE_CURVE('',#2321,#2896,#2898,.T.);
#2896 = VERTEX_POINT('',#2897);
#2897 = CARTESIAN_POINT('',(-0.125,0.125,-2.8));
#2898 = LINE('',#2899,#2900);
#2899 = CARTESIAN_POINT('',(-0.125,0.125,-2.8));
#2900 = VECTOR('',#2901,1.);
#2901 = DIRECTION('',(0.57735026919,-0.57735026919,-0.57735026919));
#2902 = ORIENTED_EDGE('',*,*,#2320,.T.);
#2903 = ORIENTED_EDGE('',*,*,#2873,.T.);
#2904 = ORIENTED_EDGE('',*,*,#2905,.F.);
#2905 = EDGE_CURVE('',#2896,#2874,#2906,.T.);
#2906 = LINE('',#2907,#2908);
#2907 = CARTESIAN_POINT('',(-0.25,0.125,-2.8));
#2908 = VECTOR('',#2909,1.);
#2909 = DIRECTION('',(1.,0.,0.));
#2910 = PLANE('',#2911);
#2911 = AXIS2_PLACEMENT_3D('',#2912,#2913,#2914);
#2912 = CARTESIAN_POINT('',(-0.25,0.1875,-2.7375));
#2913 = DIRECTION('',(0.,-0.707106781187,0.707106781187));
#2914 = DIRECTION('',(-1.,0.,0.));
#2915 = ADVANCED_FACE('',(#2916),#2934,.T.);
#2916 = FACE_BOUND('',#2917,.T.);
#2917 = EDGE_LOOP('',(#2918,#2926,#2927,#2928));
#2918 = ORIENTED_EDGE('',*,*,#2919,.F.);
#2919 = EDGE_CURVE('',#2344,#2920,#2922,.T.);
#2920 = VERTEX_POINT('',#2921);
#2921 = CARTESIAN_POINT('',(-0.125,-0.125,-2.8));
#2922 = LINE('',#2923,#2924);
#2923 = CARTESIAN_POINT('',(-0.208333333333,-0.208333333333,
    -2.716666666667));
#2924 = VECTOR('',#2925,1.);
#2925 = DIRECTION('',(0.57735026919,0.57735026919,-0.57735026919));
#2926 = ORIENTED_EDGE('',*,*,#2351,.T.);
#2927 = ORIENTED_EDGE('',*,*,#2895,.T.);
#2928 = ORIENTED_EDGE('',*,*,#2929,.F.);
#2929 = EDGE_CURVE('',#2920,#2896,#2930,.T.);
#2930 = LINE('',#2931,#2932);
#2931 = CARTESIAN_POINT('',(-0.125,-0.25,-2.8));
#2932 = VECTOR('',#2933,1.);
#2933 = DIRECTION('',(0.,1.,0.));
#2934 = PLANE('',#2935);
#2935 = AXIS2_PLACEMENT_3D('',#2936,#2937,#2938);
#2936 = CARTESIAN_POINT('',(-0.1875,-0.25,-2.7375));
#2937 = DIRECTION('',(-0.707106781187,0.,-0.707106781187));
#2938 = DIRECTION('',(0.,1.,0.));
#2939 = ADVANCED_FACE('',(#2940),#2951,.T.);
#2940 = FACE_BOUND('',#2941,.F.);
#2941 = EDGE_LOOP('',(#2942,#2943,#2944,#2945));
#2942 = ORIENTED_EDGE('',*,*,#2919,.F.);
#2943 = ORIENTED_EDGE('',*,*,#2368,.T.);
#2944 = ORIENTED_EDGE('',*,*,#2864,.T.);
#2945 = ORIENTED_EDGE('',*,*,#2946,.F.);
#2946 = EDGE_CURVE('',#2920,#2865,#2947,.T.);
#2947 = LINE('',#2948,#2949);
#2948 = CARTESIAN_POINT('',(-0.25,-0.125,-2.8));
#2949 = VECTOR('',#2950,1.);
#2950 = DIRECTION('',(1.,0.,0.));
#2951 = PLANE('',#2952);
#2952 = AXIS2_PLACEMENT_3D('',#2953,#2954,#2955);
#2953 = CARTESIAN_POINT('',(-0.25,-0.1875,-2.7375));
#2954 = DIRECTION('',(0.,-0.707106781187,-0.707106781187));
#2955 = DIRECTION('',(-1.,-0.,0.));
#2956 = ADVANCED_FACE('',(#2957),#2982,.T.);
#2957 = FACE_BOUND('',#2958,.F.);
#2958 = EDGE_LOOP('',(#2959,#2967,#2968,#2976));
#2959 = ORIENTED_EDGE('',*,*,#2960,.F.);
#2960 = EDGE_CURVE('',#2393,#2961,#2963,.T.);
#2961 = VERTEX_POINT('',#2962);
#2962 = CARTESIAN_POINT('',(-0.125,-2.125,-2.8));
#2963 = LINE('',#2964,#2965);
#2964 = CARTESIAN_POINT('',(-0.208333333333,-2.208333333333,
    -2.716666666667));
#2965 = VECTOR('',#2966,1.);
#2966 = DIRECTION('',(0.57735026919,0.57735026919,-0.57735026919));
#2967 = ORIENTED_EDGE('',*,*,#2392,.T.);
#2968 = ORIENTED_EDGE('',*,*,#2969,.T.);
#2969 = EDGE_CURVE('',#2385,#2970,#2972,.T.);
#2970 = VERTEX_POINT('',#2971);
#2971 = CARTESIAN_POINT('',(0.125,-2.125,-2.8));
#2972 = LINE('',#2973,#2974);
#2973 = CARTESIAN_POINT('',(0.125,-2.125,-2.8));
#2974 = VECTOR('',#2975,1.);
#2975 = DIRECTION('',(-0.57735026919,0.57735026919,-0.57735026919));
#2976 = ORIENTED_EDGE('',*,*,#2977,.F.);
#2977 = EDGE_CURVE('',#2961,#2970,#2978,.T.);
#2978 = LINE('',#2979,#2980);
#2979 = CARTESIAN_POINT('',(-0.25,-2.125,-2.8));
#2980 = VECTOR('',#2981,1.);
#2981 = DIRECTION('',(1.,0.,0.));
#2982 = PLANE('',#2983);
#2983 = AXIS2_PLACEMENT_3D('',#2984,#2985,#2986);
#2984 = CARTESIAN_POINT('',(-0.25,-2.1875,-2.7375));
#2985 = DIRECTION('',(0.,-0.707106781187,-0.707106781187));
#2986 = DIRECTION('',(-1.,-0.,0.));
#2987 = ADVANCED_FACE('',(#2988),#3006,.F.);
#2988 = FACE_BOUND('',#2989,.F.);
#2989 = EDGE_LOOP('',(#2990,#2991,#2992,#3000));
#2990 = ORIENTED_EDGE('',*,*,#2969,.F.);
#2991 = ORIENTED_EDGE('',*,*,#2416,.T.);
#2992 = ORIENTED_EDGE('',*,*,#2993,.T.);
#2993 = EDGE_CURVE('',#2417,#2994,#2996,.T.);
#2994 = VERTEX_POINT('',#2995);
#2995 = CARTESIAN_POINT('',(0.125,-1.875,-2.8));
#2996 = LINE('',#2997,#2998);
#2997 = CARTESIAN_POINT('',(4.166666666667E-02,-1.958333333333,
    -2.883333333333));
#2998 = VECTOR('',#2999,1.);
#2999 = DIRECTION('',(-0.57735026919,-0.57735026919,-0.57735026919));
#3000 = ORIENTED_EDGE('',*,*,#3001,.F.);
#3001 = EDGE_CURVE('',#2970,#2994,#3002,.T.);
#3002 = LINE('',#3003,#3004);
#3003 = CARTESIAN_POINT('',(0.125,-2.25,-2.8));
#3004 = VECTOR('',#3005,1.);
#3005 = DIRECTION('',(0.,1.,0.));
#3006 = PLANE('',#3007);
#3007 = AXIS2_PLACEMENT_3D('',#3008,#3009,#3010);
#3008 = CARTESIAN_POINT('',(0.1875,-2.25,-2.7375));
#3009 = DIRECTION('',(-0.707106781187,0.,0.707106781187));
#3010 = DIRECTION('',(0.,1.,0.));
#3011 = ADVANCED_FACE('',(#3012),#3030,.F.);
#3012 = FACE_BOUND('',#3013,.T.);
#3013 = EDGE_LOOP('',(#3014,#3022,#3023,#3024));
#3014 = ORIENTED_EDGE('',*,*,#3015,.F.);
#3015 = EDGE_CURVE('',#2441,#3016,#3018,.T.);
#3016 = VERTEX_POINT('',#3017);
#3017 = CARTESIAN_POINT('',(-0.125,-1.875,-2.8));
#3018 = LINE('',#3019,#3020);
#3019 = CARTESIAN_POINT('',(-0.125,-1.875,-2.8));
#3020 = VECTOR('',#3021,1.);
#3021 = DIRECTION('',(0.57735026919,-0.57735026919,-0.57735026919));
#3022 = ORIENTED_EDGE('',*,*,#2440,.T.);
#3023 = ORIENTED_EDGE('',*,*,#2993,.T.);
#3024 = ORIENTED_EDGE('',*,*,#3025,.F.);
#3025 = EDGE_CURVE('',#3016,#2994,#3026,.T.);
#3026 = LINE('',#3027,#3028);
#3027 = CARTESIAN_POINT('',(-0.25,-1.875,-2.8));
#3028 = VECTOR('',#3029,1.);
#3029 = DIRECTION('',(1.,0.,0.));
#3030 = PLANE('',#3031);
#3031 = AXIS2_PLACEMENT_3D('',#3032,#3033,#3034);
#3032 = CARTESIAN_POINT('',(-0.25,-1.8125,-2.7375));
#3033 = DIRECTION('',(0.,-0.707106781187,0.707106781187));
#3034 = DIRECTION('',(-1.,0.,0.));
#3035 = ADVANCED_FACE('',(#3036),#3047,.T.);
#3036 = FACE_BOUND('',#3037,.T.);
#3037 = EDGE_LOOP('',(#3038,#3039,#3040,#3041));
#3038 = ORIENTED_EDGE('',*,*,#2960,.F.);
#3039 = ORIENTED_EDGE('',*,*,#2464,.T.);
#3040 = ORIENTED_EDGE('',*,*,#3015,.T.);
#3041 = ORIENTED_EDGE('',*,*,#3042,.F.);
#3042 = EDGE_CURVE('',#2961,#3016,#3043,.T.);
#3043 = LINE('',#3044,#3045);
#3044 = CARTESIAN_POINT('',(-0.125,-2.25,-2.8));
#3045 = VECTOR('',#3046,1.);
#3046 = DIRECTION('',(0.,1.,0.));
#3047 = PLANE('',#3048);
#3048 = AXIS2_PLACEMENT_3D('',#3049,#3050,#3051);
#3049 = CARTESIAN_POINT('',(-0.1875,-2.25,-2.7375));
#3050 = DIRECTION('',(-0.707106781187,0.,-0.707106781187));
#3051 = DIRECTION('',(0.,1.,0.));
#3052 = ADVANCED_FACE('',(#3053),#3078,.F.);
#3053 = FACE_BOUND('',#3054,.T.);
#3054 = EDGE_LOOP('',(#3055,#3063,#3064,#3072));
#3055 = ORIENTED_EDGE('',*,*,#3056,.F.);
#3056 = EDGE_CURVE('',#2489,#3057,#3059,.T.);
#3057 = VERTEX_POINT('',#3058);
#3058 = CARTESIAN_POINT('',(-0.125,-3.875,-2.8));
#3059 = LINE('',#3060,#3061);
#3060 = CARTESIAN_POINT('',(-0.125,-3.875,-2.8));
#3061 = VECTOR('',#3062,1.);
#3062 = DIRECTION('',(0.57735026919,-0.57735026919,-0.57735026919));
#3063 = ORIENTED_EDGE('',*,*,#2488,.T.);
#3064 = ORIENTED_EDGE('',*,*,#3065,.T.);
#3065 = EDGE_CURVE('',#2481,#3066,#3068,.T.);
#3066 = VERTEX_POINT('',#3067);
#3067 = CARTESIAN_POINT('',(0.125,-3.875,-2.8));
#3068 = LINE('',#3069,#3070);
#3069 = CARTESIAN_POINT('',(4.166666666667E-02,-3.958333333333,
    -2.883333333333));
#3070 = VECTOR('',#3071,1.);
#3071 = DIRECTION('',(-0.57735026919,-0.57735026919,-0.57735026919));
#3072 = ORIENTED_EDGE('',*,*,#3073,.F.);
#3073 = EDGE_CURVE('',#3057,#3066,#3074,.T.);
#3074 = LINE('',#3075,#3076);
#3075 = CARTESIAN_POINT('',(-0.25,-3.875,-2.8));
#3076 = VECTOR('',#3077,1.);
#3077 = DIRECTION('',(1.,0.,0.));
#3078 = PLANE('',#3079);
#3079 = AXIS2_PLACEMENT_3D('',#3080,#3081,#3082);
#3080 = CARTESIAN_POINT('',(-0.25,-3.8125,-2.7375));
#3081 = DIRECTION('',(0.,-0.707106781187,0.707106781187));
#3082 = DIRECTION('',(-1.,0.,0.));
#3083 = ADVANCED_FACE('',(#3084),#3102,.T.);
#3084 = FACE_BOUND('',#3085,.T.);
#3085 = EDGE_LOOP('',(#3086,#3094,#3095,#3096));
#3086 = ORIENTED_EDGE('',*,*,#3087,.F.);
#3087 = EDGE_CURVE('',#2512,#3088,#3090,.T.);
#3088 = VERTEX_POINT('',#3089);
#3089 = CARTESIAN_POINT('',(-0.125,-4.125,-2.8));
#3090 = LINE('',#3091,#3092);
#3091 = CARTESIAN_POINT('',(-0.208333333333,-4.208333333333,
    -2.716666666667));
#3092 = VECTOR('',#3093,1.);
#3093 = DIRECTION('',(0.57735026919,0.57735026919,-0.57735026919));
#3094 = ORIENTED_EDGE('',*,*,#2519,.T.);
#3095 = ORIENTED_EDGE('',*,*,#3056,.T.);
#3096 = ORIENTED_EDGE('',*,*,#3097,.F.);
#3097 = EDGE_CURVE('',#3088,#3057,#3098,.T.);
#3098 = LINE('',#3099,#3100);
#3099 = CARTESIAN_POINT('',(-0.125,-4.25,-2.8));
#3100 = VECTOR('',#3101,1.);
#3101 = DIRECTION('',(0.,1.,0.));
#3102 = PLANE('',#3103);
#3103 = AXIS2_PLACEMENT_3D('',#3104,#3105,#3106);
#3104 = CARTESIAN_POINT('',(-0.1875,-4.25,-2.7375));
#3105 = DIRECTION('',(-0.707106781187,0.,-0.707106781187));
#3106 = DIRECTION('',(0.,1.,0.));
#3107 = ADVANCED_FACE('',(#3108),#3126,.T.);
#3108 = FACE_BOUND('',#3109,.F.);
#3109 = EDGE_LOOP('',(#3110,#3111,#3112,#3120));
#3110 = ORIENTED_EDGE('',*,*,#3087,.F.);
#3111 = ORIENTED_EDGE('',*,*,#2543,.T.);
#3112 = ORIENTED_EDGE('',*,*,#3113,.T.);
#3113 = EDGE_CURVE('',#2536,#3114,#3116,.T.);
#3114 = VERTEX_POINT('',#3115);
#3115 = CARTESIAN_POINT('',(0.125,-4.125,-2.8));
#3116 = LINE('',#3117,#3118);
#3117 = CARTESIAN_POINT('',(0.125,-4.125,-2.8));
#3118 = VECTOR('',#3119,1.);
#3119 = DIRECTION('',(-0.57735026919,0.57735026919,-0.57735026919));
#3120 = ORIENTED_EDGE('',*,*,#3121,.F.);
#3121 = EDGE_CURVE('',#3088,#3114,#3122,.T.);
#3122 = LINE('',#3123,#3124);
#3123 = CARTESIAN_POINT('',(-0.25,-4.125,-2.8));
#3124 = VECTOR('',#3125,1.);
#3125 = DIRECTION('',(1.,0.,0.));
#3126 = PLANE('',#3127);
#3127 = AXIS2_PLACEMENT_3D('',#3128,#3129,#3130);
#3128 = CARTESIAN_POINT('',(-0.25,-4.1875,-2.7375));
#3129 = DIRECTION('',(0.,-0.707106781187,-0.707106781187));
#3130 = DIRECTION('',(-1.,-0.,0.));
#3131 = ADVANCED_FACE('',(#3132),#3143,.F.);
#3132 = FACE_BOUND('',#3133,.F.);
#3133 = EDGE_LOOP('',(#3134,#3135,#3136,#3137));
#3134 = ORIENTED_EDGE('',*,*,#3113,.F.);
#3135 = ORIENTED_EDGE('',*,*,#2560,.T.);
#3136 = ORIENTED_EDGE('',*,*,#3065,.T.);
#3137 = ORIENTED_EDGE('',*,*,#3138,.F.);
#3138 = EDGE_CURVE('',#3114,#3066,#3139,.T.);
#3139 = LINE('',#3140,#3141);
#3140 = CARTESIAN_POINT('',(0.125,-4.25,-2.8));
#3141 = VECTOR('',#3142,1.);
#3142 = DIRECTION('',(0.,1.,0.));
#3143 = PLANE('',#3144);
#3144 = AXIS2_PLACEMENT_3D('',#3145,#3146,#3147);
#3145 = CARTESIAN_POINT('',(0.1875,-4.25,-2.7375));
#3146 = DIRECTION('',(-0.707106781187,0.,0.707106781187));
#3147 = DIRECTION('',(0.,1.,0.));
#3148 = ADVANCED_FACE('',(#3149),#3174,.T.);
#3149 = FACE_BOUND('',#3150,.T.);
#3150 = EDGE_LOOP('',(#3151,#3159,#3160,#3168));
#3151 = ORIENTED_EDGE('',*,*,#3152,.F.);
#3152 = EDGE_CURVE('',#2577,#3153,#3155,.T.);
#3153 = VERTEX_POINT('',#3154);
#3154 = CARTESIAN_POINT('',(0.125,-0.125,6.));
#3155 = LINE('',#3156,#3157);
#3156 = CARTESIAN_POINT('',(0.125,-0.125,6.));
#3157 = VECTOR('',#3158,1.);
#3158 = DIRECTION('',(-0.57735026919,0.57735026919,0.57735026919));
#3159 = ORIENTED_EDGE('',*,*,#2593,.T.);
#3160 = ORIENTED_EDGE('',*,*,#3161,.T.);
#3161 = EDGE_CURVE('',#2586,#3162,#3164,.T.);
#3162 = VERTEX_POINT('',#3163);
#3163 = CARTESIAN_POINT('',(0.125,0.125,6.));
#3164 = LINE('',#3165,#3166);
#3165 = CARTESIAN_POINT('',(4.166666666667E-02,4.166666666667E-02,
    6.083333333333));
#3166 = VECTOR('',#3167,1.);
#3167 = DIRECTION('',(-0.57735026919,-0.57735026919,0.57735026919));
#3168 = ORIENTED_EDGE('',*,*,#3169,.F.);
#3169 = EDGE_CURVE('',#3153,#3162,#3170,.T.);
#3170 = LINE('',#3171,#3172);
#3171 = CARTESIAN_POINT('',(0.125,-0.25,6.));
#3172 = VECTOR('',#3173,1.);
#3173 = DIRECTION('',(0.,1.,0.));
#3174 = PLANE('',#3175);
#3175 = AXIS2_PLACEMENT_3D('',#3176,#3177,#3178);
#3176 = CARTESIAN_POINT('',(0.1875,-0.25,5.9375));
#3177 = DIRECTION('',(0.707106781187,0.,0.707106781187));
#3178 = DIRECTION('',(-0.,1.,0.));
#3179 = ADVANCED_FACE('',(#3180),#3198,.T.);
#3180 = FACE_BOUND('',#3181,.F.);
#3181 = EDGE_LOOP('',(#3182,#3190,#3191,#3192));
#3182 = ORIENTED_EDGE('',*,*,#3183,.F.);
#3183 = EDGE_CURVE('',#2610,#3184,#3186,.T.);
#3184 = VERTEX_POINT('',#3185);
#3185 = CARTESIAN_POINT('',(-0.125,0.125,6.));
#3186 = LINE('',#3187,#3188);
#3187 = CARTESIAN_POINT('',(-0.125,0.125,6.));
#3188 = VECTOR('',#3189,1.);
#3189 = DIRECTION('',(0.57735026919,-0.57735026919,0.57735026919));
#3190 = ORIENTED_EDGE('',*,*,#2617,.T.);
#3191 = ORIENTED_EDGE('',*,*,#3161,.T.);
#3192 = ORIENTED_EDGE('',*,*,#3193,.F.);
#3193 = EDGE_CURVE('',#3184,#3162,#3194,.T.);
#3194 = LINE('',#3195,#3196);
#3195 = CARTESIAN_POINT('',(-0.25,0.125,6.));
#3196 = VECTOR('',#3197,1.);
#3197 = DIRECTION('',(1.,0.,0.));
#3198 = PLANE('',#3199);
#3199 = AXIS2_PLACEMENT_3D('',#3200,#3201,#3202);
#3200 = CARTESIAN_POINT('',(-0.25,0.1875,5.9375));
#3201 = DIRECTION('',(0.,0.707106781187,0.707106781187));
#3202 = DIRECTION('',(-1.,0.,0.));
#3203 = ADVANCED_FACE('',(#3204),#3222,.F.);
#3204 = FACE_BOUND('',#3205,.F.);
#3205 = EDGE_LOOP('',(#3206,#3214,#3215,#3216));
#3206 = ORIENTED_EDGE('',*,*,#3207,.F.);
#3207 = EDGE_CURVE('',#2632,#3208,#3210,.T.);
#3208 = VERTEX_POINT('',#3209);
#3209 = CARTESIAN_POINT('',(-0.125,-0.125,6.));
#3210 = LINE('',#3211,#3212);
#3211 = CARTESIAN_POINT('',(-0.208333333333,-0.208333333333,
    5.916666666667));
#3212 = VECTOR('',#3213,1.);
#3213 = DIRECTION('',(0.57735026919,0.57735026919,0.57735026919));
#3214 = ORIENTED_EDGE('',*,*,#2641,.T.);
#3215 = ORIENTED_EDGE('',*,*,#3183,.T.);
#3216 = ORIENTED_EDGE('',*,*,#3217,.F.);
#3217 = EDGE_CURVE('',#3208,#3184,#3218,.T.);
#3218 = LINE('',#3219,#3220);
#3219 = CARTESIAN_POINT('',(-0.125,-0.25,6.));
#3220 = VECTOR('',#3221,1.);
#3221 = DIRECTION('',(0.,1.,0.));
#3222 = PLANE('',#3223);
#3223 = AXIS2_PLACEMENT_3D('',#3224,#3225,#3226);
#3224 = CARTESIAN_POINT('',(-0.1875,-0.25,5.9375));
#3225 = DIRECTION('',(0.707106781187,0.,-0.707106781187));
#3226 = DIRECTION('',(0.,1.,0.));
#3227 = ADVANCED_FACE('',(#3228),#3239,.F.);
#3228 = FACE_BOUND('',#3229,.T.);
#3229 = EDGE_LOOP('',(#3230,#3231,#3232,#3233));
#3230 = ORIENTED_EDGE('',*,*,#3207,.F.);
#3231 = ORIENTED_EDGE('',*,*,#2658,.T.);
#3232 = ORIENTED_EDGE('',*,*,#3152,.T.);
#3233 = ORIENTED_EDGE('',*,*,#3234,.F.);
#3234 = EDGE_CURVE('',#3208,#3153,#3235,.T.);
#3235 = LINE('',#3236,#3237);
#3236 = CARTESIAN_POINT('',(-0.25,-0.125,6.));
#3237 = VECTOR('',#3238,1.);
#3238 = DIRECTION('',(1.,0.,0.));
#3239 = PLANE('',#3240);
#3240 = AXIS2_PLACEMENT_3D('',#3241,#3242,#3243);
#3241 = CARTESIAN_POINT('',(-0.25,-0.1875,5.9375));
#3242 = DIRECTION('',(0.,0.707106781187,-0.707106781187));
#3243 = DIRECTION('',(-1.,0.,-0.));
#3244 = ADVANCED_FACE('',(#3245),#3270,.F.);
#3245 = FACE_BOUND('',#3246,.T.);
#3246 = EDGE_LOOP('',(#3247,#3255,#3256,#3264));
#3247 = ORIENTED_EDGE('',*,*,#3248,.F.);
#3248 = EDGE_CURVE('',#2682,#3249,#3251,.T.);
#3249 = VERTEX_POINT('',#3250);
#3250 = CARTESIAN_POINT('',(-0.125,-2.125,6.));
#3251 = LINE('',#3252,#3253);
#3252 = CARTESIAN_POINT('',(-0.208333333333,-2.208333333333,
    5.916666666667));
#3253 = VECTOR('',#3254,1.);
#3254 = DIRECTION('',(0.57735026919,0.57735026919,0.57735026919));
#3255 = ORIENTED_EDGE('',*,*,#2689,.T.);
#3256 = ORIENTED_EDGE('',*,*,#3257,.T.);
#3257 = EDGE_CURVE('',#2673,#3258,#3260,.T.);
#3258 = VERTEX_POINT('',#3259);
#3259 = CARTESIAN_POINT('',(0.125,-2.125,6.));
#3260 = LINE('',#3261,#3262);
#3261 = CARTESIAN_POINT('',(0.125,-2.125,6.));
#3262 = VECTOR('',#3263,1.);
#3263 = DIRECTION('',(-0.57735026919,0.57735026919,0.57735026919));
#3264 = ORIENTED_EDGE('',*,*,#3265,.F.);
#3265 = EDGE_CURVE('',#3249,#3258,#3266,.T.);
#3266 = LINE('',#3267,#3268);
#3267 = CARTESIAN_POINT('',(-0.25,-2.125,6.));
#3268 = VECTOR('',#3269,1.);
#3269 = DIRECTION('',(1.,0.,0.));
#3270 = PLANE('',#3271);
#3271 = AXIS2_PLACEMENT_3D('',#3272,#3273,#3274);
#3272 = CARTESIAN_POINT('',(-0.25,-2.1875,5.9375));
#3273 = DIRECTION('',(0.,0.707106781187,-0.707106781187));
#3274 = DIRECTION('',(-1.,0.,-0.));
#3275 = ADVANCED_FACE('',(#3276),#3294,.T.);
#3276 = FACE_BOUND('',#3277,.T.);
#3277 = EDGE_LOOP('',(#3278,#3279,#3280,#3288));
#3278 = ORIENTED_EDGE('',*,*,#3257,.F.);
#3279 = ORIENTED_EDGE('',*,*,#2713,.T.);
#3280 = ORIENTED_EDGE('',*,*,#3281,.T.);
#3281 = EDGE_CURVE('',#2706,#3282,#3284,.T.);
#3282 = VERTEX_POINT('',#3283);
#3283 = CARTESIAN_POINT('',(0.125,-1.875,6.));
#3284 = LINE('',#3285,#3286);
#3285 = CARTESIAN_POINT('',(4.166666666667E-02,-1.958333333333,
    6.083333333333));
#3286 = VECTOR('',#3287,1.);
#3287 = DIRECTION('',(-0.57735026919,-0.57735026919,0.57735026919));
#3288 = ORIENTED_EDGE('',*,*,#3289,.F.);
#3289 = EDGE_CURVE('',#3258,#3282,#3290,.T.);
#3290 = LINE('',#3291,#3292);
#3291 = CARTESIAN_POINT('',(0.125,-2.25,6.));
#3292 = VECTOR('',#3293,1.);
#3293 = DIRECTION('',(0.,1.,0.));
#3294 = PLANE('',#3295);
#3295 = AXIS2_PLACEMENT_3D('',#3296,#3297,#3298);
#3296 = CARTESIAN_POINT('',(0.1875,-2.25,5.9375));
#3297 = DIRECTION('',(0.707106781187,0.,0.707106781187));
#3298 = DIRECTION('',(-0.,1.,0.));
#3299 = ADVANCED_FACE('',(#3300),#3318,.T.);
#3300 = FACE_BOUND('',#3301,.F.);
#3301 = EDGE_LOOP('',(#3302,#3310,#3311,#3312));
#3302 = ORIENTED_EDGE('',*,*,#3303,.F.);
#3303 = EDGE_CURVE('',#2730,#3304,#3306,.T.);
#3304 = VERTEX_POINT('',#3305);
#3305 = CARTESIAN_POINT('',(-0.125,-1.875,6.));
#3306 = LINE('',#3307,#3308);
#3307 = CARTESIAN_POINT('',(-0.125,-1.875,6.));
#3308 = VECTOR('',#3309,1.);
#3309 = DIRECTION('',(0.57735026919,-0.57735026919,0.57735026919));
#3310 = ORIENTED_EDGE('',*,*,#2737,.T.);
#3311 = ORIENTED_EDGE('',*,*,#3281,.T.);
#3312 = ORIENTED_EDGE('',*,*,#3313,.F.);
#3313 = EDGE_CURVE('',#3304,#3282,#3314,.T.);
#3314 = LINE('',#3315,#3316);
#3315 = CARTESIAN_POINT('',(-0.25,-1.875,6.));
#3316 = VECTOR('',#3317,1.);
#3317 = DIRECTION('',(1.,0.,0.));
#3318 = PLANE('',#3319);
#3319 = AXIS2_PLACEMENT_3D('',#3320,#3321,#3322);
#3320 = CARTESIAN_POINT('',(-0.25,-1.8125,5.9375));
#3321 = DIRECTION('',(0.,0.707106781187,0.707106781187));
#3322 = DIRECTION('',(-1.,0.,0.));
#3323 = ADVANCED_FACE('',(#3324),#3335,.F.);
#3324 = FACE_BOUND('',#3325,.F.);
#3325 = EDGE_LOOP('',(#3326,#3327,#3328,#3329));
#3326 = ORIENTED_EDGE('',*,*,#3248,.F.);
#3327 = ORIENTED_EDGE('',*,*,#2754,.T.);
#3328 = ORIENTED_EDGE('',*,*,#3303,.T.);
#3329 = ORIENTED_EDGE('',*,*,#3330,.F.);
#3330 = EDGE_CURVE('',#3249,#3304,#3331,.T.);
#3331 = LINE('',#3332,#3333);
#3332 = CARTESIAN_POINT('',(-0.125,-2.25,6.));
#3333 = VECTOR('',#3334,1.);
#3334 = DIRECTION('',(0.,1.,0.));
#3335 = PLANE('',#3336);
#3336 = AXIS2_PLACEMENT_3D('',#3337,#3338,#3339);
#3337 = CARTESIAN_POINT('',(-0.1875,-2.25,5.9375));
#3338 = DIRECTION('',(0.707106781187,0.,-0.707106781187));
#3339 = DIRECTION('',(0.,1.,0.));
#3340 = ADVANCED_FACE('',(#3341),#3366,.T.);
#3341 = FACE_BOUND('',#3342,.F.);
#3342 = EDGE_LOOP('',(#3343,#3351,#3352,#3360));
#3343 = ORIENTED_EDGE('',*,*,#3344,.F.);
#3344 = EDGE_CURVE('',#2778,#3345,#3347,.T.);
#3345 = VERTEX_POINT('',#3346);
#3346 = CARTESIAN_POINT('',(-0.125,-3.875,6.));
#3347 = LINE('',#3348,#3349);
#3348 = CARTESIAN_POINT('',(-0.125,-3.875,6.));
#3349 = VECTOR('',#3350,1.);
#3350 = DIRECTION('',(0.57735026919,-0.57735026919,0.57735026919));
#3351 = ORIENTED_EDGE('',*,*,#2785,.T.);
#3352 = ORIENTED_EDGE('',*,*,#3353,.T.);
#3353 = EDGE_CURVE('',#2769,#3354,#3356,.T.);
#3354 = VERTEX_POINT('',#3355);
#3355 = CARTESIAN_POINT('',(0.125,-3.875,6.));
#3356 = LINE('',#3357,#3358);
#3357 = CARTESIAN_POINT('',(4.166666666667E-02,-3.958333333333,
    6.083333333333));
#3358 = VECTOR('',#3359,1.);
#3359 = DIRECTION('',(-0.57735026919,-0.57735026919,0.57735026919));
#3360 = ORIENTED_EDGE('',*,*,#3361,.F.);
#3361 = EDGE_CURVE('',#3345,#3354,#3362,.T.);
#3362 = LINE('',#3363,#3364);
#3363 = CARTESIAN_POINT('',(-0.25,-3.875,6.));
#3364 = VECTOR('',#3365,1.);
#3365 = DIRECTION('',(1.,0.,0.));
#3366 = PLANE('',#3367);
#3367 = AXIS2_PLACEMENT_3D('',#3368,#3369,#3370);
#3368 = CARTESIAN_POINT('',(-0.25,-3.8125,5.9375));
#3369 = DIRECTION('',(0.,0.707106781187,0.707106781187));
#3370 = DIRECTION('',(-1.,0.,0.));
#3371 = ADVANCED_FACE('',(#3372),#3390,.F.);
#3372 = FACE_BOUND('',#3373,.F.);
#3373 = EDGE_LOOP('',(#3374,#3382,#3383,#3384));
#3374 = ORIENTED_EDGE('',*,*,#3375,.F.);
#3375 = EDGE_CURVE('',#2800,#3376,#3378,.T.);
#3376 = VERTEX_POINT('',#3377);
#3377 = CARTESIAN_POINT('',(-0.125,-4.125,6.));
#3378 = LINE('',#3379,#3380);
#3379 = CARTESIAN_POINT('',(-0.208333333333,-4.208333333333,
    5.916666666667));
#3380 = VECTOR('',#3381,1.);
#3381 = DIRECTION('',(0.57735026919,0.57735026919,0.57735026919));
#3382 = ORIENTED_EDGE('',*,*,#2809,.T.);
#3383 = ORIENTED_EDGE('',*,*,#3344,.T.);
#3384 = ORIENTED_EDGE('',*,*,#3385,.F.);
#3385 = EDGE_CURVE('',#3376,#3345,#3386,.T.);
#3386 = LINE('',#3387,#3388);
#3387 = CARTESIAN_POINT('',(-0.125,-4.25,6.));
#3388 = VECTOR('',#3389,1.);
#3389 = DIRECTION('',(0.,1.,0.));
#3390 = PLANE('',#3391);
#3391 = AXIS2_PLACEMENT_3D('',#3392,#3393,#3394);
#3392 = CARTESIAN_POINT('',(-0.1875,-4.25,5.9375));
#3393 = DIRECTION('',(0.707106781187,0.,-0.707106781187));
#3394 = DIRECTION('',(0.,1.,0.));
#3395 = ADVANCED_FACE('',(#3396),#3414,.F.);
#3396 = FACE_BOUND('',#3397,.T.);
#3397 = EDGE_LOOP('',(#3398,#3399,#3400,#3408));
#3398 = ORIENTED_EDGE('',*,*,#3375,.F.);
#3399 = ORIENTED_EDGE('',*,*,#2833,.T.);
#3400 = ORIENTED_EDGE('',*,*,#3401,.T.);
#3401 = EDGE_CURVE('',#2824,#3402,#3404,.T.);
#3402 = VERTEX_POINT('',#3403);
#3403 = CARTESIAN_POINT('',(0.125,-4.125,6.));
#3404 = LINE('',#3405,#3406);
#3405 = CARTESIAN_POINT('',(0.125,-4.125,6.));
#3406 = VECTOR('',#3407,1.);
#3407 = DIRECTION('',(-0.57735026919,0.57735026919,0.57735026919));
#3408 = ORIENTED_EDGE('',*,*,#3409,.F.);
#3409 = EDGE_CURVE('',#3376,#3402,#3410,.T.);
#3410 = LINE('',#3411,#3412);
#3411 = CARTESIAN_POINT('',(-0.25,-4.125,6.));
#3412 = VECTOR('',#3413,1.);
#3413 = DIRECTION('',(1.,0.,0.));
#3414 = PLANE('',#3415);
#3415 = AXIS2_PLACEMENT_3D('',#3416,#3417,#3418);
#3416 = CARTESIAN_POINT('',(-0.25,-4.1875,5.9375));
#3417 = DIRECTION('',(0.,0.707106781187,-0.707106781187));
#3418 = DIRECTION('',(-1.,0.,-0.));
#3419 = ADVANCED_FACE('',(#3420),#3431,.T.);
#3420 = FACE_BOUND('',#3421,.T.);
#3421 = EDGE_LOOP('',(#3422,#3423,#3424,#3425));
#3422 = ORIENTED_EDGE('',*,*,#3401,.F.);
#3423 = ORIENTED_EDGE('',*,*,#2850,.T.);
#3424 = ORIENTED_EDGE('',*,*,#3353,.T.);
#3425 = ORIENTED_EDGE('',*,*,#3426,.F.);
#3426 = EDGE_CURVE('',#3402,#3354,#3427,.T.);
#3427 = LINE('',#3428,#3429);
#3428 = CARTESIAN_POINT('',(0.125,-4.25,6.));
#3429 = VECTOR('',#3430,1.);
#3430 = DIRECTION('',(0.,1.,0.));
#3431 = PLANE('',#3432);
#3432 = AXIS2_PLACEMENT_3D('',#3433,#3434,#3435);
#3433 = CARTESIAN_POINT('',(0.1875,-4.25,5.9375));
#3434 = DIRECTION('',(0.707106781187,0.,0.707106781187));
#3435 = DIRECTION('',(-0.,1.,0.));
#3436 = ADVANCED_FACE('',(#3437),#3443,.F.);
#3437 = FACE_BOUND('',#3438,.F.);
#3438 = EDGE_LOOP('',(#3439,#3440,#3441,#3442));
#3439 = ORIENTED_EDGE('',*,*,#2946,.T.);
#3440 = ORIENTED_EDGE('',*,*,#2881,.T.);
#3441 = ORIENTED_EDGE('',*,*,#2905,.F.);
#3442 = ORIENTED_EDGE('',*,*,#2929,.F.);
#3443 = PLANE('',#3444);
#3444 = AXIS2_PLACEMENT_3D('',#3445,#3446,#3447);
#3445 = CARTESIAN_POINT('',(-0.25,-0.25,-2.8));
#3446 = DIRECTION('',(0.,0.,1.));
#3447 = DIRECTION('',(1.,0.,-0.));
#3448 = ADVANCED_FACE('',(#3449),#3455,.F.);
#3449 = FACE_BOUND('',#3450,.F.);
#3450 = EDGE_LOOP('',(#3451,#3452,#3453,#3454));
#3451 = ORIENTED_EDGE('',*,*,#2977,.T.);
#3452 = ORIENTED_EDGE('',*,*,#3001,.T.);
#3453 = ORIENTED_EDGE('',*,*,#3025,.F.);
#3454 = ORIENTED_EDGE('',*,*,#3042,.F.);
#3455 = PLANE('',#3456);
#3456 = AXIS2_PLACEMENT_3D('',#3457,#3458,#3459);
#3457 = CARTESIAN_POINT('',(-0.25,-2.25,-2.8));
#3458 = DIRECTION('',(0.,0.,1.));
#3459 = DIRECTION('',(1.,0.,-0.));
#3460 = ADVANCED_FACE('',(#3461),#3467,.F.);
#3461 = FACE_BOUND('',#3462,.F.);
#3462 = EDGE_LOOP('',(#3463,#3464,#3465,#3466));
#3463 = ORIENTED_EDGE('',*,*,#3121,.T.);
#3464 = ORIENTED_EDGE('',*,*,#3138,.T.);
#3465 = ORIENTED_EDGE('',*,*,#3073,.F.);
#3466 = ORIENTED_EDGE('',*,*,#3097,.F.);
#3467 = PLANE('',#3468);
#3468 = AXIS2_PLACEMENT_3D('',#3469,#3470,#3471);
#3469 = CARTESIAN_POINT('',(-0.25,-4.25,-2.8));
#3470 = DIRECTION('',(0.,0.,1.));
#3471 = DIRECTION('',(1.,0.,-0.));
#3472 = ADVANCED_FACE('',(#3473),#3479,.T.);
#3473 = FACE_BOUND('',#3474,.T.);
#3474 = EDGE_LOOP('',(#3475,#3476,#3477,#3478));
#3475 = ORIENTED_EDGE('',*,*,#3193,.F.);
#3476 = ORIENTED_EDGE('',*,*,#3217,.F.);
#3477 = ORIENTED_EDGE('',*,*,#3234,.T.);
#3478 = ORIENTED_EDGE('',*,*,#3169,.T.);
#3479 = PLANE('',#3480);
#3480 = AXIS2_PLACEMENT_3D('',#3481,#3482,#3483);
#3481 = CARTESIAN_POINT('',(-0.25,-0.25,6.));
#3482 = DIRECTION('',(0.,0.,1.));
#3483 = DIRECTION('',(1.,0.,-0.));
#3484 = ADVANCED_FACE('',(#3485),#3491,.T.);
#3485 = FACE_BOUND('',#3486,.T.);
#3486 = EDGE_LOOP('',(#3487,#3488,#3489,#3490));
#3487 = ORIENTED_EDGE('',*,*,#3313,.F.);
#3488 = ORIENTED_EDGE('',*,*,#3330,.F.);
#3489 = ORIENTED_EDGE('',*,*,#3265,.T.);
#3490 = ORIENTED_EDGE('',*,*,#3289,.T.);
#3491 = PLANE('',#3492);
#3492 = AXIS2_PLACEMENT_3D('',#3493,#3494,#3495);
#3493 = CARTESIAN_POINT('',(-0.25,-2.25,6.));
#3494 = DIRECTION('',(0.,0.,1.));
#3495 = DIRECTION('',(1.,0.,-0.));
#3496 = ADVANCED_FACE('',(#3497),#3503,.T.);
#3497 = FACE_BOUND('',#3498,.T.);
#3498 = EDGE_LOOP('',(#3499,#3500,#3501,#3502));
#3499 = ORIENTED_EDGE('',*,*,#3361,.F.);
#3500 = ORIENTED_EDGE('',*,*,#3385,.F.);
#3501 = ORIENTED_EDGE('',*,*,#3409,.T.);
#3502 = ORIENTED_EDGE('',*,*,#3426,.T.);
#3503 = PLANE('',#3504);
#3504 = AXIS2_PLACEMENT_3D('',#3505,#3506,#3507);
#3505 = CARTESIAN_POINT('',(-0.25,-4.25,6.));
#3506 = DIRECTION('',(0.,0.,1.));
#3507 = DIRECTION('',(1.,0.,-0.));
#3508 = ( GEOMETRIC_REPRESENTATION_CONTEXT(3) 
GLOBAL_UNCERTAINTY_ASSIGNED_CONTEXT((#3512)) 
GLOBAL_UNIT_ASSIGNED_CONTEXT((#3509,#3510,#3511)) REPRESENTATION_CONTEXT
('Context #1','3D Context with UNIT and UNCERTAINTY') );
#3509 = ( LENGTH_UNIT() NAMED_UNIT(*) SI_UNIT(.MILLI.,.METRE.) );
#3510 = ( NAMED_UNIT(*) PLANE_ANGLE_UNIT() SI_UNIT($,.RADIAN.) );
#3511 = ( NAMED_UNIT(*) SI_UNIT($,.STERADIAN.) SOLID_ANGLE_UNIT() );
#3512 = UNCERTAINTY_MEASURE_WITH_UNIT(LENGTH_MEASURE(1.E-07),#3509,
  'distance_accuracy_value','confusion accuracy');
#3513 = CONTEXT_DEPENDENT_SHAPE_REPRESENTATION(#3514,#3516);
#3514 = ( REPRESENTATION_RELATIONSHIP('','',#1401,#10) 
REPRESENTATION_RELATIONSHIP_WITH_TRANSFORMATION(#3515) 
SHAPE_REPRESENTATION_RELATIONSHIP() );
#3515 = ITEM_DEFINED_TRANSFORMATION('','',#11,#27);
#3516 = PRODUCT_DEFINITION_SHAPE('Placement','Placement of an item',
  #3517);
#3517 = NEXT_ASSEMBLY_USAGE_OCCURRENCE('4','J2','',#5,#1396,$);
#3518 = PRODUCT_RELATED_PRODUCT_CATEGORY('part',$,(#1398));
#3519 = CONTEXT_DEPENDENT_SHAPE_REPRESENTATION(#3520,#3522);
#3520 = ( REPRESENTATION_RELATIONSHIP('','',#587,#10) 
REPRESENTATION_RELATIONSHIP_WITH_TRANSFORMATION(#3521) 
SHAPE_REPRESENTATION_RELATIONSHIP() );
#3521 = ITEM_DEFINED_TRANSFORMATION('','',#11,#31);
#3522 = PRODUCT_DEFINITION_SHAPE('Placement','Placement of an item',
  #3523);
#3523 = NEXT_ASSEMBLY_USAGE_OCCURRENCE('5','R1','',#5,#582,$);
#3524 = SHAPE_DEFINITION_REPRESENTATION(#3525,#3531);
#3525 = PRODUCT_DEFINITION_SHAPE('','',#3526);
#3526 = PRODUCT_DEFINITION('design','',#3527,#3530);
#3527 = PRODUCT_DEFINITION_FORMATION('','',#3528);
#3528 = PRODUCT('C_0402_1005Metric','C_0402_1005Metric','',(#3529));
#3529 = PRODUCT_CONTEXT('',#2,'mechanical');
#3530 = PRODUCT_DEFINITION_CONTEXT('part definition',#2,'design');
#3531 = ADVANCED_BREP_SHAPE_REPRESENTATION('',(#11,#3532),#4386);
#3532 = MANIFOLD_SOLID_BREP('',#3533);
#3533 = CLOSED_SHELL('',(#3534,#3610,#3641,#3666,#3691,#3715,#3739,#3764
    ,#3789,#3806,#3892,#3924,#3948,#3973,#3997,#4022,#4046,#4071,#4088,
    #4174,#4205,#4230,#4255,#4279,#4303,#4328,#4353,#4370));
#3534 = ADVANCED_FACE('',(#3535),#3605,.F.);
#3535 = FACE_BOUND('',#3536,.F.);
#3536 = EDGE_LOOP('',(#3537,#3547,#3556,#3564,#3573,#3581,#3590,#3598));
#3537 = ORIENTED_EDGE('',*,*,#3538,.F.);
#3538 = EDGE_CURVE('',#3539,#3541,#3543,.T.);
#3539 = VERTEX_POINT('',#3540);
#3540 = CARTESIAN_POINT('',(-0.5,-0.25,2.E-02));
#3541 = VERTEX_POINT('',#3542);
#3542 = CARTESIAN_POINT('',(-0.5,-0.25,0.48));
#3543 = LINE('',#3544,#3545);
#3544 = CARTESIAN_POINT('',(-0.5,-0.25,0.));
#3545 = VECTOR('',#3546,1.);
#3546 = DIRECTION('',(0.,0.,1.));
#3547 = ORIENTED_EDGE('',*,*,#3548,.T.);
#3548 = EDGE_CURVE('',#3539,#3549,#3551,.T.);
#3549 = VERTEX_POINT('',#3550);
#3550 = CARTESIAN_POINT('',(-0.5,-0.23,0.));
#3551 = CIRCLE('',#3552,2.E-02);
#3552 = AXIS2_PLACEMENT_3D('',#3553,#3554,#3555);
#3553 = CARTESIAN_POINT('',(-0.5,-0.23,2.E-02));
#3554 = DIRECTION('',(1.,0.,-0.));
#3555 = DIRECTION('',(0.,0.,1.));
#3556 = ORIENTED_EDGE('',*,*,#3557,.T.);
#3557 = EDGE_CURVE('',#3549,#3558,#3560,.T.);
#3558 = VERTEX_POINT('',#3559);
#3559 = CARTESIAN_POINT('',(-0.5,0.23,0.));
#3560 = LINE('',#3561,#3562);
#3561 = CARTESIAN_POINT('',(-0.5,-0.25,0.));
#3562 = VECTOR('',#3563,1.);
#3563 = DIRECTION('',(0.,1.,0.));
#3564 = ORIENTED_EDGE('',*,*,#3565,.F.);
#3565 = EDGE_CURVE('',#3566,#3558,#3568,.T.);
#3566 = VERTEX_POINT('',#3567);
#3567 = CARTESIAN_POINT('',(-0.5,0.25,2.E-02));
#3568 = CIRCLE('',#3569,2.E-02);
#3569 = AXIS2_PLACEMENT_3D('',#3570,#3571,#3572);
#3570 = CARTESIAN_POINT('',(-0.5,0.23,2.E-02));
#3571 = DIRECTION('',(-1.,0.,0.));
#3572 = DIRECTION('',(0.,0.,1.));
#3573 = ORIENTED_EDGE('',*,*,#3574,.T.);
#3574 = EDGE_CURVE('',#3566,#3575,#3577,.T.);
#3575 = VERTEX_POINT('',#3576);
#3576 = CARTESIAN_POINT('',(-0.5,0.25,0.48));
#3577 = LINE('',#3578,#3579);
#3578 = CARTESIAN_POINT('',(-0.5,0.25,0.));
#3579 = VECTOR('',#3580,1.);
#3580 = DIRECTION('',(0.,0.,1.));
#3581 = ORIENTED_EDGE('',*,*,#3582,.T.);
#3582 = EDGE_CURVE('',#3575,#3583,#3585,.T.);
#3583 = VERTEX_POINT('',#3584);
#3584 = CARTESIAN_POINT('',(-0.5,0.23,0.5));
#3585 = CIRCLE('',#3586,2.E-02);
#3586 = AXIS2_PLACEMENT_3D('',#3587,#3588,#3589);
#3587 = CARTESIAN_POINT('',(-0.5,0.23,0.48));
#3588 = DIRECTION('',(1.,0.,-0.));
#3589 = DIRECTION('',(0.,0.,1.));
#3590 = ORIENTED_EDGE('',*,*,#3591,.F.);
#3591 = EDGE_CURVE('',#3592,#3583,#3594,.T.);
#3592 = VERTEX_POINT('',#3593);
#3593 = CARTESIAN_POINT('',(-0.5,-0.23,0.5));
#3594 = LINE('',#3595,#3596);
#3595 = CARTESIAN_POINT('',(-0.5,-0.25,0.5));
#3596 = VECTOR('',#3597,1.);
#3597 = DIRECTION('',(0.,1.,0.));
#3598 = ORIENTED_EDGE('',*,*,#3599,.F.);
#3599 = EDGE_CURVE('',#3541,#3592,#3600,.T.);
#3600 = CIRCLE('',#3601,2.E-02);
#3601 = AXIS2_PLACEMENT_3D('',#3602,#3603,#3604);
#3602 = CARTESIAN_POINT('',(-0.5,-0.23,0.48));
#3603 = DIRECTION('',(-1.,0.,0.));
#3604 = DIRECTION('',(0.,0.,1.));
#3605 = PLANE('',#3606);
#3606 = AXIS2_PLACEMENT_3D('',#3607,#3608,#3609);
#3607 = CARTESIAN_POINT('',(-0.5,-0.25,0.));
#3608 = DIRECTION('',(1.,0.,0.));
#3609 = DIRECTION('',(0.,0.,1.));
#3610 = ADVANCED_FACE('',(#3611),#3636,.F.);
#3611 = FACE_BOUND('',#3612,.F.);
#3612 = EDGE_LOOP('',(#3613,#3623,#3629,#3630));
#3613 = ORIENTED_EDGE('',*,*,#3614,.F.);
#3614 = EDGE_CURVE('',#3615,#3617,#3619,.T.);
#3615 = VERTEX_POINT('',#3616);
#3616 = CARTESIAN_POINT('',(-0.3,-0.25,2.E-02));
#3617 = VERTEX_POINT('',#3618);
#3618 = CARTESIAN_POINT('',(-0.3,-0.25,0.48));
#3619 = LINE('',#3620,#3621);
#3620 = CARTESIAN_POINT('',(-0.3,-0.25,0.));
#3621 = VECTOR('',#3622,1.);
#3622 = DIRECTION('',(0.,0.,1.));
#3623 = ORIENTED_EDGE('',*,*,#3624,.F.);
#3624 = EDGE_CURVE('',#3539,#3615,#3625,.T.);
#3625 = LINE('',#3626,#3627);
#3626 = CARTESIAN_POINT('',(-0.5,-0.25,2.E-02));
#3627 = VECTOR('',#3628,1.);
#3628 = DIRECTION('',(1.,0.,0.));
#3629 = ORIENTED_EDGE('',*,*,#3538,.T.);
#3630 = ORIENTED_EDGE('',*,*,#3631,.T.);
#3631 = EDGE_CURVE('',#3541,#3617,#3632,.T.);
#3632 = LINE('',#3633,#3634);
#3633 = CARTESIAN_POINT('',(-0.5,-0.25,0.48));
#3634 = VECTOR('',#3635,1.);
#3635 = DIRECTION('',(1.,0.,0.));
#3636 = PLANE('',#3637);
#3637 = AXIS2_PLACEMENT_3D('',#3638,#3639,#3640);
#3638 = CARTESIAN_POINT('',(-0.5,-0.25,0.));
#3639 = DIRECTION('',(0.,1.,0.));
#3640 = DIRECTION('',(0.,-0.,1.));
#3641 = ADVANCED_FACE('',(#3642),#3661,.T.);
#3642 = FACE_BOUND('',#3643,.T.);
#3643 = EDGE_LOOP('',(#3644,#3645,#3653,#3660));
#3644 = ORIENTED_EDGE('',*,*,#3548,.T.);
#3645 = ORIENTED_EDGE('',*,*,#3646,.T.);
#3646 = EDGE_CURVE('',#3549,#3647,#3649,.T.);
#3647 = VERTEX_POINT('',#3648);
#3648 = CARTESIAN_POINT('',(-0.3,-0.23,0.));
#3649 = LINE('',#3650,#3651);
#3650 = CARTESIAN_POINT('',(-0.5,-0.23,0.));
#3651 = VECTOR('',#3652,1.);
#3652 = DIRECTION('',(1.,0.,0.));
#3653 = ORIENTED_EDGE('',*,*,#3654,.F.);
#3654 = EDGE_CURVE('',#3615,#3647,#3655,.T.);
#3655 = CIRCLE('',#3656,2.E-02);
#3656 = AXIS2_PLACEMENT_3D('',#3657,#3658,#3659);
#3657 = CARTESIAN_POINT('',(-0.3,-0.23,2.E-02));
#3658 = DIRECTION('',(1.,0.,-0.));
#3659 = DIRECTION('',(0.,0.,1.));
#3660 = ORIENTED_EDGE('',*,*,#3624,.F.);
#3661 = CYLINDRICAL_SURFACE('',#3662,2.E-02);
#3662 = AXIS2_PLACEMENT_3D('',#3663,#3664,#3665);
#3663 = CARTESIAN_POINT('',(-0.5,-0.23,2.E-02));
#3664 = DIRECTION('',(1.,0.,0.));
#3665 = DIRECTION('',(0.,-1.,0.));
#3666 = ADVANCED_FACE('',(#3667),#3686,.T.);
#3667 = FACE_BOUND('',#3668,.T.);
#3668 = EDGE_LOOP('',(#3669,#3670,#3679,#3685));
#3669 = ORIENTED_EDGE('',*,*,#3631,.T.);
#3670 = ORIENTED_EDGE('',*,*,#3671,.T.);
#3671 = EDGE_CURVE('',#3617,#3672,#3674,.T.);
#3672 = VERTEX_POINT('',#3673);
#3673 = CARTESIAN_POINT('',(-0.3,-0.23,0.5));
#3674 = CIRCLE('',#3675,2.E-02);
#3675 = AXIS2_PLACEMENT_3D('',#3676,#3677,#3678);
#3676 = CARTESIAN_POINT('',(-0.3,-0.23,0.48));
#3677 = DIRECTION('',(-1.,0.,0.));
#3678 = DIRECTION('',(0.,0.,1.));
#3679 = ORIENTED_EDGE('',*,*,#3680,.F.);
#3680 = EDGE_CURVE('',#3592,#3672,#3681,.T.);
#3681 = LINE('',#3682,#3683);
#3682 = CARTESIAN_POINT('',(-0.5,-0.23,0.5));
#3683 = VECTOR('',#3684,1.);
#3684 = DIRECTION('',(1.,0.,0.));
#3685 = ORIENTED_EDGE('',*,*,#3599,.F.);
#3686 = CYLINDRICAL_SURFACE('',#3687,2.E-02);
#3687 = AXIS2_PLACEMENT_3D('',#3688,#3689,#3690);
#3688 = CARTESIAN_POINT('',(-0.5,-0.23,0.48));
#3689 = DIRECTION('',(1.,0.,0.));
#3690 = DIRECTION('',(0.,-1.,0.));
#3691 = ADVANCED_FACE('',(#3692),#3710,.F.);
#3692 = FACE_BOUND('',#3693,.F.);
#3693 = EDGE_LOOP('',(#3694,#3695,#3696,#3704));
#3694 = ORIENTED_EDGE('',*,*,#3557,.F.);
#3695 = ORIENTED_EDGE('',*,*,#3646,.T.);
#3696 = ORIENTED_EDGE('',*,*,#3697,.T.);
#3697 = EDGE_CURVE('',#3647,#3698,#3700,.T.);
#3698 = VERTEX_POINT('',#3699);
#3699 = CARTESIAN_POINT('',(-0.3,0.23,0.));
#3700 = LINE('',#3701,#3702);
#3701 = CARTESIAN_POINT('',(-0.3,-0.25,0.));
#3702 = VECTOR('',#3703,1.);
#3703 = DIRECTION('',(0.,1.,0.));
#3704 = ORIENTED_EDGE('',*,*,#3705,.F.);
#3705 = EDGE_CURVE('',#3558,#3698,#3706,.T.);
#3706 = LINE('',#3707,#3708);
#3707 = CARTESIAN_POINT('',(-0.5,0.23,0.));
#3708 = VECTOR('',#3709,1.);
#3709 = DIRECTION('',(1.,0.,0.));
#3710 = PLANE('',#3711);
#3711 = AXIS2_PLACEMENT_3D('',#3712,#3713,#3714);
#3712 = CARTESIAN_POINT('',(-0.5,-0.25,0.));
#3713 = DIRECTION('',(0.,0.,1.));
#3714 = DIRECTION('',(1.,0.,-0.));
#3715 = ADVANCED_FACE('',(#3716),#3734,.T.);
#3716 = FACE_BOUND('',#3717,.T.);
#3717 = EDGE_LOOP('',(#3718,#3719,#3720,#3728));
#3718 = ORIENTED_EDGE('',*,*,#3591,.F.);
#3719 = ORIENTED_EDGE('',*,*,#3680,.T.);
#3720 = ORIENTED_EDGE('',*,*,#3721,.T.);
#3721 = EDGE_CURVE('',#3672,#3722,#3724,.T.);
#3722 = VERTEX_POINT('',#3723);
#3723 = CARTESIAN_POINT('',(-0.3,0.23,0.5));
#3724 = LINE('',#3725,#3726);
#3725 = CARTESIAN_POINT('',(-0.3,-0.25,0.5));
#3726 = VECTOR('',#3727,1.);
#3727 = DIRECTION('',(0.,1.,0.));
#3728 = ORIENTED_EDGE('',*,*,#3729,.F.);
#3729 = EDGE_CURVE('',#3583,#3722,#3730,.T.);
#3730 = LINE('',#3731,#3732);
#3731 = CARTESIAN_POINT('',(-0.5,0.23,0.5));
#3732 = VECTOR('',#3733,1.);
#3733 = DIRECTION('',(1.,0.,0.));
#3734 = PLANE('',#3735);
#3735 = AXIS2_PLACEMENT_3D('',#3736,#3737,#3738);
#3736 = CARTESIAN_POINT('',(-0.5,-0.25,0.5));
#3737 = DIRECTION('',(0.,0.,1.));
#3738 = DIRECTION('',(1.,0.,-0.));
#3739 = ADVANCED_FACE('',(#3740),#3759,.T.);
#3740 = FACE_BOUND('',#3741,.T.);
#3741 = EDGE_LOOP('',(#3742,#3750,#3757,#3758));
#3742 = ORIENTED_EDGE('',*,*,#3743,.T.);
#3743 = EDGE_CURVE('',#3566,#3744,#3746,.T.);
#3744 = VERTEX_POINT('',#3745);
#3745 = CARTESIAN_POINT('',(-0.3,0.25,2.E-02));
#3746 = LINE('',#3747,#3748);
#3747 = CARTESIAN_POINT('',(-0.5,0.25,2.E-02));
#3748 = VECTOR('',#3749,1.);
#3749 = DIRECTION('',(1.,0.,0.));
#3750 = ORIENTED_EDGE('',*,*,#3751,.T.);
#3751 = EDGE_CURVE('',#3744,#3698,#3752,.T.);
#3752 = CIRCLE('',#3753,2.E-02);
#3753 = AXIS2_PLACEMENT_3D('',#3754,#3755,#3756);
#3754 = CARTESIAN_POINT('',(-0.3,0.23,2.E-02));
#3755 = DIRECTION('',(-1.,0.,0.));
#3756 = DIRECTION('',(0.,0.,1.));
#3757 = ORIENTED_EDGE('',*,*,#3705,.F.);
#3758 = ORIENTED_EDGE('',*,*,#3565,.F.);
#3759 = CYLINDRICAL_SURFACE('',#3760,2.E-02);
#3760 = AXIS2_PLACEMENT_3D('',#3761,#3762,#3763);
#3761 = CARTESIAN_POINT('',(-0.5,0.23,2.E-02));
#3762 = DIRECTION('',(1.,0.,0.));
#3763 = DIRECTION('',(-0.,1.,0.));
#3764 = ADVANCED_FACE('',(#3765),#3784,.T.);
#3765 = FACE_BOUND('',#3766,.T.);
#3766 = EDGE_LOOP('',(#3767,#3768,#3769,#3778));
#3767 = ORIENTED_EDGE('',*,*,#3582,.T.);
#3768 = ORIENTED_EDGE('',*,*,#3729,.T.);
#3769 = ORIENTED_EDGE('',*,*,#3770,.F.);
#3770 = EDGE_CURVE('',#3771,#3722,#3773,.T.);
#3771 = VERTEX_POINT('',#3772);
#3772 = CARTESIAN_POINT('',(-0.3,0.25,0.48));
#3773 = CIRCLE('',#3774,2.E-02);
#3774 = AXIS2_PLACEMENT_3D('',#3775,#3776,#3777);
#3775 = CARTESIAN_POINT('',(-0.3,0.23,0.48));
#3776 = DIRECTION('',(1.,0.,-0.));
#3777 = DIRECTION('',(0.,0.,1.));
#3778 = ORIENTED_EDGE('',*,*,#3779,.F.);
#3779 = EDGE_CURVE('',#3575,#3771,#3780,.T.);
#3780 = LINE('',#3781,#3782);
#3781 = CARTESIAN_POINT('',(-0.5,0.25,0.48));
#3782 = VECTOR('',#3783,1.);
#3783 = DIRECTION('',(1.,0.,0.));
#3784 = CYLINDRICAL_SURFACE('',#3785,2.E-02);
#3785 = AXIS2_PLACEMENT_3D('',#3786,#3787,#3788);
#3786 = CARTESIAN_POINT('',(-0.5,0.23,0.48));
#3787 = DIRECTION('',(1.,0.,0.));
#3788 = DIRECTION('',(-0.,1.,0.));
#3789 = ADVANCED_FACE('',(#3790),#3801,.T.);
#3790 = FACE_BOUND('',#3791,.T.);
#3791 = EDGE_LOOP('',(#3792,#3798,#3799,#3800));
#3792 = ORIENTED_EDGE('',*,*,#3793,.F.);
#3793 = EDGE_CURVE('',#3744,#3771,#3794,.T.);
#3794 = LINE('',#3795,#3796);
#3795 = CARTESIAN_POINT('',(-0.3,0.25,0.));
#3796 = VECTOR('',#3797,1.);
#3797 = DIRECTION('',(0.,0.,1.));
#3798 = ORIENTED_EDGE('',*,*,#3743,.F.);
#3799 = ORIENTED_EDGE('',*,*,#3574,.T.);
#3800 = ORIENTED_EDGE('',*,*,#3779,.T.);
#3801 = PLANE('',#3802);
#3802 = AXIS2_PLACEMENT_3D('',#3803,#3804,#3805);
#3803 = CARTESIAN_POINT('',(-0.5,0.25,0.));
#3804 = DIRECTION('',(0.,1.,0.));
#3805 = DIRECTION('',(0.,-0.,1.));
#3806 = ADVANCED_FACE('',(#3807,#3817),#3887,.T.);
#3807 = FACE_BOUND('',#3808,.T.);
#3808 = EDGE_LOOP('',(#3809,#3810,#3811,#3812,#3813,#3814,#3815,#3816));
#3809 = ORIENTED_EDGE('',*,*,#3614,.F.);
#3810 = ORIENTED_EDGE('',*,*,#3654,.T.);
#3811 = ORIENTED_EDGE('',*,*,#3697,.T.);
#3812 = ORIENTED_EDGE('',*,*,#3751,.F.);
#3813 = ORIENTED_EDGE('',*,*,#3793,.T.);
#3814 = ORIENTED_EDGE('',*,*,#3770,.T.);
#3815 = ORIENTED_EDGE('',*,*,#3721,.F.);
#3816 = ORIENTED_EDGE('',*,*,#3671,.F.);
#3817 = FACE_BOUND('',#3818,.T.);
#3818 = EDGE_LOOP('',(#3819,#3830,#3838,#3847,#3855,#3864,#3872,#3881));
#3819 = ORIENTED_EDGE('',*,*,#3820,.F.);
#3820 = EDGE_CURVE('',#3821,#3823,#3825,.T.);
#3821 = VERTEX_POINT('',#3822);
#3822 = CARTESIAN_POINT('',(-0.3,-0.23,4.E-02));
#3823 = VERTEX_POINT('',#3824);
#3824 = CARTESIAN_POINT('',(-0.3,-0.21,2.E-02));
#3825 = CIRCLE('',#3826,2.E-02);
#3826 = AXIS2_PLACEMENT_3D('',#3827,#3828,#3829);
#3827 = CARTESIAN_POINT('',(-0.3,-0.21,4.E-02));
#3828 = DIRECTION('',(1.,0.,-0.));
#3829 = DIRECTION('',(0.,0.,1.));
#3830 = ORIENTED_EDGE('',*,*,#3831,.T.);
#3831 = EDGE_CURVE('',#3821,#3832,#3834,.T.);
#3832 = VERTEX_POINT('',#3833);
#3833 = CARTESIAN_POINT('',(-0.3,-0.23,0.46));
#3834 = LINE('',#3835,#3836);
#3835 = CARTESIAN_POINT('',(-0.3,-0.23,2.E-02));
#3836 = VECTOR('',#3837,1.);
#3837 = DIRECTION('',(0.,0.,1.));
#3838 = ORIENTED_EDGE('',*,*,#3839,.T.);
#3839 = EDGE_CURVE('',#3832,#3840,#3842,.T.);
#3840 = VERTEX_POINT('',#3841);
#3841 = CARTESIAN_POINT('',(-0.3,-0.21,0.48));
#3842 = CIRCLE('',#3843,2.E-02);
#3843 = AXIS2_PLACEMENT_3D('',#3844,#3845,#3846);
#3844 = CARTESIAN_POINT('',(-0.3,-0.21,0.46));
#3845 = DIRECTION('',(-1.,0.,0.));
#3846 = DIRECTION('',(0.,0.,1.));
#3847 = ORIENTED_EDGE('',*,*,#3848,.T.);
#3848 = EDGE_CURVE('',#3840,#3849,#3851,.T.);
#3849 = VERTEX_POINT('',#3850);
#3850 = CARTESIAN_POINT('',(-0.3,0.21,0.48));
#3851 = LINE('',#3852,#3853);
#3852 = CARTESIAN_POINT('',(-0.3,-0.23,0.48));
#3853 = VECTOR('',#3854,1.);
#3854 = DIRECTION('',(0.,1.,0.));
#3855 = ORIENTED_EDGE('',*,*,#3856,.F.);
#3856 = EDGE_CURVE('',#3857,#3849,#3859,.T.);
#3857 = VERTEX_POINT('',#3858);
#3858 = CARTESIAN_POINT('',(-0.3,0.23,0.46));
#3859 = CIRCLE('',#3860,2.E-02);
#3860 = AXIS2_PLACEMENT_3D('',#3861,#3862,#3863);
#3861 = CARTESIAN_POINT('',(-0.3,0.21,0.46));
#3862 = DIRECTION('',(1.,0.,-0.));
#3863 = DIRECTION('',(0.,0.,1.));
#3864 = ORIENTED_EDGE('',*,*,#3865,.F.);
#3865 = EDGE_CURVE('',#3866,#3857,#3868,.T.);
#3866 = VERTEX_POINT('',#3867);
#3867 = CARTESIAN_POINT('',(-0.3,0.23,4.E-02));
#3868 = LINE('',#3869,#3870);
#3869 = CARTESIAN_POINT('',(-0.3,0.23,2.E-02));
#3870 = VECTOR('',#3871,1.);
#3871 = DIRECTION('',(0.,0.,1.));
#3872 = ORIENTED_EDGE('',*,*,#3873,.T.);
#3873 = EDGE_CURVE('',#3866,#3874,#3876,.T.);
#3874 = VERTEX_POINT('',#3875);
#3875 = CARTESIAN_POINT('',(-0.3,0.21,2.E-02));
#3876 = CIRCLE('',#3877,2.E-02);
#3877 = AXIS2_PLACEMENT_3D('',#3878,#3879,#3880);
#3878 = CARTESIAN_POINT('',(-0.3,0.21,4.E-02));
#3879 = DIRECTION('',(-1.,0.,0.));
#3880 = DIRECTION('',(0.,0.,1.));
#3881 = ORIENTED_EDGE('',*,*,#3882,.F.);
#3882 = EDGE_CURVE('',#3823,#3874,#3883,.T.);
#3883 = LINE('',#3884,#3885);
#3884 = CARTESIAN_POINT('',(-0.3,-0.23,2.E-02));
#3885 = VECTOR('',#3886,1.);
#3886 = DIRECTION('',(0.,1.,0.));
#3887 = PLANE('',#3888);
#3888 = AXIS2_PLACEMENT_3D('',#3889,#3890,#3891);
#3889 = CARTESIAN_POINT('',(-0.3,-0.25,0.));
#3890 = DIRECTION('',(1.,0.,0.));
#3891 = DIRECTION('',(0.,0.,1.));
#3892 = ADVANCED_FACE('',(#3893),#3919,.T.);
#3893 = FACE_BOUND('',#3894,.T.);
#3894 = EDGE_LOOP('',(#3895,#3896,#3904,#3913));
#3895 = ORIENTED_EDGE('',*,*,#3820,.T.);
#3896 = ORIENTED_EDGE('',*,*,#3897,.T.);
#3897 = EDGE_CURVE('',#3823,#3898,#3900,.T.);
#3898 = VERTEX_POINT('',#3899);
#3899 = CARTESIAN_POINT('',(0.3,-0.21,2.E-02));
#3900 = LINE('',#3901,#3902);
#3901 = CARTESIAN_POINT('',(-0.3,-0.21,2.E-02));
#3902 = VECTOR('',#3903,1.);
#3903 = DIRECTION('',(1.,0.,0.));
#3904 = ORIENTED_EDGE('',*,*,#3905,.F.);
#3905 = EDGE_CURVE('',#3906,#3898,#3908,.T.);
#3906 = VERTEX_POINT('',#3907);
#3907 = CARTESIAN_POINT('',(0.3,-0.23,4.E-02));
#3908 = CIRCLE('',#3909,2.E-02);
#3909 = AXIS2_PLACEMENT_3D('',#3910,#3911,#3912);
#3910 = CARTESIAN_POINT('',(0.3,-0.21,4.E-02));
#3911 = DIRECTION('',(1.,0.,-0.));
#3912 = DIRECTION('',(0.,0.,1.));
#3913 = ORIENTED_EDGE('',*,*,#3914,.F.);
#3914 = EDGE_CURVE('',#3821,#3906,#3915,.T.);
#3915 = LINE('',#3916,#3917);
#3916 = CARTESIAN_POINT('',(-0.3,-0.23,4.E-02));
#3917 = VECTOR('',#3918,1.);
#3918 = DIRECTION('',(1.,0.,0.));
#3919 = CYLINDRICAL_SURFACE('',#3920,2.E-02);
#3920 = AXIS2_PLACEMENT_3D('',#3921,#3922,#3923);
#3921 = CARTESIAN_POINT('',(-0.3,-0.21,4.E-02));
#3922 = DIRECTION('',(1.,0.,0.));
#3923 = DIRECTION('',(0.,-1.,0.));
#3924 = ADVANCED_FACE('',(#3925),#3943,.F.);
#3925 = FACE_BOUND('',#3926,.F.);
#3926 = EDGE_LOOP('',(#3927,#3928,#3929,#3937));
#3927 = ORIENTED_EDGE('',*,*,#3882,.F.);
#3928 = ORIENTED_EDGE('',*,*,#3897,.T.);
#3929 = ORIENTED_EDGE('',*,*,#3930,.T.);
#3930 = EDGE_CURVE('',#3898,#3931,#3933,.T.);
#3931 = VERTEX_POINT('',#3932);
#3932 = CARTESIAN_POINT('',(0.3,0.21,2.E-02));
#3933 = LINE('',#3934,#3935);
#3934 = CARTESIAN_POINT('',(0.3,-0.23,2.E-02));
#3935 = VECTOR('',#3936,1.);
#3936 = DIRECTION('',(0.,1.,0.));
#3937 = ORIENTED_EDGE('',*,*,#3938,.F.);
#3938 = EDGE_CURVE('',#3874,#3931,#3939,.T.);
#3939 = LINE('',#3940,#3941);
#3940 = CARTESIAN_POINT('',(-0.3,0.21,2.E-02));
#3941 = VECTOR('',#3942,1.);
#3942 = DIRECTION('',(1.,0.,0.));
#3943 = PLANE('',#3944);
#3944 = AXIS2_PLACEMENT_3D('',#3945,#3946,#3947);
#3945 = CARTESIAN_POINT('',(-0.3,-0.23,2.E-02));
#3946 = DIRECTION('',(0.,0.,1.));
#3947 = DIRECTION('',(1.,0.,-0.));
#3948 = ADVANCED_FACE('',(#3949),#3968,.T.);
#3949 = FACE_BOUND('',#3950,.T.);
#3950 = EDGE_LOOP('',(#3951,#3959,#3966,#3967));
#3951 = ORIENTED_EDGE('',*,*,#3952,.T.);
#3952 = EDGE_CURVE('',#3866,#3953,#3955,.T.);
#3953 = VERTEX_POINT('',#3954);
#3954 = CARTESIAN_POINT('',(0.3,0.23,4.E-02));
#3955 = LINE('',#3956,#3957);
#3956 = CARTESIAN_POINT('',(-0.3,0.23,4.E-02));
#3957 = VECTOR('',#3958,1.);
#3958 = DIRECTION('',(1.,0.,0.));
#3959 = ORIENTED_EDGE('',*,*,#3960,.T.);
#3960 = EDGE_CURVE('',#3953,#3931,#3961,.T.);
#3961 = CIRCLE('',#3962,2.E-02);
#3962 = AXIS2_PLACEMENT_3D('',#3963,#3964,#3965);
#3963 = CARTESIAN_POINT('',(0.3,0.21,4.E-02));
#3964 = DIRECTION('',(-1.,0.,0.));
#3965 = DIRECTION('',(0.,0.,1.));
#3966 = ORIENTED_EDGE('',*,*,#3938,.F.);
#3967 = ORIENTED_EDGE('',*,*,#3873,.F.);
#3968 = CYLINDRICAL_SURFACE('',#3969,2.E-02);
#3969 = AXIS2_PLACEMENT_3D('',#3970,#3971,#3972);
#3970 = CARTESIAN_POINT('',(-0.3,0.21,4.E-02));
#3971 = DIRECTION('',(1.,0.,0.));
#3972 = DIRECTION('',(-0.,1.,0.));
#3973 = ADVANCED_FACE('',(#3974),#3992,.T.);
#3974 = FACE_BOUND('',#3975,.T.);
#3975 = EDGE_LOOP('',(#3976,#3984,#3985,#3986));
#3976 = ORIENTED_EDGE('',*,*,#3977,.F.);
#3977 = EDGE_CURVE('',#3953,#3978,#3980,.T.);
#3978 = VERTEX_POINT('',#3979);
#3979 = CARTESIAN_POINT('',(0.3,0.23,0.46));
#3980 = LINE('',#3981,#3982);
#3981 = CARTESIAN_POINT('',(0.3,0.23,2.E-02));
#3982 = VECTOR('',#3983,1.);
#3983 = DIRECTION('',(0.,0.,1.));
#3984 = ORIENTED_EDGE('',*,*,#3952,.F.);
#3985 = ORIENTED_EDGE('',*,*,#3865,.T.);
#3986 = ORIENTED_EDGE('',*,*,#3987,.T.);
#3987 = EDGE_CURVE('',#3857,#3978,#3988,.T.);
#3988 = LINE('',#3989,#3990);
#3989 = CARTESIAN_POINT('',(-0.3,0.23,0.46));
#3990 = VECTOR('',#3991,1.);
#3991 = DIRECTION('',(1.,0.,0.));
#3992 = PLANE('',#3993);
#3993 = AXIS2_PLACEMENT_3D('',#3994,#3995,#3996);
#3994 = CARTESIAN_POINT('',(-0.3,0.23,2.E-02));
#3995 = DIRECTION('',(0.,1.,0.));
#3996 = DIRECTION('',(0.,-0.,1.));
#3997 = ADVANCED_FACE('',(#3998),#4017,.T.);
#3998 = FACE_BOUND('',#3999,.T.);
#3999 = EDGE_LOOP('',(#4000,#4001,#4009,#4016));
#4000 = ORIENTED_EDGE('',*,*,#3856,.T.);
#4001 = ORIENTED_EDGE('',*,*,#4002,.T.);
#4002 = EDGE_CURVE('',#3849,#4003,#4005,.T.);
#4003 = VERTEX_POINT('',#4004);
#4004 = CARTESIAN_POINT('',(0.3,0.21,0.48));
#4005 = LINE('',#4006,#4007);
#4006 = CARTESIAN_POINT('',(-0.3,0.21,0.48));
#4007 = VECTOR('',#4008,1.);
#4008 = DIRECTION('',(1.,0.,0.));
#4009 = ORIENTED_EDGE('',*,*,#4010,.F.);
#4010 = EDGE_CURVE('',#3978,#4003,#4011,.T.);
#4011 = CIRCLE('',#4012,2.E-02);
#4012 = AXIS2_PLACEMENT_3D('',#4013,#4014,#4015);
#4013 = CARTESIAN_POINT('',(0.3,0.21,0.46));
#4014 = DIRECTION('',(1.,0.,-0.));
#4015 = DIRECTION('',(0.,0.,1.));
#4016 = ORIENTED_EDGE('',*,*,#3987,.F.);
#4017 = CYLINDRICAL_SURFACE('',#4018,2.E-02);
#4018 = AXIS2_PLACEMENT_3D('',#4019,#4020,#4021);
#4019 = CARTESIAN_POINT('',(-0.3,0.21,0.46));
#4020 = DIRECTION('',(1.,0.,0.));
#4021 = DIRECTION('',(-0.,1.,0.));
#4022 = ADVANCED_FACE('',(#4023),#4041,.T.);
#4023 = FACE_BOUND('',#4024,.T.);
#4024 = EDGE_LOOP('',(#4025,#4026,#4034,#4040));
#4025 = ORIENTED_EDGE('',*,*,#3848,.F.);
#4026 = ORIENTED_EDGE('',*,*,#4027,.T.);
#4027 = EDGE_CURVE('',#3840,#4028,#4030,.T.);
#4028 = VERTEX_POINT('',#4029);
#4029 = CARTESIAN_POINT('',(0.3,-0.21,0.48));
#4030 = LINE('',#4031,#4032);
#4031 = CARTESIAN_POINT('',(-0.3,-0.21,0.48));
#4032 = VECTOR('',#4033,1.);
#4033 = DIRECTION('',(1.,0.,0.));
#4034 = ORIENTED_EDGE('',*,*,#4035,.T.);
#4035 = EDGE_CURVE('',#4028,#4003,#4036,.T.);
#4036 = LINE('',#4037,#4038);
#4037 = CARTESIAN_POINT('',(0.3,-0.23,0.48));
#4038 = VECTOR('',#4039,1.);
#4039 = DIRECTION('',(0.,1.,0.));
#4040 = ORIENTED_EDGE('',*,*,#4002,.F.);
#4041 = PLANE('',#4042);
#4042 = AXIS2_PLACEMENT_3D('',#4043,#4044,#4045);
#4043 = CARTESIAN_POINT('',(-0.3,-0.23,0.48));
#4044 = DIRECTION('',(0.,0.,1.));
#4045 = DIRECTION('',(1.,0.,-0.));
#4046 = ADVANCED_FACE('',(#4047),#4066,.T.);
#4047 = FACE_BOUND('',#4048,.T.);
#4048 = EDGE_LOOP('',(#4049,#4057,#4064,#4065));
#4049 = ORIENTED_EDGE('',*,*,#4050,.T.);
#4050 = EDGE_CURVE('',#3832,#4051,#4053,.T.);
#4051 = VERTEX_POINT('',#4052);
#4052 = CARTESIAN_POINT('',(0.3,-0.23,0.46));
#4053 = LINE('',#4054,#4055);
#4054 = CARTESIAN_POINT('',(-0.3,-0.23,0.46));
#4055 = VECTOR('',#4056,1.);
#4056 = DIRECTION('',(1.,0.,0.));
#4057 = ORIENTED_EDGE('',*,*,#4058,.T.);
#4058 = EDGE_CURVE('',#4051,#4028,#4059,.T.);
#4059 = CIRCLE('',#4060,2.E-02);
#4060 = AXIS2_PLACEMENT_3D('',#4061,#4062,#4063);
#4061 = CARTESIAN_POINT('',(0.3,-0.21,0.46));
#4062 = DIRECTION('',(-1.,0.,0.));
#4063 = DIRECTION('',(0.,0.,1.));
#4064 = ORIENTED_EDGE('',*,*,#4027,.F.);
#4065 = ORIENTED_EDGE('',*,*,#3839,.F.);
#4066 = CYLINDRICAL_SURFACE('',#4067,2.E-02);
#4067 = AXIS2_PLACEMENT_3D('',#4068,#4069,#4070);
#4068 = CARTESIAN_POINT('',(-0.3,-0.21,0.46));
#4069 = DIRECTION('',(1.,0.,0.));
#4070 = DIRECTION('',(0.,-1.,0.));
#4071 = ADVANCED_FACE('',(#4072),#4083,.F.);
#4072 = FACE_BOUND('',#4073,.F.);
#4073 = EDGE_LOOP('',(#4074,#4080,#4081,#4082));
#4074 = ORIENTED_EDGE('',*,*,#4075,.F.);
#4075 = EDGE_CURVE('',#3906,#4051,#4076,.T.);
#4076 = LINE('',#4077,#4078);
#4077 = CARTESIAN_POINT('',(0.3,-0.23,2.E-02));
#4078 = VECTOR('',#4079,1.);
#4079 = DIRECTION('',(0.,0.,1.));
#4080 = ORIENTED_EDGE('',*,*,#3914,.F.);
#4081 = ORIENTED_EDGE('',*,*,#3831,.T.);
#4082 = ORIENTED_EDGE('',*,*,#4050,.T.);
#4083 = PLANE('',#4084);
#4084 = AXIS2_PLACEMENT_3D('',#4085,#4086,#4087);
#4085 = CARTESIAN_POINT('',(-0.3,-0.23,2.E-02));
#4086 = DIRECTION('',(0.,1.,0.));
#4087 = DIRECTION('',(0.,-0.,1.));
#4088 = ADVANCED_FACE('',(#4089,#4159),#4169,.F.);
#4089 = FACE_BOUND('',#4090,.F.);
#4090 = EDGE_LOOP('',(#4091,#4101,#4110,#4118,#4127,#4135,#4144,#4152));
#4091 = ORIENTED_EDGE('',*,*,#4092,.F.);
#4092 = EDGE_CURVE('',#4093,#4095,#4097,.T.);
#4093 = VERTEX_POINT('',#4094);
#4094 = CARTESIAN_POINT('',(0.3,-0.25,2.E-02));
#4095 = VERTEX_POINT('',#4096);
#4096 = CARTESIAN_POINT('',(0.3,-0.25,0.48));
#4097 = LINE('',#4098,#4099);
#4098 = CARTESIAN_POINT('',(0.3,-0.25,0.));
#4099 = VECTOR('',#4100,1.);
#4100 = DIRECTION('',(0.,0.,1.));
#4101 = ORIENTED_EDGE('',*,*,#4102,.T.);
#4102 = EDGE_CURVE('',#4093,#4103,#4105,.T.);
#4103 = VERTEX_POINT('',#4104);
#4104 = CARTESIAN_POINT('',(0.3,-0.23,0.));
#4105 = CIRCLE('',#4106,2.E-02);
#4106 = AXIS2_PLACEMENT_3D('',#4107,#4108,#4109);
#4107 = CARTESIAN_POINT('',(0.3,-0.23,2.E-02));
#4108 = DIRECTION('',(1.,0.,-0.));
#4109 = DIRECTION('',(0.,0.,1.));
#4110 = ORIENTED_EDGE('',*,*,#4111,.T.);
#4111 = EDGE_CURVE('',#4103,#4112,#4114,.T.);
#4112 = VERTEX_POINT('',#4113);
#4113 = CARTESIAN_POINT('',(0.3,0.23,0.));
#4114 = LINE('',#4115,#4116);
#4115 = CARTESIAN_POINT('',(0.3,-0.25,0.));
#4116 = VECTOR('',#4117,1.);
#4117 = DIRECTION('',(0.,1.,0.));
#4118 = ORIENTED_EDGE('',*,*,#4119,.F.);
#4119 = EDGE_CURVE('',#4120,#4112,#4122,.T.);
#4120 = VERTEX_POINT('',#4121);
#4121 = CARTESIAN_POINT('',(0.3,0.25,2.E-02));
#4122 = CIRCLE('',#4123,2.E-02);
#4123 = AXIS2_PLACEMENT_3D('',#4124,#4125,#4126);
#4124 = CARTESIAN_POINT('',(0.3,0.23,2.E-02));
#4125 = DIRECTION('',(-1.,0.,0.));
#4126 = DIRECTION('',(0.,0.,1.));
#4127 = ORIENTED_EDGE('',*,*,#4128,.T.);
#4128 = EDGE_CURVE('',#4120,#4129,#4131,.T.);
#4129 = VERTEX_POINT('',#4130);
#4130 = CARTESIAN_POINT('',(0.3,0.25,0.48));
#4131 = LINE('',#4132,#4133);
#4132 = CARTESIAN_POINT('',(0.3,0.25,0.));
#4133 = VECTOR('',#4134,1.);
#4134 = DIRECTION('',(0.,0.,1.));
#4135 = ORIENTED_EDGE('',*,*,#4136,.T.);
#4136 = EDGE_CURVE('',#4129,#4137,#4139,.T.);
#4137 = VERTEX_POINT('',#4138);
#4138 = CARTESIAN_POINT('',(0.3,0.23,0.5));
#4139 = CIRCLE('',#4140,2.E-02);
#4140 = AXIS2_PLACEMENT_3D('',#4141,#4142,#4143);
#4141 = CARTESIAN_POINT('',(0.3,0.23,0.48));
#4142 = DIRECTION('',(1.,0.,-0.));
#4143 = DIRECTION('',(0.,0.,1.));
#4144 = ORIENTED_EDGE('',*,*,#4145,.F.);
#4145 = EDGE_CURVE('',#4146,#4137,#4148,.T.);
#4146 = VERTEX_POINT('',#4147);
#4147 = CARTESIAN_POINT('',(0.3,-0.23,0.5));
#4148 = LINE('',#4149,#4150);
#4149 = CARTESIAN_POINT('',(0.3,-0.25,0.5));
#4150 = VECTOR('',#4151,1.);
#4151 = DIRECTION('',(0.,1.,0.));
#4152 = ORIENTED_EDGE('',*,*,#4153,.F.);
#4153 = EDGE_CURVE('',#4095,#4146,#4154,.T.);
#4154 = CIRCLE('',#4155,2.E-02);
#4155 = AXIS2_PLACEMENT_3D('',#4156,#4157,#4158);
#4156 = CARTESIAN_POINT('',(0.3,-0.23,0.48));
#4157 = DIRECTION('',(-1.,0.,0.));
#4158 = DIRECTION('',(0.,0.,1.));
#4159 = FACE_BOUND('',#4160,.F.);
#4160 = EDGE_LOOP('',(#4161,#4162,#4163,#4164,#4165,#4166,#4167,#4168));
#4161 = ORIENTED_EDGE('',*,*,#3905,.F.);
#4162 = ORIENTED_EDGE('',*,*,#4075,.T.);
#4163 = ORIENTED_EDGE('',*,*,#4058,.T.);
#4164 = ORIENTED_EDGE('',*,*,#4035,.T.);
#4165 = ORIENTED_EDGE('',*,*,#4010,.F.);
#4166 = ORIENTED_EDGE('',*,*,#3977,.F.);
#4167 = ORIENTED_EDGE('',*,*,#3960,.T.);
#4168 = ORIENTED_EDGE('',*,*,#3930,.F.);
#4169 = PLANE('',#4170);
#4170 = AXIS2_PLACEMENT_3D('',#4171,#4172,#4173);
#4171 = CARTESIAN_POINT('',(0.3,-0.25,0.));
#4172 = DIRECTION('',(1.,0.,0.));
#4173 = DIRECTION('',(0.,0.,1.));
#4174 = ADVANCED_FACE('',(#4175),#4200,.F.);
#4175 = FACE_BOUND('',#4176,.F.);
#4176 = EDGE_LOOP('',(#4177,#4187,#4193,#4194));
#4177 = ORIENTED_EDGE('',*,*,#4178,.F.);
#4178 = EDGE_CURVE('',#4179,#4181,#4183,.T.);
#4179 = VERTEX_POINT('',#4180);
#4180 = CARTESIAN_POINT('',(0.5,-0.25,2.E-02));
#4181 = VERTEX_POINT('',#4182);
#4182 = CARTESIAN_POINT('',(0.5,-0.25,0.48));
#4183 = LINE('',#4184,#4185);
#4184 = CARTESIAN_POINT('',(0.5,-0.25,0.));
#4185 = VECTOR('',#4186,1.);
#4186 = DIRECTION('',(0.,0.,1.));
#4187 = ORIENTED_EDGE('',*,*,#4188,.F.);
#4188 = EDGE_CURVE('',#4093,#4179,#4189,.T.);
#4189 = LINE('',#4190,#4191);
#4190 = CARTESIAN_POINT('',(0.3,-0.25,2.E-02));
#4191 = VECTOR('',#4192,1.);
#4192 = DIRECTION('',(1.,0.,0.));
#4193 = ORIENTED_EDGE('',*,*,#4092,.T.);
#4194 = ORIENTED_EDGE('',*,*,#4195,.T.);
#4195 = EDGE_CURVE('',#4095,#4181,#4196,.T.);
#4196 = LINE('',#4197,#4198);
#4197 = CARTESIAN_POINT('',(0.3,-0.25,0.48));
#4198 = VECTOR('',#4199,1.);
#4199 = DIRECTION('',(1.,0.,0.));
#4200 = PLANE('',#4201);
#4201 = AXIS2_PLACEMENT_3D('',#4202,#4203,#4204);
#4202 = CARTESIAN_POINT('',(0.3,-0.25,0.));
#4203 = DIRECTION('',(0.,1.,0.));
#4204 = DIRECTION('',(0.,-0.,1.));
#4205 = ADVANCED_FACE('',(#4206),#4225,.T.);
#4206 = FACE_BOUND('',#4207,.T.);
#4207 = EDGE_LOOP('',(#4208,#4209,#4217,#4224));
#4208 = ORIENTED_EDGE('',*,*,#4102,.T.);
#4209 = ORIENTED_EDGE('',*,*,#4210,.T.);
#4210 = EDGE_CURVE('',#4103,#4211,#4213,.T.);
#4211 = VERTEX_POINT('',#4212);
#4212 = CARTESIAN_POINT('',(0.5,-0.23,0.));
#4213 = LINE('',#4214,#4215);
#4214 = CARTESIAN_POINT('',(0.3,-0.23,0.));
#4215 = VECTOR('',#4216,1.);
#4216 = DIRECTION('',(1.,0.,0.));
#4217 = ORIENTED_EDGE('',*,*,#4218,.F.);
#4218 = EDGE_CURVE('',#4179,#4211,#4219,.T.);
#4219 = CIRCLE('',#4220,2.E-02);
#4220 = AXIS2_PLACEMENT_3D('',#4221,#4222,#4223);
#4221 = CARTESIAN_POINT('',(0.5,-0.23,2.E-02));
#4222 = DIRECTION('',(1.,0.,-0.));
#4223 = DIRECTION('',(0.,0.,1.));
#4224 = ORIENTED_EDGE('',*,*,#4188,.F.);
#4225 = CYLINDRICAL_SURFACE('',#4226,2.E-02);
#4226 = AXIS2_PLACEMENT_3D('',#4227,#4228,#4229);
#4227 = CARTESIAN_POINT('',(0.3,-0.23,2.E-02));
#4228 = DIRECTION('',(1.,0.,0.));
#4229 = DIRECTION('',(0.,-1.,0.));
#4230 = ADVANCED_FACE('',(#4231),#4250,.T.);
#4231 = FACE_BOUND('',#4232,.T.);
#4232 = EDGE_LOOP('',(#4233,#4234,#4243,#4249));
#4233 = ORIENTED_EDGE('',*,*,#4195,.T.);
#4234 = ORIENTED_EDGE('',*,*,#4235,.T.);
#4235 = EDGE_CURVE('',#4181,#4236,#4238,.T.);
#4236 = VERTEX_POINT('',#4237);
#4237 = CARTESIAN_POINT('',(0.5,-0.23,0.5));
#4238 = CIRCLE('',#4239,2.E-02);
#4239 = AXIS2_PLACEMENT_3D('',#4240,#4241,#4242);
#4240 = CARTESIAN_POINT('',(0.5,-0.23,0.48));
#4241 = DIRECTION('',(-1.,0.,0.));
#4242 = DIRECTION('',(0.,0.,1.));
#4243 = ORIENTED_EDGE('',*,*,#4244,.F.);
#4244 = EDGE_CURVE('',#4146,#4236,#4245,.T.);
#4245 = LINE('',#4246,#4247);
#4246 = CARTESIAN_POINT('',(0.3,-0.23,0.5));
#4247 = VECTOR('',#4248,1.);
#4248 = DIRECTION('',(1.,0.,0.));
#4249 = ORIENTED_EDGE('',*,*,#4153,.F.);
#4250 = CYLINDRICAL_SURFACE('',#4251,2.E-02);
#4251 = AXIS2_PLACEMENT_3D('',#4252,#4253,#4254);
#4252 = CARTESIAN_POINT('',(0.3,-0.23,0.48));
#4253 = DIRECTION('',(1.,0.,0.));
#4254 = DIRECTION('',(0.,-1.,0.));
#4255 = ADVANCED_FACE('',(#4256),#4274,.F.);
#4256 = FACE_BOUND('',#4257,.F.);
#4257 = EDGE_LOOP('',(#4258,#4259,#4260,#4268));
#4258 = ORIENTED_EDGE('',*,*,#4111,.F.);
#4259 = ORIENTED_EDGE('',*,*,#4210,.T.);
#4260 = ORIENTED_EDGE('',*,*,#4261,.T.);
#4261 = EDGE_CURVE('',#4211,#4262,#4264,.T.);
#4262 = VERTEX_POINT('',#4263);
#4263 = CARTESIAN_POINT('',(0.5,0.23,0.));
#4264 = LINE('',#4265,#4266);
#4265 = CARTESIAN_POINT('',(0.5,-0.25,0.));
#4266 = VECTOR('',#4267,1.);
#4267 = DIRECTION('',(0.,1.,0.));
#4268 = ORIENTED_EDGE('',*,*,#4269,.F.);
#4269 = EDGE_CURVE('',#4112,#4262,#4270,.T.);
#4270 = LINE('',#4271,#4272);
#4271 = CARTESIAN_POINT('',(0.3,0.23,0.));
#4272 = VECTOR('',#4273,1.);
#4273 = DIRECTION('',(1.,0.,0.));
#4274 = PLANE('',#4275);
#4275 = AXIS2_PLACEMENT_3D('',#4276,#4277,#4278);
#4276 = CARTESIAN_POINT('',(0.3,-0.25,0.));
#4277 = DIRECTION('',(0.,0.,1.));
#4278 = DIRECTION('',(1.,0.,-0.));
#4279 = ADVANCED_FACE('',(#4280),#4298,.T.);
#4280 = FACE_BOUND('',#4281,.T.);
#4281 = EDGE_LOOP('',(#4282,#4283,#4284,#4292));
#4282 = ORIENTED_EDGE('',*,*,#4145,.F.);
#4283 = ORIENTED_EDGE('',*,*,#4244,.T.);
#4284 = ORIENTED_EDGE('',*,*,#4285,.T.);
#4285 = EDGE_CURVE('',#4236,#4286,#4288,.T.);
#4286 = VERTEX_POINT('',#4287);
#4287 = CARTESIAN_POINT('',(0.5,0.23,0.5));
#4288 = LINE('',#4289,#4290);
#4289 = CARTESIAN_POINT('',(0.5,-0.25,0.5));
#4290 = VECTOR('',#4291,1.);
#4291 = DIRECTION('',(0.,1.,0.));
#4292 = ORIENTED_EDGE('',*,*,#4293,.F.);
#4293 = EDGE_CURVE('',#4137,#4286,#4294,.T.);
#4294 = LINE('',#4295,#4296);
#4295 = CARTESIAN_POINT('',(0.3,0.23,0.5));
#4296 = VECTOR('',#4297,1.);
#4297 = DIRECTION('',(1.,0.,0.));
#4298 = PLANE('',#4299);
#4299 = AXIS2_PLACEMENT_3D('',#4300,#4301,#4302);
#4300 = CARTESIAN_POINT('',(0.3,-0.25,0.5));
#4301 = DIRECTION('',(0.,0.,1.));
#4302 = DIRECTION('',(1.,0.,-0.));
#4303 = ADVANCED_FACE('',(#4304),#4323,.T.);
#4304 = FACE_BOUND('',#4305,.T.);
#4305 = EDGE_LOOP('',(#4306,#4314,#4321,#4322));
#4306 = ORIENTED_EDGE('',*,*,#4307,.T.);
#4307 = EDGE_CURVE('',#4120,#4308,#4310,.T.);
#4308 = VERTEX_POINT('',#4309);
#4309 = CARTESIAN_POINT('',(0.5,0.25,2.E-02));
#4310 = LINE('',#4311,#4312);
#4311 = CARTESIAN_POINT('',(0.3,0.25,2.E-02));
#4312 = VECTOR('',#4313,1.);
#4313 = DIRECTION('',(1.,0.,0.));
#4314 = ORIENTED_EDGE('',*,*,#4315,.T.);
#4315 = EDGE_CURVE('',#4308,#4262,#4316,.T.);
#4316 = CIRCLE('',#4317,2.E-02);
#4317 = AXIS2_PLACEMENT_3D('',#4318,#4319,#4320);
#4318 = CARTESIAN_POINT('',(0.5,0.23,2.E-02));
#4319 = DIRECTION('',(-1.,0.,0.));
#4320 = DIRECTION('',(0.,0.,1.));
#4321 = ORIENTED_EDGE('',*,*,#4269,.F.);
#4322 = ORIENTED_EDGE('',*,*,#4119,.F.);
#4323 = CYLINDRICAL_SURFACE('',#4324,2.E-02);
#4324 = AXIS2_PLACEMENT_3D('',#4325,#4326,#4327);
#4325 = CARTESIAN_POINT('',(0.3,0.23,2.E-02));
#4326 = DIRECTION('',(1.,0.,0.));
#4327 = DIRECTION('',(-0.,1.,0.));
#4328 = ADVANCED_FACE('',(#4329),#4348,.T.);
#4329 = FACE_BOUND('',#4330,.T.);
#4330 = EDGE_LOOP('',(#4331,#4332,#4333,#4342));
#4331 = ORIENTED_EDGE('',*,*,#4136,.T.);
#4332 = ORIENTED_EDGE('',*,*,#4293,.T.);
#4333 = ORIENTED_EDGE('',*,*,#4334,.F.);
#4334 = EDGE_CURVE('',#4335,#4286,#4337,.T.);
#4335 = VERTEX_POINT('',#4336);
#4336 = CARTESIAN_POINT('',(0.5,0.25,0.48));
#4337 = CIRCLE('',#4338,2.E-02);
#4338 = AXIS2_PLACEMENT_3D('',#4339,#4340,#4341);
#4339 = CARTESIAN_POINT('',(0.5,0.23,0.48));
#4340 = DIRECTION('',(1.,0.,-0.));
#4341 = DIRECTION('',(0.,0.,1.));
#4342 = ORIENTED_EDGE('',*,*,#4343,.F.);
#4343 = EDGE_CURVE('',#4129,#4335,#4344,.T.);
#4344 = LINE('',#4345,#4346);
#4345 = CARTESIAN_POINT('',(0.3,0.25,0.48));
#4346 = VECTOR('',#4347,1.);
#4347 = DIRECTION('',(1.,0.,0.));
#4348 = CYLINDRICAL_SURFACE('',#4349,2.E-02);
#4349 = AXIS2_PLACEMENT_3D('',#4350,#4351,#4352);
#4350 = CARTESIAN_POINT('',(0.3,0.23,0.48));
#4351 = DIRECTION('',(1.,0.,0.));
#4352 = DIRECTION('',(-0.,1.,0.));
#4353 = ADVANCED_FACE('',(#4354),#4365,.T.);
#4354 = FACE_BOUND('',#4355,.T.);
#4355 = EDGE_LOOP('',(#4356,#4362,#4363,#4364));
#4356 = ORIENTED_EDGE('',*,*,#4357,.F.);
#4357 = EDGE_CURVE('',#4308,#4335,#4358,.T.);
#4358 = LINE('',#4359,#4360);
#4359 = CARTESIAN_POINT('',(0.5,0.25,0.));
#4360 = VECTOR('',#4361,1.);
#4361 = DIRECTION('',(0.,0.,1.));
#4362 = ORIENTED_EDGE('',*,*,#4307,.F.);
#4363 = ORIENTED_EDGE('',*,*,#4128,.T.);
#4364 = ORIENTED_EDGE('',*,*,#4343,.T.);
#4365 = PLANE('',#4366);
#4366 = AXIS2_PLACEMENT_3D('',#4367,#4368,#4369);
#4367 = CARTESIAN_POINT('',(0.3,0.25,0.));
#4368 = DIRECTION('',(0.,1.,0.));
#4369 = DIRECTION('',(0.,-0.,1.));
#4370 = ADVANCED_FACE('',(#4371),#4381,.T.);
#4371 = FACE_BOUND('',#4372,.T.);
#4372 = EDGE_LOOP('',(#4373,#4374,#4375,#4376,#4377,#4378,#4379,#4380));
#4373 = ORIENTED_EDGE('',*,*,#4178,.F.);
#4374 = ORIENTED_EDGE('',*,*,#4218,.T.);
#4375 = ORIENTED_EDGE('',*,*,#4261,.T.);
#4376 = ORIENTED_EDGE('',*,*,#4315,.F.);
#4377 = ORIENTED_EDGE('',*,*,#4357,.T.);
#4378 = ORIENTED_EDGE('',*,*,#4334,.T.);
#4379 = ORIENTED_EDGE('',*,*,#4285,.F.);
#4380 = ORIENTED_EDGE('',*,*,#4235,.F.);
#4381 = PLANE('',#4382);
#4382 = AXIS2_PLACEMENT_3D('',#4383,#4384,#4385);
#4383 = CARTESIAN_POINT('',(0.5,-0.25,0.));
#4384 = DIRECTION('',(1.,0.,0.));
#4385 = DIRECTION('',(0.,0.,1.));
#4386 = ( GEOMETRIC_REPRESENTATION_CONTEXT(3) 
GLOBAL_UNCERTAINTY_ASSIGNED_CONTEXT((#4390)) 
GLOBAL_UNIT_ASSIGNED_CONTEXT((#4387,#4388,#4389)) REPRESENTATION_CONTEXT
('Context #1','3D Context with UNIT and UNCERTAINTY') );
#4387 = ( LENGTH_UNIT() NAMED_UNIT(*) SI_UNIT(.MILLI.,.METRE.) );
#4388 = ( NAMED_UNIT(*) PLANE_ANGLE_UNIT() SI_UNIT($,.RADIAN.) );
#4389 = ( NAMED_UNIT(*) SI_UNIT($,.STERADIAN.) SOLID_ANGLE_UNIT() );
#4390 = UNCERTAINTY_MEASURE_WITH_UNIT(LENGTH_MEASURE(1.E-07),#4387,
  'distance_accuracy_value','confusion accuracy');
#4391 = CONTEXT_DEPENDENT_SHAPE_REPRESENTATION(#4392,#4394);
#4392 = ( REPRESENTATION_RELATIONSHIP('','',#3531,#10) 
REPRESENTATION_RELATIONSHIP_WITH_TRANSFORMATION(#4393) 
SHAPE_REPRESENTATION_RELATIONSHIP() );
#4393 = ITEM_DEFINED_TRANSFORMATION('','',#11,#35);
#4394 = PRODUCT_DEFINITION_SHAPE('Placement','Placement of an item',
  #4395);
#4395 = NEXT_ASSEMBLY_USAGE_OCCURRENCE('6','C2','',#5,#3526,$);
#4396 = PRODUCT_RELATED_PRODUCT_CATEGORY('part',$,(#3528));
#4397 = CONTEXT_DEPENDENT_SHAPE_REPRESENTATION(#4398,#4400);
#4398 = ( REPRESENTATION_RELATIONSHIP('','',#3531,#10) 
REPRESENTATION_RELATIONSHIP_WITH_TRANSFORMATION(#4399) 
SHAPE_REPRESENTATION_RELATIONSHIP() );
#4399 = ITEM_DEFINED_TRANSFORMATION('','',#11,#39);
#4400 = PRODUCT_DEFINITION_SHAPE('Placement','Placement of an item',
  #4401);
#4401 = NEXT_ASSEMBLY_USAGE_OCCURRENCE('7','C1','',#5,#3526,$);
#4402 = CONTEXT_DEPENDENT_SHAPE_REPRESENTATION(#4403,#4405);
#4403 = ( REPRESENTATION_RELATIONSHIP('','',#587,#10) 
REPRESENTATION_RELATIONSHIP_WITH_TRANSFORMATION(#4404) 
SHAPE_REPRESENTATION_RELATIONSHIP() );
#4404 = ITEM_DEFINED_TRANSFORMATION('','',#11,#43);
#4405 = PRODUCT_DEFINITION_SHAPE('Placement','Placement of an item',
  #4406);
#4406 = NEXT_ASSEMBLY_USAGE_OCCURRENCE('8','R2','',#5,#582,$);
#4407 = CONTEXT_DEPENDENT_SHAPE_REPRESENTATION(#4408,#4410);
#4408 = ( REPRESENTATION_RELATIONSHIP('','',#68,#10) 
REPRESENTATION_RELATIONSHIP_WITH_TRANSFORMATION(#4409) 
SHAPE_REPRESENTATION_RELATIONSHIP() );
#4409 = ITEM_DEFINED_TRANSFORMATION('','',#11,#47);
#4410 = PRODUCT_DEFINITION_SHAPE('Placement','Placement of an item',
  #4411);
#4411 = NEXT_ASSEMBLY_USAGE_OCCURRENCE('9','U2','',#5,#63,$);
#4412 = SHAPE_DEFINITION_REPRESENTATION(#4413,#4419);
#4413 = PRODUCT_DEFINITION_SHAPE('','',#4414);
#4414 = PRODUCT_DEFINITION('design','',#4415,#4418);
#4415 = PRODUCT_DEFINITION_FORMATION('','',#4416);
#4416 = PRODUCT('robotrace_v2_Sidemarker_PCB',
  'robotrace_v2_Sidemarker_PCB','',(#4417));
#4417 = PRODUCT_CONTEXT('',#2,'mechanical');
#4418 = PRODUCT_DEFINITION_CONTEXT('part definition',#2,'design');
#4419 = ADVANCED_BREP_SHAPE_REPRESENTATION('',(#11,#4420),#5139);
#4420 = MANIFOLD_SOLID_BREP('',#4421);
#4421 = CLOSED_SHELL('',(#4422,#4464,#4495,#4526,#4699,#4872,#4889,#4906
    ,#4923,#4940,#4952,#4969,#4986,#5003,#5020,#5037,#5054,#5071,#5088,
    #5105,#5122));
#4422 = ADVANCED_FACE('',(#4423),#4459,.T.);
#4423 = FACE_BOUND('',#4424,.T.);
#4424 = EDGE_LOOP('',(#4425,#4435,#4444,#4452));
#4425 = ORIENTED_EDGE('',*,*,#4426,.T.);
#4426 = EDGE_CURVE('',#4427,#4429,#4431,.T.);
#4427 = VERTEX_POINT('',#4428);
#4428 = CARTESIAN_POINT('',(170.8,-94.7,0.));
#4429 = VERTEX_POINT('',#4430);
#4430 = CARTESIAN_POINT('',(170.8,-94.7,0.91));
#4431 = LINE('',#4432,#4433);
#4432 = CARTESIAN_POINT('',(170.8,-94.7,0.));
#4433 = VECTOR('',#4434,1.);
#4434 = DIRECTION('',(0.,0.,1.));
#4435 = ORIENTED_EDGE('',*,*,#4436,.T.);
#4436 = EDGE_CURVE('',#4429,#4437,#4439,.T.);
#4437 = VERTEX_POINT('',#4438);
#4438 = CARTESIAN_POINT('',(171.8,-95.7,0.91));
#4439 = CIRCLE('',#4440,0.999999252925);
#4440 = AXIS2_PLACEMENT_3D('',#4441,#4442,#4443);
#4441 = CARTESIAN_POINT('',(170.80000074707,-95.69999925292,0.91));
#4442 = DIRECTION('',(0.,0.,-1.));
#4443 = DIRECTION('',(-7.470757065322E-07,1.,0.));
#4444 = ORIENTED_EDGE('',*,*,#4445,.F.);
#4445 = EDGE_CURVE('',#4446,#4437,#4448,.T.);
#4446 = VERTEX_POINT('',#4447);
#4447 = CARTESIAN_POINT('',(171.8,-95.7,0.));
#4448 = LINE('',#4449,#4450);
#4449 = CARTESIAN_POINT('',(171.8,-95.7,0.));
#4450 = VECTOR('',#4451,1.);
#4451 = DIRECTION('',(0.,0.,1.));
#4452 = ORIENTED_EDGE('',*,*,#4453,.F.);
#4453 = EDGE_CURVE('',#4427,#4446,#4454,.T.);
#4454 = CIRCLE('',#4455,0.999999252925);
#4455 = AXIS2_PLACEMENT_3D('',#4456,#4457,#4458);
#4456 = CARTESIAN_POINT('',(170.80000074707,-95.69999925292,0.));
#4457 = DIRECTION('',(0.,0.,-1.));
#4458 = DIRECTION('',(-7.470757065322E-07,1.,0.));
#4459 = CYLINDRICAL_SURFACE('',#4460,0.999999252925);
#4460 = AXIS2_PLACEMENT_3D('',#4461,#4462,#4463);
#4461 = CARTESIAN_POINT('',(170.80000074707,-95.69999925292,0.));
#4462 = DIRECTION('',(0.,0.,-1.));
#4463 = DIRECTION('',(-7.470757065322E-07,1.,0.));
#4464 = ADVANCED_FACE('',(#4465),#4490,.T.);
#4465 = FACE_BOUND('',#4466,.T.);
#4466 = EDGE_LOOP('',(#4467,#4477,#4483,#4484));
#4467 = ORIENTED_EDGE('',*,*,#4468,.T.);
#4468 = EDGE_CURVE('',#4469,#4471,#4473,.T.);
#4469 = VERTEX_POINT('',#4470);
#4470 = CARTESIAN_POINT('',(143.8,-94.7,0.));
#4471 = VERTEX_POINT('',#4472);
#4472 = CARTESIAN_POINT('',(143.8,-94.7,0.91));
#4473 = LINE('',#4474,#4475);
#4474 = CARTESIAN_POINT('',(143.8,-94.7,0.));
#4475 = VECTOR('',#4476,1.);
#4476 = DIRECTION('',(0.,0.,1.));
#4477 = ORIENTED_EDGE('',*,*,#4478,.T.);
#4478 = EDGE_CURVE('',#4471,#4429,#4479,.T.);
#4479 = LINE('',#4480,#4481);
#4480 = CARTESIAN_POINT('',(143.8,-94.7,0.91));
#4481 = VECTOR('',#4482,1.);
#4482 = DIRECTION('',(1.,0.,0.));
#4483 = ORIENTED_EDGE('',*,*,#4426,.F.);
#4484 = ORIENTED_EDGE('',*,*,#4485,.F.);
#4485 = EDGE_CURVE('',#4469,#4427,#4486,.T.);
#4486 = LINE('',#4487,#4488);
#4487 = CARTESIAN_POINT('',(143.8,-94.7,0.));
#4488 = VECTOR('',#4489,1.);
#4489 = DIRECTION('',(1.,0.,0.));
#4490 = PLANE('',#4491);
#4491 = AXIS2_PLACEMENT_3D('',#4492,#4493,#4494);
#4492 = CARTESIAN_POINT('',(143.8,-94.7,0.));
#4493 = DIRECTION('',(0.,1.,0.));
#4494 = DIRECTION('',(1.,0.,0.));
#4495 = ADVANCED_FACE('',(#4496),#4521,.T.);
#4496 = FACE_BOUND('',#4497,.T.);
#4497 = EDGE_LOOP('',(#4498,#4499,#4507,#4515));
#4498 = ORIENTED_EDGE('',*,*,#4445,.T.);
#4499 = ORIENTED_EDGE('',*,*,#4500,.T.);
#4500 = EDGE_CURVE('',#4437,#4501,#4503,.T.);
#4501 = VERTEX_POINT('',#4502);
#4502 = CARTESIAN_POINT('',(171.8,-100.7,0.91));
#4503 = LINE('',#4504,#4505);
#4504 = CARTESIAN_POINT('',(171.8,-95.7,0.91));
#4505 = VECTOR('',#4506,1.);
#4506 = DIRECTION('',(0.,-1.,0.));
#4507 = ORIENTED_EDGE('',*,*,#4508,.F.);
#4508 = EDGE_CURVE('',#4509,#4501,#4511,.T.);
#4509 = VERTEX_POINT('',#4510);
#4510 = CARTESIAN_POINT('',(171.8,-100.7,0.));
#4511 = LINE('',#4512,#4513);
#4512 = CARTESIAN_POINT('',(171.8,-100.7,0.));
#4513 = VECTOR('',#4514,1.);
#4514 = DIRECTION('',(0.,0.,1.));
#4515 = ORIENTED_EDGE('',*,*,#4516,.F.);
#4516 = EDGE_CURVE('',#4446,#4509,#4517,.T.);
#4517 = LINE('',#4518,#4519);
#4518 = CARTESIAN_POINT('',(171.8,-95.7,0.));
#4519 = VECTOR('',#4520,1.);
#4520 = DIRECTION('',(0.,-1.,0.));
#4521 = PLANE('',#4522);
#4522 = AXIS2_PLACEMENT_3D('',#4523,#4524,#4525);
#4523 = CARTESIAN_POINT('',(171.8,-95.7,0.));
#4524 = DIRECTION('',(1.,0.,-0.));
#4525 = DIRECTION('',(0.,-1.,0.));
#4526 = ADVANCED_FACE('',(#4527,#4573,#4584,#4595,#4606,#4617,#4628,
    #4639,#4650,#4661,#4672,#4683),#4694,.F.);
#4527 = FACE_BOUND('',#4528,.F.);
#4528 = EDGE_LOOP('',(#4529,#4530,#4531,#4540,#4548,#4557,#4565,#4572));
#4529 = ORIENTED_EDGE('',*,*,#4453,.F.);
#4530 = ORIENTED_EDGE('',*,*,#4485,.F.);
#4531 = ORIENTED_EDGE('',*,*,#4532,.F.);
#4532 = EDGE_CURVE('',#4533,#4469,#4535,.T.);
#4533 = VERTEX_POINT('',#4534);
#4534 = CARTESIAN_POINT('',(142.8,-95.7,0.));
#4535 = CIRCLE('',#4536,1.000000960032);
#4536 = AXIS2_PLACEMENT_3D('',#4537,#4538,#4539);
#4537 = CARTESIAN_POINT('',(143.80000096003,-95.70000096003,0.));
#4538 = DIRECTION('',(0.,0.,-1.));
#4539 = DIRECTION('',(-1.,9.600305069164E-07,0.));
#4540 = ORIENTED_EDGE('',*,*,#4541,.F.);
#4541 = EDGE_CURVE('',#4542,#4533,#4544,.T.);
#4542 = VERTEX_POINT('',#4543);
#4543 = CARTESIAN_POINT('',(142.8,-100.7,0.));
#4544 = LINE('',#4545,#4546);
#4545 = CARTESIAN_POINT('',(142.8,-100.7,0.));
#4546 = VECTOR('',#4547,1.);
#4547 = DIRECTION('',(0.,1.,0.));
#4548 = ORIENTED_EDGE('',*,*,#4549,.F.);
#4549 = EDGE_CURVE('',#4550,#4542,#4552,.T.);
#4550 = VERTEX_POINT('',#4551);
#4551 = CARTESIAN_POINT('',(143.8,-101.7,0.));
#4552 = CIRCLE('',#4553,0.999994131662);
#4553 = AXIS2_PLACEMENT_3D('',#4554,#4555,#4556);
#4554 = CARTESIAN_POINT('',(143.79999413164,-100.7000058683,0.));
#4555 = DIRECTION('',(0.,0.,-1.));
#4556 = DIRECTION('',(5.868389697203E-06,-0.999999999983,0.));
#4557 = ORIENTED_EDGE('',*,*,#4558,.F.);
#4558 = EDGE_CURVE('',#4559,#4550,#4561,.T.);
#4559 = VERTEX_POINT('',#4560);
#4560 = CARTESIAN_POINT('',(170.8,-101.7,0.));
#4561 = LINE('',#4562,#4563);
#4562 = CARTESIAN_POINT('',(170.8,-101.7,0.));
#4563 = VECTOR('',#4564,1.);
#4564 = DIRECTION('',(-1.,0.,0.));
#4565 = ORIENTED_EDGE('',*,*,#4566,.F.);
#4566 = EDGE_CURVE('',#4509,#4559,#4567,.T.);
#4567 = CIRCLE('',#4568,0.999999252925);
#4568 = AXIS2_PLACEMENT_3D('',#4569,#4570,#4571);
#4569 = CARTESIAN_POINT('',(170.80000074707,-100.700000747,0.));
#4570 = DIRECTION('',(0.,0.,-1.));
#4571 = DIRECTION('',(1.,7.470756923213E-07,0.));
#4572 = ORIENTED_EDGE('',*,*,#4516,.F.);
#4573 = FACE_BOUND('',#4574,.F.);
#4574 = EDGE_LOOP('',(#4575));
#4575 = ORIENTED_EDGE('',*,*,#4576,.T.);
#4576 = EDGE_CURVE('',#4577,#4577,#4579,.T.);
#4577 = VERTEX_POINT('',#4578);
#4578 = CARTESIAN_POINT('',(144.7,-100.6,0.));
#4579 = CIRCLE('',#4580,0.4);
#4580 = AXIS2_PLACEMENT_3D('',#4581,#4582,#4583);
#4581 = CARTESIAN_POINT('',(144.7,-100.2,0.));
#4582 = DIRECTION('',(-0.,0.,-1.));
#4583 = DIRECTION('',(-0.,-1.,0.));
#4584 = FACE_BOUND('',#4585,.F.);
#4585 = EDGE_LOOP('',(#4586));
#4586 = ORIENTED_EDGE('',*,*,#4587,.T.);
#4587 = EDGE_CURVE('',#4588,#4588,#4590,.T.);
#4588 = VERTEX_POINT('',#4589);
#4589 = CARTESIAN_POINT('',(148.8,-100.481,0.));
#4590 = CIRCLE('',#4591,0.381);
#4591 = AXIS2_PLACEMENT_3D('',#4592,#4593,#4594);
#4592 = CARTESIAN_POINT('',(148.8,-100.1,0.));
#4593 = DIRECTION('',(-0.,0.,-1.));
#4594 = DIRECTION('',(-0.,-1.,0.));
#4595 = FACE_BOUND('',#4596,.F.);
#4596 = EDGE_LOOP('',(#4597));
#4597 = ORIENTED_EDGE('',*,*,#4598,.T.);
#4598 = EDGE_CURVE('',#4599,#4599,#4601,.T.);
#4599 = VERTEX_POINT('',#4600);
#4600 = CARTESIAN_POINT('',(150.6,-100.481,0.));
#4601 = CIRCLE('',#4602,0.381);
#4602 = AXIS2_PLACEMENT_3D('',#4603,#4604,#4605);
#4603 = CARTESIAN_POINT('',(150.6,-100.1,0.));
#4604 = DIRECTION('',(-0.,0.,-1.));
#4605 = DIRECTION('',(-0.,-1.,0.));
#4606 = FACE_BOUND('',#4607,.F.);
#4607 = EDGE_LOOP('',(#4608));
#4608 = ORIENTED_EDGE('',*,*,#4609,.T.);
#4609 = EDGE_CURVE('',#4610,#4610,#4612,.T.);
#4610 = VERTEX_POINT('',#4611);
#4611 = CARTESIAN_POINT('',(168.8,-100.481,0.));
#4612 = CIRCLE('',#4613,0.381);
#4613 = AXIS2_PLACEMENT_3D('',#4614,#4615,#4616);
#4614 = CARTESIAN_POINT('',(168.8,-100.1,0.));
#4615 = DIRECTION('',(-0.,0.,-1.));
#4616 = DIRECTION('',(-0.,-1.,0.));
#4617 = FACE_BOUND('',#4618,.F.);
#4618 = EDGE_LOOP('',(#4619));
#4619 = ORIENTED_EDGE('',*,*,#4620,.T.);
#4620 = EDGE_CURVE('',#4621,#4621,#4623,.T.);
#4621 = VERTEX_POINT('',#4622);
#4622 = CARTESIAN_POINT('',(170.6,-100.481,0.));
#4623 = CIRCLE('',#4624,0.381);
#4624 = AXIS2_PLACEMENT_3D('',#4625,#4626,#4627);
#4625 = CARTESIAN_POINT('',(170.6,-100.1,0.));
#4626 = DIRECTION('',(-0.,0.,-1.));
#4627 = DIRECTION('',(-0.,-1.,0.));
#4628 = FACE_BOUND('',#4629,.F.);
#4629 = EDGE_LOOP('',(#4630));
#4630 = ORIENTED_EDGE('',*,*,#4631,.T.);
#4631 = EDGE_CURVE('',#4632,#4632,#4634,.T.);
#4632 = VERTEX_POINT('',#4633);
#4633 = CARTESIAN_POINT('',(144.7,-98.6,0.));
#4634 = CIRCLE('',#4635,0.4);
#4635 = AXIS2_PLACEMENT_3D('',#4636,#4637,#4638);
#4636 = CARTESIAN_POINT('',(144.7,-98.2,0.));
#4637 = DIRECTION('',(-0.,0.,-1.));
#4638 = DIRECTION('',(-0.,-1.,0.));
#4639 = FACE_BOUND('',#4640,.F.);
#4640 = EDGE_LOOP('',(#4641));
#4641 = ORIENTED_EDGE('',*,*,#4642,.T.);
#4642 = EDGE_CURVE('',#4643,#4643,#4645,.T.);
#4643 = VERTEX_POINT('',#4644);
#4644 = CARTESIAN_POINT('',(148.8,-96.781,0.));
#4645 = CIRCLE('',#4646,0.381);
#4646 = AXIS2_PLACEMENT_3D('',#4647,#4648,#4649);
#4647 = CARTESIAN_POINT('',(148.8,-96.4,0.));
#4648 = DIRECTION('',(-0.,0.,-1.));
#4649 = DIRECTION('',(-0.,-1.,0.));
#4650 = FACE_BOUND('',#4651,.F.);
#4651 = EDGE_LOOP('',(#4652));
#4652 = ORIENTED_EDGE('',*,*,#4653,.T.);
#4653 = EDGE_CURVE('',#4654,#4654,#4656,.T.);
#4654 = VERTEX_POINT('',#4655);
#4655 = CARTESIAN_POINT('',(144.7,-96.6,0.));
#4656 = CIRCLE('',#4657,0.4);
#4657 = AXIS2_PLACEMENT_3D('',#4658,#4659,#4660);
#4658 = CARTESIAN_POINT('',(144.7,-96.2,0.));
#4659 = DIRECTION('',(-0.,0.,-1.));
#4660 = DIRECTION('',(-0.,-1.,0.));
#4661 = FACE_BOUND('',#4662,.F.);
#4662 = EDGE_LOOP('',(#4663));
#4663 = ORIENTED_EDGE('',*,*,#4664,.T.);
#4664 = EDGE_CURVE('',#4665,#4665,#4667,.T.);
#4665 = VERTEX_POINT('',#4666);
#4666 = CARTESIAN_POINT('',(150.6,-96.781,0.));
#4667 = CIRCLE('',#4668,0.381);
#4668 = AXIS2_PLACEMENT_3D('',#4669,#4670,#4671);
#4669 = CARTESIAN_POINT('',(150.6,-96.4,0.));
#4670 = DIRECTION('',(-0.,0.,-1.));
#4671 = DIRECTION('',(-0.,-1.,0.));
#4672 = FACE_BOUND('',#4673,.F.);
#4673 = EDGE_LOOP('',(#4674));
#4674 = ORIENTED_EDGE('',*,*,#4675,.T.);
#4675 = EDGE_CURVE('',#4676,#4676,#4678,.T.);
#4676 = VERTEX_POINT('',#4677);
#4677 = CARTESIAN_POINT('',(168.8,-96.781,0.));
#4678 = CIRCLE('',#4679,0.381);
#4679 = AXIS2_PLACEMENT_3D('',#4680,#4681,#4682);
#4680 = CARTESIAN_POINT('',(168.8,-96.4,0.));
#4681 = DIRECTION('',(-0.,0.,-1.));
#4682 = DIRECTION('',(-0.,-1.,0.));
#4683 = FACE_BOUND('',#4684,.F.);
#4684 = EDGE_LOOP('',(#4685));
#4685 = ORIENTED_EDGE('',*,*,#4686,.T.);
#4686 = EDGE_CURVE('',#4687,#4687,#4689,.T.);
#4687 = VERTEX_POINT('',#4688);
#4688 = CARTESIAN_POINT('',(170.6,-96.781,0.));
#4689 = CIRCLE('',#4690,0.381);
#4690 = AXIS2_PLACEMENT_3D('',#4691,#4692,#4693);
#4691 = CARTESIAN_POINT('',(170.6,-96.4,0.));
#4692 = DIRECTION('',(-0.,0.,-1.));
#4693 = DIRECTION('',(-0.,-1.,0.));
#4694 = PLANE('',#4695);
#4695 = AXIS2_PLACEMENT_3D('',#4696,#4697,#4698);
#4696 = CARTESIAN_POINT('',(0.,0.,0.));
#4697 = DIRECTION('',(0.,0.,1.));
#4698 = DIRECTION('',(1.,0.,-0.));
#4699 = ADVANCED_FACE('',(#4700,#4746,#4757,#4768,#4779,#4790,#4801,
    #4812,#4823,#4834,#4845,#4856),#4867,.T.);
#4700 = FACE_BOUND('',#4701,.T.);
#4701 = EDGE_LOOP('',(#4702,#4703,#4704,#4713,#4721,#4730,#4738,#4745));
#4702 = ORIENTED_EDGE('',*,*,#4436,.F.);
#4703 = ORIENTED_EDGE('',*,*,#4478,.F.);
#4704 = ORIENTED_EDGE('',*,*,#4705,.F.);
#4705 = EDGE_CURVE('',#4706,#4471,#4708,.T.);
#4706 = VERTEX_POINT('',#4707);
#4707 = CARTESIAN_POINT('',(142.8,-95.7,0.91));
#4708 = CIRCLE('',#4709,1.000000960032);
#4709 = AXIS2_PLACEMENT_3D('',#4710,#4711,#4712);
#4710 = CARTESIAN_POINT('',(143.80000096003,-95.70000096003,0.91));
#4711 = DIRECTION('',(0.,0.,-1.));
#4712 = DIRECTION('',(-1.,9.600305069164E-07,0.));
#4713 = ORIENTED_EDGE('',*,*,#4714,.F.);
#4714 = EDGE_CURVE('',#4715,#4706,#4717,.T.);
#4715 = VERTEX_POINT('',#4716);
#4716 = CARTESIAN_POINT('',(142.8,-100.7,0.91));
#4717 = LINE('',#4718,#4719);
#4718 = CARTESIAN_POINT('',(142.8,-100.7,0.91));
#4719 = VECTOR('',#4720,1.);
#4720 = DIRECTION('',(0.,1.,0.));
#4721 = ORIENTED_EDGE('',*,*,#4722,.F.);
#4722 = EDGE_CURVE('',#4723,#4715,#4725,.T.);
#4723 = VERTEX_POINT('',#4724);
#4724 = CARTESIAN_POINT('',(143.8,-101.7,0.91));
#4725 = CIRCLE('',#4726,0.999994131662);
#4726 = AXIS2_PLACEMENT_3D('',#4727,#4728,#4729);
#4727 = CARTESIAN_POINT('',(143.79999413164,-100.7000058683,0.91));
#4728 = DIRECTION('',(0.,0.,-1.));
#4729 = DIRECTION('',(5.868389697203E-06,-0.999999999983,0.));
#4730 = ORIENTED_EDGE('',*,*,#4731,.F.);
#4731 = EDGE_CURVE('',#4732,#4723,#4734,.T.);
#4732 = VERTEX_POINT('',#4733);
#4733 = CARTESIAN_POINT('',(170.8,-101.7,0.91));
#4734 = LINE('',#4735,#4736);
#4735 = CARTESIAN_POINT('',(170.8,-101.7,0.91));
#4736 = VECTOR('',#4737,1.);
#4737 = DIRECTION('',(-1.,0.,0.));
#4738 = ORIENTED_EDGE('',*,*,#4739,.F.);
#4739 = EDGE_CURVE('',#4501,#4732,#4740,.T.);
#4740 = CIRCLE('',#4741,0.999999252925);
#4741 = AXIS2_PLACEMENT_3D('',#4742,#4743,#4744);
#4742 = CARTESIAN_POINT('',(170.80000074707,-100.700000747,0.91));
#4743 = DIRECTION('',(0.,0.,-1.));
#4744 = DIRECTION('',(1.,7.470756923213E-07,0.));
#4745 = ORIENTED_EDGE('',*,*,#4500,.F.);
#4746 = FACE_BOUND('',#4747,.T.);
#4747 = EDGE_LOOP('',(#4748));
#4748 = ORIENTED_EDGE('',*,*,#4749,.T.);
#4749 = EDGE_CURVE('',#4750,#4750,#4752,.T.);
#4750 = VERTEX_POINT('',#4751);
#4751 = CARTESIAN_POINT('',(144.7,-100.6,0.91));
#4752 = CIRCLE('',#4753,0.4);
#4753 = AXIS2_PLACEMENT_3D('',#4754,#4755,#4756);
#4754 = CARTESIAN_POINT('',(144.7,-100.2,0.91));
#4755 = DIRECTION('',(-0.,0.,-1.));
#4756 = DIRECTION('',(-0.,-1.,0.));
#4757 = FACE_BOUND('',#4758,.T.);
#4758 = EDGE_LOOP('',(#4759));
#4759 = ORIENTED_EDGE('',*,*,#4760,.T.);
#4760 = EDGE_CURVE('',#4761,#4761,#4763,.T.);
#4761 = VERTEX_POINT('',#4762);
#4762 = CARTESIAN_POINT('',(148.8,-100.481,0.91));
#4763 = CIRCLE('',#4764,0.381);
#4764 = AXIS2_PLACEMENT_3D('',#4765,#4766,#4767);
#4765 = CARTESIAN_POINT('',(148.8,-100.1,0.91));
#4766 = DIRECTION('',(-0.,0.,-1.));
#4767 = DIRECTION('',(-0.,-1.,0.));
#4768 = FACE_BOUND('',#4769,.T.);
#4769 = EDGE_LOOP('',(#4770));
#4770 = ORIENTED_EDGE('',*,*,#4771,.T.);
#4771 = EDGE_CURVE('',#4772,#4772,#4774,.T.);
#4772 = VERTEX_POINT('',#4773);
#4773 = CARTESIAN_POINT('',(150.6,-100.481,0.91));
#4774 = CIRCLE('',#4775,0.381);
#4775 = AXIS2_PLACEMENT_3D('',#4776,#4777,#4778);
#4776 = CARTESIAN_POINT('',(150.6,-100.1,0.91));
#4777 = DIRECTION('',(-0.,0.,-1.));
#4778 = DIRECTION('',(-0.,-1.,0.));
#4779 = FACE_BOUND('',#4780,.T.);
#4780 = EDGE_LOOP('',(#4781));
#4781 = ORIENTED_EDGE('',*,*,#4782,.T.);
#4782 = EDGE_CURVE('',#4783,#4783,#4785,.T.);
#4783 = VERTEX_POINT('',#4784);
#4784 = CARTESIAN_POINT('',(168.8,-100.481,0.91));
#4785 = CIRCLE('',#4786,0.381);
#4786 = AXIS2_PLACEMENT_3D('',#4787,#4788,#4789);
#4787 = CARTESIAN_POINT('',(168.8,-100.1,0.91));
#4788 = DIRECTION('',(-0.,0.,-1.));
#4789 = DIRECTION('',(-0.,-1.,0.));
#4790 = FACE_BOUND('',#4791,.T.);
#4791 = EDGE_LOOP('',(#4792));
#4792 = ORIENTED_EDGE('',*,*,#4793,.T.);
#4793 = EDGE_CURVE('',#4794,#4794,#4796,.T.);
#4794 = VERTEX_POINT('',#4795);
#4795 = CARTESIAN_POINT('',(170.6,-100.481,0.91));
#4796 = CIRCLE('',#4797,0.381);
#4797 = AXIS2_PLACEMENT_3D('',#4798,#4799,#4800);
#4798 = CARTESIAN_POINT('',(170.6,-100.1,0.91));
#4799 = DIRECTION('',(-0.,0.,-1.));
#4800 = DIRECTION('',(-0.,-1.,0.));
#4801 = FACE_BOUND('',#4802,.T.);
#4802 = EDGE_LOOP('',(#4803));
#4803 = ORIENTED_EDGE('',*,*,#4804,.T.);
#4804 = EDGE_CURVE('',#4805,#4805,#4807,.T.);
#4805 = VERTEX_POINT('',#4806);
#4806 = CARTESIAN_POINT('',(144.7,-98.6,0.91));
#4807 = CIRCLE('',#4808,0.4);
#4808 = AXIS2_PLACEMENT_3D('',#4809,#4810,#4811);
#4809 = CARTESIAN_POINT('',(144.7,-98.2,0.91));
#4810 = DIRECTION('',(-0.,0.,-1.));
#4811 = DIRECTION('',(-0.,-1.,0.));
#4812 = FACE_BOUND('',#4813,.T.);
#4813 = EDGE_LOOP('',(#4814));
#4814 = ORIENTED_EDGE('',*,*,#4815,.T.);
#4815 = EDGE_CURVE('',#4816,#4816,#4818,.T.);
#4816 = VERTEX_POINT('',#4817);
#4817 = CARTESIAN_POINT('',(148.8,-96.781,0.91));
#4818 = CIRCLE('',#4819,0.381);
#4819 = AXIS2_PLACEMENT_3D('',#4820,#4821,#4822);
#4820 = CARTESIAN_POINT('',(148.8,-96.4,0.91));
#4821 = DIRECTION('',(-0.,0.,-1.));
#4822 = DIRECTION('',(-0.,-1.,0.));
#4823 = FACE_BOUND('',#4824,.T.);
#4824 = EDGE_LOOP('',(#4825));
#4825 = ORIENTED_EDGE('',*,*,#4826,.T.);
#4826 = EDGE_CURVE('',#4827,#4827,#4829,.T.);
#4827 = VERTEX_POINT('',#4828);
#4828 = CARTESIAN_POINT('',(144.7,-96.6,0.91));
#4829 = CIRCLE('',#4830,0.4);
#4830 = AXIS2_PLACEMENT_3D('',#4831,#4832,#4833);
#4831 = CARTESIAN_POINT('',(144.7,-96.2,0.91));
#4832 = DIRECTION('',(-0.,0.,-1.));
#4833 = DIRECTION('',(-0.,-1.,0.));
#4834 = FACE_BOUND('',#4835,.T.);
#4835 = EDGE_LOOP('',(#4836));
#4836 = ORIENTED_EDGE('',*,*,#4837,.T.);
#4837 = EDGE_CURVE('',#4838,#4838,#4840,.T.);
#4838 = VERTEX_POINT('',#4839);
#4839 = CARTESIAN_POINT('',(150.6,-96.781,0.91));
#4840 = CIRCLE('',#4841,0.381);
#4841 = AXIS2_PLACEMENT_3D('',#4842,#4843,#4844);
#4842 = CARTESIAN_POINT('',(150.6,-96.4,0.91));
#4843 = DIRECTION('',(-0.,0.,-1.));
#4844 = DIRECTION('',(-0.,-1.,0.));
#4845 = FACE_BOUND('',#4846,.T.);
#4846 = EDGE_LOOP('',(#4847));
#4847 = ORIENTED_EDGE('',*,*,#4848,.T.);
#4848 = EDGE_CURVE('',#4849,#4849,#4851,.T.);
#4849 = VERTEX_POINT('',#4850);
#4850 = CARTESIAN_POINT('',(168.8,-96.781,0.91));
#4851 = CIRCLE('',#4852,0.381);
#4852 = AXIS2_PLACEMENT_3D('',#4853,#4854,#4855);
#4853 = CARTESIAN_POINT('',(168.8,-96.4,0.91));
#4854 = DIRECTION('',(-0.,0.,-1.));
#4855 = DIRECTION('',(-0.,-1.,0.));
#4856 = FACE_BOUND('',#4857,.T.);
#4857 = EDGE_LOOP('',(#4858));
#4858 = ORIENTED_EDGE('',*,*,#4859,.T.);
#4859 = EDGE_CURVE('',#4860,#4860,#4862,.T.);
#4860 = VERTEX_POINT('',#4861);
#4861 = CARTESIAN_POINT('',(170.6,-96.781,0.91));
#4862 = CIRCLE('',#4863,0.381);
#4863 = AXIS2_PLACEMENT_3D('',#4864,#4865,#4866);
#4864 = CARTESIAN_POINT('',(170.6,-96.4,0.91));
#4865 = DIRECTION('',(-0.,0.,-1.));
#4866 = DIRECTION('',(-0.,-1.,0.));
#4867 = PLANE('',#4868);
#4868 = AXIS2_PLACEMENT_3D('',#4869,#4870,#4871);
#4869 = CARTESIAN_POINT('',(0.,0.,0.91));
#4870 = DIRECTION('',(0.,0.,1.));
#4871 = DIRECTION('',(1.,0.,-0.));
#4872 = ADVANCED_FACE('',(#4873),#4884,.T.);
#4873 = FACE_BOUND('',#4874,.T.);
#4874 = EDGE_LOOP('',(#4875,#4881,#4882,#4883));
#4875 = ORIENTED_EDGE('',*,*,#4876,.T.);
#4876 = EDGE_CURVE('',#4533,#4706,#4877,.T.);
#4877 = LINE('',#4878,#4879);
#4878 = CARTESIAN_POINT('',(142.8,-95.7,0.));
#4879 = VECTOR('',#4880,1.);
#4880 = DIRECTION('',(0.,0.,1.));
#4881 = ORIENTED_EDGE('',*,*,#4705,.T.);
#4882 = ORIENTED_EDGE('',*,*,#4468,.F.);
#4883 = ORIENTED_EDGE('',*,*,#4532,.F.);
#4884 = CYLINDRICAL_SURFACE('',#4885,1.000000960032);
#4885 = AXIS2_PLACEMENT_3D('',#4886,#4887,#4888);
#4886 = CARTESIAN_POINT('',(143.80000096003,-95.70000096003,0.));
#4887 = DIRECTION('',(0.,0.,-1.));
#4888 = DIRECTION('',(-1.,9.600305069164E-07,0.));
#4889 = ADVANCED_FACE('',(#4890),#4901,.T.);
#4890 = FACE_BOUND('',#4891,.T.);
#4891 = EDGE_LOOP('',(#4892,#4893,#4894,#4900));
#4892 = ORIENTED_EDGE('',*,*,#4508,.T.);
#4893 = ORIENTED_EDGE('',*,*,#4739,.T.);
#4894 = ORIENTED_EDGE('',*,*,#4895,.F.);
#4895 = EDGE_CURVE('',#4559,#4732,#4896,.T.);
#4896 = LINE('',#4897,#4898);
#4897 = CARTESIAN_POINT('',(170.8,-101.7,0.));
#4898 = VECTOR('',#4899,1.);
#4899 = DIRECTION('',(0.,0.,1.));
#4900 = ORIENTED_EDGE('',*,*,#4566,.F.);
#4901 = CYLINDRICAL_SURFACE('',#4902,0.999999252925);
#4902 = AXIS2_PLACEMENT_3D('',#4903,#4904,#4905);
#4903 = CARTESIAN_POINT('',(170.80000074707,-100.700000747,0.));
#4904 = DIRECTION('',(0.,0.,-1.));
#4905 = DIRECTION('',(1.,7.470756923213E-07,0.));
#4906 = ADVANCED_FACE('',(#4907),#4918,.T.);
#4907 = FACE_BOUND('',#4908,.T.);
#4908 = EDGE_LOOP('',(#4909,#4915,#4916,#4917));
#4909 = ORIENTED_EDGE('',*,*,#4910,.T.);
#4910 = EDGE_CURVE('',#4542,#4715,#4911,.T.);
#4911 = LINE('',#4912,#4913);
#4912 = CARTESIAN_POINT('',(142.8,-100.7,0.));
#4913 = VECTOR('',#4914,1.);
#4914 = DIRECTION('',(0.,0.,1.));
#4915 = ORIENTED_EDGE('',*,*,#4714,.T.);
#4916 = ORIENTED_EDGE('',*,*,#4876,.F.);
#4917 = ORIENTED_EDGE('',*,*,#4541,.F.);
#4918 = PLANE('',#4919);
#4919 = AXIS2_PLACEMENT_3D('',#4920,#4921,#4922);
#4920 = CARTESIAN_POINT('',(142.8,-100.7,0.));
#4921 = DIRECTION('',(-1.,0.,0.));
#4922 = DIRECTION('',(0.,1.,0.));
#4923 = ADVANCED_FACE('',(#4924),#4935,.T.);
#4924 = FACE_BOUND('',#4925,.T.);
#4925 = EDGE_LOOP('',(#4926,#4927,#4928,#4934));
#4926 = ORIENTED_EDGE('',*,*,#4895,.T.);
#4927 = ORIENTED_EDGE('',*,*,#4731,.T.);
#4928 = ORIENTED_EDGE('',*,*,#4929,.F.);
#4929 = EDGE_CURVE('',#4550,#4723,#4930,.T.);
#4930 = LINE('',#4931,#4932);
#4931 = CARTESIAN_POINT('',(143.8,-101.7,0.));
#4932 = VECTOR('',#4933,1.);
#4933 = DIRECTION('',(0.,0.,1.));
#4934 = ORIENTED_EDGE('',*,*,#4558,.F.);
#4935 = PLANE('',#4936);
#4936 = AXIS2_PLACEMENT_3D('',#4937,#4938,#4939);
#4937 = CARTESIAN_POINT('',(170.8,-101.7,0.));
#4938 = DIRECTION('',(0.,-1.,0.));
#4939 = DIRECTION('',(-1.,0.,0.));
#4940 = ADVANCED_FACE('',(#4941),#4947,.T.);
#4941 = FACE_BOUND('',#4942,.T.);
#4942 = EDGE_LOOP('',(#4943,#4944,#4945,#4946));
#4943 = ORIENTED_EDGE('',*,*,#4929,.T.);
#4944 = ORIENTED_EDGE('',*,*,#4722,.T.);
#4945 = ORIENTED_EDGE('',*,*,#4910,.F.);
#4946 = ORIENTED_EDGE('',*,*,#4549,.F.);
#4947 = CYLINDRICAL_SURFACE('',#4948,0.999994131662);
#4948 = AXIS2_PLACEMENT_3D('',#4949,#4950,#4951);
#4949 = CARTESIAN_POINT('',(143.79999413164,-100.7000058683,0.));
#4950 = DIRECTION('',(0.,0.,-1.));
#4951 = DIRECTION('',(5.868389697203E-06,-0.999999999983,0.));
#4952 = ADVANCED_FACE('',(#4953),#4964,.F.);
#4953 = FACE_BOUND('',#4954,.T.);
#4954 = EDGE_LOOP('',(#4955,#4956,#4962,#4963));
#4955 = ORIENTED_EDGE('',*,*,#4576,.T.);
#4956 = ORIENTED_EDGE('',*,*,#4957,.T.);
#4957 = EDGE_CURVE('',#4577,#4750,#4958,.T.);
#4958 = LINE('',#4959,#4960);
#4959 = CARTESIAN_POINT('',(144.7,-100.6,-4.6E-02));
#4960 = VECTOR('',#4961,1.);
#4961 = DIRECTION('',(0.,0.,1.));
#4962 = ORIENTED_EDGE('',*,*,#4749,.F.);
#4963 = ORIENTED_EDGE('',*,*,#4957,.F.);
#4964 = CYLINDRICAL_SURFACE('',#4965,0.4);
#4965 = AXIS2_PLACEMENT_3D('',#4966,#4967,#4968);
#4966 = CARTESIAN_POINT('',(144.7,-100.2,-4.6E-02));
#4967 = DIRECTION('',(-0.,-0.,-1.));
#4968 = DIRECTION('',(-0.,-1.,0.));
#4969 = ADVANCED_FACE('',(#4970),#4981,.F.);
#4970 = FACE_BOUND('',#4971,.T.);
#4971 = EDGE_LOOP('',(#4972,#4973,#4979,#4980));
#4972 = ORIENTED_EDGE('',*,*,#4587,.T.);
#4973 = ORIENTED_EDGE('',*,*,#4974,.T.);
#4974 = EDGE_CURVE('',#4588,#4761,#4975,.T.);
#4975 = LINE('',#4976,#4977);
#4976 = CARTESIAN_POINT('',(148.8,-100.481,-4.6E-02));
#4977 = VECTOR('',#4978,1.);
#4978 = DIRECTION('',(0.,0.,1.));
#4979 = ORIENTED_EDGE('',*,*,#4760,.F.);
#4980 = ORIENTED_EDGE('',*,*,#4974,.F.);
#4981 = CYLINDRICAL_SURFACE('',#4982,0.381);
#4982 = AXIS2_PLACEMENT_3D('',#4983,#4984,#4985);
#4983 = CARTESIAN_POINT('',(148.8,-100.1,-4.6E-02));
#4984 = DIRECTION('',(-0.,-0.,-1.));
#4985 = DIRECTION('',(-0.,-1.,0.));
#4986 = ADVANCED_FACE('',(#4987),#4998,.F.);
#4987 = FACE_BOUND('',#4988,.T.);
#4988 = EDGE_LOOP('',(#4989,#4990,#4996,#4997));
#4989 = ORIENTED_EDGE('',*,*,#4598,.T.);
#4990 = ORIENTED_EDGE('',*,*,#4991,.T.);
#4991 = EDGE_CURVE('',#4599,#4772,#4992,.T.);
#4992 = LINE('',#4993,#4994);
#4993 = CARTESIAN_POINT('',(150.6,-100.481,-4.6E-02));
#4994 = VECTOR('',#4995,1.);
#4995 = DIRECTION('',(0.,0.,1.));
#4996 = ORIENTED_EDGE('',*,*,#4771,.F.);
#4997 = ORIENTED_EDGE('',*,*,#4991,.F.);
#4998 = CYLINDRICAL_SURFACE('',#4999,0.381);
#4999 = AXIS2_PLACEMENT_3D('',#5000,#5001,#5002);
#5000 = CARTESIAN_POINT('',(150.6,-100.1,-4.6E-02));
#5001 = DIRECTION('',(-0.,-0.,-1.));
#5002 = DIRECTION('',(-0.,-1.,0.));
#5003 = ADVANCED_FACE('',(#5004),#5015,.F.);
#5004 = FACE_BOUND('',#5005,.T.);
#5005 = EDGE_LOOP('',(#5006,#5007,#5013,#5014));
#5006 = ORIENTED_EDGE('',*,*,#4609,.T.);
#5007 = ORIENTED_EDGE('',*,*,#5008,.T.);
#5008 = EDGE_CURVE('',#4610,#4783,#5009,.T.);
#5009 = LINE('',#5010,#5011);
#5010 = CARTESIAN_POINT('',(168.8,-100.481,-4.6E-02));
#5011 = VECTOR('',#5012,1.);
#5012 = DIRECTION('',(0.,0.,1.));
#5013 = ORIENTED_EDGE('',*,*,#4782,.F.);
#5014 = ORIENTED_EDGE('',*,*,#5008,.F.);
#5015 = CYLINDRICAL_SURFACE('',#5016,0.381);
#5016 = AXIS2_PLACEMENT_3D('',#5017,#5018,#5019);
#5017 = CARTESIAN_POINT('',(168.8,-100.1,-4.6E-02));
#5018 = DIRECTION('',(-0.,-0.,-1.));
#5019 = DIRECTION('',(-0.,-1.,0.));
#5020 = ADVANCED_FACE('',(#5021),#5032,.F.);
#5021 = FACE_BOUND('',#5022,.T.);
#5022 = EDGE_LOOP('',(#5023,#5024,#5030,#5031));
#5023 = ORIENTED_EDGE('',*,*,#4620,.T.);
#5024 = ORIENTED_EDGE('',*,*,#5025,.T.);
#5025 = EDGE_CURVE('',#4621,#4794,#5026,.T.);
#5026 = LINE('',#5027,#5028);
#5027 = CARTESIAN_POINT('',(170.6,-100.481,-4.6E-02));
#5028 = VECTOR('',#5029,1.);
#5029 = DIRECTION('',(0.,0.,1.));
#5030 = ORIENTED_EDGE('',*,*,#4793,.F.);
#5031 = ORIENTED_EDGE('',*,*,#5025,.F.);
#5032 = CYLINDRICAL_SURFACE('',#5033,0.381);
#5033 = AXIS2_PLACEMENT_3D('',#5034,#5035,#5036);
#5034 = CARTESIAN_POINT('',(170.6,-100.1,-4.6E-02));
#5035 = DIRECTION('',(-0.,-0.,-1.));
#5036 = DIRECTION('',(-0.,-1.,0.));
#5037 = ADVANCED_FACE('',(#5038),#5049,.F.);
#5038 = FACE_BOUND('',#5039,.T.);
#5039 = EDGE_LOOP('',(#5040,#5041,#5047,#5048));
#5040 = ORIENTED_EDGE('',*,*,#4631,.T.);
#5041 = ORIENTED_EDGE('',*,*,#5042,.T.);
#5042 = EDGE_CURVE('',#4632,#4805,#5043,.T.);
#5043 = LINE('',#5044,#5045);
#5044 = CARTESIAN_POINT('',(144.7,-98.6,-4.6E-02));
#5045 = VECTOR('',#5046,1.);
#5046 = DIRECTION('',(0.,0.,1.));
#5047 = ORIENTED_EDGE('',*,*,#4804,.F.);
#5048 = ORIENTED_EDGE('',*,*,#5042,.F.);
#5049 = CYLINDRICAL_SURFACE('',#5050,0.4);
#5050 = AXIS2_PLACEMENT_3D('',#5051,#5052,#5053);
#5051 = CARTESIAN_POINT('',(144.7,-98.2,-4.6E-02));
#5052 = DIRECTION('',(-0.,-0.,-1.));
#5053 = DIRECTION('',(-0.,-1.,0.));
#5054 = ADVANCED_FACE('',(#5055),#5066,.F.);
#5055 = FACE_BOUND('',#5056,.T.);
#5056 = EDGE_LOOP('',(#5057,#5058,#5064,#5065));
#5057 = ORIENTED_EDGE('',*,*,#4642,.T.);
#5058 = ORIENTED_EDGE('',*,*,#5059,.T.);
#5059 = EDGE_CURVE('',#4643,#4816,#5060,.T.);
#5060 = LINE('',#5061,#5062);
#5061 = CARTESIAN_POINT('',(148.8,-96.781,-4.6E-02));
#5062 = VECTOR('',#5063,1.);
#5063 = DIRECTION('',(0.,0.,1.));
#5064 = ORIENTED_EDGE('',*,*,#4815,.F.);
#5065 = ORIENTED_EDGE('',*,*,#5059,.F.);
#5066 = CYLINDRICAL_SURFACE('',#5067,0.381);
#5067 = AXIS2_PLACEMENT_3D('',#5068,#5069,#5070);
#5068 = CARTESIAN_POINT('',(148.8,-96.4,-4.6E-02));
#5069 = DIRECTION('',(-0.,-0.,-1.));
#5070 = DIRECTION('',(-0.,-1.,0.));
#5071 = ADVANCED_FACE('',(#5072),#5083,.F.);
#5072 = FACE_BOUND('',#5073,.T.);
#5073 = EDGE_LOOP('',(#5074,#5075,#5081,#5082));
#5074 = ORIENTED_EDGE('',*,*,#4653,.T.);
#5075 = ORIENTED_EDGE('',*,*,#5076,.T.);
#5076 = EDGE_CURVE('',#4654,#4827,#5077,.T.);
#5077 = LINE('',#5078,#5079);
#5078 = CARTESIAN_POINT('',(144.7,-96.6,-4.6E-02));
#5079 = VECTOR('',#5080,1.);
#5080 = DIRECTION('',(0.,0.,1.));
#5081 = ORIENTED_EDGE('',*,*,#4826,.F.);
#5082 = ORIENTED_EDGE('',*,*,#5076,.F.);
#5083 = CYLINDRICAL_SURFACE('',#5084,0.4);
#5084 = AXIS2_PLACEMENT_3D('',#5085,#5086,#5087);
#5085 = CARTESIAN_POINT('',(144.7,-96.2,-4.6E-02));
#5086 = DIRECTION('',(-0.,-0.,-1.));
#5087 = DIRECTION('',(-0.,-1.,0.));
#5088 = ADVANCED_FACE('',(#5089),#5100,.F.);
#5089 = FACE_BOUND('',#5090,.T.);
#5090 = EDGE_LOOP('',(#5091,#5092,#5098,#5099));
#5091 = ORIENTED_EDGE('',*,*,#4664,.T.);
#5092 = ORIENTED_EDGE('',*,*,#5093,.T.);
#5093 = EDGE_CURVE('',#4665,#4838,#5094,.T.);
#5094 = LINE('',#5095,#5096);
#5095 = CARTESIAN_POINT('',(150.6,-96.781,-4.6E-02));
#5096 = VECTOR('',#5097,1.);
#5097 = DIRECTION('',(0.,0.,1.));
#5098 = ORIENTED_EDGE('',*,*,#4837,.F.);
#5099 = ORIENTED_EDGE('',*,*,#5093,.F.);
#5100 = CYLINDRICAL_SURFACE('',#5101,0.381);
#5101 = AXIS2_PLACEMENT_3D('',#5102,#5103,#5104);
#5102 = CARTESIAN_POINT('',(150.6,-96.4,-4.6E-02));
#5103 = DIRECTION('',(-0.,-0.,-1.));
#5104 = DIRECTION('',(-0.,-1.,0.));
#5105 = ADVANCED_FACE('',(#5106),#5117,.F.);
#5106 = FACE_BOUND('',#5107,.T.);
#5107 = EDGE_LOOP('',(#5108,#5109,#5115,#5116));
#5108 = ORIENTED_EDGE('',*,*,#4675,.T.);
#5109 = ORIENTED_EDGE('',*,*,#5110,.T.);
#5110 = EDGE_CURVE('',#4676,#4849,#5111,.T.);
#5111 = LINE('',#5112,#5113);
#5112 = CARTESIAN_POINT('',(168.8,-96.781,-4.6E-02));
#5113 = VECTOR('',#5114,1.);
#5114 = DIRECTION('',(0.,0.,1.));
#5115 = ORIENTED_EDGE('',*,*,#4848,.F.);
#5116 = ORIENTED_EDGE('',*,*,#5110,.F.);
#5117 = CYLINDRICAL_SURFACE('',#5118,0.381);
#5118 = AXIS2_PLACEMENT_3D('',#5119,#5120,#5121);
#5119 = CARTESIAN_POINT('',(168.8,-96.4,-4.6E-02));
#5120 = DIRECTION('',(-0.,-0.,-1.));
#5121 = DIRECTION('',(-0.,-1.,0.));
#5122 = ADVANCED_FACE('',(#5123),#5134,.F.);
#5123 = FACE_BOUND('',#5124,.T.);
#5124 = EDGE_LOOP('',(#5125,#5126,#5132,#5133));
#5125 = ORIENTED_EDGE('',*,*,#4686,.T.);
#5126 = ORIENTED_EDGE('',*,*,#5127,.T.);
#5127 = EDGE_CURVE('',#4687,#4860,#5128,.T.);
#5128 = LINE('',#5129,#5130);
#5129 = CARTESIAN_POINT('',(170.6,-96.781,-4.6E-02));
#5130 = VECTOR('',#5131,1.);
#5131 = DIRECTION('',(0.,0.,1.));
#5132 = ORIENTED_EDGE('',*,*,#4859,.F.);
#5133 = ORIENTED_EDGE('',*,*,#5127,.F.);
#5134 = CYLINDRICAL_SURFACE('',#5135,0.381);
#5135 = AXIS2_PLACEMENT_3D('',#5136,#5137,#5138);
#5136 = CARTESIAN_POINT('',(170.6,-96.4,-4.6E-02));
#5137 = DIRECTION('',(-0.,-0.,-1.));
#5138 = DIRECTION('',(-0.,-1.,0.));
#5139 = ( GEOMETRIC_REPRESENTATION_CONTEXT(3) 
GLOBAL_UNCERTAINTY_ASSIGNED_CONTEXT((#5143)) 
GLOBAL_UNIT_ASSIGNED_CONTEXT((#5140,#5141,#5142)) REPRESENTATION_CONTEXT
('Context #1','3D Context with UNIT and UNCERTAINTY') );
#5140 = ( LENGTH_UNIT() NAMED_UNIT(*) SI_UNIT(.MILLI.,.METRE.) );
#5141 = ( NAMED_UNIT(*) PLANE_ANGLE_UNIT() SI_UNIT($,.RADIAN.) );
#5142 = ( NAMED_UNIT(*) SI_UNIT($,.STERADIAN.) SOLID_ANGLE_UNIT() );
#5143 = UNCERTAINTY_MEASURE_WITH_UNIT(LENGTH_MEASURE(1.E-07),#5140,
  'distance_accuracy_value','confusion accuracy');
#5144 = CONTEXT_DEPENDENT_SHAPE_REPRESENTATION(#5145,#5147);
#5145 = ( REPRESENTATION_RELATIONSHIP('','',#4419,#10) 
REPRESENTATION_RELATIONSHIP_WITH_TRANSFORMATION(#5146) 
SHAPE_REPRESENTATION_RELATIONSHIP() );
#5146 = ITEM_DEFINED_TRANSFORMATION('','',#11,#51);
#5147 = PRODUCT_DEFINITION_SHAPE('Placement','Placement of an item',
  #5148);
#5148 = NEXT_ASSEMBLY_USAGE_OCCURRENCE('10','=>[0:1:1:6]','',#5,#4414,$
  );
#5149 = PRODUCT_RELATED_PRODUCT_CATEGORY('part',$,(#4416));
#5150 = REPRESENTATION('material name',(#5151),#569);
#5151 = DESCRIPTIVE_REPRESENTATION_ITEM('鋼','鋼');
#5152 = DERIVED_UNIT((#5153,#5155));
#5153 = DERIVED_UNIT_ELEMENT(#5154,3.);
#5154 = ( MASS_UNIT() NAMED_UNIT(*) SI_UNIT($,.GRAM.) );
#5155 = DERIVED_UNIT_ELEMENT(#5156,2.);
#5156 = ( LENGTH_UNIT() NAMED_UNIT(*) SI_UNIT(.CENTI.,.METRE.) );
#5157 = REPRESENTATION('density',(#5158),#569);
#5158 = MEASURE_REPRESENTATION_ITEM('density measure',
  POSITIVE_RATIO_MEASURE(7.85E-03),#5152);
#5159 = PROPERTY_DEFINITION('material property','material name',#63);
#5160 = PROPERTY_DEFINITION_REPRESENTATION(#5159,#5150);
#5161 = PROPERTY_DEFINITION('material property','density',#63);
#5162 = PROPERTY_DEFINITION_REPRESENTATION(#5161,#5157);
#5163 = MECHANICAL_DESIGN_GEOMETRIC_PRESENTATION_REPRESENTATION('',(
    #5164),#5139);
#5164 = STYLED_ITEM('color',(#5165),#4420);
#5165 = PRESENTATION_STYLE_ASSIGNMENT((#5166));
#5166 = SURFACE_STYLE_USAGE(.BOTH.,#5167);
#5167 = SURFACE_SIDE_STYLE('',(#5168));
#5168 = SURFACE_STYLE_FILL_AREA(#5169);
#5169 = FILL_AREA_STYLE('',(#5170));
#5170 = FILL_AREA_STYLE_COLOUR('',#5171);
#5171 = COLOUR_RGB('',0.313304153717,0.484529207832,0.410020903123);
#5172 = MECHANICAL_DESIGN_GEOMETRIC_PRESENTATION_REPRESENTATION('',(
    #5173),#569);
#5173 = STYLED_ITEM('color',(#5174),#69);
#5174 = PRESENTATION_STYLE_ASSIGNMENT((#5175));
#5175 = SURFACE_STYLE_USAGE(.BOTH.,#5176);
#5176 = SURFACE_SIDE_STYLE('',(#5177));
#5177 = SURFACE_STYLE_FILL_AREA(#5178);
#5178 = FILL_AREA_STYLE('',(#5179));
#5179 = FILL_AREA_STYLE_COLOUR('',#5180);
#5180 = COLOUR_RGB('',0.627450987486,0.627450987486,0.627450987486);
#5181 = MECHANICAL_DESIGN_GEOMETRIC_PRESENTATION_REPRESENTATION('',(
    #5182,#5190,#5197,#5204,#5211,#5218,#5225,#5232,#5239,#5246,#5253,
    #5261,#5268,#5275,#5282,#5289,#5296,#5303,#5310,#5317,#5324,#5331,
    #5338,#5345,#5352,#5359,#5366,#5373),#4386);
#5182 = STYLED_ITEM('color',(#5183),#3534);
#5183 = PRESENTATION_STYLE_ASSIGNMENT((#5184));
#5184 = SURFACE_STYLE_USAGE(.BOTH.,#5185);
#5185 = SURFACE_SIDE_STYLE('',(#5186));
#5186 = SURFACE_STYLE_FILL_AREA(#5187);
#5187 = FILL_AREA_STYLE('',(#5188));
#5188 = FILL_AREA_STYLE_COLOUR('',#5189);
#5189 = COLOUR_RGB('',0.823999987314,0.819999987296,0.781000009244);
#5190 = STYLED_ITEM('color',(#5191),#3610);
#5191 = PRESENTATION_STYLE_ASSIGNMENT((#5192));
#5192 = SURFACE_STYLE_USAGE(.BOTH.,#5193);
#5193 = SURFACE_SIDE_STYLE('',(#5194));
#5194 = SURFACE_STYLE_FILL_AREA(#5195);
#5195 = FILL_AREA_STYLE('',(#5196));
#5196 = FILL_AREA_STYLE_COLOUR('',#5189);
#5197 = STYLED_ITEM('color',(#5198),#3641);
#5198 = PRESENTATION_STYLE_ASSIGNMENT((#5199));
#5199 = SURFACE_STYLE_USAGE(.BOTH.,#5200);
#5200 = SURFACE_SIDE_STYLE('',(#5201));
#5201 = SURFACE_STYLE_FILL_AREA(#5202);
#5202 = FILL_AREA_STYLE('',(#5203));
#5203 = FILL_AREA_STYLE_COLOUR('',#5189);
#5204 = STYLED_ITEM('color',(#5205),#3666);
#5205 = PRESENTATION_STYLE_ASSIGNMENT((#5206));
#5206 = SURFACE_STYLE_USAGE(.BOTH.,#5207);
#5207 = SURFACE_SIDE_STYLE('',(#5208));
#5208 = SURFACE_STYLE_FILL_AREA(#5209);
#5209 = FILL_AREA_STYLE('',(#5210));
#5210 = FILL_AREA_STYLE_COLOUR('',#5189);
#5211 = STYLED_ITEM('color',(#5212),#3691);
#5212 = PRESENTATION_STYLE_ASSIGNMENT((#5213));
#5213 = SURFACE_STYLE_USAGE(.BOTH.,#5214);
#5214 = SURFACE_SIDE_STYLE('',(#5215));
#5215 = SURFACE_STYLE_FILL_AREA(#5216);
#5216 = FILL_AREA_STYLE('',(#5217));
#5217 = FILL_AREA_STYLE_COLOUR('',#5189);
#5218 = STYLED_ITEM('color',(#5219),#3715);
#5219 = PRESENTATION_STYLE_ASSIGNMENT((#5220));
#5220 = SURFACE_STYLE_USAGE(.BOTH.,#5221);
#5221 = SURFACE_SIDE_STYLE('',(#5222));
#5222 = SURFACE_STYLE_FILL_AREA(#5223);
#5223 = FILL_AREA_STYLE('',(#5224));
#5224 = FILL_AREA_STYLE_COLOUR('',#5189);
#5225 = STYLED_ITEM('color',(#5226),#3739);
#5226 = PRESENTATION_STYLE_ASSIGNMENT((#5227));
#5227 = SURFACE_STYLE_USAGE(.BOTH.,#5228);
#5228 = SURFACE_SIDE_STYLE('',(#5229));
#5229 = SURFACE_STYLE_FILL_AREA(#5230);
#5230 = FILL_AREA_STYLE('',(#5231));
#5231 = FILL_AREA_STYLE_COLOUR('',#5189);
#5232 = STYLED_ITEM('color',(#5233),#3764);
#5233 = PRESENTATION_STYLE_ASSIGNMENT((#5234));
#5234 = SURFACE_STYLE_USAGE(.BOTH.,#5235);
#5235 = SURFACE_SIDE_STYLE('',(#5236));
#5236 = SURFACE_STYLE_FILL_AREA(#5237);
#5237 = FILL_AREA_STYLE('',(#5238));
#5238 = FILL_AREA_STYLE_COLOUR('',#5189);
#5239 = STYLED_ITEM('color',(#5240),#3789);
#5240 = PRESENTATION_STYLE_ASSIGNMENT((#5241));
#5241 = SURFACE_STYLE_USAGE(.BOTH.,#5242);
#5242 = SURFACE_SIDE_STYLE('',(#5243));
#5243 = SURFACE_STYLE_FILL_AREA(#5244);
#5244 = FILL_AREA_STYLE('',(#5245));
#5245 = FILL_AREA_STYLE_COLOUR('',#5189);
#5246 = STYLED_ITEM('color',(#5247),#3806);
#5247 = PRESENTATION_STYLE_ASSIGNMENT((#5248));
#5248 = SURFACE_STYLE_USAGE(.BOTH.,#5249);
#5249 = SURFACE_SIDE_STYLE('',(#5250));
#5250 = SURFACE_STYLE_FILL_AREA(#5251);
#5251 = FILL_AREA_STYLE('',(#5252));
#5252 = FILL_AREA_STYLE_COLOUR('',#5189);
#5253 = STYLED_ITEM('color',(#5254),#3892);
#5254 = PRESENTATION_STYLE_ASSIGNMENT((#5255));
#5255 = SURFACE_STYLE_USAGE(.BOTH.,#5256);
#5256 = SURFACE_SIDE_STYLE('',(#5257));
#5257 = SURFACE_STYLE_FILL_AREA(#5258);
#5258 = FILL_AREA_STYLE('',(#5259));
#5259 = FILL_AREA_STYLE_COLOUR('',#5260);
#5260 = COLOUR_RGB('',0.379000005575,0.270000008848,0.214999999939);
#5261 = STYLED_ITEM('color',(#5262),#3924);
#5262 = PRESENTATION_STYLE_ASSIGNMENT((#5263));
#5263 = SURFACE_STYLE_USAGE(.BOTH.,#5264);
#5264 = SURFACE_SIDE_STYLE('',(#5265));
#5265 = SURFACE_STYLE_FILL_AREA(#5266);
#5266 = FILL_AREA_STYLE('',(#5267));
#5267 = FILL_AREA_STYLE_COLOUR('',#5260);
#5268 = STYLED_ITEM('color',(#5269),#3948);
#5269 = PRESENTATION_STYLE_ASSIGNMENT((#5270));
#5270 = SURFACE_STYLE_USAGE(.BOTH.,#5271);
#5271 = SURFACE_SIDE_STYLE('',(#5272));
#5272 = SURFACE_STYLE_FILL_AREA(#5273);
#5273 = FILL_AREA_STYLE('',(#5274));
#5274 = FILL_AREA_STYLE_COLOUR('',#5260);
#5275 = STYLED_ITEM('color',(#5276),#3973);
#5276 = PRESENTATION_STYLE_ASSIGNMENT((#5277));
#5277 = SURFACE_STYLE_USAGE(.BOTH.,#5278);
#5278 = SURFACE_SIDE_STYLE('',(#5279));
#5279 = SURFACE_STYLE_FILL_AREA(#5280);
#5280 = FILL_AREA_STYLE('',(#5281));
#5281 = FILL_AREA_STYLE_COLOUR('',#5260);
#5282 = STYLED_ITEM('color',(#5283),#3997);
#5283 = PRESENTATION_STYLE_ASSIGNMENT((#5284));
#5284 = SURFACE_STYLE_USAGE(.BOTH.,#5285);
#5285 = SURFACE_SIDE_STYLE('',(#5286));
#5286 = SURFACE_STYLE_FILL_AREA(#5287);
#5287 = FILL_AREA_STYLE('',(#5288));
#5288 = FILL_AREA_STYLE_COLOUR('',#5260);
#5289 = STYLED_ITEM('color',(#5290),#4022);
#5290 = PRESENTATION_STYLE_ASSIGNMENT((#5291));
#5291 = SURFACE_STYLE_USAGE(.BOTH.,#5292);
#5292 = SURFACE_SIDE_STYLE('',(#5293));
#5293 = SURFACE_STYLE_FILL_AREA(#5294);
#5294 = FILL_AREA_STYLE('',(#5295));
#5295 = FILL_AREA_STYLE_COLOUR('',#5260);
#5296 = STYLED_ITEM('color',(#5297),#4046);
#5297 = PRESENTATION_STYLE_ASSIGNMENT((#5298));
#5298 = SURFACE_STYLE_USAGE(.BOTH.,#5299);
#5299 = SURFACE_SIDE_STYLE('',(#5300));
#5300 = SURFACE_STYLE_FILL_AREA(#5301);
#5301 = FILL_AREA_STYLE('',(#5302));
#5302 = FILL_AREA_STYLE_COLOUR('',#5260);
#5303 = STYLED_ITEM('color',(#5304),#4071);
#5304 = PRESENTATION_STYLE_ASSIGNMENT((#5305));
#5305 = SURFACE_STYLE_USAGE(.BOTH.,#5306);
#5306 = SURFACE_SIDE_STYLE('',(#5307));
#5307 = SURFACE_STYLE_FILL_AREA(#5308);
#5308 = FILL_AREA_STYLE('',(#5309));
#5309 = FILL_AREA_STYLE_COLOUR('',#5260);
#5310 = STYLED_ITEM('color',(#5311),#4088);
#5311 = PRESENTATION_STYLE_ASSIGNMENT((#5312));
#5312 = SURFACE_STYLE_USAGE(.BOTH.,#5313);
#5313 = SURFACE_SIDE_STYLE('',(#5314));
#5314 = SURFACE_STYLE_FILL_AREA(#5315);
#5315 = FILL_AREA_STYLE('',(#5316));
#5316 = FILL_AREA_STYLE_COLOUR('',#5189);
#5317 = STYLED_ITEM('color',(#5318),#4174);
#5318 = PRESENTATION_STYLE_ASSIGNMENT((#5319));
#5319 = SURFACE_STYLE_USAGE(.BOTH.,#5320);
#5320 = SURFACE_SIDE_STYLE('',(#5321));
#5321 = SURFACE_STYLE_FILL_AREA(#5322);
#5322 = FILL_AREA_STYLE('',(#5323));
#5323 = FILL_AREA_STYLE_COLOUR('',#5189);
#5324 = STYLED_ITEM('color',(#5325),#4205);
#5325 = PRESENTATION_STYLE_ASSIGNMENT((#5326));
#5326 = SURFACE_STYLE_USAGE(.BOTH.,#5327);
#5327 = SURFACE_SIDE_STYLE('',(#5328));
#5328 = SURFACE_STYLE_FILL_AREA(#5329);
#5329 = FILL_AREA_STYLE('',(#5330));
#5330 = FILL_AREA_STYLE_COLOUR('',#5189);
#5331 = STYLED_ITEM('color',(#5332),#4230);
#5332 = PRESENTATION_STYLE_ASSIGNMENT((#5333));
#5333 = SURFACE_STYLE_USAGE(.BOTH.,#5334);
#5334 = SURFACE_SIDE_STYLE('',(#5335));
#5335 = SURFACE_STYLE_FILL_AREA(#5336);
#5336 = FILL_AREA_STYLE('',(#5337));
#5337 = FILL_AREA_STYLE_COLOUR('',#5189);
#5338 = STYLED_ITEM('color',(#5339),#4255);
#5339 = PRESENTATION_STYLE_ASSIGNMENT((#5340));
#5340 = SURFACE_STYLE_USAGE(.BOTH.,#5341);
#5341 = SURFACE_SIDE_STYLE('',(#5342));
#5342 = SURFACE_STYLE_FILL_AREA(#5343);
#5343 = FILL_AREA_STYLE('',(#5344));
#5344 = FILL_AREA_STYLE_COLOUR('',#5189);
#5345 = STYLED_ITEM('color',(#5346),#4279);
#5346 = PRESENTATION_STYLE_ASSIGNMENT((#5347));
#5347 = SURFACE_STYLE_USAGE(.BOTH.,#5348);
#5348 = SURFACE_SIDE_STYLE('',(#5349));
#5349 = SURFACE_STYLE_FILL_AREA(#5350);
#5350 = FILL_AREA_STYLE('',(#5351));
#5351 = FILL_AREA_STYLE_COLOUR('',#5189);
#5352 = STYLED_ITEM('color',(#5353),#4303);
#5353 = PRESENTATION_STYLE_ASSIGNMENT((#5354));
#5354 = SURFACE_STYLE_USAGE(.BOTH.,#5355);
#5355 = SURFACE_SIDE_STYLE('',(#5356));
#5356 = SURFACE_STYLE_FILL_AREA(#5357);
#5357 = FILL_AREA_STYLE('',(#5358));
#5358 = FILL_AREA_STYLE_COLOUR('',#5189);
#5359 = STYLED_ITEM('color',(#5360),#4328);
#5360 = PRESENTATION_STYLE_ASSIGNMENT((#5361));
#5361 = SURFACE_STYLE_USAGE(.BOTH.,#5362);
#5362 = SURFACE_SIDE_STYLE('',(#5363));
#5363 = SURFACE_STYLE_FILL_AREA(#5364);
#5364 = FILL_AREA_STYLE('',(#5365));
#5365 = FILL_AREA_STYLE_COLOUR('',#5189);
#5366 = STYLED_ITEM('color',(#5367),#4353);
#5367 = PRESENTATION_STYLE_ASSIGNMENT((#5368));
#5368 = SURFACE_STYLE_USAGE(.BOTH.,#5369);
#5369 = SURFACE_SIDE_STYLE('',(#5370));
#5370 = SURFACE_STYLE_FILL_AREA(#5371);
#5371 = FILL_AREA_STYLE('',(#5372));
#5372 = FILL_AREA_STYLE_COLOUR('',#5189);
#5373 = STYLED_ITEM('color',(#5374),#4370);
#5374 = PRESENTATION_STYLE_ASSIGNMENT((#5375));
#5375 = SURFACE_STYLE_USAGE(.BOTH.,#5376);
#5376 = SURFACE_SIDE_STYLE('',(#5377));
#5377 = SURFACE_STYLE_FILL_AREA(#5378);
#5378 = FILL_AREA_STYLE('',(#5379));
#5379 = FILL_AREA_STYLE_COLOUR('',#5189);
#5380 = MECHANICAL_DESIGN_GEOMETRIC_PRESENTATION_REPRESENTATION('',(
    #5381,#5388,#5395,#5402,#5409,#5416,#5423,#5430,#5438,#5445,#5452,
    #5459,#5466,#5473,#5481,#5488,#5495,#5502,#5509,#5516,#5523,#5530,
    #5537,#5544,#5551,#5558),#1378);
#5381 = STYLED_ITEM('color',(#5382),#590);
#5382 = PRESENTATION_STYLE_ASSIGNMENT((#5383));
#5383 = SURFACE_STYLE_USAGE(.BOTH.,#5384);
#5384 = SURFACE_SIDE_STYLE('',(#5385));
#5385 = SURFACE_STYLE_FILL_AREA(#5386);
#5386 = FILL_AREA_STYLE('',(#5387));
#5387 = FILL_AREA_STYLE_COLOUR('',#5189);
#5388 = STYLED_ITEM('color',(#5389),#630);
#5389 = PRESENTATION_STYLE_ASSIGNMENT((#5390));
#5390 = SURFACE_STYLE_USAGE(.BOTH.,#5391);
#5391 = SURFACE_SIDE_STYLE('',(#5392));
#5392 = SURFACE_STYLE_FILL_AREA(#5393);
#5393 = FILL_AREA_STYLE('',(#5394));
#5394 = FILL_AREA_STYLE_COLOUR('',#5189);
#5395 = STYLED_ITEM('color',(#5396),#713);
#5396 = PRESENTATION_STYLE_ASSIGNMENT((#5397));
#5397 = SURFACE_STYLE_USAGE(.BOTH.,#5398);
#5398 = SURFACE_SIDE_STYLE('',(#5399));
#5399 = SURFACE_STYLE_FILL_AREA(#5400);
#5400 = FILL_AREA_STYLE('',(#5401));
#5401 = FILL_AREA_STYLE_COLOUR('',#5189);
#5402 = STYLED_ITEM('color',(#5403),#738);
#5403 = PRESENTATION_STYLE_ASSIGNMENT((#5404));
#5404 = SURFACE_STYLE_USAGE(.BOTH.,#5405);
#5405 = SURFACE_SIDE_STYLE('',(#5406));
#5406 = SURFACE_STYLE_FILL_AREA(#5407);
#5407 = FILL_AREA_STYLE('',(#5408));
#5408 = FILL_AREA_STYLE_COLOUR('',#5189);
#5409 = STYLED_ITEM('color',(#5410),#763);
#5410 = PRESENTATION_STYLE_ASSIGNMENT((#5411));
#5411 = SURFACE_STYLE_USAGE(.BOTH.,#5412);
#5412 = SURFACE_SIDE_STYLE('',(#5413));
#5413 = SURFACE_STYLE_FILL_AREA(#5414);
#5414 = FILL_AREA_STYLE('',(#5415));
#5415 = FILL_AREA_STYLE_COLOUR('',#5189);
#5416 = STYLED_ITEM('color',(#5417),#830);
#5417 = PRESENTATION_STYLE_ASSIGNMENT((#5418));
#5418 = SURFACE_STYLE_USAGE(.BOTH.,#5419);
#5419 = SURFACE_SIDE_STYLE('',(#5420));
#5420 = SURFACE_STYLE_FILL_AREA(#5421);
#5421 = FILL_AREA_STYLE('',(#5422));
#5422 = FILL_AREA_STYLE_COLOUR('',#5189);
#5423 = STYLED_ITEM('color',(#5424),#847);
#5424 = PRESENTATION_STYLE_ASSIGNMENT((#5425));
#5425 = SURFACE_STYLE_USAGE(.BOTH.,#5426);
#5426 = SURFACE_SIDE_STYLE('',(#5427));
#5427 = SURFACE_STYLE_FILL_AREA(#5428);
#5428 = FILL_AREA_STYLE('',(#5429));
#5429 = FILL_AREA_STYLE_COLOUR('',#5189);
#5430 = STYLED_ITEM('color',(#5431),#864);
#5431 = PRESENTATION_STYLE_ASSIGNMENT((#5432));
#5432 = SURFACE_STYLE_USAGE(.BOTH.,#5433);
#5433 = SURFACE_SIDE_STYLE('',(#5434));
#5434 = SURFACE_STYLE_FILL_AREA(#5435);
#5435 = FILL_AREA_STYLE('',(#5436));
#5436 = FILL_AREA_STYLE_COLOUR('',#5437);
#5437 = COLOUR_RGB('',0.894999966383,0.890999961016,0.813000030345);
#5438 = STYLED_ITEM('color',(#5439),#913);
#5439 = PRESENTATION_STYLE_ASSIGNMENT((#5440));
#5440 = SURFACE_STYLE_USAGE(.BOTH.,#5441);
#5441 = SURFACE_SIDE_STYLE('',(#5442));
#5442 = SURFACE_STYLE_FILL_AREA(#5443);
#5443 = FILL_AREA_STYLE('',(#5444));
#5444 = FILL_AREA_STYLE_COLOUR('',#5189);
#5445 = STYLED_ITEM('color',(#5446),#930);
#5446 = PRESENTATION_STYLE_ASSIGNMENT((#5447));
#5447 = SURFACE_STYLE_USAGE(.BOTH.,#5448);
#5448 = SURFACE_SIDE_STYLE('',(#5449));
#5449 = SURFACE_STYLE_FILL_AREA(#5450);
#5450 = FILL_AREA_STYLE('',(#5451));
#5451 = FILL_AREA_STYLE_COLOUR('',#5189);
#5452 = STYLED_ITEM('color',(#5453),#947);
#5453 = PRESENTATION_STYLE_ASSIGNMENT((#5454));
#5454 = SURFACE_STYLE_USAGE(.BOTH.,#5455);
#5455 = SURFACE_SIDE_STYLE('',(#5456));
#5456 = SURFACE_STYLE_FILL_AREA(#5457);
#5457 = FILL_AREA_STYLE('',(#5458));
#5458 = FILL_AREA_STYLE_COLOUR('',#5437);
#5459 = STYLED_ITEM('color',(#5460),#996);
#5460 = PRESENTATION_STYLE_ASSIGNMENT((#5461));
#5461 = SURFACE_STYLE_USAGE(.BOTH.,#5462);
#5462 = SURFACE_SIDE_STYLE('',(#5463));
#5463 = SURFACE_STYLE_FILL_AREA(#5464);
#5464 = FILL_AREA_STYLE('',(#5465));
#5465 = FILL_AREA_STYLE_COLOUR('',#5437);
#5466 = STYLED_ITEM('color',(#5467),#1013);
#5467 = PRESENTATION_STYLE_ASSIGNMENT((#5468));
#5468 = SURFACE_STYLE_USAGE(.BOTH.,#5469);
#5469 = SURFACE_SIDE_STYLE('',(#5470));
#5470 = SURFACE_STYLE_FILL_AREA(#5471);
#5471 = FILL_AREA_STYLE('',(#5472));
#5472 = FILL_AREA_STYLE_COLOUR('',#5189);
#5473 = STYLED_ITEM('color',(#5474),#1082);
#5474 = PRESENTATION_STYLE_ASSIGNMENT((#5475));
#5475 = SURFACE_STYLE_USAGE(.BOTH.,#5476);
#5476 = SURFACE_SIDE_STYLE('',(#5477));
#5477 = SURFACE_STYLE_FILL_AREA(#5478);
#5478 = FILL_AREA_STYLE('',(#5479));
#5479 = FILL_AREA_STYLE_COLOUR('',#5480);
#5480 = COLOUR_RGB('',8.200000279077E-02,8.600000121357E-02,
  9.399999706163E-02);
#5481 = STYLED_ITEM('color',(#5482),#1113);
#5482 = PRESENTATION_STYLE_ASSIGNMENT((#5483));
#5483 = SURFACE_STYLE_USAGE(.BOTH.,#5484);
#5484 = SURFACE_SIDE_STYLE('',(#5485));
#5485 = SURFACE_STYLE_FILL_AREA(#5486);
#5486 = FILL_AREA_STYLE('',(#5487));
#5487 = FILL_AREA_STYLE_COLOUR('',#5480);
#5488 = STYLED_ITEM('color',(#5489),#1137);
#5489 = PRESENTATION_STYLE_ASSIGNMENT((#5490));
#5490 = SURFACE_STYLE_USAGE(.BOTH.,#5491);
#5491 = SURFACE_SIDE_STYLE('',(#5492));
#5492 = SURFACE_STYLE_FILL_AREA(#5493);
#5493 = FILL_AREA_STYLE('',(#5494));
#5494 = FILL_AREA_STYLE_COLOUR('',#5189);
#5495 = STYLED_ITEM('color',(#5496),#1206);
#5496 = PRESENTATION_STYLE_ASSIGNMENT((#5497));
#5497 = SURFACE_STYLE_USAGE(.BOTH.,#5498);
#5498 = SURFACE_SIDE_STYLE('',(#5499));
#5499 = SURFACE_STYLE_FILL_AREA(#5500);
#5500 = FILL_AREA_STYLE('',(#5501));
#5501 = FILL_AREA_STYLE_COLOUR('',#5480);
#5502 = STYLED_ITEM('color',(#5503),#1230);
#5503 = PRESENTATION_STYLE_ASSIGNMENT((#5504));
#5504 = SURFACE_STYLE_USAGE(.BOTH.,#5505);
#5505 = SURFACE_SIDE_STYLE('',(#5506));
#5506 = SURFACE_STYLE_FILL_AREA(#5507);
#5507 = FILL_AREA_STYLE('',(#5508));
#5508 = FILL_AREA_STYLE_COLOUR('',#5189);
#5509 = STYLED_ITEM('color',(#5510),#1247);
#5510 = PRESENTATION_STYLE_ASSIGNMENT((#5511));
#5511 = SURFACE_STYLE_USAGE(.BOTH.,#5512);
#5512 = SURFACE_SIDE_STYLE('',(#5513));
#5513 = SURFACE_STYLE_FILL_AREA(#5514);
#5514 = FILL_AREA_STYLE('',(#5515));
#5515 = FILL_AREA_STYLE_COLOUR('',#5189);
#5516 = STYLED_ITEM('color',(#5517),#1264);
#5517 = PRESENTATION_STYLE_ASSIGNMENT((#5518));
#5518 = SURFACE_STYLE_USAGE(.BOTH.,#5519);
#5519 = SURFACE_SIDE_STYLE('',(#5520));
#5520 = SURFACE_STYLE_FILL_AREA(#5521);
#5521 = FILL_AREA_STYLE('',(#5522));
#5522 = FILL_AREA_STYLE_COLOUR('',#5189);
#5523 = STYLED_ITEM('color',(#5524),#1281);
#5524 = PRESENTATION_STYLE_ASSIGNMENT((#5525));
#5525 = SURFACE_STYLE_USAGE(.BOTH.,#5526);
#5526 = SURFACE_SIDE_STYLE('',(#5527));
#5527 = SURFACE_STYLE_FILL_AREA(#5528);
#5528 = FILL_AREA_STYLE('',(#5529));
#5529 = FILL_AREA_STYLE_COLOUR('',#5189);
#5530 = STYLED_ITEM('color',(#5531),#1298);
#5531 = PRESENTATION_STYLE_ASSIGNMENT((#5532));
#5532 = SURFACE_STYLE_USAGE(.BOTH.,#5533);
#5533 = SURFACE_SIDE_STYLE('',(#5534));
#5534 = SURFACE_STYLE_FILL_AREA(#5535);
#5535 = FILL_AREA_STYLE('',(#5536));
#5536 = FILL_AREA_STYLE_COLOUR('',#5189);
#5537 = STYLED_ITEM('color',(#5538),#1315);
#5538 = PRESENTATION_STYLE_ASSIGNMENT((#5539));
#5539 = SURFACE_STYLE_USAGE(.BOTH.,#5540);
#5540 = SURFACE_SIDE_STYLE('',(#5541));
#5541 = SURFACE_STYLE_FILL_AREA(#5542);
#5542 = FILL_AREA_STYLE('',(#5543));
#5543 = FILL_AREA_STYLE_COLOUR('',#5189);
#5544 = STYLED_ITEM('color',(#5545),#1332);
#5545 = PRESENTATION_STYLE_ASSIGNMENT((#5546));
#5546 = SURFACE_STYLE_USAGE(.BOTH.,#5547);
#5547 = SURFACE_SIDE_STYLE('',(#5548));
#5548 = SURFACE_STYLE_FILL_AREA(#5549);
#5549 = FILL_AREA_STYLE('',(#5550));
#5550 = FILL_AREA_STYLE_COLOUR('',#5189);
#5551 = STYLED_ITEM('color',(#5552),#1349);
#5552 = PRESENTATION_STYLE_ASSIGNMENT((#5553));
#5553 = SURFACE_STYLE_USAGE(.BOTH.,#5554);
#5554 = SURFACE_SIDE_STYLE('',(#5555));
#5555 = SURFACE_STYLE_FILL_AREA(#5556);
#5556 = FILL_AREA_STYLE('',(#5557));
#5557 = FILL_AREA_STYLE_COLOUR('',#5480);
#5558 = STYLED_ITEM('color',(#5559),#1366);
#5559 = PRESENTATION_STYLE_ASSIGNMENT((#5560));
#5560 = SURFACE_STYLE_USAGE(.BOTH.,#5561);
#5561 = SURFACE_SIDE_STYLE('',(#5562));
#5562 = SURFACE_STYLE_FILL_AREA(#5563);
#5563 = FILL_AREA_STYLE('',(#5564));
#5564 = FILL_AREA_STYLE_COLOUR('',#5480);
#5565 = MECHANICAL_DESIGN_GEOMETRIC_PRESENTATION_REPRESENTATION('',(
    #5566,#5574,#5581,#5588,#5595,#5602,#5609,#5616,#5623,#5630,#5637,
    #5644,#5651,#5658,#5665,#5672,#5679,#5686,#5693,#5700,#5707,#5714,
    #5721,#5729,#5736,#5743,#5750,#5757,#5764,#5771,#5778,#5785,#5792,
    #5799,#5806,#5813,#5820,#5827,#5834,#5841,#5848,#5855,#5862,#5869,
    #5876,#5883,#5890,#5897,#5904,#5911,#5918,#5925,#5932,#5939,#5946,
    #5953,#5960,#5967,#5974,#5981,#5988,#5995,#6002,#6009,#6016,#6023,
    #6030,#6037,#6044,#6051,#6058,#6065,#6072,#6079,#6086,#6093),#3508);
#5566 = STYLED_ITEM('color',(#5567),#1404);
#5567 = PRESENTATION_STYLE_ASSIGNMENT((#5568));
#5568 = SURFACE_STYLE_USAGE(.BOTH.,#5569);
#5569 = SURFACE_SIDE_STYLE('',(#5570));
#5570 = SURFACE_STYLE_FILL_AREA(#5571);
#5571 = FILL_AREA_STYLE('',(#5572));
#5572 = FILL_AREA_STYLE_COLOUR('',#5573);
#5573 = COLOUR_RGB('',0.147999998088,0.144999993226,0.144999993226);
#5574 = STYLED_ITEM('color',(#5575),#1444);
#5575 = PRESENTATION_STYLE_ASSIGNMENT((#5576));
#5576 = SURFACE_STYLE_USAGE(.BOTH.,#5577);
#5577 = SURFACE_SIDE_STYLE('',(#5578));
#5578 = SURFACE_STYLE_FILL_AREA(#5579);
#5579 = FILL_AREA_STYLE('',(#5580));
#5580 = FILL_AREA_STYLE_COLOUR('',#5573);
#5581 = STYLED_ITEM('color',(#5582),#1475);
#5582 = PRESENTATION_STYLE_ASSIGNMENT((#5583));
#5583 = SURFACE_STYLE_USAGE(.BOTH.,#5584);
#5584 = SURFACE_SIDE_STYLE('',(#5585));
#5585 = SURFACE_STYLE_FILL_AREA(#5586);
#5586 = FILL_AREA_STYLE('',(#5587));
#5587 = FILL_AREA_STYLE_COLOUR('',#5573);
#5588 = STYLED_ITEM('color',(#5589),#1506);
#5589 = PRESENTATION_STYLE_ASSIGNMENT((#5590));
#5590 = SURFACE_STYLE_USAGE(.BOTH.,#5591);
#5591 = SURFACE_SIDE_STYLE('',(#5592));
#5592 = SURFACE_STYLE_FILL_AREA(#5593);
#5593 = FILL_AREA_STYLE('',(#5594));
#5594 = FILL_AREA_STYLE_COLOUR('',#5573);
#5595 = STYLED_ITEM('color',(#5596),#1753);
#5596 = PRESENTATION_STYLE_ASSIGNMENT((#5597));
#5597 = SURFACE_STYLE_USAGE(.BOTH.,#5598);
#5598 = SURFACE_SIDE_STYLE('',(#5599));
#5599 = SURFACE_STYLE_FILL_AREA(#5600);
#5600 = FILL_AREA_STYLE('',(#5601));
#5601 = FILL_AREA_STYLE_COLOUR('',#5573);
#5602 = STYLED_ITEM('color',(#5603),#2000);
#5603 = PRESENTATION_STYLE_ASSIGNMENT((#5604));
#5604 = SURFACE_STYLE_USAGE(.BOTH.,#5605);
#5605 = SURFACE_SIDE_STYLE('',(#5606));
#5606 = SURFACE_STYLE_FILL_AREA(#5607);
#5607 = FILL_AREA_STYLE('',(#5608));
#5608 = FILL_AREA_STYLE_COLOUR('',#5573);
#5609 = STYLED_ITEM('color',(#5610),#2017);
#5610 = PRESENTATION_STYLE_ASSIGNMENT((#5611));
#5611 = SURFACE_STYLE_USAGE(.BOTH.,#5612);
#5612 = SURFACE_SIDE_STYLE('',(#5613));
#5613 = SURFACE_STYLE_FILL_AREA(#5614);
#5614 = FILL_AREA_STYLE('',(#5615));
#5615 = FILL_AREA_STYLE_COLOUR('',#5573);
#5616 = STYLED_ITEM('color',(#5617),#2034);
#5617 = PRESENTATION_STYLE_ASSIGNMENT((#5618));
#5618 = SURFACE_STYLE_USAGE(.BOTH.,#5619);
#5619 = SURFACE_SIDE_STYLE('',(#5620));
#5620 = SURFACE_STYLE_FILL_AREA(#5621);
#5621 = FILL_AREA_STYLE('',(#5622));
#5622 = FILL_AREA_STYLE_COLOUR('',#5573);
#5623 = STYLED_ITEM('color',(#5624),#2051);
#5624 = PRESENTATION_STYLE_ASSIGNMENT((#5625));
#5625 = SURFACE_STYLE_USAGE(.BOTH.,#5626);
#5626 = SURFACE_SIDE_STYLE('',(#5627));
#5627 = SURFACE_STYLE_FILL_AREA(#5628);
#5628 = FILL_AREA_STYLE('',(#5629));
#5629 = FILL_AREA_STYLE_COLOUR('',#5573);
#5630 = STYLED_ITEM('color',(#5631),#2068);
#5631 = PRESENTATION_STYLE_ASSIGNMENT((#5632));
#5632 = SURFACE_STYLE_USAGE(.BOTH.,#5633);
#5633 = SURFACE_SIDE_STYLE('',(#5634));
#5634 = SURFACE_STYLE_FILL_AREA(#5635);
#5635 = FILL_AREA_STYLE('',(#5636));
#5636 = FILL_AREA_STYLE_COLOUR('',#5573);
#5637 = STYLED_ITEM('color',(#5638),#2085);
#5638 = PRESENTATION_STYLE_ASSIGNMENT((#5639));
#5639 = SURFACE_STYLE_USAGE(.BOTH.,#5640);
#5640 = SURFACE_SIDE_STYLE('',(#5641));
#5641 = SURFACE_STYLE_FILL_AREA(#5642);
#5642 = FILL_AREA_STYLE('',(#5643));
#5643 = FILL_AREA_STYLE_COLOUR('',#5573);
#5644 = STYLED_ITEM('color',(#5645),#2102);
#5645 = PRESENTATION_STYLE_ASSIGNMENT((#5646));
#5646 = SURFACE_STYLE_USAGE(.BOTH.,#5647);
#5647 = SURFACE_SIDE_STYLE('',(#5648));
#5648 = SURFACE_STYLE_FILL_AREA(#5649);
#5649 = FILL_AREA_STYLE('',(#5650));
#5650 = FILL_AREA_STYLE_COLOUR('',#5573);
#5651 = STYLED_ITEM('color',(#5652),#2119);
#5652 = PRESENTATION_STYLE_ASSIGNMENT((#5653));
#5653 = SURFACE_STYLE_USAGE(.BOTH.,#5654);
#5654 = SURFACE_SIDE_STYLE('',(#5655));
#5655 = SURFACE_STYLE_FILL_AREA(#5656);
#5656 = FILL_AREA_STYLE('',(#5657));
#5657 = FILL_AREA_STYLE_COLOUR('',#5573);
#5658 = STYLED_ITEM('color',(#5659),#2136);
#5659 = PRESENTATION_STYLE_ASSIGNMENT((#5660));
#5660 = SURFACE_STYLE_USAGE(.BOTH.,#5661);
#5661 = SURFACE_SIDE_STYLE('',(#5662));
#5662 = SURFACE_STYLE_FILL_AREA(#5663);
#5663 = FILL_AREA_STYLE('',(#5664));
#5664 = FILL_AREA_STYLE_COLOUR('',#5573);
#5665 = STYLED_ITEM('color',(#5666),#2153);
#5666 = PRESENTATION_STYLE_ASSIGNMENT((#5667));
#5667 = SURFACE_STYLE_USAGE(.BOTH.,#5668);
#5668 = SURFACE_SIDE_STYLE('',(#5669));
#5669 = SURFACE_STYLE_FILL_AREA(#5670);
#5670 = FILL_AREA_STYLE('',(#5671));
#5671 = FILL_AREA_STYLE_COLOUR('',#5573);
#5672 = STYLED_ITEM('color',(#5673),#2170);
#5673 = PRESENTATION_STYLE_ASSIGNMENT((#5674));
#5674 = SURFACE_STYLE_USAGE(.BOTH.,#5675);
#5675 = SURFACE_SIDE_STYLE('',(#5676));
#5676 = SURFACE_STYLE_FILL_AREA(#5677);
#5677 = FILL_AREA_STYLE('',(#5678));
#5678 = FILL_AREA_STYLE_COLOUR('',#5573);
#5679 = STYLED_ITEM('color',(#5680),#2187);
#5680 = PRESENTATION_STYLE_ASSIGNMENT((#5681));
#5681 = SURFACE_STYLE_USAGE(.BOTH.,#5682);
#5682 = SURFACE_SIDE_STYLE('',(#5683));
#5683 = SURFACE_STYLE_FILL_AREA(#5684);
#5684 = FILL_AREA_STYLE('',(#5685));
#5685 = FILL_AREA_STYLE_COLOUR('',#5573);
#5686 = STYLED_ITEM('color',(#5687),#2204);
#5687 = PRESENTATION_STYLE_ASSIGNMENT((#5688));
#5688 = SURFACE_STYLE_USAGE(.BOTH.,#5689);
#5689 = SURFACE_SIDE_STYLE('',(#5690));
#5690 = SURFACE_STYLE_FILL_AREA(#5691);
#5691 = FILL_AREA_STYLE('',(#5692));
#5692 = FILL_AREA_STYLE_COLOUR('',#5573);
#5693 = STYLED_ITEM('color',(#5694),#2221);
#5694 = PRESENTATION_STYLE_ASSIGNMENT((#5695));
#5695 = SURFACE_STYLE_USAGE(.BOTH.,#5696);
#5696 = SURFACE_SIDE_STYLE('',(#5697));
#5697 = SURFACE_STYLE_FILL_AREA(#5698);
#5698 = FILL_AREA_STYLE('',(#5699));
#5699 = FILL_AREA_STYLE_COLOUR('',#5573);
#5700 = STYLED_ITEM('color',(#5701),#2238);
#5701 = PRESENTATION_STYLE_ASSIGNMENT((#5702));
#5702 = SURFACE_STYLE_USAGE(.BOTH.,#5703);
#5703 = SURFACE_SIDE_STYLE('',(#5704));
#5704 = SURFACE_STYLE_FILL_AREA(#5705);
#5705 = FILL_AREA_STYLE('',(#5706));
#5706 = FILL_AREA_STYLE_COLOUR('',#5573);
#5707 = STYLED_ITEM('color',(#5708),#2255);
#5708 = PRESENTATION_STYLE_ASSIGNMENT((#5709));
#5709 = SURFACE_STYLE_USAGE(.BOTH.,#5710);
#5710 = SURFACE_SIDE_STYLE('',(#5711));
#5711 = SURFACE_STYLE_FILL_AREA(#5712);
#5712 = FILL_AREA_STYLE('',(#5713));
#5713 = FILL_AREA_STYLE_COLOUR('',#5573);
#5714 = STYLED_ITEM('color',(#5715),#2272);
#5715 = PRESENTATION_STYLE_ASSIGNMENT((#5716));
#5716 = SURFACE_STYLE_USAGE(.BOTH.,#5717);
#5717 = SURFACE_SIDE_STYLE('',(#5718));
#5718 = SURFACE_STYLE_FILL_AREA(#5719);
#5719 = FILL_AREA_STYLE('',(#5720));
#5720 = FILL_AREA_STYLE_COLOUR('',#5573);
#5721 = STYLED_ITEM('color',(#5722),#2284);
#5722 = PRESENTATION_STYLE_ASSIGNMENT((#5723));
#5723 = SURFACE_STYLE_USAGE(.BOTH.,#5724);
#5724 = SURFACE_SIDE_STYLE('',(#5725));
#5725 = SURFACE_STYLE_FILL_AREA(#5726);
#5726 = FILL_AREA_STYLE('',(#5727));
#5727 = FILL_AREA_STYLE_COLOUR('',#5728);
#5728 = COLOUR_RGB('',0.859000020776,0.737999965183,0.495999988746);
#5729 = STYLED_ITEM('color',(#5730),#2315);
#5730 = PRESENTATION_STYLE_ASSIGNMENT((#5731));
#5731 = SURFACE_STYLE_USAGE(.BOTH.,#5732);
#5732 = SURFACE_SIDE_STYLE('',(#5733));
#5733 = SURFACE_STYLE_FILL_AREA(#5734);
#5734 = FILL_AREA_STYLE('',(#5735));
#5735 = FILL_AREA_STYLE_COLOUR('',#5728);
#5736 = STYLED_ITEM('color',(#5737),#2339);
#5737 = PRESENTATION_STYLE_ASSIGNMENT((#5738));
#5738 = SURFACE_STYLE_USAGE(.BOTH.,#5739);
#5739 = SURFACE_SIDE_STYLE('',(#5740));
#5740 = SURFACE_STYLE_FILL_AREA(#5741);
#5741 = FILL_AREA_STYLE('',(#5742));
#5742 = FILL_AREA_STYLE_COLOUR('',#5728);
#5743 = STYLED_ITEM('color',(#5744),#2363);
#5744 = PRESENTATION_STYLE_ASSIGNMENT((#5745));
#5745 = SURFACE_STYLE_USAGE(.BOTH.,#5746);
#5746 = SURFACE_SIDE_STYLE('',(#5747));
#5747 = SURFACE_STYLE_FILL_AREA(#5748);
#5748 = FILL_AREA_STYLE('',(#5749));
#5749 = FILL_AREA_STYLE_COLOUR('',#5728);
#5750 = STYLED_ITEM('color',(#5751),#2380);
#5751 = PRESENTATION_STYLE_ASSIGNMENT((#5752));
#5752 = SURFACE_STYLE_USAGE(.BOTH.,#5753);
#5753 = SURFACE_SIDE_STYLE('',(#5754));
#5754 = SURFACE_STYLE_FILL_AREA(#5755);
#5755 = FILL_AREA_STYLE('',(#5756));
#5756 = FILL_AREA_STYLE_COLOUR('',#5728);
#5757 = STYLED_ITEM('color',(#5758),#2411);
#5758 = PRESENTATION_STYLE_ASSIGNMENT((#5759));
#5759 = SURFACE_STYLE_USAGE(.BOTH.,#5760);
#5760 = SURFACE_SIDE_STYLE('',(#5761));
#5761 = SURFACE_STYLE_FILL_AREA(#5762);
#5762 = FILL_AREA_STYLE('',(#5763));
#5763 = FILL_AREA_STYLE_COLOUR('',#5728);
#5764 = STYLED_ITEM('color',(#5765),#2435);
#5765 = PRESENTATION_STYLE_ASSIGNMENT((#5766));
#5766 = SURFACE_STYLE_USAGE(.BOTH.,#5767);
#5767 = SURFACE_SIDE_STYLE('',(#5768));
#5768 = SURFACE_STYLE_FILL_AREA(#5769);
#5769 = FILL_AREA_STYLE('',(#5770));
#5770 = FILL_AREA_STYLE_COLOUR('',#5728);
#5771 = STYLED_ITEM('color',(#5772),#2459);
#5772 = PRESENTATION_STYLE_ASSIGNMENT((#5773));
#5773 = SURFACE_STYLE_USAGE(.BOTH.,#5774);
#5774 = SURFACE_SIDE_STYLE('',(#5775));
#5775 = SURFACE_STYLE_FILL_AREA(#5776);
#5776 = FILL_AREA_STYLE('',(#5777));
#5777 = FILL_AREA_STYLE_COLOUR('',#5728);
#5778 = STYLED_ITEM('color',(#5779),#2476);
#5779 = PRESENTATION_STYLE_ASSIGNMENT((#5780));
#5780 = SURFACE_STYLE_USAGE(.BOTH.,#5781);
#5781 = SURFACE_SIDE_STYLE('',(#5782));
#5782 = SURFACE_STYLE_FILL_AREA(#5783);
#5783 = FILL_AREA_STYLE('',(#5784));
#5784 = FILL_AREA_STYLE_COLOUR('',#5728);
#5785 = STYLED_ITEM('color',(#5786),#2507);
#5786 = PRESENTATION_STYLE_ASSIGNMENT((#5787));
#5787 = SURFACE_STYLE_USAGE(.BOTH.,#5788);
#5788 = SURFACE_SIDE_STYLE('',(#5789));
#5789 = SURFACE_STYLE_FILL_AREA(#5790);
#5790 = FILL_AREA_STYLE('',(#5791));
#5791 = FILL_AREA_STYLE_COLOUR('',#5728);
#5792 = STYLED_ITEM('color',(#5793),#2531);
#5793 = PRESENTATION_STYLE_ASSIGNMENT((#5794));
#5794 = SURFACE_STYLE_USAGE(.BOTH.,#5795);
#5795 = SURFACE_SIDE_STYLE('',(#5796));
#5796 = SURFACE_STYLE_FILL_AREA(#5797);
#5797 = FILL_AREA_STYLE('',(#5798));
#5798 = FILL_AREA_STYLE_COLOUR('',#5728);
#5799 = STYLED_ITEM('color',(#5800),#2555);
#5800 = PRESENTATION_STYLE_ASSIGNMENT((#5801));
#5801 = SURFACE_STYLE_USAGE(.BOTH.,#5802);
#5802 = SURFACE_SIDE_STYLE('',(#5803));
#5803 = SURFACE_STYLE_FILL_AREA(#5804);
#5804 = FILL_AREA_STYLE('',(#5805));
#5805 = FILL_AREA_STYLE_COLOUR('',#5728);
#5806 = STYLED_ITEM('color',(#5807),#2572);
#5807 = PRESENTATION_STYLE_ASSIGNMENT((#5808));
#5808 = SURFACE_STYLE_USAGE(.BOTH.,#5809);
#5809 = SURFACE_SIDE_STYLE('',(#5810));
#5810 = SURFACE_STYLE_FILL_AREA(#5811);
#5811 = FILL_AREA_STYLE('',(#5812));
#5812 = FILL_AREA_STYLE_COLOUR('',#5728);
#5813 = STYLED_ITEM('color',(#5814),#2603);
#5814 = PRESENTATION_STYLE_ASSIGNMENT((#5815));
#5815 = SURFACE_STYLE_USAGE(.BOTH.,#5816);
#5816 = SURFACE_SIDE_STYLE('',(#5817));
#5817 = SURFACE_STYLE_FILL_AREA(#5818);
#5818 = FILL_AREA_STYLE('',(#5819));
#5819 = FILL_AREA_STYLE_COLOUR('',#5728);
#5820 = STYLED_ITEM('color',(#5821),#2627);
#5821 = PRESENTATION_STYLE_ASSIGNMENT((#5822));
#5822 = SURFACE_STYLE_USAGE(.BOTH.,#5823);
#5823 = SURFACE_SIDE_STYLE('',(#5824));
#5824 = SURFACE_STYLE_FILL_AREA(#5825);
#5825 = FILL_AREA_STYLE('',(#5826));
#5826 = FILL_AREA_STYLE_COLOUR('',#5728);
#5827 = STYLED_ITEM('color',(#5828),#2651);
#5828 = PRESENTATION_STYLE_ASSIGNMENT((#5829));
#5829 = SURFACE_STYLE_USAGE(.BOTH.,#5830);
#5830 = SURFACE_SIDE_STYLE('',(#5831));
#5831 = SURFACE_STYLE_FILL_AREA(#5832);
#5832 = FILL_AREA_STYLE('',(#5833));
#5833 = FILL_AREA_STYLE_COLOUR('',#5728);
#5834 = STYLED_ITEM('color',(#5835),#2668);
#5835 = PRESENTATION_STYLE_ASSIGNMENT((#5836));
#5836 = SURFACE_STYLE_USAGE(.BOTH.,#5837);
#5837 = SURFACE_SIDE_STYLE('',(#5838));
#5838 = SURFACE_STYLE_FILL_AREA(#5839);
#5839 = FILL_AREA_STYLE('',(#5840));
#5840 = FILL_AREA_STYLE_COLOUR('',#5728);
#5841 = STYLED_ITEM('color',(#5842),#2699);
#5842 = PRESENTATION_STYLE_ASSIGNMENT((#5843));
#5843 = SURFACE_STYLE_USAGE(.BOTH.,#5844);
#5844 = SURFACE_SIDE_STYLE('',(#5845));
#5845 = SURFACE_STYLE_FILL_AREA(#5846);
#5846 = FILL_AREA_STYLE('',(#5847));
#5847 = FILL_AREA_STYLE_COLOUR('',#5728);
#5848 = STYLED_ITEM('color',(#5849),#2723);
#5849 = PRESENTATION_STYLE_ASSIGNMENT((#5850));
#5850 = SURFACE_STYLE_USAGE(.BOTH.,#5851);
#5851 = SURFACE_SIDE_STYLE('',(#5852));
#5852 = SURFACE_STYLE_FILL_AREA(#5853);
#5853 = FILL_AREA_STYLE('',(#5854));
#5854 = FILL_AREA_STYLE_COLOUR('',#5728);
#5855 = STYLED_ITEM('color',(#5856),#2747);
#5856 = PRESENTATION_STYLE_ASSIGNMENT((#5857));
#5857 = SURFACE_STYLE_USAGE(.BOTH.,#5858);
#5858 = SURFACE_SIDE_STYLE('',(#5859));
#5859 = SURFACE_STYLE_FILL_AREA(#5860);
#5860 = FILL_AREA_STYLE('',(#5861));
#5861 = FILL_AREA_STYLE_COLOUR('',#5728);
#5862 = STYLED_ITEM('color',(#5863),#2764);
#5863 = PRESENTATION_STYLE_ASSIGNMENT((#5864));
#5864 = SURFACE_STYLE_USAGE(.BOTH.,#5865);
#5865 = SURFACE_SIDE_STYLE('',(#5866));
#5866 = SURFACE_STYLE_FILL_AREA(#5867);
#5867 = FILL_AREA_STYLE('',(#5868));
#5868 = FILL_AREA_STYLE_COLOUR('',#5728);
#5869 = STYLED_ITEM('color',(#5870),#2795);
#5870 = PRESENTATION_STYLE_ASSIGNMENT((#5871));
#5871 = SURFACE_STYLE_USAGE(.BOTH.,#5872);
#5872 = SURFACE_SIDE_STYLE('',(#5873));
#5873 = SURFACE_STYLE_FILL_AREA(#5874);
#5874 = FILL_AREA_STYLE('',(#5875));
#5875 = FILL_AREA_STYLE_COLOUR('',#5728);
#5876 = STYLED_ITEM('color',(#5877),#2819);
#5877 = PRESENTATION_STYLE_ASSIGNMENT((#5878));
#5878 = SURFACE_STYLE_USAGE(.BOTH.,#5879);
#5879 = SURFACE_SIDE_STYLE('',(#5880));
#5880 = SURFACE_STYLE_FILL_AREA(#5881);
#5881 = FILL_AREA_STYLE('',(#5882));
#5882 = FILL_AREA_STYLE_COLOUR('',#5728);
#5883 = STYLED_ITEM('color',(#5884),#2843);
#5884 = PRESENTATION_STYLE_ASSIGNMENT((#5885));
#5885 = SURFACE_STYLE_USAGE(.BOTH.,#5886);
#5886 = SURFACE_SIDE_STYLE('',(#5887));
#5887 = SURFACE_STYLE_FILL_AREA(#5888);
#5888 = FILL_AREA_STYLE('',(#5889));
#5889 = FILL_AREA_STYLE_COLOUR('',#5728);
#5890 = STYLED_ITEM('color',(#5891),#2860);
#5891 = PRESENTATION_STYLE_ASSIGNMENT((#5892));
#5892 = SURFACE_STYLE_USAGE(.BOTH.,#5893);
#5893 = SURFACE_SIDE_STYLE('',(#5894));
#5894 = SURFACE_STYLE_FILL_AREA(#5895);
#5895 = FILL_AREA_STYLE('',(#5896));
#5896 = FILL_AREA_STYLE_COLOUR('',#5728);
#5897 = STYLED_ITEM('color',(#5898),#2891);
#5898 = PRESENTATION_STYLE_ASSIGNMENT((#5899));
#5899 = SURFACE_STYLE_USAGE(.BOTH.,#5900);
#5900 = SURFACE_SIDE_STYLE('',(#5901));
#5901 = SURFACE_STYLE_FILL_AREA(#5902);
#5902 = FILL_AREA_STYLE('',(#5903));
#5903 = FILL_AREA_STYLE_COLOUR('',#5728);
#5904 = STYLED_ITEM('color',(#5905),#2915);
#5905 = PRESENTATION_STYLE_ASSIGNMENT((#5906));
#5906 = SURFACE_STYLE_USAGE(.BOTH.,#5907);
#5907 = SURFACE_SIDE_STYLE('',(#5908));
#5908 = SURFACE_STYLE_FILL_AREA(#5909);
#5909 = FILL_AREA_STYLE('',(#5910));
#5910 = FILL_AREA_STYLE_COLOUR('',#5728);
#5911 = STYLED_ITEM('color',(#5912),#2939);
#5912 = PRESENTATION_STYLE_ASSIGNMENT((#5913));
#5913 = SURFACE_STYLE_USAGE(.BOTH.,#5914);
#5914 = SURFACE_SIDE_STYLE('',(#5915));
#5915 = SURFACE_STYLE_FILL_AREA(#5916);
#5916 = FILL_AREA_STYLE('',(#5917));
#5917 = FILL_AREA_STYLE_COLOUR('',#5728);
#5918 = STYLED_ITEM('color',(#5919),#2956);
#5919 = PRESENTATION_STYLE_ASSIGNMENT((#5920));
#5920 = SURFACE_STYLE_USAGE(.BOTH.,#5921);
#5921 = SURFACE_SIDE_STYLE('',(#5922));
#5922 = SURFACE_STYLE_FILL_AREA(#5923);
#5923 = FILL_AREA_STYLE('',(#5924));
#5924 = FILL_AREA_STYLE_COLOUR('',#5728);
#5925 = STYLED_ITEM('color',(#5926),#2987);
#5926 = PRESENTATION_STYLE_ASSIGNMENT((#5927));
#5927 = SURFACE_STYLE_USAGE(.BOTH.,#5928);
#5928 = SURFACE_SIDE_STYLE('',(#5929));
#5929 = SURFACE_STYLE_FILL_AREA(#5930);
#5930 = FILL_AREA_STYLE('',(#5931));
#5931 = FILL_AREA_STYLE_COLOUR('',#5728);
#5932 = STYLED_ITEM('color',(#5933),#3011);
#5933 = PRESENTATION_STYLE_ASSIGNMENT((#5934));
#5934 = SURFACE_STYLE_USAGE(.BOTH.,#5935);
#5935 = SURFACE_SIDE_STYLE('',(#5936));
#5936 = SURFACE_STYLE_FILL_AREA(#5937);
#5937 = FILL_AREA_STYLE('',(#5938));
#5938 = FILL_AREA_STYLE_COLOUR('',#5728);
#5939 = STYLED_ITEM('color',(#5940),#3035);
#5940 = PRESENTATION_STYLE_ASSIGNMENT((#5941));
#5941 = SURFACE_STYLE_USAGE(.BOTH.,#5942);
#5942 = SURFACE_SIDE_STYLE('',(#5943));
#5943 = SURFACE_STYLE_FILL_AREA(#5944);
#5944 = FILL_AREA_STYLE('',(#5945));
#5945 = FILL_AREA_STYLE_COLOUR('',#5728);
#5946 = STYLED_ITEM('color',(#5947),#3052);
#5947 = PRESENTATION_STYLE_ASSIGNMENT((#5948));
#5948 = SURFACE_STYLE_USAGE(.BOTH.,#5949);
#5949 = SURFACE_SIDE_STYLE('',(#5950));
#5950 = SURFACE_STYLE_FILL_AREA(#5951);
#5951 = FILL_AREA_STYLE('',(#5952));
#5952 = FILL_AREA_STYLE_COLOUR('',#5728);
#5953 = STYLED_ITEM('color',(#5954),#3083);
#5954 = PRESENTATION_STYLE_ASSIGNMENT((#5955));
#5955 = SURFACE_STYLE_USAGE(.BOTH.,#5956);
#5956 = SURFACE_SIDE_STYLE('',(#5957));
#5957 = SURFACE_STYLE_FILL_AREA(#5958);
#5958 = FILL_AREA_STYLE('',(#5959));
#5959 = FILL_AREA_STYLE_COLOUR('',#5728);
#5960 = STYLED_ITEM('color',(#5961),#3107);
#5961 = PRESENTATION_STYLE_ASSIGNMENT((#5962));
#5962 = SURFACE_STYLE_USAGE(.BOTH.,#5963);
#5963 = SURFACE_SIDE_STYLE('',(#5964));
#5964 = SURFACE_STYLE_FILL_AREA(#5965);
#5965 = FILL_AREA_STYLE('',(#5966));
#5966 = FILL_AREA_STYLE_COLOUR('',#5728);
#5967 = STYLED_ITEM('color',(#5968),#3131);
#5968 = PRESENTATION_STYLE_ASSIGNMENT((#5969));
#5969 = SURFACE_STYLE_USAGE(.BOTH.,#5970);
#5970 = SURFACE_SIDE_STYLE('',(#5971));
#5971 = SURFACE_STYLE_FILL_AREA(#5972);
#5972 = FILL_AREA_STYLE('',(#5973));
#5973 = FILL_AREA_STYLE_COLOUR('',#5728);
#5974 = STYLED_ITEM('color',(#5975),#3148);
#5975 = PRESENTATION_STYLE_ASSIGNMENT((#5976));
#5976 = SURFACE_STYLE_USAGE(.BOTH.,#5977);
#5977 = SURFACE_SIDE_STYLE('',(#5978));
#5978 = SURFACE_STYLE_FILL_AREA(#5979);
#5979 = FILL_AREA_STYLE('',(#5980));
#5980 = FILL_AREA_STYLE_COLOUR('',#5728);
#5981 = STYLED_ITEM('color',(#5982),#3179);
#5982 = PRESENTATION_STYLE_ASSIGNMENT((#5983));
#5983 = SURFACE_STYLE_USAGE(.BOTH.,#5984);
#5984 = SURFACE_SIDE_STYLE('',(#5985));
#5985 = SURFACE_STYLE_FILL_AREA(#5986);
#5986 = FILL_AREA_STYLE('',(#5987));
#5987 = FILL_AREA_STYLE_COLOUR('',#5728);
#5988 = STYLED_ITEM('color',(#5989),#3203);
#5989 = PRESENTATION_STYLE_ASSIGNMENT((#5990));
#5990 = SURFACE_STYLE_USAGE(.BOTH.,#5991);
#5991 = SURFACE_SIDE_STYLE('',(#5992));
#5992 = SURFACE_STYLE_FILL_AREA(#5993);
#5993 = FILL_AREA_STYLE('',(#5994));
#5994 = FILL_AREA_STYLE_COLOUR('',#5728);
#5995 = STYLED_ITEM('color',(#5996),#3227);
#5996 = PRESENTATION_STYLE_ASSIGNMENT((#5997));
#5997 = SURFACE_STYLE_USAGE(.BOTH.,#5998);
#5998 = SURFACE_SIDE_STYLE('',(#5999));
#5999 = SURFACE_STYLE_FILL_AREA(#6000);
#6000 = FILL_AREA_STYLE('',(#6001));
#6001 = FILL_AREA_STYLE_COLOUR('',#5728);
#6002 = STYLED_ITEM('color',(#6003),#3244);
#6003 = PRESENTATION_STYLE_ASSIGNMENT((#6004));
#6004 = SURFACE_STYLE_USAGE(.BOTH.,#6005);
#6005 = SURFACE_SIDE_STYLE('',(#6006));
#6006 = SURFACE_STYLE_FILL_AREA(#6007);
#6007 = FILL_AREA_STYLE('',(#6008));
#6008 = FILL_AREA_STYLE_COLOUR('',#5728);
#6009 = STYLED_ITEM('color',(#6010),#3275);
#6010 = PRESENTATION_STYLE_ASSIGNMENT((#6011));
#6011 = SURFACE_STYLE_USAGE(.BOTH.,#6012);
#6012 = SURFACE_SIDE_STYLE('',(#6013));
#6013 = SURFACE_STYLE_FILL_AREA(#6014);
#6014 = FILL_AREA_STYLE('',(#6015));
#6015 = FILL_AREA_STYLE_COLOUR('',#5728);
#6016 = STYLED_ITEM('color',(#6017),#3299);
#6017 = PRESENTATION_STYLE_ASSIGNMENT((#6018));
#6018 = SURFACE_STYLE_USAGE(.BOTH.,#6019);
#6019 = SURFACE_SIDE_STYLE('',(#6020));
#6020 = SURFACE_STYLE_FILL_AREA(#6021);
#6021 = FILL_AREA_STYLE('',(#6022));
#6022 = FILL_AREA_STYLE_COLOUR('',#5728);
#6023 = STYLED_ITEM('color',(#6024),#3323);
#6024 = PRESENTATION_STYLE_ASSIGNMENT((#6025));
#6025 = SURFACE_STYLE_USAGE(.BOTH.,#6026);
#6026 = SURFACE_SIDE_STYLE('',(#6027));
#6027 = SURFACE_STYLE_FILL_AREA(#6028);
#6028 = FILL_AREA_STYLE('',(#6029));
#6029 = FILL_AREA_STYLE_COLOUR('',#5728);
#6030 = STYLED_ITEM('color',(#6031),#3340);
#6031 = PRESENTATION_STYLE_ASSIGNMENT((#6032));
#6032 = SURFACE_STYLE_USAGE(.BOTH.,#6033);
#6033 = SURFACE_SIDE_STYLE('',(#6034));
#6034 = SURFACE_STYLE_FILL_AREA(#6035);
#6035 = FILL_AREA_STYLE('',(#6036));
#6036 = FILL_AREA_STYLE_COLOUR('',#5728);
#6037 = STYLED_ITEM('color',(#6038),#3371);
#6038 = PRESENTATION_STYLE_ASSIGNMENT((#6039));
#6039 = SURFACE_STYLE_USAGE(.BOTH.,#6040);
#6040 = SURFACE_SIDE_STYLE('',(#6041));
#6041 = SURFACE_STYLE_FILL_AREA(#6042);
#6042 = FILL_AREA_STYLE('',(#6043));
#6043 = FILL_AREA_STYLE_COLOUR('',#5728);
#6044 = STYLED_ITEM('color',(#6045),#3395);
#6045 = PRESENTATION_STYLE_ASSIGNMENT((#6046));
#6046 = SURFACE_STYLE_USAGE(.BOTH.,#6047);
#6047 = SURFACE_SIDE_STYLE('',(#6048));
#6048 = SURFACE_STYLE_FILL_AREA(#6049);
#6049 = FILL_AREA_STYLE('',(#6050));
#6050 = FILL_AREA_STYLE_COLOUR('',#5728);
#6051 = STYLED_ITEM('color',(#6052),#3419);
#6052 = PRESENTATION_STYLE_ASSIGNMENT((#6053));
#6053 = SURFACE_STYLE_USAGE(.BOTH.,#6054);
#6054 = SURFACE_SIDE_STYLE('',(#6055));
#6055 = SURFACE_STYLE_FILL_AREA(#6056);
#6056 = FILL_AREA_STYLE('',(#6057));
#6057 = FILL_AREA_STYLE_COLOUR('',#5728);
#6058 = STYLED_ITEM('color',(#6059),#3436);
#6059 = PRESENTATION_STYLE_ASSIGNMENT((#6060));
#6060 = SURFACE_STYLE_USAGE(.BOTH.,#6061);
#6061 = SURFACE_SIDE_STYLE('',(#6062));
#6062 = SURFACE_STYLE_FILL_AREA(#6063);
#6063 = FILL_AREA_STYLE('',(#6064));
#6064 = FILL_AREA_STYLE_COLOUR('',#5728);
#6065 = STYLED_ITEM('color',(#6066),#3448);
#6066 = PRESENTATION_STYLE_ASSIGNMENT((#6067));
#6067 = SURFACE_STYLE_USAGE(.BOTH.,#6068);
#6068 = SURFACE_SIDE_STYLE('',(#6069));
#6069 = SURFACE_STYLE_FILL_AREA(#6070);
#6070 = FILL_AREA_STYLE('',(#6071));
#6071 = FILL_AREA_STYLE_COLOUR('',#5728);
#6072 = STYLED_ITEM('color',(#6073),#3460);
#6073 = PRESENTATION_STYLE_ASSIGNMENT((#6074));
#6074 = SURFACE_STYLE_USAGE(.BOTH.,#6075);
#6075 = SURFACE_SIDE_STYLE('',(#6076));
#6076 = SURFACE_STYLE_FILL_AREA(#6077);
#6077 = FILL_AREA_STYLE('',(#6078));
#6078 = FILL_AREA_STYLE_COLOUR('',#5728);
#6079 = STYLED_ITEM('color',(#6080),#3472);
#6080 = PRESENTATION_STYLE_ASSIGNMENT((#6081));
#6081 = SURFACE_STYLE_USAGE(.BOTH.,#6082);
#6082 = SURFACE_SIDE_STYLE('',(#6083));
#6083 = SURFACE_STYLE_FILL_AREA(#6084);
#6084 = FILL_AREA_STYLE('',(#6085));
#6085 = FILL_AREA_STYLE_COLOUR('',#5728);
#6086 = STYLED_ITEM('color',(#6087),#3484);
#6087 = PRESENTATION_STYLE_ASSIGNMENT((#6088));
#6088 = SURFACE_STYLE_USAGE(.BOTH.,#6089);
#6089 = SURFACE_SIDE_STYLE('',(#6090));
#6090 = SURFACE_STYLE_FILL_AREA(#6091);
#6091 = FILL_AREA_STYLE('',(#6092));
#6092 = FILL_AREA_STYLE_COLOUR('',#5728);
#6093 = STYLED_ITEM('color',(#6094),#3496);
#6094 = PRESENTATION_STYLE_ASSIGNMENT((#6095));
#6095 = SURFACE_STYLE_USAGE(.BOTH.,#6096);
#6096 = SURFACE_SIDE_STYLE('',(#6097));
#6097 = SURFACE_STYLE_FILL_AREA(#6098);
#6098 = FILL_AREA_STYLE('',(#6099));
#6099 = FILL_AREA_STYLE_COLOUR('',#5728);
ENDSEC;
END-ISO-10303-21;
